line,file
"""history"",",E:\football_v\check_old_history.py
"""rating""",E:\football_v\check_old_history.py
SELECT name,E:\football_v\check_old_history.py
"print(""\n---- HISTORY RELATED ----"")",E:\football_v\check_old_history.py
"""feature_registry.py"",",E:\football_v\deploy_frozen_v15_completion.py
"""feature_importance.py""",E:\football_v\deploy_frozen_v15_completion.py
"""42_REAL_FEATURE_GENERATOR"":[",E:\football_v\deploy_phase11.py
"""feature_builder.py"",",E:\football_v\deploy_phase11.py
"""feature_runtime.py"",",E:\football_v\deploy_phase11.py
"""feature_registry.json""",E:\football_v\deploy_phase11.py
"""45_FEATURE_PIPELINE_RUNTIME"":[",E:\football_v\deploy_phase12.py
"""feature_runtime.py"",",E:\football_v\deploy_phase12.py
"""feature_builder.py""",E:\football_v\deploy_phase12.py
"""50_FEATURE_VALIDATION_ENGINE"":[",E:\football_v\deploy_phase13.py
"""feature_validator.py"",",E:\football_v\deploy_phase13.py
"""feature_checker.py""",E:\football_v\deploy_phase13.py
"""54_FEATURE_BUILD_ENGINE"":[",E:\football_v\deploy_phase14.py
"""feature_builder.py"",",E:\football_v\deploy_phase14.py
"""feature_pipeline.py""",E:\football_v\deploy_phase14.py
"""64_LIVE_FEATURE_PROCESSOR"":[",E:\football_v\deploy_phase16.py
"""live_feature.py"",",E:\football_v\deploy_phase16.py
"""feature_processor.py""",E:\football_v\deploy_phase16.py
"""70_FEATURE_CALCULATION_ENGINE"":[",E:\football_v\deploy_phase17.py
"""feature_calculator.py"",",E:\football_v\deploy_phase17.py
"""feature_runtime.py""",E:\football_v\deploy_phase17.py
"""69_LIVE_MATCH_FEATURE_ENGINE"",",E:\football_v\deploy_phase18_20.py
"""76_MODEL_FEATURE_INTEGRATION"",",E:\football_v\deploy_phase21_25.py
"""96_MATCH_FEATURE_STORE"",",E:\football_v\deploy_phase26_30.py
"""106_REAL_ODDS_HISTORY_ENGINE"",",E:\football_v\deploy_phase36_40.py
"""109_VALUE_BET_SELECTION_ENGINE"",",E:\football_v\deploy_phase36_40.py
sys.path.insert(,E:\football_v\deploy_v15_phase2_patch3.py
"""02_FEATURE_LAYER"",",E:\football_v\final_acceptance_test.py
"""45_FEATURE_PIPELINE_RUNTIME"",",E:\football_v\phase12_test.py
"""50_FEATURE_VALIDATION_ENGINE"",",E:\football_v\phase13_test.py
"""54_FEATURE_BUILD_ENGINE"",",E:\football_v\phase14_test.py
"""64_LIVE_FEATURE_PROCESSOR"",",E:\football_v\phase16_test.py
"""70_FEATURE_CALCULATION_ENGINE"",",E:\football_v\phase17_test.py
"""76_MODEL_FEATURE_INTEGRATION"",",E:\football_v\phase21_25_test.py
"""96_MATCH_FEATURE_STORE"",",E:\football_v\phase26_30_test.py
"""111_ADVANCED_FEATURE_ENGINE"",",E:\football_v\phase36_40_deploy.py
"""111_ADVANCED_FEATURE_ENGINE"",",E:\football_v\phase36_40_deploy_test.py
"""106_REAL_ODDS_HISTORY_ENGINE"",",E:\football_v\phase36_40_test.py
"""109_VALUE_BET_SELECTION_ENGINE"",",E:\football_v\phase36_40_test.py
"""117_FEATURE_AUTO_GENERATOR"",",E:\football_v\phase41_45_deploy_test.py
"""FEATURE_PIPELINE_RUNTIME"",",E:\football_v\phase51_55_final_validation.py
"""76_MODEL_FEATURE_INTEGRATION"",",E:\football_v\phase51_validation.py
"""76_MODEL_FEATURE_INTEGRATION"",",E:\football_v\phase52_backtest.py
"sys.path.insert(0, path)",E:\football_v\.venv\Lib\site-packages\pip\__main__.py
"# From here on, we can use Python 3 features, but the syntax must remain",E:\football_v\.venv\Lib\site-packages\pip\__pip-runner__.py
"sys.meta_path.insert(0, PipImportRedirectingFinder())",E:\football_v\.venv\Lib\site-packages\pip\__pip-runner__.py
# environments are not provided any mechanism to select specific extras.,E:\football_v\.venv\Lib\site-packages\pip\_internal\build_env.py
We only insert things into the cache if they have plausible version,E:\football_v\.venv\Lib\site-packages\pip\_internal\cache.py
"message=""Encountered error while generating package metadata."",",E:\football_v\.venv\Lib\site-packages\pip\_internal\exceptions.py
from pip._internal.models.selection_prefs import SelectionPreferences,E:\football_v\.venv\Lib\site-packages\pip\_internal\self_outdated_check.py
selection_prefs = SelectionPreferences(,E:\football_v\.venv\Lib\site-packages\pip\_internal\self_outdated_check.py
"selection_prefs=selection_prefs,",E:\football_v\.venv\Lib\site-packages\pip\_internal\self_outdated_check.py
always_enabled_features = set(options.features_enabled) & set(,E:\football_v\.venv\Lib\site-packages\pip\_internal\cli\base_command.py
cmdoptions.ALWAYS_ENABLED_FEATURES,E:\football_v\.venv\Lib\site-packages\pip\_internal\cli\base_command.py
if always_enabled_features:,E:\football_v\.venv\Lib\site-packages\pip\_internal\cli\base_command.py
"""The following features are always enabled: %s. "",",E:\football_v\.venv\Lib\site-packages\pip\_internal\cli\base_command.py
""", "".join(sorted(always_enabled_features)),",E:\football_v\.venv\Lib\site-packages\pip\_internal\cli\base_command.py
# Features that are now always on. A warning is printed if they are used.,E:\football_v\.venv\Lib\site-packages\pip\_internal\cli\cmdoptions.py
ALWAYS_ENABLED_FEATURES = [,E:\football_v\.venv\Lib\site-packages\pip\_internal\cli\cmdoptions.py
"use_new_feature: Callable[..., Option] = partial(",E:\football_v\.venv\Lib\site-packages\pip\_internal\cli\cmdoptions.py
"""--use-feature"",",E:\football_v\.venv\Lib\site-packages\pip\_internal\cli\cmdoptions.py
"dest=""features_enabled"",",E:\football_v\.venv\Lib\site-packages\pip\_internal\cli\cmdoptions.py
"metavar=""feature"",",E:\football_v\.venv\Lib\site-packages\pip\_internal\cli\cmdoptions.py
"+ ALWAYS_ENABLED_FEATURES,",E:\football_v\.venv\Lib\site-packages\pip\_internal\cli\cmdoptions.py
"use_deprecated_feature: Callable[..., Option] = partial(",E:\football_v\.venv\Lib\site-packages\pip\_internal\cli\cmdoptions.py
"dest=""deprecated_features_enabled"",",E:\football_v\.venv\Lib\site-packages\pip\_internal\cli\cmdoptions.py
"metavar=""feature"",",E:\football_v\.venv\Lib\site-packages\pip\_internal\cli\cmdoptions.py
"use_new_feature,",E:\football_v\.venv\Lib\site-packages\pip\_internal\cli\cmdoptions.py
"use_deprecated_feature,",E:\football_v\.venv\Lib\site-packages\pip\_internal\cli\cmdoptions.py
"if ""legacy-certs"" not in options.deprecated_features_enabled:",E:\football_v\.venv\Lib\site-packages\pip\_internal\cli\index_command.py
"opts.insert(1, optsep)",E:\football_v\.venv\Lib\site-packages\pip\_internal\cli\parser.py
def insert_option_group(,E:\football_v\.venv\Lib\site-packages\pip\_internal\cli\parser.py
"""""""Insert an OptionGroup at a given position.""""""",E:\football_v\.venv\Lib\site-packages\pip\_internal\cli\parser.py
"self.option_groups.insert(idx, group)",E:\football_v\.venv\Lib\site-packages\pip\_internal\cli\parser.py
from pip._internal.models.selection_prefs import SelectionPreferences,E:\football_v\.venv\Lib\site-packages\pip\_internal\cli\req_command.py
"if ""legacy-resolver"" in options.deprecated_features_enabled:",E:\football_v\.venv\Lib\site-packages\pip\_internal\cli\req_command.py
"lazy_wheel = ""fast-deps"" in options.features_enabled",E:\football_v\.venv\Lib\site-packages\pip\_internal\cli\req_command.py
"""This experimental feature is enabled through """,E:\football_v\.venv\Lib\site-packages\pip\_internal\cli\req_command.py
"""--use-feature=fast-deps and it is not ready for """,E:\football_v\.venv\Lib\site-packages\pip\_internal\cli\req_command.py
"if ""fast-deps"" in options.features_enabled:",E:\football_v\.venv\Lib\site-packages\pip\_internal\cli\req_command.py
selection_prefs = SelectionPreferences(,E:\football_v\.venv\Lib\site-packages\pip\_internal\cli\req_command.py
"selection_prefs=selection_prefs,",E:\football_v\.venv\Lib\site-packages\pip\_internal\cli\req_command.py
"help=""Select the output format among: human (default) or abspath"",",E:\football_v\.venv\Lib\site-packages\pip\_internal\commands\cache.py
"self.parser.insert_option_group(0, self.cmd_opts)",E:\football_v\.venv\Lib\site-packages\pip\_internal\commands\cache.py
"self.parser.insert_option_group(0, self.cmd_opts)",E:\football_v\.venv\Lib\site-packages\pip\_internal\commands\completion.py
"self.parser.insert_option_group(0, self.cmd_opts)",E:\football_v\.venv\Lib\site-packages\pip\_internal\commands\configuration.py
"self.parser.insert_option_group(0, self.cmd_opts)",E:\football_v\.venv\Lib\site-packages\pip\_internal\commands\debug.py
"self.parser.insert_option_group(0, index_opts)",E:\football_v\.venv\Lib\site-packages\pip\_internal\commands\download.py
"self.parser.insert_option_group(0, self.cmd_opts)",E:\football_v\.venv\Lib\site-packages\pip\_internal\commands\download.py
"""comments when generating output. This option can be """,E:\football_v\.venv\Lib\site-packages\pip\_internal\commands\freeze.py
"self.parser.insert_option_group(0, self.cmd_opts)",E:\football_v\.venv\Lib\site-packages\pip\_internal\commands\freeze.py
"self.parser.insert_option_group(0, self.cmd_opts)",E:\football_v\.venv\Lib\site-packages\pip\_internal\commands\hash.py
from pip._internal.models.selection_prefs import SelectionPreferences,E:\football_v\.venv\Lib\site-packages\pip\_internal\commands\index.py
"self.parser.insert_option_group(0, index_opts)",E:\football_v\.venv\Lib\site-packages\pip\_internal\commands\index.py
"self.parser.insert_option_group(0, self.cmd_opts)",E:\football_v\.venv\Lib\site-packages\pip\_internal\commands\index.py
selection_prefs = SelectionPreferences(,E:\football_v\.venv\Lib\site-packages\pip\_internal\commands\index.py
"selection_prefs=selection_prefs,",E:\football_v\.venv\Lib\site-packages\pip\_internal\commands\index.py
"self.parser.insert_option_group(0, self.cmd_opts)",E:\football_v\.venv\Lib\site-packages\pip\_internal\commands\inspect.py
"self.parser.insert_option_group(0, index_opts)",E:\football_v\.venv\Lib\site-packages\pip\_internal\commands\install.py
"self.parser.insert_option_group(0, self.cmd_opts)",E:\football_v\.venv\Lib\site-packages\pip\_internal\commands\install.py
"""conflicts when selecting packages. This behaviour is the """,E:\football_v\.venv\Lib\site-packages\pip\_internal\commands\install.py
from pip._internal.models.selection_prefs import SelectionPreferences,E:\football_v\.venv\Lib\site-packages\pip\_internal\commands\list.py
"""Select the output format among: columns (default), freeze, or json. """,E:\football_v\.venv\Lib\site-packages\pip\_internal\commands\list.py
"self.parser.insert_option_group(0, index_opts)",E:\football_v\.venv\Lib\site-packages\pip\_internal\commands\list.py
"self.parser.insert_option_group(0, self.cmd_opts)",E:\football_v\.venv\Lib\site-packages\pip\_internal\commands\list.py
selection_prefs = SelectionPreferences(,E:\football_v\.venv\Lib\site-packages\pip\_internal\commands\list.py
"selection_prefs=selection_prefs,",E:\football_v\.venv\Lib\site-packages\pip\_internal\commands\list.py
# insert the header first: we need to know the size of column names,E:\football_v\.venv\Lib\site-packages\pip\_internal\commands\list.py
"data.insert(0, header)",E:\football_v\.venv\Lib\site-packages\pip\_internal\commands\list.py
"pkg_strings.insert(1, "" "".join(""-"" * x for x in sizes))",E:\football_v\.venv\Lib\site-packages\pip\_internal\commands\list.py
"self.parser.insert_option_group(0, self.cmd_opts)",E:\football_v\.venv\Lib\site-packages\pip\_internal\commands\search.py
"self.parser.insert_option_group(0, self.cmd_opts)",E:\football_v\.venv\Lib\site-packages\pip\_internal\commands\show.py
"self.parser.insert_option_group(0, self.cmd_opts)",E:\football_v\.venv\Lib\site-packages\pip\_internal\commands\uninstall.py
"self.parser.insert_option_group(0, index_opts)",E:\football_v\.venv\Lib\site-packages\pip\_internal\commands\wheel.py
"self.parser.insert_option_group(0, self.cmd_opts)",E:\football_v\.venv\Lib\site-packages\pip\_internal\commands\wheel.py
# needlessly. Doing it here also works around setuptools generating,E:\football_v\.venv\Lib\site-packages\pip\_internal\distributions\sdist.py
from pip._internal.models.selection_prefs import SelectionPreferences,E:\football_v\.venv\Lib\site-packages\pip\_internal\index\package_finder.py
the selection of source packages / binary packages when consulting,E:\football_v\.venv\Lib\site-packages\pip\_internal\index\package_finder.py
"selection_prefs: SelectionPreferences,",E:\football_v\.venv\Lib\site-packages\pip\_internal\index\package_finder.py
":param selection_prefs: The candidate selection preferences, as a",E:\football_v\.venv\Lib\site-packages\pip\_internal\index\package_finder.py
SelectionPreferences object.,E:\football_v\.venv\Lib\site-packages\pip\_internal\index\package_finder.py
"prefer_binary=selection_prefs.prefer_binary,",E:\football_v\.venv\Lib\site-packages\pip\_internal\index\package_finder.py
"allow_all_prereleases=selection_prefs.allow_all_prereleases,",E:\football_v\.venv\Lib\site-packages\pip\_internal\index\package_finder.py
"allow_yanked=selection_prefs.allow_yanked,",E:\football_v\.venv\Lib\site-packages\pip\_internal\index\package_finder.py
"format_control=selection_prefs.format_control,",E:\football_v\.venv\Lib\site-packages\pip\_internal\index\package_finder.py
"ignore_requires_python=selection_prefs.ignore_requires_python,",E:\football_v\.venv\Lib\site-packages\pip\_internal\index\package_finder.py
"# name, this is the one separating the name and version parts.",E:\football_v\.venv\Lib\site-packages\pip\_internal\index\package_finder.py
# CPython decide whether this is a bug or feature. See bpo-43948.,E:\football_v\.venv\Lib\site-packages\pip\_internal\locations\__init__.py
"This is used to implement PEP 658 by generating a ""shallow"" dist object that can",E:\football_v\.venv\Lib\site-packages\pip\_internal\metadata\base.py
"""select_backend"",",E:\football_v\.venv\Lib\site-packages\pip\_internal\metadata\__init__.py
def select_backend() -> Backend:,E:\football_v\.venv\Lib\site-packages\pip\_internal\metadata\__init__.py
return select_backend().Environment.default(),E:\football_v\.venv\Lib\site-packages\pip\_internal\metadata\__init__.py
return select_backend().Environment.from_paths(paths),E:\football_v\.venv\Lib\site-packages\pip\_internal\metadata\__init__.py
return select_backend().Distribution.from_directory(directory),E:\football_v\.venv\Lib\site-packages\pip\_internal\metadata\__init__.py
"return select_backend().Distribution.from_wheel(wheel, canonical_name)",E:\football_v\.venv\Lib\site-packages\pip\_internal\metadata\__init__.py
return select_backend().Distribution.from_metadata_file_contents(,E:\football_v\.venv\Lib\site-packages\pip\_internal\metadata\__init__.py
# Only allow iterating through the metadata directory.,E:\football_v\.venv\Lib\site-packages\pip\_internal\metadata\importlib\_dists.py
"installations as well. It's useful feature, after all.",E:\football_v\.venv\Lib\site-packages\pip\_internal\metadata\importlib\_envs.py
# was still selected by pip to conform to PEP 592.,E:\football_v\.venv\Lib\site-packages\pip\_internal\models\installation_report.py
class SelectionPreferences:,E:\football_v\.venv\Lib\site-packages\pip\_internal\models\selection_prefs.py
Encapsulates the candidate selection preferences for downloading,E:\football_v\.venv\Lib\site-packages\pip\_internal\models\selection_prefs.py
"""""""Create a SelectionPreferences object.",E:\football_v\.venv\Lib\site-packages\pip\_internal\models\selection_prefs.py
the selection of source packages / binary packages when consulting,E:\football_v\.venv\Lib\site-packages\pip\_internal\models\selection_prefs.py
new_resp.history.append(resp),E:\football_v\.venv\Lib\site-packages\pip\_internal\network\auth.py
& 0o666  # select read/write permissions of cache directory,E:\football_v\.venv\Lib\site-packages\pip\_internal\network\cache.py
"""--use-feature"",",E:\football_v\.venv\Lib\site-packages\pip\_internal\operations\freeze.py
# --use-feature=fast-deps must be provided.,E:\football_v\.venv\Lib\site-packages\pip\_internal\operations\prepare.py
"), f""regex group selection for requirement {req} failed, this should never happen""",E:\football_v\.venv\Lib\site-packages\pip\_internal\req\constructors.py
"cmdoptions.use_new_feature,",E:\football_v\.venv\Lib\site-packages\pip\_internal\req\req_file.py
if opts.features_enabled:,E:\football_v\.venv\Lib\site-packages\pip\_internal\req\req_file.py
options.features_enabled.extend(,E:\football_v\.venv\Lib\site-packages\pip\_internal\req\req_file.py
f for f in opts.features_enabled if f not in options.features_enabled,E:\football_v\.venv\Lib\site-packages\pip\_internal\req\req_file.py
"return ""build_editable"" in self.pep517_backend._supported_features()",E:\football_v\.venv\Lib\site-packages\pip\_internal\req\req_install.py
"""""""Set requirement after generating metadata.""""""",E:\football_v\.venv\Lib\site-packages\pip\_internal\req\req_install.py
"""Generating metadata for package %s """,E:\football_v\.venv\Lib\site-packages\pip\_internal\req\req_install.py
"""The candidate selected for download or install is a """,E:\football_v\.venv\Lib\site-packages\pip\_internal\resolution\legacy\resolver.py
def _iter_built_with_inserted(,E:\football_v\.venv\Lib\site-packages\pip\_internal\resolution\resolvelib\found_candidates.py
"The implementation iterates through and yields other candidates, inserting",E:\football_v\.venv\Lib\site-packages\pip\_internal\resolution\resolvelib\found_candidates.py
"iterator = _iter_built_with_inserted(self._installed, infos)",E:\football_v\.venv\Lib\site-packages\pip\_internal\resolution\resolvelib\found_candidates.py
"""The candidate selected for download or install is a """,E:\football_v\.venv\Lib\site-packages\pip\_internal\resolution\resolvelib\resolver.py
"feature_flag: Optional[str] = None,",E:\football_v\.venv\Lib\site-packages\pip\_internal\utils\deprecation.py
feature_flag:,E:\football_v\.venv\Lib\site-packages\pip\_internal\utils\deprecation.py
Command-line flag of the form --use-feature={feature_flag} for testing,E:\football_v\.venv\Lib\site-packages\pip\_internal\utils\deprecation.py
# Determine whether or not the feature is already gone in this version.,E:\football_v\.venv\Lib\site-packages\pip\_internal\utils\deprecation.py
"feature_flag,",E:\football_v\.venv\Lib\site-packages\pip\_internal\utils\deprecation.py
"""You can use the flag --use-feature={} to test the upcoming behaviour.""",E:\football_v\.venv\Lib\site-packages\pip\_internal\utils\deprecation.py
# Python's tarfile module (see below). The features were backported to,E:\football_v\.venv\Lib\site-packages\pip\_internal\utils\unpacking.py
"query(""SELECT * FROM table"")  # ok",E:\football_v\.venv\Lib\site-packages\pip\_vendor\typing_extensions.py
"query(f""SELECT * FROM {input()}"")  # not ok",E:\football_v\.venv\Lib\site-packages\pip\_vendor\typing_extensions.py
"# If we're operating in a debundled setup, then we want to go ahead and trigger",E:\football_v\.venv\Lib\site-packages\pip\_vendor\__init__.py
"path.insert(0, os.curdir)",E:\football_v\.venv\Lib\site-packages\pip\_vendor\distlib\compat.py
def decorating_function(user_function):,E:\football_v\.venv\Lib\site-packages\pip\_vendor\distlib\compat.py
return decorating_function,E:\football_v\.venv\Lib\site-packages\pip\_vendor\distlib\compat.py
'Dictionary that remembers insertion order',E:\football_v\.venv\Lib\site-packages\pip\_vendor\distlib\compat.py
because their insertion order is arbitrary.,E:\football_v\.venv\Lib\site-packages\pip\_vendor\distlib\compat.py
separating the name from the version number.,E:\football_v\.venv\Lib\site-packages\pip\_vendor\distlib\database.py
self.extras = None  # additional features requested,E:\football_v\.venv\Lib\site-packages\pip\_vendor\distlib\database.py
"this distribution, and takes into account any paths selected by the",E:\football_v\.venv\Lib\site-packages\pip\_vendor\distlib\database.py
# sectioned files have bare newlines (separating sections),E:\football_v\.venv\Lib\site-packages\pip\_vendor\distlib\database.py
"words.insert(0, 'include')",E:\football_v\.venv\Lib\site-packages\pip\_vendor\distlib\manifest.py
"""""""Select strings (presumably filenames) from 'self.files' that",E:\football_v\.venv\Lib\site-packages\pip\_vendor\distlib\manifest.py
Selected strings will be added to self.files.,E:\football_v\.venv\Lib\site-packages\pip\_vendor\distlib\manifest.py
#   - 2.1 adds more features,E:\football_v\.venv\Lib\site-packages\pip\_vendor\distlib\metadata.py
"run_requires.insert(0, always)",E:\football_v\.venv\Lib\site-packages\pip\_vendor\distlib\metadata.py
"parts.insert(0, self.base)",E:\football_v\.venv\Lib\site-packages\pip\_vendor\distlib\resources.py
"sys.path.insert(0, pathname)",E:\football_v\.venv\Lib\site-packages\pip\_vendor\distlib\wheel.py
"abis.insert(0, ABI)",E:\football_v\.venv\Lib\site-packages\pip\_vendor\distlib\wheel.py
"versions.insert(0, self.oslevel_info())",E:\football_v\.venv\Lib\site-packages\pip\_vendor\distro\distro.py
The value of :py:data:`os.name`. The name of the operating system dependent module,E:\football_v\.venv\Lib\site-packages\pip\_vendor\packaging\markers.py
# Insert our padding,E:\football_v\.venv\Lib\site-packages\pip\_vendor\packaging\specifiers.py
"left_split.insert(1, [""0""] * max(0, len(right_split[0]) - len(left_split[0])))",E:\football_v\.venv\Lib\site-packages\pip\_vendor\packaging\specifiers.py
"right_split.insert(1, [""0""] * max(0, len(left_split[0]) - len(right_split[0])))",E:\football_v\.venv\Lib\site-packages\pip\_vendor\packaging\specifiers.py
"abis.insert(0, f""cp{version}{threading}{debug}{pymalloc}{ucs4}"")",E:\football_v\.venv\Lib\site-packages\pip\_vendor\packaging\tags.py
# 12.0. 12.0 is the first iOS version that is known to have enough features,E:\football_v\.venv\Lib\site-packages\pip\_vendor\packaging\tags.py
"""""""Distribution doesn't have an ""extra feature"" of the given name""""""",E:\football_v\.venv\Lib\site-packages\pip\_vendor\pkg_resources\__init__.py
"insert: bool = True,",E:\football_v\.venv\Lib\site-packages\pip\_vendor\pkg_resources\__init__.py
if insert:,E:\football_v\.venv\Lib\site-packages\pip\_vendor\pkg_resources\__init__.py
"dist.insert_on(self.entries, entry, replace=replace)",E:\football_v\.venv\Lib\site-packages\pip\_vendor\pkg_resources\__init__.py
"""%s has no such extra feature %r"" % (self, ext)",E:\football_v\.venv\Lib\site-packages\pip\_vendor\pkg_resources\__init__.py
"self.insert_on(path, replace=replace)",E:\football_v\.venv\Lib\site-packages\pip\_vendor\pkg_resources\__init__.py
# FIXME: 'Distribution.insert_on' is too complex (13),E:\football_v\.venv\Lib\site-packages\pip\_vendor\pkg_resources\__init__.py
def insert_on(  # noqa: C901,E:\football_v\.venv\Lib\site-packages\pip\_vendor\pkg_resources\__init__.py
insert just ahead of the parent.,E:\football_v\.venv\Lib\site-packages\pip\_vendor\pkg_resources\__init__.py
"insert just ahead of the parent,",E:\football_v\.venv\Lib\site-packages\pip\_vendor\pkg_resources\__init__.py
"path.insert(p, loc)",E:\football_v\.venv\Lib\site-packages\pip\_vendor\pkg_resources\__init__.py
"npath.insert(p, nloc)",E:\football_v\.venv\Lib\site-packages\pip\_vendor\pkg_resources\__init__.py
"path.insert(0, loc)",E:\football_v\.venv\Lib\site-packages\pip\_vendor\pkg_resources\__init__.py
# p is the spot where we found or inserted loc; now remove duplicates,E:\football_v\.venv\Lib\site-packages\pip\_vendor\pkg_resources\__init__.py
Platform directories for the macOS operating system.,E:\football_v\.venv\Lib\site-packages\pip\_vendor\platformdirs\macos.py
# select lexer,E:\football_v\.venv\Lib\site-packages\pip\_vendor\pygments\cmdline.py
"print('Error: when using -s a lexer has to be selected with -l',",E:\football_v\.venv\Lib\site-packages\pip\_vendor\pygments\cmdline.py
# select formatter,E:\football_v\.venv\Lib\site-packages\pip\_vendor\pygments\cmdline.py
# determine output encoding if not explicitly selected,E:\football_v\.venv\Lib\site-packages\pip\_vendor\pygments\cmdline.py
Formatters should have attributes to help selecting them. These,E:\football_v\.venv\Lib\site-packages\pip\_vendor\pygments\formatter.py
"will not be selected as the most probable one, if it returns",E:\football_v\.venv\Lib\site-packages\pip\_vendor\pygments\lexer.py
"``1.0``, it will be selected immediately.  This is used by",E:\football_v\.venv\Lib\site-packages\pip\_vendor\pygments\lexer.py
insertions = [],E:\football_v\.venv\Lib\site-packages\pip\_vendor\pygments\lexer.py
"insertions.append((len(buffered), lng_buffer))",E:\football_v\.venv\Lib\site-packages\pip\_vendor\pygments\lexer.py
"insertions.append((len(buffered), lng_buffer))",E:\football_v\.venv\Lib\site-packages\pip\_vendor\pygments\lexer.py
"return do_insertions(insertions,",E:\football_v\.venv\Lib\site-packages\pip\_vendor\pygments\lexer.py
"def do_insertions(insertions, tokens):",E:\football_v\.venv\Lib\site-packages\pip\_vendor\pygments\lexer.py
"``insertions`` is a list of ``(index, itokens)`` pairs.",E:\football_v\.venv\Lib\site-packages\pip\_vendor\pygments\lexer.py
Each ``itokens`` iterable should be inserted at position,E:\football_v\.venv\Lib\site-packages\pip\_vendor\pygments\lexer.py
insertions = iter(insertions),E:\football_v\.venv\Lib\site-packages\pip\_vendor\pygments\lexer.py
"index, itokens = next(insertions)",E:\football_v\.venv\Lib\site-packages\pip\_vendor\pygments\lexer.py
# no insertions,E:\football_v\.venv\Lib\site-packages\pip\_vendor\pygments\lexer.py
# iterate over the token stream where we want to insert,E:\football_v\.venv\Lib\site-packages\pip\_vendor\pygments\lexer.py
# the tokens from the insertion list.,E:\football_v\.venv\Lib\site-packages\pip\_vendor\pygments\lexer.py
"index, itokens = next(insertions)",E:\football_v\.venv\Lib\site-packages\pip\_vendor\pygments\lexer.py
"index, itokens = next(insertions)",E:\football_v\.venv\Lib\site-packages\pip\_vendor\pygments\lexer.py
"if hasattr(groups, 'select'):",E:\football_v\.venv\Lib\site-packages\pip\_vendor\pygments\plugin.py
return groups.select(group=group_name),E:\football_v\.venv\Lib\site-packages\pip\_vendor\pygments\plugin.py
"#: user-friendly style name (used when selecting the style, so this",E:\football_v\.venv\Lib\site-packages\pip\_vendor\pygments\style.py
"Generic.Inserted:              'gi',",E:\football_v\.venv\Lib\site-packages\pip\_vendor\pygments\token.py
`python-ctags` module from PyPI must be installed to use this feature;,E:\football_v\.venv\Lib\site-packages\pip\_vendor\pygments\formatters\html.py
argument `arg` can be used to specify additional CSS selectors that,E:\football_v\.venv\Lib\site-packages\pip\_vendor\pygments\formatters\html.py
"If you set this option, the default selector for `get_style_defs()`",E:\football_v\.venv\Lib\site-packages\pip\_vendor\pygments\formatters\html.py
"If you select the ``'table'`` line numbers, the wrapping table will",E:\football_v\.venv\Lib\site-packages\pip\_vendor\pygments\formatters\html.py
"'to be able to use the ""tagsfile"" feature.')",E:\football_v\.venv\Lib\site-packages\pip\_vendor\pygments\formatters\html.py
highlighting style. ``arg`` can be a string or list of selectors to,E:\football_v\.venv\Lib\site-packages\pip\_vendor\pygments\formatters\html.py
insert before the token type classes.,E:\football_v\.venv\Lib\site-packages\pip\_vendor\pygments\formatters\html.py
lines.insert(,E:\football_v\.venv\Lib\site-packages\pip\_vendor\pygments\formatters\html.py
lines.insert(,E:\football_v\.venv\Lib\site-packages\pip\_vendor\pygments\formatters\html.py
Default: highlight color of the selected style,E:\football_v\.venv\Lib\site-packages\pip\_vendor\pygments\formatters\img.py
"Generic.Inserted:   ('green',  'brightgreen'),",E:\football_v\.venv\Lib\site-packages\pip\_vendor\pygments\formatters\irc.py
"from pip._vendor.pygments.lexer import Lexer, do_insertions",E:\football_v\.venv\Lib\site-packages\pip\_vendor\pygments\formatters\latex.py
# \PY and selectable by the commandprefix option (and in addition the,E:\football_v\.venv\Lib\site-packages\pip\_vendor\pygments\formatters\latex.py
insertions = [],E:\football_v\.venv\Lib\site-packages\pip\_vendor\pygments\formatters\latex.py
insertion_buf = [],E:\football_v\.venv\Lib\site-packages\pip\_vendor\pygments\formatters\latex.py
if insertion_buf:,E:\football_v\.venv\Lib\site-packages\pip\_vendor\pygments\formatters\latex.py
"insertions.append((len(buffered), insertion_buf))",E:\football_v\.venv\Lib\site-packages\pip\_vendor\pygments\formatters\latex.py
insertion_buf = [],E:\football_v\.venv\Lib\site-packages\pip\_vendor\pygments\formatters\latex.py
"insertion_buf.append((i, t, v))",E:\football_v\.venv\Lib\site-packages\pip\_vendor\pygments\formatters\latex.py
if insertion_buf:,E:\football_v\.venv\Lib\site-packages\pip\_vendor\pygments\formatters\latex.py
"insertions.append((len(buffered), insertion_buf))",E:\football_v\.venv\Lib\site-packages\pip\_vendor\pygments\formatters\latex.py
"return do_insertions(insertions,",E:\football_v\.venv\Lib\site-packages\pip\_vendor\pygments\formatters\latex.py
"Generic.Inserted:   ('green',  'brightgreen'),",E:\football_v\.venv\Lib\site-packages\pip\_vendor\pygments\formatters\terminal.py
self._setup_styles()  # convert selected style's colors to term. colors,E:\football_v\.venv\Lib\site-packages\pip\_vendor\pygments\formatters\terminal256.py
"'inner', 'insert', 'int_asbuffer', 'interp', 'intersect1d',",E:\football_v\.venv\Lib\site-packages\pip\_vendor\pygments\lexers\python.py
"'sample', 'savetxt', 'sctype2char', 'searchsorted', 'seed', 'select',",E:\football_v\.venv\Lib\site-packages\pip\_vendor\pygments\lexers\python.py
"'BddLexer': ('pip._vendor.pygments.lexers.bdd', 'Bdd', ('bdd',), ('*.feature',), ('text/x-bdd',)),",E:\football_v\.venv\Lib\site-packages\pip\_vendor\pygments\lexers\_mapping.py
"'GherkinLexer': ('pip._vendor.pygments.lexers.testing', 'Gherkin', ('gherkin', 'cucumber'), ('*.feature',), ('text/x-gherkin',)),",E:\football_v\.venv\Lib\site-packages\pip\_vendor\pygments\lexers\_mapping.py
"'SLexer': ('pip._vendor.pygments.lexers.r', 'S', ('splus', 's', 'r'), ('*.S', '*.R', '.Rhistory', '.Rprofile', '.Renviron'), ('text/S-plus', 'text/S', 'text/x-r-source', 'text/x-r', 'text/x-R', 'text/x-r-history', 'text/x-r-profile')),",E:\football_v\.venv\Lib\site-packages\pip\_vendor\pygments\lexers\_mapping.py
def get_rating(info):,E:\football_v\.venv\Lib\site-packages\pip\_vendor\pygments\lexers\__init__.py
matches.sort(key=get_rating),E:\football_v\.venv\Lib\site-packages\pip\_vendor\pygments\lexers\__init__.py
def _supported_features(self) -> Sequence[str]:,E:\football_v\.venv\Lib\site-packages\pip\_vendor\pyproject_hooks\_impl.py
"""""""Return the list of optional features supported by the backend.""""""",E:\football_v\.venv\Lib\site-packages\pip\_vendor\pyproject_hooks\_impl.py
"return self._call_hook(""_supported_features"", {})",E:\football_v\.venv\Lib\site-packages\pip\_vendor\pyproject_hooks\_impl.py
"sys.meta_path.insert(0, _BackendPathFinder(extra_pathitems, mod_path))",E:\football_v\.venv\Lib\site-packages\pip\_vendor\pyproject_hooks\_in_process\_in_process.py
def _supported_features():,E:\football_v\.venv\Lib\site-packages\pip\_vendor\pyproject_hooks\_in_process\_in_process.py
"""""""Return the list of options features supported by the backend.",E:\football_v\.venv\Lib\site-packages\pip\_vendor\pyproject_hooks\_in_process\_in_process.py
features = [],E:\football_v\.venv\Lib\site-packages\pip\_vendor\pyproject_hooks\_in_process\_in_process.py
"features.append(""build_editable"")",E:\football_v\.venv\Lib\site-packages\pip\_vendor\pyproject_hooks\_in_process\_in_process.py
return features,E:\football_v\.venv\Lib\site-packages\pip\_vendor\pyproject_hooks\_in_process\_in_process.py
"""_supported_features"",",E:\football_v\.venv\Lib\site-packages\pip\_vendor\pyproject_hooks\_in_process\_in_process.py
"select_proxy,",E:\football_v\.venv\Lib\site-packages\pip\_vendor\requests\adapters.py
to use to select a connection from a given urllib3 Connection Pool.,E:\football_v\.venv\Lib\site-packages\pip\_vendor\requests\adapters.py
"proxy = select_proxy(request.url, proxies)",E:\football_v\.venv\Lib\site-packages\pip\_vendor\requests\adapters.py
"proxy = select_proxy(url, proxies)",E:\football_v\.venv\Lib\site-packages\pip\_vendor\requests\adapters.py
"proxy = select_proxy(request.url, proxies)",E:\football_v\.venv\Lib\site-packages\pip\_vendor\requests\adapters.py
_r.history.append(r),E:\football_v\.venv\Lib\site-packages\pip\_vendor\requests\auth.py
:param cookie_dict: Dict of key/values to insert into CookieJar.,E:\football_v\.venv\Lib\site-packages\pip\_vendor\requests\cookies.py
"# method. To prevent iterating over None, simply use an empty list",E:\football_v\.venv\Lib\site-packages\pip\_vendor\requests\models.py
"""history"",",E:\football_v\.venv\Lib\site-packages\pip\_vendor\requests\models.py
#: the history of the Request. Any redirect responses will end,E:\football_v\.venv\Lib\site-packages\pip\_vendor\requests\models.py
self.history = [],E:\football_v\.venv\Lib\site-packages\pip\_vendor\requests\models.py
hist = []  # keep track of history,E:\football_v\.venv\Lib\site-packages\pip\_vendor\requests\sessions.py
# Update history and keep track of redirects.,E:\football_v\.venv\Lib\site-packages\pip\_vendor\requests\sessions.py
# resp.history must ignore the original request in this loop,E:\football_v\.venv\Lib\site-packages\pip\_vendor\requests\sessions.py
resp.history = hist[1:],E:\football_v\.venv\Lib\site-packages\pip\_vendor\requests\sessions.py
if len(resp.history) >= self.max_redirects:,E:\football_v\.venv\Lib\site-packages\pip\_vendor\requests\sessions.py
if r.history:,E:\football_v\.venv\Lib\site-packages\pip\_vendor\requests\sessions.py
# If the hooks create history then we want those cookies too,E:\football_v\.venv\Lib\site-packages\pip\_vendor\requests\sessions.py
for resp in r.history:,E:\football_v\.venv\Lib\site-packages\pip\_vendor\requests\sessions.py
history = [resp for resp in gen],E:\football_v\.venv\Lib\site-packages\pip\_vendor\requests\sessions.py
history = [],E:\football_v\.venv\Lib\site-packages\pip\_vendor\requests\sessions.py
# Shuffle things around if there's history.,E:\football_v\.venv\Lib\site-packages\pip\_vendor\requests\sessions.py
if history:,E:\football_v\.venv\Lib\site-packages\pip\_vendor\requests\sessions.py
# Insert the first (original) request at the start,E:\football_v\.venv\Lib\site-packages\pip\_vendor\requests\sessions.py
"history.insert(0, r)",E:\football_v\.venv\Lib\site-packages\pip\_vendor\requests\sessions.py
r = history.pop(),E:\football_v\.venv\Lib\site-packages\pip\_vendor\requests\sessions.py
r.history = history,E:\football_v\.venv\Lib\site-packages\pip\_vendor\requests\sessions.py
:param cj: CookieJar to insert cookies into.,E:\football_v\.venv\Lib\site-packages\pip\_vendor\requests\utils.py
:param cookie_dict: Dict of key/values to insert into CookieJar.,E:\football_v\.venv\Lib\site-packages\pip\_vendor\requests\utils.py
"def select_proxy(url, proxies):",E:\football_v\.venv\Lib\site-packages\pip\_vendor\requests\utils.py
"""""""Select a proxy for the url, if applicable.",E:\football_v\.venv\Lib\site-packages\pip\_vendor\requests\utils.py
"""""""Push a new state into history.",E:\football_v\.venv\Lib\site-packages\pip\_vendor\resolvelib\resolvers.py
from ._windows import WindowsConsoleFeatures,E:\football_v\.venv\Lib\site-packages\pip\_vendor\rich\console.py
"_windows_console_features: Optional[""WindowsConsoleFeatures""] = None",E:\football_v\.venv\Lib\site-packages\pip\_vendor\rich\console.py
"def get_windows_console_features() -> ""WindowsConsoleFeatures"":  # pragma: no cover",E:\football_v\.venv\Lib\site-packages\pip\_vendor\rich\console.py
global _windows_console_features,E:\football_v\.venv\Lib\site-packages\pip\_vendor\rich\console.py
if _windows_console_features is not None:,E:\football_v\.venv\Lib\site-packages\pip\_vendor\rich\console.py
return _windows_console_features,E:\football_v\.venv\Lib\site-packages\pip\_vendor\rich\console.py
from ._windows import get_windows_console_features,E:\football_v\.venv\Lib\site-packages\pip\_vendor\rich\console.py
_windows_console_features = get_windows_console_features(),E:\football_v\.venv\Lib\site-packages\pip\_vendor\rich\console.py
return _windows_console_features,E:\football_v\.venv\Lib\site-packages\pip\_vendor\rich\console.py
return WINDOWS and not get_windows_console_features().vt,E:\football_v\.venv\Lib\site-packages\pip\_vendor\rich\console.py
windows_console_features = get_windows_console_features(),E:\football_v\.venv\Lib\site-packages\pip\_vendor\rich\console.py
if windows_console_features.truecolor,E:\football_v\.venv\Lib\site-packages\pip\_vendor\rich\console.py
since the feature may be unsupported/disabled in some terminals.,E:\football_v\.venv\Lib\site-packages\pip\_vendor\rich\console.py
"""""""Insert non-printing control codes.",E:\football_v\.venv\Lib\site-packages\pip\_vendor\rich\console.py
"new_line_start (bool, False): Insert a new line at the start if the output contains more than one line. Defaults to ``False``.",E:\football_v\.venv\Lib\site-packages\pip\_vendor\rich\console.py
"new_segments.insert(0, Segment.line())",E:\football_v\.venv\Lib\site-packages\pip\_vendor\rich\console.py
It works in the same way as Python's builtin :func:`input` function and provides elaborate line editing and history features if Python's builtin :mod:`readline` module is previously loaded.,E:\football_v\.venv\Lib\site-packages\pip\_vendor\rich\console.py
"""""""Console render method to insert line-breaks.""""""",E:\football_v\.venv\Lib\site-packages\pip\_vendor\rich\containers.py
"""""""Console render method to insert line-breaks.""""""",E:\football_v\.venv\Lib\site-packages\pip\_vendor\rich\containers.py
"""""""A renderable that inserts a control code (non printable but may move cursor).",E:\football_v\.venv\Lib\site-packages\pip\_vendor\rich\control.py
"from pip._vendor.rich.console import Console, get_windows_console_features",E:\football_v\.venv\Lib\site-packages\pip\_vendor\rich\diagnose.py
features = get_windows_console_features(),E:\football_v\.venv\Lib\site-packages\pip\_vendor\rich\diagnose.py
inspect(features),E:\football_v\.venv\Lib\site-packages\pip\_vendor\rich\diagnose.py
select_exchange = exchanges[index % len(exchanges)],E:\football_v\.venv\Lib\site-packages\pip\_vendor\rich\live.py
if exchange == select_exchange:,E:\football_v\.venv\Lib\site-packages\pip\_vendor\rich\live.py
"exchange_rate_dict[(select_exchange, exchange)] = 200 / (",E:\football_v\.venv\Lib\site-packages\pip\_vendor\rich\live.py
markup (str): Content to be inserted in to markup.,E:\football_v\.venv\Lib\site-packages\pip\_vendor\rich\markup.py
"insert_line (bool, optional): Insert a new line if the output has multiple new lines. Defaults to False.",E:\football_v\.venv\Lib\site-packages\pip\_vendor\rich\pretty.py
"insert_line: bool = False,",E:\football_v\.venv\Lib\site-packages\pip\_vendor\rich\pretty.py
self.insert_line = insert_line,E:\football_v\.venv\Lib\site-packages\pip\_vendor\rich\pretty.py
"if self.insert_line and ""\n"" in pretty_text:",E:\football_v\.venv\Lib\site-packages\pip\_vendor\rich\pretty.py
"""""""Track progress by iterating over a sequence.",E:\football_v\.venv\Lib\site-packages\pip\_vendor\rich\progress.py
"""""""A column to insert an arbitrary column.",E:\football_v\.venv\Lib\site-packages\pip\_vendor\rich\progress.py
"""""""Track progress by iterating over a sequence.",E:\football_v\.venv\Lib\site-packages\pip\_vendor\rich\progress.py
"""[prompt.invalid.choice]Please select one of the available options""",E:\football_v\.venv\Lib\site-packages\pip\_vendor\rich\prompt.py
"new_lines (bool, optional): Insert new lines after each line. Defaults to False.",E:\football_v\.venv\Lib\site-packages\pip\_vendor\rich\segment.py
"""A Segment is the last step in the Rich render process before generating text with ANSI codes.""",E:\football_v\.venv\Lib\site-packages\pip\_vendor\rich\segment.py
"Generic.Inserted: Style(color=""green""),",E:\football_v\.venv\Lib\site-packages\pip\_vendor\rich\syntax.py
"Generic.Inserted: Style(color=""bright_green""),",E:\football_v\.venv\Lib\site-packages\pip\_vendor\rich\syntax.py
"self._spans.insert(0, Span(start, min(length, end), style))",E:\football_v\.venv\Lib\site-packages\pip\_vendor\rich\text.py
# replace _showtraceback instead of showtraceback to allow ipython features such as debugging to work,E:\football_v\.venv\Lib\site-packages\pip\_vendor\rich\traceback.py
class WindowsConsoleFeatures:,E:\football_v\.venv\Lib\site-packages\pip\_vendor\rich\_windows.py
"""""""Windows features available.""""""",E:\football_v\.venv\Lib\site-packages\pip\_vendor\rich\_windows.py
def get_windows_console_features() -> WindowsConsoleFeatures:,E:\football_v\.venv\Lib\site-packages\pip\_vendor\rich\_windows.py
features = WindowsConsoleFeatures(),E:\football_v\.venv\Lib\site-packages\pip\_vendor\rich\_windows.py
return features,E:\football_v\.venv\Lib\site-packages\pip\_vendor\rich\_windows.py
def get_windows_console_features() -> WindowsConsoleFeatures:,E:\football_v\.venv\Lib\site-packages\pip\_vendor\rich\_windows.py
"""""""Get windows console features.",E:\football_v\.venv\Lib\site-packages\pip\_vendor\rich\_windows.py
WindowsConsoleFeatures: An instance of WindowsConsoleFeatures.,E:\football_v\.venv\Lib\site-packages\pip\_vendor\rich\_windows.py
"features = WindowsConsoleFeatures(vt=vt, truecolor=truecolor)",E:\football_v\.venv\Lib\site-packages\pip\_vendor\rich\_windows.py
return features,E:\football_v\.venv\Lib\site-packages\pip\_vendor\rich\_windows.py
features = get_windows_console_features(),E:\football_v\.venv\Lib\site-packages\pip\_vendor\rich\_windows.py
print(repr(features)),E:\football_v\.venv\Lib\site-packages\pip\_vendor\rich\_windows.py
break_positions: list[int] = []  # offsets to insert the breaks at,E:\football_v\.venv\Lib\site-packages\pip\_vendor\rich\_wrap.py
"For more advanced features, see the :class:`~rich.console.Console` class.",E:\football_v\.venv\Lib\site-packages\pip\_vendor\rich\__init__.py
"""""""Get a renderable that demonstrates a number of features.""""""",E:\football_v\.venv\Lib\site-packages\pip\_vendor\rich\__main__.py
"table.title = ""Rich features""",E:\football_v\.venv\Lib\site-packages\pip\_vendor\rich\__main__.py
"table.add_column(""Feature"", no_wrap=True, justify=""center"", style=""bold red"")",E:\football_v\.venv\Lib\site-packages\pip\_vendor\rich\__main__.py
FORMAT_MESSAGE_IGNORE_INSERTS = 0x00000200,E:\football_v\.venv\Lib\site-packages\pip\_vendor\truststore\_windows.py
"FORMAT_MESSAGE_FROM_SYSTEM | FORMAT_MESSAGE_IGNORE_INSERTS,",E:\football_v\.venv\Lib\site-packages\pip\_vendor\truststore\_windows.py
"""`commonName` for now. This feature is being removed by major browsers and """,E:\football_v\.venv\Lib\site-packages\pip\_vendor\urllib3\connection.py
"""`commonName` for now. This feature is being removed by major browsers and """,E:\football_v\.venv\Lib\site-packages\pip\_vendor\urllib3\connection.py
"def _validate_proxy_scheme_url_selection(self, url_scheme):",E:\football_v\.venv\Lib\site-packages\pip\_vendor\urllib3\poolmanager.py
self._validate_proxy_scheme_url_selection(u.scheme),E:\football_v\.venv\Lib\site-packages\pip\_vendor\urllib3\poolmanager.py
if self.retries is not None and len(self.retries.history):,E:\football_v\.venv\Lib\site-packages\pip\_vendor\urllib3\response.py
return self.retries.history[-1].redirect_location,E:\football_v\.venv\Lib\site-packages\pip\_vendor\urllib3\response.py
"# Re-insert the item, moving it to the end of the eviction line.",E:\football_v\.venv\Lib\site-packages\pip\_vendor\urllib3\_collections.py
Adapted version of MutableMapping.update in order to insert items,E:\football_v\.venv\Lib\site-packages\pip\_vendor\urllib3\_collections.py
"# decoded. This is pretty frustrating, but that's what the standard library",E:\football_v\.venv\Lib\site-packages\pip\_vendor\urllib3\contrib\pyopenssl.py
"raise timeout(""select timed out"")",E:\football_v\.venv\Lib\site-packages\pip\_vendor\urllib3\contrib\pyopenssl.py
use of a compiler. This is an important feature because the Python Package,E:\football_v\.venv\Lib\site-packages\pip\_vendor\urllib3\contrib\securetransport.py
"# We need to lock around this structure for inserts, but we don't do it for",E:\football_v\.venv\Lib\site-packages\pip\_vendor\urllib3\contrib\securetransport.py
#       so cannot conflict with any of the insertions.,E:\football_v\.venv\Lib\site-packages\pip\_vendor\urllib3\contrib\securetransport.py
# zero. This is done because we use select and friends to handle the,E:\football_v\.venv\Lib\site-packages\pip\_vendor\urllib3\contrib\securetransport.py
"# Python will ""kindly"" call select on that socket again for us. Avoid",E:\football_v\.venv\Lib\site-packages\pip\_vendor\urllib3\contrib\securetransport.py
# operating assumption at this time is that what we want to do is,E:\football_v\.venv\Lib\site-packages\pip\_vendor\urllib3\contrib\securetransport.py
The SOCKS implementation supports the full range of urllib3 features. It also,E:\football_v\.venv\Lib\site-packages\pip\_vendor\urllib3\contrib\socks.py
supports the following SOCKS features:,E:\football_v\.venv\Lib\site-packages\pip\_vendor\urllib3\contrib\socks.py
"keychain,  # The keychain to insert into",E:\football_v\.venv\Lib\site-packages\pip\_vendor\urllib3\contrib\_securetransport\low_level.py
# inserted an importer with different class.,E:\football_v\.venv\Lib\site-packages\pip\_vendor\urllib3\packages\six.py
def _select_for_exit(cls):,E:\football_v\.venv\Lib\site-packages\pip\_vendor\urllib3\packages\backports\weakref_finalize.py
pending = cls._select_for_exit(),E:\football_v\.venv\Lib\site-packages\pip\_vendor\urllib3\packages\backports\weakref_finalize.py
"# us select whether to work with IPv4 DNS records, IPv6 records, or both.",E:\football_v\.venv\Lib\site-packages\pip\_vendor\urllib3\util\connection.py
Shortcuts for generating request headers.,E:\football_v\.venv\Lib\site-packages\pip\_vendor\urllib3\util\request.py
RequestHistory = namedtuple(,E:\football_v\.venv\Lib\site-packages\pip\_vendor\urllib3\util\retry.py
"""RequestHistory"", [""method"", ""url"", ""error"", ""status"", ""redirect_location""]",E:\football_v\.venv\Lib\site-packages\pip\_vendor\urllib3\util\retry.py
:param tuple history: The history of the request encountered during,E:\football_v\.venv\Lib\site-packages\pip\_vendor\urllib3\util\retry.py
the requests occurred. Each list item is of class :class:`RequestHistory`.,E:\football_v\.venv\Lib\site-packages\pip\_vendor\urllib3\util\retry.py
"history=None,",E:\football_v\.venv\Lib\site-packages\pip\_vendor\urllib3\util\retry.py
self.history = history or tuple(),E:\football_v\.venv\Lib\site-packages\pip\_vendor\urllib3\util\retry.py
"history=self.history,",E:\football_v\.venv\Lib\site-packages\pip\_vendor\urllib3\util\retry.py
"takewhile(lambda x: x.redirect_location is None, reversed(self.history))",E:\football_v\.venv\Lib\site-packages\pip\_vendor\urllib3\util\retry.py
history = self.history + (,E:\football_v\.venv\Lib\site-packages\pip\_vendor\urllib3\util\retry.py
"RequestHistory(method, url, error, status, redirect_location),",E:\football_v\.venv\Lib\site-packages\pip\_vendor\urllib3\util\retry.py
"history=history,",E:\football_v\.venv\Lib\site-packages\pip\_vendor\urllib3\util\retry.py
def selected_alpn_protocol(self):,E:\football_v\.venv\Lib\site-packages\pip\_vendor\urllib3\util\ssltransport.py
return self.sslobj.selected_alpn_protocol(),E:\football_v\.venv\Lib\site-packages\pip\_vendor\urllib3\util\ssltransport.py
def selected_npn_protocol(self):,E:\football_v\.venv\Lib\site-packages\pip\_vendor\urllib3\util\ssltransport.py
return self.sslobj.selected_npn_protocol(),E:\football_v\.venv\Lib\site-packages\pip\_vendor\urllib3\util\ssltransport.py
try:  # Test for SSL features,E:\football_v\.venv\Lib\site-packages\pip\_vendor\urllib3\util\ssl_.py
Which cipher suites to allow the server to select.,E:\football_v\.venv\Lib\site-packages\pip\_vendor\urllib3\util\ssl_.py
"# 'SSLKEYLOGFILE', if the feature is available (Python 3.8+). Skip empty values.",E:\football_v\.venv\Lib\site-packages\pip\_vendor\urllib3\util\ssl_.py
"output.insert(0, """")",E:\football_v\.venv\Lib\site-packages\pip\_vendor\urllib3\util\url.py
import select,E:\football_v\.venv\Lib\site-packages\pip\_vendor\urllib3\util\wait.py
# select/poll. The stateful APIs are more efficient when you have a lots of,E:\football_v\.venv\Lib\site-packages\pip\_vendor\urllib3\util\wait.py
# more efficient. So we want to use select() or poll().,E:\football_v\.venv\Lib\site-packages\pip\_vendor\urllib3\util\wait.py
"# Now, how do we choose between select() and poll()? On traditional Unixes,",E:\football_v\.venv\Lib\site-packages\pip\_vendor\urllib3\util\wait.py
"# select() has a strange calling convention that makes it slow, or fail",E:\football_v\.venv\Lib\site-packages\pip\_vendor\urllib3\util\wait.py
"# for it), but that's OK, because on Windows, select() doesn't have this",E:\football_v\.venv\Lib\site-packages\pip\_vendor\urllib3\util\wait.py
# strange calling convention; plain select() works fine.,E:\football_v\.venv\Lib\site-packages\pip\_vendor\urllib3\util\wait.py
"# So: on Windows we use select(), and everywhere else we use poll(). We also",E:\football_v\.venv\Lib\site-packages\pip\_vendor\urllib3\util\wait.py
# fall back to select() in case poll() is somehow broken or missing.,E:\football_v\.venv\Lib\site-packages\pip\_vendor\urllib3\util\wait.py
"# OSError for 3 <= pyver < 3.5, select.error for pyver <= 2.7",E:\football_v\.venv\Lib\site-packages\pip\_vendor\urllib3\util\wait.py
"except (OSError, select.error) as e:",E:\football_v\.venv\Lib\site-packages\pip\_vendor\urllib3\util\wait.py
# 'e.args[0]' incantation works for both OSError and select.error,E:\football_v\.venv\Lib\site-packages\pip\_vendor\urllib3\util\wait.py
"def select_wait_for_socket(sock, read=False, write=False, timeout=None):",E:\football_v\.venv\Lib\site-packages\pip\_vendor\urllib3\util\wait.py
# sockets for both conditions. (The stdlib selectors module does the same,E:\football_v\.venv\Lib\site-packages\pip\_vendor\urllib3\util\wait.py
"fn = partial(select.select, rcheck, wcheck, wcheck)",E:\football_v\.venv\Lib\site-packages\pip\_vendor\urllib3\util\wait.py
mask |= select.POLLIN,E:\football_v\.venv\Lib\site-packages\pip\_vendor\urllib3\util\wait.py
mask |= select.POLLOUT,E:\football_v\.venv\Lib\site-packages\pip\_vendor\urllib3\util\wait.py
poll_obj = select.poll(),E:\football_v\.venv\Lib\site-packages\pip\_vendor\urllib3\util\wait.py
"raise NoWayToWaitForSocketError(""no select-equivalent available"")",E:\football_v\.venv\Lib\site-packages\pip\_vendor\urllib3\util\wait.py
# Apparently some systems have a select.poll that fails as soon as you try,E:\football_v\.venv\Lib\site-packages\pip\_vendor\urllib3\util\wait.py
poll_obj = select.poll(),E:\football_v\.venv\Lib\site-packages\pip\_vendor\urllib3\util\wait.py
# decision if someone goes wild with monkeypatching select.poll after,E:\football_v\.venv\Lib\site-packages\pip\_vendor\urllib3\util\wait.py
"elif hasattr(select, ""select""):",E:\football_v\.venv\Lib\site-packages\pip\_vendor\urllib3\util\wait.py
wait_for_socket = select_wait_for_socket,E:\football_v\.venv\Lib\site-packages\pip\_vendor\urllib3\util\wait.py
SELECT,E:\football_v\00_System_OS\01_DATA_LAYER\import_pipeline\duplicate_checker.py
INSERT OR IGNORE INTO bookmaker_registry,E:\football_v\00_System_OS\01_DATA_LAYER\market\bookmaker_manager.py
INSERT OR IGNORE INTO market_type_registry,E:\football_v\00_System_OS\01_DATA_LAYER\market\market_type_manager.py
"selection,",E:\football_v\00_System_OS\01_DATA_LAYER\market\odds_manager.py
INSERT INTO market_snapshot,E:\football_v\00_System_OS\01_DATA_LAYER\market\odds_manager.py
"selection,",E:\football_v\00_System_OS\01_DATA_LAYER\market\odds_manager.py
"selection,",E:\football_v\00_System_OS\01_DATA_LAYER\market\odds_manager.py
SELECT data_id,E:\football_v\00_System_OS\01_DATA_LAYER\quality\quality_checker.py
INSERT INTO quality_scores,E:\football_v\00_System_OS\01_DATA_LAYER\quality\quality_engine.py
SELECT count,E:\football_v\00_System_OS\01_DATA_LAYER\quality\quality_engine.py
INSERT INTO quality_alerts,E:\football_v\00_System_OS\01_DATA_LAYER\quality\quality_engine.py
SELECT *,E:\football_v\00_System_OS\01_DATA_LAYER\quality\quality_report.py
SELECT *,E:\football_v\00_System_OS\01_DATA_LAYER\quality\quality_report.py
INSERT INTO data_lineage,E:\football_v\00_System_OS\01_DATA_LAYER\registry\data_lineage.py
INSERT INTO import_history,E:\football_v\00_System_OS\01_DATA_LAYER\registry\import_tracker.py
INSERT INTO data_quality,E:\football_v\00_System_OS\01_DATA_LAYER\registry\quality_score.py
INSERT INTO data_registry,E:\football_v\00_System_OS\01_DATA_LAYER\registry\registry_manager.py
INSERT OR REPLACE INTO quality_rules,E:\football_v\00_System_OS\01_DATA_LAYER\scripts\quality_rule_init.py
sys.path.insert(,E:\football_v\00_System_OS\01_DATA_LAYER\scripts\registry_init.py
CREATE TABLE IF NOT EXISTS import_history,E:\football_v\00_System_OS\01_DATA_LAYER\scripts\registry_init.py
sys.path.insert(,E:\football_v\00_System_OS\01_DATA_LAYER\scripts\task_queue_init.py
sys.path.insert(,E:\football_v\00_System_OS\01_DATA_LAYER\scripts\test_registry_flow.py
from task_queue.task_history import get_history,E:\football_v\00_System_OS\01_DATA_LAYER\scripts\test_scheduler_reliability.py
"""History:""",E:\football_v\00_System_OS\01_DATA_LAYER\scripts\test_scheduler_reliability.py
for row in get_history(task_id):,E:\football_v\00_System_OS\01_DATA_LAYER\scripts\test_scheduler_reliability.py
from task_queue.task_history import (,E:\football_v\00_System_OS\01_DATA_LAYER\scripts\test_task_history.py
"add_history,",E:\football_v\00_System_OS\01_DATA_LAYER\scripts\test_task_history.py
get_history,E:\football_v\00_System_OS\01_DATA_LAYER\scripts\test_task_history.py
"""Task History Test""",E:\football_v\00_System_OS\01_DATA_LAYER\scripts\test_task_history.py
add_history(,E:\football_v\00_System_OS\01_DATA_LAYER\scripts\test_task_history.py
add_history(,E:\football_v\00_System_OS\01_DATA_LAYER\scripts\test_task_history.py
add_history(,E:\football_v\00_System_OS\01_DATA_LAYER\scripts\test_task_history.py
add_history(,E:\football_v\00_System_OS\01_DATA_LAYER\scripts\test_task_history.py
add_history(,E:\football_v\00_System_OS\01_DATA_LAYER\scripts\test_task_history.py
"""History:""",E:\football_v\00_System_OS\01_DATA_LAYER\scripts\test_task_history.py
for row in get_history(task_id):,E:\football_v\00_System_OS\01_DATA_LAYER\scripts\test_task_history.py
sys.path.insert(,E:\football_v\00_System_OS\01_DATA_LAYER\scripts\test_task_queue.py
from task_queue.task_history import (,E:\football_v\00_System_OS\01_DATA_LAYER\scripts\test_task_reliability_full.py
get_history,E:\football_v\00_System_OS\01_DATA_LAYER\scripts\test_task_reliability_full.py
"""Task History:""",E:\football_v\00_System_OS\01_DATA_LAYER\scripts\test_task_reliability_full.py
for row in get_history(task_id):,E:\football_v\00_System_OS\01_DATA_LAYER\scripts\test_task_reliability_full.py
from task_queue.task_history import add_history,E:\football_v\00_System_OS\01_DATA_LAYER\task_queue\retry_engine.py
SELECT,E:\football_v\00_System_OS\01_DATA_LAYER\task_queue\retry_engine.py
SELECT,E:\football_v\00_System_OS\01_DATA_LAYER\task_queue\retry_engine.py
add_history(,E:\football_v\00_System_OS\01_DATA_LAYER\task_queue\retry_engine.py
add_history(,E:\football_v\00_System_OS\01_DATA_LAYER\task_queue\retry_engine.py
INSERT INTO retry_records,E:\football_v\00_System_OS\01_DATA_LAYER\task_queue\retry_logger.py
SELECT,E:\football_v\00_System_OS\01_DATA_LAYER\task_queue\retry_logger.py
SELECT COUNT(*),E:\football_v\00_System_OS\01_DATA_LAYER\task_queue\retry_logger.py
from task_queue.task_history import add_history,E:\football_v\00_System_OS\01_DATA_LAYER\task_queue\scheduler.py
SELECT,E:\football_v\00_System_OS\01_DATA_LAYER\task_queue\scheduler.py
SELECT status,E:\football_v\00_System_OS\01_DATA_LAYER\task_queue\scheduler.py
add_history(,E:\football_v\00_System_OS\01_DATA_LAYER\task_queue\scheduler.py
SELECT status,E:\football_v\00_System_OS\01_DATA_LAYER\task_queue\scheduler.py
add_history(,E:\football_v\00_System_OS\01_DATA_LAYER\task_queue\scheduler.py
def add_history(,E:\football_v\00_System_OS\01_DATA_LAYER\task_queue\task_history.py
INSERT INTO task_history,E:\football_v\00_System_OS\01_DATA_LAYER\task_queue\task_history.py
def get_history(task_id):,E:\football_v\00_System_OS\01_DATA_LAYER\task_queue\task_history.py
SELECT,E:\football_v\00_System_OS\01_DATA_LAYER\task_queue\task_history.py
FROM task_history,E:\football_v\00_System_OS\01_DATA_LAYER\task_queue\task_history.py
def get_all_history(limit=50):,E:\football_v\00_System_OS\01_DATA_LAYER\task_queue\task_history.py
SELECT,E:\football_v\00_System_OS\01_DATA_LAYER\task_queue\task_history.py
FROM task_history,E:\football_v\00_System_OS\01_DATA_LAYER\task_queue\task_history.py
"""Task History Module Ready""",E:\football_v\00_System_OS\01_DATA_LAYER\task_queue\task_history.py
from task_queue.task_history import add_history,E:\football_v\00_System_OS\01_DATA_LAYER\task_queue\task_manager.py
INSERT INTO data_tasks,E:\football_v\00_System_OS\01_DATA_LAYER\task_queue\task_manager.py
add_history(,E:\football_v\00_System_OS\01_DATA_LAYER\task_queue\task_manager.py
SELECT,E:\football_v\00_System_OS\01_DATA_LAYER\task_queue\task_manager.py
SELECT,E:\football_v\00_System_OS\01_DATA_LAYER\task_queue\task_query.py
"""02_FEATURE_LAYER"",",E:\football_v\00_System_OS\ARCHITECTURE_CLEANUP\architecture_classifier\architecture_classifier_V1.0.py
"""history"",",E:\football_v\00_System_OS\File_Manager\archive\archive_manager_v11.py
"""history""",E:\football_v\00_System_OS\File_Manager\archive\archive_manager_v11.py
HISTORY_PATH = (,E:\football_v\00_System_OS\File_Manager\lifecycle\lifecycle_engine.py
"r""\lifecycle\lifecycle_history.json""",E:\football_v\00_System_OS\File_Manager\lifecycle\lifecycle_engine.py
history=[],E:\football_v\00_System_OS\File_Manager\lifecycle\lifecycle_engine.py
history.append(,E:\football_v\00_System_OS\File_Manager\lifecycle\lifecycle_engine.py
"HISTORY_PATH,",E:\football_v\00_System_OS\File_Manager\lifecycle\lifecycle_engine.py
history,E:\football_v\00_System_OS\File_Manager\lifecycle\lifecycle_engine.py
"len(history),",E:\football_v\00_System_OS\File_Manager\lifecycle\lifecycle_engine.py
HISTORY_FILE = (,E:\football_v\00_System_OS\Monitor\monitor_service.py
"r""\task_history.json""",E:\football_v\00_System_OS\Monitor\monitor_service.py
history = load_json(,E:\football_v\00_System_OS\Monitor\monitor_service.py
HISTORY_FILE,E:\football_v\00_System_OS\Monitor\monitor_service.py
if history:,E:\football_v\00_System_OS\Monitor\monitor_service.py
last = history[-1],E:\football_v\00_System_OS\Monitor\monitor_service.py
TASK_HISTORY = (,E:\football_v\00_System_OS\Recovery\recovery_service.py
"r""\task_history.json""",E:\football_v\00_System_OS\Recovery\recovery_service.py
history = load_json(,E:\football_v\00_System_OS\Recovery\recovery_service.py
TASK_HISTORY,E:\football_v\00_System_OS\Recovery\recovery_service.py
if not history:,E:\football_v\00_System_OS\Recovery\recovery_service.py
"""No task history""",E:\football_v\00_System_OS\Recovery\recovery_service.py
last = history[-1],E:\football_v\00_System_OS\Recovery\recovery_service.py
"""feature_store"":",E:\football_v\00_SYSTEM_TOOLS\deploy_execution_engine_stabilization_V1.0.py
"r""E:\football_v\04_Data_Processing_AI\feature_store"",",E:\football_v\00_SYSTEM_TOOLS\deploy_execution_engine_stabilization_V1.0.py
- Fusion Engine history archived,E:\football_v\00_SYSTEM_TOOLS\deploy_execution_engine_stabilization_V1.0.py
Prediction History,E:\football_v\00_SYSTEM_TOOLS\deploy_scripts\deploy_phase3_2_memory_bridge.py
"""09_Prediction_System/prediction_history.py"":",E:\football_v\00_SYSTEM_TOOLS\deploy_scripts\deploy_v15_phase1.py
class PredictionHistory:,E:\football_v\00_SYSTEM_TOOLS\deploy_scripts\deploy_v15_phase1.py
history,E:\football_v\00_SYSTEM_TOOLS\Module_Deployment_Tool\modules\deploy_ai_autonomous_engine_HIL_V1.0_V1.4.py
"len(history[-window:]),",E:\football_v\00_SYSTEM_TOOLS\Module_Deployment_Tool\modules\deploy_ai_autonomous_engine_HIL_V1.0_V1.4.py
history[-window:],E:\football_v\00_SYSTEM_TOOLS\Module_Deployment_Tool\modules\deploy_ai_autonomous_engine_HIL_V1.0_V1.4.py
"MODULE_PATH+r""\feature_self_optimizer.py"",",E:\football_v\00_SYSTEM_TOOLS\Module_Deployment_Tool\modules\deploy_ai_autonomous_engine_HIL_V1.0_V1.4.py
class FeatureSelfOptimizer:,E:\football_v\00_SYSTEM_TOOLS\Module_Deployment_Tool\modules\deploy_ai_autonomous_engine_HIL_V1.0_V1.4.py
features,E:\football_v\00_SYSTEM_TOOLS\Module_Deployment_Tool\modules\deploy_ai_autonomous_engine_HIL_V1.0_V1.4.py
"""low_value_features"":[],",E:\football_v\00_SYSTEM_TOOLS\Module_Deployment_Tool\modules\deploy_ai_autonomous_engine_HIL_V1.0_V1.4.py
"""high_value_features"":[],",E:\football_v\00_SYSTEM_TOOLS\Module_Deployment_Tool\modules\deploy_ai_autonomous_engine_HIL_V1.0_V1.4.py
# Optimization History V1.3,E:\football_v\00_SYSTEM_TOOLS\Module_Deployment_Tool\modules\deploy_ai_autonomous_engine_HIL_V1.3_V1.4.py
def create_optimization_history():,E:\football_v\00_SYSTEM_TOOLS\Module_Deployment_Tool\modules\deploy_ai_autonomous_engine_HIL_V1.3_V1.4.py
class OptimizationHistory:,E:\football_v\00_SYSTEM_TOOLS\Module_Deployment_Tool\modules\deploy_ai_autonomous_engine_HIL_V1.3_V1.4.py
self.history=[],E:\football_v\00_SYSTEM_TOOLS\Module_Deployment_Tool\modules\deploy_ai_autonomous_engine_HIL_V1.3_V1.4.py
self.history.append(record),E:\football_v\00_SYSTEM_TOOLS\Module_Deployment_Tool\modules\deploy_ai_autonomous_engine_HIL_V1.3_V1.4.py
def get_history(self):,E:\football_v\00_SYSTEM_TOOLS\Module_Deployment_Tool\modules\deploy_ai_autonomous_engine_HIL_V1.3_V1.4.py
return self.history,E:\football_v\00_SYSTEM_TOOLS\Module_Deployment_Tool\modules\deploy_ai_autonomous_engine_HIL_V1.3_V1.4.py
"r""\optimization_history.py"",",E:\football_v\00_SYSTEM_TOOLS\Module_Deployment_Tool\modules\deploy_ai_autonomous_engine_HIL_V1.3_V1.4.py
# Upgrade History Repository V1.4,E:\football_v\00_SYSTEM_TOOLS\Module_Deployment_Tool\modules\deploy_ai_autonomous_engine_HIL_V1.3_V1.4.py
def create_upgrade_history_repository():,E:\football_v\00_SYSTEM_TOOLS\Module_Deployment_Tool\modules\deploy_ai_autonomous_engine_HIL_V1.3_V1.4.py
class UpgradeHistoryRepository:,E:\football_v\00_SYSTEM_TOOLS\Module_Deployment_Tool\modules\deploy_ai_autonomous_engine_HIL_V1.3_V1.4.py
"r""\upgrade_history_repository.py"",",E:\football_v\00_SYSTEM_TOOLS\Module_Deployment_Tool\modules\deploy_ai_autonomous_engine_HIL_V1.3_V1.4.py
def history(self):,E:\football_v\00_SYSTEM_TOOLS\Module_Deployment_Tool\modules\deploy_ai_autonomous_engine_HIL_V1.3_V1.4.py
"""optimization_history.py"",",E:\football_v\00_SYSTEM_TOOLS\Module_Deployment_Tool\modules\deploy_ai_autonomous_engine_HIL_V1.3_V1.4.py
"""upgrade_history_repository.py"",",E:\football_v\00_SYSTEM_TOOLS\Module_Deployment_Tool\modules\deploy_ai_autonomous_engine_HIL_V1.3_V1.4.py
create_optimization_history(),E:\football_v\00_SYSTEM_TOOLS\Module_Deployment_Tool\modules\deploy_ai_autonomous_engine_HIL_V1.3_V1.4.py
create_upgrade_history_repository(),E:\football_v\00_SYSTEM_TOOLS\Module_Deployment_Tool\modules\deploy_ai_autonomous_engine_HIL_V1.3_V1.4.py
def history(self):,E:\football_v\00_SYSTEM_TOOLS\Module_Deployment_Tool\modules\deploy_ai_autonomous_engine_HIL_V1.5_V1.6.py
def history(self):,E:\football_v\00_SYSTEM_TOOLS\Module_Deployment_Tool\modules\deploy_ai_autonomous_engine_HIL_V1.7_V1.8.py
def get_history(self):,E:\football_v\00_SYSTEM_TOOLS\Module_Deployment_Tool\modules\deploy_ai_autonomous_engine_HIL_V1.7_V1.8.py
def history(self):,E:\football_v\00_SYSTEM_TOOLS\Module_Deployment_Tool\modules\deploy_ai_autonomous_engine_HIL_V1.9_V2.0.py
"""feature_change"",",E:\football_v\00_SYSTEM_TOOLS\Module_Deployment_Tool\modules\deploy_ai_autonomous_engine_HIL_V2.1_V2.2_BATCH.py
def history(self):,E:\football_v\00_SYSTEM_TOOLS\Module_Deployment_Tool\modules\deploy_ai_autonomous_engine_HIL_V2.1_V2.2_BATCH.py
"""strategy_selection_engine.py"":r'''",E:\football_v\00_SYSTEM_TOOLS\Module_Deployment_Tool\modules\deploy_ai_autonomous_engine_HIL_V2.5_V2.6_BATCH.py
class StrategySelectionEngine:,E:\football_v\00_SYSTEM_TOOLS\Module_Deployment_Tool\modules\deploy_ai_autonomous_engine_HIL_V2.5_V2.6_BATCH.py
"def select(self,strategies):",E:\football_v\00_SYSTEM_TOOLS\Module_Deployment_Tool\modules\deploy_ai_autonomous_engine_HIL_V2.5_V2.6_BATCH.py
"""strategy_selection_engine.py"",",E:\football_v\00_SYSTEM_TOOLS\Module_Deployment_Tool\modules\deploy_ai_autonomous_engine_HIL_V2.5_V2.6_BATCH.py
Features:,E:\football_v\00_SYSTEM_TOOLS\Module_Deployment_Tool\modules\deploy_ai_autonomous_engine_HIL_V2.7_V2.8_BATCH.py
"""adaptive_strategy_selector.py"":",E:\football_v\00_SYSTEM_TOOLS\Module_Deployment_Tool\modules\deploy_ai_autonomous_engine_HIL_V2.9_V3.0_BATCH.py
class AdaptiveStrategySelector:,E:\football_v\00_SYSTEM_TOOLS\Module_Deployment_Tool\modules\deploy_ai_autonomous_engine_HIL_V2.9_V3.0_BATCH.py
"def select(self,risk):",E:\football_v\00_SYSTEM_TOOLS\Module_Deployment_Tool\modules\deploy_ai_autonomous_engine_HIL_V2.9_V3.0_BATCH.py
"""adaptive_strategy_selector.py"",",E:\football_v\00_SYSTEM_TOOLS\Module_Deployment_Tool\modules\deploy_ai_autonomous_engine_HIL_V2.9_V3.0_BATCH.py
"""model_router/model_selector.py"":",E:\football_v\00_SYSTEM_TOOLS\Module_Deployment_Tool\modules\deploy_ai_orchestration_layer_batch_V1.0.py
class ModelSelector:,E:\football_v\00_SYSTEM_TOOLS\Module_Deployment_Tool\modules\deploy_ai_orchestration_layer_batch_V1.0.py
def select(self):,E:\football_v\00_SYSTEM_TOOLS\Module_Deployment_Tool\modules\deploy_ai_orchestration_layer_batch_V1.0.py
"return ""model_selected""",E:\football_v\00_SYSTEM_TOOLS\Module_Deployment_Tool\modules\deploy_ai_orchestration_layer_batch_V1.0.py
"""data_pipeline/feature_pipeline.py"":",E:\football_v\00_SYSTEM_TOOLS\Module_Deployment_Tool\modules\deploy_ai_orchestration_layer_batch_V1.0.py
class FeaturePipeline:,E:\football_v\00_SYSTEM_TOOLS\Module_Deployment_Tool\modules\deploy_ai_orchestration_layer_batch_V1.0.py
"return ""feature_ready""",E:\football_v\00_SYSTEM_TOOLS\Module_Deployment_Tool\modules\deploy_ai_orchestration_layer_batch_V1.0.py
"""Feature Store V3.0"",",E:\football_v\00_SYSTEM_TOOLS\Module_Deployment_Tool\modules\deploy_ai_orchestration_layer_V1.0_V1.3.py
"r""\feature_feedback.py"",",E:\football_v\00_SYSTEM_TOOLS\Module_Deployment_Tool\modules\deploy_backtest_system_V1.0_V1.3.py
class FeatureFeedback:,E:\football_v\00_SYSTEM_TOOLS\Module_Deployment_Tool\modules\deploy_backtest_system_V1.0_V1.3.py
"""feature_review"":",E:\football_v\00_SYSTEM_TOOLS\Module_Deployment_Tool\modules\deploy_backtest_system_V1.0_V1.3.py
"""Optimize feature weights""",E:\football_v\00_SYSTEM_TOOLS\Module_Deployment_Tool\modules\deploy_backtest_system_V1.0_V1.3.py
"""features"":[",E:\football_v\00_SYSTEM_TOOLS\Module_Deployment_Tool\modules\deploy_backtest_system_V1.0_V1.3.py
"""Feature Store V3.0"",",E:\football_v\00_SYSTEM_TOOLS\Module_Deployment_Tool\modules\deploy_backtest_system_V1.0_V1.3.py
"""feature_feedback"",",E:\football_v\00_SYSTEM_TOOLS\Module_Deployment_Tool\modules\deploy_backtest_system_V1.0_V1.3.py
"""feature_feedback.py"",",E:\football_v\00_SYSTEM_TOOLS\Module_Deployment_Tool\modules\deploy_backtest_system_V1.0_V1.3.py
"""Feature Store V1.0"",",E:\football_v\00_SYSTEM_TOOLS\Module_Deployment_Tool\modules\deploy_data_intelligence_checkpoint_V1.0.py
"""Feature Engine""",E:\football_v\00_SYSTEM_TOOLS\Module_Deployment_Tool\modules\deploy_data_intelligence_checkpoint_V1.0.py
"def analyze(self, features):",E:\football_v\00_SYSTEM_TOOLS\Module_Deployment_Tool\modules\deploy_data_intelligence_engine_V1.0.py
"""input_features"":",E:\football_v\00_SYSTEM_TOOLS\Module_Deployment_Tool\modules\deploy_data_intelligence_engine_V1.0.py
"features,",E:\football_v\00_SYSTEM_TOOLS\Module_Deployment_Tool\modules\deploy_data_intelligence_engine_V1.0.py
"""all_features""",E:\football_v\00_SYSTEM_TOOLS\Module_Deployment_Tool\modules\deploy_data_intelligence_engine_V1.0.py
"""feature_selector.py"":",E:\football_v\00_SYSTEM_TOOLS\Module_Deployment_Tool\modules\deploy_data_intelligence_engine_V1.0.py
class FeatureSelector:,E:\football_v\00_SYSTEM_TOOLS\Module_Deployment_Tool\modules\deploy_data_intelligence_engine_V1.0.py
"def select(self,model):",E:\football_v\00_SYSTEM_TOOLS\Module_Deployment_Tool\modules\deploy_data_intelligence_engine_V1.0.py
"""features"":",E:\football_v\00_SYSTEM_TOOLS\Module_Deployment_Tool\modules\deploy_data_intelligence_engine_V1.0.py
"""selected""",E:\football_v\00_SYSTEM_TOOLS\Module_Deployment_Tool\modules\deploy_data_intelligence_engine_V1.0.py
"FeatureSelector().select(""XGBoost"")",E:\football_v\00_SYSTEM_TOOLS\Module_Deployment_Tool\modules\deploy_data_intelligence_engine_V1.0.py
"""Feature intelligence routing"",",E:\football_v\00_SYSTEM_TOOLS\Module_Deployment_Tool\modules\deploy_data_intelligence_engine_V1.0.py
# V1.1 Bet Selection Layer,E:\football_v\00_SYSTEM_TOOLS\Module_Deployment_Tool\modules\deploy_decision_engine_V1.0_V1.3.py
"r""\bet_selection_engine.py"",",E:\football_v\00_SYSTEM_TOOLS\Module_Deployment_Tool\modules\deploy_decision_engine_V1.0_V1.3.py
class BetSelectionEngine:,E:\football_v\00_SYSTEM_TOOLS\Module_Deployment_Tool\modules\deploy_decision_engine_V1.0_V1.3.py
def select(,E:\football_v\00_SYSTEM_TOOLS\Module_Deployment_Tool\modules\deploy_decision_engine_V1.0_V1.3.py
"""features"":[",E:\football_v\00_SYSTEM_TOOLS\Module_Deployment_Tool\modules\deploy_decision_engine_V1.0_V1.3.py
"""bet_selection"",",E:\football_v\00_SYSTEM_TOOLS\Module_Deployment_Tool\modules\deploy_decision_engine_V1.0_V1.3.py
"""Bet Selection"",",E:\football_v\00_SYSTEM_TOOLS\Module_Deployment_Tool\modules\deploy_decision_engine_V1.0_V1.3.py
"""bet_selection_engine"",",E:\football_v\00_SYSTEM_TOOLS\Module_Deployment_Tool\modules\deploy_decision_engine_V1.0_V1.3.py
"""bet_selection_engine.py"",",E:\football_v\00_SYSTEM_TOOLS\Module_Deployment_Tool\modules\deploy_decision_engine_V1.0_V1.3.py
"""Dynamic Feature Weight Engine"",",E:\football_v\00_SYSTEM_TOOLS\Module_Deployment_Tool\modules\deploy_dynamic_feature_weight_checkpoint_V1.0.py
"""feature_weight_manager"",",E:\football_v\00_SYSTEM_TOOLS\Module_Deployment_Tool\modules\deploy_dynamic_feature_weight_checkpoint_V1.0.py
"""Football_AI_OS_Dynamic_Feature_Weight_Engine_V1.0_Checkpoint.json""",E:\football_v\00_SYSTEM_TOOLS\Module_Deployment_Tool\modules\deploy_dynamic_feature_weight_checkpoint_V1.0.py
"BASE = r""E:\football_v\04_Data_Processing_AI\dynamic_feature_weight_engine""",E:\football_v\00_SYSTEM_TOOLS\Module_Deployment_Tool\modules\deploy_dynamic_feature_weight_engine_V1.0.py
"""feature_weight_manager.py"":",E:\football_v\00_SYSTEM_TOOLS\Module_Deployment_Tool\modules\deploy_dynamic_feature_weight_engine_V1.0.py
class FeatureWeightManager:,E:\football_v\00_SYSTEM_TOOLS\Module_Deployment_Tool\modules\deploy_dynamic_feature_weight_engine_V1.0.py
"def analyze(self,feature):",E:\football_v\00_SYSTEM_TOOLS\Module_Deployment_Tool\modules\deploy_dynamic_feature_weight_engine_V1.0.py
"""feature"":feature,",E:\football_v\00_SYSTEM_TOOLS\Module_Deployment_Tool\modules\deploy_dynamic_feature_weight_engine_V1.0.py
"""Dynamic Feature Weight Engine"",",E:\football_v\00_SYSTEM_TOOLS\Module_Deployment_Tool\modules\deploy_dynamic_feature_weight_engine_V1.0.py
"""dynamic_feature_weight_engine"",",E:\football_v\00_SYSTEM_TOOLS\Module_Deployment_Tool\modules\deploy_dynamic_feature_weight_engine_V1.0.py
"""Dynamic Feature Weight Engine"",",E:\football_v\00_SYSTEM_TOOLS\Module_Deployment_Tool\modules\deploy_dynamic_feature_weight_engine_V1.0.py
"BASE = r""E:\football_v\04_Data_Processing_AI\dynamic_feature_weight_engine""",E:\football_v\00_SYSTEM_TOOLS\Module_Deployment_Tool\modules\deploy_dynamic_feature_weight_test_V1.0.py
"""dynamic_feature_weight_test_report.json""",E:\football_v\00_SYSTEM_TOOLS\Module_Deployment_Tool\modules\deploy_dynamic_feature_weight_test_V1.0.py
"""dynamic_feature_weight_test"",",E:\football_v\00_SYSTEM_TOOLS\Module_Deployment_Tool\modules\deploy_dynamic_feature_weight_test_V1.0.py
"BASE = r""E:\football_v\04_Data_Processing_AI\feature_store\adapters""",E:\football_v\00_SYSTEM_TOOLS\Module_Deployment_Tool\modules\deploy_feature_store_adapter_V1.0.py
"def transform(self, features):",E:\football_v\00_SYSTEM_TOOLS\Module_Deployment_Tool\modules\deploy_feature_store_adapter_V1.0.py
"""features"":[",E:\football_v\00_SYSTEM_TOOLS\Module_Deployment_Tool\modules\deploy_feature_store_adapter_V1.0.py
"""input"":features",E:\football_v\00_SYSTEM_TOOLS\Module_Deployment_Tool\modules\deploy_feature_store_adapter_V1.0.py
"def transform(self, features):",E:\football_v\00_SYSTEM_TOOLS\Module_Deployment_Tool\modules\deploy_feature_store_adapter_V1.0.py
"""features"":[",E:\football_v\00_SYSTEM_TOOLS\Module_Deployment_Tool\modules\deploy_feature_store_adapter_V1.0.py
"""input"":features",E:\football_v\00_SYSTEM_TOOLS\Module_Deployment_Tool\modules\deploy_feature_store_adapter_V1.0.py
"def transform(self, features):",E:\football_v\00_SYSTEM_TOOLS\Module_Deployment_Tool\modules\deploy_feature_store_adapter_V1.0.py
"""features"":[",E:\football_v\00_SYSTEM_TOOLS\Module_Deployment_Tool\modules\deploy_feature_store_adapter_V1.0.py
"""input"":features",E:\football_v\00_SYSTEM_TOOLS\Module_Deployment_Tool\modules\deploy_feature_store_adapter_V1.0.py
"def transform(self, features):",E:\football_v\00_SYSTEM_TOOLS\Module_Deployment_Tool\modules\deploy_feature_store_adapter_V1.0.py
"""features"":[",E:\football_v\00_SYSTEM_TOOLS\Module_Deployment_Tool\modules\deploy_feature_store_adapter_V1.0.py
"""all_features""",E:\football_v\00_SYSTEM_TOOLS\Module_Deployment_Tool\modules\deploy_feature_store_adapter_V1.0.py
"""input"":features",E:\football_v\00_SYSTEM_TOOLS\Module_Deployment_Tool\modules\deploy_feature_store_adapter_V1.0.py
"""Feature Store Adapter Layer"",",E:\football_v\00_SYSTEM_TOOLS\Module_Deployment_Tool\modules\deploy_feature_store_adapter_V1.0.py
"BASE = r""E:\football_v\04_Data_Processing_AI\feature_store""",E:\football_v\00_SYSTEM_TOOLS\Module_Deployment_Tool\modules\deploy_feature_store_core_V1.0.py
"""feature_store.py"":",E:\football_v\00_SYSTEM_TOOLS\Module_Deployment_Tool\modules\deploy_feature_store_core_V1.0.py
'''class FeatureStore:,E:\football_v\00_SYSTEM_TOOLS\Module_Deployment_Tool\modules\deploy_feature_store_core_V1.0.py
"self.name=""Feature Store V1.0""",E:\football_v\00_SYSTEM_TOOLS\Module_Deployment_Tool\modules\deploy_feature_store_core_V1.0.py
"""module"":""feature_store"",",E:\football_v\00_SYSTEM_TOOLS\Module_Deployment_Tool\modules\deploy_feature_store_core_V1.0.py
print(FeatureStore().status()),E:\football_v\00_SYSTEM_TOOLS\Module_Deployment_Tool\modules\deploy_feature_store_core_V1.0.py
"""feature_service.py"":",E:\football_v\00_SYSTEM_TOOLS\Module_Deployment_Tool\modules\deploy_feature_store_core_V1.0.py
'''class FeatureService:,E:\football_v\00_SYSTEM_TOOLS\Module_Deployment_Tool\modules\deploy_feature_store_core_V1.0.py
def load_features(self):,E:\football_v\00_SYSTEM_TOOLS\Module_Deployment_Tool\modules\deploy_feature_store_core_V1.0.py
"""service"":""feature_service""",E:\football_v\00_SYSTEM_TOOLS\Module_Deployment_Tool\modules\deploy_feature_store_core_V1.0.py
print(FeatureService().load_features()),E:\football_v\00_SYSTEM_TOOLS\Module_Deployment_Tool\modules\deploy_feature_store_core_V1.0.py
"""feature_loader.py"":",E:\football_v\00_SYSTEM_TOOLS\Module_Deployment_Tool\modules\deploy_feature_store_core_V1.0.py
'''class FeatureLoader:,E:\football_v\00_SYSTEM_TOOLS\Module_Deployment_Tool\modules\deploy_feature_store_core_V1.0.py
"return ""feature_data_loaded""",E:\football_v\00_SYSTEM_TOOLS\Module_Deployment_Tool\modules\deploy_feature_store_core_V1.0.py
print(FeatureLoader().load()),E:\football_v\00_SYSTEM_TOOLS\Module_Deployment_Tool\modules\deploy_feature_store_core_V1.0.py
"""feature_schema.py"":",E:\football_v\00_SYSTEM_TOOLS\Module_Deployment_Tool\modules\deploy_feature_store_core_V1.0.py
class FeatureSchema:,E:\football_v\00_SYSTEM_TOOLS\Module_Deployment_Tool\modules\deploy_feature_store_core_V1.0.py
"""feature_schema.json""",E:\football_v\00_SYSTEM_TOOLS\Module_Deployment_Tool\modules\deploy_feature_store_core_V1.0.py
print(FeatureSchema().load()),E:\football_v\00_SYSTEM_TOOLS\Module_Deployment_Tool\modules\deploy_feature_store_core_V1.0.py
"""feature_registry.py"":",E:\football_v\00_SYSTEM_TOOLS\Module_Deployment_Tool\modules\deploy_feature_store_core_V1.0.py
"""module"":""feature_store"",",E:\football_v\00_SYSTEM_TOOLS\Module_Deployment_Tool\modules\deploy_feature_store_core_V1.0.py
"""feature_registry.json""",E:\football_v\00_SYSTEM_TOOLS\Module_Deployment_Tool\modules\deploy_feature_store_core_V1.0.py
"""features"":[",E:\football_v\00_SYSTEM_TOOLS\Module_Deployment_Tool\modules\deploy_feature_store_core_V1.0.py
"""market_feature"",",E:\football_v\00_SYSTEM_TOOLS\Module_Deployment_Tool\modules\deploy_feature_store_core_V1.0.py
"""elo_feature"",",E:\football_v\00_SYSTEM_TOOLS\Module_Deployment_Tool\modules\deploy_feature_store_core_V1.0.py
"""xg_feature""",E:\football_v\00_SYSTEM_TOOLS\Module_Deployment_Tool\modules\deploy_feature_store_core_V1.0.py
"BASE+r""\schema\feature_schema.json"",",E:\football_v\00_SYSTEM_TOOLS\Module_Deployment_Tool\modules\deploy_feature_store_core_V1.0.py
"""feature_store"",",E:\football_v\00_SYSTEM_TOOLS\Module_Deployment_Tool\modules\deploy_feature_store_core_V1.0.py
# Feature Store Deployment Tool,E:\football_v\00_SYSTEM_TOOLS\Module_Deployment_Tool\modules\deploy_feature_store_V1.0.py
"""feature_store""",E:\football_v\00_SYSTEM_TOOLS\Module_Deployment_Tool\modules\deploy_feature_store_V1.0.py
"print(""Module : Feature Store"")",E:\football_v\00_SYSTEM_TOOLS\Module_Deployment_Tool\modules\deploy_feature_store_V1.0.py
"TARGET + r""\feature_store.py"",",E:\football_v\00_SYSTEM_TOOLS\Module_Deployment_Tool\modules\deploy_feature_store_V1.0.py
class FeatureStore:,E:\football_v\00_SYSTEM_TOOLS\Module_Deployment_Tool\modules\deploy_feature_store_V1.0.py
def load_features(self):,E:\football_v\00_SYSTEM_TOOLS\Module_Deployment_Tool\modules\deploy_feature_store_V1.0.py
store=FeatureStore(),E:\football_v\00_SYSTEM_TOOLS\Module_Deployment_Tool\modules\deploy_feature_store_V1.0.py
print(store.load_features()),E:\football_v\00_SYSTEM_TOOLS\Module_Deployment_Tool\modules\deploy_feature_store_V1.0.py
"TARGET + r""\feature_service.py"",",E:\football_v\00_SYSTEM_TOOLS\Module_Deployment_Tool\modules\deploy_feature_store_V1.0.py
from feature_store import FeatureStore,E:\football_v\00_SYSTEM_TOOLS\Module_Deployment_Tool\modules\deploy_feature_store_V1.0.py
class FeatureService:,E:\football_v\00_SYSTEM_TOOLS\Module_Deployment_Tool\modules\deploy_feature_store_V1.0.py
self.store=FeatureStore(),E:\football_v\00_SYSTEM_TOOLS\Module_Deployment_Tool\modules\deploy_feature_store_V1.0.py
def get_features(self):,E:\football_v\00_SYSTEM_TOOLS\Module_Deployment_Tool\modules\deploy_feature_store_V1.0.py
return self.store.load_features(),E:\football_v\00_SYSTEM_TOOLS\Module_Deployment_Tool\modules\deploy_feature_store_V1.0.py
"TARGET + r""\feature_loader.py"",",E:\football_v\00_SYSTEM_TOOLS\Module_Deployment_Tool\modules\deploy_feature_store_V1.0.py
class FeatureLoader:,E:\football_v\00_SYSTEM_TOOLS\Module_Deployment_Tool\modules\deploy_feature_store_V1.0.py
"TARGET + r""\feature_schema.py"",",E:\football_v\00_SYSTEM_TOOLS\Module_Deployment_Tool\modules\deploy_feature_store_V1.0.py
class FeatureSchema:,E:\football_v\00_SYSTEM_TOOLS\Module_Deployment_Tool\modules\deploy_feature_store_V1.0.py
"""feature_schema.json""",E:\football_v\00_SYSTEM_TOOLS\Module_Deployment_Tool\modules\deploy_feature_store_V1.0.py
FeatureSchema().load(),E:\football_v\00_SYSTEM_TOOLS\Module_Deployment_Tool\modules\deploy_feature_store_V1.0.py
"TARGET + r""\feature_registry.py"",",E:\football_v\00_SYSTEM_TOOLS\Module_Deployment_Tool\modules\deploy_feature_store_V1.0.py
class FeatureRegistry:,E:\football_v\00_SYSTEM_TOOLS\Module_Deployment_Tool\modules\deploy_feature_store_V1.0.py
"""feature_registry.json""",E:\football_v\00_SYSTEM_TOOLS\Module_Deployment_Tool\modules\deploy_feature_store_V1.0.py
def get_features(self):,E:\football_v\00_SYSTEM_TOOLS\Module_Deployment_Tool\modules\deploy_feature_store_V1.0.py
"r""\config\feature_store_config.json"",",E:\football_v\00_SYSTEM_TOOLS\Module_Deployment_Tool\modules\deploy_feature_store_V1.0.py
"""feature_store"",",E:\football_v\00_SYSTEM_TOOLS\Module_Deployment_Tool\modules\deploy_feature_store_V1.0.py
"r""\schema\feature_schema.json"",",E:\football_v\00_SYSTEM_TOOLS\Module_Deployment_Tool\modules\deploy_feature_store_V1.0.py
"""feature_version"":""V1.0"",",E:\football_v\00_SYSTEM_TOOLS\Module_Deployment_Tool\modules\deploy_feature_store_V1.0.py
"""features"":",E:\football_v\00_SYSTEM_TOOLS\Module_Deployment_Tool\modules\deploy_feature_store_V1.0.py
"""xg_feature"",",E:\football_v\00_SYSTEM_TOOLS\Module_Deployment_Tool\modules\deploy_feature_store_V1.0.py
"""market_feature""",E:\football_v\00_SYSTEM_TOOLS\Module_Deployment_Tool\modules\deploy_feature_store_V1.0.py
"r""\registry\feature_registry.json"",",E:\football_v\00_SYSTEM_TOOLS\Module_Deployment_Tool\modules\deploy_feature_store_V1.0.py
"""Feature Store"",",E:\football_v\00_SYSTEM_TOOLS\Module_Deployment_Tool\modules\deploy_feature_store_V1.0.py
"r""\tests\feature_store_test.py"",",E:\football_v\00_SYSTEM_TOOLS\Module_Deployment_Tool\modules\deploy_feature_store_V1.0.py
"""feature_store.py"",",E:\football_v\00_SYSTEM_TOOLS\Module_Deployment_Tool\modules\deploy_feature_store_V1.0.py
"""feature_service.py"",",E:\football_v\00_SYSTEM_TOOLS\Module_Deployment_Tool\modules\deploy_feature_store_V1.0.py
"""feature_schema.py"",",E:\football_v\00_SYSTEM_TOOLS\Module_Deployment_Tool\modules\deploy_feature_store_V1.0.py
"""feature_registry.py""",E:\football_v\00_SYSTEM_TOOLS\Module_Deployment_Tool\modules\deploy_feature_store_V1.0.py
"""Feature Store"",",E:\football_v\00_SYSTEM_TOOLS\Module_Deployment_Tool\modules\deploy_feature_store_V1.0.py
"print(""Feature Store V1.0 Deployment PASS"")",E:\football_v\00_SYSTEM_TOOLS\Module_Deployment_Tool\modules\deploy_feature_store_V1.0.py
FEATURE_STORE_PATH = os.path.join(,E:\football_v\00_SYSTEM_TOOLS\Module_Deployment_Tool\modules\deploy_feature_store_V1.1.py
"""feature_store""",E:\football_v\00_SYSTEM_TOOLS\Module_Deployment_Tool\modules\deploy_feature_store_V1.1.py
"print(""Module : Feature Store"")",E:\football_v\00_SYSTEM_TOOLS\Module_Deployment_Tool\modules\deploy_feature_store_V1.1.py
"FEATURE_STORE_PATH,",E:\football_v\00_SYSTEM_TOOLS\Module_Deployment_Tool\modules\deploy_feature_store_V1.1.py
"FEATURE_STORE_PATH + r""\config"",",E:\football_v\00_SYSTEM_TOOLS\Module_Deployment_Tool\modules\deploy_feature_store_V1.1.py
"FEATURE_STORE_PATH + r""\schema"",",E:\football_v\00_SYSTEM_TOOLS\Module_Deployment_Tool\modules\deploy_feature_store_V1.1.py
"FEATURE_STORE_PATH + r""\tests"",",E:\football_v\00_SYSTEM_TOOLS\Module_Deployment_Tool\modules\deploy_feature_store_V1.1.py
FEATURE_STORE_PATH +,E:\football_v\00_SYSTEM_TOOLS\Module_Deployment_Tool\modules\deploy_feature_store_V1.1.py
"r""\feature_database_connector.py"",",E:\football_v\00_SYSTEM_TOOLS\Module_Deployment_Tool\modules\deploy_feature_store_V1.1.py
FEATURE_STORE_PATH +,E:\football_v\00_SYSTEM_TOOLS\Module_Deployment_Tool\modules\deploy_feature_store_V1.1.py
"r""\feature_dataset_builder.py"",",E:\football_v\00_SYSTEM_TOOLS\Module_Deployment_Tool\modules\deploy_feature_store_V1.1.py
class FeatureDatasetBuilder:,E:\football_v\00_SYSTEM_TOOLS\Module_Deployment_Tool\modules\deploy_feature_store_V1.1.py
"""feature_version"":",E:\football_v\00_SYSTEM_TOOLS\Module_Deployment_Tool\modules\deploy_feature_store_V1.1.py
FEATURE_STORE_PATH +,E:\football_v\00_SYSTEM_TOOLS\Module_Deployment_Tool\modules\deploy_feature_store_V1.1.py
"r""\feature_validator.py"",",E:\football_v\00_SYSTEM_TOOLS\Module_Deployment_Tool\modules\deploy_feature_store_V1.1.py
class FeatureValidator:,E:\football_v\00_SYSTEM_TOOLS\Module_Deployment_Tool\modules\deploy_feature_store_V1.1.py
FEATURE_STORE_PATH +,E:\football_v\00_SYSTEM_TOOLS\Module_Deployment_Tool\modules\deploy_feature_store_V1.1.py
"r""\feature_pipeline.py"",",E:\football_v\00_SYSTEM_TOOLS\Module_Deployment_Tool\modules\deploy_feature_store_V1.1.py
from feature_validator import FeatureValidator,E:\football_v\00_SYSTEM_TOOLS\Module_Deployment_Tool\modules\deploy_feature_store_V1.1.py
from feature_dataset_builder import FeatureDatasetBuilder,E:\football_v\00_SYSTEM_TOOLS\Module_Deployment_Tool\modules\deploy_feature_store_V1.1.py
class FeaturePipeline:,E:\football_v\00_SYSTEM_TOOLS\Module_Deployment_Tool\modules\deploy_feature_store_V1.1.py
self.builder=FeatureDatasetBuilder(),E:\football_v\00_SYSTEM_TOOLS\Module_Deployment_Tool\modules\deploy_feature_store_V1.1.py
self.validator=FeatureValidator(),E:\football_v\00_SYSTEM_TOOLS\Module_Deployment_Tool\modules\deploy_feature_store_V1.1.py
FEATURE_STORE_PATH +,E:\football_v\00_SYSTEM_TOOLS\Module_Deployment_Tool\modules\deploy_feature_store_V1.1.py
FEATURE_STORE_PATH +,E:\football_v\00_SYSTEM_TOOLS\Module_Deployment_Tool\modules\deploy_feature_store_V1.1.py
FEATURE_STORE_PATH +,E:\football_v\00_SYSTEM_TOOLS\Module_Deployment_Tool\modules\deploy_feature_store_V1.1.py
"r""\tests\feature_store_pipeline_test.py"",",E:\football_v\00_SYSTEM_TOOLS\Module_Deployment_Tool\modules\deploy_feature_store_V1.1.py
"""feature_database_connector.py"",",E:\football_v\00_SYSTEM_TOOLS\Module_Deployment_Tool\modules\deploy_feature_store_V1.1.py
"""feature_dataset_builder.py"",",E:\football_v\00_SYSTEM_TOOLS\Module_Deployment_Tool\modules\deploy_feature_store_V1.1.py
"""feature_validator.py"",",E:\football_v\00_SYSTEM_TOOLS\Module_Deployment_Tool\modules\deploy_feature_store_V1.1.py
"""feature_pipeline.py""",E:\football_v\00_SYSTEM_TOOLS\Module_Deployment_Tool\modules\deploy_feature_store_V1.1.py
"""Feature Store V1.1"",",E:\football_v\00_SYSTEM_TOOLS\Module_Deployment_Tool\modules\deploy_feature_store_V1.1.py
"print(""Feature Store V1.1 Deployment PASS"")",E:\football_v\00_SYSTEM_TOOLS\Module_Deployment_Tool\modules\deploy_feature_store_V1.1.py
print(FEATURE_STORE_PATH),E:\football_v\00_SYSTEM_TOOLS\Module_Deployment_Tool\modules\deploy_feature_store_V1.1.py
FEATURE_STORE_PATH = os.path.join(,E:\football_v\00_SYSTEM_TOOLS\Module_Deployment_Tool\modules\deploy_feature_store_V1.2.py
"""FEATURE_STORE""",E:\football_v\00_SYSTEM_TOOLS\Module_Deployment_Tool\modules\deploy_feature_store_V1.2.py
"print(""Module : Feature Store"")",E:\football_v\00_SYSTEM_TOOLS\Module_Deployment_Tool\modules\deploy_feature_store_V1.2.py
"FEATURE_STORE_PATH,",E:\football_v\00_SYSTEM_TOOLS\Module_Deployment_Tool\modules\deploy_feature_store_V1.2.py
"FEATURE_STORE_PATH + r""\config"",",E:\football_v\00_SYSTEM_TOOLS\Module_Deployment_Tool\modules\deploy_feature_store_V1.2.py
"FEATURE_STORE_PATH + r""\reports"",",E:\football_v\00_SYSTEM_TOOLS\Module_Deployment_Tool\modules\deploy_feature_store_V1.2.py
"FEATURE_STORE_PATH + r""\tests""",E:\football_v\00_SYSTEM_TOOLS\Module_Deployment_Tool\modules\deploy_feature_store_V1.2.py
FEATURE_STORE_PATH +,E:\football_v\00_SYSTEM_TOOLS\Module_Deployment_Tool\modules\deploy_feature_store_V1.2.py
"r""\feature_database_reader.py"",",E:\football_v\00_SYSTEM_TOOLS\Module_Deployment_Tool\modules\deploy_feature_store_V1.2.py
class FeatureDatabaseReader:,E:\football_v\00_SYSTEM_TOOLS\Module_Deployment_Tool\modules\deploy_feature_store_V1.2.py
FEATURE_STORE_PATH +,E:\football_v\00_SYSTEM_TOOLS\Module_Deployment_Tool\modules\deploy_feature_store_V1.2.py
"r""\feature_data_loader.py"",",E:\football_v\00_SYSTEM_TOOLS\Module_Deployment_Tool\modules\deploy_feature_store_V1.2.py
class FeatureDataLoader:,E:\football_v\00_SYSTEM_TOOLS\Module_Deployment_Tool\modules\deploy_feature_store_V1.2.py
FEATURE_STORE_PATH +,E:\football_v\00_SYSTEM_TOOLS\Module_Deployment_Tool\modules\deploy_feature_store_V1.2.py
"r""\feature_dataset_exporter.py"",",E:\football_v\00_SYSTEM_TOOLS\Module_Deployment_Tool\modules\deploy_feature_store_V1.2.py
class FeatureDatasetExporter:,E:\football_v\00_SYSTEM_TOOLS\Module_Deployment_Tool\modules\deploy_feature_store_V1.2.py
FEATURE_STORE_PATH +,E:\football_v\00_SYSTEM_TOOLS\Module_Deployment_Tool\modules\deploy_feature_store_V1.2.py
"r""\feature_pipeline_runner.py"",",E:\football_v\00_SYSTEM_TOOLS\Module_Deployment_Tool\modules\deploy_feature_store_V1.2.py
from feature_data_loader import FeatureDataLoader,E:\football_v\00_SYSTEM_TOOLS\Module_Deployment_Tool\modules\deploy_feature_store_V1.2.py
from feature_dataset_exporter import FeatureDatasetExporter,E:\football_v\00_SYSTEM_TOOLS\Module_Deployment_Tool\modules\deploy_feature_store_V1.2.py
class FeaturePipelineRunner:,E:\football_v\00_SYSTEM_TOOLS\Module_Deployment_Tool\modules\deploy_feature_store_V1.2.py
self.loader = FeatureDataLoader(),E:\football_v\00_SYSTEM_TOOLS\Module_Deployment_Tool\modules\deploy_feature_store_V1.2.py
self.exporter = FeatureDatasetExporter(),E:\football_v\00_SYSTEM_TOOLS\Module_Deployment_Tool\modules\deploy_feature_store_V1.2.py
FEATURE_STORE_PATH +,E:\football_v\00_SYSTEM_TOOLS\Module_Deployment_Tool\modules\deploy_feature_store_V1.2.py
FEATURE_STORE_PATH +,E:\football_v\00_SYSTEM_TOOLS\Module_Deployment_Tool\modules\deploy_feature_store_V1.2.py
"r""\reports\feature_pipeline_report.json"",",E:\football_v\00_SYSTEM_TOOLS\Module_Deployment_Tool\modules\deploy_feature_store_V1.2.py
"""Feature Store"",",E:\football_v\00_SYSTEM_TOOLS\Module_Deployment_Tool\modules\deploy_feature_store_V1.2.py
FEATURE_STORE_PATH +,E:\football_v\00_SYSTEM_TOOLS\Module_Deployment_Tool\modules\deploy_feature_store_V1.2.py
"r""\tests\feature_store_data_test.py"",",E:\football_v\00_SYSTEM_TOOLS\Module_Deployment_Tool\modules\deploy_feature_store_V1.2.py
"""feature_database_reader.py"",",E:\football_v\00_SYSTEM_TOOLS\Module_Deployment_Tool\modules\deploy_feature_store_V1.2.py
"""feature_data_loader.py"",",E:\football_v\00_SYSTEM_TOOLS\Module_Deployment_Tool\modules\deploy_feature_store_V1.2.py
"""feature_dataset_exporter.py"",",E:\football_v\00_SYSTEM_TOOLS\Module_Deployment_Tool\modules\deploy_feature_store_V1.2.py
"""feature_pipeline_runner.py""",E:\football_v\00_SYSTEM_TOOLS\Module_Deployment_Tool\modules\deploy_feature_store_V1.2.py
"""Feature Store V1.2"",",E:\football_v\00_SYSTEM_TOOLS\Module_Deployment_Tool\modules\deploy_feature_store_V1.2.py
"print(""Feature Store V1.2 Deployment PASS"")",E:\football_v\00_SYSTEM_TOOLS\Module_Deployment_Tool\modules\deploy_feature_store_V1.2.py
FEATURE_STORE_PATH,E:\football_v\00_SYSTEM_TOOLS\Module_Deployment_Tool\modules\deploy_feature_store_V1.2.py
FEATURE_STORE_PATH = os.path.join(,E:\football_v\00_SYSTEM_TOOLS\Module_Deployment_Tool\modules\deploy_feature_store_V1.3.py
"""FEATURE_STORE""",E:\football_v\00_SYSTEM_TOOLS\Module_Deployment_Tool\modules\deploy_feature_store_V1.3.py
"print(""Module : Feature Store"")",E:\football_v\00_SYSTEM_TOOLS\Module_Deployment_Tool\modules\deploy_feature_store_V1.3.py
"FEATURE_STORE_PATH,",E:\football_v\00_SYSTEM_TOOLS\Module_Deployment_Tool\modules\deploy_feature_store_V1.3.py
"FEATURE_STORE_PATH + r""\config"",",E:\football_v\00_SYSTEM_TOOLS\Module_Deployment_Tool\modules\deploy_feature_store_V1.3.py
"FEATURE_STORE_PATH + r""\reports"",",E:\football_v\00_SYSTEM_TOOLS\Module_Deployment_Tool\modules\deploy_feature_store_V1.3.py
"FEATURE_STORE_PATH + r""\tests""",E:\football_v\00_SYSTEM_TOOLS\Module_Deployment_Tool\modules\deploy_feature_store_V1.3.py
FEATURE_STORE_PATH +,E:\football_v\00_SYSTEM_TOOLS\Module_Deployment_Tool\modules\deploy_feature_store_V1.3.py
"r""\feature_database_service.py"",",E:\football_v\00_SYSTEM_TOOLS\Module_Deployment_Tool\modules\deploy_feature_store_V1.3.py
class FeatureDatabaseService:,E:\football_v\00_SYSTEM_TOOLS\Module_Deployment_Tool\modules\deploy_feature_store_V1.3.py
FEATURE_STORE_PATH +,E:\football_v\00_SYSTEM_TOOLS\Module_Deployment_Tool\modules\deploy_feature_store_V1.3.py
"r""\feature_table_mapper.py"",",E:\football_v\00_SYSTEM_TOOLS\Module_Deployment_Tool\modules\deploy_feature_store_V1.3.py
class FeatureTableMapper:,E:\football_v\00_SYSTEM_TOOLS\Module_Deployment_Tool\modules\deploy_feature_store_V1.3.py
FEATURE_STORE_PATH +,E:\football_v\00_SYSTEM_TOOLS\Module_Deployment_Tool\modules\deploy_feature_store_V1.3.py
"r""\feature_query_engine.py"",",E:\football_v\00_SYSTEM_TOOLS\Module_Deployment_Tool\modules\deploy_feature_store_V1.3.py
class FeatureQueryEngine:,E:\football_v\00_SYSTEM_TOOLS\Module_Deployment_Tool\modules\deploy_feature_store_V1.3.py
FEATURE_STORE_PATH +,E:\football_v\00_SYSTEM_TOOLS\Module_Deployment_Tool\modules\deploy_feature_store_V1.3.py
"r""\feature_dataset_generator.py"",",E:\football_v\00_SYSTEM_TOOLS\Module_Deployment_Tool\modules\deploy_feature_store_V1.3.py
class FeatureDatasetGenerator:,E:\football_v\00_SYSTEM_TOOLS\Module_Deployment_Tool\modules\deploy_feature_store_V1.3.py
FEATURE_STORE_PATH +,E:\football_v\00_SYSTEM_TOOLS\Module_Deployment_Tool\modules\deploy_feature_store_V1.3.py
"""Feature Store"",",E:\football_v\00_SYSTEM_TOOLS\Module_Deployment_Tool\modules\deploy_feature_store_V1.3.py
FEATURE_STORE_PATH +,E:\football_v\00_SYSTEM_TOOLS\Module_Deployment_Tool\modules\deploy_feature_store_V1.3.py
"r""\reports\feature_database_report.json"",",E:\football_v\00_SYSTEM_TOOLS\Module_Deployment_Tool\modules\deploy_feature_store_V1.3.py
"""Feature Store"",",E:\football_v\00_SYSTEM_TOOLS\Module_Deployment_Tool\modules\deploy_feature_store_V1.3.py
FEATURE_STORE_PATH +,E:\football_v\00_SYSTEM_TOOLS\Module_Deployment_Tool\modules\deploy_feature_store_V1.3.py
"r""\tests\feature_database_integration_test.py"",",E:\football_v\00_SYSTEM_TOOLS\Module_Deployment_Tool\modules\deploy_feature_store_V1.3.py
"""feature_database_service.py"",",E:\football_v\00_SYSTEM_TOOLS\Module_Deployment_Tool\modules\deploy_feature_store_V1.3.py
"""feature_table_mapper.py"",",E:\football_v\00_SYSTEM_TOOLS\Module_Deployment_Tool\modules\deploy_feature_store_V1.3.py
"""feature_query_engine.py"",",E:\football_v\00_SYSTEM_TOOLS\Module_Deployment_Tool\modules\deploy_feature_store_V1.3.py
"""feature_dataset_generator.py""",E:\football_v\00_SYSTEM_TOOLS\Module_Deployment_Tool\modules\deploy_feature_store_V1.3.py
"""Feature Store V1.3"",",E:\football_v\00_SYSTEM_TOOLS\Module_Deployment_Tool\modules\deploy_feature_store_V1.3.py
"""Feature Store V1.3 Deployment PASS""",E:\football_v\00_SYSTEM_TOOLS\Module_Deployment_Tool\modules\deploy_feature_store_V1.3.py
FEATURE_STORE_PATH,E:\football_v\00_SYSTEM_TOOLS\Module_Deployment_Tool\modules\deploy_feature_store_V1.3.py
FEATURE_STORE_PATH = os.path.join(,E:\football_v\00_SYSTEM_TOOLS\Module_Deployment_Tool\modules\deploy_feature_store_V1.4.py
"""FEATURE_STORE""",E:\football_v\00_SYSTEM_TOOLS\Module_Deployment_Tool\modules\deploy_feature_store_V1.4.py
"""Module : Feature Store""",E:\football_v\00_SYSTEM_TOOLS\Module_Deployment_Tool\modules\deploy_feature_store_V1.4.py
"DATABASE_DEVELOPMENT + r""\feature_dataset""",E:\football_v\00_SYSTEM_TOOLS\Module_Deployment_Tool\modules\deploy_feature_store_V1.4.py
# Feature Store folders,E:\football_v\00_SYSTEM_TOOLS\Module_Deployment_Tool\modules\deploy_feature_store_V1.4.py
"FEATURE_STORE_PATH,",E:\football_v\00_SYSTEM_TOOLS\Module_Deployment_Tool\modules\deploy_feature_store_V1.4.py
"FEATURE_STORE_PATH + r""\config"",",E:\football_v\00_SYSTEM_TOOLS\Module_Deployment_Tool\modules\deploy_feature_store_V1.4.py
"FEATURE_STORE_PATH + r""\schema"",",E:\football_v\00_SYSTEM_TOOLS\Module_Deployment_Tool\modules\deploy_feature_store_V1.4.py
"FEATURE_STORE_PATH + r""\reports"",",E:\football_v\00_SYSTEM_TOOLS\Module_Deployment_Tool\modules\deploy_feature_store_V1.4.py
"FEATURE_STORE_PATH + r""\tests""",E:\football_v\00_SYSTEM_TOOLS\Module_Deployment_Tool\modules\deploy_feature_store_V1.4.py
FEATURE_STORE_PATH +,E:\football_v\00_SYSTEM_TOOLS\Module_Deployment_Tool\modules\deploy_feature_store_V1.4.py
"r""\feature_match_reader.py"",",E:\football_v\00_SYSTEM_TOOLS\Module_Deployment_Tool\modules\deploy_feature_store_V1.4.py
class FeatureMatchReader:,E:\football_v\00_SYSTEM_TOOLS\Module_Deployment_Tool\modules\deploy_feature_store_V1.4.py
# Feature Generator,E:\football_v\00_SYSTEM_TOOLS\Module_Deployment_Tool\modules\deploy_feature_store_V1.4.py
FEATURE_STORE_PATH +,E:\football_v\00_SYSTEM_TOOLS\Module_Deployment_Tool\modules\deploy_feature_store_V1.4.py
"r""\feature_feature_generator.py"",",E:\football_v\00_SYSTEM_TOOLS\Module_Deployment_Tool\modules\deploy_feature_store_V1.4.py
class FeatureGenerator:,E:\football_v\00_SYSTEM_TOOLS\Module_Deployment_Tool\modules\deploy_feature_store_V1.4.py
FEATURE_STORE_PATH +,E:\football_v\00_SYSTEM_TOOLS\Module_Deployment_Tool\modules\deploy_feature_store_V1.4.py
"r""\feature_dataset_schema_validator.py"",",E:\football_v\00_SYSTEM_TOOLS\Module_Deployment_Tool\modules\deploy_feature_store_V1.4.py
FEATURE_STORE_PATH +,E:\football_v\00_SYSTEM_TOOLS\Module_Deployment_Tool\modules\deploy_feature_store_V1.4.py
"r""\feature_dataset_reporter.py"",",E:\football_v\00_SYSTEM_TOOLS\Module_Deployment_Tool\modules\deploy_feature_store_V1.4.py
class FeatureDatasetReporter:,E:\football_v\00_SYSTEM_TOOLS\Module_Deployment_Tool\modules\deploy_feature_store_V1.4.py
FEATURE_STORE_PATH +,E:\football_v\00_SYSTEM_TOOLS\Module_Deployment_Tool\modules\deploy_feature_store_V1.4.py
"""Feature Store"",",E:\football_v\00_SYSTEM_TOOLS\Module_Deployment_Tool\modules\deploy_feature_store_V1.4.py
FEATURE_STORE_PATH +,E:\football_v\00_SYSTEM_TOOLS\Module_Deployment_Tool\modules\deploy_feature_store_V1.4.py
FEATURE_STORE_PATH +,E:\football_v\00_SYSTEM_TOOLS\Module_Deployment_Tool\modules\deploy_feature_store_V1.4.py
"r""\reports\feature_dataset_generation_report.json"",",E:\football_v\00_SYSTEM_TOOLS\Module_Deployment_Tool\modules\deploy_feature_store_V1.4.py
"""Feature Store"",",E:\football_v\00_SYSTEM_TOOLS\Module_Deployment_Tool\modules\deploy_feature_store_V1.4.py
FEATURE_STORE_PATH +,E:\football_v\00_SYSTEM_TOOLS\Module_Deployment_Tool\modules\deploy_feature_store_V1.4.py
"r""\tests\feature_dataset_generation_test.py"",",E:\football_v\00_SYSTEM_TOOLS\Module_Deployment_Tool\modules\deploy_feature_store_V1.4.py
"""feature_match_reader.py"",",E:\football_v\00_SYSTEM_TOOLS\Module_Deployment_Tool\modules\deploy_feature_store_V1.4.py
"""feature_feature_generator.py"",",E:\football_v\00_SYSTEM_TOOLS\Module_Deployment_Tool\modules\deploy_feature_store_V1.4.py
"""feature_dataset_schema_validator.py"",",E:\football_v\00_SYSTEM_TOOLS\Module_Deployment_Tool\modules\deploy_feature_store_V1.4.py
"""feature_dataset_reporter.py""",E:\football_v\00_SYSTEM_TOOLS\Module_Deployment_Tool\modules\deploy_feature_store_V1.4.py
"""Feature Store V1.4"",",E:\football_v\00_SYSTEM_TOOLS\Module_Deployment_Tool\modules\deploy_feature_store_V1.4.py
"""Feature Store V1.4 Deployment PASS""",E:\football_v\00_SYSTEM_TOOLS\Module_Deployment_Tool\modules\deploy_feature_store_V1.4.py
FEATURE_STORE_PATH,E:\football_v\00_SYSTEM_TOOLS\Module_Deployment_Tool\modules\deploy_feature_store_V1.4.py
FEATURE_STORE_PATH = os.path.join(,E:\football_v\00_SYSTEM_TOOLS\Module_Deployment_Tool\modules\deploy_feature_store_V1.5.py
"""FEATURE_STORE""",E:\football_v\00_SYSTEM_TOOLS\Module_Deployment_Tool\modules\deploy_feature_store_V1.5.py
"print(""Module : Feature Store"")",E:\football_v\00_SYSTEM_TOOLS\Module_Deployment_Tool\modules\deploy_feature_store_V1.5.py
"FEATURE_STORE_PATH,",E:\football_v\00_SYSTEM_TOOLS\Module_Deployment_Tool\modules\deploy_feature_store_V1.5.py
"FEATURE_STORE_PATH+r""\schema"",",E:\football_v\00_SYSTEM_TOOLS\Module_Deployment_Tool\modules\deploy_feature_store_V1.5.py
"FEATURE_STORE_PATH+r""\reports"",",E:\football_v\00_SYSTEM_TOOLS\Module_Deployment_Tool\modules\deploy_feature_store_V1.5.py
"FEATURE_STORE_PATH+r""\tests""",E:\football_v\00_SYSTEM_TOOLS\Module_Deployment_Tool\modules\deploy_feature_store_V1.5.py
FEATURE_STORE_PATH+,E:\football_v\00_SYSTEM_TOOLS\Module_Deployment_Tool\modules\deploy_feature_store_V1.5.py
"r""\feature_dataset_builder_v2.py"",",E:\football_v\00_SYSTEM_TOOLS\Module_Deployment_Tool\modules\deploy_feature_store_V1.5.py
class FeatureDatasetBuilderV2:,E:\football_v\00_SYSTEM_TOOLS\Module_Deployment_Tool\modules\deploy_feature_store_V1.5.py
FEATURE_STORE_PATH+,E:\football_v\00_SYSTEM_TOOLS\Module_Deployment_Tool\modules\deploy_feature_store_V1.5.py
"r""\feature_model_adapter.py"",",E:\football_v\00_SYSTEM_TOOLS\Module_Deployment_Tool\modules\deploy_feature_store_V1.5.py
class FeatureModelAdapter:,E:\football_v\00_SYSTEM_TOOLS\Module_Deployment_Tool\modules\deploy_feature_store_V1.5.py
def get_common_features(,E:\football_v\00_SYSTEM_TOOLS\Module_Deployment_Tool\modules\deploy_feature_store_V1.5.py
def get_elo_features(,E:\football_v\00_SYSTEM_TOOLS\Module_Deployment_Tool\modules\deploy_feature_store_V1.5.py
def get_poisson_features(,E:\football_v\00_SYSTEM_TOOLS\Module_Deployment_Tool\modules\deploy_feature_store_V1.5.py
def get_xgb_features(,E:\football_v\00_SYSTEM_TOOLS\Module_Deployment_Tool\modules\deploy_feature_store_V1.5.py
FEATURE_STORE_PATH+,E:\football_v\00_SYSTEM_TOOLS\Module_Deployment_Tool\modules\deploy_feature_store_V1.5.py
"r""\feature_probability_schema.py"",",E:\football_v\00_SYSTEM_TOOLS\Module_Deployment_Tool\modules\deploy_feature_store_V1.5.py
FEATURE_STORE_PATH+,E:\football_v\00_SYSTEM_TOOLS\Module_Deployment_Tool\modules\deploy_feature_store_V1.5.py
"r""\feature_dataset_version_manager.py"",",E:\football_v\00_SYSTEM_TOOLS\Module_Deployment_Tool\modules\deploy_feature_store_V1.5.py
class FeatureDatasetVersionManager:,E:\football_v\00_SYSTEM_TOOLS\Module_Deployment_Tool\modules\deploy_feature_store_V1.5.py
"CURRENT_VERSION=""AI_FEATURE_DATASET_V1.0""",E:\football_v\00_SYSTEM_TOOLS\Module_Deployment_Tool\modules\deploy_feature_store_V1.5.py
FEATURE_STORE_PATH+,E:\football_v\00_SYSTEM_TOOLS\Module_Deployment_Tool\modules\deploy_feature_store_V1.5.py
"r""\schema\ai_feature_dataset_schema.json"",",E:\football_v\00_SYSTEM_TOOLS\Module_Deployment_Tool\modules\deploy_feature_store_V1.5.py
"""AI_FEATURE_DATASET"",",E:\football_v\00_SYSTEM_TOOLS\Module_Deployment_Tool\modules\deploy_feature_store_V1.5.py
FEATURE_STORE_PATH+,E:\football_v\00_SYSTEM_TOOLS\Module_Deployment_Tool\modules\deploy_feature_store_V1.5.py
"r""\reports\ai_feature_dataset_report.json"",",E:\football_v\00_SYSTEM_TOOLS\Module_Deployment_Tool\modules\deploy_feature_store_V1.5.py
"""Feature Store"",",E:\football_v\00_SYSTEM_TOOLS\Module_Deployment_Tool\modules\deploy_feature_store_V1.5.py
"""AI_FEATURE_DATASET_V1.0"",",E:\football_v\00_SYSTEM_TOOLS\Module_Deployment_Tool\modules\deploy_feature_store_V1.5.py
FEATURE_STORE_PATH+,E:\football_v\00_SYSTEM_TOOLS\Module_Deployment_Tool\modules\deploy_feature_store_V1.5.py
"r""\tests\ai_feature_dataset_test.py"",",E:\football_v\00_SYSTEM_TOOLS\Module_Deployment_Tool\modules\deploy_feature_store_V1.5.py
"""feature_dataset_builder_v2.py"",",E:\football_v\00_SYSTEM_TOOLS\Module_Deployment_Tool\modules\deploy_feature_store_V1.5.py
"""feature_model_adapter.py"",",E:\football_v\00_SYSTEM_TOOLS\Module_Deployment_Tool\modules\deploy_feature_store_V1.5.py
"""feature_probability_schema.py"",",E:\football_v\00_SYSTEM_TOOLS\Module_Deployment_Tool\modules\deploy_feature_store_V1.5.py
"""feature_dataset_version_manager.py""",E:\football_v\00_SYSTEM_TOOLS\Module_Deployment_Tool\modules\deploy_feature_store_V1.5.py
"""Feature Store V1.5"",",E:\football_v\00_SYSTEM_TOOLS\Module_Deployment_Tool\modules\deploy_feature_store_V1.5.py
"""Feature Store V1.5 Deployment PASS""",E:\football_v\00_SYSTEM_TOOLS\Module_Deployment_Tool\modules\deploy_feature_store_V1.5.py
FEATURE_STORE_PATH,E:\football_v\00_SYSTEM_TOOLS\Module_Deployment_Tool\modules\deploy_feature_store_V1.5.py
FEATURE_STORE_PATH = os.path.join(,E:\football_v\00_SYSTEM_TOOLS\Module_Deployment_Tool\modules\deploy_feature_store_V1.6.py
"""FEATURE_STORE""",E:\football_v\00_SYSTEM_TOOLS\Module_Deployment_Tool\modules\deploy_feature_store_V1.6.py
"print(""Module : Feature Store"")",E:\football_v\00_SYSTEM_TOOLS\Module_Deployment_Tool\modules\deploy_feature_store_V1.6.py
"FEATURE_STORE_PATH+r""\adapters"",",E:\football_v\00_SYSTEM_TOOLS\Module_Deployment_Tool\modules\deploy_feature_store_V1.6.py
"FEATURE_STORE_PATH+r""\reports"",",E:\football_v\00_SYSTEM_TOOLS\Module_Deployment_Tool\modules\deploy_feature_store_V1.6.py
"FEATURE_STORE_PATH+r""\tests""",E:\football_v\00_SYSTEM_TOOLS\Module_Deployment_Tool\modules\deploy_feature_store_V1.6.py
FEATURE_STORE_PATH+,E:\football_v\00_SYSTEM_TOOLS\Module_Deployment_Tool\modules\deploy_feature_store_V1.6.py
"r""\adapters\elo_feature_adapter.py"",",E:\football_v\00_SYSTEM_TOOLS\Module_Deployment_Tool\modules\deploy_feature_store_V1.6.py
class EloFeatureAdapter:,E:\football_v\00_SYSTEM_TOOLS\Module_Deployment_Tool\modules\deploy_feature_store_V1.6.py
def get_elo_features(,E:\football_v\00_SYSTEM_TOOLS\Module_Deployment_Tool\modules\deploy_feature_store_V1.6.py
FEATURE_STORE_PATH+,E:\football_v\00_SYSTEM_TOOLS\Module_Deployment_Tool\modules\deploy_feature_store_V1.6.py
"r""\adapters\dixon_coles_feature_adapter.py"",",E:\football_v\00_SYSTEM_TOOLS\Module_Deployment_Tool\modules\deploy_feature_store_V1.6.py
class DixonColesFeatureAdapter:,E:\football_v\00_SYSTEM_TOOLS\Module_Deployment_Tool\modules\deploy_feature_store_V1.6.py
def get_dixon_coles_features(,E:\football_v\00_SYSTEM_TOOLS\Module_Deployment_Tool\modules\deploy_feature_store_V1.6.py
FEATURE_STORE_PATH+,E:\football_v\00_SYSTEM_TOOLS\Module_Deployment_Tool\modules\deploy_feature_store_V1.6.py
"r""\adapters\poisson_feature_adapter.py"",",E:\football_v\00_SYSTEM_TOOLS\Module_Deployment_Tool\modules\deploy_feature_store_V1.6.py
class PoissonFeatureAdapter:,E:\football_v\00_SYSTEM_TOOLS\Module_Deployment_Tool\modules\deploy_feature_store_V1.6.py
def get_poisson_features(,E:\football_v\00_SYSTEM_TOOLS\Module_Deployment_Tool\modules\deploy_feature_store_V1.6.py
FEATURE_STORE_PATH+,E:\football_v\00_SYSTEM_TOOLS\Module_Deployment_Tool\modules\deploy_feature_store_V1.6.py
"r""\adapters\xgboost_feature_adapter.py"",",E:\football_v\00_SYSTEM_TOOLS\Module_Deployment_Tool\modules\deploy_feature_store_V1.6.py
class XGBoostFeatureAdapter:,E:\football_v\00_SYSTEM_TOOLS\Module_Deployment_Tool\modules\deploy_feature_store_V1.6.py
def get_xgb_features(,E:\football_v\00_SYSTEM_TOOLS\Module_Deployment_Tool\modules\deploy_feature_store_V1.6.py
"""feature_vector"":",E:\football_v\00_SYSTEM_TOOLS\Module_Deployment_Tool\modules\deploy_feature_store_V1.6.py
"""feature_vector"",",E:\football_v\00_SYSTEM_TOOLS\Module_Deployment_Tool\modules\deploy_feature_store_V1.6.py
FEATURE_STORE_PATH+,E:\football_v\00_SYSTEM_TOOLS\Module_Deployment_Tool\modules\deploy_feature_store_V1.6.py
"r""\adapters\fusion_feature_adapter.py"",",E:\football_v\00_SYSTEM_TOOLS\Module_Deployment_Tool\modules\deploy_feature_store_V1.6.py
class FusionFeatureAdapter:,E:\football_v\00_SYSTEM_TOOLS\Module_Deployment_Tool\modules\deploy_feature_store_V1.6.py
features,E:\football_v\00_SYSTEM_TOOLS\Module_Deployment_Tool\modules\deploy_feature_store_V1.6.py
return features,E:\football_v\00_SYSTEM_TOOLS\Module_Deployment_Tool\modules\deploy_feature_store_V1.6.py
FEATURE_STORE_PATH+,E:\football_v\00_SYSTEM_TOOLS\Module_Deployment_Tool\modules\deploy_feature_store_V1.6.py
"r""\feature_model_interface.py"",",E:\football_v\00_SYSTEM_TOOLS\Module_Deployment_Tool\modules\deploy_feature_store_V1.6.py
class FeatureModelInterface:,E:\football_v\00_SYSTEM_TOOLS\Module_Deployment_Tool\modules\deploy_feature_store_V1.6.py
FEATURE_STORE_PATH+,E:\football_v\00_SYSTEM_TOOLS\Module_Deployment_Tool\modules\deploy_feature_store_V1.6.py
"r""\feature_model_registry.py"",",E:\football_v\00_SYSTEM_TOOLS\Module_Deployment_Tool\modules\deploy_feature_store_V1.6.py
class FeatureModelRegistry:,E:\football_v\00_SYSTEM_TOOLS\Module_Deployment_Tool\modules\deploy_feature_store_V1.6.py
FEATURE_STORE_PATH+,E:\football_v\00_SYSTEM_TOOLS\Module_Deployment_Tool\modules\deploy_feature_store_V1.6.py
"r""\reports\model_feature_mapping_report.json"",",E:\football_v\00_SYSTEM_TOOLS\Module_Deployment_Tool\modules\deploy_feature_store_V1.6.py
"""Feature Store"",",E:\football_v\00_SYSTEM_TOOLS\Module_Deployment_Tool\modules\deploy_feature_store_V1.6.py
FEATURE_STORE_PATH+,E:\football_v\00_SYSTEM_TOOLS\Module_Deployment_Tool\modules\deploy_feature_store_V1.6.py
"r""\tests\model_feature_adapter_test.py"",",E:\football_v\00_SYSTEM_TOOLS\Module_Deployment_Tool\modules\deploy_feature_store_V1.6.py
"""feature_model_interface.py"",",E:\football_v\00_SYSTEM_TOOLS\Module_Deployment_Tool\modules\deploy_feature_store_V1.6.py
"""feature_model_registry.py"",",E:\football_v\00_SYSTEM_TOOLS\Module_Deployment_Tool\modules\deploy_feature_store_V1.6.py
"""adapters/elo_feature_adapter.py"",",E:\football_v\00_SYSTEM_TOOLS\Module_Deployment_Tool\modules\deploy_feature_store_V1.6.py
"""adapters/dixon_coles_feature_adapter.py"",",E:\football_v\00_SYSTEM_TOOLS\Module_Deployment_Tool\modules\deploy_feature_store_V1.6.py
"""adapters/poisson_feature_adapter.py"",",E:\football_v\00_SYSTEM_TOOLS\Module_Deployment_Tool\modules\deploy_feature_store_V1.6.py
"""adapters/xgboost_feature_adapter.py"",",E:\football_v\00_SYSTEM_TOOLS\Module_Deployment_Tool\modules\deploy_feature_store_V1.6.py
"""adapters/fusion_feature_adapter.py""",E:\football_v\00_SYSTEM_TOOLS\Module_Deployment_Tool\modules\deploy_feature_store_V1.6.py
"""Feature Store V1.6"",",E:\football_v\00_SYSTEM_TOOLS\Module_Deployment_Tool\modules\deploy_feature_store_V1.6.py
"print(""Feature Store V1.6 Deployment PASS"")",E:\football_v\00_SYSTEM_TOOLS\Module_Deployment_Tool\modules\deploy_feature_store_V1.6.py
print(FEATURE_STORE_PATH),E:\football_v\00_SYSTEM_TOOLS\Module_Deployment_Tool\modules\deploy_feature_store_V1.6.py
FEATURE_STORE_PATH = os.path.join(,E:\football_v\00_SYSTEM_TOOLS\Module_Deployment_Tool\modules\deploy_feature_store_V1.7.py
"""FEATURE_STORE""",E:\football_v\00_SYSTEM_TOOLS\Module_Deployment_Tool\modules\deploy_feature_store_V1.7.py
"print(""Module : Feature Store"")",E:\football_v\00_SYSTEM_TOOLS\Module_Deployment_Tool\modules\deploy_feature_store_V1.7.py
"FEATURE_STORE_PATH+r""\config"",",E:\football_v\00_SYSTEM_TOOLS\Module_Deployment_Tool\modules\deploy_feature_store_V1.7.py
"FEATURE_STORE_PATH+r""\reports"",",E:\football_v\00_SYSTEM_TOOLS\Module_Deployment_Tool\modules\deploy_feature_store_V1.7.py
"FEATURE_STORE_PATH+r""\tests"",",E:\football_v\00_SYSTEM_TOOLS\Module_Deployment_Tool\modules\deploy_feature_store_V1.7.py
FEATURE_STORE_PATH+,E:\football_v\00_SYSTEM_TOOLS\Module_Deployment_Tool\modules\deploy_feature_store_V1.7.py
FEATURE_STORE_PATH+,E:\football_v\00_SYSTEM_TOOLS\Module_Deployment_Tool\modules\deploy_feature_store_V1.7.py
FEATURE_STORE_PATH+,E:\football_v\00_SYSTEM_TOOLS\Module_Deployment_Tool\modules\deploy_feature_store_V1.7.py
FEATURE_STORE_PATH+,E:\football_v\00_SYSTEM_TOOLS\Module_Deployment_Tool\modules\deploy_feature_store_V1.7.py
FEATURE_STORE_PATH+,E:\football_v\00_SYSTEM_TOOLS\Module_Deployment_Tool\modules\deploy_feature_store_V1.7.py
"""Feature Store"",",E:\football_v\00_SYSTEM_TOOLS\Module_Deployment_Tool\modules\deploy_feature_store_V1.7.py
FEATURE_STORE_PATH+,E:\football_v\00_SYSTEM_TOOLS\Module_Deployment_Tool\modules\deploy_feature_store_V1.7.py
"""Feature Store"",",E:\football_v\00_SYSTEM_TOOLS\Module_Deployment_Tool\modules\deploy_feature_store_V1.7.py
FEATURE_STORE_PATH+,E:\football_v\00_SYSTEM_TOOLS\Module_Deployment_Tool\modules\deploy_feature_store_V1.7.py
"""Feature Store V1.7"",",E:\football_v\00_SYSTEM_TOOLS\Module_Deployment_Tool\modules\deploy_feature_store_V1.7.py
"print(""Feature Store V1.7 Deployment PASS"")",E:\football_v\00_SYSTEM_TOOLS\Module_Deployment_Tool\modules\deploy_feature_store_V1.7.py
print(FEATURE_STORE_PATH),E:\football_v\00_SYSTEM_TOOLS\Module_Deployment_Tool\modules\deploy_feature_store_V1.7.py
FEATURE_STORE_PATH = os.path.join(,E:\football_v\00_SYSTEM_TOOLS\Module_Deployment_Tool\modules\deploy_feature_store_V1.8.py
"""FEATURE_STORE""",E:\football_v\00_SYSTEM_TOOLS\Module_Deployment_Tool\modules\deploy_feature_store_V1.8.py
"""Module : Feature Store""",E:\football_v\00_SYSTEM_TOOLS\Module_Deployment_Tool\modules\deploy_feature_store_V1.8.py
"FEATURE_STORE_PATH+r""\config"",",E:\football_v\00_SYSTEM_TOOLS\Module_Deployment_Tool\modules\deploy_feature_store_V1.8.py
"FEATURE_STORE_PATH+r""\reports"",",E:\football_v\00_SYSTEM_TOOLS\Module_Deployment_Tool\modules\deploy_feature_store_V1.8.py
"FEATURE_STORE_PATH+r""\tests""",E:\football_v\00_SYSTEM_TOOLS\Module_Deployment_Tool\modules\deploy_feature_store_V1.8.py
FEATURE_STORE_PATH+,E:\football_v\00_SYSTEM_TOOLS\Module_Deployment_Tool\modules\deploy_feature_store_V1.8.py
feature_dataset,E:\football_v\00_SYSTEM_TOOLS\Module_Deployment_Tool\modules\deploy_feature_store_V1.8.py
for row in feature_dataset:,E:\football_v\00_SYSTEM_TOOLS\Module_Deployment_Tool\modules\deploy_feature_store_V1.8.py
"""features"":",E:\football_v\00_SYSTEM_TOOLS\Module_Deployment_Tool\modules\deploy_feature_store_V1.8.py
FEATURE_STORE_PATH+,E:\football_v\00_SYSTEM_TOOLS\Module_Deployment_Tool\modules\deploy_feature_store_V1.8.py
FEATURE_STORE_PATH+,E:\football_v\00_SYSTEM_TOOLS\Module_Deployment_Tool\modules\deploy_feature_store_V1.8.py
FEATURE_STORE_PATH+,E:\football_v\00_SYSTEM_TOOLS\Module_Deployment_Tool\modules\deploy_feature_store_V1.8.py
FEATURE_STORE_PATH+,E:\football_v\00_SYSTEM_TOOLS\Module_Deployment_Tool\modules\deploy_feature_store_V1.8.py
"""Feature Store"",",E:\football_v\00_SYSTEM_TOOLS\Module_Deployment_Tool\modules\deploy_feature_store_V1.8.py
FEATURE_STORE_PATH+,E:\football_v\00_SYSTEM_TOOLS\Module_Deployment_Tool\modules\deploy_feature_store_V1.8.py
"""Feature Store"",",E:\football_v\00_SYSTEM_TOOLS\Module_Deployment_Tool\modules\deploy_feature_store_V1.8.py
"""feature_dataset"",",E:\football_v\00_SYSTEM_TOOLS\Module_Deployment_Tool\modules\deploy_feature_store_V1.8.py
FEATURE_STORE_PATH+,E:\football_v\00_SYSTEM_TOOLS\Module_Deployment_Tool\modules\deploy_feature_store_V1.8.py
"""Feature Store V1.8"",",E:\football_v\00_SYSTEM_TOOLS\Module_Deployment_Tool\modules\deploy_feature_store_V1.8.py
"""Feature Store V1.8 Deployment PASS""",E:\football_v\00_SYSTEM_TOOLS\Module_Deployment_Tool\modules\deploy_feature_store_V1.8.py
FEATURE_STORE_PATH,E:\football_v\00_SYSTEM_TOOLS\Module_Deployment_Tool\modules\deploy_feature_store_V1.8.py
FEATURE_STORE_PATH = os.path.join(,E:\football_v\00_SYSTEM_TOOLS\Module_Deployment_Tool\modules\deploy_feature_store_V1.9.py
"""FEATURE_STORE""",E:\football_v\00_SYSTEM_TOOLS\Module_Deployment_Tool\modules\deploy_feature_store_V1.9.py
"""Module : Feature Store""",E:\football_v\00_SYSTEM_TOOLS\Module_Deployment_Tool\modules\deploy_feature_store_V1.9.py
"FEATURE_STORE_PATH+r""\reports"",",E:\football_v\00_SYSTEM_TOOLS\Module_Deployment_Tool\modules\deploy_feature_store_V1.9.py
"FEATURE_STORE_PATH+r""\tests"",",E:\football_v\00_SYSTEM_TOOLS\Module_Deployment_Tool\modules\deploy_feature_store_V1.9.py
# Historical Feature Builder,E:\football_v\00_SYSTEM_TOOLS\Module_Deployment_Tool\modules\deploy_feature_store_V1.9.py
FEATURE_STORE_PATH+,E:\football_v\00_SYSTEM_TOOLS\Module_Deployment_Tool\modules\deploy_feature_store_V1.9.py
"r""\historical_feature_builder.py"",",E:\football_v\00_SYSTEM_TOOLS\Module_Deployment_Tool\modules\deploy_feature_store_V1.9.py
class HistoricalFeatureBuilder:,E:\football_v\00_SYSTEM_TOOLS\Module_Deployment_Tool\modules\deploy_feature_store_V1.9.py
FEATURE_STORE_PATH+,E:\football_v\00_SYSTEM_TOOLS\Module_Deployment_Tool\modules\deploy_feature_store_V1.9.py
"r""\team_form_feature_engine.py"",",E:\football_v\00_SYSTEM_TOOLS\Module_Deployment_Tool\modules\deploy_feature_store_V1.9.py
class TeamFormFeatureEngine:,E:\football_v\00_SYSTEM_TOOLS\Module_Deployment_Tool\modules\deploy_feature_store_V1.9.py
history,E:\football_v\00_SYSTEM_TOOLS\Module_Deployment_Tool\modules\deploy_feature_store_V1.9.py
"history[-5:],",E:\football_v\00_SYSTEM_TOOLS\Module_Deployment_Tool\modules\deploy_feature_store_V1.9.py
history[-10:],E:\football_v\00_SYSTEM_TOOLS\Module_Deployment_Tool\modules\deploy_feature_store_V1.9.py
FEATURE_STORE_PATH+,E:\football_v\00_SYSTEM_TOOLS\Module_Deployment_Tool\modules\deploy_feature_store_V1.9.py
"r""\home_away_feature_engine.py"",",E:\football_v\00_SYSTEM_TOOLS\Module_Deployment_Tool\modules\deploy_feature_store_V1.9.py
class HomeAwayFeatureEngine:,E:\football_v\00_SYSTEM_TOOLS\Module_Deployment_Tool\modules\deploy_feature_store_V1.9.py
"""home_history"":",E:\football_v\00_SYSTEM_TOOLS\Module_Deployment_Tool\modules\deploy_feature_store_V1.9.py
"""away_history"":",E:\football_v\00_SYSTEM_TOOLS\Module_Deployment_Tool\modules\deploy_feature_store_V1.9.py
# Elo History Engine,E:\football_v\00_SYSTEM_TOOLS\Module_Deployment_Tool\modules\deploy_feature_store_V1.9.py
FEATURE_STORE_PATH+,E:\football_v\00_SYSTEM_TOOLS\Module_Deployment_Tool\modules\deploy_feature_store_V1.9.py
"r""\elo_history_feature_engine.py"",",E:\football_v\00_SYSTEM_TOOLS\Module_Deployment_Tool\modules\deploy_feature_store_V1.9.py
class EloHistoryFeatureEngine:,E:\football_v\00_SYSTEM_TOOLS\Module_Deployment_Tool\modules\deploy_feature_store_V1.9.py
elo_history,E:\football_v\00_SYSTEM_TOOLS\Module_Deployment_Tool\modules\deploy_feature_store_V1.9.py
FEATURE_STORE_PATH+,E:\football_v\00_SYSTEM_TOOLS\Module_Deployment_Tool\modules\deploy_feature_store_V1.9.py
"r""\feature_time_series_manager.py"",",E:\football_v\00_SYSTEM_TOOLS\Module_Deployment_Tool\modules\deploy_feature_store_V1.9.py
class FeatureTimeSeriesManager:,E:\football_v\00_SYSTEM_TOOLS\Module_Deployment_Tool\modules\deploy_feature_store_V1.9.py
FEATURE_STORE_PATH+,E:\football_v\00_SYSTEM_TOOLS\Module_Deployment_Tool\modules\deploy_feature_store_V1.9.py
"r""\historical_feature_registry.py"",",E:\football_v\00_SYSTEM_TOOLS\Module_Deployment_Tool\modules\deploy_feature_store_V1.9.py
class HistoricalFeatureRegistry:,E:\football_v\00_SYSTEM_TOOLS\Module_Deployment_Tool\modules\deploy_feature_store_V1.9.py
features=[,E:\football_v\00_SYSTEM_TOOLS\Module_Deployment_Tool\modules\deploy_feature_store_V1.9.py
"""home_away_history"",",E:\football_v\00_SYSTEM_TOOLS\Module_Deployment_Tool\modules\deploy_feature_store_V1.9.py
"""elo_history"",",E:\football_v\00_SYSTEM_TOOLS\Module_Deployment_Tool\modules\deploy_feature_store_V1.9.py
def list_features(self):,E:\football_v\00_SYSTEM_TOOLS\Module_Deployment_Tool\modules\deploy_feature_store_V1.9.py
return self.features,E:\football_v\00_SYSTEM_TOOLS\Module_Deployment_Tool\modules\deploy_feature_store_V1.9.py
FEATURE_STORE_PATH+,E:\football_v\00_SYSTEM_TOOLS\Module_Deployment_Tool\modules\deploy_feature_store_V1.9.py
"r""\reports\historical_feature_report.json"",",E:\football_v\00_SYSTEM_TOOLS\Module_Deployment_Tool\modules\deploy_feature_store_V1.9.py
"""Feature Store"",",E:\football_v\00_SYSTEM_TOOLS\Module_Deployment_Tool\modules\deploy_feature_store_V1.9.py
"""feature_layer"":",E:\football_v\00_SYSTEM_TOOLS\Module_Deployment_Tool\modules\deploy_feature_store_V1.9.py
"""Historical Feature Store"",",E:\football_v\00_SYSTEM_TOOLS\Module_Deployment_Tool\modules\deploy_feature_store_V1.9.py
"r""\feature_store_v1.9_checkpoint.json"",",E:\football_v\00_SYSTEM_TOOLS\Module_Deployment_Tool\modules\deploy_feature_store_V1.9.py
"""Feature Store"",",E:\football_v\00_SYSTEM_TOOLS\Module_Deployment_Tool\modules\deploy_feature_store_V1.9.py
"""historical_feature_builder.py"",",E:\football_v\00_SYSTEM_TOOLS\Module_Deployment_Tool\modules\deploy_feature_store_V1.9.py
"""team_form_feature_engine.py"",",E:\football_v\00_SYSTEM_TOOLS\Module_Deployment_Tool\modules\deploy_feature_store_V1.9.py
"""home_away_feature_engine.py"",",E:\football_v\00_SYSTEM_TOOLS\Module_Deployment_Tool\modules\deploy_feature_store_V1.9.py
"""elo_history_feature_engine.py"",",E:\football_v\00_SYSTEM_TOOLS\Module_Deployment_Tool\modules\deploy_feature_store_V1.9.py
"""feature_time_series_manager.py"",",E:\football_v\00_SYSTEM_TOOLS\Module_Deployment_Tool\modules\deploy_feature_store_V1.9.py
"""historical_feature_registry.py""",E:\football_v\00_SYSTEM_TOOLS\Module_Deployment_Tool\modules\deploy_feature_store_V1.9.py
FEATURE_STORE_PATH+,E:\football_v\00_SYSTEM_TOOLS\Module_Deployment_Tool\modules\deploy_feature_store_V1.9.py
"r""\tests\historical_feature_store_test.py"",",E:\football_v\00_SYSTEM_TOOLS\Module_Deployment_Tool\modules\deploy_feature_store_V1.9.py
"""historical_feature_builder.py"",",E:\football_v\00_SYSTEM_TOOLS\Module_Deployment_Tool\modules\deploy_feature_store_V1.9.py
"""team_form_feature_engine.py"",",E:\football_v\00_SYSTEM_TOOLS\Module_Deployment_Tool\modules\deploy_feature_store_V1.9.py
"""home_away_feature_engine.py"",",E:\football_v\00_SYSTEM_TOOLS\Module_Deployment_Tool\modules\deploy_feature_store_V1.9.py
"""elo_history_feature_engine.py"",",E:\football_v\00_SYSTEM_TOOLS\Module_Deployment_Tool\modules\deploy_feature_store_V1.9.py
"""feature_time_series_manager.py"",",E:\football_v\00_SYSTEM_TOOLS\Module_Deployment_Tool\modules\deploy_feature_store_V1.9.py
"""historical_feature_registry.py""",E:\football_v\00_SYSTEM_TOOLS\Module_Deployment_Tool\modules\deploy_feature_store_V1.9.py
"""Feature Store V1.9"",",E:\football_v\00_SYSTEM_TOOLS\Module_Deployment_Tool\modules\deploy_feature_store_V1.9.py
"""Feature Store V1.9 Deployment PASS""",E:\football_v\00_SYSTEM_TOOLS\Module_Deployment_Tool\modules\deploy_feature_store_V1.9.py
FEATURE_STORE_PATH,E:\football_v\00_SYSTEM_TOOLS\Module_Deployment_Tool\modules\deploy_feature_store_V1.9.py
FEATURE_STORE_PATH = os.path.join(,E:\football_v\00_SYSTEM_TOOLS\Module_Deployment_Tool\modules\deploy_feature_store_V2.0.py
"""FEATURE_STORE""",E:\football_v\00_SYSTEM_TOOLS\Module_Deployment_Tool\modules\deploy_feature_store_V2.0.py
"""Module : Feature Store""",E:\football_v\00_SYSTEM_TOOLS\Module_Deployment_Tool\modules\deploy_feature_store_V2.0.py
"FEATURE_STORE_PATH + r""\schema"",",E:\football_v\00_SYSTEM_TOOLS\Module_Deployment_Tool\modules\deploy_feature_store_V2.0.py
"FEATURE_STORE_PATH + r""\reports"",",E:\football_v\00_SYSTEM_TOOLS\Module_Deployment_Tool\modules\deploy_feature_store_V2.0.py
"FEATURE_STORE_PATH + r""\tests"",",E:\football_v\00_SYSTEM_TOOLS\Module_Deployment_Tool\modules\deploy_feature_store_V2.0.py
# Historical Feature Database Service,E:\football_v\00_SYSTEM_TOOLS\Module_Deployment_Tool\modules\deploy_feature_store_V2.0.py
FEATURE_STORE_PATH +,E:\football_v\00_SYSTEM_TOOLS\Module_Deployment_Tool\modules\deploy_feature_store_V2.0.py
"r""\historical_feature_database.py"",",E:\football_v\00_SYSTEM_TOOLS\Module_Deployment_Tool\modules\deploy_feature_store_V2.0.py
class HistoricalFeatureDatabase:,E:\football_v\00_SYSTEM_TOOLS\Module_Deployment_Tool\modules\deploy_feature_store_V2.0.py
"""historical_feature_db"",",E:\football_v\00_SYSTEM_TOOLS\Module_Deployment_Tool\modules\deploy_feature_store_V2.0.py
FEATURE_STORE_PATH +,E:\football_v\00_SYSTEM_TOOLS\Module_Deployment_Tool\modules\deploy_feature_store_V2.0.py
"r""\historical_feature_repository.py"",",E:\football_v\00_SYSTEM_TOOLS\Module_Deployment_Tool\modules\deploy_feature_store_V2.0.py
class HistoricalFeatureRepository:,E:\football_v\00_SYSTEM_TOOLS\Module_Deployment_Tool\modules\deploy_feature_store_V2.0.py
def save_feature(,E:\football_v\00_SYSTEM_TOOLS\Module_Deployment_Tool\modules\deploy_feature_store_V2.0.py
feature,E:\football_v\00_SYSTEM_TOOLS\Module_Deployment_Tool\modules\deploy_feature_store_V2.0.py
"""feature"":",E:\football_v\00_SYSTEM_TOOLS\Module_Deployment_Tool\modules\deploy_feature_store_V2.0.py
feature,E:\football_v\00_SYSTEM_TOOLS\Module_Deployment_Tool\modules\deploy_feature_store_V2.0.py
def load_feature(,E:\football_v\00_SYSTEM_TOOLS\Module_Deployment_Tool\modules\deploy_feature_store_V2.0.py
FEATURE_STORE_PATH +,E:\football_v\00_SYSTEM_TOOLS\Module_Deployment_Tool\modules\deploy_feature_store_V2.0.py
"r""\feature_query_service.py"",",E:\football_v\00_SYSTEM_TOOLS\Module_Deployment_Tool\modules\deploy_feature_store_V2.0.py
class FeatureQueryService:,E:\football_v\00_SYSTEM_TOOLS\Module_Deployment_Tool\modules\deploy_feature_store_V2.0.py
def query_team_feature(,E:\football_v\00_SYSTEM_TOOLS\Module_Deployment_Tool\modules\deploy_feature_store_V2.0.py
"""features"":",E:\football_v\00_SYSTEM_TOOLS\Module_Deployment_Tool\modules\deploy_feature_store_V2.0.py
FEATURE_STORE_PATH +,E:\football_v\00_SYSTEM_TOOLS\Module_Deployment_Tool\modules\deploy_feature_store_V2.0.py
"r""\feature_snapshot_manager.py"",",E:\football_v\00_SYSTEM_TOOLS\Module_Deployment_Tool\modules\deploy_feature_store_V2.0.py
class FeatureSnapshotManager:,E:\football_v\00_SYSTEM_TOOLS\Module_Deployment_Tool\modules\deploy_feature_store_V2.0.py
FEATURE_STORE_PATH +,E:\football_v\00_SYSTEM_TOOLS\Module_Deployment_Tool\modules\deploy_feature_store_V2.0.py
"r""\schema\historical_feature_schema.json"",",E:\football_v\00_SYSTEM_TOOLS\Module_Deployment_Tool\modules\deploy_feature_store_V2.0.py
"""Feature Store"",",E:\football_v\00_SYSTEM_TOOLS\Module_Deployment_Tool\modules\deploy_feature_store_V2.0.py
"""team_form_history"",",E:\football_v\00_SYSTEM_TOOLS\Module_Deployment_Tool\modules\deploy_feature_store_V2.0.py
"""home_away_history"",",E:\football_v\00_SYSTEM_TOOLS\Module_Deployment_Tool\modules\deploy_feature_store_V2.0.py
"""elo_history"",",E:\football_v\00_SYSTEM_TOOLS\Module_Deployment_Tool\modules\deploy_feature_store_V2.0.py
"""attack_defence_history"",",E:\football_v\00_SYSTEM_TOOLS\Module_Deployment_Tool\modules\deploy_feature_store_V2.0.py
"""model_feature_snapshot""",E:\football_v\00_SYSTEM_TOOLS\Module_Deployment_Tool\modules\deploy_feature_store_V2.0.py
FEATURE_STORE_PATH +,E:\football_v\00_SYSTEM_TOOLS\Module_Deployment_Tool\modules\deploy_feature_store_V2.0.py
"r""\reports\historical_feature_database_report.json"",",E:\football_v\00_SYSTEM_TOOLS\Module_Deployment_Tool\modules\deploy_feature_store_V2.0.py
"""Feature Store"",",E:\football_v\00_SYSTEM_TOOLS\Module_Deployment_Tool\modules\deploy_feature_store_V2.0.py
"""Historical Feature Database"",",E:\football_v\00_SYSTEM_TOOLS\Module_Deployment_Tool\modules\deploy_feature_store_V2.0.py
"r""\feature_store_v2.0_checkpoint.json"",",E:\football_v\00_SYSTEM_TOOLS\Module_Deployment_Tool\modules\deploy_feature_store_V2.0.py
"""Feature Store"",",E:\football_v\00_SYSTEM_TOOLS\Module_Deployment_Tool\modules\deploy_feature_store_V2.0.py
"""historical_feature_database.py"",",E:\football_v\00_SYSTEM_TOOLS\Module_Deployment_Tool\modules\deploy_feature_store_V2.0.py
"""historical_feature_repository.py"",",E:\football_v\00_SYSTEM_TOOLS\Module_Deployment_Tool\modules\deploy_feature_store_V2.0.py
"""feature_query_service.py"",",E:\football_v\00_SYSTEM_TOOLS\Module_Deployment_Tool\modules\deploy_feature_store_V2.0.py
"""feature_snapshot_manager.py""",E:\football_v\00_SYSTEM_TOOLS\Module_Deployment_Tool\modules\deploy_feature_store_V2.0.py
FEATURE_STORE_PATH +,E:\football_v\00_SYSTEM_TOOLS\Module_Deployment_Tool\modules\deploy_feature_store_V2.0.py
"r""\tests\historical_feature_database_test.py"",",E:\football_v\00_SYSTEM_TOOLS\Module_Deployment_Tool\modules\deploy_feature_store_V2.0.py
"""historical_feature_database.py"",",E:\football_v\00_SYSTEM_TOOLS\Module_Deployment_Tool\modules\deploy_feature_store_V2.0.py
"""historical_feature_repository.py"",",E:\football_v\00_SYSTEM_TOOLS\Module_Deployment_Tool\modules\deploy_feature_store_V2.0.py
"""feature_query_service.py"",",E:\football_v\00_SYSTEM_TOOLS\Module_Deployment_Tool\modules\deploy_feature_store_V2.0.py
"""feature_snapshot_manager.py""",E:\football_v\00_SYSTEM_TOOLS\Module_Deployment_Tool\modules\deploy_feature_store_V2.0.py
"""Feature Store V2.0"",",E:\football_v\00_SYSTEM_TOOLS\Module_Deployment_Tool\modules\deploy_feature_store_V2.0.py
"""Feature Store V2.0 Deployment PASS""",E:\football_v\00_SYSTEM_TOOLS\Module_Deployment_Tool\modules\deploy_feature_store_V2.0.py
FEATURE_STORE_PATH,E:\football_v\00_SYSTEM_TOOLS\Module_Deployment_Tool\modules\deploy_feature_store_V2.0.py
FEATURE_STORE_PATH = os.path.join(,E:\football_v\00_SYSTEM_TOOLS\Module_Deployment_Tool\modules\deploy_feature_store_V2.1.py
"""FEATURE_STORE""",E:\football_v\00_SYSTEM_TOOLS\Module_Deployment_Tool\modules\deploy_feature_store_V2.1.py
"""Module : Feature Store""",E:\football_v\00_SYSTEM_TOOLS\Module_Deployment_Tool\modules\deploy_feature_store_V2.1.py
"FEATURE_STORE_PATH+r""\migrations"",",E:\football_v\00_SYSTEM_TOOLS\Module_Deployment_Tool\modules\deploy_feature_store_V2.1.py
"FEATURE_STORE_PATH+r""\reports"",",E:\football_v\00_SYSTEM_TOOLS\Module_Deployment_Tool\modules\deploy_feature_store_V2.1.py
"FEATURE_STORE_PATH+r""\tests"",",E:\football_v\00_SYSTEM_TOOLS\Module_Deployment_Tool\modules\deploy_feature_store_V2.1.py
FEATURE_STORE_PATH+,E:\football_v\00_SYSTEM_TOOLS\Module_Deployment_Tool\modules\deploy_feature_store_V2.1.py
FEATURE_STORE_PATH+,E:\football_v\00_SYSTEM_TOOLS\Module_Deployment_Tool\modules\deploy_feature_store_V2.1.py
"r""\historical_feature_table_creator.py"",",E:\football_v\00_SYSTEM_TOOLS\Module_Deployment_Tool\modules\deploy_feature_store_V2.1.py
class HistoricalFeatureTableCreator:,E:\football_v\00_SYSTEM_TOOLS\Module_Deployment_Tool\modules\deploy_feature_store_V2.1.py
"""team_form_history"",",E:\football_v\00_SYSTEM_TOOLS\Module_Deployment_Tool\modules\deploy_feature_store_V2.1.py
"""home_away_history"",",E:\football_v\00_SYSTEM_TOOLS\Module_Deployment_Tool\modules\deploy_feature_store_V2.1.py
"""elo_history"",",E:\football_v\00_SYSTEM_TOOLS\Module_Deployment_Tool\modules\deploy_feature_store_V2.1.py
"""attack_defence_history"",",E:\football_v\00_SYSTEM_TOOLS\Module_Deployment_Tool\modules\deploy_feature_store_V2.1.py
"""model_feature_snapshot""",E:\football_v\00_SYSTEM_TOOLS\Module_Deployment_Tool\modules\deploy_feature_store_V2.1.py
FEATURE_STORE_PATH+,E:\football_v\00_SYSTEM_TOOLS\Module_Deployment_Tool\modules\deploy_feature_store_V2.1.py
"r""\feature_database_session.py"",",E:\football_v\00_SYSTEM_TOOLS\Module_Deployment_Tool\modules\deploy_feature_store_V2.1.py
class FeatureDatabaseSession:,E:\football_v\00_SYSTEM_TOOLS\Module_Deployment_Tool\modules\deploy_feature_store_V2.1.py
FEATURE_STORE_PATH+,E:\football_v\00_SYSTEM_TOOLS\Module_Deployment_Tool\modules\deploy_feature_store_V2.1.py
"r""\feature_database_health_check.py"",",E:\football_v\00_SYSTEM_TOOLS\Module_Deployment_Tool\modules\deploy_feature_store_V2.1.py
class FeatureDatabaseHealthCheck:,E:\football_v\00_SYSTEM_TOOLS\Module_Deployment_Tool\modules\deploy_feature_store_V2.1.py
FEATURE_STORE_PATH+,E:\football_v\00_SYSTEM_TOOLS\Module_Deployment_Tool\modules\deploy_feature_store_V2.1.py
"r""\migrations\V2.1_create_historical_feature_tables.sql"",",E:\football_v\00_SYSTEM_TOOLS\Module_Deployment_Tool\modules\deploy_feature_store_V2.1.py
-- Feature Store V2.1,E:\football_v\00_SYSTEM_TOOLS\Module_Deployment_Tool\modules\deploy_feature_store_V2.1.py
CREATE TABLE IF NOT EXISTS team_form_history (,E:\football_v\00_SYSTEM_TOOLS\Module_Deployment_Tool\modules\deploy_feature_store_V2.1.py
CREATE TABLE IF NOT EXISTS home_away_history (,E:\football_v\00_SYSTEM_TOOLS\Module_Deployment_Tool\modules\deploy_feature_store_V2.1.py
CREATE TABLE IF NOT EXISTS elo_history (,E:\football_v\00_SYSTEM_TOOLS\Module_Deployment_Tool\modules\deploy_feature_store_V2.1.py
CREATE TABLE IF NOT EXISTS attack_defence_history (,E:\football_v\00_SYSTEM_TOOLS\Module_Deployment_Tool\modules\deploy_feature_store_V2.1.py
CREATE TABLE IF NOT EXISTS model_feature_snapshot (,E:\football_v\00_SYSTEM_TOOLS\Module_Deployment_Tool\modules\deploy_feature_store_V2.1.py
FEATURE_STORE_PATH+,E:\football_v\00_SYSTEM_TOOLS\Module_Deployment_Tool\modules\deploy_feature_store_V2.1.py
"""Feature Store"",",E:\football_v\00_SYSTEM_TOOLS\Module_Deployment_Tool\modules\deploy_feature_store_V2.1.py
"""V2.1_create_historical_feature_tables.sql"",",E:\football_v\00_SYSTEM_TOOLS\Module_Deployment_Tool\modules\deploy_feature_store_V2.1.py
"r""\feature_store_v2.1_checkpoint.json"",",E:\football_v\00_SYSTEM_TOOLS\Module_Deployment_Tool\modules\deploy_feature_store_V2.1.py
"""Feature Store"",",E:\football_v\00_SYSTEM_TOOLS\Module_Deployment_Tool\modules\deploy_feature_store_V2.1.py
"""historical_feature_table_creator.py"",",E:\football_v\00_SYSTEM_TOOLS\Module_Deployment_Tool\modules\deploy_feature_store_V2.1.py
"""feature_database_session.py"",",E:\football_v\00_SYSTEM_TOOLS\Module_Deployment_Tool\modules\deploy_feature_store_V2.1.py
"""feature_database_health_check.py"",",E:\football_v\00_SYSTEM_TOOLS\Module_Deployment_Tool\modules\deploy_feature_store_V2.1.py
"""V2.1_create_historical_feature_tables.sql""",E:\football_v\00_SYSTEM_TOOLS\Module_Deployment_Tool\modules\deploy_feature_store_V2.1.py
FEATURE_STORE_PATH+,E:\football_v\00_SYSTEM_TOOLS\Module_Deployment_Tool\modules\deploy_feature_store_V2.1.py
"r""\tests\feature_database_health_test.py"",",E:\football_v\00_SYSTEM_TOOLS\Module_Deployment_Tool\modules\deploy_feature_store_V2.1.py
"""historical_feature_table_creator.py"",",E:\football_v\00_SYSTEM_TOOLS\Module_Deployment_Tool\modules\deploy_feature_store_V2.1.py
"""feature_database_session.py"",",E:\football_v\00_SYSTEM_TOOLS\Module_Deployment_Tool\modules\deploy_feature_store_V2.1.py
"""feature_database_health_check.py"",",E:\football_v\00_SYSTEM_TOOLS\Module_Deployment_Tool\modules\deploy_feature_store_V2.1.py
"""migrations/V2.1_create_historical_feature_tables.sql""",E:\football_v\00_SYSTEM_TOOLS\Module_Deployment_Tool\modules\deploy_feature_store_V2.1.py
"""Feature Store V2.1"",",E:\football_v\00_SYSTEM_TOOLS\Module_Deployment_Tool\modules\deploy_feature_store_V2.1.py
"""Feature Store V2.1 Deployment PASS""",E:\football_v\00_SYSTEM_TOOLS\Module_Deployment_Tool\modules\deploy_feature_store_V2.1.py
FEATURE_STORE_PATH,E:\football_v\00_SYSTEM_TOOLS\Module_Deployment_Tool\modules\deploy_feature_store_V2.1.py
FEATURE_STORE_PATH = os.path.join(,E:\football_v\00_SYSTEM_TOOLS\Module_Deployment_Tool\modules\deploy_feature_store_V2.2.py
"""FEATURE_STORE""",E:\football_v\00_SYSTEM_TOOLS\Module_Deployment_Tool\modules\deploy_feature_store_V2.2.py
"""Module : Feature Store""",E:\football_v\00_SYSTEM_TOOLS\Module_Deployment_Tool\modules\deploy_feature_store_V2.2.py
"FEATURE_STORE_PATH + r""\config"",",E:\football_v\00_SYSTEM_TOOLS\Module_Deployment_Tool\modules\deploy_feature_store_V2.2.py
"FEATURE_STORE_PATH + r""\reports"",",E:\football_v\00_SYSTEM_TOOLS\Module_Deployment_Tool\modules\deploy_feature_store_V2.2.py
"FEATURE_STORE_PATH + r""\tests"",",E:\football_v\00_SYSTEM_TOOLS\Module_Deployment_Tool\modules\deploy_feature_store_V2.2.py
FEATURE_STORE_PATH +,E:\football_v\00_SYSTEM_TOOLS\Module_Deployment_Tool\modules\deploy_feature_store_V2.2.py
FEATURE_STORE_PATH +,E:\football_v\00_SYSTEM_TOOLS\Module_Deployment_Tool\modules\deploy_feature_store_V2.2.py
FEATURE_STORE_PATH +,E:\football_v\00_SYSTEM_TOOLS\Module_Deployment_Tool\modules\deploy_feature_store_V2.2.py
"r""\feature_crud_service.py"",",E:\football_v\00_SYSTEM_TOOLS\Module_Deployment_Tool\modules\deploy_feature_store_V2.2.py
class FeatureCRUDService:,E:\football_v\00_SYSTEM_TOOLS\Module_Deployment_Tool\modules\deploy_feature_store_V2.2.py
feature,E:\football_v\00_SYSTEM_TOOLS\Module_Deployment_Tool\modules\deploy_feature_store_V2.2.py
"""feature"":",E:\football_v\00_SYSTEM_TOOLS\Module_Deployment_Tool\modules\deploy_feature_store_V2.2.py
feature,E:\football_v\00_SYSTEM_TOOLS\Module_Deployment_Tool\modules\deploy_feature_store_V2.2.py
feature_id,E:\football_v\00_SYSTEM_TOOLS\Module_Deployment_Tool\modules\deploy_feature_store_V2.2.py
"""feature_id"":",E:\football_v\00_SYSTEM_TOOLS\Module_Deployment_Tool\modules\deploy_feature_store_V2.2.py
feature_id,E:\football_v\00_SYSTEM_TOOLS\Module_Deployment_Tool\modules\deploy_feature_store_V2.2.py
feature,E:\football_v\00_SYSTEM_TOOLS\Module_Deployment_Tool\modules\deploy_feature_store_V2.2.py
feature_id,E:\football_v\00_SYSTEM_TOOLS\Module_Deployment_Tool\modules\deploy_feature_store_V2.2.py
FEATURE_STORE_PATH +,E:\football_v\00_SYSTEM_TOOLS\Module_Deployment_Tool\modules\deploy_feature_store_V2.2.py
"r""\historical_feature_repository_v2.py"",",E:\football_v\00_SYSTEM_TOOLS\Module_Deployment_Tool\modules\deploy_feature_store_V2.2.py
class HistoricalFeatureRepositoryV2:,E:\football_v\00_SYSTEM_TOOLS\Module_Deployment_Tool\modules\deploy_feature_store_V2.2.py
FEATURE_STORE_PATH +,E:\football_v\00_SYSTEM_TOOLS\Module_Deployment_Tool\modules\deploy_feature_store_V2.2.py
FEATURE_STORE_PATH +,E:\football_v\00_SYSTEM_TOOLS\Module_Deployment_Tool\modules\deploy_feature_store_V2.2.py
"""Feature Store"",",E:\football_v\00_SYSTEM_TOOLS\Module_Deployment_Tool\modules\deploy_feature_store_V2.2.py
FEATURE_STORE_PATH +,E:\football_v\00_SYSTEM_TOOLS\Module_Deployment_Tool\modules\deploy_feature_store_V2.2.py
"""Feature Store"",",E:\football_v\00_SYSTEM_TOOLS\Module_Deployment_Tool\modules\deploy_feature_store_V2.2.py
"r""\feature_store_v2.2_checkpoint.json"",",E:\football_v\00_SYSTEM_TOOLS\Module_Deployment_Tool\modules\deploy_feature_store_V2.2.py
"""Feature Store"",",E:\football_v\00_SYSTEM_TOOLS\Module_Deployment_Tool\modules\deploy_feature_store_V2.2.py
"""feature_crud_service.py"",",E:\football_v\00_SYSTEM_TOOLS\Module_Deployment_Tool\modules\deploy_feature_store_V2.2.py
"""historical_feature_repository_v2.py"",",E:\football_v\00_SYSTEM_TOOLS\Module_Deployment_Tool\modules\deploy_feature_store_V2.2.py
FEATURE_STORE_PATH +,E:\football_v\00_SYSTEM_TOOLS\Module_Deployment_Tool\modules\deploy_feature_store_V2.2.py
"""feature_crud_service.py"",",E:\football_v\00_SYSTEM_TOOLS\Module_Deployment_Tool\modules\deploy_feature_store_V2.2.py
"""historical_feature_repository_v2.py"",",E:\football_v\00_SYSTEM_TOOLS\Module_Deployment_Tool\modules\deploy_feature_store_V2.2.py
"""Feature Store V2.2"",",E:\football_v\00_SYSTEM_TOOLS\Module_Deployment_Tool\modules\deploy_feature_store_V2.2.py
"""Feature Store V2.2 Deployment PASS""",E:\football_v\00_SYSTEM_TOOLS\Module_Deployment_Tool\modules\deploy_feature_store_V2.2.py
FEATURE_STORE_PATH,E:\football_v\00_SYSTEM_TOOLS\Module_Deployment_Tool\modules\deploy_feature_store_V2.2.py
FEATURE_STORE_PATH = os.path.join(,E:\football_v\00_SYSTEM_TOOLS\Module_Deployment_Tool\modules\deploy_feature_store_V2.3.py
"""FEATURE_STORE""",E:\football_v\00_SYSTEM_TOOLS\Module_Deployment_Tool\modules\deploy_feature_store_V2.3.py
"""Module : Feature Store""",E:\football_v\00_SYSTEM_TOOLS\Module_Deployment_Tool\modules\deploy_feature_store_V2.3.py
"FEATURE_STORE_PATH+r""\config"",",E:\football_v\00_SYSTEM_TOOLS\Module_Deployment_Tool\modules\deploy_feature_store_V2.3.py
"FEATURE_STORE_PATH+r""\reports"",",E:\football_v\00_SYSTEM_TOOLS\Module_Deployment_Tool\modules\deploy_feature_store_V2.3.py
"FEATURE_STORE_PATH+r""\tests"",",E:\football_v\00_SYSTEM_TOOLS\Module_Deployment_Tool\modules\deploy_feature_store_V2.3.py
FEATURE_STORE_PATH+,E:\football_v\00_SYSTEM_TOOLS\Module_Deployment_Tool\modules\deploy_feature_store_V2.3.py
# Feature Loader,E:\football_v\00_SYSTEM_TOOLS\Module_Deployment_Tool\modules\deploy_feature_store_V2.3.py
FEATURE_STORE_PATH+,E:\football_v\00_SYSTEM_TOOLS\Module_Deployment_Tool\modules\deploy_feature_store_V2.3.py
"r""\feature_loader_service.py"",",E:\football_v\00_SYSTEM_TOOLS\Module_Deployment_Tool\modules\deploy_feature_store_V2.3.py
class FeatureLoaderService:,E:\football_v\00_SYSTEM_TOOLS\Module_Deployment_Tool\modules\deploy_feature_store_V2.3.py
FEATURE_STORE_PATH+,E:\football_v\00_SYSTEM_TOOLS\Module_Deployment_Tool\modules\deploy_feature_store_V2.3.py
"r""\feature_validation_service.py"",",E:\football_v\00_SYSTEM_TOOLS\Module_Deployment_Tool\modules\deploy_feature_store_V2.3.py
class FeatureValidationService:,E:\football_v\00_SYSTEM_TOOLS\Module_Deployment_Tool\modules\deploy_feature_store_V2.3.py
FEATURE_STORE_PATH+,E:\football_v\00_SYSTEM_TOOLS\Module_Deployment_Tool\modules\deploy_feature_store_V2.3.py
"r""\feature_data_ingestion.py"",",E:\football_v\00_SYSTEM_TOOLS\Module_Deployment_Tool\modules\deploy_feature_store_V2.3.py
class FeatureDataIngestion:,E:\football_v\00_SYSTEM_TOOLS\Module_Deployment_Tool\modules\deploy_feature_store_V2.3.py
FEATURE_STORE_PATH+,E:\football_v\00_SYSTEM_TOOLS\Module_Deployment_Tool\modules\deploy_feature_store_V2.3.py
"r""\feature_ingestion_scheduler.py"",",E:\football_v\00_SYSTEM_TOOLS\Module_Deployment_Tool\modules\deploy_feature_store_V2.3.py
class FeatureIngestionScheduler:,E:\football_v\00_SYSTEM_TOOLS\Module_Deployment_Tool\modules\deploy_feature_store_V2.3.py
FEATURE_STORE_PATH+,E:\football_v\00_SYSTEM_TOOLS\Module_Deployment_Tool\modules\deploy_feature_store_V2.3.py
"""Feature Store"",",E:\football_v\00_SYSTEM_TOOLS\Module_Deployment_Tool\modules\deploy_feature_store_V2.3.py
FEATURE_STORE_PATH+,E:\football_v\00_SYSTEM_TOOLS\Module_Deployment_Tool\modules\deploy_feature_store_V2.3.py
"""Feature Store"",",E:\football_v\00_SYSTEM_TOOLS\Module_Deployment_Tool\modules\deploy_feature_store_V2.3.py
"""Real Feature Data Ingestion Layer"",",E:\football_v\00_SYSTEM_TOOLS\Module_Deployment_Tool\modules\deploy_feature_store_V2.3.py
"r""\feature_store_v2.3_checkpoint.json"",",E:\football_v\00_SYSTEM_TOOLS\Module_Deployment_Tool\modules\deploy_feature_store_V2.3.py
"""Feature Store"",",E:\football_v\00_SYSTEM_TOOLS\Module_Deployment_Tool\modules\deploy_feature_store_V2.3.py
"""feature_loader_service.py"",",E:\football_v\00_SYSTEM_TOOLS\Module_Deployment_Tool\modules\deploy_feature_store_V2.3.py
"""feature_validation_service.py"",",E:\football_v\00_SYSTEM_TOOLS\Module_Deployment_Tool\modules\deploy_feature_store_V2.3.py
"""feature_data_ingestion.py"",",E:\football_v\00_SYSTEM_TOOLS\Module_Deployment_Tool\modules\deploy_feature_store_V2.3.py
"""feature_ingestion_scheduler.py""",E:\football_v\00_SYSTEM_TOOLS\Module_Deployment_Tool\modules\deploy_feature_store_V2.3.py
FEATURE_STORE_PATH+,E:\football_v\00_SYSTEM_TOOLS\Module_Deployment_Tool\modules\deploy_feature_store_V2.3.py
"r""\tests\feature_ingestion_test.py"",",E:\football_v\00_SYSTEM_TOOLS\Module_Deployment_Tool\modules\deploy_feature_store_V2.3.py
"""feature_loader_service.py"",",E:\football_v\00_SYSTEM_TOOLS\Module_Deployment_Tool\modules\deploy_feature_store_V2.3.py
"""feature_validation_service.py"",",E:\football_v\00_SYSTEM_TOOLS\Module_Deployment_Tool\modules\deploy_feature_store_V2.3.py
"""feature_data_ingestion.py"",",E:\football_v\00_SYSTEM_TOOLS\Module_Deployment_Tool\modules\deploy_feature_store_V2.3.py
"""feature_ingestion_scheduler.py""",E:\football_v\00_SYSTEM_TOOLS\Module_Deployment_Tool\modules\deploy_feature_store_V2.3.py
"""Feature Store V2.3"",",E:\football_v\00_SYSTEM_TOOLS\Module_Deployment_Tool\modules\deploy_feature_store_V2.3.py
"""Feature Store V2.3 Deployment PASS""",E:\football_v\00_SYSTEM_TOOLS\Module_Deployment_Tool\modules\deploy_feature_store_V2.3.py
FEATURE_STORE_PATH,E:\football_v\00_SYSTEM_TOOLS\Module_Deployment_Tool\modules\deploy_feature_store_V2.3.py
FEATURE_STORE_PATH = os.path.join(,E:\football_v\00_SYSTEM_TOOLS\Module_Deployment_Tool\modules\deploy_feature_store_V2.4_V2.6.py
"""FEATURE_STORE""",E:\football_v\00_SYSTEM_TOOLS\Module_Deployment_Tool\modules\deploy_feature_store_V2.4_V2.6.py
"""Module : Feature Store""",E:\football_v\00_SYSTEM_TOOLS\Module_Deployment_Tool\modules\deploy_feature_store_V2.4_V2.6.py
"FEATURE_STORE_PATH + r""\config"",",E:\football_v\00_SYSTEM_TOOLS\Module_Deployment_Tool\modules\deploy_feature_store_V2.4_V2.6.py
"FEATURE_STORE_PATH + r""\reports"",",E:\football_v\00_SYSTEM_TOOLS\Module_Deployment_Tool\modules\deploy_feature_store_V2.4_V2.6.py
"FEATURE_STORE_PATH + r""\tests"",",E:\football_v\00_SYSTEM_TOOLS\Module_Deployment_Tool\modules\deploy_feature_store_V2.4_V2.6.py
FEATURE_STORE_PATH +,E:\football_v\00_SYSTEM_TOOLS\Module_Deployment_Tool\modules\deploy_feature_store_V2.4_V2.6.py
"r""\feature_version_manager.py"",",E:\football_v\00_SYSTEM_TOOLS\Module_Deployment_Tool\modules\deploy_feature_store_V2.4_V2.6.py
class FeatureVersionManager:,E:\football_v\00_SYSTEM_TOOLS\Module_Deployment_Tool\modules\deploy_feature_store_V2.4_V2.6.py
def register_feature(,E:\football_v\00_SYSTEM_TOOLS\Module_Deployment_Tool\modules\deploy_feature_store_V2.4_V2.6.py
feature,E:\football_v\00_SYSTEM_TOOLS\Module_Deployment_Tool\modules\deploy_feature_store_V2.4_V2.6.py
"""feature"":",E:\football_v\00_SYSTEM_TOOLS\Module_Deployment_Tool\modules\deploy_feature_store_V2.4_V2.6.py
"feature,",E:\football_v\00_SYSTEM_TOOLS\Module_Deployment_Tool\modules\deploy_feature_store_V2.4_V2.6.py
FEATURE_STORE_PATH +,E:\football_v\00_SYSTEM_TOOLS\Module_Deployment_Tool\modules\deploy_feature_store_V2.4_V2.6.py
"r""\feature_lineage_tracker.py"",",E:\football_v\00_SYSTEM_TOOLS\Module_Deployment_Tool\modules\deploy_feature_store_V2.4_V2.6.py
class FeatureLineageTracker:,E:\football_v\00_SYSTEM_TOOLS\Module_Deployment_Tool\modules\deploy_feature_store_V2.4_V2.6.py
"feature,",E:\football_v\00_SYSTEM_TOOLS\Module_Deployment_Tool\modules\deploy_feature_store_V2.4_V2.6.py
"""feature"":",E:\football_v\00_SYSTEM_TOOLS\Module_Deployment_Tool\modules\deploy_feature_store_V2.4_V2.6.py
"feature,",E:\football_v\00_SYSTEM_TOOLS\Module_Deployment_Tool\modules\deploy_feature_store_V2.4_V2.6.py
FEATURE_STORE_PATH +,E:\football_v\00_SYSTEM_TOOLS\Module_Deployment_Tool\modules\deploy_feature_store_V2.4_V2.6.py
"""feature_version"":",E:\football_v\00_SYSTEM_TOOLS\Module_Deployment_Tool\modules\deploy_feature_store_V2.4_V2.6.py
FEATURE_STORE_PATH +,E:\football_v\00_SYSTEM_TOOLS\Module_Deployment_Tool\modules\deploy_feature_store_V2.4_V2.6.py
FEATURE_STORE_PATH +,E:\football_v\00_SYSTEM_TOOLS\Module_Deployment_Tool\modules\deploy_feature_store_V2.4_V2.6.py
"r""\feature_audit_logger.py"",",E:\football_v\00_SYSTEM_TOOLS\Module_Deployment_Tool\modules\deploy_feature_store_V2.4_V2.6.py
class FeatureAuditLogger:,E:\football_v\00_SYSTEM_TOOLS\Module_Deployment_Tool\modules\deploy_feature_store_V2.4_V2.6.py
# V2.5 Feature Quality Management Layer,E:\football_v\00_SYSTEM_TOOLS\Module_Deployment_Tool\modules\deploy_feature_store_V2.4_V2.6.py
FEATURE_STORE_PATH +,E:\football_v\00_SYSTEM_TOOLS\Module_Deployment_Tool\modules\deploy_feature_store_V2.4_V2.6.py
"r""\feature_quality_monitor.py"",",E:\football_v\00_SYSTEM_TOOLS\Module_Deployment_Tool\modules\deploy_feature_store_V2.4_V2.6.py
class FeatureQualityMonitor:,E:\football_v\00_SYSTEM_TOOLS\Module_Deployment_Tool\modules\deploy_feature_store_V2.4_V2.6.py
feature,E:\football_v\00_SYSTEM_TOOLS\Module_Deployment_Tool\modules\deploy_feature_store_V2.4_V2.6.py
"""feature"":",E:\football_v\00_SYSTEM_TOOLS\Module_Deployment_Tool\modules\deploy_feature_store_V2.4_V2.6.py
"feature,",E:\football_v\00_SYSTEM_TOOLS\Module_Deployment_Tool\modules\deploy_feature_store_V2.4_V2.6.py
FEATURE_STORE_PATH +,E:\football_v\00_SYSTEM_TOOLS\Module_Deployment_Tool\modules\deploy_feature_store_V2.4_V2.6.py
"r""\feature_drift_detector.py"",",E:\football_v\00_SYSTEM_TOOLS\Module_Deployment_Tool\modules\deploy_feature_store_V2.4_V2.6.py
class FeatureDriftDetector:,E:\football_v\00_SYSTEM_TOOLS\Module_Deployment_Tool\modules\deploy_feature_store_V2.4_V2.6.py
FEATURE_STORE_PATH +,E:\football_v\00_SYSTEM_TOOLS\Module_Deployment_Tool\modules\deploy_feature_store_V2.4_V2.6.py
"r""\feature_anomaly_detector.py"",",E:\football_v\00_SYSTEM_TOOLS\Module_Deployment_Tool\modules\deploy_feature_store_V2.4_V2.6.py
class FeatureAnomalyDetector:,E:\football_v\00_SYSTEM_TOOLS\Module_Deployment_Tool\modules\deploy_feature_store_V2.4_V2.6.py
feature,E:\football_v\00_SYSTEM_TOOLS\Module_Deployment_Tool\modules\deploy_feature_store_V2.4_V2.6.py
FEATURE_STORE_PATH +,E:\football_v\00_SYSTEM_TOOLS\Module_Deployment_Tool\modules\deploy_feature_store_V2.4_V2.6.py
"r""\feature_quality_reporter.py"",",E:\football_v\00_SYSTEM_TOOLS\Module_Deployment_Tool\modules\deploy_feature_store_V2.4_V2.6.py
class FeatureQualityReporter:,E:\football_v\00_SYSTEM_TOOLS\Module_Deployment_Tool\modules\deploy_feature_store_V2.4_V2.6.py
FEATURE_STORE_PATH +,E:\football_v\00_SYSTEM_TOOLS\Module_Deployment_Tool\modules\deploy_feature_store_V2.4_V2.6.py
"r""\feature_quality_rules.py"",",E:\football_v\00_SYSTEM_TOOLS\Module_Deployment_Tool\modules\deploy_feature_store_V2.4_V2.6.py
class FeatureQualityRules:,E:\football_v\00_SYSTEM_TOOLS\Module_Deployment_Tool\modules\deploy_feature_store_V2.4_V2.6.py
# V2.6 Feature API Service Layer,E:\football_v\00_SYSTEM_TOOLS\Module_Deployment_Tool\modules\deploy_feature_store_V2.4_V2.6.py
FEATURE_STORE_PATH +,E:\football_v\00_SYSTEM_TOOLS\Module_Deployment_Tool\modules\deploy_feature_store_V2.4_V2.6.py
"r""\feature_api_service.py"",",E:\football_v\00_SYSTEM_TOOLS\Module_Deployment_Tool\modules\deploy_feature_store_V2.4_V2.6.py
class FeatureAPIService:,E:\football_v\00_SYSTEM_TOOLS\Module_Deployment_Tool\modules\deploy_feature_store_V2.4_V2.6.py
def get_feature(,E:\football_v\00_SYSTEM_TOOLS\Module_Deployment_Tool\modules\deploy_feature_store_V2.4_V2.6.py
FEATURE_STORE_PATH +,E:\football_v\00_SYSTEM_TOOLS\Module_Deployment_Tool\modules\deploy_feature_store_V2.4_V2.6.py
"r""\feature_request_router.py"",",E:\football_v\00_SYSTEM_TOOLS\Module_Deployment_Tool\modules\deploy_feature_store_V2.4_V2.6.py
class FeatureRequestRouter:,E:\football_v\00_SYSTEM_TOOLS\Module_Deployment_Tool\modules\deploy_feature_store_V2.4_V2.6.py
"""feature_service"",",E:\football_v\00_SYSTEM_TOOLS\Module_Deployment_Tool\modules\deploy_feature_store_V2.4_V2.6.py
FEATURE_STORE_PATH +,E:\football_v\00_SYSTEM_TOOLS\Module_Deployment_Tool\modules\deploy_feature_store_V2.4_V2.6.py
"r""\feature_response_formatter.py"",",E:\football_v\00_SYSTEM_TOOLS\Module_Deployment_Tool\modules\deploy_feature_store_V2.4_V2.6.py
class FeatureResponseFormatter:,E:\football_v\00_SYSTEM_TOOLS\Module_Deployment_Tool\modules\deploy_feature_store_V2.4_V2.6.py
FEATURE_STORE_PATH +,E:\football_v\00_SYSTEM_TOOLS\Module_Deployment_Tool\modules\deploy_feature_store_V2.4_V2.6.py
"r""\feature_cache_manager.py"",",E:\football_v\00_SYSTEM_TOOLS\Module_Deployment_Tool\modules\deploy_feature_store_V2.4_V2.6.py
class FeatureCacheManager:,E:\football_v\00_SYSTEM_TOOLS\Module_Deployment_Tool\modules\deploy_feature_store_V2.4_V2.6.py
FEATURE_STORE_PATH +,E:\football_v\00_SYSTEM_TOOLS\Module_Deployment_Tool\modules\deploy_feature_store_V2.4_V2.6.py
"r""\feature_service_health.py"",",E:\football_v\00_SYSTEM_TOOLS\Module_Deployment_Tool\modules\deploy_feature_store_V2.4_V2.6.py
class FeatureServiceHealth:,E:\football_v\00_SYSTEM_TOOLS\Module_Deployment_Tool\modules\deploy_feature_store_V2.4_V2.6.py
"""Feature API"",",E:\football_v\00_SYSTEM_TOOLS\Module_Deployment_Tool\modules\deploy_feature_store_V2.4_V2.6.py
FEATURE_STORE_PATH +,E:\football_v\00_SYSTEM_TOOLS\Module_Deployment_Tool\modules\deploy_feature_store_V2.4_V2.6.py
"r""\config\production_feature_config.json"",",E:\football_v\00_SYSTEM_TOOLS\Module_Deployment_Tool\modules\deploy_feature_store_V2.4_V2.6.py
"""Feature Store"",",E:\football_v\00_SYSTEM_TOOLS\Module_Deployment_Tool\modules\deploy_feature_store_V2.4_V2.6.py
"""feature_quality"":",E:\football_v\00_SYSTEM_TOOLS\Module_Deployment_Tool\modules\deploy_feature_store_V2.4_V2.6.py
"""feature_api"":",E:\football_v\00_SYSTEM_TOOLS\Module_Deployment_Tool\modules\deploy_feature_store_V2.4_V2.6.py
"""feature_lineage"":",E:\football_v\00_SYSTEM_TOOLS\Module_Deployment_Tool\modules\deploy_feature_store_V2.4_V2.6.py
FEATURE_STORE_PATH +,E:\football_v\00_SYSTEM_TOOLS\Module_Deployment_Tool\modules\deploy_feature_store_V2.4_V2.6.py
"""Feature Store"",",E:\football_v\00_SYSTEM_TOOLS\Module_Deployment_Tool\modules\deploy_feature_store_V2.4_V2.6.py
"""Feature Quality Management"",",E:\football_v\00_SYSTEM_TOOLS\Module_Deployment_Tool\modules\deploy_feature_store_V2.4_V2.6.py
"""Feature API Service""",E:\football_v\00_SYSTEM_TOOLS\Module_Deployment_Tool\modules\deploy_feature_store_V2.4_V2.6.py
"r""\feature_store_v2.6_checkpoint.json"",",E:\football_v\00_SYSTEM_TOOLS\Module_Deployment_Tool\modules\deploy_feature_store_V2.4_V2.6.py
"""Feature Store"",",E:\football_v\00_SYSTEM_TOOLS\Module_Deployment_Tool\modules\deploy_feature_store_V2.4_V2.6.py
"""feature_version_manager.py"",",E:\football_v\00_SYSTEM_TOOLS\Module_Deployment_Tool\modules\deploy_feature_store_V2.4_V2.6.py
"""feature_lineage_tracker.py"",",E:\football_v\00_SYSTEM_TOOLS\Module_Deployment_Tool\modules\deploy_feature_store_V2.4_V2.6.py
"""feature_audit_logger.py"",",E:\football_v\00_SYSTEM_TOOLS\Module_Deployment_Tool\modules\deploy_feature_store_V2.4_V2.6.py
"""feature_quality_monitor.py"",",E:\football_v\00_SYSTEM_TOOLS\Module_Deployment_Tool\modules\deploy_feature_store_V2.4_V2.6.py
"""feature_drift_detector.py"",",E:\football_v\00_SYSTEM_TOOLS\Module_Deployment_Tool\modules\deploy_feature_store_V2.4_V2.6.py
"""feature_anomaly_detector.py"",",E:\football_v\00_SYSTEM_TOOLS\Module_Deployment_Tool\modules\deploy_feature_store_V2.4_V2.6.py
"""feature_quality_reporter.py"",",E:\football_v\00_SYSTEM_TOOLS\Module_Deployment_Tool\modules\deploy_feature_store_V2.4_V2.6.py
"""feature_quality_rules.py"",",E:\football_v\00_SYSTEM_TOOLS\Module_Deployment_Tool\modules\deploy_feature_store_V2.4_V2.6.py
"""feature_api_service.py"",",E:\football_v\00_SYSTEM_TOOLS\Module_Deployment_Tool\modules\deploy_feature_store_V2.4_V2.6.py
"""feature_request_router.py"",",E:\football_v\00_SYSTEM_TOOLS\Module_Deployment_Tool\modules\deploy_feature_store_V2.4_V2.6.py
"""feature_response_formatter.py"",",E:\football_v\00_SYSTEM_TOOLS\Module_Deployment_Tool\modules\deploy_feature_store_V2.4_V2.6.py
"""feature_cache_manager.py"",",E:\football_v\00_SYSTEM_TOOLS\Module_Deployment_Tool\modules\deploy_feature_store_V2.4_V2.6.py
"""feature_service_health.py""",E:\football_v\00_SYSTEM_TOOLS\Module_Deployment_Tool\modules\deploy_feature_store_V2.4_V2.6.py
FEATURE_STORE_PATH +,E:\football_v\00_SYSTEM_TOOLS\Module_Deployment_Tool\modules\deploy_feature_store_V2.4_V2.6.py
"r""\tests\feature_store_v2.6_full_test.py"",",E:\football_v\00_SYSTEM_TOOLS\Module_Deployment_Tool\modules\deploy_feature_store_V2.4_V2.6.py
"""feature_version_manager.py"",",E:\football_v\00_SYSTEM_TOOLS\Module_Deployment_Tool\modules\deploy_feature_store_V2.4_V2.6.py
"""feature_lineage_tracker.py"",",E:\football_v\00_SYSTEM_TOOLS\Module_Deployment_Tool\modules\deploy_feature_store_V2.4_V2.6.py
"""feature_audit_logger.py"",",E:\football_v\00_SYSTEM_TOOLS\Module_Deployment_Tool\modules\deploy_feature_store_V2.4_V2.6.py
"""feature_quality_monitor.py"",",E:\football_v\00_SYSTEM_TOOLS\Module_Deployment_Tool\modules\deploy_feature_store_V2.4_V2.6.py
"""feature_drift_detector.py"",",E:\football_v\00_SYSTEM_TOOLS\Module_Deployment_Tool\modules\deploy_feature_store_V2.4_V2.6.py
"""feature_anomaly_detector.py"",",E:\football_v\00_SYSTEM_TOOLS\Module_Deployment_Tool\modules\deploy_feature_store_V2.4_V2.6.py
"""feature_quality_reporter.py"",",E:\football_v\00_SYSTEM_TOOLS\Module_Deployment_Tool\modules\deploy_feature_store_V2.4_V2.6.py
"""feature_quality_rules.py"",",E:\football_v\00_SYSTEM_TOOLS\Module_Deployment_Tool\modules\deploy_feature_store_V2.4_V2.6.py
"""feature_api_service.py"",",E:\football_v\00_SYSTEM_TOOLS\Module_Deployment_Tool\modules\deploy_feature_store_V2.4_V2.6.py
"""feature_request_router.py"",",E:\football_v\00_SYSTEM_TOOLS\Module_Deployment_Tool\modules\deploy_feature_store_V2.4_V2.6.py
"""feature_response_formatter.py"",",E:\football_v\00_SYSTEM_TOOLS\Module_Deployment_Tool\modules\deploy_feature_store_V2.4_V2.6.py
"""feature_cache_manager.py"",",E:\football_v\00_SYSTEM_TOOLS\Module_Deployment_Tool\modules\deploy_feature_store_V2.4_V2.6.py
"""feature_service_health.py""",E:\football_v\00_SYSTEM_TOOLS\Module_Deployment_Tool\modules\deploy_feature_store_V2.4_V2.6.py
"""Feature Store V2.6"",",E:\football_v\00_SYSTEM_TOOLS\Module_Deployment_Tool\modules\deploy_feature_store_V2.4_V2.6.py
"""Feature Store V2.4-V2.6 Batch Deployment PASS""",E:\football_v\00_SYSTEM_TOOLS\Module_Deployment_Tool\modules\deploy_feature_store_V2.4_V2.6.py
FEATURE_STORE_PATH,E:\football_v\00_SYSTEM_TOOLS\Module_Deployment_Tool\modules\deploy_feature_store_V2.4_V2.6.py
FEATURE_STORE_PATH = os.path.join(,E:\football_v\00_SYSTEM_TOOLS\Module_Deployment_Tool\modules\deploy_feature_store_V2.7_V3.0.py
"""FEATURE_STORE""",E:\football_v\00_SYSTEM_TOOLS\Module_Deployment_Tool\modules\deploy_feature_store_V2.7_V3.0.py
"""Module : Feature Store""",E:\football_v\00_SYSTEM_TOOLS\Module_Deployment_Tool\modules\deploy_feature_store_V2.7_V3.0.py
"FEATURE_STORE_PATH+r""\config"",",E:\football_v\00_SYSTEM_TOOLS\Module_Deployment_Tool\modules\deploy_feature_store_V2.7_V3.0.py
"FEATURE_STORE_PATH+r""\reports"",",E:\football_v\00_SYSTEM_TOOLS\Module_Deployment_Tool\modules\deploy_feature_store_V2.7_V3.0.py
"FEATURE_STORE_PATH+r""\tests"",",E:\football_v\00_SYSTEM_TOOLS\Module_Deployment_Tool\modules\deploy_feature_store_V2.7_V3.0.py
# V2.7 AI Feature Generation Layer,E:\football_v\00_SYSTEM_TOOLS\Module_Deployment_Tool\modules\deploy_feature_store_V2.7_V3.0.py
"FEATURE_STORE_PATH+r""\feature_auto_generator.py"",",E:\football_v\00_SYSTEM_TOOLS\Module_Deployment_Tool\modules\deploy_feature_store_V2.7_V3.0.py
class FeatureAutoGenerator:,E:\football_v\00_SYSTEM_TOOLS\Module_Deployment_Tool\modules\deploy_feature_store_V2.7_V3.0.py
"""generated_features"":",E:\football_v\00_SYSTEM_TOOLS\Module_Deployment_Tool\modules\deploy_feature_store_V2.7_V3.0.py
"FEATURE_STORE_PATH+r""\feature_interaction_engine.py"",",E:\football_v\00_SYSTEM_TOOLS\Module_Deployment_Tool\modules\deploy_feature_store_V2.7_V3.0.py
class FeatureInteractionEngine:,E:\football_v\00_SYSTEM_TOOLS\Module_Deployment_Tool\modules\deploy_feature_store_V2.7_V3.0.py
features,E:\football_v\00_SYSTEM_TOOLS\Module_Deployment_Tool\modules\deploy_feature_store_V2.7_V3.0.py
"""interaction_features"":",E:\football_v\00_SYSTEM_TOOLS\Module_Deployment_Tool\modules\deploy_feature_store_V2.7_V3.0.py
"""features"":",E:\football_v\00_SYSTEM_TOOLS\Module_Deployment_Tool\modules\deploy_feature_store_V2.7_V3.0.py
features,E:\football_v\00_SYSTEM_TOOLS\Module_Deployment_Tool\modules\deploy_feature_store_V2.7_V3.0.py
"FEATURE_STORE_PATH+r""\feature_context_builder.py"",",E:\football_v\00_SYSTEM_TOOLS\Module_Deployment_Tool\modules\deploy_feature_store_V2.7_V3.0.py
class FeatureContextBuilder:,E:\football_v\00_SYSTEM_TOOLS\Module_Deployment_Tool\modules\deploy_feature_store_V2.7_V3.0.py
"FEATURE_STORE_PATH+r""\feature_pattern_miner.py"",",E:\football_v\00_SYSTEM_TOOLS\Module_Deployment_Tool\modules\deploy_feature_store_V2.7_V3.0.py
class FeaturePatternMiner:,E:\football_v\00_SYSTEM_TOOLS\Module_Deployment_Tool\modules\deploy_feature_store_V2.7_V3.0.py
history,E:\football_v\00_SYSTEM_TOOLS\Module_Deployment_Tool\modules\deploy_feature_store_V2.7_V3.0.py
"""history"":",E:\football_v\00_SYSTEM_TOOLS\Module_Deployment_Tool\modules\deploy_feature_store_V2.7_V3.0.py
history,E:\football_v\00_SYSTEM_TOOLS\Module_Deployment_Tool\modules\deploy_feature_store_V2.7_V3.0.py
# V2.8 Feature Selection Intelligence Layer,E:\football_v\00_SYSTEM_TOOLS\Module_Deployment_Tool\modules\deploy_feature_store_V2.7_V3.0.py
"FEATURE_STORE_PATH+r""\feature_selector_ai.py"",",E:\football_v\00_SYSTEM_TOOLS\Module_Deployment_Tool\modules\deploy_feature_store_V2.7_V3.0.py
class FeatureSelectorAI:,E:\football_v\00_SYSTEM_TOOLS\Module_Deployment_Tool\modules\deploy_feature_store_V2.7_V3.0.py
def select(,E:\football_v\00_SYSTEM_TOOLS\Module_Deployment_Tool\modules\deploy_feature_store_V2.7_V3.0.py
features,E:\football_v\00_SYSTEM_TOOLS\Module_Deployment_Tool\modules\deploy_feature_store_V2.7_V3.0.py
"""selected"":",E:\football_v\00_SYSTEM_TOOLS\Module_Deployment_Tool\modules\deploy_feature_store_V2.7_V3.0.py
features,E:\football_v\00_SYSTEM_TOOLS\Module_Deployment_Tool\modules\deploy_feature_store_V2.7_V3.0.py
"FEATURE_STORE_PATH+r""\feature_importance_analyzer.py"",",E:\football_v\00_SYSTEM_TOOLS\Module_Deployment_Tool\modules\deploy_feature_store_V2.7_V3.0.py
class FeatureImportanceAnalyzer:,E:\football_v\00_SYSTEM_TOOLS\Module_Deployment_Tool\modules\deploy_feature_store_V2.7_V3.0.py
features,E:\football_v\00_SYSTEM_TOOLS\Module_Deployment_Tool\modules\deploy_feature_store_V2.7_V3.0.py
"FEATURE_STORE_PATH+r""\feature_reduction_engine.py"",",E:\football_v\00_SYSTEM_TOOLS\Module_Deployment_Tool\modules\deploy_feature_store_V2.7_V3.0.py
class FeatureReductionEngine:,E:\football_v\00_SYSTEM_TOOLS\Module_Deployment_Tool\modules\deploy_feature_store_V2.7_V3.0.py
features,E:\football_v\00_SYSTEM_TOOLS\Module_Deployment_Tool\modules\deploy_feature_store_V2.7_V3.0.py
"FEATURE_STORE_PATH+r""\feature_optimizer.py"",",E:\football_v\00_SYSTEM_TOOLS\Module_Deployment_Tool\modules\deploy_feature_store_V2.7_V3.0.py
class FeatureOptimizer:,E:\football_v\00_SYSTEM_TOOLS\Module_Deployment_Tool\modules\deploy_feature_store_V2.7_V3.0.py
features,E:\football_v\00_SYSTEM_TOOLS\Module_Deployment_Tool\modules\deploy_feature_store_V2.7_V3.0.py
"FEATURE_STORE_PATH+r""\model_feedback_collector.py"",",E:\football_v\00_SYSTEM_TOOLS\Module_Deployment_Tool\modules\deploy_feature_store_V2.7_V3.0.py
"FEATURE_STORE_PATH+r""\prediction_error_analyzer.py"",",E:\football_v\00_SYSTEM_TOOLS\Module_Deployment_Tool\modules\deploy_feature_store_V2.7_V3.0.py
"FEATURE_STORE_PATH+r""\feature_feedback_optimizer.py"",",E:\football_v\00_SYSTEM_TOOLS\Module_Deployment_Tool\modules\deploy_feature_store_V2.7_V3.0.py
class FeatureFeedbackOptimizer:,E:\football_v\00_SYSTEM_TOOLS\Module_Deployment_Tool\modules\deploy_feature_store_V2.7_V3.0.py
"""feature_updated"":",E:\football_v\00_SYSTEM_TOOLS\Module_Deployment_Tool\modules\deploy_feature_store_V2.7_V3.0.py
# V3.0 Intelligent Feature Store,E:\football_v\00_SYSTEM_TOOLS\Module_Deployment_Tool\modules\deploy_feature_store_V2.7_V3.0.py
"FEATURE_STORE_PATH+r""\intelligent_feature_store.py"",",E:\football_v\00_SYSTEM_TOOLS\Module_Deployment_Tool\modules\deploy_feature_store_V2.7_V3.0.py
class IntelligentFeatureStore:,E:\football_v\00_SYSTEM_TOOLS\Module_Deployment_Tool\modules\deploy_feature_store_V2.7_V3.0.py
FEATURE_STORE_PATH+,E:\football_v\00_SYSTEM_TOOLS\Module_Deployment_Tool\modules\deploy_feature_store_V2.7_V3.0.py
"r""\config\intelligent_feature_config.json"",",E:\football_v\00_SYSTEM_TOOLS\Module_Deployment_Tool\modules\deploy_feature_store_V2.7_V3.0.py
"""Feature Store"",",E:\football_v\00_SYSTEM_TOOLS\Module_Deployment_Tool\modules\deploy_feature_store_V2.7_V3.0.py
"""intelligent_feature"":",E:\football_v\00_SYSTEM_TOOLS\Module_Deployment_Tool\modules\deploy_feature_store_V2.7_V3.0.py
FEATURE_STORE_PATH+,E:\football_v\00_SYSTEM_TOOLS\Module_Deployment_Tool\modules\deploy_feature_store_V2.7_V3.0.py
"r""\reports\intelligent_feature_report.json"",",E:\football_v\00_SYSTEM_TOOLS\Module_Deployment_Tool\modules\deploy_feature_store_V2.7_V3.0.py
"""Feature Store"",",E:\football_v\00_SYSTEM_TOOLS\Module_Deployment_Tool\modules\deploy_feature_store_V2.7_V3.0.py
"""AI Feature Generation"",",E:\football_v\00_SYSTEM_TOOLS\Module_Deployment_Tool\modules\deploy_feature_store_V2.7_V3.0.py
"""Feature Selection Intelligence"",",E:\football_v\00_SYSTEM_TOOLS\Module_Deployment_Tool\modules\deploy_feature_store_V2.7_V3.0.py
"""Intelligent Feature Store""",E:\football_v\00_SYSTEM_TOOLS\Module_Deployment_Tool\modules\deploy_feature_store_V2.7_V3.0.py
"r""\feature_store_v3.0_checkpoint.json"",",E:\football_v\00_SYSTEM_TOOLS\Module_Deployment_Tool\modules\deploy_feature_store_V2.7_V3.0.py
"""Feature Store"",",E:\football_v\00_SYSTEM_TOOLS\Module_Deployment_Tool\modules\deploy_feature_store_V2.7_V3.0.py
FEATURE_STORE_PATH+,E:\football_v\00_SYSTEM_TOOLS\Module_Deployment_Tool\modules\deploy_feature_store_V2.7_V3.0.py
"r""\tests\feature_store_v3.0_full_test.py"",",E:\football_v\00_SYSTEM_TOOLS\Module_Deployment_Tool\modules\deploy_feature_store_V2.7_V3.0.py
"""feature_auto_generator.py"",",E:\football_v\00_SYSTEM_TOOLS\Module_Deployment_Tool\modules\deploy_feature_store_V2.7_V3.0.py
"""feature_interaction_engine.py"",",E:\football_v\00_SYSTEM_TOOLS\Module_Deployment_Tool\modules\deploy_feature_store_V2.7_V3.0.py
"""feature_context_builder.py"",",E:\football_v\00_SYSTEM_TOOLS\Module_Deployment_Tool\modules\deploy_feature_store_V2.7_V3.0.py
"""feature_pattern_miner.py"",",E:\football_v\00_SYSTEM_TOOLS\Module_Deployment_Tool\modules\deploy_feature_store_V2.7_V3.0.py
"""feature_selector_ai.py"",",E:\football_v\00_SYSTEM_TOOLS\Module_Deployment_Tool\modules\deploy_feature_store_V2.7_V3.0.py
"""feature_importance_analyzer.py"",",E:\football_v\00_SYSTEM_TOOLS\Module_Deployment_Tool\modules\deploy_feature_store_V2.7_V3.0.py
"""feature_reduction_engine.py"",",E:\football_v\00_SYSTEM_TOOLS\Module_Deployment_Tool\modules\deploy_feature_store_V2.7_V3.0.py
"""feature_optimizer.py"",",E:\football_v\00_SYSTEM_TOOLS\Module_Deployment_Tool\modules\deploy_feature_store_V2.7_V3.0.py
"""feature_feedback_optimizer.py"",",E:\football_v\00_SYSTEM_TOOLS\Module_Deployment_Tool\modules\deploy_feature_store_V2.7_V3.0.py
"""intelligent_feature_store.py""",E:\football_v\00_SYSTEM_TOOLS\Module_Deployment_Tool\modules\deploy_feature_store_V2.7_V3.0.py
"""Feature Store V3.0"",",E:\football_v\00_SYSTEM_TOOLS\Module_Deployment_Tool\modules\deploy_feature_store_V2.7_V3.0.py
"""Feature Store V2.7-V3.0 Batch Deployment PASS""",E:\football_v\00_SYSTEM_TOOLS\Module_Deployment_Tool\modules\deploy_feature_store_V2.7_V3.0.py
FEATURE_STORE_PATH,E:\football_v\00_SYSTEM_TOOLS\Module_Deployment_Tool\modules\deploy_feature_store_V2.7_V3.0.py
features,E:\football_v\00_SYSTEM_TOOLS\Module_Deployment_Tool\modules\deploy_model_layer_V1.0_V1.3.py
features,E:\football_v\00_SYSTEM_TOOLS\Module_Deployment_Tool\modules\deploy_model_layer_V1.0_V1.3.py
features,E:\football_v\00_SYSTEM_TOOLS\Module_Deployment_Tool\modules\deploy_model_layer_V1.0_V1.3.py
features,E:\football_v\00_SYSTEM_TOOLS\Module_Deployment_Tool\modules\deploy_model_layer_V1.0_V1.3.py
features,E:\football_v\00_SYSTEM_TOOLS\Module_Deployment_Tool\modules\deploy_model_layer_V1.0_V1.3.py
# Feature Store Connection Adapter,E:\football_v\00_SYSTEM_TOOLS\Module_Deployment_Tool\modules\deploy_model_layer_V1.0_V1.3.py
"MODEL_LAYER_PATH+r""\feature_store_connector.py"",",E:\football_v\00_SYSTEM_TOOLS\Module_Deployment_Tool\modules\deploy_model_layer_V1.0_V1.3.py
class FeatureStoreConnector:,E:\football_v\00_SYSTEM_TOOLS\Module_Deployment_Tool\modules\deploy_model_layer_V1.0_V1.3.py
def get_features(,E:\football_v\00_SYSTEM_TOOLS\Module_Deployment_Tool\modules\deploy_model_layer_V1.0_V1.3.py
"""features"":",E:\football_v\00_SYSTEM_TOOLS\Module_Deployment_Tool\modules\deploy_model_layer_V1.0_V1.3.py
"""feature_store_connector.py"",",E:\football_v\00_SYSTEM_TOOLS\Module_Deployment_Tool\modules\deploy_model_layer_V1.0_V1.3.py
features,E:\football_v\00_SYSTEM_TOOLS\Module_Deployment_Tool\modules\deploy_prediction_engine_V1.0_V1.3.py
features,E:\football_v\00_SYSTEM_TOOLS\Module_Deployment_Tool\modules\deploy_prediction_engine_V1.0_V1.3.py
"""features"":[",E:\football_v\00_SYSTEM_TOOLS\Module_Deployment_Tool\modules\deploy_prediction_engine_V1.0_V1.3.py
"""Feature Store V3.0"",",E:\football_v\00_SYSTEM_TOOLS\Module_Deployment_Tool\modules\deploy_prediction_engine_V1.0_V1.3.py
"""download/download_history.json"",",E:\football_v\01_Data_Source\acceptance\acceptance_check.py
HISTORY_FILE = os.path.join(,E:\football_v\01_Data_Source\download\data_downloader.py
"""download_history.json""",E:\football_v\01_Data_Source\download\data_downloader.py
self.history = self.load_history(),E:\football_v\01_Data_Source\download\data_downloader.py
def load_history(self):,E:\football_v\01_Data_Source\download\data_downloader.py
HISTORY_FILE,E:\football_v\01_Data_Source\download\data_downloader.py
"""history"":[]",E:\football_v\01_Data_Source\download\data_downloader.py
"HISTORY_FILE,",E:\football_v\01_Data_Source\download\data_downloader.py
"self.history[""history""].append(",E:\football_v\01_Data_Source\download\data_downloader.py
"HISTORY_FILE,",E:\football_v\01_Data_Source\download\data_downloader.py
"self.history,",E:\football_v\01_Data_Source\download\data_downloader.py
"""Download history updated""",E:\football_v\01_Data_Source\download\data_downloader.py
SELECT,E:\football_v\03_MODEL_LAYER\legacy_import\01_Data_Engine\data_engine\dixon_coles.py
"""DROP TABLE IF EXISTS dixon_coles_rating""",E:\football_v\03_MODEL_LAYER\legacy_import\01_Data_Engine\data_engine\dixon_coles.py
CREATE TABLE dixon_coles_rating(,E:\football_v\03_MODEL_LAYER\legacy_import\01_Data_Engine\data_engine\dixon_coles.py
INSERT INTO dixon_coles_rating,E:\football_v\03_MODEL_LAYER\legacy_import\01_Data_Engine\data_engine\dixon_coles.py
"""dixon_coles_rating""",E:\football_v\03_MODEL_LAYER\legacy_import\01_Data_Engine\data_engine\dixon_coles.py
SELECT,E:\football_v\03_MODEL_LAYER\legacy_import\01_Data_Engine\data_engine\elo_engine.py
history=[],E:\football_v\03_MODEL_LAYER\legacy_import\01_Data_Engine\data_engine\elo_engine.py
home_rating = home_before + HOME_ADVANTAGE,E:\football_v\03_MODEL_LAYER\legacy_import\01_Data_Engine\data_engine\elo_engine.py
(away_before-home_rating)/400,E:\football_v\03_MODEL_LAYER\legacy_import\01_Data_Engine\data_engine\elo_engine.py
history.append(,E:\football_v\03_MODEL_LAYER\legacy_import\01_Data_Engine\data_engine\elo_engine.py
"""DROP TABLE IF EXISTS elo_history""",E:\football_v\03_MODEL_LAYER\legacy_import\01_Data_Engine\data_engine\elo_engine.py
CREATE TABLE elo_history(,E:\football_v\03_MODEL_LAYER\legacy_import\01_Data_Engine\data_engine\elo_engine.py
for row in history:,E:\football_v\03_MODEL_LAYER\legacy_import\01_Data_Engine\data_engine\elo_engine.py
INSERT INTO elo_history,E:\football_v\03_MODEL_LAYER\legacy_import\01_Data_Engine\data_engine\elo_engine.py
INSERT INTO elo_history,E:\football_v\03_MODEL_LAYER\legacy_import\01_Data_Engine\data_engine\elo_engine.py
"""DROP TABLE IF EXISTS team_rating""",E:\football_v\03_MODEL_LAYER\legacy_import\01_Data_Engine\data_engine\elo_engine.py
CREATE TABLE team_rating(,E:\football_v\03_MODEL_LAYER\legacy_import\01_Data_Engine\data_engine\elo_engine.py
"for team,rating in elo.items():",E:\football_v\03_MODEL_LAYER\legacy_import\01_Data_Engine\data_engine\elo_engine.py
INSERT INTO team_rating,E:\football_v\03_MODEL_LAYER\legacy_import\01_Data_Engine\data_engine\elo_engine.py
rating,E:\football_v\03_MODEL_LAYER\legacy_import\01_Data_Engine\data_engine\elo_engine.py
"""elo_history""",E:\football_v\03_MODEL_LAYER\legacy_import\01_Data_Engine\data_engine\elo_engine.py
"""team_rating""",E:\football_v\03_MODEL_LAYER\legacy_import\01_Data_Engine\data_engine\elo_engine.py
SELECT name FROM sqlite_master,E:\football_v\03_MODEL_LAYER\legacy_import\01_Data_Engine\data_engine\poisson_engine.py
SELECT,E:\football_v\03_MODEL_LAYER\legacy_import\01_Data_Engine\data_engine\poisson_engine.py
CREATE TABLE IF NOT EXISTS poisson_rating(,E:\football_v\03_MODEL_LAYER\legacy_import\01_Data_Engine\data_engine\poisson_engine.py
"""DELETE FROM poisson_rating""",E:\football_v\03_MODEL_LAYER\legacy_import\01_Data_Engine\data_engine\poisson_engine.py
INSERT INTO poisson_rating,E:\football_v\03_MODEL_LAYER\legacy_import\01_Data_Engine\data_engine\poisson_engine.py
"print(""poisson_rating"")",E:\football_v\03_MODEL_LAYER\legacy_import\01_Data_Engine\data_engine\poisson_engine.py
from sklearn.model_selection import train_test_split,E:\football_v\03_MODEL_LAYER\legacy_import\03_Machine_Learning\XGBoost\xgboost_engine.py
SELECT,E:\football_v\03_MODEL_LAYER\legacy_import\03_Machine_Learning\XGBoost\xgboost_engine.py
def create_features(df):,E:\football_v\03_MODEL_LAYER\legacy_import\03_Machine_Learning\XGBoost\xgboost_engine.py
"X,y=create_features(df)",E:\football_v\03_MODEL_LAYER\legacy_import\03_Machine_Learning\XGBoost\xgboost_engine.py
from sklearn.model_selection import train_test_split,E:\football_v\03_MODEL_LAYER\legacy_import\03_Machine_Learning\XGBoost\xgboost_fusion_engine.py
SELECT,E:\football_v\03_MODEL_LAYER\legacy_import\03_Machine_Learning\XGBoost\xgboost_fusion_engine.py
SELECT,E:\football_v\03_MODEL_LAYER\legacy_import\03_Machine_Learning\XGBoost\xgboost_fusion_engine.py
FROM team_rating,E:\football_v\03_MODEL_LAYER\legacy_import\03_Machine_Learning\XGBoost\xgboost_fusion_engine.py
SELECT,E:\football_v\03_MODEL_LAYER\legacy_import\03_Machine_Learning\XGBoost\xgboost_fusion_engine.py
FROM dixon_coles_rating,E:\football_v\03_MODEL_LAYER\legacy_import\03_Machine_Learning\XGBoost\xgboost_fusion_engine.py
SELECT,E:\football_v\03_MODEL_LAYER\legacy_import\03_Machine_Learning\XGBoost\xgboost_fusion_engine.py
FROM poisson_rating,E:\football_v\03_MODEL_LAYER\legacy_import\03_Machine_Learning\XGBoost\xgboost_fusion_engine.py
def create_features(df):,E:\football_v\03_MODEL_LAYER\legacy_import\03_Machine_Learning\XGBoost\xgboost_fusion_engine.py
features = [,E:\football_v\03_MODEL_LAYER\legacy_import\03_Machine_Learning\XGBoost\xgboost_fusion_engine.py
X = df[features],E:\football_v\03_MODEL_LAYER\legacy_import\03_Machine_Learning\XGBoost\xgboost_fusion_engine.py
"X,y = create_features(df)",E:\football_v\03_MODEL_LAYER\legacy_import\03_Machine_Learning\XGBoost\xgboost_fusion_engine.py
from sklearn.model_selection import train_test_split,E:\football_v\03_MODEL_LAYER\legacy_import\03_Machine_Learning\XGBoost\xgboost_fusion_v2_engine.py
SELECT,E:\football_v\03_MODEL_LAYER\legacy_import\03_Machine_Learning\XGBoost\xgboost_fusion_v2_engine.py
LEFT JOIN home_away_rating ha1,E:\football_v\03_MODEL_LAYER\legacy_import\03_Machine_Learning\XGBoost\xgboost_fusion_v2_engine.py
LEFT JOIN home_away_rating ha2,E:\football_v\03_MODEL_LAYER\legacy_import\03_Machine_Learning\XGBoost\xgboost_fusion_v2_engine.py
LEFT JOIN fatigue_rating f1,E:\football_v\03_MODEL_LAYER\legacy_import\03_Machine_Learning\XGBoost\xgboost_fusion_v2_engine.py
LEFT JOIN fatigue_rating f2,E:\football_v\03_MODEL_LAYER\legacy_import\03_Machine_Learning\XGBoost\xgboost_fusion_v2_engine.py
def create_features(df):,E:\football_v\03_MODEL_LAYER\legacy_import\03_Machine_Learning\XGBoost\xgboost_fusion_v2_engine.py
"X,y=create_features(df)",E:\football_v\03_MODEL_LAYER\legacy_import\03_Machine_Learning\XGBoost\xgboost_fusion_v2_engine.py
"def analyze(self, features):",E:\football_v\04_Data_Processing_AI\data_intelligence_engine\data_intelligence_engine.py
"""input_features"":",E:\football_v\04_Data_Processing_AI\data_intelligence_engine\data_intelligence_engine.py
"features,",E:\football_v\04_Data_Processing_AI\data_intelligence_engine\data_intelligence_engine.py
"""all_features""",E:\football_v\04_Data_Processing_AI\data_intelligence_engine\data_router.py
class FeatureSelector:,E:\football_v\04_Data_Processing_AI\data_intelligence_engine\feature_selector.py
"def select(self,model):",E:\football_v\04_Data_Processing_AI\data_intelligence_engine\feature_selector.py
"""features"":",E:\football_v\04_Data_Processing_AI\data_intelligence_engine\feature_selector.py
"""selected""",E:\football_v\04_Data_Processing_AI\data_intelligence_engine\feature_selector.py
"FeatureSelector().select(""XGBoost"")",E:\football_v\04_Data_Processing_AI\data_intelligence_engine\feature_selector.py
class FeatureWeightManager:,E:\football_v\04_Data_Processing_AI\dynamic_feature_weight_engine\feature_weight_manager.py
"def analyze(self,feature):",E:\football_v\04_Data_Processing_AI\dynamic_feature_weight_engine\feature_weight_manager.py
"""feature"":feature,",E:\football_v\04_Data_Processing_AI\dynamic_feature_weight_engine\feature_weight_manager.py
class EloHistoryFeatureEngine:,E:\football_v\04_Data_Processing_AI\feature_store\elo_history_feature_engine.py
elo_history,E:\football_v\04_Data_Processing_AI\feature_store\elo_history_feature_engine.py
class FeatureAnomalyDetector:,E:\football_v\04_Data_Processing_AI\feature_store\feature_anomaly_detector.py
feature,E:\football_v\04_Data_Processing_AI\feature_store\feature_anomaly_detector.py
class FeatureAPIService:,E:\football_v\04_Data_Processing_AI\feature_store\feature_api_service.py
def get_feature(,E:\football_v\04_Data_Processing_AI\feature_store\feature_api_service.py
class FeatureAuditLogger:,E:\football_v\04_Data_Processing_AI\feature_store\feature_audit_logger.py
class FeatureAutoGenerator:,E:\football_v\04_Data_Processing_AI\feature_store\feature_auto_generator.py
"""generated_features"":",E:\football_v\04_Data_Processing_AI\feature_store\feature_auto_generator.py
class FeatureCacheManager:,E:\football_v\04_Data_Processing_AI\feature_store\feature_cache_manager.py
class FeatureContextBuilder:,E:\football_v\04_Data_Processing_AI\feature_store\feature_context_builder.py
class FeatureCRUDService:,E:\football_v\04_Data_Processing_AI\feature_store\feature_crud_service.py
feature,E:\football_v\04_Data_Processing_AI\feature_store\feature_crud_service.py
"""feature"":",E:\football_v\04_Data_Processing_AI\feature_store\feature_crud_service.py
feature,E:\football_v\04_Data_Processing_AI\feature_store\feature_crud_service.py
feature_id,E:\football_v\04_Data_Processing_AI\feature_store\feature_crud_service.py
"""feature_id"":",E:\football_v\04_Data_Processing_AI\feature_store\feature_crud_service.py
feature_id,E:\football_v\04_Data_Processing_AI\feature_store\feature_crud_service.py
feature,E:\football_v\04_Data_Processing_AI\feature_store\feature_crud_service.py
feature_id,E:\football_v\04_Data_Processing_AI\feature_store\feature_crud_service.py
class FeatureDatabaseHealthCheck:,E:\football_v\04_Data_Processing_AI\feature_store\feature_database_health_check.py
class FeatureDatabaseReader:,E:\football_v\04_Data_Processing_AI\feature_store\feature_database_reader.py
class FeatureDatabaseService:,E:\football_v\04_Data_Processing_AI\feature_store\feature_database_service.py
class FeatureDatabaseSession:,E:\football_v\04_Data_Processing_AI\feature_store\feature_database_session.py
class FeatureDatasetBuilder:,E:\football_v\04_Data_Processing_AI\feature_store\feature_dataset_builder.py
"""feature_version"":",E:\football_v\04_Data_Processing_AI\feature_store\feature_dataset_builder.py
class FeatureDatasetBuilderV2:,E:\football_v\04_Data_Processing_AI\feature_store\feature_dataset_builder_v2.py
class FeatureDatasetExporter:,E:\football_v\04_Data_Processing_AI\feature_store\feature_dataset_exporter.py
class FeatureDatasetGenerator:,E:\football_v\04_Data_Processing_AI\feature_store\feature_dataset_generator.py
class FeatureDatasetReporter:,E:\football_v\04_Data_Processing_AI\feature_store\feature_dataset_reporter.py
class FeatureDatasetVersionManager:,E:\football_v\04_Data_Processing_AI\feature_store\feature_dataset_version_manager.py
"CURRENT_VERSION=""AI_FEATURE_DATASET_V1.0""",E:\football_v\04_Data_Processing_AI\feature_store\feature_dataset_version_manager.py
class FeatureDataIngestion:,E:\football_v\04_Data_Processing_AI\feature_store\feature_data_ingestion.py
class FeatureDataLoader:,E:\football_v\04_Data_Processing_AI\feature_store\feature_data_loader.py
class FeatureDriftDetector:,E:\football_v\04_Data_Processing_AI\feature_store\feature_drift_detector.py
class FeatureGenerator:,E:\football_v\04_Data_Processing_AI\feature_store\feature_feature_generator.py
class FeatureFeedbackOptimizer:,E:\football_v\04_Data_Processing_AI\feature_store\feature_feedback_optimizer.py
"""feature_updated"":",E:\football_v\04_Data_Processing_AI\feature_store\feature_feedback_optimizer.py
class FeatureImportanceAnalyzer:,E:\football_v\04_Data_Processing_AI\feature_store\feature_importance_analyzer.py
features,E:\football_v\04_Data_Processing_AI\feature_store\feature_importance_analyzer.py
class FeatureIngestionScheduler:,E:\football_v\04_Data_Processing_AI\feature_store\feature_ingestion_scheduler.py
class FeatureInteractionEngine:,E:\football_v\04_Data_Processing_AI\feature_store\feature_interaction_engine.py
features,E:\football_v\04_Data_Processing_AI\feature_store\feature_interaction_engine.py
"""interaction_features"":",E:\football_v\04_Data_Processing_AI\feature_store\feature_interaction_engine.py
"""features"":",E:\football_v\04_Data_Processing_AI\feature_store\feature_interaction_engine.py
features,E:\football_v\04_Data_Processing_AI\feature_store\feature_interaction_engine.py
class FeatureLineageTracker:,E:\football_v\04_Data_Processing_AI\feature_store\feature_lineage_tracker.py
"feature,",E:\football_v\04_Data_Processing_AI\feature_store\feature_lineage_tracker.py
"""feature"":",E:\football_v\04_Data_Processing_AI\feature_store\feature_lineage_tracker.py
"feature,",E:\football_v\04_Data_Processing_AI\feature_store\feature_lineage_tracker.py
class FeatureLoader:,E:\football_v\04_Data_Processing_AI\feature_store\feature_loader.py
"return ""feature_data_loaded""",E:\football_v\04_Data_Processing_AI\feature_store\feature_loader.py
print(FeatureLoader().load()),E:\football_v\04_Data_Processing_AI\feature_store\feature_loader.py
class FeatureLoaderService:,E:\football_v\04_Data_Processing_AI\feature_store\feature_loader_service.py
class FeatureMatchReader:,E:\football_v\04_Data_Processing_AI\feature_store\feature_match_reader.py
class FeatureModelAdapter:,E:\football_v\04_Data_Processing_AI\feature_store\feature_model_adapter.py
def get_common_features(,E:\football_v\04_Data_Processing_AI\feature_store\feature_model_adapter.py
def get_elo_features(,E:\football_v\04_Data_Processing_AI\feature_store\feature_model_adapter.py
def get_poisson_features(,E:\football_v\04_Data_Processing_AI\feature_store\feature_model_adapter.py
def get_xgb_features(,E:\football_v\04_Data_Processing_AI\feature_store\feature_model_adapter.py
class FeatureModelInterface:,E:\football_v\04_Data_Processing_AI\feature_store\feature_model_interface.py
class FeatureModelRegistry:,E:\football_v\04_Data_Processing_AI\feature_store\feature_model_registry.py
class FeatureOptimizer:,E:\football_v\04_Data_Processing_AI\feature_store\feature_optimizer.py
features,E:\football_v\04_Data_Processing_AI\feature_store\feature_optimizer.py
class FeaturePatternMiner:,E:\football_v\04_Data_Processing_AI\feature_store\feature_pattern_miner.py
history,E:\football_v\04_Data_Processing_AI\feature_store\feature_pattern_miner.py
"""history"":",E:\football_v\04_Data_Processing_AI\feature_store\feature_pattern_miner.py
history,E:\football_v\04_Data_Processing_AI\feature_store\feature_pattern_miner.py
from feature_validator import FeatureValidator,E:\football_v\04_Data_Processing_AI\feature_store\feature_pipeline.py
from feature_dataset_builder import FeatureDatasetBuilder,E:\football_v\04_Data_Processing_AI\feature_store\feature_pipeline.py
class FeaturePipeline:,E:\football_v\04_Data_Processing_AI\feature_store\feature_pipeline.py
self.builder=FeatureDatasetBuilder(),E:\football_v\04_Data_Processing_AI\feature_store\feature_pipeline.py
self.validator=FeatureValidator(),E:\football_v\04_Data_Processing_AI\feature_store\feature_pipeline.py
from feature_data_loader import FeatureDataLoader,E:\football_v\04_Data_Processing_AI\feature_store\feature_pipeline_runner.py
from feature_dataset_exporter import FeatureDatasetExporter,E:\football_v\04_Data_Processing_AI\feature_store\feature_pipeline_runner.py
class FeaturePipelineRunner:,E:\football_v\04_Data_Processing_AI\feature_store\feature_pipeline_runner.py
self.loader = FeatureDataLoader(),E:\football_v\04_Data_Processing_AI\feature_store\feature_pipeline_runner.py
self.exporter = FeatureDatasetExporter(),E:\football_v\04_Data_Processing_AI\feature_store\feature_pipeline_runner.py
class FeatureQualityMonitor:,E:\football_v\04_Data_Processing_AI\feature_store\feature_quality_monitor.py
feature,E:\football_v\04_Data_Processing_AI\feature_store\feature_quality_monitor.py
"""feature"":",E:\football_v\04_Data_Processing_AI\feature_store\feature_quality_monitor.py
"feature,",E:\football_v\04_Data_Processing_AI\feature_store\feature_quality_monitor.py
class FeatureQualityReporter:,E:\football_v\04_Data_Processing_AI\feature_store\feature_quality_reporter.py
class FeatureQualityRules:,E:\football_v\04_Data_Processing_AI\feature_store\feature_quality_rules.py
class FeatureQueryEngine:,E:\football_v\04_Data_Processing_AI\feature_store\feature_query_engine.py
class FeatureQueryService:,E:\football_v\04_Data_Processing_AI\feature_store\feature_query_service.py
def query_team_feature(,E:\football_v\04_Data_Processing_AI\feature_store\feature_query_service.py
"""features"":",E:\football_v\04_Data_Processing_AI\feature_store\feature_query_service.py
class FeatureReductionEngine:,E:\football_v\04_Data_Processing_AI\feature_store\feature_reduction_engine.py
features,E:\football_v\04_Data_Processing_AI\feature_store\feature_reduction_engine.py
"""module"":""feature_store"",",E:\football_v\04_Data_Processing_AI\feature_store\feature_registry.py
"""feature_registry.json""",E:\football_v\04_Data_Processing_AI\feature_store\feature_registry.py
class FeatureRequestRouter:,E:\football_v\04_Data_Processing_AI\feature_store\feature_request_router.py
"""feature_service"",",E:\football_v\04_Data_Processing_AI\feature_store\feature_request_router.py
class FeatureResponseFormatter:,E:\football_v\04_Data_Processing_AI\feature_store\feature_response_formatter.py
class FeatureSchema:,E:\football_v\04_Data_Processing_AI\feature_store\feature_schema.py
"""feature_schema.json""",E:\football_v\04_Data_Processing_AI\feature_store\feature_schema.py
print(FeatureSchema().load()),E:\football_v\04_Data_Processing_AI\feature_store\feature_schema.py
class FeatureSelectorAI:,E:\football_v\04_Data_Processing_AI\feature_store\feature_selector_ai.py
def select(,E:\football_v\04_Data_Processing_AI\feature_store\feature_selector_ai.py
features,E:\football_v\04_Data_Processing_AI\feature_store\feature_selector_ai.py
"""selected"":",E:\football_v\04_Data_Processing_AI\feature_store\feature_selector_ai.py
features,E:\football_v\04_Data_Processing_AI\feature_store\feature_selector_ai.py
class FeatureService:,E:\football_v\04_Data_Processing_AI\feature_store\feature_service.py
def load_features(self):,E:\football_v\04_Data_Processing_AI\feature_store\feature_service.py
"""service"":""feature_service""",E:\football_v\04_Data_Processing_AI\feature_store\feature_service.py
print(FeatureService().load_features()),E:\football_v\04_Data_Processing_AI\feature_store\feature_service.py
class FeatureServiceHealth:,E:\football_v\04_Data_Processing_AI\feature_store\feature_service_health.py
"""Feature API"",",E:\football_v\04_Data_Processing_AI\feature_store\feature_service_health.py
class FeatureSnapshotManager:,E:\football_v\04_Data_Processing_AI\feature_store\feature_snapshot_manager.py
class FeatureStore:,E:\football_v\04_Data_Processing_AI\feature_store\feature_store.py
"self.name=""Feature Store V1.0""",E:\football_v\04_Data_Processing_AI\feature_store\feature_store.py
"""module"":""feature_store"",",E:\football_v\04_Data_Processing_AI\feature_store\feature_store.py
print(FeatureStore().status()),E:\football_v\04_Data_Processing_AI\feature_store\feature_store.py
class FeatureTableMapper:,E:\football_v\04_Data_Processing_AI\feature_store\feature_table_mapper.py
class FeatureTimeSeriesManager:,E:\football_v\04_Data_Processing_AI\feature_store\feature_time_series_manager.py
class FeatureValidationService:,E:\football_v\04_Data_Processing_AI\feature_store\feature_validation_service.py
class FeatureValidator:,E:\football_v\04_Data_Processing_AI\feature_store\feature_validator.py
class FeatureVersionManager:,E:\football_v\04_Data_Processing_AI\feature_store\feature_version_manager.py
def register_feature(,E:\football_v\04_Data_Processing_AI\feature_store\feature_version_manager.py
feature,E:\football_v\04_Data_Processing_AI\feature_store\feature_version_manager.py
"""feature"":",E:\football_v\04_Data_Processing_AI\feature_store\feature_version_manager.py
"feature,",E:\football_v\04_Data_Processing_AI\feature_store\feature_version_manager.py
class HistoricalFeatureBuilder:,E:\football_v\04_Data_Processing_AI\feature_store\historical_feature_builder.py
class HistoricalFeatureDatabase:,E:\football_v\04_Data_Processing_AI\feature_store\historical_feature_database.py
"""historical_feature_db"",",E:\football_v\04_Data_Processing_AI\feature_store\historical_feature_database.py
class HistoricalFeatureRegistry:,E:\football_v\04_Data_Processing_AI\feature_store\historical_feature_registry.py
features=[,E:\football_v\04_Data_Processing_AI\feature_store\historical_feature_registry.py
"""home_away_history"",",E:\football_v\04_Data_Processing_AI\feature_store\historical_feature_registry.py
"""elo_history"",",E:\football_v\04_Data_Processing_AI\feature_store\historical_feature_registry.py
def list_features(self):,E:\football_v\04_Data_Processing_AI\feature_store\historical_feature_registry.py
return self.features,E:\football_v\04_Data_Processing_AI\feature_store\historical_feature_registry.py
class HistoricalFeatureRepository:,E:\football_v\04_Data_Processing_AI\feature_store\historical_feature_repository.py
def save_feature(,E:\football_v\04_Data_Processing_AI\feature_store\historical_feature_repository.py
feature,E:\football_v\04_Data_Processing_AI\feature_store\historical_feature_repository.py
"""feature"":",E:\football_v\04_Data_Processing_AI\feature_store\historical_feature_repository.py
feature,E:\football_v\04_Data_Processing_AI\feature_store\historical_feature_repository.py
def load_feature(,E:\football_v\04_Data_Processing_AI\feature_store\historical_feature_repository.py
class HistoricalFeatureRepositoryV2:,E:\football_v\04_Data_Processing_AI\feature_store\historical_feature_repository_v2.py
class HistoricalFeatureTableCreator:,E:\football_v\04_Data_Processing_AI\feature_store\historical_feature_table_creator.py
"""team_form_history"",",E:\football_v\04_Data_Processing_AI\feature_store\historical_feature_table_creator.py
"""home_away_history"",",E:\football_v\04_Data_Processing_AI\feature_store\historical_feature_table_creator.py
"""elo_history"",",E:\football_v\04_Data_Processing_AI\feature_store\historical_feature_table_creator.py
"""attack_defence_history"",",E:\football_v\04_Data_Processing_AI\feature_store\historical_feature_table_creator.py
"""model_feature_snapshot""",E:\football_v\04_Data_Processing_AI\feature_store\historical_feature_table_creator.py
class HomeAwayFeatureEngine:,E:\football_v\04_Data_Processing_AI\feature_store\home_away_feature_engine.py
"""home_history"":",E:\football_v\04_Data_Processing_AI\feature_store\home_away_feature_engine.py
"""away_history"":",E:\football_v\04_Data_Processing_AI\feature_store\home_away_feature_engine.py
class IntelligentFeatureStore:,E:\football_v\04_Data_Processing_AI\feature_store\intelligent_feature_store.py
"""feature_version"":",E:\football_v\04_Data_Processing_AI\feature_store\production_release_checker.py
class TeamFormFeatureEngine:,E:\football_v\04_Data_Processing_AI\feature_store\team_form_feature_engine.py
history,E:\football_v\04_Data_Processing_AI\feature_store\team_form_feature_engine.py
"history[-5:],",E:\football_v\04_Data_Processing_AI\feature_store\team_form_feature_engine.py
history[-10:],E:\football_v\04_Data_Processing_AI\feature_store\team_form_feature_engine.py
feature_dataset,E:\football_v\04_Data_Processing_AI\feature_store\training_dataset_builder.py
for row in feature_dataset:,E:\football_v\04_Data_Processing_AI\feature_store\training_dataset_builder.py
"""features"":",E:\football_v\04_Data_Processing_AI\feature_store\training_dataset_builder.py
"def transform(self, features):",E:\football_v\04_Data_Processing_AI\feature_store\adapters\dixon_coles_adapter.py
"""features"":[",E:\football_v\04_Data_Processing_AI\feature_store\adapters\dixon_coles_adapter.py
"""input"":features",E:\football_v\04_Data_Processing_AI\feature_store\adapters\dixon_coles_adapter.py
class DixonColesFeatureAdapter:,E:\football_v\04_Data_Processing_AI\feature_store\adapters\dixon_coles_feature_adapter.py
def get_dixon_coles_features(,E:\football_v\04_Data_Processing_AI\feature_store\adapters\dixon_coles_feature_adapter.py
"def transform(self, features):",E:\football_v\04_Data_Processing_AI\feature_store\adapters\elo_adapter.py
"""features"":[",E:\football_v\04_Data_Processing_AI\feature_store\adapters\elo_adapter.py
"""input"":features",E:\football_v\04_Data_Processing_AI\feature_store\adapters\elo_adapter.py
class EloFeatureAdapter:,E:\football_v\04_Data_Processing_AI\feature_store\adapters\elo_feature_adapter.py
def get_elo_features(,E:\football_v\04_Data_Processing_AI\feature_store\adapters\elo_feature_adapter.py
class FusionFeatureAdapter:,E:\football_v\04_Data_Processing_AI\feature_store\adapters\fusion_feature_adapter.py
features,E:\football_v\04_Data_Processing_AI\feature_store\adapters\fusion_feature_adapter.py
return features,E:\football_v\04_Data_Processing_AI\feature_store\adapters\fusion_feature_adapter.py
"def transform(self, features):",E:\football_v\04_Data_Processing_AI\feature_store\adapters\poisson_adapter.py
"""features"":[",E:\football_v\04_Data_Processing_AI\feature_store\adapters\poisson_adapter.py
"""input"":features",E:\football_v\04_Data_Processing_AI\feature_store\adapters\poisson_adapter.py
class PoissonFeatureAdapter:,E:\football_v\04_Data_Processing_AI\feature_store\adapters\poisson_feature_adapter.py
def get_poisson_features(,E:\football_v\04_Data_Processing_AI\feature_store\adapters\poisson_feature_adapter.py
"def transform(self, features):",E:\football_v\04_Data_Processing_AI\feature_store\adapters\xgboost_adapter.py
"""features"":[",E:\football_v\04_Data_Processing_AI\feature_store\adapters\xgboost_adapter.py
"""all_features""",E:\football_v\04_Data_Processing_AI\feature_store\adapters\xgboost_adapter.py
"""input"":features",E:\football_v\04_Data_Processing_AI\feature_store\adapters\xgboost_adapter.py
class XGBoostFeatureAdapter:,E:\football_v\04_Data_Processing_AI\feature_store\adapters\xgboost_feature_adapter.py
def get_xgb_features(,E:\football_v\04_Data_Processing_AI\feature_store\adapters\xgboost_feature_adapter.py
"""feature_vector"":",E:\football_v\04_Data_Processing_AI\feature_store\adapters\xgboost_feature_adapter.py
"""feature_vector"",",E:\football_v\04_Data_Processing_AI\feature_store\adapters\xgboost_feature_adapter.py
"""feature_dataset_builder_v2.py"",",E:\football_v\04_Data_Processing_AI\feature_store\tests\ai_feature_dataset_test.py
"""feature_model_adapter.py"",",E:\football_v\04_Data_Processing_AI\feature_store\tests\ai_feature_dataset_test.py
"""feature_probability_schema.py"",",E:\football_v\04_Data_Processing_AI\feature_store\tests\ai_feature_dataset_test.py
"""feature_dataset_version_manager.py""",E:\football_v\04_Data_Processing_AI\feature_store\tests\ai_feature_dataset_test.py
"""Feature Store V1.5"",",E:\football_v\04_Data_Processing_AI\feature_store\tests\ai_feature_dataset_test.py
"""Feature Store V1.7"",",E:\football_v\04_Data_Processing_AI\feature_store\tests\environment_flow_test.py
"""historical_feature_table_creator.py"",",E:\football_v\04_Data_Processing_AI\feature_store\tests\feature_database_health_test.py
"""feature_database_session.py"",",E:\football_v\04_Data_Processing_AI\feature_store\tests\feature_database_health_test.py
"""feature_database_health_check.py"",",E:\football_v\04_Data_Processing_AI\feature_store\tests\feature_database_health_test.py
"""migrations/V2.1_create_historical_feature_tables.sql""",E:\football_v\04_Data_Processing_AI\feature_store\tests\feature_database_health_test.py
"""Feature Store V2.1"",",E:\football_v\04_Data_Processing_AI\feature_store\tests\feature_database_health_test.py
"""feature_database_service.py"",",E:\football_v\04_Data_Processing_AI\feature_store\tests\feature_database_integration_test.py
"""feature_table_mapper.py"",",E:\football_v\04_Data_Processing_AI\feature_store\tests\feature_database_integration_test.py
"""feature_query_engine.py"",",E:\football_v\04_Data_Processing_AI\feature_store\tests\feature_database_integration_test.py
"""feature_dataset_generator.py""",E:\football_v\04_Data_Processing_AI\feature_store\tests\feature_database_integration_test.py
"""Feature Store V1.3"",",E:\football_v\04_Data_Processing_AI\feature_store\tests\feature_database_integration_test.py
"""feature_match_reader.py"",",E:\football_v\04_Data_Processing_AI\feature_store\tests\feature_dataset_generation_test.py
"""feature_feature_generator.py"",",E:\football_v\04_Data_Processing_AI\feature_store\tests\feature_dataset_generation_test.py
"""feature_dataset_schema_validator.py"",",E:\football_v\04_Data_Processing_AI\feature_store\tests\feature_dataset_generation_test.py
"""feature_dataset_reporter.py""",E:\football_v\04_Data_Processing_AI\feature_store\tests\feature_dataset_generation_test.py
"""Feature Store V1.4"",",E:\football_v\04_Data_Processing_AI\feature_store\tests\feature_dataset_generation_test.py
"""feature_loader_service.py"",",E:\football_v\04_Data_Processing_AI\feature_store\tests\feature_ingestion_test.py
"""feature_validation_service.py"",",E:\football_v\04_Data_Processing_AI\feature_store\tests\feature_ingestion_test.py
"""feature_data_ingestion.py"",",E:\football_v\04_Data_Processing_AI\feature_store\tests\feature_ingestion_test.py
"""feature_ingestion_scheduler.py""",E:\football_v\04_Data_Processing_AI\feature_store\tests\feature_ingestion_test.py
"""Feature Store V2.3"",",E:\football_v\04_Data_Processing_AI\feature_store\tests\feature_ingestion_test.py
"""feature_database_reader.py"",",E:\football_v\04_Data_Processing_AI\feature_store\tests\feature_store_data_test.py
"""feature_data_loader.py"",",E:\football_v\04_Data_Processing_AI\feature_store\tests\feature_store_data_test.py
"""feature_dataset_exporter.py"",",E:\football_v\04_Data_Processing_AI\feature_store\tests\feature_store_data_test.py
"""feature_pipeline_runner.py""",E:\football_v\04_Data_Processing_AI\feature_store\tests\feature_store_data_test.py
"""Feature Store V1.2"",",E:\football_v\04_Data_Processing_AI\feature_store\tests\feature_store_data_test.py
"""feature_database_connector.py"",",E:\football_v\04_Data_Processing_AI\feature_store\tests\feature_store_pipeline_test.py
"""feature_dataset_builder.py"",",E:\football_v\04_Data_Processing_AI\feature_store\tests\feature_store_pipeline_test.py
"""feature_validator.py"",",E:\football_v\04_Data_Processing_AI\feature_store\tests\feature_store_pipeline_test.py
"""feature_pipeline.py""",E:\football_v\04_Data_Processing_AI\feature_store\tests\feature_store_pipeline_test.py
"""Feature Store V1.1"",",E:\football_v\04_Data_Processing_AI\feature_store\tests\feature_store_pipeline_test.py
"""feature_store.py"",",E:\football_v\04_Data_Processing_AI\feature_store\tests\feature_store_test.py
"""feature_service.py"",",E:\football_v\04_Data_Processing_AI\feature_store\tests\feature_store_test.py
"""feature_schema.py"",",E:\football_v\04_Data_Processing_AI\feature_store\tests\feature_store_test.py
"""feature_registry.py""",E:\football_v\04_Data_Processing_AI\feature_store\tests\feature_store_test.py
"""Feature Store"",",E:\football_v\04_Data_Processing_AI\feature_store\tests\feature_store_test.py
"""feature_version_manager.py"",",E:\football_v\04_Data_Processing_AI\feature_store\tests\feature_store_v2.6_full_test.py
"""feature_lineage_tracker.py"",",E:\football_v\04_Data_Processing_AI\feature_store\tests\feature_store_v2.6_full_test.py
"""feature_audit_logger.py"",",E:\football_v\04_Data_Processing_AI\feature_store\tests\feature_store_v2.6_full_test.py
"""feature_quality_monitor.py"",",E:\football_v\04_Data_Processing_AI\feature_store\tests\feature_store_v2.6_full_test.py
"""feature_drift_detector.py"",",E:\football_v\04_Data_Processing_AI\feature_store\tests\feature_store_v2.6_full_test.py
"""feature_anomaly_detector.py"",",E:\football_v\04_Data_Processing_AI\feature_store\tests\feature_store_v2.6_full_test.py
"""feature_quality_reporter.py"",",E:\football_v\04_Data_Processing_AI\feature_store\tests\feature_store_v2.6_full_test.py
"""feature_quality_rules.py"",",E:\football_v\04_Data_Processing_AI\feature_store\tests\feature_store_v2.6_full_test.py
"""feature_api_service.py"",",E:\football_v\04_Data_Processing_AI\feature_store\tests\feature_store_v2.6_full_test.py
"""feature_request_router.py"",",E:\football_v\04_Data_Processing_AI\feature_store\tests\feature_store_v2.6_full_test.py
"""feature_response_formatter.py"",",E:\football_v\04_Data_Processing_AI\feature_store\tests\feature_store_v2.6_full_test.py
"""feature_cache_manager.py"",",E:\football_v\04_Data_Processing_AI\feature_store\tests\feature_store_v2.6_full_test.py
"""feature_service_health.py""",E:\football_v\04_Data_Processing_AI\feature_store\tests\feature_store_v2.6_full_test.py
"""Feature Store V2.6"",",E:\football_v\04_Data_Processing_AI\feature_store\tests\feature_store_v2.6_full_test.py
"""feature_auto_generator.py"",",E:\football_v\04_Data_Processing_AI\feature_store\tests\feature_store_v3.0_full_test.py
"""feature_interaction_engine.py"",",E:\football_v\04_Data_Processing_AI\feature_store\tests\feature_store_v3.0_full_test.py
"""feature_context_builder.py"",",E:\football_v\04_Data_Processing_AI\feature_store\tests\feature_store_v3.0_full_test.py
"""feature_pattern_miner.py"",",E:\football_v\04_Data_Processing_AI\feature_store\tests\feature_store_v3.0_full_test.py
"""feature_selector_ai.py"",",E:\football_v\04_Data_Processing_AI\feature_store\tests\feature_store_v3.0_full_test.py
"""feature_importance_analyzer.py"",",E:\football_v\04_Data_Processing_AI\feature_store\tests\feature_store_v3.0_full_test.py
"""feature_reduction_engine.py"",",E:\football_v\04_Data_Processing_AI\feature_store\tests\feature_store_v3.0_full_test.py
"""feature_optimizer.py"",",E:\football_v\04_Data_Processing_AI\feature_store\tests\feature_store_v3.0_full_test.py
"""feature_feedback_optimizer.py"",",E:\football_v\04_Data_Processing_AI\feature_store\tests\feature_store_v3.0_full_test.py
"""intelligent_feature_store.py""",E:\football_v\04_Data_Processing_AI\feature_store\tests\feature_store_v3.0_full_test.py
"""Feature Store V3.0"",",E:\football_v\04_Data_Processing_AI\feature_store\tests\feature_store_v3.0_full_test.py
"""historical_feature_database.py"",",E:\football_v\04_Data_Processing_AI\feature_store\tests\historical_feature_database_test.py
"""historical_feature_repository.py"",",E:\football_v\04_Data_Processing_AI\feature_store\tests\historical_feature_database_test.py
"""feature_query_service.py"",",E:\football_v\04_Data_Processing_AI\feature_store\tests\historical_feature_database_test.py
"""feature_snapshot_manager.py""",E:\football_v\04_Data_Processing_AI\feature_store\tests\historical_feature_database_test.py
"""Feature Store V2.0"",",E:\football_v\04_Data_Processing_AI\feature_store\tests\historical_feature_database_test.py
"""historical_feature_builder.py"",",E:\football_v\04_Data_Processing_AI\feature_store\tests\historical_feature_store_test.py
"""team_form_feature_engine.py"",",E:\football_v\04_Data_Processing_AI\feature_store\tests\historical_feature_store_test.py
"""home_away_feature_engine.py"",",E:\football_v\04_Data_Processing_AI\feature_store\tests\historical_feature_store_test.py
"""elo_history_feature_engine.py"",",E:\football_v\04_Data_Processing_AI\feature_store\tests\historical_feature_store_test.py
"""feature_time_series_manager.py"",",E:\football_v\04_Data_Processing_AI\feature_store\tests\historical_feature_store_test.py
"""historical_feature_registry.py""",E:\football_v\04_Data_Processing_AI\feature_store\tests\historical_feature_store_test.py
"""Feature Store V1.9"",",E:\football_v\04_Data_Processing_AI\feature_store\tests\historical_feature_store_test.py
"""feature_model_interface.py"",",E:\football_v\04_Data_Processing_AI\feature_store\tests\model_feature_adapter_test.py
"""feature_model_registry.py"",",E:\football_v\04_Data_Processing_AI\feature_store\tests\model_feature_adapter_test.py
"""adapters/elo_feature_adapter.py"",",E:\football_v\04_Data_Processing_AI\feature_store\tests\model_feature_adapter_test.py
"""adapters/dixon_coles_feature_adapter.py"",",E:\football_v\04_Data_Processing_AI\feature_store\tests\model_feature_adapter_test.py
"""adapters/poisson_feature_adapter.py"",",E:\football_v\04_Data_Processing_AI\feature_store\tests\model_feature_adapter_test.py
"""adapters/xgboost_feature_adapter.py"",",E:\football_v\04_Data_Processing_AI\feature_store\tests\model_feature_adapter_test.py
"""adapters/fusion_feature_adapter.py""",E:\football_v\04_Data_Processing_AI\feature_store\tests\model_feature_adapter_test.py
"""Feature Store V1.6"",",E:\football_v\04_Data_Processing_AI\feature_store\tests\model_feature_adapter_test.py
"""feature_crud_service.py"",",E:\football_v\04_Data_Processing_AI\feature_store\tests\postgres_runtime_test.py
"""historical_feature_repository_v2.py"",",E:\football_v\04_Data_Processing_AI\feature_store\tests\postgres_runtime_test.py
"""Feature Store V2.2"",",E:\football_v\04_Data_Processing_AI\feature_store\tests\postgres_runtime_test.py
"""Feature Store V1.8"",",E:\football_v\04_Data_Processing_AI\feature_store\tests\training_dataset_pipeline_test.py
class FeatureStoreConnector:,E:\football_v\05_MODEL_AI\MODEL_LAYER\feature_store_connector.py
def get_features(,E:\football_v\05_MODEL_AI\MODEL_LAYER\feature_store_connector.py
"""features"":",E:\football_v\05_MODEL_AI\MODEL_LAYER\feature_store_connector.py
features,E:\football_v\05_MODEL_AI\MODEL_LAYER\model_interface.py
features,E:\football_v\05_MODEL_AI\MODEL_LAYER\models\dixon_coles_model.py
self.team_ratings = {},E:\football_v\05_MODEL_AI\MODEL_LAYER\models\elo_model.py
CREATE TABLE IF NOT EXISTS elo_history (,E:\football_v\05_MODEL_AI\MODEL_LAYER\models\elo_model.py
CREATE TABLE IF NOT EXISTS team_rating (,E:\football_v\05_MODEL_AI\MODEL_LAYER\models\elo_model.py
"def _persist_results(self, conn, history_rows, ratings):",E:\football_v\05_MODEL_AI\MODEL_LAYER\models\elo_model.py
"conn.execute(""DELETE FROM elo_history"")",E:\football_v\05_MODEL_AI\MODEL_LAYER\models\elo_model.py
"conn.execute(""DELETE FROM team_rating"")",E:\football_v\05_MODEL_AI\MODEL_LAYER\models\elo_model.py
for row in history_rows:,E:\football_v\05_MODEL_AI\MODEL_LAYER\models\elo_model.py
"INSERT INTO elo_history (date, team, elo_before, elo_after, opponent)",E:\football_v\05_MODEL_AI\MODEL_LAYER\models\elo_model.py
"for team, rating in sorted(ratings.items()):",E:\football_v\05_MODEL_AI\MODEL_LAYER\models\elo_model.py
"""INSERT INTO team_rating (team, elo) VALUES (?, ?)"",",E:\football_v\05_MODEL_AI\MODEL_LAYER\models\elo_model.py
"(team, rating),",E:\football_v\05_MODEL_AI\MODEL_LAYER\models\elo_model.py
"SELECT match_date, home_team, away_team, home_score, away_score",E:\football_v\05_MODEL_AI\MODEL_LAYER\models\elo_model.py
ratings = defaultdict(lambda: 1500),E:\football_v\05_MODEL_AI\MODEL_LAYER\models\elo_model.py
history_rows = [],E:\football_v\05_MODEL_AI\MODEL_LAYER\models\elo_model.py
home_before = ratings[home_team],E:\football_v\05_MODEL_AI\MODEL_LAYER\models\elo_model.py
away_before = ratings[away_team],E:\football_v\05_MODEL_AI\MODEL_LAYER\models\elo_model.py
home_rating = home_before + self.home_advantage,E:\football_v\05_MODEL_AI\MODEL_LAYER\models\elo_model.py
1 + 10 ** ((away_before - home_rating) / 400),E:\football_v\05_MODEL_AI\MODEL_LAYER\models\elo_model.py
ratings[home_team] += self.k_factor * (result_home - expected_home),E:\football_v\05_MODEL_AI\MODEL_LAYER\models\elo_model.py
ratings[away_team] += self.k_factor * (result_away - expected_away),E:\football_v\05_MODEL_AI\MODEL_LAYER\models\elo_model.py
history_rows.append(,E:\football_v\05_MODEL_AI\MODEL_LAYER\models\elo_model.py
"ratings[home_team],",E:\football_v\05_MODEL_AI\MODEL_LAYER\models\elo_model.py
history_rows.append(,E:\football_v\05_MODEL_AI\MODEL_LAYER\models\elo_model.py
"ratings[away_team],",E:\football_v\05_MODEL_AI\MODEL_LAYER\models\elo_model.py
"self._persist_results(conn, history_rows, dict(ratings))",E:\football_v\05_MODEL_AI\MODEL_LAYER\models\elo_model.py
self.team_ratings = dict(ratings),E:\football_v\05_MODEL_AI\MODEL_LAYER\models\elo_model.py
"def predict(self, features):",E:\football_v\05_MODEL_AI\MODEL_LAYER\models\elo_model.py
"home_team = features.get(""home_team"") if isinstance(features, dict) else None",E:\football_v\05_MODEL_AI\MODEL_LAYER\models\elo_model.py
"away_team = features.get(""away_team"") if isinstance(features, dict) else None",E:\football_v\05_MODEL_AI\MODEL_LAYER\models\elo_model.py
"home_before = self.team_ratings.get(home_team, 1500)",E:\football_v\05_MODEL_AI\MODEL_LAYER\models\elo_model.py
"away_before = self.team_ratings.get(away_team, 1500)",E:\football_v\05_MODEL_AI\MODEL_LAYER\models\elo_model.py
home_rating = home_before + self.home_advantage,E:\football_v\05_MODEL_AI\MODEL_LAYER\models\elo_model.py
1 + 10 ** ((away_before - home_rating) / 400),E:\football_v\05_MODEL_AI\MODEL_LAYER\models\elo_model.py
"""team_ratings"": self.team_ratings,",E:\football_v\05_MODEL_AI\MODEL_LAYER\models\elo_model.py
"self.team_ratings = payload.get(""team_ratings"", {})",E:\football_v\05_MODEL_AI\MODEL_LAYER\models\elo_model.py
features,E:\football_v\05_MODEL_AI\MODEL_LAYER\models\poisson_model.py
features,E:\football_v\05_MODEL_AI\MODEL_LAYER\models\xgboost_model.py
"""feature_store_connector.py"",",E:\football_v\05_MODEL_AI\MODEL_LAYER\tests\model_layer_v1.3_full_test.py
"sys.path.insert(0, str(ROOT))",E:\football_v\05_MODEL_AI\MODEL_LAYER\tests\test_elo_model_migration.py
CREATE TABLE elo_history (,E:\football_v\05_MODEL_AI\MODEL_LAYER\tests\test_elo_model_migration.py
CREATE TABLE team_rating (,E:\football_v\05_MODEL_AI\MODEL_LAYER\tests\test_elo_model_migration.py
"INSERT INTO matches_clean (match_date, home_team, away_team, home_score, away_score)",E:\football_v\05_MODEL_AI\MODEL_LAYER\tests\test_elo_model_migration.py
"history_count = conn.execute(""SELECT COUNT(*) FROM elo_history"").fetchone()[0]",E:\football_v\05_MODEL_AI\MODEL_LAYER\tests\test_elo_model_migration.py
"team_count = conn.execute(""SELECT COUNT(*) FROM team_rating"").fetchone()[0]",E:\football_v\05_MODEL_AI\MODEL_LAYER\tests\test_elo_model_migration.py
assert history_count >= 4,E:\football_v\05_MODEL_AI\MODEL_LAYER\tests\test_elo_model_migration.py
features,E:\football_v\06_PREDICTION_ENGINE\prediction_service.py
features,E:\football_v\06_PREDICTION_ENGINE\prediction_service.py
class FeaturePipeline:,E:\football_v\07_AI_ORCHESTRATION_LAYER\data_pipeline\feature_pipeline.py
"return ""feature_ready""",E:\football_v\07_AI_ORCHESTRATION_LAYER\data_pipeline\feature_pipeline.py
class ModelSelector:,E:\football_v\07_AI_ORCHESTRATION_LAYER\model_router\model_selector.py
def select(self):,E:\football_v\07_AI_ORCHESTRATION_LAYER\model_router\model_selector.py
"return ""model_selected""",E:\football_v\07_AI_ORCHESTRATION_LAYER\model_router\model_selector.py
class FeatureFeedback:,E:\football_v\07_BACKTEST_AI\feature_feedback.py
"""feature_review"":",E:\football_v\07_BACKTEST_AI\feature_feedback.py
"""Optimize feature weights""",E:\football_v\07_BACKTEST_AI\feature_feedback.py
"""feature_feedback.py"",",E:\football_v\07_BACKTEST_AI\tests\backtest_system_v1.3_full_test.py
class BetSelectionEngine:,E:\football_v\08_DECISION_ENGINE\bet_selection_engine.py
def select(,E:\football_v\08_DECISION_ENGINE\bet_selection_engine.py
"""bet_selection_engine.py"",",E:\football_v\08_DECISION_ENGINE\tests\decision_engine_v1.3_full_test.py
"""explanation"":""feature contribution analysis ready""",E:\football_v\08_DECISION_INTELLIGENCE_LAYER\explanation_engine\explanation_manager.py
"""factor"":""team_rating_difference"",",E:\football_v\09_MODEL_EXPLANATION_ENGINE\elo_explainer\elo_explainer.py
"""explanation"":""rating advantage analysis ready""",E:\football_v\09_MODEL_EXPLANATION_ENGINE\elo_explainer\elo_explainer.py
"""factor"":""feature_importance"",",E:\football_v\09_MODEL_EXPLANATION_ENGINE\xgboost_explainer\xgboost_explainer.py
"""explanation"":""feature contribution interface ready""",E:\football_v\09_MODEL_EXPLANATION_ENGINE\xgboost_explainer\xgboost_explainer.py
class PredictionHistory:,E:\football_v\09_Prediction_System\prediction_history.py
# Football AI OS 106_REAL_ODDS_HISTORY_ENGINE,E:\football_v\106_REAL_ODDS_HISTORY_ENGINE\module.py
# Football AI OS 109_VALUE_BET_SELECTION_ENGINE,E:\football_v\109_VALUE_BET_SELECTION_ENGINE\module.py
class AdaptiveStrategySelector:,E:\football_v\10_AI_AUTONOMOUS_ENGINE\adaptive_strategy_selector.py
"def select(self,risk):",E:\football_v\10_AI_AUTONOMOUS_ENGINE\adaptive_strategy_selector.py
"""feature_change"",",E:\football_v\10_AI_AUTONOMOUS_ENGINE\change_risk_assessor.py
def get_history(self):,E:\football_v\10_AI_AUTONOMOUS_ENGINE\evolution_intelligence_engine.py
class FeatureSelfOptimizer:,E:\football_v\10_AI_AUTONOMOUS_ENGINE\feature_self_optimizer.py
features,E:\football_v\10_AI_AUTONOMOUS_ENGINE\feature_self_optimizer.py
"""low_value_features"":[],",E:\football_v\10_AI_AUTONOMOUS_ENGINE\feature_self_optimizer.py
"""high_value_features"":[],",E:\football_v\10_AI_AUTONOMOUS_ENGINE\feature_self_optimizer.py
def history(self):,E:\football_v\10_AI_AUTONOMOUS_ENGINE\learning_cycle_manager.py
def history(self):,E:\football_v\10_AI_AUTONOMOUS_ENGINE\learning_effect_tracker.py
def history(self):,E:\football_v\10_AI_AUTONOMOUS_ENGINE\model_change_tracker.py
class OptimizationHistory:,E:\football_v\10_AI_AUTONOMOUS_ENGINE\optimization_history.py
self.history=[],E:\football_v\10_AI_AUTONOMOUS_ENGINE\optimization_history.py
self.history.append(record),E:\football_v\10_AI_AUTONOMOUS_ENGINE\optimization_history.py
def get_history(self):,E:\football_v\10_AI_AUTONOMOUS_ENGINE\optimization_history.py
return self.history,E:\football_v\10_AI_AUTONOMOUS_ENGINE\optimization_history.py
class StrategySelectionEngine:,E:\football_v\10_AI_AUTONOMOUS_ENGINE\strategy_selection_engine.py
"def select(self,strategies):",E:\football_v\10_AI_AUTONOMOUS_ENGINE\strategy_selection_engine.py
history,E:\football_v\10_AI_AUTONOMOUS_ENGINE\time_window_analyzer.py
"len(history[-window:]),",E:\football_v\10_AI_AUTONOMOUS_ENGINE\time_window_analyzer.py
history[-window:],E:\football_v\10_AI_AUTONOMOUS_ENGINE\time_window_analyzer.py
class UpgradeHistoryRepository:,E:\football_v\10_AI_AUTONOMOUS_ENGINE\upgrade_history_repository.py
def history(self):,E:\football_v\10_AI_AUTONOMOUS_ENGINE\version_control_manager.py
"""optimization_history.py"",",E:\football_v\10_AI_AUTONOMOUS_ENGINE\tests\autonomous_engine_v1_4_full_test.py
"""upgrade_history_repository.py"",",E:\football_v\10_AI_AUTONOMOUS_ENGINE\tests\autonomous_engine_v1_4_full_test.py
"""strategy_selection_engine.py"",",E:\football_v\10_AI_AUTONOMOUS_ENGINE\tests\autonomous_engine_v2_6_batch_full_test.py
"""adaptive_strategy_selector.py"",",E:\football_v\10_AI_AUTONOMOUS_ENGINE\tests\autonomous_engine_v3_0_batch_full_test.py
"""feature_self_optimizer.py"":",E:\football_v\10_AI_AUTONOMOUS_ENGINE\tests\optimization_suggestion_v1_1_full_test.py
"""feature_self_optimizer.py""",E:\football_v\10_AI_AUTONOMOUS_ENGINE\tests\optimization_suggestion_v1_1_full_test.py
"""SELECT name FROM sqlite_master WHERE type='table'""",E:\football_v\10_GOVERNANCE_LAYER\migration\validate_database_schema.py
"""FEATURE"",",E:\football_v\10_INTEGRATION_LAYER\test\full_pipeline_test.py
# 111_ADVANCED_FEATURE_ENGINE,E:\football_v\111_ADVANCED_FEATURE_ENGINE\module.py
# 117_FEATURE_AUTO_GENERATOR,E:\football_v\117_FEATURE_AUTO_GENERATOR\module.py
self.history=[],E:\football_v\11_System_Intelligence\confidence_tracker.py
self.history.append(value),E:\football_v\11_System_Intelligence\confidence_tracker.py
def history(self):,E:\football_v\11_System_Intelligence\decision_memory.py
class FeatureEngineering:,E:\football_v\11_System_Intelligence\feature_engineering.py
"""features"":",E:\football_v\11_System_Intelligence\feature_engineering.py
self.history=[],E:\football_v\11_System_Intelligence\intelligence_feedback_loop.py
self.history.append(data),E:\football_v\11_System_Intelligence\intelligence_feedback_loop.py
return len(self.history),E:\football_v\11_System_Intelligence\intelligence_feedback_loop.py
Prediction History,E:\football_v\11_System_Intelligence\knowledge_memory_bridge.py
class MatchFeatureStore:,E:\football_v\11_System_Intelligence\match_feature_store.py
self.history=[],E:\football_v\11_System_Intelligence\model_accuracy_memory.py
self.history.append(item),E:\football_v\11_System_Intelligence\model_accuracy_memory.py
"def detect(self,history):",E:\football_v\11_System_Intelligence\odds_movement.py
self.history=[],E:\football_v\11_System_Intelligence\performance_tracker.py
self.history.append(score),E:\football_v\11_System_Intelligence\performance_tracker.py
if not self.history:,E:\football_v\11_System_Intelligence\performance_tracker.py
"sum(self.history)/len(self.history),",E:\football_v\11_System_Intelligence\performance_tracker.py
self.history=[],E:\football_v\11_System_Intelligence\probability_memory.py
self.history.append(item),E:\football_v\11_System_Intelligence\probability_memory.py
self.history=[],E:\football_v\11_System_Intelligence\reasoning_context.py
"def add_history(self,item):",E:\football_v\11_System_Intelligence\reasoning_context.py
self.history.append(item),E:\football_v\11_System_Intelligence\reasoning_context.py
"""history"":self.history",E:\football_v\11_System_Intelligence\reasoning_context.py
class TeamFeatureBuilder:,E:\football_v\11_System_Intelligence\team_feature_builder.py
"def predict(self,features):",E:\football_v\11_System_Intelligence\xgboost_predictor.py
class FeatureOptimizer:,E:\football_v\12_AUTONOMOUS_LEARNING_ENGINE\feature_optimizer\feature_optimizer.py
"def analyze(self,features):",E:\football_v\12_AUTONOMOUS_LEARNING_ENGINE\feature_optimizer\feature_optimizer.py
"""features"":",E:\football_v\12_AUTONOMOUS_LEARNING_ENGINE\feature_optimizer\feature_optimizer.py
"features,",E:\football_v\12_AUTONOMOUS_LEARNING_ENGINE\feature_optimizer\feature_optimizer.py
"""feature optimization ready""",E:\football_v\12_AUTONOMOUS_LEARNING_ENGINE\feature_optimizer\feature_optimizer.py
"MODULE=""146_HISTORY_CONVERSATION_STORE""",E:\football_v\146_HISTORY_CONVERSATION_STORE\module.py
"""feature_store.db"",",E:\football_v\16_DATABASE_GOVERNANCE_LAYER\database_initializer\database_initializer_V1.0.py
22_AI_FEATURE_STORE_LAYER,E:\football_v\22_AI_FEATURE_STORE_LAYER\feature_builder.py
feature_builder.py,E:\football_v\22_AI_FEATURE_STORE_LAYER\feature_builder.py
22_AI_FEATURE_STORE_LAYER,E:\football_v\22_AI_FEATURE_STORE_LAYER\feature_pipeline.py
feature_pipeline.py,E:\football_v\22_AI_FEATURE_STORE_LAYER\feature_pipeline.py
22_AI_FEATURE_STORE_LAYER,E:\football_v\22_AI_FEATURE_STORE_LAYER\feature_registry.py
feature_registry.py,E:\football_v\22_AI_FEATURE_STORE_LAYER\feature_registry.py
22_AI_FEATURE_STORE_LAYER,E:\football_v\22_AI_FEATURE_STORE_LAYER\module.py
"""dataset"":""football_history""",E:\football_v\23_MODEL_TRAINING_ENGINE\dataset_manager\dataset_manager_V2.0.py
class FeatureLoader:,E:\football_v\23_MODEL_TRAINING_ENGINE\feature_loader\feature_loader_V2.0.py
"def predict(self,features):",E:\football_v\24_PREDICTION_INTELLIGENCE_LAYER\prediction_core\predictor.py
class FeaturePipeline:,E:\football_v\24_PREDICTION_INTELLIGENCE_LAYER\prediction_pipeline\feature_pipeline.py
# Football AI OS 69_LIVE_MATCH_FEATURE_ENGINE,E:\football_v\69_LIVE_MATCH_FEATURE_ENGINE\module.py
# Football AI OS 76_MODEL_FEATURE_INTEGRATION,E:\football_v\76_MODEL_FEATURE_INTEGRATION\module.py
# Football AI OS 90_AI_MATCH_SELECTION_ENGINE,E:\football_v\90_AI_MATCH_SELECTION_ENGINE\module.py
# 96_MATCH_FEATURE_STORE,E:\football_v\96_MATCH_FEATURE_STORE\module.py
"""feature"",",E:\football_v\97_TESTS\system_integration_test_V2.0.py
self.team_ratings = {},E:\football_v\99_DOCUMENTATION\checkpoints\Elo_Model_Migration_V1.0.py
CREATE TABLE IF NOT EXISTS elo_history (,E:\football_v\99_DOCUMENTATION\checkpoints\Elo_Model_Migration_V1.0.py
CREATE TABLE IF NOT EXISTS team_rating (,E:\football_v\99_DOCUMENTATION\checkpoints\Elo_Model_Migration_V1.0.py
"def _persist_results(self, conn, history_rows, ratings):",E:\football_v\99_DOCUMENTATION\checkpoints\Elo_Model_Migration_V1.0.py
"conn.execute(""DELETE FROM elo_history"")",E:\football_v\99_DOCUMENTATION\checkpoints\Elo_Model_Migration_V1.0.py
"conn.execute(""DELETE FROM team_rating"")",E:\football_v\99_DOCUMENTATION\checkpoints\Elo_Model_Migration_V1.0.py
for row in history_rows:,E:\football_v\99_DOCUMENTATION\checkpoints\Elo_Model_Migration_V1.0.py
"INSERT INTO elo_history (date, team, elo_before, elo_after, opponent)",E:\football_v\99_DOCUMENTATION\checkpoints\Elo_Model_Migration_V1.0.py
"for team, rating in sorted(ratings.items()):",E:\football_v\99_DOCUMENTATION\checkpoints\Elo_Model_Migration_V1.0.py
"""INSERT INTO team_rating (team, elo) VALUES (?, ?)"",",E:\football_v\99_DOCUMENTATION\checkpoints\Elo_Model_Migration_V1.0.py
"(team, rating),",E:\football_v\99_DOCUMENTATION\checkpoints\Elo_Model_Migration_V1.0.py
"SELECT match_date, home_team, away_team, home_score, away_score",E:\football_v\99_DOCUMENTATION\checkpoints\Elo_Model_Migration_V1.0.py
ratings = defaultdict(lambda: 1500),E:\football_v\99_DOCUMENTATION\checkpoints\Elo_Model_Migration_V1.0.py
history_rows = [],E:\football_v\99_DOCUMENTATION\checkpoints\Elo_Model_Migration_V1.0.py
home_before = ratings[home_team],E:\football_v\99_DOCUMENTATION\checkpoints\Elo_Model_Migration_V1.0.py
away_before = ratings[away_team],E:\football_v\99_DOCUMENTATION\checkpoints\Elo_Model_Migration_V1.0.py
home_rating = home_before + self.home_advantage,E:\football_v\99_DOCUMENTATION\checkpoints\Elo_Model_Migration_V1.0.py
1 + 10 ** ((away_before - home_rating) / 400),E:\football_v\99_DOCUMENTATION\checkpoints\Elo_Model_Migration_V1.0.py
ratings[home_team] += self.k_factor * (result_home - expected_home),E:\football_v\99_DOCUMENTATION\checkpoints\Elo_Model_Migration_V1.0.py
ratings[away_team] += self.k_factor * (result_away - expected_away),E:\football_v\99_DOCUMENTATION\checkpoints\Elo_Model_Migration_V1.0.py
history_rows.append(,E:\football_v\99_DOCUMENTATION\checkpoints\Elo_Model_Migration_V1.0.py
"ratings[home_team],",E:\football_v\99_DOCUMENTATION\checkpoints\Elo_Model_Migration_V1.0.py
history_rows.append(,E:\football_v\99_DOCUMENTATION\checkpoints\Elo_Model_Migration_V1.0.py
"ratings[away_team],",E:\football_v\99_DOCUMENTATION\checkpoints\Elo_Model_Migration_V1.0.py
"self._persist_results(conn, history_rows, dict(ratings))",E:\football_v\99_DOCUMENTATION\checkpoints\Elo_Model_Migration_V1.0.py
self.team_ratings = dict(ratings),E:\football_v\99_DOCUMENTATION\checkpoints\Elo_Model_Migration_V1.0.py
"def predict(self, features):",E:\football_v\99_DOCUMENTATION\checkpoints\Elo_Model_Migration_V1.0.py
"home_team = features.get(""home_team"") if isinstance(features, dict) else None",E:\football_v\99_DOCUMENTATION\checkpoints\Elo_Model_Migration_V1.0.py
"away_team = features.get(""away_team"") if isinstance(features, dict) else None",E:\football_v\99_DOCUMENTATION\checkpoints\Elo_Model_Migration_V1.0.py
"home_before = self.team_ratings.get(home_team, 1500)",E:\football_v\99_DOCUMENTATION\checkpoints\Elo_Model_Migration_V1.0.py
"away_before = self.team_ratings.get(away_team, 1500)",E:\football_v\99_DOCUMENTATION\checkpoints\Elo_Model_Migration_V1.0.py
home_rating = home_before + self.home_advantage,E:\football_v\99_DOCUMENTATION\checkpoints\Elo_Model_Migration_V1.0.py
1 + 10 ** ((away_before - home_rating) / 400),E:\football_v\99_DOCUMENTATION\checkpoints\Elo_Model_Migration_V1.0.py
"""team_ratings"": self.team_ratings,",E:\football_v\99_DOCUMENTATION\checkpoints\Elo_Model_Migration_V1.0.py
"self.team_ratings = payload.get(""team_ratings"", {})",E:\football_v\99_DOCUMENTATION\checkpoints\Elo_Model_Migration_V1.0.py
class FeatureStoreConnector:,E:\football_v\99_DOCUMENTATION\checkpoints\Model_Layer_V1.3_Backup\MODEL_LAYER\feature_store_connector.py
def get_features(,E:\football_v\99_DOCUMENTATION\checkpoints\Model_Layer_V1.3_Backup\MODEL_LAYER\feature_store_connector.py
"""features"":",E:\football_v\99_DOCUMENTATION\checkpoints\Model_Layer_V1.3_Backup\MODEL_LAYER\feature_store_connector.py
features,E:\football_v\99_DOCUMENTATION\checkpoints\Model_Layer_V1.3_Backup\MODEL_LAYER\model_interface.py
features,E:\football_v\99_DOCUMENTATION\checkpoints\Model_Layer_V1.3_Backup\MODEL_LAYER\models\dixon_coles_model.py
self.team_ratings = {},E:\football_v\99_DOCUMENTATION\checkpoints\Model_Layer_V1.3_Backup\MODEL_LAYER\models\elo_model.py
CREATE TABLE IF NOT EXISTS elo_history (,E:\football_v\99_DOCUMENTATION\checkpoints\Model_Layer_V1.3_Backup\MODEL_LAYER\models\elo_model.py
CREATE TABLE IF NOT EXISTS team_rating (,E:\football_v\99_DOCUMENTATION\checkpoints\Model_Layer_V1.3_Backup\MODEL_LAYER\models\elo_model.py
"def _persist_results(self, conn, history_rows, ratings):",E:\football_v\99_DOCUMENTATION\checkpoints\Model_Layer_V1.3_Backup\MODEL_LAYER\models\elo_model.py
"conn.execute(""DELETE FROM elo_history"")",E:\football_v\99_DOCUMENTATION\checkpoints\Model_Layer_V1.3_Backup\MODEL_LAYER\models\elo_model.py
"conn.execute(""DELETE FROM team_rating"")",E:\football_v\99_DOCUMENTATION\checkpoints\Model_Layer_V1.3_Backup\MODEL_LAYER\models\elo_model.py
for row in history_rows:,E:\football_v\99_DOCUMENTATION\checkpoints\Model_Layer_V1.3_Backup\MODEL_LAYER\models\elo_model.py
"INSERT INTO elo_history (date, team, elo_before, elo_after, opponent)",E:\football_v\99_DOCUMENTATION\checkpoints\Model_Layer_V1.3_Backup\MODEL_LAYER\models\elo_model.py
"for team, rating in sorted(ratings.items()):",E:\football_v\99_DOCUMENTATION\checkpoints\Model_Layer_V1.3_Backup\MODEL_LAYER\models\elo_model.py
"""INSERT INTO team_rating (team, elo) VALUES (?, ?)"",",E:\football_v\99_DOCUMENTATION\checkpoints\Model_Layer_V1.3_Backup\MODEL_LAYER\models\elo_model.py
"(team, rating),",E:\football_v\99_DOCUMENTATION\checkpoints\Model_Layer_V1.3_Backup\MODEL_LAYER\models\elo_model.py
"SELECT match_date, home_team, away_team, home_score, away_score",E:\football_v\99_DOCUMENTATION\checkpoints\Model_Layer_V1.3_Backup\MODEL_LAYER\models\elo_model.py
ratings = defaultdict(lambda: 1500),E:\football_v\99_DOCUMENTATION\checkpoints\Model_Layer_V1.3_Backup\MODEL_LAYER\models\elo_model.py
history_rows = [],E:\football_v\99_DOCUMENTATION\checkpoints\Model_Layer_V1.3_Backup\MODEL_LAYER\models\elo_model.py
home_before = ratings[home_team],E:\football_v\99_DOCUMENTATION\checkpoints\Model_Layer_V1.3_Backup\MODEL_LAYER\models\elo_model.py
away_before = ratings[away_team],E:\football_v\99_DOCUMENTATION\checkpoints\Model_Layer_V1.3_Backup\MODEL_LAYER\models\elo_model.py
home_rating = home_before + self.home_advantage,E:\football_v\99_DOCUMENTATION\checkpoints\Model_Layer_V1.3_Backup\MODEL_LAYER\models\elo_model.py
1 + 10 ** ((away_before - home_rating) / 400),E:\football_v\99_DOCUMENTATION\checkpoints\Model_Layer_V1.3_Backup\MODEL_LAYER\models\elo_model.py
ratings[home_team] += self.k_factor * (result_home - expected_home),E:\football_v\99_DOCUMENTATION\checkpoints\Model_Layer_V1.3_Backup\MODEL_LAYER\models\elo_model.py
ratings[away_team] += self.k_factor * (result_away - expected_away),E:\football_v\99_DOCUMENTATION\checkpoints\Model_Layer_V1.3_Backup\MODEL_LAYER\models\elo_model.py
history_rows.append(,E:\football_v\99_DOCUMENTATION\checkpoints\Model_Layer_V1.3_Backup\MODEL_LAYER\models\elo_model.py
"ratings[home_team],",E:\football_v\99_DOCUMENTATION\checkpoints\Model_Layer_V1.3_Backup\MODEL_LAYER\models\elo_model.py
history_rows.append(,E:\football_v\99_DOCUMENTATION\checkpoints\Model_Layer_V1.3_Backup\MODEL_LAYER\models\elo_model.py
"ratings[away_team],",E:\football_v\99_DOCUMENTATION\checkpoints\Model_Layer_V1.3_Backup\MODEL_LAYER\models\elo_model.py
"self._persist_results(conn, history_rows, dict(ratings))",E:\football_v\99_DOCUMENTATION\checkpoints\Model_Layer_V1.3_Backup\MODEL_LAYER\models\elo_model.py
self.team_ratings = dict(ratings),E:\football_v\99_DOCUMENTATION\checkpoints\Model_Layer_V1.3_Backup\MODEL_LAYER\models\elo_model.py
"def predict(self, features):",E:\football_v\99_DOCUMENTATION\checkpoints\Model_Layer_V1.3_Backup\MODEL_LAYER\models\elo_model.py
"home_team = features.get(""home_team"") if isinstance(features, dict) else None",E:\football_v\99_DOCUMENTATION\checkpoints\Model_Layer_V1.3_Backup\MODEL_LAYER\models\elo_model.py
"away_team = features.get(""away_team"") if isinstance(features, dict) else None",E:\football_v\99_DOCUMENTATION\checkpoints\Model_Layer_V1.3_Backup\MODEL_LAYER\models\elo_model.py
"home_before = self.team_ratings.get(home_team, 1500)",E:\football_v\99_DOCUMENTATION\checkpoints\Model_Layer_V1.3_Backup\MODEL_LAYER\models\elo_model.py
"away_before = self.team_ratings.get(away_team, 1500)",E:\football_v\99_DOCUMENTATION\checkpoints\Model_Layer_V1.3_Backup\MODEL_LAYER\models\elo_model.py
home_rating = home_before + self.home_advantage,E:\football_v\99_DOCUMENTATION\checkpoints\Model_Layer_V1.3_Backup\MODEL_LAYER\models\elo_model.py
1 + 10 ** ((away_before - home_rating) / 400),E:\football_v\99_DOCUMENTATION\checkpoints\Model_Layer_V1.3_Backup\MODEL_LAYER\models\elo_model.py
"""team_ratings"": self.team_ratings,",E:\football_v\99_DOCUMENTATION\checkpoints\Model_Layer_V1.3_Backup\MODEL_LAYER\models\elo_model.py
"self.team_ratings = payload.get(""team_ratings"", {})",E:\football_v\99_DOCUMENTATION\checkpoints\Model_Layer_V1.3_Backup\MODEL_LAYER\models\elo_model.py
features,E:\football_v\99_DOCUMENTATION\checkpoints\Model_Layer_V1.3_Backup\MODEL_LAYER\models\poisson_model.py
features,E:\football_v\99_DOCUMENTATION\checkpoints\Model_Layer_V1.3_Backup\MODEL_LAYER\models\xgboost_model.py
"""feature_store_connector.py"",",E:\football_v\99_DOCUMENTATION\checkpoints\Model_Layer_V1.3_Backup\MODEL_LAYER\tests\model_layer_v1.3_full_test.py
"sys.path.insert(0, str(ROOT))",E:\football_v\99_DOCUMENTATION\checkpoints\Model_Layer_V1.3_Backup\MODEL_LAYER\tests\test_elo_model_migration.py
CREATE TABLE elo_history (,E:\football_v\99_DOCUMENTATION\checkpoints\Model_Layer_V1.3_Backup\MODEL_LAYER\tests\test_elo_model_migration.py
CREATE TABLE team_rating (,E:\football_v\99_DOCUMENTATION\checkpoints\Model_Layer_V1.3_Backup\MODEL_LAYER\tests\test_elo_model_migration.py
"INSERT INTO matches_clean (match_date, home_team, away_team, home_score, away_score)",E:\football_v\99_DOCUMENTATION\checkpoints\Model_Layer_V1.3_Backup\MODEL_LAYER\tests\test_elo_model_migration.py
"history_count = conn.execute(""SELECT COUNT(*) FROM elo_history"").fetchone()[0]",E:\football_v\99_DOCUMENTATION\checkpoints\Model_Layer_V1.3_Backup\MODEL_LAYER\tests\test_elo_model_migration.py
"team_count = conn.execute(""SELECT COUNT(*) FROM team_rating"").fetchone()[0]",E:\football_v\99_DOCUMENTATION\checkpoints\Model_Layer_V1.3_Backup\MODEL_LAYER\tests\test_elo_model_migration.py
assert history_count >= 4,E:\football_v\99_DOCUMENTATION\checkpoints\Model_Layer_V1.3_Backup\MODEL_LAYER\tests\test_elo_model_migration.py
self.history=[],E:\football_v\deploy\deploy_v15_phase3_3_reasoning.py
"def add_history(self,item):",E:\football_v\deploy\deploy_v15_phase3_3_reasoning.py
self.history.append(item),E:\football_v\deploy\deploy_v15_phase3_3_reasoning.py
"""history"":self.history",E:\football_v\deploy\deploy_v15_phase3_3_reasoning.py
def history(self):,E:\football_v\deploy\deploy_v15_phase3_4.py
self.history=[],E:\football_v\deploy\deploy_v15_phase3_5.py
self.history.append(data),E:\football_v\deploy\deploy_v15_phase3_5.py
return len(self.history),E:\football_v\deploy\deploy_v15_phase3_5.py
self.history=[],E:\football_v\deploy\deploy_v15_phase3_6.py
self.history.append(record),E:\football_v\deploy\deploy_v15_phase3_6.py
if not self.history:,E:\football_v\deploy\deploy_v15_phase3_6.py
for item in self.history:,E:\football_v\deploy\deploy_v15_phase3_6.py
"1-total/len(self.history),",E:\football_v\deploy\deploy_v15_phase3_6.py
self.history=[],E:\football_v\deploy\deploy_v15_phase3_7_real.py
self.history.append(score),E:\football_v\deploy\deploy_v15_phase3_7_real.py
if not self.history:,E:\football_v\deploy\deploy_v15_phase3_7_real.py
"sum(self.history)/len(self.history),",E:\football_v\deploy\deploy_v15_phase3_7_real.py
self.history=[],E:\football_v\deploy\deploy_v15_phase5_core.py
self.history.append(item),E:\football_v\deploy\deploy_v15_phase5_core.py
# Phase6.1 History Intelligence,E:\football_v\deploy\deploy_v15_phase6_training.py
"files[""feature_engineering.py""]=""""""",E:\football_v\deploy\deploy_v15_phase6_training.py
class FeatureEngineering:,E:\football_v\deploy\deploy_v15_phase6_training.py
"""features"":",E:\football_v\deploy\deploy_v15_phase6_training.py
"files[""team_feature_builder.py""]=""""""",E:\football_v\deploy\deploy_v15_phase6_training.py
class TeamFeatureBuilder:,E:\football_v\deploy\deploy_v15_phase6_training.py
"files[""match_feature_store.py""]=""""""",E:\football_v\deploy\deploy_v15_phase6_training.py
class MatchFeatureStore:,E:\football_v\deploy\deploy_v15_phase6_training.py
"(""6_1"",""History_Intelligence""),",E:\football_v\deploy\deploy_v15_phase6_training.py
SELECT,E:\football_v\LEGACY_IMPORT\01_PREDICTION_MODELS\Dixon_Coles\dixon_coles.py
"""DROP TABLE IF EXISTS dixon_coles_rating""",E:\football_v\LEGACY_IMPORT\01_PREDICTION_MODELS\Dixon_Coles\dixon_coles.py
CREATE TABLE dixon_coles_rating(,E:\football_v\LEGACY_IMPORT\01_PREDICTION_MODELS\Dixon_Coles\dixon_coles.py
INSERT INTO dixon_coles_rating,E:\football_v\LEGACY_IMPORT\01_PREDICTION_MODELS\Dixon_Coles\dixon_coles.py
"""dixon_coles_rating""",E:\football_v\LEGACY_IMPORT\01_PREDICTION_MODELS\Dixon_Coles\dixon_coles.py
def build_dixon_coles_history():,E:\football_v\LEGACY_IMPORT\01_PREDICTION_MODELS\Dixon_Coles\dixon_coles_history_engine.py
"print(""Football AI Dixon Coles History Engine"")",E:\football_v\LEGACY_IMPORT\01_PREDICTION_MODELS\Dixon_Coles\dixon_coles_history_engine.py
"SELECT match_date, home_team, away_team, home_score, away_score",E:\football_v\LEGACY_IMPORT\01_PREDICTION_MODELS\Dixon_Coles\dixon_coles_history_engine.py
CREATE TABLE IF NOT EXISTS dixon_coles_history(,E:\football_v\LEGACY_IMPORT\01_PREDICTION_MODELS\Dixon_Coles\dixon_coles_history_engine.py
"cursor.execute(""DELETE FROM dixon_coles_history"")",E:\football_v\LEGACY_IMPORT\01_PREDICTION_MODELS\Dixon_Coles\dixon_coles_history_engine.py
INSERT INTO dixon_coles_history,E:\football_v\LEGACY_IMPORT\01_PREDICTION_MODELS\Dixon_Coles\dixon_coles_history_engine.py
"print(""dixon_coles_history"")",E:\football_v\LEGACY_IMPORT\01_PREDICTION_MODELS\Dixon_Coles\dixon_coles_history_engine.py
build_dixon_coles_history(),E:\football_v\LEGACY_IMPORT\01_PREDICTION_MODELS\Dixon_Coles\dixon_coles_history_engine.py
SELECT,E:\football_v\LEGACY_IMPORT\01_PREDICTION_MODELS\Elo\elo_engine.py
history=[],E:\football_v\LEGACY_IMPORT\01_PREDICTION_MODELS\Elo\elo_engine.py
home_rating = home_before + HOME_ADVANTAGE,E:\football_v\LEGACY_IMPORT\01_PREDICTION_MODELS\Elo\elo_engine.py
(away_before-home_rating)/400,E:\football_v\LEGACY_IMPORT\01_PREDICTION_MODELS\Elo\elo_engine.py
history.append(,E:\football_v\LEGACY_IMPORT\01_PREDICTION_MODELS\Elo\elo_engine.py
"""DROP TABLE IF EXISTS elo_history""",E:\football_v\LEGACY_IMPORT\01_PREDICTION_MODELS\Elo\elo_engine.py
CREATE TABLE elo_history(,E:\football_v\LEGACY_IMPORT\01_PREDICTION_MODELS\Elo\elo_engine.py
for row in history:,E:\football_v\LEGACY_IMPORT\01_PREDICTION_MODELS\Elo\elo_engine.py
INSERT INTO elo_history,E:\football_v\LEGACY_IMPORT\01_PREDICTION_MODELS\Elo\elo_engine.py
INSERT INTO elo_history,E:\football_v\LEGACY_IMPORT\01_PREDICTION_MODELS\Elo\elo_engine.py
"""DROP TABLE IF EXISTS team_rating""",E:\football_v\LEGACY_IMPORT\01_PREDICTION_MODELS\Elo\elo_engine.py
CREATE TABLE team_rating(,E:\football_v\LEGACY_IMPORT\01_PREDICTION_MODELS\Elo\elo_engine.py
"for team,rating in elo.items():",E:\football_v\LEGACY_IMPORT\01_PREDICTION_MODELS\Elo\elo_engine.py
INSERT INTO team_rating,E:\football_v\LEGACY_IMPORT\01_PREDICTION_MODELS\Elo\elo_engine.py
rating,E:\football_v\LEGACY_IMPORT\01_PREDICTION_MODELS\Elo\elo_engine.py
"""elo_history""",E:\football_v\LEGACY_IMPORT\01_PREDICTION_MODELS\Elo\elo_engine.py
"""team_rating""",E:\football_v\LEGACY_IMPORT\01_PREDICTION_MODELS\Elo\elo_engine.py
SELECT name FROM sqlite_master,E:\football_v\LEGACY_IMPORT\01_PREDICTION_MODELS\Poisson\poisson_engine.py
SELECT,E:\football_v\LEGACY_IMPORT\01_PREDICTION_MODELS\Poisson\poisson_engine.py
CREATE TABLE IF NOT EXISTS poisson_rating(,E:\football_v\LEGACY_IMPORT\01_PREDICTION_MODELS\Poisson\poisson_engine.py
"""DELETE FROM poisson_rating""",E:\football_v\LEGACY_IMPORT\01_PREDICTION_MODELS\Poisson\poisson_engine.py
INSERT INTO poisson_rating,E:\football_v\LEGACY_IMPORT\01_PREDICTION_MODELS\Poisson\poisson_engine.py
"print(""poisson_rating"")",E:\football_v\LEGACY_IMPORT\01_PREDICTION_MODELS\Poisson\poisson_engine.py
def build_poisson_history():,E:\football_v\LEGACY_IMPORT\01_PREDICTION_MODELS\Poisson\poisson_history_engine.py
"print(""Football AI Poisson History Engine"")",E:\football_v\LEGACY_IMPORT\01_PREDICTION_MODELS\Poisson\poisson_history_engine.py
SELECT,E:\football_v\LEGACY_IMPORT\01_PREDICTION_MODELS\Poisson\poisson_history_engine.py
CREATE TABLE IF NOT EXISTS poisson_history(,E:\football_v\LEGACY_IMPORT\01_PREDICTION_MODELS\Poisson\poisson_history_engine.py
"cursor.execute(""DELETE FROM poisson_history"")",E:\football_v\LEGACY_IMPORT\01_PREDICTION_MODELS\Poisson\poisson_history_engine.py
INSERT INTO poisson_history,E:\football_v\LEGACY_IMPORT\01_PREDICTION_MODELS\Poisson\poisson_history_engine.py
WHERE table_name='poisson_history',E:\football_v\LEGACY_IMPORT\01_PREDICTION_MODELS\Poisson\poisson_history_engine.py
"print(""poisson_history"")",E:\football_v\LEGACY_IMPORT\01_PREDICTION_MODELS\Poisson\poisson_history_engine.py
build_poisson_history(),E:\football_v\LEGACY_IMPORT\01_PREDICTION_MODELS\Poisson\poisson_history_engine.py
from sklearn.model_selection import train_test_split,E:\football_v\LEGACY_IMPORT\01_PREDICTION_MODELS\XGBoost\xgboost_engine.py
SELECT,E:\football_v\LEGACY_IMPORT\01_PREDICTION_MODELS\XGBoost\xgboost_engine.py
def create_features(df):,E:\football_v\LEGACY_IMPORT\01_PREDICTION_MODELS\XGBoost\xgboost_engine.py
"X,y=create_features(df)",E:\football_v\LEGACY_IMPORT\01_PREDICTION_MODELS\XGBoost\xgboost_engine.py
from sklearn.model_selection import train_test_split,E:\football_v\LEGACY_IMPORT\01_PREDICTION_MODELS\XGBoost\xgboost_fusion_engine.py
SELECT,E:\football_v\LEGACY_IMPORT\01_PREDICTION_MODELS\XGBoost\xgboost_fusion_engine.py
SELECT,E:\football_v\LEGACY_IMPORT\01_PREDICTION_MODELS\XGBoost\xgboost_fusion_engine.py
FROM team_rating,E:\football_v\LEGACY_IMPORT\01_PREDICTION_MODELS\XGBoost\xgboost_fusion_engine.py
SELECT,E:\football_v\LEGACY_IMPORT\01_PREDICTION_MODELS\XGBoost\xgboost_fusion_engine.py
FROM dixon_coles_rating,E:\football_v\LEGACY_IMPORT\01_PREDICTION_MODELS\XGBoost\xgboost_fusion_engine.py
SELECT,E:\football_v\LEGACY_IMPORT\01_PREDICTION_MODELS\XGBoost\xgboost_fusion_engine.py
FROM poisson_rating,E:\football_v\LEGACY_IMPORT\01_PREDICTION_MODELS\XGBoost\xgboost_fusion_engine.py
def create_features(df):,E:\football_v\LEGACY_IMPORT\01_PREDICTION_MODELS\XGBoost\xgboost_fusion_engine.py
features = [,E:\football_v\LEGACY_IMPORT\01_PREDICTION_MODELS\XGBoost\xgboost_fusion_engine.py
X = df[features],E:\football_v\LEGACY_IMPORT\01_PREDICTION_MODELS\XGBoost\xgboost_fusion_engine.py
"X,y = create_features(df)",E:\football_v\LEGACY_IMPORT\01_PREDICTION_MODELS\XGBoost\xgboost_fusion_engine.py
from sklearn.model_selection import train_test_split,E:\football_v\LEGACY_IMPORT\01_PREDICTION_MODELS\XGBoost\xgboost_fusion_v2_engine.py
SELECT,E:\football_v\LEGACY_IMPORT\01_PREDICTION_MODELS\XGBoost\xgboost_fusion_v2_engine.py
LEFT JOIN home_away_rating ha1,E:\football_v\LEGACY_IMPORT\01_PREDICTION_MODELS\XGBoost\xgboost_fusion_v2_engine.py
LEFT JOIN home_away_rating ha2,E:\football_v\LEGACY_IMPORT\01_PREDICTION_MODELS\XGBoost\xgboost_fusion_v2_engine.py
LEFT JOIN fatigue_rating f1,E:\football_v\LEGACY_IMPORT\01_PREDICTION_MODELS\XGBoost\xgboost_fusion_v2_engine.py
LEFT JOIN fatigue_rating f2,E:\football_v\LEGACY_IMPORT\01_PREDICTION_MODELS\XGBoost\xgboost_fusion_v2_engine.py
def create_features(df):,E:\football_v\LEGACY_IMPORT\01_PREDICTION_MODELS\XGBoost\xgboost_fusion_v2_engine.py
"X,y=create_features(df)",E:\football_v\LEGACY_IMPORT\01_PREDICTION_MODELS\XGBoost\xgboost_fusion_v2_engine.py
SELECT *,E:\football_v\LEGACY_IMPORT\02_DATA_ENGINE\clean_matches.py
"""SELECT COUNT(*) FROM matches_clean""",E:\football_v\LEGACY_IMPORT\02_DATA_ENGINE\clean_matches.py
SELECT COUNT(*),E:\football_v\LEGACY_IMPORT\02_DATA_ENGINE\clean_matches.py
SELECT,E:\football_v\LEGACY_IMPORT\02_DATA_ENGINE\fatigue_engine_v2.py
CREATE TABLE IF NOT EXISTS fatigue_rating(,E:\football_v\LEGACY_IMPORT\02_DATA_ENGINE\fatigue_engine_v2.py
"cursor.execute(""DELETE FROM fatigue_rating"")",E:\football_v\LEGACY_IMPORT\02_DATA_ENGINE\fatigue_engine_v2.py
INSERT INTO fatigue_rating VALUES,E:\football_v\LEGACY_IMPORT\02_DATA_ENGINE\fatigue_engine_v2.py
"print(""fatigue_rating"")",E:\football_v\LEGACY_IMPORT\02_DATA_ENGINE\fatigue_engine_v2.py
def build_fatigue_history():,E:\football_v\LEGACY_IMPORT\02_DATA_ENGINE\fatigue_history_engine.py
"print(""Football AI Fatigue History Engine"")",E:\football_v\LEGACY_IMPORT\02_DATA_ENGINE\fatigue_history_engine.py
SELECT,E:\football_v\LEGACY_IMPORT\02_DATA_ENGINE\fatigue_history_engine.py
CREATE TABLE IF NOT EXISTS fatigue_history(,E:\football_v\LEGACY_IMPORT\02_DATA_ENGINE\fatigue_history_engine.py
"cursor.execute(""DELETE FROM fatigue_history"")",E:\football_v\LEGACY_IMPORT\02_DATA_ENGINE\fatigue_history_engine.py
history = teams[team],E:\football_v\LEGACY_IMPORT\02_DATA_ENGINE\fatigue_history_engine.py
if history:,E:\football_v\LEGACY_IMPORT\02_DATA_ENGINE\fatigue_history_engine.py
"last_date = history[-1][""date""]",E:\football_v\LEGACY_IMPORT\02_DATA_ENGINE\fatigue_history_engine.py
for item in history:,E:\football_v\LEGACY_IMPORT\02_DATA_ENGINE\fatigue_history_engine.py
INSERT INTO fatigue_history,E:\football_v\LEGACY_IMPORT\02_DATA_ENGINE\fatigue_history_engine.py
len(history),E:\football_v\LEGACY_IMPORT\02_DATA_ENGINE\fatigue_history_engine.py
WHERE table_name='fatigue_history',E:\football_v\LEGACY_IMPORT\02_DATA_ENGINE\fatigue_history_engine.py
"print(""fatigue_history"")",E:\football_v\LEGACY_IMPORT\02_DATA_ENGINE\fatigue_history_engine.py
build_fatigue_history(),E:\football_v\LEGACY_IMPORT\02_DATA_ENGINE\fatigue_history_engine.py
SELECT,E:\football_v\LEGACY_IMPORT\02_DATA_ENGINE\form_engine.py
INSERT INTO team_form VALUES,E:\football_v\LEGACY_IMPORT\02_DATA_ENGINE\form_engine.py
SELECT,E:\football_v\LEGACY_IMPORT\02_DATA_ENGINE\home_away_engine.py
CREATE TABLE IF NOT EXISTS home_away_rating(,E:\football_v\LEGACY_IMPORT\02_DATA_ENGINE\home_away_engine.py
"cursor.execute(""DELETE FROM home_away_rating"")",E:\football_v\LEGACY_IMPORT\02_DATA_ENGINE\home_away_engine.py
INSERT INTO home_away_rating VALUES,E:\football_v\LEGACY_IMPORT\02_DATA_ENGINE\home_away_engine.py
"print(""home_away_rating"")",E:\football_v\LEGACY_IMPORT\02_DATA_ENGINE\home_away_engine.py
def build_home_away_history():,E:\football_v\LEGACY_IMPORT\02_DATA_ENGINE\home_away_history_engine.py
"print(""Football AI Home Away History Engine"")",E:\football_v\LEGACY_IMPORT\02_DATA_ENGINE\home_away_history_engine.py
SELECT,E:\football_v\LEGACY_IMPORT\02_DATA_ENGINE\home_away_history_engine.py
CREATE TABLE IF NOT EXISTS home_away_history(,E:\football_v\LEGACY_IMPORT\02_DATA_ENGINE\home_away_history_engine.py
"cursor.execute(""DELETE FROM home_away_history"")",E:\football_v\LEGACY_IMPORT\02_DATA_ENGINE\home_away_history_engine.py
INSERT INTO home_away_history,E:\football_v\LEGACY_IMPORT\02_DATA_ENGINE\home_away_history_engine.py
"print(""home_away_history"")",E:\football_v\LEGACY_IMPORT\02_DATA_ENGINE\home_away_history_engine.py
build_home_away_history(),E:\football_v\LEGACY_IMPORT\02_DATA_ENGINE\home_away_history_engine.py
def build_team_form_history():,E:\football_v\LEGACY_IMPORT\02_DATA_ENGINE\team_form_history_engine.py
"print(""Football AI Team Form History Engine"")",E:\football_v\LEGACY_IMPORT\02_DATA_ENGINE\team_form_history_engine.py
SELECT,E:\football_v\LEGACY_IMPORT\02_DATA_ENGINE\team_form_history_engine.py
CREATE TABLE IF NOT EXISTS team_form_history(,E:\football_v\LEGACY_IMPORT\02_DATA_ENGINE\team_form_history_engine.py
"cursor.execute(""DELETE FROM team_form_history"")",E:\football_v\LEGACY_IMPORT\02_DATA_ENGINE\team_form_history_engine.py
history = teams[team],E:\football_v\LEGACY_IMPORT\02_DATA_ENGINE\team_form_history_engine.py
last5 = history[-5:],E:\football_v\LEGACY_IMPORT\02_DATA_ENGINE\team_form_history_engine.py
last10 = history[-10:],E:\football_v\LEGACY_IMPORT\02_DATA_ENGINE\team_form_history_engine.py
INSERT INTO team_form_history,E:\football_v\LEGACY_IMPORT\02_DATA_ENGINE\team_form_history_engine.py
len(history),E:\football_v\LEGACY_IMPORT\02_DATA_ENGINE\team_form_history_engine.py
"print(""team_form_history"")",E:\football_v\LEGACY_IMPORT\02_DATA_ENGINE\team_form_history_engine.py
build_team_form_history(),E:\football_v\LEGACY_IMPORT\02_DATA_ENGINE\team_form_history_engine.py
SELECT name FROM sqlite_master,E:\football_v\LEGACY_IMPORT\03_SUPPORTING\data_audit_engine.py
"f""SELECT COUNT(*) FROM {table}""",E:\football_v\LEGACY_IMPORT\03_SUPPORTING\data_audit_engine.py
"""home_away_rating"",",E:\football_v\LEGACY_IMPORT\03_SUPPORTING\data_audit_engine.py
"""fatigue_rating""",E:\football_v\LEGACY_IMPORT\03_SUPPORTING\data_audit_engine.py
"elif table == ""elo_history"":",E:\football_v\LEGACY_IMPORT\03_SUPPORTING\data_audit_engine.py
INSERT INTO data_audit_report VALUES,E:\football_v\LEGACY_IMPORT\03_SUPPORTING\data_audit_engine.py
SELECT,E:\football_v\LEGACY_IMPORT\03_SUPPORTING\dixon_coles_data.py
"""DROP TABLE IF EXISTS dixon_coles_rating""",E:\football_v\LEGACY_IMPORT\03_SUPPORTING\dixon_coles_data.py
CREATE TABLE dixon_coles_rating(,E:\football_v\LEGACY_IMPORT\03_SUPPORTING\dixon_coles_data.py
INSERT INTO dixon_coles_rating,E:\football_v\LEGACY_IMPORT\03_SUPPORTING\dixon_coles_data.py
"""dixon_coles_rating""",E:\football_v\LEGACY_IMPORT\03_SUPPORTING\dixon_coles_data.py
SELECT,E:\football_v\LEGACY_IMPORT\03_SUPPORTING\elo_engine_data.py
history=[],E:\football_v\LEGACY_IMPORT\03_SUPPORTING\elo_engine_data.py
home_rating = home_before + HOME_ADVANTAGE,E:\football_v\LEGACY_IMPORT\03_SUPPORTING\elo_engine_data.py
(away_before-home_rating)/400,E:\football_v\LEGACY_IMPORT\03_SUPPORTING\elo_engine_data.py
history.append(,E:\football_v\LEGACY_IMPORT\03_SUPPORTING\elo_engine_data.py
"""DROP TABLE IF EXISTS elo_history""",E:\football_v\LEGACY_IMPORT\03_SUPPORTING\elo_engine_data.py
CREATE TABLE elo_history(,E:\football_v\LEGACY_IMPORT\03_SUPPORTING\elo_engine_data.py
for row in history:,E:\football_v\LEGACY_IMPORT\03_SUPPORTING\elo_engine_data.py
INSERT INTO elo_history,E:\football_v\LEGACY_IMPORT\03_SUPPORTING\elo_engine_data.py
INSERT INTO elo_history,E:\football_v\LEGACY_IMPORT\03_SUPPORTING\elo_engine_data.py
"""DROP TABLE IF EXISTS team_rating""",E:\football_v\LEGACY_IMPORT\03_SUPPORTING\elo_engine_data.py
CREATE TABLE team_rating(,E:\football_v\LEGACY_IMPORT\03_SUPPORTING\elo_engine_data.py
"for team,rating in elo.items():",E:\football_v\LEGACY_IMPORT\03_SUPPORTING\elo_engine_data.py
INSERT INTO team_rating,E:\football_v\LEGACY_IMPORT\03_SUPPORTING\elo_engine_data.py
rating,E:\football_v\LEGACY_IMPORT\03_SUPPORTING\elo_engine_data.py
"""elo_history""",E:\football_v\LEGACY_IMPORT\03_SUPPORTING\elo_engine_data.py
"""team_rating""",E:\football_v\LEGACY_IMPORT\03_SUPPORTING\elo_engine_data.py
INSERT INTO matches_full,E:\football_v\LEGACY_IMPORT\03_SUPPORTING\import_full_data.py
"""elo_history"",",E:\football_v\LEGACY_IMPORT\03_SUPPORTING\model_data_registry_engine.py
"""dixon_coles_history"",",E:\football_v\LEGACY_IMPORT\03_SUPPORTING\model_data_registry_engine.py
"""poisson_history"",",E:\football_v\LEGACY_IMPORT\03_SUPPORTING\model_data_registry_engine.py
"""dixon_coles_rating"",",E:\football_v\LEGACY_IMPORT\03_SUPPORTING\model_data_registry_engine.py
"""poisson_rating"",",E:\football_v\LEGACY_IMPORT\03_SUPPORTING\model_data_registry_engine.py
"""home_away_rating"",",E:\football_v\LEGACY_IMPORT\03_SUPPORTING\model_data_registry_engine.py
"""fatigue_rating"",",E:\football_v\LEGACY_IMPORT\03_SUPPORTING\model_data_registry_engine.py
INSERT OR REPLACE INTO model_data_registry,E:\football_v\LEGACY_IMPORT\03_SUPPORTING\model_data_registry_engine.py
"""SELECT table_name,status FROM model_data_registry""",E:\football_v\LEGACY_IMPORT\03_SUPPORTING\model_data_registry_engine.py
SELECT name FROM sqlite_master,E:\football_v\LEGACY_IMPORT\03_SUPPORTING\poisson_engine_data.py
SELECT,E:\football_v\LEGACY_IMPORT\03_SUPPORTING\poisson_engine_data.py
CREATE TABLE IF NOT EXISTS poisson_rating(,E:\football_v\LEGACY_IMPORT\03_SUPPORTING\poisson_engine_data.py
"""DELETE FROM poisson_rating""",E:\football_v\LEGACY_IMPORT\03_SUPPORTING\poisson_engine_data.py
INSERT INTO poisson_rating,E:\football_v\LEGACY_IMPORT\03_SUPPORTING\poisson_engine_data.py
"print(""poisson_rating"")",E:\football_v\LEGACY_IMPORT\03_SUPPORTING\poisson_engine_data.py
