classes,features,functions,file
,fatigue|form|history|rating,,E:\football_v\check_old_history.py
,feature|form|schedule,,E:\football_v\deploy_frozen_v15_completion.py
,feature,,E:\football_v\deploy_phase11.py
,feature,,E:\football_v\deploy_phase12.py
,feature,,E:\football_v\deploy_phase13.py
,feature,,E:\football_v\deploy_phase14.py
,schedule,,E:\football_v\deploy_phase15.py
,feature|form,,E:\football_v\deploy_phase16.py
,feature,,E:\football_v\deploy_phase17.py
,feature|feature_engine,,E:\football_v\deploy_phase18_20.py
,feature,,E:\football_v\deploy_phase21_25.py
,feature|feature_store,,E:\football_v\deploy_phase26_30.py
,history,,E:\football_v\deploy_phase36_40.py
,form,write_file|create_modules|create_tests|update_registry,E:\football_v\deploy_remaining_modules_V1.5_FINAL.py
,feature,,E:\football_v\final_acceptance_test.py
,feature,,E:\football_v\phase12_test.py
,feature,,E:\football_v\phase13_test.py
,feature,,E:\football_v\phase14_test.py
,feature,,E:\football_v\phase16_test.py
,feature,,E:\football_v\phase17_test.py
,feature,,E:\football_v\phase21_25_test.py
,feature|feature_store,,E:\football_v\phase26_30_test.py
,feature|feature_engine|strength,,E:\football_v\phase36_40_deploy.py
,feature|feature_engine|strength,,E:\football_v\phase36_40_deploy_test.py
,history,,E:\football_v\phase36_40_test.py
,feature,,E:\football_v\phase41_45_deploy_test.py
,feature|historical,,E:\football_v\phase51_55_final_validation.py
,feature,,E:\football_v\phase51_validation.py
,feature|historical,,E:\football_v\phase52_backtest.py
PipImportRedirectingFinder,feature|features|form,version_str|find_spec,E:\football_v\.venv\Lib\site-packages\pip\__pip-runner__.py
_Prefix|BuildEnvironment|NoOpBuildEnvironment,form,_dedup|get_runnable_pip|_get_system_sitepackages|__init__|__init__|__enter__|__exit__|check_requirements|install_requirements|_install_requirements|__init__|__enter__|__exit__|cleanup|install_requirements,E:\football_v\.venv\Lib\site-packages\pip\_internal\build_env.py
Configuration,form,_normalize_name|_disassemble_key|get_configuration_files|__init__|load|get_file_to_edit|items|get_value|set_value|unset_value|save|_ensure_have_load_only|_dictionary|_load_config_files|_load_file|_construct_parser|_load_environment_vars|_normalized_keys|get_environ_vars|iter_config_files|get_values_in_config|_get_parser_to_modify|_mark_as_modified|__repr__,E:\football_v\.venv\Lib\site-packages\pip\_internal\configuration.py
PipError|DiagnosticPipError|ConfigurationError|InstallationError|MissingPyProjectBuildRequires|InvalidPyProjectBuildRequires|NoneMetadataError|UserInstallationInvalid|InvalidSchemeCombination|DistributionNotFound|RequirementsFileParseError|BestVersionAlreadyInstalled|BadCommand|CommandError|PreviousBuildDirError|NetworkConnectionError|InvalidWheelFilename|UnsupportedWheel|InvalidWheel|MetadataInconsistent|MetadataInvalid|InstallationSubprocessError|MetadataGenerationFailed|HashErrors|HashError|VcsHashUnsupported|DirectoryUrlHashUnsupported|HashMissing|HashUnpinned|HashMismatch|UnsupportedPythonVersion|ConfigurationFileCouldNotBeLoaded|ExternallyManagedEnvironment|UninstallMissingRecord|LegacyDistutilsInstall|InvalidInstalledPackage,form|previous|rating|recovery,_is_kebab_case|_prefix_with_indent|__init__|__repr__|__rich_console__|__init__|__init__|__init__|__str__|__str__|__str__|__init__|__str__|__init__|__str__|__init__|__str__|__init__|__str__|__init__|__str__|__init__|__str__|__init__|append|__str__|__bool__|body|__str__|_requirement_name|__init__|body|__init__|body|_hash_comparison|__init__|__str__|__init__|_iter_externally_managed_error_keys|from_config|__init__|__init__|__init__|hash_then_or,E:\football_v\.venv\Lib\site-packages\pip\_internal\exceptions.py
,form,_is_list_of_str|make_pyproject_path|load_pyproject_toml,E:\football_v\.venv\Lib\site-packages\pip\_internal\pyproject.py
SelfCheckState|UpgradePrompt,form,_get_statefile_name|_convert_date|was_installed_by_pip|_get_current_remote_pip_version|_self_version_check_logic|pip_self_version_check|__init__|key|get|set|__rich__,E:\football_v\.venv\Lib\site-packages\pip\_internal\self_outdated_check.py
,power|previous,autocomplete|get_path_completion_type|auto_complete_paths,E:\football_v\.venv\Lib\site-packages\pip\_internal\cli\autocompletion.py
Command,feature|features|form|previous|rest,__init__|add_options|handle_pip_version_check|run|_run_wrapper|parse_args|main|_main|_inner_run,E:\football_v\.venv\Lib\site-packages\pip\_internal\cli\base_command.py
PipOption,feature|features|form|rest,raise_option_error|make_option_group|check_dist_restriction|_path_option_check|_package_name_option_check|exists_action|extra_index_url|find_links|trusted_host|constraints|requirements|editable|_handle_src|_get_format_control|_handle_no_binary|_handle_only_binary|no_binary|only_binary|_convert_python_version|_handle_python_version|add_target_python_options|make_target_python|prefer_binary|_handle_no_cache_dir|_handle_no_use_pep517|_handle_config_settings|_handle_merge_hash|check_list_path_option,E:\football_v\.venv\Lib\site-packages\pip\_internal\cli\cmdoptions.py
SessionCommandMixin|IndexGroupCommand,feature|features|form,_create_truststore_ssl_context|_pip_self_version_check|__init__|_get_index_urls|get_default_session|_build_session|handle_pip_version_check,E:\football_v\.venv\Lib\site-packages\pip\_internal\cli\index_command.py
,form,create_main_parser|identify_python_interpreter|parse_command,E:\football_v\.venv\Lib\site-packages\pip\_internal\cli\main_parser.py
PrettyHelpFormatter|UpdatingDefaultsHelpFormatter|CustomOptionParser|ConfigOptionParser,form,__init__|format_option_strings|_format_option_strings|format_heading|format_usage|format_description|format_epilog|indent_lines|expand_default|insert_option_group|option_list_all|__init__|check_default|_get_ordered_configuration_items|_update_defaults|get_default_values|error,E:\football_v\.venv\Lib\site-packages\pip\_internal\cli\parser.py
RequirementCommand,feature|features|form|previous,with_cleanup|configure_tempdir_registry|wrapper|__init__|determine_resolver_variant|make_requirement_preparer|make_resolver|get_requirements|trace_basic_info|_build_package_finder,E:\football_v\.venv\Lib\site-packages\pip\_internal\cli\req_command.py
,previous,,E:\football_v\.venv\Lib\site-packages\pip\_internal\cli\status_codes.py
CacheCommand,form|rest,add_options|run|get_cache_dir|get_cache_info|list_cache_items|format_for_human|format_for_abspath|remove_cache_items|purge_cache|_cache_dir|_find_http_files|_find_wheels,E:\football_v\.venv\Lib\site-packages\pip\_internal\commands\cache.py
CheckCommand,form,run,E:\football_v\.venv\Lib\site-packages\pip\_internal\commands\check.py
CompletionCommand,form|power,add_options|run,E:\football_v\.venv\Lib\site-packages\pip\_internal\commands\completion.py
ConfigurationCommand,form,add_options|run|_determine_file|list_values|get_name|set_name_value|unset_name|list_config_values|print_config_file_values|print_env_var_values|open_in_editor|_get_n_args|_save_configuration|_determine_editor,E:\football_v\.venv\Lib\site-packages\pip\_internal\commands\configuration.py
DebugCommand,form|transform,show_value|show_sys_implementation|create_vendor_txt_map|get_module_from_module_name|get_vendor_version_from_module|show_actual_vendor_versions|show_vendor_versions|show_tags|ca_bundle_info|add_options|run,E:\football_v\.venv\Lib\site-packages\pip\_internal\commands\debug.py
DownloadCommand,rest,add_options|run,E:\football_v\.venv\Lib\site-packages\pip\_internal\commands\download.py
FreezeCommand,form|rating,_should_suppress_build_backends|_dev_pkgs|add_options|run,E:\football_v\.venv\Lib\site-packages\pip\_internal\commands\freeze.py
HashCommand,form,_hash_of_file|add_options|run,E:\football_v\.venv\Lib\site-packages\pip\_internal\commands\hash.py
IndexCommand,form,add_options|run|_build_package_finder|get_available_package_versions,E:\football_v\.venv\Lib\site-packages\pip\_internal\commands\index.py
InspectCommand,form,add_options|run|_dist_to_dict,E:\football_v\.venv\Lib\site-packages\pip\_internal\commands\inspect.py
InstallCommand,form|rest,get_lib_location_guesses|site_packages_writable|decide_user_install|create_os_error_message|add_options|run|_handle_target_dir|_determine_conflicts|_warn_about_conflicts,E:\football_v\.venv\Lib\site-packages\pip\_internal\commands\install.py
ListCommand|_DistWithLatestInfo,form|rest,format_for_columns|format_for_json|add_options|handle_pip_version_check|_build_package_finder|run|get_outdated|get_uptodate|get_not_required|iter_packages_latest_infos|output_package_listing|output_package_listing_columns|latest_info,E:\football_v\.venv\Lib\site-packages\pip\_internal\commands\list.py
SearchCommand|TransformedHit,form|transform,transform_hits|print_dist_installation_info|print_results|highest_version|add_options|run|search,E:\football_v\.venv\Lib\site-packages\pip\_internal\commands\search.py
ShowCommand|_PackageInfo,form,search_packages_info|print_results|add_options|run|_get_requiring_packages,E:\football_v\.venv\Lib\site-packages\pip\_internal\commands\show.py
WheelCommand,form,add_options|run,E:\football_v\.venv\Lib\site-packages\pip\_internal\commands\wheel.py
,form,create_command|get_similar_commands,E:\football_v\.venv\Lib\site-packages\pip\_internal\commands\__init__.py
InstalledDistribution,form,build_tracker_id|get_metadata_distribution|prepare_distribution_metadata,E:\football_v\.venv\Lib\site-packages\pip\_internal\distributions\installed.py
SourceDistribution,form|rating,build_tracker_id|get_metadata_distribution|prepare_distribution_metadata|_prepare_build_backend|_get_build_requires_wheel|_get_build_requires_editable|_install_build_reqs|_raise_conflicts|_raise_missing_reqs,E:\football_v\.venv\Lib\site-packages\pip\_internal\distributions\sdist.py
_NotAPIContent|_NotHTTP|CacheablePageContent|ParseLinks|IndexContent|HTMLLinkParser|CollectedSources|LinkCollector,form,_match_vcs_scheme|_ensure_api_header|_ensure_api_response|_get_simple_response|_get_encoding_from_headers|with_cached_index_content|parse_links|_handle_get_simple_fail|_make_index_content|_get_index_content|__init__|__init__|__eq__|__hash__|__call__|wrapper|wrapper_wrapper|__str__|__init__|handle_starttag|get_href|__init__|create|find_links|fetch_response|collect_sources,E:\football_v\.venv\Lib\site-packages\pip\_internal\index\collector.py
LinkType|LinkEvaluator|CandidatePreferences|BestCandidateResult|CandidateEvaluator|PackageFinder,form|rating,_check_link_requires_python|filter_unallowed_hashes|_find_name_version_sep|_extract_version_from_fragment|__init__|evaluate_link|__post_init__|create|__init__|get_applicable_candidates|_sort_key|sort_best_candidate|compute_best_candidate|__init__|create|target_python|search_scope|search_scope|find_links|index_urls|proxy|trusted_hosts|custom_cert|client_cert|allow_all_prereleases|set_allow_all_prereleases|prefer_binary|set_prefer_binary|requires_python_skipped_reasons|make_link_evaluator|_sort_links|_log_skipped_link|get_install_candidate|evaluate_links|process_project_url|find_all_candidates|make_candidate_evaluator|find_best_candidate|find_requirement|_format_versions|_should_install_candidate,E:\football_v\.venv\Lib\site-packages\pip\_internal\index\package_finder.py
,form,get_major_minor_version|change_root|get_src_prefix|is_osx_framework,E:\football_v\.venv\Lib\site-packages\pip\_internal\locations\base.py
,form,distutils_scheme|get_scheme|get_bin_prefix|get_purelib|get_platlib,E:\football_v\.venv\Lib\site-packages\pip\_internal\locations\_distutils.py
,form|historical,_should_use_osx_framework_prefix|_infer_prefix|_infer_user|_infer_home|get_scheme|get_bin_prefix|get_purelib|get_platlib,E:\football_v\.venv\Lib\site-packages\pip\_internal\locations\_sysconfig.py
,feature|form,_should_use_sysconfig|_looks_like_bpo_44860|_looks_like_red_hat_patched_platlib_purelib|_looks_like_red_hat_lib|_looks_like_debian_scheme|_looks_like_red_hat_scheme|_looks_like_slackware_scheme|_looks_like_msys2_mingw_scheme|_fix_abiflags|_warn_mismatched|_warn_if_mismatch|_log_context|get_scheme|get_bin_prefix|get_bin_user|_looks_like_deb_system_dist_packages|get_purelib|get_platlib,E:\football_v\.venv\Lib\site-packages\pip\_internal\locations\__init__.py
BaseEntryPoint|RequiresEntry|BaseDistribution|BaseEnvironment|Wheel|FilesystemWheel|MemoryWheel,form|rating,_convert_installed_files_path|name|value|group|from_directory|from_metadata_file_contents|from_wheel|__repr__|__str__|location|editable_project_location|installed_location|info_location|installed_by_distutils|installed_as_egg|installed_with_setuptools_egg_info|installed_with_dist_info|canonical_name|version|raw_version|setuptools_filename|direct_url|installer|requested|editable|local|in_usersite|in_site_packages|is_file|iter_distutils_script_names|read_text|iter_entry_points|_metadata_impl|metadata|metadata_dict|metadata_version|raw_name|requires_python|iter_dependencies|iter_raw_dependencies|iter_provided_extras|_iter_declared_entries_from_record|_iter_declared_entries_from_legacy|iter_declared_entries|_iter_requires_txt_entries|_iter_egg_info_extras|_iter_egg_info_dependencies|_add_egg_info_requires|default|from_paths|get_distribution|_iter_distributions|iter_all_distributions|iter_installed_distributions|as_zipfile|__init__|as_zipfile|__init__|as_zipfile,E:\football_v\.venv\Lib\site-packages\pip\_internal\metadata\base.py
,form,json_name|msg_to_json|sanitise_header,E:\football_v\.venv\Lib\site-packages\pip\_internal\metadata\_json.py
BadMetadata|BasePath,form,get_info_location|parse_name_and_version_from_info_directory|get_dist_canonical_name|__init__|__str__|name|parent,E:\football_v\.venv\Lib\site-packages\pip\_internal\metadata\importlib\_compat.py
WheelDistribution|Distribution,form|rating,__init__|from_zipfile|iterdir|read_text|locate_file|__init__|from_directory|from_metadata_file_contents|from_wheel|location|info_location|installed_location|canonical_name|version|raw_version|is_file|iter_distutils_script_names|read_text|iter_entry_points|_metadata_impl|iter_provided_extras|iter_dependencies,E:\football_v\.venv\Lib\site-packages\pip\_internal\metadata\importlib\_dists.py
_DistributionFinder|Environment,feature,_looks_like_wheel|_emit_egg_deprecation|__init__|_find_impl|find|find_linked|_find_eggs_in_dir|_find_eggs_in_zip|find_eggs|__init__|default|from_paths|_iter_distributions|get_distribution,E:\football_v\.venv\Lib\site-packages\pip\_internal\metadata\importlib\_envs.py
DirectUrlValidationError|VcsInfo|ArchiveInfo|DirInfo|DirectUrl,form,_get|_get_required|_exactly_one_of|_filter_none|_from_dict|_to_dict|__init__|hash|hash|_from_dict|_to_dict|_from_dict|_to_dict|_remove_auth_from_netloc|redacted_url|validate|from_dict|to_dict|from_json|to_json|is_local_editable,E:\football_v\.venv\Lib\site-packages\pip\_internal\models\direct_url.py
FormatControl,form,__init__|__eq__|__repr__|handle_mutual_excludes|get_allowed_formats|disallow_binaries,E:\football_v\.venv\Lib\site-packages\pip\_internal\models\format_control.py
InstallationReport,form,__init__|_install_req_to_dict|to_dict,E:\football_v\.venv\Lib\site-packages\pip\_internal\models\installation_report.py
LinkHash|MetadataFile|Link|_CleanResult,form|historical,supported_hashes|_clean_url_path_part|_clean_file_url_path|_clean_url_path|_ensure_quoted_url|_absolute_link_url|_clean_link|links_equivalent|__post_init__|find_hash_url_fragment|as_dict|as_hashes|is_hash_allowed|__post_init__|__init__|from_json|from_element|__str__|__repr__|__hash__|__eq__|__lt__|url|filename|file_path|scheme|netloc|path|splitext|ext|url_without_fragment|_egg_fragment|subdirectory_fragment|metadata_link|as_hashes|hash|hash_name|show_url|is_file|is_existing_dir|is_wheel|is_vcs|is_yanked|has_hash|is_hash_allowed,E:\football_v\.venv\Lib\site-packages\pip\_internal\models\link.py
SearchScope,form,create|get_formatted_locations|get_index_urls_locations|mkurl_pypi_url,E:\football_v\.venv\Lib\site-packages\pip\_internal\models\search_scope.py
SelectionPreferences,form,__init__,E:\football_v\.venv\Lib\site-packages\pip\_internal\models\selection_prefs.py
TargetPython,form,__init__|format_given|get_sorted_tags|get_unsorted_tags,E:\football_v\.venv\Lib\site-packages\pip\_internal\models\target_python.py
Wheel,form,__init__|get_formatted_file_tags|support_index_min|find_most_preferred_tag|supported,E:\football_v\.venv\Lib\site-packages\pip\_internal\models\wheel.py
Credentials|KeyRingBaseProvider|KeyRingNullProvider|KeyRingPythonProvider|KeyRingCliProvider|MultiDomainBasicAuth,history|previous,get_keyring_provider|get_auth_info|save_auth_info|get_auth_info|save_auth_info|__init__|get_auth_info|save_auth_info|__init__|get_auth_info|save_auth_info|_get_password|_set_password|__init__|keyring_provider|keyring_provider|use_keyring|_get_keyring_auth|_get_index_url|_get_new_credentials|_get_url_and_credentials|__call__|_prompt_for_password|_should_save_password_to_keyring|handle_401|warn_on_401|save_credentials|PATH_as_shutil_which_determines_it,E:\football_v\.venv\Lib\site-packages\pip\_internal\network\auth.py
Downloader|BatchDownloader,form,_get_http_response_size|_prepare_download|sanitize_content_filename|parse_content_disposition|_get_http_response_filename|_http_get_download|__init__|__call__|__init__|__call__,E:\football_v\.venv\Lib\site-packages\pip\_internal\network\download.py
LocalFSAdapter|_SSLContextAdapterMixin|HTTPAdapter|CacheControlAdapter|InsecureHTTPAdapter|InsecureCacheControlAdapter|PipSession,form|previous,looks_like_ci|user_agent|send|close|__init__|init_poolmanager|cert_verify|cert_verify|__init__|update_index_urls|add_trusted_host|iter_secure_origins|is_secure_origin|request,E:\football_v\.venv\Lib\site-packages\pip\_internal\network\session.py
_EditableInfo|FrozenRequirement,feature|form,freeze|_format_as_name_version|_get_editable_info|canonical_name|from_dist|__str__,E:\football_v\.venv\Lib\site-packages\pip\_internal\operations\freeze.py
File|RequirementPreparer,feature|form|previous,_get_prepared_distribution|unpack_vcs_link|get_http_url|get_file_url|unpack_url|_check_download_dir|__post_init__|__init__|_log_preparing_link|_ensure_link_req_src_dir|_get_linked_req_hashes|_fetch_metadata_only|_fetch_metadata_using_link_data_attr|_fetch_metadata_using_lazy_wheel|_complete_partial_requirements|prepare_linked_requirement|prepare_linked_requirements_more|_prepare_linked_requirement|save_linked_requirement|prepare_editable_requirement|prepare_installed_requirement,E:\football_v\.venv\Lib\site-packages\pip\_internal\operations\prepare.py
TrackerId|BuildTracker,form|rest,update_env_context_manager|get_build_tracker|__init__|__enter__|__exit__|_entry_path|add|remove|cleanup|track,E:\football_v\.venv\Lib\site-packages\pip\_internal\operations\build\build_tracker.py
,form,format_command_result|get_legacy_build_wheel_path|build_wheel_legacy,E:\football_v\.venv\Lib\site-packages\pip\_internal\operations\build\wheel_legacy.py
ZipBackedFile|ScriptFile|MissingCallableSuffix|PipScriptMaker|File,form|rest,rehash|csv_io_kwargs|fix_script|wheel_root_is_purelib|get_entrypoints|message_about_scripts_not_on_PATH|_normalized_outrows|_record_to_fs_path|_fs_to_record_path|get_csv_rows_for_installed|get_console_script_specs|_raise_for_invalid_entrypoint|_install_wheel|req_error_context|install_wheel|__init__|_getinfo|save|__init__|save|__init__|make|record_installed|is_dir_path|assert_no_path_traversal|root_scheme_file_maker|data_scheme_file_maker|is_data_scheme_path|is_script_scheme_path|is_entrypoint_wrapper|pyc_source_file_paths|pyc_output_path|_generate_file|save|make_root_scheme_file|make_data_scheme_file,E:\football_v\.venv\Lib\site-packages\pip\_internal\operations\install\wheel.py
RequirementParts,form|rest,_strip_extras|convert_extras|_set_requirement_extras|parse_editable|check_first_requirement_in_file|deduce_helpful_msg|parse_req_from_editable|install_req_from_editable|_looks_like_path|_get_url_from_path|parse_req_from_line|install_req_from_line|install_req_from_req_string|install_req_from_parsed_requirement|install_req_from_link_and_ireq|install_req_drop_extras|install_req_extend_extras|with_source|_parse_req_string,E:\football_v\.venv\Lib\site-packages\pip\_internal\req\constructors.py
ParsedRequirement|ParsedLine|RequirementsFileParser|OptionParsingError,feature|features|form|previous,parse_requirements|preprocess|handle_requirement_line|handle_option_line|handle_line|get_line_parser|break_args_options|build_parser|join_lines|ignore_comments|expand_env_variables|get_file_content|_decode_req_file|is_editable|requirement|__init__|parse|_parse_and_recurse|_parse_file|parse_line|__init__|parser_exit,E:\football_v\.venv\Lib\site-packages\pip\_internal\req\req_file.py
InstallRequirement,feature|features|form|previous|rating,check_invalid_constraint_type|_has_option|check_legacy_setup_py_options|__init__|__str__|__repr__|format_debug|name|supports_pyproject_editable|specifier|is_direct|is_pinned|match_markers|has_hash_options|hashes|from_path|ensure_build_location|_set_requirement|warn_on_mismatching_name|check_if_exists|is_wheel|is_wheel_from_cache|unpacked_source_directory|setup_py_path|setup_cfg_path|pyproject_toml_path|load_pyproject_toml|isolated_editable_sanity_check|prepare_metadata|metadata|get_dist|assert_source_matches_version|ensure_has_source_dir|needs_unpacked_archive|ensure_pristine_source_checkout|update_editable|uninstall|_get_archive_name|archive|install|_clean_zip_name,E:\football_v\.venv\Lib\site-packages\pip\_internal\req\req_install.py
RequirementSet,form,__init__|__str__|__repr__|add_unnamed_requirement|add_named_requirement|has_requirement|get_requirement|all_requirements|requirements_to_install,E:\football_v\.venv\Lib\site-packages\pip\_internal\req\req_set.py
StashedUninstallPathSet|UninstallPathSet|UninstallPthEntries,form|previous|rest,_script_names|_unique|uninstallation_paths|compact|compress_for_rename|compress_for_output_listing|unique|norm_join|__init__|_get_directory_stash|_get_file_stash|stash|commit|rollback|can_rollback|__init__|_permitted|add|add_pth|remove|_allowed_to_proceed|rollback|commit|from_dist|__init__|add|remove|rollback|_display|iter_scripts_to_remove,E:\football_v\.venv\Lib\site-packages\pip\_internal\req\req_uninstall.py
InstallationResult,previous,_validate_requirements|install_given_reqs,E:\football_v\.venv\Lib\site-packages\pip\_internal\req\__init__.py
Resolver,form|schedule,_check_dist_requires_python|__init__|resolve|_add_requirement_to_set|_is_upgrade_allowed|_set_req_to_reinstall|_check_skip_installed|_find_requirement_link|_populate_link|_get_dist_for|_resolve_one|get_installation_order|add_req|schedule,E:\football_v\.venv\Lib\site-packages\pip\_internal\resolution\legacy\resolver.py
Constraint|Requirement|Candidate,form,format_name|_match_link|empty|from_ireq|__bool__|__and__|is_satisfied_by|project_name|name|is_satisfied_by|get_candidate_lookup|format_for_error|project_name|name|version|is_installed|is_editable|source_link|iter_dependencies|get_install_requirement|format_for_error,E:\football_v\.venv\Lib\site-packages\pip\_internal\resolution\resolvelib\base.py
_InstallRequirementBackedCandidate|LinkCandidate|EditableCandidate|AlreadyInstalledCandidate|ExtrasCandidate|RequiresPythonCandidate,form|rest,as_base_candidate|make_install_req_from_link|make_install_req_from_editable|_make_install_req_from_dist|__init__|__str__|__repr__|__hash__|__eq__|source_link|project_name|name|version|format_for_error|_prepare_distribution|_check_metadata_consistency|_prepare|iter_dependencies|get_install_requirement|__init__|_prepare_distribution|__init__|_prepare_distribution|__init__|__str__|__repr__|__eq__|__hash__|project_name|name|version|is_editable|format_for_error|iter_dependencies|get_install_requirement|__init__|__str__|__repr__|__hash__|__eq__|project_name|name|version|format_for_error|is_installed|is_editable|source_link|iter_dependencies|get_install_requirement|__init__|__str__|project_name|name|version|format_for_error|iter_dependencies|get_install_requirement,E:\football_v\.venv\Lib\site-packages\pip\_internal\resolution\resolvelib\candidates.py
CollectedRootRequirements|Factory|ConflictCause,form,__init__|force_reinstall|_fail_if_link_is_unsupported_wheel|_make_extras_candidate|_make_candidate_from_dist|_make_candidate_from_link|_make_base_candidate_from_link|_iter_found_candidates|_iter_explicit_candidates_from_base|_iter_candidates_from_constraints|find_candidates|_make_requirements_from_install_req|collect_root_requirements|make_requirement_from_candidate|make_requirements_from_spec|make_requires_python_requirement|get_wheel_cache_entry|get_dist_to_uninstall|_report_requires_python_error|_report_single_requirement_conflict|get_installation_error|_get_installed_candidate|iter_index_candidate_infos|text_join|describe_trigger|is_pinned,E:\football_v\.venv\Lib\site-packages\pip\_internal\resolution\resolvelib\factory.py
FoundCandidates,form|recent,_iter_built|_iter_built_with_prepended|_iter_built_with_inserted|__init__|__getitem__|__iter__|__len__|__bool__,E:\football_v\.venv\Lib\site-packages\pip\_internal\resolution\resolvelib\found_candidates.py
PipProvider,form,_get_with_identifier|__init__|identify|get_preference|find_matches|is_satisfied_by|get_dependencies|is_backtrack_cause|_eligible_for_upgrade,E:\football_v\.venv\Lib\site-packages\pip\_internal\resolution\resolvelib\provider.py
PipReporter|PipDebuggingReporter,form,__init__|rejecting_candidate|starting|starting_round|ending_round|ending|adding_requirement|rejecting_candidate|pinning,E:\football_v\.venv\Lib\site-packages\pip\_internal\resolution\resolvelib\reporter.py
ExplicitRequirement|SpecifierRequirement|SpecifierWithoutExtrasRequirement|RequiresPythonRequirement|UnsatisfiableRequirement,form,__init__|__str__|__repr__|__hash__|__eq__|project_name|name|format_for_error|get_candidate_lookup|is_satisfied_by|__init__|_equal|__str__|__repr__|__eq__|__hash__|project_name|name|format_for_error|get_candidate_lookup|is_satisfied_by|__init__|_equal|__eq__|__hash__|__init__|__str__|__repr__|__hash__|__eq__|project_name|name|format_for_error|get_candidate_lookup|is_satisfied_by|__init__|__str__|__repr__|__eq__|__hash__|project_name|name|format_for_error|get_candidate_lookup|is_satisfied_by,E:\football_v\.venv\Lib\site-packages\pip\_internal\resolution\resolvelib\requirements.py
Resolver,form|rest,get_topological_weights|_req_set_item_sorter|__init__|resolve|get_installation_order|visit,E:\football_v\.venv\Lib\site-packages\pip\_internal\resolution\resolvelib\resolver.py
,form,user_cache_dir|_macos_user_config_dir|user_config_dir|site_config_dirs,E:\football_v\.venv\Lib\site-packages\pip\_internal\utils\appdirs.py
,form,has_tls|get_path_uid|open_text_resource,E:\football_v\.venv\Lib\site-packages\pip\_internal\utils\compat.py
,form,version_info_to_nodot|_mac_platforms|_ios_platforms|_custom_manylinux_platforms|_get_custom_platforms|_expand_allowed_platforms|_get_python_version|_get_custom_interpreter|get_supported,E:\football_v\.venv\Lib\site-packages\pip\_internal\utils\compatibility_tags.py
PipDeprecationWarning,feature|form,_showwarning|install_warning_logger|deprecated,E:\football_v\.venv\Lib\site-packages\pip\_internal\utils\deprecation.py
,normalization,_egg_link_names|egg_link_path_from_sys_path|egg_link_path_from_location,E:\football_v\.venv\Lib\site-packages\pip\_internal\utils\egg_link.py
,historical,_wrapper|get_best_invocation_for_this_pip|get_best_invocation_for_this_python,E:\football_v\.venv\Lib\site-packages\pip\_internal\utils\entrypoints.py
,form|previous,check_path_owner|adjacent_tmp_file|test_writable_dir|_test_writable_dir_win|find_files|file_size|format_file_size|directory_size|format_directory_size,E:\football_v\.venv\Lib\site-packages\pip\_internal\utils\filesystem.py
,form,is_archive_file,E:\football_v\.venv\Lib\site-packages\pip\_internal\utils\filetypes.py
,form|rest,glibc_version_string|glibc_version_string_confstr|glibc_version_string_ctypes|libc_ver,E:\football_v\.venv\Lib\site-packages\pip\_internal\utils\glibc.py
BrokenStdoutLoggingError|IndentingFormatter|IndentedRenderable|PipConsole|RichPipStreamHandler|BetterRotatingFileHandler|MaxLevelFilter|ExcludeLoggerFilter,form|rest,_is_broken_pipe_error|indent_log|get_indentation|setup_logging|__init__|get_message_start|format|__rich_console__|on_broken_pipe|__init__|emit|handleError|_open|__init__|filter|filter,E:\football_v\.venv\Lib\site-packages\pip\_internal\utils\logging.py
StreamWrapper|HiddenText|ConfiguredBuildBackendHookCaller,form|transform,get_pip_version|normalize_version_info|ensure_dir|get_prog|rmtree|_onerror_ignore|_onerror_reraise|rmtree_errorhandler|display_path|backup_dir|ask_path_exists|_check_no_input|ask|ask_input|ask_password|strtobool|format_size|tabulate|is_installable_dir|read_chunks|normalize_path|splitext|renames|is_local|write_output|enum|build_netloc|build_url_from_netloc|parse_netloc|split_auth_from_netloc|redact_netloc|_transform_url|_get_netloc|_redact_netloc|split_auth_netloc_from_url|remove_auth_from_url|redact_auth_from_url|redact_auth_from_requirement|hide_value|hide_url|protect_pip_from_modification_on_windows|check_externally_managed|is_console_interactive|hash_file|pairwise|partition|warn_if_run_as_root|from_stream|encoding|__repr__|__str__|__eq__|__init__|build_wheel|build_sdist|build_editable|get_requires_for_build_wheel|get_requires_for_build_sdist|get_requires_for_build_editable|prepare_metadata_for_build_wheel|prepare_metadata_for_build_editable,E:\football_v\.venv\Lib\site-packages\pip\_internal\utils\misc.py
,form,check_requires_python|get_requirement|safe_extra,E:\football_v\.venv\Lib\site-packages\pip\_internal\utils\packaging.py
,form,retry|wrapper|retry_wrapped,E:\football_v\.venv\Lib\site-packages\pip\_internal\utils\retry.py
,form,make_setuptools_shim_args|make_setuptools_bdist_wheel_args|make_setuptools_clean_args|make_setuptools_develop_args|make_setuptools_egg_info_args,E:\football_v\.venv\Lib\site-packages\pip\_internal\utils\setuptools_build.py
,form,make_command|format_command_args|reveal_command_args|call_subprocess|runner_with_spinner_message|runner,E:\football_v\.venv\Lib\site-packages\pip\_internal\utils\subprocess.py
TempDirectoryTypeRegistry|_Default|TempDirectory|AdjacentTempDirectory,form,global_tempdir_manager|tempdir_registry|__init__|set_delete|get_delete|__init__|path|__repr__|__enter__|__exit__|_create|cleanup|__init__|_generate_names|_create|onerror,E:\football_v\.venv\Lib\site-packages\pip\_internal\utils\temp_dir.py
,feature|features|form|rest,current_umask|split_leading_dir|has_leading_dir|is_within_directory|_get_default_mode_plus_executable|set_extracted_file_to_default_mode_plus_executable|zip_item_is_executable|unzip_file|untar_file|_untar_without_filter|unpack_file|pip_filter,E:\football_v\.venv\Lib\site-packages\pip\_internal\utils\unpacking.py
,form,path_to_url|url_to_path,E:\football_v\.venv\Lib\site-packages\pip\_internal\utils\urls.py
,form,parse_wheel|wheel_dist_info_dir|read_wheel_metadata_file|wheel_metadata|wheel_version|check_compatibility,E:\football_v\.venv\Lib\site-packages\pip\_internal\utils\wheel.py
,fitness|rest,_nonblank|yield_lines|_|drop_comment|join_continuation,E:\football_v\.venv\Lib\site-packages\pip\_internal\utils\_jaraco_text.py
Git,form,looks_like_hash|get_base_rev_args|is_immutable_rev_checkout|get_git_version|get_current_branch|get_revision_sha|_should_fetch|resolve_revision|is_commit_id_equal|fetch_new|switch|update|get_remote_url|_git_remote_to_pip_url|has_commit|get_revision|get_subdirectory|get_url_rev_and_auth|update_submodules|get_repository_root|should_add_vcs_url_prefix,E:\football_v\.venv\Lib\site-packages\pip\_internal\vcs\git.py
Subversion,form|previous,should_add_vcs_url_prefix|get_base_rev_args|get_revision|get_netloc_and_auth|get_url_rev_and_auth|make_rev_args|get_remote_url|_get_svn_url_rev|is_commit_id_equal|__init__|call_vcs_version|get_vcs_version|get_remote_call_options|fetch_new|switch|update,E:\football_v\.venv\Lib\site-packages\pip\_internal\vcs\subversion.py
RemoteNotFoundError|RemoteNotValidError|RevOptions|VcsSupport|VersionControl,form,is_url|make_vcs_requirement_url|find_path_to_project_root_from_repo_root|__init__|__repr__|arg_rev|to_args|to_display|make_new|__init__|__iter__|backends|dirnames|all_schemes|register|unregister|get_backend_for_dir|get_backend_for_scheme|get_backend|should_add_vcs_url_prefix|get_subdirectory|get_requirement_revision|get_src_requirement|get_base_rev_args|is_immutable_rev_checkout|make_rev_options|_is_local_repository|get_netloc_and_auth|get_url_rev_and_auth|make_rev_args|get_url_rev_options|normalize_url|compare_urls|fetch_new|switch|update|is_commit_id_equal|obtain|unpack|get_remote_url|get_revision|run_command|is_repository_directory|get_repository_root,E:\football_v\.venv\Lib\site-packages\pip\_internal\vcs\versioncontrol.py
_Sentinel|_ExtensionsSpecialForm|_DefaultMixin|_TypeVarLikeMeta|_SpecialForm|_AnyMeta|Any|_LiteralGenericAlias|_LiteralForm|_SpecialGenericAlias|_ProtocolMeta|Protocol|SupportsInt|SupportsFloat|SupportsComplex|SupportsBytes|SupportsIndex|SupportsAbs|SupportsRound|_TypedDictMeta|_AnnotatedAlias|Annotated|NoDefaultTypeMeta|NoDefaultType|TypeVar|_Immutable|ParamSpecArgs|ParamSpecKwargs|_ConcatenateGenericAlias|deprecated|_NamedTupleMeta|Buffer|NewType|TypeAliasType|Doc|ParamSpec|ParamSpec|_ConcatenateForm|_TypeGuardForm|_TypeIsForm|_RequiredForm|_ReadOnlyForm|_UnpackSpecialForm|_UnpackAlias|_UnpackAlias|_UnpackForm|TypeVarTuple|TypeVarTuple|Dummy,form|previous|transform,IntVar|_get_protocol_attrs|_caller|_ensure_subclassable|_set_default|_set_module|_concatenate_getitem|_has_generic_or_protocol_as_origin|_is_unpacked_typevartuple|__repr__|_should_collect_from_parameters|__repr__|final|_flatten_literal_params|_value_and_type_iter|overload|get_overloads|clear_overloads|_is_dunder|_allow_reckless_class_checks|_no_init|_type_check_issubclass_arg_1|_proto_hook|runtime_checkable|inner|_get_typeddict_qualifiers|TypedDict|is_typeddict|assert_type|_strip_extras|get_type_hints|get_origin|get_args|__instancecheck__|__init__|__getattr__|__mro_entries__|__repr__|__reduce__|__call__|__or__|__ror__|__instancecheck__|__subclasscheck__|__getitem__|LiteralString|Self|Never|_is_unpack|reveal_type|assert_never|dataclass_transform|override|_check_generic|_check_generic|_collect_type_vars|_collect_parameters|_make_nmtuple|_namedtuple_mro_entries|NamedTuple|get_original_bases|_is_unionable|is_protocol|get_protocol_members|_should_collect_from_parameters|_should_collect_from_parameters|__instancecheck__|__repr__|__new__|__eq__|__hash__|__init__|__getitem__|__init__|__setattr__|__getitem__|__new__|__init__|__subclasscheck__|__instancecheck__|__eq__|__hash__|__init_subclass__|__int__|__float__|__complex__|__bytes__|__index__|__abs__|__round__|__new__|__subclasscheck__|__init__|copy_with|__repr__|__reduce__|__eq__|__hash__|__new__|__class_getitem__|__init_subclass__|TypeAlias|__setattr__|__new__|__repr__|__reduce__|__new__|__init_subclass__|__copy__|__deepcopy__|__init__|__repr__|__eq__|__init__|__repr__|__eq__|__init__|__repr__|__hash__|__call__|__parameters__|Concatenate|TypeGuard|TypeIs|Required|NotRequired|ReadOnly|Unpack|_is_unpack|_is_unpack|_unpack_args|decorator|__init__|__call__|__new__|__call__|__init__|__mro_entries__|__repr__|__reduce__|__init__|__setattr__|__delattr__|_raise_attribute_error|__repr__|__getitem__|__reduce__|__init_subclass__|__call__|__init__|__repr__|__hash__|__eq__|_tvar_prepare_subst|__new__|__init_subclass__|args|kwargs|__init__|__repr__|__hash__|__eq__|__reduce__|__call__|__getitem__|__getitem__|__getitem__|__getitem__|__getitem__|__init__|__typing_unpacked_tuple_args__|__getitem__|__new__|__init_subclass__|__iter__|__init__|__repr__|__hash__|__eq__|__reduce__|__init_subclass__|__or__|__ror__|__or__|__ror__|_paramspec_prepare_subst|_typevartuple_prepare_subst|__init_subclass__|__new__|__init_subclass__|__init_subclass__|wrapper,E:\football_v\.venv\Lib\site-packages\pip\_vendor\typing_extensions.py
,form|rating,vendored,E:\football_v\.venv\Lib\site-packages\pip\_vendor\__init__.py
CacheControlAdapter,form,__init__|send|build_response|close|_update_chunk_length,E:\football_v\.venv\Lib\site-packages\pip\_vendor\cachecontrol\adapter.py
CacheController,form|normalization|transform,parse_uri|__init__|_urlnorm|cache_url|parse_cache_control|_load_from_cache|cached_request|conditional_headers|_cache_set|cache_response|update_cached_response,E:\football_v\.venv\Lib\site-packages\pip\_vendor\cachecontrol\controller.py
CallbackFileWrapper,form,__init__|__getattr__|__is_fp_closed|_close|read|_safe_read,E:\football_v\.venv\Lib\site-packages\pip\_vendor\cachecontrol\filewrapper.py
BaseHeuristic|OneDayCache|ExpiresAfter|LastModified,form,expire_after|datetime_to_header|warning|update_headers|apply|update_headers|__init__|update_headers|warning|update_headers|warning,E:\football_v\.venv\Lib\site-packages\pip\_vendor\cachecontrol\heuristics.py
Serializer,form|previous,dumps|serialize|loads|prepare_response|_loads_v4,E:\football_v\.venv\Lib\site-packages\pip\_vendor\cachecontrol\serialize.py
ZipExtFile|ZipFile|CertificateError|Container|ChainMap|OrderedDict|ConvertingDict|ConvertingList|ConvertingTuple|BaseConfigurator,form|previous|rating|rest,quote|_dnsname_match|match_hostname|which|__init__|__enter__|__exit__|__enter__|__exit__|open|python_implementation|callable|fsencode|fsdecode|_get_normal_name|detect_encoding|cache_from_source|valid_ident|pop|__init__|_access_check|read_or_stop|find_cookie|__init__|__missing__|__getitem__|get|__len__|__iter__|__contains__|__bool__|__repr__|fromkeys|copy|new_child|parents|__setitem__|__delitem__|popitem|pop|clear|__init__|__setitem__|__delitem__|__iter__|__reversed__|clear|popitem|keys|values|items|iterkeys|itervalues|iteritems|update|pop|setdefault|__repr__|__reduce__|copy|fromkeys|__eq__|__ne__|viewkeys|viewvalues|viewitems|__getitem__|get|__getitem__|pop|__getitem__|__init__|resolve|ext_convert|cfg_convert|convert|configure_custom|as_tuple|_recursive_repr|decorating_function|wrapper,E:\football_v\.venv\Lib\site-packages\pip\_vendor\distlib\compat.py
_Cache|DistributionPath|Distribution|BaseInstalledDistribution|InstalledDistribution|EggInfoDistribution|DependencyGraph,feature|features|form|rating|rest|transform,make_graph|get_dependent_dists|get_required_dists|make_dist|__init__|clear|add|__init__|_get_cache_enabled|_set_cache_enabled|clear_cache|_yield_distributions|_generate_cache|distinfo_dirname|get_distributions|get_distribution|provides_distribution|get_file_path|get_exported_entries|__init__|source_url|name_and_version|provides|_get_requirements|run_requires|meta_requires|build_requires|test_requires|dev_requires|matches_requirement|__repr__|__eq__|__hash__|__init__|get_hash|__init__|__repr__|__str__|_get_records|exports|read_exports|write_exports|get_resource_path|list_installed_files|write_installed_files|check_installed_files|shared_locations|write_shared_locations|get_distinfo_resource|get_distinfo_file|list_distinfo_files|__eq__|__init__|_get_metadata|__repr__|__str__|check_installed_files|list_installed_files|list_distinfo_files|__eq__|__init__|add_distribution|add_edge|add_missing|_repr_dist|repr_node|to_dot|topological_sort|__repr__|set_name_and_version|parse_requires_data|parse_requires_path|_md5|_size,E:\football_v\.venv\Lib\site-packages\pip\_vendor\distlib\database.py
PackageIndex,form,__init__|_get_pypirc_command|read_configuration|save_configuration|check_credentials|register|_reader|get_sign_command|run_command|sign_file|upload_file|upload_documentation|get_verify_command|verify_signature|download_file|send_request|encode_request|search,E:\football_v\.venv\Lib\site-packages\pip\_vendor\distlib\index.py
RedirectHandler|Locator|PyPIRPCLocator|PyPIJSONLocator|Page|SimpleScrapingLocator|DirectoryLocator|JSONLocator|DistPathLocator|AggregatingLocator|DependencyFinder,form|recent,get_all_distribution_names|http_error_302|__init__|get_errors|clear_errors|clear_cache|_get_scheme|_set_scheme|_get_project|get_distribution_names|get_project|score_url|prefer_url|split_filename|convert_url_to_download_info|_get_digest|_update_version_data|locate|__init__|get_distribution_names|_get_project|__init__|get_distribution_names|_get_project|__init__|links|__init__|_prepare_threads|_wait_threads|_get_project|_is_platform_dependent|_process_download|_should_queue|_fetch|get_page|get_distribution_names|__init__|should_include|_get_project|get_distribution_names|get_distribution_names|_get_project|__init__|_get_project|__init__|clear_cache|_set_scheme|_get_project|get_distribution_names|__init__|add_distribution|remove_distribution|get_matcher|find_providers|try_to_replace|find|same_project|clean,E:\football_v\.venv\Lib\site-packages\pip\_vendor\distlib\locators.py
Manifest,form|previous,__init__|findall|add|add_many|sorted|clear|process_directive|_parse_directive|_include_pattern|_exclude_pattern|_translate_pattern|_glob_to_re|add_dir,E:\football_v\.venv\Lib\site-packages\pip\_vendor\distlib\manifest.py
Evaluator,form|rest,_is_version_marker|_is_literal|_get_versions|default_context|interpret|evaluate|format_full_version,E:\football_v\.venv\Lib\site-packages\pip\_vendor\distlib\markers.py
MetadataMissingError|MetadataConflictError|MetadataUnrecognizedVersionError|MetadataInvalidError|LegacyMetadata|Metadata,feature|features|form|transform,_version2fieldlist|_best_version|_get_name_and_version|_has_marker|__init__|set_metadata_version|_write_field|__getitem__|__setitem__|__delitem__|__contains__|_convert_name|_default_value|_remove_line_prefix|__getattr__|get_fullname|is_field|is_multi_field|read|read_file|write|write_file|update|set|get|check|todict|add_requirements|keys|__iter__|values|items|__repr__|__init__|__getattribute__|_validate_value|__setattr__|name_and_version|provides|provides|get_requirements|dictionary|dependencies|dependencies|_validate_mapping|validate|todict|_from_legacy|_to_legacy|write|add_requirements|__repr__|_set|are_valid_constraints|process_entries,E:\football_v\.venv\Lib\site-packages\pip\_vendor\distlib\metadata.py
ResourceCache|ResourceBase|Resource|ResourceContainer|ResourceFinder|ZipResourceFinder,form,register_finder|finder|finder_for_path|__init__|is_stale|get|__init__|as_stream|file_path|bytes|size|resources|__init__|_adjust_path|_make_path|_find|get_cache_info|find|get_stream|get_bytes|get_size|get_resources|is_container|iterator|__init__|_adjust_path|_find|get_cache_info|get_bytes|get_stream|get_size|get_resources|_is_directory|allowed,E:\football_v\.venv\Lib\site-packages\pip\_vendor\distlib\resources.py
ScriptMaker,form,enquote_executable|__init__|_get_alternate_executable|_build_shebang|_get_shebang|_get_script_text|get_manifest|_write_script|get_script_filenames|_make_script|_copy_script|dry_run|dry_run|make|make_multiple|_is_shell|_fix_jython_executable|_get_launcher,E:\football_v\.venv\Lib\site-packages\pip\_vendor\distlib\scripts.py
cached_property|FileOperator|ExportEntry|Cache|EventMixin|Sequencer|Progress|Transport|ServerProxy|CSVBase|CSVReader|CSVWriter|Configurator|SubprocessMixin|PyPIRCFile|HTTPSConnection|HTTPSHandler|HTTPSOnlyHandler|SafeTransport,form|power|recent,parse_marker|parse_requirement|get_resources_dests|in_venv|get_executable|proceed|extract_by_key|read_exports|write_exports|tempdir|chdir|socket_timeout|convert_path|resolve|get_export_entry|get_cache_base|path_to_cache_dir|ensure_slash|parse_credentials|get_process_umask|is_string_sequence|split_filename|parse_name_and_version|get_extras|_get_external_data|get_project_data|get_package_data|unarchive|zip_dir|iglob|_iglob|_csv_open|normalize_name|_load_pypirc|_store_pypirc|get_host_platform|get_platform|marker_var|marker_expr|marker_and|marker|get_rel_path|read_stream|__init__|__get__|__init__|_init_record|record_as_written|newer|copy_file|copy_stream|write_binary_file|write_text_file|set_mode|ensure_dir|byte_compile|ensure_removed|is_writable|commit|rollback|__init__|value|__repr__|__eq__|__init__|prefix_to_dir|clear|__init__|add|remove|get_subscribers|publish|__init__|add_node|remove_node|add|remove|is_step|get_steps|strong_connections|dot|check_path|__init__|update|increment|start|stop|maximum|percentage|format_duration|ETA|speed|__init__|make_connection|__init__|__enter__|__exit__|__init__|__iter__|next|__init__|writerow|__init__|configure_custom|__getitem__|inc_convert|__init__|reader|run_command|__init__|read|update|strongconnect|extraction_filter|connect|__init__|_conn_maker|https_open|http_open|__init__|make_connection|convert|get_versions,E:\football_v\.venv\Lib\site-packages\pip\_vendor\distlib\util.py
UnsupportedVersionError|Version|Matcher|NormalizedVersion|NormalizedMatcher|LegacyVersion|LegacyMatcher|SemanticVersion|SemanticMatcher|VersionScheme,form|normalization|rest,_pep_440_key|_match_prefix|_suggest_semantic_version|_suggest_normalized_version|_legacy_key|is_semver|_semantic_key|get_scheme|__init__|parse|_check_compatible|__eq__|__ne__|__lt__|__gt__|__le__|__ge__|__hash__|__repr__|__str__|is_prerelease|parse_requirement|__init__|match|exact_version|_check_compatible|__eq__|__ne__|__hash__|__repr__|__str__|parse|is_prerelease|_adjust_local|_match_lt|_match_gt|_match_le|_match_ge|_match_eq|_match_arbitrary|_match_ne|_match_compatible|get_parts|parse|is_prerelease|_match_compatible|make_tuple|parse|is_prerelease|__init__|is_valid_version|is_valid_matcher|is_valid_constraint_list|suggest,E:\football_v\.venv\Lib\site-packages\pip\_vendor\distlib\version.py
Mounter|Wheel|_Version,form,_get_suffixes|_load_dynamic|_get_glibc_version|compatible_tags|is_compatible|_derive_abi|__init__|add|remove|find_module|load_module|__init__|filename|exists|tags|metadata|get_wheel_metadata|info|process_shebang|get_hash|write_record|write_records|build_zip|build|skip_entry|install|_get_dylib_cache|_get_extensions|is_compatible|is_mountable|mount|unmount|verify|update|sorter|get_version|update_version|__init__|__str__,E:\football_v\.venv\Lib\site-packages\pip\_vendor\distlib\wheel.py
VersionDict|InfoDict|LinuxDistribution|cached_property,form|normalization|power|previous|transform,linux_distribution|id|name|version|version_parts|major_version|minor_version|build_number|like|codename|info|os_release_info|lsb_release_info|distro_release_info|uname_info|os_release_attr|lsb_release_attr|distro_release_attr|uname_attr|main|__init__|__repr__|linux_distribution|id|name|version|version_parts|major_version|minor_version|build_number|like|codename|info|os_release_info|lsb_release_info|distro_release_info|uname_info|oslevel_info|os_release_attr|lsb_release_attr|distro_release_attr|uname_attr|_os_release_info|_parse_os_release_content|_lsb_release_info|_parse_lsb_release_content|_uname_info|_oslevel_info|_debian_version|_parse_uname_content|_to_str|_distro_release_info|_parse_distro_release_file|_parse_distro_release_content|normalize|__init__|__get__,E:\football_v\.venv\Lib\site-packages\pip\_vendor\distro\distro.py
Codec|IncrementalEncoder|IncrementalDecoder|StreamWriter|StreamReader,encoder|form,search_function|encode|decode|_buffer_encode|_buffer_decode,E:\football_v\.venv\Lib\site-packages\pip\_vendor\idna\codec.py
IDNAError|IDNABidiError|InvalidCodepoint|InvalidCodepointContext,form|normalization,_combining_class|_is_script|_punycode|_unot|valid_label_length|valid_string_length|check_bidi|check_initial_combiner|check_hyphen_ok|check_nfc|valid_contextj|valid_contexto|check_label|alabel|ulabel|uts46_remap|encode|decode,E:\football_v\.venv\Lib\site-packages\pip\_vendor\idna\core.py
,form,intranges_from_list|_encode_range|_decode_range|intranges_contain,E:\football_v\.venv\Lib\site-packages\pip\_vendor\idna\intranges.py
UnpackException|BufferFull|OutOfData|FormatError|StackError|ExtraData,form,__init__|__str__,E:\football_v\.venv\Lib\site-packages\pip\_vendor\msgpack\exceptions.py
Unpacker|Packer|BytesIO,form,_check_type_strict|_get_data_from_buffer|unpackb|newlist_hint|__init__|feed|_consume|_got_extradata|_get_extradata|read_bytes|_read|_reserve|_read_header|_unpack|__iter__|__next__|skip|unpack|read_array_header|read_map_header|tell|__init__|_pack|pack|pack_map_pairs|pack_array_header|pack_map_header|pack_ext_type|_pack_array_header|_pack_map_header|_pack_map_pairs|_pack_raw_header|_pack_bin_header|bytes|reset|getbuffer|__init__|write|getvalue,E:\football_v\.venv\Lib\site-packages\pip\_vendor\msgpack\fallback.py
InvalidMarker|UndefinedComparison|UndefinedEnvironmentName|Environment|Marker,form|rating|rest,_normalize_extra_values|_format_marker|_eval_op|_normalize|_evaluate_markers|format_full_version|default_environment|_repair_python_full_version|__init__|__str__|__repr__|__hash__|__eq__|evaluate,E:\football_v\.venv\Lib\site-packages\pip\_vendor\packaging\markers.py
InvalidMetadata|RawMetadata|_Validator|Metadata|ExceptionGroup,form|historical,_parse_keywords|_parse_project_urls|_get_payload|parse_email|__init__|__init__|__set_name__|__get__|_invalid_metadata|_process_metadata_version|_process_name|_process_version|_process_summary|_process_description_content_type|_process_dynamic|_process_provides_extra|_process_requires_python|_process_requires_dist|_process_license_expression|_process_license_files|from_raw|from_email|__init__|__repr__,E:\football_v\.venv\Lib\site-packages\pip\_vendor\packaging\metadata.py
InvalidRequirement|Requirement,form,__init__|_iter_parts|__str__|__repr__|__hash__|__eq__,E:\football_v\.venv\Lib\site-packages\pip\_vendor\packaging\requirements.py
InvalidSpecifier|BaseSpecifier|Specifier|SpecifierSet,form|recent|rest,_coerce_version|_version_split|_version_join|_is_not_suffix|_pad_version|__str__|__hash__|__eq__|prereleases|prereleases|contains|filter|__init__|prereleases|prereleases|operator|version|__repr__|__str__|_canonical_spec|__hash__|__eq__|_get_operator|_compare_compatible|_compare_equal|_compare_not_equal|_compare_less_than_equal|_compare_greater_than_equal|_compare_less_than|_compare_greater_than|_compare_arbitrary|__contains__|contains|filter|__init__|prereleases|prereleases|__repr__|__str__|__hash__|__and__|__eq__|__len__|__iter__|__contains__|contains|filter,E:\football_v\.venv\Lib\site-packages\pip\_vendor\packaging\specifiers.py
Tag,feature|features|form|previous,parse_tag|_get_config_var|_normalize_string|_is_threaded_cpython|_abi3_applies|_cpython_abis|cpython_tags|_generic_abi|generic_tags|_py_interpreter_range|compatible_tags|_mac_arch|_mac_binary_formats|mac_platforms|ios_platforms|_linux_platforms|_generic_platforms|platform_tags|interpreter_name|interpreter_version|_version_nodot|sys_tags|__init__|interpreter|abi|platform|__eq__|__hash__|__str__|__repr__,E:\football_v\.venv\Lib\site-packages\pip\_vendor\packaging\tags.py
InvalidName|InvalidWheelFilename|InvalidSdistFilename,form,canonicalize_name|is_normalized_name|canonicalize_version|_|parse_wheel_filename|parse_sdist_filename,E:\football_v\.venv\Lib\site-packages\pip\_vendor\packaging\utils.py
_Version|InvalidVersion|_BaseVersion|Version|_TrimmedRelease,form|recent|rest,parse|_parse_letter_version|_parse_local_version|_cmpkey|__hash__|__lt__|__le__|__eq__|__ge__|__gt__|__ne__|__init__|__repr__|__str__|epoch|release|pre|post|dev|local|public|base_version|is_prerelease|is_postrelease|is_devrelease|major|minor|micro|release,E:\football_v\.venv\Lib\site-packages\pip\_vendor\packaging\version.py
ELFInvalid|EIClass|EIData|EMachine|ELFFile,form,__init__|_read|interpreter,E:\football_v\.venv\Lib\site-packages\pip\_vendor\packaging\_elffile.py
_GLibCVersion,form|rest,_parse_elf|_is_linux_armhf|_is_linux_i686|_have_compatible_abi|_glibc_version_string_confstr|_glibc_version_string_ctypes|_glibc_version_string|_parse_glibc_version|_get_glibc_version|_is_compatible|platform_tags,E:\football_v\.venv\Lib\site-packages\pip\_vendor\packaging\_manylinux.py
_MuslVersion,form,_parse_musl_version|_get_musl_version|platform_tags,E:\football_v\.venv\Lib\site-packages\pip\_vendor\packaging\_musllinux.py
Node|Variable|Value|Op|ParsedRequirement,form,parse_requirement|_parse_requirement|_parse_requirement_details|_parse_requirement_marker|_parse_extras|_parse_extras_list|_parse_specifier|_parse_version_many|parse_marker|_parse_full_marker|_parse_marker|_parse_marker_atom|_parse_marker_item|_parse_marker_var|process_env_var|process_python_str|_parse_marker_op|__init__|__str__|__repr__|serialize|serialize|serialize|serialize,E:\football_v\.venv\Lib\site-packages\pip\_vendor\packaging\_parser.py
Token|ParserSyntaxError|Tokenizer,form,__init__|__str__|__init__|consume|check|expect|read|raise_syntax_error|enclosing_tokens,E:\football_v\.venv\Lib\site-packages\pip\_vendor\packaging\_tokenizer.py
SPDXLicense|SPDXException,form,,E:\football_v\.venv\Lib\site-packages\pip\_vendor\packaging\licenses\_spdx.py
InvalidLicenseExpression,fitness|recent|rest,canonicalize_license_expression,E:\football_v\.venv\Lib\site-packages\pip\_vendor\packaging\licenses\__init__.py
_LoaderProtocol|_ZipLoaderModule|PEP440Warning|ResolutionError|VersionConflict|ContextualVersionConflict|DistributionNotFound|UnknownExtra|IMetadataProvider|IResourceProvider|WorkingSet|_ReqExtras|Environment|ExtractionError|ResourceManager|NullProvider|EggProvider|DefaultProvider|EmptyProvider|ZipManifests|MemoizedZipManifests|ZipProvider|FileMetadata|PathMetadata|EggMetadata|NoDists|EntryPoint|Distribution|EggInfoDistribution|DistInfoDistribution|RequirementParseError|Requirement|PkgResourcesDeprecationWarning|manifest_mod,feature|form|power|previous|recent|rest,_declare_state|__getstate__|__setstate__|_sget_dict|_sset_dict|_sget_object|_sset_object|get_supported_platform|register_loader_type|get_provider|get_provider|get_provider|_macos_vers|_macos_arch|get_build_platform|compatible_platforms|get_distribution|get_distribution|get_distribution|load_entry_point|get_entry_map|get_entry_map|get_entry_map|get_entry_info|get_default_cache|safe_name|safe_version|_forgiving_version|_safe_segment|safe_extra|to_filename|invalid_marker|evaluate_marker|_parents|register_finder|find_distributions|find_eggs_in_zip|find_nothing|find_on_path|dist_factory|safe_listdir|distributions_from_metadata|non_empty_lines|resolve_egg_link|register_namespace_handler|_handle_ns|_rebuild_mod_path|declare_namespace|fixup_namespace_packages|file_ns_handler|null_ns_handler|normalize_path|normalize_path|normalize_path|_cygwin_patch|_is_egg_path|_is_zip_egg|_is_unpacked_egg|_set_parent_ns|_version_from_file|issue_warning|parse_requirements|_always_object|_find_adapter|ensure_directory|_bypass_ensure_directory|split_sections|_mkstemp|_read_utf8_with_fallback|_call_aside|_initialize|_initialize_master_working_set|load_module|__repr__|dist|req|report|with_context|required_by|req|requirers|requirers_str|report|__str__|has_metadata|get_metadata|get_metadata_lines|metadata_isdir|metadata_listdir|run_script|get_resource_filename|get_resource_stream|get_resource_string|has_resource|resource_isdir|resource_listdir|__init__|_build_master|_build_from_requirements|add_entry|__contains__|find|iter_entry_points|run_script|__iter__|add|resolve|resolve|resolve|resolve|_resolve_dist|find_plugins|find_plugins|find_plugins|find_plugins|require|subscribe|_added_new|__getstate__|__setstate__|markers_pass|__init__|can_add|remove|scan|__getitem__|add|best_match|best_match|best_match|obtain|obtain|obtain|obtain|__iter__|__iadd__|__add__|__init__|resource_exists|resource_isdir|resource_filename|resource_stream|resource_string|resource_listdir|extraction_error|get_cache_path|_warn_unsafe_extraction_path|postprocess|set_extraction_path|cleanup_resources|__init__|get_resource_filename|get_resource_stream|get_resource_string|has_resource|_get_metadata_path|has_metadata|get_metadata|get_metadata_lines|resource_isdir|metadata_isdir|resource_listdir|metadata_listdir|run_script|_has|_isdir|_listdir|_fn|_validate_resource_path|_get|__init__|_setup_prefix|_set_egg|_has|_isdir|_listdir|get_resource_stream|_get|_register|_get|_listdir|__init__|build|load|__init__|_zipinfo_name|_parts|zipinfo|get_resource_filename|_get_date_and_size|_extract_resource|_is_current|_get_eager_resources|_index|_has|_isdir|_listdir|_eager_to_zip|_resource_to_zip|__init__|_get_metadata_path|has_metadata|get_metadata|_warn_on_replacement|get_metadata_lines|__init__|__init__|__bool__|__call__|safe_sys_path_index|position_in_sys_path|_normalize_cached|_normalize_cached|_normalize_cached|_normalize_cached|__init__|__str__|__repr__|load|load|load|resolve|require|parse|_parse_extras|parse_group|parse_map|is_version_line|__init__|from_location|_reload_version|hashcmp|__hash__|__lt__|__le__|__gt__|__ge__|__eq__|__ne__|key|parsed_version|_forgiving_parsed_version|version|_dep_map|_filter_extras|_build_dep_map|requires|_get_metadata_path_for_display|_get_metadata|_get_version|activate|egg_name|__repr__|__str__|__getattr__|__dir__|from_filename|as_requirement|load_entry_point|get_entry_map|get_entry_map|get_entry_map|get_entry_info|insert_on|check_version_conflict|has_version|clone|extras|_reload_version|_parsed_pkg_info|_dep_map|_compute_dependencies|__init__|__eq__|__ne__|__contains__|__hash__|__repr__|parse|reqs_for_extra,E:\football_v\.venv\Lib\site-packages\pip\_vendor\pkg_resources\__init__.py
Android,form,_android_folder|_android_documents_folder|_android_downloads_folder|_android_pictures_folder|_android_videos_folder|_android_music_folder|user_data_dir|site_data_dir|user_config_dir|site_config_dir|user_cache_dir|site_cache_dir|user_state_dir|user_log_dir|user_documents_dir|user_downloads_dir|user_pictures_dir|user_videos_dir|user_music_dir|user_desktop_dir|user_runtime_dir|site_runtime_dir,E:\football_v\.venv\Lib\site-packages\pip\_vendor\platformdirs\android.py
PlatformDirsABC,form,__init__|_append_app_name_and_version|_optionally_create_directory|_first_item_as_path_if_multipath|user_data_dir|site_data_dir|user_config_dir|site_config_dir|user_cache_dir|site_cache_dir|user_state_dir|user_log_dir|user_documents_dir|user_downloads_dir|user_pictures_dir|user_videos_dir|user_music_dir|user_desktop_dir|user_runtime_dir|site_runtime_dir|user_data_path|site_data_path|user_config_path|site_config_path|user_cache_path|site_cache_path|user_state_path|user_log_path|user_documents_path|user_downloads_path|user_pictures_path|user_videos_path|user_music_path|user_desktop_path|user_runtime_path|site_runtime_path|iter_config_dirs|iter_data_dirs|iter_cache_dirs|iter_runtime_dirs|iter_config_paths|iter_data_paths|iter_cache_paths|iter_runtime_paths,E:\football_v\.venv\Lib\site-packages\pip\_vendor\platformdirs\api.py
MacOS,form|rating,user_data_dir|site_data_dir|site_data_path|user_config_dir|site_config_dir|user_cache_dir|site_cache_dir|site_cache_path|user_state_dir|user_log_dir|user_documents_dir|user_downloads_dir|user_pictures_dir|user_videos_dir|user_music_dir|user_desktop_dir|user_runtime_dir|site_runtime_dir,E:\football_v\.venv\Lib\site-packages\pip\_vendor\platformdirs\macos.py
Unix,form,_get_user_media_dir|_get_user_dirs_folder|getuid|user_data_dir|_site_data_dirs|site_data_dir|user_config_dir|_site_config_dirs|site_config_dir|user_cache_dir|site_cache_dir|user_state_dir|user_log_dir|user_documents_dir|user_downloads_dir|user_pictures_dir|user_videos_dir|user_music_dir|user_desktop_dir|user_runtime_dir|site_runtime_dir|site_data_path|site_config_path|site_cache_path|iter_config_dirs|iter_data_dirs,E:\football_v\.venv\Lib\site-packages\pip\_vendor\platformdirs\unix.py
Windows,form,get_win_folder_from_env_vars|get_win_folder_if_csidl_name_not_env_var|get_win_folder_from_registry|get_win_folder_via_ctypes|_pick_get_win_folder|user_data_dir|_append_parts|site_data_dir|user_config_dir|site_config_dir|user_cache_dir|site_cache_dir|user_state_dir|user_log_dir|user_documents_dir|user_downloads_dir|user_pictures_dir|user_videos_dir|user_music_dir|user_desktop_dir|user_runtime_dir|site_runtime_dir,E:\football_v\.venv\Lib\site-packages\pip\_vendor\platformdirs\windows.py
,form,_set_platform_dir_class|user_data_dir|site_data_dir|user_config_dir|site_config_dir|user_cache_dir|site_cache_dir|user_state_dir|user_log_dir|user_documents_dir|user_downloads_dir|user_pictures_dir|user_videos_dir|user_music_dir|user_desktop_dir|user_runtime_dir|site_runtime_dir|user_data_path|site_data_path|user_config_path|site_config_path|site_cache_path|user_cache_path|user_state_path|user_log_path|user_documents_path|user_downloads_path|user_pictures_path|user_videos_path|user_music_path|user_desktop_path|user_runtime_path|site_runtime_path,E:\football_v\.venv\Lib\site-packages\pip\_vendor\platformdirs\__init__.py
,form,main,E:\football_v\.venv\Lib\site-packages\pip\_vendor\platformdirs\__main__.py
HelpFormatter,form,_parse_options|_parse_filters|_print_help|_print_list|_print_list_as_json|main_inner|main|is_only_option|__init__,E:\football_v\.venv\Lib\site-packages\pip\_vendor\pygments\cmdline.py
,form,reset_color|colorize|ansiformat,E:\football_v\.venv\Lib\site-packages\pip\_vendor\pygments\console.py
Formatter,form,_lookup_style|__init__|get_style_defs|format|__class_getitem__,E:\football_v\.venv\Lib\site-packages\pip\_vendor\pygments\formatter.py
LexerMeta|Lexer|DelegatingLexer|include|_inherit|combined|_PseudoMatch|_This|default|words|RegexLexerMeta|RegexLexer|LexerContext|ExtendedRegexLexer|ProfilingRegexLexerMeta|ProfilingRegexLexer,form|transform,bygroups|using|do_insertions|__new__|__init__|__repr__|add_filter|analyse_text|_preprocess_lexer_input|get_tokens|get_tokens_unprocessed|__init__|get_tokens_unprocessed|__repr__|__new__|__init__|__init__|start|end|group|groups|groupdict|callback|__init__|__init__|get|_process_regex|_process_token|_process_new_state|_process_state|process_tokendef|get_tokendefs|__call__|get_tokens_unprocessed|__init__|__repr__|get_tokens_unprocessed|_process_regex|get_tokens_unprocessed|streamer|callback|callback|match_func,E:\football_v\.venv\Lib\site-packages\pip\_vendor\pygments\lexer.py
,form|recent,iter_entry_points|find_plugin_lexers|find_plugin_formatters|find_plugin_styles|find_plugin_filters,E:\football_v\.venv\Lib\site-packages\pip\_vendor\pygments\plugin.py
,rest,make_charset|regex_opt_inner|regex_opt,E:\football_v\.venv\Lib\site-packages\pip\_vendor\pygments\regexopt.py
PygmentsDoc,form,setup|run|document_lexers_overview|document_lexers|document_formatters|document_filters|format_link|write_row|write_seperator,E:\football_v\.venv\Lib\site-packages\pip\_vendor\pygments\sphinxext.py
StyleMeta|Style,form,__new__|style_for_token|list_styles|styles_token|__iter__|__len__|colorformat,E:\football_v\.venv\Lib\site-packages\pip\_vendor\pygments\style.py
_TokenType,form,is_token_subtype|string_to_tokentype|split|__init__|__contains__|__getattr__|__repr__|__copy__|__deepcopy__,E:\football_v\.venv\Lib\site-packages\pip\_vendor\pygments\token.py
ClassNotFound|OptionError|Future|UnclosingTextIOWrapper,form|rest,get_choice_opt|get_bool_opt|get_int_opt|get_list_opt|docstring_headline|make_analysator|shebang_matches|doctype_matches|html_doctype_matches|looks_like_xml|surrogatepair|format_lines|duplicates_removed|guess_decode|guess_decode_from_terminal|terminal_encoding|text_analyse|get|close,E:\football_v\.venv\Lib\site-packages\pip\_vendor\pygments\util.py
,form|rest,lex|format|highlight,E:\football_v\.venv\Lib\site-packages\pip\_vendor\pygments\__init__.py
CodeTagFilter|SymbolFilter|KeywordCaseFilter|NameHighlightFilter|ErrorToken|RaiseOnErrorTokenFilter|VisibleWhitespaceFilter|GobbleFilter|TokenMergeFilter,form|rest,find_filter_class|get_filter_by_name|get_all_filters|_replace_special|__init__|filter|__init__|filter|__init__|filter|__init__|filter|__init__|filter|__init__|filter|__init__|gobble|filter|__init__|filter|replacefunc,E:\football_v\.venv\Lib\site-packages\pip\_vendor\pygments\filters\__init__.py
BBCodeFormatter,form,__init__|_make_styles|format_unencoded,E:\football_v\.venv\Lib\site-packages\pip\_vendor\pygments\formatters\bbcode.py
GroffFormatter,form,__init__|_make_styles|_define_colors|_write_lineno|_wrap_line|_escape_chars|format_unencoded,E:\football_v\.venv\Lib\site-packages\pip\_vendor\pygments\formatters\groff.py
HtmlFormatter,feature|form|rest,escape_html|webify|_get_ttype_class|__init__|_get_css_class|_get_css_classes|_get_css_inline_styles|_create_stylesheet|get_style_defs|get_token_style_defs|get_background_style_defs|get_linenos_style_defs|get_css_prefix|_pre_style|_linenos_style|_linenos_special_style|_decodeifneeded|_wrap_full|_wrap_tablelinenos|_wrap_inlinelinenos|_wrap_lineanchors|_wrap_linespans|_wrap_div|_wrap_pre|_wrap_code|_translate_parts|_format_lines|_lookup_ctag|_highlight_lines|wrap|format_unencoded|prefix,E:\football_v\.venv\Lib\site-packages\pip\_vendor\pygments\formatters\html.py
PilNotAvailable|FontNotFound|FontManager|ImageFormatter|GifImageFormatter|JpgImageFormatter|BmpImageFormatter,form,__init__|_get_nix_font_path|_create_nix|_get_mac_font_path|_create_mac|_lookup_win|_create_win|get_char_size|get_text_size|get_font|get_style|__init__|get_style_defs|_get_line_height|_get_line_y|_get_char_width|_get_char_x|_get_text_pos|_get_linenumber_pos|_get_text_color|_get_text_bg_color|_get_style_font|_get_image_size|_draw_linenumber|_draw_text|_create_drawables|_draw_line_numbers|_paint_line_number_bg|format,E:\football_v\.venv\Lib\site-packages\pip\_vendor\pygments\formatters\img.py
IRCFormatter,form,ircformat|__init__|_write_lineno|format_unencoded,E:\football_v\.venv\Lib\site-packages\pip\_vendor\pygments\formatters\irc.py
LatexFormatter|LatexEmbeddedLexer,form|previous,escape_tex|_get_ttype_name|__init__|_create_stylesheet|get_style_defs|format_unencoded|__init__|get_tokens_unprocessed|_find_safe_escape_tokens|_filter_to|_find_escape_tokens|rgbcolor,E:\football_v\.venv\Lib\site-packages\pip\_vendor\pygments\formatters\latex.py
NullFormatter|RawTokenFormatter|TestcaseFormatter,form,format|__init__|format|__init__|format|write|flush,E:\football_v\.venv\Lib\site-packages\pip\_vendor\pygments\formatters\other.py
PangoMarkupFormatter,form,escape_special_chars|__init__|format_unencoded,E:\football_v\.venv\Lib\site-packages\pip\_vendor\pygments\formatters\pangomarkup.py
RtfFormatter,form,__init__|_escape|_escape_text|hex_to_rtf_color|_split_tokens_on_newlines|_create_color_mapping|_lineno_template|_hl_open_str|_rtf_header|format_unencoded,E:\football_v\.venv\Lib\site-packages\pip\_vendor\pygments\formatters\rtf.py
SvgFormatter,form,escape_html|__init__|format_unencoded|_get_style,E:\football_v\.venv\Lib\site-packages\pip\_vendor\pygments\formatters\svg.py
TerminalFormatter,form,__init__|format|_write_lineno|_get_color|format_unencoded,E:\football_v\.venv\Lib\site-packages\pip\_vendor\pygments\formatters\terminal.py
EscapeSequence|Terminal256Formatter|TerminalTrueColorFormatter,form|rest,__init__|escape|color_string|true_color_string|reset_string|__init__|_build_color_table|_closest_color|_color_index|_setup_styles|_write_lineno|format|format_unencoded|_build_color_table|_color_tuple|_setup_styles,E:\football_v\.venv\Lib\site-packages\pip\_vendor\pygments\formatters\terminal256.py
,form,,E:\football_v\.venv\Lib\site-packages\pip\_vendor\pygments\formatters\_mapping.py
_automodule,form,_fn_matches|_load_formatters|get_all_formatters|find_formatter_class|get_formatter_by_name|load_formatter_from_file|get_formatter_for_filename|__getattr__,E:\football_v\.venv\Lib\site-packages\pip\_vendor\pygments\formatters\__init__.py
PythonLexer|Python2Lexer|_PythonConsoleLexerBase|PythonConsoleLexer|PythonTracebackLexer|Python2TracebackLexer|CythonLexer|DgLexer|NumPyLexer|_ReplaceInnerCode,form|power|rank|recent|rest,innerstring_rules|fstring_rules|analyse_text|innerstring_rules|analyse_text|__init__|get_tokens_unprocessed|analyse_text|__init__,E:\football_v\.venv\Lib\site-packages\pip\_vendor\pygments\lexers\python.py
,feature|form|history|power|rest,,E:\football_v\.venv\Lib\site-packages\pip\_vendor\pygments\lexers\_mapping.py
_automodule,form|rating,_fn_matches|_load_lexers|get_all_lexers|find_lexer_class|find_lexer_class_by_name|get_lexer_by_name|load_lexer_from_file|find_lexer_class_for_filename|get_lexer_for_filename|get_lexer_for_mimetype|_iter_lexerclasses|guess_lexer_for_filename|guess_lexer|get_rating|type_sort|__getattr__,E:\football_v\.venv\Lib\site-packages\pip\_vendor\pygments\lexers\__init__.py
BackendUnavailable|HookMissing|UnsupportedOperation|BuildBackendHookCaller|SubprocessRunner,feature|features|previous,write_json|read_json|default_subprocess_runner|quiet_subprocess_runner|norm_and_check|__init__|__init__|__init__|__init__|subprocess_runner|_supported_features|get_requires_for_build_wheel|prepare_metadata_for_build_wheel|build_wheel|get_requires_for_build_editable|prepare_metadata_for_build_editable|build_editable|get_requires_for_build_sdist|build_sdist|_call_hook|__call__,E:\football_v\.venv\Lib\site-packages\pip\_vendor\pyproject_hooks\_impl.py
,previous,,E:\football_v\.venv\Lib\site-packages\pip\_vendor\pyproject_hooks\__init__.py
BackendUnavailable|HookMissing|_BackendPathFinder|_DummyException|GotUnsupportedOperation,feature|features|form,write_json|read_json|_build_backend|_supported_features|get_requires_for_build_wheel|get_requires_for_build_editable|prepare_metadata_for_build_wheel|prepare_metadata_for_build_editable|_dist_info_files|_get_wheel_metadata_from_wheel|_find_already_built_wheel|build_wheel|build_editable|get_requires_for_build_sdist|build_sdist|main|__init__|__init__|__init__|find_spec|__init__|find_distributions,E:\football_v\.venv\Lib\site-packages\pip\_vendor\pyproject_hooks\_in_process\_in_process.py
BaseAdapter|HTTPAdapter,form,_urllib3_request_context|__init__|send|close|__init__|__getstate__|__setstate__|init_poolmanager|proxy_manager_for|cert_verify|build_response|build_connection_pool_key_attributes|get_connection_with_tls_context|get_connection|close|request_url|add_headers|proxy_headers|send|SOCKSProxyManager,E:\football_v\.venv\Lib\site-packages\pip\_vendor\requests\adapters.py
AuthBase|HTTPBasicAuth|HTTPProxyAuth|HTTPDigestAuth,form|history|previous,_basic_auth_str|__call__|__init__|__eq__|__ne__|__call__|__call__|__init__|init_per_thread_state|build_digest_header|handle_redirect|handle_401|__call__|__eq__|__ne__|md5_utf8|sha_utf8|sha256_utf8|sha512_utf8,E:\football_v\.venv\Lib\site-packages\pip\_vendor\requests\auth.py
,previous,_resolve_char_detection,E:\football_v\.venv\Lib\site-packages\pip\_vendor\requests\compat.py
MockRequest|MockResponse|CookieConflictError|RequestsCookieJar,rest,extract_cookies_to_jar|get_cookie_header|remove_cookie_by_name|_copy_cookie_jar|create_cookie|morsel_to_cookie|cookiejar_from_dict|merge_cookies|__init__|get_type|get_host|get_origin_req_host|get_full_url|is_unverifiable|has_header|get_header|add_header|add_unredirected_header|get_new_headers|unverifiable|origin_req_host|host|__init__|info|getheaders|get|set|iterkeys|keys|itervalues|values|iteritems|items|list_domains|list_paths|multiple_domains|get_dict|__contains__|__getitem__|__setitem__|__delitem__|set_cookie|update|_find|_find_no_duplicates|__getstate__|__setstate__|copy|get_policy,E:\football_v\.venv\Lib\site-packages\pip\_vendor\requests\cookies.py
,form,_implementation|info|main,E:\football_v\.venv\Lib\site-packages\pip\_vendor\requests\help.py
RequestEncodingMixin|RequestHooksMixin|Request|PreparedRequest|Response,form|history|power|previous|rating|recent,path_url|_encode_params|_encode_files|register_hook|deregister_hook|__init__|__repr__|prepare|__init__|prepare|__repr__|copy|prepare_method|_get_idna_encoded_host|prepare_url|prepare_headers|prepare_body|prepare_content_length|prepare_auth|prepare_cookies|prepare_hooks|__init__|__enter__|__exit__|__getstate__|__setstate__|__repr__|__bool__|__nonzero__|__iter__|ok|is_redirect|is_permanent_redirect|next|apparent_encoding|iter_content|iter_lines|content|text|json|links|raise_for_status|close|generate,E:\football_v\.venv\Lib\site-packages\pip\_vendor\requests\models.py
SessionRedirectMixin|Session,form|history|previous,merge_setting|merge_hooks|session|get_redirect_target|should_strip_auth|resolve_redirects|rebuild_auth|rebuild_proxies|rebuild_method|__init__|__enter__|__exit__|prepare_request|request|get|options|head|post|put|patch|delete|send|merge_environment_settings|get_adapter|close|mount|__getstate__|__setstate__,E:\football_v\.venv\Lib\site-packages\pip\_vendor\requests\sessions.py
,form,_init|doc,E:\football_v\.venv\Lib\site-packages\pip\_vendor\requests\status_codes.py
CaseInsensitiveDict|LookupDict,power,__init__|__setitem__|__getitem__|__delitem__|__iter__|__len__|lower_items|__eq__|copy|__repr__|__init__|__repr__|__getitem__|get,E:\football_v\.venv\Lib\site-packages\pip\_vendor\requests\structures.py
,form|previous|recent|rest,dict_to_sequence|super_len|get_netrc_auth|guess_filename|extract_zipped_paths|atomic_open|from_key_val_list|to_key_val_list|parse_list_header|parse_dict_header|unquote_header_value|dict_from_cookiejar|add_dict_to_cookiejar|get_encodings_from_content|_parse_content_type_header|get_encoding_from_headers|stream_decode_response_unicode|iter_slices|get_unicode_from_response|unquote_unreserved|requote_uri|address_in_network|dotted_netmask|is_ipv4_address|is_valid_cidr|set_environ|should_bypass_proxies|get_environ_proxies|select_proxy|resolve_proxies|default_user_agent|default_headers|parse_header_links|guess_json_utf|prepend_scheme_if_needed|get_auth_from_url|check_header_validity|_validate_header_part|urldefragauth|rewind_body|proxy_bypass_registry|proxy_bypass|get_proxy,E:\football_v\.venv\Lib\site-packages\pip\_vendor\requests\utils.py
,form,check_compatibility|_check_cryptography,E:\football_v\.venv\Lib\site-packages\pip\_vendor\requests\__init__.py
AbstractProvider|AbstractResolver,form|recent,identify|get_preference|find_matches|is_satisfied_by|get_dependencies|__init__|resolve,E:\football_v\.venv\Lib\site-packages\pip\_vendor\resolvelib\providers.py
BaseReporter,form,starting|starting_round|ending_round|ending|adding_requirement|resolving_conflicts|rejecting_candidate|pinning,E:\football_v\.venv\Lib\site-packages\pip\_vendor\resolvelib\reporters.py
ResolverException|RequirementsConflicted|InconsistentCandidate|Criterion|ResolutionError|ResolutionImpossible|ResolutionTooDeep|Resolution|Resolver,form|history|previous,_has_route_to_root|_build_result|__init__|__str__|__init__|__str__|__init__|__repr__|iter_requirement|iter_parent|__init__|__init__|__init__|state|_push_new_state|_add_to_criteria|_remove_information_from_criteria|_get_preference|_is_current_pin_satisfying|_get_updated_criteria|_attempt_to_pin_criterion|_backjump|resolve|resolve|_patch_criteria,E:\football_v\.venv\Lib\site-packages\pip\_vendor\resolvelib\resolvers.py
DirectedGraph|IteratorMapping|_FactoryIterableView|_SequenceIterableView,form,build_iter_view|__init__|__iter__|__len__|__contains__|copy|add|remove|connected|connect|iter_edges|iter_children|iter_parents|__init__|__repr__|__bool__|__contains__|__getitem__|__iter__|__len__|__init__|__repr__|__bool__|__iter__|__init__|__repr__|__bool__|__iter__,E:\football_v\.venv\Lib\site-packages\pip\_vendor\resolvelib\structs.py
Align|VerticalCenter,rest,__init__|__repr__|left|center|right|__rich_console__|__rich_measure__|__init__|__repr__|__rich_console__|__rich_measure__|generate_segments|blank_lines|blank_lines,E:\football_v\.venv\Lib\site-packages\pip\_vendor\rich\align.py
_AnsiToken|AnsiDecoder,form,_ansi_tokenize|__init__|decode|decode_line|read,E:\football_v\.venv\Lib\site-packages\pip\_vendor\rich\ansi.py
Box,form,__init__|__repr__|__str__|substitute|get_plain_headed_box|get_top|get_row|get_bottom,E:\football_v\.venv\Lib\site-packages\pip\_vendor\rich\box.py
ColorSystem|ColorType|ColorParseError|Color,form,parse_rgb_hex|blend_rgb|__repr__|__str__|__repr__|__rich__|__rich_repr__|system|is_system_defined|is_default|get_truecolor|from_ansi|from_triplet|from_rgb|default|parse|get_ansi_codes|downgrade,E:\football_v\.venv\Lib\site-packages\pip\_vendor\rich\color.py
ColorTriplet,form,hex|rgb|normalized,E:\football_v\.venv\Lib\site-packages\pip\_vendor\rich\color_triplet.py
NoChange|ConsoleDimensions|ConsoleOptions|RichCast|ConsoleRenderable|CaptureError|NewLine|ScreenUpdate|Capture|ThemeContext|PagerContext|ScreenContext|Group|ConsoleThreadLocals|RenderHook|Console,feature|features|form|history|previous|rest|transform|trend,group|_is_jupyter|get_windows_console_features|detect_legacy_windows|_svg_hash|ascii_only|copy|update|update_width|update_height|reset_height|update_dimensions|__rich__|__rich_console__|__init__|__rich_console__|__init__|__rich_console__|__init__|__enter__|__exit__|get|__init__|__enter__|__exit__|__init__|__enter__|__exit__|__init__|update|__enter__|__exit__|__init__|renderables|__rich_measure__|__rich_console__|decorator|process_renderables|__init__|__repr__|file|file|_buffer|_buffer_index|_buffer_index|_theme_stack|_detect_color_system|_enter_buffer|_exit_buffer|set_live|clear_live|push_render_hook|pop_render_hook|__enter__|__exit__|begin_capture|end_capture|push_theme|pop_theme|use_theme|color_system|encoding|is_terminal|is_dumb_terminal|options|size|size|width|width|height|height|bell|capture|pager|line|clear|status|show_cursor|set_alt_screen|is_alt_screen|set_window_title|screen|measure|render|render_lines|render_str|get_style|_collect_renderables|rule|control|out|print|print_json|update_screen|update_screen_lines|print_exception|_caller_frame_info|log|on_broken_pipe|_check_buffer|_write_buffer|_render_buffer|input|export_text|save_text|export_html|save_html|export_svg|save_svg|_replace|check_text|get_svg_style|escape_text|make_tag|align_append|stringify,E:\football_v\.venv\Lib\site-packages\pip\_vendor\rich\console.py
Control,form,strip_control_codes|escape_control_codes|__init__|bell|home|move|move_to_column|move_to|clear|show_cursor|alt_screen|title|__str__|__rich_console__|get_codes,E:\football_v\.venv\Lib\site-packages\pip\_vendor\rich\control.py
,feature|features|form,report,E:\football_v\.venv\Lib\site-packages\pip\_vendor\rich\diagnose.py
ConsoleError|StyleError|StyleSyntaxError|MissingStyle|StyleStackError|NotRenderableError|MarkupError|LiveError|NoAltScreen,form|trend,,E:\football_v\.venv\Lib\site-packages\pip\_vendor\rich\errors.py
,form|power,_to_str|pick_unit_and_suffix|decimal,E:\football_v\.venv\Lib\site-packages\pip\_vendor\rich\filesize.py
JupyterRenderable|JupyterMixin,form,_render_segments|display|print|__init__|_repr_mimebundle_|_repr_mimebundle_|escape,E:\football_v\.venv\Lib\site-packages\pip\_vendor\rich\jupyter.py
LayoutRender|LayoutError|NoSplitter|_Placeholder|Splitter|RowSplitter|ColumnSplitter|Layout,trend,__init__|__rich_console__|get_tree_icon|divide|get_tree_icon|divide|get_tree_icon|divide|__init__|__rich_repr__|renderable|children|map|get|__getitem__|tree|split|add_split|split_row|split_column|unsplit|update|refresh_screen|_make_region_map|render|__rich_console__|summary|recurse,E:\football_v\.venv\Lib\site-packages\pip\_vendor\rich\layout.py
_RefreshThread|Live,previous|rest,__init__|stop|run|__init__|is_started|get_renderable|start|stop|__enter__|__exit__|_enable_redirect_io|_disable_redirect_io|renderable|update|refresh|process_renderables,E:\football_v\.venv\Lib\site-packages\pip\_vendor\rich\live.py
LiveRender,previous|rest,__init__|set_renderable|position_cursor|restore_cursor|__rich_console__,E:\football_v\.venv\Lib\site-packages\pip\_vendor\rich\live_render.py
RichHandler,form,__init__|get_level_text|emit|render_message|render|divide,E:\football_v\.venv\Lib\site-packages\pip\_vendor\rich\logging.py
Tag,rest,escape|_parse|render|__str__|markup|escape_backslashes|pop_style,E:\football_v\.venv\Lib\site-packages\pip\_vendor\rich\markup.py
Measurement,trend,measure_renderables|span|normalize|with_maximum|with_minimum|clamp|get,E:\football_v\.venv\Lib\site-packages\pip\_vendor\rich\measure.py
Pretty|Node|_Line|BrokenRepr|StockKeepingUnit|Thing|RichFormatter,form,_is_attr_object|_get_attr_fields|_is_dataclass_repr|_has_default_namedtuple_repr|_ipy_display_hook|_safe_isinstance|install|_get_braces_for_defaultdict|_get_braces_for_deque|_get_braces_for_array|is_expandable|_is_namedtuple|traverse|pretty_repr|pprint|display_hook|__init__|__rich_console__|__rich_measure__|iter_tokens|check_length|__str__|render|expandable|check_length|expand|__str__|to_repr|_traverse|iter_rich_args|__repr__|__repr__|__call__|iter_attrs,E:\football_v\.venv\Lib\site-packages\pip\_vendor\rich\pretty.py
_TrackThread|_Reader|_ReadContext|ProgressColumn|RenderableColumn|SpinnerColumn|TextColumn|BarColumn|TimeElapsedColumn|TaskProgressColumn|TimeRemainingColumn|FileSizeColumn|TotalFileSizeColumn|MofNCompleteColumn|DownloadColumn|TransferSpeedColumn|ProgressSample|Task|Progress,form|power|previous|rating,track|wrap_file|open|open|open|__init__|run|__enter__|__exit__|__init__|__enter__|__exit__|__iter__|__next__|closed|fileno|isatty|mode|name|readable|seekable|writable|read|readinto|readline|readlines|close|seek|tell|write|writelines|__init__|__enter__|__exit__|__init__|get_table_column|__call__|render|__init__|render|__init__|set_spinner|render|__init__|render|__init__|render|render|__init__|render_speed|render|__init__|render|render|render|__init__|render|__init__|render|render|get_time|started|remaining|elapsed|finished|percentage|speed|time_remaining|_reset|__init__|get_default_columns|console|tasks|task_ids|finished|start|stop|__enter__|__exit__|track|wrap_file|open|open|open|start_task|stop_task|update|reset|advance|refresh|get_renderable|get_renderables|make_tasks_table|__rich__|add_task|remove_task,E:\football_v\.venv\Lib\site-packages\pip\_vendor\rich\progress.py
ControlType|Segment|Segments|SegmentLines,form|rating,cell_length|__rich_repr__|__bool__|is_control|_split_cells|split_cells|line|apply_style|filter_control|split_lines|split_and_crop_lines|adjust_line_length|get_line_length|get_shape|set_shape|align_top|align_bottom|align_middle|simplify|strip_links|strip_styles|remove_color|divide|__init__|__rich_console__|__init__|__rich_console__,E:\football_v\.venv\Lib\site-packages\pip\_vendor\rich\segment.py
_Bit|Style|StyleStack,form,__init__|__get__|__init__|null|from_color|from_meta|on|link_id|__str__|__bool__|_make_ansi_codes|normalize|pick_first|__rich_repr__|__eq__|__ne__|__hash__|color|bgcolor|link|transparent_background|background_style|meta|without_color|parse|get_html_style|combine|chain|copy|clear_meta_and_links|update_link|render|test|_add|__add__|__init__|__repr__|current|push|pop|_make_color,E:\football_v\.venv\Lib\site-packages\pip\_vendor\rich\style.py
SyntaxTheme|PygmentsSyntaxTheme|ANSISyntaxTheme|_SyntaxHighlightRange|Syntax,form,_get_code_index_for_syntax_position|get_style_for_token|get_background_style|__init__|get_style_for_token|get_background_style|__init__|get_style_for_token|get_background_style|get_theme|__init__|from_path|guess_lexer|_get_base_style|_get_token_color|lexer|default_lexer|highlight|stylize_range|_get_line_numbers_color|_numbers_column_width|_get_number_styles|__rich_measure__|__rich_console__|_get_syntax|_apply_stylized_ranges|_process_code|line_tokenize|tokens_to_spans,E:\football_v\.venv\Lib\site-packages\pip\_vendor\rich\syntax.py
Column|Row|_Cell|Table,form|trend,copy|cells|flexible|__init__|grid|expand|expand|_extra_width|row_count|get_row_style|__rich_measure__|padding|padding|add_column|add_row|add_section|__rich_console__|_calculate_column_widths|_collapse_widths|_get_cells|_get_padding_width|_measure_column|_render|add_cell|render_annotation|get_padding|header|align_cell,E:\football_v\.venv\Lib\site-packages\pip\_vendor\rich\table.py
Span|Text,form,__repr__|__bool__|split|move|right_crop|extend|__init__|__len__|__bool__|__str__|__repr__|__add__|__eq__|__contains__|__getitem__|cell_len|markup|from_markup|from_ansi|styled|assemble|plain|plain|spans|spans|blank_copy|copy|stylize|stylize_before|apply_meta|on|remove_suffix|get_style_at_offset|extend_style|highlight_regex|highlight_words|rstrip|rstrip_end|set_length|__rich_console__|__rich_measure__|render|join|expand_tabs|truncate|_trim_spans|pad|pad_left|pad_right|align|append|append_text|append_tokens|copy_styles|split|divide|right_crop|wrap|fit|detect_indentation|with_indent_guides|get_text_at|get_current_style|iter_text|flatten_spans,E:\football_v\.venv\Lib\site-packages\pip\_vendor\rich\text.py
Theme|ThemeStackError|ThemeStack,form,__init__|config|from_file|read|__init__|push_theme|pop_theme,E:\football_v\.venv\Lib\site-packages\pip\_vendor\rich\theme.py
Frame|_SyntaxError|Stack|Trace|PathHighlighter|Traceback,feature|features|form|previous|recent,install|excepthook|ipy_excepthook_closure|__init__|from_exception|extract|__rich_console__|_render_syntax_error|_guess_lexer|_render_stack|bar|foo|error|ipy_show_traceback|ipy_display_traceback|safe_str|read_code|render_locals|get_locals,E:\football_v\.venv\Lib\site-packages\pip\_vendor\rich\traceback.py
,form|rest|strength|trend,,E:\football_v\.venv\Lib\site-packages\pip\_vendor\rich\_emoji_codes.py
,rest,_emoji_replace|do_replace,E:\football_v\.venv\Lib\site-packages\pip\_vendor\rich\_emoji_replace.py
,form|transform,,E:\football_v\.venv\Lib\site-packages\pip\_vendor\rich\_export_format.py
Inspect,form,_first_paragraph|get_object_types_mro|get_object_types_mro_as_strings|is_object_one_of_types|__init__|_make_title|__rich__|_get_signature|_render|_get_formatted_doc|sort_items|safe_getattr,E:\football_v\.venv\Lib\site-packages\pip\_vendor\rich\_inspect.py
LogRender,form,__init__|__call__,E:\football_v\.venv\Lib\site-packages\pip\_vendor\rich\_log_render.py
,previous,loop_first|loop_last|loop_first_last,E:\football_v\.venv\Lib\site-packages\pip\_vendor\rich\_loop.py
,fitness|rest,,E:\football_v\.venv\Lib\site-packages\pip\_vendor\rich\_spinners.py
LegacyWindowsError|WindowsCoordinates|CONSOLE_SCREEN_BUFFER_INFO|CONSOLE_CURSOR_INFO|LegacyWindowsTerm,form|previous|rest,GetStdHandle|GetConsoleMode|FillConsoleOutputCharacter|FillConsoleOutputAttribute|SetConsoleTextAttribute|GetConsoleScreenBufferInfo|SetConsoleCursorPosition|GetConsoleCursorInfo|SetConsoleCursorInfo|SetConsoleTitle|from_param|__init__|cursor_position|screen_size|write_text|write_styled|move_cursor_to|erase_line|erase_end_of_line|erase_start_of_line|move_cursor_up|move_cursor_down|move_cursor_forward|move_cursor_to_column|move_cursor_backward|hide_cursor|show_cursor|set_title|_get_cursor_size,E:\football_v\.venv\Lib\site-packages\pip\_vendor\rich\_win32_console.py
WindowsConsoleFeatures,feature|features|form,get_windows_console_features|get_windows_console_features,E:\football_v\.venv\Lib\site-packages\pip\_vendor\rich\_windows.py
,feature|features|form,get_console|reconfigure|print|print_json|inspect,E:\football_v\.venv\Lib\site-packages\pip\_vendor\rich\__init__.py
ColorBox,feature|features|form|previous,make_test_card|__rich_console__|__rich_measure__|comparison,E:\football_v\.venv\Lib\site-packages\pip\_vendor\rich\__main__.py
DEPRECATED_DEFAULT|TOMLDecodeError|Flags|NestedDict|Output,form,load|loads|skip_chars|skip_until|skip_comment|skip_comments_and_array_ws|create_dict_rule|create_list_rule|key_value_rule|parse_key_value_pair|parse_key|parse_key_part|parse_one_line_basic_str|parse_array|parse_inline_table|parse_basic_str_escape|parse_basic_str_escape_multiline|parse_hex_char|parse_literal_str|parse_multiline_str|parse_basic_str|parse_value|is_unicode_scalar_value|make_safe_parse_float|__init__|__init__|add_pending|finalize_pending|unset_all|set|is_|__init__|get_or_create_nest|append_nest_to_list|safe_parse_float,E:\football_v\.venv\Lib\site-packages\pip\_vendor\tomli\_parser.py
SSLContext|TruststoreSSLObject,form|rest,inject_into_ssl|extract_from_ssl|_verify_peercerts|__class__|__init__|wrap_socket|wrap_bio|load_verify_locations|load_cert_chain|load_default_certs|set_alpn_protocols|set_npn_protocols|set_ciphers|get_ciphers|session_stats|cert_store_stats|set_default_verify_paths|get_ca_certs|get_ca_certs|get_ca_certs|get_ca_certs|check_hostname|check_hostname|hostname_checks_common_name|hostname_checks_common_name|keylog_filename|keylog_filename|maximum_version|maximum_version|minimum_version|minimum_version|options|options|post_handshake_auth|post_handshake_auth|protocol|security_level|verify_flags|verify_flags|verify_mode|verify_mode|_get_unverified_chain_bytes|_get_unverified_chain_bytes|do_handshake,E:\football_v\.venv\Lib\site-packages\pip\_vendor\truststore\_api.py
CFConst,form|rest|transform,_load_cdll|_handle_osstatus|_bytes_to_cf_data_ref|_bytes_to_cf_string|_cf_string_ref_to_str|_der_certs_to_cf_cert_array|_configure_context|_verify_peercerts_impl|_verify_peercerts_impl_macos_10_13|_verify_peercerts_impl_macos_10_14,E:\football_v\.venv\Lib\site-packages\pip\_vendor\truststore\_macos.py
,form,_configure_context|_capath_contains_certs|_verify_peercerts_impl,E:\football_v\.venv\Lib\site-packages\pip\_vendor\truststore\_openssl.py
CERT_CONTEXT|CERT_ENHKEY_USAGE|CERT_USAGE_MATCH|CERT_CHAIN_PARA|CERT_TRUST_STATUS|CERT_CHAIN_ELEMENT|CERT_SIMPLE_CHAIN|CERT_CHAIN_CONTEXT|SSL_EXTRA_CERT_CHAIN_POLICY_PARA|CERT_CHAIN_POLICY_PARA|CERT_CHAIN_POLICY_STATUS|CERT_CHAIN_ENGINE_CONFIG,form|rest,_handle_win_error|_verify_peercerts_impl|_get_and_verify_cert_chain|_verify_using_custom_ca_certs|_configure_context,E:\football_v\.venv\Lib\site-packages\pip\_vendor\truststore\_windows.py
HTTPConnection|HTTPSConnection|DummyConnection|BaseSSLError|ConnectionError|BrokenPipeError,feature|form|historical|normalization|recent,_match_hostname|_get_default_user_agent|__init__|host|host|_new_conn|_is_using_tunnel|_prepare_conn|connect|putrequest|putheader|request|request_chunked|__init__|set_cert|connect|_connect_tls_proxy,E:\football_v\.venv\Lib\site-packages\pip\_vendor\urllib3\connection.py
ConnectionPool|HTTPConnectionPool|HTTPSConnectionPool,form,connection_from_url|_normalize_host|_close_pool_connections|__init__|__str__|__enter__|__exit__|close|__init__|_new_conn|_get_conn|_put_conn|_validate_conn|_prepare_proxy|_get_timeout|_raise_timeout|_make_request|_absolute_url|close|is_same_host|urlopen|__init__|_prepare_conn|_prepare_proxy|_new_conn|_validate_conn|_is_ssl_error_message_from_http_proxy,E:\football_v\.venv\Lib\site-packages\pip\_vendor\urllib3\connectionpool.py
HTTPError|HTTPWarning|PoolError|RequestError|SSLError|ProxyError|DecodeError|ProtocolError|MaxRetryError|HostChangedError|TimeoutStateError|TimeoutError|ReadTimeoutError|ConnectTimeoutError|NewConnectionError|EmptyPoolError|ClosedPoolError|LocationValueError|LocationParseError|URLSchemeUnknown|ResponseError|SecurityWarning|SubjectAltNameWarning|InsecureRequestWarning|SystemTimeWarning|InsecurePlatformWarning|SNIMissingWarning|DependencyWarning|ResponseNotChunked|BodyNotHttplibCompatible|IncompleteRead|InvalidChunkLength|InvalidHeader|ProxySchemeUnknown|ProxySchemeUnsupported|HeaderParsingError|UnrewindableBodyError,form,__init__|__reduce__|__init__|__reduce__|__init__|__init__|__init__|__init__|__init__|__init__|__repr__|__init__|__repr__|__init__|__init__,E:\football_v\.venv\Lib\site-packages\pip\_vendor\urllib3\exceptions.py
RequestField,form,guess_content_type|format_header_param_rfc2231|_replace_multiple|format_header_param_html5|replacer|__init__|from_tuples|_render_part|_render_parts|render_headers|make_multipart,E:\football_v\.venv\Lib\site-packages\pip\_vendor\urllib3\fields.py
,form,choose_boundary|iter_field_objects|iter_fields|encode_multipart_formdata,E:\football_v\.venv\Lib\site-packages\pip\_vendor\urllib3\filepost.py
PoolManager|ProxyManager,form|historical|recent|transform,_default_key_normalizer|proxy_from_url|__init__|__enter__|__exit__|_new_pool|clear|connection_from_host|connection_from_context|connection_from_pool_key|connection_from_url|_merge_pool_kwargs|_proxy_requires_url_absolute_form|_validate_proxy_scheme_url_selection|urlopen|__init__|connection_from_host|_set_proxy_headers|urlopen,E:\football_v\.venv\Lib\site-packages\pip\_vendor\urllib3\poolmanager.py
RequestMethods|RequestModule,form,__init__|urlopen|request|request_encode_url|request_encode_body|__call__,E:\football_v\.venv\Lib\site-packages\pip\_vendor\urllib3\request.py
DeflateDecoder|GzipDecoderState|GzipDecoder|MultiDecoder|HTTPResponse|BrotliDecoder,form|history|previous,_get_decoder|__init__|__getattr__|decompress|__init__|__getattr__|decompress|__init__|flush|decompress|__init__|get_redirect_location|release_conn|drain_conn|data|connection|isclosed|tell|_init_length|_init_decoder|_decode|_flush_decoder|_error_catcher|_fp_read|read|stream|from_httplib|getheaders|getheader|info|close|closed|fileno|flush|readable|readinto|supports_chunked_reads|_update_chunk_length|_handle_chunk|read_chunked|geturl|__iter__|__init__|flush,E:\football_v\.venv\Lib\site-packages\pip\_vendor\urllib3\response.py
RecentlyUsedContainer|HTTPHeaderDict|RLock,form|previous|recent,__init__|__getitem__|__setitem__|__delitem__|__len__|__iter__|clear|keys|__init__|__setitem__|__getitem__|__delitem__|__contains__|__eq__|__ne__|__len__|__iter__|pop|discard|add|extend|getlist|_prepare_for_method_change|__repr__|_copy_from|copy|iteritems|itermerged|items|from_httplib|__enter__|__exit__,E:\football_v\.venv\Lib\site-packages\pip\_vendor\urllib3\_collections.py
,form,add_stderr_logger|disable_warnings,E:\football_v\.venv\Lib\site-packages\pip\_vendor\urllib3\__init__.py
AppEnginePlatformWarning|AppEnginePlatformError|AppEngineManager,form|rest,__init__|__enter__|__exit__|urlopen|_urlfetch_response_to_http_response|_get_absolute_timeout|_get_retries,E:\football_v\.venv\Lib\site-packages\pip\_vendor\urllib3\contrib\appengine.py
NTLMConnectionPool,form,__init__|_new_conn|urlopen,E:\football_v\.venv\Lib\site-packages\pip\_vendor\urllib3\contrib\ntlmpool.py
WrappedSocket|PyOpenSSLContext|UnsupportedExtension,encoder|form|rating,inject_into_urllib3|extract_from_urllib3|_validate_dependencies_met|_dnsname_to_stdlib|get_subj_alt_name|_verify_callback|idna_encode|__init__|fileno|_decref_socketios|recv|recv_into|settimeout|_send_until_done|sendall|shutdown|close|getpeercert|version|_reuse|_drop|makefile|__init__|options|options|verify_mode|verify_mode|set_default_verify_paths|set_ciphers|load_verify_locations|load_cert_chain|set_alpn_protocols|wrap_socket,E:\football_v\.venv\Lib\site-packages\pip\_vendor\urllib3\contrib\pyopenssl.py
WrappedSocket|SecureTransportContext,feature|fitness|form|previous|rating|rest,inject_into_urllib3|extract_from_urllib3|_read_callback|_write_callback|__init__|_raise_on_error|_set_ciphers|_set_alpn_protocols|_custom_validate|_evaluate_trust|handshake|fileno|_decref_socketios|recv|recv_into|settimeout|gettimeout|send|sendall|shutdown|close|getpeercert|version|_reuse|_drop|makefile|makefile|__init__|check_hostname|check_hostname|options|options|verify_mode|verify_mode|set_default_verify_paths|load_default_certs|set_ciphers|load_verify_locations|load_cert_chain|set_alpn_protocols|wrap_socket,E:\football_v\.venv\Lib\site-packages\pip\_vendor\urllib3\contrib\securetransport.py
SOCKSConnection|SOCKSHTTPSConnection|SOCKSHTTPConnectionPool|SOCKSHTTPSConnectionPool|SOCKSProxyManager,feature|features|form,__init__|_new_conn|__init__,E:\football_v\.venv\Lib\site-packages\pip\_vendor\urllib3\contrib\socks.py
,rest,is_appengine|is_appengine_sandbox|is_local_appengine|is_prod_appengine|is_prod_appengine_mvms,E:\football_v\.venv\Lib\site-packages\pip\_vendor\urllib3\contrib\_appengine_environ.py
CFConst|SecurityConst,fitness|form|rest,load_cdll,E:\football_v\.venv\Lib\site-packages\pip\_vendor\urllib3\contrib\_securetransport\bindings.py
,form,_cf_data_from_bytes|_cf_dictionary_from_tuples|_cfstr|_create_cfstring_array|_cf_string_to_unicode|_assert_no_error|_cert_array_from_pem|_is_cert|_is_identity|_temporary_keychain|_load_items_from_file|_load_client_cert_chain|_build_tls_unknown_ca_alert,E:\football_v\.venv\Lib\site-packages\pip\_vendor\urllib3\contrib\_securetransport\low_level.py
_LazyDescr|MovedModule|_LazyModule|MovedAttribute|_SixMetaPathImporter|_MovedItems|Module_six_moves_urllib_parse|Module_six_moves_urllib_error|Module_six_moves_urllib_request|Module_six_moves_urllib_response|Module_six_moves_urllib_robotparser|Module_six_moves_urllib|Iterator|metaclass|X,fitness|form|rest,_add_doc|_import_module|add_move|remove_move|assertCountEqual|assertRaisesRegex|assertRegex|assertNotRegex|with_metaclass|add_metaclass|ensure_binary|ensure_str|ensure_text|python_2_unicode_compatible|__init__|__get__|__init__|_resolve|__getattr__|__init__|__dir__|__init__|_resolve|__init__|_add_module|_get_module|find_module|find_spec|__get_module|load_module|is_package|get_code|create_module|exec_module|__dir__|get_unbound_function|create_unbound_method|get_unbound_function|create_bound_method|create_unbound_method|iterkeys|itervalues|iteritems|iterlists|iterkeys|itervalues|iteritems|iterlists|b|u|b|u|byte2int|indexbytes|reraise|exec_|raise_from|print_|print_|_update_wrapper|wraps|wrapper|advance_iterator|callable|next|write|__new__|__prepare__|__len__,E:\football_v\.venv\Lib\site-packages\pip\_vendor\urllib3\packages\six.py
,form,is_connection_dropped|create_connection|_set_socket_options|allowed_gai_family|_has_ipv6,E:\football_v\.venv\Lib\site-packages\pip\_vendor\urllib3\util\connection.py
,rating,make_headers|set_file_position|rewind_body,E:\football_v\.venv\Lib\site-packages\pip\_vendor\urllib3\util\request.py
,form|rest,is_fp_closed|assert_header_parsing|is_response_to_head,E:\football_v\.venv\Lib\site-packages\pip\_vendor\urllib3\util\response.py
_RetryMeta|Retry,form|history|previous,DEFAULT_METHOD_WHITELIST|DEFAULT_METHOD_WHITELIST|DEFAULT_REDIRECT_HEADERS_BLACKLIST|DEFAULT_REDIRECT_HEADERS_BLACKLIST|BACKOFF_MAX|BACKOFF_MAX|__init__|new|from_int|get_backoff_time|parse_retry_after|get_retry_after|sleep_for_retry|_sleep_backoff|sleep|_is_connection_error|_is_read_error|_is_method_retryable|is_retry|is_exhausted|increment|__repr__|__getattr__,E:\football_v\.venv\Lib\site-packages\pip\_vendor\urllib3\util\retry.py
SSLTransport,form,_validate_ssl_context_for_tls_in_tls|__init__|__enter__|__exit__|fileno|read|recv|recv_into|sendall|send|makefile|unwrap|close|getpeercert|version|cipher|selected_alpn_protocol|selected_npn_protocol|shared_ciphers|compression|settimeout|gettimeout|_decref_socketios|_wrap_ssl_read|_ssl_io_loop,E:\football_v\.venv\Lib\site-packages\pip\_vendor\urllib3\util\ssltransport.py
SSLContext,feature|features|form|rest,_const_compare_digest_backport|assert_fingerprint|resolve_cert_reqs|resolve_ssl_version|create_urllib3_context|ssl_wrap_socket|is_ipaddress|_is_key_file_encrypted|_ssl_wrap_socket_impl|disable_check_hostname|__init__|load_cert_chain|load_verify_locations|set_ciphers|wrap_socket,E:\football_v\.venv\Lib\site-packages\pip\_vendor\urllib3\util\ssl_.py
CertificateError,form,_dnsname_match|_to_unicode|_ipaddress_match|match_hostname,E:\football_v\.venv\Lib\site-packages\pip\_vendor\urllib3\util\ssl_match_hostname.py
Url,form,split_first|_encode_invalid_chars|_remove_path_dot_segments|_normalize_host|_idna_encode|_encode_target|parse_url|get_host|__new__|hostname|request_uri|netloc|url|__str__|ensure_type,E:\football_v\.venv\Lib\site-packages\pip\_vendor\urllib3\util\url.py
NoWayToWaitForSocketError,form,select_wait_for_socket|poll_wait_for_socket|null_wait_for_socket|_have_working_poll|wait_for_socket|wait_for_read|wait_for_write|_retry_on_intr|_retry_on_intr|do_poll,E:\football_v\.venv\Lib\site-packages\pip\_vendor\urllib3\util\wait.py
FootballFormatter,form,__init__,E:\football_v\00_System_OS\01_DATA_LAYER\core\logger\formatter.py
,form,create_file_handler|create_console_handler,E:\football_v\00_System_OS\01_DATA_LAYER\core\logger\handlers.py
,form,save_odds,E:\football_v\00_System_OS\01_DATA_LAYER\market\odds_manager.py
,form,calculate_level|save_quality_score|save_alert|evaluate_data,E:\football_v\00_System_OS\01_DATA_LAYER\quality\quality_engine.py
,form,add_lineage,E:\football_v\00_System_OS\01_DATA_LAYER\registry\data_lineage.py
,form|history,record_import,E:\football_v\00_System_OS\01_DATA_LAYER\registry\import_tracker.py
,form,create_data_id|register_data,E:\football_v\00_System_OS\01_DATA_LAYER\registry\registry_manager.py
,form,init_quality_rules,E:\football_v\00_System_OS\01_DATA_LAYER\scripts\quality_rule_init.py
,history,init_registry_tables,E:\football_v\00_System_OS\01_DATA_LAYER\scripts\registry_init.py
,history|schedule,run_test,E:\football_v\00_System_OS\01_DATA_LAYER\scripts\test_scheduler_reliability.py
,history,run_test,E:\football_v\00_System_OS\01_DATA_LAYER\scripts\test_task_history.py
,history|schedule,run_test,E:\football_v\00_System_OS\01_DATA_LAYER\scripts\test_task_reliability_full.py
,form,require_manual,E:\football_v\00_System_OS\01_DATA_LAYER\task_queue\manual_task.py
,form|history,get_retry_policy|get_task_info|update_task_status|retry_task,E:\football_v\00_System_OS\01_DATA_LAYER\task_queue\retry_engine.py
,form,add_retry_record|get_retry_records|get_failed_retry_count,E:\football_v\00_System_OS\01_DATA_LAYER\task_queue\retry_logger.py
,form|history|schedule,get_pending_tasks|start_task|finish_task|process_queue,E:\football_v\00_System_OS\01_DATA_LAYER\task_queue\scheduler.py
,form|history,add_history|get_history|get_all_history,E:\football_v\00_System_OS\01_DATA_LAYER\task_queue\task_history.py
,form|history,generate_task_id|create_task|get_task|update_task_error,E:\football_v\00_System_OS\01_DATA_LAYER\task_queue\task_manager.py
,feature,classify,E:\football_v\00_System_OS\ARCHITECTURE_CLEANUP\architecture_classifier\architecture_classifier_V1.0.py
,form|schedule,load_config|write_log|run,E:\football_v\00_System_OS\Automation\scheduler\scheduler_manager.py
,form|recovery,check_environment|build_structure|initialize_modules|generate_report|main,E:\football_v\00_System_OS\Bootstrap\bootstrap.py
,form|recovery|schedule,generate,E:\football_v\00_System_OS\Bootstrap\config_generator.py
,form|recovery,write_log|run,E:\football_v\00_System_OS\Bootstrap\deploy_system.py
,form|recovery,create_structure,E:\football_v\00_System_OS\Bootstrap\setup_system.py
,form|power|recovery|schedule,check_python|check_path|check_scheduler|run_check,E:\football_v\00_System_OS\Bootstrap\system_check.py
,form,load_index|save_index|create_archive_record|archive_test_file,E:\football_v\00_System_OS\File_Manager\archive\archive_manager.py
,form|history,load_json|save_json|get_target_folder|run,E:\football_v\00_System_OS\File_Manager\archive\archive_manager_v11.py
,form,load_json|save_json|compare_assets|run,E:\football_v\00_System_OS\File_Manager\duplicate\duplicate_detector_v11.py
,form|history,load_json|save_json|process_asset|run,E:\football_v\00_System_OS\File_Manager\lifecycle\lifecycle_engine.py
,form|historical,load_registry|update_lifecycle|save_report,E:\football_v\00_System_OS\File_Manager\lifecycle\lifecycle_manager.py
,form,load_registry|upgrade_asset|upgrade,E:\football_v\00_System_OS\File_Manager\registry\file_registry_v11.py
,form,calculate_hash|classify_file|scan_files|save_results,E:\football_v\00_System_OS\File_Manager\scanner\file_scanner.py
,form,load_json|save_json|create_version|run,E:\football_v\00_System_OS\File_Manager\version\version_manager.py
,form|history|schedule,load_json|save_json|check_system,E:\football_v\00_System_OS\Monitor\monitor_service.py
,form|recovery|rest,load_json|save_json|main,E:\football_v\00_System_OS\Recovery\recovery_controller.py
,form|history|recovery,load_json|save_json|recovery_check,E:\football_v\00_System_OS\Recovery\recovery_service.py
,form|recovery,save|load|register,E:\football_v\00_System_OS\registry\registry_manager.py
,form,load|save|scan,E:\football_v\00_System_OS\registry\registry_scanner.py
,form,create_directory|create_file|save_report|main,E:\football_v\00_System_OS\scripts\framework_initializer.py
,feature|feature_store|history,ensure|archive_old_fusion|create_api|create_tests|create_config|create_report|create_checkpoint,E:\football_v\00_SYSTEM_TOOLS\deploy_execution_engine_stabilization_V1.0.py
,form|history,write_file|main,E:\football_v\00_SYSTEM_TOOLS\deploy_scripts\deploy_phase3_2_memory_bridge.py
,history,create,E:\football_v\00_SYSTEM_TOOLS\deploy_scripts\deploy_v15_phase1.py
,feature|features|history|trend,create_dir|write_file|write_json|deploy,E:\football_v\00_SYSTEM_TOOLS\Module_Deployment_Tool\modules\deploy_ai_autonomous_engine_HIL_V1.0_V1.4.py
,history|previous,create_folder|create_file|create_json|deploy_start|create_auto_upgrade_manager|create_optimization_history|create_rollback_manager|create_release_validator|create_evolution_memory|create_upgrade_history_repository|create_model_change_tracker|create_knowledge_snapshot|create_upgrade_config|create_autonomous_test|create_checkpoint|deploy,E:\football_v\00_SYSTEM_TOOLS\Module_Deployment_Tool\modules\deploy_ai_autonomous_engine_HIL_V1.3_V1.4.py
,form|history,create_folder|create_file|create_json|deploy_start|create_adaptive_parameter_learning|create_parameter_effect_analyzer|create_dynamic_weight_adjuster|create_learning_cycle_manager|create_evolution_controller|create_upgrade_policy_manager|create_risk_gate|create_human_dashboard_api|create_evolution_upgrade_config|create_evolution_full_test|create_v16_checkpoint|deploy,E:\football_v\00_SYSTEM_TOOLS\Module_Deployment_Tool\modules\deploy_ai_autonomous_engine_HIL_V1.5_V1.6.py
,form|history,create_folder|create_file|create_json|deploy_start|create_multi_cycle_learning_engine|create_weekly_evolution_analyzer|create_monthly_performance_analyzer|create_learning_effect_tracker|create_evolution_intelligence_engine|create_strategy_evolution_manager|create_knowledge_graph_builder|create_evolution_report_generator|create_evolution_intelligence_config|create_v18_full_test|create_v18_checkpoint|deploy,E:\football_v\00_SYSTEM_TOOLS\Module_Deployment_Tool\modules\deploy_ai_autonomous_engine_HIL_V1.7_V1.8.py
,history,create_evolution_governance_manager|create_model_evolution_audit|create_change_approval_center|create_evolution_compliance_checker|create_ai_evolution_supervisor|create_system_evolution_dashboard|create_evolution_strategy_optimizer|create_evolution_supervisor_config|create_v20_full_test|create_evolution_supervisor_report|create_v20_checkpoint|deploy,E:\football_v\00_SYSTEM_TOOLS\Module_Deployment_Tool\modules\deploy_ai_autonomous_engine_HIL_V1.9_V2.0.py
,feature|history,create_folder|create_file|create_json|deploy_start|create_v21_modules|create_v22_modules|create_v21_v22_config|create_batch_test|create_report|create_checkpoint|deploy,E:\football_v\00_SYSTEM_TOOLS\Module_Deployment_Tool\modules\deploy_ai_autonomous_engine_HIL_V2.1_V2.2_BATCH.py
,recovery|rest,create_folder|create_file|create_json|deploy_start|create_v23_modules|create_v24_modules|create_config|create_report|create_checkpoint|create_test|deploy,E:\football_v\00_SYSTEM_TOOLS\Module_Deployment_Tool\modules\deploy_ai_autonomous_engine_HIL_V2.3_V2.4_BATCH.py
,rank,create_folder|create_file|create_json|deploy_start|create_v25_modules|create_v26_modules|create_config|create_report|create_checkpoint|create_test|deploy,E:\football_v\00_SYSTEM_TOOLS\Module_Deployment_Tool\modules\deploy_ai_autonomous_engine_HIL_V2.5_V2.6_BATCH.py
,feature|features|historical,ensure_dir|write_file|write_json|deploy_start|deploy_v27|deploy_v28|deploy_human_approval_gate|create_configs|create_test_file|create_checkpoint|create_report|run_test|show_tree|deploy,E:\football_v\00_SYSTEM_TOOLS\Module_Deployment_Tool\modules\deploy_ai_autonomous_engine_HIL_V2.7_V2.8_BATCH.py
,strength,ensure_dir|write_file|write_json|self_validation|deploy_start|deploy_v29|deploy_v30|create_configs|create_test|compile_check|create_checkpoint|create_report|run_test|show_tree|human_gate|deploy,E:\football_v\00_SYSTEM_TOOLS\Module_Deployment_Tool\modules\deploy_ai_autonomous_engine_HIL_V2.9_V3.0_BATCH.py
,form|transform,add_test,E:\football_v\00_SYSTEM_TOOLS\Module_Deployment_Tool\modules\deploy_ai_intelligence_layer_test_V1.0.py
,feature|schedule,,E:\football_v\00_SYSTEM_TOOLS\Module_Deployment_Tool\modules\deploy_ai_orchestration_layer_batch_V1.0.py
,feature|schedule,create_dir|write_file|write_json|deploy,E:\football_v\00_SYSTEM_TOOLS\Module_Deployment_Tool\modules\deploy_ai_orchestration_layer_V1.0_V1.3.py
,feature|features|form|historical|schedule,create_dir|write_file|write_json|deploy,E:\football_v\00_SYSTEM_TOOLS\Module_Deployment_Tool\modules\deploy_backtest_system_V1.0_V1.3.py
,feature|form|transform,,E:\football_v\00_SYSTEM_TOOLS\Module_Deployment_Tool\modules\deploy_data_intelligence_checkpoint_V1.0.py
,feature|features|strength,,E:\football_v\00_SYSTEM_TOOLS\Module_Deployment_Tool\modules\deploy_data_intelligence_engine_V1.0.py
,form|recent|strength,add_test,E:\football_v\00_SYSTEM_TOOLS\Module_Deployment_Tool\modules\deploy_data_intelligence_test_V1.0.py
,feature|features,create_dir|write_file|write_json|deploy,E:\football_v\00_SYSTEM_TOOLS\Module_Deployment_Tool\modules\deploy_decision_engine_V1.0_V1.3.py
,feature,,E:\football_v\00_SYSTEM_TOOLS\Module_Deployment_Tool\modules\deploy_dynamic_feature_weight_checkpoint_V1.0.py
,feature,,E:\football_v\00_SYSTEM_TOOLS\Module_Deployment_Tool\modules\deploy_dynamic_feature_weight_engine_V1.0.py
,feature|form|transform,add,E:\football_v\00_SYSTEM_TOOLS\Module_Deployment_Tool\modules\deploy_dynamic_feature_weight_test_V1.0.py
,feature|feature_store|features|form|strength|transform,,E:\football_v\00_SYSTEM_TOOLS\Module_Deployment_Tool\modules\deploy_feature_store_adapter_V1.0.py
,feature|feature_store|features|form|recent|rest|strength,,E:\football_v\00_SYSTEM_TOOLS\Module_Deployment_Tool\modules\deploy_feature_store_core_V1.0.py
,feature|feature_store|features|form|recent|rest|strength,create_dir|write_file|write_json|deploy,E:\football_v\00_SYSTEM_TOOLS\Module_Deployment_Tool\modules\deploy_feature_store_V1.0.py
,feature|feature_store,create_dir|write_file|write_json|deploy,E:\football_v\00_SYSTEM_TOOLS\Module_Deployment_Tool\modules\deploy_feature_store_V1.1.py
,feature|feature_store,create_dir|write_file|write_json|deploy,E:\football_v\00_SYSTEM_TOOLS\Module_Deployment_Tool\modules\deploy_feature_store_V1.2.py
,feature|feature_store|recent,create_dir|write_file|write_json|deploy,E:\football_v\00_SYSTEM_TOOLS\Module_Deployment_Tool\modules\deploy_feature_store_V1.3.py
,feature|feature_store,create_dir|write_file|write_json|deploy,E:\football_v\00_SYSTEM_TOOLS\Module_Deployment_Tool\modules\deploy_feature_store_V1.4.py
,feature|feature_store|features,create_dir|write_file|write_json|deploy,E:\football_v\00_SYSTEM_TOOLS\Module_Deployment_Tool\modules\deploy_feature_store_V1.5.py
,feature|feature_store|features|strength,create_dir|write_file|write_json|deploy,E:\football_v\00_SYSTEM_TOOLS\Module_Deployment_Tool\modules\deploy_feature_store_V1.6.py
,feature|feature_store,create_dir|write_file|write_json|deploy,E:\football_v\00_SYSTEM_TOOLS\Module_Deployment_Tool\modules\deploy_feature_store_V1.7.py
,feature|feature_store|features,create_dir|write_file|write_json|deploy,E:\football_v\00_SYSTEM_TOOLS\Module_Deployment_Tool\modules\deploy_feature_store_V1.8.py
,feature|feature_engine|feature_store|features|form|historical|history|previous|team_form,create_dir|write_file|write_json|deploy,E:\football_v\00_SYSTEM_TOOLS\Module_Deployment_Tool\modules\deploy_feature_store_V1.9.py
,feature|feature_store|features|form|historical|history|team_form,create_dir|write_file|write_json|deploy,E:\football_v\00_SYSTEM_TOOLS\Module_Deployment_Tool\modules\deploy_feature_store_V2.0.py
,feature|feature_store|form|historical|history|team_form,create_dir|write_file|write_json|deploy,E:\football_v\00_SYSTEM_TOOLS\Module_Deployment_Tool\modules\deploy_feature_store_V2.1.py
,feature|feature_store|historical,create_dir|write_file|write_json|deploy,E:\football_v\00_SYSTEM_TOOLS\Module_Deployment_Tool\modules\deploy_feature_store_V2.2.py
,feature|feature_store|schedule,create_dir|write_file|write_json|deploy,E:\football_v\00_SYSTEM_TOOLS\Module_Deployment_Tool\modules\deploy_feature_store_V2.3.py
,feature|feature_store|features|form|historical,create_dir|write_file|write_json|deploy,E:\football_v\00_SYSTEM_TOOLS\Module_Deployment_Tool\modules\deploy_feature_store_V2.4_V2.6.py
,feature|feature_store|features|history|rest,create_dir|write_file|write_json|deploy,E:\football_v\00_SYSTEM_TOOLS\Module_Deployment_Tool\modules\deploy_feature_store_V2.7_V3.0.py
,feature|feature_store|features|rest,create_dir|write_file|write_json|deploy,E:\football_v\00_SYSTEM_TOOLS\Module_Deployment_Tool\modules\deploy_model_layer_V1.0_V1.3.py
,form,add_test|load_module,E:\football_v\00_SYSTEM_TOOLS\Module_Deployment_Tool\modules\deploy_module_deployment_tool_test_V1.1.py
,feature|features|rank|ranking,create_dir|write_file|write_json|deploy,E:\football_v\00_SYSTEM_TOOLS\Module_Deployment_Tool\modules\deploy_prediction_engine_V1.0_V1.3.py
,history,check_files|generate_report,E:\football_v\01_Data_Source\acceptance\acceptance_check.py
DataDownloader,history,__init__|load_history|calculate_hash|scan_files|record|save,E:\football_v\01_Data_Source\download\data_downloader.py
,form,scan_raw|load_report,E:\football_v\02_Data_Platform\data_loader\data_loader.py
LoaderEngine,form,__init__|scan|report,E:\football_v\02_Data_Platform\data_loader\engine\loader_engine.py
DatasetRegistry,form,__init__|create|load,E:\football_v\02_Data_Platform\data_manager\dataset_registry.py
DataManager,form,__init__|status,E:\football_v\02_Data_Platform\data_manager\data_manager.py
PlatformBootstrap,form,__init__|check_file|health_check,E:\football_v\02_Data_Platform\integration\platform_bootstrap.py
MetadataManager,form,__init__|load|list_datasets|status,E:\football_v\02_Data_Platform\metadata\metadata_manager.py
DataLineage,form,__init__|create|load|register|status,E:\football_v\02_Data_Platform\metadata\lineage\data_lineage.py
DataPipeline,form,__init__|run,E:\football_v\02_Data_Platform\pipeline\data_pipeline.py
DataRegistry,form,load|save|activate,E:\football_v\02_Data_Platform\registry\data_platform_registry.py
,form,scan_folder|build_registry,E:\football_v\02_Data_Platform\storage_engine\storage_manager.py
,rating|strength,calculate_dixon_coles,E:\football_v\03_MODEL_LAYER\legacy_import\01_Data_Engine\data_engine\dixon_coles.py
,history|rating,calculate_elo,E:\football_v\03_MODEL_LAYER\legacy_import\01_Data_Engine\data_engine\elo_engine.py
,rating|strength,poisson_probability|calculate_poisson,E:\football_v\03_MODEL_LAYER\legacy_import\01_Data_Engine\data_engine\poisson_engine.py
,encoder|feature|features|form|transform,load_data|create_features|train,E:\football_v\03_MODEL_LAYER\legacy_import\03_Machine_Learning\XGBoost\xgboost_engine.py
,feature|features|rating|strength,load_data|create_features|train,E:\football_v\03_MODEL_LAYER\legacy_import\03_Machine_Learning\XGBoost\xgboost_fusion_engine.py
,fatigue|feature|features|form|rating|rest|team_form,load_data|create_features|train,E:\football_v\03_MODEL_LAYER\legacy_import\03_Machine_Learning\XGBoost\xgboost_fusion_v2_engine.py
DataIntelligenceEngine,feature|features|strength,__init__|analyze,E:\football_v\04_Data_Processing_AI\data_intelligence_engine\data_intelligence_engine.py
DataRouter,feature|features|strength,route,E:\football_v\04_Data_Processing_AI\data_intelligence_engine\data_router.py
FeatureSelector,feature|features,select,E:\football_v\04_Data_Processing_AI\data_intelligence_engine\feature_selector.py
FeatureWeightManager,feature,analyze,E:\football_v\04_Data_Processing_AI\dynamic_feature_weight_engine\feature_weight_manager.py
EloHistoryFeatureEngine,feature|history|previous,calculate,E:\football_v\04_Data_Processing_AI\feature_store\elo_history_feature_engine.py
FeatureAnomalyDetector,feature,detect,E:\football_v\04_Data_Processing_AI\feature_store\feature_anomaly_detector.py
FeatureAPIService,feature,get_feature,E:\football_v\04_Data_Processing_AI\feature_store\feature_api_service.py
FeatureAuditLogger,feature,log,E:\football_v\04_Data_Processing_AI\feature_store\feature_audit_logger.py
FeatureAutoGenerator,feature|features,generate,E:\football_v\04_Data_Processing_AI\feature_store\feature_auto_generator.py
FeatureCacheManager,feature,__init__|set|get,E:\football_v\04_Data_Processing_AI\feature_store\feature_cache_manager.py
FeatureContextBuilder,feature,build,E:\football_v\04_Data_Processing_AI\feature_store\feature_context_builder.py
FeatureCRUDService,feature,create|read|update|delete,E:\football_v\04_Data_Processing_AI\feature_store\feature_crud_service.py
FeatureDatabaseHealthCheck,feature,check,E:\football_v\04_Data_Processing_AI\feature_store\feature_database_health_check.py
FeatureDatabaseReader,feature,__init__|connect,E:\football_v\04_Data_Processing_AI\feature_store\feature_database_reader.py
FeatureDatabaseService,feature,__init__|check_database|connect,E:\football_v\04_Data_Processing_AI\feature_store\feature_database_service.py
FeatureDatabaseSession,feature,__init__|connect,E:\football_v\04_Data_Processing_AI\feature_store\feature_database_session.py
FeatureDatasetBuilder,feature,build,E:\football_v\04_Data_Processing_AI\feature_store\feature_dataset_builder.py
FeatureDatasetBuilderV2,feature,build,E:\football_v\04_Data_Processing_AI\feature_store\feature_dataset_builder_v2.py
FeatureDatasetExporter,feature,export,E:\football_v\04_Data_Processing_AI\feature_store\feature_dataset_exporter.py
FeatureDatasetGenerator,feature,generate,E:\football_v\04_Data_Processing_AI\feature_store\feature_dataset_generator.py
FeatureDatasetReporter,feature,report,E:\football_v\04_Data_Processing_AI\feature_store\feature_dataset_reporter.py
FeatureDatasetVersionManager,feature,version,E:\football_v\04_Data_Processing_AI\feature_store\feature_dataset_version_manager.py
FeatureDataIngestion,feature,ingest,E:\football_v\04_Data_Processing_AI\feature_store\feature_data_ingestion.py
FeatureDataLoader,feature,load,E:\football_v\04_Data_Processing_AI\feature_store\feature_data_loader.py
FeatureDriftDetector,feature|historical,detect,E:\football_v\04_Data_Processing_AI\feature_store\feature_drift_detector.py
FeatureGenerator,feature,generate,E:\football_v\04_Data_Processing_AI\feature_store\feature_feature_generator.py
FeatureFeedbackOptimizer,feature,optimize,E:\football_v\04_Data_Processing_AI\feature_store\feature_feedback_optimizer.py
FeatureImportanceAnalyzer,feature|features,analyze,E:\football_v\04_Data_Processing_AI\feature_store\feature_importance_analyzer.py
FeatureIngestionScheduler,feature|schedule,schedule,E:\football_v\04_Data_Processing_AI\feature_store\feature_ingestion_scheduler.py
FeatureInteractionEngine,feature|features,create_interaction,E:\football_v\04_Data_Processing_AI\feature_store\feature_interaction_engine.py
FeatureLineageTracker,feature,track,E:\football_v\04_Data_Processing_AI\feature_store\feature_lineage_tracker.py
FeatureLoader,feature,load,E:\football_v\04_Data_Processing_AI\feature_store\feature_loader.py
FeatureLoaderService,feature,load,E:\football_v\04_Data_Processing_AI\feature_store\feature_loader_service.py
FeatureMatchReader,feature,__init__|read_json,E:\football_v\04_Data_Processing_AI\feature_store\feature_match_reader.py
FeatureModelAdapter,feature|features,get_common_features|get_elo_features|get_poisson_features|get_xgb_features,E:\football_v\04_Data_Processing_AI\feature_store\feature_model_adapter.py
FeatureModelInterface,feature,prepare,E:\football_v\04_Data_Processing_AI\feature_store\feature_model_interface.py
FeatureModelRegistry,feature,list_models,E:\football_v\04_Data_Processing_AI\feature_store\feature_model_registry.py
FeatureOptimizer,feature|features,optimize,E:\football_v\04_Data_Processing_AI\feature_store\feature_optimizer.py
FeaturePatternMiner,feature|history,mine,E:\football_v\04_Data_Processing_AI\feature_store\feature_pattern_miner.py
FeaturePipeline,feature,__init__|run,E:\football_v\04_Data_Processing_AI\feature_store\feature_pipeline.py
FeaturePipelineRunner,feature,__init__|run,E:\football_v\04_Data_Processing_AI\feature_store\feature_pipeline_runner.py
FeatureQualityMonitor,feature,monitor,E:\football_v\04_Data_Processing_AI\feature_store\feature_quality_monitor.py
FeatureQualityReporter,feature,report,E:\football_v\04_Data_Processing_AI\feature_store\feature_quality_reporter.py
FeatureQualityRules,feature,get_rules,E:\football_v\04_Data_Processing_AI\feature_store\feature_quality_rules.py
FeatureQueryEngine,feature|recent,recent_matches,E:\football_v\04_Data_Processing_AI\feature_store\feature_query_engine.py
FeatureQueryService,feature|features,query_team_feature,E:\football_v\04_Data_Processing_AI\feature_store\feature_query_service.py
FeatureReductionEngine,feature|features,reduce,E:\football_v\04_Data_Processing_AI\feature_store\feature_reduction_engine.py
,feature|feature_store,,E:\football_v\04_Data_Processing_AI\feature_store\feature_registry.py
FeatureRequestRouter,feature,route,E:\football_v\04_Data_Processing_AI\feature_store\feature_request_router.py
FeatureResponseFormatter,feature|form,format,E:\football_v\04_Data_Processing_AI\feature_store\feature_response_formatter.py
FeatureSchema,feature|features,__init__|load,E:\football_v\04_Data_Processing_AI\feature_store\feature_schema.py
FeatureSelectorAI,feature|features,select,E:\football_v\04_Data_Processing_AI\feature_store\feature_selector_ai.py
FeatureService,feature|features,load_features,E:\football_v\04_Data_Processing_AI\feature_store\feature_service.py
FeatureServiceHealth,feature|features,check,E:\football_v\04_Data_Processing_AI\feature_store\feature_service_health.py
FeatureSnapshotManager,feature|features,create_snapshot,E:\football_v\04_Data_Processing_AI\feature_store\feature_snapshot_manager.py
FeatureStore,feature|feature_store|features|rest,__init__|status,E:\football_v\04_Data_Processing_AI\feature_store\feature_store.py
FeatureTableMapper,feature,__init__|convert,E:\football_v\04_Data_Processing_AI\feature_store\feature_table_mapper.py
FeatureTimeSeriesManager,feature,validate_time_order,E:\football_v\04_Data_Processing_AI\feature_store\feature_time_series_manager.py
FeatureValidationService,feature,validate,E:\football_v\04_Data_Processing_AI\feature_store\feature_validation_service.py
FeatureValidator,feature,validate,E:\football_v\04_Data_Processing_AI\feature_store\feature_validator.py
FeatureVersionManager,feature,__init__|get_version|register_feature,E:\football_v\04_Data_Processing_AI\feature_store\feature_version_manager.py
HistoricalFeatureBuilder,feature|historical,build,E:\football_v\04_Data_Processing_AI\feature_store\historical_feature_builder.py
HistoricalFeatureDatabase,feature|historical,__init__|connect,E:\football_v\04_Data_Processing_AI\feature_store\historical_feature_database.py
HistoricalFeatureRegistry,feature|features|form|historical|history|team_form,list_features,E:\football_v\04_Data_Processing_AI\feature_store\historical_feature_registry.py
HistoricalFeatureRepository,feature|historical,save_feature|load_feature,E:\football_v\04_Data_Processing_AI\feature_store\historical_feature_repository.py
HistoricalFeatureRepositoryV2,feature|historical,save|query,E:\football_v\04_Data_Processing_AI\feature_store\historical_feature_repository_v2.py
HistoricalFeatureTableCreator,feature|form|historical|history|team_form,list_tables,E:\football_v\04_Data_Processing_AI\feature_store\historical_feature_table_creator.py
HomeAwayFeatureEngine,feature|history,calculate,E:\football_v\04_Data_Processing_AI\feature_store\home_away_feature_engine.py
IntelligentFeatureStore,feature|features|rest,learn,E:\football_v\04_Data_Processing_AI\feature_store\intelligent_feature_store.py
ProductionReleaseChecker,feature,check,E:\football_v\04_Data_Processing_AI\feature_store\production_release_checker.py
TeamFormFeatureEngine,feature|form|history,calculate,E:\football_v\04_Data_Processing_AI\feature_store\team_form_feature_engine.py
TrainingDatasetBuilder,feature|features,build,E:\football_v\04_Data_Processing_AI\feature_store\training_dataset_builder.py
DixonColesAdapter,feature|features|form|transform,transform,E:\football_v\04_Data_Processing_AI\feature_store\adapters\dixon_coles_adapter.py
DixonColesFeatureAdapter,feature|features|strength,get_dixon_coles_features,E:\football_v\04_Data_Processing_AI\feature_store\adapters\dixon_coles_feature_adapter.py
EloAdapter,feature|features|form|strength|transform,transform,E:\football_v\04_Data_Processing_AI\feature_store\adapters\elo_adapter.py
EloFeatureAdapter,feature|features,get_elo_features,E:\football_v\04_Data_Processing_AI\feature_store\adapters\elo_feature_adapter.py
FusionAdapter,form|transform,transform,E:\football_v\04_Data_Processing_AI\feature_store\adapters\fusion_adapter.py
FusionFeatureAdapter,feature|features,combine,E:\football_v\04_Data_Processing_AI\feature_store\adapters\fusion_feature_adapter.py
PoissonAdapter,feature|features|form|transform,transform,E:\football_v\04_Data_Processing_AI\feature_store\adapters\poisson_adapter.py
PoissonFeatureAdapter,feature|features,get_poisson_features,E:\football_v\04_Data_Processing_AI\feature_store\adapters\poisson_feature_adapter.py
XGBoostAdapter,feature|features|form|transform,transform,E:\football_v\04_Data_Processing_AI\feature_store\adapters\xgboost_adapter.py
XGBoostFeatureAdapter,feature|features,get_xgb_features,E:\football_v\04_Data_Processing_AI\feature_store\adapters\xgboost_feature_adapter.py
,feature,test,E:\football_v\04_Data_Processing_AI\feature_store\tests\ai_feature_dataset_test.py
,feature,test,E:\football_v\04_Data_Processing_AI\feature_store\tests\environment_flow_test.py
,feature|historical,test,E:\football_v\04_Data_Processing_AI\feature_store\tests\feature_database_health_test.py
,feature,test,E:\football_v\04_Data_Processing_AI\feature_store\tests\feature_database_integration_test.py
,feature,test,E:\football_v\04_Data_Processing_AI\feature_store\tests\feature_dataset_generation_test.py
,feature|schedule,test,E:\football_v\04_Data_Processing_AI\feature_store\tests\feature_ingestion_test.py
,feature,test,E:\football_v\04_Data_Processing_AI\feature_store\tests\feature_store_data_test.py
,feature,test,E:\football_v\04_Data_Processing_AI\feature_store\tests\feature_store_pipeline_test.py
,feature|feature_store,test,E:\football_v\04_Data_Processing_AI\feature_store\tests\feature_store_test.py
,feature|form,test,E:\football_v\04_Data_Processing_AI\feature_store\tests\feature_store_v2.6_full_test.py
,feature|feature_store,,E:\football_v\04_Data_Processing_AI\feature_store\tests\feature_store_v3.0_full_test.py
,feature|historical,test,E:\football_v\04_Data_Processing_AI\feature_store\tests\historical_feature_database_test.py
,feature|feature_engine|form|historical|history|team_form,test,E:\football_v\04_Data_Processing_AI\feature_store\tests\historical_feature_store_test.py
,feature,test,E:\football_v\04_Data_Processing_AI\feature_store\tests\model_feature_adapter_test.py
,feature|historical,test,E:\football_v\04_Data_Processing_AI\feature_store\tests\postgres_runtime_test.py
,feature,test,E:\football_v\04_Data_Processing_AI\feature_store\tests\training_dataset_pipeline_test.py
FeatureStoreConnector,feature|features|rest,get_features,E:\football_v\05_MODEL_AI\MODEL_LAYER\feature_store_connector.py
BaseModelInterface,feature|features,train|predict|evaluate|save|load,E:\football_v\05_MODEL_AI\MODEL_LAYER\model_interface.py
DixonColesModel,feature|features,__init__|train|predict,E:\football_v\05_MODEL_AI\MODEL_LAYER\models\dixon_coles_model.py
EloModel,feature|features|history|rating,__init__|_resolve_db_path|_ensure_tables|_persist_results|train|predict|evaluate|save|load,E:\football_v\05_MODEL_AI\MODEL_LAYER\models\elo_model.py
PoissonModel,feature|features,__init__|train|predict,E:\football_v\05_MODEL_AI\MODEL_LAYER\models\poisson_model.py
XGBoostModel,feature|features,__init__|train|predict,E:\football_v\05_MODEL_AI\MODEL_LAYER\models\xgboost_model.py
,feature|feature_store,,E:\football_v\05_MODEL_AI\MODEL_LAYER\tests\model_layer_v1.3_full_test.py
,history|rating,test_elo_model_trains_from_matches_and_persists_results,E:\football_v\05_MODEL_AI\MODEL_LAYER\tests\test_elo_model_migration.py
CorrectScoreCalculator,rank|ranking,rank|top_scores,E:\football_v\06_PREDICTION_ENGINE\correct_score_calculator.py
PredictionService,feature|features,__init__|predict|status,E:\football_v\06_PREDICTION_ENGINE\prediction_service.py
FeaturePipeline,feature,process,E:\football_v\07_AI_ORCHESTRATION_LAYER\data_pipeline\feature_pipeline.py
TaskScheduler,schedule,schedule,E:\football_v\07_AI_ORCHESTRATION_LAYER\orchestration_core\task_scheduler.py
FeatureFeedback,feature,analyze|suggest,E:\football_v\07_BACKTEST_AI\feature_feedback.py
HistoricalMatchLoader,historical,load|count,E:\football_v\07_BACKTEST_AI\historical_match_loader.py
OptimizationScheduler,schedule,__init__|schedule|upgrade,E:\football_v\07_BACKTEST_AI\optimization_scheduler.py
StrategyPerformance,form,evaluate|compare,E:\football_v\07_BACKTEST_AI\strategy_performance.py
,feature|form|historical|schedule,,E:\football_v\07_BACKTEST_AI\tests\backtest_system_v1.3_full_test.py
ComparisonEngine,rank|ranking,compare,E:\football_v\07_BACKTEST_SYSTEM\model_comparison\comparison_engine.py
BacktestSystemTest,rank|ranking,run,E:\football_v\07_BACKTEST_SYSTEM\tests\backtest_system_test.py
ExplanationManager,feature,explain,E:\football_v\08_DECISION_INTELLIGENCE_LAYER\explanation_engine\explanation_manager.py
TaskScheduler,schedule,__init__|register|schedule,E:\football_v\09_AI_ORCHESTRATION_LAYER\task_scheduler.py
,schedule,,E:\football_v\09_AI_ORCHESTRATION_LAYER\tests\orchestration_layer_v1.3_full_test.py
DixonColesExplainer,form|recent,explain,E:\football_v\09_MODEL_EXPLANATION_ENGINE\dixon_coles_explainer\dixon_coles_explainer.py
EloExplainer,rating,explain,E:\football_v\09_MODEL_EXPLANATION_ENGINE\elo_explainer\elo_explainer.py
XGBoostExplainer,feature,explain,E:\football_v\09_MODEL_EXPLANATION_ENGINE\xgboost_explainer\xgboost_explainer.py
PredictionHistory,history,__init__|save,E:\football_v\09_Prediction_System\prediction_history.py
,history,,E:\football_v\106_REAL_ODDS_HISTORY_ENGINE\module.py
AutoRecoveryManager,recovery,recover,E:\football_v\10_AI_AUTONOMOUS_ENGINE\auto_recovery_manager.py
ChangeRiskAssessor,feature,assess,E:\football_v\10_AI_AUTONOMOUS_ENGINE\change_risk_assessor.py
DynamicWeightAdjuster,form,calculate,E:\football_v\10_AI_AUTONOMOUS_ENGINE\dynamic_weight_adjuster.py
ErrorTrendDetector,trend,detect,E:\football_v\10_AI_AUTONOMOUS_ENGINE\error_trend_detector.py
EvolutionIntelligenceEngine,history,__init__|analyze|get_history,E:\football_v\10_AI_AUTONOMOUS_ENGINE\evolution_intelligence_engine.py
FeatureSelfOptimizer,feature|features,analyze,E:\football_v\10_AI_AUTONOMOUS_ENGINE\feature_self_optimizer.py
HistoricalCaseAnalyzer,historical,analyze,E:\football_v\10_AI_AUTONOMOUS_ENGINE\historical_case_analyzer.py
LearningCycleManager,history,__init__|create_cycle|history,E:\football_v\10_AI_AUTONOMOUS_ENGINE\learning_cycle_manager.py
LearningEffectTracker,history,__init__|track|history,E:\football_v\10_AI_AUTONOMOUS_ENGINE\learning_effect_tracker.py
ModelChangeTracker,history,__init__|record|history,E:\football_v\10_AI_AUTONOMOUS_ENGINE\model_change_tracker.py
MonthlyPerformanceAnalyzer,form,analyze,E:\football_v\10_AI_AUTONOMOUS_ENGINE\monthly_performance_analyzer.py
OptimizationHistory,history,__init__|add_record|get_history,E:\football_v\10_AI_AUTONOMOUS_ENGINE\optimization_history.py
OptimizationPriorityEngine,rank,rank,E:\football_v\10_AI_AUTONOMOUS_ENGINE\optimization_priority_engine.py
PredictionExplanationEngine,strength,explain,E:\football_v\10_AI_AUTONOMOUS_ENGINE\prediction_explanation_engine.py
ReleaseValidator,previous,validate,E:\football_v\10_AI_AUTONOMOUS_ENGINE\release_validator.py
RollbackManager,previous,__init__|save_version|rollback,E:\football_v\10_AI_AUTONOMOUS_ENGINE\rollback_manager.py
StrategyEvolutionManager,form,__init__|evaluate|recommend,E:\football_v\10_AI_AUTONOMOUS_ENGINE\strategy_evolution_manager.py
SystemRestoreManager,rest,restore,E:\football_v\10_AI_AUTONOMOUS_ENGINE\system_restore_manager.py
TimeWindowAnalyzer,history,analyze,E:\football_v\10_AI_AUTONOMOUS_ENGINE\time_window_analyzer.py
UpgradeHistoryRepository,history,__init__|save|all,E:\football_v\10_AI_AUTONOMOUS_ENGINE\upgrade_history_repository.py
VersionControlManager,history,__init__|save_version|history,E:\football_v\10_AI_AUTONOMOUS_ENGINE\version_control_manager.py
,trend,check_file|run_test,E:\football_v\10_AI_AUTONOMOUS_ENGINE\tests\autonomous_engine_hil_v1_0_full_test.py
,history,,E:\football_v\10_AI_AUTONOMOUS_ENGINE\tests\autonomous_engine_v1_4_full_test.py
,form,,E:\football_v\10_AI_AUTONOMOUS_ENGINE\tests\autonomous_engine_v1_8_full_test.py
,recovery|rest,,E:\football_v\10_AI_AUTONOMOUS_ENGINE\tests\autonomous_engine_v2_4_batch_full_test.py
,historical,,E:\football_v\10_AI_AUTONOMOUS_ENGINE\tests\autonomous_engine_v2_8_batch_full_test.py
,feature,check|test,E:\football_v\10_AI_AUTONOMOUS_ENGINE\tests\optimization_suggestion_v1_1_full_test.py
,feature,,E:\football_v\10_INTEGRATION_LAYER\test\full_pipeline_test.py
,feature|feature_engine,,E:\football_v\111_ADVANCED_FEATURE_ENGINE\module.py
,strength,,E:\football_v\112_TEAM_STRENGTH_EVOLUTION_ENGINE\module.py
,feature,,E:\football_v\117_FEATURE_AUTO_GENERATOR\module.py
ModelScheduler,schedule,schedule,E:\football_v\11_AI_ORCHESTRATION_LAYER\model_scheduler\scheduler.py
AdaptiveFeedback,historical,analyze,E:\football_v\11_System_Intelligence\adaptive_feedback.py
ConfidenceTracker,history,__init__|add,E:\football_v\11_System_Intelligence\confidence_tracker.py
DecisionMemory,history,__init__|save|history,E:\football_v\11_System_Intelligence\decision_memory.py
EvolutionEngine,form,__init__|evolve,E:\football_v\11_System_Intelligence\evolution_engine.py
FatigueEngine,fatigue,calculate,E:\football_v\11_System_Intelligence\fatigue_engine.py
FeatureEngineering,feature|features,build,E:\football_v\11_System_Intelligence\feature_engineering.py
FormAnalysisEngine,form,analyze,E:\football_v\11_System_Intelligence\form_analysis_engine.py
HistoricalMatchLoader,historical,load,E:\football_v\11_System_Intelligence\historical_match_loader.py
IntelligenceFeedbackLoop,history,__init__|record|size,E:\football_v\11_System_Intelligence\intelligence_feedback_loop.py
IntelligenceScheduler,schedule,__init__|register|run,E:\football_v\11_System_Intelligence\intelligence_scheduler.py
KnowledgeMemoryBridge,history,__init__|store_memory|retrieve_memory|analyze_feedback,E:\football_v\11_System_Intelligence\knowledge_memory_bridge.py
KnowledgeReasoner,strength|trend,analyze,E:\football_v\11_System_Intelligence\knowledge_reasoner.py
LearningScheduler,schedule,__init__|add|run,E:\football_v\11_System_Intelligence\learning_scheduler.py
MatchFeatureStore,feature|features|rest,__init__|save,E:\football_v\11_System_Intelligence\match_feature_store.py
ModelAccuracyMemory,history,__init__|save,E:\football_v\11_System_Intelligence\model_accuracy_memory.py
OddsMovement,history,detect,E:\football_v\11_System_Intelligence\odds_movement.py
PerformanceTracker,form|history,__init__|add|average,E:\football_v\11_System_Intelligence\performance_tracker.py
ProbabilityMemory,history,__init__|save,E:\football_v\11_System_Intelligence\probability_memory.py
ReasoningContext,history,__init__|update|add_history|snapshot,E:\football_v\11_System_Intelligence\reasoning_context.py
TeamFeatureBuilder,feature|strength,build,E:\football_v\11_System_Intelligence\team_feature_builder.py
TeamStrengthEngine,strength,evaluate,E:\football_v\11_System_Intelligence\team_strength_engine.py
XGBoostPredictor,feature|features,predict,E:\football_v\11_System_Intelligence\xgboost_predictor.py
,schedule,test_controller_upgrade|test_router|test_weight|test_feedback,E:\football_v\11_System_Intelligence\tests\test_phase3_5_controller_upgrade.py
,strength,test_knowledge,E:\football_v\11_System_Intelligence\tests\test_phase3_8_knowledge.py
FeatureOptimizer,feature|features,analyze,E:\football_v\12_AUTONOMOUS_LEARNING_ENGINE\feature_optimizer\feature_optimizer.py
,history,check,E:\football_v\146_HISTORY_CONVERSATION_STORE\module.py
,schedule,check,E:\football_v\147_TASK_SCHEDULER_ENGINE\module.py
PerformanceChecker,form,check,E:\football_v\14_SYSTEM_MONITORING_LAYER\performance_monitor\performance_checker.py
APIScheduler,schedule,run,E:\football_v\15_API_INTEGRATION_LAYER\api_scheduler\scheduler.py
,schedule,,E:\football_v\16_DATABASE_GOVERNANCE_LAYER\database_backup_scheduler\database_backup_scheduler_V1.0.py
,feature|feature_store,run,E:\football_v\16_DATABASE_GOVERNANCE_LAYER\database_initializer\database_initializer_V1.0.py
,rest,,E:\football_v\16_DATABASE_GOVERNANCE_LAYER\database_restore_manager\database_restore_manager_V1.0.py
,rest,run,E:\football_v\16_DATABASE_GOVERNANCE_LAYER\restore_engine\restore_engine_V1.0.py
,schedule,,E:\football_v\18_MODEL_EXECUTION_ENGINE\prediction_scheduler\prediction_scheduler_V1.0.py
,feature|feature_store,health_check,E:\football_v\22_AI_FEATURE_STORE_LAYER\feature_builder.py
,feature|feature_store,health_check,E:\football_v\22_AI_FEATURE_STORE_LAYER\feature_pipeline.py
,feature|feature_store,health_check,E:\football_v\22_AI_FEATURE_STORE_LAYER\feature_registry.py
,feature|feature_store,health_check,E:\football_v\22_AI_FEATURE_STORE_LAYER\module.py
DatasetManager,history,load,E:\football_v\23_MODEL_TRAINING_ENGINE\dataset_manager\dataset_manager_V2.0.py
FeatureLoader,feature,load,E:\football_v\23_MODEL_TRAINING_ENGINE\feature_loader\feature_loader_V2.0.py
Predictor,feature|features,predict,E:\football_v\24_PREDICTION_INTELLIGENCE_LAYER\prediction_core\predictor.py
FeaturePipeline,feature,load,E:\football_v\24_PREDICTION_INTELLIGENCE_LAYER\prediction_pipeline\feature_pipeline.py
,historical,health_check,E:\football_v\25_BACKTEST_ENGINE\historical_runner.py
,form,health_check,E:\football_v\25_BACKTEST_ENGINE\performance_report.py
HistoricalRunner,historical,run,E:\football_v\25_BACKTEST_ENGINE\historical_runner\historical_runner_V2.0.py
,schedule,health_check,E:\football_v\26_AUTOMATION_LAYER\data_scheduler.py
,schedule,health_check,E:\football_v\26_AUTOMATION_LAYER\model_scheduler.py
Scheduler,schedule,run,E:\football_v\26_AUTOMATION_LAYER\scheduler\scheduler_V2.0.py
,feature|feature_engine,,E:\football_v\69_LIVE_MATCH_FEATURE_ENGINE\module.py
,feature,,E:\football_v\76_MODEL_FEATURE_INTEGRATION\module.py
,strength,,E:\football_v\88_TEAM_STRENGTH_DYNAMIC_ENGINE\module.py
,fatigue,,E:\football_v\90_FATIGUE_ANALYSIS_ENGINE\module.py
,rank|ranking,,E:\football_v\91_CONFIDENCE_RANKING_ENGINE\module.py
,form|trend,,E:\football_v\91_FORM_TREND_ENGINE\module.py
,feature|feature_store,,E:\football_v\96_MATCH_FEATURE_STORE\module.py
,feature,,E:\football_v\97_TESTS\system_integration_test_V2.0.py
FootballFormatter,form,__init__,E:\football_v\99_DOCUMENTATION\architecture_cleanup\FINAL_CLEANUP_V3.0\DEPRECATED_ARCHIVE\formatter.py
,form,create_file_handler|create_console_handler,E:\football_v\99_DOCUMENTATION\architecture_cleanup\FINAL_CLEANUP_V3.0\DEPRECATED_ARCHIVE\handlers.py
,form,write_log,E:\football_v\99_DOCUMENTATION\architecture_cleanup\FINAL_CLEANUP_V3.0\DEPRECATED_ARCHIVE\logger.py
,form,write_log,E:\football_v\99_DOCUMENTATION\backup\Core_Backup_V1.2\core\logger.py
StorageManager,form,__init__|scan_files|calculate_hash|create_inventory,E:\football_v\99_DOCUMENTATION\backup\Storage_Merge_V1.0\storage_manager.py
EloModel,feature|features|history|rating,__init__|_resolve_db_path|_ensure_tables|_persist_results|train|predict|evaluate|save|load,E:\football_v\99_DOCUMENTATION\checkpoints\Elo_Model_Migration_V1.0.py
FeatureStoreConnector,feature|features|rest,get_features,E:\football_v\99_DOCUMENTATION\checkpoints\Model_Layer_V1.3_Backup\MODEL_LAYER\feature_store_connector.py
BaseModelInterface,feature|features,train|predict|evaluate|save|load,E:\football_v\99_DOCUMENTATION\checkpoints\Model_Layer_V1.3_Backup\MODEL_LAYER\model_interface.py
DixonColesModel,feature|features,__init__|train|predict,E:\football_v\99_DOCUMENTATION\checkpoints\Model_Layer_V1.3_Backup\MODEL_LAYER\models\dixon_coles_model.py
EloModel,feature|features|history|rating,__init__|_resolve_db_path|_ensure_tables|_persist_results|train|predict|evaluate|save|load,E:\football_v\99_DOCUMENTATION\checkpoints\Model_Layer_V1.3_Backup\MODEL_LAYER\models\elo_model.py
PoissonModel,feature|features,__init__|train|predict,E:\football_v\99_DOCUMENTATION\checkpoints\Model_Layer_V1.3_Backup\MODEL_LAYER\models\poisson_model.py
XGBoostModel,feature|features,__init__|train|predict,E:\football_v\99_DOCUMENTATION\checkpoints\Model_Layer_V1.3_Backup\MODEL_LAYER\models\xgboost_model.py
,feature|feature_store,,E:\football_v\99_DOCUMENTATION\checkpoints\Model_Layer_V1.3_Backup\MODEL_LAYER\tests\model_layer_v1.3_full_test.py
,history|rating,test_elo_model_trains_from_matches_and_persists_results,E:\football_v\99_DOCUMENTATION\checkpoints\Model_Layer_V1.3_Backup\MODEL_LAYER\tests\test_elo_model_migration.py
,form,,E:\football_v\archive\logger_migration\setup_logger_module.py
,history,,E:\football_v\deploy\deploy_v15_phase3_3_reasoning.py
,history,,E:\football_v\deploy\deploy_v15_phase3_4.py
,history|schedule,,E:\football_v\deploy\deploy_v15_phase3_5.py
,historical|history|schedule,write_file,E:\football_v\deploy\deploy_v15_phase3_6.py
,form|history,write_file,E:\football_v\deploy\deploy_v15_phase3_7_real.py
,history,write,E:\football_v\deploy\deploy_v15_phase5_core.py
,feature|feature_engine|feature_store|features|historical|history|rest|strength,write,E:\football_v\deploy\deploy_v15_phase6_training.py
,rating|strength,calculate_dixon_coles,E:\football_v\LEGACY_IMPORT\01_PREDICTION_MODELS\Dixon_Coles\dixon_coles.py
,history|strength,build_dixon_coles_history,E:\football_v\LEGACY_IMPORT\01_PREDICTION_MODELS\Dixon_Coles\dixon_coles_history_engine.py
,history|rating,calculate_elo,E:\football_v\LEGACY_IMPORT\01_PREDICTION_MODELS\Elo\elo_engine.py
,rating|strength,poisson_probability|calculate_poisson,E:\football_v\LEGACY_IMPORT\01_PREDICTION_MODELS\Poisson\poisson_engine.py
,history|strength,build_poisson_history,E:\football_v\LEGACY_IMPORT\01_PREDICTION_MODELS\Poisson\poisson_history_engine.py
,encoder|feature|features|form|transform,load_data|create_features|train,E:\football_v\LEGACY_IMPORT\01_PREDICTION_MODELS\XGBoost\xgboost_engine.py
,feature|features|rating|strength,load_data|create_features|train,E:\football_v\LEGACY_IMPORT\01_PREDICTION_MODELS\XGBoost\xgboost_fusion_engine.py
,fatigue|feature|features|form|rating|rest|team_form,load_data|create_features|train,E:\football_v\LEGACY_IMPORT\01_PREDICTION_MODELS\XGBoost\xgboost_fusion_v2_engine.py
,fatigue|rating|recent|rest,parse_date|calculate_fatigue,E:\football_v\LEGACY_IMPORT\02_DATA_ENGINE\fatigue_engine_v2.py
,fatigue|history|rest,days_between|build_fatigue_history,E:\football_v\LEGACY_IMPORT\02_DATA_ENGINE\fatigue_history_engine.py
,form|team_form,calculate_form,E:\football_v\LEGACY_IMPORT\02_DATA_ENGINE\form_engine.py
,rating|strength,calculate_home_away,E:\football_v\LEGACY_IMPORT\02_DATA_ENGINE\home_away_engine.py
,history,build_home_away_history,E:\football_v\LEGACY_IMPORT\02_DATA_ENGINE\home_away_history_engine.py
,form|history|team_form,build_team_form_history,E:\football_v\LEGACY_IMPORT\02_DATA_ENGINE\team_form_history_engine.py
,fatigue|form|history|rating|team_form,audit_database,E:\football_v\LEGACY_IMPORT\03_SUPPORTING\data_audit_engine.py
,rating|strength,calculate_dixon_coles,E:\football_v\LEGACY_IMPORT\03_SUPPORTING\dixon_coles_data.py
,history|rating,calculate_elo,E:\football_v\LEGACY_IMPORT\03_SUPPORTING\elo_engine_data.py
,form,create_table|import_data,E:\football_v\LEGACY_IMPORT\03_SUPPORTING\import_full_data.py
,fatigue|form|history|rating|team_form,create_registry,E:\football_v\LEGACY_IMPORT\03_SUPPORTING\model_data_registry_engine.py
,rating|strength,poisson_probability|calculate_poisson,E:\football_v\LEGACY_IMPORT\03_SUPPORTING\poisson_engine_data.py
