status,size,reason,file
B,521,content|model|feature|database,E:\football_v\check_db_tables.py
C,294,content,E:\football_v\conftest.py
A,1907,content|model|predict|feature|database,E:\football_v\database_inspector.py
A,3675,content|model|feature|history|rating|database|odds,E:\football_v\database_migration_engine_V1.0.py
A,1987,content|model|predict|feature|engine|train,E:\football_v\deploy_ai_intelligence_V2.0.py
B,1927,content|model|runtime,E:\football_v\deploy_console_v1_1.py
A,2654,content|model|predict|feature|engine|database,E:\football_v\deploy_frozen_v15_completion.py
B,1463,content|model|engine|database,E:\football_v\deploy_integration_test_V1.5.py
B,2114,content|model|engine|database,E:\football_v\deploy_integration_validation_V1.5.py
C,1872,content,E:\football_v\deploy_local_console_v1.py
A,1570,content|predict|feature|engine|runtime|odds,E:\football_v\deploy_phase11.py
A,1252,content|model|predict|feature|engine|runtime|odds,E:\football_v\deploy_phase12.py
A,1188,content|model|predict|feature|engine|runtime,E:\football_v\deploy_phase13.py
A,1233,content|model|predict|feature|engine|runtime|database,E:\football_v\deploy_phase14.py
A,1185,content|model|predict|engine|runtime|odds,E:\football_v\deploy_phase15.py
A,1335,content|predict|feature|engine|runtime|database,E:\football_v\deploy_phase16.py
A,1112,content|predict|feature|engine|runtime|odds,E:\football_v\deploy_phase17.py
A,1198,content|predict|feature|engine|odds,E:\football_v\deploy_phase18_20.py
A,997,content|model|predict|feature|engine|runtime|bet,E:\football_v\deploy_phase21_25.py
A,838,content|model|predict|feature|engine,E:\football_v\deploy_phase26_30.py
B,851,content|engine|runtime|odds,E:\football_v\deploy_phase31_35.py
A,800,content|history|engine|runtime|odds|bet,E:\football_v\deploy_phase36_40.py
B,2155,content|engine|runtime,E:\football_v\deploy_phase51_55.py
A,2080,content|model|history|engine|runtime|database,E:\football_v\deploy_phase56_60.py
D,0,,E:\football_v\deploy_remaining_modules_V1.5.py
A,4102,content|model|predict|engine|database,E:\football_v\deploy_remaining_modules_V1.5_FINAL.py
C,3340,content|engine,E:\football_v\deploy_v15_phase2_patch3.py
A,1217,content|model|predict|feature|engine|database,E:\football_v\final_acceptance_test.py
B,2807,content|model|engine|runtime,E:\football_v\final_deploy.py
C,2201,content,E:\football_v\FINAL_FREEZE_REPORT.json
B,984,content|model|engine|database,E:\football_v\fix_integration_report_schema_V1.5.py
C,26781,content,E:\football_v\framework_migration_report.json
C,1449,content,E:\football_v\legacy_delete_check.py
B,621,content|model|feature|database,E:\football_v\migration_test.py
A,539,content|model|predict|feature|engine|runtime,E:\football_v\phase12_test.py
A,549,content|model|predict|feature|engine,E:\football_v\phase13_test.py
A,581,content|model|predict|feature|engine|runtime,E:\football_v\phase14_test.py
A,571,content|model|predict|engine|runtime|odds,E:\football_v\phase15_test.py
A,576,content|predict|feature|engine|database,E:\football_v\phase16_test.py
A,526,content|predict|feature|engine|odds,E:\football_v\phase17_test.py
C,3196,content,E:\football_v\phase1_python_asset_scan.py
A,720,content|model|predict|feature|engine|runtime|bet,E:\football_v\phase21_25_test.py
A,560,content|model|predict|feature|engine,E:\football_v\phase26_30_test.py
A,3438,content|model|predict|feature|history|rating|engine|runtime|database|odds|bet|train,E:\football_v\phase2_function_scan.py
B,1204,content|feature|engine|runtime,E:\football_v\phase36_40_deploy.py
B,1252,content|feature|engine|runtime,E:\football_v\phase36_40_deploy_test.py
A,575,content|history|engine|odds|bet,E:\football_v\phase36_40_test.py
C,2757,content|engine,E:\football_v\phase3_call_graph_scan.py
B,1190,content|model|predict|feature,E:\football_v\phase41_45_deploy_test.py
B,1284,content|model|engine,E:\football_v\phase46_50_deploy_test.py
C,3165,content|database,E:\football_v\phase4_database_scan.py
A,1693,content|model|predict|feature|runtime|database|odds,E:\football_v\phase51_55_final_validation.py
A,1250,content|model|predict|feature|engine|runtime|bet,E:\football_v\phase51_validation.py
A,1207,content|model|predict|feature|engine|runtime|database|bet,E:\football_v\phase52_backtest.py
B,3239,content|model|predict|train,E:\football_v\phase5_model_scan.py
A,3540,content|feature|history|rating|engine,E:\football_v\phase6_feature_scan.py
B,3714,content|predict|engine|runtime,E:\football_v\phase7_runtime_scan.py
A,2758,content|model|predict|feature|history|rating|engine|runtime|database|odds|bet|train,E:\football_v\phase8_status_scan.py
C,531,content,E:\football_v\quality_report.json
A,1369,content|model|predict|feature|engine|database|train,E:\football_v\release_final_patch_V2.0.1.py
A,1360,content|model|predict|feature|engine|database|train,E:\football_v\release_integration_V2.0.py
C,354,content,E:\football_v\release_registry_V1.5.json
B,954,content|model|engine|database,E:\football_v\release_validation_V1.5.py
C,51,runtime,E:\football_v\start_ai_os.py
A,1030,content|model|predict|feature|engine|train,E:\football_v\test_ai_intelligence_V2.0.py
A,2082,content|model|predict|feature|engine|database|train,E:\football_v\validate_release_V2.0.py
C,357,content,E:\football_v\.venv\Lib\site-packages\pip\__init__.py
C,854,content,E:\football_v\.venv\Lib\site-packages\pip\__main__.py
C,1450,content|feature,E:\football_v\.venv\Lib\site-packages\pip\__pip-runner__.py
C,10700,content,E:\football_v\.venv\Lib\site-packages\pip\_internal\build_env.py
C,10369,content|model,E:\football_v\.venv\Lib\site-packages\pip\_internal\cache.py
C,14005,content,E:\football_v\.venv\Lib\site-packages\pip\_internal\configuration.py
B,26481,content|model|rating,E:\football_v\.venv\Lib\site-packages\pip\_internal\exceptions.py
C,340,content,E:\football_v\.venv\Lib\site-packages\pip\_internal\main.py
C,7286,content,E:\football_v\.venv\Lib\site-packages\pip\_internal\pyproject.py
C,8318,content|model,E:\football_v\.venv\Lib\site-packages\pip\_internal\self_outdated_check.py
B,11799,content|model|train,E:\football_v\.venv\Lib\site-packages\pip\_internal\wheel_builder.py
C,513,content,E:\football_v\.venv\Lib\site-packages\pip\_internal\__init__.py
C,6865,content,E:\football_v\.venv\Lib\site-packages\pip\_internal\cli\autocompletion.py
C,8625,content|feature,E:\football_v\.venv\Lib\site-packages\pip\_internal\cli\base_command.py
A,30116,content|model|feature|bet|train,E:\football_v\.venv\Lib\site-packages\pip\_internal\cli\cmdoptions.py
C,774,content,E:\football_v\.venv\Lib\site-packages\pip\_internal\cli\command_context.py
C,5677,content|feature,E:\football_v\.venv\Lib\site-packages\pip\_internal\cli\index_command.py
C,2817,content,E:\football_v\.venv\Lib\site-packages\pip\_internal\cli\main.py
C,4338,content,E:\football_v\.venv\Lib\site-packages\pip\_internal\cli\main_parser.py
C,10825,content|bet,E:\football_v\.venv\Lib\site-packages\pip\_internal\cli\parser.py
C,2717,content,E:\football_v\.venv\Lib\site-packages\pip\_internal\cli\progress_bars.py
B,12250,content|model|feature|train,E:\football_v\.venv\Lib\site-packages\pip\_internal\cli\req_command.py
C,5118,content|bet,E:\football_v\.venv\Lib\site-packages\pip\_internal\cli\spinners.py
C,116,content,E:\football_v\.venv\Lib\site-packages\pip\_internal\cli\status_codes.py
C,132,content,E:\football_v\.venv\Lib\site-packages\pip\_internal\cli\__init__.py
C,8107,content,E:\football_v\.venv\Lib\site-packages\pip\_internal\commands\cache.py
C,2268,content,E:\football_v\.venv\Lib\site-packages\pip\_internal\commands\check.py
C,4287,content,E:\football_v\.venv\Lib\site-packages\pip\_internal\commands\completion.py
C,9766,content,E:\football_v\.venv\Lib\site-packages\pip\_internal\commands\configuration.py
C,6797,content,E:\football_v\.venv\Lib\site-packages\pip\_internal\commands\debug.py
C,5273,content|train,E:\football_v\.venv\Lib\site-packages\pip\_internal\commands\download.py
C,3203,content|rating,E:\football_v\.venv\Lib\site-packages\pip\_internal\commands\freeze.py
C,1703,content,E:\football_v\.venv\Lib\site-packages\pip\_internal\commands\hash.py
C,1132,content,E:\football_v\.venv\Lib\site-packages\pip\_internal\commands\help.py
C,4731,content|model,E:\football_v\.venv\Lib\site-packages\pip\_internal\commands\index.py
C,3189,content,E:\football_v\.venv\Lib\site-packages\pip\_internal\commands\inspect.py
B,29390,content|model|train,E:\football_v\.venv\Lib\site-packages\pip\_internal\commands\install.py
C,12769,content|model,E:\football_v\.venv\Lib\site-packages\pip\_internal\commands\list.py
C,5626,content|model,E:\football_v\.venv\Lib\site-packages\pip\_internal\commands\search.py
C,7857,content,E:\football_v\.venv\Lib\site-packages\pip\_internal\commands\show.py
C,3892,content,E:\football_v\.venv\Lib\site-packages\pip\_internal\commands\uninstall.py
C,6414,content|train,E:\football_v\.venv\Lib\site-packages\pip\_internal\commands\wheel.py
C,3882,content,E:\football_v\.venv\Lib\site-packages\pip\_internal\commands\__init__.py
C,1783,content,E:\football_v\.venv\Lib\site-packages\pip\_internal\distributions\base.py
C,842,content,E:\football_v\.venv\Lib\site-packages\pip\_internal\distributions\installed.py
C,6751,content|rating,E:\football_v\.venv\Lib\site-packages\pip\_internal\distributions\sdist.py
C,1317,content,E:\football_v\.venv\Lib\site-packages\pip\_internal\distributions\wheel.py
C,858,content,E:\football_v\.venv\Lib\site-packages\pip\_internal\distributions\__init__.py
C,16265,content|model,E:\football_v\.venv\Lib\site-packages\pip\_internal\index\collector.py
B,38076,content|model|rating,E:\football_v\.venv\Lib\site-packages\pip\_internal\index\package_finder.py
C,8632,content|model,E:\football_v\.venv\Lib\site-packages\pip\_internal\index\sources.py
D,30,,E:\football_v\.venv\Lib\site-packages\pip\_internal\index\__init__.py
C,2556,content,E:\football_v\.venv\Lib\site-packages\pip\_internal\locations\base.py
C,6013,content|model,E:\football_v\.venv\Lib\site-packages\pip\_internal\locations\_distutils.py
B,7724,content|model|bet,E:\football_v\.venv\Lib\site-packages\pip\_internal\locations\_sysconfig.py
B,14925,content|model|feature,E:\football_v\.venv\Lib\site-packages\pip\_internal\locations\__init__.py
B,25298,content|model|rating|bet,E:\football_v\.venv\Lib\site-packages\pip\_internal\metadata\base.py
C,10542,content,E:\football_v\.venv\Lib\site-packages\pip\_internal\metadata\pkg_resources.py
C,2707,content|bet,E:\football_v\.venv\Lib\site-packages\pip\_internal\metadata\_json.py
C,4337,content,E:\football_v\.venv\Lib\site-packages\pip\_internal\metadata\__init__.py
C,2796,content,E:\football_v\.venv\Lib\site-packages\pip\_internal\metadata\importlib\_compat.py
C,8279,content|rating,E:\football_v\.venv\Lib\site-packages\pip\_internal\metadata\importlib\_dists.py
B,7431,content|model|feature,E:\football_v\.venv\Lib\site-packages\pip\_internal\metadata\importlib\_envs.py
C,135,content,E:\football_v\.venv\Lib\site-packages\pip\_internal\metadata\importlib\__init__.py
C,753,content|model,E:\football_v\.venv\Lib\site-packages\pip\_internal\models\candidate.py
C,6578,content,E:\football_v\.venv\Lib\site-packages\pip\_internal\models\direct_url.py
C,2486,content,E:\football_v\.venv\Lib\site-packages\pip\_internal\models\format_control.py
C,1030,content,E:\football_v\.venv\Lib\site-packages\pip\_internal\models\index.py
C,2818,content,E:\football_v\.venv\Lib\site-packages\pip\_internal\models\installation_report.py
C,21448,content,E:\football_v\.venv\Lib\site-packages\pip\_internal\models\link.py
C,575,content,E:\football_v\.venv\Lib\site-packages\pip\_internal\models\scheme.py
C,4531,content|model,E:\football_v\.venv\Lib\site-packages\pip\_internal\models\search_scope.py
C,2015,content|model,E:\football_v\.venv\Lib\site-packages\pip\_internal\models\selection_prefs.py
C,4271,content,E:\football_v\.venv\Lib\site-packages\pip\_internal\models\target_python.py
C,4539,content,E:\football_v\.venv\Lib\site-packages\pip\_internal\models\wheel.py
C,63,model,E:\football_v\.venv\Lib\site-packages\pip\_internal\models\__init__.py
B,20809,content|model|history,E:\football_v\.venv\Lib\site-packages\pip\_internal\network\auth.py
C,4614,content|model,E:\football_v\.venv\Lib\site-packages\pip\_internal\network\cache.py
B,6048,content|model|bet,E:\football_v\.venv\Lib\site-packages\pip\_internal\network\download.py
C,7622,content|model,E:\football_v\.venv\Lib\site-packages\pip\_internal\network\lazy_wheel.py
B,18771,content|model|runtime|bet,E:\football_v\.venv\Lib\site-packages\pip\_internal\network\session.py
C,4088,content|model,E:\football_v\.venv\Lib\site-packages\pip\_internal\network\utils.py
C,1838,content,E:\football_v\.venv\Lib\site-packages\pip\_internal\network\xmlrpc.py
D,50,,E:\football_v\.venv\Lib\site-packages\pip\_internal\network\__init__.py
C,5912,content,E:\football_v\.venv\Lib\site-packages\pip\_internal\operations\check.py
C,9843,content|feature,E:\football_v\.venv\Lib\site-packages\pip\_internal\operations\freeze.py
B,28118,content|model|feature,E:\football_v\.venv\Lib\site-packages\pip\_internal\operations\prepare.py
D,0,,E:\football_v\.venv\Lib\site-packages\pip\_internal\operations\__init__.py
C,4774,content,E:\football_v\.venv\Lib\site-packages\pip\_internal\operations\build\build_tracker.py
C,1422,content,E:\football_v\.venv\Lib\site-packages\pip\_internal\operations\build\metadata.py
C,1510,content,E:\football_v\.venv\Lib\site-packages\pip\_internal\operations\build\metadata_editable.py
C,2190,content,E:\football_v\.venv\Lib\site-packages\pip\_internal\operations\build\metadata_legacy.py
C,1075,content,E:\football_v\.venv\Lib\site-packages\pip\_internal\operations\build\wheel.py
C,1417,content,E:\football_v\.venv\Lib\site-packages\pip\_internal\operations\build\wheel_editable.py
C,3045,content,E:\football_v\.venv\Lib\site-packages\pip\_internal\operations\build\wheel_legacy.py
D,0,,E:\football_v\.venv\Lib\site-packages\pip\_internal\operations\build\__init__.py
C,1283,content,E:\football_v\.venv\Lib\site-packages\pip\_internal\operations\install\editable_legacy.py
B,27615,content|model|predict,E:\football_v\.venv\Lib\site-packages\pip\_internal\operations\install\wheel.py
D,51,,E:\football_v\.venv\Lib\site-packages\pip\_internal\operations\install\__init__.py
B,18430,content|model|bet|train,E:\football_v\.venv\Lib\site-packages\pip\_internal\req\constructors.py
B,20234,content|model|feature|train,E:\football_v\.venv\Lib\site-packages\pip\_internal\req\req_file.py
A,35786,content|model|feature|rating|bet|train,E:\football_v\.venv\Lib\site-packages\pip\_internal\req\req_install.py
C,2858,content|train,E:\football_v\.venv\Lib\site-packages\pip\_internal\req\req_set.py
C,23853,content,E:\football_v\.venv\Lib\site-packages\pip\_internal\req\req_uninstall.py
C,2653,content,E:\football_v\.venv\Lib\site-packages\pip\_internal\req\__init__.py
C,583,content,E:\football_v\.venv\Lib\site-packages\pip\_internal\resolution\base.py
D,0,,E:\football_v\.venv\Lib\site-packages\pip\_internal\resolution\__init__.py
B,24068,content|model|train,E:\football_v\.venv\Lib\site-packages\pip\_internal\resolution\legacy\resolver.py
D,0,,E:\football_v\.venv\Lib\site-packages\pip\_internal\resolution\legacy\__init__.py
B,5023,content|model|train,E:\football_v\.venv\Lib\site-packages\pip\_internal\resolution\resolvelib\base.py
B,20001,content|model|runtime|train,E:\football_v\.venv\Lib\site-packages\pip\_internal\resolution\resolvelib\candidates.py
B,32659,content|model|train,E:\football_v\.venv\Lib\site-packages\pip\_internal\resolution\resolvelib\factory.py
C,6383,content|bet,E:\football_v\.venv\Lib\site-packages\pip\_internal\resolution\resolvelib\found_candidates.py
B,9935,content|bet|train,E:\football_v\.venv\Lib\site-packages\pip\_internal\resolution\resolvelib\provider.py
B,3168,content|runtime|train,E:\football_v\.venv\Lib\site-packages\pip\_internal\resolution\resolvelib\reporter.py
C,8065,content,E:\football_v\.venv\Lib\site-packages\pip\_internal\resolution\resolvelib\requirements.py
B,12592,content|predict|train,E:\football_v\.venv\Lib\site-packages\pip\_internal\resolution\resolvelib\resolver.py
D,0,,E:\football_v\.venv\Lib\site-packages\pip\_internal\resolution\resolvelib\__init__.py
C,1665,content,E:\football_v\.venv\Lib\site-packages\pip\_internal\utils\appdirs.py
C,2399,content,E:\football_v\.venv\Lib\site-packages\pip\_internal\utils\compat.py
C,6272,content,E:\football_v\.venv\Lib\site-packages\pip\_internal\utils\compatibility_tags.py
C,242,content,E:\football_v\.venv\Lib\site-packages\pip\_internal\utils\datetime.py
C,3707,content|feature,E:\football_v\.venv\Lib\site-packages\pip\_internal\utils\deprecation.py
C,3196,content|model,E:\football_v\.venv\Lib\site-packages\pip\_internal\utils\direct_url_helpers.py
C,2463,content,E:\football_v\.venv\Lib\site-packages\pip\_internal\utils\egg_link.py
C,3064,content,E:\football_v\.venv\Lib\site-packages\pip\_internal\utils\entrypoints.py
C,4950,content|bet,E:\football_v\.venv\Lib\site-packages\pip\_internal\utils\filesystem.py
C,716,content,E:\football_v\.venv\Lib\site-packages\pip\_internal\utils\filetypes.py
C,3734,content,E:\football_v\.venv\Lib\site-packages\pip\_internal\utils\glibc.py
C,4972,content,E:\football_v\.venv\Lib\site-packages\pip\_internal\utils\hashes.py
C,11845,content|bet,E:\football_v\.venv\Lib\site-packages\pip\_internal\utils\logging.py
C,23450,content,E:\football_v\.venv\Lib\site-packages\pip\_internal\utils\misc.py
C,2142,content,E:\football_v\.venv\Lib\site-packages\pip\_internal\utils\packaging.py
C,1392,content|bet,E:\football_v\.venv\Lib\site-packages\pip\_internal\utils\retry.py
C,4435,content,E:\football_v\.venv\Lib\site-packages\pip\_internal\utils\setuptools_build.py
C,8988,content,E:\football_v\.venv\Lib\site-packages\pip\_internal\utils\subprocess.py
C,9310,content,E:\football_v\.venv\Lib\site-packages\pip\_internal\utils\temp_dir.py
C,11967,content|feature,E:\football_v\.venv\Lib\site-packages\pip\_internal\utils\unpacking.py
C,1599,content,E:\football_v\.venv\Lib\site-packages\pip\_internal\utils\urls.py
C,3456,content,E:\football_v\.venv\Lib\site-packages\pip\_internal\utils\virtualenv.py
C,4494,content|runtime,E:\football_v\.venv\Lib\site-packages\pip\_internal\utils\wheel.py
C,3350,content,E:\football_v\.venv\Lib\site-packages\pip\_internal\utils\_jaraco_text.py
C,1015,content|bet,E:\football_v\.venv\Lib\site-packages\pip\_internal\utils\_log.py
D,0,,E:\football_v\.venv\Lib\site-packages\pip\_internal\utils\__init__.py
C,3528,content,E:\football_v\.venv\Lib\site-packages\pip\_internal\vcs\bazaar.py
C,18177,content,E:\football_v\.venv\Lib\site-packages\pip\_internal\vcs\git.py
C,5249,content,E:\football_v\.venv\Lib\site-packages\pip\_internal\vcs\mercurial.py
C,11735,content,E:\football_v\.venv\Lib\site-packages\pip\_internal\vcs\subversion.py
C,22440,content,E:\football_v\.venv\Lib\site-packages\pip\_internal\vcs\versioncontrol.py
C,596,content,E:\football_v\.venv\Lib\site-packages\pip\_internal\vcs\__init__.py
A,134499,content|model|runtime|bet|train,E:\football_v\.venv\Lib\site-packages\pip\_vendor\typing_extensions.py
B,4873,content|rating|bet,E:\football_v\.venv\Lib\site-packages\pip\_vendor\__init__.py
C,6348,content,E:\football_v\.venv\Lib\site-packages\pip\_vendor\cachecontrol\adapter.py
C,1953,content,E:\football_v\.venv\Lib\site-packages\pip\_vendor\cachecontrol\cache.py
C,18576,content,E:\football_v\.venv\Lib\site-packages\pip\_vendor\cachecontrol\controller.py
C,4291,content,E:\football_v\.venv\Lib\site-packages\pip\_vendor\cachecontrol\filewrapper.py
C,4881,content,E:\football_v\.venv\Lib\site-packages\pip\_vendor\cachecontrol\heuristics.py
C,5163,content,E:\football_v\.venv\Lib\site-packages\pip\_vendor\cachecontrol\serialize.py
C,1417,content,E:\football_v\.venv\Lib\site-packages\pip\_vendor\cachecontrol\wrapper.py
C,1737,content,E:\football_v\.venv\Lib\site-packages\pip\_vendor\cachecontrol\_cmd.py
C,677,content,E:\football_v\.venv\Lib\site-packages\pip\_vendor\cachecontrol\__init__.py
C,5399,content|bet,E:\football_v\.venv\Lib\site-packages\pip\_vendor\cachecontrol\caches\file_cache.py
C,1386,content|database,E:\football_v\.venv\Lib\site-packages\pip\_vendor\cachecontrol\caches\redis_cache.py
C,303,content,E:\football_v\.venv\Lib\site-packages\pip\_vendor\cachecontrol\caches\__init__.py
C,4486,content,E:\football_v\.venv\Lib\site-packages\pip\_vendor\certifi\core.py
D,94,,E:\football_v\.venv\Lib\site-packages\pip\_vendor\certifi\__init__.py
C,255,content,E:\football_v\.venv\Lib\site-packages\pip\_vendor\certifi\__main__.py
C,41467,content|rating,E:\football_v\.venv\Lib\site-packages\pip\_vendor\distlib\compat.py
A,51160,content|model|feature|rating|database|bet|train,E:\football_v\.venv\Lib\site-packages\pip\_vendor\distlib\database.py
C,20797,content,E:\football_v\.venv\Lib\site-packages\pip\_vendor\distlib\index.py
B,51026,content|database|train,E:\football_v\.venv\Lib\site-packages\pip\_vendor\distlib\locators.py
C,14168,content|bet,E:\football_v\.venv\Lib\site-packages\pip\_vendor\distlib\manifest.py
C,5164,content,E:\football_v\.venv\Lib\site-packages\pip\_vendor\distlib\markers.py
B,38724,content|feature|train,E:\football_v\.venv\Lib\site-packages\pip\_vendor\distlib\metadata.py
C,10820,content,E:\football_v\.venv\Lib\site-packages\pip\_vendor\distlib\resources.py
C,18608,content,E:\football_v\.venv\Lib\site-packages\pip\_vendor\distlib\scripts.py
C,66682,content|train,E:\football_v\.venv\Lib\site-packages\pip\_vendor\distlib\util.py
B,23727,content|model|bet|train,E:\football_v\.venv\Lib\site-packages\pip\_vendor\distlib\version.py
C,43979,content|database,E:\football_v\.venv\Lib\site-packages\pip\_vendor\distlib\wheel.py
C,625,content,E:\football_v\.venv\Lib\site-packages\pip\_vendor\distlib\__init__.py
C,49430,content,E:\football_v\.venv\Lib\site-packages\pip\_vendor\distro\distro.py
C,981,content,E:\football_v\.venv\Lib\site-packages\pip\_vendor\distro\__init__.py
D,64,,E:\football_v\.venv\Lib\site-packages\pip\_vendor\distro\__main__.py
C,3422,content,E:\football_v\.venv\Lib\site-packages\pip\_vendor\idna\codec.py
C,316,content,E:\football_v\.venv\Lib\site-packages\pip\_vendor\idna\compat.py
C,13239,content,E:\football_v\.venv\Lib\site-packages\pip\_vendor\idna\core.py
C,78306,content,E:\football_v\.venv\Lib\site-packages\pip\_vendor\idna\idnadata.py
C,1898,content,E:\football_v\.venv\Lib\site-packages\pip\_vendor\idna\intranges.py
D,21,,E:\football_v\.venv\Lib\site-packages\pip\_vendor\idna\package_data.py
C,239289,content,E:\football_v\.venv\Lib\site-packages\pip\_vendor\idna\uts46data.py
C,868,content,E:\football_v\.venv\Lib\site-packages\pip\_vendor\idna\__init__.py
C,1081,content,E:\football_v\.venv\Lib\site-packages\pip\_vendor\msgpack\exceptions.py
C,5726,content,E:\football_v\.venv\Lib\site-packages\pip\_vendor\msgpack\ext.py
C,32390,content|bet,E:\football_v\.venv\Lib\site-packages\pip\_vendor\msgpack\fallback.py
C,1109,content,E:\football_v\.venv\Lib\site-packages\pip\_vendor\msgpack\__init__.py
C,10561,content|rating,E:\football_v\.venv\Lib\site-packages\pip\_vendor\packaging\markers.py
C,34762,content|bet,E:\football_v\.venv\Lib\site-packages\pip\_vendor\packaging\metadata.py
C,2947,content,E:\football_v\.venv\Lib\site-packages\pip\_vendor\packaging\requirements.py
C,40098,content|bet,E:\football_v\.venv\Lib\site-packages\pip\_vendor\packaging\specifiers.py
C,21014,content|feature,E:\football_v\.venv\Lib\site-packages\pip\_vendor\packaging\tags.py
C,5050,content,E:\football_v\.venv\Lib\site-packages\pip\_vendor\packaging\utils.py
C,16688,content|bet,E:\football_v\.venv\Lib\site-packages\pip\_vendor\packaging\version.py
C,3306,content,E:\football_v\.venv\Lib\site-packages\pip\_vendor\packaging\_elffile.py
C,9612,content|runtime,E:\football_v\.venv\Lib\site-packages\pip\_vendor\packaging\_manylinux.py
C,2694,content|runtime,E:\football_v\.venv\Lib\site-packages\pip\_vendor\packaging\_musllinux.py
C,10236,content|bet,E:\football_v\.venv\Lib\site-packages\pip\_vendor\packaging\_parser.py
C,1431,content,E:\football_v\.venv\Lib\site-packages\pip\_vendor\packaging\_structures.py
C,5273,content,E:\football_v\.venv\Lib\site-packages\pip\_vendor\packaging\_tokenizer.py
C,494,content,E:\football_v\.venv\Lib\site-packages\pip\_vendor\packaging\__init__.py
C,48398,content|runtime,E:\football_v\.venv\Lib\site-packages\pip\_vendor\packaging\licenses\_spdx.py
C,5727,content,E:\football_v\.venv\Lib\site-packages\pip\_vendor\packaging\licenses\__init__.py
B,124463,content|feature|runtime|bet,E:\football_v\.venv\Lib\site-packages\pip\_vendor\pkg_resources\__init__.py
C,9007,content|runtime,E:\football_v\.venv\Lib\site-packages\pip\_vendor\platformdirs\android.py
C,9246,content|runtime,E:\football_v\.venv\Lib\site-packages\pip\_vendor\platformdirs\api.py
B,6154,content|rating|runtime,E:\football_v\.venv\Lib\site-packages\pip\_vendor\platformdirs\macos.py
C,10393,content|runtime,E:\football_v\.venv\Lib\site-packages\pip\_vendor\platformdirs\unix.py
C,411,content,E:\football_v\.venv\Lib\site-packages\pip\_vendor\platformdirs\version.py
C,10125,content|runtime,E:\football_v\.venv\Lib\site-packages\pip\_vendor\platformdirs\windows.py
C,22344,content|runtime,E:\football_v\.venv\Lib\site-packages\pip\_vendor\platformdirs\__init__.py
C,1505,content|runtime,E:\football_v\.venv\Lib\site-packages\pip\_vendor\platformdirs\__main__.py
C,23656,content,E:\football_v\.venv\Lib\site-packages\pip\_vendor\pygments\cmdline.py
C,1718,content,E:\football_v\.venv\Lib\site-packages\pip\_vendor\pygments\console.py
C,1910,content,E:\football_v\.venv\Lib\site-packages\pip\_vendor\pygments\filter.py
C,4390,content,E:\football_v\.venv\Lib\site-packages\pip\_vendor\pygments\formatter.py
C,35349,content,E:\football_v\.venv\Lib\site-packages\pip\_vendor\pygments\lexer.py
C,1005,content|model,E:\football_v\.venv\Lib\site-packages\pip\_vendor\pygments\modeline.py
C,1891,content,E:\football_v\.venv\Lib\site-packages\pip\_vendor\pygments\plugin.py
C,3072,content,E:\football_v\.venv\Lib\site-packages\pip\_vendor\pygments\regexopt.py
C,3092,content|runtime,E:\football_v\.venv\Lib\site-packages\pip\_vendor\pygments\scanner.py
C,7981,content,E:\football_v\.venv\Lib\site-packages\pip\_vendor\pygments\sphinxext.py
C,6420,content,E:\football_v\.venv\Lib\site-packages\pip\_vendor\pygments\style.py
C,6226,content,E:\football_v\.venv\Lib\site-packages\pip\_vendor\pygments\token.py
C,63208,content,E:\football_v\.venv\Lib\site-packages\pip\_vendor\pygments\unistring.py
C,10031,content,E:\football_v\.venv\Lib\site-packages\pip\_vendor\pygments\util.py
C,2983,content,E:\football_v\.venv\Lib\site-packages\pip\_vendor\pygments\__init__.py
C,353,content,E:\football_v\.venv\Lib\site-packages\pip\_vendor\pygments\__main__.py
B,40392,content|model|bet,E:\football_v\.venv\Lib\site-packages\pip\_vendor\pygments\filters\__init__.py
C,3320,content,E:\football_v\.venv\Lib\site-packages\pip\_vendor\pygments\formatters\bbcode.py
C,5106,content,E:\football_v\.venv\Lib\site-packages\pip\_vendor\pygments\formatters\groff.py
B,35669,content|feature|runtime|bet,E:\football_v\.venv\Lib\site-packages\pip\_vendor\pygments\formatters\html.py
C,23287,content|bet,E:\football_v\.venv\Lib\site-packages\pip\_vendor\pygments\formatters\img.py
C,4981,content,E:\football_v\.venv\Lib\site-packages\pip\_vendor\pygments\formatters\irc.py
C,19306,content,E:\football_v\.venv\Lib\site-packages\pip\_vendor\pygments\formatters\latex.py
C,5034,content,E:\football_v\.venv\Lib\site-packages\pip\_vendor\pygments\formatters\other.py
C,2218,content,E:\football_v\.venv\Lib\site-packages\pip\_vendor\pygments\formatters\pangomarkup.py
C,11957,content|bet,E:\football_v\.venv\Lib\site-packages\pip\_vendor\pygments\formatters\rtf.py
C,7174,content,E:\football_v\.venv\Lib\site-packages\pip\_vendor\pygments\formatters\svg.py
C,4674,content,E:\football_v\.venv\Lib\site-packages\pip\_vendor\pygments\formatters\terminal.py
C,11753,content,E:\football_v\.venv\Lib\site-packages\pip\_vendor\pygments\formatters\terminal256.py
C,4176,content,E:\football_v\.venv\Lib\site-packages\pip\_vendor\pygments\formatters\_mapping.py
C,5385,content,E:\football_v\.venv\Lib\site-packages\pip\_vendor\pygments\formatters\__init__.py
B,53687,content|runtime|bet,E:\football_v\.venv\Lib\site-packages\pip\_vendor\pygments\lexers\python.py
A,76097,content|model|feature|history|engine,E:\football_v\.venv\Lib\site-packages\pip\_vendor\pygments\lexers\_mapping.py
B,12115,content|model|rating,E:\football_v\.venv\Lib\site-packages\pip\_vendor\pygments\lexers\__init__.py
C,3312,content,E:\football_v\.venv\Lib\site-packages\pip\_vendor\pygments\styles\_mapping.py
C,2042,content,E:\football_v\.venv\Lib\site-packages\pip\_vendor\pygments\styles\__init__.py
C,14936,content|feature,E:\football_v\.venv\Lib\site-packages\pip\_vendor\pyproject_hooks\_impl.py
C,691,content,E:\football_v\.venv\Lib\site-packages\pip\_vendor\pyproject_hooks\__init__.py
C,12216,content|feature,E:\football_v\.venv\Lib\site-packages\pip\_vendor\pyproject_hooks\_in_process\_in_process.py
C,557,content,E:\football_v\.venv\Lib\site-packages\pip\_vendor\pyproject_hooks\_in_process\__init__.py
C,27607,content|model,E:\football_v\.venv\Lib\site-packages\pip\_vendor\requests\adapters.py
C,6449,content,E:\football_v\.venv\Lib\site-packages\pip\_vendor\requests\api.py
C,10186,content|history,E:\football_v\.venv\Lib\site-packages\pip\_vendor\requests\auth.py
C,441,content,E:\football_v\.venv\Lib\site-packages\pip\_vendor\requests\certs.py
C,1485,content|bet,E:\football_v\.venv\Lib\site-packages\pip\_vendor\requests\compat.py
C,18590,content|runtime,E:\football_v\.venv\Lib\site-packages\pip\_vendor\requests\cookies.py
C,4272,content,E:\football_v\.venv\Lib\site-packages\pip\_vendor\requests\exceptions.py
C,3813,content,E:\football_v\.venv\Lib\site-packages\pip\_vendor\requests\help.py
C,733,content,E:\football_v\.venv\Lib\site-packages\pip\_vendor\requests\hooks.py
A,35483,content|model|history|rating|runtime|bet,E:\football_v\.venv\Lib\site-packages\pip\_vendor\requests\models.py
C,1057,content,E:\football_v\.venv\Lib\site-packages\pip\_vendor\requests\packages.py
B,30495,content|model|history|runtime,E:\football_v\.venv\Lib\site-packages\pip\_vendor\requests\sessions.py
C,4322,content,E:\football_v\.venv\Lib\site-packages\pip\_vendor\requests\status_codes.py
C,2912,content,E:\football_v\.venv\Lib\site-packages\pip\_vendor\requests\structures.py
C,33631,content|engine,E:\football_v\.venv\Lib\site-packages\pip\_vendor\requests\utils.py
C,1495,content,E:\football_v\.venv\Lib\site-packages\pip\_vendor\requests\_internal_utils.py
C,5057,content|model,E:\football_v\.venv\Lib\site-packages\pip\_vendor\requests\__init__.py
C,435,content,E:\football_v\.venv\Lib\site-packages\pip\_vendor\requests\__version__.py
C,5871,content|train,E:\football_v\.venv\Lib\site-packages\pip\_vendor\resolvelib\providers.py
C,1601,content,E:\football_v\.venv\Lib\site-packages\pip\_vendor\resolvelib\reporters.py
B,20511,content|history|runtime|train,E:\football_v\.venv\Lib\site-packages\pip\_vendor\resolvelib\resolvers.py
C,4963,content,E:\football_v\.venv\Lib\site-packages\pip\_vendor\resolvelib\structs.py
C,537,content,E:\football_v\.venv\Lib\site-packages\pip\_vendor\resolvelib\__init__.py
C,156,content,E:\football_v\.venv\Lib\site-packages\pip\_vendor\resolvelib\compat\collections_abc.py
D,0,,E:\football_v\.venv\Lib\site-packages\pip\_vendor\resolvelib\compat\__init__.py
C,890,content,E:\football_v\.venv\Lib\site-packages\pip\_vendor\rich\abc.py
C,10469,content|train,E:\football_v\.venv\Lib\site-packages\pip\_vendor\rich\align.py
C,6921,content,E:\football_v\.venv\Lib\site-packages\pip\_vendor\rich\ansi.py
C,3263,content|bet,E:\football_v\.venv\Lib\site-packages\pip\_vendor\rich\bar.py
C,10831,content,E:\football_v\.venv\Lib\site-packages\pip\_vendor\rich\box.py
C,5130,content,E:\football_v\.venv\Lib\site-packages\pip\_vendor\rich\cells.py
C,18211,content|bet,E:\football_v\.venv\Lib\site-packages\pip\_vendor\rich\color.py
C,1054,content|bet,E:\football_v\.venv\Lib\site-packages\pip\_vendor\rich\color_triplet.py
C,7131,content|train,E:\football_v\.venv\Lib\site-packages\pip\_vendor\rich\columns.py
A,100156,content|feature|history|runtime|bet,E:\football_v\.venv\Lib\site-packages\pip\_vendor\rich\console.py
C,1288,content|train,E:\football_v\.venv\Lib\site-packages\pip\_vendor\rich\constrain.py
C,5502,content,E:\football_v\.venv\Lib\site-packages\pip\_vendor\rich\containers.py
C,6630,content,E:\football_v\.venv\Lib\site-packages\pip\_vendor\rich\control.py
C,8159,content,E:\football_v\.venv\Lib\site-packages\pip\_vendor\rich\default_styles.py
C,972,content|feature,E:\football_v\.venv\Lib\site-packages\pip\_vendor\rich\diagnose.py
C,2501,content,E:\football_v\.venv\Lib\site-packages\pip\_vendor\rich\emoji.py
C,642,content,E:\football_v\.venv\Lib\site-packages\pip\_vendor\rich\errors.py
C,2484,content,E:\football_v\.venv\Lib\site-packages\pip\_vendor\rich\filesize.py
C,1683,content,E:\football_v\.venv\Lib\site-packages\pip\_vendor\rich\file_proxy.py
C,9586,content|bet,E:\football_v\.venv\Lib\site-packages\pip\_vendor\rich\highlighter.py
C,5031,content,E:\football_v\.venv\Lib\site-packages\pip\_vendor\rich\json.py
C,3252,content,E:\football_v\.venv\Lib\site-packages\pip\_vendor\rich\jupyter.py
C,14004,content,E:\football_v\.venv\Lib\site-packages\pip\_vendor\rich\layout.py
C,14270,content,E:\football_v\.venv\Lib\site-packages\pip\_vendor\rich\live.py
C,3666,content,E:\football_v\.venv\Lib\site-packages\pip\_vendor\rich\live_render.py
C,12458,content|database,E:\football_v\.venv\Lib\site-packages\pip\_vendor\rich\logging.py
C,8451,content,E:\football_v\.venv\Lib\site-packages\pip\_vendor\rich\markup.py
C,5305,content|bet,E:\football_v\.venv\Lib\site-packages\pip\_vendor\rich\measure.py
C,4908,content,E:\football_v\.venv\Lib\site-packages\pip\_vendor\rich\padding.py
C,828,content,E:\football_v\.venv\Lib\site-packages\pip\_vendor\rich\pager.py
C,3396,content,E:\football_v\.venv\Lib\site-packages\pip\_vendor\rich\palette.py
C,11235,content,E:\football_v\.venv\Lib\site-packages\pip\_vendor\rich\panel.py
C,36391,content,E:\football_v\.venv\Lib\site-packages\pip\_vendor\rich\pretty.py
B,60357,content|rating|runtime|bet,E:\football_v\.venv\Lib\site-packages\pip\_vendor\rich\progress.py
C,8162,content,E:\football_v\.venv\Lib\site-packages\pip\_vendor\rich\progress_bar.py
C,12447,content|bet,E:\football_v\.venv\Lib\site-packages\pip\_vendor\rich\prompt.py
C,1391,content,E:\football_v\.venv\Lib\site-packages\pip\_vendor\rich\protocol.py
C,166,content,E:\football_v\.venv\Lib\site-packages\pip\_vendor\rich\region.py
C,4431,content,E:\football_v\.venv\Lib\site-packages\pip\_vendor\rich\repr.py
C,4602,content,E:\football_v\.venv\Lib\site-packages\pip\_vendor\rich\rule.py
C,2843,content|bet,E:\football_v\.venv\Lib\site-packages\pip\_vendor\rich\scope.py
C,1591,content,E:\football_v\.venv\Lib\site-packages\pip\_vendor\rich\screen.py
B,24743,content|rating|bet,E:\football_v\.venv\Lib\site-packages\pip\_vendor\rich\segment.py
C,4364,content,E:\football_v\.venv\Lib\site-packages\pip\_vendor\rich\spinner.py
C,4424,content,E:\football_v\.venv\Lib\site-packages\pip\_vendor\rich\status.py
C,27067,content,E:\football_v\.venv\Lib\site-packages\pip\_vendor\rich\style.py
C,1258,content,E:\football_v\.venv\Lib\site-packages\pip\_vendor\rich\styled.py
C,35763,content,E:\football_v\.venv\Lib\site-packages\pip\_vendor\rich\syntax.py
C,40103,content|bet,E:\football_v\.venv\Lib\site-packages\pip\_vendor\rich\table.py
C,3370,content,E:\football_v\.venv\Lib\site-packages\pip\_vendor\rich\terminal_theme.py
C,47552,content|bet,E:\football_v\.venv\Lib\site-packages\pip\_vendor\rich\text.py
C,3771,content,E:\football_v\.venv\Lib\site-packages\pip\_vendor\rich\theme.py
C,102,content,E:\football_v\.venv\Lib\site-packages\pip\_vendor\rich\themes.py
B,31797,content|feature|train,E:\football_v\.venv\Lib\site-packages\pip\_vendor\rich\traceback.py
C,9451,content,E:\football_v\.venv\Lib\site-packages\pip\_vendor\rich\tree.py
C,10209,content,E:\football_v\.venv\Lib\site-packages\pip\_vendor\rich\_cell_widths.py
B,140235,content|engine|bet|train,E:\football_v\.venv\Lib\site-packages\pip\_vendor\rich\_emoji_codes.py
C,1064,content,E:\football_v\.venv\Lib\site-packages\pip\_vendor\rich\_emoji_replace.py
C,2128,content,E:\football_v\.venv\Lib\site-packages\pip\_vendor\rich\_export_format.py
C,265,content,E:\football_v\.venv\Lib\site-packages\pip\_vendor\rich\_extension.py
C,799,content,E:\football_v\.venv\Lib\site-packages\pip\_vendor\rich\_fileno.py
C,9655,content|bet,E:\football_v\.venv\Lib\site-packages\pip\_vendor\rich\_inspect.py
C,3225,content,E:\football_v\.venv\Lib\site-packages\pip\_vendor\rich\_log_render.py
C,1236,content,E:\football_v\.venv\Lib\site-packages\pip\_vendor\rich\_loop.py
C,1394,content,E:\football_v\.venv\Lib\site-packages\pip\_vendor\rich\_null_file.py
C,7063,content,E:\football_v\.venv\Lib\site-packages\pip\_vendor\rich\_palettes.py
C,423,content,E:\football_v\.venv\Lib\site-packages\pip\_vendor\rich\_pick.py
C,5471,content|train,E:\football_v\.venv\Lib\site-packages\pip\_vendor\rich\_ratio.py
C,19919,content|bet,E:\football_v\.venv\Lib\site-packages\pip\_vendor\rich\_spinners.py
C,351,content,E:\football_v\.venv\Lib\site-packages\pip\_vendor\rich\_stack.py
C,417,content,E:\football_v\.venv\Lib\site-packages\pip\_vendor\rich\_timer.py
C,22755,content,E:\football_v\.venv\Lib\site-packages\pip\_vendor\rich\_win32_console.py
C,1925,content|feature,E:\football_v\.venv\Lib\site-packages\pip\_vendor\rich\_windows.py
C,2783,content,E:\football_v\.venv\Lib\site-packages\pip\_vendor\rich\_windows_renderer.py
C,3404,content,E:\football_v\.venv\Lib\site-packages\pip\_vendor\rich\_wrap.py
B,6090,content|feature|bet,E:\football_v\.venv\Lib\site-packages\pip\_vendor\rich\__init__.py
C,8477,content|feature,E:\football_v\.venv\Lib\site-packages\pip\_vendor\rich\__main__.py
C,25591,content,E:\football_v\.venv\Lib\site-packages\pip\_vendor\tomli\_parser.py
C,3171,content,E:\football_v\.venv\Lib\site-packages\pip\_vendor\tomli\_re.py
C,254,content,E:\football_v\.venv\Lib\site-packages\pip\_vendor\tomli\_types.py
C,314,content,E:\football_v\.venv\Lib\site-packages\pip\_vendor\tomli\__init__.py
C,10555,content,E:\football_v\.venv\Lib\site-packages\pip\_vendor\truststore\_api.py
C,20503,content|bet,E:\football_v\.venv\Lib\site-packages\pip\_vendor\truststore\_macos.py
C,2324,content,E:\football_v\.venv\Lib\site-packages\pip\_vendor\truststore\_openssl.py
C,1130,content,E:\football_v\.venv\Lib\site-packages\pip\_vendor\truststore\_ssl_constants.py
B,17993,content|engine|train,E:\football_v\.venv\Lib\site-packages\pip\_vendor\truststore\_windows.py
C,1264,content|runtime,E:\football_v\.venv\Lib\site-packages\pip\_vendor\truststore\__init__.py
B,20314,content|feature|engine|bet,E:\football_v\.venv\Lib\site-packages\pip\_vendor\urllib3\connection.py
C,40408,content|engine,E:\football_v\.venv\Lib\site-packages\pip\_vendor\urllib3\connectionpool.py
C,8217,content,E:\football_v\.venv\Lib\site-packages\pip\_vendor\urllib3\exceptions.py
C,8579,content,E:\football_v\.venv\Lib\site-packages\pip\_vendor\urllib3\fields.py
C,2440,content,E:\football_v\.venv\Lib\site-packages\pip\_vendor\urllib3\filepost.py
C,19990,content,E:\football_v\.venv\Lib\site-packages\pip\_vendor\urllib3\poolmanager.py
C,6691,content,E:\football_v\.venv\Lib\site-packages\pip\_vendor\urllib3\request.py
B,30641,content|history|bet,E:\football_v\.venv\Lib\site-packages\pip\_vendor\urllib3\response.py
C,11372,content,E:\football_v\.venv\Lib\site-packages\pip\_vendor\urllib3\_collections.py
D,64,,E:\football_v\.venv\Lib\site-packages\pip\_vendor\urllib3\_version.py
C,3333,content|bet,E:\football_v\.venv\Lib\site-packages\pip\_vendor\urllib3\__init__.py
C,11036,content|engine,E:\football_v\.venv\Lib\site-packages\pip\_vendor\urllib3\contrib\appengine.py
C,4528,content,E:\football_v\.venv\Lib\site-packages\pip\_vendor\urllib3\contrib\ntlmpool.py
B,17081,content|rating|bet,E:\football_v\.venv\Lib\site-packages\pip\_vendor\urllib3\contrib\pyopenssl.py
B,34446,content|feature|rating|bet,E:\football_v\.venv\Lib\site-packages\pip\_vendor\urllib3\contrib\securetransport.py
C,7097,content|feature,E:\football_v\.venv\Lib\site-packages\pip\_vendor\urllib3\contrib\socks.py
B,957,content|engine|runtime,E:\football_v\.venv\Lib\site-packages\pip\_vendor\urllib3\contrib\_appengine_environ.py
D,0,,E:\football_v\.venv\Lib\site-packages\pip\_vendor\urllib3\contrib\__init__.py
C,17632,content|bet,E:\football_v\.venv\Lib\site-packages\pip\_vendor\urllib3\contrib\_securetransport\bindings.py
C,13922,content,E:\football_v\.venv\Lib\site-packages\pip\_vendor\urllib3\contrib\_securetransport\low_level.py
D,0,,E:\football_v\.venv\Lib\site-packages\pip\_vendor\urllib3\contrib\_securetransport\__init__.py
C,34665,content,E:\football_v\.venv\Lib\site-packages\pip\_vendor\urllib3\packages\six.py
D,0,,E:\football_v\.venv\Lib\site-packages\pip\_vendor\urllib3\packages\__init__.py
C,1417,content,E:\football_v\.venv\Lib\site-packages\pip\_vendor\urllib3\packages\backports\makefile.py
C,5343,content,E:\football_v\.venv\Lib\site-packages\pip\_vendor\urllib3\packages\backports\weakref_finalize.py
D,0,,E:\football_v\.venv\Lib\site-packages\pip\_vendor\urllib3\packages\backports\__init__.py
C,4901,content|engine,E:\football_v\.venv\Lib\site-packages\pip\_vendor\urllib3\util\connection.py
C,1605,content,E:\football_v\.venv\Lib\site-packages\pip\_vendor\urllib3\util\proxy.py
C,498,content,E:\football_v\.venv\Lib\site-packages\pip\_vendor\urllib3\util\queue.py
C,3997,content|rating,E:\football_v\.venv\Lib\site-packages\pip\_vendor\urllib3\util\request.py
C,3510,content|engine,E:\football_v\.venv\Lib\site-packages\pip\_vendor\urllib3\util\response.py
B,22050,content|history|bet|train,E:\football_v\.venv\Lib\site-packages\pip\_vendor\urllib3\util\retry.py
C,6895,content|bet,E:\football_v\.venv\Lib\site-packages\pip\_vendor\urllib3\util\ssltransport.py
B,17460,content|feature|bet,E:\football_v\.venv\Lib\site-packages\pip\_vendor\urllib3\util\ssl_.py
C,5758,content,E:\football_v\.venv\Lib\site-packages\pip\_vendor\urllib3\util\ssl_match_hostname.py
C,10168,content|bet,E:\football_v\.venv\Lib\site-packages\pip\_vendor\urllib3\util\timeout.py
C,14296,content,E:\football_v\.venv\Lib\site-packages\pip\_vendor\urllib3\util\url.py
B,5403,content|engine|runtime|bet,E:\football_v\.venv\Lib\site-packages\pip\_vendor\urllib3\util\wait.py
C,1155,content,E:\football_v\.venv\Lib\site-packages\pip\_vendor\urllib3\util\__init__.py
D,74,,E:\football_v\.vscode\settings.json
A,3582,content|model|feature|engine|database,E:\football_v\00_System_OS\deploy_architecture_cleanup_engine_V1.0.py
B,4356,content|model|engine|database,E:\football_v\00_System_OS\deploy_release_validation_engine_V1.0.py
B,2546,content|model|database,E:\football_v\00_System_OS\deploy_system_quality_batch_01_V1.0.py
B,2606,content|database|odds,E:\football_v\00_System_OS\01_DATA_LAYER\main.py
C,195,content|database,E:\football_v\00_System_OS\01_DATA_LAYER\config\database_config.py
C,1769,content|database,E:\football_v\00_System_OS\01_DATA_LAYER\core\database\db_connection.py
C,425,content,E:\football_v\00_System_OS\01_DATA_LAYER\core\exception\base_exception.py
C,246,content|database,E:\football_v\00_System_OS\01_DATA_LAYER\core\exception\database_exception.py
C,253,content|database,E:\football_v\00_System_OS\01_DATA_LAYER\core\exception\error_codes.py
C,253,content,E:\football_v\00_System_OS\01_DATA_LAYER\core\exception\exception_handler.py
C,245,content,E:\football_v\00_System_OS\01_DATA_LAYER\core\exception\file_exception.py
C,250,content,E:\football_v\00_System_OS\01_DATA_LAYER\core\exception\validation_exception.py
C,350,content|database,E:\football_v\00_System_OS\01_DATA_LAYER\core\exception\__init__.py
C,2430,content,E:\football_v\00_System_OS\01_DATA_LAYER\core\file_service\file_service.py
C,1708,content,E:\football_v\00_System_OS\01_DATA_LAYER\core\hash_service\hash_service.py
C,435,content,E:\football_v\00_System_OS\01_DATA_LAYER\core\logger\compatibility.py
C,338,content,E:\football_v\00_System_OS\01_DATA_LAYER\core\logger\formatter.py
C,549,content,E:\football_v\00_System_OS\01_DATA_LAYER\core\logger\handlers.py
C,1808,content,E:\football_v\00_System_OS\01_DATA_LAYER\core\logger\logger.py
D,84,,E:\football_v\00_System_OS\01_DATA_LAYER\core\logger\log_config.json
C,114,content,E:\football_v\00_System_OS\01_DATA_LAYER\core\logger\__init__.py
C,1921,content,E:\football_v\00_System_OS\01_DATA_LAYER\core\validator\data_validator.py
C,416,content,E:\football_v\00_System_OS\01_DATA_LAYER\core\validator\schema_validator.py
C,1670,content,E:\football_v\00_System_OS\01_DATA_LAYER\core\validator\validation_result.py
C,343,content,E:\football_v\00_System_OS\01_DATA_LAYER\core\validator\__init__.py
C,1671,content,E:\football_v\00_System_OS\01_DATA_LAYER\core\version_service\version_service.py
C,131072,content,E:\football_v\00_System_OS\01_DATA_LAYER\database\archive_football_ai_os.db
C,28672,content,E:\football_v\00_System_OS\01_DATA_LAYER\database\football_ai_os.db
C,268873728,content,E:\football_v\00_System_OS\01_DATA_LAYER\database\match_data.db
C,266,content,E:\football_v\00_System_OS\01_DATA_LAYER\import_pipeline\archive_manager.py
C,649,content,E:\football_v\00_System_OS\01_DATA_LAYER\import_pipeline\duplicate_checker.py
C,1855,content,E:\football_v\00_System_OS\01_DATA_LAYER\import_pipeline\importer.py
C,437,content,E:\football_v\00_System_OS\01_DATA_LAYER\import_pipeline\scanner.py
C,359,content,E:\football_v\00_System_OS\01_DATA_LAYER\import_pipeline\validator.py
B,1287,content|database|bet,E:\football_v\00_System_OS\01_DATA_LAYER\market\bookmaker_manager.py
C,870,content|database,E:\football_v\00_System_OS\01_DATA_LAYER\market\market_type_manager.py
B,1217,content|database|odds,E:\football_v\00_System_OS\01_DATA_LAYER\market\odds_manager.py
C,1450,content,E:\football_v\00_System_OS\01_DATA_LAYER\quality\quality_checker.py
C,5527,content,E:\football_v\00_System_OS\01_DATA_LAYER\quality\quality_engine.py
C,758,content,E:\football_v\00_System_OS\01_DATA_LAYER\quality\quality_report.py
C,566,content,E:\football_v\00_System_OS\01_DATA_LAYER\registry\data_lineage.py
C,629,content|history,E:\football_v\00_System_OS\01_DATA_LAYER\registry\import_tracker.py
C,527,content,E:\football_v\00_System_OS\01_DATA_LAYER\registry\quality_score.py
C,1159,content,E:\football_v\00_System_OS\01_DATA_LAYER\registry\registry_manager.py
C,4561,content,E:\football_v\00_System_OS\01_DATA_LAYER\reports\database_inspection_report.json
C,540,content,E:\football_v\00_System_OS\01_DATA_LAYER\reports\database_migration_report.json
B,936,content|database|odds,E:\football_v\00_System_OS\01_DATA_LAYER\scripts\create_data_layer.py
C,1247,content|database,E:\football_v\00_System_OS\01_DATA_LAYER\scripts\database_alert_final_upgrade.py
C,1437,content|database,E:\football_v\00_System_OS\01_DATA_LAYER\scripts\database_init.py
B,1425,content|database|odds,E:\football_v\00_System_OS\01_DATA_LAYER\scripts\database_market_init.py
C,1445,content|database,E:\football_v\00_System_OS\01_DATA_LAYER\scripts\database_quality_alert_upgrade.py
C,2522,content|database,E:\football_v\00_System_OS\01_DATA_LAYER\scripts\database_quality_init.py
B,2438,content|history|database,E:\football_v\00_System_OS\01_DATA_LAYER\scripts\database_task_reliability_init.py
C,1543,content|database,E:\football_v\00_System_OS\01_DATA_LAYER\scripts\database_task_table_upgrade.py
C,3095,content|odds,E:\football_v\00_System_OS\01_DATA_LAYER\scripts\quality_rule_init.py
C,1666,content|history,E:\football_v\00_System_OS\01_DATA_LAYER\scripts\registry_init.py
B,1557,content|database|odds,E:\football_v\00_System_OS\01_DATA_LAYER\scripts\registry_manager.py
C,2813,content|odds,E:\football_v\00_System_OS\01_DATA_LAYER\scripts\retry_policy_init.py
C,863,content,E:\football_v\00_System_OS\01_DATA_LAYER\scripts\task_queue_init.py
D,14,,E:\football_v\00_System_OS\01_DATA_LAYER\scripts\test.csv
B,1807,content|engine|odds,E:\football_v\00_System_OS\01_DATA_LAYER\scripts\test_quality_engine.py
C,1666,content|odds,E:\football_v\00_System_OS\01_DATA_LAYER\scripts\test_registry_flow.py
C,1228,content,E:\football_v\00_System_OS\01_DATA_LAYER\scripts\test_retry_logger.py
C,2330,content|odds,E:\football_v\00_System_OS\01_DATA_LAYER\scripts\test_scheduler.py
B,1185,content|history|odds,E:\football_v\00_System_OS\01_DATA_LAYER\scripts\test_scheduler_reliability.py
C,1263,content|history,E:\football_v\00_System_OS\01_DATA_LAYER\scripts\test_task_history.py
B,1037,content|history|odds,E:\football_v\00_System_OS\01_DATA_LAYER\scripts\test_task_manager_reliability.py
C,1025,content|odds,E:\football_v\00_System_OS\01_DATA_LAYER\scripts\test_task_queue.py
B,1904,content|history|engine|odds,E:\football_v\00_System_OS\01_DATA_LAYER\scripts\test_task_reliability_full.py
C,530,content,E:\football_v\00_System_OS\01_DATA_LAYER\task_queue\manual_task.py
B,4126,content|history|engine,E:\football_v\00_System_OS\01_DATA_LAYER\task_queue\retry_engine.py
C,2110,content,E:\football_v\00_System_OS\01_DATA_LAYER\task_queue\retry_logger.py
B,3532,content|history|engine,E:\football_v\00_System_OS\01_DATA_LAYER\task_queue\scheduler.py
C,2073,content|history,E:\football_v\00_System_OS\01_DATA_LAYER\task_queue\task_history.py
C,3167,content|history,E:\football_v\00_System_OS\01_DATA_LAYER\task_queue\task_manager.py
C,816,content,E:\football_v\00_System_OS\01_DATA_LAYER\task_queue\task_query.py
C,154,content,E:\football_v\00_System_OS\01_DATA_LAYER\task_queue\task_status.py
D,88,,E:\football_v\00_System_OS\01_DATA_LAYER\test_data\test_odds.csv
C,15728640,content,E:\football_v\00_System_OS\02_FEATURE_LAYER\database\feature_store.db
C,53248,content,E:\football_v\00_System_OS\03_MODEL_LAYER\database\model_store.db
A,867,content|model|feature|engine|database,E:\football_v\00_System_OS\ARCHITECTURE_CLEANUP\architecture_classifier\architecture_classifier_V1.0.py
C,463,content,E:\football_v\00_System_OS\ARCHITECTURE_CLEANUP\architecture_scanner\architecture_scanner_V1.0.py
D,73,,E:\football_v\00_System_OS\ARCHITECTURE_CLEANUP\config\architecture_rules.json
A,744,content|model|feature|engine|database,E:\football_v\00_System_OS\ARCHITECTURE_CLEANUP\registry_manager\registry_manager_V1.0.py
A,828,content|model|feature|engine|database,E:\football_v\00_System_OS\ARCHITECTURE_CLEANUP\registry_manager\registry_manager_V1.1.py
C,832,content,E:\football_v\00_System_OS\ARCHITECTURE_CLEANUP\reports\architecture_cleanup_test_report.json
C,825,content,E:\football_v\00_System_OS\ARCHITECTURE_CLEANUP\tests\test_architecture_cleanup_V1.0.py
C,1150,content,E:\football_v\00_System_OS\ARCHITECTURE_CLEANUP\tests\test_architecture_cleanup_V1.1.py
C,360,content,E:\football_v\00_System_OS\Automation\logs\scheduler_log.json
C,1570,content,E:\football_v\00_System_OS\Automation\logs\workflow_run_log.json
C,348,content,E:\football_v\00_System_OS\Automation\scheduler\scheduler_config.json
C,1749,content,E:\football_v\00_System_OS\Automation\scheduler\scheduler_manager.py
C,263,content,E:\football_v\00_System_OS\Automation\task_manager\task_history.json
C,1954,content|history,E:\football_v\00_System_OS\Automation\task_manager\task_manager.py
C,415,content,E:\football_v\00_System_OS\Automation\task_manager\task_registry.json
C,1367,content,E:\football_v\00_System_OS\Automation\workflow\workflow.json
C,4248,content|engine,E:\football_v\00_System_OS\Automation\workflow\workflow_runner.py
C,2872,content,E:\football_v\00_System_OS\Bootstrap\bootstrap.py
C,201,content,E:\football_v\00_System_OS\Bootstrap\bootstrap_config.json
C,551,content,E:\football_v\00_System_OS\Bootstrap\bootstrap_log.json
C,1773,content,E:\football_v\00_System_OS\Bootstrap\config_generator.py
C,760,content,E:\football_v\00_System_OS\Bootstrap\deployment_report.json
C,1709,content,E:\football_v\00_System_OS\Bootstrap\deploy_system.py
C,1459,content,E:\football_v\00_System_OS\Bootstrap\setup_system.py
C,2300,content,E:\football_v\00_System_OS\Bootstrap\system_check.py
C,421,content,E:\football_v\00_System_OS\Bootstrap\system_check_log.json
D,93,,E:\football_v\00_System_OS\Bootstrap\config\automation.yaml
C,176,content,E:\football_v\00_System_OS\Bootstrap\config\config_generation.json
D,65,,E:\football_v\00_System_OS\Bootstrap\config\monitor.yaml
D,63,,E:\football_v\00_System_OS\Bootstrap\config\recovery.yaml
D,65,,E:\football_v\00_System_OS\Bootstrap\config\system.yaml
C,20480,content,E:\football_v\00_System_OS\database\football_ai_os.db
C,161,content,E:\football_v\00_System_OS\deployment_controller\alpha_integration_sprint_report.json
C,1654,content,E:\football_v\00_System_OS\deployment_controller\alpha_product_deployment_report.json
B,3729,content|model|engine|database,E:\football_v\00_System_OS\deployment_controller\deploy_alpha_integration_sprint_V1.0.py
A,2770,content|model|predict|engine|database,E:\football_v\00_System_OS\deployment_controller\deploy_alpha_product_sprint_V1.0.py
B,832,content|model|database,E:\football_v\00_System_OS\DEPLOYMENT_QUALITY_CHECKER\deployment_quality_checker_V1.0.py
C,271,content,E:\football_v\00_System_OS\DEPLOYMENT_QUALITY_CHECKER\reports\quality_report.json
C,243,content,E:\football_v\00_System_OS\ENVIRONMENT_CHECKER\environment_checker_V1.0.py
C,1097,content,E:\football_v\00_System_OS\File_Manager\archive\archive_index.json
C,2517,content,E:\football_v\00_System_OS\File_Manager\archive\archive_manager.py
C,2101,content|history,E:\football_v\00_System_OS\File_Manager\archive\archive_manager_v11.py
C,2747,content,E:\football_v\00_System_OS\File_Manager\archive\archive_report.json
C,167,content,E:\football_v\00_System_OS\File_Manager\archive\archive_rules.json
C,1886,content,E:\football_v\00_System_OS\File_Manager\archive\storage\20260718_170551\duplicate_report.csv
C,3306,content,E:\football_v\00_System_OS\File_Manager\archive\storage\20260718_170551\file_inventory.csv
C,2175,content,E:\football_v\00_System_OS\File_Manager\archive\storage\20260718_170551\lifecycle_report.csv
D,0,,E:\football_v\00_System_OS\File_Manager\config\file_manager.yaml
C,2735,content,E:\football_v\00_System_OS\File_Manager\duplicate\duplicate_detector_v11.py
C,15126,content,E:\football_v\00_System_OS\File_Manager\duplicate\duplicate_report_v11.json
C,2007,content,E:\football_v\00_System_OS\File_Manager\hash\duplicate_detector.py
B,2123,content|history|engine,E:\football_v\00_System_OS\File_Manager\lifecycle\lifecycle_engine.py
C,2355,content,E:\football_v\00_System_OS\File_Manager\lifecycle\lifecycle_history.json
C,2129,content,E:\football_v\00_System_OS\File_Manager\lifecycle\lifecycle_manager.py
C,1113,content,E:\football_v\00_System_OS\File_Manager\lifecycle\lifecycle_rules.json
C,2100,content,E:\football_v\00_System_OS\File_Manager\registry\asset_schema.json
C,6802,content,E:\football_v\00_System_OS\File_Manager\registry\file_registry.json
C,9122,content,E:\football_v\00_System_OS\File_Manager\registry\file_registry_v11.json
C,2431,content,E:\football_v\00_System_OS\File_Manager\registry\file_registry_v11.py
C,1886,content,E:\football_v\00_System_OS\File_Manager\reports\duplicate_report.csv
C,3306,content,E:\football_v\00_System_OS\File_Manager\reports\file_inventory.csv
C,2175,content,E:\football_v\00_System_OS\File_Manager\reports\lifecycle_report.csv
D,0,,E:\football_v\00_System_OS\File_Manager\runtime\file_manager_state.json
C,4062,content|model,E:\football_v\00_System_OS\File_Manager\scanner\file_scanner.py
C,2213,content,E:\football_v\00_System_OS\File_Manager\source\source_schema.json
C,2276,content,E:\football_v\00_System_OS\File_Manager\version\version_manager.py
C,6135,content,E:\football_v\00_System_OS\File_Manager\version\version_registry.json
C,934,content,E:\football_v\00_System_OS\File_Manager\version\version_schema.json
C,265,content,E:\football_v\00_System_OS\FINAL_RELEASE_GATE\final_release_gate_V1.0.py
A,2270,content|model|predict|engine|database,E:\football_v\00_System_OS\integration_test\deploy_alpha_integration_test_V1.0.py
B,195,content|model|predict,E:\football_v\00_System_OS\integration_test\test_api_pipeline.py
B,198,content|model|predict,E:\football_v\00_System_OS\integration_test\test_dashboard.py
B,359,content|model|engine|database,E:\football_v\00_System_OS\integration_test\test_database_connection.py
C,216,content|model,E:\football_v\00_System_OS\integration_test\test_model_pipeline.py
C,202,content,E:\football_v\00_System_OS\integration_test\test_product_package.py
C,162,content,E:\football_v\00_System_OS\integration_test\reports\alpha_test_deployment_report.json
D,2,,E:\football_v\00_System_OS\Monitor\error_log.json
C,197,content,E:\football_v\00_System_OS\Monitor\health_status.json
C,113,content,E:\football_v\00_System_OS\Monitor\heartbeat.json
C,2402,content|history,E:\football_v\00_System_OS\Monitor\monitor_service.py
C,1059,content,E:\football_v\00_System_OS\QUALITY_TESTS\test_system_quality_batch_01_V1.0.py
C,653,content,E:\football_v\00_System_OS\QUALITY_TESTS\reports\system_quality_test_report.json
C,2030,content,E:\football_v\00_System_OS\Recovery\recovery_controller.py
C,304,content,E:\football_v\00_System_OS\Recovery\recovery_log.json
C,401,content,E:\football_v\00_System_OS\Recovery\recovery_policy.json
C,1969,content|history,E:\football_v\00_System_OS\Recovery\recovery_service.py
C,1148,content|engine,E:\football_v\00_System_OS\registry\dependency_engine.py
C,450,content,E:\football_v\00_System_OS\registry\dependency_map.json
C,658,content,E:\football_v\00_System_OS\registry\modules.json
D,0,,E:\football_v\00_System_OS\registry\module_registry.json
C,152,content,E:\football_v\00_System_OS\registry\module_template.json
C,2461,content,E:\football_v\00_System_OS\registry\registry.json
C,906,content,E:\football_v\00_System_OS\registry\registry_api.py
C,125,content,E:\football_v\00_System_OS\registry\registry_log.json
C,2351,content,E:\football_v\00_System_OS\registry\registry_manager.py
C,2254,content,E:\football_v\00_System_OS\registry\registry_scanner.py
B,334,content|model|database,E:\football_v\00_System_OS\RELEASE_VALIDATION\dependency_checker\dependency_checker_V1.0.py
C,220,content,E:\football_v\00_System_OS\RELEASE_VALIDATION\integrity_checker\integrity_checker_V1.0.py
C,377,content,E:\football_v\00_System_OS\RELEASE_VALIDATION\module_scanner\module_scanner_V1.0.py
B,1224,content|model|engine|database,E:\football_v\00_System_OS\RELEASE_VALIDATION\release_validation_engine\release_validation_engine_V1.0.py
C,1052,content|engine,E:\football_v\00_System_OS\RELEASE_VALIDATION\release_validation_engine\release_validation_engine_V1.1.py
C,158,content,E:\football_v\00_System_OS\RELEASE_VALIDATION\reports\deployment_report.json
C,1900,content,E:\football_v\00_System_OS\RELEASE_VALIDATION\reports\release_validation_report.json
C,833,content,E:\football_v\00_System_OS\RELEASE_VALIDATION\reports\release_validation_test_report.json
C,107,content,E:\football_v\00_System_OS\RELEASE_VALIDATION\system_manifest\system_manifest_V1.0.json
C,1368,content|engine,E:\football_v\00_System_OS\RELEASE_VALIDATION\tests\test_release_validation_V1.0.py
C,1419,content|engine,E:\football_v\00_System_OS\RELEASE_VALIDATION\tests\test_release_validation_V1.1.py
C,170,content,E:\football_v\00_System_OS\reports\system_quality_batch_01_report.json
D,0,,E:\football_v\00_System_OS\runtime\system_state.json
C,3136,content|database,E:\football_v\00_System_OS\scripts\framework_initializer.py
C,2202,content,E:\football_v\00_System_OS\scripts\project_structure_scanner.py
B,268,content|model|database,E:\football_v\00_System_OS\SYSTEM_HEALTH_MONITOR\system_health_monitor_V1.0.py
C,338,content|database,E:\football_v\00_SYSTEM_TOOLS\check_database_location_V4.0.py
B,803,content|model|database,E:\football_v\00_SYSTEM_TOOLS\database_location_discovery_V4.0.py
B,1885,content|model|database,E:\football_v\00_SYSTEM_TOOLS\data_schema_validation_V4.0.py
B,1798,content|model|engine|train,E:\football_v\00_SYSTEM_TOOLS\deploy_training_engine_V4.0.py
B,893,content|model|feature|train,E:\football_v\00_SYSTEM_TOOLS\deploy_training_system_V4.0.py
A,1843,content|model|predict|feature|runtime|database|train,E:\football_v\00_SYSTEM_TOOLS\final_system_completion_V4.0.py
A,1514,content|model|feature|database|train,E:\football_v\00_SYSTEM_TOOLS\model_data_snapshot_V4.0.py
B,987,content|model|database,E:\football_v\00_SYSTEM_TOOLS\schema_check_V4.0.py
B,1851,content|model|database|train,E:\football_v\00_SYSTEM_TOOLS\training_preflight_check_V4.0.py
C,3832,content|engine,E:\football_v\00_SYSTEM_TOOLS\Architecture_Duplicate_Cleanup_V2.0\duplicate_cleanup_engine_V2.0.py
C,1871,content|engine,E:\football_v\00_SYSTEM_TOOLS\Architecture_Migration_Tool\architecture_cleanup_engine_V3.0.py
C,3310,content|engine,E:\football_v\00_SYSTEM_TOOLS\Architecture_Migration_Tool\architecture_cleanup_engine_V4.0.py
C,114906,content,E:\football_v\00_SYSTEM_TOOLS\Architecture_Migration_Tool\architecture_registry.json
C,187,content,E:\football_v\00_SYSTEM_TOOLS\Architecture_Migration_Tool\architecture_registry_V1.9.json
A,3373,content|model|predict|feature|engine|runtime|database|train,E:\football_v\00_SYSTEM_TOOLS\Architecture_Migration_Tool\consolidation_architecture_V1.4.py
C,2865,content|engine,E:\football_v\00_SYSTEM_TOOLS\Architecture_Migration_Tool\consolidation_architecture_V1.6.py
C,1702,content|engine,E:\football_v\00_SYSTEM_TOOLS\Architecture_Migration_Tool\consolidation_engine_V1.6.py
A,2036,content|model|predict|feature|engine|database|train,E:\football_v\00_SYSTEM_TOOLS\Architecture_Migration_Tool\create_architecture_merge_tool_V1.0.py
C,3397,content|engine,E:\football_v\00_SYSTEM_TOOLS\Architecture_Migration_Tool\deprecated_archive_engine_V1.7.py
C,147,content,E:\football_v\00_SYSTEM_TOOLS\Architecture_Migration_Tool\deprecated_registry.json
C,2024,content,E:\football_v\00_SYSTEM_TOOLS\Architecture_Migration_Tool\final_architecture_validator_V1.8.py
C,2194,content|engine,E:\football_v\00_SYSTEM_TOOLS\Architecture_Migration_Tool\final_cleanup_engine_V2.1.py
C,3821,content|engine,E:\football_v\00_SYSTEM_TOOLS\Architecture_Migration_Tool\final_delete_engine_V1.9.py
C,3635,content|engine,E:\football_v\00_SYSTEM_TOOLS\Architecture_Migration_Tool\merge_architecture_cleanup_V1.3.py
B,1420,content|model|predict|engine,E:\football_v\00_SYSTEM_TOOLS\Architecture_Migration_Tool\merge_architecture_V1.0.py
C,3406,content|engine,E:\football_v\00_SYSTEM_TOOLS\Architecture_Migration_Tool\merge_architecture_V1.1.py
C,842,content,E:\football_v\00_SYSTEM_TOOLS\Architecture_Migration_Tool\merge_config_V1.0.json
C,2070,content,E:\football_v\00_SYSTEM_TOOLS\Architecture_Migration_Tool\migration_executor_V1.2.py
C,3463,content|engine,E:\football_v\00_SYSTEM_TOOLS\Architecture_Migration_Tool\validate_architecture_V1.1.py
C,3170,content,E:\football_v\00_SYSTEM_TOOLS\Architecture_Migration_Tool\cleanup_engine\cleanup_planner_V1.2.py
C,3522,content|engine,E:\football_v\00_SYSTEM_TOOLS\Architecture_Migration_Tool\dependency_migration\dependency_migration_engine_V1.5.py
C,160,content,E:\football_v\00_SYSTEM_TOOLS\Architecture_Migration_Tool\reports\ARCHITECTURE_MERGE_CHECKPOINT_V1.1.json
C,163,content,E:\football_v\00_SYSTEM_TOOLS\Architecture_Migration_Tool\reports\ARCHITECTURE_VALIDATION_CHECKPOINT_V1.1.json
C,49119,content,E:\football_v\00_SYSTEM_TOOLS\Architecture_Migration_Tool\reports\ARCHITECTURE_VALIDATION_REPORT_V1.1.json
C,355,content,E:\football_v\00_SYSTEM_TOOLS\Architecture_Migration_Tool\reports\CONSOLIDATION_REPORT_V1.4.json
C,361,content,E:\football_v\00_SYSTEM_TOOLS\Architecture_Migration_Tool\reports\FINAL_DELETE_REPORT_V1.9.json
C,173,content,E:\football_v\00_SYSTEM_TOOLS\Architecture_Migration_Tool\reports\MERGE_ANALYSIS_REPORT_V1.0.json
C,387,content,E:\football_v\00_SYSTEM_TOOLS\Architecture_Migration_Tool\reports\MERGE_EXECUTION_REPORT_V1.1.json
C,418,content,E:\football_v\00_SYSTEM_TOOLS\Architecture_Migration_Tool\reports\MIGRATION_EXECUTION_REPORT_V1.2.json
C,375,content,E:\football_v\00_SYSTEM_TOOLS\Checkpoint\ai_autonomous_engine_hil_v1.4_checkpoint.json
C,458,content,E:\football_v\00_SYSTEM_TOOLS\Checkpoint\ai_autonomous_engine_hil_v1.6_checkpoint.json
C,553,content,E:\football_v\00_SYSTEM_TOOLS\Checkpoint\ai_autonomous_engine_hil_v1.8_checkpoint.json
C,334,content,E:\football_v\00_SYSTEM_TOOLS\Checkpoint\ai_orchestration_layer_v1.3_checkpoint.json
C,321,content,E:\football_v\00_SYSTEM_TOOLS\Checkpoint\backtest_system_v1.3_checkpoint.json
C,303,content,E:\football_v\00_SYSTEM_TOOLS\Checkpoint\decision_engine_v1.3_checkpoint.json
C,395,content,E:\football_v\00_SYSTEM_TOOLS\Checkpoint\feature_store_v1.9_checkpoint.json
C,310,content,E:\football_v\00_SYSTEM_TOOLS\Checkpoint\feature_store_v2.0_checkpoint.json
C,374,content,E:\football_v\00_SYSTEM_TOOLS\Checkpoint\feature_store_v2.1_checkpoint.json
C,342,content,E:\football_v\00_SYSTEM_TOOLS\Checkpoint\feature_store_v2.2_checkpoint.json
C,342,content,E:\football_v\00_SYSTEM_TOOLS\Checkpoint\feature_store_v2.3_checkpoint.json
C,764,content,E:\football_v\00_SYSTEM_TOOLS\Checkpoint\feature_store_v2.6_checkpoint.json
C,145,content,E:\football_v\00_SYSTEM_TOOLS\Checkpoint\feature_store_v3.0_checkpoint.json
C,407,content,E:\football_v\00_SYSTEM_TOOLS\Checkpoint\model_layer_v1.3_checkpoint.json
C,300,content,E:\football_v\00_SYSTEM_TOOLS\Checkpoint\prediction_engine_v1.3_checkpoint.json
B,4424,content|predict|history,E:\football_v\00_SYSTEM_TOOLS\deploy_scripts\deploy_phase3_2_memory_bridge.py
B,2910,content|predict|history|engine,E:\football_v\00_SYSTEM_TOOLS\deploy_scripts\deploy_v15_phase1.py
C,1468,content|predict,E:\football_v\00_SYSTEM_TOOLS\deploy_scripts\deploy_v15_phase1_patch.py
B,4101,content|model|predict|engine,E:\football_v\00_SYSTEM_TOOLS\deploy_scripts\deploy_v15_phase2.py
B,1485,content|model|odds,E:\football_v\00_SYSTEM_TOOLS\FINAL_DEPLOYMENT_V4.0\deploy_final_V4.0.py
B,2018,content|model|predict,E:\football_v\00_SYSTEM_TOOLS\FIRST_REAL_PREDICTION_TEST_V4.0\first_real_prediction_test_V4.0.py
C,260,content,E:\football_v\00_SYSTEM_TOOLS\Module_Deployment_Tool\config\deployment_tool_config.json
C,163,content|engine,E:\football_v\00_SYSTEM_TOOLS\Module_Deployment_Tool\core\deployment_engine.py
C,296,content,E:\football_v\00_SYSTEM_TOOLS\Module_Deployment_Tool\core\encoding_validator.py
C,340,content,E:\football_v\00_SYSTEM_TOOLS\Module_Deployment_Tool\core\json_validator.py
C,139,content,E:\football_v\00_SYSTEM_TOOLS\Module_Deployment_Tool\core\path_validator.py
C,388,content,E:\football_v\00_SYSTEM_TOOLS\Module_Deployment_Tool\core\syntax_validator.py
A,7736,content|model|feature|history|engine,E:\football_v\00_SYSTEM_TOOLS\Module_Deployment_Tool\modules\deploy_ai_autonomous_engine_HIL_V1.0_V1.4.py
B,5847,content|model|engine,E:\football_v\00_SYSTEM_TOOLS\Module_Deployment_Tool\modules\deploy_ai_autonomous_engine_HIL_V1.2.py
B,12229,content|model|history|engine,E:\football_v\00_SYSTEM_TOOLS\Module_Deployment_Tool\modules\deploy_ai_autonomous_engine_HIL_V1.3_V1.4.py
B,12742,content|model|history|engine,E:\football_v\00_SYSTEM_TOOLS\Module_Deployment_Tool\modules\deploy_ai_autonomous_engine_HIL_V1.5_V1.6.py
B,14128,content|history|engine,E:\football_v\00_SYSTEM_TOOLS\Module_Deployment_Tool\modules\deploy_ai_autonomous_engine_HIL_V1.7_V1.8.py
B,10885,content|model|history|engine,E:\football_v\00_SYSTEM_TOOLS\Module_Deployment_Tool\modules\deploy_ai_autonomous_engine_HIL_V1.9_V2.0.py
A,11080,content|model|feature|history|engine,E:\football_v\00_SYSTEM_TOOLS\Module_Deployment_Tool\modules\deploy_ai_autonomous_engine_HIL_V2.1_V2.2_BATCH.py
B,8102,content|predict|engine,E:\football_v\00_SYSTEM_TOOLS\Module_Deployment_Tool\modules\deploy_ai_autonomous_engine_HIL_V2.3_V2.4_BATCH.py
B,8499,content|predict|engine,E:\football_v\00_SYSTEM_TOOLS\Module_Deployment_Tool\modules\deploy_ai_autonomous_engine_HIL_V2.5_V2.6_BATCH.py
B,11190,content|predict|feature|engine,E:\football_v\00_SYSTEM_TOOLS\Module_Deployment_Tool\modules\deploy_ai_autonomous_engine_HIL_V2.7_V2.8_BATCH.py
B,12362,content|predict|engine|odds,E:\football_v\00_SYSTEM_TOOLS\Module_Deployment_Tool\modules\deploy_ai_autonomous_engine_HIL_V2.9_V3.0_BATCH.py
C,2880,content|engine,E:\football_v\00_SYSTEM_TOOLS\Module_Deployment_Tool\modules\deploy_ai_autonomous_engine_V1.0_V1.3.py
A,4773,content|model|predict|engine|train,E:\football_v\00_SYSTEM_TOOLS\Module_Deployment_Tool\modules\deploy_ai_intelligence_layer_core_V1.0.py
A,5745,content|model|predict|engine|train,E:\football_v\00_SYSTEM_TOOLS\Module_Deployment_Tool\modules\deploy_ai_intelligence_layer_test_V1.0.py
A,4554,content|model|predict|feature|engine,E:\football_v\00_SYSTEM_TOOLS\Module_Deployment_Tool\modules\deploy_ai_orchestration_layer_batch_V1.0.py
B,1366,content|model|engine,E:\football_v\00_SYSTEM_TOOLS\Module_Deployment_Tool\modules\deploy_ai_orchestration_layer_test_V1.0.py
B,3216,content|model|predict|engine,E:\football_v\00_SYSTEM_TOOLS\Module_Deployment_Tool\modules\deploy_ai_orchestration_layer_V1.0.py
A,11043,content|model|predict|feature|engine,E:\football_v\00_SYSTEM_TOOLS\Module_Deployment_Tool\modules\deploy_ai_orchestration_layer_V1.0_V1.3.py
B,1458,content|engine|odds,E:\football_v\00_SYSTEM_TOOLS\Module_Deployment_Tool\modules\deploy_api_integration_layer_test_V1.0.py
B,2850,content|model|engine|odds,E:\football_v\00_SYSTEM_TOOLS\Module_Deployment_Tool\modules\deploy_api_integration_layer_V1.0.py
A,1523,content|model|predict|feature|engine|database,E:\football_v\00_SYSTEM_TOOLS\Module_Deployment_Tool\modules\deploy_autonomous_learning_engine_test_V1.0.py
A,3461,content|model|predict|feature|engine|database,E:\football_v\00_SYSTEM_TOOLS\Module_Deployment_Tool\modules\deploy_autonomous_learning_engine_V1.0.py
B,1086,content|model|engine,E:\football_v\00_SYSTEM_TOOLS\Module_Deployment_Tool\modules\deploy_backtest_system_test_V1.0.py
B,2421,content|model|predict|engine,E:\football_v\00_SYSTEM_TOOLS\Module_Deployment_Tool\modules\deploy_backtest_system_V1.0.py
A,14599,content|model|predict|feature|engine|bet,E:\football_v\00_SYSTEM_TOOLS\Module_Deployment_Tool\modules\deploy_backtest_system_V1.0_V1.3.py
B,1300,content|model|feature|engine,E:\football_v\00_SYSTEM_TOOLS\Module_Deployment_Tool\modules\deploy_data_intelligence_checkpoint_V1.0.py
B,4582,content|model|feature|engine,E:\football_v\00_SYSTEM_TOOLS\Module_Deployment_Tool\modules\deploy_data_intelligence_engine_V1.0.py
B,4900,content|model|engine,E:\football_v\00_SYSTEM_TOOLS\Module_Deployment_Tool\modules\deploy_data_intelligence_test_V1.0.py
A,13824,content|model|predict|feature|engine|runtime|bet,E:\football_v\00_SYSTEM_TOOLS\Module_Deployment_Tool\modules\deploy_decision_engine_V1.0_V1.3.py
B,1202,content|model|engine,E:\football_v\00_SYSTEM_TOOLS\Module_Deployment_Tool\modules\deploy_decision_intelligence_layer_test_V1.0.py
B,3291,content|model|feature|engine,E:\football_v\00_SYSTEM_TOOLS\Module_Deployment_Tool\modules\deploy_decision_intelligence_layer_V1.0.py
B,1420,content|model|feature|engine,E:\football_v\00_SYSTEM_TOOLS\Module_Deployment_Tool\modules\deploy_dynamic_feature_weight_checkpoint_V1.0.py
B,2981,content|model|feature|engine,E:\football_v\00_SYSTEM_TOOLS\Module_Deployment_Tool\modules\deploy_dynamic_feature_weight_engine_V1.0.py
B,4767,content|model|feature|engine,E:\football_v\00_SYSTEM_TOOLS\Module_Deployment_Tool\modules\deploy_dynamic_feature_weight_test_V1.0.py
B,2995,content|model|feature,E:\football_v\00_SYSTEM_TOOLS\Module_Deployment_Tool\modules\deploy_feature_store_adapter_V1.0.py
B,3129,content|model|feature,E:\football_v\00_SYSTEM_TOOLS\Module_Deployment_Tool\modules\deploy_feature_store_core_V1.0.py
C,4050,content|feature,E:\football_v\00_SYSTEM_TOOLS\Module_Deployment_Tool\modules\deploy_feature_store_test_V1.0.py
B,6594,content|model|feature,E:\football_v\00_SYSTEM_TOOLS\Module_Deployment_Tool\modules\deploy_feature_store_V1.0.py
B,5329,content|feature|database,E:\football_v\00_SYSTEM_TOOLS\Module_Deployment_Tool\modules\deploy_feature_store_V1.1.py
B,5945,content|feature|runtime|database,E:\football_v\00_SYSTEM_TOOLS\Module_Deployment_Tool\modules\deploy_feature_store_V1.2.py
B,5752,content|feature|engine|database,E:\football_v\00_SYSTEM_TOOLS\Module_Deployment_Tool\modules\deploy_feature_store_V1.3.py
B,7141,content|feature|runtime|database,E:\football_v\00_SYSTEM_TOOLS\Module_Deployment_Tool\modules\deploy_feature_store_V1.4.py
B,6093,content|model|feature,E:\football_v\00_SYSTEM_TOOLS\Module_Deployment_Tool\modules\deploy_feature_store_V1.5.py
B,6310,content|model|feature,E:\football_v\00_SYSTEM_TOOLS\Module_Deployment_Tool\modules\deploy_feature_store_V1.6.py
B,5641,content|feature|database,E:\football_v\00_SYSTEM_TOOLS\Module_Deployment_Tool\modules\deploy_feature_store_V1.7.py
B,5507,content|model|feature|train,E:\football_v\00_SYSTEM_TOOLS\Module_Deployment_Tool\modules\deploy_feature_store_V1.8.py
B,6326,content|feature|history|engine,E:\football_v\00_SYSTEM_TOOLS\Module_Deployment_Tool\modules\deploy_feature_store_V1.9.py
A,6274,content|model|feature|history|database,E:\football_v\00_SYSTEM_TOOLS\Module_Deployment_Tool\modules\deploy_feature_store_V2.0.py
A,7248,content|model|feature|history|database,E:\football_v\00_SYSTEM_TOOLS\Module_Deployment_Tool\modules\deploy_feature_store_V2.1.py
B,7304,content|feature|runtime|database,E:\football_v\00_SYSTEM_TOOLS\Module_Deployment_Tool\modules\deploy_feature_store_V2.2.py
B,6336,content|feature|database,E:\football_v\00_SYSTEM_TOOLS\Module_Deployment_Tool\modules\deploy_feature_store_V2.3.py
B,11678,content|feature|database,E:\football_v\00_SYSTEM_TOOLS\Module_Deployment_Tool\modules\deploy_feature_store_V2.4_V2.6.py
A,8928,content|model|predict|feature|history|engine,E:\football_v\00_SYSTEM_TOOLS\Module_Deployment_Tool\modules\deploy_feature_store_V2.7_V3.0.py
B,1407,content|model|engine|odds,E:\football_v\00_SYSTEM_TOOLS\Module_Deployment_Tool\modules\deploy_market_intelligence_layer_test_V1.0.py
B,2983,content|model|engine|odds,E:\football_v\00_SYSTEM_TOOLS\Module_Deployment_Tool\modules\deploy_market_intelligence_layer_V1.0.py
B,1366,content|model|feature|engine,E:\football_v\00_SYSTEM_TOOLS\Module_Deployment_Tool\modules\deploy_model_explanation_engine_test_V1.0.py
A,3039,content|model|feature|rating|engine,E:\football_v\00_SYSTEM_TOOLS\Module_Deployment_Tool\modules\deploy_model_explanation_engine_V1.0.py
A,13366,content|model|predict|feature|engine|runtime|train,E:\football_v\00_SYSTEM_TOOLS\Module_Deployment_Tool\modules\deploy_model_layer_V1.0_V1.3.py
C,4500,content|engine,E:\football_v\00_SYSTEM_TOOLS\Module_Deployment_Tool\modules\deploy_module_deployment_tool_test_V1.1.py
C,3759,content|engine,E:\football_v\00_SYSTEM_TOOLS\Module_Deployment_Tool\modules\deploy_module_deployment_tool_V1.1.py
B,4533,content|model|predict|engine,E:\football_v\00_SYSTEM_TOOLS\Module_Deployment_Tool\modules\deploy_prediction_engine_batch_test_V1.0.py
B,4340,content|model|predict|engine,E:\football_v\00_SYSTEM_TOOLS\Module_Deployment_Tool\modules\deploy_prediction_engine_batch_V1.0.py
A,15868,content|model|predict|feature|engine|runtime,E:\football_v\00_SYSTEM_TOOLS\Module_Deployment_Tool\modules\deploy_prediction_engine_V1.0_V1.3.py
B,4169,content|model|predict|engine,E:\football_v\00_SYSTEM_TOOLS\Module_Deployment_Tool\modules\deploy_prediction_intelligence_engine_V1.0.py
B,4824,content|model|predict|engine,E:\football_v\00_SYSTEM_TOOLS\Module_Deployment_Tool\modules\deploy_prediction_intelligence_test_V1.0.py
B,1572,content|model|engine,E:\football_v\00_SYSTEM_TOOLS\Module_Deployment_Tool\modules\deploy_report_intelligence_layer_test_V1.0.py
B,3311,content|model|engine,E:\football_v\00_SYSTEM_TOOLS\Module_Deployment_Tool\modules\deploy_report_intelligence_layer_V1.0.py
B,1503,content|model|engine|database,E:\football_v\00_SYSTEM_TOOLS\Module_Deployment_Tool\modules\deploy_system_monitoring_layer_test_V1.0.py
B,2829,content|model|engine|database,E:\football_v\00_SYSTEM_TOOLS\Module_Deployment_Tool\modules\deploy_system_monitoring_layer_V1.0.py
C,168,content,E:\football_v\00_SYSTEM_TOOLS\Module_Deployment_Tool\registry\deployment_tool_registry.json
C,161,content,E:\football_v\00_SYSTEM_TOOLS\Module_Deployment_Tool\reports\deployment_tool_deploy_report.json
C,995,content,E:\football_v\00_SYSTEM_TOOLS\Module_Deployment_Tool\reports\deployment_tool_test_report.json
A,2034,content|model|predict|feature|runtime|database,E:\football_v\00_SYSTEM_TOOLS\RUNTIME_VALIDATION_V4.0\runtime_validation_V4.0.py
C,268873728,content,E:\football_v\01_DATA_LAYER\database\match_data.db
C,2162,content|history,E:\football_v\01_Data_Source\acceptance\acceptance_check.py
B,2868,content|history|engine,E:\football_v\01_Data_Source\download\data_downloader.py
C,256,content,E:\football_v\01_Data_Source\download\download_history.json
C,705,content,E:\football_v\01_Data_Source\monitor\source_health_report.json
C,2622,content,E:\football_v\01_Data_Source\monitor\source_monitor.py
C,858,content,E:\football_v\01_Data_Source\pipeline\pipeline_runner.py
C,698,content,E:\football_v\01_Data_Source\pipeline\source_scanner.py
C,550,content,E:\football_v\01_Data_Source\pipeline\source_validator.py
C,1248,content,E:\football_v\01_Data_Source\registry\source_registry.json
C,1531,content|engine,E:\football_v\01_Data_Source\registry\source_registry.py
C,1013,content,E:\football_v\01_Data_Source\reports\data_source_acceptance_report.json
C,1086,content|engine,E:\football_v\02_Data_Platform\data_loader\data_loader.py
C,73,engine,E:\football_v\02_Data_Platform\data_loader\__init__.py
C,1450,content|engine,E:\football_v\02_Data_Platform\data_loader\engine\loader_engine.py
C,337,content,E:\football_v\02_Data_Platform\data_loader\formats\csv_loader.py
C,503,content,E:\football_v\02_Data_Platform\data_manager\dataset_manager.py
C,583,content,E:\football_v\02_Data_Platform\data_manager\dataset_registry.json
C,2340,content|odds,E:\football_v\02_Data_Platform\data_manager\dataset_registry.py
C,674,content,E:\football_v\02_Data_Platform\data_manager\data_manager.py
C,156,content,E:\football_v\02_Data_Platform\data_manager\__init__.py
C,452,content,E:\football_v\02_Data_Platform\data_manager\__main__.py
C,2293,content|engine,E:\football_v\02_Data_Platform\integration\platform_bootstrap.py
C,729,content,E:\football_v\02_Data_Platform\metadata\data_platform_registry.json
C,1100,content,E:\football_v\02_Data_Platform\metadata\metadata_manager.py
C,597,content,E:\football_v\02_Data_Platform\metadata\metadata_registry.json
C,397,content,E:\football_v\02_Data_Platform\metadata\metadata_schema.py
C,2519,content|engine,E:\football_v\02_Data_Platform\metadata\lineage\data_lineage.py
C,318,content,E:\football_v\02_Data_Platform\metadata\lineage\lineage_registry.json
C,631,content|engine,E:\football_v\02_Data_Platform\pipeline\data_pipeline.py
C,812,content,E:\football_v\02_Data_Platform\raw\raw_manager.py
C,55041,content,E:\football_v\02_Data_Platform\raw\raw_registry.json
C,907,content,E:\football_v\02_Data_Platform\raw\raw_registry.py
C,834,content,E:\football_v\02_Data_Platform\raw\raw_scanner.py
C,526,content,E:\football_v\02_Data_Platform\registry\data_platform_registry.json
C,1063,content,E:\football_v\02_Data_Platform\registry\data_platform_registry.py
C,2290,content|engine,E:\football_v\02_Data_Platform\storage_engine\storage_manager.py
C,696,content,E:\football_v\02_Data_Platform\storage_engine\storage_registry.json
C,88907776,content,E:\football_v\02_FEATURE_LAYER\database\feature_store.db
C,2570,content|engine,E:\football_v\03_Data_Governance\audit\audit_engine.py
C,846,content,E:\football_v\03_Data_Governance\audit\audit_rules.json
C,2495,content|engine,E:\football_v\03_Data_Governance\controller\governance_controller.py
B,1967,content|model|feature|engine,E:\football_v\03_Data_Governance\lineage\lineage_engine.py
C,626,content,E:\football_v\03_Data_Governance\lineage\lineage_registry.json
C,2203,content|engine,E:\football_v\03_Data_Governance\quality\quality_engine.py
C,157,content,E:\football_v\03_Data_Governance\registry\audit_registry.json
C,119,content,E:\football_v\03_Data_Governance\registry\data_registry.json
C,166,content,E:\football_v\03_Data_Governance\registry\governance_registry.json
C,159,content,E:\football_v\03_Data_Governance\registry\lineage_registry.json
C,159,content,E:\football_v\03_Data_Governance\registry\quality_registry.json
C,162,content,E:\football_v\03_Data_Governance\registry\validation_registry.json
C,1324,content,E:\football_v\03_Data_Governance\reports\audit_report.json
C,973,content,E:\football_v\03_Data_Governance\reports\governance_status.json
C,667,content,E:\football_v\03_Data_Governance\reports\lineage_report.json
C,531,content,E:\football_v\03_Data_Governance\reports\quality_report.json
C,420,content,E:\football_v\03_Data_Governance\reports\validation_report.json
C,319,content,E:\football_v\03_Data_Governance\validation\rules.json
C,2773,content|engine,E:\football_v\03_Data_Governance\validation\validation_engine.py
C,321,content,E:\football_v\03_MODEL_LAYER\analysis\accuracy_tracker_V2.11.py
C,393,content|odds,E:\football_v\03_MODEL_LAYER\analysis\roi_analyzer_V2.11.py
C,70,model,E:\football_v\03_MODEL_LAYER\confidence_model\confidence_engine_V2.0.py
C,32768,content,E:\football_v\03_MODEL_LAYER\database\model_store.db
C,8192,content,E:\football_v\03_MODEL_LAYER\database\model_store_v23.db
B,116,content|model|predict|engine,E:\football_v\03_MODEL_LAYER\fusion_engine\fusion_engine_V2.3.py
C,71,model,E:\football_v\03_MODEL_LAYER\market_model\market_value_model_V1.0.py
C,218,content,E:\football_v\03_MODEL_LAYER\reports\model_feedback_report_V2.11.json
C,64,model,E:\football_v\03_MODEL_LAYER\risk_model\risk_engine_V2.0.py
C,8192,content,E:\football_v\03_MODEL_LAYER\runtime\model_feedback_runtime.db
C,2028,content|engine,E:\football_v\04_Data_Processing_AI\cleaning\cleaning_engine.py
C,725,content,E:\football_v\04_Data_Processing_AI\cleaning\cleaning_rules.json
C,875,content,E:\football_v\04_Data_Processing_AI\controller\processing_controller.py
B,590,content|feature|engine,E:\football_v\04_Data_Processing_AI\data_intelligence_engine\data_intelligence_engine.py
B,868,content|model|feature,E:\football_v\04_Data_Processing_AI\data_intelligence_engine\data_router.py
B,316,content|model|feature,E:\football_v\04_Data_Processing_AI\data_intelligence_engine\feature_selector.py
C,372,content,E:\football_v\04_Data_Processing_AI\data_intelligence_engine\intelligence_service.py
C,356,content|model,E:\football_v\04_Data_Processing_AI\data_intelligence_engine\model_interface.py
C,251,content,E:\football_v\04_Data_Processing_AI\data_intelligence_engine\config\data_intelligence_config.json
C,215,content,E:\football_v\04_Data_Processing_AI\data_intelligence_engine\registry\data_intelligence_registry.json
C,861,content,E:\football_v\04_Data_Processing_AI\data_intelligence_engine\reports\data_intelligence_test_report.json
C,200,content|feature,E:\football_v\04_Data_Processing_AI\dynamic_feature_weight_engine\feature_weight_manager.py
C,254,content|model,E:\football_v\04_Data_Processing_AI\dynamic_feature_weight_engine\model_weight_manager.py
C,510,content|model,E:\football_v\04_Data_Processing_AI\dynamic_feature_weight_engine\weight_calculator.py
C,281,content|engine,E:\football_v\04_Data_Processing_AI\dynamic_feature_weight_engine\weight_engine.py
C,236,content,E:\football_v\04_Data_Processing_AI\dynamic_feature_weight_engine\config\weight_config.json
C,220,content,E:\football_v\04_Data_Processing_AI\dynamic_feature_weight_engine\registry\weight_registry.json
C,877,content,E:\football_v\04_Data_Processing_AI\dynamic_feature_weight_engine\reports\dynamic_feature_weight_test_report.json
B,2152,content|feature|engine,E:\football_v\04_Data_Processing_AI\feature_engine\feature_engine.py
C,825,content,E:\football_v\04_Data_Processing_AI\feature_engine\feature_rules.json
C,162,content,E:\football_v\04_Data_Processing_AI\feature_store\backtest_dataset_manager.py
C,375,content|database,E:\football_v\04_Data_Processing_AI\feature_store\database_connection_pool.py
C,422,content|database,E:\football_v\04_Data_Processing_AI\feature_store\database_connector.py
C,244,content|database,E:\football_v\04_Data_Processing_AI\feature_store\database_health_monitor.py
C,361,content|database,E:\football_v\04_Data_Processing_AI\feature_store\database_migration_manager.py
C,370,content|train,E:\football_v\04_Data_Processing_AI\feature_store\dataset_split_manager.py
C,458,content,E:\football_v\04_Data_Processing_AI\feature_store\data_promotion_service.py
C,311,content|database,E:\football_v\04_Data_Processing_AI\feature_store\data_source_registry.py
B,301,content|feature|history|engine,E:\football_v\04_Data_Processing_AI\feature_store\elo_history_feature_engine.py
C,361,content,E:\football_v\04_Data_Processing_AI\feature_store\environment_manager.py
C,271,content|feature,E:\football_v\04_Data_Processing_AI\feature_store\feature_anomaly_detector.py
C,274,content|feature,E:\football_v\04_Data_Processing_AI\feature_store\feature_api_service.py
C,254,content|feature,E:\football_v\04_Data_Processing_AI\feature_store\feature_audit_logger.py
C,270,content|feature,E:\football_v\04_Data_Processing_AI\feature_store\feature_auto_generator.py
C,350,content|feature,E:\football_v\04_Data_Processing_AI\feature_store\feature_cache_manager.py
C,262,content|feature,E:\football_v\04_Data_Processing_AI\feature_store\feature_context_builder.py
C,723,content|feature,E:\football_v\04_Data_Processing_AI\feature_store\feature_crud_service.py
C,339,content|database,E:\football_v\04_Data_Processing_AI\feature_store\feature_database_connector.py
B,247,content|feature|database,E:\football_v\04_Data_Processing_AI\feature_store\feature_database_health_check.py
B,399,content|feature|database,E:\football_v\04_Data_Processing_AI\feature_store\feature_database_reader.py
B,479,content|feature|database,E:\football_v\04_Data_Processing_AI\feature_store\feature_database_service.py
B,313,content|feature|database,E:\football_v\04_Data_Processing_AI\feature_store\feature_database_session.py
C,448,content|feature,E:\football_v\04_Data_Processing_AI\feature_store\feature_dataset_builder.py
C,1076,content|feature,E:\football_v\04_Data_Processing_AI\feature_store\feature_dataset_builder_v2.py
C,436,content|feature,E:\football_v\04_Data_Processing_AI\feature_store\feature_dataset_exporter.py
C,445,content|feature,E:\football_v\04_Data_Processing_AI\feature_store\feature_dataset_generator.py
C,534,content|feature,E:\football_v\04_Data_Processing_AI\feature_store\feature_dataset_reporter.py
C,450,content,E:\football_v\04_Data_Processing_AI\feature_store\feature_dataset_schema_validator.py
C,198,content|feature,E:\football_v\04_Data_Processing_AI\feature_store\feature_dataset_version_manager.py
C,283,content|feature,E:\football_v\04_Data_Processing_AI\feature_store\feature_data_ingestion.py
C,683,content|feature,E:\football_v\04_Data_Processing_AI\feature_store\feature_data_loader.py
C,288,content|feature,E:\football_v\04_Data_Processing_AI\feature_store\feature_drift_detector.py
C,729,content|feature,E:\football_v\04_Data_Processing_AI\feature_store\feature_feature_generator.py
C,227,content|feature,E:\football_v\04_Data_Processing_AI\feature_store\feature_feedback_optimizer.py
C,222,content|feature,E:\football_v\04_Data_Processing_AI\feature_store\feature_importance_analyzer.py
C,194,content|feature,E:\football_v\04_Data_Processing_AI\feature_store\feature_ingestion_scheduler.py
B,296,content|feature|engine,E:\football_v\04_Data_Processing_AI\feature_store\feature_interaction_engine.py
C,331,content|feature,E:\football_v\04_Data_Processing_AI\feature_store\feature_lineage_tracker.py
C,148,content|feature,E:\football_v\04_Data_Processing_AI\feature_store\feature_loader.py
C,266,content|feature,E:\football_v\04_Data_Processing_AI\feature_store\feature_loader_service.py
C,433,content|feature,E:\football_v\04_Data_Processing_AI\feature_store\feature_match_reader.py
B,452,content|model|feature,E:\football_v\04_Data_Processing_AI\feature_store\feature_model_adapter.py
B,153,content|model|feature,E:\football_v\04_Data_Processing_AI\feature_store\feature_model_interface.py
B,269,content|model|feature,E:\football_v\04_Data_Processing_AI\feature_store\feature_model_registry.py
C,213,content|feature,E:\football_v\04_Data_Processing_AI\feature_store\feature_optimizer.py
B,268,content|feature|history,E:\football_v\04_Data_Processing_AI\feature_store\feature_pattern_miner.py
C,471,content|feature,E:\football_v\04_Data_Processing_AI\feature_store\feature_pipeline.py
C,567,content|feature,E:\football_v\04_Data_Processing_AI\feature_store\feature_pipeline_runner.py
C,311,content,E:\football_v\04_Data_Processing_AI\feature_store\feature_probability_schema.py
C,272,content|feature,E:\football_v\04_Data_Processing_AI\feature_store\feature_quality_monitor.py
C,269,content|feature,E:\football_v\04_Data_Processing_AI\feature_store\feature_quality_reporter.py
C,361,content|feature,E:\football_v\04_Data_Processing_AI\feature_store\feature_quality_rules.py
B,189,content|feature|engine,E:\football_v\04_Data_Processing_AI\feature_store\feature_query_engine.py
C,267,content|feature,E:\football_v\04_Data_Processing_AI\feature_store\feature_query_service.py
B,215,content|feature|engine,E:\football_v\04_Data_Processing_AI\feature_store\feature_reduction_engine.py
B,570,content|model|feature,E:\football_v\04_Data_Processing_AI\feature_store\feature_registry.py
C,278,content|feature,E:\football_v\04_Data_Processing_AI\feature_store\feature_request_router.py
C,265,content|feature,E:\football_v\04_Data_Processing_AI\feature_store\feature_response_formatter.py
C,453,content|feature,E:\football_v\04_Data_Processing_AI\feature_store\feature_schema.py
C,215,content|feature,E:\football_v\04_Data_Processing_AI\feature_store\feature_selector_ai.py
C,231,content|feature,E:\football_v\04_Data_Processing_AI\feature_store\feature_service.py
C,243,content|feature,E:\football_v\04_Data_Processing_AI\feature_store\feature_service_health.py
C,285,content|feature,E:\football_v\04_Data_Processing_AI\feature_store\feature_snapshot_manager.py
C,309,content|feature,E:\football_v\04_Data_Processing_AI\feature_store\feature_store.py
C,601,content|feature,E:\football_v\04_Data_Processing_AI\feature_store\feature_table_mapper.py
C,170,content|feature,E:\football_v\04_Data_Processing_AI\feature_store\feature_time_series_manager.py
C,263,content|feature,E:\football_v\04_Data_Processing_AI\feature_store\feature_validation_service.py
C,177,content|feature,E:\football_v\04_Data_Processing_AI\feature_store\feature_validator.py
C,402,content|feature,E:\football_v\04_Data_Processing_AI\feature_store\feature_version_manager.py
C,282,content|feature,E:\football_v\04_Data_Processing_AI\feature_store\historical_feature_builder.py
B,329,content|feature|database,E:\football_v\04_Data_Processing_AI\feature_store\historical_feature_database.py
B,281,content|feature|history,E:\football_v\04_Data_Processing_AI\feature_store\historical_feature_registry.py
C,432,content|feature,E:\football_v\04_Data_Processing_AI\feature_store\historical_feature_repository.py
B,432,content|feature|database,E:\football_v\04_Data_Processing_AI\feature_store\historical_feature_repository_v2.py
B,345,content|model|feature|history,E:\football_v\04_Data_Processing_AI\feature_store\historical_feature_table_creator.py
B,257,content|feature|history|engine,E:\football_v\04_Data_Processing_AI\feature_store\home_away_feature_engine.py
C,268,content|feature,E:\football_v\04_Data_Processing_AI\feature_store\intelligent_feature_store.py
B,236,content|model|predict,E:\football_v\04_Data_Processing_AI\feature_store\model_feedback_collector.py
B,424,content|model|train,E:\football_v\04_Data_Processing_AI\feature_store\model_training_exporter.py
C,243,content|predict,E:\football_v\04_Data_Processing_AI\feature_store\prediction_error_analyzer.py
B,341,content|feature|database,E:\football_v\04_Data_Processing_AI\feature_store\production_release_checker.py
B,277,content|feature|history|engine,E:\football_v\04_Data_Processing_AI\feature_store\team_form_feature_engine.py
B,447,content|feature|train,E:\football_v\04_Data_Processing_AI\feature_store\training_dataset_builder.py
C,432,content,E:\football_v\04_Data_Processing_AI\feature_store\validation_dataset_checker.py
C,289,content,E:\football_v\04_Data_Processing_AI\feature_store\validation_production_switch.py
B,368,content|model|feature,E:\football_v\04_Data_Processing_AI\feature_store\adapters\dixon_coles_adapter.py
C,404,content|feature,E:\football_v\04_Data_Processing_AI\feature_store\adapters\dixon_coles_feature_adapter.py
B,328,content|model|feature,E:\football_v\04_Data_Processing_AI\feature_store\adapters\elo_adapter.py
C,397,content|feature,E:\football_v\04_Data_Processing_AI\feature_store\adapters\elo_feature_adapter.py
C,387,content|model,E:\football_v\04_Data_Processing_AI\feature_store\adapters\fusion_adapter.py
C,160,content|feature,E:\football_v\04_Data_Processing_AI\feature_store\adapters\fusion_feature_adapter.py
B,365,content|model|feature,E:\football_v\04_Data_Processing_AI\feature_store\adapters\poisson_adapter.py
C,379,content|feature,E:\football_v\04_Data_Processing_AI\feature_store\adapters\poisson_feature_adapter.py
B,303,content|model|feature,E:\football_v\04_Data_Processing_AI\feature_store\adapters\xgboost_adapter.py
C,280,content|feature,E:\football_v\04_Data_Processing_AI\feature_store\adapters\xgboost_feature_adapter.py
D,0,,E:\football_v\04_Data_Processing_AI\feature_store\catalog\feature_catalog.json
C,188,content,E:\football_v\04_Data_Processing_AI\feature_store\config\database_config.json
C,154,content,E:\football_v\04_Data_Processing_AI\feature_store\config\database_runtime.json
C,230,content,E:\football_v\04_Data_Processing_AI\feature_store\config\database_service_config.json
C,293,content,E:\football_v\04_Data_Processing_AI\feature_store\config\environment_config.json
C,350,content,E:\football_v\04_Data_Processing_AI\feature_store\config\feature_store_config.json
C,248,content,E:\football_v\04_Data_Processing_AI\feature_store\config\ingestion_config.json
C,194,content,E:\football_v\04_Data_Processing_AI\feature_store\config\intelligent_feature_config.json
C,230,content,E:\football_v\04_Data_Processing_AI\feature_store\config\match_data_runtime.json
C,191,content,E:\football_v\04_Data_Processing_AI\feature_store\config\postgres_runtime_config.json
C,290,content,E:\football_v\04_Data_Processing_AI\feature_store\config\production_feature_config.json
C,206,content,E:\football_v\04_Data_Processing_AI\feature_store\config\training_dataset_config.json
C,266,content,E:\football_v\04_Data_Processing_AI\feature_store\registry\adapter_registry.json
C,166,content,E:\football_v\04_Data_Processing_AI\feature_store\registry\feature_registry.json
C,162,content,E:\football_v\04_Data_Processing_AI\feature_store\reports\ai_feature_dataset_report.json
C,213,content,E:\football_v\04_Data_Processing_AI\feature_store\reports\database_migration_report.json
C,172,content,E:\football_v\04_Data_Processing_AI\feature_store\reports\database_runtime_report.json
C,185,content,E:\football_v\04_Data_Processing_AI\feature_store\reports\data_promotion_report.json
D,83,,E:\football_v\04_Data_Processing_AI\feature_store\reports\feature_database_report.json
D,83,,E:\football_v\04_Data_Processing_AI\feature_store\reports\feature_dataset_generation_report.json
D,83,,E:\football_v\04_Data_Processing_AI\feature_store\reports\feature_pipeline_report.json
D,0,,E:\football_v\04_Data_Processing_AI\feature_store\reports\feature_store_report.json
C,2904,content,E:\football_v\04_Data_Processing_AI\feature_store\reports\feature_store_test_report.json
C,197,content,E:\football_v\04_Data_Processing_AI\feature_store\reports\historical_feature_database_report.json
C,169,content,E:\football_v\04_Data_Processing_AI\feature_store\reports\historical_feature_report.json
C,170,content,E:\football_v\04_Data_Processing_AI\feature_store\reports\ingestion_report.json
C,295,content,E:\football_v\04_Data_Processing_AI\feature_store\reports\intelligent_feature_report.json
C,242,content,E:\football_v\04_Data_Processing_AI\feature_store\reports\model_feature_mapping_report.json
C,262,content,E:\football_v\04_Data_Processing_AI\feature_store\reports\production_readiness_report.json
C,262,content,E:\football_v\04_Data_Processing_AI\feature_store\reports\training_dataset_report.json
C,198,content,E:\football_v\04_Data_Processing_AI\feature_store\schema\ai_feature_dataset_schema.json
C,211,content,E:\football_v\04_Data_Processing_AI\feature_store\schema\feature_schema.json
C,304,content,E:\football_v\04_Data_Processing_AI\feature_store\schema\historical_feature_schema.json
C,141,content,E:\football_v\04_Data_Processing_AI\feature_store\schema\match_dataset_schema.json
C,150,content,E:\football_v\04_Data_Processing_AI\feature_store\schema\match_schema.json
B,769,content|model|feature,E:\football_v\04_Data_Processing_AI\feature_store\tests\ai_feature_dataset_test.py
C,758,content|feature,E:\football_v\04_Data_Processing_AI\feature_store\tests\environment_flow_test.py
B,845,content|feature|database,E:\football_v\04_Data_Processing_AI\feature_store\tests\feature_database_health_test.py
B,746,content|feature|engine|database,E:\football_v\04_Data_Processing_AI\feature_store\tests\feature_database_integration_test.py
C,763,content|feature,E:\football_v\04_Data_Processing_AI\feature_store\tests\feature_dataset_generation_test.py
C,802,content|feature,E:\football_v\04_Data_Processing_AI\feature_store\tests\feature_ingestion_test.py
B,723,content|feature|database,E:\football_v\04_Data_Processing_AI\feature_store\tests\feature_store_data_test.py
B,772,content|feature|database,E:\football_v\04_Data_Processing_AI\feature_store\tests\feature_store_pipeline_test.py
C,696,content|feature,E:\football_v\04_Data_Processing_AI\feature_store\tests\feature_store_test.py
C,1243,content|feature,E:\football_v\04_Data_Processing_AI\feature_store\tests\feature_store_v2.6_full_test.py
A,905,content|model|predict|feature|engine,E:\football_v\04_Data_Processing_AI\feature_store\tests\feature_store_v3.0_full_test.py
B,768,content|feature|database,E:\football_v\04_Data_Processing_AI\feature_store\tests\historical_feature_database_test.py
B,807,content|feature|history|engine,E:\football_v\04_Data_Processing_AI\feature_store\tests\historical_feature_store_test.py
B,867,content|model|feature,E:\football_v\04_Data_Processing_AI\feature_store\tests\model_feature_adapter_test.py
B,802,content|feature|database,E:\football_v\04_Data_Processing_AI\feature_store\tests\postgres_runtime_test.py
B,757,content|model|feature|train,E:\football_v\04_Data_Processing_AI\feature_store\tests\training_dataset_pipeline_test.py
C,454,content,E:\football_v\04_Data_Processing_AI\pipeline\pipeline_registry.json
B,2034,content|feature|engine,E:\football_v\04_Data_Processing_AI\pipeline\processing_pipeline.py
C,163,content,E:\football_v\04_Data_Processing_AI\registry\cleaning_registry.json
C,170,content,E:\football_v\04_Data_Processing_AI\registry\feature_registry.json
C,164,content,E:\football_v\04_Data_Processing_AI\registry\pipeline_registry.json
C,250,content,E:\football_v\04_Data_Processing_AI\registry\processing_registry.json
C,177,content,E:\football_v\04_Data_Processing_AI\registry\transformation_registry.json
C,444,content,E:\football_v\04_Data_Processing_AI\reports\cleaning_report.json
C,446,content,E:\football_v\04_Data_Processing_AI\reports\feature_report.json
C,374,content,E:\football_v\04_Data_Processing_AI\reports\pipeline_report.json
C,366,content,E:\football_v\04_Data_Processing_AI\reports\transformation_report.json
B,2049,content|feature|engine,E:\football_v\04_Data_Processing_AI\transformation\transformation_engine.py
C,653,content,E:\football_v\04_Data_Processing_AI\transformation\transformation_rules.json
C,20480,content,E:\football_v\04_PREDICTION_LAYER\database\prediction_service.db
A,1374,content|model|history|runtime|database,E:\football_v\04_PREDICTION_LAYER\engine\match_simulation_engine_V2.7.py
A,3027,content|model|predict|history|engine|database,E:\football_v\04_PREDICTION_LAYER\engine\prediction_intelligence_engine_V1.6.py
A,2212,content|model|predict|history|engine|database,E:\football_v\04_PREDICTION_LAYER\engine\prediction_pipeline_V1.6.py
C,73,predict,E:\football_v\04_PREDICTION_LAYER\monitor\prediction_monitor.py
C,81,predict,E:\football_v\04_PREDICTION_LAYER\monitor\prediction_monitor_V1.6.py
C,8192,content,E:\football_v\04_PREDICTION_LAYER\runtime\api_runtime.db
C,16384,content,E:\football_v\04_PREDICTION_LAYER\runtime\prediction_runtime.db
C,199,content|predict,E:\football_v\04_PREDICTION_LAYER\service\prediction_service_api.py
C,150,content|predict,E:\football_v\04_PREDICTION_LAYER\service\prediction_service_V1.6.py
C,330,content,E:\football_v\05_AI_Intelligence_Layer\config\ai_intelligence_config.json
C,1100,content|model,E:\football_v\05_AI_Intelligence_Layer\controller\model_controller.py
C,117,content,E:\football_v\05_AI_Intelligence_Layer\FUSION_DECISION_ENGINE\decision_manager.py
B,173,content|model|engine,E:\football_v\05_AI_Intelligence_Layer\FUSION_DECISION_ENGINE\fusion_engine.py
B,217,content|predict|train,E:\football_v\05_AI_Intelligence_Layer\MODEL_ADAPTER_FRAMEWORK\adapter_base.py
C,151,content,E:\football_v\05_AI_Intelligence_Layer\MODEL_ADAPTER_FRAMEWORK\adapter_manager.py
C,180,content,E:\football_v\05_AI_Intelligence_Layer\MODEL_EVALUATION_ENGINE\error_analyzer.py
C,192,content|predict,E:\football_v\05_AI_Intelligence_Layer\MODEL_EVALUATION_ENGINE\evaluator.py
C,242,content|model,E:\football_v\05_AI_Intelligence_Layer\MODEL_REGISTRY\model_catalog.py
C,427,content|model,E:\football_v\05_AI_Intelligence_Layer\MODEL_REGISTRY\model_registry.py
C,119,content|model,E:\football_v\05_AI_Intelligence_Layer\MODEL_REGISTRY\model_status_manager.py
C,123,content|model,E:\football_v\05_AI_Intelligence_Layer\MODEL_REGISTRY\model_version_manager.py
C,173,content,E:\football_v\05_AI_Intelligence_Layer\registry\ai_layer_registry.json
C,606,content,E:\football_v\05_AI_Intelligence_Layer\registry\model_registry.json
C,1030,content,E:\football_v\05_AI_Intelligence_Layer\reports\ai_intelligence_layer_test_report.json
C,117,content,E:\football_v\05_AI_Intelligence_Layer\SELF_REFLECTION_ENGINE\experience_manager.py
C,178,content|engine,E:\football_v\05_AI_Intelligence_Layer\SELF_REFLECTION_ENGINE\reflection_engine.py
C,8192,content,E:\football_v\05_MARKET_LAYER\database\market_value.db
C,283,content|feature,E:\football_v\05_MODEL_AI\MODEL_LAYER\feature_store_connector.py
A,609,content|model|predict|feature|train,E:\football_v\05_MODEL_AI\MODEL_LAYER\model_interface.py
C,275,content|model,E:\football_v\05_MODEL_AI\MODEL_LAYER\model_loader.py
C,459,content|model,E:\football_v\05_MODEL_AI\MODEL_LAYER\model_registry.py
B,311,content|model|runtime,E:\football_v\05_MODEL_AI\MODEL_LAYER\model_runtime.py
B,292,content|predict|engine,E:\football_v\05_MODEL_AI\MODEL_LAYER\backtest\backtest_engine.py
C,263,content|model,E:\football_v\05_MODEL_AI\MODEL_LAYER\backtest\model_accuracy_report.py
C,339,content|predict,E:\football_v\05_MODEL_AI\MODEL_LAYER\backtest\prediction_tracker.py
C,239,content,E:\football_v\05_MODEL_AI\MODEL_LAYER\backtest\roi_analyzer.py
C,241,content,E:\football_v\05_MODEL_AI\MODEL_LAYER\config\model_config.json
B,964,content|model|predict|engine,E:\football_v\05_MODEL_AI\MODEL_LAYER\fusion\fusion_engine.py
C,367,content,E:\football_v\05_MODEL_AI\MODEL_LAYER\fusion\probability_calculator.py
A,576,content|model|predict|feature|train,E:\football_v\05_MODEL_AI\MODEL_LAYER\models\dixon_coles_model.py
A,561,content|model|predict|feature|train,E:\football_v\05_MODEL_AI\MODEL_LAYER\models\elo_model.py
A,569,content|model|predict|feature|train,E:\football_v\05_MODEL_AI\MODEL_LAYER\models\poisson_model.py
A,569,content|model|predict|feature|train,E:\football_v\05_MODEL_AI\MODEL_LAYER\models\xgboost_model.py
C,269,content,E:\football_v\05_MODEL_AI\MODEL_LAYER\reports\model_layer_report.json
A,990,content|model|predict|feature|engine|runtime,E:\football_v\05_MODEL_AI\MODEL_LAYER\tests\model_layer_v1.3_full_test.py
C,628,content,E:\football_v\06_PREDICTION_ENGINE\confidence_calculator.py
C,497,content,E:\football_v\06_PREDICTION_ENGINE\correct_score_calculator.py
C,1257,content,E:\football_v\06_PREDICTION_ENGINE\goal_distribution.py
C,772,content|model,E:\football_v\06_PREDICTION_ENGINE\market_probability_compare.py
C,328,content|predict,E:\football_v\06_PREDICTION_ENGINE\prediction_interface.py
C,477,content|predict,E:\football_v\06_PREDICTION_ENGINE\prediction_registry.py
B,438,content|predict|runtime,E:\football_v\06_PREDICTION_ENGINE\prediction_runtime.py
B,442,content|model|predict|feature,E:\football_v\06_PREDICTION_ENGINE\prediction_service.py
C,500,content,E:\football_v\06_PREDICTION_ENGINE\probability_calibrator.py
B,2060,content|model|predict|engine,E:\football_v\06_PREDICTION_ENGINE\probability_engine.py
C,536,content|engine,E:\football_v\06_PREDICTION_ENGINE\risk_engine.py
B,983,content|predict|engine,E:\football_v\06_PREDICTION_ENGINE\score_prediction_engine.py
C,517,content|model,E:\football_v\06_PREDICTION_ENGINE\value_analyzer.py
C,326,content,E:\football_v\06_PREDICTION_ENGINE\config\prediction_config.json
C,285,content,E:\football_v\06_PREDICTION_ENGINE\reports\prediction_engine_report.json
B,921,content|predict|engine|runtime,E:\football_v\06_PREDICTION_ENGINE\tests\prediction_engine_v1.3_full_test.py
C,250,content|model,E:\football_v\06_PREDICTION_INTELLIGENCE_ENGINE\advanced_model_connector\connector_manager.py
D,90,,E:\football_v\06_PREDICTION_INTELLIGENCE_ENGINE\advanced_model_connector\dixon_coles_connector.py
D,75,,E:\football_v\06_PREDICTION_INTELLIGENCE_ENGINE\advanced_model_connector\elo_connector.py
D,83,,E:\football_v\06_PREDICTION_INTELLIGENCE_ENGINE\advanced_model_connector\poisson_connector.py
D,83,,E:\football_v\06_PREDICTION_INTELLIGENCE_ENGINE\advanced_model_connector\xgboost_connector.py
C,90,engine,E:\football_v\06_PREDICTION_INTELLIGENCE_ENGINE\confidence_calibration\calibration_engine.py
D,73,,E:\football_v\06_PREDICTION_INTELLIGENCE_ENGINE\confidence_calibration\reliability.py
C,167,content,E:\football_v\06_PREDICTION_INTELLIGENCE_ENGINE\confidence_engine\confidence_manager.py
C,242,content,E:\football_v\06_PREDICTION_INTELLIGENCE_ENGINE\config\prediction_config.json
C,271,content,E:\football_v\06_PREDICTION_INTELLIGENCE_ENGINE\knockout_extension\knockout_engine.py
C,244,content|model,E:\football_v\06_PREDICTION_INTELLIGENCE_ENGINE\model_connector\model_connector.py
C,135,content|predict,E:\football_v\06_PREDICTION_INTELLIGENCE_ENGINE\prediction_api\api_service.py
C,231,content|model,E:\football_v\06_PREDICTION_INTELLIGENCE_ENGINE\probability_engine\probability_fusion.py
C,241,content|model,E:\football_v\06_PREDICTION_INTELLIGENCE_ENGINE\real_probability_engine\fusion_calculator.py
C,169,content,E:\football_v\06_PREDICTION_INTELLIGENCE_ENGINE\real_probability_engine\probability_service.py
C,305,content,E:\football_v\06_PREDICTION_INTELLIGENCE_ENGINE\registry\batch_registry.json
C,235,content,E:\football_v\06_PREDICTION_INTELLIGENCE_ENGINE\registry\prediction_registry.json
C,198,content|predict,E:\football_v\06_PREDICTION_INTELLIGENCE_ENGINE\regular_time_prediction\prediction_engine.py
C,168,content,E:\football_v\06_PREDICTION_INTELLIGENCE_ENGINE\reports\batch_deploy_report.json
C,1248,content,E:\football_v\06_PREDICTION_INTELLIGENCE_ENGINE\reports\batch_test_report.json
C,163,content,E:\football_v\06_PREDICTION_INTELLIGENCE_ENGINE\reports\prediction_deploy_report.json
C,1386,content,E:\football_v\06_PREDICTION_INTELLIGENCE_ENGINE\reports\prediction_test_report.json
C,161,content,E:\football_v\06_PREDICTION_INTELLIGENCE_ENGINE\risk_engine\risk_manager.py
C,81,model,E:\football_v\06_PREDICTION_INTELLIGENCE_ENGINE\risk_intelligence_engine\model_conflict.py
D,77,,E:\football_v\06_PREDICTION_INTELLIGENCE_ENGINE\risk_intelligence_engine\upset_detector.py
C,210,content|predict,E:\football_v\06_PREDICTION_INTELLIGENCE_ENGINE\score_prediction\score_predictor.py
C,146,content,E:\football_v\06_PREDICTION_INTELLIGENCE_ENGINE\score_probability_engine\score_distribution.py
D,75,,E:\football_v\06_PREDICTION_INTELLIGENCE_ENGINE\score_probability_engine\score_service.py
C,8192,content,E:\football_v\06_RISK_LAYER\database\risk_manager.db
C,338,content,E:\football_v\07_AI_ORCHESTRATION_LAYER\config\orchestration_config.json
C,90,feature,E:\football_v\07_AI_ORCHESTRATION_LAYER\data_pipeline\feature_pipeline.py
D,82,,E:\football_v\07_AI_ORCHESTRATION_LAYER\data_pipeline\input_manager.py
D,87,,E:\football_v\07_AI_ORCHESTRATION_LAYER\data_pipeline\output_pipeline.py
C,138,content,E:\football_v\07_AI_ORCHESTRATION_LAYER\decision_interface\decision_service.py
D,92,,E:\football_v\07_AI_ORCHESTRATION_LAYER\learning_hook\backup_feedback_receiver_V1.0.py
C,106,content,E:\football_v\07_AI_ORCHESTRATION_LAYER\learning_hook\experience_connector.py
B,1456,content|model|predict|database,E:\football_v\07_AI_ORCHESTRATION_LAYER\learning_hook\feedback_receiver.py
C,88,model,E:\football_v\07_AI_ORCHESTRATION_LAYER\model_router\model_selector.py
C,222,content|model,E:\football_v\07_AI_ORCHESTRATION_LAYER\model_router\router.py
C,215,content,E:\football_v\07_AI_ORCHESTRATION_LAYER\orchestration_core\orchestrator.py
D,87,,E:\football_v\07_AI_ORCHESTRATION_LAYER\orchestration_core\pipeline_manager.py
D,91,,E:\football_v\07_AI_ORCHESTRATION_LAYER\orchestration_core\task_scheduler.py
C,732,content,E:\football_v\07_AI_ORCHESTRATION_LAYER\registry\orchestration_registry.json
C,158,content,E:\football_v\07_AI_ORCHESTRATION_LAYER\reports\orchestration_deploy_report.json
C,1344,content,E:\football_v\07_AI_ORCHESTRATION_LAYER\reports\orchestration_test_report.json
C,138,content,E:\football_v\07_AI_ORCHESTRATION_LAYER\report_engine\report_generator.py
C,137,content,E:\football_v\07_AI_ORCHESTRATION_LAYER\workflow_monitor\monitor.py
D,81,,E:\football_v\07_AI_ORCHESTRATION_LAYER\workflow_monitor\status_tracker.py
C,775,content|predict,E:\football_v\07_BACKTEST_AI\accuracy_evaluator.py
B,564,content|predict|engine,E:\football_v\07_BACKTEST_AI\backtest_engine.py
C,293,content|engine,E:\football_v\07_BACKTEST_AI\backtest_runner.py
C,913,content|bet,E:\football_v\07_BACKTEST_AI\betting_result_analyzer.py
C,804,content,E:\football_v\07_BACKTEST_AI\confidence_evaluator.py
C,444,content|feature,E:\football_v\07_BACKTEST_AI\feature_feedback.py
C,362,content,E:\football_v\07_BACKTEST_AI\historical_match_loader.py
B,1026,content|model|predict,E:\football_v\07_BACKTEST_AI\model_feedback.py
C,485,content,E:\football_v\07_BACKTEST_AI\optimization_scheduler.py
C,293,content|predict,E:\football_v\07_BACKTEST_AI\prediction_result_loader.py
C,666,content|predict,E:\football_v\07_BACKTEST_AI\probability_evaluator.py
C,1148,content,E:\football_v\07_BACKTEST_AI\roi_tracker.py
C,613,content,E:\football_v\07_BACKTEST_AI\strategy_performance.py
C,376,content,E:\football_v\07_BACKTEST_AI\config\backtest_config.json
C,267,content,E:\football_v\07_BACKTEST_AI\reports\backtest_report.json
A,910,content|model|predict|feature|engine|bet,E:\football_v\07_BACKTEST_AI\tests\backtest_system_v1.3_full_test.py
B,230,content|predict|engine,E:\football_v\07_BACKTEST_SYSTEM\backtest_engine\backtest_engine.py
C,228,content,E:\football_v\07_BACKTEST_SYSTEM\config\backtest_config.json
C,107,content,E:\football_v\07_BACKTEST_SYSTEM\metrics\classification_metrics.py
C,104,content,E:\football_v\07_BACKTEST_SYSTEM\metrics\probability_metrics.py
C,116,content,E:\football_v\07_BACKTEST_SYSTEM\metrics\risk_metrics.py
C,142,content|engine,E:\football_v\07_BACKTEST_SYSTEM\model_comparison\comparison_engine.py
C,144,content,E:\football_v\07_BACKTEST_SYSTEM\model_evaluation\calibration.py
B,151,content|model|predict,E:\football_v\07_BACKTEST_SYSTEM\model_evaluation\model_accuracy.py
C,154,content,E:\football_v\07_BACKTEST_SYSTEM\model_evaluation\probability_score.py
C,224,content,E:\football_v\07_BACKTEST_SYSTEM\registry\backtest_registry.json
C,218,content,E:\football_v\07_BACKTEST_SYSTEM\reports\backtest_deploy_report.json
C,1011,content,E:\football_v\07_BACKTEST_SYSTEM\reports\backtest_test_report.json
B,1778,content|model|engine,E:\football_v\07_BACKTEST_SYSTEM\tests\backtest_system_test.py
C,16384,content,E:\football_v\07_LEARNING_LAYER\database\learning_feedback.db
C,451,content,E:\football_v\08_DECISION_ENGINE\bankroll_manager.py
B,1237,content|model|engine|bet,E:\football_v\08_DECISION_ENGINE\bet_selection_engine.py
B,756,content|predict|engine|bet,E:\football_v\08_DECISION_ENGINE\decision_engine.py
C,337,content|predict,E:\football_v\08_DECISION_ENGINE\decision_interface.py
C,467,content|engine,E:\football_v\08_DECISION_ENGINE\decision_registry.py
C,447,content|runtime,E:\football_v\08_DECISION_ENGINE\decision_runtime.py
C,722,content,E:\football_v\08_DECISION_ENGINE\final_decision_report.py
C,941,content,E:\football_v\08_DECISION_ENGINE\portfolio_strategy.py
C,716,content|engine,E:\football_v\08_DECISION_ENGINE\risk_control_engine.py
C,786,content,E:\football_v\08_DECISION_ENGINE\stake_calculator.py
B,789,content|model|engine,E:\football_v\08_DECISION_ENGINE\value_filter_engine.py
C,369,content,E:\football_v\08_DECISION_ENGINE\config\decision_config.json
C,296,content,E:\football_v\08_DECISION_ENGINE\reports\decision_report.json
B,843,content|engine|runtime|bet,E:\football_v\08_DECISION_ENGINE\tests\decision_engine_v1.3_full_test.py
C,278,content,E:\football_v\08_DECISION_INTELLIGENCE_LAYER\config\decision_config.json
C,561,content|engine,E:\football_v\08_DECISION_INTELLIGENCE_LAYER\decision_core\decision_engine.py
B,262,content|model|feature,E:\football_v\08_DECISION_INTELLIGENCE_LAYER\explanation_engine\explanation_manager.py
C,164,content,E:\football_v\08_DECISION_INTELLIGENCE_LAYER\explanation_engine\fusion_explainer.py
C,160,content|model,E:\football_v\08_DECISION_INTELLIGENCE_LAYER\explanation_engine\model_explainer.py
A,1982,content|model|predict|database|odds,E:\football_v\08_DECISION_INTELLIGENCE_LAYER\feedback_interface\feedback_connector.py
C,123,content,E:\football_v\08_DECISION_INTELLIGENCE_LAYER\feedback_interface\backup\feedback_connector_V0.1_backup.py
C,214,content,E:\football_v\08_DECISION_INTELLIGENCE_LAYER\fusion_analysis\fusion_analyzer.py
C,194,content|model,E:\football_v\08_DECISION_INTELLIGENCE_LAYER\handicap_interface\handicap_adapter.py
C,146,content|model,E:\football_v\08_DECISION_INTELLIGENCE_LAYER\handicap_interface\handicap_connector.py
C,210,content|model,E:\football_v\08_DECISION_INTELLIGENCE_LAYER\market_risk_interface\market_risk_adapter.py
C,141,content,E:\football_v\08_DECISION_INTELLIGENCE_LAYER\market_risk_interface\market_risk_connector.py
C,201,content|model,E:\football_v\08_DECISION_INTELLIGENCE_LAYER\raw_output_engine\raw_output_manager.py
C,174,content|engine,E:\football_v\08_DECISION_INTELLIGENCE_LAYER\recommendation_engine\recommendation.py
C,133,content,E:\football_v\08_DECISION_INTELLIGENCE_LAYER\recommendation_engine\recommendation_manager.py
C,284,content,E:\football_v\08_DECISION_INTELLIGENCE_LAYER\registry\decision_registry.json
C,230,content,E:\football_v\08_DECISION_INTELLIGENCE_LAYER\reports\decision_deploy_report.json
C,1043,content,E:\football_v\08_DECISION_INTELLIGENCE_LAYER\reports\decision_test_report.json
C,118,content,E:\football_v\08_DECISION_INTELLIGENCE_LAYER\report_generator\decision_report.py
C,12288,content,E:\football_v\08_DECISION_LAYER\database\decision_history.db
C,152,content|engine,E:\football_v\08_DECISION_LAYER\engine\decision_engine_V2.4.py
C,93,engine|bet,E:\football_v\08_DECISION_LAYER\engine\recommendation_engine.py
D,88,,E:\football_v\08_DECISION_LAYER\monitor\decision_monitor.py
D,95,,E:\football_v\08_DECISION_LAYER\service\decision_service.py
B,2099,content|model|predict,E:\football_v\09_AI_ORCHESTRATION_LAYER\auto_report_generator.py
C,1154,content|model,E:\football_v\09_AI_ORCHESTRATION_LAYER\model_router.py
C,255,content,E:\football_v\09_AI_ORCHESTRATION_LAYER\orchestration_interface.py
C,626,content,E:\football_v\09_AI_ORCHESTRATION_LAYER\pipeline_controller.py
C,907,content,E:\football_v\09_AI_ORCHESTRATION_LAYER\system_health_monitor.py
C,395,content,E:\football_v\09_AI_ORCHESTRATION_LAYER\task_scheduler.py
C,496,content|engine,E:\football_v\09_AI_ORCHESTRATION_LAYER\workflow_engine.py
C,419,content,E:\football_v\09_AI_ORCHESTRATION_LAYER\config\orchestration_config.json
C,285,content,E:\football_v\09_AI_ORCHESTRATION_LAYER\reports\orchestration_report.json
B,736,content|model|engine,E:\football_v\09_AI_ORCHESTRATION_LAYER\tests\orchestration_layer_v1.3_full_test.py
C,154,content,E:\football_v\09_APPLICATION_LAYER\api\decision_api.py
C,157,content|predict,E:\football_v\09_APPLICATION_LAYER\api\prediction_api.py
C,129,content,E:\football_v\09_APPLICATION_LAYER\interface\match_analysis.py
C,8192,content,E:\football_v\09_APPLICATION_LAYER\runtime\application_runtime.db
D,96,,E:\football_v\09_APPLICATION_LAYER\service\football_ai_service.py
C,293,content|model,E:\football_v\09_MODEL_EXPLANATION_ENGINE\dixon_coles_explainer\dixon_coles_explainer.py
B,263,content|model|rating,E:\football_v\09_MODEL_EXPLANATION_ENGINE\elo_explainer\elo_explainer.py
C,220,content,E:\football_v\09_MODEL_EXPLANATION_ENGINE\explanation_report\report_generator.py
C,322,content|model,E:\football_v\09_MODEL_EXPLANATION_ENGINE\fusion_explainer\fusion_explainer.py
C,275,content|model,E:\football_v\09_MODEL_EXPLANATION_ENGINE\poisson_explainer\poisson_explainer.py
C,233,content,E:\football_v\09_MODEL_EXPLANATION_ENGINE\registry\explanation_registry.json
C,227,content,E:\football_v\09_MODEL_EXPLANATION_ENGINE\reports\explanation_deploy_report.json
C,1261,content,E:\football_v\09_MODEL_EXPLANATION_ENGINE\reports\explanation_test_report.json
B,272,content|model|feature,E:\football_v\09_MODEL_EXPLANATION_ENGINE\xgboost_explainer\xgboost_explainer.py
C,172,content|model,E:\football_v\09_Prediction_System\model_result_adapter.py
B,141,content|predict|history,E:\football_v\09_Prediction_System\prediction_history.py
C,108,content|predict,E:\football_v\09_Prediction_System\prediction_monitor.py
C,176,content|predict,E:\football_v\09_Prediction_System\prediction_pipeline.py
C,135,content|predict,E:\football_v\09_Prediction_System\prediction_report_generator.py
C,164,content|predict,E:\football_v\09_Prediction_System\prediction_service_adapter.py
C,139,content,E:\football_v\09_Prediction_System\probability_adapter.py
C,122,content|predict,E:\football_v\09_Prediction_System\score_adapter.py
C,171,content|model,E:\football_v\09_Prediction_System\tests\test_phase2_adapter.py
C,282,content|predict,E:\football_v\09_Prediction_System\tests\test_prediction_system.py
D,51,,E:\football_v\100_FINAL_MATCH_DECISION_SYSTEM\module.py
C,42,engine,E:\football_v\100_SELF_EVOLUTION_ENGINE\module.py
C,52,engine,E:\football_v\101_REAL_MARKET_INTELLIGENCE_ENGINE\module.py
C,50,engine|odds,E:\football_v\102_ODDS_MOVEMENT_ANALYSIS_ENGINE\module.py
C,49,engine,E:\football_v\103_CAPITAL_FLOW_TRACKING_ENGINE\module.py
C,51,engine,E:\football_v\104_MARKET_SENTIMENT_FUSION_ENGINE\module.py
C,51,engine,E:\football_v\105_HANDICAP_VALUE_DECISION_ENGINE\module.py
B,45,history|engine|odds,E:\football_v\106_REAL_ODDS_HISTORY_ENGINE\module.py
C,54,engine,E:\football_v\107_MARKET_PATTERN_RECOGNITION_ENGINE\module.py
C,42,engine,E:\football_v\108_SMART_HANDICAP_ENGINE\module.py
C,47,engine|bet,E:\football_v\109_VALUE_BET_SELECTION_ENGINE\module.py
C,892,content|model,E:\football_v\10_AI_AUTONOMOUS_ENGINE\adaptive_parameter_learning.py
C,195,content,E:\football_v\10_AI_AUTONOMOUS_ENGINE\adaptive_strategy_selector.py
C,304,content|engine,E:\football_v\10_AI_AUTONOMOUS_ENGINE\ai_strategy_reasoning_engine.py
C,520,content,E:\football_v\10_AI_AUTONOMOUS_ENGINE\approval_workflow.py
C,202,content,E:\football_v\10_AI_AUTONOMOUS_ENGINE\architecture_health_checker.py
C,520,content|engine,E:\football_v\10_AI_AUTONOMOUS_ENGINE\autonomous_engine_v2.py
C,435,content|engine,E:\football_v\10_AI_AUTONOMOUS_ENGINE\autonomous_engine_v3.py
C,146,content|engine,E:\football_v\10_AI_AUTONOMOUS_ENGINE\auto_experiment_engine.py
C,189,content,E:\football_v\10_AI_AUTONOMOUS_ENGINE\auto_recovery_manager.py
C,672,content|model,E:\football_v\10_AI_AUTONOMOUS_ENGINE\auto_upgrade_manager.py
B,640,content|model|feature,E:\football_v\10_AI_AUTONOMOUS_ENGINE\change_risk_assessor.py
C,156,content|engine,E:\football_v\10_AI_AUTONOMOUS_ENGINE\continuous_improvement_engine.py
C,511,content|model,E:\football_v\10_AI_AUTONOMOUS_ENGINE\decision_logger.py
C,240,content,E:\football_v\10_AI_AUTONOMOUS_ENGINE\decision_quality_analyzer.py
C,209,content,E:\football_v\10_AI_AUTONOMOUS_ENGINE\dependency_validator.py
C,485,content|model,E:\football_v\10_AI_AUTONOMOUS_ENGINE\dynamic_weight_adjuster.py
B,900,content|predict|engine,E:\football_v\10_AI_AUTONOMOUS_ENGINE\error_analysis_engine.py
C,278,content,E:\football_v\10_AI_AUTONOMOUS_ENGINE\error_rate_calculator.py
C,427,content,E:\football_v\10_AI_AUTONOMOUS_ENGINE\error_trend_detector.py
C,556,content,E:\football_v\10_AI_AUTONOMOUS_ENGINE\evolution_controller.py
C,444,content,E:\football_v\10_AI_AUTONOMOUS_ENGINE\evolution_decision_brain.py
C,440,content,E:\football_v\10_AI_AUTONOMOUS_ENGINE\evolution_governance_manager.py
B,582,content|history|engine,E:\football_v\10_AI_AUTONOMOUS_ENGINE\evolution_intelligence_engine.py
C,164,content,E:\football_v\10_AI_AUTONOMOUS_ENGINE\evolution_knowledge_reasoner.py
C,378,content,E:\football_v\10_AI_AUTONOMOUS_ENGINE\evolution_memory.py
C,431,content,E:\football_v\10_AI_AUTONOMOUS_ENGINE\evolution_memory_index.py
C,707,content,E:\football_v\10_AI_AUTONOMOUS_ENGINE\evolution_pattern_analyzer.py
C,463,content|engine,E:\football_v\10_AI_AUTONOMOUS_ENGINE\evolution_report_generator.py
C,150,content,E:\football_v\10_AI_AUTONOMOUS_ENGINE\experience_pattern_miner.py
C,298,content,E:\football_v\10_AI_AUTONOMOUS_ENGINE\experience_repository.py
B,248,content|predict|engine,E:\football_v\10_AI_AUTONOMOUS_ENGINE\failure_prediction_engine.py
C,299,content|feature,E:\football_v\10_AI_AUTONOMOUS_ENGINE\feature_self_optimizer.py
C,186,content,E:\football_v\10_AI_AUTONOMOUS_ENGINE\football_reasoning_core.py
C,195,content|predict,E:\football_v\10_AI_AUTONOMOUS_ENGINE\future_risk_simulator.py
C,155,content,E:\football_v\10_AI_AUTONOMOUS_ENGINE\historical_case_analyzer.py
C,326,content,E:\football_v\10_AI_AUTONOMOUS_ENGINE\human_approval_gate_v2.py
C,541,content,E:\football_v\10_AI_AUTONOMOUS_ENGINE\human_approval_manager.py
C,307,content,E:\football_v\10_AI_AUTONOMOUS_ENGINE\human_approval_v1.py
C,485,content,E:\football_v\10_AI_AUTONOMOUS_ENGINE\human_dashboard_api.py
C,153,content,E:\football_v\10_AI_AUTONOMOUS_ENGINE\intelligence_connector.py
C,211,content,E:\football_v\10_AI_AUTONOMOUS_ENGINE\intelligent_task_allocator.py
C,539,content,E:\football_v\10_AI_AUTONOMOUS_ENGINE\knowledge_graph_builder.py
C,148,content|engine,E:\football_v\10_AI_AUTONOMOUS_ENGINE\knowledge_relation_engine.py
C,296,content|engine,E:\football_v\10_AI_AUTONOMOUS_ENGINE\knowledge_retrieval_engine.py
C,313,content,E:\football_v\10_AI_AUTONOMOUS_ENGINE\knowledge_snapshot.py
C,477,content|history,E:\football_v\10_AI_AUTONOMOUS_ENGINE\learning_cycle_manager.py
C,871,content|history,E:\football_v\10_AI_AUTONOMOUS_ENGINE\learning_effect_tracker.py
B,184,content|engine|odds,E:\football_v\10_AI_AUTONOMOUS_ENGINE\market_reasoning_engine.py
B,644,content|model|history,E:\football_v\10_AI_AUTONOMOUS_ENGINE\model_change_tracker.py
C,554,content|model,E:\football_v\10_AI_AUTONOMOUS_ENGINE\model_self_optimizer.py
C,200,content,E:\football_v\10_AI_AUTONOMOUS_ENGINE\module_consistency_checker.py
C,627,content,E:\football_v\10_AI_AUTONOMOUS_ENGINE\monthly_performance_analyzer.py
C,930,content|engine,E:\football_v\10_AI_AUTONOMOUS_ENGINE\multi_cycle_learning_engine.py
B,666,content|model|history,E:\football_v\10_AI_AUTONOMOUS_ENGINE\optimization_history.py
C,304,content|engine,E:\football_v\10_AI_AUTONOMOUS_ENGINE\optimization_priority_engine.py
C,158,content|predict,E:\football_v\10_AI_AUTONOMOUS_ENGINE\optimization_result_predictor.py
C,163,content,E:\football_v\10_AI_AUTONOMOUS_ENGINE\optimization_strategy_generator.py
C,753,content|engine,E:\football_v\10_AI_AUTONOMOUS_ENGINE\optimization_suggestion_engine.py
C,342,content|engine,E:\football_v\10_AI_AUTONOMOUS_ENGINE\optimization_suggestion_v1.py
C,709,content,E:\football_v\10_AI_AUTONOMOUS_ENGINE\parameter_effect_analyzer.py
C,329,content|model,E:\football_v\10_AI_AUTONOMOUS_ENGINE\parameter_tuner.py
B,301,content|predict|engine,E:\football_v\10_AI_AUTONOMOUS_ENGINE\prediction_explanation_engine.py
C,725,content,E:\football_v\10_AI_AUTONOMOUS_ENGINE\release_validator.py
C,594,content,E:\football_v\10_AI_AUTONOMOUS_ENGINE\risk_gate.py
C,694,content,E:\football_v\10_AI_AUTONOMOUS_ENGINE\rollback_manager.py
C,185,content,E:\football_v\10_AI_AUTONOMOUS_ENGINE\safe_upgrade_executor.py
C,202,content,E:\football_v\10_AI_AUTONOMOUS_ENGINE\scenario_test_generator.py
C,213,content|engine,E:\football_v\10_AI_AUTONOMOUS_ENGINE\self_audit_engine.py
C,229,content,E:\football_v\10_AI_AUTONOMOUS_ENGINE\strategy_confidence_evaluator.py
C,637,content,E:\football_v\10_AI_AUTONOMOUS_ENGINE\strategy_evolution_manager.py
C,339,content|engine,E:\football_v\10_AI_AUTONOMOUS_ENGINE\strategy_selection_engine.py
C,318,content,E:\football_v\10_AI_AUTONOMOUS_ENGINE\system_brain.py
C,187,content,E:\football_v\10_AI_AUTONOMOUS_ENGINE\system_restore_manager.py
C,183,content|engine,E:\football_v\10_AI_AUTONOMOUS_ENGINE\tactical_reasoning_engine.py
C,513,content|history,E:\football_v\10_AI_AUTONOMOUS_ENGINE\time_window_analyzer.py
C,476,content|engine,E:\football_v\10_AI_AUTONOMOUS_ENGINE\upgrade_decision_engine.py
C,418,content|history,E:\football_v\10_AI_AUTONOMOUS_ENGINE\upgrade_history_repository.py
C,492,content,E:\football_v\10_AI_AUTONOMOUS_ENGINE\upgrade_policy_manager.py
C,255,content|engine,E:\football_v\10_AI_AUTONOMOUS_ENGINE\upgrade_simulation_engine.py
C,496,content|history,E:\football_v\10_AI_AUTONOMOUS_ENGINE\version_control_manager.py
C,200,content|engine,E:\football_v\10_AI_AUTONOMOUS_ENGINE\virtual_validation_engine.py
C,823,content,E:\football_v\10_AI_AUTONOMOUS_ENGINE\weekly_evolution_analyzer.py
C,96,engine,E:\football_v\10_AI_AUTONOMOUS_ENGINE\autonomous_engine_hil_v1\__init__.py
C,144,content,E:\football_v\10_AI_AUTONOMOUS_ENGINE\checkpoint\evolution_v2.2_checkpoint.json
D,51,,E:\football_v\10_AI_AUTONOMOUS_ENGINE\checkpoint\evolution_v2.4_checkpoint.json
D,51,,E:\football_v\10_AI_AUTONOMOUS_ENGINE\checkpoint\evolution_v2.6_checkpoint.json
C,128,content,E:\football_v\10_AI_AUTONOMOUS_ENGINE\checkpoint\evolution_v2.8_approval.json
D,100,,E:\football_v\10_AI_AUTONOMOUS_ENGINE\checkpoint\evolution_v2.8_checkpoint.json
D,68,,E:\football_v\10_AI_AUTONOMOUS_ENGINE\checkpoint\evolution_v3.0_approval.json
C,106,content,E:\football_v\10_AI_AUTONOMOUS_ENGINE\checkpoint\evolution_v3.0_checkpoint.json
C,232,content,E:\football_v\10_AI_AUTONOMOUS_ENGINE\config\autonomous_config.json
D,74,,E:\football_v\10_AI_AUTONOMOUS_ENGINE\config\cognitive_intelligence_config.json
D,83,,E:\football_v\10_AI_AUTONOMOUS_ENGINE\config\evolution_decision_config.json
C,137,content,E:\football_v\10_AI_AUTONOMOUS_ENGINE\config\evolution_governance_config.json
C,585,content,E:\football_v\10_AI_AUTONOMOUS_ENGINE\config\evolution_intelligence_config.json
D,84,,E:\football_v\10_AI_AUTONOMOUS_ENGINE\config\evolution_knowledge_config.json
C,131,content,E:\football_v\10_AI_AUTONOMOUS_ENGINE\config\evolution_memory_config.json
D,72,,E:\football_v\10_AI_AUTONOMOUS_ENGINE\config\evolution_simulation_config.json
C,407,content,E:\football_v\10_AI_AUTONOMOUS_ENGINE\config\evolution_upgrade_config.json
C,216,content,E:\football_v\10_AI_AUTONOMOUS_ENGINE\config\human_approval_config.json
D,67,,E:\football_v\10_AI_AUTONOMOUS_ENGINE\config\human_approval_gate_config.json
D,85,,E:\football_v\10_AI_AUTONOMOUS_ENGINE\config\optimization_strategy_config.json
D,70,,E:\football_v\10_AI_AUTONOMOUS_ENGINE\config\recovery_config.json
D,72,,E:\football_v\10_AI_AUTONOMOUS_ENGINE\config\self_audit_config.json
D,71,,E:\football_v\10_AI_AUTONOMOUS_ENGINE\config\strategy_reasoning_config.json
C,300,content,E:\football_v\10_AI_AUTONOMOUS_ENGINE\config\upgrade_config.json
C,146,content,E:\football_v\10_AI_AUTONOMOUS_ENGINE\reports\autonomous_engine_v2.2_batch_report.json
C,136,content,E:\football_v\10_AI_AUTONOMOUS_ENGINE\reports\autonomous_engine_v2.4_batch_report.json
C,136,content,E:\football_v\10_AI_AUTONOMOUS_ENGINE\reports\autonomous_engine_v2.6_batch_report.json
C,238,content,E:\football_v\10_AI_AUTONOMOUS_ENGINE\reports\autonomous_engine_v2.8_batch_report.json
C,136,content,E:\football_v\10_AI_AUTONOMOUS_ENGINE\reports\autonomous_engine_v3.0_batch_report.json
C,1466,content|engine,E:\football_v\10_AI_AUTONOMOUS_ENGINE\tests\autonomous_engine_hil_v1_0_full_test.py
B,994,content|model|history|engine,E:\football_v\10_AI_AUTONOMOUS_ENGINE\tests\autonomous_engine_v1_4_full_test.py
C,1006,content|engine,E:\football_v\10_AI_AUTONOMOUS_ENGINE\tests\autonomous_engine_v1_6_full_test.py
C,1051,content|engine,E:\football_v\10_AI_AUTONOMOUS_ENGINE\tests\autonomous_engine_v1_8_full_test.py
C,1022,content|engine,E:\football_v\10_AI_AUTONOMOUS_ENGINE\tests\autonomous_engine_v2_2_batch_full_test.py
B,809,content|predict|engine,E:\football_v\10_AI_AUTONOMOUS_ENGINE\tests\autonomous_engine_v2_4_batch_full_test.py
C,841,content|engine,E:\football_v\10_AI_AUTONOMOUS_ENGINE\tests\autonomous_engine_v2_6_batch_full_test.py
B,1037,content|predict|engine,E:\football_v\10_AI_AUTONOMOUS_ENGINE\tests\autonomous_engine_v2_8_batch_full_test.py
B,999,content|predict|engine,E:\football_v\10_AI_AUTONOMOUS_ENGINE\tests\autonomous_engine_v3_0_batch_full_test.py
C,612,content|engine,E:\football_v\10_AI_AUTONOMOUS_ENGINE\tests\compile_check.py
C,245,content|engine,E:\football_v\10_AI_AUTONOMOUS_ENGINE\tests\conftest.py
C,928,content|engine,E:\football_v\10_AI_AUTONOMOUS_ENGINE\tests\human_approval_v1_2_full_test.py
B,1236,content|model|feature|engine,E:\football_v\10_AI_AUTONOMOUS_ENGINE\tests\optimization_suggestion_v1_1_full_test.py
C,845,content|engine,E:\football_v\10_AI_AUTONOMOUS_ENGINE\tests\test_autonomous_compatibility.py
C,181,content,E:\football_v\10_AI_AUTONOMOUS_ENGINE\tests\test_phase2_connection.py
C,405,content|engine,E:\football_v\10_AI_AUTONOMOUS_ENGINE\tests\test_phase2_full_system.py
C,8192,content,E:\football_v\10_INTEGRATION_LAYER\runtime\integration_test.db
C,117,content,E:\football_v\10_INTEGRATION_LAYER\service\integration_service.py
B,196,content|model|predict|feature,E:\football_v\10_INTEGRATION_LAYER\test\full_pipeline_test.py
C,157,content|model,E:\football_v\10_INTEGRATION_LAYER\test\model_connection_test.py
B,240,content|model|engine,E:\football_v\10_MARKET_INTELLIGENCE_LAYER\handicap_model\handicap_engine.py
C,214,content,E:\football_v\10_MARKET_INTELLIGENCE_LAYER\market_report\market_report.py
B,241,content|model|engine,E:\football_v\10_MARKET_INTELLIGENCE_LAYER\market_risk_model\risk_engine.py
C,195,content|engine,E:\football_v\10_MARKET_INTELLIGENCE_LAYER\market_sentiment_engine\sentiment.py
C,189,content|engine,E:\football_v\10_MARKET_INTELLIGENCE_LAYER\money_flow_engine\money_flow.py
C,228,content|odds,E:\football_v\10_MARKET_INTELLIGENCE_LAYER\odds_analysis\odds_analyzer.py
C,204,content,E:\football_v\10_MARKET_INTELLIGENCE_LAYER\registry\market_registry.json
C,228,content,E:\football_v\10_MARKET_INTELLIGENCE_LAYER\reports\market_deploy_report.json
C,1362,content,E:\football_v\10_MARKET_INTELLIGENCE_LAYER\reports\market_test_report.json
C,289,content,E:\football_v\10_MARKET_INTELLIGENCE_LAYER\risk_adjustment_engine\risk_adjuster.py
C,49,engine,E:\football_v\110_FINAL_MARKET_DECISION_ENGINE\module.py
B,93,feature|engine|runtime,E:\football_v\111_ADVANCED_FEATURE_ENGINE\module.py
C,100,engine|runtime,E:\football_v\112_TEAM_STRENGTH_EVOLUTION_ENGINE\module.py
C,99,engine|runtime,E:\football_v\113_PLAYER_IMPACT_ANALYSIS_ENGINE\module.py
C,90,engine|runtime,E:\football_v\114_MATCH_CONTEXT_ENGINE\module.py
C,100,engine|runtime,E:\football_v\115_AI_FORECAST_ENHANCEMENT_ENGINE\module.py
C,87,predict,E:\football_v\116_REAL_MATCH_PIPELINE\module.py
C,90,predict|feature,E:\football_v\117_FEATURE_AUTO_GENERATOR\module.py
C,91,model|predict,E:\football_v\118_MODEL_INFERENCE_SERVICE\module.py
C,93,predict,E:\football_v\119_PREDICTION_OUTPUT_SERVICE\module.py
C,222,content,E:\football_v\11_AI_ORCHESTRATION_LAYER\api_gateway\gateway.py
C,216,content,E:\football_v\11_AI_ORCHESTRATION_LAYER\data_router\data_router.py
C,232,content,E:\football_v\11_AI_ORCHESTRATION_LAYER\decision_router\decision_router.py
C,157,content,E:\football_v\11_AI_ORCHESTRATION_LAYER\logging_center\logger.py
C,233,content|model,E:\football_v\11_AI_ORCHESTRATION_LAYER\model_scheduler\scheduler.py
C,217,content,E:\football_v\11_AI_ORCHESTRATION_LAYER\orchestrator_core\orchestrator.py
C,225,content,E:\football_v\11_AI_ORCHESTRATION_LAYER\pipeline_manager\pipeline.py
C,408,content,E:\football_v\11_AI_ORCHESTRATION_LAYER\registry\orchestration_registry.json
C,225,content,E:\football_v\11_AI_ORCHESTRATION_LAYER\reports\orchestration_deploy_report.json
C,1318,content,E:\football_v\11_AI_ORCHESTRATION_LAYER\reports\orchestration_test_report.json
C,164,content|engine,E:\football_v\11_AI_ORCHESTRATION_LAYER\workflow_engine\workflow.py
A,2017,content|model|predict|history|runtime,E:\football_v\11_SIMULATION_LAYER\engine\match_simulation_engine_V2.7.1.py
A,1576,content|model|predict|history|engine|runtime|odds,E:\football_v\11_SIMULATION_LAYER\engine\match_simulation_engine_V2.7.py
C,222,content,E:\football_v\11_SIMULATION_LAYER\input\match_input.json
C,826,content,E:\football_v\11_SIMULATION_LAYER\output\simulation_result.json
C,826,content,E:\football_v\11_SIMULATION_LAYER\reports\simulation_report.json
C,8192,content,E:\football_v\11_SIMULATION_LAYER\runtime\simulation_runtime.db
C,139,content,E:\football_v\11_System_Intelligence\accuracy_report.py
C,270,content,E:\football_v\11_System_Intelligence\adaptive_feedback.py
C,197,content|engine,E:\football_v\11_System_Intelligence\agent_fusion_engine.py
C,273,content,E:\football_v\11_System_Intelligence\agent_manager.py
C,185,content|predict,E:\football_v\11_System_Intelligence\ai_prediction_os.py
C,135,content|engine,E:\football_v\11_System_Intelligence\backtest_engine.py
C,144,content,E:\football_v\11_System_Intelligence\bankroll_manager.py
C,135,content|engine,E:\football_v\11_System_Intelligence\beidan_engine.py
B,163,content|engine|bet,E:\football_v\11_System_Intelligence\betting_recommendation_engine.py
B,145,content|engine|bet,E:\football_v\11_System_Intelligence\bet_strategy_engine.py
C,143,content|engine,E:\football_v\11_System_Intelligence\capital_flow_engine.py
C,143,content,E:\football_v\11_System_Intelligence\capital_sentiment.py
C,152,content,E:\football_v\11_System_Intelligence\confidence_calibrator.py
C,233,content|engine,E:\football_v\11_System_Intelligence\confidence_engine.py
C,175,content|history,E:\football_v\11_System_Intelligence\confidence_tracker.py
C,137,content,E:\football_v\11_System_Intelligence\decision_api.py
C,258,content|model,E:\football_v\11_System_Intelligence\decision_context.py
B,343,content|model|engine,E:\football_v\11_System_Intelligence\decision_fusion.py
C,195,content|history,E:\football_v\11_System_Intelligence\decision_memory.py
C,224,content|engine,E:\football_v\11_System_Intelligence\decision_reasoner.py
C,190,content|model,E:\football_v\11_System_Intelligence\dixon_coles_model.py
B,147,content|model|train,E:\football_v\11_System_Intelligence\dixon_coles_trainer.py
C,212,content|engine,E:\football_v\11_System_Intelligence\dynamic_weight_engine.py
C,303,content|engine,E:\football_v\11_System_Intelligence\elo_engine.py
B,181,content|model|train,E:\football_v\11_System_Intelligence\elo_trainer.py
C,144,content|engine,E:\football_v\11_System_Intelligence\error_analysis_engine.py
B,1121,content|predict|engine,E:\football_v\11_System_Intelligence\evolution_engine.py
C,363,content,E:\football_v\11_System_Intelligence\evolution_memory.py
C,139,content|engine,E:\football_v\11_System_Intelligence\fatigue_engine.py
B,143,content|feature|engine,E:\football_v\11_System_Intelligence\feature_engineering.py
C,285,content,E:\football_v\11_System_Intelligence\feedback_memory.py
C,146,content,E:\football_v\11_System_Intelligence\football_ai_report.py
C,77,runtime,E:\football_v\11_System_Intelligence\football_ai_runtime.py
C,142,content|engine,E:\football_v\11_System_Intelligence\form_analysis_engine.py
C,142,content,E:\football_v\11_System_Intelligence\handicap_trap_detector.py
C,148,content,E:\football_v\11_System_Intelligence\historical_match_loader.py
C,146,content|engine,E:\football_v\11_System_Intelligence\home_away_engine.py
C,135,content|engine,E:\football_v\11_System_Intelligence\injury_engine.py
C,1063,content,E:\football_v\11_System_Intelligence\intelligence_controller.py
C,221,content|history,E:\football_v\11_System_Intelligence\intelligence_feedback_loop.py
B,319,content|model|engine,E:\football_v\11_System_Intelligence\intelligence_fusion_engine.py
C,146,content,E:\football_v\11_System_Intelligence\intelligence_memory.py
C,449,content,E:\football_v\11_System_Intelligence\intelligence_report.py
C,172,content,E:\football_v\11_System_Intelligence\intelligence_router.py
C,268,content,E:\football_v\11_System_Intelligence\intelligence_scheduler.py
C,315,content,E:\football_v\11_System_Intelligence\intelligence_weight_manager.py
C,190,content,E:\football_v\11_System_Intelligence\knowledge_embedding.py
C,79,engine,E:\football_v\11_System_Intelligence\knowledge_engine.py
C,118,content,E:\football_v\11_System_Intelligence\knowledge_graph.py
B,718,content|predict|history,E:\football_v\11_System_Intelligence\knowledge_memory_bridge.py
C,413,content,E:\football_v\11_System_Intelligence\knowledge_node.py
C,158,content,E:\football_v\11_System_Intelligence\knowledge_optimizer.py
C,174,content,E:\football_v\11_System_Intelligence\knowledge_profile.py
C,186,content|engine,E:\football_v\11_System_Intelligence\knowledge_query_engine.py
C,465,content,E:\football_v\11_System_Intelligence\knowledge_reasoner.py
C,332,content,E:\football_v\11_System_Intelligence\knowledge_relation.py
C,153,content|engine,E:\football_v\11_System_Intelligence\knowledge_relation_engine.py
C,121,content|engine,E:\football_v\11_System_Intelligence\knowledge_update_engine.py
C,207,content,E:\football_v\11_System_Intelligence\learning_memory.py
C,208,content,E:\football_v\11_System_Intelligence\learning_scheduler.py
C,132,content,E:\football_v\11_System_Intelligence\les_advanced.py
C,177,content|engine,E:\football_v\11_System_Intelligence\les_engine.py
C,140,content|engine,E:\football_v\11_System_Intelligence\lineup_engine.py
C,173,content,E:\football_v\11_System_Intelligence\market_agent.py
C,142,content|engine,E:\football_v\11_System_Intelligence\market_engine.py
C,170,content|feature,E:\football_v\11_System_Intelligence\match_feature_store.py
B,155,content|predict|engine,E:\football_v\11_System_Intelligence\match_prediction_engine.py
C,129,content,E:\football_v\11_System_Intelligence\match_simulator.py
C,258,content|predict,E:\football_v\11_System_Intelligence\memory_adapter.py
B,176,content|model|history,E:\football_v\11_System_Intelligence\model_accuracy_memory.py
B,145,content|model|engine,E:\football_v\11_System_Intelligence\model_adjustment_engine.py
C,211,content|model,E:\football_v\11_System_Intelligence\model_conflict_detector.py
C,263,content|model,E:\football_v\11_System_Intelligence\model_fusion_core.py
C,111,content|model,E:\football_v\11_System_Intelligence\model_observer.py
C,652,content|model,E:\football_v\11_System_Intelligence\model_optimizer.py
C,216,content|model,E:\football_v\11_System_Intelligence\model_weight_optimizer.py
C,202,content|engine,E:\football_v\11_System_Intelligence\monte_carlo_engine.py
B,144,content|history|odds,E:\football_v\11_System_Intelligence\odds_movement.py
D,76,,E:\football_v\11_System_Intelligence\parlay_strategy.py
C,336,content|history,E:\football_v\11_System_Intelligence\performance_tracker.py
C,214,content|model,E:\football_v\11_System_Intelligence\poisson_model.py
B,140,content|model|train,E:\football_v\11_System_Intelligence\poisson_trainer.py
C,261,content|predict,E:\football_v\11_System_Intelligence\prediction_agent.py
C,147,content|predict,E:\football_v\11_System_Intelligence\prediction_evaluator.py
C,141,content|predict,E:\football_v\11_System_Intelligence\prediction_report.py
C,150,content|predict,E:\football_v\11_System_Intelligence\prediction_report_generator.py
B,516,content|model|engine,E:\football_v\11_System_Intelligence\probability_fusion_engine.py
C,174,content|history,E:\football_v\11_System_Intelligence\probability_memory.py
C,168,content,E:\football_v\11_System_Intelligence\profit_tracker.py
C,173,content,E:\football_v\11_System_Intelligence\reasoning_agent.py
C,443,content|history,E:\football_v\11_System_Intelligence\reasoning_context.py
C,251,content|engine,E:\football_v\11_System_Intelligence\reasoning_engine.py
C,322,content,E:\football_v\11_System_Intelligence\reasoning_memory.py
C,253,content,E:\football_v\11_System_Intelligence\reasoning_rules.py
D,86,,E:\football_v\11_System_Intelligence\result_collector.py
C,164,content,E:\football_v\11_System_Intelligence\risk_agent.py
C,134,content,E:\football_v\11_System_Intelligence\risk_detector.py
C,180,content|engine,E:\football_v\11_System_Intelligence\risk_engine.py
C,161,content,E:\football_v\11_System_Intelligence\risk_memory.py
C,135,content,E:\football_v\11_System_Intelligence\risk_report.py
C,229,content,E:\football_v\11_System_Intelligence\rule_optimizer.py
C,186,content|engine,E:\football_v\11_System_Intelligence\score_distribution_engine.py
B,140,content|predict|engine,E:\football_v\11_System_Intelligence\score_prediction_engine.py
C,188,content,E:\football_v\11_System_Intelligence\score_probability_table.py
B,694,content|predict|history|engine,E:\football_v\11_System_Intelligence\self_learning_engine.py
D,76,,E:\football_v\11_System_Intelligence\single_strategy.py
C,152,content|engine,E:\football_v\11_System_Intelligence\sp_probability_engine.py
C,179,content,E:\football_v\11_System_Intelligence\strategy_agent.py
C,163,content,E:\football_v\11_System_Intelligence\strategy_mutator.py
C,112,content,E:\football_v\11_System_Intelligence\system_analyzer.py
C,106,content,E:\football_v\11_System_Intelligence\system_brain.py
C,139,content,E:\football_v\11_System_Intelligence\system_exporter.py
C,187,content|feature,E:\football_v\11_System_Intelligence\team_feature_builder.py
C,143,content|engine,E:\football_v\11_System_Intelligence\team_strength_engine.py
C,319,content,E:\football_v\11_System_Intelligence\true_probability_calculator.py
C,130,content,E:\football_v\11_System_Intelligence\value_detector.py
C,144,content|engine,E:\football_v\11_System_Intelligence\weight_learning_engine.py
B,201,content|model|predict|feature,E:\football_v\11_System_Intelligence\xgboost_predictor.py
B,140,content|model|train,E:\football_v\11_System_Intelligence\xgboost_trainer.py
D,86,,E:\football_v\11_System_Intelligence\reports\phase3_10_confidence_report.json
C,105,content,E:\football_v\11_System_Intelligence\reports\phase3_11_knowledge_graph_report.json
D,99,,E:\football_v\11_System_Intelligence\reports\phase3_12_probability_report.json
D,88,,E:\football_v\11_System_Intelligence\reports\phase3_13_market_report.json
D,92,,E:\football_v\11_System_Intelligence\reports\phase3_14_prediction_report.json
D,93,,E:\football_v\11_System_Intelligence\reports\phase3_15_runtime_report.json
C,123,content,E:\football_v\11_System_Intelligence\reports\phase3_2_memory_bridge_report.json
D,92,,E:\football_v\11_System_Intelligence\reports\phase3_3_reasoning_report.json
D,85,,E:\football_v\11_System_Intelligence\reports\phase3_4_decision_fusion_report.json
D,100,,E:\football_v\11_System_Intelligence\reports\phase3_5_controller_upgrade_report.json
C,261,content,E:\football_v\11_System_Intelligence\reports\phase3_6_self_learning_report.json
C,328,content,E:\football_v\11_System_Intelligence\reports\phase3_7_evolution_report.json
D,90,,E:\football_v\11_System_Intelligence\reports\phase3_8_knowledge_report.json
D,85,,E:\football_v\11_System_Intelligence\reports\phase3_9_risk_report.json
D,94,,E:\football_v\11_System_Intelligence\reports\phase4_1_prediction_core_report.json
D,85,,E:\football_v\11_System_Intelligence\reports\phase4_2_team_intelligence_report.json
D,87,,E:\football_v\11_System_Intelligence\reports\phase4_3_market_intelligence_report.json
D,92,,E:\football_v\11_System_Intelligence\reports\phase4_4_report_system_report.json
D,79,,E:\football_v\11_System_Intelligence\reports\phase5_1_report.json
D,82,,E:\football_v\11_System_Intelligence\reports\phase5_2_report.json
D,78,,E:\football_v\11_System_Intelligence\reports\phase5_3_report.json
D,79,,E:\football_v\11_System_Intelligence\reports\phase5_4_report.json
D,88,,E:\football_v\11_System_Intelligence\reports\phase6_1_report.json
D,82,,E:\football_v\11_System_Intelligence\reports\phase6_2_report.json
D,76,,E:\football_v\11_System_Intelligence\reports\phase6_3_report.json
D,85,,E:\football_v\11_System_Intelligence\reports\phase6_4_report.json
C,234,content,E:\football_v\11_System_Intelligence\tests\test_intelligence.py
C,141,content,E:\football_v\11_System_Intelligence\tests\test_phase2_intelligence.py
C,183,content|engine,E:\football_v\11_System_Intelligence\tests\test_phase3_10_confidence.py
C,900,content|engine,E:\football_v\11_System_Intelligence\tests\test_phase3_11_knowledge_graph.py
C,277,content|engine,E:\football_v\11_System_Intelligence\tests\test_phase3_12_probability.py
C,145,content|engine,E:\football_v\11_System_Intelligence\tests\test_phase3_13_market.py
B,187,content|predict|engine,E:\football_v\11_System_Intelligence\tests\test_phase3_14_prediction.py
C,137,content|runtime,E:\football_v\11_System_Intelligence\tests\test_phase3_15_runtime.py
C,714,content,E:\football_v\11_System_Intelligence\tests\test_phase3_2_memory_bridge.py
C,473,content|engine,E:\football_v\11_System_Intelligence\tests\test_phase3_3_reasoning.py
B,256,content|model|engine,E:\football_v\11_System_Intelligence\tests\test_phase3_4_decision_fusion.py
C,739,content,E:\football_v\11_System_Intelligence\tests\test_phase3_5_controller_upgrade.py
B,407,content|model|engine,E:\football_v\11_System_Intelligence\tests\test_phase3_6_self_learning.py
C,413,content|engine,E:\football_v\11_System_Intelligence\tests\test_phase3_7_evolution.py
C,216,content,E:\football_v\11_System_Intelligence\tests\test_phase3_8_knowledge.py
C,136,content|engine,E:\football_v\11_System_Intelligence\tests\test_phase3_9_risk.py
B,489,content|predict|engine,E:\football_v\11_System_Intelligence\tests\test_phase3_system_intelligence.py
C,138,content,E:\football_v\11_System_Intelligence\tests\test_phase4_market_core.py
B,391,content|model|engine,E:\football_v\11_System_Intelligence\tests\test_phase4_prediction_core.py
C,117,content,E:\football_v\11_System_Intelligence\tests\test_phase5_1_agents.py
C,163,content|engine,E:\football_v\11_System_Intelligence\tests\test_phase5_2_weight.py
C,161,content|engine,E:\football_v\11_System_Intelligence\tests\test_phase5_3_simulation.py
C,130,content,E:\football_v\11_System_Intelligence\tests\test_phase5_4_strategy.py
C,142,content|engine,E:\football_v\11_System_Intelligence\tests\test_phase6_backtest.py
B,162,content|model|engine,E:\football_v\11_System_Intelligence\tests\test_phase6_feedback.py
C,140,content|train,E:\football_v\11_System_Intelligence\tests\test_phase6_training.py
C,85,predict,E:\football_v\120_AI_REPORT_SERVICE\module.py
C,73,database,E:\football_v\121_DATABASE_GOVERNANCE_LAYER\data_registry.py
C,93,engine,E:\football_v\121_RESULT_FEEDBACK_ENGINE\module.py
C,92,engine,E:\football_v\122_ERROR_ANALYSIS_ENGINE\module.py
C,65,model,E:\football_v\122_MODEL_STORE_LAYER\metadata_manager.py
C,64,engine,E:\football_v\123_EXECUTION_ENGINE\decision_executor.py
C,97,model|engine,E:\football_v\123_MODEL_WEIGHT_UPDATE_ENGINE\module.py
C,91,engine,E:\football_v\124_AUTO_BACKTEST_ENGINE\module.py
D,63,,E:\football_v\124_DASHBOARD_LAYER\model_monitor.py
D,89,,E:\football_v\125_AI_VERSION_MANAGER\module.py
D,69,,E:\football_v\125_PRODUCT_RELEASE_LAYER\deployment_validator.py
C,72,model|engine,E:\football_v\126_MODEL_EXPLANATION_ENGINE\explanation_engine.py
D,72,,E:\football_v\127_AUTONOMOUS_LEARNING_LOOP\feedback_processor.py
D,72,,E:\football_v\128_SYSTEM_MONITORING_CENTER\alert_manager.py
D,65,,E:\football_v\129_API_GATEWAY_LAYER\api_router.py
C,348,content|predict,E:\football_v\12_API_LAYER\api\decision_api.py
C,321,content|predict,E:\football_v\12_API_LAYER\api\prediction_api.py
C,713,content,E:\football_v\12_API_LAYER\reports\api_validation_report.json
C,905,content,E:\football_v\12_API_LAYER\reports\real_model_runtime_report.json
C,8192,content,E:\football_v\12_API_LAYER\runtime\api_runtime.db
B,2012,content|model|predict|runtime,E:\football_v\12_API_LAYER\service\football_prediction_service.py
B,343,content|runtime|database,E:\football_v\12_API_LAYER\test\api_integration_test.py
C,293,content|predict,E:\football_v\12_AUTONOMOUS_LEARNING_ENGINE\error_analysis\error_analyzer.py
C,227,content|database,E:\football_v\12_AUTONOMOUS_LEARNING_ENGINE\experience_database\experience_manager.py
C,244,content|feature,E:\football_v\12_AUTONOMOUS_LEARNING_ENGINE\feature_optimizer\feature_optimizer.py
C,237,content,E:\football_v\12_AUTONOMOUS_LEARNING_ENGINE\feedback_collector\collector.py
C,230,content|engine,E:\football_v\12_AUTONOMOUS_LEARNING_ENGINE\improvement_engine\improvement.py
B,235,content|model|engine,E:\football_v\12_AUTONOMOUS_LEARNING_ENGINE\model_learning\learning_engine.py
C,342,content,E:\football_v\12_AUTONOMOUS_LEARNING_ENGINE\registry\learning_registry.json
C,229,content,E:\football_v\12_AUTONOMOUS_LEARNING_ENGINE\reports\learning_deploy_report.json
C,1529,content,E:\football_v\12_AUTONOMOUS_LEARNING_ENGINE\reports\learning_test_report.json
C,230,content,E:\football_v\12_AUTONOMOUS_LEARNING_ENGINE\self_reflection\reflection_engine.py
C,247,content,E:\football_v\12_AUTONOMOUS_LEARNING_ENGINE\weight_optimizer\optimizer.py
D,71,,E:\football_v\130_FINAL_SYSTEM_VALIDATION\module.py
C,203,content,E:\football_v\131_USER_INTERFACE_LAYER\module.py
C,209,content|engine,E:\football_v\132_NATURAL_LANGUAGE_ENGINE\module.py
C,213,content,E:\football_v\133_CONVERSATION_MEMORY_LAYER\module.py
C,205,content|engine,E:\football_v\134_COMMAND_ROUTER_ENGINE\module.py
C,205,content,E:\football_v\135_API_GATEWAY_CONNECTOR\module.py
C,207,content|engine,E:\football_v\136_MODULE_DISPATCH_ENGINE\module.py
C,213,content,E:\football_v\137_REPORT_PRESENTATION_LAYER\module.py
C,199,content|runtime,E:\football_v\138_LOCAL_CHAT_RUNTIME\module.py
C,209,content,E:\football_v\139_SYSTEM_HEALTH_INTERFACE\module.py
C,215,content|engine,E:\football_v\13_REPORT_INTELLIGENCE_LAYER\export_engine\exporter.py
C,224,content,E:\football_v\13_REPORT_INTELLIGENCE_LAYER\market_report\market_report.py
C,231,content,E:\football_v\13_REPORT_INTELLIGENCE_LAYER\match_report_generator\match_report.py
C,230,content|model,E:\football_v\13_REPORT_INTELLIGENCE_LAYER\model_report\model_report.py
C,235,content,E:\football_v\13_REPORT_INTELLIGENCE_LAYER\post_match_report\post_match.py
C,238,content|model,E:\football_v\13_REPORT_INTELLIGENCE_LAYER\probability_report\probability_report.py
C,336,content,E:\football_v\13_REPORT_INTELLIGENCE_LAYER\registry\report_registry.json
C,228,content,E:\football_v\13_REPORT_INTELLIGENCE_LAYER\reports\report_layer_deploy_report.json
C,1629,content,E:\football_v\13_REPORT_INTELLIGENCE_LAYER\reports\report_layer_test_report.json
C,218,content,E:\football_v\13_REPORT_INTELLIGENCE_LAYER\risk_report\risk_report.py
C,228,content|engine,E:\football_v\13_REPORT_INTELLIGENCE_LAYER\visualization_engine\visualizer.py
C,193,content,E:\football_v\13_TEST_LAYER\cases\match_cases.json
A,1678,content|model|predict|feature|history|runtime,E:\football_v\13_TEST_LAYER\engine\end_to_end_test_engine_V2.9.py
C,1026,content,E:\football_v\13_TEST_LAYER\reports\final_system_test_report.json
C,8192,content,E:\football_v\13_TEST_LAYER\runtime\test_runtime.db
B,266,content|runtime|database,E:\football_v\13_TEST_LAYER\validation\database_validation.py
C,215,content,E:\football_v\140_FINAL_INTERFACE_VALIDATION\module.py
B,215,content|engine|runtime,E:\football_v\141_REAL_CHAT_EXECUTION_ENGINE\module.py
B,211,content|runtime|database,E:\football_v\142_DATABASE_QUERY_RUNTIME\module.py
B,212,content|model|runtime,E:\football_v\143_MODEL_CALL_ORCHESTRATOR\module.py
C,212,content|runtime,E:\football_v\144_MATCH_ANALYSIS_EXECUTOR\module.py
C,214,content|runtime,E:\football_v\145_REPORT_GENERATION_RUNTIME\module.py
B,215,content|history|runtime,E:\football_v\146_HISTORY_CONVERSATION_STORE\module.py
B,210,content|engine|runtime,E:\football_v\147_TASK_SCHEDULER_ENGINE\module.py
C,210,content|runtime,E:\football_v\148_RUNTIME_ERROR_HANDLER\module.py
C,207,content|runtime,E:\football_v\149_SYSTEM_LOG_MANAGER\module.py
C,210,content,E:\football_v\14_OPERATION_LAYER\input\match_request.json
C,823,content,E:\football_v\14_OPERATION_LAYER\output\prediction_result.json
C,823,content,E:\football_v\14_OPERATION_LAYER\reports\operation_report.json
C,129,content,E:\football_v\14_SYSTEM_MONITORING_LAYER\alert_engine\alert_manager.py
C,138,content,E:\football_v\14_SYSTEM_MONITORING_LAYER\dashboard\system_dashboard.py
C,167,content|database,E:\football_v\14_SYSTEM_MONITORING_LAYER\database_monitor\database_checker.py
C,129,content,E:\football_v\14_SYSTEM_MONITORING_LAYER\error_monitor\error_collector.py
C,157,content,E:\football_v\14_SYSTEM_MONITORING_LAYER\health_monitor\health_checker.py
C,300,content|model,E:\football_v\14_SYSTEM_MONITORING_LAYER\model_monitor\model_checker.py
C,134,content,E:\football_v\14_SYSTEM_MONITORING_LAYER\performance_monitor\performance_checker.py
C,290,content,E:\football_v\14_SYSTEM_MONITORING_LAYER\registry\monitoring_registry.json
C,226,content,E:\football_v\14_SYSTEM_MONITORING_LAYER\reports\monitoring_deploy_report.json
C,1601,content,E:\football_v\14_SYSTEM_MONITORING_LAYER\reports\monitoring_test_report.json
C,163,content,E:\football_v\14_SYSTEM_MONITORING_LAYER\resource_monitor\resource_checker.py
C,213,content|runtime,E:\football_v\150_FINAL_RUNTIME_VALIDATION\module.py
C,127,content,E:\football_v\15_API_INTEGRATION_LAYER\api_scheduler\scheduler.py
C,148,content,E:\football_v\15_API_INTEGRATION_LAYER\config\api_config.json
C,122,content,E:\football_v\15_API_INTEGRATION_LAYER\data_sync_engine\sync_manager.py
C,203,content,E:\football_v\15_API_INTEGRATION_LAYER\football_data_api\football_data_client.py
C,136,content,E:\football_v\15_API_INTEGRATION_LAYER\injury_api\injury_client.py
C,132,content,E:\football_v\15_API_INTEGRATION_LAYER\news_api\news_client.py
C,189,content|odds,E:\football_v\15_API_INTEGRATION_LAYER\odds_api\odds_client.py
C,272,content,E:\football_v\15_API_INTEGRATION_LAYER\registry\api_registry.json
C,225,content,E:\football_v\15_API_INTEGRATION_LAYER\reports\api_deploy_report.json
C,1566,content,E:\football_v\15_API_INTEGRATION_LAYER\reports\api_test_report.json
C,188,content,E:\football_v\15_API_INTEGRATION_LAYER\stats_api\stats_client.py
C,138,content,E:\football_v\15_API_INTEGRATION_LAYER\weather_api\weather_client.py
C,263,content|database,E:\football_v\16_DATABASE_GOVERNANCE_LAYER\audit_logger.py
B,1982,content|engine|database,E:\football_v\16_DATABASE_GOVERNANCE_LAYER\deploy_governance_batch_01_V1.0.py
C,320,content|database,E:\football_v\16_DATABASE_GOVERNANCE_LAYER\module.py
B,956,content|engine|database,E:\football_v\16_DATABASE_GOVERNANCE_LAYER\backup_engine\backup_engine_V1.0.py
B,1267,content|engine|database,E:\football_v\16_DATABASE_GOVERNANCE_LAYER\batch_modules\create_backup_engine.py
B,1928,content|model|feature|database,E:\football_v\16_DATABASE_GOVERNANCE_LAYER\batch_modules\create_database_initializer.py
B,1977,content|engine|database,E:\football_v\16_DATABASE_GOVERNANCE_LAYER\batch_modules\create_restore_engine.py
B,1167,content|engine|database,E:\football_v\16_DATABASE_GOVERNANCE_LAYER\batch_modules\create_version_control_engine.py
C,98,database,E:\football_v\16_DATABASE_GOVERNANCE_LAYER\database_backup_scheduler\database_backup_scheduler_V1.0.py
C,109,content|database,E:\football_v\16_DATABASE_GOVERNANCE_LAYER\database_health_monitor\database_health_monitor_V1.0.py
B,1258,content|model|feature|database,E:\football_v\16_DATABASE_GOVERNANCE_LAYER\database_initializer\database_initializer_V1.0.py
C,97,database,E:\football_v\16_DATABASE_GOVERNANCE_LAYER\database_restore_manager\database_restore_manager_V1.0.py
C,109,content|database,E:\football_v\16_DATABASE_GOVERNANCE_LAYER\database_schema_manager\database_schema_manager_V1.0.py
C,97,database,E:\football_v\16_DATABASE_GOVERNANCE_LAYER\database_version_manager\database_version_manager_V1.0.py
B,3827,content|engine|database,E:\football_v\16_DATABASE_GOVERNANCE_LAYER\migration_engine\deploy_migration_engine_V1.0.py
B,880,content|engine|database,E:\football_v\16_DATABASE_GOVERNANCE_LAYER\migration_engine\migration_engine_V1.0.py
C,214,content,E:\football_v\16_DATABASE_GOVERNANCE_LAYER\migration_engine\config\migration_config.json
C,125,content,E:\football_v\16_DATABASE_GOVERNANCE_LAYER\migration_engine\registry\migration_registry.json
C,149,content,E:\football_v\16_DATABASE_GOVERNANCE_LAYER\migration_engine\reports\migration_deployment_report.json
C,129,content,E:\football_v\16_DATABASE_GOVERNANCE_LAYER\migration_engine\reports\migration_status.json
C,453,content,E:\football_v\16_DATABASE_GOVERNANCE_LAYER\migration_engine\reports\migration_test_report.json
B,1356,content|engine|database,E:\football_v\16_DATABASE_GOVERNANCE_LAYER\migration_engine\tests\test_migration_engine_V1.0.py
C,950,content,E:\football_v\16_DATABASE_GOVERNANCE_LAYER\reports\governance_batch_01_deployment_report.json
B,1715,content|engine|database,E:\football_v\16_DATABASE_GOVERNANCE_LAYER\restore_engine\restore_engine_V1.0.py
A,4914,content|model|feature|engine|database,E:\football_v\16_DATABASE_GOVERNANCE_LAYER\validation_engine\deploy_validation_engine_V1.0.py
A,2021,content|model|feature|engine|database,E:\football_v\16_DATABASE_GOVERNANCE_LAYER\validation_engine\validation_engine_V1.0.py
C,238,content,E:\football_v\16_DATABASE_GOVERNANCE_LAYER\validation_engine\config\validation_config.json
C,116,content,E:\football_v\16_DATABASE_GOVERNANCE_LAYER\validation_engine\registry\validation_registry.json
C,150,content,E:\football_v\16_DATABASE_GOVERNANCE_LAYER\validation_engine\reports\validation_deployment_report.json
C,605,content,E:\football_v\16_DATABASE_GOVERNANCE_LAYER\validation_engine\reports\validation_report.json
C,456,content,E:\football_v\16_DATABASE_GOVERNANCE_LAYER\validation_engine\reports\validation_test_report.json
B,1368,content|engine|database,E:\football_v\16_DATABASE_GOVERNANCE_LAYER\validation_engine\tests\test_validation_engine_V1.0.py
B,811,content|engine|database,E:\football_v\16_DATABASE_GOVERNANCE_LAYER\version_control_engine\version_control_engine_V1.0.py
B,2888,content|model|database,E:\football_v\17_MODEL_STORE_LAYER\deploy_model_store_batch_01_V1.0.py
C,2050,content|model,E:\football_v\17_MODEL_STORE_LAYER\deploy_model_store_batch_02_V1.0.py
C,247,content|model,E:\football_v\17_MODEL_STORE_LAYER\model_loader.py
C,350,content|model,E:\football_v\17_MODEL_STORE_LAYER\module.py
C,313,content,E:\football_v\17_MODEL_STORE_LAYER\config\model_store_config.json
C,111,content|model,E:\football_v\17_MODEL_STORE_LAYER\model_artifact_manager\model_artifact_manager_V1.0.py
C,168,content|model,E:\football_v\17_MODEL_STORE_LAYER\model_cache_manager\model_cache_manager_V1.0.py
C,239,content|model,E:\football_v\17_MODEL_STORE_LAYER\model_deployment_manager\model_deployment_manager_V1.0.py
C,412,content|model,E:\football_v\17_MODEL_STORE_LAYER\model_loader\model_loader_V1.0.py
C,110,content|model,E:\football_v\17_MODEL_STORE_LAYER\model_metrics_manager\model_metrics_manager_V1.0.py
C,112,content|model,E:\football_v\17_MODEL_STORE_LAYER\model_parameter_manager\model_parameter_manager_V1.0.py
C,984,content|model,E:\football_v\17_MODEL_STORE_LAYER\model_registry\model_registry_V1.0.py
C,276,content,E:\football_v\17_MODEL_STORE_LAYER\model_registry\registry.json
C,209,content|model,E:\football_v\17_MODEL_STORE_LAYER\model_validator\model_validator_V1.0.py
C,173,content|model,E:\football_v\17_MODEL_STORE_LAYER\model_version_manager\model_version_manager_V1.0.py
C,162,content,E:\football_v\17_MODEL_STORE_LAYER\reports\model_store_batch_01_deployment_report.json
C,162,content,E:\football_v\17_MODEL_STORE_LAYER\reports\model_store_batch_02_deployment_report.json
A,3227,content|model|predict|feature|engine,E:\football_v\18_MODEL_EXECUTION_ENGINE\deploy_execution_engine_batch_01_V1.0.py
B,257,content|model|engine,E:\football_v\18_MODEL_EXECUTION_ENGINE\fusion_engine.py
B,469,content|predict|engine,E:\football_v\18_MODEL_EXECUTION_ENGINE\module.py
C,101,content|predict,E:\football_v\18_MODEL_EXECUTION_ENGINE\batch_predictor\batch_predictor_V1.0.py
C,90,engine,E:\football_v\18_MODEL_EXECUTION_ENGINE\confidence_engine\confidence_engine_V1.0.py
C,280,content,E:\football_v\18_MODEL_EXECUTION_ENGINE\config\execution_config.json
D,90,,E:\football_v\18_MODEL_EXECUTION_ENGINE\execution_monitor\execution_monitor_V1.0.py
C,508,content|feature,E:\football_v\18_MODEL_EXECUTION_ENGINE\feature_loader\feature_loader_V1.0.py
C,256,content,E:\football_v\18_MODEL_EXECUTION_ENGINE\fusion_engine\fusion_engine_V1.0.py
C,475,content|model,E:\football_v\18_MODEL_EXECUTION_ENGINE\model_loader\model_loader_V1.0.py
C,241,content,E:\football_v\18_MODEL_EXECUTION_ENGINE\output_manager\output_manager_V1.0.py
C,449,content|predict,E:\football_v\18_MODEL_EXECUTION_ENGINE\prediction_pipeline\prediction_pipeline_V1.0.py
C,106,content|predict,E:\football_v\18_MODEL_EXECUTION_ENGINE\prediction_scheduler\prediction_scheduler_V1.0.py
C,167,content,E:\football_v\18_MODEL_EXECUTION_ENGINE\reports\execution_engine_batch_01_deployment_report.json
C,84,engine,E:\football_v\18_MODEL_EXECUTION_ENGINE\risk_engine\risk_engine_V1.0.py
C,231,content,E:\football_v\19_API_LAYER\health_api.py
C,178,content,E:\football_v\19_API_LAYER\module.py
D,85,,E:\football_v\19_API_LAYER\api_registry\api_registry_V1.0.py
D,97,,E:\football_v\19_API_LAYER\api_server\api_server_V1.0.py
D,83,,E:\football_v\19_API_LAYER\health_api\health_api_V1.0.py
C,82,model,E:\football_v\19_API_LAYER\model_api\model_api_V1.0.py
C,100,predict,E:\football_v\19_API_LAYER\prediction_api\prediction_api_V1.0.py
D,83,,E:\football_v\19_API_LAYER\report_api\report_api_V1.0.py
C,243,content,E:\football_v\20_DASHBOARD_LAYER\dashboard.py
C,190,content,E:\football_v\20_DASHBOARD_LAYER\module.py
D,100,,E:\football_v\20_DASHBOARD_LAYER\dashboard_core\dashboard_core_V1.0.py
D,89,,E:\football_v\20_DASHBOARD_LAYER\market_dashboard\market_dashboard_V1.0.py
C,88,model,E:\football_v\20_DASHBOARD_LAYER\model_dashboard\model_dashboard_V1.0.py
C,106,content|predict,E:\football_v\20_DASHBOARD_LAYER\prediction_dashboard\prediction_dashboard_V1.0.py
D,94,,E:\football_v\20_DASHBOARD_LAYER\probability_dashboard\probability_dashboard_V1.0.py
D,89,,E:\football_v\20_DASHBOARD_LAYER\report_dashboard\report_dashboard_V1.0.py
C,224,content,E:\football_v\21_PRODUCT_PACKAGE\module.py
C,243,content,E:\football_v\21_PRODUCT_PACKAGE\startup.py
D,60,,E:\football_v\21_PRODUCT_PACKAGE\version.json
D,92,,E:\football_v\21_PRODUCT_PACKAGE\environment_checker\environment_checker_V1.0.py
C,103,content,E:\football_v\21_PRODUCT_PACKAGE\installer\installer_V1.0.py
D,88,,E:\football_v\21_PRODUCT_PACKAGE\package_builder\package_builder_V1.0.py
C,101,content,E:\football_v\21_PRODUCT_PACKAGE\release_manager\release_manager_V1.0.py
D,87,,E:\football_v\21_PRODUCT_PACKAGE\update_manager\update_manager_V1.0.py
D,89,,E:\football_v\21_PRODUCT_PACKAGE\version_registry\version_registry_V1.0.py
C,151,content|feature,E:\football_v\22_AI_FEATURE_STORE_LAYER\feature_builder.py
C,152,content|feature,E:\football_v\22_AI_FEATURE_STORE_LAYER\feature_pipeline.py
C,152,content|feature,E:\football_v\22_AI_FEATURE_STORE_LAYER\feature_registry.py
C,142,content|feature,E:\football_v\22_AI_FEATURE_STORE_LAYER\module.py
B,154,content|model|engine|train,E:\football_v\23_MODEL_TRAINING_ENGINE\dixon_coles_trainer.py
B,146,content|model|engine|train,E:\football_v\23_MODEL_TRAINING_ENGINE\elo_trainer.py
B,149,content|model|engine|train,E:\football_v\23_MODEL_TRAINING_ENGINE\fusion_trainer.py
B,141,content|model|engine|train,E:\football_v\23_MODEL_TRAINING_ENGINE\module.py
B,150,content|model|engine|train,E:\football_v\23_MODEL_TRAINING_ENGINE\poisson_trainer.py
B,150,content|model|engine|train,E:\football_v\23_MODEL_TRAINING_ENGINE\xgboost_trainer.py
C,145,content,E:\football_v\23_MODEL_TRAINING_ENGINE\backtest_connector\backtest_connector_V2.0.py
C,178,content|history,E:\football_v\23_MODEL_TRAINING_ENGINE\dataset_manager\dataset_manager_V2.0.py
C,141,content|engine,E:\football_v\23_MODEL_TRAINING_ENGINE\evaluation_engine\evaluation_engine_V2.0.py
C,134,content|feature,E:\football_v\23_MODEL_TRAINING_ENGINE\feature_loader\feature_loader_V2.0.py
B,146,content|model|train,E:\football_v\23_MODEL_TRAINING_ENGINE\model_trainer\model_trainer_V2.0.py
C,195,content,E:\football_v\23_MODEL_TRAINING_ENGINE\registry\model_version_registry.json
C,115,content,E:\football_v\23_MODEL_TRAINING_ENGINE\reports\training_engine_activation_report.json
B,164,content|engine|train,E:\football_v\23_MODEL_TRAINING_ENGINE\tests\test_training_engine_V2.0.py
C,145,content|train,E:\football_v\23_MODEL_TRAINING_ENGINE\training_pipeline\training_pipeline_V2.0.py
B,158,content|predict|engine,E:\football_v\24_PREDICTION_INTELLIGENCE_LAYER\handicap_engine.py
C,158,content|predict,E:\football_v\24_PREDICTION_INTELLIGENCE_LAYER\kelly_optimizer.py
B,161,content|predict|engine,E:\football_v\24_PREDICTION_INTELLIGENCE_LAYER\market_risk_engine.py
C,149,content|predict,E:\football_v\24_PREDICTION_INTELLIGENCE_LAYER\module.py
B,161,content|predict|engine,E:\football_v\24_PREDICTION_INTELLIGENCE_LAYER\probability_engine.py
B,166,content|predict|engine,E:\football_v\24_PREDICTION_INTELLIGENCE_LAYER\score_prediction_engine.py
C,104,content,E:\football_v\24_PREDICTION_INTELLIGENCE_LAYER\market_intelligence\capital_flow_detector.py
C,144,content|engine,E:\football_v\24_PREDICTION_INTELLIGENCE_LAYER\market_intelligence\market_sentiment_engine.py
C,95,odds,E:\football_v\24_PREDICTION_INTELLIGENCE_LAYER\market_intelligence\odds_tracker.py
C,101,content|predict,E:\football_v\24_PREDICTION_INTELLIGENCE_LAYER\output_engine\prediction_report.py
D,94,,E:\football_v\24_PREDICTION_INTELLIGENCE_LAYER\output_engine\risk_filter.py
B,180,content|predict|feature,E:\football_v\24_PREDICTION_INTELLIGENCE_LAYER\prediction_core\predictor.py
C,121,content|predict,E:\football_v\24_PREDICTION_INTELLIGENCE_LAYER\prediction_models\dixon_coles_predictor.py
C,106,content|predict,E:\football_v\24_PREDICTION_INTELLIGENCE_LAYER\prediction_models\elo_predictor.py
C,114,content|predict,E:\football_v\24_PREDICTION_INTELLIGENCE_LAYER\prediction_models\poisson_predictor.py
C,114,content|predict,E:\football_v\24_PREDICTION_INTELLIGENCE_LAYER\prediction_models\xgboost_predictor.py
C,97,feature,E:\football_v\24_PREDICTION_INTELLIGENCE_LAYER\prediction_pipeline\feature_pipeline.py
C,139,content|predict,E:\football_v\24_PREDICTION_INTELLIGENCE_LAYER\prediction_pipeline\prediction_pipeline.py
D,94,,E:\football_v\24_PREDICTION_INTELLIGENCE_LAYER\registry\prediction_registry.json
C,117,content,E:\football_v\24_PREDICTION_INTELLIGENCE_LAYER\reports\prediction_activation_report.json
C,148,content|predict,E:\football_v\24_PREDICTION_INTELLIGENCE_LAYER\tests\test_prediction_engine_V2.0.py
C,146,content|engine,E:\football_v\25_BACKTEST_ENGINE\historical_runner.py
C,135,content|engine,E:\football_v\25_BACKTEST_ENGINE\module.py
C,147,content|engine,E:\football_v\25_BACKTEST_ENGINE\performance_report.py
C,143,content|engine,E:\football_v\25_BACKTEST_ENGINE\roi_calculator.py
C,136,content,E:\football_v\25_BACKTEST_ENGINE\backtest_pipeline\backtest_pipeline_V2.0.py
B,212,content|engine|train,E:\football_v\25_BACKTEST_ENGINE\data_split_engine\data_split_engine_V2.0.py
C,136,content,E:\football_v\25_BACKTEST_ENGINE\historical_runner\historical_runner_V2.0.py
C,137,content,E:\football_v\25_BACKTEST_ENGINE\kelly_analyzer\kelly_analyzer_V2.0.py
D,74,,E:\football_v\25_BACKTEST_ENGINE\registry\backtest_registry.json
D,78,,E:\football_v\25_BACKTEST_ENGINE\reports\backtest_activation_report.json
D,98,,E:\football_v\25_BACKTEST_ENGINE\roi_calculator\roi_calculator_V2.0.py
C,144,content,E:\football_v\26_AUTOMATION_LAYER\data_scheduler.py
C,145,content|model,E:\football_v\26_AUTOMATION_LAYER\model_scheduler.py
C,136,content,E:\football_v\26_AUTOMATION_LAYER\module.py
C,147,content|engine,E:\football_v\26_AUTOMATION_LAYER\monitoring_engine.py
D,97,,E:\football_v\26_AUTOMATION_LAYER\data_refresh\data_refresh_V2.0.py
C,99,predict,E:\football_v\26_AUTOMATION_LAYER\prediction_job\prediction_job_V2.0.py
D,75,,E:\football_v\26_AUTOMATION_LAYER\registry\automation_registry.json
D,73,,E:\football_v\26_AUTOMATION_LAYER\reports\automation_activation_report.json
C,102,content,E:\football_v\26_AUTOMATION_LAYER\report_generator\report_generator_V2.0.py
D,91,,E:\football_v\26_AUTOMATION_LAYER\scheduler\scheduler_V2.0.py
C,97,engine,E:\football_v\27_MODEL_FUSION_ENGINE\confidence_engine.py
B,178,content|model|engine,E:\football_v\27_MODEL_FUSION_ENGINE\fusion_engine_V2.1.py
B,228,content|model|engine,E:\football_v\27_MODEL_FUSION_ENGINE\model_weight_engine.py
D,94,,E:\football_v\27_MODEL_FUSION_ENGINE\registry\27_MODEL_FUSION_ENGINE_registry.json
D,78,,E:\football_v\27_MODEL_FUSION_ENGINE\registry\fusion_registry.json
C,142,content|engine,E:\football_v\28_PROBABILITY_CALIBRATION_ENGINE\calibration_engine.py
C,96,odds,E:\football_v\28_PROBABILITY_CALIBRATION_ENGINE\odds_calibrator.py
C,105,content,E:\football_v\28_PROBABILITY_CALIBRATION_ENGINE\registry\28_PROBABILITY_CALIBRATION_ENGINE_registry.json
D,63,,E:\football_v\28_PROBABILITY_CALIBRATION_ENGINE\registry\calibration_registry.json
B,141,content|predict|engine,E:\football_v\29_DECISION_ENGINE\decision_engine.py
D,98,,E:\football_v\29_DECISION_ENGINE\kelly_decision.py
D,90,,E:\football_v\29_DECISION_ENGINE\registry\29_DECISION_ENGINE_registry.json
D,55,,E:\football_v\29_DECISION_ENGINE\registry\decision_registry.json
D,96,,E:\football_v\30_MARKET_GAME_ENGINE\capital_flow.py
C,135,content|engine,E:\football_v\30_MARKET_GAME_ENGINE\market_engine.py
D,93,,E:\football_v\30_MARKET_GAME_ENGINE\registry\30_MARKET_GAME_ENGINE_registry.json
D,58,,E:\football_v\30_MARKET_GAME_ENGINE\registry\market_registry.json
C,98,engine,E:\football_v\31_SELF_LEARNING_ENGINE\feedback_engine.py
C,96,model,E:\football_v\31_SELF_LEARNING_ENGINE\model_update_engine.py
D,53,,E:\football_v\31_SELF_LEARNING_ENGINE\registry\learning_registry.json
C,102,content,E:\football_v\32_PRODUCTION_ORCHESTRATOR\pipeline_controller.py
C,136,content,E:\football_v\32_PRODUCTION_ORCHESTRATOR\production_runner.py
D,98,,E:\football_v\32_PRODUCTION_ORCHESTRATOR\registry\32_PRODUCTION_ORCHESTRATOR_registry.json
D,63,,E:\football_v\32_PRODUCTION_ORCHESTRATOR\registry\production_registry.json
C,128,content|engine,E:\football_v\37_MODEL_INTELLIGENCE_CONNECTOR\dixon_coles_loader.py
C,101,content,E:\football_v\37_MODEL_INTELLIGENCE_CONNECTOR\registry\37_MODEL_INTELLIGENCE_CONNECTOR_registry.json
D,94,,E:\football_v\38_HANDICAP_VALUE_ENGINE\registry\38_HANDICAP_VALUE_ENGINE_registry.json
D,96,,E:\football_v\39_MARKET_SENTIMENT_ENGINE\registry\39_MARKET_SENTIMENT_ENGINE_registry.json
D,96,,E:\football_v\40_MATCH_PREDICTION_ENGINE\registry\40_MATCH_PREDICTION_ENGINE_registry.json
C,831,content,E:\football_v\40_MODEL_TRAINING_PIPELINE\config\training_config_V4.0.json
C,691,content,E:\football_v\40_MODEL_TRAINING_PIPELINE\reports\TRAINING_EXECUTION_STATUS_V4.0.json
B,256,content|engine|train,E:\football_v\40_MODEL_TRAINING_PIPELINE\trainer\dixon_coles_trainer_V4.0.py
B,1617,content|model|rating|train,E:\football_v\40_MODEL_TRAINING_PIPELINE\trainer\elo_trainer_V4.0.py
B,249,content|engine|train,E:\football_v\40_MODEL_TRAINING_PIPELINE\trainer\fusion_trainer_V4.0.py
B,248,content|engine|train,E:\football_v\40_MODEL_TRAINING_PIPELINE\trainer\poisson_trainer_V4.0.py
C,280,content,E:\football_v\40_MODEL_TRAINING_PIPELINE\trainer\train_all_models_V4.0.json
B,1872,content|model|engine|train,E:\football_v\40_MODEL_TRAINING_PIPELINE\trainer\train_all_models_V4.0.py
B,248,content|engine|train,E:\football_v\40_MODEL_TRAINING_PIPELINE\trainer\xgboost_trainer_V4.0.py
C,189,content,E:\football_v\41_MATCH_INPUT_SERVICE\lineup_input.py
C,198,content|feature,E:\football_v\42_REAL_FEATURE_GENERATOR\feature_builder.py
D,96,,E:\football_v\42_REAL_FEATURE_GENERATOR\feature_registry.json
B,212,content|predict|engine,E:\football_v\43_AI_PREDICTION_REPORT_ENGINE\module.py
B,219,content|predict|runtime,E:\football_v\44_PRODUCTION_PREDICTION_RUNTIME\module.py
C,103,content,E:\football_v\44_PRODUCTION_PREDICTION_RUNTIME\production_registry.json
D,26,,E:\football_v\44_REAL_DATA_CONNECTOR\football_db_connector.py
D,26,,E:\football_v\49_LIVE_PREDICTION_ENGINE\live_predictor.py
C,146,content,E:\football_v\50_MODEL_REGISTRY\models\elo_model_V4.0.json
C,42,predict,E:\football_v\53_REAL_MATCH_QUERY_ENGINE\database_reader.py
C,34,runtime,E:\football_v\58_REAL_PREDICTION_CONTROLLER\match_scheduler.py
C,34,runtime,E:\football_v\63_REAL_MATCH_EXECUTION_ENGINE\execution_controller.py
D,26,,E:\football_v\68_MATCH_REQUEST_GATEWAY\match_request.py
C,39,odds,E:\football_v\68_REAL_ODDS_CONNECTOR\module.py
C,45,feature|engine,E:\football_v\69_LIVE_MATCH_FEATURE_ENGINE\module.py
C,38,predict,E:\football_v\70_AI_PREDICTION_CORE\module.py
C,44,engine,E:\football_v\71_SCORE_PROBABILITY_ENGINE\module.py
C,44,engine,E:\football_v\72_HANDICAP_DECISION_ENGINE\module.py
C,47,engine,E:\football_v\73_MARKET_GAME_ANALYSIS_ENGINE\module.py
D,39,,E:\football_v\74_FINAL_MATCH_ADVISOR\module.py
D,42,,E:\football_v\75_AUTO_LEARNING_FEEDBACK\module.py
C,47,model|feature,E:\football_v\76_MODEL_FEATURE_INTEGRATION\module.py
C,40,engine|runtime,E:\football_v\77_ELO_RUNTIME_ENGINE\module.py
C,48,engine|runtime,E:\football_v\78_DIXON_COLES_RUNTIME_ENGINE\module.py
C,44,engine|runtime,E:\football_v\79_POISSON_RUNTIME_ENGINE\module.py
C,44,engine|runtime,E:\football_v\80_XGBOOST_RUNTIME_ENGINE\module.py
C,44,model|predict,E:\football_v\81_MODEL_FUSION_PREDICTOR\module.py
C,53,runtime,E:\football_v\82_PROBABILITY_CALIBRATION_RUNTIME\module.py
C,38,engine|bet,E:\football_v\83_VALUE_BET_ENGINE\module.py
C,47,engine,E:\football_v\84_KELLY_OPTIMIZATION_ENGINE\module.py
C,43,engine,E:\football_v\85_FINAL_DECISION_ENGINE\module.py
C,41,engine|odds,E:\football_v\86_REAL_TIME_ODDS_ENGINE\module.py
D,44,,E:\football_v\87_MARKET_MOVEMENT_ANALYZER\module.py
C,40,engine,E:\football_v\87_MATCH_CONTEXT_ENGINE\module.py
C,46,predict|engine,E:\football_v\88_HANDICAP_PREDICTION_ENGINE\module.py
C,48,engine,E:\football_v\88_TEAM_STRENGTH_DYNAMIC_ENGINE\module.py
C,40,engine,E:\football_v\89_PLAYER_IMPACT_ENGINE\module.py
C,43,engine,E:\football_v\89_SCORE_SIMULATION_ENGINE\module.py
C,45,engine,E:\football_v\90_AI_MATCH_SELECTION_ENGINE\module.py
C,43,engine,E:\football_v\90_FATIGUE_ANALYSIS_ENGINE\module.py
C,45,engine,E:\football_v\91_CONFIDENCE_RANKING_ENGINE\module.py
C,37,engine,E:\football_v\91_FORM_TREND_ENGINE\module.py
C,41,engine,E:\football_v\92_MARKET_EMOTION_ENGINE\module.py
C,39,engine,E:\football_v\92_RISK_CONTROL_ENGINE\module.py
C,39,engine,E:\football_v\93_CAPITAL_FLOW_ENGINE\module.py
C,40,engine|bet,E:\football_v\93_PORTFOLIO_BET_ENGINE\module.py
C,47,engine,E:\football_v\94_HANDICAP_PENETRATION_ENGINE\module.py
C,39,engine,E:\football_v\94_MATCH_REVIEW_ENGINE\module.py
C,41,model|engine,E:\football_v\95_MODEL_FEEDBACK_ENGINE\module.py
C,46,predict,E:\football_v\96_AI_PREDICTION_ORCHESTRATOR\module.py
C,42,feature,E:\football_v\96_MATCH_FEATURE_STORE\module.py
C,47,engine,E:\football_v\97_FINAL_MATCH_FORECAST_ENGINE\module.py
C,45,model,E:\football_v\97_MODEL_WEIGHT_OPTIMIZER\module.py
C,213,content,E:\football_v\97_TESTS\full_system_validation_V2.1.py
A,202,content|predict|feature|database|train,E:\football_v\97_TESTS\system_integration_test_V2.0.py
B,1554,content|model|engine|database,E:\football_v\97_TESTS\integration_test\run_integration_test_V1.5.py
C,45,engine,E:\football_v\98_AI_DECISION_REPORT_ENGINE\module.py
C,51,predict|engine,E:\football_v\98_PREDICTION_CONFIDENCE_ENGINE\module.py
C,45,engine,E:\football_v\99_AI_RISK_CONTROL_ENGINE\module.py
C,2638,content,E:\football_v\99_DOCUMENTATION\architecture\FOOTBALL_AI_OS_V4.0_ARCHITECTURE_RESPONSIBILITY_MAP_V1.0.json
C,201,content,E:\football_v\99_DOCUMENTATION\architecture_cleanup\checkpoint_after_cleanup_V1.3.json
C,168,content,E:\football_v\99_DOCUMENTATION\architecture_cleanup\checkpoint_after_delete_V1.9.json
C,189,content,E:\football_v\99_DOCUMENTATION\architecture_cleanup\checkpoint_before_cleanup_V1.2.json
C,199,content,E:\football_v\99_DOCUMENTATION\architecture_cleanup\checkpoint_before_consolidation_V1.4.json
C,346,content,E:\football_v\99_DOCUMENTATION\architecture_cleanup\cleanup_plan_V1.2.json
C,890,content,E:\football_v\99_DOCUMENTATION\architecture_cleanup\consolidation_plan_V1.4.json
D,82,,E:\football_v\99_DOCUMENTATION\architecture_cleanup\deprecated_list_V1.2.json
C,114,content,E:\football_v\99_DOCUMENTATION\architecture_cleanup\migration_map_V1.2.json
C,154,content,E:\football_v\99_DOCUMENTATION\architecture_cleanup\CONSOLIDATION_V1.6\checkpoint_before_consolidation_V1.6.json
C,382,content,E:\football_v\99_DOCUMENTATION\architecture_cleanup\CONSOLIDATION_V1.6\consolidation_execution_report_V1.6.json
C,555,content,E:\football_v\99_DOCUMENTATION\architecture_cleanup\CONSOLIDATION_V1.6\consolidation_plan_V1.6.json
C,273,content,E:\football_v\99_DOCUMENTATION\architecture_cleanup\CONSOLIDATION_V1.6\dependency_redirect_map_V1.6.json
C,215,content,E:\football_v\99_DOCUMENTATION\architecture_cleanup\dependency_migration_V1.5\checkpoint_dependency_V1.5.json
C,224421,content,E:\football_v\99_DOCUMENTATION\architecture_cleanup\dependency_migration_V1.5\dependency_graph_V1.5.json
C,390,content,E:\football_v\99_DOCUMENTATION\architecture_cleanup\dependency_migration_V1.5\dependency_migration_report_V1.5.json
C,281,content,E:\football_v\99_DOCUMENTATION\architecture_cleanup\dependency_migration_V1.5\migration_execution_plan_V1.5.json
C,160,content,E:\football_v\99_DOCUMENTATION\architecture_cleanup\DEPRECATED_ARCHIVE_V1.7\checkpoint_after_archive_V1.7.json
C,129,content,E:\football_v\99_DOCUMENTATION\architecture_cleanup\DEPRECATED_ARCHIVE_V1.7\checkpoint_before_archive_V1.7.json
C,343,content,E:\football_v\99_DOCUMENTATION\architecture_cleanup\DEPRECATED_ARCHIVE_V1.7\reports\deprecated_move_report_V1.7.json
C,143,content,E:\football_v\99_DOCUMENTATION\architecture_cleanup\FINAL_CLEANUP_V2.0\before_cleanup_checkpoint.json
D,48,,E:\football_v\99_DOCUMENTATION\architecture_cleanup\FINAL_CLEANUP_V2.0\deleted_duplicate_modules.json
C,222,content,E:\football_v\99_DOCUMENTATION\architecture_cleanup\FINAL_CLEANUP_V2.0\final_duplicate_scan_report.json
D,95,,E:\football_v\99_DOCUMENTATION\architecture_cleanup\FINAL_CLEANUP_V2.0\migration_execution_report.json
C,4254,content,E:\football_v\99_DOCUMENTATION\architecture_cleanup\FINAL_CLEANUP_V2.1\architecture_whitelist_V2.1.json
C,280,content,E:\football_v\99_DOCUMENTATION\architecture_cleanup\FINAL_CLEANUP_V2.1\cleanup_complete_checkpoint_V2.1.json
C,29940,content,E:\football_v\99_DOCUMENTATION\architecture_cleanup\FINAL_CLEANUP_V2.1\final_duplicate_scan_V2.1.json
C,205,content,E:\football_v\99_DOCUMENTATION\architecture_cleanup\FINAL_CLEANUP_V3.0\cleanup_report_V3.0.json
D,26,,E:\football_v\99_DOCUMENTATION\architecture_cleanup\FINAL_CLEANUP_V3.0\DEPRECATED_ARCHIVE\analysis_report.py
C,425,content,E:\football_v\99_DOCUMENTATION\architecture_cleanup\FINAL_CLEANUP_V3.0\DEPRECATED_ARCHIVE\base_exception.py
C,128,content|engine,E:\football_v\99_DOCUMENTATION\architecture_cleanup\FINAL_CLEANUP_V3.0\DEPRECATED_ARCHIVE\capital_detector.py
D,76,,E:\football_v\99_DOCUMENTATION\architecture_cleanup\FINAL_CLEANUP_V3.0\DEPRECATED_ARCHIVE\command_parser.py
C,34,runtime,E:\football_v\99_DOCUMENTATION\architecture_cleanup\FINAL_CLEANUP_V3.0\DEPRECATED_ARCHIVE\compare_engine.py
C,435,content,E:\football_v\99_DOCUMENTATION\architecture_cleanup\FINAL_CLEANUP_V3.0\DEPRECATED_ARCHIVE\compatibility.py
D,76,,E:\football_v\99_DOCUMENTATION\architecture_cleanup\FINAL_CLEANUP_V3.0\DEPRECATED_ARCHIVE\conversation_manager.py
C,246,content|database,E:\football_v\99_DOCUMENTATION\architecture_cleanup\FINAL_CLEANUP_V3.0\DEPRECATED_ARCHIVE\database_exception.py
C,263,content|database,E:\football_v\99_DOCUMENTATION\architecture_cleanup\FINAL_CLEANUP_V3.0\DEPRECATED_ARCHIVE\database_governance_engine.py
C,263,content|database,E:\football_v\99_DOCUMENTATION\architecture_cleanup\FINAL_CLEANUP_V3.0\DEPRECATED_ARCHIVE\data_lineage_engine.py
C,263,content|database,E:\football_v\99_DOCUMENTATION\architecture_cleanup\FINAL_CLEANUP_V3.0\DEPRECATED_ARCHIVE\data_quality_engine.py
D,0,,E:\football_v\99_DOCUMENTATION\architecture_cleanup\FINAL_CLEANUP_V3.0\DEPRECATED_ARCHIVE\data_status.py
C,1921,content,E:\football_v\99_DOCUMENTATION\architecture_cleanup\FINAL_CLEANUP_V3.0\DEPRECATED_ARCHIVE\data_validator.py
C,1769,content|database,E:\football_v\99_DOCUMENTATION\architecture_cleanup\FINAL_CLEANUP_V3.0\DEPRECATED_ARCHIVE\db_connection.py
C,128,content|engine,E:\football_v\99_DOCUMENTATION\architecture_cleanup\FINAL_CLEANUP_V3.0\DEPRECATED_ARCHIVE\elo_loader.py
C,253,content|database,E:\football_v\99_DOCUMENTATION\architecture_cleanup\FINAL_CLEANUP_V3.0\DEPRECATED_ARCHIVE\error_codes.py
C,253,content,E:\football_v\99_DOCUMENTATION\architecture_cleanup\FINAL_CLEANUP_V3.0\DEPRECATED_ARCHIVE\exception_handler.py
D,26,,E:\football_v\99_DOCUMENTATION\architecture_cleanup\FINAL_CLEANUP_V3.0\DEPRECATED_ARCHIVE\execution_controller.py
C,42,predict,E:\football_v\99_DOCUMENTATION\architecture_cleanup\FINAL_CLEANUP_V3.0\DEPRECATED_ARCHIVE\feature_builder.py
D,26,,E:\football_v\99_DOCUMENTATION\architecture_cleanup\FINAL_CLEANUP_V3.0\DEPRECATED_ARCHIVE\feature_calculator.py
D,26,,E:\football_v\99_DOCUMENTATION\architecture_cleanup\FINAL_CLEANUP_V3.0\DEPRECATED_ARCHIVE\feature_checker.py
C,72,model|engine,E:\football_v\99_DOCUMENTATION\architecture_cleanup\FINAL_CLEANUP_V3.0\DEPRECATED_ARCHIVE\feature_importance.py
C,42,predict,E:\football_v\99_DOCUMENTATION\architecture_cleanup\FINAL_CLEANUP_V3.0\DEPRECATED_ARCHIVE\feature_pipeline.py
C,34,runtime,E:\football_v\99_DOCUMENTATION\architecture_cleanup\FINAL_CLEANUP_V3.0\DEPRECATED_ARCHIVE\feature_processor.py
C,73,database,E:\football_v\99_DOCUMENTATION\architecture_cleanup\FINAL_CLEANUP_V3.0\DEPRECATED_ARCHIVE\feature_registry.py
D,26,,E:\football_v\99_DOCUMENTATION\architecture_cleanup\FINAL_CLEANUP_V3.0\DEPRECATED_ARCHIVE\feature_runtime.py
D,26,,E:\football_v\99_DOCUMENTATION\architecture_cleanup\FINAL_CLEANUP_V3.0\DEPRECATED_ARCHIVE\feature_validator.py
C,245,content,E:\football_v\99_DOCUMENTATION\architecture_cleanup\FINAL_CLEANUP_V3.0\DEPRECATED_ARCHIVE\file_exception.py
C,2430,content,E:\football_v\99_DOCUMENTATION\architecture_cleanup\FINAL_CLEANUP_V3.0\DEPRECATED_ARCHIVE\file_service.py
C,34,runtime,E:\football_v\99_DOCUMENTATION\architecture_cleanup\FINAL_CLEANUP_V3.0\DEPRECATED_ARCHIVE\final_report.py
C,34,runtime,E:\football_v\99_DOCUMENTATION\architecture_cleanup\FINAL_CLEANUP_V3.0\DEPRECATED_ARCHIVE\forecast_runner.py
C,34,runtime,E:\football_v\99_DOCUMENTATION\architecture_cleanup\FINAL_CLEANUP_V3.0\DEPRECATED_ARCHIVE\forecast_service.py
C,338,content,E:\football_v\99_DOCUMENTATION\architecture_cleanup\FINAL_CLEANUP_V3.0\DEPRECATED_ARCHIVE\formatter.py
C,42,predict,E:\football_v\99_DOCUMENTATION\architecture_cleanup\FINAL_CLEANUP_V3.0\DEPRECATED_ARCHIVE\fusion_runner.py
C,34,runtime,E:\football_v\99_DOCUMENTATION\architecture_cleanup\FINAL_CLEANUP_V3.0\DEPRECATED_ARCHIVE\fusion_runtime.py
C,128,content|engine,E:\football_v\99_DOCUMENTATION\architecture_cleanup\FINAL_CLEANUP_V3.0\DEPRECATED_ARCHIVE\handicap_value.py
C,549,content,E:\football_v\99_DOCUMENTATION\architecture_cleanup\FINAL_CLEANUP_V3.0\DEPRECATED_ARCHIVE\handlers.py
C,1708,content,E:\football_v\99_DOCUMENTATION\architecture_cleanup\FINAL_CLEANUP_V3.0\DEPRECATED_ARCHIVE\hash_service.py
D,72,,E:\football_v\99_DOCUMENTATION\architecture_cleanup\FINAL_CLEANUP_V3.0\DEPRECATED_ARCHIVE\health_monitor.py
C,64,engine,E:\football_v\99_DOCUMENTATION\architecture_cleanup\FINAL_CLEANUP_V3.0\DEPRECATED_ARCHIVE\inference_controller.py
D,26,,E:\football_v\99_DOCUMENTATION\architecture_cleanup\FINAL_CLEANUP_V3.0\DEPRECATED_ARCHIVE\inference_engine.py
B,257,content|model|engine,E:\football_v\99_DOCUMENTATION\architecture_cleanup\FINAL_CLEANUP_V3.0\DEPRECATED_ARCHIVE\kelly_engine.py
D,72,,E:\football_v\99_DOCUMENTATION\architecture_cleanup\FINAL_CLEANUP_V3.0\DEPRECATED_ARCHIVE\learning_scheduler.py
C,34,runtime,E:\football_v\99_DOCUMENTATION\architecture_cleanup\FINAL_CLEANUP_V3.0\DEPRECATED_ARCHIVE\live_feature.py
C,736,content,E:\football_v\99_DOCUMENTATION\architecture_cleanup\FINAL_CLEANUP_V3.0\DEPRECATED_ARCHIVE\logger.py
C,34,runtime,E:\football_v\99_DOCUMENTATION\architecture_cleanup\FINAL_CLEANUP_V3.0\DEPRECATED_ARCHIVE\market_risk.py
C,128,content|engine,E:\football_v\99_DOCUMENTATION\architecture_cleanup\FINAL_CLEANUP_V3.0\DEPRECATED_ARCHIVE\market_sentiment.py
C,34,runtime,E:\football_v\99_DOCUMENTATION\architecture_cleanup\FINAL_CLEANUP_V3.0\DEPRECATED_ARCHIVE\match_executor.py
D,26,,E:\football_v\99_DOCUMENTATION\architecture_cleanup\FINAL_CLEANUP_V3.0\DEPRECATED_ARCHIVE\match_loader.py
C,128,content|engine,E:\football_v\99_DOCUMENTATION\architecture_cleanup\FINAL_CLEANUP_V3.0\DEPRECATED_ARCHIVE\match_predictor.py
C,42,predict,E:\football_v\99_DOCUMENTATION\architecture_cleanup\FINAL_CLEANUP_V3.0\DEPRECATED_ARCHIVE\match_query.py
D,26,,E:\football_v\99_DOCUMENTATION\architecture_cleanup\FINAL_CLEANUP_V3.0\DEPRECATED_ARCHIVE\match_report.py
C,231,content,E:\football_v\99_DOCUMENTATION\architecture_cleanup\FINAL_CLEANUP_V3.0\DEPRECATED_ARCHIVE\model_api.py
C,128,content|engine,E:\football_v\99_DOCUMENTATION\architecture_cleanup\FINAL_CLEANUP_V3.0\DEPRECATED_ARCHIVE\model_connector.py
C,42,predict,E:\football_v\99_DOCUMENTATION\architecture_cleanup\FINAL_CLEANUP_V3.0\DEPRECATED_ARCHIVE\model_executor.py
C,65,model,E:\football_v\99_DOCUMENTATION\architecture_cleanup\FINAL_CLEANUP_V3.0\DEPRECATED_ARCHIVE\model_manager.py
C,247,content|model,E:\football_v\99_DOCUMENTATION\architecture_cleanup\FINAL_CLEANUP_V3.0\DEPRECATED_ARCHIVE\model_registry.py
C,42,predict,E:\football_v\99_DOCUMENTATION\architecture_cleanup\FINAL_CLEANUP_V3.0\DEPRECATED_ARCHIVE\model_runner.py
C,243,content,E:\football_v\99_DOCUMENTATION\architecture_cleanup\FINAL_CLEANUP_V3.0\DEPRECATED_ARCHIVE\model_status.py
D,72,,E:\football_v\99_DOCUMENTATION\architecture_cleanup\FINAL_CLEANUP_V3.0\DEPRECATED_ARCHIVE\model_update.py
D,26,,E:\football_v\99_DOCUMENTATION\architecture_cleanup\FINAL_CLEANUP_V3.0\DEPRECATED_ARCHIVE\model_validator.py
C,247,content|model,E:\football_v\99_DOCUMENTATION\architecture_cleanup\FINAL_CLEANUP_V3.0\DEPRECATED_ARCHIVE\model_version_manager.py
C,34,runtime,E:\football_v\99_DOCUMENTATION\architecture_cleanup\FINAL_CLEANUP_V3.0\DEPRECATED_ARCHIVE\model_weight_loader.py
D,26,,E:\football_v\99_DOCUMENTATION\architecture_cleanup\FINAL_CLEANUP_V3.0\DEPRECATED_ARCHIVE\module.py
D,76,,E:\football_v\99_DOCUMENTATION\architecture_cleanup\FINAL_CLEANUP_V3.0\DEPRECATED_ARCHIVE\module_router.py
D,26,,E:\football_v\99_DOCUMENTATION\architecture_cleanup\FINAL_CLEANUP_V3.0\DEPRECATED_ARCHIVE\odds_connector.py
C,189,content,E:\football_v\99_DOCUMENTATION\architecture_cleanup\FINAL_CLEANUP_V3.0\DEPRECATED_ARCHIVE\odds_input.py
D,26,,E:\football_v\99_DOCUMENTATION\architecture_cleanup\FINAL_CLEANUP_V3.0\DEPRECATED_ARCHIVE\odds_loader.py
D,26,,E:\football_v\99_DOCUMENTATION\architecture_cleanup\FINAL_CLEANUP_V3.0\DEPRECATED_ARCHIVE\odds_validator.py
C,34,runtime,E:\football_v\99_DOCUMENTATION\architecture_cleanup\FINAL_CLEANUP_V3.0\DEPRECATED_ARCHIVE\odds_value.py
C,64,engine,E:\football_v\99_DOCUMENTATION\architecture_cleanup\FINAL_CLEANUP_V3.0\DEPRECATED_ARCHIVE\output_dispatcher.py
D,69,,E:\football_v\99_DOCUMENTATION\architecture_cleanup\FINAL_CLEANUP_V3.0\DEPRECATED_ARCHIVE\package_builder.py
C,243,content,E:\football_v\99_DOCUMENTATION\architecture_cleanup\FINAL_CLEANUP_V3.0\DEPRECATED_ARCHIVE\performance.py
C,34,runtime,E:\football_v\99_DOCUMENTATION\architecture_cleanup\FINAL_CLEANUP_V3.0\DEPRECATED_ARCHIVE\performance_compare.py
D,72,,E:\football_v\99_DOCUMENTATION\architecture_cleanup\FINAL_CLEANUP_V3.0\DEPRECATED_ARCHIVE\performance_monitor.py
C,128,content|engine,E:\football_v\99_DOCUMENTATION\architecture_cleanup\FINAL_CLEANUP_V3.0\DEPRECATED_ARCHIVE\poisson_loader.py
C,243,content,E:\football_v\99_DOCUMENTATION\architecture_cleanup\FINAL_CLEANUP_V3.0\DEPRECATED_ARCHIVE\prediction.py
C,231,content,E:\football_v\99_DOCUMENTATION\architecture_cleanup\FINAL_CLEANUP_V3.0\DEPRECATED_ARCHIVE\prediction_api.py
C,34,runtime,E:\football_v\99_DOCUMENTATION\architecture_cleanup\FINAL_CLEANUP_V3.0\DEPRECATED_ARCHIVE\prediction_controller.py
C,34,runtime,E:\football_v\99_DOCUMENTATION\architecture_cleanup\FINAL_CLEANUP_V3.0\DEPRECATED_ARCHIVE\prediction_db.py
B,257,content|model|engine,E:\football_v\99_DOCUMENTATION\architecture_cleanup\FINAL_CLEANUP_V3.0\DEPRECATED_ARCHIVE\prediction_engine.py
D,26,,E:\football_v\99_DOCUMENTATION\architecture_cleanup\FINAL_CLEANUP_V3.0\DEPRECATED_ARCHIVE\prediction_executor.py
D,63,,E:\football_v\99_DOCUMENTATION\architecture_cleanup\FINAL_CLEANUP_V3.0\DEPRECATED_ARCHIVE\prediction_monitor.py
D,26,,E:\football_v\99_DOCUMENTATION\architecture_cleanup\FINAL_CLEANUP_V3.0\DEPRECATED_ARCHIVE\prediction_output.py
C,42,predict,E:\football_v\99_DOCUMENTATION\architecture_cleanup\FINAL_CLEANUP_V3.0\DEPRECATED_ARCHIVE\prediction_pipeline.py
B,212,content|predict|engine,E:\football_v\99_DOCUMENTATION\architecture_cleanup\FINAL_CLEANUP_V3.0\DEPRECATED_ARCHIVE\prediction_report.py
D,26,,E:\football_v\99_DOCUMENTATION\architecture_cleanup\FINAL_CLEANUP_V3.0\DEPRECATED_ARCHIVE\prediction_runner.py
D,26,,E:\football_v\99_DOCUMENTATION\architecture_cleanup\FINAL_CLEANUP_V3.0\DEPRECATED_ARCHIVE\prediction_runtime.py
C,42,predict,E:\football_v\99_DOCUMENTATION\architecture_cleanup\FINAL_CLEANUP_V3.0\DEPRECATED_ARCHIVE\prediction_storage.py
D,26,,E:\football_v\99_DOCUMENTATION\architecture_cleanup\FINAL_CLEANUP_V3.0\DEPRECATED_ARCHIVE\probability_checker.py
C,64,engine,E:\football_v\99_DOCUMENTATION\architecture_cleanup\FINAL_CLEANUP_V3.0\DEPRECATED_ARCHIVE\production_pipeline.py
D,0,,E:\football_v\99_DOCUMENTATION\architecture_cleanup\FINAL_CLEANUP_V3.0\DEPRECATED_ARCHIVE\quality__init__.py
D,71,,E:\football_v\99_DOCUMENTATION\architecture_cleanup\FINAL_CLEANUP_V3.0\DEPRECATED_ARCHIVE\release_checker.py
D,69,,E:\football_v\99_DOCUMENTATION\architecture_cleanup\FINAL_CLEANUP_V3.0\DEPRECATED_ARCHIVE\release_manager.py
C,231,content,E:\football_v\99_DOCUMENTATION\architecture_cleanup\FINAL_CLEANUP_V3.0\DEPRECATED_ARCHIVE\report_api.py
C,34,runtime,E:\football_v\99_DOCUMENTATION\architecture_cleanup\FINAL_CLEANUP_V3.0\DEPRECATED_ARCHIVE\report_exporter.py
B,257,content|model|engine,E:\football_v\99_DOCUMENTATION\architecture_cleanup\FINAL_CLEANUP_V3.0\DEPRECATED_ARCHIVE\report_generator.py
D,76,,E:\football_v\99_DOCUMENTATION\architecture_cleanup\FINAL_CLEANUP_V3.0\DEPRECATED_ARCHIVE\report_viewer.py
D,26,,E:\football_v\99_DOCUMENTATION\architecture_cleanup\FINAL_CLEANUP_V3.0\DEPRECATED_ARCHIVE\report_writer.py
D,26,,E:\football_v\99_DOCUMENTATION\architecture_cleanup\FINAL_CLEANUP_V3.0\DEPRECATED_ARCHIVE\request_validator.py
C,34,runtime,E:\football_v\99_DOCUMENTATION\architecture_cleanup\FINAL_CLEANUP_V3.0\DEPRECATED_ARCHIVE\result_repository.py
C,42,predict,E:\football_v\99_DOCUMENTATION\architecture_cleanup\FINAL_CLEANUP_V3.0\DEPRECATED_ARCHIVE\result_writer.py
C,34,runtime,E:\football_v\99_DOCUMENTATION\architecture_cleanup\FINAL_CLEANUP_V3.0\DEPRECATED_ARCHIVE\risk_analyzer.py
C,128,content|engine,E:\football_v\99_DOCUMENTATION\architecture_cleanup\FINAL_CLEANUP_V3.0\DEPRECATED_ARCHIVE\risk_detector.py
B,257,content|model|engine,E:\football_v\99_DOCUMENTATION\architecture_cleanup\FINAL_CLEANUP_V3.0\DEPRECATED_ARCHIVE\risk_engine.py
C,42,predict,E:\football_v\99_DOCUMENTATION\architecture_cleanup\FINAL_CLEANUP_V3.0\DEPRECATED_ARCHIVE\risk_filter.py
D,26,,E:\football_v\99_DOCUMENTATION\architecture_cleanup\FINAL_CLEANUP_V3.0\DEPRECATED_ARCHIVE\risk_report.py
C,65,model,E:\football_v\99_DOCUMENTATION\architecture_cleanup\FINAL_CLEANUP_V3.0\DEPRECATED_ARCHIVE\rollback_manager.py
D,26,,E:\football_v\99_DOCUMENTATION\architecture_cleanup\FINAL_CLEANUP_V3.0\DEPRECATED_ARCHIVE\runtime_controller.py
B,219,content|predict|runtime,E:\football_v\99_DOCUMENTATION\architecture_cleanup\FINAL_CLEANUP_V3.0\DEPRECATED_ARCHIVE\runtime_engine.py
C,416,content,E:\football_v\99_DOCUMENTATION\architecture_cleanup\FINAL_CLEANUP_V3.0\DEPRECATED_ARCHIVE\schema_validator.py
C,128,content|engine,E:\football_v\99_DOCUMENTATION\architecture_cleanup\FINAL_CLEANUP_V3.0\DEPRECATED_ARCHIVE\score_predictor.py
D,26,,E:\football_v\99_DOCUMENTATION\architecture_cleanup\FINAL_CLEANUP_V3.0\DEPRECATED_ARCHIVE\score_report.py
D,65,,E:\football_v\99_DOCUMENTATION\architecture_cleanup\FINAL_CLEANUP_V3.0\DEPRECATED_ARCHIVE\service_gateway.py
D,0,,E:\football_v\99_DOCUMENTATION\architecture_cleanup\FINAL_CLEANUP_V3.0\DEPRECATED_ARCHIVE\setup_logger_module.py
D,63,,E:\football_v\99_DOCUMENTATION\architecture_cleanup\FINAL_CLEANUP_V3.0\DEPRECATED_ARCHIVE\system_dashboard.py
C,73,database,E:\football_v\99_DOCUMENTATION\architecture_cleanup\FINAL_CLEANUP_V3.0\DEPRECATED_ARCHIVE\system_registry.py
D,71,,E:\football_v\99_DOCUMENTATION\architecture_cleanup\FINAL_CLEANUP_V3.0\DEPRECATED_ARCHIVE\system_validator.py
D,0,,E:\football_v\99_DOCUMENTATION\architecture_cleanup\FINAL_CLEANUP_V3.0\DEPRECATED_ARCHIVE\task_queue_init.py
C,231,content,E:\football_v\99_DOCUMENTATION\architecture_cleanup\FINAL_CLEANUP_V3.0\DEPRECATED_ARCHIVE\test_api.py
C,243,content,E:\football_v\99_DOCUMENTATION\architecture_cleanup\FINAL_CLEANUP_V3.0\DEPRECATED_ARCHIVE\test_dashboard.py
C,263,content|database,E:\football_v\99_DOCUMENTATION\architecture_cleanup\FINAL_CLEANUP_V3.0\DEPRECATED_ARCHIVE\test_database_governance.py
B,257,content|model|engine,E:\football_v\99_DOCUMENTATION\architecture_cleanup\FINAL_CLEANUP_V3.0\DEPRECATED_ARCHIVE\test_execution_engine.py
C,247,content|model,E:\football_v\99_DOCUMENTATION\architecture_cleanup\FINAL_CLEANUP_V3.0\DEPRECATED_ARCHIVE\test_model_store.py
C,250,content,E:\football_v\99_DOCUMENTATION\architecture_cleanup\FINAL_CLEANUP_V3.0\DEPRECATED_ARCHIVE\validation_exception.py
C,1670,content,E:\football_v\99_DOCUMENTATION\architecture_cleanup\FINAL_CLEANUP_V3.0\DEPRECATED_ARCHIVE\validation_result.py
C,34,runtime,E:\football_v\99_DOCUMENTATION\architecture_cleanup\FINAL_CLEANUP_V3.0\DEPRECATED_ARCHIVE\value_analyzer.py
C,128,content|engine,E:\football_v\99_DOCUMENTATION\architecture_cleanup\FINAL_CLEANUP_V3.0\DEPRECATED_ARCHIVE\value_calculator.py
C,73,database,E:\football_v\99_DOCUMENTATION\architecture_cleanup\FINAL_CLEANUP_V3.0\DEPRECATED_ARCHIVE\version_control.py
C,1671,content,E:\football_v\99_DOCUMENTATION\architecture_cleanup\FINAL_CLEANUP_V3.0\DEPRECATED_ARCHIVE\version_service.py
C,65,model,E:\football_v\99_DOCUMENTATION\architecture_cleanup\FINAL_CLEANUP_V3.0\DEPRECATED_ARCHIVE\weight_storage.py
C,128,content|engine,E:\football_v\99_DOCUMENTATION\architecture_cleanup\FINAL_CLEANUP_V3.0\DEPRECATED_ARCHIVE\xgboost_loader.py
C,343,content,E:\football_v\99_DOCUMENTATION\architecture_cleanup\FINAL_CLEANUP_V3.0\DEPRECATED_ARCHIVE\__init__.py
D,2,,E:\football_v\99_DOCUMENTATION\architecture_cleanup\FINAL_FREEZE_V4.0\dependency_redirect_map_V4.0.json
D,2,,E:\football_v\99_DOCUMENTATION\architecture_cleanup\FINAL_FREEZE_V4.0\final_duplicate_scan_V4.0.json
C,304,content,E:\football_v\99_DOCUMENTATION\architecture_cleanup\FINAL_FREEZE_V4.0\FROZEN_ARCHITECTURE_CHECKPOINT_V4.0.json
C,166,content,E:\football_v\99_DOCUMENTATION\architecture_cleanup\FINAL_VALIDATION_V1.8\checkpoint_before_delete_V1.8.json
D,78,,E:\football_v\99_DOCUMENTATION\architecture_cleanup\FINAL_VALIDATION_V1.8\dependency_check_V1.8.json
C,70202,content,E:\football_v\99_DOCUMENTATION\architecture_cleanup\FINAL_VALIDATION_V1.8\duplicate_after_cleanup_V1.8.json
C,76728,content,E:\football_v\99_DOCUMENTATION\architecture_cleanup\FINAL_VALIDATION_V1.8\final_delete_plan_V1.8.json
C,201,content,E:\football_v\99_DOCUMENTATION\architecture_cleanup\FINAL_VALIDATION_V1.8\final_validation_report_V1.8.json
C,90378,content,E:\football_v\99_DOCUMENTATION\architecture_cleanup\reports\ARCHITECTURE_DUPLICATE_SCAN_V1.0.json
C,504,content,E:\football_v\99_DOCUMENTATION\architecture_cleanup\reports\CLEANUP_EXECUTION_REPORT_V1.3.json
C,130532,content,E:\football_v\99_DOCUMENTATION\architecture_cleanup\reports\CODE_REFERENCE_IMPACT_SCAN_V1.0.json
C,175,content,E:\football_v\99_DOCUMENTATION\architecture_cleanup\reports\CODE_REFERENCE_IMPACT_SCAN_V1.1.json
C,401959,content,E:\football_v\99_DOCUMENTATION\architecture_cleanup\reports\DELETE_CANDIDATE_REVIEW_V1.0.json
C,296004,content,E:\football_v\99_DOCUMENTATION\architecture_cleanup\reports\DEPENDENCY_GRAPH_V1.0.json
C,102,content,E:\football_v\99_DOCUMENTATION\architecture_cleanup\reports\MERGE_EXECUTION_REPORT_V1.0.json
C,882,content,E:\football_v\99_DOCUMENTATION\architecture_cleanup\reports\MERGE_RECOMMENDATION_PLAN_V1.0.json
A,3598,content|model|predict|feature|runtime|database,E:\football_v\99_DOCUMENTATION\architecture_cleanup\tools\code_reference_impact_scan.py
C,5636,content,E:\football_v\99_DOCUMENTATION\architecture_cleanup\tools\code_reference_impact_scan_v1_1.py
C,2312,content,E:\football_v\99_DOCUMENTATION\architecture_cleanup\tools\duplicate_scanner_V1.0.py
A,915,content|model|predict|engine|runtime|odds,E:\football_v\99_DOCUMENTATION\architecture_cleanup\tools\merge_planner_V1.0.py
C,736,content,E:\football_v\99_DOCUMENTATION\backup\Core_Backup_V1.2\core\logger.py
D,84,,E:\football_v\99_DOCUMENTATION\backup\Core_Backup_V1.2\core\logger\log_config.json
C,3219,content|database,E:\football_v\99_DOCUMENTATION\backup\Core_Cleanup_Patch_V12\framework_initializer_backup.py
D,84,,E:\football_v\99_DOCUMENTATION\backup\logger_backup_v12\logger\log_config.json
D,97,,E:\football_v\99_DOCUMENTATION\backup\logger_cleanup_v13\logger.py
C,1602,content,E:\football_v\99_DOCUMENTATION\backup\Storage_Merge_V1.0\storage_manager.py
C,12288,content,E:\football_v\99_DOCUMENTATION\checkpoints\archive_match_data_before_v22.db
C,28672,content,E:\football_v\99_DOCUMENTATION\checkpoints\archive_system_before_prediction_v12_20260723_191821.db
C,527,content,E:\football_v\99_DOCUMENTATION\checkpoints\Football_AI_OS_Data_Intelligence_Engine_V1.0_Checkpoint.json
C,616,content,E:\football_v\99_DOCUMENTATION\checkpoints\Football_AI_OS_Dynamic_Feature_Weight_Engine_V1.0_Checkpoint.json
C,238,content,E:\football_v\99_DOCUMENTATION\checkpoints\Football_AI_OS_V1.5_Feature_Store_V1.0_Checkpoint.json
C,1588,content|database,E:\football_v\99_DOCUMENTATION\checkpoints\database_backup_v11\db_connection_backup.py
C,476,content|database,E:\football_v\99_DOCUMENTATION\checkpoints\exception_backup_v10\exception\base_exception.py
D,100,,E:\football_v\99_DOCUMENTATION\checkpoints\exception_backup_v10\exception\__init__.py
C,398,content,E:\football_v\99_DOCUMENTATION\checkpoints\file_service_backup_v11\file_service_backup.py
C,411,content,E:\football_v\99_DOCUMENTATION\checkpoints\hash_service_backup_v11\hash_service_backup.py
D,84,,E:\football_v\99_DOCUMENTATION\checkpoints\logger_merge_backup_phase1\log_config.json
C,523,content,E:\football_v\99_DOCUMENTATION\checkpoints\version_service_backup_v11\version_service_backup.py
C,191,content,E:\football_v\99_DOCUMENTATION\FINAL_RELEASE_V4.0\FINAL_FREEZE_CHECKPOINT_V4.0.json
C,165,content,E:\football_v\99_DOCUMENTATION\FINAL_RELEASE_V4.0\FINAL_SYSTEM_VALIDATION_V4.0.json
C,371,content,E:\football_v\99_DOCUMENTATION\FINAL_RELEASE_V4.0\MODEL_WEIGHT_CONFIG_V4.0.json
C,174,content,E:\football_v\99_DOCUMENTATION\FINAL_RELEASE_V4.0\PRODUCTION_MODE_V4.0.json
C,174,content,E:\football_v\99_DOCUMENTATION\FINAL_SYSTEM_COMPLETION_V4.0\MODEL_REGISTRY_V4.0.json
C,183,content,E:\football_v\99_DOCUMENTATION\FINAL_SYSTEM_COMPLETION_V4.0\MODEL_TRAINING_ENV_V4.0.json
C,188,content,E:\football_v\99_DOCUMENTATION\FINAL_SYSTEM_COMPLETION_V4.0\PREDICTION_RUNTIME_V4.0.json
C,189,content,E:\football_v\99_DOCUMENTATION\FINAL_SYSTEM_COMPLETION_V4.0\PRODUCTION_HARDENING_V4.0.json
C,148,content,E:\football_v\99_DOCUMENTATION\FINAL_SYSTEM_COMPLETION_V4.0\SELF_LEARNING_V4.0.json
C,206,content,E:\football_v\99_DOCUMENTATION\FINAL_SYSTEM_COMPLETION_V4.0\SYSTEM_COMPLETION_CHECKPOINT_V4.0.json
C,194,content,E:\football_v\99_DOCUMENTATION\FIRST_REAL_PREDICTION_TEST_V4.0\final_advice_V4.0.json
C,317,content,E:\football_v\99_DOCUMENTATION\FIRST_REAL_PREDICTION_TEST_V4.0\fusion_result_V4.0.json
C,214,content,E:\football_v\99_DOCUMENTATION\FIRST_REAL_PREDICTION_TEST_V4.0\input_match_V4.0.json
C,258,content,E:\football_v\99_DOCUMENTATION\FIRST_REAL_PREDICTION_TEST_V4.0\model_output_V4.0.json
C,229,content,E:\football_v\99_DOCUMENTATION\FIRST_REAL_PREDICTION_TEST_V4.0\REAL_PREDICTION_ACCEPTANCE_V4.0.json
C,166317,content,E:\football_v\99_DOCUMENTATION\Legacy_Asset_Index\Phase_1_Python_Asset\Python_Asset_Index_V1.0.csv
C,130582,content,E:\football_v\99_DOCUMENTATION\Legacy_Asset_Index\Phase_1_Python_Asset\Python_Class_Registry_V1.0.csv
C,360036,content,E:\football_v\99_DOCUMENTATION\Legacy_Asset_Index\Phase_1_Python_Asset\Python_Dependency_Map_V1.0.csv
C,578980,content,E:\football_v\99_DOCUMENTATION\Legacy_Asset_Index\Phase_1_Python_Asset\Python_Function_Registry_V1.0.csv
C,305130,content,E:\football_v\99_DOCUMENTATION\Legacy_Asset_Index\Phase_2_Function_Registry\Function_Capability_Registry_V1.0.csv
C,427314,content,E:\football_v\99_DOCUMENTATION\Legacy_Asset_Index\Phase_2_Function_Registry\Keyword_Discovery_Map_V1.0.csv
C,187192,content,E:\football_v\99_DOCUMENTATION\Legacy_Asset_Index\Phase_2_Function_Registry\Module_Capability_Map_V1.0.csv
C,996489,content,E:\football_v\99_DOCUMENTATION\Legacy_Asset_Index\Phase_3_Call_Graph\Call_Graph_Registry_V1.0.csv
C,130582,content,E:\football_v\99_DOCUMENTATION\Legacy_Asset_Index\Phase_3_Call_Graph\Class_Function_Map_V1.0.csv
C,19793,content,E:\football_v\99_DOCUMENTATION\Legacy_Asset_Index\Phase_3_Call_Graph\Entry_Point_Map_V1.0.csv
C,1604,content,E:\football_v\99_DOCUMENTATION\Legacy_Asset_Index\Phase_4_Database_Registry\Database_Asset_Registry_V1.0.csv
C,772,content,E:\football_v\99_DOCUMENTATION\Legacy_Asset_Index\Phase_4_Database_Registry\Database_SQL_Discovery_V1.0.csv
C,22206,content,E:\football_v\99_DOCUMENTATION\Legacy_Asset_Index\Phase_4_Database_Registry\Database_Table_Registry_V1.0.csv
C,113785,content,E:\football_v\99_DOCUMENTATION\Legacy_Asset_Index\Phase_5_Model_Registry\Model_Asset_Registry_V1.0.csv
C,97874,content,E:\football_v\99_DOCUMENTATION\Legacy_Asset_Index\Phase_5_Model_Registry\Model_Code_Map_V1.0.csv
C,20186,content,E:\football_v\99_DOCUMENTATION\Legacy_Asset_Index\Phase_5_Model_Registry\Model_Lifecycle_Map_V1.0.csv
C,139179,content,E:\football_v\99_DOCUMENTATION\Legacy_Asset_Index\Phase_6_Feature_Registry\Feature_Asset_Registry_V1.0.csv
C,91501,content,E:\football_v\99_DOCUMENTATION\Legacy_Asset_Index\Phase_6_Feature_Registry\Feature_Code_Map_V1.0.csv
C,213390,content,E:\football_v\99_DOCUMENTATION\Legacy_Asset_Index\Phase_6_Feature_Registry\Feature_Data_Map_V1.0.csv
C,19793,content,E:\football_v\99_DOCUMENTATION\Legacy_Asset_Index\Phase_7_Runtime_Registry\Entry_Runtime_Flow_V1.0.csv
C,59087,content,E:\football_v\99_DOCUMENTATION\Legacy_Asset_Index\Phase_7_Runtime_Registry\Prediction_Decision_Map_V1.0.csv
C,175250,content,E:\football_v\99_DOCUMENTATION\Legacy_Asset_Index\Phase_7_Runtime_Registry\Runtime_Asset_Registry_V1.0.csv
C,419,content,E:\football_v\99_DOCUMENTATION\MODEL_DATA_SNAPSHOT_V4.0\DATABASE_LOCATION_V4.0.json
C,278,content,E:\football_v\99_DOCUMENTATION\MODEL_DATA_SNAPSHOT_V4.0\MODEL_DATA_SNAPSHOT_V4.0.json
C,465,content,E:\football_v\99_DOCUMENTATION\MODEL_TRAINING_READY_V4.0\MODEL_TRAINING_READY_CHECKPOINT_V4.0.json
C,163,content,E:\football_v\99_DOCUMENTATION\MODEL_TRAINING_READY_V4.0\TRAINING_ENGINE_CHECKPOINT_V4.0.json
C,54635,content,E:\football_v\99_DOCUMENTATION\reports\Architecture_Cleanup_Report_V1.0.json
C,54486,content,E:\football_v\99_DOCUMENTATION\reports\Architecture_Duplicate_Report_V1.0.json
C,314871,content,E:\football_v\99_DOCUMENTATION\reports\Architecture_Module_Map_V1.0.json
C,2931,content,E:\football_v\99_DOCUMENTATION\reports\common_service_dependency_report.json
C,1149,content,E:\football_v\99_DOCUMENTATION\reports\Core_Service_Upgrade_Map.json
C,2399,content,E:\football_v\99_DOCUMENTATION\reports\Core_Service_Upgrade_Map_V2.json
C,2901,content,E:\football_v\99_DOCUMENTATION\reports\DATABASE_FOUR_CHECK_REPORT_V1.0.json
C,328,content,E:\football_v\99_DOCUMENTATION\reports\DATABASE_SYSTEM_DB_MIGRATION_V2.2.2_REPORT.json
C,270,content,E:\football_v\99_DOCUMENTATION\reports\DATABASE_SYSTEM_INITIALIZE_V2.2.3_REPORT.json
C,3183,content,E:\football_v\99_DOCUMENTATION\reports\DATABASE_SYSTEM_VALIDATION_V2.2.4_REPORT.json
C,2071,content,E:\football_v\99_DOCUMENTATION\reports\DATABASE_UNIFIED_MIGRATION_V2.2_REPORT.json
C,4068,content,E:\football_v\99_DOCUMENTATION\reports\DATABASE_UNIFIED_VALIDATION_V2.2.1_REPORT.json
C,366,content,E:\football_v\99_DOCUMENTATION\reports\FEATURE_ENGINE_HISTORY_V1.0.1_REPORT.json
C,2456,content,E:\football_v\99_DOCUMENTATION\reports\FEATURE_MODEL_DEPLOYMENT_V1.0_REPORT.json
C,611,content,E:\football_v\99_DOCUMENTATION\reports\FOOTBALL_AI_OS_APPLICATION_LAYER_V2.5_REAL_REPORT.json
C,647,content,E:\football_v\99_DOCUMENTATION\reports\FOOTBALL_AI_OS_DECISION_LAYER_V2.4_REAL_REPORT.json
C,494,content,E:\football_v\99_DOCUMENTATION\reports\FOOTBALL_AI_OS_MODEL_LAYER_V2.3_REAL_REPORT.json
C,1056,content,E:\football_v\99_DOCUMENTATION\reports\FOOTBALL_AI_OS_V2.0_REAL_DEPLOY_REPORT.json
C,411,content,E:\football_v\99_DOCUMENTATION\reports\FOOTBALL_AI_OS_V2.1_REAL_ALL_FIX2_REPORT.json
C,510,content,E:\football_v\99_DOCUMENTATION\reports\FOOTBALL_AI_OS_V2.2_VALIDATION_REPORT.json
C,460,content,E:\football_v\99_DOCUMENTATION\reports\FOOTBALL_AI_OS_V2.6_SYSTEM_HEALTH_REPORT.json
C,999,content,E:\football_v\99_DOCUMENTATION\reports\framework_init_report.json
C,521,content,E:\football_v\99_DOCUMENTATION\reports\MODEL_MIGRATION_V1.1_REPORT.json
C,1004,content,E:\football_v\99_DOCUMENTATION\reports\Prediction_ENGINE_V1.0_REPORT.json
C,2813,content,E:\football_v\99_DOCUMENTATION\reports\PREDICTION_ENGINE_V1.1_REAL_REPORT.json
C,1300,content,E:\football_v\99_DOCUMENTATION\reports\PREDICTION_INTELLIGENCE_V1.3_FIX_REPORT.json
C,1016,content,E:\football_v\99_DOCUMENTATION\reports\PREDICTION_INTELLIGENCE_V1.4_REAL_REPORT.json
C,515,content,E:\football_v\99_DOCUMENTATION\reports\PREDICTION_INTELLIGENCE_V1.5_REAL_REPORT.json
C,503,content,E:\football_v\99_DOCUMENTATION\reports\PREDICTION_INTELLIGENCE_V1.6_REAL_REPORT.json
C,2029,content,E:\football_v\99_DOCUMENTATION\reports\PREDICTION_PHASE_V1.2_BATCH_REPORT.json
C,233017,content,E:\football_v\99_DOCUMENTATION\SYSTEM_CHECKPOINTS\FULL_FILE_INVENTORY_V4.0.csv
C,4712,content,E:\football_v\99_DOCUMENTATION\SYSTEM_CHECKPOINTS\SYSTEM_CHECKPOINTS\FOOTBALL_V_CHECKPOINT_SYSTEM_SCAN_V4.0.json
A,4288,content|predict|feature|engine|runtime,E:\football_v\99_DOCUMENTATION\tools\architecture_cleanup_scanner_V1.0.py
C,1812,content|engine,E:\football_v\99_DOCUMENTATION\tools\save_checkpoint.py
C,799,content,E:\football_v\99_DOCUMENTATION\TRAINING_PREFLIGHT_CHECK_V4.0\TRAINING_PREFLIGHT_REPORT_V4.0.json
C,221,content,E:\football_v\99_DOCUMENTATION\V4_RUNTIME_VALIDATION_V4.0\FINAL_RUNTIME_ACCEPTANCE_V4.0.json
C,291,content,E:\football_v\99_DOCUMENTATION\V4_RUNTIME_VALIDATION_V4.0\model_validation_V4.0.json
C,423,content,E:\football_v\99_DOCUMENTATION\V4_RUNTIME_VALIDATION_V4.0\prediction_test_V4.0.json
C,318,content,E:\football_v\99_DOCUMENTATION\V4_RUNTIME_VALIDATION_V4.0\runtime_check_V4.0.json
C,45,engine,E:\football_v\99_PRODUCTION_MONITOR_ENGINE\module.py
B,328,content|model|predict,E:\football_v\AI_RUNTIME\ai_report.py
C,387,content|runtime,E:\football_v\AI_RUNTIME\console.py
A,963,content|model|predict|engine|runtime|database,E:\football_v\AI_RUNTIME\engine.py
C,738,content,E:\football_v\AI_RUNTIME\final_decision.py
B,770,content|model|feature|database,E:\football_v\AI_RUNTIME\model_connector.py
B,1147,content|model|predict,E:\football_v\AI_RUNTIME\model_fusion.py
C,487,content|model,E:\football_v\AI_RUNTIME\model_outputs.py
A,1295,content|model|feature|history|runtime|database,E:\football_v\AI_RUNTIME\model_runtime_connector.py
B,865,content|model|predict|runtime,E:\football_v\AI_RUNTIME\prediction_executor.py
C,107,content,E:\football_v\AI_RUNTIME\report.py
C,328,content|model,E:\football_v\AI_RUNTIME\router.py
A,289,content|model|engine|runtime|database,E:\football_v\AI_RUNTIME\runtime.py
C,3151,content|database,E:\football_v\archive\common_service_migration\common_service_migration_check.py
C,3231,content|database,E:\football_v\archive\common_service_migration\core_service_compare.py
C,3405,content|database,E:\football_v\archive\common_service_migration\core_service_compare_v2.py
C,2124,content,E:\football_v\archive\logger_migration\logger_core_merge_v1.py
C,3128,content,E:\football_v\archive\logger_migration\logger_upgrade_v1.py
C,3808,content,E:\football_v\archive\logger_migration\setup_logger_module.py
C,2467,content,E:\football_v\checkpoint\Football_AI_OS_Checkpoint_V3.0_FINAL.json
C,436,content,E:\football_v\checkpoint\FOOTBALL_AI_OS_Checkpoint_V4.0_ARCHITECTURE_GOVERNANCE.json
C,2676,content,E:\football_v\checkpoint\Football_AI_OS_Checkpoint_V4.0_PRODUCTION_OPERATION.json
C,1947,content,E:\football_v\checkpoint\Football_AI_OS_V4.0_PRODUCTION_BASELINE.json
D,0,,E:\football_v\Config\system_version.yaml
A,348,content|model|predict|feature|engine,E:\football_v\deploy\deploy_v15_phase2.py
B,4059,content|predict|engine,E:\football_v\deploy\deploy_v15_phase2_patch2.py
C,929,content|engine,E:\football_v\deploy\deploy_v15_phase2_patch3.py
C,3572,content|engine,E:\football_v\deploy\deploy_v15_phase3_11_knowledge_graph.py
A,7098,content|model|predict|history|engine|runtime|odds,E:\football_v\deploy\deploy_v15_phase3_12_15_core_intelligence.py
B,3572,content|history|engine,E:\football_v\deploy\deploy_v15_phase3_3_reasoning.py
B,2402,content|model|history|engine,E:\football_v\deploy\deploy_v15_phase3_4.py
C,2659,content|history,E:\football_v\deploy\deploy_v15_phase3_5.py
A,4262,content|model|predict|history|engine,E:\football_v\deploy\deploy_v15_phase3_6.py
B,3935,content|predict|history|engine,E:\football_v\deploy\deploy_v15_phase3_7_real.py
B,5249,content|history|engine,E:\football_v\deploy\deploy_v15_phase3_8_10.py
A,7169,content|model|predict|feature|engine|bet,E:\football_v\deploy\deploy_v15_phase4_core_prediction.py
A,6124,content|model|predict|history|engine|bet,E:\football_v\deploy\deploy_v15_phase5_core.py
A,4983,content|model|predict|feature|history|engine|train,E:\football_v\deploy\deploy_v15_phase6_training.py
C,387,content,E:\football_v\deployment_reports\FOOTBALL_AI_OS_V2.1_DEPLOYMENT_REPORT.json
C,383,content|runtime,E:\football_v\deployment_scripts\application_layer_db_test_tmp.py
A,3336,content|model|predict|runtime|database,E:\football_v\deployment_scripts\application_layer_V2.5_initializer.py
A,2059,content|model|predict|engine|database,E:\football_v\deployment_scripts\audit_feedback_flow_v4.py
B,1058,content|predict|engine,E:\football_v\deployment_scripts\audit_feedback_pipeline.py
C,1081,content|database,E:\football_v\deployment_scripts\audit_learning_database_schema_v4.py
B,1197,content|predict|database,E:\football_v\deployment_scripts\audit_learning_pipeline_final.py
B,1397,content|model|engine|database,E:\football_v\deployment_scripts\audit_self_learning_engine_v4.py
C,1733,content|database,E:\football_v\deployment_scripts\check_database_migration_V1.0.py
B,615,content|predict|database,E:\football_v\deployment_scripts\check_feedback_tables.py
C,501,content|database,E:\football_v\deployment_scripts\check_learning_feedback_db.py
B,570,content|predict|database,E:\football_v\deployment_scripts\check_prediction_feedback_count.py
B,896,content|predict|database,E:\football_v\deployment_scripts\check_prediction_feedback_table.py
B,735,content|model|predict,E:\football_v\deployment_scripts\check_prediction_result_schema.py
A,1156,content|model|predict|database|odds,E:\football_v\deployment_scripts\create_prediction_feedback_table.py
B,2923,content|model|feature|database,E:\football_v\deployment_scripts\database_four_check_engine_V1.0.py
A,4683,content|model|feature|runtime|database,E:\football_v\deployment_scripts\database_init_system_db_V2.2.3.py
C,2348,content|database,E:\football_v\deployment_scripts\database_system_db_migration_V2.2.2.py
A,3514,content|model|feature|runtime|database,E:\football_v\deployment_scripts\database_system_db_validation_V2.2.4.py
B,4045,content|rating|database,E:\football_v\deployment_scripts\database_unified_migration_engine_V2.2.py
B,3505,content|model|feature|database,E:\football_v\deployment_scripts\database_unified_validation_V2.2.1.py
C,383,content|database,E:\football_v\deployment_scripts\db_check_tmp.py
B,512,content|history|database,E:\football_v\deployment_scripts\decision_layer_db_test_tmp.py
A,3492,content|predict|history|engine|database|bet,E:\football_v\deployment_scripts\decision_layer_V2.4_initializer.py
A,4615,content|predict|feature|engine|database|odds|train,E:\football_v\deployment_scripts\deploy_ai_intelligence_batch_02_06_V2.0.py
A,4319,content|feature|history|rating|engine|database,E:\football_v\deployment_scripts\deploy_feature_engine_history_V1.0.1.py
A,4516,content|feature|history|rating|engine|database,E:\football_v\deployment_scripts\deploy_feature_engine_history_V1.0.py
A,5212,content|model|feature|history|rating|database,E:\football_v\deployment_scripts\deploy_feature_model_layer_V1.0.py
A,4436,content|model|feature|history|rating|engine|runtime|database|odds|train,E:\football_v\deployment_scripts\deploy_football_ai_os_unified_V2.1.py
A,4134,content|model|predict|engine|odds,E:\football_v\deployment_scripts\deploy_full_prediction_ai_V2.1.py
B,1974,content|model|predict|engine,E:\football_v\deployment_scripts\deploy_phase10_batch02_real_model_V1.0.py
A,3320,content|model|predict|feature|engine|database,E:\football_v\deployment_scripts\deploy_prediction_engine_V1.0.py
A,4537,content|model|predict|feature|history|engine|database,E:\football_v\deployment_scripts\deploy_prediction_engine_V1.1_REAL_FIX.py
A,2843,content|model|predict|feature|engine,E:\football_v\deployment_scripts\deploy_prediction_intelligence_batch_01_V2.0.py
A,3201,content|predict|engine|runtime|database,E:\football_v\deployment_scripts\deploy_prediction_intelligence_V1.4_REAL.py
A,2655,content|model|predict|engine|odds,E:\football_v\deployment_scripts\deploy_prediction_patch_V2.1.1.py
A,4693,content|model|predict|feature|history|engine|database,E:\football_v\deployment_scripts\deploy_prediction_phase_V1.2_batch.py
A,4442,content|model|predict|engine|database,E:\football_v\deployment_scripts\deploy_remaining_batch_V1.5.py
A,2818,content|model|feature|history|engine|train,E:\football_v\deployment_scripts\deploy_training_engine_batch_01_V2.0.py
A,2203,content|predict|engine|runtime|database|odds,E:\football_v\deployment_scripts\football_ai_os_V2.0_real_engine.py
A,3719,content|model|predict|engine|runtime|database,E:\football_v\deployment_scripts\global_audit.py
A,3044,content|model|predict|feature|runtime|database,E:\football_v\deployment_scripts\integration_layer_V2.6_initializer.py
A,3092,content|model|predict|engine|database,E:\football_v\deployment_scripts\model_layer_V2.3_initializer.py
B,4747,content|model|database,E:\football_v\deployment_scripts\model_migration_engine_V1.0.py
B,2522,content|model|database,E:\football_v\deployment_scripts\model_migration_engine_V1.1.py
B,503,content|predict|history|database,E:\football_v\deployment_scripts\prediction_database_test_V1.3.py
A,1488,content|model|predict|feature|runtime|database,E:\football_v\deployment_scripts\prediction_database_test_V1.4.py
A,2299,content|model|predict|runtime|database,E:\football_v\deployment_scripts\prediction_intelligence_init_V1.3_FIX.py
C,389,content|predict,E:\football_v\deployment_scripts\test_feedback_connector.py
B,651,content|model|database,E:\football_v\deployment_scripts\upgrade_model_registry_schema_V1.0.py
C,179,content,E:\football_v\FINAL_RELEASE_REPORT\AI_INTELLIGENCE_BATCH_02_06_REPORT.json
C,161,content,E:\football_v\FINAL_RELEASE_REPORT\AI_OS_V2.0_DEPLOYMENT_REPORT.json
C,1553,content,E:\football_v\FINAL_RELEASE_REPORT\AI_OS_V2.0_FINAL_RELEASE_REPORT.json
C,2019,content,E:\football_v\FINAL_RELEASE_REPORT\AI_OS_V2.0_RELEASE_VALIDATION_REPORT.json
C,894,content,E:\football_v\FINAL_RELEASE_REPORT\AI_OS_V2.0_TEST_REPORT.json
C,517,content,E:\football_v\FINAL_RELEASE_REPORT\Alpha_Release_Report_V1.5.json
C,163,content,E:\football_v\FINAL_RELEASE_REPORT\deployment_report_V1.5.json
C,2181,content,E:\football_v\FINAL_RELEASE_REPORT\FINAL_ACCEPTANCE_REPORT.json
C,3719,content,E:\football_v\FINAL_RELEASE_REPORT\FINAL_PHASE51_55_VALIDATION_REPORT.json
C,698,content,E:\football_v\FINAL_RELEASE_REPORT\FINAL_RUNTIME_TEST.json
C,1663,content,E:\football_v\FINAL_RELEASE_REPORT\Football_AI_OS_V2.0_FINAL_RELEASE.json
C,194,content,E:\football_v\FINAL_RELEASE_REPORT\FULL_AI_DEPLOYMENT_REPORT_V2.1.json
C,153,content,E:\football_v\FINAL_RELEASE_REPORT\FULL_AI_PATCH_DEPLOYMENT_V2.1.1.json
C,721,content,E:\football_v\FINAL_RELEASE_REPORT\FULL_AI_TEST_REPORT_V2.1.1.json
C,1045,content,E:\football_v\FINAL_RELEASE_REPORT\integration_test_report_V1.5.json
C,547,content,E:\football_v\FINAL_RELEASE_REPORT\legacy_delete_check.json
C,743,content,E:\football_v\FINAL_RELEASE_REPORT\LOCAL_CONSOLE_V1.1_TEST_REPORT.json
C,718,content,E:\football_v\FINAL_RELEASE_REPORT\LOCAL_CONSOLE_V1_TEST_REPORT.json
C,227,content,E:\football_v\FINAL_RELEASE_REPORT\PHASE10_BATCH02_DEPLOYMENT.json
C,191,content,E:\football_v\FINAL_RELEASE_REPORT\PHASE11_DEPLOYMENT_REPORT.json
C,548,content,E:\football_v\FINAL_RELEASE_REPORT\PHASE11_TEST_REPORT.json
C,205,content,E:\football_v\FINAL_RELEASE_REPORT\PHASE12_DEPLOYMENT_REPORT.json
C,690,content,E:\football_v\FINAL_RELEASE_REPORT\PHASE12_TEST_REPORT.json
C,191,content,E:\football_v\FINAL_RELEASE_REPORT\PHASE13_DEPLOYMENT_REPORT.json
C,591,content,E:\football_v\FINAL_RELEASE_REPORT\PHASE13_TEST_REPORT.json
C,194,content,E:\football_v\FINAL_RELEASE_REPORT\PHASE14_DEPLOYMENT_REPORT.json
C,696,content,E:\football_v\FINAL_RELEASE_REPORT\PHASE14_TEST_REPORT.json
C,198,content,E:\football_v\FINAL_RELEASE_REPORT\PHASE15_DEPLOYMENT_REPORT.json
C,690,content,E:\football_v\FINAL_RELEASE_REPORT\PHASE15_TEST_REPORT.json
C,196,content,E:\football_v\FINAL_RELEASE_REPORT\PHASE16_DEPLOYMENT_REPORT.json
C,693,content,E:\football_v\FINAL_RELEASE_REPORT\PHASE16_TEST_REPORT.json
C,199,content,E:\football_v\FINAL_RELEASE_REPORT\PHASE17_DEPLOYMENT_REPORT.json
C,693,content,E:\football_v\FINAL_RELEASE_REPORT\PHASE17_TEST_REPORT.json
C,545,content,E:\football_v\FINAL_RELEASE_REPORT\PHASE18_20_DEPLOYMENT_REPORT.json
C,1013,content,E:\football_v\FINAL_RELEASE_REPORT\PHASE18_20_TEST_REPORT.json
C,203,content,E:\football_v\FINAL_RELEASE_REPORT\PHASE21_25_DEPLOYMENT_REPORT.json
C,1229,content,E:\football_v\FINAL_RELEASE_REPORT\PHASE21_25_TEST_REPORT.json
C,203,content,E:\football_v\FINAL_RELEASE_REPORT\PHASE26_30_DEPLOYMENT_REPORT.json
C,705,content,E:\football_v\FINAL_RELEASE_REPORT\PHASE26_30_TEST_REPORT.json
C,198,content,E:\football_v\FINAL_RELEASE_REPORT\PHASE31_35_DEPLOYMENT_REPORT.json
C,200,content,E:\football_v\FINAL_RELEASE_REPORT\PHASE36_40_DEPLOYMENT_REPORT.json
C,723,content,E:\football_v\FINAL_RELEASE_REPORT\PHASE36_40_TEST_REPORT.json
C,198,content,E:\football_v\FINAL_RELEASE_REPORT\PHASE41_45_DEPLOYMENT_REPORT.json
C,697,content,E:\football_v\FINAL_RELEASE_REPORT\PHASE41_45_TEST_REPORT.json
C,648,content,E:\football_v\FINAL_RELEASE_REPORT\PHASE46_50_DEPLOYMENT_REPORT.json
C,1260,content,E:\football_v\FINAL_RELEASE_REPORT\PHASE46_50_TEST_REPORT.json
C,674,content,E:\football_v\FINAL_RELEASE_REPORT\PHASE51_55_INTERFACE_DEPLOYMENT_REPORT.json
C,1278,content,E:\football_v\FINAL_RELEASE_REPORT\PHASE51_55_INTERFACE_TEST_REPORT.json
C,1722,content,E:\football_v\FINAL_RELEASE_REPORT\PHASE51_PRODUCTION_VALIDATION_REPORT.json
C,1608,content,E:\football_v\FINAL_RELEASE_REPORT\PHASE52_BACKTEST_VALIDATION_REPORT.json
C,666,content,E:\football_v\FINAL_RELEASE_REPORT\PHASE56_60_DEPLOYMENT_REPORT.json
C,1283,content,E:\football_v\FINAL_RELEASE_REPORT\PHASE56_60_TEST_REPORT.json
C,177,content,E:\football_v\FINAL_RELEASE_REPORT\prediction_activation_batch_01_report.json
C,262,content,E:\football_v\FINAL_RELEASE_REPORT\test_report_V1.5.json
C,174,content,E:\football_v\FINAL_RELEASE_REPORT\training_engine_activation_batch_01_report.json
C,42013,content,E:\football_v\reports\after_20260723_1000_files.csv
C,126,content,E:\football_v\reports\clean_duplicate_report.json
C,2301,content,E:\football_v\reports\CODE_LOGIC_DUPLICATE_AUDIT_V1.0.json
C,20861,content,E:\football_v\reports\CODE_LOGIC_DUPLICATE_AUDIT_V2.0.json
C,351,content,E:\football_v\reports\CODE_LOGIC_DUPLICATE_IMPACT_ANALYSIS_V1.0.json
C,13162,content,E:\football_v\reports\FOOTBALL_AI_OS_V4_GLOBAL_AUDIT.json
C,2713,content,E:\football_v\reports\V4_CLEANUP_REPORT.json
C,1534,content,E:\football_v\reports\V4_FEEDBACK_FLOW_AUDIT_REPORT.json
C,1534,content,E:\football_v\reports\V4_FINAL_AUDIT_REPORT.json
C,576,content,E:\football_v\reports\V4_LEARNING_DATABASE_SCHEMA_AUDIT.json
C,1947,content,E:\football_v\reports\V4_PRODUCTION_BASELINE_REPORT.json
C,866,content,E:\football_v\reports\V4_SELF_LEARNING_ENGINE_AUDIT.json
B,2726,content|predict|database,E:\football_v\tools\code_logic_duplicate_impact_scan.py
C,3080,content,E:\football_v\tools\code_logic_duplicate_scanner.py
A,4002,content|model|predict|engine|runtime,E:\football_v\tools\code_logic_duplicate_scanner_v2.py
D,76,,E:\football_v\USER_INTERFACE_LAYER\ai_console.py
C,148,content,E:\football_v\USER_INTERFACE_LAYER\api_connector.py
C,163,content,E:\football_v\USER_INTERFACE_LAYER\chat_runtime.py
C,309,content|model,E:\football_v\USER_INTERFACE_LAYER\command_router.py
C,181,content,E:\football_v\USER_INTERFACE_LAYER\config\console_config.json
