status,migration,file
B,整理后迁移,E:\football_v\check_db_tables.py
C,测试验证,E:\football_v\conftest.py
A,核心资产，优先迁移,E:\football_v\database_inspector.py
A,核心资产，优先迁移,E:\football_v\database_migration_engine_V1.0.py
A,核心资产，优先迁移,E:\football_v\deploy_ai_intelligence_V2.0.py
B,整理后迁移,E:\football_v\deploy_console_v1_1.py
A,核心资产，优先迁移,E:\football_v\deploy_frozen_v15_completion.py
B,整理后迁移,E:\football_v\deploy_integration_test_V1.5.py
B,整理后迁移,E:\football_v\deploy_integration_validation_V1.5.py
C,测试验证,E:\football_v\deploy_local_console_v1.py
A,核心资产，优先迁移,E:\football_v\deploy_phase11.py
A,核心资产，优先迁移,E:\football_v\deploy_phase12.py
A,核心资产，优先迁移,E:\football_v\deploy_phase13.py
A,核心资产，优先迁移,E:\football_v\deploy_phase14.py
A,核心资产，优先迁移,E:\football_v\deploy_phase15.py
A,核心资产，优先迁移,E:\football_v\deploy_phase16.py
A,核心资产，优先迁移,E:\football_v\deploy_phase17.py
A,核心资产，优先迁移,E:\football_v\deploy_phase18_20.py
A,核心资产，优先迁移,E:\football_v\deploy_phase21_25.py
A,核心资产，优先迁移,E:\football_v\deploy_phase26_30.py
B,整理后迁移,E:\football_v\deploy_phase31_35.py
A,核心资产，优先迁移,E:\football_v\deploy_phase36_40.py
B,整理后迁移,E:\football_v\deploy_phase51_55.py
A,核心资产，优先迁移,E:\football_v\deploy_phase56_60.py
D,归档,E:\football_v\deploy_remaining_modules_V1.5.py
A,核心资产，优先迁移,E:\football_v\deploy_remaining_modules_V1.5_FINAL.py
C,测试验证,E:\football_v\deploy_v15_phase2_patch3.py
A,核心资产，优先迁移,E:\football_v\final_acceptance_test.py
B,整理后迁移,E:\football_v\final_deploy.py
C,测试验证,E:\football_v\FINAL_FREEZE_REPORT.json
B,整理后迁移,E:\football_v\fix_integration_report_schema_V1.5.py
C,测试验证,E:\football_v\framework_migration_report.json
C,测试验证,E:\football_v\legacy_delete_check.py
B,整理后迁移,E:\football_v\migration_test.py
A,核心资产，优先迁移,E:\football_v\phase12_test.py
A,核心资产，优先迁移,E:\football_v\phase13_test.py
A,核心资产，优先迁移,E:\football_v\phase14_test.py
A,核心资产，优先迁移,E:\football_v\phase15_test.py
A,核心资产，优先迁移,E:\football_v\phase16_test.py
A,核心资产，优先迁移,E:\football_v\phase17_test.py
C,测试验证,E:\football_v\phase1_python_asset_scan.py
A,核心资产，优先迁移,E:\football_v\phase21_25_test.py
A,核心资产，优先迁移,E:\football_v\phase26_30_test.py
A,核心资产，优先迁移,E:\football_v\phase2_function_scan.py
B,整理后迁移,E:\football_v\phase36_40_deploy.py
B,整理后迁移,E:\football_v\phase36_40_deploy_test.py
A,核心资产，优先迁移,E:\football_v\phase36_40_test.py
C,测试验证,E:\football_v\phase3_call_graph_scan.py
B,整理后迁移,E:\football_v\phase41_45_deploy_test.py
B,整理后迁移,E:\football_v\phase46_50_deploy_test.py
C,测试验证,E:\football_v\phase4_database_scan.py
A,核心资产，优先迁移,E:\football_v\phase51_55_final_validation.py
A,核心资产，优先迁移,E:\football_v\phase51_validation.py
A,核心资产，优先迁移,E:\football_v\phase52_backtest.py
B,整理后迁移,E:\football_v\phase5_model_scan.py
A,核心资产，优先迁移,E:\football_v\phase6_feature_scan.py
B,整理后迁移,E:\football_v\phase7_runtime_scan.py
A,核心资产，优先迁移,E:\football_v\phase8_status_scan.py
C,测试验证,E:\football_v\quality_report.json
A,核心资产，优先迁移,E:\football_v\release_final_patch_V2.0.1.py
A,核心资产，优先迁移,E:\football_v\release_integration_V2.0.py
C,测试验证,E:\football_v\release_registry_V1.5.json
B,整理后迁移,E:\football_v\release_validation_V1.5.py
C,测试验证,E:\football_v\start_ai_os.py
A,核心资产，优先迁移,E:\football_v\test_ai_intelligence_V2.0.py
A,核心资产，优先迁移,E:\football_v\validate_release_V2.0.py
C,测试验证,E:\football_v\.venv\Lib\site-packages\pip\__init__.py
C,测试验证,E:\football_v\.venv\Lib\site-packages\pip\__main__.py
C,测试验证,E:\football_v\.venv\Lib\site-packages\pip\__pip-runner__.py
C,测试验证,E:\football_v\.venv\Lib\site-packages\pip\_internal\build_env.py
C,测试验证,E:\football_v\.venv\Lib\site-packages\pip\_internal\cache.py
C,测试验证,E:\football_v\.venv\Lib\site-packages\pip\_internal\configuration.py
B,整理后迁移,E:\football_v\.venv\Lib\site-packages\pip\_internal\exceptions.py
C,测试验证,E:\football_v\.venv\Lib\site-packages\pip\_internal\main.py
C,测试验证,E:\football_v\.venv\Lib\site-packages\pip\_internal\pyproject.py
C,测试验证,E:\football_v\.venv\Lib\site-packages\pip\_internal\self_outdated_check.py
B,整理后迁移,E:\football_v\.venv\Lib\site-packages\pip\_internal\wheel_builder.py
C,测试验证,E:\football_v\.venv\Lib\site-packages\pip\_internal\__init__.py
C,测试验证,E:\football_v\.venv\Lib\site-packages\pip\_internal\cli\autocompletion.py
C,测试验证,E:\football_v\.venv\Lib\site-packages\pip\_internal\cli\base_command.py
A,核心资产，优先迁移,E:\football_v\.venv\Lib\site-packages\pip\_internal\cli\cmdoptions.py
C,测试验证,E:\football_v\.venv\Lib\site-packages\pip\_internal\cli\command_context.py
C,测试验证,E:\football_v\.venv\Lib\site-packages\pip\_internal\cli\index_command.py
C,测试验证,E:\football_v\.venv\Lib\site-packages\pip\_internal\cli\main.py
C,测试验证,E:\football_v\.venv\Lib\site-packages\pip\_internal\cli\main_parser.py
C,测试验证,E:\football_v\.venv\Lib\site-packages\pip\_internal\cli\parser.py
C,测试验证,E:\football_v\.venv\Lib\site-packages\pip\_internal\cli\progress_bars.py
B,整理后迁移,E:\football_v\.venv\Lib\site-packages\pip\_internal\cli\req_command.py
C,测试验证,E:\football_v\.venv\Lib\site-packages\pip\_internal\cli\spinners.py
C,测试验证,E:\football_v\.venv\Lib\site-packages\pip\_internal\cli\status_codes.py
C,测试验证,E:\football_v\.venv\Lib\site-packages\pip\_internal\cli\__init__.py
C,测试验证,E:\football_v\.venv\Lib\site-packages\pip\_internal\commands\cache.py
C,测试验证,E:\football_v\.venv\Lib\site-packages\pip\_internal\commands\check.py
C,测试验证,E:\football_v\.venv\Lib\site-packages\pip\_internal\commands\completion.py
C,测试验证,E:\football_v\.venv\Lib\site-packages\pip\_internal\commands\configuration.py
C,测试验证,E:\football_v\.venv\Lib\site-packages\pip\_internal\commands\debug.py
C,测试验证,E:\football_v\.venv\Lib\site-packages\pip\_internal\commands\download.py
C,测试验证,E:\football_v\.venv\Lib\site-packages\pip\_internal\commands\freeze.py
C,测试验证,E:\football_v\.venv\Lib\site-packages\pip\_internal\commands\hash.py
C,测试验证,E:\football_v\.venv\Lib\site-packages\pip\_internal\commands\help.py
C,测试验证,E:\football_v\.venv\Lib\site-packages\pip\_internal\commands\index.py
C,测试验证,E:\football_v\.venv\Lib\site-packages\pip\_internal\commands\inspect.py
B,整理后迁移,E:\football_v\.venv\Lib\site-packages\pip\_internal\commands\install.py
C,测试验证,E:\football_v\.venv\Lib\site-packages\pip\_internal\commands\list.py
C,测试验证,E:\football_v\.venv\Lib\site-packages\pip\_internal\commands\search.py
C,测试验证,E:\football_v\.venv\Lib\site-packages\pip\_internal\commands\show.py
C,测试验证,E:\football_v\.venv\Lib\site-packages\pip\_internal\commands\uninstall.py
C,测试验证,E:\football_v\.venv\Lib\site-packages\pip\_internal\commands\wheel.py
C,测试验证,E:\football_v\.venv\Lib\site-packages\pip\_internal\commands\__init__.py
C,测试验证,E:\football_v\.venv\Lib\site-packages\pip\_internal\distributions\base.py
C,测试验证,E:\football_v\.venv\Lib\site-packages\pip\_internal\distributions\installed.py
C,测试验证,E:\football_v\.venv\Lib\site-packages\pip\_internal\distributions\sdist.py
C,测试验证,E:\football_v\.venv\Lib\site-packages\pip\_internal\distributions\wheel.py
C,测试验证,E:\football_v\.venv\Lib\site-packages\pip\_internal\distributions\__init__.py
C,测试验证,E:\football_v\.venv\Lib\site-packages\pip\_internal\index\collector.py
B,整理后迁移,E:\football_v\.venv\Lib\site-packages\pip\_internal\index\package_finder.py
C,测试验证,E:\football_v\.venv\Lib\site-packages\pip\_internal\index\sources.py
D,归档,E:\football_v\.venv\Lib\site-packages\pip\_internal\index\__init__.py
C,测试验证,E:\football_v\.venv\Lib\site-packages\pip\_internal\locations\base.py
C,测试验证,E:\football_v\.venv\Lib\site-packages\pip\_internal\locations\_distutils.py
B,整理后迁移,E:\football_v\.venv\Lib\site-packages\pip\_internal\locations\_sysconfig.py
B,整理后迁移,E:\football_v\.venv\Lib\site-packages\pip\_internal\locations\__init__.py
B,整理后迁移,E:\football_v\.venv\Lib\site-packages\pip\_internal\metadata\base.py
C,测试验证,E:\football_v\.venv\Lib\site-packages\pip\_internal\metadata\pkg_resources.py
C,测试验证,E:\football_v\.venv\Lib\site-packages\pip\_internal\metadata\_json.py
C,测试验证,E:\football_v\.venv\Lib\site-packages\pip\_internal\metadata\__init__.py
C,测试验证,E:\football_v\.venv\Lib\site-packages\pip\_internal\metadata\importlib\_compat.py
C,测试验证,E:\football_v\.venv\Lib\site-packages\pip\_internal\metadata\importlib\_dists.py
B,整理后迁移,E:\football_v\.venv\Lib\site-packages\pip\_internal\metadata\importlib\_envs.py
C,测试验证,E:\football_v\.venv\Lib\site-packages\pip\_internal\metadata\importlib\__init__.py
C,测试验证,E:\football_v\.venv\Lib\site-packages\pip\_internal\models\candidate.py
C,测试验证,E:\football_v\.venv\Lib\site-packages\pip\_internal\models\direct_url.py
C,测试验证,E:\football_v\.venv\Lib\site-packages\pip\_internal\models\format_control.py
C,测试验证,E:\football_v\.venv\Lib\site-packages\pip\_internal\models\index.py
C,测试验证,E:\football_v\.venv\Lib\site-packages\pip\_internal\models\installation_report.py
C,测试验证,E:\football_v\.venv\Lib\site-packages\pip\_internal\models\link.py
C,测试验证,E:\football_v\.venv\Lib\site-packages\pip\_internal\models\scheme.py
C,测试验证,E:\football_v\.venv\Lib\site-packages\pip\_internal\models\search_scope.py
C,测试验证,E:\football_v\.venv\Lib\site-packages\pip\_internal\models\selection_prefs.py
C,测试验证,E:\football_v\.venv\Lib\site-packages\pip\_internal\models\target_python.py
C,测试验证,E:\football_v\.venv\Lib\site-packages\pip\_internal\models\wheel.py
C,测试验证,E:\football_v\.venv\Lib\site-packages\pip\_internal\models\__init__.py
B,整理后迁移,E:\football_v\.venv\Lib\site-packages\pip\_internal\network\auth.py
C,测试验证,E:\football_v\.venv\Lib\site-packages\pip\_internal\network\cache.py
B,整理后迁移,E:\football_v\.venv\Lib\site-packages\pip\_internal\network\download.py
C,测试验证,E:\football_v\.venv\Lib\site-packages\pip\_internal\network\lazy_wheel.py
B,整理后迁移,E:\football_v\.venv\Lib\site-packages\pip\_internal\network\session.py
C,测试验证,E:\football_v\.venv\Lib\site-packages\pip\_internal\network\utils.py
C,测试验证,E:\football_v\.venv\Lib\site-packages\pip\_internal\network\xmlrpc.py
D,归档,E:\football_v\.venv\Lib\site-packages\pip\_internal\network\__init__.py
C,测试验证,E:\football_v\.venv\Lib\site-packages\pip\_internal\operations\check.py
C,测试验证,E:\football_v\.venv\Lib\site-packages\pip\_internal\operations\freeze.py
B,整理后迁移,E:\football_v\.venv\Lib\site-packages\pip\_internal\operations\prepare.py
D,归档,E:\football_v\.venv\Lib\site-packages\pip\_internal\operations\__init__.py
C,测试验证,E:\football_v\.venv\Lib\site-packages\pip\_internal\operations\build\build_tracker.py
C,测试验证,E:\football_v\.venv\Lib\site-packages\pip\_internal\operations\build\metadata.py
C,测试验证,E:\football_v\.venv\Lib\site-packages\pip\_internal\operations\build\metadata_editable.py
C,测试验证,E:\football_v\.venv\Lib\site-packages\pip\_internal\operations\build\metadata_legacy.py
C,测试验证,E:\football_v\.venv\Lib\site-packages\pip\_internal\operations\build\wheel.py
C,测试验证,E:\football_v\.venv\Lib\site-packages\pip\_internal\operations\build\wheel_editable.py
C,测试验证,E:\football_v\.venv\Lib\site-packages\pip\_internal\operations\build\wheel_legacy.py
D,归档,E:\football_v\.venv\Lib\site-packages\pip\_internal\operations\build\__init__.py
C,测试验证,E:\football_v\.venv\Lib\site-packages\pip\_internal\operations\install\editable_legacy.py
B,整理后迁移,E:\football_v\.venv\Lib\site-packages\pip\_internal\operations\install\wheel.py
D,归档,E:\football_v\.venv\Lib\site-packages\pip\_internal\operations\install\__init__.py
B,整理后迁移,E:\football_v\.venv\Lib\site-packages\pip\_internal\req\constructors.py
B,整理后迁移,E:\football_v\.venv\Lib\site-packages\pip\_internal\req\req_file.py
A,核心资产，优先迁移,E:\football_v\.venv\Lib\site-packages\pip\_internal\req\req_install.py
C,测试验证,E:\football_v\.venv\Lib\site-packages\pip\_internal\req\req_set.py
C,测试验证,E:\football_v\.venv\Lib\site-packages\pip\_internal\req\req_uninstall.py
C,测试验证,E:\football_v\.venv\Lib\site-packages\pip\_internal\req\__init__.py
C,测试验证,E:\football_v\.venv\Lib\site-packages\pip\_internal\resolution\base.py
D,归档,E:\football_v\.venv\Lib\site-packages\pip\_internal\resolution\__init__.py
B,整理后迁移,E:\football_v\.venv\Lib\site-packages\pip\_internal\resolution\legacy\resolver.py
D,归档,E:\football_v\.venv\Lib\site-packages\pip\_internal\resolution\legacy\__init__.py
B,整理后迁移,E:\football_v\.venv\Lib\site-packages\pip\_internal\resolution\resolvelib\base.py
B,整理后迁移,E:\football_v\.venv\Lib\site-packages\pip\_internal\resolution\resolvelib\candidates.py
B,整理后迁移,E:\football_v\.venv\Lib\site-packages\pip\_internal\resolution\resolvelib\factory.py
C,测试验证,E:\football_v\.venv\Lib\site-packages\pip\_internal\resolution\resolvelib\found_candidates.py
B,整理后迁移,E:\football_v\.venv\Lib\site-packages\pip\_internal\resolution\resolvelib\provider.py
B,整理后迁移,E:\football_v\.venv\Lib\site-packages\pip\_internal\resolution\resolvelib\reporter.py
C,测试验证,E:\football_v\.venv\Lib\site-packages\pip\_internal\resolution\resolvelib\requirements.py
B,整理后迁移,E:\football_v\.venv\Lib\site-packages\pip\_internal\resolution\resolvelib\resolver.py
D,归档,E:\football_v\.venv\Lib\site-packages\pip\_internal\resolution\resolvelib\__init__.py
C,测试验证,E:\football_v\.venv\Lib\site-packages\pip\_internal\utils\appdirs.py
C,测试验证,E:\football_v\.venv\Lib\site-packages\pip\_internal\utils\compat.py
C,测试验证,E:\football_v\.venv\Lib\site-packages\pip\_internal\utils\compatibility_tags.py
C,测试验证,E:\football_v\.venv\Lib\site-packages\pip\_internal\utils\datetime.py
C,测试验证,E:\football_v\.venv\Lib\site-packages\pip\_internal\utils\deprecation.py
C,测试验证,E:\football_v\.venv\Lib\site-packages\pip\_internal\utils\direct_url_helpers.py
C,测试验证,E:\football_v\.venv\Lib\site-packages\pip\_internal\utils\egg_link.py
C,测试验证,E:\football_v\.venv\Lib\site-packages\pip\_internal\utils\entrypoints.py
C,测试验证,E:\football_v\.venv\Lib\site-packages\pip\_internal\utils\filesystem.py
C,测试验证,E:\football_v\.venv\Lib\site-packages\pip\_internal\utils\filetypes.py
C,测试验证,E:\football_v\.venv\Lib\site-packages\pip\_internal\utils\glibc.py
C,测试验证,E:\football_v\.venv\Lib\site-packages\pip\_internal\utils\hashes.py
C,测试验证,E:\football_v\.venv\Lib\site-packages\pip\_internal\utils\logging.py
C,测试验证,E:\football_v\.venv\Lib\site-packages\pip\_internal\utils\misc.py
C,测试验证,E:\football_v\.venv\Lib\site-packages\pip\_internal\utils\packaging.py
C,测试验证,E:\football_v\.venv\Lib\site-packages\pip\_internal\utils\retry.py
C,测试验证,E:\football_v\.venv\Lib\site-packages\pip\_internal\utils\setuptools_build.py
C,测试验证,E:\football_v\.venv\Lib\site-packages\pip\_internal\utils\subprocess.py
C,测试验证,E:\football_v\.venv\Lib\site-packages\pip\_internal\utils\temp_dir.py
C,测试验证,E:\football_v\.venv\Lib\site-packages\pip\_internal\utils\unpacking.py
C,测试验证,E:\football_v\.venv\Lib\site-packages\pip\_internal\utils\urls.py
C,测试验证,E:\football_v\.venv\Lib\site-packages\pip\_internal\utils\virtualenv.py
C,测试验证,E:\football_v\.venv\Lib\site-packages\pip\_internal\utils\wheel.py
C,测试验证,E:\football_v\.venv\Lib\site-packages\pip\_internal\utils\_jaraco_text.py
C,测试验证,E:\football_v\.venv\Lib\site-packages\pip\_internal\utils\_log.py
D,归档,E:\football_v\.venv\Lib\site-packages\pip\_internal\utils\__init__.py
C,测试验证,E:\football_v\.venv\Lib\site-packages\pip\_internal\vcs\bazaar.py
C,测试验证,E:\football_v\.venv\Lib\site-packages\pip\_internal\vcs\git.py
C,测试验证,E:\football_v\.venv\Lib\site-packages\pip\_internal\vcs\mercurial.py
C,测试验证,E:\football_v\.venv\Lib\site-packages\pip\_internal\vcs\subversion.py
C,测试验证,E:\football_v\.venv\Lib\site-packages\pip\_internal\vcs\versioncontrol.py
C,测试验证,E:\football_v\.venv\Lib\site-packages\pip\_internal\vcs\__init__.py
A,核心资产，优先迁移,E:\football_v\.venv\Lib\site-packages\pip\_vendor\typing_extensions.py
B,整理后迁移,E:\football_v\.venv\Lib\site-packages\pip\_vendor\__init__.py
C,测试验证,E:\football_v\.venv\Lib\site-packages\pip\_vendor\cachecontrol\adapter.py
C,测试验证,E:\football_v\.venv\Lib\site-packages\pip\_vendor\cachecontrol\cache.py
C,测试验证,E:\football_v\.venv\Lib\site-packages\pip\_vendor\cachecontrol\controller.py
C,测试验证,E:\football_v\.venv\Lib\site-packages\pip\_vendor\cachecontrol\filewrapper.py
C,测试验证,E:\football_v\.venv\Lib\site-packages\pip\_vendor\cachecontrol\heuristics.py
C,测试验证,E:\football_v\.venv\Lib\site-packages\pip\_vendor\cachecontrol\serialize.py
C,测试验证,E:\football_v\.venv\Lib\site-packages\pip\_vendor\cachecontrol\wrapper.py
C,测试验证,E:\football_v\.venv\Lib\site-packages\pip\_vendor\cachecontrol\_cmd.py
C,测试验证,E:\football_v\.venv\Lib\site-packages\pip\_vendor\cachecontrol\__init__.py
C,测试验证,E:\football_v\.venv\Lib\site-packages\pip\_vendor\cachecontrol\caches\file_cache.py
C,测试验证,E:\football_v\.venv\Lib\site-packages\pip\_vendor\cachecontrol\caches\redis_cache.py
C,测试验证,E:\football_v\.venv\Lib\site-packages\pip\_vendor\cachecontrol\caches\__init__.py
C,测试验证,E:\football_v\.venv\Lib\site-packages\pip\_vendor\certifi\core.py
D,归档,E:\football_v\.venv\Lib\site-packages\pip\_vendor\certifi\__init__.py
C,测试验证,E:\football_v\.venv\Lib\site-packages\pip\_vendor\certifi\__main__.py
C,测试验证,E:\football_v\.venv\Lib\site-packages\pip\_vendor\distlib\compat.py
A,核心资产，优先迁移,E:\football_v\.venv\Lib\site-packages\pip\_vendor\distlib\database.py
C,测试验证,E:\football_v\.venv\Lib\site-packages\pip\_vendor\distlib\index.py
B,整理后迁移,E:\football_v\.venv\Lib\site-packages\pip\_vendor\distlib\locators.py
C,测试验证,E:\football_v\.venv\Lib\site-packages\pip\_vendor\distlib\manifest.py
C,测试验证,E:\football_v\.venv\Lib\site-packages\pip\_vendor\distlib\markers.py
B,整理后迁移,E:\football_v\.venv\Lib\site-packages\pip\_vendor\distlib\metadata.py
C,测试验证,E:\football_v\.venv\Lib\site-packages\pip\_vendor\distlib\resources.py
C,测试验证,E:\football_v\.venv\Lib\site-packages\pip\_vendor\distlib\scripts.py
C,测试验证,E:\football_v\.venv\Lib\site-packages\pip\_vendor\distlib\util.py
B,整理后迁移,E:\football_v\.venv\Lib\site-packages\pip\_vendor\distlib\version.py
C,测试验证,E:\football_v\.venv\Lib\site-packages\pip\_vendor\distlib\wheel.py
C,测试验证,E:\football_v\.venv\Lib\site-packages\pip\_vendor\distlib\__init__.py
C,测试验证,E:\football_v\.venv\Lib\site-packages\pip\_vendor\distro\distro.py
C,测试验证,E:\football_v\.venv\Lib\site-packages\pip\_vendor\distro\__init__.py
D,归档,E:\football_v\.venv\Lib\site-packages\pip\_vendor\distro\__main__.py
C,测试验证,E:\football_v\.venv\Lib\site-packages\pip\_vendor\idna\codec.py
C,测试验证,E:\football_v\.venv\Lib\site-packages\pip\_vendor\idna\compat.py
C,测试验证,E:\football_v\.venv\Lib\site-packages\pip\_vendor\idna\core.py
C,测试验证,E:\football_v\.venv\Lib\site-packages\pip\_vendor\idna\idnadata.py
C,测试验证,E:\football_v\.venv\Lib\site-packages\pip\_vendor\idna\intranges.py
D,归档,E:\football_v\.venv\Lib\site-packages\pip\_vendor\idna\package_data.py
C,测试验证,E:\football_v\.venv\Lib\site-packages\pip\_vendor\idna\uts46data.py
C,测试验证,E:\football_v\.venv\Lib\site-packages\pip\_vendor\idna\__init__.py
C,测试验证,E:\football_v\.venv\Lib\site-packages\pip\_vendor\msgpack\exceptions.py
C,测试验证,E:\football_v\.venv\Lib\site-packages\pip\_vendor\msgpack\ext.py
C,测试验证,E:\football_v\.venv\Lib\site-packages\pip\_vendor\msgpack\fallback.py
C,测试验证,E:\football_v\.venv\Lib\site-packages\pip\_vendor\msgpack\__init__.py
C,测试验证,E:\football_v\.venv\Lib\site-packages\pip\_vendor\packaging\markers.py
C,测试验证,E:\football_v\.venv\Lib\site-packages\pip\_vendor\packaging\metadata.py
C,测试验证,E:\football_v\.venv\Lib\site-packages\pip\_vendor\packaging\requirements.py
C,测试验证,E:\football_v\.venv\Lib\site-packages\pip\_vendor\packaging\specifiers.py
C,测试验证,E:\football_v\.venv\Lib\site-packages\pip\_vendor\packaging\tags.py
C,测试验证,E:\football_v\.venv\Lib\site-packages\pip\_vendor\packaging\utils.py
C,测试验证,E:\football_v\.venv\Lib\site-packages\pip\_vendor\packaging\version.py
C,测试验证,E:\football_v\.venv\Lib\site-packages\pip\_vendor\packaging\_elffile.py
C,测试验证,E:\football_v\.venv\Lib\site-packages\pip\_vendor\packaging\_manylinux.py
C,测试验证,E:\football_v\.venv\Lib\site-packages\pip\_vendor\packaging\_musllinux.py
C,测试验证,E:\football_v\.venv\Lib\site-packages\pip\_vendor\packaging\_parser.py
C,测试验证,E:\football_v\.venv\Lib\site-packages\pip\_vendor\packaging\_structures.py
C,测试验证,E:\football_v\.venv\Lib\site-packages\pip\_vendor\packaging\_tokenizer.py
C,测试验证,E:\football_v\.venv\Lib\site-packages\pip\_vendor\packaging\__init__.py
C,测试验证,E:\football_v\.venv\Lib\site-packages\pip\_vendor\packaging\licenses\_spdx.py
C,测试验证,E:\football_v\.venv\Lib\site-packages\pip\_vendor\packaging\licenses\__init__.py
B,整理后迁移,E:\football_v\.venv\Lib\site-packages\pip\_vendor\pkg_resources\__init__.py
C,测试验证,E:\football_v\.venv\Lib\site-packages\pip\_vendor\platformdirs\android.py
C,测试验证,E:\football_v\.venv\Lib\site-packages\pip\_vendor\platformdirs\api.py
B,整理后迁移,E:\football_v\.venv\Lib\site-packages\pip\_vendor\platformdirs\macos.py
C,测试验证,E:\football_v\.venv\Lib\site-packages\pip\_vendor\platformdirs\unix.py
C,测试验证,E:\football_v\.venv\Lib\site-packages\pip\_vendor\platformdirs\version.py
C,测试验证,E:\football_v\.venv\Lib\site-packages\pip\_vendor\platformdirs\windows.py
C,测试验证,E:\football_v\.venv\Lib\site-packages\pip\_vendor\platformdirs\__init__.py
C,测试验证,E:\football_v\.venv\Lib\site-packages\pip\_vendor\platformdirs\__main__.py
C,测试验证,E:\football_v\.venv\Lib\site-packages\pip\_vendor\pygments\cmdline.py
C,测试验证,E:\football_v\.venv\Lib\site-packages\pip\_vendor\pygments\console.py
C,测试验证,E:\football_v\.venv\Lib\site-packages\pip\_vendor\pygments\filter.py
C,测试验证,E:\football_v\.venv\Lib\site-packages\pip\_vendor\pygments\formatter.py
C,测试验证,E:\football_v\.venv\Lib\site-packages\pip\_vendor\pygments\lexer.py
C,测试验证,E:\football_v\.venv\Lib\site-packages\pip\_vendor\pygments\modeline.py
C,测试验证,E:\football_v\.venv\Lib\site-packages\pip\_vendor\pygments\plugin.py
C,测试验证,E:\football_v\.venv\Lib\site-packages\pip\_vendor\pygments\regexopt.py
C,测试验证,E:\football_v\.venv\Lib\site-packages\pip\_vendor\pygments\scanner.py
C,测试验证,E:\football_v\.venv\Lib\site-packages\pip\_vendor\pygments\sphinxext.py
C,测试验证,E:\football_v\.venv\Lib\site-packages\pip\_vendor\pygments\style.py
C,测试验证,E:\football_v\.venv\Lib\site-packages\pip\_vendor\pygments\token.py
C,测试验证,E:\football_v\.venv\Lib\site-packages\pip\_vendor\pygments\unistring.py
C,测试验证,E:\football_v\.venv\Lib\site-packages\pip\_vendor\pygments\util.py
C,测试验证,E:\football_v\.venv\Lib\site-packages\pip\_vendor\pygments\__init__.py
C,测试验证,E:\football_v\.venv\Lib\site-packages\pip\_vendor\pygments\__main__.py
B,整理后迁移,E:\football_v\.venv\Lib\site-packages\pip\_vendor\pygments\filters\__init__.py
C,测试验证,E:\football_v\.venv\Lib\site-packages\pip\_vendor\pygments\formatters\bbcode.py
C,测试验证,E:\football_v\.venv\Lib\site-packages\pip\_vendor\pygments\formatters\groff.py
B,整理后迁移,E:\football_v\.venv\Lib\site-packages\pip\_vendor\pygments\formatters\html.py
C,测试验证,E:\football_v\.venv\Lib\site-packages\pip\_vendor\pygments\formatters\img.py
C,测试验证,E:\football_v\.venv\Lib\site-packages\pip\_vendor\pygments\formatters\irc.py
C,测试验证,E:\football_v\.venv\Lib\site-packages\pip\_vendor\pygments\formatters\latex.py
C,测试验证,E:\football_v\.venv\Lib\site-packages\pip\_vendor\pygments\formatters\other.py
C,测试验证,E:\football_v\.venv\Lib\site-packages\pip\_vendor\pygments\formatters\pangomarkup.py
C,测试验证,E:\football_v\.venv\Lib\site-packages\pip\_vendor\pygments\formatters\rtf.py
C,测试验证,E:\football_v\.venv\Lib\site-packages\pip\_vendor\pygments\formatters\svg.py
C,测试验证,E:\football_v\.venv\Lib\site-packages\pip\_vendor\pygments\formatters\terminal.py
C,测试验证,E:\football_v\.venv\Lib\site-packages\pip\_vendor\pygments\formatters\terminal256.py
C,测试验证,E:\football_v\.venv\Lib\site-packages\pip\_vendor\pygments\formatters\_mapping.py
C,测试验证,E:\football_v\.venv\Lib\site-packages\pip\_vendor\pygments\formatters\__init__.py
B,整理后迁移,E:\football_v\.venv\Lib\site-packages\pip\_vendor\pygments\lexers\python.py
A,核心资产，优先迁移,E:\football_v\.venv\Lib\site-packages\pip\_vendor\pygments\lexers\_mapping.py
B,整理后迁移,E:\football_v\.venv\Lib\site-packages\pip\_vendor\pygments\lexers\__init__.py
C,测试验证,E:\football_v\.venv\Lib\site-packages\pip\_vendor\pygments\styles\_mapping.py
C,测试验证,E:\football_v\.venv\Lib\site-packages\pip\_vendor\pygments\styles\__init__.py
C,测试验证,E:\football_v\.venv\Lib\site-packages\pip\_vendor\pyproject_hooks\_impl.py
C,测试验证,E:\football_v\.venv\Lib\site-packages\pip\_vendor\pyproject_hooks\__init__.py
C,测试验证,E:\football_v\.venv\Lib\site-packages\pip\_vendor\pyproject_hooks\_in_process\_in_process.py
C,测试验证,E:\football_v\.venv\Lib\site-packages\pip\_vendor\pyproject_hooks\_in_process\__init__.py
C,测试验证,E:\football_v\.venv\Lib\site-packages\pip\_vendor\requests\adapters.py
C,测试验证,E:\football_v\.venv\Lib\site-packages\pip\_vendor\requests\api.py
C,测试验证,E:\football_v\.venv\Lib\site-packages\pip\_vendor\requests\auth.py
C,测试验证,E:\football_v\.venv\Lib\site-packages\pip\_vendor\requests\certs.py
C,测试验证,E:\football_v\.venv\Lib\site-packages\pip\_vendor\requests\compat.py
C,测试验证,E:\football_v\.venv\Lib\site-packages\pip\_vendor\requests\cookies.py
C,测试验证,E:\football_v\.venv\Lib\site-packages\pip\_vendor\requests\exceptions.py
C,测试验证,E:\football_v\.venv\Lib\site-packages\pip\_vendor\requests\help.py
C,测试验证,E:\football_v\.venv\Lib\site-packages\pip\_vendor\requests\hooks.py
A,核心资产，优先迁移,E:\football_v\.venv\Lib\site-packages\pip\_vendor\requests\models.py
C,测试验证,E:\football_v\.venv\Lib\site-packages\pip\_vendor\requests\packages.py
B,整理后迁移,E:\football_v\.venv\Lib\site-packages\pip\_vendor\requests\sessions.py
C,测试验证,E:\football_v\.venv\Lib\site-packages\pip\_vendor\requests\status_codes.py
C,测试验证,E:\football_v\.venv\Lib\site-packages\pip\_vendor\requests\structures.py
C,测试验证,E:\football_v\.venv\Lib\site-packages\pip\_vendor\requests\utils.py
C,测试验证,E:\football_v\.venv\Lib\site-packages\pip\_vendor\requests\_internal_utils.py
C,测试验证,E:\football_v\.venv\Lib\site-packages\pip\_vendor\requests\__init__.py
C,测试验证,E:\football_v\.venv\Lib\site-packages\pip\_vendor\requests\__version__.py
C,测试验证,E:\football_v\.venv\Lib\site-packages\pip\_vendor\resolvelib\providers.py
C,测试验证,E:\football_v\.venv\Lib\site-packages\pip\_vendor\resolvelib\reporters.py
B,整理后迁移,E:\football_v\.venv\Lib\site-packages\pip\_vendor\resolvelib\resolvers.py
C,测试验证,E:\football_v\.venv\Lib\site-packages\pip\_vendor\resolvelib\structs.py
C,测试验证,E:\football_v\.venv\Lib\site-packages\pip\_vendor\resolvelib\__init__.py
C,测试验证,E:\football_v\.venv\Lib\site-packages\pip\_vendor\resolvelib\compat\collections_abc.py
D,归档,E:\football_v\.venv\Lib\site-packages\pip\_vendor\resolvelib\compat\__init__.py
C,测试验证,E:\football_v\.venv\Lib\site-packages\pip\_vendor\rich\abc.py
C,测试验证,E:\football_v\.venv\Lib\site-packages\pip\_vendor\rich\align.py
C,测试验证,E:\football_v\.venv\Lib\site-packages\pip\_vendor\rich\ansi.py
C,测试验证,E:\football_v\.venv\Lib\site-packages\pip\_vendor\rich\bar.py
C,测试验证,E:\football_v\.venv\Lib\site-packages\pip\_vendor\rich\box.py
C,测试验证,E:\football_v\.venv\Lib\site-packages\pip\_vendor\rich\cells.py
C,测试验证,E:\football_v\.venv\Lib\site-packages\pip\_vendor\rich\color.py
C,测试验证,E:\football_v\.venv\Lib\site-packages\pip\_vendor\rich\color_triplet.py
C,测试验证,E:\football_v\.venv\Lib\site-packages\pip\_vendor\rich\columns.py
A,核心资产，优先迁移,E:\football_v\.venv\Lib\site-packages\pip\_vendor\rich\console.py
C,测试验证,E:\football_v\.venv\Lib\site-packages\pip\_vendor\rich\constrain.py
C,测试验证,E:\football_v\.venv\Lib\site-packages\pip\_vendor\rich\containers.py
C,测试验证,E:\football_v\.venv\Lib\site-packages\pip\_vendor\rich\control.py
C,测试验证,E:\football_v\.venv\Lib\site-packages\pip\_vendor\rich\default_styles.py
C,测试验证,E:\football_v\.venv\Lib\site-packages\pip\_vendor\rich\diagnose.py
C,测试验证,E:\football_v\.venv\Lib\site-packages\pip\_vendor\rich\emoji.py
C,测试验证,E:\football_v\.venv\Lib\site-packages\pip\_vendor\rich\errors.py
C,测试验证,E:\football_v\.venv\Lib\site-packages\pip\_vendor\rich\filesize.py
C,测试验证,E:\football_v\.venv\Lib\site-packages\pip\_vendor\rich\file_proxy.py
C,测试验证,E:\football_v\.venv\Lib\site-packages\pip\_vendor\rich\highlighter.py
C,测试验证,E:\football_v\.venv\Lib\site-packages\pip\_vendor\rich\json.py
C,测试验证,E:\football_v\.venv\Lib\site-packages\pip\_vendor\rich\jupyter.py
C,测试验证,E:\football_v\.venv\Lib\site-packages\pip\_vendor\rich\layout.py
C,测试验证,E:\football_v\.venv\Lib\site-packages\pip\_vendor\rich\live.py
C,测试验证,E:\football_v\.venv\Lib\site-packages\pip\_vendor\rich\live_render.py
C,测试验证,E:\football_v\.venv\Lib\site-packages\pip\_vendor\rich\logging.py
C,测试验证,E:\football_v\.venv\Lib\site-packages\pip\_vendor\rich\markup.py
C,测试验证,E:\football_v\.venv\Lib\site-packages\pip\_vendor\rich\measure.py
C,测试验证,E:\football_v\.venv\Lib\site-packages\pip\_vendor\rich\padding.py
C,测试验证,E:\football_v\.venv\Lib\site-packages\pip\_vendor\rich\pager.py
C,测试验证,E:\football_v\.venv\Lib\site-packages\pip\_vendor\rich\palette.py
C,测试验证,E:\football_v\.venv\Lib\site-packages\pip\_vendor\rich\panel.py
C,测试验证,E:\football_v\.venv\Lib\site-packages\pip\_vendor\rich\pretty.py
B,整理后迁移,E:\football_v\.venv\Lib\site-packages\pip\_vendor\rich\progress.py
C,测试验证,E:\football_v\.venv\Lib\site-packages\pip\_vendor\rich\progress_bar.py
C,测试验证,E:\football_v\.venv\Lib\site-packages\pip\_vendor\rich\prompt.py
C,测试验证,E:\football_v\.venv\Lib\site-packages\pip\_vendor\rich\protocol.py
C,测试验证,E:\football_v\.venv\Lib\site-packages\pip\_vendor\rich\region.py
C,测试验证,E:\football_v\.venv\Lib\site-packages\pip\_vendor\rich\repr.py
C,测试验证,E:\football_v\.venv\Lib\site-packages\pip\_vendor\rich\rule.py
C,测试验证,E:\football_v\.venv\Lib\site-packages\pip\_vendor\rich\scope.py
C,测试验证,E:\football_v\.venv\Lib\site-packages\pip\_vendor\rich\screen.py
B,整理后迁移,E:\football_v\.venv\Lib\site-packages\pip\_vendor\rich\segment.py
C,测试验证,E:\football_v\.venv\Lib\site-packages\pip\_vendor\rich\spinner.py
C,测试验证,E:\football_v\.venv\Lib\site-packages\pip\_vendor\rich\status.py
C,测试验证,E:\football_v\.venv\Lib\site-packages\pip\_vendor\rich\style.py
C,测试验证,E:\football_v\.venv\Lib\site-packages\pip\_vendor\rich\styled.py
C,测试验证,E:\football_v\.venv\Lib\site-packages\pip\_vendor\rich\syntax.py
C,测试验证,E:\football_v\.venv\Lib\site-packages\pip\_vendor\rich\table.py
C,测试验证,E:\football_v\.venv\Lib\site-packages\pip\_vendor\rich\terminal_theme.py
C,测试验证,E:\football_v\.venv\Lib\site-packages\pip\_vendor\rich\text.py
C,测试验证,E:\football_v\.venv\Lib\site-packages\pip\_vendor\rich\theme.py
C,测试验证,E:\football_v\.venv\Lib\site-packages\pip\_vendor\rich\themes.py
B,整理后迁移,E:\football_v\.venv\Lib\site-packages\pip\_vendor\rich\traceback.py
C,测试验证,E:\football_v\.venv\Lib\site-packages\pip\_vendor\rich\tree.py
C,测试验证,E:\football_v\.venv\Lib\site-packages\pip\_vendor\rich\_cell_widths.py
B,整理后迁移,E:\football_v\.venv\Lib\site-packages\pip\_vendor\rich\_emoji_codes.py
C,测试验证,E:\football_v\.venv\Lib\site-packages\pip\_vendor\rich\_emoji_replace.py
C,测试验证,E:\football_v\.venv\Lib\site-packages\pip\_vendor\rich\_export_format.py
C,测试验证,E:\football_v\.venv\Lib\site-packages\pip\_vendor\rich\_extension.py
C,测试验证,E:\football_v\.venv\Lib\site-packages\pip\_vendor\rich\_fileno.py
C,测试验证,E:\football_v\.venv\Lib\site-packages\pip\_vendor\rich\_inspect.py
C,测试验证,E:\football_v\.venv\Lib\site-packages\pip\_vendor\rich\_log_render.py
C,测试验证,E:\football_v\.venv\Lib\site-packages\pip\_vendor\rich\_loop.py
C,测试验证,E:\football_v\.venv\Lib\site-packages\pip\_vendor\rich\_null_file.py
C,测试验证,E:\football_v\.venv\Lib\site-packages\pip\_vendor\rich\_palettes.py
C,测试验证,E:\football_v\.venv\Lib\site-packages\pip\_vendor\rich\_pick.py
C,测试验证,E:\football_v\.venv\Lib\site-packages\pip\_vendor\rich\_ratio.py
C,测试验证,E:\football_v\.venv\Lib\site-packages\pip\_vendor\rich\_spinners.py
C,测试验证,E:\football_v\.venv\Lib\site-packages\pip\_vendor\rich\_stack.py
C,测试验证,E:\football_v\.venv\Lib\site-packages\pip\_vendor\rich\_timer.py
C,测试验证,E:\football_v\.venv\Lib\site-packages\pip\_vendor\rich\_win32_console.py
C,测试验证,E:\football_v\.venv\Lib\site-packages\pip\_vendor\rich\_windows.py
C,测试验证,E:\football_v\.venv\Lib\site-packages\pip\_vendor\rich\_windows_renderer.py
C,测试验证,E:\football_v\.venv\Lib\site-packages\pip\_vendor\rich\_wrap.py
B,整理后迁移,E:\football_v\.venv\Lib\site-packages\pip\_vendor\rich\__init__.py
C,测试验证,E:\football_v\.venv\Lib\site-packages\pip\_vendor\rich\__main__.py
C,测试验证,E:\football_v\.venv\Lib\site-packages\pip\_vendor\tomli\_parser.py
C,测试验证,E:\football_v\.venv\Lib\site-packages\pip\_vendor\tomli\_re.py
C,测试验证,E:\football_v\.venv\Lib\site-packages\pip\_vendor\tomli\_types.py
C,测试验证,E:\football_v\.venv\Lib\site-packages\pip\_vendor\tomli\__init__.py
C,测试验证,E:\football_v\.venv\Lib\site-packages\pip\_vendor\truststore\_api.py
C,测试验证,E:\football_v\.venv\Lib\site-packages\pip\_vendor\truststore\_macos.py
C,测试验证,E:\football_v\.venv\Lib\site-packages\pip\_vendor\truststore\_openssl.py
C,测试验证,E:\football_v\.venv\Lib\site-packages\pip\_vendor\truststore\_ssl_constants.py
B,整理后迁移,E:\football_v\.venv\Lib\site-packages\pip\_vendor\truststore\_windows.py
C,测试验证,E:\football_v\.venv\Lib\site-packages\pip\_vendor\truststore\__init__.py
B,整理后迁移,E:\football_v\.venv\Lib\site-packages\pip\_vendor\urllib3\connection.py
C,测试验证,E:\football_v\.venv\Lib\site-packages\pip\_vendor\urllib3\connectionpool.py
C,测试验证,E:\football_v\.venv\Lib\site-packages\pip\_vendor\urllib3\exceptions.py
C,测试验证,E:\football_v\.venv\Lib\site-packages\pip\_vendor\urllib3\fields.py
C,测试验证,E:\football_v\.venv\Lib\site-packages\pip\_vendor\urllib3\filepost.py
C,测试验证,E:\football_v\.venv\Lib\site-packages\pip\_vendor\urllib3\poolmanager.py
C,测试验证,E:\football_v\.venv\Lib\site-packages\pip\_vendor\urllib3\request.py
B,整理后迁移,E:\football_v\.venv\Lib\site-packages\pip\_vendor\urllib3\response.py
C,测试验证,E:\football_v\.venv\Lib\site-packages\pip\_vendor\urllib3\_collections.py
D,归档,E:\football_v\.venv\Lib\site-packages\pip\_vendor\urllib3\_version.py
C,测试验证,E:\football_v\.venv\Lib\site-packages\pip\_vendor\urllib3\__init__.py
C,测试验证,E:\football_v\.venv\Lib\site-packages\pip\_vendor\urllib3\contrib\appengine.py
C,测试验证,E:\football_v\.venv\Lib\site-packages\pip\_vendor\urllib3\contrib\ntlmpool.py
B,整理后迁移,E:\football_v\.venv\Lib\site-packages\pip\_vendor\urllib3\contrib\pyopenssl.py
B,整理后迁移,E:\football_v\.venv\Lib\site-packages\pip\_vendor\urllib3\contrib\securetransport.py
C,测试验证,E:\football_v\.venv\Lib\site-packages\pip\_vendor\urllib3\contrib\socks.py
B,整理后迁移,E:\football_v\.venv\Lib\site-packages\pip\_vendor\urllib3\contrib\_appengine_environ.py
D,归档,E:\football_v\.venv\Lib\site-packages\pip\_vendor\urllib3\contrib\__init__.py
C,测试验证,E:\football_v\.venv\Lib\site-packages\pip\_vendor\urllib3\contrib\_securetransport\bindings.py
C,测试验证,E:\football_v\.venv\Lib\site-packages\pip\_vendor\urllib3\contrib\_securetransport\low_level.py
D,归档,E:\football_v\.venv\Lib\site-packages\pip\_vendor\urllib3\contrib\_securetransport\__init__.py
C,测试验证,E:\football_v\.venv\Lib\site-packages\pip\_vendor\urllib3\packages\six.py
D,归档,E:\football_v\.venv\Lib\site-packages\pip\_vendor\urllib3\packages\__init__.py
C,测试验证,E:\football_v\.venv\Lib\site-packages\pip\_vendor\urllib3\packages\backports\makefile.py
C,测试验证,E:\football_v\.venv\Lib\site-packages\pip\_vendor\urllib3\packages\backports\weakref_finalize.py
D,归档,E:\football_v\.venv\Lib\site-packages\pip\_vendor\urllib3\packages\backports\__init__.py
C,测试验证,E:\football_v\.venv\Lib\site-packages\pip\_vendor\urllib3\util\connection.py
C,测试验证,E:\football_v\.venv\Lib\site-packages\pip\_vendor\urllib3\util\proxy.py
C,测试验证,E:\football_v\.venv\Lib\site-packages\pip\_vendor\urllib3\util\queue.py
C,测试验证,E:\football_v\.venv\Lib\site-packages\pip\_vendor\urllib3\util\request.py
C,测试验证,E:\football_v\.venv\Lib\site-packages\pip\_vendor\urllib3\util\response.py
B,整理后迁移,E:\football_v\.venv\Lib\site-packages\pip\_vendor\urllib3\util\retry.py
C,测试验证,E:\football_v\.venv\Lib\site-packages\pip\_vendor\urllib3\util\ssltransport.py
B,整理后迁移,E:\football_v\.venv\Lib\site-packages\pip\_vendor\urllib3\util\ssl_.py
C,测试验证,E:\football_v\.venv\Lib\site-packages\pip\_vendor\urllib3\util\ssl_match_hostname.py
C,测试验证,E:\football_v\.venv\Lib\site-packages\pip\_vendor\urllib3\util\timeout.py
C,测试验证,E:\football_v\.venv\Lib\site-packages\pip\_vendor\urllib3\util\url.py
B,整理后迁移,E:\football_v\.venv\Lib\site-packages\pip\_vendor\urllib3\util\wait.py
C,测试验证,E:\football_v\.venv\Lib\site-packages\pip\_vendor\urllib3\util\__init__.py
D,归档,E:\football_v\.vscode\settings.json
A,核心资产，优先迁移,E:\football_v\00_System_OS\deploy_architecture_cleanup_engine_V1.0.py
B,整理后迁移,E:\football_v\00_System_OS\deploy_release_validation_engine_V1.0.py
B,整理后迁移,E:\football_v\00_System_OS\deploy_system_quality_batch_01_V1.0.py
B,整理后迁移,E:\football_v\00_System_OS\01_DATA_LAYER\main.py
C,测试验证,E:\football_v\00_System_OS\01_DATA_LAYER\config\database_config.py
C,测试验证,E:\football_v\00_System_OS\01_DATA_LAYER\core\database\db_connection.py
C,测试验证,E:\football_v\00_System_OS\01_DATA_LAYER\core\exception\base_exception.py
C,测试验证,E:\football_v\00_System_OS\01_DATA_LAYER\core\exception\database_exception.py
C,测试验证,E:\football_v\00_System_OS\01_DATA_LAYER\core\exception\error_codes.py
C,测试验证,E:\football_v\00_System_OS\01_DATA_LAYER\core\exception\exception_handler.py
C,测试验证,E:\football_v\00_System_OS\01_DATA_LAYER\core\exception\file_exception.py
C,测试验证,E:\football_v\00_System_OS\01_DATA_LAYER\core\exception\validation_exception.py
C,测试验证,E:\football_v\00_System_OS\01_DATA_LAYER\core\exception\__init__.py
C,测试验证,E:\football_v\00_System_OS\01_DATA_LAYER\core\file_service\file_service.py
C,测试验证,E:\football_v\00_System_OS\01_DATA_LAYER\core\hash_service\hash_service.py
C,测试验证,E:\football_v\00_System_OS\01_DATA_LAYER\core\logger\compatibility.py
C,测试验证,E:\football_v\00_System_OS\01_DATA_LAYER\core\logger\formatter.py
C,测试验证,E:\football_v\00_System_OS\01_DATA_LAYER\core\logger\handlers.py
C,测试验证,E:\football_v\00_System_OS\01_DATA_LAYER\core\logger\logger.py
D,归档,E:\football_v\00_System_OS\01_DATA_LAYER\core\logger\log_config.json
C,测试验证,E:\football_v\00_System_OS\01_DATA_LAYER\core\logger\__init__.py
C,测试验证,E:\football_v\00_System_OS\01_DATA_LAYER\core\validator\data_validator.py
C,测试验证,E:\football_v\00_System_OS\01_DATA_LAYER\core\validator\schema_validator.py
C,测试验证,E:\football_v\00_System_OS\01_DATA_LAYER\core\validator\validation_result.py
C,测试验证,E:\football_v\00_System_OS\01_DATA_LAYER\core\validator\__init__.py
C,测试验证,E:\football_v\00_System_OS\01_DATA_LAYER\core\version_service\version_service.py
C,测试验证,E:\football_v\00_System_OS\01_DATA_LAYER\database\archive_football_ai_os.db
C,测试验证,E:\football_v\00_System_OS\01_DATA_LAYER\database\football_ai_os.db
C,测试验证,E:\football_v\00_System_OS\01_DATA_LAYER\database\match_data.db
C,测试验证,E:\football_v\00_System_OS\01_DATA_LAYER\import_pipeline\archive_manager.py
C,测试验证,E:\football_v\00_System_OS\01_DATA_LAYER\import_pipeline\duplicate_checker.py
C,测试验证,E:\football_v\00_System_OS\01_DATA_LAYER\import_pipeline\importer.py
C,测试验证,E:\football_v\00_System_OS\01_DATA_LAYER\import_pipeline\scanner.py
C,测试验证,E:\football_v\00_System_OS\01_DATA_LAYER\import_pipeline\validator.py
B,整理后迁移,E:\football_v\00_System_OS\01_DATA_LAYER\market\bookmaker_manager.py
C,测试验证,E:\football_v\00_System_OS\01_DATA_LAYER\market\market_type_manager.py
B,整理后迁移,E:\football_v\00_System_OS\01_DATA_LAYER\market\odds_manager.py
C,测试验证,E:\football_v\00_System_OS\01_DATA_LAYER\quality\quality_checker.py
C,测试验证,E:\football_v\00_System_OS\01_DATA_LAYER\quality\quality_engine.py
C,测试验证,E:\football_v\00_System_OS\01_DATA_LAYER\quality\quality_report.py
C,测试验证,E:\football_v\00_System_OS\01_DATA_LAYER\registry\data_lineage.py
C,测试验证,E:\football_v\00_System_OS\01_DATA_LAYER\registry\import_tracker.py
C,测试验证,E:\football_v\00_System_OS\01_DATA_LAYER\registry\quality_score.py
C,测试验证,E:\football_v\00_System_OS\01_DATA_LAYER\registry\registry_manager.py
C,测试验证,E:\football_v\00_System_OS\01_DATA_LAYER\reports\database_inspection_report.json
C,测试验证,E:\football_v\00_System_OS\01_DATA_LAYER\reports\database_migration_report.json
B,整理后迁移,E:\football_v\00_System_OS\01_DATA_LAYER\scripts\create_data_layer.py
C,测试验证,E:\football_v\00_System_OS\01_DATA_LAYER\scripts\database_alert_final_upgrade.py
C,测试验证,E:\football_v\00_System_OS\01_DATA_LAYER\scripts\database_init.py
B,整理后迁移,E:\football_v\00_System_OS\01_DATA_LAYER\scripts\database_market_init.py
C,测试验证,E:\football_v\00_System_OS\01_DATA_LAYER\scripts\database_quality_alert_upgrade.py
C,测试验证,E:\football_v\00_System_OS\01_DATA_LAYER\scripts\database_quality_init.py
B,整理后迁移,E:\football_v\00_System_OS\01_DATA_LAYER\scripts\database_task_reliability_init.py
C,测试验证,E:\football_v\00_System_OS\01_DATA_LAYER\scripts\database_task_table_upgrade.py
C,测试验证,E:\football_v\00_System_OS\01_DATA_LAYER\scripts\quality_rule_init.py
C,测试验证,E:\football_v\00_System_OS\01_DATA_LAYER\scripts\registry_init.py
B,整理后迁移,E:\football_v\00_System_OS\01_DATA_LAYER\scripts\registry_manager.py
C,测试验证,E:\football_v\00_System_OS\01_DATA_LAYER\scripts\retry_policy_init.py
C,测试验证,E:\football_v\00_System_OS\01_DATA_LAYER\scripts\task_queue_init.py
D,归档,E:\football_v\00_System_OS\01_DATA_LAYER\scripts\test.csv
B,整理后迁移,E:\football_v\00_System_OS\01_DATA_LAYER\scripts\test_quality_engine.py
C,测试验证,E:\football_v\00_System_OS\01_DATA_LAYER\scripts\test_registry_flow.py
C,测试验证,E:\football_v\00_System_OS\01_DATA_LAYER\scripts\test_retry_logger.py
C,测试验证,E:\football_v\00_System_OS\01_DATA_LAYER\scripts\test_scheduler.py
B,整理后迁移,E:\football_v\00_System_OS\01_DATA_LAYER\scripts\test_scheduler_reliability.py
C,测试验证,E:\football_v\00_System_OS\01_DATA_LAYER\scripts\test_task_history.py
B,整理后迁移,E:\football_v\00_System_OS\01_DATA_LAYER\scripts\test_task_manager_reliability.py
C,测试验证,E:\football_v\00_System_OS\01_DATA_LAYER\scripts\test_task_queue.py
B,整理后迁移,E:\football_v\00_System_OS\01_DATA_LAYER\scripts\test_task_reliability_full.py
C,测试验证,E:\football_v\00_System_OS\01_DATA_LAYER\task_queue\manual_task.py
B,整理后迁移,E:\football_v\00_System_OS\01_DATA_LAYER\task_queue\retry_engine.py
C,测试验证,E:\football_v\00_System_OS\01_DATA_LAYER\task_queue\retry_logger.py
B,整理后迁移,E:\football_v\00_System_OS\01_DATA_LAYER\task_queue\scheduler.py
C,测试验证,E:\football_v\00_System_OS\01_DATA_LAYER\task_queue\task_history.py
C,测试验证,E:\football_v\00_System_OS\01_DATA_LAYER\task_queue\task_manager.py
C,测试验证,E:\football_v\00_System_OS\01_DATA_LAYER\task_queue\task_query.py
C,测试验证,E:\football_v\00_System_OS\01_DATA_LAYER\task_queue\task_status.py
D,归档,E:\football_v\00_System_OS\01_DATA_LAYER\test_data\test_odds.csv
C,测试验证,E:\football_v\00_System_OS\02_FEATURE_LAYER\database\feature_store.db
C,测试验证,E:\football_v\00_System_OS\03_MODEL_LAYER\database\model_store.db
A,核心资产，优先迁移,E:\football_v\00_System_OS\ARCHITECTURE_CLEANUP\architecture_classifier\architecture_classifier_V1.0.py
C,测试验证,E:\football_v\00_System_OS\ARCHITECTURE_CLEANUP\architecture_scanner\architecture_scanner_V1.0.py
D,归档,E:\football_v\00_System_OS\ARCHITECTURE_CLEANUP\config\architecture_rules.json
A,核心资产，优先迁移,E:\football_v\00_System_OS\ARCHITECTURE_CLEANUP\registry_manager\registry_manager_V1.0.py
A,核心资产，优先迁移,E:\football_v\00_System_OS\ARCHITECTURE_CLEANUP\registry_manager\registry_manager_V1.1.py
C,测试验证,E:\football_v\00_System_OS\ARCHITECTURE_CLEANUP\reports\architecture_cleanup_test_report.json
C,测试验证,E:\football_v\00_System_OS\ARCHITECTURE_CLEANUP\tests\test_architecture_cleanup_V1.0.py
C,测试验证,E:\football_v\00_System_OS\ARCHITECTURE_CLEANUP\tests\test_architecture_cleanup_V1.1.py
C,测试验证,E:\football_v\00_System_OS\Automation\logs\scheduler_log.json
C,测试验证,E:\football_v\00_System_OS\Automation\logs\workflow_run_log.json
C,测试验证,E:\football_v\00_System_OS\Automation\scheduler\scheduler_config.json
C,测试验证,E:\football_v\00_System_OS\Automation\scheduler\scheduler_manager.py
C,测试验证,E:\football_v\00_System_OS\Automation\task_manager\task_history.json
C,测试验证,E:\football_v\00_System_OS\Automation\task_manager\task_manager.py
C,测试验证,E:\football_v\00_System_OS\Automation\task_manager\task_registry.json
C,测试验证,E:\football_v\00_System_OS\Automation\workflow\workflow.json
C,测试验证,E:\football_v\00_System_OS\Automation\workflow\workflow_runner.py
C,测试验证,E:\football_v\00_System_OS\Bootstrap\bootstrap.py
C,测试验证,E:\football_v\00_System_OS\Bootstrap\bootstrap_config.json
C,测试验证,E:\football_v\00_System_OS\Bootstrap\bootstrap_log.json
C,测试验证,E:\football_v\00_System_OS\Bootstrap\config_generator.py
C,测试验证,E:\football_v\00_System_OS\Bootstrap\deployment_report.json
C,测试验证,E:\football_v\00_System_OS\Bootstrap\deploy_system.py
C,测试验证,E:\football_v\00_System_OS\Bootstrap\setup_system.py
C,测试验证,E:\football_v\00_System_OS\Bootstrap\system_check.py
C,测试验证,E:\football_v\00_System_OS\Bootstrap\system_check_log.json
D,归档,E:\football_v\00_System_OS\Bootstrap\config\automation.yaml
C,测试验证,E:\football_v\00_System_OS\Bootstrap\config\config_generation.json
D,归档,E:\football_v\00_System_OS\Bootstrap\config\monitor.yaml
D,归档,E:\football_v\00_System_OS\Bootstrap\config\recovery.yaml
D,归档,E:\football_v\00_System_OS\Bootstrap\config\system.yaml
C,测试验证,E:\football_v\00_System_OS\database\football_ai_os.db
C,测试验证,E:\football_v\00_System_OS\deployment_controller\alpha_integration_sprint_report.json
C,测试验证,E:\football_v\00_System_OS\deployment_controller\alpha_product_deployment_report.json
B,整理后迁移,E:\football_v\00_System_OS\deployment_controller\deploy_alpha_integration_sprint_V1.0.py
A,核心资产，优先迁移,E:\football_v\00_System_OS\deployment_controller\deploy_alpha_product_sprint_V1.0.py
B,整理后迁移,E:\football_v\00_System_OS\DEPLOYMENT_QUALITY_CHECKER\deployment_quality_checker_V1.0.py
C,测试验证,E:\football_v\00_System_OS\DEPLOYMENT_QUALITY_CHECKER\reports\quality_report.json
C,测试验证,E:\football_v\00_System_OS\ENVIRONMENT_CHECKER\environment_checker_V1.0.py
C,测试验证,E:\football_v\00_System_OS\File_Manager\archive\archive_index.json
C,测试验证,E:\football_v\00_System_OS\File_Manager\archive\archive_manager.py
C,测试验证,E:\football_v\00_System_OS\File_Manager\archive\archive_manager_v11.py
C,测试验证,E:\football_v\00_System_OS\File_Manager\archive\archive_report.json
C,测试验证,E:\football_v\00_System_OS\File_Manager\archive\archive_rules.json
C,测试验证,E:\football_v\00_System_OS\File_Manager\archive\storage\20260718_170551\duplicate_report.csv
C,测试验证,E:\football_v\00_System_OS\File_Manager\archive\storage\20260718_170551\file_inventory.csv
C,测试验证,E:\football_v\00_System_OS\File_Manager\archive\storage\20260718_170551\lifecycle_report.csv
D,归档,E:\football_v\00_System_OS\File_Manager\config\file_manager.yaml
C,测试验证,E:\football_v\00_System_OS\File_Manager\duplicate\duplicate_detector_v11.py
C,测试验证,E:\football_v\00_System_OS\File_Manager\duplicate\duplicate_report_v11.json
C,测试验证,E:\football_v\00_System_OS\File_Manager\hash\duplicate_detector.py
B,整理后迁移,E:\football_v\00_System_OS\File_Manager\lifecycle\lifecycle_engine.py
C,测试验证,E:\football_v\00_System_OS\File_Manager\lifecycle\lifecycle_history.json
C,测试验证,E:\football_v\00_System_OS\File_Manager\lifecycle\lifecycle_manager.py
C,测试验证,E:\football_v\00_System_OS\File_Manager\lifecycle\lifecycle_rules.json
C,测试验证,E:\football_v\00_System_OS\File_Manager\registry\asset_schema.json
C,测试验证,E:\football_v\00_System_OS\File_Manager\registry\file_registry.json
C,测试验证,E:\football_v\00_System_OS\File_Manager\registry\file_registry_v11.json
C,测试验证,E:\football_v\00_System_OS\File_Manager\registry\file_registry_v11.py
C,测试验证,E:\football_v\00_System_OS\File_Manager\reports\duplicate_report.csv
C,测试验证,E:\football_v\00_System_OS\File_Manager\reports\file_inventory.csv
C,测试验证,E:\football_v\00_System_OS\File_Manager\reports\lifecycle_report.csv
D,归档,E:\football_v\00_System_OS\File_Manager\runtime\file_manager_state.json
C,测试验证,E:\football_v\00_System_OS\File_Manager\scanner\file_scanner.py
C,测试验证,E:\football_v\00_System_OS\File_Manager\source\source_schema.json
C,测试验证,E:\football_v\00_System_OS\File_Manager\version\version_manager.py
C,测试验证,E:\football_v\00_System_OS\File_Manager\version\version_registry.json
C,测试验证,E:\football_v\00_System_OS\File_Manager\version\version_schema.json
C,测试验证,E:\football_v\00_System_OS\FINAL_RELEASE_GATE\final_release_gate_V1.0.py
A,核心资产，优先迁移,E:\football_v\00_System_OS\integration_test\deploy_alpha_integration_test_V1.0.py
B,整理后迁移,E:\football_v\00_System_OS\integration_test\test_api_pipeline.py
B,整理后迁移,E:\football_v\00_System_OS\integration_test\test_dashboard.py
B,整理后迁移,E:\football_v\00_System_OS\integration_test\test_database_connection.py
C,测试验证,E:\football_v\00_System_OS\integration_test\test_model_pipeline.py
C,测试验证,E:\football_v\00_System_OS\integration_test\test_product_package.py
C,测试验证,E:\football_v\00_System_OS\integration_test\reports\alpha_test_deployment_report.json
D,归档,E:\football_v\00_System_OS\Monitor\error_log.json
C,测试验证,E:\football_v\00_System_OS\Monitor\health_status.json
C,测试验证,E:\football_v\00_System_OS\Monitor\heartbeat.json
C,测试验证,E:\football_v\00_System_OS\Monitor\monitor_service.py
C,测试验证,E:\football_v\00_System_OS\QUALITY_TESTS\test_system_quality_batch_01_V1.0.py
C,测试验证,E:\football_v\00_System_OS\QUALITY_TESTS\reports\system_quality_test_report.json
C,测试验证,E:\football_v\00_System_OS\Recovery\recovery_controller.py
C,测试验证,E:\football_v\00_System_OS\Recovery\recovery_log.json
C,测试验证,E:\football_v\00_System_OS\Recovery\recovery_policy.json
C,测试验证,E:\football_v\00_System_OS\Recovery\recovery_service.py
C,测试验证,E:\football_v\00_System_OS\registry\dependency_engine.py
C,测试验证,E:\football_v\00_System_OS\registry\dependency_map.json
C,测试验证,E:\football_v\00_System_OS\registry\modules.json
D,归档,E:\football_v\00_System_OS\registry\module_registry.json
C,测试验证,E:\football_v\00_System_OS\registry\module_template.json
C,测试验证,E:\football_v\00_System_OS\registry\registry.json
C,测试验证,E:\football_v\00_System_OS\registry\registry_api.py
C,测试验证,E:\football_v\00_System_OS\registry\registry_log.json
C,测试验证,E:\football_v\00_System_OS\registry\registry_manager.py
C,测试验证,E:\football_v\00_System_OS\registry\registry_scanner.py
B,整理后迁移,E:\football_v\00_System_OS\RELEASE_VALIDATION\dependency_checker\dependency_checker_V1.0.py
C,测试验证,E:\football_v\00_System_OS\RELEASE_VALIDATION\integrity_checker\integrity_checker_V1.0.py
C,测试验证,E:\football_v\00_System_OS\RELEASE_VALIDATION\module_scanner\module_scanner_V1.0.py
B,整理后迁移,E:\football_v\00_System_OS\RELEASE_VALIDATION\release_validation_engine\release_validation_engine_V1.0.py
C,测试验证,E:\football_v\00_System_OS\RELEASE_VALIDATION\release_validation_engine\release_validation_engine_V1.1.py
C,测试验证,E:\football_v\00_System_OS\RELEASE_VALIDATION\reports\deployment_report.json
C,测试验证,E:\football_v\00_System_OS\RELEASE_VALIDATION\reports\release_validation_report.json
C,测试验证,E:\football_v\00_System_OS\RELEASE_VALIDATION\reports\release_validation_test_report.json
C,测试验证,E:\football_v\00_System_OS\RELEASE_VALIDATION\system_manifest\system_manifest_V1.0.json
C,测试验证,E:\football_v\00_System_OS\RELEASE_VALIDATION\tests\test_release_validation_V1.0.py
C,测试验证,E:\football_v\00_System_OS\RELEASE_VALIDATION\tests\test_release_validation_V1.1.py
C,测试验证,E:\football_v\00_System_OS\reports\system_quality_batch_01_report.json
D,归档,E:\football_v\00_System_OS\runtime\system_state.json
C,测试验证,E:\football_v\00_System_OS\scripts\framework_initializer.py
C,测试验证,E:\football_v\00_System_OS\scripts\project_structure_scanner.py
B,整理后迁移,E:\football_v\00_System_OS\SYSTEM_HEALTH_MONITOR\system_health_monitor_V1.0.py
C,测试验证,E:\football_v\00_SYSTEM_TOOLS\check_database_location_V4.0.py
B,整理后迁移,E:\football_v\00_SYSTEM_TOOLS\database_location_discovery_V4.0.py
B,整理后迁移,E:\football_v\00_SYSTEM_TOOLS\data_schema_validation_V4.0.py
B,整理后迁移,E:\football_v\00_SYSTEM_TOOLS\deploy_training_engine_V4.0.py
B,整理后迁移,E:\football_v\00_SYSTEM_TOOLS\deploy_training_system_V4.0.py
A,核心资产，优先迁移,E:\football_v\00_SYSTEM_TOOLS\final_system_completion_V4.0.py
A,核心资产，优先迁移,E:\football_v\00_SYSTEM_TOOLS\model_data_snapshot_V4.0.py
B,整理后迁移,E:\football_v\00_SYSTEM_TOOLS\schema_check_V4.0.py
B,整理后迁移,E:\football_v\00_SYSTEM_TOOLS\training_preflight_check_V4.0.py
C,测试验证,E:\football_v\00_SYSTEM_TOOLS\Architecture_Duplicate_Cleanup_V2.0\duplicate_cleanup_engine_V2.0.py
C,测试验证,E:\football_v\00_SYSTEM_TOOLS\Architecture_Migration_Tool\architecture_cleanup_engine_V3.0.py
C,测试验证,E:\football_v\00_SYSTEM_TOOLS\Architecture_Migration_Tool\architecture_cleanup_engine_V4.0.py
C,测试验证,E:\football_v\00_SYSTEM_TOOLS\Architecture_Migration_Tool\architecture_registry.json
C,测试验证,E:\football_v\00_SYSTEM_TOOLS\Architecture_Migration_Tool\architecture_registry_V1.9.json
A,核心资产，优先迁移,E:\football_v\00_SYSTEM_TOOLS\Architecture_Migration_Tool\consolidation_architecture_V1.4.py
C,测试验证,E:\football_v\00_SYSTEM_TOOLS\Architecture_Migration_Tool\consolidation_architecture_V1.6.py
C,测试验证,E:\football_v\00_SYSTEM_TOOLS\Architecture_Migration_Tool\consolidation_engine_V1.6.py
A,核心资产，优先迁移,E:\football_v\00_SYSTEM_TOOLS\Architecture_Migration_Tool\create_architecture_merge_tool_V1.0.py
C,测试验证,E:\football_v\00_SYSTEM_TOOLS\Architecture_Migration_Tool\deprecated_archive_engine_V1.7.py
C,测试验证,E:\football_v\00_SYSTEM_TOOLS\Architecture_Migration_Tool\deprecated_registry.json
C,测试验证,E:\football_v\00_SYSTEM_TOOLS\Architecture_Migration_Tool\final_architecture_validator_V1.8.py
C,测试验证,E:\football_v\00_SYSTEM_TOOLS\Architecture_Migration_Tool\final_cleanup_engine_V2.1.py
C,测试验证,E:\football_v\00_SYSTEM_TOOLS\Architecture_Migration_Tool\final_delete_engine_V1.9.py
C,测试验证,E:\football_v\00_SYSTEM_TOOLS\Architecture_Migration_Tool\merge_architecture_cleanup_V1.3.py
B,整理后迁移,E:\football_v\00_SYSTEM_TOOLS\Architecture_Migration_Tool\merge_architecture_V1.0.py
C,测试验证,E:\football_v\00_SYSTEM_TOOLS\Architecture_Migration_Tool\merge_architecture_V1.1.py
C,测试验证,E:\football_v\00_SYSTEM_TOOLS\Architecture_Migration_Tool\merge_config_V1.0.json
C,测试验证,E:\football_v\00_SYSTEM_TOOLS\Architecture_Migration_Tool\migration_executor_V1.2.py
C,测试验证,E:\football_v\00_SYSTEM_TOOLS\Architecture_Migration_Tool\validate_architecture_V1.1.py
C,测试验证,E:\football_v\00_SYSTEM_TOOLS\Architecture_Migration_Tool\cleanup_engine\cleanup_planner_V1.2.py
C,测试验证,E:\football_v\00_SYSTEM_TOOLS\Architecture_Migration_Tool\dependency_migration\dependency_migration_engine_V1.5.py
C,测试验证,E:\football_v\00_SYSTEM_TOOLS\Architecture_Migration_Tool\reports\ARCHITECTURE_MERGE_CHECKPOINT_V1.1.json
C,测试验证,E:\football_v\00_SYSTEM_TOOLS\Architecture_Migration_Tool\reports\ARCHITECTURE_VALIDATION_CHECKPOINT_V1.1.json
C,测试验证,E:\football_v\00_SYSTEM_TOOLS\Architecture_Migration_Tool\reports\ARCHITECTURE_VALIDATION_REPORT_V1.1.json
C,测试验证,E:\football_v\00_SYSTEM_TOOLS\Architecture_Migration_Tool\reports\CONSOLIDATION_REPORT_V1.4.json
C,测试验证,E:\football_v\00_SYSTEM_TOOLS\Architecture_Migration_Tool\reports\FINAL_DELETE_REPORT_V1.9.json
C,测试验证,E:\football_v\00_SYSTEM_TOOLS\Architecture_Migration_Tool\reports\MERGE_ANALYSIS_REPORT_V1.0.json
C,测试验证,E:\football_v\00_SYSTEM_TOOLS\Architecture_Migration_Tool\reports\MERGE_EXECUTION_REPORT_V1.1.json
C,测试验证,E:\football_v\00_SYSTEM_TOOLS\Architecture_Migration_Tool\reports\MIGRATION_EXECUTION_REPORT_V1.2.json
C,测试验证,E:\football_v\00_SYSTEM_TOOLS\Checkpoint\ai_autonomous_engine_hil_v1.4_checkpoint.json
C,测试验证,E:\football_v\00_SYSTEM_TOOLS\Checkpoint\ai_autonomous_engine_hil_v1.6_checkpoint.json
C,测试验证,E:\football_v\00_SYSTEM_TOOLS\Checkpoint\ai_autonomous_engine_hil_v1.8_checkpoint.json
C,测试验证,E:\football_v\00_SYSTEM_TOOLS\Checkpoint\ai_orchestration_layer_v1.3_checkpoint.json
C,测试验证,E:\football_v\00_SYSTEM_TOOLS\Checkpoint\backtest_system_v1.3_checkpoint.json
C,测试验证,E:\football_v\00_SYSTEM_TOOLS\Checkpoint\decision_engine_v1.3_checkpoint.json
C,测试验证,E:\football_v\00_SYSTEM_TOOLS\Checkpoint\feature_store_v1.9_checkpoint.json
C,测试验证,E:\football_v\00_SYSTEM_TOOLS\Checkpoint\feature_store_v2.0_checkpoint.json
C,测试验证,E:\football_v\00_SYSTEM_TOOLS\Checkpoint\feature_store_v2.1_checkpoint.json
C,测试验证,E:\football_v\00_SYSTEM_TOOLS\Checkpoint\feature_store_v2.2_checkpoint.json
C,测试验证,E:\football_v\00_SYSTEM_TOOLS\Checkpoint\feature_store_v2.3_checkpoint.json
C,测试验证,E:\football_v\00_SYSTEM_TOOLS\Checkpoint\feature_store_v2.6_checkpoint.json
C,测试验证,E:\football_v\00_SYSTEM_TOOLS\Checkpoint\feature_store_v3.0_checkpoint.json
C,测试验证,E:\football_v\00_SYSTEM_TOOLS\Checkpoint\model_layer_v1.3_checkpoint.json
C,测试验证,E:\football_v\00_SYSTEM_TOOLS\Checkpoint\prediction_engine_v1.3_checkpoint.json
B,整理后迁移,E:\football_v\00_SYSTEM_TOOLS\deploy_scripts\deploy_phase3_2_memory_bridge.py
B,整理后迁移,E:\football_v\00_SYSTEM_TOOLS\deploy_scripts\deploy_v15_phase1.py
C,测试验证,E:\football_v\00_SYSTEM_TOOLS\deploy_scripts\deploy_v15_phase1_patch.py
B,整理后迁移,E:\football_v\00_SYSTEM_TOOLS\deploy_scripts\deploy_v15_phase2.py
B,整理后迁移,E:\football_v\00_SYSTEM_TOOLS\FINAL_DEPLOYMENT_V4.0\deploy_final_V4.0.py
B,整理后迁移,E:\football_v\00_SYSTEM_TOOLS\FIRST_REAL_PREDICTION_TEST_V4.0\first_real_prediction_test_V4.0.py
C,测试验证,E:\football_v\00_SYSTEM_TOOLS\Module_Deployment_Tool\config\deployment_tool_config.json
C,测试验证,E:\football_v\00_SYSTEM_TOOLS\Module_Deployment_Tool\core\deployment_engine.py
C,测试验证,E:\football_v\00_SYSTEM_TOOLS\Module_Deployment_Tool\core\encoding_validator.py
C,测试验证,E:\football_v\00_SYSTEM_TOOLS\Module_Deployment_Tool\core\json_validator.py
C,测试验证,E:\football_v\00_SYSTEM_TOOLS\Module_Deployment_Tool\core\path_validator.py
C,测试验证,E:\football_v\00_SYSTEM_TOOLS\Module_Deployment_Tool\core\syntax_validator.py
A,核心资产，优先迁移,E:\football_v\00_SYSTEM_TOOLS\Module_Deployment_Tool\modules\deploy_ai_autonomous_engine_HIL_V1.0_V1.4.py
B,整理后迁移,E:\football_v\00_SYSTEM_TOOLS\Module_Deployment_Tool\modules\deploy_ai_autonomous_engine_HIL_V1.2.py
B,整理后迁移,E:\football_v\00_SYSTEM_TOOLS\Module_Deployment_Tool\modules\deploy_ai_autonomous_engine_HIL_V1.3_V1.4.py
B,整理后迁移,E:\football_v\00_SYSTEM_TOOLS\Module_Deployment_Tool\modules\deploy_ai_autonomous_engine_HIL_V1.5_V1.6.py
B,整理后迁移,E:\football_v\00_SYSTEM_TOOLS\Module_Deployment_Tool\modules\deploy_ai_autonomous_engine_HIL_V1.7_V1.8.py
B,整理后迁移,E:\football_v\00_SYSTEM_TOOLS\Module_Deployment_Tool\modules\deploy_ai_autonomous_engine_HIL_V1.9_V2.0.py
A,核心资产，优先迁移,E:\football_v\00_SYSTEM_TOOLS\Module_Deployment_Tool\modules\deploy_ai_autonomous_engine_HIL_V2.1_V2.2_BATCH.py
B,整理后迁移,E:\football_v\00_SYSTEM_TOOLS\Module_Deployment_Tool\modules\deploy_ai_autonomous_engine_HIL_V2.3_V2.4_BATCH.py
B,整理后迁移,E:\football_v\00_SYSTEM_TOOLS\Module_Deployment_Tool\modules\deploy_ai_autonomous_engine_HIL_V2.5_V2.6_BATCH.py
B,整理后迁移,E:\football_v\00_SYSTEM_TOOLS\Module_Deployment_Tool\modules\deploy_ai_autonomous_engine_HIL_V2.7_V2.8_BATCH.py
B,整理后迁移,E:\football_v\00_SYSTEM_TOOLS\Module_Deployment_Tool\modules\deploy_ai_autonomous_engine_HIL_V2.9_V3.0_BATCH.py
C,测试验证,E:\football_v\00_SYSTEM_TOOLS\Module_Deployment_Tool\modules\deploy_ai_autonomous_engine_V1.0_V1.3.py
A,核心资产，优先迁移,E:\football_v\00_SYSTEM_TOOLS\Module_Deployment_Tool\modules\deploy_ai_intelligence_layer_core_V1.0.py
A,核心资产，优先迁移,E:\football_v\00_SYSTEM_TOOLS\Module_Deployment_Tool\modules\deploy_ai_intelligence_layer_test_V1.0.py
A,核心资产，优先迁移,E:\football_v\00_SYSTEM_TOOLS\Module_Deployment_Tool\modules\deploy_ai_orchestration_layer_batch_V1.0.py
B,整理后迁移,E:\football_v\00_SYSTEM_TOOLS\Module_Deployment_Tool\modules\deploy_ai_orchestration_layer_test_V1.0.py
B,整理后迁移,E:\football_v\00_SYSTEM_TOOLS\Module_Deployment_Tool\modules\deploy_ai_orchestration_layer_V1.0.py
A,核心资产，优先迁移,E:\football_v\00_SYSTEM_TOOLS\Module_Deployment_Tool\modules\deploy_ai_orchestration_layer_V1.0_V1.3.py
B,整理后迁移,E:\football_v\00_SYSTEM_TOOLS\Module_Deployment_Tool\modules\deploy_api_integration_layer_test_V1.0.py
B,整理后迁移,E:\football_v\00_SYSTEM_TOOLS\Module_Deployment_Tool\modules\deploy_api_integration_layer_V1.0.py
A,核心资产，优先迁移,E:\football_v\00_SYSTEM_TOOLS\Module_Deployment_Tool\modules\deploy_autonomous_learning_engine_test_V1.0.py
A,核心资产，优先迁移,E:\football_v\00_SYSTEM_TOOLS\Module_Deployment_Tool\modules\deploy_autonomous_learning_engine_V1.0.py
B,整理后迁移,E:\football_v\00_SYSTEM_TOOLS\Module_Deployment_Tool\modules\deploy_backtest_system_test_V1.0.py
B,整理后迁移,E:\football_v\00_SYSTEM_TOOLS\Module_Deployment_Tool\modules\deploy_backtest_system_V1.0.py
A,核心资产，优先迁移,E:\football_v\00_SYSTEM_TOOLS\Module_Deployment_Tool\modules\deploy_backtest_system_V1.0_V1.3.py
B,整理后迁移,E:\football_v\00_SYSTEM_TOOLS\Module_Deployment_Tool\modules\deploy_data_intelligence_checkpoint_V1.0.py
B,整理后迁移,E:\football_v\00_SYSTEM_TOOLS\Module_Deployment_Tool\modules\deploy_data_intelligence_engine_V1.0.py
B,整理后迁移,E:\football_v\00_SYSTEM_TOOLS\Module_Deployment_Tool\modules\deploy_data_intelligence_test_V1.0.py
A,核心资产，优先迁移,E:\football_v\00_SYSTEM_TOOLS\Module_Deployment_Tool\modules\deploy_decision_engine_V1.0_V1.3.py
B,整理后迁移,E:\football_v\00_SYSTEM_TOOLS\Module_Deployment_Tool\modules\deploy_decision_intelligence_layer_test_V1.0.py
B,整理后迁移,E:\football_v\00_SYSTEM_TOOLS\Module_Deployment_Tool\modules\deploy_decision_intelligence_layer_V1.0.py
B,整理后迁移,E:\football_v\00_SYSTEM_TOOLS\Module_Deployment_Tool\modules\deploy_dynamic_feature_weight_checkpoint_V1.0.py
B,整理后迁移,E:\football_v\00_SYSTEM_TOOLS\Module_Deployment_Tool\modules\deploy_dynamic_feature_weight_engine_V1.0.py
B,整理后迁移,E:\football_v\00_SYSTEM_TOOLS\Module_Deployment_Tool\modules\deploy_dynamic_feature_weight_test_V1.0.py
B,整理后迁移,E:\football_v\00_SYSTEM_TOOLS\Module_Deployment_Tool\modules\deploy_feature_store_adapter_V1.0.py
B,整理后迁移,E:\football_v\00_SYSTEM_TOOLS\Module_Deployment_Tool\modules\deploy_feature_store_core_V1.0.py
C,测试验证,E:\football_v\00_SYSTEM_TOOLS\Module_Deployment_Tool\modules\deploy_feature_store_test_V1.0.py
B,整理后迁移,E:\football_v\00_SYSTEM_TOOLS\Module_Deployment_Tool\modules\deploy_feature_store_V1.0.py
B,整理后迁移,E:\football_v\00_SYSTEM_TOOLS\Module_Deployment_Tool\modules\deploy_feature_store_V1.1.py
B,整理后迁移,E:\football_v\00_SYSTEM_TOOLS\Module_Deployment_Tool\modules\deploy_feature_store_V1.2.py
B,整理后迁移,E:\football_v\00_SYSTEM_TOOLS\Module_Deployment_Tool\modules\deploy_feature_store_V1.3.py
B,整理后迁移,E:\football_v\00_SYSTEM_TOOLS\Module_Deployment_Tool\modules\deploy_feature_store_V1.4.py
B,整理后迁移,E:\football_v\00_SYSTEM_TOOLS\Module_Deployment_Tool\modules\deploy_feature_store_V1.5.py
B,整理后迁移,E:\football_v\00_SYSTEM_TOOLS\Module_Deployment_Tool\modules\deploy_feature_store_V1.6.py
B,整理后迁移,E:\football_v\00_SYSTEM_TOOLS\Module_Deployment_Tool\modules\deploy_feature_store_V1.7.py
B,整理后迁移,E:\football_v\00_SYSTEM_TOOLS\Module_Deployment_Tool\modules\deploy_feature_store_V1.8.py
B,整理后迁移,E:\football_v\00_SYSTEM_TOOLS\Module_Deployment_Tool\modules\deploy_feature_store_V1.9.py
A,核心资产，优先迁移,E:\football_v\00_SYSTEM_TOOLS\Module_Deployment_Tool\modules\deploy_feature_store_V2.0.py
A,核心资产，优先迁移,E:\football_v\00_SYSTEM_TOOLS\Module_Deployment_Tool\modules\deploy_feature_store_V2.1.py
B,整理后迁移,E:\football_v\00_SYSTEM_TOOLS\Module_Deployment_Tool\modules\deploy_feature_store_V2.2.py
B,整理后迁移,E:\football_v\00_SYSTEM_TOOLS\Module_Deployment_Tool\modules\deploy_feature_store_V2.3.py
B,整理后迁移,E:\football_v\00_SYSTEM_TOOLS\Module_Deployment_Tool\modules\deploy_feature_store_V2.4_V2.6.py
A,核心资产，优先迁移,E:\football_v\00_SYSTEM_TOOLS\Module_Deployment_Tool\modules\deploy_feature_store_V2.7_V3.0.py
B,整理后迁移,E:\football_v\00_SYSTEM_TOOLS\Module_Deployment_Tool\modules\deploy_market_intelligence_layer_test_V1.0.py
B,整理后迁移,E:\football_v\00_SYSTEM_TOOLS\Module_Deployment_Tool\modules\deploy_market_intelligence_layer_V1.0.py
B,整理后迁移,E:\football_v\00_SYSTEM_TOOLS\Module_Deployment_Tool\modules\deploy_model_explanation_engine_test_V1.0.py
A,核心资产，优先迁移,E:\football_v\00_SYSTEM_TOOLS\Module_Deployment_Tool\modules\deploy_model_explanation_engine_V1.0.py
A,核心资产，优先迁移,E:\football_v\00_SYSTEM_TOOLS\Module_Deployment_Tool\modules\deploy_model_layer_V1.0_V1.3.py
C,测试验证,E:\football_v\00_SYSTEM_TOOLS\Module_Deployment_Tool\modules\deploy_module_deployment_tool_test_V1.1.py
C,测试验证,E:\football_v\00_SYSTEM_TOOLS\Module_Deployment_Tool\modules\deploy_module_deployment_tool_V1.1.py
B,整理后迁移,E:\football_v\00_SYSTEM_TOOLS\Module_Deployment_Tool\modules\deploy_prediction_engine_batch_test_V1.0.py
B,整理后迁移,E:\football_v\00_SYSTEM_TOOLS\Module_Deployment_Tool\modules\deploy_prediction_engine_batch_V1.0.py
A,核心资产，优先迁移,E:\football_v\00_SYSTEM_TOOLS\Module_Deployment_Tool\modules\deploy_prediction_engine_V1.0_V1.3.py
B,整理后迁移,E:\football_v\00_SYSTEM_TOOLS\Module_Deployment_Tool\modules\deploy_prediction_intelligence_engine_V1.0.py
B,整理后迁移,E:\football_v\00_SYSTEM_TOOLS\Module_Deployment_Tool\modules\deploy_prediction_intelligence_test_V1.0.py
B,整理后迁移,E:\football_v\00_SYSTEM_TOOLS\Module_Deployment_Tool\modules\deploy_report_intelligence_layer_test_V1.0.py
B,整理后迁移,E:\football_v\00_SYSTEM_TOOLS\Module_Deployment_Tool\modules\deploy_report_intelligence_layer_V1.0.py
B,整理后迁移,E:\football_v\00_SYSTEM_TOOLS\Module_Deployment_Tool\modules\deploy_system_monitoring_layer_test_V1.0.py
B,整理后迁移,E:\football_v\00_SYSTEM_TOOLS\Module_Deployment_Tool\modules\deploy_system_monitoring_layer_V1.0.py
C,测试验证,E:\football_v\00_SYSTEM_TOOLS\Module_Deployment_Tool\registry\deployment_tool_registry.json
C,测试验证,E:\football_v\00_SYSTEM_TOOLS\Module_Deployment_Tool\reports\deployment_tool_deploy_report.json
C,测试验证,E:\football_v\00_SYSTEM_TOOLS\Module_Deployment_Tool\reports\deployment_tool_test_report.json
A,核心资产，优先迁移,E:\football_v\00_SYSTEM_TOOLS\RUNTIME_VALIDATION_V4.0\runtime_validation_V4.0.py
C,测试验证,E:\football_v\01_DATA_LAYER\database\match_data.db
C,测试验证,E:\football_v\01_Data_Source\acceptance\acceptance_check.py
B,整理后迁移,E:\football_v\01_Data_Source\download\data_downloader.py
C,测试验证,E:\football_v\01_Data_Source\download\download_history.json
C,测试验证,E:\football_v\01_Data_Source\monitor\source_health_report.json
C,测试验证,E:\football_v\01_Data_Source\monitor\source_monitor.py
C,测试验证,E:\football_v\01_Data_Source\pipeline\pipeline_runner.py
C,测试验证,E:\football_v\01_Data_Source\pipeline\source_scanner.py
C,测试验证,E:\football_v\01_Data_Source\pipeline\source_validator.py
C,测试验证,E:\football_v\01_Data_Source\registry\source_registry.json
C,测试验证,E:\football_v\01_Data_Source\registry\source_registry.py
C,测试验证,E:\football_v\01_Data_Source\reports\data_source_acceptance_report.json
C,测试验证,E:\football_v\02_Data_Platform\data_loader\data_loader.py
C,测试验证,E:\football_v\02_Data_Platform\data_loader\__init__.py
C,测试验证,E:\football_v\02_Data_Platform\data_loader\engine\loader_engine.py
C,测试验证,E:\football_v\02_Data_Platform\data_loader\formats\csv_loader.py
C,测试验证,E:\football_v\02_Data_Platform\data_manager\dataset_manager.py
C,测试验证,E:\football_v\02_Data_Platform\data_manager\dataset_registry.json
C,测试验证,E:\football_v\02_Data_Platform\data_manager\dataset_registry.py
C,测试验证,E:\football_v\02_Data_Platform\data_manager\data_manager.py
C,测试验证,E:\football_v\02_Data_Platform\data_manager\__init__.py
C,测试验证,E:\football_v\02_Data_Platform\data_manager\__main__.py
C,测试验证,E:\football_v\02_Data_Platform\integration\platform_bootstrap.py
C,测试验证,E:\football_v\02_Data_Platform\metadata\data_platform_registry.json
C,测试验证,E:\football_v\02_Data_Platform\metadata\metadata_manager.py
C,测试验证,E:\football_v\02_Data_Platform\metadata\metadata_registry.json
C,测试验证,E:\football_v\02_Data_Platform\metadata\metadata_schema.py
C,测试验证,E:\football_v\02_Data_Platform\metadata\lineage\data_lineage.py
C,测试验证,E:\football_v\02_Data_Platform\metadata\lineage\lineage_registry.json
C,测试验证,E:\football_v\02_Data_Platform\pipeline\data_pipeline.py
C,测试验证,E:\football_v\02_Data_Platform\raw\raw_manager.py
C,测试验证,E:\football_v\02_Data_Platform\raw\raw_registry.json
C,测试验证,E:\football_v\02_Data_Platform\raw\raw_registry.py
C,测试验证,E:\football_v\02_Data_Platform\raw\raw_scanner.py
C,测试验证,E:\football_v\02_Data_Platform\registry\data_platform_registry.json
C,测试验证,E:\football_v\02_Data_Platform\registry\data_platform_registry.py
C,测试验证,E:\football_v\02_Data_Platform\storage_engine\storage_manager.py
C,测试验证,E:\football_v\02_Data_Platform\storage_engine\storage_registry.json
C,测试验证,E:\football_v\02_FEATURE_LAYER\database\feature_store.db
C,测试验证,E:\football_v\03_Data_Governance\audit\audit_engine.py
C,测试验证,E:\football_v\03_Data_Governance\audit\audit_rules.json
C,测试验证,E:\football_v\03_Data_Governance\controller\governance_controller.py
B,整理后迁移,E:\football_v\03_Data_Governance\lineage\lineage_engine.py
C,测试验证,E:\football_v\03_Data_Governance\lineage\lineage_registry.json
C,测试验证,E:\football_v\03_Data_Governance\quality\quality_engine.py
C,测试验证,E:\football_v\03_Data_Governance\registry\audit_registry.json
C,测试验证,E:\football_v\03_Data_Governance\registry\data_registry.json
C,测试验证,E:\football_v\03_Data_Governance\registry\governance_registry.json
C,测试验证,E:\football_v\03_Data_Governance\registry\lineage_registry.json
C,测试验证,E:\football_v\03_Data_Governance\registry\quality_registry.json
C,测试验证,E:\football_v\03_Data_Governance\registry\validation_registry.json
C,测试验证,E:\football_v\03_Data_Governance\reports\audit_report.json
C,测试验证,E:\football_v\03_Data_Governance\reports\governance_status.json
C,测试验证,E:\football_v\03_Data_Governance\reports\lineage_report.json
C,测试验证,E:\football_v\03_Data_Governance\reports\quality_report.json
C,测试验证,E:\football_v\03_Data_Governance\reports\validation_report.json
C,测试验证,E:\football_v\03_Data_Governance\validation\rules.json
C,测试验证,E:\football_v\03_Data_Governance\validation\validation_engine.py
C,测试验证,E:\football_v\03_MODEL_LAYER\analysis\accuracy_tracker_V2.11.py
C,测试验证,E:\football_v\03_MODEL_LAYER\analysis\roi_analyzer_V2.11.py
C,测试验证,E:\football_v\03_MODEL_LAYER\confidence_model\confidence_engine_V2.0.py
C,测试验证,E:\football_v\03_MODEL_LAYER\database\model_store.db
C,测试验证,E:\football_v\03_MODEL_LAYER\database\model_store_v23.db
B,整理后迁移,E:\football_v\03_MODEL_LAYER\fusion_engine\fusion_engine_V2.3.py
C,测试验证,E:\football_v\03_MODEL_LAYER\market_model\market_value_model_V1.0.py
C,测试验证,E:\football_v\03_MODEL_LAYER\reports\model_feedback_report_V2.11.json
C,测试验证,E:\football_v\03_MODEL_LAYER\risk_model\risk_engine_V2.0.py
C,测试验证,E:\football_v\03_MODEL_LAYER\runtime\model_feedback_runtime.db
C,测试验证,E:\football_v\04_Data_Processing_AI\cleaning\cleaning_engine.py
C,测试验证,E:\football_v\04_Data_Processing_AI\cleaning\cleaning_rules.json
C,测试验证,E:\football_v\04_Data_Processing_AI\controller\processing_controller.py
B,整理后迁移,E:\football_v\04_Data_Processing_AI\data_intelligence_engine\data_intelligence_engine.py
B,整理后迁移,E:\football_v\04_Data_Processing_AI\data_intelligence_engine\data_router.py
B,整理后迁移,E:\football_v\04_Data_Processing_AI\data_intelligence_engine\feature_selector.py
C,测试验证,E:\football_v\04_Data_Processing_AI\data_intelligence_engine\intelligence_service.py
C,测试验证,E:\football_v\04_Data_Processing_AI\data_intelligence_engine\model_interface.py
C,测试验证,E:\football_v\04_Data_Processing_AI\data_intelligence_engine\config\data_intelligence_config.json
C,测试验证,E:\football_v\04_Data_Processing_AI\data_intelligence_engine\registry\data_intelligence_registry.json
C,测试验证,E:\football_v\04_Data_Processing_AI\data_intelligence_engine\reports\data_intelligence_test_report.json
C,测试验证,E:\football_v\04_Data_Processing_AI\dynamic_feature_weight_engine\feature_weight_manager.py
C,测试验证,E:\football_v\04_Data_Processing_AI\dynamic_feature_weight_engine\model_weight_manager.py
C,测试验证,E:\football_v\04_Data_Processing_AI\dynamic_feature_weight_engine\weight_calculator.py
C,测试验证,E:\football_v\04_Data_Processing_AI\dynamic_feature_weight_engine\weight_engine.py
C,测试验证,E:\football_v\04_Data_Processing_AI\dynamic_feature_weight_engine\config\weight_config.json
C,测试验证,E:\football_v\04_Data_Processing_AI\dynamic_feature_weight_engine\registry\weight_registry.json
C,测试验证,E:\football_v\04_Data_Processing_AI\dynamic_feature_weight_engine\reports\dynamic_feature_weight_test_report.json
B,整理后迁移,E:\football_v\04_Data_Processing_AI\feature_engine\feature_engine.py
C,测试验证,E:\football_v\04_Data_Processing_AI\feature_engine\feature_rules.json
C,测试验证,E:\football_v\04_Data_Processing_AI\feature_store\backtest_dataset_manager.py
C,测试验证,E:\football_v\04_Data_Processing_AI\feature_store\database_connection_pool.py
C,测试验证,E:\football_v\04_Data_Processing_AI\feature_store\database_connector.py
C,测试验证,E:\football_v\04_Data_Processing_AI\feature_store\database_health_monitor.py
C,测试验证,E:\football_v\04_Data_Processing_AI\feature_store\database_migration_manager.py
C,测试验证,E:\football_v\04_Data_Processing_AI\feature_store\dataset_split_manager.py
C,测试验证,E:\football_v\04_Data_Processing_AI\feature_store\data_promotion_service.py
C,测试验证,E:\football_v\04_Data_Processing_AI\feature_store\data_source_registry.py
B,整理后迁移,E:\football_v\04_Data_Processing_AI\feature_store\elo_history_feature_engine.py
C,测试验证,E:\football_v\04_Data_Processing_AI\feature_store\environment_manager.py
C,测试验证,E:\football_v\04_Data_Processing_AI\feature_store\feature_anomaly_detector.py
C,测试验证,E:\football_v\04_Data_Processing_AI\feature_store\feature_api_service.py
C,测试验证,E:\football_v\04_Data_Processing_AI\feature_store\feature_audit_logger.py
C,测试验证,E:\football_v\04_Data_Processing_AI\feature_store\feature_auto_generator.py
C,测试验证,E:\football_v\04_Data_Processing_AI\feature_store\feature_cache_manager.py
C,测试验证,E:\football_v\04_Data_Processing_AI\feature_store\feature_context_builder.py
C,测试验证,E:\football_v\04_Data_Processing_AI\feature_store\feature_crud_service.py
C,测试验证,E:\football_v\04_Data_Processing_AI\feature_store\feature_database_connector.py
B,整理后迁移,E:\football_v\04_Data_Processing_AI\feature_store\feature_database_health_check.py
B,整理后迁移,E:\football_v\04_Data_Processing_AI\feature_store\feature_database_reader.py
B,整理后迁移,E:\football_v\04_Data_Processing_AI\feature_store\feature_database_service.py
B,整理后迁移,E:\football_v\04_Data_Processing_AI\feature_store\feature_database_session.py
C,测试验证,E:\football_v\04_Data_Processing_AI\feature_store\feature_dataset_builder.py
C,测试验证,E:\football_v\04_Data_Processing_AI\feature_store\feature_dataset_builder_v2.py
C,测试验证,E:\football_v\04_Data_Processing_AI\feature_store\feature_dataset_exporter.py
C,测试验证,E:\football_v\04_Data_Processing_AI\feature_store\feature_dataset_generator.py
C,测试验证,E:\football_v\04_Data_Processing_AI\feature_store\feature_dataset_reporter.py
C,测试验证,E:\football_v\04_Data_Processing_AI\feature_store\feature_dataset_schema_validator.py
C,测试验证,E:\football_v\04_Data_Processing_AI\feature_store\feature_dataset_version_manager.py
C,测试验证,E:\football_v\04_Data_Processing_AI\feature_store\feature_data_ingestion.py
C,测试验证,E:\football_v\04_Data_Processing_AI\feature_store\feature_data_loader.py
C,测试验证,E:\football_v\04_Data_Processing_AI\feature_store\feature_drift_detector.py
C,测试验证,E:\football_v\04_Data_Processing_AI\feature_store\feature_feature_generator.py
C,测试验证,E:\football_v\04_Data_Processing_AI\feature_store\feature_feedback_optimizer.py
C,测试验证,E:\football_v\04_Data_Processing_AI\feature_store\feature_importance_analyzer.py
C,测试验证,E:\football_v\04_Data_Processing_AI\feature_store\feature_ingestion_scheduler.py
B,整理后迁移,E:\football_v\04_Data_Processing_AI\feature_store\feature_interaction_engine.py
C,测试验证,E:\football_v\04_Data_Processing_AI\feature_store\feature_lineage_tracker.py
C,测试验证,E:\football_v\04_Data_Processing_AI\feature_store\feature_loader.py
C,测试验证,E:\football_v\04_Data_Processing_AI\feature_store\feature_loader_service.py
C,测试验证,E:\football_v\04_Data_Processing_AI\feature_store\feature_match_reader.py
B,整理后迁移,E:\football_v\04_Data_Processing_AI\feature_store\feature_model_adapter.py
B,整理后迁移,E:\football_v\04_Data_Processing_AI\feature_store\feature_model_interface.py
B,整理后迁移,E:\football_v\04_Data_Processing_AI\feature_store\feature_model_registry.py
C,测试验证,E:\football_v\04_Data_Processing_AI\feature_store\feature_optimizer.py
B,整理后迁移,E:\football_v\04_Data_Processing_AI\feature_store\feature_pattern_miner.py
C,测试验证,E:\football_v\04_Data_Processing_AI\feature_store\feature_pipeline.py
C,测试验证,E:\football_v\04_Data_Processing_AI\feature_store\feature_pipeline_runner.py
C,测试验证,E:\football_v\04_Data_Processing_AI\feature_store\feature_probability_schema.py
C,测试验证,E:\football_v\04_Data_Processing_AI\feature_store\feature_quality_monitor.py
C,测试验证,E:\football_v\04_Data_Processing_AI\feature_store\feature_quality_reporter.py
C,测试验证,E:\football_v\04_Data_Processing_AI\feature_store\feature_quality_rules.py
B,整理后迁移,E:\football_v\04_Data_Processing_AI\feature_store\feature_query_engine.py
C,测试验证,E:\football_v\04_Data_Processing_AI\feature_store\feature_query_service.py
B,整理后迁移,E:\football_v\04_Data_Processing_AI\feature_store\feature_reduction_engine.py
B,整理后迁移,E:\football_v\04_Data_Processing_AI\feature_store\feature_registry.py
C,测试验证,E:\football_v\04_Data_Processing_AI\feature_store\feature_request_router.py
C,测试验证,E:\football_v\04_Data_Processing_AI\feature_store\feature_response_formatter.py
C,测试验证,E:\football_v\04_Data_Processing_AI\feature_store\feature_schema.py
C,测试验证,E:\football_v\04_Data_Processing_AI\feature_store\feature_selector_ai.py
C,测试验证,E:\football_v\04_Data_Processing_AI\feature_store\feature_service.py
C,测试验证,E:\football_v\04_Data_Processing_AI\feature_store\feature_service_health.py
C,测试验证,E:\football_v\04_Data_Processing_AI\feature_store\feature_snapshot_manager.py
C,测试验证,E:\football_v\04_Data_Processing_AI\feature_store\feature_store.py
C,测试验证,E:\football_v\04_Data_Processing_AI\feature_store\feature_table_mapper.py
C,测试验证,E:\football_v\04_Data_Processing_AI\feature_store\feature_time_series_manager.py
C,测试验证,E:\football_v\04_Data_Processing_AI\feature_store\feature_validation_service.py
C,测试验证,E:\football_v\04_Data_Processing_AI\feature_store\feature_validator.py
C,测试验证,E:\football_v\04_Data_Processing_AI\feature_store\feature_version_manager.py
C,测试验证,E:\football_v\04_Data_Processing_AI\feature_store\historical_feature_builder.py
B,整理后迁移,E:\football_v\04_Data_Processing_AI\feature_store\historical_feature_database.py
B,整理后迁移,E:\football_v\04_Data_Processing_AI\feature_store\historical_feature_registry.py
C,测试验证,E:\football_v\04_Data_Processing_AI\feature_store\historical_feature_repository.py
B,整理后迁移,E:\football_v\04_Data_Processing_AI\feature_store\historical_feature_repository_v2.py
B,整理后迁移,E:\football_v\04_Data_Processing_AI\feature_store\historical_feature_table_creator.py
B,整理后迁移,E:\football_v\04_Data_Processing_AI\feature_store\home_away_feature_engine.py
C,测试验证,E:\football_v\04_Data_Processing_AI\feature_store\intelligent_feature_store.py
B,整理后迁移,E:\football_v\04_Data_Processing_AI\feature_store\model_feedback_collector.py
B,整理后迁移,E:\football_v\04_Data_Processing_AI\feature_store\model_training_exporter.py
C,测试验证,E:\football_v\04_Data_Processing_AI\feature_store\prediction_error_analyzer.py
B,整理后迁移,E:\football_v\04_Data_Processing_AI\feature_store\production_release_checker.py
B,整理后迁移,E:\football_v\04_Data_Processing_AI\feature_store\team_form_feature_engine.py
B,整理后迁移,E:\football_v\04_Data_Processing_AI\feature_store\training_dataset_builder.py
C,测试验证,E:\football_v\04_Data_Processing_AI\feature_store\validation_dataset_checker.py
C,测试验证,E:\football_v\04_Data_Processing_AI\feature_store\validation_production_switch.py
B,整理后迁移,E:\football_v\04_Data_Processing_AI\feature_store\adapters\dixon_coles_adapter.py
C,测试验证,E:\football_v\04_Data_Processing_AI\feature_store\adapters\dixon_coles_feature_adapter.py
B,整理后迁移,E:\football_v\04_Data_Processing_AI\feature_store\adapters\elo_adapter.py
C,测试验证,E:\football_v\04_Data_Processing_AI\feature_store\adapters\elo_feature_adapter.py
C,测试验证,E:\football_v\04_Data_Processing_AI\feature_store\adapters\fusion_adapter.py
C,测试验证,E:\football_v\04_Data_Processing_AI\feature_store\adapters\fusion_feature_adapter.py
B,整理后迁移,E:\football_v\04_Data_Processing_AI\feature_store\adapters\poisson_adapter.py
C,测试验证,E:\football_v\04_Data_Processing_AI\feature_store\adapters\poisson_feature_adapter.py
B,整理后迁移,E:\football_v\04_Data_Processing_AI\feature_store\adapters\xgboost_adapter.py
C,测试验证,E:\football_v\04_Data_Processing_AI\feature_store\adapters\xgboost_feature_adapter.py
D,归档,E:\football_v\04_Data_Processing_AI\feature_store\catalog\feature_catalog.json
C,测试验证,E:\football_v\04_Data_Processing_AI\feature_store\config\database_config.json
C,测试验证,E:\football_v\04_Data_Processing_AI\feature_store\config\database_runtime.json
C,测试验证,E:\football_v\04_Data_Processing_AI\feature_store\config\database_service_config.json
C,测试验证,E:\football_v\04_Data_Processing_AI\feature_store\config\environment_config.json
C,测试验证,E:\football_v\04_Data_Processing_AI\feature_store\config\feature_store_config.json
C,测试验证,E:\football_v\04_Data_Processing_AI\feature_store\config\ingestion_config.json
C,测试验证,E:\football_v\04_Data_Processing_AI\feature_store\config\intelligent_feature_config.json
C,测试验证,E:\football_v\04_Data_Processing_AI\feature_store\config\match_data_runtime.json
C,测试验证,E:\football_v\04_Data_Processing_AI\feature_store\config\postgres_runtime_config.json
C,测试验证,E:\football_v\04_Data_Processing_AI\feature_store\config\production_feature_config.json
C,测试验证,E:\football_v\04_Data_Processing_AI\feature_store\config\training_dataset_config.json
C,测试验证,E:\football_v\04_Data_Processing_AI\feature_store\registry\adapter_registry.json
C,测试验证,E:\football_v\04_Data_Processing_AI\feature_store\registry\feature_registry.json
C,测试验证,E:\football_v\04_Data_Processing_AI\feature_store\reports\ai_feature_dataset_report.json
C,测试验证,E:\football_v\04_Data_Processing_AI\feature_store\reports\database_migration_report.json
C,测试验证,E:\football_v\04_Data_Processing_AI\feature_store\reports\database_runtime_report.json
C,测试验证,E:\football_v\04_Data_Processing_AI\feature_store\reports\data_promotion_report.json
D,归档,E:\football_v\04_Data_Processing_AI\feature_store\reports\feature_database_report.json
D,归档,E:\football_v\04_Data_Processing_AI\feature_store\reports\feature_dataset_generation_report.json
D,归档,E:\football_v\04_Data_Processing_AI\feature_store\reports\feature_pipeline_report.json
D,归档,E:\football_v\04_Data_Processing_AI\feature_store\reports\feature_store_report.json
C,测试验证,E:\football_v\04_Data_Processing_AI\feature_store\reports\feature_store_test_report.json
C,测试验证,E:\football_v\04_Data_Processing_AI\feature_store\reports\historical_feature_database_report.json
C,测试验证,E:\football_v\04_Data_Processing_AI\feature_store\reports\historical_feature_report.json
C,测试验证,E:\football_v\04_Data_Processing_AI\feature_store\reports\ingestion_report.json
C,测试验证,E:\football_v\04_Data_Processing_AI\feature_store\reports\intelligent_feature_report.json
C,测试验证,E:\football_v\04_Data_Processing_AI\feature_store\reports\model_feature_mapping_report.json
C,测试验证,E:\football_v\04_Data_Processing_AI\feature_store\reports\production_readiness_report.json
C,测试验证,E:\football_v\04_Data_Processing_AI\feature_store\reports\training_dataset_report.json
C,测试验证,E:\football_v\04_Data_Processing_AI\feature_store\schema\ai_feature_dataset_schema.json
C,测试验证,E:\football_v\04_Data_Processing_AI\feature_store\schema\feature_schema.json
C,测试验证,E:\football_v\04_Data_Processing_AI\feature_store\schema\historical_feature_schema.json
C,测试验证,E:\football_v\04_Data_Processing_AI\feature_store\schema\match_dataset_schema.json
C,测试验证,E:\football_v\04_Data_Processing_AI\feature_store\schema\match_schema.json
B,整理后迁移,E:\football_v\04_Data_Processing_AI\feature_store\tests\ai_feature_dataset_test.py
C,测试验证,E:\football_v\04_Data_Processing_AI\feature_store\tests\environment_flow_test.py
B,整理后迁移,E:\football_v\04_Data_Processing_AI\feature_store\tests\feature_database_health_test.py
B,整理后迁移,E:\football_v\04_Data_Processing_AI\feature_store\tests\feature_database_integration_test.py
C,测试验证,E:\football_v\04_Data_Processing_AI\feature_store\tests\feature_dataset_generation_test.py
C,测试验证,E:\football_v\04_Data_Processing_AI\feature_store\tests\feature_ingestion_test.py
B,整理后迁移,E:\football_v\04_Data_Processing_AI\feature_store\tests\feature_store_data_test.py
B,整理后迁移,E:\football_v\04_Data_Processing_AI\feature_store\tests\feature_store_pipeline_test.py
C,测试验证,E:\football_v\04_Data_Processing_AI\feature_store\tests\feature_store_test.py
C,测试验证,E:\football_v\04_Data_Processing_AI\feature_store\tests\feature_store_v2.6_full_test.py
A,核心资产，优先迁移,E:\football_v\04_Data_Processing_AI\feature_store\tests\feature_store_v3.0_full_test.py
B,整理后迁移,E:\football_v\04_Data_Processing_AI\feature_store\tests\historical_feature_database_test.py
B,整理后迁移,E:\football_v\04_Data_Processing_AI\feature_store\tests\historical_feature_store_test.py
B,整理后迁移,E:\football_v\04_Data_Processing_AI\feature_store\tests\model_feature_adapter_test.py
B,整理后迁移,E:\football_v\04_Data_Processing_AI\feature_store\tests\postgres_runtime_test.py
B,整理后迁移,E:\football_v\04_Data_Processing_AI\feature_store\tests\training_dataset_pipeline_test.py
C,测试验证,E:\football_v\04_Data_Processing_AI\pipeline\pipeline_registry.json
B,整理后迁移,E:\football_v\04_Data_Processing_AI\pipeline\processing_pipeline.py
C,测试验证,E:\football_v\04_Data_Processing_AI\registry\cleaning_registry.json
C,测试验证,E:\football_v\04_Data_Processing_AI\registry\feature_registry.json
C,测试验证,E:\football_v\04_Data_Processing_AI\registry\pipeline_registry.json
C,测试验证,E:\football_v\04_Data_Processing_AI\registry\processing_registry.json
C,测试验证,E:\football_v\04_Data_Processing_AI\registry\transformation_registry.json
C,测试验证,E:\football_v\04_Data_Processing_AI\reports\cleaning_report.json
C,测试验证,E:\football_v\04_Data_Processing_AI\reports\feature_report.json
C,测试验证,E:\football_v\04_Data_Processing_AI\reports\pipeline_report.json
C,测试验证,E:\football_v\04_Data_Processing_AI\reports\transformation_report.json
B,整理后迁移,E:\football_v\04_Data_Processing_AI\transformation\transformation_engine.py
C,测试验证,E:\football_v\04_Data_Processing_AI\transformation\transformation_rules.json
C,测试验证,E:\football_v\04_PREDICTION_LAYER\database\prediction_service.db
A,核心资产，优先迁移,E:\football_v\04_PREDICTION_LAYER\engine\match_simulation_engine_V2.7.py
A,核心资产，优先迁移,E:\football_v\04_PREDICTION_LAYER\engine\prediction_intelligence_engine_V1.6.py
A,核心资产，优先迁移,E:\football_v\04_PREDICTION_LAYER\engine\prediction_pipeline_V1.6.py
C,测试验证,E:\football_v\04_PREDICTION_LAYER\monitor\prediction_monitor.py
C,测试验证,E:\football_v\04_PREDICTION_LAYER\monitor\prediction_monitor_V1.6.py
C,测试验证,E:\football_v\04_PREDICTION_LAYER\runtime\api_runtime.db
C,测试验证,E:\football_v\04_PREDICTION_LAYER\runtime\prediction_runtime.db
C,测试验证,E:\football_v\04_PREDICTION_LAYER\service\prediction_service_api.py
C,测试验证,E:\football_v\04_PREDICTION_LAYER\service\prediction_service_V1.6.py
C,测试验证,E:\football_v\05_AI_Intelligence_Layer\config\ai_intelligence_config.json
C,测试验证,E:\football_v\05_AI_Intelligence_Layer\controller\model_controller.py
C,测试验证,E:\football_v\05_AI_Intelligence_Layer\FUSION_DECISION_ENGINE\decision_manager.py
B,整理后迁移,E:\football_v\05_AI_Intelligence_Layer\FUSION_DECISION_ENGINE\fusion_engine.py
B,整理后迁移,E:\football_v\05_AI_Intelligence_Layer\MODEL_ADAPTER_FRAMEWORK\adapter_base.py
C,测试验证,E:\football_v\05_AI_Intelligence_Layer\MODEL_ADAPTER_FRAMEWORK\adapter_manager.py
C,测试验证,E:\football_v\05_AI_Intelligence_Layer\MODEL_EVALUATION_ENGINE\error_analyzer.py
C,测试验证,E:\football_v\05_AI_Intelligence_Layer\MODEL_EVALUATION_ENGINE\evaluator.py
C,测试验证,E:\football_v\05_AI_Intelligence_Layer\MODEL_REGISTRY\model_catalog.py
C,测试验证,E:\football_v\05_AI_Intelligence_Layer\MODEL_REGISTRY\model_registry.py
C,测试验证,E:\football_v\05_AI_Intelligence_Layer\MODEL_REGISTRY\model_status_manager.py
C,测试验证,E:\football_v\05_AI_Intelligence_Layer\MODEL_REGISTRY\model_version_manager.py
C,测试验证,E:\football_v\05_AI_Intelligence_Layer\registry\ai_layer_registry.json
C,测试验证,E:\football_v\05_AI_Intelligence_Layer\registry\model_registry.json
C,测试验证,E:\football_v\05_AI_Intelligence_Layer\reports\ai_intelligence_layer_test_report.json
C,测试验证,E:\football_v\05_AI_Intelligence_Layer\SELF_REFLECTION_ENGINE\experience_manager.py
C,测试验证,E:\football_v\05_AI_Intelligence_Layer\SELF_REFLECTION_ENGINE\reflection_engine.py
C,测试验证,E:\football_v\05_MARKET_LAYER\database\market_value.db
C,测试验证,E:\football_v\05_MODEL_AI\MODEL_LAYER\feature_store_connector.py
A,核心资产，优先迁移,E:\football_v\05_MODEL_AI\MODEL_LAYER\model_interface.py
C,测试验证,E:\football_v\05_MODEL_AI\MODEL_LAYER\model_loader.py
C,测试验证,E:\football_v\05_MODEL_AI\MODEL_LAYER\model_registry.py
B,整理后迁移,E:\football_v\05_MODEL_AI\MODEL_LAYER\model_runtime.py
B,整理后迁移,E:\football_v\05_MODEL_AI\MODEL_LAYER\backtest\backtest_engine.py
C,测试验证,E:\football_v\05_MODEL_AI\MODEL_LAYER\backtest\model_accuracy_report.py
C,测试验证,E:\football_v\05_MODEL_AI\MODEL_LAYER\backtest\prediction_tracker.py
C,测试验证,E:\football_v\05_MODEL_AI\MODEL_LAYER\backtest\roi_analyzer.py
C,测试验证,E:\football_v\05_MODEL_AI\MODEL_LAYER\config\model_config.json
B,整理后迁移,E:\football_v\05_MODEL_AI\MODEL_LAYER\fusion\fusion_engine.py
C,测试验证,E:\football_v\05_MODEL_AI\MODEL_LAYER\fusion\probability_calculator.py
A,核心资产，优先迁移,E:\football_v\05_MODEL_AI\MODEL_LAYER\models\dixon_coles_model.py
A,核心资产，优先迁移,E:\football_v\05_MODEL_AI\MODEL_LAYER\models\elo_model.py
A,核心资产，优先迁移,E:\football_v\05_MODEL_AI\MODEL_LAYER\models\poisson_model.py
A,核心资产，优先迁移,E:\football_v\05_MODEL_AI\MODEL_LAYER\models\xgboost_model.py
C,测试验证,E:\football_v\05_MODEL_AI\MODEL_LAYER\reports\model_layer_report.json
A,核心资产，优先迁移,E:\football_v\05_MODEL_AI\MODEL_LAYER\tests\model_layer_v1.3_full_test.py
C,测试验证,E:\football_v\06_PREDICTION_ENGINE\confidence_calculator.py
C,测试验证,E:\football_v\06_PREDICTION_ENGINE\correct_score_calculator.py
C,测试验证,E:\football_v\06_PREDICTION_ENGINE\goal_distribution.py
C,测试验证,E:\football_v\06_PREDICTION_ENGINE\market_probability_compare.py
C,测试验证,E:\football_v\06_PREDICTION_ENGINE\prediction_interface.py
C,测试验证,E:\football_v\06_PREDICTION_ENGINE\prediction_registry.py
B,整理后迁移,E:\football_v\06_PREDICTION_ENGINE\prediction_runtime.py
B,整理后迁移,E:\football_v\06_PREDICTION_ENGINE\prediction_service.py
C,测试验证,E:\football_v\06_PREDICTION_ENGINE\probability_calibrator.py
B,整理后迁移,E:\football_v\06_PREDICTION_ENGINE\probability_engine.py
C,测试验证,E:\football_v\06_PREDICTION_ENGINE\risk_engine.py
B,整理后迁移,E:\football_v\06_PREDICTION_ENGINE\score_prediction_engine.py
C,测试验证,E:\football_v\06_PREDICTION_ENGINE\value_analyzer.py
C,测试验证,E:\football_v\06_PREDICTION_ENGINE\config\prediction_config.json
C,测试验证,E:\football_v\06_PREDICTION_ENGINE\reports\prediction_engine_report.json
B,整理后迁移,E:\football_v\06_PREDICTION_ENGINE\tests\prediction_engine_v1.3_full_test.py
C,测试验证,E:\football_v\06_PREDICTION_INTELLIGENCE_ENGINE\advanced_model_connector\connector_manager.py
D,归档,E:\football_v\06_PREDICTION_INTELLIGENCE_ENGINE\advanced_model_connector\dixon_coles_connector.py
D,归档,E:\football_v\06_PREDICTION_INTELLIGENCE_ENGINE\advanced_model_connector\elo_connector.py
D,归档,E:\football_v\06_PREDICTION_INTELLIGENCE_ENGINE\advanced_model_connector\poisson_connector.py
D,归档,E:\football_v\06_PREDICTION_INTELLIGENCE_ENGINE\advanced_model_connector\xgboost_connector.py
C,测试验证,E:\football_v\06_PREDICTION_INTELLIGENCE_ENGINE\confidence_calibration\calibration_engine.py
D,归档,E:\football_v\06_PREDICTION_INTELLIGENCE_ENGINE\confidence_calibration\reliability.py
C,测试验证,E:\football_v\06_PREDICTION_INTELLIGENCE_ENGINE\confidence_engine\confidence_manager.py
C,测试验证,E:\football_v\06_PREDICTION_INTELLIGENCE_ENGINE\config\prediction_config.json
C,测试验证,E:\football_v\06_PREDICTION_INTELLIGENCE_ENGINE\knockout_extension\knockout_engine.py
C,测试验证,E:\football_v\06_PREDICTION_INTELLIGENCE_ENGINE\model_connector\model_connector.py
C,测试验证,E:\football_v\06_PREDICTION_INTELLIGENCE_ENGINE\prediction_api\api_service.py
C,测试验证,E:\football_v\06_PREDICTION_INTELLIGENCE_ENGINE\probability_engine\probability_fusion.py
C,测试验证,E:\football_v\06_PREDICTION_INTELLIGENCE_ENGINE\real_probability_engine\fusion_calculator.py
C,测试验证,E:\football_v\06_PREDICTION_INTELLIGENCE_ENGINE\real_probability_engine\probability_service.py
C,测试验证,E:\football_v\06_PREDICTION_INTELLIGENCE_ENGINE\registry\batch_registry.json
C,测试验证,E:\football_v\06_PREDICTION_INTELLIGENCE_ENGINE\registry\prediction_registry.json
C,测试验证,E:\football_v\06_PREDICTION_INTELLIGENCE_ENGINE\regular_time_prediction\prediction_engine.py
C,测试验证,E:\football_v\06_PREDICTION_INTELLIGENCE_ENGINE\reports\batch_deploy_report.json
C,测试验证,E:\football_v\06_PREDICTION_INTELLIGENCE_ENGINE\reports\batch_test_report.json
C,测试验证,E:\football_v\06_PREDICTION_INTELLIGENCE_ENGINE\reports\prediction_deploy_report.json
C,测试验证,E:\football_v\06_PREDICTION_INTELLIGENCE_ENGINE\reports\prediction_test_report.json
C,测试验证,E:\football_v\06_PREDICTION_INTELLIGENCE_ENGINE\risk_engine\risk_manager.py
C,测试验证,E:\football_v\06_PREDICTION_INTELLIGENCE_ENGINE\risk_intelligence_engine\model_conflict.py
D,归档,E:\football_v\06_PREDICTION_INTELLIGENCE_ENGINE\risk_intelligence_engine\upset_detector.py
C,测试验证,E:\football_v\06_PREDICTION_INTELLIGENCE_ENGINE\score_prediction\score_predictor.py
C,测试验证,E:\football_v\06_PREDICTION_INTELLIGENCE_ENGINE\score_probability_engine\score_distribution.py
D,归档,E:\football_v\06_PREDICTION_INTELLIGENCE_ENGINE\score_probability_engine\score_service.py
C,测试验证,E:\football_v\06_RISK_LAYER\database\risk_manager.db
C,测试验证,E:\football_v\07_AI_ORCHESTRATION_LAYER\config\orchestration_config.json
C,测试验证,E:\football_v\07_AI_ORCHESTRATION_LAYER\data_pipeline\feature_pipeline.py
D,归档,E:\football_v\07_AI_ORCHESTRATION_LAYER\data_pipeline\input_manager.py
D,归档,E:\football_v\07_AI_ORCHESTRATION_LAYER\data_pipeline\output_pipeline.py
C,测试验证,E:\football_v\07_AI_ORCHESTRATION_LAYER\decision_interface\decision_service.py
D,归档,E:\football_v\07_AI_ORCHESTRATION_LAYER\learning_hook\backup_feedback_receiver_V1.0.py
C,测试验证,E:\football_v\07_AI_ORCHESTRATION_LAYER\learning_hook\experience_connector.py
B,整理后迁移,E:\football_v\07_AI_ORCHESTRATION_LAYER\learning_hook\feedback_receiver.py
C,测试验证,E:\football_v\07_AI_ORCHESTRATION_LAYER\model_router\model_selector.py
C,测试验证,E:\football_v\07_AI_ORCHESTRATION_LAYER\model_router\router.py
C,测试验证,E:\football_v\07_AI_ORCHESTRATION_LAYER\orchestration_core\orchestrator.py
D,归档,E:\football_v\07_AI_ORCHESTRATION_LAYER\orchestration_core\pipeline_manager.py
D,归档,E:\football_v\07_AI_ORCHESTRATION_LAYER\orchestration_core\task_scheduler.py
C,测试验证,E:\football_v\07_AI_ORCHESTRATION_LAYER\registry\orchestration_registry.json
C,测试验证,E:\football_v\07_AI_ORCHESTRATION_LAYER\reports\orchestration_deploy_report.json
C,测试验证,E:\football_v\07_AI_ORCHESTRATION_LAYER\reports\orchestration_test_report.json
C,测试验证,E:\football_v\07_AI_ORCHESTRATION_LAYER\report_engine\report_generator.py
C,测试验证,E:\football_v\07_AI_ORCHESTRATION_LAYER\workflow_monitor\monitor.py
D,归档,E:\football_v\07_AI_ORCHESTRATION_LAYER\workflow_monitor\status_tracker.py
C,测试验证,E:\football_v\07_BACKTEST_AI\accuracy_evaluator.py
B,整理后迁移,E:\football_v\07_BACKTEST_AI\backtest_engine.py
C,测试验证,E:\football_v\07_BACKTEST_AI\backtest_runner.py
C,测试验证,E:\football_v\07_BACKTEST_AI\betting_result_analyzer.py
C,测试验证,E:\football_v\07_BACKTEST_AI\confidence_evaluator.py
C,测试验证,E:\football_v\07_BACKTEST_AI\feature_feedback.py
C,测试验证,E:\football_v\07_BACKTEST_AI\historical_match_loader.py
B,整理后迁移,E:\football_v\07_BACKTEST_AI\model_feedback.py
C,测试验证,E:\football_v\07_BACKTEST_AI\optimization_scheduler.py
C,测试验证,E:\football_v\07_BACKTEST_AI\prediction_result_loader.py
C,测试验证,E:\football_v\07_BACKTEST_AI\probability_evaluator.py
C,测试验证,E:\football_v\07_BACKTEST_AI\roi_tracker.py
C,测试验证,E:\football_v\07_BACKTEST_AI\strategy_performance.py
C,测试验证,E:\football_v\07_BACKTEST_AI\config\backtest_config.json
C,测试验证,E:\football_v\07_BACKTEST_AI\reports\backtest_report.json
A,核心资产，优先迁移,E:\football_v\07_BACKTEST_AI\tests\backtest_system_v1.3_full_test.py
B,整理后迁移,E:\football_v\07_BACKTEST_SYSTEM\backtest_engine\backtest_engine.py
C,测试验证,E:\football_v\07_BACKTEST_SYSTEM\config\backtest_config.json
C,测试验证,E:\football_v\07_BACKTEST_SYSTEM\metrics\classification_metrics.py
C,测试验证,E:\football_v\07_BACKTEST_SYSTEM\metrics\probability_metrics.py
C,测试验证,E:\football_v\07_BACKTEST_SYSTEM\metrics\risk_metrics.py
C,测试验证,E:\football_v\07_BACKTEST_SYSTEM\model_comparison\comparison_engine.py
C,测试验证,E:\football_v\07_BACKTEST_SYSTEM\model_evaluation\calibration.py
B,整理后迁移,E:\football_v\07_BACKTEST_SYSTEM\model_evaluation\model_accuracy.py
C,测试验证,E:\football_v\07_BACKTEST_SYSTEM\model_evaluation\probability_score.py
C,测试验证,E:\football_v\07_BACKTEST_SYSTEM\registry\backtest_registry.json
C,测试验证,E:\football_v\07_BACKTEST_SYSTEM\reports\backtest_deploy_report.json
C,测试验证,E:\football_v\07_BACKTEST_SYSTEM\reports\backtest_test_report.json
B,整理后迁移,E:\football_v\07_BACKTEST_SYSTEM\tests\backtest_system_test.py
C,测试验证,E:\football_v\07_LEARNING_LAYER\database\learning_feedback.db
C,测试验证,E:\football_v\08_DECISION_ENGINE\bankroll_manager.py
B,整理后迁移,E:\football_v\08_DECISION_ENGINE\bet_selection_engine.py
B,整理后迁移,E:\football_v\08_DECISION_ENGINE\decision_engine.py
C,测试验证,E:\football_v\08_DECISION_ENGINE\decision_interface.py
C,测试验证,E:\football_v\08_DECISION_ENGINE\decision_registry.py
C,测试验证,E:\football_v\08_DECISION_ENGINE\decision_runtime.py
C,测试验证,E:\football_v\08_DECISION_ENGINE\final_decision_report.py
C,测试验证,E:\football_v\08_DECISION_ENGINE\portfolio_strategy.py
C,测试验证,E:\football_v\08_DECISION_ENGINE\risk_control_engine.py
C,测试验证,E:\football_v\08_DECISION_ENGINE\stake_calculator.py
B,整理后迁移,E:\football_v\08_DECISION_ENGINE\value_filter_engine.py
C,测试验证,E:\football_v\08_DECISION_ENGINE\config\decision_config.json
C,测试验证,E:\football_v\08_DECISION_ENGINE\reports\decision_report.json
B,整理后迁移,E:\football_v\08_DECISION_ENGINE\tests\decision_engine_v1.3_full_test.py
C,测试验证,E:\football_v\08_DECISION_INTELLIGENCE_LAYER\config\decision_config.json
C,测试验证,E:\football_v\08_DECISION_INTELLIGENCE_LAYER\decision_core\decision_engine.py
B,整理后迁移,E:\football_v\08_DECISION_INTELLIGENCE_LAYER\explanation_engine\explanation_manager.py
C,测试验证,E:\football_v\08_DECISION_INTELLIGENCE_LAYER\explanation_engine\fusion_explainer.py
C,测试验证,E:\football_v\08_DECISION_INTELLIGENCE_LAYER\explanation_engine\model_explainer.py
A,核心资产，优先迁移,E:\football_v\08_DECISION_INTELLIGENCE_LAYER\feedback_interface\feedback_connector.py
C,测试验证,E:\football_v\08_DECISION_INTELLIGENCE_LAYER\feedback_interface\backup\feedback_connector_V0.1_backup.py
C,测试验证,E:\football_v\08_DECISION_INTELLIGENCE_LAYER\fusion_analysis\fusion_analyzer.py
C,测试验证,E:\football_v\08_DECISION_INTELLIGENCE_LAYER\handicap_interface\handicap_adapter.py
C,测试验证,E:\football_v\08_DECISION_INTELLIGENCE_LAYER\handicap_interface\handicap_connector.py
C,测试验证,E:\football_v\08_DECISION_INTELLIGENCE_LAYER\market_risk_interface\market_risk_adapter.py
C,测试验证,E:\football_v\08_DECISION_INTELLIGENCE_LAYER\market_risk_interface\market_risk_connector.py
C,测试验证,E:\football_v\08_DECISION_INTELLIGENCE_LAYER\raw_output_engine\raw_output_manager.py
C,测试验证,E:\football_v\08_DECISION_INTELLIGENCE_LAYER\recommendation_engine\recommendation.py
C,测试验证,E:\football_v\08_DECISION_INTELLIGENCE_LAYER\recommendation_engine\recommendation_manager.py
C,测试验证,E:\football_v\08_DECISION_INTELLIGENCE_LAYER\registry\decision_registry.json
C,测试验证,E:\football_v\08_DECISION_INTELLIGENCE_LAYER\reports\decision_deploy_report.json
C,测试验证,E:\football_v\08_DECISION_INTELLIGENCE_LAYER\reports\decision_test_report.json
C,测试验证,E:\football_v\08_DECISION_INTELLIGENCE_LAYER\report_generator\decision_report.py
C,测试验证,E:\football_v\08_DECISION_LAYER\database\decision_history.db
C,测试验证,E:\football_v\08_DECISION_LAYER\engine\decision_engine_V2.4.py
C,测试验证,E:\football_v\08_DECISION_LAYER\engine\recommendation_engine.py
D,归档,E:\football_v\08_DECISION_LAYER\monitor\decision_monitor.py
D,归档,E:\football_v\08_DECISION_LAYER\service\decision_service.py
B,整理后迁移,E:\football_v\09_AI_ORCHESTRATION_LAYER\auto_report_generator.py
C,测试验证,E:\football_v\09_AI_ORCHESTRATION_LAYER\model_router.py
C,测试验证,E:\football_v\09_AI_ORCHESTRATION_LAYER\orchestration_interface.py
C,测试验证,E:\football_v\09_AI_ORCHESTRATION_LAYER\pipeline_controller.py
C,测试验证,E:\football_v\09_AI_ORCHESTRATION_LAYER\system_health_monitor.py
C,测试验证,E:\football_v\09_AI_ORCHESTRATION_LAYER\task_scheduler.py
C,测试验证,E:\football_v\09_AI_ORCHESTRATION_LAYER\workflow_engine.py
C,测试验证,E:\football_v\09_AI_ORCHESTRATION_LAYER\config\orchestration_config.json
C,测试验证,E:\football_v\09_AI_ORCHESTRATION_LAYER\reports\orchestration_report.json
B,整理后迁移,E:\football_v\09_AI_ORCHESTRATION_LAYER\tests\orchestration_layer_v1.3_full_test.py
C,测试验证,E:\football_v\09_APPLICATION_LAYER\api\decision_api.py
C,测试验证,E:\football_v\09_APPLICATION_LAYER\api\prediction_api.py
C,测试验证,E:\football_v\09_APPLICATION_LAYER\interface\match_analysis.py
C,测试验证,E:\football_v\09_APPLICATION_LAYER\runtime\application_runtime.db
D,归档,E:\football_v\09_APPLICATION_LAYER\service\football_ai_service.py
C,测试验证,E:\football_v\09_MODEL_EXPLANATION_ENGINE\dixon_coles_explainer\dixon_coles_explainer.py
B,整理后迁移,E:\football_v\09_MODEL_EXPLANATION_ENGINE\elo_explainer\elo_explainer.py
C,测试验证,E:\football_v\09_MODEL_EXPLANATION_ENGINE\explanation_report\report_generator.py
C,测试验证,E:\football_v\09_MODEL_EXPLANATION_ENGINE\fusion_explainer\fusion_explainer.py
C,测试验证,E:\football_v\09_MODEL_EXPLANATION_ENGINE\poisson_explainer\poisson_explainer.py
C,测试验证,E:\football_v\09_MODEL_EXPLANATION_ENGINE\registry\explanation_registry.json
C,测试验证,E:\football_v\09_MODEL_EXPLANATION_ENGINE\reports\explanation_deploy_report.json
C,测试验证,E:\football_v\09_MODEL_EXPLANATION_ENGINE\reports\explanation_test_report.json
B,整理后迁移,E:\football_v\09_MODEL_EXPLANATION_ENGINE\xgboost_explainer\xgboost_explainer.py
C,测试验证,E:\football_v\09_Prediction_System\model_result_adapter.py
B,整理后迁移,E:\football_v\09_Prediction_System\prediction_history.py
C,测试验证,E:\football_v\09_Prediction_System\prediction_monitor.py
C,测试验证,E:\football_v\09_Prediction_System\prediction_pipeline.py
C,测试验证,E:\football_v\09_Prediction_System\prediction_report_generator.py
C,测试验证,E:\football_v\09_Prediction_System\prediction_service_adapter.py
C,测试验证,E:\football_v\09_Prediction_System\probability_adapter.py
C,测试验证,E:\football_v\09_Prediction_System\score_adapter.py
C,测试验证,E:\football_v\09_Prediction_System\tests\test_phase2_adapter.py
C,测试验证,E:\football_v\09_Prediction_System\tests\test_prediction_system.py
D,归档,E:\football_v\100_FINAL_MATCH_DECISION_SYSTEM\module.py
C,测试验证,E:\football_v\100_SELF_EVOLUTION_ENGINE\module.py
C,测试验证,E:\football_v\101_REAL_MARKET_INTELLIGENCE_ENGINE\module.py
C,测试验证,E:\football_v\102_ODDS_MOVEMENT_ANALYSIS_ENGINE\module.py
C,测试验证,E:\football_v\103_CAPITAL_FLOW_TRACKING_ENGINE\module.py
C,测试验证,E:\football_v\104_MARKET_SENTIMENT_FUSION_ENGINE\module.py
C,测试验证,E:\football_v\105_HANDICAP_VALUE_DECISION_ENGINE\module.py
B,整理后迁移,E:\football_v\106_REAL_ODDS_HISTORY_ENGINE\module.py
C,测试验证,E:\football_v\107_MARKET_PATTERN_RECOGNITION_ENGINE\module.py
C,测试验证,E:\football_v\108_SMART_HANDICAP_ENGINE\module.py
C,测试验证,E:\football_v\109_VALUE_BET_SELECTION_ENGINE\module.py
C,测试验证,E:\football_v\10_AI_AUTONOMOUS_ENGINE\adaptive_parameter_learning.py
C,测试验证,E:\football_v\10_AI_AUTONOMOUS_ENGINE\adaptive_strategy_selector.py
C,测试验证,E:\football_v\10_AI_AUTONOMOUS_ENGINE\ai_strategy_reasoning_engine.py
C,测试验证,E:\football_v\10_AI_AUTONOMOUS_ENGINE\approval_workflow.py
C,测试验证,E:\football_v\10_AI_AUTONOMOUS_ENGINE\architecture_health_checker.py
C,测试验证,E:\football_v\10_AI_AUTONOMOUS_ENGINE\autonomous_engine_v2.py
C,测试验证,E:\football_v\10_AI_AUTONOMOUS_ENGINE\autonomous_engine_v3.py
C,测试验证,E:\football_v\10_AI_AUTONOMOUS_ENGINE\auto_experiment_engine.py
C,测试验证,E:\football_v\10_AI_AUTONOMOUS_ENGINE\auto_recovery_manager.py
C,测试验证,E:\football_v\10_AI_AUTONOMOUS_ENGINE\auto_upgrade_manager.py
B,整理后迁移,E:\football_v\10_AI_AUTONOMOUS_ENGINE\change_risk_assessor.py
C,测试验证,E:\football_v\10_AI_AUTONOMOUS_ENGINE\continuous_improvement_engine.py
C,测试验证,E:\football_v\10_AI_AUTONOMOUS_ENGINE\decision_logger.py
C,测试验证,E:\football_v\10_AI_AUTONOMOUS_ENGINE\decision_quality_analyzer.py
C,测试验证,E:\football_v\10_AI_AUTONOMOUS_ENGINE\dependency_validator.py
C,测试验证,E:\football_v\10_AI_AUTONOMOUS_ENGINE\dynamic_weight_adjuster.py
B,整理后迁移,E:\football_v\10_AI_AUTONOMOUS_ENGINE\error_analysis_engine.py
C,测试验证,E:\football_v\10_AI_AUTONOMOUS_ENGINE\error_rate_calculator.py
C,测试验证,E:\football_v\10_AI_AUTONOMOUS_ENGINE\error_trend_detector.py
C,测试验证,E:\football_v\10_AI_AUTONOMOUS_ENGINE\evolution_controller.py
C,测试验证,E:\football_v\10_AI_AUTONOMOUS_ENGINE\evolution_decision_brain.py
C,测试验证,E:\football_v\10_AI_AUTONOMOUS_ENGINE\evolution_governance_manager.py
B,整理后迁移,E:\football_v\10_AI_AUTONOMOUS_ENGINE\evolution_intelligence_engine.py
C,测试验证,E:\football_v\10_AI_AUTONOMOUS_ENGINE\evolution_knowledge_reasoner.py
C,测试验证,E:\football_v\10_AI_AUTONOMOUS_ENGINE\evolution_memory.py
C,测试验证,E:\football_v\10_AI_AUTONOMOUS_ENGINE\evolution_memory_index.py
C,测试验证,E:\football_v\10_AI_AUTONOMOUS_ENGINE\evolution_pattern_analyzer.py
C,测试验证,E:\football_v\10_AI_AUTONOMOUS_ENGINE\evolution_report_generator.py
C,测试验证,E:\football_v\10_AI_AUTONOMOUS_ENGINE\experience_pattern_miner.py
C,测试验证,E:\football_v\10_AI_AUTONOMOUS_ENGINE\experience_repository.py
B,整理后迁移,E:\football_v\10_AI_AUTONOMOUS_ENGINE\failure_prediction_engine.py
C,测试验证,E:\football_v\10_AI_AUTONOMOUS_ENGINE\feature_self_optimizer.py
C,测试验证,E:\football_v\10_AI_AUTONOMOUS_ENGINE\football_reasoning_core.py
C,测试验证,E:\football_v\10_AI_AUTONOMOUS_ENGINE\future_risk_simulator.py
C,测试验证,E:\football_v\10_AI_AUTONOMOUS_ENGINE\historical_case_analyzer.py
C,测试验证,E:\football_v\10_AI_AUTONOMOUS_ENGINE\human_approval_gate_v2.py
C,测试验证,E:\football_v\10_AI_AUTONOMOUS_ENGINE\human_approval_manager.py
C,测试验证,E:\football_v\10_AI_AUTONOMOUS_ENGINE\human_approval_v1.py
C,测试验证,E:\football_v\10_AI_AUTONOMOUS_ENGINE\human_dashboard_api.py
C,测试验证,E:\football_v\10_AI_AUTONOMOUS_ENGINE\intelligence_connector.py
C,测试验证,E:\football_v\10_AI_AUTONOMOUS_ENGINE\intelligent_task_allocator.py
C,测试验证,E:\football_v\10_AI_AUTONOMOUS_ENGINE\knowledge_graph_builder.py
C,测试验证,E:\football_v\10_AI_AUTONOMOUS_ENGINE\knowledge_relation_engine.py
C,测试验证,E:\football_v\10_AI_AUTONOMOUS_ENGINE\knowledge_retrieval_engine.py
C,测试验证,E:\football_v\10_AI_AUTONOMOUS_ENGINE\knowledge_snapshot.py
C,测试验证,E:\football_v\10_AI_AUTONOMOUS_ENGINE\learning_cycle_manager.py
C,测试验证,E:\football_v\10_AI_AUTONOMOUS_ENGINE\learning_effect_tracker.py
B,整理后迁移,E:\football_v\10_AI_AUTONOMOUS_ENGINE\market_reasoning_engine.py
B,整理后迁移,E:\football_v\10_AI_AUTONOMOUS_ENGINE\model_change_tracker.py
C,测试验证,E:\football_v\10_AI_AUTONOMOUS_ENGINE\model_self_optimizer.py
C,测试验证,E:\football_v\10_AI_AUTONOMOUS_ENGINE\module_consistency_checker.py
C,测试验证,E:\football_v\10_AI_AUTONOMOUS_ENGINE\monthly_performance_analyzer.py
C,测试验证,E:\football_v\10_AI_AUTONOMOUS_ENGINE\multi_cycle_learning_engine.py
B,整理后迁移,E:\football_v\10_AI_AUTONOMOUS_ENGINE\optimization_history.py
C,测试验证,E:\football_v\10_AI_AUTONOMOUS_ENGINE\optimization_priority_engine.py
C,测试验证,E:\football_v\10_AI_AUTONOMOUS_ENGINE\optimization_result_predictor.py
C,测试验证,E:\football_v\10_AI_AUTONOMOUS_ENGINE\optimization_strategy_generator.py
C,测试验证,E:\football_v\10_AI_AUTONOMOUS_ENGINE\optimization_suggestion_engine.py
C,测试验证,E:\football_v\10_AI_AUTONOMOUS_ENGINE\optimization_suggestion_v1.py
C,测试验证,E:\football_v\10_AI_AUTONOMOUS_ENGINE\parameter_effect_analyzer.py
C,测试验证,E:\football_v\10_AI_AUTONOMOUS_ENGINE\parameter_tuner.py
B,整理后迁移,E:\football_v\10_AI_AUTONOMOUS_ENGINE\prediction_explanation_engine.py
C,测试验证,E:\football_v\10_AI_AUTONOMOUS_ENGINE\release_validator.py
C,测试验证,E:\football_v\10_AI_AUTONOMOUS_ENGINE\risk_gate.py
C,测试验证,E:\football_v\10_AI_AUTONOMOUS_ENGINE\rollback_manager.py
C,测试验证,E:\football_v\10_AI_AUTONOMOUS_ENGINE\safe_upgrade_executor.py
C,测试验证,E:\football_v\10_AI_AUTONOMOUS_ENGINE\scenario_test_generator.py
C,测试验证,E:\football_v\10_AI_AUTONOMOUS_ENGINE\self_audit_engine.py
C,测试验证,E:\football_v\10_AI_AUTONOMOUS_ENGINE\strategy_confidence_evaluator.py
C,测试验证,E:\football_v\10_AI_AUTONOMOUS_ENGINE\strategy_evolution_manager.py
C,测试验证,E:\football_v\10_AI_AUTONOMOUS_ENGINE\strategy_selection_engine.py
C,测试验证,E:\football_v\10_AI_AUTONOMOUS_ENGINE\system_brain.py
C,测试验证,E:\football_v\10_AI_AUTONOMOUS_ENGINE\system_restore_manager.py
C,测试验证,E:\football_v\10_AI_AUTONOMOUS_ENGINE\tactical_reasoning_engine.py
C,测试验证,E:\football_v\10_AI_AUTONOMOUS_ENGINE\time_window_analyzer.py
C,测试验证,E:\football_v\10_AI_AUTONOMOUS_ENGINE\upgrade_decision_engine.py
C,测试验证,E:\football_v\10_AI_AUTONOMOUS_ENGINE\upgrade_history_repository.py
C,测试验证,E:\football_v\10_AI_AUTONOMOUS_ENGINE\upgrade_policy_manager.py
C,测试验证,E:\football_v\10_AI_AUTONOMOUS_ENGINE\upgrade_simulation_engine.py
C,测试验证,E:\football_v\10_AI_AUTONOMOUS_ENGINE\version_control_manager.py
C,测试验证,E:\football_v\10_AI_AUTONOMOUS_ENGINE\virtual_validation_engine.py
C,测试验证,E:\football_v\10_AI_AUTONOMOUS_ENGINE\weekly_evolution_analyzer.py
C,测试验证,E:\football_v\10_AI_AUTONOMOUS_ENGINE\autonomous_engine_hil_v1\__init__.py
C,测试验证,E:\football_v\10_AI_AUTONOMOUS_ENGINE\checkpoint\evolution_v2.2_checkpoint.json
D,归档,E:\football_v\10_AI_AUTONOMOUS_ENGINE\checkpoint\evolution_v2.4_checkpoint.json
D,归档,E:\football_v\10_AI_AUTONOMOUS_ENGINE\checkpoint\evolution_v2.6_checkpoint.json
C,测试验证,E:\football_v\10_AI_AUTONOMOUS_ENGINE\checkpoint\evolution_v2.8_approval.json
D,归档,E:\football_v\10_AI_AUTONOMOUS_ENGINE\checkpoint\evolution_v2.8_checkpoint.json
D,归档,E:\football_v\10_AI_AUTONOMOUS_ENGINE\checkpoint\evolution_v3.0_approval.json
C,测试验证,E:\football_v\10_AI_AUTONOMOUS_ENGINE\checkpoint\evolution_v3.0_checkpoint.json
C,测试验证,E:\football_v\10_AI_AUTONOMOUS_ENGINE\config\autonomous_config.json
D,归档,E:\football_v\10_AI_AUTONOMOUS_ENGINE\config\cognitive_intelligence_config.json
D,归档,E:\football_v\10_AI_AUTONOMOUS_ENGINE\config\evolution_decision_config.json
C,测试验证,E:\football_v\10_AI_AUTONOMOUS_ENGINE\config\evolution_governance_config.json
C,测试验证,E:\football_v\10_AI_AUTONOMOUS_ENGINE\config\evolution_intelligence_config.json
D,归档,E:\football_v\10_AI_AUTONOMOUS_ENGINE\config\evolution_knowledge_config.json
C,测试验证,E:\football_v\10_AI_AUTONOMOUS_ENGINE\config\evolution_memory_config.json
D,归档,E:\football_v\10_AI_AUTONOMOUS_ENGINE\config\evolution_simulation_config.json
C,测试验证,E:\football_v\10_AI_AUTONOMOUS_ENGINE\config\evolution_upgrade_config.json
C,测试验证,E:\football_v\10_AI_AUTONOMOUS_ENGINE\config\human_approval_config.json
D,归档,E:\football_v\10_AI_AUTONOMOUS_ENGINE\config\human_approval_gate_config.json
D,归档,E:\football_v\10_AI_AUTONOMOUS_ENGINE\config\optimization_strategy_config.json
D,归档,E:\football_v\10_AI_AUTONOMOUS_ENGINE\config\recovery_config.json
D,归档,E:\football_v\10_AI_AUTONOMOUS_ENGINE\config\self_audit_config.json
D,归档,E:\football_v\10_AI_AUTONOMOUS_ENGINE\config\strategy_reasoning_config.json
C,测试验证,E:\football_v\10_AI_AUTONOMOUS_ENGINE\config\upgrade_config.json
C,测试验证,E:\football_v\10_AI_AUTONOMOUS_ENGINE\reports\autonomous_engine_v2.2_batch_report.json
C,测试验证,E:\football_v\10_AI_AUTONOMOUS_ENGINE\reports\autonomous_engine_v2.4_batch_report.json
C,测试验证,E:\football_v\10_AI_AUTONOMOUS_ENGINE\reports\autonomous_engine_v2.6_batch_report.json
C,测试验证,E:\football_v\10_AI_AUTONOMOUS_ENGINE\reports\autonomous_engine_v2.8_batch_report.json
C,测试验证,E:\football_v\10_AI_AUTONOMOUS_ENGINE\reports\autonomous_engine_v3.0_batch_report.json
C,测试验证,E:\football_v\10_AI_AUTONOMOUS_ENGINE\tests\autonomous_engine_hil_v1_0_full_test.py
B,整理后迁移,E:\football_v\10_AI_AUTONOMOUS_ENGINE\tests\autonomous_engine_v1_4_full_test.py
C,测试验证,E:\football_v\10_AI_AUTONOMOUS_ENGINE\tests\autonomous_engine_v1_6_full_test.py
C,测试验证,E:\football_v\10_AI_AUTONOMOUS_ENGINE\tests\autonomous_engine_v1_8_full_test.py
C,测试验证,E:\football_v\10_AI_AUTONOMOUS_ENGINE\tests\autonomous_engine_v2_2_batch_full_test.py
B,整理后迁移,E:\football_v\10_AI_AUTONOMOUS_ENGINE\tests\autonomous_engine_v2_4_batch_full_test.py
C,测试验证,E:\football_v\10_AI_AUTONOMOUS_ENGINE\tests\autonomous_engine_v2_6_batch_full_test.py
B,整理后迁移,E:\football_v\10_AI_AUTONOMOUS_ENGINE\tests\autonomous_engine_v2_8_batch_full_test.py
B,整理后迁移,E:\football_v\10_AI_AUTONOMOUS_ENGINE\tests\autonomous_engine_v3_0_batch_full_test.py
C,测试验证,E:\football_v\10_AI_AUTONOMOUS_ENGINE\tests\compile_check.py
C,测试验证,E:\football_v\10_AI_AUTONOMOUS_ENGINE\tests\conftest.py
C,测试验证,E:\football_v\10_AI_AUTONOMOUS_ENGINE\tests\human_approval_v1_2_full_test.py
B,整理后迁移,E:\football_v\10_AI_AUTONOMOUS_ENGINE\tests\optimization_suggestion_v1_1_full_test.py
C,测试验证,E:\football_v\10_AI_AUTONOMOUS_ENGINE\tests\test_autonomous_compatibility.py
C,测试验证,E:\football_v\10_AI_AUTONOMOUS_ENGINE\tests\test_phase2_connection.py
C,测试验证,E:\football_v\10_AI_AUTONOMOUS_ENGINE\tests\test_phase2_full_system.py
C,测试验证,E:\football_v\10_INTEGRATION_LAYER\runtime\integration_test.db
C,测试验证,E:\football_v\10_INTEGRATION_LAYER\service\integration_service.py
B,整理后迁移,E:\football_v\10_INTEGRATION_LAYER\test\full_pipeline_test.py
C,测试验证,E:\football_v\10_INTEGRATION_LAYER\test\model_connection_test.py
B,整理后迁移,E:\football_v\10_MARKET_INTELLIGENCE_LAYER\handicap_model\handicap_engine.py
C,测试验证,E:\football_v\10_MARKET_INTELLIGENCE_LAYER\market_report\market_report.py
B,整理后迁移,E:\football_v\10_MARKET_INTELLIGENCE_LAYER\market_risk_model\risk_engine.py
C,测试验证,E:\football_v\10_MARKET_INTELLIGENCE_LAYER\market_sentiment_engine\sentiment.py
C,测试验证,E:\football_v\10_MARKET_INTELLIGENCE_LAYER\money_flow_engine\money_flow.py
C,测试验证,E:\football_v\10_MARKET_INTELLIGENCE_LAYER\odds_analysis\odds_analyzer.py
C,测试验证,E:\football_v\10_MARKET_INTELLIGENCE_LAYER\registry\market_registry.json
C,测试验证,E:\football_v\10_MARKET_INTELLIGENCE_LAYER\reports\market_deploy_report.json
C,测试验证,E:\football_v\10_MARKET_INTELLIGENCE_LAYER\reports\market_test_report.json
C,测试验证,E:\football_v\10_MARKET_INTELLIGENCE_LAYER\risk_adjustment_engine\risk_adjuster.py
C,测试验证,E:\football_v\110_FINAL_MARKET_DECISION_ENGINE\module.py
B,整理后迁移,E:\football_v\111_ADVANCED_FEATURE_ENGINE\module.py
C,测试验证,E:\football_v\112_TEAM_STRENGTH_EVOLUTION_ENGINE\module.py
C,测试验证,E:\football_v\113_PLAYER_IMPACT_ANALYSIS_ENGINE\module.py
C,测试验证,E:\football_v\114_MATCH_CONTEXT_ENGINE\module.py
C,测试验证,E:\football_v\115_AI_FORECAST_ENHANCEMENT_ENGINE\module.py
C,测试验证,E:\football_v\116_REAL_MATCH_PIPELINE\module.py
C,测试验证,E:\football_v\117_FEATURE_AUTO_GENERATOR\module.py
C,测试验证,E:\football_v\118_MODEL_INFERENCE_SERVICE\module.py
C,测试验证,E:\football_v\119_PREDICTION_OUTPUT_SERVICE\module.py
C,测试验证,E:\football_v\11_AI_ORCHESTRATION_LAYER\api_gateway\gateway.py
C,测试验证,E:\football_v\11_AI_ORCHESTRATION_LAYER\data_router\data_router.py
C,测试验证,E:\football_v\11_AI_ORCHESTRATION_LAYER\decision_router\decision_router.py
C,测试验证,E:\football_v\11_AI_ORCHESTRATION_LAYER\logging_center\logger.py
C,测试验证,E:\football_v\11_AI_ORCHESTRATION_LAYER\model_scheduler\scheduler.py
C,测试验证,E:\football_v\11_AI_ORCHESTRATION_LAYER\orchestrator_core\orchestrator.py
C,测试验证,E:\football_v\11_AI_ORCHESTRATION_LAYER\pipeline_manager\pipeline.py
C,测试验证,E:\football_v\11_AI_ORCHESTRATION_LAYER\registry\orchestration_registry.json
C,测试验证,E:\football_v\11_AI_ORCHESTRATION_LAYER\reports\orchestration_deploy_report.json
C,测试验证,E:\football_v\11_AI_ORCHESTRATION_LAYER\reports\orchestration_test_report.json
C,测试验证,E:\football_v\11_AI_ORCHESTRATION_LAYER\workflow_engine\workflow.py
A,核心资产，优先迁移,E:\football_v\11_SIMULATION_LAYER\engine\match_simulation_engine_V2.7.1.py
A,核心资产，优先迁移,E:\football_v\11_SIMULATION_LAYER\engine\match_simulation_engine_V2.7.py
C,测试验证,E:\football_v\11_SIMULATION_LAYER\input\match_input.json
C,测试验证,E:\football_v\11_SIMULATION_LAYER\output\simulation_result.json
C,测试验证,E:\football_v\11_SIMULATION_LAYER\reports\simulation_report.json
C,测试验证,E:\football_v\11_SIMULATION_LAYER\runtime\simulation_runtime.db
C,测试验证,E:\football_v\11_System_Intelligence\accuracy_report.py
C,测试验证,E:\football_v\11_System_Intelligence\adaptive_feedback.py
C,测试验证,E:\football_v\11_System_Intelligence\agent_fusion_engine.py
C,测试验证,E:\football_v\11_System_Intelligence\agent_manager.py
C,测试验证,E:\football_v\11_System_Intelligence\ai_prediction_os.py
C,测试验证,E:\football_v\11_System_Intelligence\backtest_engine.py
C,测试验证,E:\football_v\11_System_Intelligence\bankroll_manager.py
C,测试验证,E:\football_v\11_System_Intelligence\beidan_engine.py
B,整理后迁移,E:\football_v\11_System_Intelligence\betting_recommendation_engine.py
B,整理后迁移,E:\football_v\11_System_Intelligence\bet_strategy_engine.py
C,测试验证,E:\football_v\11_System_Intelligence\capital_flow_engine.py
C,测试验证,E:\football_v\11_System_Intelligence\capital_sentiment.py
C,测试验证,E:\football_v\11_System_Intelligence\confidence_calibrator.py
C,测试验证,E:\football_v\11_System_Intelligence\confidence_engine.py
C,测试验证,E:\football_v\11_System_Intelligence\confidence_tracker.py
C,测试验证,E:\football_v\11_System_Intelligence\decision_api.py
C,测试验证,E:\football_v\11_System_Intelligence\decision_context.py
B,整理后迁移,E:\football_v\11_System_Intelligence\decision_fusion.py
C,测试验证,E:\football_v\11_System_Intelligence\decision_memory.py
C,测试验证,E:\football_v\11_System_Intelligence\decision_reasoner.py
C,测试验证,E:\football_v\11_System_Intelligence\dixon_coles_model.py
B,整理后迁移,E:\football_v\11_System_Intelligence\dixon_coles_trainer.py
C,测试验证,E:\football_v\11_System_Intelligence\dynamic_weight_engine.py
C,测试验证,E:\football_v\11_System_Intelligence\elo_engine.py
B,整理后迁移,E:\football_v\11_System_Intelligence\elo_trainer.py
C,测试验证,E:\football_v\11_System_Intelligence\error_analysis_engine.py
B,整理后迁移,E:\football_v\11_System_Intelligence\evolution_engine.py
C,测试验证,E:\football_v\11_System_Intelligence\evolution_memory.py
C,测试验证,E:\football_v\11_System_Intelligence\fatigue_engine.py
B,整理后迁移,E:\football_v\11_System_Intelligence\feature_engineering.py
C,测试验证,E:\football_v\11_System_Intelligence\feedback_memory.py
C,测试验证,E:\football_v\11_System_Intelligence\football_ai_report.py
C,测试验证,E:\football_v\11_System_Intelligence\football_ai_runtime.py
C,测试验证,E:\football_v\11_System_Intelligence\form_analysis_engine.py
C,测试验证,E:\football_v\11_System_Intelligence\handicap_trap_detector.py
C,测试验证,E:\football_v\11_System_Intelligence\historical_match_loader.py
C,测试验证,E:\football_v\11_System_Intelligence\home_away_engine.py
C,测试验证,E:\football_v\11_System_Intelligence\injury_engine.py
C,测试验证,E:\football_v\11_System_Intelligence\intelligence_controller.py
C,测试验证,E:\football_v\11_System_Intelligence\intelligence_feedback_loop.py
B,整理后迁移,E:\football_v\11_System_Intelligence\intelligence_fusion_engine.py
C,测试验证,E:\football_v\11_System_Intelligence\intelligence_memory.py
C,测试验证,E:\football_v\11_System_Intelligence\intelligence_report.py
C,测试验证,E:\football_v\11_System_Intelligence\intelligence_router.py
C,测试验证,E:\football_v\11_System_Intelligence\intelligence_scheduler.py
C,测试验证,E:\football_v\11_System_Intelligence\intelligence_weight_manager.py
C,测试验证,E:\football_v\11_System_Intelligence\knowledge_embedding.py
C,测试验证,E:\football_v\11_System_Intelligence\knowledge_engine.py
C,测试验证,E:\football_v\11_System_Intelligence\knowledge_graph.py
B,整理后迁移,E:\football_v\11_System_Intelligence\knowledge_memory_bridge.py
C,测试验证,E:\football_v\11_System_Intelligence\knowledge_node.py
C,测试验证,E:\football_v\11_System_Intelligence\knowledge_optimizer.py
C,测试验证,E:\football_v\11_System_Intelligence\knowledge_profile.py
C,测试验证,E:\football_v\11_System_Intelligence\knowledge_query_engine.py
C,测试验证,E:\football_v\11_System_Intelligence\knowledge_reasoner.py
C,测试验证,E:\football_v\11_System_Intelligence\knowledge_relation.py
C,测试验证,E:\football_v\11_System_Intelligence\knowledge_relation_engine.py
C,测试验证,E:\football_v\11_System_Intelligence\knowledge_update_engine.py
C,测试验证,E:\football_v\11_System_Intelligence\learning_memory.py
C,测试验证,E:\football_v\11_System_Intelligence\learning_scheduler.py
C,测试验证,E:\football_v\11_System_Intelligence\les_advanced.py
C,测试验证,E:\football_v\11_System_Intelligence\les_engine.py
C,测试验证,E:\football_v\11_System_Intelligence\lineup_engine.py
C,测试验证,E:\football_v\11_System_Intelligence\market_agent.py
C,测试验证,E:\football_v\11_System_Intelligence\market_engine.py
C,测试验证,E:\football_v\11_System_Intelligence\match_feature_store.py
B,整理后迁移,E:\football_v\11_System_Intelligence\match_prediction_engine.py
C,测试验证,E:\football_v\11_System_Intelligence\match_simulator.py
C,测试验证,E:\football_v\11_System_Intelligence\memory_adapter.py
B,整理后迁移,E:\football_v\11_System_Intelligence\model_accuracy_memory.py
B,整理后迁移,E:\football_v\11_System_Intelligence\model_adjustment_engine.py
C,测试验证,E:\football_v\11_System_Intelligence\model_conflict_detector.py
C,测试验证,E:\football_v\11_System_Intelligence\model_fusion_core.py
C,测试验证,E:\football_v\11_System_Intelligence\model_observer.py
C,测试验证,E:\football_v\11_System_Intelligence\model_optimizer.py
C,测试验证,E:\football_v\11_System_Intelligence\model_weight_optimizer.py
C,测试验证,E:\football_v\11_System_Intelligence\monte_carlo_engine.py
B,整理后迁移,E:\football_v\11_System_Intelligence\odds_movement.py
D,归档,E:\football_v\11_System_Intelligence\parlay_strategy.py
C,测试验证,E:\football_v\11_System_Intelligence\performance_tracker.py
C,测试验证,E:\football_v\11_System_Intelligence\poisson_model.py
B,整理后迁移,E:\football_v\11_System_Intelligence\poisson_trainer.py
C,测试验证,E:\football_v\11_System_Intelligence\prediction_agent.py
C,测试验证,E:\football_v\11_System_Intelligence\prediction_evaluator.py
C,测试验证,E:\football_v\11_System_Intelligence\prediction_report.py
C,测试验证,E:\football_v\11_System_Intelligence\prediction_report_generator.py
B,整理后迁移,E:\football_v\11_System_Intelligence\probability_fusion_engine.py
C,测试验证,E:\football_v\11_System_Intelligence\probability_memory.py
C,测试验证,E:\football_v\11_System_Intelligence\profit_tracker.py
C,测试验证,E:\football_v\11_System_Intelligence\reasoning_agent.py
C,测试验证,E:\football_v\11_System_Intelligence\reasoning_context.py
C,测试验证,E:\football_v\11_System_Intelligence\reasoning_engine.py
C,测试验证,E:\football_v\11_System_Intelligence\reasoning_memory.py
C,测试验证,E:\football_v\11_System_Intelligence\reasoning_rules.py
D,归档,E:\football_v\11_System_Intelligence\result_collector.py
C,测试验证,E:\football_v\11_System_Intelligence\risk_agent.py
C,测试验证,E:\football_v\11_System_Intelligence\risk_detector.py
C,测试验证,E:\football_v\11_System_Intelligence\risk_engine.py
C,测试验证,E:\football_v\11_System_Intelligence\risk_memory.py
C,测试验证,E:\football_v\11_System_Intelligence\risk_report.py
C,测试验证,E:\football_v\11_System_Intelligence\rule_optimizer.py
C,测试验证,E:\football_v\11_System_Intelligence\score_distribution_engine.py
B,整理后迁移,E:\football_v\11_System_Intelligence\score_prediction_engine.py
C,测试验证,E:\football_v\11_System_Intelligence\score_probability_table.py
B,整理后迁移,E:\football_v\11_System_Intelligence\self_learning_engine.py
D,归档,E:\football_v\11_System_Intelligence\single_strategy.py
C,测试验证,E:\football_v\11_System_Intelligence\sp_probability_engine.py
C,测试验证,E:\football_v\11_System_Intelligence\strategy_agent.py
C,测试验证,E:\football_v\11_System_Intelligence\strategy_mutator.py
C,测试验证,E:\football_v\11_System_Intelligence\system_analyzer.py
C,测试验证,E:\football_v\11_System_Intelligence\system_brain.py
C,测试验证,E:\football_v\11_System_Intelligence\system_exporter.py
C,测试验证,E:\football_v\11_System_Intelligence\team_feature_builder.py
C,测试验证,E:\football_v\11_System_Intelligence\team_strength_engine.py
C,测试验证,E:\football_v\11_System_Intelligence\true_probability_calculator.py
C,测试验证,E:\football_v\11_System_Intelligence\value_detector.py
C,测试验证,E:\football_v\11_System_Intelligence\weight_learning_engine.py
B,整理后迁移,E:\football_v\11_System_Intelligence\xgboost_predictor.py
B,整理后迁移,E:\football_v\11_System_Intelligence\xgboost_trainer.py
D,归档,E:\football_v\11_System_Intelligence\reports\phase3_10_confidence_report.json
C,测试验证,E:\football_v\11_System_Intelligence\reports\phase3_11_knowledge_graph_report.json
D,归档,E:\football_v\11_System_Intelligence\reports\phase3_12_probability_report.json
D,归档,E:\football_v\11_System_Intelligence\reports\phase3_13_market_report.json
D,归档,E:\football_v\11_System_Intelligence\reports\phase3_14_prediction_report.json
D,归档,E:\football_v\11_System_Intelligence\reports\phase3_15_runtime_report.json
C,测试验证,E:\football_v\11_System_Intelligence\reports\phase3_2_memory_bridge_report.json
D,归档,E:\football_v\11_System_Intelligence\reports\phase3_3_reasoning_report.json
D,归档,E:\football_v\11_System_Intelligence\reports\phase3_4_decision_fusion_report.json
D,归档,E:\football_v\11_System_Intelligence\reports\phase3_5_controller_upgrade_report.json
C,测试验证,E:\football_v\11_System_Intelligence\reports\phase3_6_self_learning_report.json
C,测试验证,E:\football_v\11_System_Intelligence\reports\phase3_7_evolution_report.json
D,归档,E:\football_v\11_System_Intelligence\reports\phase3_8_knowledge_report.json
D,归档,E:\football_v\11_System_Intelligence\reports\phase3_9_risk_report.json
D,归档,E:\football_v\11_System_Intelligence\reports\phase4_1_prediction_core_report.json
D,归档,E:\football_v\11_System_Intelligence\reports\phase4_2_team_intelligence_report.json
D,归档,E:\football_v\11_System_Intelligence\reports\phase4_3_market_intelligence_report.json
D,归档,E:\football_v\11_System_Intelligence\reports\phase4_4_report_system_report.json
D,归档,E:\football_v\11_System_Intelligence\reports\phase5_1_report.json
D,归档,E:\football_v\11_System_Intelligence\reports\phase5_2_report.json
D,归档,E:\football_v\11_System_Intelligence\reports\phase5_3_report.json
D,归档,E:\football_v\11_System_Intelligence\reports\phase5_4_report.json
D,归档,E:\football_v\11_System_Intelligence\reports\phase6_1_report.json
D,归档,E:\football_v\11_System_Intelligence\reports\phase6_2_report.json
D,归档,E:\football_v\11_System_Intelligence\reports\phase6_3_report.json
D,归档,E:\football_v\11_System_Intelligence\reports\phase6_4_report.json
C,测试验证,E:\football_v\11_System_Intelligence\tests\test_intelligence.py
C,测试验证,E:\football_v\11_System_Intelligence\tests\test_phase2_intelligence.py
C,测试验证,E:\football_v\11_System_Intelligence\tests\test_phase3_10_confidence.py
C,测试验证,E:\football_v\11_System_Intelligence\tests\test_phase3_11_knowledge_graph.py
C,测试验证,E:\football_v\11_System_Intelligence\tests\test_phase3_12_probability.py
C,测试验证,E:\football_v\11_System_Intelligence\tests\test_phase3_13_market.py
B,整理后迁移,E:\football_v\11_System_Intelligence\tests\test_phase3_14_prediction.py
C,测试验证,E:\football_v\11_System_Intelligence\tests\test_phase3_15_runtime.py
C,测试验证,E:\football_v\11_System_Intelligence\tests\test_phase3_2_memory_bridge.py
C,测试验证,E:\football_v\11_System_Intelligence\tests\test_phase3_3_reasoning.py
B,整理后迁移,E:\football_v\11_System_Intelligence\tests\test_phase3_4_decision_fusion.py
C,测试验证,E:\football_v\11_System_Intelligence\tests\test_phase3_5_controller_upgrade.py
B,整理后迁移,E:\football_v\11_System_Intelligence\tests\test_phase3_6_self_learning.py
C,测试验证,E:\football_v\11_System_Intelligence\tests\test_phase3_7_evolution.py
C,测试验证,E:\football_v\11_System_Intelligence\tests\test_phase3_8_knowledge.py
C,测试验证,E:\football_v\11_System_Intelligence\tests\test_phase3_9_risk.py
B,整理后迁移,E:\football_v\11_System_Intelligence\tests\test_phase3_system_intelligence.py
C,测试验证,E:\football_v\11_System_Intelligence\tests\test_phase4_market_core.py
B,整理后迁移,E:\football_v\11_System_Intelligence\tests\test_phase4_prediction_core.py
C,测试验证,E:\football_v\11_System_Intelligence\tests\test_phase5_1_agents.py
C,测试验证,E:\football_v\11_System_Intelligence\tests\test_phase5_2_weight.py
C,测试验证,E:\football_v\11_System_Intelligence\tests\test_phase5_3_simulation.py
C,测试验证,E:\football_v\11_System_Intelligence\tests\test_phase5_4_strategy.py
C,测试验证,E:\football_v\11_System_Intelligence\tests\test_phase6_backtest.py
B,整理后迁移,E:\football_v\11_System_Intelligence\tests\test_phase6_feedback.py
C,测试验证,E:\football_v\11_System_Intelligence\tests\test_phase6_training.py
C,测试验证,E:\football_v\120_AI_REPORT_SERVICE\module.py
C,测试验证,E:\football_v\121_DATABASE_GOVERNANCE_LAYER\data_registry.py
C,测试验证,E:\football_v\121_RESULT_FEEDBACK_ENGINE\module.py
C,测试验证,E:\football_v\122_ERROR_ANALYSIS_ENGINE\module.py
C,测试验证,E:\football_v\122_MODEL_STORE_LAYER\metadata_manager.py
C,测试验证,E:\football_v\123_EXECUTION_ENGINE\decision_executor.py
C,测试验证,E:\football_v\123_MODEL_WEIGHT_UPDATE_ENGINE\module.py
C,测试验证,E:\football_v\124_AUTO_BACKTEST_ENGINE\module.py
D,归档,E:\football_v\124_DASHBOARD_LAYER\model_monitor.py
D,归档,E:\football_v\125_AI_VERSION_MANAGER\module.py
D,归档,E:\football_v\125_PRODUCT_RELEASE_LAYER\deployment_validator.py
C,测试验证,E:\football_v\126_MODEL_EXPLANATION_ENGINE\explanation_engine.py
D,归档,E:\football_v\127_AUTONOMOUS_LEARNING_LOOP\feedback_processor.py
D,归档,E:\football_v\128_SYSTEM_MONITORING_CENTER\alert_manager.py
D,归档,E:\football_v\129_API_GATEWAY_LAYER\api_router.py
C,测试验证,E:\football_v\12_API_LAYER\api\decision_api.py
C,测试验证,E:\football_v\12_API_LAYER\api\prediction_api.py
C,测试验证,E:\football_v\12_API_LAYER\reports\api_validation_report.json
C,测试验证,E:\football_v\12_API_LAYER\reports\real_model_runtime_report.json
C,测试验证,E:\football_v\12_API_LAYER\runtime\api_runtime.db
B,整理后迁移,E:\football_v\12_API_LAYER\service\football_prediction_service.py
B,整理后迁移,E:\football_v\12_API_LAYER\test\api_integration_test.py
C,测试验证,E:\football_v\12_AUTONOMOUS_LEARNING_ENGINE\error_analysis\error_analyzer.py
C,测试验证,E:\football_v\12_AUTONOMOUS_LEARNING_ENGINE\experience_database\experience_manager.py
C,测试验证,E:\football_v\12_AUTONOMOUS_LEARNING_ENGINE\feature_optimizer\feature_optimizer.py
C,测试验证,E:\football_v\12_AUTONOMOUS_LEARNING_ENGINE\feedback_collector\collector.py
C,测试验证,E:\football_v\12_AUTONOMOUS_LEARNING_ENGINE\improvement_engine\improvement.py
B,整理后迁移,E:\football_v\12_AUTONOMOUS_LEARNING_ENGINE\model_learning\learning_engine.py
C,测试验证,E:\football_v\12_AUTONOMOUS_LEARNING_ENGINE\registry\learning_registry.json
C,测试验证,E:\football_v\12_AUTONOMOUS_LEARNING_ENGINE\reports\learning_deploy_report.json
C,测试验证,E:\football_v\12_AUTONOMOUS_LEARNING_ENGINE\reports\learning_test_report.json
C,测试验证,E:\football_v\12_AUTONOMOUS_LEARNING_ENGINE\self_reflection\reflection_engine.py
C,测试验证,E:\football_v\12_AUTONOMOUS_LEARNING_ENGINE\weight_optimizer\optimizer.py
D,归档,E:\football_v\130_FINAL_SYSTEM_VALIDATION\module.py
C,测试验证,E:\football_v\131_USER_INTERFACE_LAYER\module.py
C,测试验证,E:\football_v\132_NATURAL_LANGUAGE_ENGINE\module.py
C,测试验证,E:\football_v\133_CONVERSATION_MEMORY_LAYER\module.py
C,测试验证,E:\football_v\134_COMMAND_ROUTER_ENGINE\module.py
C,测试验证,E:\football_v\135_API_GATEWAY_CONNECTOR\module.py
C,测试验证,E:\football_v\136_MODULE_DISPATCH_ENGINE\module.py
C,测试验证,E:\football_v\137_REPORT_PRESENTATION_LAYER\module.py
C,测试验证,E:\football_v\138_LOCAL_CHAT_RUNTIME\module.py
C,测试验证,E:\football_v\139_SYSTEM_HEALTH_INTERFACE\module.py
C,测试验证,E:\football_v\13_REPORT_INTELLIGENCE_LAYER\export_engine\exporter.py
C,测试验证,E:\football_v\13_REPORT_INTELLIGENCE_LAYER\market_report\market_report.py
C,测试验证,E:\football_v\13_REPORT_INTELLIGENCE_LAYER\match_report_generator\match_report.py
C,测试验证,E:\football_v\13_REPORT_INTELLIGENCE_LAYER\model_report\model_report.py
C,测试验证,E:\football_v\13_REPORT_INTELLIGENCE_LAYER\post_match_report\post_match.py
C,测试验证,E:\football_v\13_REPORT_INTELLIGENCE_LAYER\probability_report\probability_report.py
C,测试验证,E:\football_v\13_REPORT_INTELLIGENCE_LAYER\registry\report_registry.json
C,测试验证,E:\football_v\13_REPORT_INTELLIGENCE_LAYER\reports\report_layer_deploy_report.json
C,测试验证,E:\football_v\13_REPORT_INTELLIGENCE_LAYER\reports\report_layer_test_report.json
C,测试验证,E:\football_v\13_REPORT_INTELLIGENCE_LAYER\risk_report\risk_report.py
C,测试验证,E:\football_v\13_REPORT_INTELLIGENCE_LAYER\visualization_engine\visualizer.py
C,测试验证,E:\football_v\13_TEST_LAYER\cases\match_cases.json
A,核心资产，优先迁移,E:\football_v\13_TEST_LAYER\engine\end_to_end_test_engine_V2.9.py
C,测试验证,E:\football_v\13_TEST_LAYER\reports\final_system_test_report.json
C,测试验证,E:\football_v\13_TEST_LAYER\runtime\test_runtime.db
B,整理后迁移,E:\football_v\13_TEST_LAYER\validation\database_validation.py
C,测试验证,E:\football_v\140_FINAL_INTERFACE_VALIDATION\module.py
B,整理后迁移,E:\football_v\141_REAL_CHAT_EXECUTION_ENGINE\module.py
B,整理后迁移,E:\football_v\142_DATABASE_QUERY_RUNTIME\module.py
B,整理后迁移,E:\football_v\143_MODEL_CALL_ORCHESTRATOR\module.py
C,测试验证,E:\football_v\144_MATCH_ANALYSIS_EXECUTOR\module.py
C,测试验证,E:\football_v\145_REPORT_GENERATION_RUNTIME\module.py
B,整理后迁移,E:\football_v\146_HISTORY_CONVERSATION_STORE\module.py
B,整理后迁移,E:\football_v\147_TASK_SCHEDULER_ENGINE\module.py
C,测试验证,E:\football_v\148_RUNTIME_ERROR_HANDLER\module.py
C,测试验证,E:\football_v\149_SYSTEM_LOG_MANAGER\module.py
C,测试验证,E:\football_v\14_OPERATION_LAYER\input\match_request.json
C,测试验证,E:\football_v\14_OPERATION_LAYER\output\prediction_result.json
C,测试验证,E:\football_v\14_OPERATION_LAYER\reports\operation_report.json
C,测试验证,E:\football_v\14_SYSTEM_MONITORING_LAYER\alert_engine\alert_manager.py
C,测试验证,E:\football_v\14_SYSTEM_MONITORING_LAYER\dashboard\system_dashboard.py
C,测试验证,E:\football_v\14_SYSTEM_MONITORING_LAYER\database_monitor\database_checker.py
C,测试验证,E:\football_v\14_SYSTEM_MONITORING_LAYER\error_monitor\error_collector.py
C,测试验证,E:\football_v\14_SYSTEM_MONITORING_LAYER\health_monitor\health_checker.py
C,测试验证,E:\football_v\14_SYSTEM_MONITORING_LAYER\model_monitor\model_checker.py
C,测试验证,E:\football_v\14_SYSTEM_MONITORING_LAYER\performance_monitor\performance_checker.py
C,测试验证,E:\football_v\14_SYSTEM_MONITORING_LAYER\registry\monitoring_registry.json
C,测试验证,E:\football_v\14_SYSTEM_MONITORING_LAYER\reports\monitoring_deploy_report.json
C,测试验证,E:\football_v\14_SYSTEM_MONITORING_LAYER\reports\monitoring_test_report.json
C,测试验证,E:\football_v\14_SYSTEM_MONITORING_LAYER\resource_monitor\resource_checker.py
C,测试验证,E:\football_v\150_FINAL_RUNTIME_VALIDATION\module.py
C,测试验证,E:\football_v\15_API_INTEGRATION_LAYER\api_scheduler\scheduler.py
C,测试验证,E:\football_v\15_API_INTEGRATION_LAYER\config\api_config.json
C,测试验证,E:\football_v\15_API_INTEGRATION_LAYER\data_sync_engine\sync_manager.py
C,测试验证,E:\football_v\15_API_INTEGRATION_LAYER\football_data_api\football_data_client.py
C,测试验证,E:\football_v\15_API_INTEGRATION_LAYER\injury_api\injury_client.py
C,测试验证,E:\football_v\15_API_INTEGRATION_LAYER\news_api\news_client.py
C,测试验证,E:\football_v\15_API_INTEGRATION_LAYER\odds_api\odds_client.py
C,测试验证,E:\football_v\15_API_INTEGRATION_LAYER\registry\api_registry.json
C,测试验证,E:\football_v\15_API_INTEGRATION_LAYER\reports\api_deploy_report.json
C,测试验证,E:\football_v\15_API_INTEGRATION_LAYER\reports\api_test_report.json
C,测试验证,E:\football_v\15_API_INTEGRATION_LAYER\stats_api\stats_client.py
C,测试验证,E:\football_v\15_API_INTEGRATION_LAYER\weather_api\weather_client.py
C,测试验证,E:\football_v\16_DATABASE_GOVERNANCE_LAYER\audit_logger.py
B,整理后迁移,E:\football_v\16_DATABASE_GOVERNANCE_LAYER\deploy_governance_batch_01_V1.0.py
C,测试验证,E:\football_v\16_DATABASE_GOVERNANCE_LAYER\module.py
B,整理后迁移,E:\football_v\16_DATABASE_GOVERNANCE_LAYER\backup_engine\backup_engine_V1.0.py
B,整理后迁移,E:\football_v\16_DATABASE_GOVERNANCE_LAYER\batch_modules\create_backup_engine.py
B,整理后迁移,E:\football_v\16_DATABASE_GOVERNANCE_LAYER\batch_modules\create_database_initializer.py
B,整理后迁移,E:\football_v\16_DATABASE_GOVERNANCE_LAYER\batch_modules\create_restore_engine.py
B,整理后迁移,E:\football_v\16_DATABASE_GOVERNANCE_LAYER\batch_modules\create_version_control_engine.py
C,测试验证,E:\football_v\16_DATABASE_GOVERNANCE_LAYER\database_backup_scheduler\database_backup_scheduler_V1.0.py
C,测试验证,E:\football_v\16_DATABASE_GOVERNANCE_LAYER\database_health_monitor\database_health_monitor_V1.0.py
B,整理后迁移,E:\football_v\16_DATABASE_GOVERNANCE_LAYER\database_initializer\database_initializer_V1.0.py
C,测试验证,E:\football_v\16_DATABASE_GOVERNANCE_LAYER\database_restore_manager\database_restore_manager_V1.0.py
C,测试验证,E:\football_v\16_DATABASE_GOVERNANCE_LAYER\database_schema_manager\database_schema_manager_V1.0.py
C,测试验证,E:\football_v\16_DATABASE_GOVERNANCE_LAYER\database_version_manager\database_version_manager_V1.0.py
B,整理后迁移,E:\football_v\16_DATABASE_GOVERNANCE_LAYER\migration_engine\deploy_migration_engine_V1.0.py
B,整理后迁移,E:\football_v\16_DATABASE_GOVERNANCE_LAYER\migration_engine\migration_engine_V1.0.py
C,测试验证,E:\football_v\16_DATABASE_GOVERNANCE_LAYER\migration_engine\config\migration_config.json
C,测试验证,E:\football_v\16_DATABASE_GOVERNANCE_LAYER\migration_engine\registry\migration_registry.json
C,测试验证,E:\football_v\16_DATABASE_GOVERNANCE_LAYER\migration_engine\reports\migration_deployment_report.json
C,测试验证,E:\football_v\16_DATABASE_GOVERNANCE_LAYER\migration_engine\reports\migration_status.json
C,测试验证,E:\football_v\16_DATABASE_GOVERNANCE_LAYER\migration_engine\reports\migration_test_report.json
B,整理后迁移,E:\football_v\16_DATABASE_GOVERNANCE_LAYER\migration_engine\tests\test_migration_engine_V1.0.py
C,测试验证,E:\football_v\16_DATABASE_GOVERNANCE_LAYER\reports\governance_batch_01_deployment_report.json
B,整理后迁移,E:\football_v\16_DATABASE_GOVERNANCE_LAYER\restore_engine\restore_engine_V1.0.py
A,核心资产，优先迁移,E:\football_v\16_DATABASE_GOVERNANCE_LAYER\validation_engine\deploy_validation_engine_V1.0.py
A,核心资产，优先迁移,E:\football_v\16_DATABASE_GOVERNANCE_LAYER\validation_engine\validation_engine_V1.0.py
C,测试验证,E:\football_v\16_DATABASE_GOVERNANCE_LAYER\validation_engine\config\validation_config.json
C,测试验证,E:\football_v\16_DATABASE_GOVERNANCE_LAYER\validation_engine\registry\validation_registry.json
C,测试验证,E:\football_v\16_DATABASE_GOVERNANCE_LAYER\validation_engine\reports\validation_deployment_report.json
C,测试验证,E:\football_v\16_DATABASE_GOVERNANCE_LAYER\validation_engine\reports\validation_report.json
C,测试验证,E:\football_v\16_DATABASE_GOVERNANCE_LAYER\validation_engine\reports\validation_test_report.json
B,整理后迁移,E:\football_v\16_DATABASE_GOVERNANCE_LAYER\validation_engine\tests\test_validation_engine_V1.0.py
B,整理后迁移,E:\football_v\16_DATABASE_GOVERNANCE_LAYER\version_control_engine\version_control_engine_V1.0.py
B,整理后迁移,E:\football_v\17_MODEL_STORE_LAYER\deploy_model_store_batch_01_V1.0.py
C,测试验证,E:\football_v\17_MODEL_STORE_LAYER\deploy_model_store_batch_02_V1.0.py
C,测试验证,E:\football_v\17_MODEL_STORE_LAYER\model_loader.py
C,测试验证,E:\football_v\17_MODEL_STORE_LAYER\module.py
C,测试验证,E:\football_v\17_MODEL_STORE_LAYER\config\model_store_config.json
C,测试验证,E:\football_v\17_MODEL_STORE_LAYER\model_artifact_manager\model_artifact_manager_V1.0.py
C,测试验证,E:\football_v\17_MODEL_STORE_LAYER\model_cache_manager\model_cache_manager_V1.0.py
C,测试验证,E:\football_v\17_MODEL_STORE_LAYER\model_deployment_manager\model_deployment_manager_V1.0.py
C,测试验证,E:\football_v\17_MODEL_STORE_LAYER\model_loader\model_loader_V1.0.py
C,测试验证,E:\football_v\17_MODEL_STORE_LAYER\model_metrics_manager\model_metrics_manager_V1.0.py
C,测试验证,E:\football_v\17_MODEL_STORE_LAYER\model_parameter_manager\model_parameter_manager_V1.0.py
C,测试验证,E:\football_v\17_MODEL_STORE_LAYER\model_registry\model_registry_V1.0.py
C,测试验证,E:\football_v\17_MODEL_STORE_LAYER\model_registry\registry.json
C,测试验证,E:\football_v\17_MODEL_STORE_LAYER\model_validator\model_validator_V1.0.py
C,测试验证,E:\football_v\17_MODEL_STORE_LAYER\model_version_manager\model_version_manager_V1.0.py
C,测试验证,E:\football_v\17_MODEL_STORE_LAYER\reports\model_store_batch_01_deployment_report.json
C,测试验证,E:\football_v\17_MODEL_STORE_LAYER\reports\model_store_batch_02_deployment_report.json
A,核心资产，优先迁移,E:\football_v\18_MODEL_EXECUTION_ENGINE\deploy_execution_engine_batch_01_V1.0.py
B,整理后迁移,E:\football_v\18_MODEL_EXECUTION_ENGINE\fusion_engine.py
B,整理后迁移,E:\football_v\18_MODEL_EXECUTION_ENGINE\module.py
C,测试验证,E:\football_v\18_MODEL_EXECUTION_ENGINE\batch_predictor\batch_predictor_V1.0.py
C,测试验证,E:\football_v\18_MODEL_EXECUTION_ENGINE\confidence_engine\confidence_engine_V1.0.py
C,测试验证,E:\football_v\18_MODEL_EXECUTION_ENGINE\config\execution_config.json
D,归档,E:\football_v\18_MODEL_EXECUTION_ENGINE\execution_monitor\execution_monitor_V1.0.py
C,测试验证,E:\football_v\18_MODEL_EXECUTION_ENGINE\feature_loader\feature_loader_V1.0.py
C,测试验证,E:\football_v\18_MODEL_EXECUTION_ENGINE\fusion_engine\fusion_engine_V1.0.py
C,测试验证,E:\football_v\18_MODEL_EXECUTION_ENGINE\model_loader\model_loader_V1.0.py
C,测试验证,E:\football_v\18_MODEL_EXECUTION_ENGINE\output_manager\output_manager_V1.0.py
C,测试验证,E:\football_v\18_MODEL_EXECUTION_ENGINE\prediction_pipeline\prediction_pipeline_V1.0.py
C,测试验证,E:\football_v\18_MODEL_EXECUTION_ENGINE\prediction_scheduler\prediction_scheduler_V1.0.py
C,测试验证,E:\football_v\18_MODEL_EXECUTION_ENGINE\reports\execution_engine_batch_01_deployment_report.json
C,测试验证,E:\football_v\18_MODEL_EXECUTION_ENGINE\risk_engine\risk_engine_V1.0.py
C,测试验证,E:\football_v\19_API_LAYER\health_api.py
C,测试验证,E:\football_v\19_API_LAYER\module.py
D,归档,E:\football_v\19_API_LAYER\api_registry\api_registry_V1.0.py
D,归档,E:\football_v\19_API_LAYER\api_server\api_server_V1.0.py
D,归档,E:\football_v\19_API_LAYER\health_api\health_api_V1.0.py
C,测试验证,E:\football_v\19_API_LAYER\model_api\model_api_V1.0.py
C,测试验证,E:\football_v\19_API_LAYER\prediction_api\prediction_api_V1.0.py
D,归档,E:\football_v\19_API_LAYER\report_api\report_api_V1.0.py
C,测试验证,E:\football_v\20_DASHBOARD_LAYER\dashboard.py
C,测试验证,E:\football_v\20_DASHBOARD_LAYER\module.py
D,归档,E:\football_v\20_DASHBOARD_LAYER\dashboard_core\dashboard_core_V1.0.py
D,归档,E:\football_v\20_DASHBOARD_LAYER\market_dashboard\market_dashboard_V1.0.py
C,测试验证,E:\football_v\20_DASHBOARD_LAYER\model_dashboard\model_dashboard_V1.0.py
C,测试验证,E:\football_v\20_DASHBOARD_LAYER\prediction_dashboard\prediction_dashboard_V1.0.py
D,归档,E:\football_v\20_DASHBOARD_LAYER\probability_dashboard\probability_dashboard_V1.0.py
D,归档,E:\football_v\20_DASHBOARD_LAYER\report_dashboard\report_dashboard_V1.0.py
C,测试验证,E:\football_v\21_PRODUCT_PACKAGE\module.py
C,测试验证,E:\football_v\21_PRODUCT_PACKAGE\startup.py
D,归档,E:\football_v\21_PRODUCT_PACKAGE\version.json
D,归档,E:\football_v\21_PRODUCT_PACKAGE\environment_checker\environment_checker_V1.0.py
C,测试验证,E:\football_v\21_PRODUCT_PACKAGE\installer\installer_V1.0.py
D,归档,E:\football_v\21_PRODUCT_PACKAGE\package_builder\package_builder_V1.0.py
C,测试验证,E:\football_v\21_PRODUCT_PACKAGE\release_manager\release_manager_V1.0.py
D,归档,E:\football_v\21_PRODUCT_PACKAGE\update_manager\update_manager_V1.0.py
D,归档,E:\football_v\21_PRODUCT_PACKAGE\version_registry\version_registry_V1.0.py
C,测试验证,E:\football_v\22_AI_FEATURE_STORE_LAYER\feature_builder.py
C,测试验证,E:\football_v\22_AI_FEATURE_STORE_LAYER\feature_pipeline.py
C,测试验证,E:\football_v\22_AI_FEATURE_STORE_LAYER\feature_registry.py
C,测试验证,E:\football_v\22_AI_FEATURE_STORE_LAYER\module.py
B,整理后迁移,E:\football_v\23_MODEL_TRAINING_ENGINE\dixon_coles_trainer.py
B,整理后迁移,E:\football_v\23_MODEL_TRAINING_ENGINE\elo_trainer.py
B,整理后迁移,E:\football_v\23_MODEL_TRAINING_ENGINE\fusion_trainer.py
B,整理后迁移,E:\football_v\23_MODEL_TRAINING_ENGINE\module.py
B,整理后迁移,E:\football_v\23_MODEL_TRAINING_ENGINE\poisson_trainer.py
B,整理后迁移,E:\football_v\23_MODEL_TRAINING_ENGINE\xgboost_trainer.py
C,测试验证,E:\football_v\23_MODEL_TRAINING_ENGINE\backtest_connector\backtest_connector_V2.0.py
C,测试验证,E:\football_v\23_MODEL_TRAINING_ENGINE\dataset_manager\dataset_manager_V2.0.py
C,测试验证,E:\football_v\23_MODEL_TRAINING_ENGINE\evaluation_engine\evaluation_engine_V2.0.py
C,测试验证,E:\football_v\23_MODEL_TRAINING_ENGINE\feature_loader\feature_loader_V2.0.py
B,整理后迁移,E:\football_v\23_MODEL_TRAINING_ENGINE\model_trainer\model_trainer_V2.0.py
C,测试验证,E:\football_v\23_MODEL_TRAINING_ENGINE\registry\model_version_registry.json
C,测试验证,E:\football_v\23_MODEL_TRAINING_ENGINE\reports\training_engine_activation_report.json
B,整理后迁移,E:\football_v\23_MODEL_TRAINING_ENGINE\tests\test_training_engine_V2.0.py
C,测试验证,E:\football_v\23_MODEL_TRAINING_ENGINE\training_pipeline\training_pipeline_V2.0.py
B,整理后迁移,E:\football_v\24_PREDICTION_INTELLIGENCE_LAYER\handicap_engine.py
C,测试验证,E:\football_v\24_PREDICTION_INTELLIGENCE_LAYER\kelly_optimizer.py
B,整理后迁移,E:\football_v\24_PREDICTION_INTELLIGENCE_LAYER\market_risk_engine.py
C,测试验证,E:\football_v\24_PREDICTION_INTELLIGENCE_LAYER\module.py
B,整理后迁移,E:\football_v\24_PREDICTION_INTELLIGENCE_LAYER\probability_engine.py
B,整理后迁移,E:\football_v\24_PREDICTION_INTELLIGENCE_LAYER\score_prediction_engine.py
C,测试验证,E:\football_v\24_PREDICTION_INTELLIGENCE_LAYER\market_intelligence\capital_flow_detector.py
C,测试验证,E:\football_v\24_PREDICTION_INTELLIGENCE_LAYER\market_intelligence\market_sentiment_engine.py
C,测试验证,E:\football_v\24_PREDICTION_INTELLIGENCE_LAYER\market_intelligence\odds_tracker.py
C,测试验证,E:\football_v\24_PREDICTION_INTELLIGENCE_LAYER\output_engine\prediction_report.py
D,归档,E:\football_v\24_PREDICTION_INTELLIGENCE_LAYER\output_engine\risk_filter.py
B,整理后迁移,E:\football_v\24_PREDICTION_INTELLIGENCE_LAYER\prediction_core\predictor.py
C,测试验证,E:\football_v\24_PREDICTION_INTELLIGENCE_LAYER\prediction_models\dixon_coles_predictor.py
C,测试验证,E:\football_v\24_PREDICTION_INTELLIGENCE_LAYER\prediction_models\elo_predictor.py
C,测试验证,E:\football_v\24_PREDICTION_INTELLIGENCE_LAYER\prediction_models\poisson_predictor.py
C,测试验证,E:\football_v\24_PREDICTION_INTELLIGENCE_LAYER\prediction_models\xgboost_predictor.py
C,测试验证,E:\football_v\24_PREDICTION_INTELLIGENCE_LAYER\prediction_pipeline\feature_pipeline.py
C,测试验证,E:\football_v\24_PREDICTION_INTELLIGENCE_LAYER\prediction_pipeline\prediction_pipeline.py
D,归档,E:\football_v\24_PREDICTION_INTELLIGENCE_LAYER\registry\prediction_registry.json
C,测试验证,E:\football_v\24_PREDICTION_INTELLIGENCE_LAYER\reports\prediction_activation_report.json
C,测试验证,E:\football_v\24_PREDICTION_INTELLIGENCE_LAYER\tests\test_prediction_engine_V2.0.py
C,测试验证,E:\football_v\25_BACKTEST_ENGINE\historical_runner.py
C,测试验证,E:\football_v\25_BACKTEST_ENGINE\module.py
C,测试验证,E:\football_v\25_BACKTEST_ENGINE\performance_report.py
C,测试验证,E:\football_v\25_BACKTEST_ENGINE\roi_calculator.py
C,测试验证,E:\football_v\25_BACKTEST_ENGINE\backtest_pipeline\backtest_pipeline_V2.0.py
B,整理后迁移,E:\football_v\25_BACKTEST_ENGINE\data_split_engine\data_split_engine_V2.0.py
C,测试验证,E:\football_v\25_BACKTEST_ENGINE\historical_runner\historical_runner_V2.0.py
C,测试验证,E:\football_v\25_BACKTEST_ENGINE\kelly_analyzer\kelly_analyzer_V2.0.py
D,归档,E:\football_v\25_BACKTEST_ENGINE\registry\backtest_registry.json
D,归档,E:\football_v\25_BACKTEST_ENGINE\reports\backtest_activation_report.json
D,归档,E:\football_v\25_BACKTEST_ENGINE\roi_calculator\roi_calculator_V2.0.py
C,测试验证,E:\football_v\26_AUTOMATION_LAYER\data_scheduler.py
C,测试验证,E:\football_v\26_AUTOMATION_LAYER\model_scheduler.py
C,测试验证,E:\football_v\26_AUTOMATION_LAYER\module.py
C,测试验证,E:\football_v\26_AUTOMATION_LAYER\monitoring_engine.py
D,归档,E:\football_v\26_AUTOMATION_LAYER\data_refresh\data_refresh_V2.0.py
C,测试验证,E:\football_v\26_AUTOMATION_LAYER\prediction_job\prediction_job_V2.0.py
D,归档,E:\football_v\26_AUTOMATION_LAYER\registry\automation_registry.json
D,归档,E:\football_v\26_AUTOMATION_LAYER\reports\automation_activation_report.json
C,测试验证,E:\football_v\26_AUTOMATION_LAYER\report_generator\report_generator_V2.0.py
D,归档,E:\football_v\26_AUTOMATION_LAYER\scheduler\scheduler_V2.0.py
C,测试验证,E:\football_v\27_MODEL_FUSION_ENGINE\confidence_engine.py
B,整理后迁移,E:\football_v\27_MODEL_FUSION_ENGINE\fusion_engine_V2.1.py
B,整理后迁移,E:\football_v\27_MODEL_FUSION_ENGINE\model_weight_engine.py
D,归档,E:\football_v\27_MODEL_FUSION_ENGINE\registry\27_MODEL_FUSION_ENGINE_registry.json
D,归档,E:\football_v\27_MODEL_FUSION_ENGINE\registry\fusion_registry.json
C,测试验证,E:\football_v\28_PROBABILITY_CALIBRATION_ENGINE\calibration_engine.py
C,测试验证,E:\football_v\28_PROBABILITY_CALIBRATION_ENGINE\odds_calibrator.py
C,测试验证,E:\football_v\28_PROBABILITY_CALIBRATION_ENGINE\registry\28_PROBABILITY_CALIBRATION_ENGINE_registry.json
D,归档,E:\football_v\28_PROBABILITY_CALIBRATION_ENGINE\registry\calibration_registry.json
B,整理后迁移,E:\football_v\29_DECISION_ENGINE\decision_engine.py
D,归档,E:\football_v\29_DECISION_ENGINE\kelly_decision.py
D,归档,E:\football_v\29_DECISION_ENGINE\registry\29_DECISION_ENGINE_registry.json
D,归档,E:\football_v\29_DECISION_ENGINE\registry\decision_registry.json
D,归档,E:\football_v\30_MARKET_GAME_ENGINE\capital_flow.py
C,测试验证,E:\football_v\30_MARKET_GAME_ENGINE\market_engine.py
D,归档,E:\football_v\30_MARKET_GAME_ENGINE\registry\30_MARKET_GAME_ENGINE_registry.json
D,归档,E:\football_v\30_MARKET_GAME_ENGINE\registry\market_registry.json
C,测试验证,E:\football_v\31_SELF_LEARNING_ENGINE\feedback_engine.py
C,测试验证,E:\football_v\31_SELF_LEARNING_ENGINE\model_update_engine.py
D,归档,E:\football_v\31_SELF_LEARNING_ENGINE\registry\learning_registry.json
C,测试验证,E:\football_v\32_PRODUCTION_ORCHESTRATOR\pipeline_controller.py
C,测试验证,E:\football_v\32_PRODUCTION_ORCHESTRATOR\production_runner.py
D,归档,E:\football_v\32_PRODUCTION_ORCHESTRATOR\registry\32_PRODUCTION_ORCHESTRATOR_registry.json
D,归档,E:\football_v\32_PRODUCTION_ORCHESTRATOR\registry\production_registry.json
C,测试验证,E:\football_v\37_MODEL_INTELLIGENCE_CONNECTOR\dixon_coles_loader.py
C,测试验证,E:\football_v\37_MODEL_INTELLIGENCE_CONNECTOR\registry\37_MODEL_INTELLIGENCE_CONNECTOR_registry.json
D,归档,E:\football_v\38_HANDICAP_VALUE_ENGINE\registry\38_HANDICAP_VALUE_ENGINE_registry.json
D,归档,E:\football_v\39_MARKET_SENTIMENT_ENGINE\registry\39_MARKET_SENTIMENT_ENGINE_registry.json
D,归档,E:\football_v\40_MATCH_PREDICTION_ENGINE\registry\40_MATCH_PREDICTION_ENGINE_registry.json
C,测试验证,E:\football_v\40_MODEL_TRAINING_PIPELINE\config\training_config_V4.0.json
C,测试验证,E:\football_v\40_MODEL_TRAINING_PIPELINE\reports\TRAINING_EXECUTION_STATUS_V4.0.json
B,整理后迁移,E:\football_v\40_MODEL_TRAINING_PIPELINE\trainer\dixon_coles_trainer_V4.0.py
B,整理后迁移,E:\football_v\40_MODEL_TRAINING_PIPELINE\trainer\elo_trainer_V4.0.py
B,整理后迁移,E:\football_v\40_MODEL_TRAINING_PIPELINE\trainer\fusion_trainer_V4.0.py
B,整理后迁移,E:\football_v\40_MODEL_TRAINING_PIPELINE\trainer\poisson_trainer_V4.0.py
C,测试验证,E:\football_v\40_MODEL_TRAINING_PIPELINE\trainer\train_all_models_V4.0.json
B,整理后迁移,E:\football_v\40_MODEL_TRAINING_PIPELINE\trainer\train_all_models_V4.0.py
B,整理后迁移,E:\football_v\40_MODEL_TRAINING_PIPELINE\trainer\xgboost_trainer_V4.0.py
C,测试验证,E:\football_v\41_MATCH_INPUT_SERVICE\lineup_input.py
C,测试验证,E:\football_v\42_REAL_FEATURE_GENERATOR\feature_builder.py
D,归档,E:\football_v\42_REAL_FEATURE_GENERATOR\feature_registry.json
B,整理后迁移,E:\football_v\43_AI_PREDICTION_REPORT_ENGINE\module.py
B,整理后迁移,E:\football_v\44_PRODUCTION_PREDICTION_RUNTIME\module.py
C,测试验证,E:\football_v\44_PRODUCTION_PREDICTION_RUNTIME\production_registry.json
D,归档,E:\football_v\44_REAL_DATA_CONNECTOR\football_db_connector.py
D,归档,E:\football_v\49_LIVE_PREDICTION_ENGINE\live_predictor.py
C,测试验证,E:\football_v\50_MODEL_REGISTRY\models\elo_model_V4.0.json
C,测试验证,E:\football_v\53_REAL_MATCH_QUERY_ENGINE\database_reader.py
C,测试验证,E:\football_v\58_REAL_PREDICTION_CONTROLLER\match_scheduler.py
C,测试验证,E:\football_v\63_REAL_MATCH_EXECUTION_ENGINE\execution_controller.py
D,归档,E:\football_v\68_MATCH_REQUEST_GATEWAY\match_request.py
C,测试验证,E:\football_v\68_REAL_ODDS_CONNECTOR\module.py
C,测试验证,E:\football_v\69_LIVE_MATCH_FEATURE_ENGINE\module.py
C,测试验证,E:\football_v\70_AI_PREDICTION_CORE\module.py
C,测试验证,E:\football_v\71_SCORE_PROBABILITY_ENGINE\module.py
C,测试验证,E:\football_v\72_HANDICAP_DECISION_ENGINE\module.py
C,测试验证,E:\football_v\73_MARKET_GAME_ANALYSIS_ENGINE\module.py
D,归档,E:\football_v\74_FINAL_MATCH_ADVISOR\module.py
D,归档,E:\football_v\75_AUTO_LEARNING_FEEDBACK\module.py
C,测试验证,E:\football_v\76_MODEL_FEATURE_INTEGRATION\module.py
C,测试验证,E:\football_v\77_ELO_RUNTIME_ENGINE\module.py
C,测试验证,E:\football_v\78_DIXON_COLES_RUNTIME_ENGINE\module.py
C,测试验证,E:\football_v\79_POISSON_RUNTIME_ENGINE\module.py
C,测试验证,E:\football_v\80_XGBOOST_RUNTIME_ENGINE\module.py
C,测试验证,E:\football_v\81_MODEL_FUSION_PREDICTOR\module.py
C,测试验证,E:\football_v\82_PROBABILITY_CALIBRATION_RUNTIME\module.py
C,测试验证,E:\football_v\83_VALUE_BET_ENGINE\module.py
C,测试验证,E:\football_v\84_KELLY_OPTIMIZATION_ENGINE\module.py
C,测试验证,E:\football_v\85_FINAL_DECISION_ENGINE\module.py
C,测试验证,E:\football_v\86_REAL_TIME_ODDS_ENGINE\module.py
D,归档,E:\football_v\87_MARKET_MOVEMENT_ANALYZER\module.py
C,测试验证,E:\football_v\87_MATCH_CONTEXT_ENGINE\module.py
C,测试验证,E:\football_v\88_HANDICAP_PREDICTION_ENGINE\module.py
C,测试验证,E:\football_v\88_TEAM_STRENGTH_DYNAMIC_ENGINE\module.py
C,测试验证,E:\football_v\89_PLAYER_IMPACT_ENGINE\module.py
C,测试验证,E:\football_v\89_SCORE_SIMULATION_ENGINE\module.py
C,测试验证,E:\football_v\90_AI_MATCH_SELECTION_ENGINE\module.py
C,测试验证,E:\football_v\90_FATIGUE_ANALYSIS_ENGINE\module.py
C,测试验证,E:\football_v\91_CONFIDENCE_RANKING_ENGINE\module.py
C,测试验证,E:\football_v\91_FORM_TREND_ENGINE\module.py
C,测试验证,E:\football_v\92_MARKET_EMOTION_ENGINE\module.py
C,测试验证,E:\football_v\92_RISK_CONTROL_ENGINE\module.py
C,测试验证,E:\football_v\93_CAPITAL_FLOW_ENGINE\module.py
C,测试验证,E:\football_v\93_PORTFOLIO_BET_ENGINE\module.py
C,测试验证,E:\football_v\94_HANDICAP_PENETRATION_ENGINE\module.py
C,测试验证,E:\football_v\94_MATCH_REVIEW_ENGINE\module.py
C,测试验证,E:\football_v\95_MODEL_FEEDBACK_ENGINE\module.py
C,测试验证,E:\football_v\96_AI_PREDICTION_ORCHESTRATOR\module.py
C,测试验证,E:\football_v\96_MATCH_FEATURE_STORE\module.py
C,测试验证,E:\football_v\97_FINAL_MATCH_FORECAST_ENGINE\module.py
C,测试验证,E:\football_v\97_MODEL_WEIGHT_OPTIMIZER\module.py
C,测试验证,E:\football_v\97_TESTS\full_system_validation_V2.1.py
A,核心资产，优先迁移,E:\football_v\97_TESTS\system_integration_test_V2.0.py
B,整理后迁移,E:\football_v\97_TESTS\integration_test\run_integration_test_V1.5.py
C,测试验证,E:\football_v\98_AI_DECISION_REPORT_ENGINE\module.py
C,测试验证,E:\football_v\98_PREDICTION_CONFIDENCE_ENGINE\module.py
C,测试验证,E:\football_v\99_AI_RISK_CONTROL_ENGINE\module.py
C,测试验证,E:\football_v\99_DOCUMENTATION\architecture\FOOTBALL_AI_OS_V4.0_ARCHITECTURE_RESPONSIBILITY_MAP_V1.0.json
C,测试验证,E:\football_v\99_DOCUMENTATION\architecture_cleanup\checkpoint_after_cleanup_V1.3.json
C,测试验证,E:\football_v\99_DOCUMENTATION\architecture_cleanup\checkpoint_after_delete_V1.9.json
C,测试验证,E:\football_v\99_DOCUMENTATION\architecture_cleanup\checkpoint_before_cleanup_V1.2.json
C,测试验证,E:\football_v\99_DOCUMENTATION\architecture_cleanup\checkpoint_before_consolidation_V1.4.json
C,测试验证,E:\football_v\99_DOCUMENTATION\architecture_cleanup\cleanup_plan_V1.2.json
C,测试验证,E:\football_v\99_DOCUMENTATION\architecture_cleanup\consolidation_plan_V1.4.json
D,归档,E:\football_v\99_DOCUMENTATION\architecture_cleanup\deprecated_list_V1.2.json
C,测试验证,E:\football_v\99_DOCUMENTATION\architecture_cleanup\migration_map_V1.2.json
C,测试验证,E:\football_v\99_DOCUMENTATION\architecture_cleanup\CONSOLIDATION_V1.6\checkpoint_before_consolidation_V1.6.json
C,测试验证,E:\football_v\99_DOCUMENTATION\architecture_cleanup\CONSOLIDATION_V1.6\consolidation_execution_report_V1.6.json
C,测试验证,E:\football_v\99_DOCUMENTATION\architecture_cleanup\CONSOLIDATION_V1.6\consolidation_plan_V1.6.json
C,测试验证,E:\football_v\99_DOCUMENTATION\architecture_cleanup\CONSOLIDATION_V1.6\dependency_redirect_map_V1.6.json
C,测试验证,E:\football_v\99_DOCUMENTATION\architecture_cleanup\dependency_migration_V1.5\checkpoint_dependency_V1.5.json
C,测试验证,E:\football_v\99_DOCUMENTATION\architecture_cleanup\dependency_migration_V1.5\dependency_graph_V1.5.json
C,测试验证,E:\football_v\99_DOCUMENTATION\architecture_cleanup\dependency_migration_V1.5\dependency_migration_report_V1.5.json
C,测试验证,E:\football_v\99_DOCUMENTATION\architecture_cleanup\dependency_migration_V1.5\migration_execution_plan_V1.5.json
C,测试验证,E:\football_v\99_DOCUMENTATION\architecture_cleanup\DEPRECATED_ARCHIVE_V1.7\checkpoint_after_archive_V1.7.json
C,测试验证,E:\football_v\99_DOCUMENTATION\architecture_cleanup\DEPRECATED_ARCHIVE_V1.7\checkpoint_before_archive_V1.7.json
C,测试验证,E:\football_v\99_DOCUMENTATION\architecture_cleanup\DEPRECATED_ARCHIVE_V1.7\reports\deprecated_move_report_V1.7.json
C,测试验证,E:\football_v\99_DOCUMENTATION\architecture_cleanup\FINAL_CLEANUP_V2.0\before_cleanup_checkpoint.json
D,归档,E:\football_v\99_DOCUMENTATION\architecture_cleanup\FINAL_CLEANUP_V2.0\deleted_duplicate_modules.json
C,测试验证,E:\football_v\99_DOCUMENTATION\architecture_cleanup\FINAL_CLEANUP_V2.0\final_duplicate_scan_report.json
D,归档,E:\football_v\99_DOCUMENTATION\architecture_cleanup\FINAL_CLEANUP_V2.0\migration_execution_report.json
C,测试验证,E:\football_v\99_DOCUMENTATION\architecture_cleanup\FINAL_CLEANUP_V2.1\architecture_whitelist_V2.1.json
C,测试验证,E:\football_v\99_DOCUMENTATION\architecture_cleanup\FINAL_CLEANUP_V2.1\cleanup_complete_checkpoint_V2.1.json
C,测试验证,E:\football_v\99_DOCUMENTATION\architecture_cleanup\FINAL_CLEANUP_V2.1\final_duplicate_scan_V2.1.json
C,测试验证,E:\football_v\99_DOCUMENTATION\architecture_cleanup\FINAL_CLEANUP_V3.0\cleanup_report_V3.0.json
D,归档,E:\football_v\99_DOCUMENTATION\architecture_cleanup\FINAL_CLEANUP_V3.0\DEPRECATED_ARCHIVE\analysis_report.py
C,测试验证,E:\football_v\99_DOCUMENTATION\architecture_cleanup\FINAL_CLEANUP_V3.0\DEPRECATED_ARCHIVE\base_exception.py
C,测试验证,E:\football_v\99_DOCUMENTATION\architecture_cleanup\FINAL_CLEANUP_V3.0\DEPRECATED_ARCHIVE\capital_detector.py
D,归档,E:\football_v\99_DOCUMENTATION\architecture_cleanup\FINAL_CLEANUP_V3.0\DEPRECATED_ARCHIVE\command_parser.py
C,测试验证,E:\football_v\99_DOCUMENTATION\architecture_cleanup\FINAL_CLEANUP_V3.0\DEPRECATED_ARCHIVE\compare_engine.py
C,测试验证,E:\football_v\99_DOCUMENTATION\architecture_cleanup\FINAL_CLEANUP_V3.0\DEPRECATED_ARCHIVE\compatibility.py
D,归档,E:\football_v\99_DOCUMENTATION\architecture_cleanup\FINAL_CLEANUP_V3.0\DEPRECATED_ARCHIVE\conversation_manager.py
C,测试验证,E:\football_v\99_DOCUMENTATION\architecture_cleanup\FINAL_CLEANUP_V3.0\DEPRECATED_ARCHIVE\database_exception.py
C,测试验证,E:\football_v\99_DOCUMENTATION\architecture_cleanup\FINAL_CLEANUP_V3.0\DEPRECATED_ARCHIVE\database_governance_engine.py
C,测试验证,E:\football_v\99_DOCUMENTATION\architecture_cleanup\FINAL_CLEANUP_V3.0\DEPRECATED_ARCHIVE\data_lineage_engine.py
C,测试验证,E:\football_v\99_DOCUMENTATION\architecture_cleanup\FINAL_CLEANUP_V3.0\DEPRECATED_ARCHIVE\data_quality_engine.py
D,归档,E:\football_v\99_DOCUMENTATION\architecture_cleanup\FINAL_CLEANUP_V3.0\DEPRECATED_ARCHIVE\data_status.py
C,测试验证,E:\football_v\99_DOCUMENTATION\architecture_cleanup\FINAL_CLEANUP_V3.0\DEPRECATED_ARCHIVE\data_validator.py
C,测试验证,E:\football_v\99_DOCUMENTATION\architecture_cleanup\FINAL_CLEANUP_V3.0\DEPRECATED_ARCHIVE\db_connection.py
C,测试验证,E:\football_v\99_DOCUMENTATION\architecture_cleanup\FINAL_CLEANUP_V3.0\DEPRECATED_ARCHIVE\elo_loader.py
C,测试验证,E:\football_v\99_DOCUMENTATION\architecture_cleanup\FINAL_CLEANUP_V3.0\DEPRECATED_ARCHIVE\error_codes.py
C,测试验证,E:\football_v\99_DOCUMENTATION\architecture_cleanup\FINAL_CLEANUP_V3.0\DEPRECATED_ARCHIVE\exception_handler.py
D,归档,E:\football_v\99_DOCUMENTATION\architecture_cleanup\FINAL_CLEANUP_V3.0\DEPRECATED_ARCHIVE\execution_controller.py
C,测试验证,E:\football_v\99_DOCUMENTATION\architecture_cleanup\FINAL_CLEANUP_V3.0\DEPRECATED_ARCHIVE\feature_builder.py
D,归档,E:\football_v\99_DOCUMENTATION\architecture_cleanup\FINAL_CLEANUP_V3.0\DEPRECATED_ARCHIVE\feature_calculator.py
D,归档,E:\football_v\99_DOCUMENTATION\architecture_cleanup\FINAL_CLEANUP_V3.0\DEPRECATED_ARCHIVE\feature_checker.py
C,测试验证,E:\football_v\99_DOCUMENTATION\architecture_cleanup\FINAL_CLEANUP_V3.0\DEPRECATED_ARCHIVE\feature_importance.py
C,测试验证,E:\football_v\99_DOCUMENTATION\architecture_cleanup\FINAL_CLEANUP_V3.0\DEPRECATED_ARCHIVE\feature_pipeline.py
C,测试验证,E:\football_v\99_DOCUMENTATION\architecture_cleanup\FINAL_CLEANUP_V3.0\DEPRECATED_ARCHIVE\feature_processor.py
C,测试验证,E:\football_v\99_DOCUMENTATION\architecture_cleanup\FINAL_CLEANUP_V3.0\DEPRECATED_ARCHIVE\feature_registry.py
D,归档,E:\football_v\99_DOCUMENTATION\architecture_cleanup\FINAL_CLEANUP_V3.0\DEPRECATED_ARCHIVE\feature_runtime.py
D,归档,E:\football_v\99_DOCUMENTATION\architecture_cleanup\FINAL_CLEANUP_V3.0\DEPRECATED_ARCHIVE\feature_validator.py
C,测试验证,E:\football_v\99_DOCUMENTATION\architecture_cleanup\FINAL_CLEANUP_V3.0\DEPRECATED_ARCHIVE\file_exception.py
C,测试验证,E:\football_v\99_DOCUMENTATION\architecture_cleanup\FINAL_CLEANUP_V3.0\DEPRECATED_ARCHIVE\file_service.py
C,测试验证,E:\football_v\99_DOCUMENTATION\architecture_cleanup\FINAL_CLEANUP_V3.0\DEPRECATED_ARCHIVE\final_report.py
C,测试验证,E:\football_v\99_DOCUMENTATION\architecture_cleanup\FINAL_CLEANUP_V3.0\DEPRECATED_ARCHIVE\forecast_runner.py
C,测试验证,E:\football_v\99_DOCUMENTATION\architecture_cleanup\FINAL_CLEANUP_V3.0\DEPRECATED_ARCHIVE\forecast_service.py
C,测试验证,E:\football_v\99_DOCUMENTATION\architecture_cleanup\FINAL_CLEANUP_V3.0\DEPRECATED_ARCHIVE\formatter.py
C,测试验证,E:\football_v\99_DOCUMENTATION\architecture_cleanup\FINAL_CLEANUP_V3.0\DEPRECATED_ARCHIVE\fusion_runner.py
C,测试验证,E:\football_v\99_DOCUMENTATION\architecture_cleanup\FINAL_CLEANUP_V3.0\DEPRECATED_ARCHIVE\fusion_runtime.py
C,测试验证,E:\football_v\99_DOCUMENTATION\architecture_cleanup\FINAL_CLEANUP_V3.0\DEPRECATED_ARCHIVE\handicap_value.py
C,测试验证,E:\football_v\99_DOCUMENTATION\architecture_cleanup\FINAL_CLEANUP_V3.0\DEPRECATED_ARCHIVE\handlers.py
C,测试验证,E:\football_v\99_DOCUMENTATION\architecture_cleanup\FINAL_CLEANUP_V3.0\DEPRECATED_ARCHIVE\hash_service.py
D,归档,E:\football_v\99_DOCUMENTATION\architecture_cleanup\FINAL_CLEANUP_V3.0\DEPRECATED_ARCHIVE\health_monitor.py
C,测试验证,E:\football_v\99_DOCUMENTATION\architecture_cleanup\FINAL_CLEANUP_V3.0\DEPRECATED_ARCHIVE\inference_controller.py
D,归档,E:\football_v\99_DOCUMENTATION\architecture_cleanup\FINAL_CLEANUP_V3.0\DEPRECATED_ARCHIVE\inference_engine.py
B,整理后迁移,E:\football_v\99_DOCUMENTATION\architecture_cleanup\FINAL_CLEANUP_V3.0\DEPRECATED_ARCHIVE\kelly_engine.py
D,归档,E:\football_v\99_DOCUMENTATION\architecture_cleanup\FINAL_CLEANUP_V3.0\DEPRECATED_ARCHIVE\learning_scheduler.py
C,测试验证,E:\football_v\99_DOCUMENTATION\architecture_cleanup\FINAL_CLEANUP_V3.0\DEPRECATED_ARCHIVE\live_feature.py
C,测试验证,E:\football_v\99_DOCUMENTATION\architecture_cleanup\FINAL_CLEANUP_V3.0\DEPRECATED_ARCHIVE\logger.py
C,测试验证,E:\football_v\99_DOCUMENTATION\architecture_cleanup\FINAL_CLEANUP_V3.0\DEPRECATED_ARCHIVE\market_risk.py
C,测试验证,E:\football_v\99_DOCUMENTATION\architecture_cleanup\FINAL_CLEANUP_V3.0\DEPRECATED_ARCHIVE\market_sentiment.py
C,测试验证,E:\football_v\99_DOCUMENTATION\architecture_cleanup\FINAL_CLEANUP_V3.0\DEPRECATED_ARCHIVE\match_executor.py
D,归档,E:\football_v\99_DOCUMENTATION\architecture_cleanup\FINAL_CLEANUP_V3.0\DEPRECATED_ARCHIVE\match_loader.py
C,测试验证,E:\football_v\99_DOCUMENTATION\architecture_cleanup\FINAL_CLEANUP_V3.0\DEPRECATED_ARCHIVE\match_predictor.py
C,测试验证,E:\football_v\99_DOCUMENTATION\architecture_cleanup\FINAL_CLEANUP_V3.0\DEPRECATED_ARCHIVE\match_query.py
D,归档,E:\football_v\99_DOCUMENTATION\architecture_cleanup\FINAL_CLEANUP_V3.0\DEPRECATED_ARCHIVE\match_report.py
C,测试验证,E:\football_v\99_DOCUMENTATION\architecture_cleanup\FINAL_CLEANUP_V3.0\DEPRECATED_ARCHIVE\model_api.py
C,测试验证,E:\football_v\99_DOCUMENTATION\architecture_cleanup\FINAL_CLEANUP_V3.0\DEPRECATED_ARCHIVE\model_connector.py
C,测试验证,E:\football_v\99_DOCUMENTATION\architecture_cleanup\FINAL_CLEANUP_V3.0\DEPRECATED_ARCHIVE\model_executor.py
C,测试验证,E:\football_v\99_DOCUMENTATION\architecture_cleanup\FINAL_CLEANUP_V3.0\DEPRECATED_ARCHIVE\model_manager.py
C,测试验证,E:\football_v\99_DOCUMENTATION\architecture_cleanup\FINAL_CLEANUP_V3.0\DEPRECATED_ARCHIVE\model_registry.py
C,测试验证,E:\football_v\99_DOCUMENTATION\architecture_cleanup\FINAL_CLEANUP_V3.0\DEPRECATED_ARCHIVE\model_runner.py
C,测试验证,E:\football_v\99_DOCUMENTATION\architecture_cleanup\FINAL_CLEANUP_V3.0\DEPRECATED_ARCHIVE\model_status.py
D,归档,E:\football_v\99_DOCUMENTATION\architecture_cleanup\FINAL_CLEANUP_V3.0\DEPRECATED_ARCHIVE\model_update.py
D,归档,E:\football_v\99_DOCUMENTATION\architecture_cleanup\FINAL_CLEANUP_V3.0\DEPRECATED_ARCHIVE\model_validator.py
C,测试验证,E:\football_v\99_DOCUMENTATION\architecture_cleanup\FINAL_CLEANUP_V3.0\DEPRECATED_ARCHIVE\model_version_manager.py
C,测试验证,E:\football_v\99_DOCUMENTATION\architecture_cleanup\FINAL_CLEANUP_V3.0\DEPRECATED_ARCHIVE\model_weight_loader.py
D,归档,E:\football_v\99_DOCUMENTATION\architecture_cleanup\FINAL_CLEANUP_V3.0\DEPRECATED_ARCHIVE\module.py
D,归档,E:\football_v\99_DOCUMENTATION\architecture_cleanup\FINAL_CLEANUP_V3.0\DEPRECATED_ARCHIVE\module_router.py
D,归档,E:\football_v\99_DOCUMENTATION\architecture_cleanup\FINAL_CLEANUP_V3.0\DEPRECATED_ARCHIVE\odds_connector.py
C,测试验证,E:\football_v\99_DOCUMENTATION\architecture_cleanup\FINAL_CLEANUP_V3.0\DEPRECATED_ARCHIVE\odds_input.py
D,归档,E:\football_v\99_DOCUMENTATION\architecture_cleanup\FINAL_CLEANUP_V3.0\DEPRECATED_ARCHIVE\odds_loader.py
D,归档,E:\football_v\99_DOCUMENTATION\architecture_cleanup\FINAL_CLEANUP_V3.0\DEPRECATED_ARCHIVE\odds_validator.py
C,测试验证,E:\football_v\99_DOCUMENTATION\architecture_cleanup\FINAL_CLEANUP_V3.0\DEPRECATED_ARCHIVE\odds_value.py
C,测试验证,E:\football_v\99_DOCUMENTATION\architecture_cleanup\FINAL_CLEANUP_V3.0\DEPRECATED_ARCHIVE\output_dispatcher.py
D,归档,E:\football_v\99_DOCUMENTATION\architecture_cleanup\FINAL_CLEANUP_V3.0\DEPRECATED_ARCHIVE\package_builder.py
C,测试验证,E:\football_v\99_DOCUMENTATION\architecture_cleanup\FINAL_CLEANUP_V3.0\DEPRECATED_ARCHIVE\performance.py
C,测试验证,E:\football_v\99_DOCUMENTATION\architecture_cleanup\FINAL_CLEANUP_V3.0\DEPRECATED_ARCHIVE\performance_compare.py
D,归档,E:\football_v\99_DOCUMENTATION\architecture_cleanup\FINAL_CLEANUP_V3.0\DEPRECATED_ARCHIVE\performance_monitor.py
C,测试验证,E:\football_v\99_DOCUMENTATION\architecture_cleanup\FINAL_CLEANUP_V3.0\DEPRECATED_ARCHIVE\poisson_loader.py
C,测试验证,E:\football_v\99_DOCUMENTATION\architecture_cleanup\FINAL_CLEANUP_V3.0\DEPRECATED_ARCHIVE\prediction.py
C,测试验证,E:\football_v\99_DOCUMENTATION\architecture_cleanup\FINAL_CLEANUP_V3.0\DEPRECATED_ARCHIVE\prediction_api.py
C,测试验证,E:\football_v\99_DOCUMENTATION\architecture_cleanup\FINAL_CLEANUP_V3.0\DEPRECATED_ARCHIVE\prediction_controller.py
C,测试验证,E:\football_v\99_DOCUMENTATION\architecture_cleanup\FINAL_CLEANUP_V3.0\DEPRECATED_ARCHIVE\prediction_db.py
B,整理后迁移,E:\football_v\99_DOCUMENTATION\architecture_cleanup\FINAL_CLEANUP_V3.0\DEPRECATED_ARCHIVE\prediction_engine.py
D,归档,E:\football_v\99_DOCUMENTATION\architecture_cleanup\FINAL_CLEANUP_V3.0\DEPRECATED_ARCHIVE\prediction_executor.py
D,归档,E:\football_v\99_DOCUMENTATION\architecture_cleanup\FINAL_CLEANUP_V3.0\DEPRECATED_ARCHIVE\prediction_monitor.py
D,归档,E:\football_v\99_DOCUMENTATION\architecture_cleanup\FINAL_CLEANUP_V3.0\DEPRECATED_ARCHIVE\prediction_output.py
C,测试验证,E:\football_v\99_DOCUMENTATION\architecture_cleanup\FINAL_CLEANUP_V3.0\DEPRECATED_ARCHIVE\prediction_pipeline.py
B,整理后迁移,E:\football_v\99_DOCUMENTATION\architecture_cleanup\FINAL_CLEANUP_V3.0\DEPRECATED_ARCHIVE\prediction_report.py
D,归档,E:\football_v\99_DOCUMENTATION\architecture_cleanup\FINAL_CLEANUP_V3.0\DEPRECATED_ARCHIVE\prediction_runner.py
D,归档,E:\football_v\99_DOCUMENTATION\architecture_cleanup\FINAL_CLEANUP_V3.0\DEPRECATED_ARCHIVE\prediction_runtime.py
C,测试验证,E:\football_v\99_DOCUMENTATION\architecture_cleanup\FINAL_CLEANUP_V3.0\DEPRECATED_ARCHIVE\prediction_storage.py
D,归档,E:\football_v\99_DOCUMENTATION\architecture_cleanup\FINAL_CLEANUP_V3.0\DEPRECATED_ARCHIVE\probability_checker.py
C,测试验证,E:\football_v\99_DOCUMENTATION\architecture_cleanup\FINAL_CLEANUP_V3.0\DEPRECATED_ARCHIVE\production_pipeline.py
D,归档,E:\football_v\99_DOCUMENTATION\architecture_cleanup\FINAL_CLEANUP_V3.0\DEPRECATED_ARCHIVE\quality__init__.py
D,归档,E:\football_v\99_DOCUMENTATION\architecture_cleanup\FINAL_CLEANUP_V3.0\DEPRECATED_ARCHIVE\release_checker.py
D,归档,E:\football_v\99_DOCUMENTATION\architecture_cleanup\FINAL_CLEANUP_V3.0\DEPRECATED_ARCHIVE\release_manager.py
C,测试验证,E:\football_v\99_DOCUMENTATION\architecture_cleanup\FINAL_CLEANUP_V3.0\DEPRECATED_ARCHIVE\report_api.py
C,测试验证,E:\football_v\99_DOCUMENTATION\architecture_cleanup\FINAL_CLEANUP_V3.0\DEPRECATED_ARCHIVE\report_exporter.py
B,整理后迁移,E:\football_v\99_DOCUMENTATION\architecture_cleanup\FINAL_CLEANUP_V3.0\DEPRECATED_ARCHIVE\report_generator.py
D,归档,E:\football_v\99_DOCUMENTATION\architecture_cleanup\FINAL_CLEANUP_V3.0\DEPRECATED_ARCHIVE\report_viewer.py
D,归档,E:\football_v\99_DOCUMENTATION\architecture_cleanup\FINAL_CLEANUP_V3.0\DEPRECATED_ARCHIVE\report_writer.py
D,归档,E:\football_v\99_DOCUMENTATION\architecture_cleanup\FINAL_CLEANUP_V3.0\DEPRECATED_ARCHIVE\request_validator.py
C,测试验证,E:\football_v\99_DOCUMENTATION\architecture_cleanup\FINAL_CLEANUP_V3.0\DEPRECATED_ARCHIVE\result_repository.py
C,测试验证,E:\football_v\99_DOCUMENTATION\architecture_cleanup\FINAL_CLEANUP_V3.0\DEPRECATED_ARCHIVE\result_writer.py
C,测试验证,E:\football_v\99_DOCUMENTATION\architecture_cleanup\FINAL_CLEANUP_V3.0\DEPRECATED_ARCHIVE\risk_analyzer.py
C,测试验证,E:\football_v\99_DOCUMENTATION\architecture_cleanup\FINAL_CLEANUP_V3.0\DEPRECATED_ARCHIVE\risk_detector.py
B,整理后迁移,E:\football_v\99_DOCUMENTATION\architecture_cleanup\FINAL_CLEANUP_V3.0\DEPRECATED_ARCHIVE\risk_engine.py
C,测试验证,E:\football_v\99_DOCUMENTATION\architecture_cleanup\FINAL_CLEANUP_V3.0\DEPRECATED_ARCHIVE\risk_filter.py
D,归档,E:\football_v\99_DOCUMENTATION\architecture_cleanup\FINAL_CLEANUP_V3.0\DEPRECATED_ARCHIVE\risk_report.py
C,测试验证,E:\football_v\99_DOCUMENTATION\architecture_cleanup\FINAL_CLEANUP_V3.0\DEPRECATED_ARCHIVE\rollback_manager.py
D,归档,E:\football_v\99_DOCUMENTATION\architecture_cleanup\FINAL_CLEANUP_V3.0\DEPRECATED_ARCHIVE\runtime_controller.py
B,整理后迁移,E:\football_v\99_DOCUMENTATION\architecture_cleanup\FINAL_CLEANUP_V3.0\DEPRECATED_ARCHIVE\runtime_engine.py
C,测试验证,E:\football_v\99_DOCUMENTATION\architecture_cleanup\FINAL_CLEANUP_V3.0\DEPRECATED_ARCHIVE\schema_validator.py
C,测试验证,E:\football_v\99_DOCUMENTATION\architecture_cleanup\FINAL_CLEANUP_V3.0\DEPRECATED_ARCHIVE\score_predictor.py
D,归档,E:\football_v\99_DOCUMENTATION\architecture_cleanup\FINAL_CLEANUP_V3.0\DEPRECATED_ARCHIVE\score_report.py
D,归档,E:\football_v\99_DOCUMENTATION\architecture_cleanup\FINAL_CLEANUP_V3.0\DEPRECATED_ARCHIVE\service_gateway.py
D,归档,E:\football_v\99_DOCUMENTATION\architecture_cleanup\FINAL_CLEANUP_V3.0\DEPRECATED_ARCHIVE\setup_logger_module.py
D,归档,E:\football_v\99_DOCUMENTATION\architecture_cleanup\FINAL_CLEANUP_V3.0\DEPRECATED_ARCHIVE\system_dashboard.py
C,测试验证,E:\football_v\99_DOCUMENTATION\architecture_cleanup\FINAL_CLEANUP_V3.0\DEPRECATED_ARCHIVE\system_registry.py
D,归档,E:\football_v\99_DOCUMENTATION\architecture_cleanup\FINAL_CLEANUP_V3.0\DEPRECATED_ARCHIVE\system_validator.py
D,归档,E:\football_v\99_DOCUMENTATION\architecture_cleanup\FINAL_CLEANUP_V3.0\DEPRECATED_ARCHIVE\task_queue_init.py
C,测试验证,E:\football_v\99_DOCUMENTATION\architecture_cleanup\FINAL_CLEANUP_V3.0\DEPRECATED_ARCHIVE\test_api.py
C,测试验证,E:\football_v\99_DOCUMENTATION\architecture_cleanup\FINAL_CLEANUP_V3.0\DEPRECATED_ARCHIVE\test_dashboard.py
C,测试验证,E:\football_v\99_DOCUMENTATION\architecture_cleanup\FINAL_CLEANUP_V3.0\DEPRECATED_ARCHIVE\test_database_governance.py
B,整理后迁移,E:\football_v\99_DOCUMENTATION\architecture_cleanup\FINAL_CLEANUP_V3.0\DEPRECATED_ARCHIVE\test_execution_engine.py
C,测试验证,E:\football_v\99_DOCUMENTATION\architecture_cleanup\FINAL_CLEANUP_V3.0\DEPRECATED_ARCHIVE\test_model_store.py
C,测试验证,E:\football_v\99_DOCUMENTATION\architecture_cleanup\FINAL_CLEANUP_V3.0\DEPRECATED_ARCHIVE\validation_exception.py
C,测试验证,E:\football_v\99_DOCUMENTATION\architecture_cleanup\FINAL_CLEANUP_V3.0\DEPRECATED_ARCHIVE\validation_result.py
C,测试验证,E:\football_v\99_DOCUMENTATION\architecture_cleanup\FINAL_CLEANUP_V3.0\DEPRECATED_ARCHIVE\value_analyzer.py
C,测试验证,E:\football_v\99_DOCUMENTATION\architecture_cleanup\FINAL_CLEANUP_V3.0\DEPRECATED_ARCHIVE\value_calculator.py
C,测试验证,E:\football_v\99_DOCUMENTATION\architecture_cleanup\FINAL_CLEANUP_V3.0\DEPRECATED_ARCHIVE\version_control.py
C,测试验证,E:\football_v\99_DOCUMENTATION\architecture_cleanup\FINAL_CLEANUP_V3.0\DEPRECATED_ARCHIVE\version_service.py
C,测试验证,E:\football_v\99_DOCUMENTATION\architecture_cleanup\FINAL_CLEANUP_V3.0\DEPRECATED_ARCHIVE\weight_storage.py
C,测试验证,E:\football_v\99_DOCUMENTATION\architecture_cleanup\FINAL_CLEANUP_V3.0\DEPRECATED_ARCHIVE\xgboost_loader.py
C,测试验证,E:\football_v\99_DOCUMENTATION\architecture_cleanup\FINAL_CLEANUP_V3.0\DEPRECATED_ARCHIVE\__init__.py
D,归档,E:\football_v\99_DOCUMENTATION\architecture_cleanup\FINAL_FREEZE_V4.0\dependency_redirect_map_V4.0.json
D,归档,E:\football_v\99_DOCUMENTATION\architecture_cleanup\FINAL_FREEZE_V4.0\final_duplicate_scan_V4.0.json
C,测试验证,E:\football_v\99_DOCUMENTATION\architecture_cleanup\FINAL_FREEZE_V4.0\FROZEN_ARCHITECTURE_CHECKPOINT_V4.0.json
C,测试验证,E:\football_v\99_DOCUMENTATION\architecture_cleanup\FINAL_VALIDATION_V1.8\checkpoint_before_delete_V1.8.json
D,归档,E:\football_v\99_DOCUMENTATION\architecture_cleanup\FINAL_VALIDATION_V1.8\dependency_check_V1.8.json
C,测试验证,E:\football_v\99_DOCUMENTATION\architecture_cleanup\FINAL_VALIDATION_V1.8\duplicate_after_cleanup_V1.8.json
C,测试验证,E:\football_v\99_DOCUMENTATION\architecture_cleanup\FINAL_VALIDATION_V1.8\final_delete_plan_V1.8.json
C,测试验证,E:\football_v\99_DOCUMENTATION\architecture_cleanup\FINAL_VALIDATION_V1.8\final_validation_report_V1.8.json
C,测试验证,E:\football_v\99_DOCUMENTATION\architecture_cleanup\reports\ARCHITECTURE_DUPLICATE_SCAN_V1.0.json
C,测试验证,E:\football_v\99_DOCUMENTATION\architecture_cleanup\reports\CLEANUP_EXECUTION_REPORT_V1.3.json
C,测试验证,E:\football_v\99_DOCUMENTATION\architecture_cleanup\reports\CODE_REFERENCE_IMPACT_SCAN_V1.0.json
C,测试验证,E:\football_v\99_DOCUMENTATION\architecture_cleanup\reports\CODE_REFERENCE_IMPACT_SCAN_V1.1.json
C,测试验证,E:\football_v\99_DOCUMENTATION\architecture_cleanup\reports\DELETE_CANDIDATE_REVIEW_V1.0.json
C,测试验证,E:\football_v\99_DOCUMENTATION\architecture_cleanup\reports\DEPENDENCY_GRAPH_V1.0.json
C,测试验证,E:\football_v\99_DOCUMENTATION\architecture_cleanup\reports\MERGE_EXECUTION_REPORT_V1.0.json
C,测试验证,E:\football_v\99_DOCUMENTATION\architecture_cleanup\reports\MERGE_RECOMMENDATION_PLAN_V1.0.json
A,核心资产，优先迁移,E:\football_v\99_DOCUMENTATION\architecture_cleanup\tools\code_reference_impact_scan.py
C,测试验证,E:\football_v\99_DOCUMENTATION\architecture_cleanup\tools\code_reference_impact_scan_v1_1.py
C,测试验证,E:\football_v\99_DOCUMENTATION\architecture_cleanup\tools\duplicate_scanner_V1.0.py
A,核心资产，优先迁移,E:\football_v\99_DOCUMENTATION\architecture_cleanup\tools\merge_planner_V1.0.py
C,测试验证,E:\football_v\99_DOCUMENTATION\backup\Core_Backup_V1.2\core\logger.py
D,归档,E:\football_v\99_DOCUMENTATION\backup\Core_Backup_V1.2\core\logger\log_config.json
C,测试验证,E:\football_v\99_DOCUMENTATION\backup\Core_Cleanup_Patch_V12\framework_initializer_backup.py
D,归档,E:\football_v\99_DOCUMENTATION\backup\logger_backup_v12\logger\log_config.json
D,归档,E:\football_v\99_DOCUMENTATION\backup\logger_cleanup_v13\logger.py
C,测试验证,E:\football_v\99_DOCUMENTATION\backup\Storage_Merge_V1.0\storage_manager.py
C,测试验证,E:\football_v\99_DOCUMENTATION\checkpoints\archive_match_data_before_v22.db
C,测试验证,E:\football_v\99_DOCUMENTATION\checkpoints\archive_system_before_prediction_v12_20260723_191821.db
C,测试验证,E:\football_v\99_DOCUMENTATION\checkpoints\Football_AI_OS_Data_Intelligence_Engine_V1.0_Checkpoint.json
C,测试验证,E:\football_v\99_DOCUMENTATION\checkpoints\Football_AI_OS_Dynamic_Feature_Weight_Engine_V1.0_Checkpoint.json
C,测试验证,E:\football_v\99_DOCUMENTATION\checkpoints\Football_AI_OS_V1.5_Feature_Store_V1.0_Checkpoint.json
C,测试验证,E:\football_v\99_DOCUMENTATION\checkpoints\database_backup_v11\db_connection_backup.py
C,测试验证,E:\football_v\99_DOCUMENTATION\checkpoints\exception_backup_v10\exception\base_exception.py
D,归档,E:\football_v\99_DOCUMENTATION\checkpoints\exception_backup_v10\exception\__init__.py
C,测试验证,E:\football_v\99_DOCUMENTATION\checkpoints\file_service_backup_v11\file_service_backup.py
C,测试验证,E:\football_v\99_DOCUMENTATION\checkpoints\hash_service_backup_v11\hash_service_backup.py
D,归档,E:\football_v\99_DOCUMENTATION\checkpoints\logger_merge_backup_phase1\log_config.json
C,测试验证,E:\football_v\99_DOCUMENTATION\checkpoints\version_service_backup_v11\version_service_backup.py
C,测试验证,E:\football_v\99_DOCUMENTATION\FINAL_RELEASE_V4.0\FINAL_FREEZE_CHECKPOINT_V4.0.json
C,测试验证,E:\football_v\99_DOCUMENTATION\FINAL_RELEASE_V4.0\FINAL_SYSTEM_VALIDATION_V4.0.json
C,测试验证,E:\football_v\99_DOCUMENTATION\FINAL_RELEASE_V4.0\MODEL_WEIGHT_CONFIG_V4.0.json
C,测试验证,E:\football_v\99_DOCUMENTATION\FINAL_RELEASE_V4.0\PRODUCTION_MODE_V4.0.json
C,测试验证,E:\football_v\99_DOCUMENTATION\FINAL_SYSTEM_COMPLETION_V4.0\MODEL_REGISTRY_V4.0.json
C,测试验证,E:\football_v\99_DOCUMENTATION\FINAL_SYSTEM_COMPLETION_V4.0\MODEL_TRAINING_ENV_V4.0.json
C,测试验证,E:\football_v\99_DOCUMENTATION\FINAL_SYSTEM_COMPLETION_V4.0\PREDICTION_RUNTIME_V4.0.json
C,测试验证,E:\football_v\99_DOCUMENTATION\FINAL_SYSTEM_COMPLETION_V4.0\PRODUCTION_HARDENING_V4.0.json
C,测试验证,E:\football_v\99_DOCUMENTATION\FINAL_SYSTEM_COMPLETION_V4.0\SELF_LEARNING_V4.0.json
C,测试验证,E:\football_v\99_DOCUMENTATION\FINAL_SYSTEM_COMPLETION_V4.0\SYSTEM_COMPLETION_CHECKPOINT_V4.0.json
C,测试验证,E:\football_v\99_DOCUMENTATION\FIRST_REAL_PREDICTION_TEST_V4.0\final_advice_V4.0.json
C,测试验证,E:\football_v\99_DOCUMENTATION\FIRST_REAL_PREDICTION_TEST_V4.0\fusion_result_V4.0.json
C,测试验证,E:\football_v\99_DOCUMENTATION\FIRST_REAL_PREDICTION_TEST_V4.0\input_match_V4.0.json
C,测试验证,E:\football_v\99_DOCUMENTATION\FIRST_REAL_PREDICTION_TEST_V4.0\model_output_V4.0.json
C,测试验证,E:\football_v\99_DOCUMENTATION\FIRST_REAL_PREDICTION_TEST_V4.0\REAL_PREDICTION_ACCEPTANCE_V4.0.json
C,测试验证,E:\football_v\99_DOCUMENTATION\Legacy_Asset_Index\Phase_1_Python_Asset\Python_Asset_Index_V1.0.csv
C,测试验证,E:\football_v\99_DOCUMENTATION\Legacy_Asset_Index\Phase_1_Python_Asset\Python_Class_Registry_V1.0.csv
C,测试验证,E:\football_v\99_DOCUMENTATION\Legacy_Asset_Index\Phase_1_Python_Asset\Python_Dependency_Map_V1.0.csv
C,测试验证,E:\football_v\99_DOCUMENTATION\Legacy_Asset_Index\Phase_1_Python_Asset\Python_Function_Registry_V1.0.csv
C,测试验证,E:\football_v\99_DOCUMENTATION\Legacy_Asset_Index\Phase_2_Function_Registry\Function_Capability_Registry_V1.0.csv
C,测试验证,E:\football_v\99_DOCUMENTATION\Legacy_Asset_Index\Phase_2_Function_Registry\Keyword_Discovery_Map_V1.0.csv
C,测试验证,E:\football_v\99_DOCUMENTATION\Legacy_Asset_Index\Phase_2_Function_Registry\Module_Capability_Map_V1.0.csv
C,测试验证,E:\football_v\99_DOCUMENTATION\Legacy_Asset_Index\Phase_3_Call_Graph\Call_Graph_Registry_V1.0.csv
C,测试验证,E:\football_v\99_DOCUMENTATION\Legacy_Asset_Index\Phase_3_Call_Graph\Class_Function_Map_V1.0.csv
C,测试验证,E:\football_v\99_DOCUMENTATION\Legacy_Asset_Index\Phase_3_Call_Graph\Entry_Point_Map_V1.0.csv
C,测试验证,E:\football_v\99_DOCUMENTATION\Legacy_Asset_Index\Phase_4_Database_Registry\Database_Asset_Registry_V1.0.csv
C,测试验证,E:\football_v\99_DOCUMENTATION\Legacy_Asset_Index\Phase_4_Database_Registry\Database_SQL_Discovery_V1.0.csv
C,测试验证,E:\football_v\99_DOCUMENTATION\Legacy_Asset_Index\Phase_4_Database_Registry\Database_Table_Registry_V1.0.csv
C,测试验证,E:\football_v\99_DOCUMENTATION\Legacy_Asset_Index\Phase_5_Model_Registry\Model_Asset_Registry_V1.0.csv
C,测试验证,E:\football_v\99_DOCUMENTATION\Legacy_Asset_Index\Phase_5_Model_Registry\Model_Code_Map_V1.0.csv
C,测试验证,E:\football_v\99_DOCUMENTATION\Legacy_Asset_Index\Phase_5_Model_Registry\Model_Lifecycle_Map_V1.0.csv
C,测试验证,E:\football_v\99_DOCUMENTATION\Legacy_Asset_Index\Phase_6_Feature_Registry\Feature_Asset_Registry_V1.0.csv
C,测试验证,E:\football_v\99_DOCUMENTATION\Legacy_Asset_Index\Phase_6_Feature_Registry\Feature_Code_Map_V1.0.csv
C,测试验证,E:\football_v\99_DOCUMENTATION\Legacy_Asset_Index\Phase_6_Feature_Registry\Feature_Data_Map_V1.0.csv
C,测试验证,E:\football_v\99_DOCUMENTATION\Legacy_Asset_Index\Phase_7_Runtime_Registry\Entry_Runtime_Flow_V1.0.csv
C,测试验证,E:\football_v\99_DOCUMENTATION\Legacy_Asset_Index\Phase_7_Runtime_Registry\Prediction_Decision_Map_V1.0.csv
C,测试验证,E:\football_v\99_DOCUMENTATION\Legacy_Asset_Index\Phase_7_Runtime_Registry\Runtime_Asset_Registry_V1.0.csv
C,测试验证,E:\football_v\99_DOCUMENTATION\MODEL_DATA_SNAPSHOT_V4.0\DATABASE_LOCATION_V4.0.json
C,测试验证,E:\football_v\99_DOCUMENTATION\MODEL_DATA_SNAPSHOT_V4.0\MODEL_DATA_SNAPSHOT_V4.0.json
C,测试验证,E:\football_v\99_DOCUMENTATION\MODEL_TRAINING_READY_V4.0\MODEL_TRAINING_READY_CHECKPOINT_V4.0.json
C,测试验证,E:\football_v\99_DOCUMENTATION\MODEL_TRAINING_READY_V4.0\TRAINING_ENGINE_CHECKPOINT_V4.0.json
C,测试验证,E:\football_v\99_DOCUMENTATION\reports\Architecture_Cleanup_Report_V1.0.json
C,测试验证,E:\football_v\99_DOCUMENTATION\reports\Architecture_Duplicate_Report_V1.0.json
C,测试验证,E:\football_v\99_DOCUMENTATION\reports\Architecture_Module_Map_V1.0.json
C,测试验证,E:\football_v\99_DOCUMENTATION\reports\common_service_dependency_report.json
C,测试验证,E:\football_v\99_DOCUMENTATION\reports\Core_Service_Upgrade_Map.json
C,测试验证,E:\football_v\99_DOCUMENTATION\reports\Core_Service_Upgrade_Map_V2.json
C,测试验证,E:\football_v\99_DOCUMENTATION\reports\DATABASE_FOUR_CHECK_REPORT_V1.0.json
C,测试验证,E:\football_v\99_DOCUMENTATION\reports\DATABASE_SYSTEM_DB_MIGRATION_V2.2.2_REPORT.json
C,测试验证,E:\football_v\99_DOCUMENTATION\reports\DATABASE_SYSTEM_INITIALIZE_V2.2.3_REPORT.json
C,测试验证,E:\football_v\99_DOCUMENTATION\reports\DATABASE_SYSTEM_VALIDATION_V2.2.4_REPORT.json
C,测试验证,E:\football_v\99_DOCUMENTATION\reports\DATABASE_UNIFIED_MIGRATION_V2.2_REPORT.json
C,测试验证,E:\football_v\99_DOCUMENTATION\reports\DATABASE_UNIFIED_VALIDATION_V2.2.1_REPORT.json
C,测试验证,E:\football_v\99_DOCUMENTATION\reports\FEATURE_ENGINE_HISTORY_V1.0.1_REPORT.json
C,测试验证,E:\football_v\99_DOCUMENTATION\reports\FEATURE_MODEL_DEPLOYMENT_V1.0_REPORT.json
C,测试验证,E:\football_v\99_DOCUMENTATION\reports\FOOTBALL_AI_OS_APPLICATION_LAYER_V2.5_REAL_REPORT.json
C,测试验证,E:\football_v\99_DOCUMENTATION\reports\FOOTBALL_AI_OS_DECISION_LAYER_V2.4_REAL_REPORT.json
C,测试验证,E:\football_v\99_DOCUMENTATION\reports\FOOTBALL_AI_OS_MODEL_LAYER_V2.3_REAL_REPORT.json
C,测试验证,E:\football_v\99_DOCUMENTATION\reports\FOOTBALL_AI_OS_V2.0_REAL_DEPLOY_REPORT.json
C,测试验证,E:\football_v\99_DOCUMENTATION\reports\FOOTBALL_AI_OS_V2.1_REAL_ALL_FIX2_REPORT.json
C,测试验证,E:\football_v\99_DOCUMENTATION\reports\FOOTBALL_AI_OS_V2.2_VALIDATION_REPORT.json
C,测试验证,E:\football_v\99_DOCUMENTATION\reports\FOOTBALL_AI_OS_V2.6_SYSTEM_HEALTH_REPORT.json
C,测试验证,E:\football_v\99_DOCUMENTATION\reports\framework_init_report.json
C,测试验证,E:\football_v\99_DOCUMENTATION\reports\MODEL_MIGRATION_V1.1_REPORT.json
C,测试验证,E:\football_v\99_DOCUMENTATION\reports\Prediction_ENGINE_V1.0_REPORT.json
C,测试验证,E:\football_v\99_DOCUMENTATION\reports\PREDICTION_ENGINE_V1.1_REAL_REPORT.json
C,测试验证,E:\football_v\99_DOCUMENTATION\reports\PREDICTION_INTELLIGENCE_V1.3_FIX_REPORT.json
C,测试验证,E:\football_v\99_DOCUMENTATION\reports\PREDICTION_INTELLIGENCE_V1.4_REAL_REPORT.json
C,测试验证,E:\football_v\99_DOCUMENTATION\reports\PREDICTION_INTELLIGENCE_V1.5_REAL_REPORT.json
C,测试验证,E:\football_v\99_DOCUMENTATION\reports\PREDICTION_INTELLIGENCE_V1.6_REAL_REPORT.json
C,测试验证,E:\football_v\99_DOCUMENTATION\reports\PREDICTION_PHASE_V1.2_BATCH_REPORT.json
C,测试验证,E:\football_v\99_DOCUMENTATION\SYSTEM_CHECKPOINTS\FULL_FILE_INVENTORY_V4.0.csv
C,测试验证,E:\football_v\99_DOCUMENTATION\SYSTEM_CHECKPOINTS\SYSTEM_CHECKPOINTS\FOOTBALL_V_CHECKPOINT_SYSTEM_SCAN_V4.0.json
A,核心资产，优先迁移,E:\football_v\99_DOCUMENTATION\tools\architecture_cleanup_scanner_V1.0.py
C,测试验证,E:\football_v\99_DOCUMENTATION\tools\save_checkpoint.py
C,测试验证,E:\football_v\99_DOCUMENTATION\TRAINING_PREFLIGHT_CHECK_V4.0\TRAINING_PREFLIGHT_REPORT_V4.0.json
C,测试验证,E:\football_v\99_DOCUMENTATION\V4_RUNTIME_VALIDATION_V4.0\FINAL_RUNTIME_ACCEPTANCE_V4.0.json
C,测试验证,E:\football_v\99_DOCUMENTATION\V4_RUNTIME_VALIDATION_V4.0\model_validation_V4.0.json
C,测试验证,E:\football_v\99_DOCUMENTATION\V4_RUNTIME_VALIDATION_V4.0\prediction_test_V4.0.json
C,测试验证,E:\football_v\99_DOCUMENTATION\V4_RUNTIME_VALIDATION_V4.0\runtime_check_V4.0.json
C,测试验证,E:\football_v\99_PRODUCTION_MONITOR_ENGINE\module.py
B,整理后迁移,E:\football_v\AI_RUNTIME\ai_report.py
C,测试验证,E:\football_v\AI_RUNTIME\console.py
A,核心资产，优先迁移,E:\football_v\AI_RUNTIME\engine.py
C,测试验证,E:\football_v\AI_RUNTIME\final_decision.py
B,整理后迁移,E:\football_v\AI_RUNTIME\model_connector.py
B,整理后迁移,E:\football_v\AI_RUNTIME\model_fusion.py
C,测试验证,E:\football_v\AI_RUNTIME\model_outputs.py
A,核心资产，优先迁移,E:\football_v\AI_RUNTIME\model_runtime_connector.py
B,整理后迁移,E:\football_v\AI_RUNTIME\prediction_executor.py
C,测试验证,E:\football_v\AI_RUNTIME\report.py
C,测试验证,E:\football_v\AI_RUNTIME\router.py
A,核心资产，优先迁移,E:\football_v\AI_RUNTIME\runtime.py
C,测试验证,E:\football_v\archive\common_service_migration\common_service_migration_check.py
C,测试验证,E:\football_v\archive\common_service_migration\core_service_compare.py
C,测试验证,E:\football_v\archive\common_service_migration\core_service_compare_v2.py
C,测试验证,E:\football_v\archive\logger_migration\logger_core_merge_v1.py
C,测试验证,E:\football_v\archive\logger_migration\logger_upgrade_v1.py
C,测试验证,E:\football_v\archive\logger_migration\setup_logger_module.py
C,测试验证,E:\football_v\checkpoint\Football_AI_OS_Checkpoint_V3.0_FINAL.json
C,测试验证,E:\football_v\checkpoint\FOOTBALL_AI_OS_Checkpoint_V4.0_ARCHITECTURE_GOVERNANCE.json
C,测试验证,E:\football_v\checkpoint\Football_AI_OS_Checkpoint_V4.0_PRODUCTION_OPERATION.json
C,测试验证,E:\football_v\checkpoint\Football_AI_OS_V4.0_PRODUCTION_BASELINE.json
D,归档,E:\football_v\Config\system_version.yaml
A,核心资产，优先迁移,E:\football_v\deploy\deploy_v15_phase2.py
B,整理后迁移,E:\football_v\deploy\deploy_v15_phase2_patch2.py
C,测试验证,E:\football_v\deploy\deploy_v15_phase2_patch3.py
C,测试验证,E:\football_v\deploy\deploy_v15_phase3_11_knowledge_graph.py
A,核心资产，优先迁移,E:\football_v\deploy\deploy_v15_phase3_12_15_core_intelligence.py
B,整理后迁移,E:\football_v\deploy\deploy_v15_phase3_3_reasoning.py
B,整理后迁移,E:\football_v\deploy\deploy_v15_phase3_4.py
C,测试验证,E:\football_v\deploy\deploy_v15_phase3_5.py
A,核心资产，优先迁移,E:\football_v\deploy\deploy_v15_phase3_6.py
B,整理后迁移,E:\football_v\deploy\deploy_v15_phase3_7_real.py
B,整理后迁移,E:\football_v\deploy\deploy_v15_phase3_8_10.py
A,核心资产，优先迁移,E:\football_v\deploy\deploy_v15_phase4_core_prediction.py
A,核心资产，优先迁移,E:\football_v\deploy\deploy_v15_phase5_core.py
A,核心资产，优先迁移,E:\football_v\deploy\deploy_v15_phase6_training.py
C,测试验证,E:\football_v\deployment_reports\FOOTBALL_AI_OS_V2.1_DEPLOYMENT_REPORT.json
C,测试验证,E:\football_v\deployment_scripts\application_layer_db_test_tmp.py
A,核心资产，优先迁移,E:\football_v\deployment_scripts\application_layer_V2.5_initializer.py
A,核心资产，优先迁移,E:\football_v\deployment_scripts\audit_feedback_flow_v4.py
B,整理后迁移,E:\football_v\deployment_scripts\audit_feedback_pipeline.py
C,测试验证,E:\football_v\deployment_scripts\audit_learning_database_schema_v4.py
B,整理后迁移,E:\football_v\deployment_scripts\audit_learning_pipeline_final.py
B,整理后迁移,E:\football_v\deployment_scripts\audit_self_learning_engine_v4.py
C,测试验证,E:\football_v\deployment_scripts\check_database_migration_V1.0.py
B,整理后迁移,E:\football_v\deployment_scripts\check_feedback_tables.py
C,测试验证,E:\football_v\deployment_scripts\check_learning_feedback_db.py
B,整理后迁移,E:\football_v\deployment_scripts\check_prediction_feedback_count.py
B,整理后迁移,E:\football_v\deployment_scripts\check_prediction_feedback_table.py
B,整理后迁移,E:\football_v\deployment_scripts\check_prediction_result_schema.py
A,核心资产，优先迁移,E:\football_v\deployment_scripts\create_prediction_feedback_table.py
B,整理后迁移,E:\football_v\deployment_scripts\database_four_check_engine_V1.0.py
A,核心资产，优先迁移,E:\football_v\deployment_scripts\database_init_system_db_V2.2.3.py
C,测试验证,E:\football_v\deployment_scripts\database_system_db_migration_V2.2.2.py
A,核心资产，优先迁移,E:\football_v\deployment_scripts\database_system_db_validation_V2.2.4.py
B,整理后迁移,E:\football_v\deployment_scripts\database_unified_migration_engine_V2.2.py
B,整理后迁移,E:\football_v\deployment_scripts\database_unified_validation_V2.2.1.py
C,测试验证,E:\football_v\deployment_scripts\db_check_tmp.py
B,整理后迁移,E:\football_v\deployment_scripts\decision_layer_db_test_tmp.py
A,核心资产，优先迁移,E:\football_v\deployment_scripts\decision_layer_V2.4_initializer.py
A,核心资产，优先迁移,E:\football_v\deployment_scripts\deploy_ai_intelligence_batch_02_06_V2.0.py
A,核心资产，优先迁移,E:\football_v\deployment_scripts\deploy_feature_engine_history_V1.0.1.py
A,核心资产，优先迁移,E:\football_v\deployment_scripts\deploy_feature_engine_history_V1.0.py
A,核心资产，优先迁移,E:\football_v\deployment_scripts\deploy_feature_model_layer_V1.0.py
A,核心资产，优先迁移,E:\football_v\deployment_scripts\deploy_football_ai_os_unified_V2.1.py
A,核心资产，优先迁移,E:\football_v\deployment_scripts\deploy_full_prediction_ai_V2.1.py
B,整理后迁移,E:\football_v\deployment_scripts\deploy_phase10_batch02_real_model_V1.0.py
A,核心资产，优先迁移,E:\football_v\deployment_scripts\deploy_prediction_engine_V1.0.py
A,核心资产，优先迁移,E:\football_v\deployment_scripts\deploy_prediction_engine_V1.1_REAL_FIX.py
A,核心资产，优先迁移,E:\football_v\deployment_scripts\deploy_prediction_intelligence_batch_01_V2.0.py
A,核心资产，优先迁移,E:\football_v\deployment_scripts\deploy_prediction_intelligence_V1.4_REAL.py
A,核心资产，优先迁移,E:\football_v\deployment_scripts\deploy_prediction_patch_V2.1.1.py
A,核心资产，优先迁移,E:\football_v\deployment_scripts\deploy_prediction_phase_V1.2_batch.py
A,核心资产，优先迁移,E:\football_v\deployment_scripts\deploy_remaining_batch_V1.5.py
A,核心资产，优先迁移,E:\football_v\deployment_scripts\deploy_training_engine_batch_01_V2.0.py
A,核心资产，优先迁移,E:\football_v\deployment_scripts\football_ai_os_V2.0_real_engine.py
A,核心资产，优先迁移,E:\football_v\deployment_scripts\global_audit.py
A,核心资产，优先迁移,E:\football_v\deployment_scripts\integration_layer_V2.6_initializer.py
A,核心资产，优先迁移,E:\football_v\deployment_scripts\model_layer_V2.3_initializer.py
B,整理后迁移,E:\football_v\deployment_scripts\model_migration_engine_V1.0.py
B,整理后迁移,E:\football_v\deployment_scripts\model_migration_engine_V1.1.py
B,整理后迁移,E:\football_v\deployment_scripts\prediction_database_test_V1.3.py
A,核心资产，优先迁移,E:\football_v\deployment_scripts\prediction_database_test_V1.4.py
A,核心资产，优先迁移,E:\football_v\deployment_scripts\prediction_intelligence_init_V1.3_FIX.py
C,测试验证,E:\football_v\deployment_scripts\test_feedback_connector.py
B,整理后迁移,E:\football_v\deployment_scripts\upgrade_model_registry_schema_V1.0.py
C,测试验证,E:\football_v\FINAL_RELEASE_REPORT\AI_INTELLIGENCE_BATCH_02_06_REPORT.json
C,测试验证,E:\football_v\FINAL_RELEASE_REPORT\AI_OS_V2.0_DEPLOYMENT_REPORT.json
C,测试验证,E:\football_v\FINAL_RELEASE_REPORT\AI_OS_V2.0_FINAL_RELEASE_REPORT.json
C,测试验证,E:\football_v\FINAL_RELEASE_REPORT\AI_OS_V2.0_RELEASE_VALIDATION_REPORT.json
C,测试验证,E:\football_v\FINAL_RELEASE_REPORT\AI_OS_V2.0_TEST_REPORT.json
C,测试验证,E:\football_v\FINAL_RELEASE_REPORT\Alpha_Release_Report_V1.5.json
C,测试验证,E:\football_v\FINAL_RELEASE_REPORT\deployment_report_V1.5.json
C,测试验证,E:\football_v\FINAL_RELEASE_REPORT\FINAL_ACCEPTANCE_REPORT.json
C,测试验证,E:\football_v\FINAL_RELEASE_REPORT\FINAL_PHASE51_55_VALIDATION_REPORT.json
C,测试验证,E:\football_v\FINAL_RELEASE_REPORT\FINAL_RUNTIME_TEST.json
C,测试验证,E:\football_v\FINAL_RELEASE_REPORT\Football_AI_OS_V2.0_FINAL_RELEASE.json
C,测试验证,E:\football_v\FINAL_RELEASE_REPORT\FULL_AI_DEPLOYMENT_REPORT_V2.1.json
C,测试验证,E:\football_v\FINAL_RELEASE_REPORT\FULL_AI_PATCH_DEPLOYMENT_V2.1.1.json
C,测试验证,E:\football_v\FINAL_RELEASE_REPORT\FULL_AI_TEST_REPORT_V2.1.1.json
C,测试验证,E:\football_v\FINAL_RELEASE_REPORT\integration_test_report_V1.5.json
C,测试验证,E:\football_v\FINAL_RELEASE_REPORT\legacy_delete_check.json
C,测试验证,E:\football_v\FINAL_RELEASE_REPORT\LOCAL_CONSOLE_V1.1_TEST_REPORT.json
C,测试验证,E:\football_v\FINAL_RELEASE_REPORT\LOCAL_CONSOLE_V1_TEST_REPORT.json
C,测试验证,E:\football_v\FINAL_RELEASE_REPORT\PHASE10_BATCH02_DEPLOYMENT.json
C,测试验证,E:\football_v\FINAL_RELEASE_REPORT\PHASE11_DEPLOYMENT_REPORT.json
C,测试验证,E:\football_v\FINAL_RELEASE_REPORT\PHASE11_TEST_REPORT.json
C,测试验证,E:\football_v\FINAL_RELEASE_REPORT\PHASE12_DEPLOYMENT_REPORT.json
C,测试验证,E:\football_v\FINAL_RELEASE_REPORT\PHASE12_TEST_REPORT.json
C,测试验证,E:\football_v\FINAL_RELEASE_REPORT\PHASE13_DEPLOYMENT_REPORT.json
C,测试验证,E:\football_v\FINAL_RELEASE_REPORT\PHASE13_TEST_REPORT.json
C,测试验证,E:\football_v\FINAL_RELEASE_REPORT\PHASE14_DEPLOYMENT_REPORT.json
C,测试验证,E:\football_v\FINAL_RELEASE_REPORT\PHASE14_TEST_REPORT.json
C,测试验证,E:\football_v\FINAL_RELEASE_REPORT\PHASE15_DEPLOYMENT_REPORT.json
C,测试验证,E:\football_v\FINAL_RELEASE_REPORT\PHASE15_TEST_REPORT.json
C,测试验证,E:\football_v\FINAL_RELEASE_REPORT\PHASE16_DEPLOYMENT_REPORT.json
C,测试验证,E:\football_v\FINAL_RELEASE_REPORT\PHASE16_TEST_REPORT.json
C,测试验证,E:\football_v\FINAL_RELEASE_REPORT\PHASE17_DEPLOYMENT_REPORT.json
C,测试验证,E:\football_v\FINAL_RELEASE_REPORT\PHASE17_TEST_REPORT.json
C,测试验证,E:\football_v\FINAL_RELEASE_REPORT\PHASE18_20_DEPLOYMENT_REPORT.json
C,测试验证,E:\football_v\FINAL_RELEASE_REPORT\PHASE18_20_TEST_REPORT.json
C,测试验证,E:\football_v\FINAL_RELEASE_REPORT\PHASE21_25_DEPLOYMENT_REPORT.json
C,测试验证,E:\football_v\FINAL_RELEASE_REPORT\PHASE21_25_TEST_REPORT.json
C,测试验证,E:\football_v\FINAL_RELEASE_REPORT\PHASE26_30_DEPLOYMENT_REPORT.json
C,测试验证,E:\football_v\FINAL_RELEASE_REPORT\PHASE26_30_TEST_REPORT.json
C,测试验证,E:\football_v\FINAL_RELEASE_REPORT\PHASE31_35_DEPLOYMENT_REPORT.json
C,测试验证,E:\football_v\FINAL_RELEASE_REPORT\PHASE36_40_DEPLOYMENT_REPORT.json
C,测试验证,E:\football_v\FINAL_RELEASE_REPORT\PHASE36_40_TEST_REPORT.json
C,测试验证,E:\football_v\FINAL_RELEASE_REPORT\PHASE41_45_DEPLOYMENT_REPORT.json
C,测试验证,E:\football_v\FINAL_RELEASE_REPORT\PHASE41_45_TEST_REPORT.json
C,测试验证,E:\football_v\FINAL_RELEASE_REPORT\PHASE46_50_DEPLOYMENT_REPORT.json
C,测试验证,E:\football_v\FINAL_RELEASE_REPORT\PHASE46_50_TEST_REPORT.json
C,测试验证,E:\football_v\FINAL_RELEASE_REPORT\PHASE51_55_INTERFACE_DEPLOYMENT_REPORT.json
C,测试验证,E:\football_v\FINAL_RELEASE_REPORT\PHASE51_55_INTERFACE_TEST_REPORT.json
C,测试验证,E:\football_v\FINAL_RELEASE_REPORT\PHASE51_PRODUCTION_VALIDATION_REPORT.json
C,测试验证,E:\football_v\FINAL_RELEASE_REPORT\PHASE52_BACKTEST_VALIDATION_REPORT.json
C,测试验证,E:\football_v\FINAL_RELEASE_REPORT\PHASE56_60_DEPLOYMENT_REPORT.json
C,测试验证,E:\football_v\FINAL_RELEASE_REPORT\PHASE56_60_TEST_REPORT.json
C,测试验证,E:\football_v\FINAL_RELEASE_REPORT\prediction_activation_batch_01_report.json
C,测试验证,E:\football_v\FINAL_RELEASE_REPORT\test_report_V1.5.json
C,测试验证,E:\football_v\FINAL_RELEASE_REPORT\training_engine_activation_batch_01_report.json
C,测试验证,E:\football_v\reports\after_20260723_1000_files.csv
C,测试验证,E:\football_v\reports\clean_duplicate_report.json
C,测试验证,E:\football_v\reports\CODE_LOGIC_DUPLICATE_AUDIT_V1.0.json
C,测试验证,E:\football_v\reports\CODE_LOGIC_DUPLICATE_AUDIT_V2.0.json
C,测试验证,E:\football_v\reports\CODE_LOGIC_DUPLICATE_IMPACT_ANALYSIS_V1.0.json
C,测试验证,E:\football_v\reports\FOOTBALL_AI_OS_V4_GLOBAL_AUDIT.json
C,测试验证,E:\football_v\reports\V4_CLEANUP_REPORT.json
C,测试验证,E:\football_v\reports\V4_FEEDBACK_FLOW_AUDIT_REPORT.json
C,测试验证,E:\football_v\reports\V4_FINAL_AUDIT_REPORT.json
C,测试验证,E:\football_v\reports\V4_LEARNING_DATABASE_SCHEMA_AUDIT.json
C,测试验证,E:\football_v\reports\V4_PRODUCTION_BASELINE_REPORT.json
C,测试验证,E:\football_v\reports\V4_SELF_LEARNING_ENGINE_AUDIT.json
B,整理后迁移,E:\football_v\tools\code_logic_duplicate_impact_scan.py
C,测试验证,E:\football_v\tools\code_logic_duplicate_scanner.py
A,核心资产，优先迁移,E:\football_v\tools\code_logic_duplicate_scanner_v2.py
D,归档,E:\football_v\USER_INTERFACE_LAYER\ai_console.py
C,测试验证,E:\football_v\USER_INTERFACE_LAYER\api_connector.py
C,测试验证,E:\football_v\USER_INTERFACE_LAYER\chat_runtime.py
C,测试验证,E:\football_v\USER_INTERFACE_LAYER\command_router.py
C,测试验证,E:\football_v\USER_INTERFACE_LAYER\config\console_config.json
