error,classes,functions,layers,file
"invalid non-printable character U+FEFF (<unknown>, line 1)",,,,E:\football_v\check_db_tables.py
,,pytest_collect_file,,E:\football_v\conftest.py
"invalid non-printable character U+FEFF (<unknown>, line 1)",,,,E:\football_v\database_inspector.py
"invalid non-printable character U+FEFF (<unknown>, line 1)",,,,E:\football_v\database_migration_engine_V1.0.py
"invalid non-printable character U+FEFF (<unknown>, line 1)",,,,E:\football_v\deploy_ai_intelligence_V2.0.py
"invalid non-printable character U+FEFF (<unknown>, line 1)",,,,E:\football_v\deploy_console_v1_1.py
,,,MODEL_LAYER|FEATURE_LAYER|DATA_LAYER|PREDICTION_LAYER|RUNTIME_LAYER,E:\football_v\deploy_frozen_v15_completion.py
"invalid non-printable character U+FEFF (<unknown>, line 1)",,,,E:\football_v\deploy_integration_test_V1.5.py
"invalid non-printable character U+FEFF (<unknown>, line 1)",,,,E:\football_v\deploy_integration_validation_V1.5.py
,,,RUNTIME_LAYER|DATA_LAYER,E:\football_v\deploy_local_console_v1.py
,,,FEATURE_LAYER|DATA_LAYER|PREDICTION_LAYER|MARKET_LAYER|RUNTIME_LAYER,E:\football_v\deploy_phase11.py
,,,MODEL_LAYER|RUNTIME_LAYER|DATA_LAYER|PREDICTION_LAYER|MARKET_LAYER|FEATURE_LAYER,E:\football_v\deploy_phase12.py
,,,MODEL_LAYER|FEATURE_LAYER|DATA_LAYER|PREDICTION_LAYER|RUNTIME_LAYER,E:\football_v\deploy_phase13.py
,,,MODEL_LAYER|FEATURE_LAYER|DATA_LAYER|PREDICTION_LAYER|RUNTIME_LAYER,E:\football_v\deploy_phase14.py
,,,VALUE_LAYER|MODEL_LAYER|DATA_LAYER|PREDICTION_LAYER|MARKET_LAYER|RUNTIME_LAYER,E:\football_v\deploy_phase15.py
,,,PREDICTION_LAYER|RUNTIME_LAYER|FEATURE_LAYER|DATA_LAYER,E:\football_v\deploy_phase16.py
,,,FEATURE_LAYER|DATA_LAYER|PREDICTION_LAYER|MARKET_LAYER|RUNTIME_LAYER,E:\football_v\deploy_phase17.py
,,,FEATURE_LAYER|DATA_LAYER|PREDICTION_LAYER|MARKET_LAYER|RUNTIME_LAYER,E:\football_v\deploy_phase18_20.py
,,,VALUE_LAYER|MODEL_LAYER|BETTING_LAYER|RUNTIME_LAYER|DATA_LAYER|PREDICTION_LAYER|FEATURE_LAYER,E:\football_v\deploy_phase21_25.py
,,,MODEL_LAYER|FEATURE_LAYER|DATA_LAYER|PREDICTION_LAYER|RUNTIME_LAYER,E:\football_v\deploy_phase26_30.py
,,,VALUE_LAYER|MARKET_LAYER|RUNTIME_LAYER|DATA_LAYER,E:\football_v\deploy_phase31_35.py
,,,VALUE_LAYER|BETTING_LAYER|RUNTIME_LAYER|DATA_LAYER|MARKET_LAYER|FEATURE_LAYER,E:\football_v\deploy_phase36_40.py
"invalid non-printable character U+FEFF (<unknown>, line 1)",,,,E:\football_v\deploy_phase51_55.py
"invalid non-printable character U+FEFF (<unknown>, line 1)",,,,E:\football_v\deploy_phase56_60.py
,,,,E:\football_v\deploy_remaining_modules_V1.5.py
,,write_file|create_modules|create_tests|update_registry,MODEL_LAYER|BETTING_LAYER|RUNTIME_LAYER|DATA_LAYER|PREDICTION_LAYER|FEATURE_LAYER,E:\football_v\deploy_remaining_modules_V1.5_FINAL.py
,,write_file,RUNTIME_LAYER|DATA_LAYER,E:\football_v\deploy_v15_phase2_patch3.py
,,,VALUE_LAYER|MODEL_LAYER|BETTING_LAYER|RUNTIME_LAYER|DATA_LAYER|PREDICTION_LAYER|MARKET_LAYER|FEATURE_LAYER,E:\football_v\final_acceptance_test.py
"invalid non-printable character U+FEFF (<unknown>, line 1)",,,,E:\football_v\final_deploy.py
"invalid non-printable character U+FEFF (<unknown>, line 1)",,,,E:\football_v\fix_integration_report_schema_V1.5.py
"invalid non-printable character U+FEFF (<unknown>, line 1)",,,,E:\football_v\legacy_delete_check.py
"invalid non-printable character U+FEFF (<unknown>, line 1)",,,,E:\football_v\migration_test.py
,,,MODEL_LAYER|FEATURE_LAYER|DATA_LAYER|PREDICTION_LAYER|RUNTIME_LAYER,E:\football_v\phase12_test.py
,,,MODEL_LAYER|FEATURE_LAYER|DATA_LAYER|PREDICTION_LAYER|RUNTIME_LAYER,E:\football_v\phase13_test.py
,,,MODEL_LAYER|FEATURE_LAYER|DATA_LAYER|PREDICTION_LAYER|RUNTIME_LAYER,E:\football_v\phase14_test.py
,,,VALUE_LAYER|MODEL_LAYER|DATA_LAYER|PREDICTION_LAYER|MARKET_LAYER|RUNTIME_LAYER,E:\football_v\phase15_test.py
,,,PREDICTION_LAYER|RUNTIME_LAYER|FEATURE_LAYER|DATA_LAYER,E:\football_v\phase16_test.py
,,,FEATURE_LAYER|DATA_LAYER|PREDICTION_LAYER|MARKET_LAYER|RUNTIME_LAYER,E:\football_v\phase17_test.py
"invalid non-printable character U+FEFF (<unknown>, line 1)",,,,E:\football_v\phase1_python_asset_scan.py
,,,VALUE_LAYER|MODEL_LAYER|BETTING_LAYER|RUNTIME_LAYER|DATA_LAYER|PREDICTION_LAYER|FEATURE_LAYER,E:\football_v\phase21_25_test.py
,,,MODEL_LAYER|FEATURE_LAYER|DATA_LAYER|PREDICTION_LAYER|RUNTIME_LAYER,E:\football_v\phase26_30_test.py
"invalid non-printable character U+FEFF (<unknown>, line 1)",,,,E:\football_v\phase2_function_scan.py
,,,VALUE_LAYER|FEATURE_LAYER|DATA_LAYER|PREDICTION_LAYER|RUNTIME_LAYER,E:\football_v\phase36_40_deploy.py
,,,VALUE_LAYER|FEATURE_LAYER|DATA_LAYER|PREDICTION_LAYER|RUNTIME_LAYER,E:\football_v\phase36_40_deploy_test.py
,,,VALUE_LAYER|BETTING_LAYER|RUNTIME_LAYER|DATA_LAYER|MARKET_LAYER|FEATURE_LAYER,E:\football_v\phase36_40_test.py
,,,MODEL_LAYER|FEATURE_LAYER|DATA_LAYER|PREDICTION_LAYER|RUNTIME_LAYER,E:\football_v\phase41_45_deploy_test.py
,,,MODEL_LAYER|RUNTIME_LAYER|DATA_LAYER,E:\football_v\phase46_50_deploy_test.py
,,,VALUE_LAYER|MODEL_LAYER|RUNTIME_LAYER|DATA_LAYER|PREDICTION_LAYER|MARKET_LAYER|FEATURE_LAYER,E:\football_v\phase51_55_final_validation.py
,,,VALUE_LAYER|MODEL_LAYER|BETTING_LAYER|RUNTIME_LAYER|DATA_LAYER|PREDICTION_LAYER|FEATURE_LAYER,E:\football_v\phase51_validation.py
,,,VALUE_LAYER|MODEL_LAYER|BETTING_LAYER|RUNTIME_LAYER|DATA_LAYER|PREDICTION_LAYER|FEATURE_LAYER,E:\football_v\phase52_backtest.py
"invalid non-printable character U+FEFF (<unknown>, line 1)",,,,E:\football_v\release_final_patch_V2.0.1.py
"invalid non-printable character U+FEFF (<unknown>, line 1)",,,,E:\football_v\release_integration_V2.0.py
"invalid non-printable character U+FEFF (<unknown>, line 1)",,,,E:\football_v\release_validation_V1.5.py
,,,RUNTIME_LAYER,E:\football_v\start_ai_os.py
"invalid non-printable character U+FEFF (<unknown>, line 1)",,,,E:\football_v\test_ai_intelligence_V2.0.py
"invalid non-printable character U+FEFF (<unknown>, line 1)",,,,E:\football_v\validate_release_V2.0.py
,,main,,E:\football_v\.venv\Lib\site-packages\pip\__init__.py
,,,,E:\football_v\.venv\Lib\site-packages\pip\__main__.py
,PipImportRedirectingFinder,version_str|find_spec,FEATURE_LAYER,E:\football_v\.venv\Lib\site-packages\pip\__pip-runner__.py
,_Prefix|BuildEnvironment|NoOpBuildEnvironment,_dedup|get_runnable_pip|_get_system_sitepackages|__init__|__init__|__enter__|__exit__|check_requirements|install_requirements|_install_requirements|__init__|__enter__|__exit__|cleanup|install_requirements,VALUE_LAYER|FEATURE_LAYER|DATA_LAYER,E:\football_v\.venv\Lib\site-packages\pip\_internal\build_env.py
,Cache|SimpleWheelCache|EphemWheelCache|CacheEntry|WheelCache,_hash_dict|__init__|_get_cache_path_parts|_get_candidates|get_path_for_link|get|__init__|get_path_for_link|get|__init__|__init__|__init__|get_path_for_link|get_ephem_path_for_link|get|get_cache_entry|record_download_origin,VALUE_LAYER|MODEL_LAYER|DATA_LAYER,E:\football_v\.venv\Lib\site-packages\pip\_internal\cache.py
,Configuration,_normalize_name|_disassemble_key|get_configuration_files|__init__|load|get_file_to_edit|items|get_value|set_value|unset_value|save|_ensure_have_load_only|_dictionary|_load_config_files|_load_file|_construct_parser|_load_environment_vars|_normalized_keys|get_environ_vars|iter_config_files|get_values_in_config|_get_parser_to_modify|_mark_as_modified|__repr__,VALUE_LAYER|MODEL_LAYER|FEATURE_LAYER|DATA_LAYER,E:\football_v\.venv\Lib\site-packages\pip\_internal\configuration.py
,PipError|DiagnosticPipError|ConfigurationError|InstallationError|MissingPyProjectBuildRequires|InvalidPyProjectBuildRequires|NoneMetadataError|UserInstallationInvalid|InvalidSchemeCombination|DistributionNotFound|RequirementsFileParseError|BestVersionAlreadyInstalled|BadCommand|CommandError|PreviousBuildDirError|NetworkConnectionError|InvalidWheelFilename|UnsupportedWheel|InvalidWheel|MetadataInconsistent|MetadataInvalid|InstallationSubprocessError|MetadataGenerationFailed|HashErrors|HashError|VcsHashUnsupported|DirectoryUrlHashUnsupported|HashMissing|HashUnpinned|HashMismatch|UnsupportedPythonVersion|ConfigurationFileCouldNotBeLoaded|ExternallyManagedEnvironment|UninstallMissingRecord|LegacyDistutilsInstall|InvalidInstalledPackage,_is_kebab_case|_prefix_with_indent|__init__|__repr__|__rich_console__|__init__|__init__|__init__|__str__|__str__|__str__|__init__|__str__|__init__|__str__|__init__|__str__|__init__|__str__|__init__|__str__|__init__|__str__|__init__|append|__str__|__bool__|body|__str__|_requirement_name|__init__|body|__init__|body|_hash_comparison|__init__|__str__|__init__|_iter_externally_managed_error_keys|from_config|__init__|__init__|__init__|hash_then_or,VALUE_LAYER|MODEL_LAYER|BETTING_LAYER|DATA_LAYER|FEATURE_LAYER,E:\football_v\.venv\Lib\site-packages\pip\_internal\exceptions.py
,,main,,E:\football_v\.venv\Lib\site-packages\pip\_internal\main.py
,,_is_list_of_str|make_pyproject_path|load_pyproject_toml,VALUE_LAYER|FEATURE_LAYER|DATA_LAYER,E:\football_v\.venv\Lib\site-packages\pip\_internal\pyproject.py
,SelfCheckState|UpgradePrompt,_get_statefile_name|_convert_date|was_installed_by_pip|_get_current_remote_pip_version|_self_version_check_logic|pip_self_version_check|__init__|key|get|set|__rich__,VALUE_LAYER|MODEL_LAYER|FEATURE_LAYER|DATA_LAYER,E:\football_v\.venv\Lib\site-packages\pip\_internal\self_outdated_check.py
,,_contains_egg_info|_should_build|should_build_for_wheel_command|should_build_for_install_command|_should_cache|_get_cache_dir|_verify_one|_build_one|_build_one_inside_env|_clean_one_legacy|build,VALUE_LAYER|MODEL_LAYER|DATA_LAYER,E:\football_v\.venv\Lib\site-packages\pip\_internal\wheel_builder.py
,,main,,E:\football_v\.venv\Lib\site-packages\pip\_internal\__init__.py
,,autocomplete|get_path_completion_type|auto_complete_paths,VALUE_LAYER|DATA_LAYER,E:\football_v\.venv\Lib\site-packages\pip\_internal\cli\autocompletion.py
,Command,__init__|add_options|handle_pip_version_check|run|_run_wrapper|parse_args|main|_main|_inner_run,VALUE_LAYER|MARKET_LAYER|FEATURE_LAYER,E:\football_v\.venv\Lib\site-packages\pip\_internal\cli\base_command.py
,PipOption,raise_option_error|make_option_group|check_dist_restriction|_path_option_check|_package_name_option_check|exists_action|extra_index_url|find_links|trusted_host|constraints|requirements|editable|_handle_src|_get_format_control|_handle_no_binary|_handle_only_binary|no_binary|only_binary|_convert_python_version|_handle_python_version|add_target_python_options|make_target_python|prefer_binary|_handle_no_cache_dir|_handle_no_use_pep517|_handle_config_settings|_handle_merge_hash|check_list_path_option,VALUE_LAYER|MODEL_LAYER|BETTING_LAYER|DATA_LAYER|FEATURE_LAYER,E:\football_v\.venv\Lib\site-packages\pip\_internal\cli\cmdoptions.py
,CommandContextMixIn,__init__|main_context|enter_context,VALUE_LAYER,E:\football_v\.venv\Lib\site-packages\pip\_internal\cli\command_context.py
,SessionCommandMixin|IndexGroupCommand,_create_truststore_ssl_context|_pip_self_version_check|__init__|_get_index_urls|get_default_session|_build_session|handle_pip_version_check,VALUE_LAYER|MODEL_LAYER|FEATURE_LAYER|DATA_LAYER,E:\football_v\.venv\Lib\site-packages\pip\_internal\cli\index_command.py
,,main,VALUE_LAYER,E:\football_v\.venv\Lib\site-packages\pip\_internal\cli\main.py
,,create_main_parser|identify_python_interpreter|parse_command,VALUE_LAYER|FEATURE_LAYER,E:\football_v\.venv\Lib\site-packages\pip\_internal\cli\main_parser.py
,PrettyHelpFormatter|UpdatingDefaultsHelpFormatter|CustomOptionParser|ConfigOptionParser,__init__|format_option_strings|_format_option_strings|format_heading|format_usage|format_description|format_epilog|indent_lines|expand_default|insert_option_group|option_list_all|__init__|check_default|_get_ordered_configuration_items|_update_defaults|get_default_values|error,VALUE_LAYER|BETTING_LAYER|FEATURE_LAYER|DATA_LAYER,E:\football_v\.venv\Lib\site-packages\pip\_internal\cli\parser.py
,,_rich_progress_bar|_raw_progress_bar|get_download_progress_renderer|write_progress,DATA_LAYER,E:\football_v\.venv\Lib\site-packages\pip\_internal\cli\progress_bars.py
,RequirementCommand,with_cleanup|configure_tempdir_registry|wrapper|__init__|determine_resolver_variant|make_requirement_preparer|make_resolver|get_requirements|trace_basic_info|_build_package_finder,VALUE_LAYER|MODEL_LAYER|FEATURE_LAYER|DATA_LAYER,E:\football_v\.venv\Lib\site-packages\pip\_internal\cli\req_command.py
,SpinnerInterface|InteractiveSpinner|NonInteractiveSpinner|RateLimiter,open_spinner|hidden_cursor|spin|finish|__init__|_write|spin|finish|__init__|_update|spin|finish|__init__|ready|reset,VALUE_LAYER|BETTING_LAYER|DATA_LAYER,E:\football_v\.venv\Lib\site-packages\pip\_internal\cli\spinners.py
,,,VALUE_LAYER,E:\football_v\.venv\Lib\site-packages\pip\_internal\cli\status_codes.py
,,,,E:\football_v\.venv\Lib\site-packages\pip\_internal\cli\__init__.py
,CacheCommand,add_options|run|get_cache_dir|get_cache_info|list_cache_items|format_for_human|format_for_abspath|remove_cache_items|purge_cache|_cache_dir|_find_http_files|_find_wheels,VALUE_LAYER|PREDICTION_LAYER|FEATURE_LAYER,E:\football_v\.venv\Lib\site-packages\pip\_internal\commands\cache.py
,CheckCommand,run,VALUE_LAYER|FEATURE_LAYER|DATA_LAYER,E:\football_v\.venv\Lib\site-packages\pip\_internal\commands\check.py
,CompletionCommand,add_options|run,VALUE_LAYER|FEATURE_LAYER|DATA_LAYER,E:\football_v\.venv\Lib\site-packages\pip\_internal\commands\completion.py
,ConfigurationCommand,add_options|run|_determine_file|list_values|get_name|set_name_value|unset_name|list_config_values|print_config_file_values|print_env_var_values|open_in_editor|_get_n_args|_save_configuration|_determine_editor,VALUE_LAYER|FEATURE_LAYER|DATA_LAYER,E:\football_v\.venv\Lib\site-packages\pip\_internal\commands\configuration.py
,DebugCommand,show_value|show_sys_implementation|create_vendor_txt_map|get_module_from_module_name|get_vendor_version_from_module|show_actual_vendor_versions|show_vendor_versions|show_tags|ca_bundle_info|add_options|run,VALUE_LAYER|FEATURE_LAYER|DATA_LAYER,E:\football_v\.venv\Lib\site-packages\pip\_internal\commands\debug.py
,DownloadCommand,add_options|run,VALUE_LAYER|MODEL_LAYER|DATA_LAYER,E:\football_v\.venv\Lib\site-packages\pip\_internal\commands\download.py
,FreezeCommand,_should_suppress_build_backends|_dev_pkgs|add_options|run,VALUE_LAYER|FEATURE_LAYER,E:\football_v\.venv\Lib\site-packages\pip\_internal\commands\freeze.py
,HashCommand,_hash_of_file|add_options|run,VALUE_LAYER|FEATURE_LAYER|DATA_LAYER,E:\football_v\.venv\Lib\site-packages\pip\_internal\commands\hash.py
,HelpCommand,run,VALUE_LAYER,E:\football_v\.venv\Lib\site-packages\pip\_internal\commands\help.py
,IndexCommand,add_options|run|_build_package_finder|get_available_package_versions,VALUE_LAYER|MODEL_LAYER|FEATURE_LAYER|DATA_LAYER,E:\football_v\.venv\Lib\site-packages\pip\_internal\commands\index.py
,InspectCommand,add_options|run|_dist_to_dict,VALUE_LAYER|FEATURE_LAYER|DATA_LAYER,E:\football_v\.venv\Lib\site-packages\pip\_internal\commands\inspect.py
,InstallCommand,get_lib_location_guesses|site_packages_writable|decide_user_install|create_os_error_message|add_options|run|_handle_target_dir|_determine_conflicts|_warn_about_conflicts,VALUE_LAYER|MODEL_LAYER|FEATURE_LAYER|DATA_LAYER,E:\football_v\.venv\Lib\site-packages\pip\_internal\commands\install.py
,ListCommand|_DistWithLatestInfo,format_for_columns|format_for_json|add_options|handle_pip_version_check|_build_package_finder|run|get_outdated|get_uptodate|get_not_required|iter_packages_latest_infos|output_package_listing|output_package_listing_columns|latest_info,VALUE_LAYER|MODEL_LAYER|FEATURE_LAYER|DATA_LAYER,E:\football_v\.venv\Lib\site-packages\pip\_internal\commands\list.py
,SearchCommand|TransformedHit,transform_hits|print_dist_installation_info|print_results|highest_version|add_options|run|search,VALUE_LAYER|MODEL_LAYER|DATA_LAYER|PREDICTION_LAYER|FEATURE_LAYER,E:\football_v\.venv\Lib\site-packages\pip\_internal\commands\search.py
,ShowCommand|_PackageInfo,search_packages_info|print_results|add_options|run|_get_requiring_packages,VALUE_LAYER|FEATURE_LAYER|DATA_LAYER,E:\football_v\.venv\Lib\site-packages\pip\_internal\commands\show.py
,UninstallCommand,add_options|run,VALUE_LAYER|MODEL_LAYER|DATA_LAYER,E:\football_v\.venv\Lib\site-packages\pip\_internal\commands\uninstall.py
,WheelCommand,add_options|run,VALUE_LAYER|MODEL_LAYER|FEATURE_LAYER|DATA_LAYER,E:\football_v\.venv\Lib\site-packages\pip\_internal\commands\wheel.py
,,create_command|get_similar_commands,VALUE_LAYER|FEATURE_LAYER|DATA_LAYER,E:\football_v\.venv\Lib\site-packages\pip\_internal\commands\__init__.py
,AbstractDistribution,__init__|build_tracker_id|get_metadata_distribution|prepare_distribution_metadata,DATA_LAYER,E:\football_v\.venv\Lib\site-packages\pip\_internal\distributions\base.py
,InstalledDistribution,build_tracker_id|get_metadata_distribution|prepare_distribution_metadata,FEATURE_LAYER|DATA_LAYER,E:\football_v\.venv\Lib\site-packages\pip\_internal\distributions\installed.py
,SourceDistribution,build_tracker_id|get_metadata_distribution|prepare_distribution_metadata|_prepare_build_backend|_get_build_requires_wheel|_get_build_requires_editable|_install_build_reqs|_raise_conflicts|_raise_missing_reqs,FEATURE_LAYER|DATA_LAYER,E:\football_v\.venv\Lib\site-packages\pip\_internal\distributions\sdist.py
,WheelDistribution,build_tracker_id|get_metadata_distribution|prepare_distribution_metadata,VALUE_LAYER|DATA_LAYER,E:\football_v\.venv\Lib\site-packages\pip\_internal\distributions\wheel.py
,,make_distribution_for_install_requirement,,E:\football_v\.venv\Lib\site-packages\pip\_internal\distributions\__init__.py
,_NotAPIContent|_NotHTTP|CacheablePageContent|ParseLinks|IndexContent|HTMLLinkParser|CollectedSources|LinkCollector,_match_vcs_scheme|_ensure_api_header|_ensure_api_response|_get_simple_response|_get_encoding_from_headers|with_cached_index_content|parse_links|_handle_get_simple_fail|_make_index_content|_get_index_content|__init__|__init__|__eq__|__hash__|__call__|wrapper|wrapper_wrapper|__str__|__init__|handle_starttag|get_href|__init__|create|find_links|fetch_response|collect_sources,VALUE_LAYER|MODEL_LAYER|FEATURE_LAYER|DATA_LAYER,E:\football_v\.venv\Lib\site-packages\pip\_internal\index\collector.py
,LinkType|LinkEvaluator|CandidatePreferences|BestCandidateResult|CandidateEvaluator|PackageFinder,_check_link_requires_python|filter_unallowed_hashes|_find_name_version_sep|_extract_version_from_fragment|__init__|evaluate_link|__post_init__|create|__init__|get_applicable_candidates|_sort_key|sort_best_candidate|compute_best_candidate|__init__|create|target_python|search_scope|search_scope|find_links|index_urls|proxy|trusted_hosts|custom_cert|client_cert|allow_all_prereleases|set_allow_all_prereleases|prefer_binary|set_prefer_binary|requires_python_skipped_reasons|make_link_evaluator|_sort_links|_log_skipped_link|get_install_candidate|evaluate_links|process_project_url|find_all_candidates|make_candidate_evaluator|find_best_candidate|find_requirement|_format_versions|_should_install_candidate,VALUE_LAYER|MODEL_LAYER|FEATURE_LAYER|DATA_LAYER,E:\football_v\.venv\Lib\site-packages\pip\_internal\index\package_finder.py
,LinkSource|_FlatDirectoryToUrls|_FlatDirectorySource|_LocalFileSource|_RemoteFileSource|_IndexDirectorySource,_is_html_file|build_source|link|page_candidates|file_links|__init__|_scan_directory|page_candidates|project_name_to_urls|__init__|link|page_candidates|file_links|__init__|link|page_candidates|file_links|__init__|link|page_candidates|file_links|__init__|link|page_candidates|file_links,VALUE_LAYER|MODEL_LAYER,E:\football_v\.venv\Lib\site-packages\pip\_internal\index\sources.py
,,,,E:\football_v\.venv\Lib\site-packages\pip\_internal\index\__init__.py
,,get_major_minor_version|change_root|get_src_prefix|is_osx_framework,VALUE_LAYER|FEATURE_LAYER,E:\football_v\.venv\Lib\site-packages\pip\_internal\locations\base.py
,,distutils_scheme|get_scheme|get_bin_prefix|get_purelib|get_platlib,VALUE_LAYER|MODEL_LAYER|FEATURE_LAYER|DATA_LAYER,E:\football_v\.venv\Lib\site-packages\pip\_internal\locations\_distutils.py
,,_should_use_osx_framework_prefix|_infer_prefix|_infer_user|_infer_home|get_scheme|get_bin_prefix|get_purelib|get_platlib,VALUE_LAYER|MODEL_LAYER|BETTING_LAYER|DATA_LAYER|FEATURE_LAYER,E:\football_v\.venv\Lib\site-packages\pip\_internal\locations\_sysconfig.py
,,_should_use_sysconfig|_looks_like_bpo_44860|_looks_like_red_hat_patched_platlib_purelib|_looks_like_red_hat_lib|_looks_like_debian_scheme|_looks_like_red_hat_scheme|_looks_like_slackware_scheme|_looks_like_msys2_mingw_scheme|_fix_abiflags|_warn_mismatched|_warn_if_mismatch|_log_context|get_scheme|get_bin_prefix|get_bin_user|_looks_like_deb_system_dist_packages|get_purelib|get_platlib,VALUE_LAYER|MODEL_LAYER|FEATURE_LAYER,E:\football_v\.venv\Lib\site-packages\pip\_internal\locations\__init__.py
,BaseEntryPoint|RequiresEntry|BaseDistribution|BaseEnvironment|Wheel|FilesystemWheel|MemoryWheel,_convert_installed_files_path|name|value|group|from_directory|from_metadata_file_contents|from_wheel|__repr__|__str__|location|editable_project_location|installed_location|info_location|installed_by_distutils|installed_as_egg|installed_with_setuptools_egg_info|installed_with_dist_info|canonical_name|version|raw_version|setuptools_filename|direct_url|installer|requested|editable|local|in_usersite|in_site_packages|is_file|iter_distutils_script_names|read_text|iter_entry_points|_metadata_impl|metadata|metadata_dict|metadata_version|raw_name|requires_python|iter_dependencies|iter_raw_dependencies|iter_provided_extras|_iter_declared_entries_from_record|_iter_declared_entries_from_legacy|iter_declared_entries|_iter_requires_txt_entries|_iter_egg_info_extras|_iter_egg_info_dependencies|_add_egg_info_requires|default|from_paths|get_distribution|_iter_distributions|iter_all_distributions|iter_installed_distributions|as_zipfile|__init__|as_zipfile|__init__|as_zipfile,VALUE_LAYER|MODEL_LAYER|BETTING_LAYER|DATA_LAYER|FEATURE_LAYER,E:\football_v\.venv\Lib\site-packages\pip\_internal\metadata\base.py
,EntryPoint|InMemoryMetadata|Distribution|Environment,__init__|has_metadata|get_metadata|get_metadata_lines|metadata_isdir|metadata_listdir|run_script|__init__|_extra_mapping|from_directory|from_metadata_file_contents|from_wheel|location|installed_location|info_location|installed_by_distutils|canonical_name|version|raw_version|is_file|iter_distutils_script_names|read_text|iter_entry_points|_metadata_impl|iter_dependencies|iter_provided_extras|__init__|default|from_paths|_iter_distributions|_search_distribution|get_distribution,VALUE_LAYER|MODEL_LAYER|DATA_LAYER,E:\football_v\.venv\Lib\site-packages\pip\_internal\metadata\pkg_resources.py
,,json_name|msg_to_json|sanitise_header,VALUE_LAYER|BETTING_LAYER|FEATURE_LAYER|DATA_LAYER,E:\football_v\.venv\Lib\site-packages\pip\_internal\metadata\_json.py
,Backend,_should_use_importlib_metadata|select_backend|get_default_environment|get_environment|get_directory_distribution|get_wheel_distribution|get_metadata_distribution,VALUE_LAYER|DATA_LAYER,E:\football_v\.venv\Lib\site-packages\pip\_internal\metadata\__init__.py
,BadMetadata|BasePath,get_info_location|parse_name_and_version_from_info_directory|get_dist_canonical_name|__init__|__str__|name|parent,VALUE_LAYER|FEATURE_LAYER|DATA_LAYER,E:\football_v\.venv\Lib\site-packages\pip\_internal\metadata\importlib\_compat.py
,WheelDistribution|Distribution,__init__|from_zipfile|iterdir|read_text|locate_file|__init__|from_directory|from_metadata_file_contents|from_wheel|location|info_location|installed_location|canonical_name|version|raw_version|is_file|iter_distutils_script_names|read_text|iter_entry_points|_metadata_impl|iter_provided_extras|iter_dependencies,VALUE_LAYER|FEATURE_LAYER|DATA_LAYER,E:\football_v\.venv\Lib\site-packages\pip\_internal\metadata\importlib\_dists.py
,_DistributionFinder|Environment,_looks_like_wheel|_emit_egg_deprecation|__init__|_find_impl|find|find_linked|_find_eggs_in_dir|_find_eggs_in_zip|find_eggs|__init__|default|from_paths|_iter_distributions|get_distribution,VALUE_LAYER|MODEL_LAYER|FEATURE_LAYER|DATA_LAYER,E:\football_v\.venv\Lib\site-packages\pip\_internal\metadata\importlib\_envs.py
,,,,E:\football_v\.venv\Lib\site-packages\pip\_internal\metadata\importlib\__init__.py
,InstallationCandidate,__init__|__str__,MODEL_LAYER|DATA_LAYER,E:\football_v\.venv\Lib\site-packages\pip\_internal\models\candidate.py
,DirectUrlValidationError|VcsInfo|ArchiveInfo|DirInfo|DirectUrl,_get|_get_required|_exactly_one_of|_filter_none|_from_dict|_to_dict|__init__|hash|hash|_from_dict|_to_dict|_from_dict|_to_dict|_remove_auth_from_netloc|redacted_url|validate|from_dict|to_dict|from_json|to_json|is_local_editable,VALUE_LAYER|FEATURE_LAYER|DATA_LAYER,E:\football_v\.venv\Lib\site-packages\pip\_internal\models\direct_url.py
,FormatControl,__init__|__eq__|__repr__|handle_mutual_excludes|get_allowed_formats|disallow_binaries,VALUE_LAYER|FEATURE_LAYER,E:\football_v\.venv\Lib\site-packages\pip\_internal\models\format_control.py
,PackageIndex,__init__|_url_for_path,,E:\football_v\.venv\Lib\site-packages\pip\_internal\models\index.py
,InstallationReport,__init__|_install_req_to_dict|to_dict,VALUE_LAYER|FEATURE_LAYER|DATA_LAYER,E:\football_v\.venv\Lib\site-packages\pip\_internal\models\installation_report.py
,LinkHash|MetadataFile|Link|_CleanResult,supported_hashes|_clean_url_path_part|_clean_file_url_path|_clean_url_path|_ensure_quoted_url|_absolute_link_url|_clean_link|links_equivalent|__post_init__|find_hash_url_fragment|as_dict|as_hashes|is_hash_allowed|__post_init__|__init__|from_json|from_element|__str__|__repr__|__hash__|__eq__|__lt__|url|filename|file_path|scheme|netloc|path|splitext|ext|url_without_fragment|_egg_fragment|subdirectory_fragment|metadata_link|as_hashes|hash|hash_name|show_url|is_file|is_existing_dir|is_wheel|is_vcs|is_yanked|has_hash|is_hash_allowed,VALUE_LAYER|FEATURE_LAYER|DATA_LAYER,E:\football_v\.venv\Lib\site-packages\pip\_internal\models\link.py
,Scheme,,DATA_LAYER,E:\football_v\.venv\Lib\site-packages\pip\_internal\models\scheme.py
,SearchScope,create|get_formatted_locations|get_index_urls_locations|mkurl_pypi_url,VALUE_LAYER|MODEL_LAYER|FEATURE_LAYER|DATA_LAYER,E:\football_v\.venv\Lib\site-packages\pip\_internal\models\search_scope.py
,SelectionPreferences,__init__,VALUE_LAYER|MODEL_LAYER|FEATURE_LAYER|DATA_LAYER,E:\football_v\.venv\Lib\site-packages\pip\_internal\models\selection_prefs.py
,TargetPython,__init__|format_given|get_sorted_tags|get_unsorted_tags,VALUE_LAYER|FEATURE_LAYER|DATA_LAYER,E:\football_v\.venv\Lib\site-packages\pip\_internal\models\target_python.py
,Wheel,__init__|get_formatted_file_tags|support_index_min|find_most_preferred_tag|supported,VALUE_LAYER|FEATURE_LAYER|DATA_LAYER,E:\football_v\.venv\Lib\site-packages\pip\_internal\models\wheel.py
,,,MODEL_LAYER,E:\football_v\.venv\Lib\site-packages\pip\_internal\models\__init__.py
,Credentials|KeyRingBaseProvider|KeyRingNullProvider|KeyRingPythonProvider|KeyRingCliProvider|MultiDomainBasicAuth,get_keyring_provider|get_auth_info|save_auth_info|get_auth_info|save_auth_info|__init__|get_auth_info|save_auth_info|__init__|get_auth_info|save_auth_info|_get_password|_set_password|__init__|keyring_provider|keyring_provider|use_keyring|_get_keyring_auth|_get_index_url|_get_new_credentials|_get_url_and_credentials|__call__|_prompt_for_password|_should_save_password_to_keyring|handle_401|warn_on_401|save_credentials|PATH_as_shutil_which_determines_it,VALUE_LAYER|MODEL_LAYER|FEATURE_LAYER|DATA_LAYER|RUNTIME_LAYER,E:\football_v\.venv\Lib\site-packages\pip\_internal\network\auth.py
,SafeFileCache,is_from_cache|suppressed_cache_errors|__init__|_get_cache_path|get|_write|set|delete|get_body|set_body,VALUE_LAYER|MODEL_LAYER|DATA_LAYER,E:\football_v\.venv\Lib\site-packages\pip\_internal\network\cache.py
,Downloader|BatchDownloader,_get_http_response_size|_prepare_download|sanitize_content_filename|parse_content_disposition|_get_http_response_filename|_http_get_download|__init__|__call__|__init__|__call__,VALUE_LAYER|MODEL_LAYER|BETTING_LAYER|DATA_LAYER|FEATURE_LAYER,E:\football_v\.venv\Lib\site-packages\pip\_internal\network\download.py
,HTTPRangeRequestUnsupported|LazyZipOverHTTP,dist_from_wheel_url|__init__|mode|name|seekable|close|closed|read|readable|seek|tell|truncate|writable|__enter__|__exit__|_stay|_check_zip|_stream_response|_merge|_download,VALUE_LAYER|MODEL_LAYER|DATA_LAYER,E:\football_v\.venv\Lib\site-packages\pip\_internal\network\lazy_wheel.py
,LocalFSAdapter|_SSLContextAdapterMixin|HTTPAdapter|CacheControlAdapter|InsecureHTTPAdapter|InsecureCacheControlAdapter|PipSession,looks_like_ci|user_agent|send|close|__init__|init_poolmanager|cert_verify|cert_verify|__init__|update_index_urls|add_trusted_host|iter_secure_origins|is_secure_origin|request,VALUE_LAYER|MODEL_LAYER|BETTING_LAYER|RUNTIME_LAYER|DATA_LAYER|FEATURE_LAYER,E:\football_v\.venv\Lib\site-packages\pip\_internal\network\session.py
,,raise_for_status|response_chunks,VALUE_LAYER|MODEL_LAYER|DATA_LAYER,E:\football_v\.venv\Lib\site-packages\pip\_internal\network\utils.py
,PipXmlrpcTransport,__init__|request,DATA_LAYER,E:\football_v\.venv\Lib\site-packages\pip\_internal\network\xmlrpc.py
,,,,E:\football_v\.venv\Lib\site-packages\pip\_internal\network\__init__.py
,PackageDetails,create_package_set_from_installed|check_package_set|check_install_conflicts|check_unsupported|_simulate_installation_of|_create_whitelist,VALUE_LAYER|PREDICTION_LAYER|DATA_LAYER,E:\football_v\.venv\Lib\site-packages\pip\_internal\operations\check.py
,_EditableInfo|FrozenRequirement,freeze|_format_as_name_version|_get_editable_info|canonical_name|from_dist|__str__,VALUE_LAYER|FEATURE_LAYER|DATA_LAYER,E:\football_v\.venv\Lib\site-packages\pip\_internal\operations\freeze.py
,File|RequirementPreparer,_get_prepared_distribution|unpack_vcs_link|get_http_url|get_file_url|unpack_url|_check_download_dir|__post_init__|__init__|_log_preparing_link|_ensure_link_req_src_dir|_get_linked_req_hashes|_fetch_metadata_only|_fetch_metadata_using_link_data_attr|_fetch_metadata_using_lazy_wheel|_complete_partial_requirements|prepare_linked_requirement|prepare_linked_requirements_more|_prepare_linked_requirement|save_linked_requirement|prepare_editable_requirement|prepare_installed_requirement,VALUE_LAYER|MODEL_LAYER|FEATURE_LAYER|DATA_LAYER,E:\football_v\.venv\Lib\site-packages\pip\_internal\operations\prepare.py
,,,,E:\football_v\.venv\Lib\site-packages\pip\_internal\operations\__init__.py
,TrackerId|BuildTracker,update_env_context_manager|get_build_tracker|__init__|__enter__|__exit__|_entry_path|add|remove|cleanup|track,VALUE_LAYER|FEATURE_LAYER|DATA_LAYER,E:\football_v\.venv\Lib\site-packages\pip\_internal\operations\build\build_tracker.py
,,generate_metadata,DATA_LAYER,E:\football_v\.venv\Lib\site-packages\pip\_internal\operations\build\metadata.py
,,generate_editable_metadata,DATA_LAYER,E:\football_v\.venv\Lib\site-packages\pip\_internal\operations\build\metadata_editable.py
,,_find_egg_info|generate_metadata,DATA_LAYER,E:\football_v\.venv\Lib\site-packages\pip\_internal\operations\build\metadata_legacy.py
,,build_wheel_pep517,DATA_LAYER,E:\football_v\.venv\Lib\site-packages\pip\_internal\operations\build\wheel.py
,,build_wheel_editable,DATA_LAYER,E:\football_v\.venv\Lib\site-packages\pip\_internal\operations\build\wheel_editable.py
,,format_command_result|get_legacy_build_wheel_path|build_wheel_legacy,VALUE_LAYER|FEATURE_LAYER,E:\football_v\.venv\Lib\site-packages\pip\_internal\operations\build\wheel_legacy.py
,,,,E:\football_v\.venv\Lib\site-packages\pip\_internal\operations\build\__init__.py
,,install_editable,VALUE_LAYER|MODEL_LAYER,E:\football_v\.venv\Lib\site-packages\pip\_internal\operations\install\editable_legacy.py
,ZipBackedFile|ScriptFile|MissingCallableSuffix|PipScriptMaker|File,rehash|csv_io_kwargs|fix_script|wheel_root_is_purelib|get_entrypoints|message_about_scripts_not_on_PATH|_normalized_outrows|_record_to_fs_path|_fs_to_record_path|get_csv_rows_for_installed|get_console_script_specs|_raise_for_invalid_entrypoint|_install_wheel|req_error_context|install_wheel|__init__|_getinfo|save|__init__|save|__init__|make|record_installed|is_dir_path|assert_no_path_traversal|root_scheme_file_maker|data_scheme_file_maker|is_data_scheme_path|is_script_scheme_path|is_entrypoint_wrapper|pyc_source_file_paths|pyc_output_path|_generate_file|save|make_root_scheme_file|make_data_scheme_file,VALUE_LAYER|MODEL_LAYER|DATA_LAYER|PREDICTION_LAYER|FEATURE_LAYER,E:\football_v\.venv\Lib\site-packages\pip\_internal\operations\install\wheel.py
,,,,E:\football_v\.venv\Lib\site-packages\pip\_internal\operations\install\__init__.py
,RequirementParts,_strip_extras|convert_extras|_set_requirement_extras|parse_editable|check_first_requirement_in_file|deduce_helpful_msg|parse_req_from_editable|install_req_from_editable|_looks_like_path|_get_url_from_path|parse_req_from_line|install_req_from_line|install_req_from_req_string|install_req_from_parsed_requirement|install_req_from_link_and_ireq|install_req_drop_extras|install_req_extend_extras|with_source|_parse_req_string,VALUE_LAYER|MODEL_LAYER|BETTING_LAYER|DATA_LAYER|FEATURE_LAYER,E:\football_v\.venv\Lib\site-packages\pip\_internal\req\constructors.py
,ParsedRequirement|ParsedLine|RequirementsFileParser|OptionParsingError,parse_requirements|preprocess|handle_requirement_line|handle_option_line|handle_line|get_line_parser|break_args_options|build_parser|join_lines|ignore_comments|expand_env_variables|get_file_content|_decode_req_file|is_editable|requirement|__init__|parse|_parse_and_recurse|_parse_file|parse_line|__init__|parser_exit,VALUE_LAYER|MODEL_LAYER|DATA_LAYER|PREDICTION_LAYER|FEATURE_LAYER,E:\football_v\.venv\Lib\site-packages\pip\_internal\req\req_file.py
,InstallRequirement,check_invalid_constraint_type|_has_option|check_legacy_setup_py_options|__init__|__str__|__repr__|format_debug|name|supports_pyproject_editable|specifier|is_direct|is_pinned|match_markers|has_hash_options|hashes|from_path|ensure_build_location|_set_requirement|warn_on_mismatching_name|check_if_exists|is_wheel|is_wheel_from_cache|unpacked_source_directory|setup_py_path|setup_cfg_path|pyproject_toml_path|load_pyproject_toml|isolated_editable_sanity_check|prepare_metadata|metadata|get_dist|assert_source_matches_version|ensure_has_source_dir|needs_unpacked_archive|ensure_pristine_source_checkout|update_editable|uninstall|_get_archive_name|archive|install|_clean_zip_name,VALUE_LAYER|MODEL_LAYER|BETTING_LAYER|DATA_LAYER|FEATURE_LAYER,E:\football_v\.venv\Lib\site-packages\pip\_internal\req\req_install.py
,RequirementSet,__init__|__str__|__repr__|add_unnamed_requirement|add_named_requirement|has_requirement|get_requirement|all_requirements|requirements_to_install,VALUE_LAYER|MODEL_LAYER|FEATURE_LAYER,E:\football_v\.venv\Lib\site-packages\pip\_internal\req\req_set.py
,StashedUninstallPathSet|UninstallPathSet|UninstallPthEntries,_script_names|_unique|uninstallation_paths|compact|compress_for_rename|compress_for_output_listing|unique|norm_join|__init__|_get_directory_stash|_get_file_stash|stash|commit|rollback|can_rollback|__init__|_permitted|add|add_pth|remove|_allowed_to_proceed|rollback|commit|from_dist|__init__|add|remove|rollback|_display|iter_scripts_to_remove,VALUE_LAYER|MODEL_LAYER|FEATURE_LAYER|DATA_LAYER,E:\football_v\.venv\Lib\site-packages\pip\_internal\req\req_uninstall.py
,InstallationResult,_validate_requirements|install_given_reqs,VALUE_LAYER|DATA_LAYER,E:\football_v\.venv\Lib\site-packages\pip\_internal\req\__init__.py
,BaseResolver,resolve|get_installation_order,,E:\football_v\.venv\Lib\site-packages\pip\_internal\resolution\base.py
,,,,E:\football_v\.venv\Lib\site-packages\pip\_internal\resolution\__init__.py
,Resolver,_check_dist_requires_python|__init__|resolve|_add_requirement_to_set|_is_upgrade_allowed|_set_req_to_reinstall|_check_skip_installed|_find_requirement_link|_populate_link|_get_dist_for|_resolve_one|get_installation_order|add_req|schedule,VALUE_LAYER|MODEL_LAYER|FEATURE_LAYER|DATA_LAYER,E:\football_v\.venv\Lib\site-packages\pip\_internal\resolution\legacy\resolver.py
,,,,E:\football_v\.venv\Lib\site-packages\pip\_internal\resolution\legacy\__init__.py
,Constraint|Requirement|Candidate,format_name|_match_link|empty|from_ireq|__bool__|__and__|is_satisfied_by|project_name|name|is_satisfied_by|get_candidate_lookup|format_for_error|project_name|name|version|is_installed|is_editable|source_link|iter_dependencies|get_install_requirement|format_for_error,MODEL_LAYER|FEATURE_LAYER|DATA_LAYER,E:\football_v\.venv\Lib\site-packages\pip\_internal\resolution\resolvelib\base.py
,_InstallRequirementBackedCandidate|LinkCandidate|EditableCandidate|AlreadyInstalledCandidate|ExtrasCandidate|RequiresPythonCandidate,as_base_candidate|make_install_req_from_link|make_install_req_from_editable|_make_install_req_from_dist|__init__|__str__|__repr__|__hash__|__eq__|source_link|project_name|name|version|format_for_error|_prepare_distribution|_check_metadata_consistency|_prepare|iter_dependencies|get_install_requirement|__init__|_prepare_distribution|__init__|_prepare_distribution|__init__|__str__|__repr__|__eq__|__hash__|project_name|name|version|is_editable|format_for_error|iter_dependencies|get_install_requirement|__init__|__str__|__repr__|__hash__|__eq__|project_name|name|version|format_for_error|is_installed|is_editable|source_link|iter_dependencies|get_install_requirement|__init__|__str__|project_name|name|version|format_for_error|iter_dependencies|get_install_requirement,MODEL_LAYER|RUNTIME_LAYER|FEATURE_LAYER|DATA_LAYER,E:\football_v\.venv\Lib\site-packages\pip\_internal\resolution\resolvelib\candidates.py
,CollectedRootRequirements|Factory|ConflictCause,__init__|force_reinstall|_fail_if_link_is_unsupported_wheel|_make_extras_candidate|_make_candidate_from_dist|_make_candidate_from_link|_make_base_candidate_from_link|_iter_found_candidates|_iter_explicit_candidates_from_base|_iter_candidates_from_constraints|find_candidates|_make_requirements_from_install_req|collect_root_requirements|make_requirement_from_candidate|make_requirements_from_spec|make_requires_python_requirement|get_wheel_cache_entry|get_dist_to_uninstall|_report_requires_python_error|_report_single_requirement_conflict|get_installation_error|_get_installed_candidate|iter_index_candidate_infos|text_join|describe_trigger|is_pinned,VALUE_LAYER|MODEL_LAYER|FEATURE_LAYER|DATA_LAYER,E:\football_v\.venv\Lib\site-packages\pip\_internal\resolution\resolvelib\factory.py
,FoundCandidates,_iter_built|_iter_built_with_prepended|_iter_built_with_inserted|__init__|__getitem__|__iter__|__len__|__bool__,VALUE_LAYER|BETTING_LAYER|FEATURE_LAYER|DATA_LAYER,E:\football_v\.venv\Lib\site-packages\pip\_internal\resolution\resolvelib\found_candidates.py
,PipProvider,_get_with_identifier|__init__|identify|get_preference|find_matches|is_satisfied_by|get_dependencies|is_backtrack_cause|_eligible_for_upgrade,VALUE_LAYER|MODEL_LAYER|BETTING_LAYER|RUNTIME_LAYER|FEATURE_LAYER,E:\football_v\.venv\Lib\site-packages\pip\_internal\resolution\resolvelib\provider.py
,PipReporter|PipDebuggingReporter,__init__|rejecting_candidate|starting|starting_round|ending_round|ending|adding_requirement|rejecting_candidate|pinning,VALUE_LAYER|MODEL_LAYER|RUNTIME_LAYER|FEATURE_LAYER,E:\football_v\.venv\Lib\site-packages\pip\_internal\resolution\resolvelib\reporter.py
,ExplicitRequirement|SpecifierRequirement|SpecifierWithoutExtrasRequirement|RequiresPythonRequirement|UnsatisfiableRequirement,__init__|__str__|__repr__|__hash__|__eq__|project_name|name|format_for_error|get_candidate_lookup|is_satisfied_by|__init__|_equal|__str__|__repr__|__eq__|__hash__|project_name|name|format_for_error|get_candidate_lookup|is_satisfied_by|__init__|_equal|__eq__|__hash__|__init__|__str__|__repr__|__hash__|__eq__|project_name|name|format_for_error|get_candidate_lookup|is_satisfied_by|__init__|__str__|__repr__|__eq__|__hash__|project_name|name|format_for_error|get_candidate_lookup|is_satisfied_by,MODEL_LAYER|FEATURE_LAYER|DATA_LAYER,E:\football_v\.venv\Lib\site-packages\pip\_internal\resolution\resolvelib\requirements.py
,Resolver,get_topological_weights|_req_set_item_sorter|__init__|resolve|get_installation_order|visit,VALUE_LAYER|MODEL_LAYER|DATA_LAYER|PREDICTION_LAYER|FEATURE_LAYER,E:\football_v\.venv\Lib\site-packages\pip\_internal\resolution\resolvelib\resolver.py
,,,,E:\football_v\.venv\Lib\site-packages\pip\_internal\resolution\resolvelib\__init__.py
,,user_cache_dir|_macos_user_config_dir|user_config_dir|site_config_dirs,VALUE_LAYER|FEATURE_LAYER|DATA_LAYER,E:\football_v\.venv\Lib\site-packages\pip\_internal\utils\appdirs.py
,,has_tls|get_path_uid|open_text_resource,VALUE_LAYER|MODEL_LAYER|FEATURE_LAYER|DATA_LAYER,E:\football_v\.venv\Lib\site-packages\pip\_internal\utils\compat.py
,,version_info_to_nodot|_mac_platforms|_ios_platforms|_custom_manylinux_platforms|_get_custom_platforms|_expand_allowed_platforms|_get_python_version|_get_custom_interpreter|get_supported,VALUE_LAYER|FEATURE_LAYER,E:\football_v\.venv\Lib\site-packages\pip\_internal\utils\compatibility_tags.py
,,today_is_later_than,,E:\football_v\.venv\Lib\site-packages\pip\_internal\utils\datetime.py
,PipDeprecationWarning,_showwarning|install_warning_logger|deprecated,VALUE_LAYER|FEATURE_LAYER|DATA_LAYER,E:\football_v\.venv\Lib\site-packages\pip\_internal\utils\deprecation.py
,,direct_url_as_pep440_direct_reference|direct_url_for_editable|direct_url_from_link,VALUE_LAYER|MODEL_LAYER,E:\football_v\.venv\Lib\site-packages\pip\_internal\utils\direct_url_helpers.py
,,_egg_link_names|egg_link_path_from_sys_path|egg_link_path_from_location,VALUE_LAYER|DATA_LAYER,E:\football_v\.venv\Lib\site-packages\pip\_internal\utils\egg_link.py
,,_wrapper|get_best_invocation_for_this_pip|get_best_invocation_for_this_python,VALUE_LAYER,E:\football_v\.venv\Lib\site-packages\pip\_internal\utils\entrypoints.py
,,check_path_owner|adjacent_tmp_file|test_writable_dir|_test_writable_dir_win|find_files|file_size|format_file_size|directory_size|format_directory_size,VALUE_LAYER|BETTING_LAYER|FEATURE_LAYER|DATA_LAYER,E:\football_v\.venv\Lib\site-packages\pip\_internal\utils\filesystem.py
,,is_archive_file,FEATURE_LAYER,E:\football_v\.venv\Lib\site-packages\pip\_internal\utils\filetypes.py
,,glibc_version_string|glibc_version_string_confstr|glibc_version_string_ctypes|libc_ver,VALUE_LAYER|FEATURE_LAYER|DATA_LAYER,E:\football_v\.venv\Lib\site-packages\pip\_internal\utils\glibc.py
,Hashes|MissingHashes,__init__|__and__|digest_count|is_hash_allowed|check_against_chunks|_raise|check_against_file|check_against_path|has_one_of|__bool__|__eq__|__hash__|__init__|_raise,VALUE_LAYER|DATA_LAYER,E:\football_v\.venv\Lib\site-packages\pip\_internal\utils\hashes.py
,BrokenStdoutLoggingError|IndentingFormatter|IndentedRenderable|PipConsole|RichPipStreamHandler|BetterRotatingFileHandler|MaxLevelFilter|ExcludeLoggerFilter,_is_broken_pipe_error|indent_log|get_indentation|setup_logging|__init__|get_message_start|format|__rich_console__|on_broken_pipe|__init__|emit|handleError|_open|__init__|filter|filter,VALUE_LAYER|MODEL_LAYER|BETTING_LAYER|DATA_LAYER|FEATURE_LAYER,E:\football_v\.venv\Lib\site-packages\pip\_internal\utils\logging.py
,StreamWrapper|HiddenText|ConfiguredBuildBackendHookCaller,get_pip_version|normalize_version_info|ensure_dir|get_prog|rmtree|_onerror_ignore|_onerror_reraise|rmtree_errorhandler|display_path|backup_dir|ask_path_exists|_check_no_input|ask|ask_input|ask_password|strtobool|format_size|tabulate|is_installable_dir|read_chunks|normalize_path|splitext|renames|is_local|write_output|enum|build_netloc|build_url_from_netloc|parse_netloc|split_auth_from_netloc|redact_netloc|_transform_url|_get_netloc|_redact_netloc|split_auth_netloc_from_url|remove_auth_from_url|redact_auth_from_url|redact_auth_from_requirement|hide_value|hide_url|protect_pip_from_modification_on_windows|check_externally_managed|is_console_interactive|hash_file|pairwise|partition|warn_if_run_as_root|from_stream|encoding|__repr__|__str__|__eq__|__init__|build_wheel|build_sdist|build_editable|get_requires_for_build_wheel|get_requires_for_build_sdist|get_requires_for_build_editable|prepare_metadata_for_build_wheel|prepare_metadata_for_build_editable,VALUE_LAYER|PREDICTION_LAYER|FEATURE_LAYER|DATA_LAYER,E:\football_v\.venv\Lib\site-packages\pip\_internal\utils\misc.py
,,check_requires_python|get_requirement|safe_extra,FEATURE_LAYER,E:\football_v\.venv\Lib\site-packages\pip\_internal\utils\packaging.py
,,retry|wrapper|retry_wrapped,VALUE_LAYER|BETTING_LAYER|FEATURE_LAYER,E:\football_v\.venv\Lib\site-packages\pip\_internal\utils\retry.py
,,make_setuptools_shim_args|make_setuptools_bdist_wheel_args|make_setuptools_clean_args|make_setuptools_develop_args|make_setuptools_egg_info_args,VALUE_LAYER|MODEL_LAYER|FEATURE_LAYER|DATA_LAYER,E:\football_v\.venv\Lib\site-packages\pip\_internal\utils\setuptools_build.py
,,make_command|format_command_args|reveal_command_args|call_subprocess|runner_with_spinner_message|runner,VALUE_LAYER|FEATURE_LAYER|DATA_LAYER,E:\football_v\.venv\Lib\site-packages\pip\_internal\utils\subprocess.py
,TempDirectoryTypeRegistry|_Default|TempDirectory|AdjacentTempDirectory,global_tempdir_manager|tempdir_registry|__init__|set_delete|get_delete|__init__|path|__repr__|__enter__|__exit__|_create|cleanup|__init__|_generate_names|_create|onerror,VALUE_LAYER|FEATURE_LAYER|DATA_LAYER,E:\football_v\.venv\Lib\site-packages\pip\_internal\utils\temp_dir.py
,,current_umask|split_leading_dir|has_leading_dir|is_within_directory|_get_default_mode_plus_executable|set_extracted_file_to_default_mode_plus_executable|zip_item_is_executable|unzip_file|untar_file|_untar_without_filter|unpack_file|pip_filter,VALUE_LAYER|MODEL_LAYER|FEATURE_LAYER|DATA_LAYER,E:\football_v\.venv\Lib\site-packages\pip\_internal\utils\unpacking.py
,,path_to_url|url_to_path,VALUE_LAYER|FEATURE_LAYER,E:\football_v\.venv\Lib\site-packages\pip\_internal\utils\urls.py
,,_running_under_venv|_running_under_legacy_virtualenv|running_under_virtualenv|_get_pyvenv_cfg_lines|_no_global_under_venv|_no_global_under_legacy_virtualenv|virtualenv_no_global,VALUE_LAYER|DATA_LAYER,E:\football_v\.venv\Lib\site-packages\pip\_internal\utils\virtualenv.py
,,parse_wheel|wheel_dist_info_dir|read_wheel_metadata_file|wheel_metadata|wheel_version|check_compatibility,VALUE_LAYER|RUNTIME_LAYER|FEATURE_LAYER|DATA_LAYER,E:\football_v\.venv\Lib\site-packages\pip\_internal\utils\wheel.py
,,_nonblank|yield_lines|_|drop_comment|join_continuation,VALUE_LAYER|MODEL_LAYER,E:\football_v\.venv\Lib\site-packages\pip\_internal\utils\_jaraco_text.py
,VerboseLogger,getLogger|init_logging|verbose,VALUE_LAYER|MODEL_LAYER|BETTING_LAYER,E:\football_v\.venv\Lib\site-packages\pip\_internal\utils\_log.py
,,,,E:\football_v\.venv\Lib\site-packages\pip\_internal\utils\__init__.py
,Bazaar,get_base_rev_args|fetch_new|switch|update|get_url_rev_and_auth|get_remote_url|get_revision|is_commit_id_equal,VALUE_LAYER,E:\football_v\.venv\Lib\site-packages\pip\_internal\vcs\bazaar.py
,Git,looks_like_hash|get_base_rev_args|is_immutable_rev_checkout|get_git_version|get_current_branch|get_revision_sha|_should_fetch|resolve_revision|is_commit_id_equal|fetch_new|switch|update|get_remote_url|_git_remote_to_pip_url|has_commit|get_revision|get_subdirectory|get_url_rev_and_auth|update_submodules|get_repository_root|should_add_vcs_url_prefix,VALUE_LAYER|FEATURE_LAYER|DATA_LAYER,E:\football_v\.venv\Lib\site-packages\pip\_internal\vcs\git.py
,Mercurial,get_base_rev_args|fetch_new|switch|update|get_remote_url|get_revision|get_requirement_revision|is_commit_id_equal|get_subdirectory|get_repository_root,VALUE_LAYER|DATA_LAYER,E:\football_v\.venv\Lib\site-packages\pip\_internal\vcs\mercurial.py
,Subversion,should_add_vcs_url_prefix|get_base_rev_args|get_revision|get_netloc_and_auth|get_url_rev_and_auth|make_rev_args|get_remote_url|_get_svn_url_rev|is_commit_id_equal|__init__|call_vcs_version|get_vcs_version|get_remote_call_options|fetch_new|switch|update,VALUE_LAYER|FEATURE_LAYER|DATA_LAYER,E:\football_v\.venv\Lib\site-packages\pip\_internal\vcs\subversion.py
,RemoteNotFoundError|RemoteNotValidError|RevOptions|VcsSupport|VersionControl,is_url|make_vcs_requirement_url|find_path_to_project_root_from_repo_root|__init__|__repr__|arg_rev|to_args|to_display|make_new|__init__|__iter__|backends|dirnames|all_schemes|register|unregister|get_backend_for_dir|get_backend_for_scheme|get_backend|should_add_vcs_url_prefix|get_subdirectory|get_requirement_revision|get_src_requirement|get_base_rev_args|is_immutable_rev_checkout|make_rev_options|_is_local_repository|get_netloc_and_auth|get_url_rev_and_auth|make_rev_args|get_url_rev_options|normalize_url|compare_urls|fetch_new|switch|update|is_commit_id_equal|obtain|unpack|get_remote_url|get_revision|run_command|is_repository_directory|get_repository_root,VALUE_LAYER|FEATURE_LAYER|DATA_LAYER,E:\football_v\.venv\Lib\site-packages\pip\_internal\vcs\versioncontrol.py
,,,,E:\football_v\.venv\Lib\site-packages\pip\_internal\vcs\__init__.py
,_Sentinel|_ExtensionsSpecialForm|_DefaultMixin|_TypeVarLikeMeta|_SpecialForm|_AnyMeta|Any|_LiteralGenericAlias|_LiteralForm|_SpecialGenericAlias|_ProtocolMeta|Protocol|SupportsInt|SupportsFloat|SupportsComplex|SupportsBytes|SupportsIndex|SupportsAbs|SupportsRound|_TypedDictMeta|_AnnotatedAlias|Annotated|NoDefaultTypeMeta|NoDefaultType|TypeVar|_Immutable|ParamSpecArgs|ParamSpecKwargs|_ConcatenateGenericAlias|deprecated|_NamedTupleMeta|Buffer|NewType|TypeAliasType|Doc|ParamSpec|ParamSpec|_ConcatenateForm|_TypeGuardForm|_TypeIsForm|_RequiredForm|_ReadOnlyForm|_UnpackSpecialForm|_UnpackAlias|_UnpackAlias|_UnpackForm|TypeVarTuple|TypeVarTuple|Dummy,IntVar|_get_protocol_attrs|_caller|_ensure_subclassable|_set_default|_set_module|_concatenate_getitem|_has_generic_or_protocol_as_origin|_is_unpacked_typevartuple|__repr__|_should_collect_from_parameters|__repr__|final|_flatten_literal_params|_value_and_type_iter|overload|get_overloads|clear_overloads|_is_dunder|_allow_reckless_class_checks|_no_init|_type_check_issubclass_arg_1|_proto_hook|runtime_checkable|inner|_get_typeddict_qualifiers|TypedDict|is_typeddict|assert_type|_strip_extras|get_type_hints|get_origin|get_args|__instancecheck__|__init__|__getattr__|__mro_entries__|__repr__|__reduce__|__call__|__or__|__ror__|__instancecheck__|__subclasscheck__|__getitem__|LiteralString|Self|Never|_is_unpack|reveal_type|assert_never|dataclass_transform|override|_check_generic|_check_generic|_collect_type_vars|_collect_parameters|_make_nmtuple|_namedtuple_mro_entries|NamedTuple|get_original_bases|_is_unionable|is_protocol|get_protocol_members|_should_collect_from_parameters|_should_collect_from_parameters|__instancecheck__|__repr__|__new__|__eq__|__hash__|__init__|__getitem__|__init__|__setattr__|__getitem__|__new__|__init__|__subclasscheck__|__instancecheck__|__eq__|__hash__|__init_subclass__|__int__|__float__|__complex__|__bytes__|__index__|__abs__|__round__|__new__|__subclasscheck__|__init__|copy_with|__repr__|__reduce__|__eq__|__hash__|__new__|__class_getitem__|__init_subclass__|TypeAlias|__setattr__|__new__|__repr__|__reduce__|__new__|__init_subclass__|__copy__|__deepcopy__|__init__|__repr__|__eq__|__init__|__repr__|__eq__|__init__|__repr__|__hash__|__call__|__parameters__|Concatenate|TypeGuard|TypeIs|Required|NotRequired|ReadOnly|Unpack|_is_unpack|_is_unpack|_unpack_args|decorator|__init__|__call__|__new__|__call__|__init__|__mro_entries__|__repr__|__reduce__|__init__|__setattr__|__delattr__|_raise_attribute_error|__repr__|__getitem__|__reduce__|__init_subclass__|__call__|__init__|__repr__|__hash__|__eq__|_tvar_prepare_subst|__new__|__init_subclass__|args|kwargs|__init__|__repr__|__hash__|__eq__|__reduce__|__call__|__getitem__|__getitem__|__getitem__|__getitem__|__getitem__|__init__|__typing_unpacked_tuple_args__|__getitem__|__new__|__init_subclass__|__iter__|__init__|__repr__|__hash__|__eq__|__reduce__|__init_subclass__|__or__|__ror__|__or__|__ror__|_paramspec_prepare_subst|_typevartuple_prepare_subst|__init_subclass__|__new__|__init_subclass__|__init_subclass__|wrapper,VALUE_LAYER|MODEL_LAYER|BETTING_LAYER|RUNTIME_LAYER|DATA_LAYER|FEATURE_LAYER,E:\football_v\.venv\Lib\site-packages\pip\_vendor\typing_extensions.py
,,vendored,VALUE_LAYER|BETTING_LAYER|FEATURE_LAYER,E:\football_v\.venv\Lib\site-packages\pip\_vendor\__init__.py
,CacheControlAdapter,__init__|send|build_response|close|_update_chunk_length,FEATURE_LAYER|DATA_LAYER,E:\football_v\.venv\Lib\site-packages\pip\_vendor\cachecontrol\adapter.py
,BaseCache|DictCache|SeparateBodyBaseCache,get|set|delete|close|__init__|get|set|delete|set_body|get_body,VALUE_LAYER|DATA_LAYER,E:\football_v\.venv\Lib\site-packages\pip\_vendor\cachecontrol\cache.py
,CacheController,parse_uri|__init__|_urlnorm|cache_url|parse_cache_control|_load_from_cache|cached_request|conditional_headers|_cache_set|cache_response|update_cached_response,VALUE_LAYER|FEATURE_LAYER|DATA_LAYER,E:\football_v\.venv\Lib\site-packages\pip\_vendor\cachecontrol\controller.py
,CallbackFileWrapper,__init__|__getattr__|__is_fp_closed|_close|read|_safe_read,VALUE_LAYER|PREDICTION_LAYER|FEATURE_LAYER|DATA_LAYER,E:\football_v\.venv\Lib\site-packages\pip\_vendor\cachecontrol\filewrapper.py
,BaseHeuristic|OneDayCache|ExpiresAfter|LastModified,expire_after|datetime_to_header|warning|update_headers|apply|update_headers|__init__|update_headers|warning|update_headers|warning,VALUE_LAYER|MODEL_LAYER|FEATURE_LAYER|DATA_LAYER,E:\football_v\.venv\Lib\site-packages\pip\_vendor\cachecontrol\heuristics.py
,Serializer,dumps|serialize|loads|prepare_response|_loads_v4,VALUE_LAYER|MODEL_LAYER|FEATURE_LAYER|DATA_LAYER,E:\football_v\.venv\Lib\site-packages\pip\_vendor\cachecontrol\serialize.py
,,CacheControl,,E:\football_v\.venv\Lib\site-packages\pip\_vendor\cachecontrol\wrapper.py
,,setup_logging|get_session|get_args|main,VALUE_LAYER,E:\football_v\.venv\Lib\site-packages\pip\_vendor\cachecontrol\_cmd.py
,,,,E:\football_v\.venv\Lib\site-packages\pip\_vendor\cachecontrol\__init__.py
,_FileCacheMixin|FileCache|SeparateBodyFileCache,_secure_open_write|url_to_file_path|__init__|encode|_fn|get|set|_write|_delete|delete|get_body|set_body|delete,VALUE_LAYER|MODEL_LAYER|BETTING_LAYER|DATA_LAYER,E:\football_v\.venv\Lib\site-packages\pip\_vendor\cachecontrol\caches\file_cache.py
,RedisCache,__init__|get|set|delete|clear|close,VALUE_LAYER|DATA_LAYER,E:\football_v\.venv\Lib\site-packages\pip\_vendor\cachecontrol\caches\redis_cache.py
,,,,E:\football_v\.venv\Lib\site-packages\pip\_vendor\cachecontrol\caches\__init__.py
,,exit_cacert_ctx|where|contents|where|contents|read_text|where|contents,VALUE_LAYER|DATA_LAYER,E:\football_v\.venv\Lib\site-packages\pip\_vendor\certifi\core.py
,,,,E:\football_v\.venv\Lib\site-packages\pip\_vendor\certifi\__init__.py
,,,,E:\football_v\.venv\Lib\site-packages\pip\_vendor\certifi\__main__.py
,ZipExtFile|ZipFile|CertificateError|Container|ChainMap|OrderedDict|ConvertingDict|ConvertingList|ConvertingTuple|BaseConfigurator,quote|_dnsname_match|match_hostname|which|__init__|__enter__|__exit__|__enter__|__exit__|open|python_implementation|callable|fsencode|fsdecode|_get_normal_name|detect_encoding|cache_from_source|valid_ident|pop|__init__|_access_check|read_or_stop|find_cookie|__init__|__missing__|__getitem__|get|__len__|__iter__|__contains__|__bool__|__repr__|fromkeys|copy|new_child|parents|__setitem__|__delitem__|popitem|pop|clear|__init__|__setitem__|__delitem__|__iter__|__reversed__|clear|popitem|keys|values|items|iterkeys|itervalues|iteritems|update|pop|setdefault|__repr__|__reduce__|copy|fromkeys|__eq__|__ne__|viewkeys|viewvalues|viewitems|__getitem__|get|__getitem__|pop|__getitem__|__init__|resolve|ext_convert|cfg_convert|convert|configure_custom|as_tuple|_recursive_repr|decorating_function|wrapper,VALUE_LAYER|RUNTIME_LAYER|FEATURE_LAYER|DATA_LAYER,E:\football_v\.venv\Lib\site-packages\pip\_vendor\distlib\compat.py
,_Cache|DistributionPath|Distribution|BaseInstalledDistribution|InstalledDistribution|EggInfoDistribution|DependencyGraph,make_graph|get_dependent_dists|get_required_dists|make_dist|__init__|clear|add|__init__|_get_cache_enabled|_set_cache_enabled|clear_cache|_yield_distributions|_generate_cache|distinfo_dirname|get_distributions|get_distribution|provides_distribution|get_file_path|get_exported_entries|__init__|source_url|name_and_version|provides|_get_requirements|run_requires|meta_requires|build_requires|test_requires|dev_requires|matches_requirement|__repr__|__eq__|__hash__|__init__|get_hash|__init__|__repr__|__str__|_get_records|exports|read_exports|write_exports|get_resource_path|list_installed_files|write_installed_files|check_installed_files|shared_locations|write_shared_locations|get_distinfo_resource|get_distinfo_file|list_distinfo_files|__eq__|__init__|_get_metadata|__repr__|__str__|check_installed_files|list_installed_files|list_distinfo_files|__eq__|__init__|add_distribution|add_edge|add_missing|_repr_dist|repr_node|to_dot|topological_sort|__repr__|set_name_and_version|parse_requires_data|parse_requires_path|_md5|_size,VALUE_LAYER|MODEL_LAYER|BETTING_LAYER|DATA_LAYER|FEATURE_LAYER,E:\football_v\.venv\Lib\site-packages\pip\_vendor\distlib\database.py
,PackageIndex,__init__|_get_pypirc_command|read_configuration|save_configuration|check_credentials|register|_reader|get_sign_command|run_command|sign_file|upload_file|upload_documentation|get_verify_command|verify_signature|download_file|send_request|encode_request|search,VALUE_LAYER|FEATURE_LAYER|DATA_LAYER,E:\football_v\.venv\Lib\site-packages\pip\_vendor\distlib\index.py
,RedirectHandler|Locator|PyPIRPCLocator|PyPIJSONLocator|Page|SimpleScrapingLocator|DirectoryLocator|JSONLocator|DistPathLocator|AggregatingLocator|DependencyFinder,get_all_distribution_names|http_error_302|__init__|get_errors|clear_errors|clear_cache|_get_scheme|_set_scheme|_get_project|get_distribution_names|get_project|score_url|prefer_url|split_filename|convert_url_to_download_info|_get_digest|_update_version_data|locate|__init__|get_distribution_names|_get_project|__init__|get_distribution_names|_get_project|__init__|links|__init__|_prepare_threads|_wait_threads|_get_project|_is_platform_dependent|_process_download|_should_queue|_fetch|get_page|get_distribution_names|__init__|should_include|_get_project|get_distribution_names|get_distribution_names|_get_project|__init__|_get_project|__init__|clear_cache|_set_scheme|_get_project|get_distribution_names|__init__|add_distribution|remove_distribution|get_matcher|find_providers|try_to_replace|find|same_project|clean,VALUE_LAYER|MODEL_LAYER|DATA_LAYER|PREDICTION_LAYER|FEATURE_LAYER,E:\football_v\.venv\Lib\site-packages\pip\_vendor\distlib\locators.py
,Manifest,__init__|findall|add|add_many|sorted|clear|process_directive|_parse_directive|_include_pattern|_exclude_pattern|_translate_pattern|_glob_to_re|add_dir,VALUE_LAYER|BETTING_LAYER|FEATURE_LAYER|DATA_LAYER,E:\football_v\.venv\Lib\site-packages\pip\_vendor\distlib\manifest.py
,Evaluator,_is_version_marker|_is_literal|_get_versions|default_context|interpret|evaluate|format_full_version,VALUE_LAYER|FEATURE_LAYER|DATA_LAYER,E:\football_v\.venv\Lib\site-packages\pip\_vendor\distlib\markers.py
,MetadataMissingError|MetadataConflictError|MetadataUnrecognizedVersionError|MetadataInvalidError|LegacyMetadata|Metadata,_version2fieldlist|_best_version|_get_name_and_version|_has_marker|__init__|set_metadata_version|_write_field|__getitem__|__setitem__|__delitem__|__contains__|_convert_name|_default_value|_remove_line_prefix|__getattr__|get_fullname|is_field|is_multi_field|read|read_file|write|write_file|update|set|get|check|todict|add_requirements|keys|__iter__|values|items|__repr__|__init__|__getattribute__|_validate_value|__setattr__|name_and_version|provides|provides|get_requirements|dictionary|dependencies|dependencies|_validate_mapping|validate|todict|_from_legacy|_to_legacy|write|add_requirements|__repr__|_set|are_valid_constraints|process_entries,VALUE_LAYER|MODEL_LAYER|DATA_LAYER|PREDICTION_LAYER|FEATURE_LAYER,E:\football_v\.venv\Lib\site-packages\pip\_vendor\distlib\metadata.py
,ResourceCache|ResourceBase|Resource|ResourceContainer|ResourceFinder|ZipResourceFinder,register_finder|finder|finder_for_path|__init__|is_stale|get|__init__|as_stream|file_path|bytes|size|resources|__init__|_adjust_path|_make_path|_find|get_cache_info|find|get_stream|get_bytes|get_size|get_resources|is_container|iterator|__init__|_adjust_path|_find|get_cache_info|get_bytes|get_stream|get_size|get_resources|_is_directory|allowed,MODEL_LAYER|FEATURE_LAYER|DATA_LAYER,E:\football_v\.venv\Lib\site-packages\pip\_vendor\distlib\resources.py
,ScriptMaker,enquote_executable|__init__|_get_alternate_executable|_build_shebang|_get_shebang|_get_script_text|get_manifest|_write_script|get_script_filenames|_make_script|_copy_script|dry_run|dry_run|make|make_multiple|_is_shell|_fix_jython_executable|_get_launcher,VALUE_LAYER|MARKET_LAYER|FEATURE_LAYER|DATA_LAYER,E:\football_v\.venv\Lib\site-packages\pip\_vendor\distlib\scripts.py
,cached_property|FileOperator|ExportEntry|Cache|EventMixin|Sequencer|Progress|Transport|ServerProxy|CSVBase|CSVReader|CSVWriter|Configurator|SubprocessMixin|PyPIRCFile|HTTPSConnection|HTTPSHandler|HTTPSOnlyHandler|SafeTransport,parse_marker|parse_requirement|get_resources_dests|in_venv|get_executable|proceed|extract_by_key|read_exports|write_exports|tempdir|chdir|socket_timeout|convert_path|resolve|get_export_entry|get_cache_base|path_to_cache_dir|ensure_slash|parse_credentials|get_process_umask|is_string_sequence|split_filename|parse_name_and_version|get_extras|_get_external_data|get_project_data|get_package_data|unarchive|zip_dir|iglob|_iglob|_csv_open|normalize_name|_load_pypirc|_store_pypirc|get_host_platform|get_platform|marker_var|marker_expr|marker_and|marker|get_rel_path|read_stream|__init__|__get__|__init__|_init_record|record_as_written|newer|copy_file|copy_stream|write_binary_file|write_text_file|set_mode|ensure_dir|byte_compile|ensure_removed|is_writable|commit|rollback|__init__|value|__repr__|__eq__|__init__|prefix_to_dir|clear|__init__|add|remove|get_subscribers|publish|__init__|add_node|remove_node|add|remove|is_step|get_steps|strong_connections|dot|check_path|__init__|update|increment|start|stop|maximum|percentage|format_duration|ETA|speed|__init__|make_connection|__init__|__enter__|__exit__|__init__|__iter__|next|__init__|writerow|__init__|configure_custom|__getitem__|inc_convert|__init__|reader|run_command|__init__|read|update|strongconnect|extraction_filter|connect|__init__|_conn_maker|https_open|http_open|__init__|make_connection|convert|get_versions,VALUE_LAYER|MODEL_LAYER|BETTING_LAYER|DATA_LAYER|FEATURE_LAYER,E:\football_v\.venv\Lib\site-packages\pip\_vendor\distlib\util.py
,UnsupportedVersionError|Version|Matcher|NormalizedVersion|NormalizedMatcher|LegacyVersion|LegacyMatcher|SemanticVersion|SemanticMatcher|VersionScheme,_pep_440_key|_match_prefix|_suggest_semantic_version|_suggest_normalized_version|_legacy_key|is_semver|_semantic_key|get_scheme|__init__|parse|_check_compatible|__eq__|__ne__|__lt__|__gt__|__le__|__ge__|__hash__|__repr__|__str__|is_prerelease|parse_requirement|__init__|match|exact_version|_check_compatible|__eq__|__ne__|__hash__|__repr__|__str__|parse|is_prerelease|_adjust_local|_match_lt|_match_gt|_match_le|_match_ge|_match_eq|_match_arbitrary|_match_ne|_match_compatible|get_parts|parse|is_prerelease|_match_compatible|make_tuple|parse|is_prerelease|__init__|is_valid_version|is_valid_matcher|is_valid_constraint_list|suggest,VALUE_LAYER|MODEL_LAYER|BETTING_LAYER|DATA_LAYER|PREDICTION_LAYER|FEATURE_LAYER,E:\football_v\.venv\Lib\site-packages\pip\_vendor\distlib\version.py
,Mounter|Wheel|_Version,_get_suffixes|_load_dynamic|_get_glibc_version|compatible_tags|is_compatible|_derive_abi|__init__|add|remove|find_module|load_module|__init__|filename|exists|tags|metadata|get_wheel_metadata|info|process_shebang|get_hash|write_record|write_records|build_zip|build|skip_entry|install|_get_dylib_cache|_get_extensions|is_compatible|is_mountable|mount|unmount|verify|update|sorter|get_version|update_version|__init__|__str__,VALUE_LAYER|FEATURE_LAYER|DATA_LAYER,E:\football_v\.venv\Lib\site-packages\pip\_vendor\distlib\wheel.py
,DistlibException|NullHandler,handle|emit|createLock,MODEL_LAYER,E:\football_v\.venv\Lib\site-packages\pip\_vendor\distlib\__init__.py
,VersionDict|InfoDict|LinuxDistribution|cached_property,linux_distribution|id|name|version|version_parts|major_version|minor_version|build_number|like|codename|info|os_release_info|lsb_release_info|distro_release_info|uname_info|os_release_attr|lsb_release_attr|distro_release_attr|uname_attr|main|__init__|__repr__|linux_distribution|id|name|version|version_parts|major_version|minor_version|build_number|like|codename|info|os_release_info|lsb_release_info|distro_release_info|uname_info|oslevel_info|os_release_attr|lsb_release_attr|distro_release_attr|uname_attr|_os_release_info|_parse_os_release_content|_lsb_release_info|_parse_lsb_release_content|_uname_info|_oslevel_info|_debian_version|_parse_uname_content|_to_str|_distro_release_info|_parse_distro_release_file|_parse_distro_release_content|normalize|__init__|__get__,VALUE_LAYER|PREDICTION_LAYER|FEATURE_LAYER|DATA_LAYER,E:\football_v\.venv\Lib\site-packages\pip\_vendor\distro\distro.py
,,,,E:\football_v\.venv\Lib\site-packages\pip\_vendor\distro\__init__.py
,,,,E:\football_v\.venv\Lib\site-packages\pip\_vendor\distro\__main__.py
,Codec|IncrementalEncoder|IncrementalDecoder|StreamWriter|StreamReader,search_function|encode|decode|_buffer_encode|_buffer_decode,FEATURE_LAYER|DATA_LAYER,E:\football_v\.venv\Lib\site-packages\pip\_vendor\idna\codec.py
,,ToASCII|ToUnicode|nameprep,,E:\football_v\.venv\Lib\site-packages\pip\_vendor\idna\compat.py
,IDNAError|IDNABidiError|InvalidCodepoint|InvalidCodepointContext,_combining_class|_is_script|_punycode|_unot|valid_label_length|valid_string_length|check_bidi|check_initial_combiner|check_hyphen_ok|check_nfc|valid_contextj|valid_contexto|check_label|alabel|ulabel|uts46_remap|encode|decode,VALUE_LAYER|FEATURE_LAYER|DATA_LAYER,E:\football_v\.venv\Lib\site-packages\pip\_vendor\idna\core.py
,,,DATA_LAYER,E:\football_v\.venv\Lib\site-packages\pip\_vendor\idna\idnadata.py
,,intranges_from_list|_encode_range|_decode_range|intranges_contain,FEATURE_LAYER,E:\football_v\.venv\Lib\site-packages\pip\_vendor\idna\intranges.py
,,,,E:\football_v\.venv\Lib\site-packages\pip\_vendor\idna\package_data.py
,,_seg_0|_seg_1|_seg_2|_seg_3|_seg_4|_seg_5|_seg_6|_seg_7|_seg_8|_seg_9|_seg_10|_seg_11|_seg_12|_seg_13|_seg_14|_seg_15|_seg_16|_seg_17|_seg_18|_seg_19|_seg_20|_seg_21|_seg_22|_seg_23|_seg_24|_seg_25|_seg_26|_seg_27|_seg_28|_seg_29|_seg_30|_seg_31|_seg_32|_seg_33|_seg_34|_seg_35|_seg_36|_seg_37|_seg_38|_seg_39|_seg_40|_seg_41|_seg_42|_seg_43|_seg_44|_seg_45|_seg_46|_seg_47|_seg_48|_seg_49|_seg_50|_seg_51|_seg_52|_seg_53|_seg_54|_seg_55|_seg_56|_seg_57|_seg_58|_seg_59|_seg_60|_seg_61|_seg_62|_seg_63|_seg_64|_seg_65|_seg_66|_seg_67|_seg_68|_seg_69|_seg_70|_seg_71|_seg_72|_seg_73|_seg_74|_seg_75|_seg_76|_seg_77|_seg_78|_seg_79|_seg_80|_seg_81,VALUE_LAYER|DATA_LAYER,E:\football_v\.venv\Lib\site-packages\pip\_vendor\idna\uts46data.py
,,,DATA_LAYER,E:\football_v\.venv\Lib\site-packages\pip\_vendor\idna\__init__.py
,UnpackException|BufferFull|OutOfData|FormatError|StackError|ExtraData,__init__|__str__,VALUE_LAYER|FEATURE_LAYER|DATA_LAYER,E:\football_v\.venv\Lib\site-packages\pip\_vendor\msgpack\exceptions.py
,ExtType|Timestamp,__new__|__init__|__repr__|__eq__|__ne__|__hash__|from_bytes|to_bytes|from_unix|to_unix|from_unix_nano|to_unix_nano|to_datetime|from_datetime,VALUE_LAYER|MODEL_LAYER|DATA_LAYER,E:\football_v\.venv\Lib\site-packages\pip\_vendor\msgpack\ext.py
,Unpacker|Packer|BytesIO,_check_type_strict|_get_data_from_buffer|unpackb|newlist_hint|__init__|feed|_consume|_got_extradata|_get_extradata|read_bytes|_read|_reserve|_read_header|_unpack|__iter__|__next__|skip|unpack|read_array_header|read_map_header|tell|__init__|_pack|pack|pack_map_pairs|pack_array_header|pack_map_header|pack_ext_type|_pack_array_header|_pack_map_header|_pack_map_pairs|_pack_raw_header|_pack_bin_header|bytes|reset|getbuffer|__init__|write|getvalue,VALUE_LAYER|BETTING_LAYER|FEATURE_LAYER|DATA_LAYER,E:\football_v\.venv\Lib\site-packages\pip\_vendor\msgpack\fallback.py
,,pack|packb|unpack,DATA_LAYER,E:\football_v\.venv\Lib\site-packages\pip\_vendor\msgpack\__init__.py
,InvalidMarker|UndefinedComparison|UndefinedEnvironmentName|Environment|Marker,_normalize_extra_values|_format_marker|_eval_op|_normalize|_evaluate_markers|format_full_version|default_environment|_repair_python_full_version|__init__|__str__|__repr__|__hash__|__eq__|evaluate,VALUE_LAYER|FEATURE_LAYER|DATA_LAYER,E:\football_v\.venv\Lib\site-packages\pip\_vendor\packaging\markers.py
,InvalidMetadata|RawMetadata|_Validator|Metadata|ExceptionGroup,_parse_keywords|_parse_project_urls|_get_payload|parse_email|__init__|__init__|__set_name__|__get__|_invalid_metadata|_process_metadata_version|_process_name|_process_version|_process_summary|_process_description_content_type|_process_dynamic|_process_provides_extra|_process_requires_python|_process_requires_dist|_process_license_expression|_process_license_files|from_raw|from_email|__init__|__repr__,VALUE_LAYER|MODEL_LAYER|BETTING_LAYER|DATA_LAYER|PREDICTION_LAYER|FEATURE_LAYER,E:\football_v\.venv\Lib\site-packages\pip\_vendor\packaging\metadata.py
,InvalidRequirement|Requirement,__init__|_iter_parts|__str__|__repr__|__hash__|__eq__,VALUE_LAYER|FEATURE_LAYER,E:\football_v\.venv\Lib\site-packages\pip\_vendor\packaging\requirements.py
,InvalidSpecifier|BaseSpecifier|Specifier|SpecifierSet,_coerce_version|_version_split|_version_join|_is_not_suffix|_pad_version|__str__|__hash__|__eq__|prereleases|prereleases|contains|filter|__init__|prereleases|prereleases|operator|version|__repr__|__str__|_canonical_spec|__hash__|__eq__|_get_operator|_compare_compatible|_compare_equal|_compare_not_equal|_compare_less_than_equal|_compare_greater_than_equal|_compare_less_than|_compare_greater_than|_compare_arbitrary|__contains__|contains|filter|__init__|prereleases|prereleases|__repr__|__str__|__hash__|__and__|__eq__|__len__|__iter__|__contains__|contains|filter,VALUE_LAYER|BETTING_LAYER|FEATURE_LAYER|DATA_LAYER,E:\football_v\.venv\Lib\site-packages\pip\_vendor\packaging\specifiers.py
,Tag,parse_tag|_get_config_var|_normalize_string|_is_threaded_cpython|_abi3_applies|_cpython_abis|cpython_tags|_generic_abi|generic_tags|_py_interpreter_range|compatible_tags|_mac_arch|_mac_binary_formats|mac_platforms|ios_platforms|_linux_platforms|_generic_platforms|platform_tags|interpreter_name|interpreter_version|_version_nodot|sys_tags|__init__|interpreter|abi|platform|__eq__|__hash__|__str__|__repr__,VALUE_LAYER|FEATURE_LAYER|DATA_LAYER,E:\football_v\.venv\Lib\site-packages\pip\_vendor\packaging\tags.py
,InvalidName|InvalidWheelFilename|InvalidSdistFilename,canonicalize_name|is_normalized_name|canonicalize_version|_|parse_wheel_filename|parse_sdist_filename,VALUE_LAYER|FEATURE_LAYER|DATA_LAYER,E:\football_v\.venv\Lib\site-packages\pip\_vendor\packaging\utils.py
,_Version|InvalidVersion|_BaseVersion|Version|_TrimmedRelease,parse|_parse_letter_version|_parse_local_version|_cmpkey|__hash__|__lt__|__le__|__eq__|__ge__|__gt__|__ne__|__init__|__repr__|__str__|epoch|release|pre|post|dev|local|public|base_version|is_prerelease|is_postrelease|is_devrelease|major|minor|micro|release,VALUE_LAYER|MODEL_LAYER|BETTING_LAYER|FEATURE_LAYER,E:\football_v\.venv\Lib\site-packages\pip\_vendor\packaging\version.py
,ELFInvalid|EIClass|EIData|EMachine|ELFFile,__init__|_read|interpreter,VALUE_LAYER|FEATURE_LAYER|DATA_LAYER,E:\football_v\.venv\Lib\site-packages\pip\_vendor\packaging\_elffile.py
,_GLibCVersion,_parse_elf|_is_linux_armhf|_is_linux_i686|_have_compatible_abi|_glibc_version_string_confstr|_glibc_version_string_ctypes|_glibc_version_string|_parse_glibc_version|_get_glibc_version|_is_compatible|platform_tags,VALUE_LAYER|RUNTIME_LAYER|FEATURE_LAYER|DATA_LAYER,E:\football_v\.venv\Lib\site-packages\pip\_vendor\packaging\_manylinux.py
,_MuslVersion,_parse_musl_version|_get_musl_version|platform_tags,VALUE_LAYER|RUNTIME_LAYER|FEATURE_LAYER|DATA_LAYER,E:\football_v\.venv\Lib\site-packages\pip\_vendor\packaging\_musllinux.py
,Node|Variable|Value|Op|ParsedRequirement,parse_requirement|_parse_requirement|_parse_requirement_details|_parse_requirement_marker|_parse_extras|_parse_extras_list|_parse_specifier|_parse_version_many|parse_marker|_parse_full_marker|_parse_marker|_parse_marker_atom|_parse_marker_item|_parse_marker_var|process_env_var|process_python_str|_parse_marker_op|__init__|__str__|__repr__|serialize|serialize|serialize|serialize,VALUE_LAYER|BETTING_LAYER|FEATURE_LAYER|DATA_LAYER,E:\football_v\.venv\Lib\site-packages\pip\_vendor\packaging\_parser.py
,InfinityType|NegativeInfinityType,__repr__|__hash__|__lt__|__le__|__eq__|__gt__|__ge__|__neg__|__repr__|__hash__|__lt__|__le__|__eq__|__gt__|__ge__|__neg__,,E:\football_v\.venv\Lib\site-packages\pip\_vendor\packaging\_structures.py
,Token|ParserSyntaxError|Tokenizer,__init__|__str__|__init__|consume|check|expect|read|raise_syntax_error|enclosing_tokens,FEATURE_LAYER|DATA_LAYER,E:\football_v\.venv\Lib\site-packages\pip\_vendor\packaging\_tokenizer.py
,,,,E:\football_v\.venv\Lib\site-packages\pip\_vendor\packaging\__init__.py
,SPDXLicense|SPDXException,,VALUE_LAYER|MODEL_LAYER|FEATURE_LAYER|DATA_LAYER|RUNTIME_LAYER,E:\football_v\.venv\Lib\site-packages\pip\_vendor\packaging\licenses\_spdx.py
,InvalidLicenseExpression,canonicalize_license_expression,VALUE_LAYER|MODEL_LAYER,E:\football_v\.venv\Lib\site-packages\pip\_vendor\packaging\licenses\__init__.py
,_LoaderProtocol|_ZipLoaderModule|PEP440Warning|ResolutionError|VersionConflict|ContextualVersionConflict|DistributionNotFound|UnknownExtra|IMetadataProvider|IResourceProvider|WorkingSet|_ReqExtras|Environment|ExtractionError|ResourceManager|NullProvider|EggProvider|DefaultProvider|EmptyProvider|ZipManifests|MemoizedZipManifests|ZipProvider|FileMetadata|PathMetadata|EggMetadata|NoDists|EntryPoint|Distribution|EggInfoDistribution|DistInfoDistribution|RequirementParseError|Requirement|PkgResourcesDeprecationWarning|manifest_mod,_declare_state|__getstate__|__setstate__|_sget_dict|_sset_dict|_sget_object|_sset_object|get_supported_platform|register_loader_type|get_provider|get_provider|get_provider|_macos_vers|_macos_arch|get_build_platform|compatible_platforms|get_distribution|get_distribution|get_distribution|load_entry_point|get_entry_map|get_entry_map|get_entry_map|get_entry_info|get_default_cache|safe_name|safe_version|_forgiving_version|_safe_segment|safe_extra|to_filename|invalid_marker|evaluate_marker|_parents|register_finder|find_distributions|find_eggs_in_zip|find_nothing|find_on_path|dist_factory|safe_listdir|distributions_from_metadata|non_empty_lines|resolve_egg_link|register_namespace_handler|_handle_ns|_rebuild_mod_path|declare_namespace|fixup_namespace_packages|file_ns_handler|null_ns_handler|normalize_path|normalize_path|normalize_path|_cygwin_patch|_is_egg_path|_is_zip_egg|_is_unpacked_egg|_set_parent_ns|_version_from_file|issue_warning|parse_requirements|_always_object|_find_adapter|ensure_directory|_bypass_ensure_directory|split_sections|_mkstemp|_read_utf8_with_fallback|_call_aside|_initialize|_initialize_master_working_set|load_module|__repr__|dist|req|report|with_context|required_by|req|requirers|requirers_str|report|__str__|has_metadata|get_metadata|get_metadata_lines|metadata_isdir|metadata_listdir|run_script|get_resource_filename|get_resource_stream|get_resource_string|has_resource|resource_isdir|resource_listdir|__init__|_build_master|_build_from_requirements|add_entry|__contains__|find|iter_entry_points|run_script|__iter__|add|resolve|resolve|resolve|resolve|_resolve_dist|find_plugins|find_plugins|find_plugins|find_plugins|require|subscribe|_added_new|__getstate__|__setstate__|markers_pass|__init__|can_add|remove|scan|__getitem__|add|best_match|best_match|best_match|obtain|obtain|obtain|obtain|__iter__|__iadd__|__add__|__init__|resource_exists|resource_isdir|resource_filename|resource_stream|resource_string|resource_listdir|extraction_error|get_cache_path|_warn_unsafe_extraction_path|postprocess|set_extraction_path|cleanup_resources|__init__|get_resource_filename|get_resource_stream|get_resource_string|has_resource|_get_metadata_path|has_metadata|get_metadata|get_metadata_lines|resource_isdir|metadata_isdir|resource_listdir|metadata_listdir|run_script|_has|_isdir|_listdir|_fn|_validate_resource_path|_get|__init__|_setup_prefix|_set_egg|_has|_isdir|_listdir|get_resource_stream|_get|_register|_get|_listdir|__init__|build|load|__init__|_zipinfo_name|_parts|zipinfo|get_resource_filename|_get_date_and_size|_extract_resource|_is_current|_get_eager_resources|_index|_has|_isdir|_listdir|_eager_to_zip|_resource_to_zip|__init__|_get_metadata_path|has_metadata|get_metadata|_warn_on_replacement|get_metadata_lines|__init__|__init__|__bool__|__call__|safe_sys_path_index|position_in_sys_path|_normalize_cached|_normalize_cached|_normalize_cached|_normalize_cached|__init__|__str__|__repr__|load|load|load|resolve|require|parse|_parse_extras|parse_group|parse_map|is_version_line|__init__|from_location|_reload_version|hashcmp|__hash__|__lt__|__le__|__gt__|__ge__|__eq__|__ne__|key|parsed_version|_forgiving_parsed_version|version|_dep_map|_filter_extras|_build_dep_map|requires|_get_metadata_path_for_display|_get_metadata|_get_version|activate|egg_name|__repr__|__str__|__getattr__|__dir__|from_filename|as_requirement|load_entry_point|get_entry_map|get_entry_map|get_entry_map|get_entry_info|insert_on|check_version_conflict|has_version|clone|extras|_reload_version|_parsed_pkg_info|_dep_map|_compute_dependencies|__init__|__eq__|__ne__|__contains__|__hash__|__repr__|parse|reqs_for_extra,VALUE_LAYER|MODEL_LAYER|BETTING_LAYER|RUNTIME_LAYER|DATA_LAYER|FEATURE_LAYER,E:\football_v\.venv\Lib\site-packages\pip\_vendor\pkg_resources\__init__.py
,Android,_android_folder|_android_documents_folder|_android_downloads_folder|_android_pictures_folder|_android_videos_folder|_android_music_folder|user_data_dir|site_data_dir|user_config_dir|site_config_dir|user_cache_dir|site_cache_dir|user_state_dir|user_log_dir|user_documents_dir|user_downloads_dir|user_pictures_dir|user_videos_dir|user_music_dir|user_desktop_dir|user_runtime_dir|site_runtime_dir,VALUE_LAYER|RUNTIME_LAYER|FEATURE_LAYER|DATA_LAYER,E:\football_v\.venv\Lib\site-packages\pip\_vendor\platformdirs\android.py
,PlatformDirsABC,__init__|_append_app_name_and_version|_optionally_create_directory|_first_item_as_path_if_multipath|user_data_dir|site_data_dir|user_config_dir|site_config_dir|user_cache_dir|site_cache_dir|user_state_dir|user_log_dir|user_documents_dir|user_downloads_dir|user_pictures_dir|user_videos_dir|user_music_dir|user_desktop_dir|user_runtime_dir|site_runtime_dir|user_data_path|site_data_path|user_config_path|site_config_path|user_cache_path|site_cache_path|user_state_path|user_log_path|user_documents_path|user_downloads_path|user_pictures_path|user_videos_path|user_music_path|user_desktop_path|user_runtime_path|site_runtime_path|iter_config_dirs|iter_data_dirs|iter_cache_dirs|iter_runtime_dirs|iter_config_paths|iter_data_paths|iter_cache_paths|iter_runtime_paths,VALUE_LAYER|RUNTIME_LAYER|FEATURE_LAYER|DATA_LAYER,E:\football_v\.venv\Lib\site-packages\pip\_vendor\platformdirs\api.py
,MacOS,user_data_dir|site_data_dir|site_data_path|user_config_dir|site_config_dir|user_cache_dir|site_cache_dir|site_cache_path|user_state_dir|user_log_dir|user_documents_dir|user_downloads_dir|user_pictures_dir|user_videos_dir|user_music_dir|user_desktop_dir|user_runtime_dir|site_runtime_dir,VALUE_LAYER|MODEL_LAYER|FEATURE_LAYER|DATA_LAYER|RUNTIME_LAYER,E:\football_v\.venv\Lib\site-packages\pip\_vendor\platformdirs\macos.py
,Unix,_get_user_media_dir|_get_user_dirs_folder|getuid|user_data_dir|_site_data_dirs|site_data_dir|user_config_dir|_site_config_dirs|site_config_dir|user_cache_dir|site_cache_dir|user_state_dir|user_log_dir|user_documents_dir|user_downloads_dir|user_pictures_dir|user_videos_dir|user_music_dir|user_desktop_dir|user_runtime_dir|site_runtime_dir|site_data_path|site_config_path|site_cache_path|iter_config_dirs|iter_data_dirs,VALUE_LAYER|RUNTIME_LAYER|FEATURE_LAYER|DATA_LAYER,E:\football_v\.venv\Lib\site-packages\pip\_vendor\platformdirs\unix.py
,,,,E:\football_v\.venv\Lib\site-packages\pip\_vendor\platformdirs\version.py
,Windows,get_win_folder_from_env_vars|get_win_folder_if_csidl_name_not_env_var|get_win_folder_from_registry|get_win_folder_via_ctypes|_pick_get_win_folder|user_data_dir|_append_parts|site_data_dir|user_config_dir|site_config_dir|user_cache_dir|site_cache_dir|user_state_dir|user_log_dir|user_documents_dir|user_downloads_dir|user_pictures_dir|user_videos_dir|user_music_dir|user_desktop_dir|user_runtime_dir|site_runtime_dir,VALUE_LAYER|RUNTIME_LAYER|FEATURE_LAYER|DATA_LAYER,E:\football_v\.venv\Lib\site-packages\pip\_vendor\platformdirs\windows.py
,,_set_platform_dir_class|user_data_dir|site_data_dir|user_config_dir|site_config_dir|user_cache_dir|site_cache_dir|user_state_dir|user_log_dir|user_documents_dir|user_downloads_dir|user_pictures_dir|user_videos_dir|user_music_dir|user_desktop_dir|user_runtime_dir|site_runtime_dir|user_data_path|site_data_path|user_config_path|site_config_path|site_cache_path|user_cache_path|user_state_path|user_log_path|user_documents_path|user_downloads_path|user_pictures_path|user_videos_path|user_music_path|user_desktop_path|user_runtime_path|site_runtime_path,VALUE_LAYER|RUNTIME_LAYER|FEATURE_LAYER|DATA_LAYER,E:\football_v\.venv\Lib\site-packages\pip\_vendor\platformdirs\__init__.py
,,main,RUNTIME_LAYER|FEATURE_LAYER|DATA_LAYER,E:\football_v\.venv\Lib\site-packages\pip\_vendor\platformdirs\__main__.py
,HelpFormatter,_parse_options|_parse_filters|_print_help|_print_list|_print_list_as_json|main_inner|main|is_only_option|__init__,VALUE_LAYER|FEATURE_LAYER|DATA_LAYER,E:\football_v\.venv\Lib\site-packages\pip\_vendor\pygments\cmdline.py
,,reset_color|colorize|ansiformat,FEATURE_LAYER,E:\football_v\.venv\Lib\site-packages\pip\_vendor\pygments\console.py
,Filter|FunctionFilter,apply_filters|simplefilter|_apply|__init__|filter|__init__|filter,VALUE_LAYER,E:\football_v\.venv\Lib\site-packages\pip\_vendor\pygments\filter.py
,Formatter,_lookup_style|__init__|get_style_defs|format|__class_getitem__,VALUE_LAYER|FEATURE_LAYER|DATA_LAYER,E:\football_v\.venv\Lib\site-packages\pip\_vendor\pygments\formatter.py
,LexerMeta|Lexer|DelegatingLexer|include|_inherit|combined|_PseudoMatch|_This|default|words|RegexLexerMeta|RegexLexer|LexerContext|ExtendedRegexLexer|ProfilingRegexLexerMeta|ProfilingRegexLexer,bygroups|using|do_insertions|__new__|__init__|__repr__|add_filter|analyse_text|_preprocess_lexer_input|get_tokens|get_tokens_unprocessed|__init__|get_tokens_unprocessed|__repr__|__new__|__init__|__init__|start|end|group|groups|groupdict|callback|__init__|__init__|get|_process_regex|_process_token|_process_new_state|_process_state|process_tokendef|get_tokendefs|__call__|get_tokens_unprocessed|__init__|__repr__|get_tokens_unprocessed|_process_regex|get_tokens_unprocessed|streamer|callback|callback|match_func,VALUE_LAYER|MODEL_LAYER|FEATURE_LAYER|DATA_LAYER,E:\football_v\.venv\Lib\site-packages\pip\_vendor\pygments\lexer.py
,,get_filetype_from_line|get_filetype_from_buffer,MODEL_LAYER,E:\football_v\.venv\Lib\site-packages\pip\_vendor\pygments\modeline.py
,,iter_entry_points|find_plugin_lexers|find_plugin_formatters|find_plugin_styles|find_plugin_filters,FEATURE_LAYER|DATA_LAYER,E:\football_v\.venv\Lib\site-packages\pip\_vendor\pygments\plugin.py
,,make_charset|regex_opt_inner|regex_opt,VALUE_LAYER,E:\football_v\.venv\Lib\site-packages\pip\_vendor\pygments\regexopt.py
,EndOfText|Scanner,__init__|eos|check|test|scan|get_char|__repr__,VALUE_LAYER|RUNTIME_LAYER|DATA_LAYER,E:\football_v\.venv\Lib\site-packages\pip\_vendor\pygments\scanner.py
,PygmentsDoc,setup|run|document_lexers_overview|document_lexers|document_formatters|document_filters|format_link|write_row|write_seperator,FEATURE_LAYER|DATA_LAYER,E:\football_v\.venv\Lib\site-packages\pip\_vendor\pygments\sphinxext.py
,StyleMeta|Style,__new__|style_for_token|list_styles|styles_token|__iter__|__len__|colorformat,FEATURE_LAYER,E:\football_v\.venv\Lib\site-packages\pip\_vendor\pygments\style.py
,_TokenType,is_token_subtype|string_to_tokentype|split|__init__|__contains__|__getattr__|__repr__|__copy__|__deepcopy__,VALUE_LAYER|MODEL_LAYER|FEATURE_LAYER|DATA_LAYER,E:\football_v\.venv\Lib\site-packages\pip\_vendor\pygments\token.py
,,combine|allexcept|_handle_runs,DATA_LAYER,E:\football_v\.venv\Lib\site-packages\pip\_vendor\pygments\unistring.py
,ClassNotFound|OptionError|Future|UnclosingTextIOWrapper,get_choice_opt|get_bool_opt|get_int_opt|get_list_opt|docstring_headline|make_analysator|shebang_matches|doctype_matches|html_doctype_matches|looks_like_xml|surrogatepair|format_lines|duplicates_removed|guess_decode|guess_decode_from_terminal|terminal_encoding|text_analyse|get|close,VALUE_LAYER|FEATURE_LAYER|DATA_LAYER,E:\football_v\.venv\Lib\site-packages\pip\_vendor\pygments\util.py
,,lex|format|highlight,VALUE_LAYER|BETTING_LAYER|FEATURE_LAYER,E:\football_v\.venv\Lib\site-packages\pip\_vendor\pygments\__init__.py
,,,,E:\football_v\.venv\Lib\site-packages\pip\_vendor\pygments\__main__.py
,CodeTagFilter|SymbolFilter|KeywordCaseFilter|NameHighlightFilter|ErrorToken|RaiseOnErrorTokenFilter|VisibleWhitespaceFilter|GobbleFilter|TokenMergeFilter,find_filter_class|get_filter_by_name|get_all_filters|_replace_special|__init__|filter|__init__|filter|__init__|filter|__init__|filter|__init__|filter|__init__|filter|__init__|gobble|filter|__init__|filter|replacefunc,VALUE_LAYER|MODEL_LAYER|BETTING_LAYER|DATA_LAYER|MARKET_LAYER|FEATURE_LAYER,E:\football_v\.venv\Lib\site-packages\pip\_vendor\pygments\filters\__init__.py
,BBCodeFormatter,__init__|_make_styles|format_unencoded,VALUE_LAYER|FEATURE_LAYER,E:\football_v\.venv\Lib\site-packages\pip\_vendor\pygments\formatters\bbcode.py
,GroffFormatter,__init__|_make_styles|_define_colors|_write_lineno|_wrap_line|_escape_chars|format_unencoded,VALUE_LAYER|FEATURE_LAYER,E:\football_v\.venv\Lib\site-packages\pip\_vendor\pygments\formatters\groff.py
,HtmlFormatter,escape_html|webify|_get_ttype_class|__init__|_get_css_class|_get_css_classes|_get_css_inline_styles|_create_stylesheet|get_style_defs|get_token_style_defs|get_background_style_defs|get_linenos_style_defs|get_css_prefix|_pre_style|_linenos_style|_linenos_special_style|_decodeifneeded|_wrap_full|_wrap_tablelinenos|_wrap_inlinelinenos|_wrap_lineanchors|_wrap_linespans|_wrap_div|_wrap_pre|_wrap_code|_translate_parts|_format_lines|_lookup_ctag|_highlight_lines|wrap|format_unencoded|prefix,VALUE_LAYER|BETTING_LAYER|FEATURE_LAYER|RUNTIME_LAYER,E:\football_v\.venv\Lib\site-packages\pip\_vendor\pygments\formatters\html.py
,PilNotAvailable|FontNotFound|FontManager|ImageFormatter|GifImageFormatter|JpgImageFormatter|BmpImageFormatter,__init__|_get_nix_font_path|_create_nix|_get_mac_font_path|_create_mac|_lookup_win|_create_win|get_char_size|get_text_size|get_font|get_style|__init__|get_style_defs|_get_line_height|_get_line_y|_get_char_width|_get_char_x|_get_text_pos|_get_linenumber_pos|_get_text_color|_get_text_bg_color|_get_style_font|_get_image_size|_draw_linenumber|_draw_text|_create_drawables|_draw_line_numbers|_paint_line_number_bg|format,VALUE_LAYER|BETTING_LAYER|FEATURE_LAYER|DATA_LAYER,E:\football_v\.venv\Lib\site-packages\pip\_vendor\pygments\formatters\img.py
,IRCFormatter,ircformat|__init__|_write_lineno|format_unencoded,VALUE_LAYER|FEATURE_LAYER,E:\football_v\.venv\Lib\site-packages\pip\_vendor\pygments\formatters\irc.py
,LatexFormatter|LatexEmbeddedLexer,escape_tex|_get_ttype_name|__init__|_create_stylesheet|get_style_defs|format_unencoded|__init__|get_tokens_unprocessed|_find_safe_escape_tokens|_filter_to|_find_escape_tokens|rgbcolor,VALUE_LAYER|MODEL_LAYER|FEATURE_LAYER|DATA_LAYER,E:\football_v\.venv\Lib\site-packages\pip\_vendor\pygments\formatters\latex.py
,NullFormatter|RawTokenFormatter|TestcaseFormatter,format|__init__|format|__init__|format|write|flush,VALUE_LAYER|FEATURE_LAYER,E:\football_v\.venv\Lib\site-packages\pip\_vendor\pygments\formatters\other.py
,PangoMarkupFormatter,escape_special_chars|__init__|format_unencoded,VALUE_LAYER|FEATURE_LAYER,E:\football_v\.venv\Lib\site-packages\pip\_vendor\pygments\formatters\pangomarkup.py
,RtfFormatter,__init__|_escape|_escape_text|hex_to_rtf_color|_split_tokens_on_newlines|_create_color_mapping|_lineno_template|_hl_open_str|_rtf_header|format_unencoded,VALUE_LAYER|BETTING_LAYER|FEATURE_LAYER|DATA_LAYER,E:\football_v\.venv\Lib\site-packages\pip\_vendor\pygments\formatters\rtf.py
,SvgFormatter,escape_html|__init__|format_unencoded|_get_style,VALUE_LAYER|FEATURE_LAYER,E:\football_v\.venv\Lib\site-packages\pip\_vendor\pygments\formatters\svg.py
,TerminalFormatter,__init__|format|_write_lineno|_get_color|format_unencoded,VALUE_LAYER|FEATURE_LAYER,E:\football_v\.venv\Lib\site-packages\pip\_vendor\pygments\formatters\terminal.py
,EscapeSequence|Terminal256Formatter|TerminalTrueColorFormatter,__init__|escape|color_string|true_color_string|reset_string|__init__|_build_color_table|_closest_color|_color_index|_setup_styles|_write_lineno|format|format_unencoded|_build_color_table|_color_tuple|_setup_styles,VALUE_LAYER|FEATURE_LAYER|DATA_LAYER,E:\football_v\.venv\Lib\site-packages\pip\_vendor\pygments\formatters\terminal256.py
,,,FEATURE_LAYER,E:\football_v\.venv\Lib\site-packages\pip\_vendor\pygments\formatters\_mapping.py
,_automodule,_fn_matches|_load_formatters|get_all_formatters|find_formatter_class|get_formatter_by_name|load_formatter_from_file|get_formatter_for_filename|__getattr__,VALUE_LAYER|FEATURE_LAYER|DATA_LAYER,E:\football_v\.venv\Lib\site-packages\pip\_vendor\pygments\formatters\__init__.py
,PythonLexer|Python2Lexer|_PythonConsoleLexerBase|PythonConsoleLexer|PythonTracebackLexer|Python2TracebackLexer|CythonLexer|DgLexer|NumPyLexer|_ReplaceInnerCode,innerstring_rules|fstring_rules|analyse_text|innerstring_rules|analyse_text|__init__|get_tokens_unprocessed|analyse_text|__init__,VALUE_LAYER|MODEL_LAYER|BETTING_LAYER|RUNTIME_LAYER|DATA_LAYER|FEATURE_LAYER,E:\football_v\.venv\Lib\site-packages\pip\_vendor\pygments\lexers\python.py
,,,VALUE_LAYER|MODEL_LAYER|RUNTIME_LAYER|DATA_LAYER|PREDICTION_LAYER|FEATURE_LAYER,E:\football_v\.venv\Lib\site-packages\pip\_vendor\pygments\lexers\_mapping.py
,_automodule,_fn_matches|_load_lexers|get_all_lexers|find_lexer_class|find_lexer_class_by_name|get_lexer_by_name|load_lexer_from_file|find_lexer_class_for_filename|get_lexer_for_filename|get_lexer_for_mimetype|_iter_lexerclasses|guess_lexer_for_filename|guess_lexer|get_rating|type_sort|__getattr__,VALUE_LAYER|MODEL_LAYER|DATA_LAYER|PREDICTION_LAYER|FEATURE_LAYER,E:\football_v\.venv\Lib\site-packages\pip\_vendor\pygments\lexers\__init__.py
,,,,E:\football_v\.venv\Lib\site-packages\pip\_vendor\pygments\styles\_mapping.py
,,get_style_by_name|get_all_styles,VALUE_LAYER|DATA_LAYER,E:\football_v\.venv\Lib\site-packages\pip\_vendor\pygments\styles\__init__.py
,BackendUnavailable|HookMissing|UnsupportedOperation|BuildBackendHookCaller|SubprocessRunner,write_json|read_json|default_subprocess_runner|quiet_subprocess_runner|norm_and_check|__init__|__init__|__init__|__init__|subprocess_runner|_supported_features|get_requires_for_build_wheel|prepare_metadata_for_build_wheel|build_wheel|get_requires_for_build_editable|prepare_metadata_for_build_editable|build_editable|get_requires_for_build_sdist|build_sdist|_call_hook|__call__,VALUE_LAYER|FEATURE_LAYER|DATA_LAYER,E:\football_v\.venv\Lib\site-packages\pip\_vendor\pyproject_hooks\_impl.py
,,,VALUE_LAYER|DATA_LAYER,E:\football_v\.venv\Lib\site-packages\pip\_vendor\pyproject_hooks\__init__.py
,BackendUnavailable|HookMissing|_BackendPathFinder|_DummyException|GotUnsupportedOperation,write_json|read_json|_build_backend|_supported_features|get_requires_for_build_wheel|get_requires_for_build_editable|prepare_metadata_for_build_wheel|prepare_metadata_for_build_editable|_dist_info_files|_get_wheel_metadata_from_wheel|_find_already_built_wheel|build_wheel|build_editable|get_requires_for_build_sdist|build_sdist|main|__init__|__init__|__init__|find_spec|__init__|find_distributions,VALUE_LAYER|FEATURE_LAYER|DATA_LAYER,E:\football_v\.venv\Lib\site-packages\pip\_vendor\pyproject_hooks\_in_process\_in_process.py
,,_in_proc_script_path|_in_proc_script_path,,E:\football_v\.venv\Lib\site-packages\pip\_vendor\pyproject_hooks\_in_process\__init__.py
,BaseAdapter|HTTPAdapter,_urllib3_request_context|__init__|send|close|__init__|__getstate__|__setstate__|init_poolmanager|proxy_manager_for|cert_verify|build_response|build_connection_pool_key_attributes|get_connection_with_tls_context|get_connection|close|request_url|add_headers|proxy_headers|send|SOCKSProxyManager,VALUE_LAYER|MODEL_LAYER|FEATURE_LAYER|DATA_LAYER,E:\football_v\.venv\Lib\site-packages\pip\_vendor\requests\adapters.py
,,request|get|options|head|post|put|patch|delete,DATA_LAYER,E:\football_v\.venv\Lib\site-packages\pip\_vendor\requests\api.py
,AuthBase|HTTPBasicAuth|HTTPProxyAuth|HTTPDigestAuth,_basic_auth_str|__call__|__init__|__eq__|__ne__|__call__|__call__|__init__|init_per_thread_state|build_digest_header|handle_redirect|handle_401|__call__|__eq__|__ne__|md5_utf8|sha_utf8|sha256_utf8|sha512_utf8,VALUE_LAYER|FEATURE_LAYER|DATA_LAYER,E:\football_v\.venv\Lib\site-packages\pip\_vendor\requests\auth.py
,,,,E:\football_v\.venv\Lib\site-packages\pip\_vendor\requests\certs.py
,,_resolve_char_detection,VALUE_LAYER|BETTING_LAYER|DATA_LAYER,E:\football_v\.venv\Lib\site-packages\pip\_vendor\requests\compat.py
,MockRequest|MockResponse|CookieConflictError|RequestsCookieJar,extract_cookies_to_jar|get_cookie_header|remove_cookie_by_name|_copy_cookie_jar|create_cookie|morsel_to_cookie|cookiejar_from_dict|merge_cookies|__init__|get_type|get_host|get_origin_req_host|get_full_url|is_unverifiable|has_header|get_header|add_header|add_unredirected_header|get_new_headers|unverifiable|origin_req_host|host|__init__|info|getheaders|get|set|iterkeys|keys|itervalues|values|iteritems|items|list_domains|list_paths|multiple_domains|get_dict|__contains__|__getitem__|__setitem__|__delitem__|set_cookie|update|_find|_find_no_duplicates|__getstate__|__setstate__|copy|get_policy,VALUE_LAYER|MODEL_LAYER|RUNTIME_LAYER|DATA_LAYER,E:\football_v\.venv\Lib\site-packages\pip\_vendor\requests\cookies.py
,RequestException|InvalidJSONError|JSONDecodeError|HTTPError|ConnectionError|ProxyError|SSLError|Timeout|ConnectTimeout|ReadTimeout|URLRequired|TooManyRedirects|MissingSchema|InvalidSchema|InvalidURL|InvalidHeader|InvalidProxyURL|ChunkedEncodingError|ContentDecodingError|StreamConsumedError|RetryError|UnrewindableBodyError|RequestsWarning|FileModeWarning|RequestsDependencyWarning,__init__|__init__|__reduce__,VALUE_LAYER|DATA_LAYER,E:\football_v\.venv\Lib\site-packages\pip\_vendor\requests\exceptions.py
,,_implementation|info|main,VALUE_LAYER|FEATURE_LAYER|DATA_LAYER,E:\football_v\.venv\Lib\site-packages\pip\_vendor\requests\help.py
,,default_hooks|dispatch_hook,VALUE_LAYER|DATA_LAYER,E:\football_v\.venv\Lib\site-packages\pip\_vendor\requests\hooks.py
,RequestEncodingMixin|RequestHooksMixin|Request|PreparedRequest|Response,path_url|_encode_params|_encode_files|register_hook|deregister_hook|__init__|__repr__|prepare|__init__|prepare|__repr__|copy|prepare_method|_get_idna_encoded_host|prepare_url|prepare_headers|prepare_body|prepare_content_length|prepare_auth|prepare_cookies|prepare_hooks|__init__|__enter__|__exit__|__getstate__|__setstate__|__repr__|__bool__|__nonzero__|__iter__|ok|is_redirect|is_permanent_redirect|next|apparent_encoding|iter_content|iter_lines|content|text|json|links|raise_for_status|close|generate,VALUE_LAYER|MODEL_LAYER|BETTING_LAYER|RUNTIME_LAYER|DATA_LAYER|PREDICTION_LAYER|FEATURE_LAYER,E:\football_v\.venv\Lib\site-packages\pip\_vendor\requests\models.py
,,,,E:\football_v\.venv\Lib\site-packages\pip\_vendor\requests\packages.py
,SessionRedirectMixin|Session,merge_setting|merge_hooks|session|get_redirect_target|should_strip_auth|resolve_redirects|rebuild_auth|rebuild_proxies|rebuild_method|__init__|__enter__|__exit__|prepare_request|request|get|options|head|post|put|patch|delete|send|merge_environment_settings|get_adapter|close|mount|__getstate__|__setstate__,VALUE_LAYER|MODEL_LAYER|FEATURE_LAYER|DATA_LAYER|RUNTIME_LAYER,E:\football_v\.venv\Lib\site-packages\pip\_vendor\requests\sessions.py
,,_init|doc,RUNTIME_LAYER|FEATURE_LAYER|DATA_LAYER,E:\football_v\.venv\Lib\site-packages\pip\_vendor\requests\status_codes.py
,CaseInsensitiveDict|LookupDict,__init__|__setitem__|__getitem__|__delitem__|__iter__|__len__|lower_items|__eq__|copy|__repr__|__init__|__repr__|__getitem__|get,VALUE_LAYER|DATA_LAYER,E:\football_v\.venv\Lib\site-packages\pip\_vendor\requests\structures.py
,,dict_to_sequence|super_len|get_netrc_auth|guess_filename|extract_zipped_paths|atomic_open|from_key_val_list|to_key_val_list|parse_list_header|parse_dict_header|unquote_header_value|dict_from_cookiejar|add_dict_to_cookiejar|get_encodings_from_content|_parse_content_type_header|get_encoding_from_headers|stream_decode_response_unicode|iter_slices|get_unicode_from_response|unquote_unreserved|requote_uri|address_in_network|dotted_netmask|is_ipv4_address|is_valid_cidr|set_environ|should_bypass_proxies|get_environ_proxies|select_proxy|resolve_proxies|default_user_agent|default_headers|parse_header_links|guess_json_utf|prepend_scheme_if_needed|get_auth_from_url|check_header_validity|_validate_header_part|urldefragauth|rewind_body|proxy_bypass_registry|proxy_bypass|get_proxy,VALUE_LAYER|MODEL_LAYER|FEATURE_LAYER|DATA_LAYER|RUNTIME_LAYER,E:\football_v\.venv\Lib\site-packages\pip\_vendor\requests\utils.py
,,to_native_string|unicode_is_ascii,VALUE_LAYER,E:\football_v\.venv\Lib\site-packages\pip\_vendor\requests\_internal_utils.py
,,check_compatibility|_check_cryptography,VALUE_LAYER|MODEL_LAYER|FEATURE_LAYER|DATA_LAYER,E:\football_v\.venv\Lib\site-packages\pip\_vendor\requests\__init__.py
,,,DATA_LAYER,E:\football_v\.venv\Lib\site-packages\pip\_vendor\requests\__version__.py
,AbstractProvider|AbstractResolver,identify|get_preference|find_matches|is_satisfied_by|get_dependencies|__init__|resolve,VALUE_LAYER|MODEL_LAYER|FEATURE_LAYER,E:\football_v\.venv\Lib\site-packages\pip\_vendor\resolvelib\providers.py
,BaseReporter,starting|starting_round|ending_round|ending|adding_requirement|resolving_conflicts|rejecting_candidate|pinning,FEATURE_LAYER,E:\football_v\.venv\Lib\site-packages\pip\_vendor\resolvelib\reporters.py
,ResolverException|RequirementsConflicted|InconsistentCandidate|Criterion|ResolutionError|ResolutionImpossible|ResolutionTooDeep|Resolution|Resolver,_has_route_to_root|_build_result|__init__|__str__|__init__|__str__|__init__|__repr__|iter_requirement|iter_parent|__init__|__init__|__init__|state|_push_new_state|_add_to_criteria|_remove_information_from_criteria|_get_preference|_is_current_pin_satisfying|_get_updated_criteria|_attempt_to_pin_criterion|_backjump|resolve|resolve|_patch_criteria,VALUE_LAYER|MODEL_LAYER|FEATURE_LAYER|DATA_LAYER|RUNTIME_LAYER,E:\football_v\.venv\Lib\site-packages\pip\_vendor\resolvelib\resolvers.py
,DirectedGraph|IteratorMapping|_FactoryIterableView|_SequenceIterableView,build_iter_view|__init__|__iter__|__len__|__contains__|copy|add|remove|connected|connect|iter_edges|iter_children|iter_parents|__init__|__repr__|__bool__|__contains__|__getitem__|__iter__|__len__|__init__|__repr__|__bool__|__iter__|__init__|__repr__|__bool__|__iter__,VALUE_LAYER|FEATURE_LAYER|DATA_LAYER,E:\football_v\.venv\Lib\site-packages\pip\_vendor\resolvelib\structs.py
,,,,E:\football_v\.venv\Lib\site-packages\pip\_vendor\resolvelib\__init__.py
,,,,E:\football_v\.venv\Lib\site-packages\pip\_vendor\resolvelib\compat\collections_abc.py
,,,,E:\football_v\.venv\Lib\site-packages\pip\_vendor\resolvelib\compat\__init__.py
,RichRenderable|Foo,__subclasshook__,,E:\football_v\.venv\Lib\site-packages\pip\_vendor\rich\abc.py
,Align|VerticalCenter,__init__|__repr__|left|center|right|__rich_console__|__rich_measure__|__init__|__repr__|__rich_console__|__rich_measure__|generate_segments|blank_lines|blank_lines,VALUE_LAYER|MODEL_LAYER,E:\football_v\.venv\Lib\site-packages\pip\_vendor\rich\align.py
,_AnsiToken|AnsiDecoder,_ansi_tokenize|__init__|decode|decode_line|read,VALUE_LAYER|FEATURE_LAYER|DATA_LAYER,E:\football_v\.venv\Lib\site-packages\pip\_vendor\rich\ansi.py
,Bar,__init__|__repr__|__rich_console__|__rich_measure__,VALUE_LAYER|BETTING_LAYER,E:\football_v\.venv\Lib\site-packages\pip\_vendor\rich\bar.py
,Box,__init__|__repr__|__str__|substitute|get_plain_headed_box|get_top|get_row|get_bottom,VALUE_LAYER|FEATURE_LAYER|DATA_LAYER,E:\football_v\.venv\Lib\site-packages\pip\_vendor\rich\box.py
,,cached_cell_len|cell_len|get_character_cell_size|set_cell_size|chop_cells,MODEL_LAYER,E:\football_v\.venv\Lib\site-packages\pip\_vendor\rich\cells.py
,ColorSystem|ColorType|ColorParseError|Color,parse_rgb_hex|blend_rgb|__repr__|__str__|__repr__|__rich__|__rich_repr__|system|is_system_defined|is_default|get_truecolor|from_ansi|from_triplet|from_rgb|default|parse|get_ansi_codes|downgrade,VALUE_LAYER|BETTING_LAYER|FEATURE_LAYER,E:\football_v\.venv\Lib\site-packages\pip\_vendor\rich\color.py
,ColorTriplet,hex|rgb|normalized,BETTING_LAYER|FEATURE_LAYER,E:\football_v\.venv\Lib\site-packages\pip\_vendor\rich\color_triplet.py
,Columns,__init__|add_renderable|__rich_console__|iter_renderables,VALUE_LAYER|MODEL_LAYER,E:\football_v\.venv\Lib\site-packages\pip\_vendor\rich\columns.py
,NoChange|ConsoleDimensions|ConsoleOptions|RichCast|ConsoleRenderable|CaptureError|NewLine|ScreenUpdate|Capture|ThemeContext|PagerContext|ScreenContext|Group|ConsoleThreadLocals|RenderHook|Console,group|_is_jupyter|get_windows_console_features|detect_legacy_windows|_svg_hash|ascii_only|copy|update|update_width|update_height|reset_height|update_dimensions|__rich__|__rich_console__|__init__|__rich_console__|__init__|__rich_console__|__init__|__enter__|__exit__|get|__init__|__enter__|__exit__|__init__|__enter__|__exit__|__init__|update|__enter__|__exit__|__init__|renderables|__rich_measure__|__rich_console__|decorator|process_renderables|__init__|__repr__|file|file|_buffer|_buffer_index|_buffer_index|_theme_stack|_detect_color_system|_enter_buffer|_exit_buffer|set_live|clear_live|push_render_hook|pop_render_hook|__enter__|__exit__|begin_capture|end_capture|push_theme|pop_theme|use_theme|color_system|encoding|is_terminal|is_dumb_terminal|options|size|size|width|width|height|height|bell|capture|pager|line|clear|status|show_cursor|set_alt_screen|is_alt_screen|set_window_title|screen|measure|render|render_lines|render_str|get_style|_collect_renderables|rule|control|out|print|print_json|update_screen|update_screen_lines|print_exception|_caller_frame_info|log|on_broken_pipe|_check_buffer|_write_buffer|_render_buffer|input|export_text|save_text|export_html|save_html|export_svg|save_svg|_replace|check_text|get_svg_style|escape_text|make_tag|align_append|stringify,VALUE_LAYER|MODEL_LAYER|BETTING_LAYER|RUNTIME_LAYER|DATA_LAYER|FEATURE_LAYER,E:\football_v\.venv\Lib\site-packages\pip\_vendor\rich\console.py
,Constrain,__init__|__rich_console__|__rich_measure__,MODEL_LAYER,E:\football_v\.venv\Lib\site-packages\pip\_vendor\rich\constrain.py
,Renderables|Lines,__init__|__rich_console__|__rich_measure__|append|__iter__|__init__|__repr__|__iter__|__getitem__|__getitem__|__getitem__|__setitem__|__len__|__rich_console__|append|extend|pop|justify,VALUE_LAYER|DATA_LAYER,E:\football_v\.venv\Lib\site-packages\pip\_vendor\rich\containers.py
,Control,strip_control_codes|escape_control_codes|__init__|bell|home|move|move_to_column|move_to|clear|show_cursor|alt_screen|title|__str__|__rich_console__|get_codes,FEATURE_LAYER|DATA_LAYER,E:\football_v\.venv\Lib\site-packages\pip\_vendor\rich\control.py
,,,VALUE_LAYER|DATA_LAYER,E:\football_v\.venv\Lib\site-packages\pip\_vendor\rich\default_styles.py
,,report,MODEL_LAYER|FEATURE_LAYER,E:\football_v\.venv\Lib\site-packages\pip\_vendor\rich\diagnose.py
,NoEmoji|Emoji,__init__|replace|__repr__|__str__|__rich_console__,,E:\football_v\.venv\Lib\site-packages\pip\_vendor\rich\emoji.py
,ConsoleError|StyleError|StyleSyntaxError|MissingStyle|StyleStackError|NotRenderableError|MarkupError|LiveError|NoAltScreen,,FEATURE_LAYER,E:\football_v\.venv\Lib\site-packages\pip\_vendor\rich\errors.py
,,_to_str|pick_unit_and_suffix|decimal,VALUE_LAYER|FEATURE_LAYER,E:\football_v\.venv\Lib\site-packages\pip\_vendor\rich\filesize.py
,FileProxy,__init__|rich_proxied_file|__getattr__|write|flush|fileno,,E:\football_v\.venv\Lib\site-packages\pip\_vendor\rich\file_proxy.py
,Highlighter|NullHighlighter|RegexHighlighter|ReprHighlighter|JSONHighlighter|ISO8601Highlighter,_combine_regex|__call__|highlight|highlight|highlight|highlight,VALUE_LAYER|BETTING_LAYER|DATA_LAYER,E:\football_v\.venv\Lib\site-packages\pip\_vendor\rich\highlighter.py
,JSON,__init__|from_data|__rich__,VALUE_LAYER|DATA_LAYER,E:\football_v\.venv\Lib\site-packages\pip\_vendor\rich\json.py
,JupyterRenderable|JupyterMixin,_render_segments|display|print|__init__|_repr_mimebundle_|_repr_mimebundle_|escape,FEATURE_LAYER|DATA_LAYER,E:\football_v\.venv\Lib\site-packages\pip\_vendor\rich\jupyter.py
,LayoutRender|LayoutError|NoSplitter|_Placeholder|Splitter|RowSplitter|ColumnSplitter|Layout,__init__|__rich_console__|get_tree_icon|divide|get_tree_icon|divide|get_tree_icon|divide|__init__|__rich_repr__|renderable|children|map|get|__getitem__|tree|split|add_split|split_row|split_column|unsplit|update|refresh_screen|_make_region_map|render|__rich_console__|summary|recurse,VALUE_LAYER|DATA_LAYER,E:\football_v\.venv\Lib\site-packages\pip\_vendor\rich\layout.py
,_RefreshThread|Live,__init__|stop|run|__init__|is_started|get_renderable|start|stop|__enter__|__exit__|_enable_redirect_io|_disable_redirect_io|renderable|update|refresh|process_renderables,VALUE_LAYER|DATA_LAYER,E:\football_v\.venv\Lib\site-packages\pip\_vendor\rich\live.py
,LiveRender,__init__|set_renderable|position_cursor|restore_cursor|__rich_console__,VALUE_LAYER,E:\football_v\.venv\Lib\site-packages\pip\_vendor\rich\live_render.py
,RichHandler,__init__|get_level_text|emit|render_message|render|divide,VALUE_LAYER|MODEL_LAYER|FEATURE_LAYER|DATA_LAYER,E:\football_v\.venv\Lib\site-packages\pip\_vendor\rich\logging.py
,Tag,escape|_parse|render|__str__|markup|escape_backslashes|pop_style,VALUE_LAYER,E:\football_v\.venv\Lib\site-packages\pip\_vendor\rich\markup.py
,Measurement,measure_renderables|span|normalize|with_maximum|with_minimum|clamp|get,MODEL_LAYER|BETTING_LAYER,E:\football_v\.venv\Lib\site-packages\pip\_vendor\rich\measure.py
,Padding,__init__|indent|unpack|__repr__|__rich_console__|__rich_measure__,VALUE_LAYER|MODEL_LAYER,E:\football_v\.venv\Lib\site-packages\pip\_vendor\rich\padding.py
,Pager|SystemPager,show|_pager|show,,E:\football_v\.venv\Lib\site-packages\pip\_vendor\rich\pager.py
,Palette|ColorBox,__init__|__getitem__|__rich__|match|get_color_distance|__rich_console__,,E:\football_v\.venv\Lib\site-packages\pip\_vendor\rich\palette.py
,Panel,__init__|fit|_title|_subtitle|__rich_console__|__rich_measure__|align_text,MODEL_LAYER,E:\football_v\.venv\Lib\site-packages\pip\_vendor\rich\panel.py
,Pretty|Node|_Line|BrokenRepr|StockKeepingUnit|Thing|RichFormatter,_is_attr_object|_get_attr_fields|_is_dataclass_repr|_has_default_namedtuple_repr|_ipy_display_hook|_safe_isinstance|install|_get_braces_for_defaultdict|_get_braces_for_deque|_get_braces_for_array|is_expandable|_is_namedtuple|traverse|pretty_repr|pprint|display_hook|__init__|__rich_console__|__rich_measure__|iter_tokens|check_length|__str__|render|expandable|check_length|expand|__str__|to_repr|_traverse|iter_rich_args|__repr__|__repr__|__call__|iter_attrs,VALUE_LAYER|MODEL_LAYER|FEATURE_LAYER|DATA_LAYER,E:\football_v\.venv\Lib\site-packages\pip\_vendor\rich\pretty.py
,_TrackThread|_Reader|_ReadContext|ProgressColumn|RenderableColumn|SpinnerColumn|TextColumn|BarColumn|TimeElapsedColumn|TaskProgressColumn|TimeRemainingColumn|FileSizeColumn|TotalFileSizeColumn|MofNCompleteColumn|DownloadColumn|TransferSpeedColumn|ProgressSample|Task|Progress,track|wrap_file|open|open|open|__init__|run|__enter__|__exit__|__init__|__enter__|__exit__|__iter__|__next__|closed|fileno|isatty|mode|name|readable|seekable|writable|read|readinto|readline|readlines|close|seek|tell|write|writelines|__init__|__enter__|__exit__|__init__|get_table_column|__call__|render|__init__|render|__init__|set_spinner|render|__init__|render|__init__|render|render|__init__|render_speed|render|__init__|render|render|render|__init__|render|__init__|render|render|get_time|started|remaining|elapsed|finished|percentage|speed|time_remaining|_reset|__init__|get_default_columns|console|tasks|task_ids|finished|start|stop|__enter__|__exit__|track|wrap_file|open|open|open|start_task|stop_task|update|reset|advance|refresh|get_renderable|get_renderables|make_tasks_table|__rich__|add_task|remove_task,VALUE_LAYER|MODEL_LAYER|BETTING_LAYER|RUNTIME_LAYER|DATA_LAYER|FEATURE_LAYER,E:\football_v\.venv\Lib\site-packages\pip\_vendor\rich\progress.py
,ProgressBar,__init__|__repr__|percentage_completed|_get_pulse_segments|update|_render_pulse|__rich_console__|__rich_measure__,VALUE_LAYER,E:\football_v\.venv\Lib\site-packages\pip\_vendor\rich\progress_bar.py
,PromptError|InvalidResponse|PromptBase|Prompt|IntPrompt|FloatPrompt|Confirm,__init__|__rich__|__init__|ask|ask|ask|render_default|make_prompt|get_input|check_choice|process_response|on_validate_error|pre_prompt|__call__|__call__|__call__|render_default|process_response,VALUE_LAYER|BETTING_LAYER|DATA_LAYER,E:\football_v\.venv\Lib\site-packages\pip\_vendor\rich\prompt.py
,,is_renderable|rich_cast,VALUE_LAYER,E:\football_v\.venv\Lib\site-packages\pip\_vendor\rich\protocol.py
,Region,,,E:\football_v\.venv\Lib\site-packages\pip\_vendor\rich\region.py
,ReprError|Foo,auto|auto|auto|rich_repr|rich_repr|rich_repr|do_replace|auto_repr|auto_rich_repr|__rich_repr__,VALUE_LAYER|DATA_LAYER,E:\football_v\.venv\Lib\site-packages\pip\_vendor\rich\repr.py
,Rule,__init__|__repr__|__rich_console__|_rule_line|__rich_measure__,VALUE_LAYER,E:\football_v\.venv\Lib\site-packages\pip\_vendor\rich\rule.py
,,render_scope|sort_items|test,VALUE_LAYER|MODEL_LAYER|BETTING_LAYER,E:\football_v\.venv\Lib\site-packages\pip\_vendor\rich\scope.py
,Screen,__init__|__rich_console__,,E:\football_v\.venv\Lib\site-packages\pip\_vendor\rich\screen.py
,ControlType|Segment|Segments|SegmentLines,cell_length|__rich_repr__|__bool__|is_control|_split_cells|split_cells|line|apply_style|filter_control|split_lines|split_and_crop_lines|adjust_line_length|get_line_length|get_shape|set_shape|align_top|align_bottom|align_middle|simplify|strip_links|strip_styles|remove_color|divide|__init__|__rich_console__|__init__|__rich_console__,MODEL_LAYER|BETTING_LAYER|FEATURE_LAYER,E:\football_v\.venv\Lib\site-packages\pip\_vendor\rich\segment.py
,Spinner,__init__|__rich_console__|__rich_measure__|render|update,,E:\football_v\.venv\Lib\site-packages\pip\_vendor\rich\spinner.py
,Status,__init__|renderable|console|update|start|stop|__rich__|__enter__|__exit__,DATA_LAYER,E:\football_v\.venv\Lib\site-packages\pip\_vendor\rich\status.py
,_Bit|Style|StyleStack,__init__|__get__|__init__|null|from_color|from_meta|on|link_id|__str__|__bool__|_make_ansi_codes|normalize|pick_first|__rich_repr__|__eq__|__ne__|__hash__|color|bgcolor|link|transparent_background|background_style|meta|without_color|parse|get_html_style|combine|chain|copy|clear_meta_and_links|update_link|render|test|_add|__add__|__init__|__repr__|current|push|pop|_make_color,VALUE_LAYER|FEATURE_LAYER|DATA_LAYER,E:\football_v\.venv\Lib\site-packages\pip\_vendor\rich\style.py
,Styled,__init__|__rich_console__|__rich_measure__,,E:\football_v\.venv\Lib\site-packages\pip\_vendor\rich\styled.py
,SyntaxTheme|PygmentsSyntaxTheme|ANSISyntaxTheme|_SyntaxHighlightRange|Syntax,_get_code_index_for_syntax_position|get_style_for_token|get_background_style|__init__|get_style_for_token|get_background_style|__init__|get_style_for_token|get_background_style|get_theme|__init__|from_path|guess_lexer|_get_base_style|_get_token_color|lexer|default_lexer|highlight|stylize_range|_get_line_numbers_color|_numbers_column_width|_get_number_styles|__rich_measure__|__rich_console__|_get_syntax|_apply_stylized_ranges|_process_code|line_tokenize|tokens_to_spans,VALUE_LAYER|FEATURE_LAYER|DATA_LAYER,E:\football_v\.venv\Lib\site-packages\pip\_vendor\rich\syntax.py
,Column|Row|_Cell|Table,copy|cells|flexible|__init__|grid|expand|expand|_extra_width|row_count|get_row_style|__rich_measure__|padding|padding|add_column|add_row|add_section|__rich_console__|_calculate_column_widths|_collapse_widths|_get_cells|_get_padding_width|_measure_column|_render|add_cell|render_annotation|get_padding|header|align_cell,VALUE_LAYER|MODEL_LAYER|BETTING_LAYER|DATA_LAYER|FEATURE_LAYER,E:\football_v\.venv\Lib\site-packages\pip\_vendor\rich\table.py
,TerminalTheme,__init__,,E:\football_v\.venv\Lib\site-packages\pip\_vendor\rich\terminal_theme.py
,Span|Text,__repr__|__bool__|split|move|right_crop|extend|__init__|__len__|__bool__|__str__|__repr__|__add__|__eq__|__contains__|__getitem__|cell_len|markup|from_markup|from_ansi|styled|assemble|plain|plain|spans|spans|blank_copy|copy|stylize|stylize_before|apply_meta|on|remove_suffix|get_style_at_offset|extend_style|highlight_regex|highlight_words|rstrip|rstrip_end|set_length|__rich_console__|__rich_measure__|render|join|expand_tabs|truncate|_trim_spans|pad|pad_left|pad_right|align|append|append_text|append_tokens|copy_styles|split|divide|right_crop|wrap|fit|detect_indentation|with_indent_guides|get_text_at|get_current_style|iter_text|flatten_spans,VALUE_LAYER|MODEL_LAYER|BETTING_LAYER|DATA_LAYER|FEATURE_LAYER,E:\football_v\.venv\Lib\site-packages\pip\_vendor\rich\text.py
,Theme|ThemeStackError|ThemeStack,__init__|config|from_file|read|__init__|push_theme|pop_theme,VALUE_LAYER|FEATURE_LAYER|DATA_LAYER,E:\football_v\.venv\Lib\site-packages\pip\_vendor\rich\theme.py
,,,,E:\football_v\.venv\Lib\site-packages\pip\_vendor\rich\themes.py
,Frame|_SyntaxError|Stack|Trace|PathHighlighter|Traceback,install|excepthook|ipy_excepthook_closure|__init__|from_exception|extract|__rich_console__|_render_syntax_error|_guess_lexer|_render_stack|bar|foo|error|ipy_show_traceback|ipy_display_traceback|safe_str|read_code|render_locals|get_locals,VALUE_LAYER|MODEL_LAYER|DATA_LAYER|PREDICTION_LAYER|FEATURE_LAYER,E:\football_v\.venv\Lib\site-packages\pip\_vendor\rich\traceback.py
,Tree,__init__|add|__rich_console__|__rich_measure__|make_guide,VALUE_LAYER|MODEL_LAYER,E:\football_v\.venv\Lib\site-packages\pip\_vendor\rich\tree.py
,,,,E:\football_v\.venv\Lib\site-packages\pip\_vendor\rich\_cell_widths.py
,,,VALUE_LAYER|MODEL_LAYER|BETTING_LAYER|RUNTIME_LAYER|DATA_LAYER|PREDICTION_LAYER|MARKET_LAYER|FEATURE_LAYER,E:\football_v\.venv\Lib\site-packages\pip\_vendor\rich\_emoji_codes.py
,,_emoji_replace|do_replace,,E:\football_v\.venv\Lib\site-packages\pip\_vendor\rich\_emoji_replace.py
,,,MARKET_LAYER|FEATURE_LAYER,E:\football_v\.venv\Lib\site-packages\pip\_vendor\rich\_export_format.py
,,load_ipython_extension,VALUE_LAYER|DATA_LAYER,E:\football_v\.venv\Lib\site-packages\pip\_vendor\rich\_extension.py
,,get_fileno,,E:\football_v\.venv\Lib\site-packages\pip\_vendor\rich\_fileno.py
,Inspect,_first_paragraph|get_object_types_mro|get_object_types_mro_as_strings|is_object_one_of_types|__init__|_make_title|__rich__|_get_signature|_render|_get_formatted_doc|sort_items|safe_getattr,VALUE_LAYER|MODEL_LAYER|BETTING_LAYER|DATA_LAYER|PREDICTION_LAYER|FEATURE_LAYER,E:\football_v\.venv\Lib\site-packages\pip\_vendor\rich\_inspect.py
,LogRender,__init__|__call__,VALUE_LAYER|FEATURE_LAYER,E:\football_v\.venv\Lib\site-packages\pip\_vendor\rich\_log_render.py
,,loop_first|loop_last|loop_first_last,VALUE_LAYER,E:\football_v\.venv\Lib\site-packages\pip\_vendor\rich\_loop.py
,NullFile,close|isatty|read|readable|readline|readlines|seek|seekable|tell|truncate|writable|writelines|__next__|__iter__|__enter__|__exit__|write|flush|fileno,VALUE_LAYER|DATA_LAYER,E:\football_v\.venv\Lib\site-packages\pip\_vendor\rich\_null_file.py
,,,,E:\football_v\.venv\Lib\site-packages\pip\_vendor\rich\_palettes.py
,,pick_bool,VALUE_LAYER,E:\football_v\.venv\Lib\site-packages\pip\_vendor\rich\_pick.py
,Edge|E,ratio_resolve|ratio_reduce|ratio_distribute,VALUE_LAYER|MODEL_LAYER|DATA_LAYER,E:\football_v\.venv\Lib\site-packages\pip\_vendor\rich\_ratio.py
,,,VALUE_LAYER|MODEL_LAYER|BETTING_LAYER,E:\football_v\.venv\Lib\site-packages\pip\_vendor\rich\_spinners.py
,Stack,top|push,VALUE_LAYER,E:\football_v\.venv\Lib\site-packages\pip\_vendor\rich\_stack.py
,,timer,,E:\football_v\.venv\Lib\site-packages\pip\_vendor\rich\_timer.py
,LegacyWindowsError|WindowsCoordinates|CONSOLE_SCREEN_BUFFER_INFO|CONSOLE_CURSOR_INFO|LegacyWindowsTerm,GetStdHandle|GetConsoleMode|FillConsoleOutputCharacter|FillConsoleOutputAttribute|SetConsoleTextAttribute|GetConsoleScreenBufferInfo|SetConsoleCursorPosition|GetConsoleCursorInfo|SetConsoleCursorInfo|SetConsoleTitle|from_param|__init__|cursor_position|screen_size|write_text|write_styled|move_cursor_to|erase_line|erase_end_of_line|erase_start_of_line|move_cursor_up|move_cursor_down|move_cursor_forward|move_cursor_to_column|move_cursor_backward|hide_cursor|show_cursor|set_title|_get_cursor_size,VALUE_LAYER|MARKET_LAYER|FEATURE_LAYER|DATA_LAYER,E:\football_v\.venv\Lib\site-packages\pip\_vendor\rich\_win32_console.py
,WindowsConsoleFeatures,get_windows_console_features|get_windows_console_features,VALUE_LAYER|FEATURE_LAYER|DATA_LAYER,E:\football_v\.venv\Lib\site-packages\pip\_vendor\rich\_windows.py
,,legacy_windows_render,,E:\football_v\.venv\Lib\site-packages\pip\_vendor\rich\_windows_renderer.py
,,words|divide_line,MODEL_LAYER,E:\football_v\.venv\Lib\site-packages\pip\_vendor\rich\_wrap.py
,,get_console|reconfigure|print|print_json|inspect,VALUE_LAYER|BETTING_LAYER|DATA_LAYER|PREDICTION_LAYER|FEATURE_LAYER,E:\football_v\.venv\Lib\site-packages\pip\_vendor\rich\__init__.py
,ColorBox,make_test_card|__rich_console__|__rich_measure__|comparison,VALUE_LAYER|MODEL_LAYER|DATA_LAYER|MARKET_LAYER|FEATURE_LAYER,E:\football_v\.venv\Lib\site-packages\pip\_vendor\rich\__main__.py
,DEPRECATED_DEFAULT|TOMLDecodeError|Flags|NestedDict|Output,load|loads|skip_chars|skip_until|skip_comment|skip_comments_and_array_ws|create_dict_rule|create_list_rule|key_value_rule|parse_key_value_pair|parse_key|parse_key_part|parse_one_line_basic_str|parse_array|parse_inline_table|parse_basic_str_escape|parse_basic_str_escape_multiline|parse_hex_char|parse_literal_str|parse_multiline_str|parse_basic_str|parse_value|is_unicode_scalar_value|make_safe_parse_float|__init__|__init__|add_pending|finalize_pending|unset_all|set|is_|__init__|get_or_create_nest|append_nest_to_list|safe_parse_float,VALUE_LAYER|FEATURE_LAYER|DATA_LAYER,E:\football_v\.venv\Lib\site-packages\pip\_vendor\tomli\_parser.py
,,match_to_datetime|cached_tz|match_to_localtime|match_to_number,VALUE_LAYER,E:\football_v\.venv\Lib\site-packages\pip\_vendor\tomli\_re.py
,,,,E:\football_v\.venv\Lib\site-packages\pip\_vendor\tomli\_types.py
,,,DATA_LAYER,E:\football_v\.venv\Lib\site-packages\pip\_vendor\tomli\__init__.py
,SSLContext|TruststoreSSLObject,inject_into_ssl|extract_from_ssl|_verify_peercerts|__class__|__init__|wrap_socket|wrap_bio|load_verify_locations|load_cert_chain|load_default_certs|set_alpn_protocols|set_npn_protocols|set_ciphers|get_ciphers|session_stats|cert_store_stats|set_default_verify_paths|get_ca_certs|get_ca_certs|get_ca_certs|get_ca_certs|check_hostname|check_hostname|hostname_checks_common_name|hostname_checks_common_name|keylog_filename|keylog_filename|maximum_version|maximum_version|minimum_version|minimum_version|options|options|post_handshake_auth|post_handshake_auth|protocol|security_level|verify_flags|verify_flags|verify_mode|verify_mode|_get_unverified_chain_bytes|_get_unverified_chain_bytes|do_handshake,VALUE_LAYER|FEATURE_LAYER|DATA_LAYER,E:\football_v\.venv\Lib\site-packages\pip\_vendor\truststore\_api.py
,CFConst,_load_cdll|_handle_osstatus|_bytes_to_cf_data_ref|_bytes_to_cf_string|_cf_string_ref_to_str|_der_certs_to_cf_cert_array|_configure_context|_verify_peercerts_impl|_verify_peercerts_impl_macos_10_13|_verify_peercerts_impl_macos_10_14,VALUE_LAYER|BETTING_LAYER|FEATURE_LAYER|DATA_LAYER,E:\football_v\.venv\Lib\site-packages\pip\_vendor\truststore\_macos.py
,,_configure_context|_capath_contains_certs|_verify_peercerts_impl,FEATURE_LAYER|DATA_LAYER,E:\football_v\.venv\Lib\site-packages\pip\_vendor\truststore\_openssl.py
,,_set_ssl_context_verify_mode,VALUE_LAYER,E:\football_v\.venv\Lib\site-packages\pip\_vendor\truststore\_ssl_constants.py
,CERT_CONTEXT|CERT_ENHKEY_USAGE|CERT_USAGE_MATCH|CERT_CHAIN_PARA|CERT_TRUST_STATUS|CERT_CHAIN_ELEMENT|CERT_SIMPLE_CHAIN|CERT_CHAIN_CONTEXT|SSL_EXTRA_CERT_CHAIN_POLICY_PARA|CERT_CHAIN_POLICY_PARA|CERT_CHAIN_POLICY_STATUS|CERT_CHAIN_ENGINE_CONFIG,_handle_win_error|_verify_peercerts_impl|_get_and_verify_cert_chain|_verify_using_custom_ca_certs|_configure_context,VALUE_LAYER|MODEL_LAYER|FEATURE_LAYER|DATA_LAYER|RUNTIME_LAYER,E:\football_v\.venv\Lib\site-packages\pip\_vendor\truststore\_windows.py
,,,RUNTIME_LAYER,E:\football_v\.venv\Lib\site-packages\pip\_vendor\truststore\__init__.py
,HTTPConnection|HTTPSConnection|DummyConnection|BaseSSLError|ConnectionError|BrokenPipeError,_match_hostname|_get_default_user_agent|__init__|host|host|_new_conn|_is_using_tunnel|_prepare_conn|connect|putrequest|putheader|request|request_chunked|__init__|set_cert|connect|_connect_tls_proxy,VALUE_LAYER|MODEL_LAYER|BETTING_LAYER|RUNTIME_LAYER|DATA_LAYER|FEATURE_LAYER,E:\football_v\.venv\Lib\site-packages\pip\_vendor\urllib3\connection.py
,ConnectionPool|HTTPConnectionPool|HTTPSConnectionPool,connection_from_url|_normalize_host|_close_pool_connections|__init__|__str__|__enter__|__exit__|close|__init__|_new_conn|_get_conn|_put_conn|_validate_conn|_prepare_proxy|_get_timeout|_raise_timeout|_make_request|_absolute_url|close|is_same_host|urlopen|__init__|_prepare_conn|_prepare_proxy|_new_conn|_validate_conn|_is_ssl_error_message_from_http_proxy,VALUE_LAYER|MODEL_LAYER|FEATURE_LAYER|DATA_LAYER|RUNTIME_LAYER,E:\football_v\.venv\Lib\site-packages\pip\_vendor\urllib3\connectionpool.py
,HTTPError|HTTPWarning|PoolError|RequestError|SSLError|ProxyError|DecodeError|ProtocolError|MaxRetryError|HostChangedError|TimeoutStateError|TimeoutError|ReadTimeoutError|ConnectTimeoutError|NewConnectionError|EmptyPoolError|ClosedPoolError|LocationValueError|LocationParseError|URLSchemeUnknown|ResponseError|SecurityWarning|SubjectAltNameWarning|InsecureRequestWarning|SystemTimeWarning|InsecurePlatformWarning|SNIMissingWarning|DependencyWarning|ResponseNotChunked|BodyNotHttplibCompatible|IncompleteRead|InvalidChunkLength|InvalidHeader|ProxySchemeUnknown|ProxySchemeUnsupported|HeaderParsingError|UnrewindableBodyError,__init__|__reduce__|__init__|__reduce__|__init__|__init__|__init__|__init__|__init__|__init__|__repr__|__init__|__repr__|__init__|__init__,VALUE_LAYER|FEATURE_LAYER|DATA_LAYER,E:\football_v\.venv\Lib\site-packages\pip\_vendor\urllib3\exceptions.py
,RequestField,guess_content_type|format_header_param_rfc2231|_replace_multiple|format_header_param_html5|replacer|__init__|from_tuples|_render_part|_render_parts|render_headers|make_multipart,VALUE_LAYER|FEATURE_LAYER|DATA_LAYER,E:\football_v\.venv\Lib\site-packages\pip\_vendor\urllib3\fields.py
,,choose_boundary|iter_field_objects|iter_fields|encode_multipart_formdata,VALUE_LAYER|FEATURE_LAYER|DATA_LAYER,E:\football_v\.venv\Lib\site-packages\pip\_vendor\urllib3\filepost.py
,PoolManager|ProxyManager,_default_key_normalizer|proxy_from_url|__init__|__enter__|__exit__|_new_pool|clear|connection_from_host|connection_from_context|connection_from_pool_key|connection_from_url|_merge_pool_kwargs|_proxy_requires_url_absolute_form|_validate_proxy_scheme_url_selection|urlopen|__init__|connection_from_host|_set_proxy_headers|urlopen,VALUE_LAYER|FEATURE_LAYER,E:\football_v\.venv\Lib\site-packages\pip\_vendor\urllib3\poolmanager.py
,RequestMethods|RequestModule,__init__|urlopen|request|request_encode_url|request_encode_body|__call__,VALUE_LAYER|FEATURE_LAYER|DATA_LAYER,E:\football_v\.venv\Lib\site-packages\pip\_vendor\urllib3\request.py
,DeflateDecoder|GzipDecoderState|GzipDecoder|MultiDecoder|HTTPResponse|BrotliDecoder,_get_decoder|__init__|__getattr__|decompress|__init__|__getattr__|decompress|__init__|flush|decompress|__init__|get_redirect_location|release_conn|drain_conn|data|connection|isclosed|tell|_init_length|_init_decoder|_decode|_flush_decoder|_error_catcher|_fp_read|read|stream|from_httplib|getheaders|getheader|info|close|closed|fileno|flush|readable|readinto|supports_chunked_reads|_update_chunk_length|_handle_chunk|read_chunked|geturl|__iter__|__init__|flush,VALUE_LAYER|MODEL_LAYER|BETTING_LAYER|DATA_LAYER|FEATURE_LAYER,E:\football_v\.venv\Lib\site-packages\pip\_vendor\urllib3\response.py
,RecentlyUsedContainer|HTTPHeaderDict|RLock,__init__|__getitem__|__setitem__|__delitem__|__len__|__iter__|clear|keys|__init__|__setitem__|__getitem__|__delitem__|__contains__|__eq__|__ne__|__len__|__iter__|pop|discard|add|extend|getlist|_prepare_for_method_change|__repr__|_copy_from|copy|iteritems|itermerged|items|from_httplib|__enter__|__exit__,VALUE_LAYER|FEATURE_LAYER|DATA_LAYER,E:\football_v\.venv\Lib\site-packages\pip\_vendor\urllib3\_collections.py
,,,,E:\football_v\.venv\Lib\site-packages\pip\_vendor\urllib3\_version.py
,,add_stderr_logger|disable_warnings,VALUE_LAYER|BETTING_LAYER|FEATURE_LAYER|DATA_LAYER,E:\football_v\.venv\Lib\site-packages\pip\_vendor\urllib3\__init__.py
,AppEnginePlatformWarning|AppEnginePlatformError|AppEngineManager,__init__|__enter__|__exit__|urlopen|_urlfetch_response_to_http_response|_get_absolute_timeout|_get_retries,VALUE_LAYER|RUNTIME_LAYER|FEATURE_LAYER|DATA_LAYER,E:\football_v\.venv\Lib\site-packages\pip\_vendor\urllib3\contrib\appengine.py
,NTLMConnectionPool,__init__|_new_conn|urlopen,VALUE_LAYER|FEATURE_LAYER|DATA_LAYER,E:\football_v\.venv\Lib\site-packages\pip\_vendor\urllib3\contrib\ntlmpool.py
,WrappedSocket|PyOpenSSLContext|UnsupportedExtension,inject_into_urllib3|extract_from_urllib3|_validate_dependencies_met|_dnsname_to_stdlib|get_subj_alt_name|_verify_callback|idna_encode|__init__|fileno|_decref_socketios|recv|recv_into|settimeout|_send_until_done|sendall|shutdown|close|getpeercert|version|_reuse|_drop|makefile|__init__|options|options|verify_mode|verify_mode|set_default_verify_paths|set_ciphers|load_verify_locations|load_cert_chain|set_alpn_protocols|wrap_socket,VALUE_LAYER|BETTING_LAYER|FEATURE_LAYER|DATA_LAYER,E:\football_v\.venv\Lib\site-packages\pip\_vendor\urllib3\contrib\pyopenssl.py
,WrappedSocket|SecureTransportContext,inject_into_urllib3|extract_from_urllib3|_read_callback|_write_callback|__init__|_raise_on_error|_set_ciphers|_set_alpn_protocols|_custom_validate|_evaluate_trust|handshake|fileno|_decref_socketios|recv|recv_into|settimeout|gettimeout|send|sendall|shutdown|close|getpeercert|version|_reuse|_drop|makefile|makefile|__init__|check_hostname|check_hostname|options|options|verify_mode|verify_mode|set_default_verify_paths|load_default_certs|set_ciphers|load_verify_locations|load_cert_chain|set_alpn_protocols|wrap_socket,VALUE_LAYER|MODEL_LAYER|BETTING_LAYER|DATA_LAYER|FEATURE_LAYER,E:\football_v\.venv\Lib\site-packages\pip\_vendor\urllib3\contrib\securetransport.py
,SOCKSConnection|SOCKSHTTPSConnection|SOCKSHTTPConnectionPool|SOCKSHTTPSConnectionPool|SOCKSProxyManager,__init__|_new_conn|__init__,VALUE_LAYER|FEATURE_LAYER|DATA_LAYER,E:\football_v\.venv\Lib\site-packages\pip\_vendor\urllib3\contrib\socks.py
,,is_appengine|is_appengine_sandbox|is_local_appengine|is_prod_appengine|is_prod_appengine_mvms,VALUE_LAYER|MODEL_LAYER|RUNTIME_LAYER|DATA_LAYER,E:\football_v\.venv\Lib\site-packages\pip\_vendor\urllib3\contrib\_appengine_environ.py
,,,,E:\football_v\.venv\Lib\site-packages\pip\_vendor\urllib3\contrib\__init__.py
,CFConst|SecurityConst,load_cdll,VALUE_LAYER|MODEL_LAYER|BETTING_LAYER|DATA_LAYER|FEATURE_LAYER,E:\football_v\.venv\Lib\site-packages\pip\_vendor\urllib3\contrib\_securetransport\bindings.py
,,_cf_data_from_bytes|_cf_dictionary_from_tuples|_cfstr|_create_cfstring_array|_cf_string_to_unicode|_assert_no_error|_cert_array_from_pem|_is_cert|_is_identity|_temporary_keychain|_load_items_from_file|_load_client_cert_chain|_build_tls_unknown_ca_alert,VALUE_LAYER|FEATURE_LAYER|DATA_LAYER,E:\football_v\.venv\Lib\site-packages\pip\_vendor\urllib3\contrib\_securetransport\low_level.py
,,,,E:\football_v\.venv\Lib\site-packages\pip\_vendor\urllib3\contrib\_securetransport\__init__.py
,_LazyDescr|MovedModule|_LazyModule|MovedAttribute|_SixMetaPathImporter|_MovedItems|Module_six_moves_urllib_parse|Module_six_moves_urllib_error|Module_six_moves_urllib_request|Module_six_moves_urllib_response|Module_six_moves_urllib_robotparser|Module_six_moves_urllib|Iterator|metaclass|X,_add_doc|_import_module|add_move|remove_move|assertCountEqual|assertRaisesRegex|assertRegex|assertNotRegex|with_metaclass|add_metaclass|ensure_binary|ensure_str|ensure_text|python_2_unicode_compatible|__init__|__get__|__init__|_resolve|__getattr__|__init__|__dir__|__init__|_resolve|__init__|_add_module|_get_module|find_module|find_spec|__get_module|load_module|is_package|get_code|create_module|exec_module|__dir__|get_unbound_function|create_unbound_method|get_unbound_function|create_bound_method|create_unbound_method|iterkeys|itervalues|iteritems|iterlists|iterkeys|itervalues|iteritems|iterlists|b|u|b|u|byte2int|indexbytes|reraise|exec_|raise_from|print_|print_|_update_wrapper|wraps|wrapper|advance_iterator|callable|next|write|__new__|__prepare__|__len__,VALUE_LAYER|MODEL_LAYER|FEATURE_LAYER|DATA_LAYER,E:\football_v\.venv\Lib\site-packages\pip\_vendor\urllib3\packages\six.py
,,,,E:\football_v\.venv\Lib\site-packages\pip\_vendor\urllib3\packages\__init__.py
,,backport_makefile,VALUE_LAYER|DATA_LAYER,E:\football_v\.venv\Lib\site-packages\pip\_vendor\urllib3\packages\backports\makefile.py
,weakref_finalize|_Info,__init__|__call__|detach|peek|alive|atexit|atexit|__repr__|_select_for_exit|_exitfunc,VALUE_LAYER|DATA_LAYER,E:\football_v\.venv\Lib\site-packages\pip\_vendor\urllib3\packages\backports\weakref_finalize.py
,,,,E:\football_v\.venv\Lib\site-packages\pip\_vendor\urllib3\packages\backports\__init__.py
,,is_connection_dropped|create_connection|_set_socket_options|allowed_gai_family|_has_ipv6,VALUE_LAYER|RUNTIME_LAYER|FEATURE_LAYER|DATA_LAYER,E:\football_v\.venv\Lib\site-packages\pip\_vendor\urllib3\util\connection.py
,,connection_requires_http_tunnel|create_proxy_ssl_context,VALUE_LAYER|DATA_LAYER,E:\football_v\.venv\Lib\site-packages\pip\_vendor\urllib3\util\proxy.py
,LifoQueue,_init|_qsize|_put|_get,,E:\football_v\.venv\Lib\site-packages\pip\_vendor\urllib3\util\queue.py
,,make_headers|set_file_position|rewind_body,VALUE_LAYER|FEATURE_LAYER,E:\football_v\.venv\Lib\site-packages\pip\_vendor\urllib3\util\request.py
,,is_fp_closed|assert_header_parsing|is_response_to_head,VALUE_LAYER|RUNTIME_LAYER|FEATURE_LAYER|DATA_LAYER,E:\football_v\.venv\Lib\site-packages\pip\_vendor\urllib3\util\response.py
,_RetryMeta|Retry,DEFAULT_METHOD_WHITELIST|DEFAULT_METHOD_WHITELIST|DEFAULT_REDIRECT_HEADERS_BLACKLIST|DEFAULT_REDIRECT_HEADERS_BLACKLIST|BACKOFF_MAX|BACKOFF_MAX|__init__|new|from_int|get_backoff_time|parse_retry_after|get_retry_after|sleep_for_retry|_sleep_backoff|sleep|_is_connection_error|_is_read_error|_is_method_retryable|is_retry|is_exhausted|increment|__repr__|__getattr__,VALUE_LAYER|MODEL_LAYER|BETTING_LAYER|DATA_LAYER|FEATURE_LAYER,E:\football_v\.venv\Lib\site-packages\pip\_vendor\urllib3\util\retry.py
,SSLTransport,_validate_ssl_context_for_tls_in_tls|__init__|__enter__|__exit__|fileno|read|recv|recv_into|sendall|send|makefile|unwrap|close|getpeercert|version|cipher|selected_alpn_protocol|selected_npn_protocol|shared_ciphers|compression|settimeout|gettimeout|_decref_socketios|_wrap_ssl_read|_ssl_io_loop,VALUE_LAYER|BETTING_LAYER|FEATURE_LAYER|DATA_LAYER,E:\football_v\.venv\Lib\site-packages\pip\_vendor\urllib3\util\ssltransport.py
,SSLContext,_const_compare_digest_backport|assert_fingerprint|resolve_cert_reqs|resolve_ssl_version|create_urllib3_context|ssl_wrap_socket|is_ipaddress|_is_key_file_encrypted|_ssl_wrap_socket_impl|disable_check_hostname|__init__|load_cert_chain|load_verify_locations|set_ciphers|wrap_socket,VALUE_LAYER|MODEL_LAYER|BETTING_LAYER|DATA_LAYER|FEATURE_LAYER,E:\football_v\.venv\Lib\site-packages\pip\_vendor\urllib3\util\ssl_.py
,CertificateError,_dnsname_match|_to_unicode|_ipaddress_match|match_hostname,VALUE_LAYER|RUNTIME_LAYER|FEATURE_LAYER,E:\football_v\.venv\Lib\site-packages\pip\_vendor\urllib3\util\ssl_match_hostname.py
,Timeout,__init__|__repr__|resolve_default_timeout|_validate_timeout|from_float|clone|start_connect|get_connect_duration|connect_timeout|read_timeout,VALUE_LAYER|BETTING_LAYER|DATA_LAYER,E:\football_v\.venv\Lib\site-packages\pip\_vendor\urllib3\util\timeout.py
,Url,split_first|_encode_invalid_chars|_remove_path_dot_segments|_normalize_host|_idna_encode|_encode_target|parse_url|get_host|__new__|hostname|request_uri|netloc|url|__str__|ensure_type,VALUE_LAYER|FEATURE_LAYER|DATA_LAYER,E:\football_v\.venv\Lib\site-packages\pip\_vendor\urllib3\util\url.py
,NoWayToWaitForSocketError,select_wait_for_socket|poll_wait_for_socket|null_wait_for_socket|_have_working_poll|wait_for_socket|wait_for_read|wait_for_write|_retry_on_intr|_retry_on_intr|do_poll,VALUE_LAYER|BETTING_LAYER|FEATURE_LAYER|DATA_LAYER|RUNTIME_LAYER,E:\football_v\.venv\Lib\site-packages\pip\_vendor\urllib3\util\wait.py
,,,DATA_LAYER,E:\football_v\.venv\Lib\site-packages\pip\_vendor\urllib3\util\__init__.py
"invalid non-printable character U+FEFF (<unknown>, line 1)",,,,E:\football_v\00_System_OS\deploy_architecture_cleanup_engine_V1.0.py
"invalid non-printable character U+FEFF (<unknown>, line 1)",,,,E:\football_v\00_System_OS\deploy_release_validation_engine_V1.0.py
"invalid non-printable character U+FEFF (<unknown>, line 1)",,,,E:\football_v\00_System_OS\deploy_system_quality_batch_01_V1.0.py
,,startup_check|import_test|system_status|main,MARKET_LAYER|RUNTIME_LAYER|DATA_LAYER,E:\football_v\00_System_OS\01_DATA_LAYER\main.py
"invalid non-printable character U+FEFF (<unknown>, line 1)",,,,E:\football_v\00_System_OS\01_DATA_LAYER\config\database_config.py
"invalid non-printable character U+FEFF (<unknown>, line 1)",,,,E:\football_v\00_System_OS\01_DATA_LAYER\core\database\db_connection.py
"invalid non-printable character U+FEFF (<unknown>, line 1)",,,,E:\football_v\00_System_OS\01_DATA_LAYER\core\exception\base_exception.py
"invalid non-printable character U+FEFF (<unknown>, line 1)",,,,E:\football_v\00_System_OS\01_DATA_LAYER\core\exception\database_exception.py
"invalid non-printable character U+FEFF (<unknown>, line 1)",,,,E:\football_v\00_System_OS\01_DATA_LAYER\core\exception\error_codes.py
"invalid non-printable character U+FEFF (<unknown>, line 1)",,,,E:\football_v\00_System_OS\01_DATA_LAYER\core\exception\exception_handler.py
"invalid non-printable character U+FEFF (<unknown>, line 1)",,,,E:\football_v\00_System_OS\01_DATA_LAYER\core\exception\file_exception.py
"invalid non-printable character U+FEFF (<unknown>, line 1)",,,,E:\football_v\00_System_OS\01_DATA_LAYER\core\exception\validation_exception.py
"invalid non-printable character U+FEFF (<unknown>, line 1)",,,,E:\football_v\00_System_OS\01_DATA_LAYER\core\exception\__init__.py
"invalid non-printable character U+FEFF (<unknown>, line 1)",,,,E:\football_v\00_System_OS\01_DATA_LAYER\core\file_service\file_service.py
"invalid non-printable character U+FEFF (<unknown>, line 1)",,,,E:\football_v\00_System_OS\01_DATA_LAYER\core\hash_service\hash_service.py
,,write_log,VALUE_LAYER,E:\football_v\00_System_OS\01_DATA_LAYER\core\logger\compatibility.py
,FootballFormatter,__init__,VALUE_LAYER|FEATURE_LAYER,E:\football_v\00_System_OS\01_DATA_LAYER\core\logger\formatter.py
,,create_file_handler|create_console_handler,FEATURE_LAYER,E:\football_v\00_System_OS\01_DATA_LAYER\core\logger\handlers.py
,,load_config|get_logger|write_log,VALUE_LAYER|DATA_LAYER,E:\football_v\00_System_OS\01_DATA_LAYER\core\logger\logger.py
,,,,E:\football_v\00_System_OS\01_DATA_LAYER\core\logger\__init__.py
,,validate_exists|validate_size|validate_file,RUNTIME_LAYER|DATA_LAYER,E:\football_v\00_System_OS\01_DATA_LAYER\core\validator\data_validator.py
"invalid non-printable character U+FEFF (<unknown>, line 1)",,,,E:\football_v\00_System_OS\01_DATA_LAYER\core\validator\schema_validator.py
"invalid non-printable character U+FEFF (<unknown>, line 1)",,,,E:\football_v\00_System_OS\01_DATA_LAYER\core\validator\validation_result.py
"invalid non-printable character U+FEFF (<unknown>, line 1)",,,,E:\football_v\00_System_OS\01_DATA_LAYER\core\validator\__init__.py
"invalid non-printable character U+FEFF (<unknown>, line 1)",,,,E:\football_v\00_System_OS\01_DATA_LAYER\core\version_service\version_service.py
,,archive_file,,E:\football_v\00_System_OS\01_DATA_LAYER\import_pipeline\archive_manager.py
,,check_duplicate,DATA_LAYER,E:\football_v\00_System_OS\01_DATA_LAYER\import_pipeline\duplicate_checker.py
,,import_file,RUNTIME_LAYER|DATA_LAYER,E:\football_v\00_System_OS\01_DATA_LAYER\import_pipeline\importer.py
,,scan_folder,DATA_LAYER,E:\football_v\00_System_OS\01_DATA_LAYER\import_pipeline\scanner.py
,,validate_file,,E:\football_v\00_System_OS\01_DATA_LAYER\import_pipeline\validator.py
,,register_bookmakers,VALUE_LAYER|BETTING_LAYER|DATA_LAYER|PREDICTION_LAYER|MARKET_LAYER,E:\football_v\00_System_OS\01_DATA_LAYER\market\bookmaker_manager.py
,,init_market_types,VALUE_LAYER|MARKET_LAYER|PREDICTION_LAYER|DATA_LAYER,E:\football_v\00_System_OS\01_DATA_LAYER\market\market_type_manager.py
,,save_odds,VALUE_LAYER|MARKET_LAYER|FEATURE_LAYER|DATA_LAYER,E:\football_v\00_System_OS\01_DATA_LAYER\market\odds_manager.py
,,check_required_fields|calculate_hash|check_duplicate_hash|run_basic_check,VALUE_LAYER|DATA_LAYER,E:\football_v\00_System_OS\01_DATA_LAYER\quality\quality_checker.py
,,calculate_level|save_quality_score|save_alert|evaluate_data,VALUE_LAYER|PREDICTION_LAYER|FEATURE_LAYER|DATA_LAYER,E:\football_v\00_System_OS\01_DATA_LAYER\quality\quality_engine.py
,,get_quality_report,PREDICTION_LAYER|DATA_LAYER,E:\football_v\00_System_OS\01_DATA_LAYER\quality\quality_report.py
,,add_lineage,VALUE_LAYER|FEATURE_LAYER|DATA_LAYER,E:\football_v\00_System_OS\01_DATA_LAYER\registry\data_lineage.py
,,record_import,VALUE_LAYER|FEATURE_LAYER|DATA_LAYER,E:\football_v\00_System_OS\01_DATA_LAYER\registry\import_tracker.py
,,save_quality,VALUE_LAYER|DATA_LAYER,E:\football_v\00_System_OS\01_DATA_LAYER\registry\quality_score.py
,,create_data_id|register_data,VALUE_LAYER|FEATURE_LAYER|DATA_LAYER,E:\football_v\00_System_OS\01_DATA_LAYER\registry\registry_manager.py
"invalid non-printable character U+FEFF (<unknown>, line 1)",,,,E:\football_v\00_System_OS\01_DATA_LAYER\scripts\create_data_layer.py
"invalid non-printable character U+FEFF (<unknown>, line 1)",,,,E:\football_v\00_System_OS\01_DATA_LAYER\scripts\database_alert_final_upgrade.py
"invalid non-printable character U+FEFF (<unknown>, line 1)",,,,E:\football_v\00_System_OS\01_DATA_LAYER\scripts\database_init.py
"invalid non-printable character U+FEFF (<unknown>, line 1)",,,,E:\football_v\00_System_OS\01_DATA_LAYER\scripts\database_market_init.py
,,upgrade,DATA_LAYER,E:\football_v\00_System_OS\01_DATA_LAYER\scripts\database_quality_alert_upgrade.py
,,create_quality_rules|create_quality_scores|create_quality_alerts|init_quality_database,VALUE_LAYER|PREDICTION_LAYER|DATA_LAYER,E:\football_v\00_System_OS\01_DATA_LAYER\scripts\database_quality_init.py
"invalid non-printable character U+FEFF (<unknown>, line 1)",,,,E:\football_v\00_System_OS\01_DATA_LAYER\scripts\database_task_reliability_init.py
,,upgrade_data_tasks,DATA_LAYER,E:\football_v\00_System_OS\01_DATA_LAYER\scripts\database_task_table_upgrade.py
,,init_quality_rules,VALUE_LAYER|MODEL_LAYER|DATA_LAYER|MARKET_LAYER|FEATURE_LAYER,E:\football_v\00_System_OS\01_DATA_LAYER\scripts\quality_rule_init.py
,,init_registry_tables,FEATURE_LAYER|DATA_LAYER,E:\football_v\00_System_OS\01_DATA_LAYER\scripts\registry_init.py
"invalid non-printable character U+FEFF (<unknown>, line 1)",,,,E:\football_v\00_System_OS\01_DATA_LAYER\scripts\registry_manager.py
"invalid non-printable character U+FEFF (<unknown>, line 1)",,,,E:\football_v\00_System_OS\01_DATA_LAYER\scripts\retry_policy_init.py
,,init_task_table,DATA_LAYER,E:\football_v\00_System_OS\01_DATA_LAYER\scripts\task_queue_init.py
"invalid non-printable character U+FEFF (<unknown>, line 1)",,,,E:\football_v\00_System_OS\01_DATA_LAYER\scripts\test_quality_engine.py
,,run_test,RUNTIME_LAYER|MARKET_LAYER|PREDICTION_LAYER|DATA_LAYER,E:\football_v\00_System_OS\01_DATA_LAYER\scripts\test_registry_flow.py
,,run_test,,E:\football_v\00_System_OS\01_DATA_LAYER\scripts\test_retry_logger.py
"invalid non-printable character U+FEFF (<unknown>, line 1)",,,,E:\football_v\00_System_OS\01_DATA_LAYER\scripts\test_scheduler.py
,,run_test,MARKET_LAYER|FEATURE_LAYER|DATA_LAYER,E:\football_v\00_System_OS\01_DATA_LAYER\scripts\test_scheduler_reliability.py
,,run_test,FEATURE_LAYER|DATA_LAYER,E:\football_v\00_System_OS\01_DATA_LAYER\scripts\test_task_history.py
"invalid non-printable character U+FEFF (<unknown>, line 1)",,,,E:\football_v\00_System_OS\01_DATA_LAYER\scripts\test_task_manager_reliability.py
,,test,MARKET_LAYER|DATA_LAYER,E:\football_v\00_System_OS\01_DATA_LAYER\scripts\test_task_queue.py
,,run_test,FEATURE_LAYER|DATA_LAYER|PREDICTION_LAYER|MARKET_LAYER|RUNTIME_LAYER,E:\football_v\00_System_OS\01_DATA_LAYER\scripts\test_task_reliability_full.py
,,require_manual,FEATURE_LAYER|DATA_LAYER,E:\football_v\00_System_OS\01_DATA_LAYER\task_queue\manual_task.py
,,get_retry_policy|get_task_info|update_task_status|retry_task,RUNTIME_LAYER|FEATURE_LAYER|DATA_LAYER,E:\football_v\00_System_OS\01_DATA_LAYER\task_queue\retry_engine.py
,,add_retry_record|get_retry_records|get_failed_retry_count,VALUE_LAYER|FEATURE_LAYER|DATA_LAYER,E:\football_v\00_System_OS\01_DATA_LAYER\task_queue\retry_logger.py
,,get_pending_tasks|start_task|finish_task|process_queue,RUNTIME_LAYER|FEATURE_LAYER|DATA_LAYER,E:\football_v\00_System_OS\01_DATA_LAYER\task_queue\scheduler.py
,,add_history|get_history|get_all_history,VALUE_LAYER|FEATURE_LAYER|DATA_LAYER,E:\football_v\00_System_OS\01_DATA_LAYER\task_queue\task_history.py
,,generate_task_id|create_task|get_task|update_task_error,VALUE_LAYER|FEATURE_LAYER|DATA_LAYER,E:\football_v\00_System_OS\01_DATA_LAYER\task_queue\task_manager.py
,,get_task,DATA_LAYER,E:\football_v\00_System_OS\01_DATA_LAYER\task_queue\task_query.py
,,,,E:\football_v\00_System_OS\01_DATA_LAYER\task_queue\task_status.py
,,classify,MODEL_LAYER|RUNTIME_LAYER|FEATURE_LAYER|DATA_LAYER,E:\football_v\00_System_OS\ARCHITECTURE_CLEANUP\architecture_classifier\architecture_classifier_V1.0.py
,,scan,DATA_LAYER,E:\football_v\00_System_OS\ARCHITECTURE_CLEANUP\architecture_scanner\architecture_scanner_V1.0.py
source code string cannot contain null bytes,,,,E:\football_v\00_System_OS\ARCHITECTURE_CLEANUP\registry_manager\registry_manager_V1.0.py
"invalid non-printable character U+FEFF (<unknown>, line 1)",,,,E:\football_v\00_System_OS\ARCHITECTURE_CLEANUP\registry_manager\registry_manager_V1.1.py
,,,DATA_LAYER,E:\football_v\00_System_OS\ARCHITECTURE_CLEANUP\tests\test_architecture_cleanup_V1.0.py
"invalid non-printable character U+FEFF (<unknown>, line 1)",,,,E:\football_v\00_System_OS\ARCHITECTURE_CLEANUP\tests\test_architecture_cleanup_V1.1.py
,,load_config|write_log|run,FEATURE_LAYER|DATA_LAYER,E:\football_v\00_System_OS\Automation\scheduler\scheduler_manager.py
"invalid non-printable character U+FEFF (<unknown>, line 1)",,,,E:\football_v\00_System_OS\Automation\task_manager\task_manager.py
"invalid non-printable character U+FEFF (<unknown>, line 1)",,,,E:\football_v\00_System_OS\Automation\workflow\workflow_runner.py
,,check_environment|build_structure|initialize_modules|generate_report|main,FEATURE_LAYER|DATA_LAYER,E:\football_v\00_System_OS\Bootstrap\bootstrap.py
,,generate,FEATURE_LAYER|DATA_LAYER,E:\football_v\00_System_OS\Bootstrap\config_generator.py
,,write_log|run,FEATURE_LAYER,E:\football_v\00_System_OS\Bootstrap\deploy_system.py
,,create_structure,FEATURE_LAYER|DATA_LAYER,E:\football_v\00_System_OS\Bootstrap\setup_system.py
,,check_python|check_path|check_scheduler|run_check,FEATURE_LAYER|DATA_LAYER,E:\football_v\00_System_OS\Bootstrap\system_check.py
"invalid non-printable character U+FEFF (<unknown>, line 1)",,,,E:\football_v\00_System_OS\deployment_controller\deploy_alpha_integration_sprint_V1.0.py
"invalid non-printable character U+FEFF (<unknown>, line 1)",,,,E:\football_v\00_System_OS\deployment_controller\deploy_alpha_product_sprint_V1.0.py
,,check,MODEL_LAYER|DATA_LAYER,E:\football_v\00_System_OS\DEPLOYMENT_QUALITY_CHECKER\deployment_quality_checker_V1.0.py
,,,DATA_LAYER,E:\football_v\00_System_OS\ENVIRONMENT_CHECKER\environment_checker_V1.0.py
,,load_index|save_index|create_archive_record|archive_test_file,FEATURE_LAYER|DATA_LAYER,E:\football_v\00_System_OS\File_Manager\archive\archive_manager.py
,,load_json|save_json|get_target_folder|run,FEATURE_LAYER|DATA_LAYER,E:\football_v\00_System_OS\File_Manager\archive\archive_manager_v11.py
,,load_json|save_json|compare_assets|run,FEATURE_LAYER|DATA_LAYER,E:\football_v\00_System_OS\File_Manager\duplicate\duplicate_detector_v11.py
,,load_registry|detect_duplicates|save_report,DATA_LAYER,E:\football_v\00_System_OS\File_Manager\hash\duplicate_detector.py
,,load_json|save_json|process_asset|run,RUNTIME_LAYER|FEATURE_LAYER|DATA_LAYER,E:\football_v\00_System_OS\File_Manager\lifecycle\lifecycle_engine.py
,,load_registry|update_lifecycle|save_report,FEATURE_LAYER|DATA_LAYER,E:\football_v\00_System_OS\File_Manager\lifecycle\lifecycle_manager.py
,,load_registry|upgrade_asset|upgrade,FEATURE_LAYER|DATA_LAYER,E:\football_v\00_System_OS\File_Manager\registry\file_registry_v11.py
,,calculate_hash|classify_file|scan_files|save_results,MODEL_LAYER|FEATURE_LAYER|DATA_LAYER,E:\football_v\00_System_OS\File_Manager\scanner\file_scanner.py
,,load_json|save_json|create_version|run,FEATURE_LAYER|DATA_LAYER,E:\football_v\00_System_OS\File_Manager\version\version_manager.py
,,,DATA_LAYER,E:\football_v\00_System_OS\FINAL_RELEASE_GATE\final_release_gate_V1.0.py
"invalid non-printable character U+FEFF (<unknown>, line 1)",,,,E:\football_v\00_System_OS\integration_test\deploy_alpha_integration_test_V1.0.py
,,,MODEL_LAYER|PREDICTION_LAYER|DATA_LAYER,E:\football_v\00_System_OS\integration_test\test_api_pipeline.py
,,,MODEL_LAYER|MARKET_LAYER|PREDICTION_LAYER|DATA_LAYER,E:\football_v\00_System_OS\integration_test\test_dashboard.py
,,,MODEL_LAYER|RUNTIME_LAYER|DATA_LAYER,E:\football_v\00_System_OS\integration_test\test_database_connection.py
,,,MODEL_LAYER|MARKET_LAYER|DATA_LAYER,E:\football_v\00_System_OS\integration_test\test_model_pipeline.py
,,,DATA_LAYER,E:\football_v\00_System_OS\integration_test\test_product_package.py
,,load_json|save_json|check_system,FEATURE_LAYER|DATA_LAYER,E:\football_v\00_System_OS\Monitor\monitor_service.py
"invalid non-printable character U+FEFF (<unknown>, line 1)",,,,E:\football_v\00_System_OS\QUALITY_TESTS\test_system_quality_batch_01_V1.0.py
,,load_json|save_json|main,FEATURE_LAYER|DATA_LAYER,E:\football_v\00_System_OS\Recovery\recovery_controller.py
,,load_json|save_json|recovery_check,FEATURE_LAYER|DATA_LAYER,E:\football_v\00_System_OS\Recovery\recovery_service.py
,,load|resolve|visit,RUNTIME_LAYER|DATA_LAYER,E:\football_v\00_System_OS\registry\dependency_engine.py
,,load_modules|get_module|list_modules,DATA_LAYER,E:\football_v\00_System_OS\registry\registry_api.py
,,save|load|register,FEATURE_LAYER|DATA_LAYER,E:\football_v\00_System_OS\registry\registry_manager.py
,,load|save|scan,FEATURE_LAYER|DATA_LAYER,E:\football_v\00_System_OS\registry\registry_scanner.py
,,run,MODEL_LAYER|DATA_LAYER,E:\football_v\00_System_OS\RELEASE_VALIDATION\dependency_checker\dependency_checker_V1.0.py
,,run,DATA_LAYER,E:\football_v\00_System_OS\RELEASE_VALIDATION\integrity_checker\integrity_checker_V1.0.py
,,scan,,E:\football_v\00_System_OS\RELEASE_VALIDATION\module_scanner\module_scanner_V1.0.py
"invalid non-printable character U+FEFF (<unknown>, line 1)",,,,E:\football_v\00_System_OS\RELEASE_VALIDATION\release_validation_engine\release_validation_engine_V1.0.py
"invalid non-printable character U+FEFF (<unknown>, line 1)",,,,E:\football_v\00_System_OS\RELEASE_VALIDATION\release_validation_engine\release_validation_engine_V1.1.py
"invalid non-printable character U+FEFF (<unknown>, line 1)",,,,E:\football_v\00_System_OS\RELEASE_VALIDATION\tests\test_release_validation_V1.0.py
"invalid non-printable character U+FEFF (<unknown>, line 1)",,,,E:\football_v\00_System_OS\RELEASE_VALIDATION\tests\test_release_validation_V1.1.py
,,create_directory|create_file|save_report|main,RUNTIME_LAYER|FEATURE_LAYER|DATA_LAYER,E:\football_v\00_System_OS\scripts\framework_initializer.py
"invalid non-printable character U+FEFF (<unknown>, line 1)",,,,E:\football_v\00_System_OS\scripts\project_structure_scanner.py
,,,MODEL_LAYER|DATA_LAYER,E:\football_v\00_System_OS\SYSTEM_HEALTH_MONITOR\system_health_monitor_V1.0.py
"invalid non-printable character U+FEFF (<unknown>, line 1)",,,,E:\football_v\00_SYSTEM_TOOLS\check_database_location_V4.0.py
"invalid non-printable character U+FEFF (<unknown>, line 1)",,,,E:\football_v\00_SYSTEM_TOOLS\database_location_discovery_V4.0.py
"invalid non-printable character U+FEFF (<unknown>, line 1)",,,,E:\football_v\00_SYSTEM_TOOLS\data_schema_validation_V4.0.py
"invalid non-printable character U+FEFF (<unknown>, line 1)",,,,E:\football_v\00_SYSTEM_TOOLS\deploy_training_engine_V4.0.py
"invalid non-printable character U+FEFF (<unknown>, line 1)",,,,E:\football_v\00_SYSTEM_TOOLS\deploy_training_system_V4.0.py
"invalid non-printable character U+FEFF (<unknown>, line 1)",,,,E:\football_v\00_SYSTEM_TOOLS\final_system_completion_V4.0.py
"invalid non-printable character U+FEFF (<unknown>, line 1)",,,,E:\football_v\00_SYSTEM_TOOLS\model_data_snapshot_V4.0.py
"invalid non-printable character U+FEFF (<unknown>, line 1)",,,,E:\football_v\00_SYSTEM_TOOLS\schema_check_V4.0.py
"invalid non-printable character U+FEFF (<unknown>, line 1)",,,,E:\football_v\00_SYSTEM_TOOLS\training_preflight_check_V4.0.py
"invalid non-printable character U+FEFF (<unknown>, line 1)",,,,E:\football_v\00_SYSTEM_TOOLS\Architecture_Duplicate_Cleanup_V2.0\duplicate_cleanup_engine_V2.0.py
"invalid non-printable character U+FEFF (<unknown>, line 1)",,,,E:\football_v\00_SYSTEM_TOOLS\Architecture_Migration_Tool\architecture_cleanup_engine_V3.0.py
"invalid non-printable character U+FEFF (<unknown>, line 1)",,,,E:\football_v\00_SYSTEM_TOOLS\Architecture_Migration_Tool\architecture_cleanup_engine_V4.0.py
"invalid non-printable character U+FEFF (<unknown>, line 1)",,,,E:\football_v\00_SYSTEM_TOOLS\Architecture_Migration_Tool\consolidation_architecture_V1.4.py
"invalid non-printable character U+FEFF (<unknown>, line 1)",,,,E:\football_v\00_SYSTEM_TOOLS\Architecture_Migration_Tool\consolidation_architecture_V1.6.py
"invalid non-printable character U+FEFF (<unknown>, line 1)",,,,E:\football_v\00_SYSTEM_TOOLS\Architecture_Migration_Tool\consolidation_engine_V1.6.py
"invalid non-printable character U+FEFF (<unknown>, line 1)",,,,E:\football_v\00_SYSTEM_TOOLS\Architecture_Migration_Tool\create_architecture_merge_tool_V1.0.py
"invalid non-printable character U+FEFF (<unknown>, line 1)",,,,E:\football_v\00_SYSTEM_TOOLS\Architecture_Migration_Tool\deprecated_archive_engine_V1.7.py
"invalid non-printable character U+FEFF (<unknown>, line 1)",,,,E:\football_v\00_SYSTEM_TOOLS\Architecture_Migration_Tool\final_architecture_validator_V1.8.py
"invalid non-printable character U+FEFF (<unknown>, line 1)",,,,E:\football_v\00_SYSTEM_TOOLS\Architecture_Migration_Tool\final_cleanup_engine_V2.1.py
"invalid non-printable character U+FEFF (<unknown>, line 1)",,,,E:\football_v\00_SYSTEM_TOOLS\Architecture_Migration_Tool\final_delete_engine_V1.9.py
"invalid non-printable character U+FEFF (<unknown>, line 1)",,,,E:\football_v\00_SYSTEM_TOOLS\Architecture_Migration_Tool\merge_architecture_cleanup_V1.3.py
"invalid non-printable character U+FEFF (<unknown>, line 1)",,,,E:\football_v\00_SYSTEM_TOOLS\Architecture_Migration_Tool\merge_architecture_V1.0.py
"invalid non-printable character U+FEFF (<unknown>, line 1)",,,,E:\football_v\00_SYSTEM_TOOLS\Architecture_Migration_Tool\merge_architecture_V1.1.py
"invalid non-printable character U+FEFF (<unknown>, line 1)",,,,E:\football_v\00_SYSTEM_TOOLS\Architecture_Migration_Tool\migration_executor_V1.2.py
"invalid non-printable character U+FEFF (<unknown>, line 1)",,,,E:\football_v\00_SYSTEM_TOOLS\Architecture_Migration_Tool\validate_architecture_V1.1.py
"invalid non-printable character U+FEFF (<unknown>, line 1)",,,,E:\football_v\00_SYSTEM_TOOLS\Architecture_Migration_Tool\cleanup_engine\cleanup_planner_V1.2.py
"invalid non-printable character U+FEFF (<unknown>, line 1)",,,,E:\football_v\00_SYSTEM_TOOLS\Architecture_Migration_Tool\dependency_migration\dependency_migration_engine_V1.5.py
,,write_file|main,VALUE_LAYER|PREDICTION_LAYER|FEATURE_LAYER|DATA_LAYER,E:\football_v\00_SYSTEM_TOOLS\deploy_scripts\deploy_phase3_2_memory_bridge.py
,,create,PREDICTION_LAYER|RUNTIME_LAYER|FEATURE_LAYER|DATA_LAYER,E:\football_v\00_SYSTEM_TOOLS\deploy_scripts\deploy_v15_phase1.py
,,,RUNTIME_LAYER|PREDICTION_LAYER,E:\football_v\00_SYSTEM_TOOLS\deploy_scripts\deploy_v15_phase1_patch.py
,,deploy,MODEL_LAYER|RUNTIME_LAYER|PREDICTION_LAYER|DATA_LAYER,E:\football_v\00_SYSTEM_TOOLS\deploy_scripts\deploy_v15_phase2.py
"invalid non-printable character U+FEFF (<unknown>, line 1)",,,,E:\football_v\00_SYSTEM_TOOLS\FINAL_DEPLOYMENT_V4.0\deploy_final_V4.0.py
"invalid non-printable character U+FEFF (<unknown>, line 1)",,,,E:\football_v\00_SYSTEM_TOOLS\FIRST_REAL_PREDICTION_TEST_V4.0\first_real_prediction_test_V4.0.py
,DeploymentEngine,run,RUNTIME_LAYER|DATA_LAYER,E:\football_v\00_SYSTEM_TOOLS\Module_Deployment_Tool\core\deployment_engine.py
,EncodingValidator,check,,E:\football_v\00_SYSTEM_TOOLS\Module_Deployment_Tool\core\encoding_validator.py
,JsonValidator,check,DATA_LAYER,E:\football_v\00_SYSTEM_TOOLS\Module_Deployment_Tool\core\json_validator.py
,PathValidator,check,,E:\football_v\00_SYSTEM_TOOLS\Module_Deployment_Tool\core\path_validator.py
,SyntaxValidator,check,DATA_LAYER,E:\football_v\00_SYSTEM_TOOLS\Module_Deployment_Tool\core\syntax_validator.py
,,create_dir|write_file|write_json|deploy,VALUE_LAYER|MODEL_LAYER|FEATURE_LAYER|DATA_LAYER|RUNTIME_LAYER,E:\football_v\00_SYSTEM_TOOLS\Module_Deployment_Tool\modules\deploy_ai_autonomous_engine_HIL_V1.0_V1.4.py
,,create_folder|create_file|create_json|deploy,VALUE_LAYER|MODEL_LAYER|RUNTIME_LAYER|DATA_LAYER,E:\football_v\00_SYSTEM_TOOLS\Module_Deployment_Tool\modules\deploy_ai_autonomous_engine_HIL_V1.2.py
,,create_folder|create_file|create_json|deploy_start|create_auto_upgrade_manager|create_optimization_history|create_rollback_manager|create_release_validator|create_evolution_memory|create_upgrade_history_repository|create_model_change_tracker|create_knowledge_snapshot|create_upgrade_config|create_autonomous_test|create_checkpoint|deploy,VALUE_LAYER|MODEL_LAYER|FEATURE_LAYER|DATA_LAYER|RUNTIME_LAYER,E:\football_v\00_SYSTEM_TOOLS\Module_Deployment_Tool\modules\deploy_ai_autonomous_engine_HIL_V1.3_V1.4.py
,,create_folder|create_file|create_json|deploy_start|create_adaptive_parameter_learning|create_parameter_effect_analyzer|create_dynamic_weight_adjuster|create_learning_cycle_manager|create_evolution_controller|create_upgrade_policy_manager|create_risk_gate|create_human_dashboard_api|create_evolution_upgrade_config|create_evolution_full_test|create_v16_checkpoint|deploy,VALUE_LAYER|MODEL_LAYER|FEATURE_LAYER|DATA_LAYER|RUNTIME_LAYER,E:\football_v\00_SYSTEM_TOOLS\Module_Deployment_Tool\modules\deploy_ai_autonomous_engine_HIL_V1.5_V1.6.py
,,create_folder|create_file|create_json|deploy_start|create_multi_cycle_learning_engine|create_weekly_evolution_analyzer|create_monthly_performance_analyzer|create_learning_effect_tracker|create_evolution_intelligence_engine|create_strategy_evolution_manager|create_knowledge_graph_builder|create_evolution_report_generator|create_evolution_intelligence_config|create_v18_full_test|create_v18_checkpoint|deploy,VALUE_LAYER|FEATURE_LAYER|DATA_LAYER|PREDICTION_LAYER|RUNTIME_LAYER,E:\football_v\00_SYSTEM_TOOLS\Module_Deployment_Tool\modules\deploy_ai_autonomous_engine_HIL_V1.7_V1.8.py
,,create_evolution_governance_manager|create_model_evolution_audit|create_change_approval_center|create_evolution_compliance_checker|create_ai_evolution_supervisor|create_system_evolution_dashboard|create_evolution_strategy_optimizer|create_evolution_supervisor_config|create_v20_full_test|create_evolution_supervisor_report|create_v20_checkpoint|deploy,VALUE_LAYER|MODEL_LAYER|RUNTIME_LAYER|DATA_LAYER|PREDICTION_LAYER|FEATURE_LAYER,E:\football_v\00_SYSTEM_TOOLS\Module_Deployment_Tool\modules\deploy_ai_autonomous_engine_HIL_V1.9_V2.0.py
,,create_folder|create_file|create_json|deploy_start|create_v21_modules|create_v22_modules|create_v21_v22_config|create_batch_test|create_report|create_checkpoint|deploy,VALUE_LAYER|MODEL_LAYER|RUNTIME_LAYER|DATA_LAYER|PREDICTION_LAYER|FEATURE_LAYER,E:\football_v\00_SYSTEM_TOOLS\Module_Deployment_Tool\modules\deploy_ai_autonomous_engine_HIL_V2.1_V2.2_BATCH.py
,,create_folder|create_file|create_json|deploy_start|create_v23_modules|create_v24_modules|create_config|create_report|create_checkpoint|create_test|deploy,VALUE_LAYER|RUNTIME_LAYER|PREDICTION_LAYER|DATA_LAYER,E:\football_v\00_SYSTEM_TOOLS\Module_Deployment_Tool\modules\deploy_ai_autonomous_engine_HIL_V2.3_V2.4_BATCH.py
,,create_folder|create_file|create_json|deploy_start|create_v25_modules|create_v26_modules|create_config|create_report|create_checkpoint|create_test|deploy,VALUE_LAYER|RUNTIME_LAYER|PREDICTION_LAYER|DATA_LAYER,E:\football_v\00_SYSTEM_TOOLS\Module_Deployment_Tool\modules\deploy_ai_autonomous_engine_HIL_V2.5_V2.6_BATCH.py
,,ensure_dir|write_file|write_json|deploy_start|deploy_v27|deploy_v28|deploy_human_approval_gate|create_configs|create_test_file|create_checkpoint|create_report|run_test|show_tree|deploy,VALUE_LAYER|FEATURE_LAYER|DATA_LAYER|PREDICTION_LAYER|RUNTIME_LAYER,E:\football_v\00_SYSTEM_TOOLS\Module_Deployment_Tool\modules\deploy_ai_autonomous_engine_HIL_V2.7_V2.8_BATCH.py
,,ensure_dir|write_file|write_json|self_validation|deploy_start|deploy_v29|deploy_v30|create_configs|create_test|compile_check|create_checkpoint|create_report|run_test|show_tree|human_gate|deploy,VALUE_LAYER|RUNTIME_LAYER|DATA_LAYER|PREDICTION_LAYER|MARKET_LAYER|FEATURE_LAYER,E:\football_v\00_SYSTEM_TOOLS\Module_Deployment_Tool\modules\deploy_ai_autonomous_engine_HIL_V2.9_V3.0_BATCH.py
,,create_dir|write_file|write_json|deploy,RUNTIME_LAYER|DATA_LAYER,E:\football_v\00_SYSTEM_TOOLS\Module_Deployment_Tool\modules\deploy_ai_autonomous_engine_V1.0_V1.3.py
,,,VALUE_LAYER|MODEL_LAYER|DATA_LAYER|PREDICTION_LAYER|RUNTIME_LAYER,E:\football_v\00_SYSTEM_TOOLS\Module_Deployment_Tool\modules\deploy_ai_intelligence_layer_core_V1.0.py
,,add_test,VALUE_LAYER|MODEL_LAYER|RUNTIME_LAYER|DATA_LAYER|PREDICTION_LAYER|FEATURE_LAYER,E:\football_v\00_SYSTEM_TOOLS\Module_Deployment_Tool\modules\deploy_ai_intelligence_layer_test_V1.0.py
,,,MODEL_LAYER|FEATURE_LAYER|DATA_LAYER|PREDICTION_LAYER|RUNTIME_LAYER,E:\football_v\00_SYSTEM_TOOLS\Module_Deployment_Tool\modules\deploy_ai_orchestration_layer_batch_V1.0.py
"invalid non-printable character U+FEFF (<unknown>, line 1)",,,,E:\football_v\00_SYSTEM_TOOLS\Module_Deployment_Tool\modules\deploy_ai_orchestration_layer_test_V1.0.py
"invalid non-printable character U+FEFF (<unknown>, line 1)",,,,E:\football_v\00_SYSTEM_TOOLS\Module_Deployment_Tool\modules\deploy_ai_orchestration_layer_V1.0.py
,,create_dir|write_file|write_json|deploy,VALUE_LAYER|MODEL_LAYER|RUNTIME_LAYER|DATA_LAYER|PREDICTION_LAYER|FEATURE_LAYER,E:\football_v\00_SYSTEM_TOOLS\Module_Deployment_Tool\modules\deploy_ai_orchestration_layer_V1.0_V1.3.py
"invalid non-printable character U+FEFF (<unknown>, line 1)",,,,E:\football_v\00_SYSTEM_TOOLS\Module_Deployment_Tool\modules\deploy_api_integration_layer_test_V1.0.py
"invalid non-printable character U+FEFF (<unknown>, line 1)",,,,E:\football_v\00_SYSTEM_TOOLS\Module_Deployment_Tool\modules\deploy_api_integration_layer_V1.0.py
"invalid non-printable character U+FEFF (<unknown>, line 1)",,,,E:\football_v\00_SYSTEM_TOOLS\Module_Deployment_Tool\modules\deploy_autonomous_learning_engine_test_V1.0.py
"invalid non-printable character U+FEFF (<unknown>, line 1)",,,,E:\football_v\00_SYSTEM_TOOLS\Module_Deployment_Tool\modules\deploy_autonomous_learning_engine_V1.0.py
"invalid non-printable character U+FEFF (<unknown>, line 1)",,,,E:\football_v\00_SYSTEM_TOOLS\Module_Deployment_Tool\modules\deploy_backtest_system_test_V1.0.py
"invalid non-printable character U+FEFF (<unknown>, line 1)",,,,E:\football_v\00_SYSTEM_TOOLS\Module_Deployment_Tool\modules\deploy_backtest_system_V1.0.py
,,create_dir|write_file|write_json|deploy,VALUE_LAYER|MODEL_LAYER|BETTING_LAYER|RUNTIME_LAYER|DATA_LAYER|PREDICTION_LAYER|FEATURE_LAYER,E:\football_v\00_SYSTEM_TOOLS\Module_Deployment_Tool\modules\deploy_backtest_system_V1.0_V1.3.py
,,,MODEL_LAYER|RUNTIME_LAYER|FEATURE_LAYER|DATA_LAYER,E:\football_v\00_SYSTEM_TOOLS\Module_Deployment_Tool\modules\deploy_data_intelligence_checkpoint_V1.0.py
,,,MODEL_LAYER|RUNTIME_LAYER|FEATURE_LAYER|DATA_LAYER,E:\football_v\00_SYSTEM_TOOLS\Module_Deployment_Tool\modules\deploy_data_intelligence_engine_V1.0.py
,,add_test,MODEL_LAYER|RUNTIME_LAYER|FEATURE_LAYER|DATA_LAYER,E:\football_v\00_SYSTEM_TOOLS\Module_Deployment_Tool\modules\deploy_data_intelligence_test_V1.0.py
,,create_dir|write_file|write_json|deploy,VALUE_LAYER|MODEL_LAYER|BETTING_LAYER|RUNTIME_LAYER|DATA_LAYER|PREDICTION_LAYER|MARKET_LAYER|FEATURE_LAYER,E:\football_v\00_SYSTEM_TOOLS\Module_Deployment_Tool\modules\deploy_decision_engine_V1.0_V1.3.py
"invalid non-printable character U+FEFF (<unknown>, line 1)",,,,E:\football_v\00_SYSTEM_TOOLS\Module_Deployment_Tool\modules\deploy_decision_intelligence_layer_test_V1.0.py
"invalid non-printable character U+FEFF (<unknown>, line 1)",,,,E:\football_v\00_SYSTEM_TOOLS\Module_Deployment_Tool\modules\deploy_decision_intelligence_layer_V1.0.py
,,,MODEL_LAYER|RUNTIME_LAYER|FEATURE_LAYER|DATA_LAYER,E:\football_v\00_SYSTEM_TOOLS\Module_Deployment_Tool\modules\deploy_dynamic_feature_weight_checkpoint_V1.0.py
,,,MODEL_LAYER|RUNTIME_LAYER|FEATURE_LAYER|DATA_LAYER,E:\football_v\00_SYSTEM_TOOLS\Module_Deployment_Tool\modules\deploy_dynamic_feature_weight_engine_V1.0.py
,,add,MODEL_LAYER|RUNTIME_LAYER|FEATURE_LAYER|DATA_LAYER,E:\football_v\00_SYSTEM_TOOLS\Module_Deployment_Tool\modules\deploy_dynamic_feature_weight_test_V1.0.py
,,,MODEL_LAYER|FEATURE_LAYER|DATA_LAYER,E:\football_v\00_SYSTEM_TOOLS\Module_Deployment_Tool\modules\deploy_feature_store_adapter_V1.0.py
,,,MODEL_LAYER|FEATURE_LAYER|DATA_LAYER|MARKET_LAYER|RUNTIME_LAYER,E:\football_v\00_SYSTEM_TOOLS\Module_Deployment_Tool\modules\deploy_feature_store_core_V1.0.py
"invalid non-printable character U+FEFF (<unknown>, line 1)",,,,E:\football_v\00_SYSTEM_TOOLS\Module_Deployment_Tool\modules\deploy_feature_store_test_V1.0.py
,,create_dir|write_file|write_json|deploy,MODEL_LAYER|FEATURE_LAYER|DATA_LAYER|MARKET_LAYER|RUNTIME_LAYER,E:\football_v\00_SYSTEM_TOOLS\Module_Deployment_Tool\modules\deploy_feature_store_V1.0.py
,,create_dir|write_file|write_json|deploy,VALUE_LAYER|MODEL_LAYER|RUNTIME_LAYER|DATA_LAYER|PREDICTION_LAYER|FEATURE_LAYER,E:\football_v\00_SYSTEM_TOOLS\Module_Deployment_Tool\modules\deploy_feature_store_V1.1.py
,,create_dir|write_file|write_json|deploy,VALUE_LAYER|MODEL_LAYER|RUNTIME_LAYER|DATA_LAYER|PREDICTION_LAYER|FEATURE_LAYER,E:\football_v\00_SYSTEM_TOOLS\Module_Deployment_Tool\modules\deploy_feature_store_V1.2.py
,,create_dir|write_file|write_json|deploy,VALUE_LAYER|MODEL_LAYER|RUNTIME_LAYER|DATA_LAYER|PREDICTION_LAYER|FEATURE_LAYER,E:\football_v\00_SYSTEM_TOOLS\Module_Deployment_Tool\modules\deploy_feature_store_V1.3.py
,,create_dir|write_file|write_json|deploy,VALUE_LAYER|MODEL_LAYER|RUNTIME_LAYER|DATA_LAYER|PREDICTION_LAYER|FEATURE_LAYER,E:\football_v\00_SYSTEM_TOOLS\Module_Deployment_Tool\modules\deploy_feature_store_V1.4.py
,,create_dir|write_file|write_json|deploy,MODEL_LAYER|FEATURE_LAYER|PREDICTION_LAYER|DATA_LAYER,E:\football_v\00_SYSTEM_TOOLS\Module_Deployment_Tool\modules\deploy_feature_store_V1.5.py
,,create_dir|write_file|write_json|deploy,MODEL_LAYER|FEATURE_LAYER|DATA_LAYER,E:\football_v\00_SYSTEM_TOOLS\Module_Deployment_Tool\modules\deploy_feature_store_V1.6.py
,,create_dir|write_file|write_json|deploy,VALUE_LAYER|MODEL_LAYER|FEATURE_LAYER|DATA_LAYER|RUNTIME_LAYER,E:\football_v\00_SYSTEM_TOOLS\Module_Deployment_Tool\modules\deploy_feature_store_V1.7.py
,,create_dir|write_file|write_json|deploy,VALUE_LAYER|MODEL_LAYER|FEATURE_LAYER|DATA_LAYER|RUNTIME_LAYER,E:\football_v\00_SYSTEM_TOOLS\Module_Deployment_Tool\modules\deploy_feature_store_V1.8.py
,,create_dir|write_file|write_json|deploy,VALUE_LAYER|MODEL_LAYER|FEATURE_LAYER|DATA_LAYER|RUNTIME_LAYER,E:\football_v\00_SYSTEM_TOOLS\Module_Deployment_Tool\modules\deploy_feature_store_V1.9.py
,,create_dir|write_file|write_json|deploy,MODEL_LAYER|RUNTIME_LAYER|FEATURE_LAYER|DATA_LAYER,E:\football_v\00_SYSTEM_TOOLS\Module_Deployment_Tool\modules\deploy_feature_store_V2.0.py
,,create_dir|write_file|write_json|deploy,VALUE_LAYER|MODEL_LAYER|FEATURE_LAYER|DATA_LAYER,E:\football_v\00_SYSTEM_TOOLS\Module_Deployment_Tool\modules\deploy_feature_store_V2.1.py
,,create_dir|write_file|write_json|deploy,RUNTIME_LAYER|FEATURE_LAYER|DATA_LAYER,E:\football_v\00_SYSTEM_TOOLS\Module_Deployment_Tool\modules\deploy_feature_store_V2.2.py
,,create_dir|write_file|write_json|deploy,VALUE_LAYER|MODEL_LAYER|FEATURE_LAYER|DATA_LAYER|RUNTIME_LAYER,E:\football_v\00_SYSTEM_TOOLS\Module_Deployment_Tool\modules\deploy_feature_store_V2.3.py
,,create_dir|write_file|write_json|deploy,VALUE_LAYER|MODEL_LAYER|FEATURE_LAYER|DATA_LAYER|RUNTIME_LAYER,E:\football_v\00_SYSTEM_TOOLS\Module_Deployment_Tool\modules\deploy_feature_store_V2.4_V2.6.py
,,create_dir|write_file|write_json|deploy,MODEL_LAYER|FEATURE_LAYER|DATA_LAYER|PREDICTION_LAYER|RUNTIME_LAYER,E:\football_v\00_SYSTEM_TOOLS\Module_Deployment_Tool\modules\deploy_feature_store_V2.7_V3.0.py
"invalid non-printable character U+FEFF (<unknown>, line 1)",,,,E:\football_v\00_SYSTEM_TOOLS\Module_Deployment_Tool\modules\deploy_market_intelligence_layer_test_V1.0.py
"invalid non-printable character U+FEFF (<unknown>, line 1)",,,,E:\football_v\00_SYSTEM_TOOLS\Module_Deployment_Tool\modules\deploy_market_intelligence_layer_V1.0.py
"invalid non-printable character U+FEFF (<unknown>, line 1)",,,,E:\football_v\00_SYSTEM_TOOLS\Module_Deployment_Tool\modules\deploy_model_explanation_engine_test_V1.0.py
"invalid non-printable character U+FEFF (<unknown>, line 1)",,,,E:\football_v\00_SYSTEM_TOOLS\Module_Deployment_Tool\modules\deploy_model_explanation_engine_V1.0.py
,,create_dir|write_file|write_json|deploy,VALUE_LAYER|MODEL_LAYER|RUNTIME_LAYER|DATA_LAYER|PREDICTION_LAYER|FEATURE_LAYER,E:\football_v\00_SYSTEM_TOOLS\Module_Deployment_Tool\modules\deploy_model_layer_V1.0_V1.3.py
,,add_test|load_module,RUNTIME_LAYER|FEATURE_LAYER|DATA_LAYER,E:\football_v\00_SYSTEM_TOOLS\Module_Deployment_Tool\modules\deploy_module_deployment_tool_test_V1.1.py
,,,RUNTIME_LAYER|DATA_LAYER,E:\football_v\00_SYSTEM_TOOLS\Module_Deployment_Tool\modules\deploy_module_deployment_tool_V1.1.py
,,add|load,MODEL_LAYER|RUNTIME_LAYER|PREDICTION_LAYER|DATA_LAYER,E:\football_v\00_SYSTEM_TOOLS\Module_Deployment_Tool\modules\deploy_prediction_engine_batch_test_V1.0.py
,,,VALUE_LAYER|MODEL_LAYER|DATA_LAYER|PREDICTION_LAYER|RUNTIME_LAYER,E:\football_v\00_SYSTEM_TOOLS\Module_Deployment_Tool\modules\deploy_prediction_engine_batch_V1.0.py
,,create_dir|write_file|write_json|deploy,VALUE_LAYER|MODEL_LAYER|RUNTIME_LAYER|DATA_LAYER|PREDICTION_LAYER|MARKET_LAYER|FEATURE_LAYER,E:\football_v\00_SYSTEM_TOOLS\Module_Deployment_Tool\modules\deploy_prediction_engine_V1.0_V1.3.py
,,,VALUE_LAYER|MODEL_LAYER|DATA_LAYER|PREDICTION_LAYER|RUNTIME_LAYER,E:\football_v\00_SYSTEM_TOOLS\Module_Deployment_Tool\modules\deploy_prediction_intelligence_engine_V1.0.py
,,add_test|load_module,VALUE_LAYER|MODEL_LAYER|DATA_LAYER|PREDICTION_LAYER|RUNTIME_LAYER,E:\football_v\00_SYSTEM_TOOLS\Module_Deployment_Tool\modules\deploy_prediction_intelligence_test_V1.0.py
"invalid non-printable character U+FEFF (<unknown>, line 1)",,,,E:\football_v\00_SYSTEM_TOOLS\Module_Deployment_Tool\modules\deploy_report_intelligence_layer_test_V1.0.py
"invalid non-printable character U+FEFF (<unknown>, line 1)",,,,E:\football_v\00_SYSTEM_TOOLS\Module_Deployment_Tool\modules\deploy_report_intelligence_layer_V1.0.py
"invalid non-printable character U+FEFF (<unknown>, line 1)",,,,E:\football_v\00_SYSTEM_TOOLS\Module_Deployment_Tool\modules\deploy_system_monitoring_layer_test_V1.0.py
"invalid non-printable character U+FEFF (<unknown>, line 1)",,,,E:\football_v\00_SYSTEM_TOOLS\Module_Deployment_Tool\modules\deploy_system_monitoring_layer_V1.0.py
"invalid non-printable character U+FEFF (<unknown>, line 1)",,,,E:\football_v\00_SYSTEM_TOOLS\RUNTIME_VALIDATION_V4.0\runtime_validation_V4.0.py
,,check_files|generate_report,RUNTIME_LAYER|FEATURE_LAYER|DATA_LAYER,E:\football_v\01_Data_Source\acceptance\acceptance_check.py
,DataDownloader,__init__|load_history|calculate_hash|scan_files|record|save,RUNTIME_LAYER|FEATURE_LAYER|DATA_LAYER,E:\football_v\01_Data_Source\download\data_downloader.py
,SourceMonitor,__init__|load_registry|check_download_folder|run|save,DATA_LAYER,E:\football_v\01_Data_Source\monitor\source_monitor.py
,,,VALUE_LAYER|RUNTIME_LAYER|DATA_LAYER,E:\football_v\01_Data_Source\pipeline\pipeline_runner.py
,SourceScanner,__init__|scan,DATA_LAYER,E:\football_v\01_Data_Source\pipeline\source_scanner.py
,SourceValidator,validate,VALUE_LAYER|DATA_LAYER,E:\football_v\01_Data_Source\pipeline\source_validator.py
,,load_registry|list_sources|get_source|source_summary,RUNTIME_LAYER|DATA_LAYER,E:\football_v\01_Data_Source\registry\source_registry.py
,,scan_raw|load_report,RUNTIME_LAYER|FEATURE_LAYER|DATA_LAYER,E:\football_v\02_Data_Platform\data_loader\data_loader.py
,,,RUNTIME_LAYER|DATA_LAYER,E:\football_v\02_Data_Platform\data_loader\__init__.py
,LoaderEngine,__init__|scan|report,RUNTIME_LAYER|FEATURE_LAYER|DATA_LAYER,E:\football_v\02_Data_Platform\data_loader\engine\loader_engine.py
,,load_csv,DATA_LAYER,E:\football_v\02_Data_Platform\data_loader\formats\csv_loader.py
,DatasetManager,__init__|get_datasets,DATA_LAYER,E:\football_v\02_Data_Platform\data_manager\dataset_manager.py
,DatasetRegistry,__init__|create|load,RUNTIME_LAYER|MARKET_LAYER|FEATURE_LAYER|DATA_LAYER,E:\football_v\02_Data_Platform\data_manager\dataset_registry.py
,DataManager,__init__|status,RUNTIME_LAYER|FEATURE_LAYER|DATA_LAYER,E:\football_v\02_Data_Platform\data_manager\data_manager.py
,,,DATA_LAYER,E:\football_v\02_Data_Platform\data_manager\__init__.py
,,,DATA_LAYER,E:\football_v\02_Data_Platform\data_manager\__main__.py
,PlatformBootstrap,__init__|check_file|health_check,VALUE_LAYER|RUNTIME_LAYER|FEATURE_LAYER|DATA_LAYER,E:\football_v\02_Data_Platform\integration\platform_bootstrap.py
,MetadataManager,__init__|load|list_datasets|status,RUNTIME_LAYER|FEATURE_LAYER|DATA_LAYER,E:\football_v\02_Data_Platform\metadata\metadata_manager.py
,MetadataSchema,validate,DATA_LAYER,E:\football_v\02_Data_Platform\metadata\metadata_schema.py
,DataLineage,__init__|create|load|register|status,RUNTIME_LAYER|FEATURE_LAYER|DATA_LAYER,E:\football_v\02_Data_Platform\metadata\lineage\data_lineage.py
,DataPipeline,__init__|run,RUNTIME_LAYER|FEATURE_LAYER|DATA_LAYER,E:\football_v\02_Data_Platform\pipeline\data_pipeline.py
,RawManager,__init__|execute,DATA_LAYER,E:\football_v\02_Data_Platform\raw\raw_manager.py
,RawRegistry,load|register,DATA_LAYER,E:\football_v\02_Data_Platform\raw\raw_registry.py
,RawScanner,__init__|scan,DATA_LAYER,E:\football_v\02_Data_Platform\raw\raw_scanner.py
,DataRegistry,load|save|activate,FEATURE_LAYER|DATA_LAYER,E:\football_v\02_Data_Platform\registry\data_platform_registry.py
,,scan_folder|build_registry,RUNTIME_LAYER|FEATURE_LAYER|DATA_LAYER,E:\football_v\02_Data_Platform\storage_engine\storage_manager.py
"invalid non-printable character U+FEFF (<unknown>, line 1)",,,,E:\football_v\03_Data_Governance\audit\audit_engine.py
"invalid non-printable character U+FEFF (<unknown>, line 1)",,,,E:\football_v\03_Data_Governance\controller\governance_controller.py
"invalid non-printable character U+FEFF (<unknown>, line 1)",,,,E:\football_v\03_Data_Governance\lineage\lineage_engine.py
"invalid non-printable character U+FEFF (<unknown>, line 1)",,,,E:\football_v\03_Data_Governance\quality\quality_engine.py
"invalid non-printable character U+FEFF (<unknown>, line 1)",,,,E:\football_v\03_Data_Governance\validation\validation_engine.py
"invalid non-printable character U+FEFF (<unknown>, line 1)",,,,E:\football_v\03_MODEL_LAYER\analysis\accuracy_tracker_V2.11.py
"invalid non-printable character U+FEFF (<unknown>, line 1)",,,,E:\football_v\03_MODEL_LAYER\analysis\roi_analyzer_V2.11.py
,ConfidenceModel,score,MODEL_LAYER|PREDICTION_LAYER,E:\football_v\03_MODEL_LAYER\confidence_model\confidence_engine_V2.0.py
,FusionEngineV23,predict,VALUE_LAYER|MODEL_LAYER|RUNTIME_LAYER|PREDICTION_LAYER,E:\football_v\03_MODEL_LAYER\fusion_engine\fusion_engine_V2.3.py
,MarketValueModel,score,VALUE_LAYER|MODEL_LAYER|MARKET_LAYER|PREDICTION_LAYER,E:\football_v\03_MODEL_LAYER\market_model\market_value_model_V1.0.py
,RiskModel,score,MODEL_LAYER|PREDICTION_LAYER,E:\football_v\03_MODEL_LAYER\risk_model\risk_engine_V2.0.py
"invalid non-printable character U+FEFF (<unknown>, line 1)",,,,E:\football_v\04_Data_Processing_AI\cleaning\cleaning_engine.py
"invalid non-printable character U+FEFF (<unknown>, line 1)",,,,E:\football_v\04_Data_Processing_AI\controller\processing_controller.py
,DataIntelligenceEngine,__init__|analyze,RUNTIME_LAYER|FEATURE_LAYER|DATA_LAYER,E:\football_v\04_Data_Processing_AI\data_intelligence_engine\data_intelligence_engine.py
,DataRouter,route,MODEL_LAYER|RUNTIME_LAYER|FEATURE_LAYER|DATA_LAYER,E:\football_v\04_Data_Processing_AI\data_intelligence_engine\data_router.py
,FeatureSelector,select,MODEL_LAYER|FEATURE_LAYER,E:\football_v\04_Data_Processing_AI\data_intelligence_engine\feature_selector.py
,IntelligenceService,process,RUNTIME_LAYER|DATA_LAYER,E:\football_v\04_Data_Processing_AI\data_intelligence_engine\intelligence_service.py
,ModelInterface,available_models,MODEL_LAYER,E:\football_v\04_Data_Processing_AI\data_intelligence_engine\model_interface.py
,FeatureWeightManager,analyze,FEATURE_LAYER,E:\football_v\04_Data_Processing_AI\dynamic_feature_weight_engine\feature_weight_manager.py
,ModelWeightManager,list_models,MODEL_LAYER,E:\football_v\04_Data_Processing_AI\dynamic_feature_weight_engine\model_weight_manager.py
,WeightCalculator,calculate_model_weight,MODEL_LAYER,E:\football_v\04_Data_Processing_AI\dynamic_feature_weight_engine\weight_calculator.py
,WeightEngine,calculate,RUNTIME_LAYER,E:\football_v\04_Data_Processing_AI\dynamic_feature_weight_engine\weight_engine.py
"invalid non-printable character U+FEFF (<unknown>, line 1)",,,,E:\football_v\04_Data_Processing_AI\feature_engine\feature_engine.py
,BacktestDatasetManager,prepare,DATA_LAYER,E:\football_v\04_Data_Processing_AI\feature_store\backtest_dataset_manager.py
,DatabaseConnectionPool,__init__|acquire|release,DATA_LAYER,E:\football_v\04_Data_Processing_AI\feature_store\database_connection_pool.py
,DatabaseConnector,__init__|connect|close,DATA_LAYER,E:\football_v\04_Data_Processing_AI\feature_store\database_connector.py
,DatabaseHealthMonitor,check,DATA_LAYER,E:\football_v\04_Data_Processing_AI\feature_store\database_health_monitor.py
,DatabaseMigrationManager,get_version|migrate,DATA_LAYER,E:\football_v\04_Data_Processing_AI\feature_store\database_migration_manager.py
,DatasetSplitManager,split,MODEL_LAYER|DATA_LAYER,E:\football_v\04_Data_Processing_AI\feature_store\dataset_split_manager.py
,DataPromotionService,can_promote,VALUE_LAYER|MODEL_LAYER|RUNTIME_LAYER|DATA_LAYER,E:\football_v\04_Data_Processing_AI\feature_store\data_promotion_service.py
,DataSourceRegistry,get_sources,DATA_LAYER,E:\football_v\04_Data_Processing_AI\feature_store\data_source_registry.py
,EloHistoryFeatureEngine,calculate,VALUE_LAYER|MODEL_LAYER|RUNTIME_LAYER|FEATURE_LAYER,E:\football_v\04_Data_Processing_AI\feature_store\elo_history_feature_engine.py
,EnvironmentManager,list_environments|check_environment,VALUE_LAYER|MODEL_LAYER,E:\football_v\04_Data_Processing_AI\feature_store\environment_manager.py
,FeatureAnomalyDetector,detect,FEATURE_LAYER,E:\football_v\04_Data_Processing_AI\feature_store\feature_anomaly_detector.py
,FeatureAPIService,get_feature,RUNTIME_LAYER|FEATURE_LAYER,E:\football_v\04_Data_Processing_AI\feature_store\feature_api_service.py
,FeatureAuditLogger,log,VALUE_LAYER|FEATURE_LAYER,E:\football_v\04_Data_Processing_AI\feature_store\feature_audit_logger.py
,FeatureAutoGenerator,generate,FEATURE_LAYER|DATA_LAYER,E:\football_v\04_Data_Processing_AI\feature_store\feature_auto_generator.py
,FeatureCacheManager,__init__|set|get,VALUE_LAYER|FEATURE_LAYER,E:\football_v\04_Data_Processing_AI\feature_store\feature_cache_manager.py
,FeatureContextBuilder,build,FEATURE_LAYER|DATA_LAYER,E:\football_v\04_Data_Processing_AI\feature_store\feature_context_builder.py
,FeatureCRUDService,create|read|update|delete,RUNTIME_LAYER|FEATURE_LAYER|DATA_LAYER,E:\football_v\04_Data_Processing_AI\feature_store\feature_crud_service.py
,DatabaseConnector,__init__|connect,DATA_LAYER,E:\football_v\04_Data_Processing_AI\feature_store\feature_database_connector.py
,FeatureDatabaseHealthCheck,check,FEATURE_LAYER|DATA_LAYER,E:\football_v\04_Data_Processing_AI\feature_store\feature_database_health_check.py
,FeatureDatabaseReader,__init__|connect,FEATURE_LAYER|DATA_LAYER,E:\football_v\04_Data_Processing_AI\feature_store\feature_database_reader.py
,FeatureDatabaseService,__init__|check_database|connect,RUNTIME_LAYER|FEATURE_LAYER|DATA_LAYER,E:\football_v\04_Data_Processing_AI\feature_store\feature_database_service.py
,FeatureDatabaseSession,__init__|connect,FEATURE_LAYER|DATA_LAYER,E:\football_v\04_Data_Processing_AI\feature_store\feature_database_session.py
,FeatureDatasetBuilder,build,FEATURE_LAYER|DATA_LAYER,E:\football_v\04_Data_Processing_AI\feature_store\feature_dataset_builder.py
,FeatureDatasetBuilderV2,build,PREDICTION_LAYER|FEATURE_LAYER|DATA_LAYER,E:\football_v\04_Data_Processing_AI\feature_store\feature_dataset_builder_v2.py
,FeatureDatasetExporter,export,FEATURE_LAYER|DATA_LAYER,E:\football_v\04_Data_Processing_AI\feature_store\feature_dataset_exporter.py
,FeatureDatasetGenerator,generate,FEATURE_LAYER|DATA_LAYER,E:\football_v\04_Data_Processing_AI\feature_store\feature_dataset_generator.py
,FeatureDatasetReporter,report,FEATURE_LAYER|DATA_LAYER,E:\football_v\04_Data_Processing_AI\feature_store\feature_dataset_reporter.py
,DatasetSchemaValidator,validate,PREDICTION_LAYER|DATA_LAYER,E:\football_v\04_Data_Processing_AI\feature_store\feature_dataset_schema_validator.py
,FeatureDatasetVersionManager,version,FEATURE_LAYER|DATA_LAYER,E:\football_v\04_Data_Processing_AI\feature_store\feature_dataset_version_manager.py
,FeatureDataIngestion,ingest,FEATURE_LAYER|DATA_LAYER,E:\football_v\04_Data_Processing_AI\feature_store\feature_data_ingestion.py
,FeatureDataLoader,load,PREDICTION_LAYER|FEATURE_LAYER|DATA_LAYER,E:\football_v\04_Data_Processing_AI\feature_store\feature_data_loader.py
,FeatureDriftDetector,detect,FEATURE_LAYER,E:\football_v\04_Data_Processing_AI\feature_store\feature_drift_detector.py
,FeatureGenerator,generate,PREDICTION_LAYER|FEATURE_LAYER|DATA_LAYER,E:\football_v\04_Data_Processing_AI\feature_store\feature_feature_generator.py
,FeatureFeedbackOptimizer,optimize,FEATURE_LAYER|DATA_LAYER,E:\football_v\04_Data_Processing_AI\feature_store\feature_feedback_optimizer.py
,FeatureImportanceAnalyzer,analyze,FEATURE_LAYER,E:\football_v\04_Data_Processing_AI\feature_store\feature_importance_analyzer.py
,FeatureIngestionScheduler,schedule,FEATURE_LAYER|DATA_LAYER,E:\football_v\04_Data_Processing_AI\feature_store\feature_ingestion_scheduler.py
,FeatureInteractionEngine,create_interaction,RUNTIME_LAYER|FEATURE_LAYER,E:\football_v\04_Data_Processing_AI\feature_store\feature_interaction_engine.py
,FeatureLineageTracker,track,FEATURE_LAYER,E:\football_v\04_Data_Processing_AI\feature_store\feature_lineage_tracker.py
,FeatureLoader,load,MODEL_LAYER|FEATURE_LAYER|DATA_LAYER,E:\football_v\04_Data_Processing_AI\feature_store\feature_loader.py
,FeatureLoaderService,load,MODEL_LAYER|RUNTIME_LAYER|FEATURE_LAYER|DATA_LAYER,E:\football_v\04_Data_Processing_AI\feature_store\feature_loader_service.py
,FeatureMatchReader,__init__|read_json,FEATURE_LAYER|DATA_LAYER,E:\football_v\04_Data_Processing_AI\feature_store\feature_match_reader.py
,FeatureModelAdapter,get_common_features|get_elo_features|get_poisson_features|get_xgb_features,MODEL_LAYER|FEATURE_LAYER|DATA_LAYER,E:\football_v\04_Data_Processing_AI\feature_store\feature_model_adapter.py
,FeatureModelInterface,prepare,MODEL_LAYER|FEATURE_LAYER|DATA_LAYER,E:\football_v\04_Data_Processing_AI\feature_store\feature_model_interface.py
,FeatureModelRegistry,list_models,MODEL_LAYER|FEATURE_LAYER,E:\football_v\04_Data_Processing_AI\feature_store\feature_model_registry.py
,FeatureOptimizer,optimize,FEATURE_LAYER,E:\football_v\04_Data_Processing_AI\feature_store\feature_optimizer.py
,FeaturePatternMiner,mine,FEATURE_LAYER,E:\football_v\04_Data_Processing_AI\feature_store\feature_pattern_miner.py
,FeaturePipeline,__init__|run,VALUE_LAYER|RUNTIME_LAYER|FEATURE_LAYER|DATA_LAYER,E:\football_v\04_Data_Processing_AI\feature_store\feature_pipeline.py
,FeaturePipelineRunner,__init__|run,RUNTIME_LAYER|FEATURE_LAYER|DATA_LAYER,E:\football_v\04_Data_Processing_AI\feature_store\feature_pipeline_runner.py
,ProbabilitySchema,create,MODEL_LAYER|PREDICTION_LAYER,E:\football_v\04_Data_Processing_AI\feature_store\feature_probability_schema.py
,FeatureQualityMonitor,monitor,FEATURE_LAYER,E:\football_v\04_Data_Processing_AI\feature_store\feature_quality_monitor.py
,FeatureQualityReporter,report,FEATURE_LAYER,E:\football_v\04_Data_Processing_AI\feature_store\feature_quality_reporter.py
,FeatureQualityRules,get_rules,VALUE_LAYER|FEATURE_LAYER,E:\football_v\04_Data_Processing_AI\feature_store\feature_quality_rules.py
,FeatureQueryEngine,recent_matches,RUNTIME_LAYER|FEATURE_LAYER|DATA_LAYER,E:\football_v\04_Data_Processing_AI\feature_store\feature_query_engine.py
,FeatureQueryService,query_team_feature,RUNTIME_LAYER|FEATURE_LAYER|DATA_LAYER,E:\football_v\04_Data_Processing_AI\feature_store\feature_query_service.py
,FeatureReductionEngine,reduce,RUNTIME_LAYER|FEATURE_LAYER,E:\football_v\04_Data_Processing_AI\feature_store\feature_reduction_engine.py
,,,MODEL_LAYER|FEATURE_LAYER|DATA_LAYER,E:\football_v\04_Data_Processing_AI\feature_store\feature_registry.py
,FeatureRequestRouter,route,RUNTIME_LAYER|FEATURE_LAYER,E:\football_v\04_Data_Processing_AI\feature_store\feature_request_router.py
,FeatureResponseFormatter,format,FEATURE_LAYER|DATA_LAYER,E:\football_v\04_Data_Processing_AI\feature_store\feature_response_formatter.py
,FeatureSchema,__init__|load,FEATURE_LAYER|DATA_LAYER,E:\football_v\04_Data_Processing_AI\feature_store\feature_schema.py
,FeatureSelectorAI,select,FEATURE_LAYER,E:\football_v\04_Data_Processing_AI\feature_store\feature_selector_ai.py
,FeatureService,load_features,RUNTIME_LAYER|FEATURE_LAYER|DATA_LAYER,E:\football_v\04_Data_Processing_AI\feature_store\feature_service.py
,FeatureServiceHealth,check,RUNTIME_LAYER|FEATURE_LAYER,E:\football_v\04_Data_Processing_AI\feature_store\feature_service_health.py
,FeatureSnapshotManager,create_snapshot,FEATURE_LAYER|DATA_LAYER,E:\football_v\04_Data_Processing_AI\feature_store\feature_snapshot_manager.py
,FeatureStore,__init__|status,FEATURE_LAYER,E:\football_v\04_Data_Processing_AI\feature_store\feature_store.py
,FeatureTableMapper,__init__|convert,VALUE_LAYER|PREDICTION_LAYER|FEATURE_LAYER|DATA_LAYER,E:\football_v\04_Data_Processing_AI\feature_store\feature_table_mapper.py
,FeatureTimeSeriesManager,validate_time_order,FEATURE_LAYER|DATA_LAYER,E:\football_v\04_Data_Processing_AI\feature_store\feature_time_series_manager.py
,FeatureValidationService,validate,VALUE_LAYER|RUNTIME_LAYER|FEATURE_LAYER|DATA_LAYER,E:\football_v\04_Data_Processing_AI\feature_store\feature_validation_service.py
,FeatureValidator,validate,VALUE_LAYER|FEATURE_LAYER|DATA_LAYER,E:\football_v\04_Data_Processing_AI\feature_store\feature_validator.py
,FeatureVersionManager,__init__|get_version|register_feature,VALUE_LAYER|FEATURE_LAYER,E:\football_v\04_Data_Processing_AI\feature_store\feature_version_manager.py
,HistoricalFeatureBuilder,build,FEATURE_LAYER|DATA_LAYER,E:\football_v\04_Data_Processing_AI\feature_store\historical_feature_builder.py
,HistoricalFeatureDatabase,__init__|connect,FEATURE_LAYER|DATA_LAYER,E:\football_v\04_Data_Processing_AI\feature_store\historical_feature_database.py
,HistoricalFeatureRegistry,list_features,MODEL_LAYER|FEATURE_LAYER,E:\football_v\04_Data_Processing_AI\feature_store\historical_feature_registry.py
,HistoricalFeatureRepository,save_feature|load_feature,FEATURE_LAYER|DATA_LAYER,E:\football_v\04_Data_Processing_AI\feature_store\historical_feature_repository.py
,HistoricalFeatureRepositoryV2,save|query,FEATURE_LAYER|DATA_LAYER,E:\football_v\04_Data_Processing_AI\feature_store\historical_feature_repository_v2.py
,HistoricalFeatureTableCreator,list_tables,MODEL_LAYER|FEATURE_LAYER,E:\football_v\04_Data_Processing_AI\feature_store\historical_feature_table_creator.py
,HomeAwayFeatureEngine,calculate,RUNTIME_LAYER|FEATURE_LAYER,E:\football_v\04_Data_Processing_AI\feature_store\home_away_feature_engine.py
,IntelligentFeatureStore,learn,FEATURE_LAYER|DATA_LAYER,E:\football_v\04_Data_Processing_AI\feature_store\intelligent_feature_store.py
,ModelFeedbackCollector,collect,MODEL_LAYER|PREDICTION_LAYER|DATA_LAYER,E:\football_v\04_Data_Processing_AI\feature_store\model_feedback_collector.py
,ModelTrainingExporter,export,MODEL_LAYER|DATA_LAYER,E:\football_v\04_Data_Processing_AI\feature_store\model_training_exporter.py
,PredictionErrorAnalyzer,analyze,PREDICTION_LAYER,E:\football_v\04_Data_Processing_AI\feature_store\prediction_error_analyzer.py
,ProductionReleaseChecker,check,FEATURE_LAYER|DATA_LAYER,E:\football_v\04_Data_Processing_AI\feature_store\production_release_checker.py
,TeamFormFeatureEngine,calculate,RUNTIME_LAYER|FEATURE_LAYER,E:\football_v\04_Data_Processing_AI\feature_store\team_form_feature_engine.py
,TrainingDatasetBuilder,build,MODEL_LAYER|FEATURE_LAYER|DATA_LAYER,E:\football_v\04_Data_Processing_AI\feature_store\training_dataset_builder.py
,ValidationDatasetChecker,check,DATA_LAYER,E:\football_v\04_Data_Processing_AI\feature_store\validation_dataset_checker.py
,ValidationProductionSwitch,switch,,E:\football_v\04_Data_Processing_AI\feature_store\validation_production_switch.py
,DixonColesAdapter,transform,MODEL_LAYER|FEATURE_LAYER,E:\football_v\04_Data_Processing_AI\feature_store\adapters\dixon_coles_adapter.py
,DixonColesFeatureAdapter,get_dixon_coles_features,MODEL_LAYER|FEATURE_LAYER|DATA_LAYER,E:\football_v\04_Data_Processing_AI\feature_store\adapters\dixon_coles_feature_adapter.py
,EloAdapter,transform,MODEL_LAYER|FEATURE_LAYER|DATA_LAYER,E:\football_v\04_Data_Processing_AI\feature_store\adapters\elo_adapter.py
,EloFeatureAdapter,get_elo_features,MODEL_LAYER|FEATURE_LAYER|DATA_LAYER,E:\football_v\04_Data_Processing_AI\feature_store\adapters\elo_feature_adapter.py
,FusionAdapter,transform,MODEL_LAYER|FEATURE_LAYER,E:\football_v\04_Data_Processing_AI\feature_store\adapters\fusion_adapter.py
,FusionFeatureAdapter,combine,FEATURE_LAYER|DATA_LAYER,E:\football_v\04_Data_Processing_AI\feature_store\adapters\fusion_feature_adapter.py
,PoissonAdapter,transform,MODEL_LAYER|FEATURE_LAYER,E:\football_v\04_Data_Processing_AI\feature_store\adapters\poisson_adapter.py
,PoissonFeatureAdapter,get_poisson_features,MODEL_LAYER|FEATURE_LAYER|DATA_LAYER,E:\football_v\04_Data_Processing_AI\feature_store\adapters\poisson_feature_adapter.py
,XGBoostAdapter,transform,MODEL_LAYER|FEATURE_LAYER,E:\football_v\04_Data_Processing_AI\feature_store\adapters\xgboost_adapter.py
,XGBoostFeatureAdapter,get_xgb_features,MODEL_LAYER|FEATURE_LAYER|DATA_LAYER,E:\football_v\04_Data_Processing_AI\feature_store\adapters\xgboost_feature_adapter.py
,,test,MODEL_LAYER|FEATURE_LAYER|PREDICTION_LAYER|DATA_LAYER,E:\football_v\04_Data_Processing_AI\feature_store\tests\ai_feature_dataset_test.py
,,test,RUNTIME_LAYER|FEATURE_LAYER|DATA_LAYER,E:\football_v\04_Data_Processing_AI\feature_store\tests\environment_flow_test.py
,,test,FEATURE_LAYER|DATA_LAYER,E:\football_v\04_Data_Processing_AI\feature_store\tests\feature_database_health_test.py
,,test,RUNTIME_LAYER|FEATURE_LAYER|DATA_LAYER,E:\football_v\04_Data_Processing_AI\feature_store\tests\feature_database_integration_test.py
,,test,FEATURE_LAYER|DATA_LAYER,E:\football_v\04_Data_Processing_AI\feature_store\tests\feature_dataset_generation_test.py
,,test,RUNTIME_LAYER|FEATURE_LAYER|DATA_LAYER,E:\football_v\04_Data_Processing_AI\feature_store\tests\feature_ingestion_test.py
,,test,RUNTIME_LAYER|FEATURE_LAYER|DATA_LAYER,E:\football_v\04_Data_Processing_AI\feature_store\tests\feature_store_data_test.py
,,test,RUNTIME_LAYER|FEATURE_LAYER|DATA_LAYER,E:\football_v\04_Data_Processing_AI\feature_store\tests\feature_store_pipeline_test.py
,,test,RUNTIME_LAYER|FEATURE_LAYER|DATA_LAYER,E:\football_v\04_Data_Processing_AI\feature_store\tests\feature_store_test.py
,,test,RUNTIME_LAYER|FEATURE_LAYER|DATA_LAYER,E:\football_v\04_Data_Processing_AI\feature_store\tests\feature_store_v2.6_full_test.py
,,,MODEL_LAYER|FEATURE_LAYER|DATA_LAYER|PREDICTION_LAYER|RUNTIME_LAYER,E:\football_v\04_Data_Processing_AI\feature_store\tests\feature_store_v3.0_full_test.py
,,test,RUNTIME_LAYER|FEATURE_LAYER|DATA_LAYER,E:\football_v\04_Data_Processing_AI\feature_store\tests\historical_feature_database_test.py
,,test,MODEL_LAYER|RUNTIME_LAYER|FEATURE_LAYER|DATA_LAYER,E:\football_v\04_Data_Processing_AI\feature_store\tests\historical_feature_store_test.py
,,test,MODEL_LAYER|FEATURE_LAYER|DATA_LAYER,E:\football_v\04_Data_Processing_AI\feature_store\tests\model_feature_adapter_test.py
,,test,RUNTIME_LAYER|FEATURE_LAYER|DATA_LAYER,E:\football_v\04_Data_Processing_AI\feature_store\tests\postgres_runtime_test.py
,,test,MODEL_LAYER|FEATURE_LAYER|DATA_LAYER,E:\football_v\04_Data_Processing_AI\feature_store\tests\training_dataset_pipeline_test.py
"invalid non-printable character U+FEFF (<unknown>, line 1)",,,,E:\football_v\04_Data_Processing_AI\pipeline\processing_pipeline.py
"invalid non-printable character U+FEFF (<unknown>, line 1)",,,,E:\football_v\04_Data_Processing_AI\transformation\transformation_engine.py
"invalid non-printable character U+FEFF (<unknown>, line 1)",,,,E:\football_v\04_PREDICTION_LAYER\engine\match_simulation_engine_V2.7.py
"invalid non-printable character U+FEFF (<unknown>, line 1)",,,,E:\football_v\04_PREDICTION_LAYER\engine\prediction_intelligence_engine_V1.6.py
"invalid non-printable character U+FEFF (<unknown>, line 1)",,,,E:\football_v\04_PREDICTION_LAYER\engine\prediction_pipeline_V1.6.py
"invalid non-printable character U+FEFF (<unknown>, line 1)",,,,E:\football_v\04_PREDICTION_LAYER\monitor\prediction_monitor.py
"invalid non-printable character U+FEFF (<unknown>, line 1)",,,,E:\football_v\04_PREDICTION_LAYER\monitor\prediction_monitor_V1.6.py
"invalid non-printable character U+FEFF (<unknown>, line 1)",,,,E:\football_v\04_PREDICTION_LAYER\service\prediction_service_api.py
"invalid non-printable character U+FEFF (<unknown>, line 1)",,,,E:\football_v\04_PREDICTION_LAYER\service\prediction_service_V1.6.py
"invalid non-printable character U+FEFF (<unknown>, line 1)",,,,E:\football_v\05_AI_Intelligence_Layer\controller\model_controller.py
,DecisionManager,decide,DATA_LAYER,E:\football_v\05_AI_Intelligence_Layer\FUSION_DECISION_ENGINE\decision_manager.py
,FusionEngine,combine,MODEL_LAYER|RUNTIME_LAYER,E:\football_v\05_AI_Intelligence_Layer\FUSION_DECISION_ENGINE\fusion_engine.py
,BaseAdapter,train|predict|evaluate,VALUE_LAYER|MODEL_LAYER|PREDICTION_LAYER|DATA_LAYER,E:\football_v\05_AI_Intelligence_Layer\MODEL_ADAPTER_FRAMEWORK\adapter_base.py
,AdapterManager,add,,E:\football_v\05_AI_Intelligence_Layer\MODEL_ADAPTER_FRAMEWORK\adapter_manager.py
,ErrorAnalyzer,analyze,,E:\football_v\05_AI_Intelligence_Layer\MODEL_EVALUATION_ENGINE\error_analyzer.py
,Evaluator,evaluate,VALUE_LAYER|PREDICTION_LAYER,E:\football_v\05_AI_Intelligence_Layer\MODEL_EVALUATION_ENGINE\evaluator.py
,ModelCatalog,catalog,MODEL_LAYER,E:\football_v\05_AI_Intelligence_Layer\MODEL_REGISTRY\model_catalog.py
,ModelRegistry,__init__|register|list_models,MODEL_LAYER,E:\football_v\05_AI_Intelligence_Layer\MODEL_REGISTRY\model_registry.py
,ModelStatusManager,status,MODEL_LAYER,E:\football_v\05_AI_Intelligence_Layer\MODEL_REGISTRY\model_status_manager.py
,ModelVersionManager,get_version,MODEL_LAYER,E:\football_v\05_AI_Intelligence_Layer\MODEL_REGISTRY\model_version_manager.py
,ExperienceManager,save,,E:\football_v\05_AI_Intelligence_Layer\SELF_REFLECTION_ENGINE\experience_manager.py
,ReflectionEngine,reflect,RUNTIME_LAYER,E:\football_v\05_AI_Intelligence_Layer\SELF_REFLECTION_ENGINE\reflection_engine.py
,FeatureStoreConnector,get_features,FEATURE_LAYER|DATA_LAYER,E:\football_v\05_MODEL_AI\MODEL_LAYER\feature_store_connector.py
,BaseModelInterface,train|predict|evaluate|save|load,VALUE_LAYER|MODEL_LAYER|DATA_LAYER|PREDICTION_LAYER|FEATURE_LAYER,E:\football_v\05_MODEL_AI\MODEL_LAYER\model_interface.py
,ModelLoader,load_model,MODEL_LAYER|DATA_LAYER,E:\football_v\05_MODEL_AI\MODEL_LAYER\model_loader.py
,ModelRegistry,__init__|register|get|list_models,MODEL_LAYER,E:\football_v\05_MODEL_AI\MODEL_LAYER\model_registry.py
,ModelRuntime,__init__|start|stop,MODEL_LAYER|RUNTIME_LAYER|DATA_LAYER,E:\football_v\05_MODEL_AI\MODEL_LAYER\model_runtime.py
,BacktestEngine,run,RUNTIME_LAYER|PREDICTION_LAYER,E:\football_v\05_MODEL_AI\MODEL_LAYER\backtest\backtest_engine.py
,ModelAccuracyReport,generate,MODEL_LAYER|DATA_LAYER,E:\football_v\05_MODEL_AI\MODEL_LAYER\backtest\model_accuracy_report.py
,PredictionTracker,record,PREDICTION_LAYER,E:\football_v\05_MODEL_AI\MODEL_LAYER\backtest\prediction_tracker.py
,ROIAnalyzer,calculate,VALUE_LAYER|MODEL_LAYER,E:\football_v\05_MODEL_AI\MODEL_LAYER\backtest\roi_analyzer.py
,FusionEngine,__init__|fuse,MODEL_LAYER|RUNTIME_LAYER|PREDICTION_LAYER|DATA_LAYER,E:\football_v\05_MODEL_AI\MODEL_LAYER\fusion\fusion_engine.py
,ProbabilityCalculator,normalize,VALUE_LAYER|PREDICTION_LAYER,E:\football_v\05_MODEL_AI\MODEL_LAYER\fusion\probability_calculator.py
,DixonColesModel,__init__|train|predict,MODEL_LAYER|FEATURE_LAYER|PREDICTION_LAYER|DATA_LAYER,E:\football_v\05_MODEL_AI\MODEL_LAYER\models\dixon_coles_model.py
,EloModel,__init__|train|predict,MODEL_LAYER|FEATURE_LAYER|PREDICTION_LAYER|DATA_LAYER,E:\football_v\05_MODEL_AI\MODEL_LAYER\models\elo_model.py
,PoissonModel,__init__|train|predict,MODEL_LAYER|FEATURE_LAYER|PREDICTION_LAYER|DATA_LAYER,E:\football_v\05_MODEL_AI\MODEL_LAYER\models\poisson_model.py
,XGBoostModel,__init__|train|predict,MODEL_LAYER|FEATURE_LAYER|PREDICTION_LAYER|DATA_LAYER,E:\football_v\05_MODEL_AI\MODEL_LAYER\models\xgboost_model.py
,,,VALUE_LAYER|MODEL_LAYER|RUNTIME_LAYER|DATA_LAYER|PREDICTION_LAYER|FEATURE_LAYER,E:\football_v\05_MODEL_AI\MODEL_LAYER\tests\model_layer_v1.3_full_test.py
,ConfidenceCalculator,calculate,VALUE_LAYER|PREDICTION_LAYER,E:\football_v\06_PREDICTION_ENGINE\confidence_calculator.py
,CorrectScoreCalculator,rank|top_scores,VALUE_LAYER|PREDICTION_LAYER,E:\football_v\06_PREDICTION_ENGINE\correct_score_calculator.py
,GoalDistribution,poisson|generate,MODEL_LAYER|PREDICTION_LAYER,E:\football_v\06_PREDICTION_ENGINE\goal_distribution.py
,MarketProbabilityCompare,compare,MODEL_LAYER|MARKET_LAYER|PREDICTION_LAYER,E:\football_v\06_PREDICTION_ENGINE\market_probability_compare.py
,PredictionInterface,predict|generate_report,PREDICTION_LAYER,E:\football_v\06_PREDICTION_ENGINE\prediction_interface.py
,PredictionRegistry,__init__|register|get|list,RUNTIME_LAYER|PREDICTION_LAYER,E:\football_v\06_PREDICTION_ENGINE\prediction_registry.py
,PredictionRuntime,__init__|start|stop|health_check,RUNTIME_LAYER|PREDICTION_LAYER,E:\football_v\06_PREDICTION_ENGINE\prediction_runtime.py
,PredictionService,__init__|predict|status,MODEL_LAYER|FEATURE_LAYER|DATA_LAYER|PREDICTION_LAYER|RUNTIME_LAYER,E:\football_v\06_PREDICTION_ENGINE\prediction_service.py
,ProbabilityCalibrator,calibrate,VALUE_LAYER|PREDICTION_LAYER,E:\football_v\06_PREDICTION_ENGINE\probability_calibrator.py
,ProbabilityEngine,__init__|calculate|compare_market,VALUE_LAYER|MODEL_LAYER|DATA_LAYER|PREDICTION_LAYER|MARKET_LAYER|RUNTIME_LAYER,E:\football_v\06_PREDICTION_ENGINE\probability_engine.py
,RiskEngine,analyze,VALUE_LAYER|RUNTIME_LAYER|PREDICTION_LAYER,E:\football_v\06_PREDICTION_ENGINE\risk_engine.py
,ScorePredictionEngine,__init__|predict,RUNTIME_LAYER|PREDICTION_LAYER,E:\football_v\06_PREDICTION_ENGINE\score_prediction_engine.py
,ValueAnalyzer,calculate,VALUE_LAYER|MODEL_LAYER|MARKET_LAYER|PREDICTION_LAYER,E:\football_v\06_PREDICTION_ENGINE\value_analyzer.py
,,,VALUE_LAYER|DATA_LAYER|PREDICTION_LAYER|MARKET_LAYER|RUNTIME_LAYER,E:\football_v\06_PREDICTION_ENGINE\tests\prediction_engine_v1.3_full_test.py
,ConnectorManager,list_models,MODEL_LAYER,E:\football_v\06_PREDICTION_INTELLIGENCE_ENGINE\advanced_model_connector\connector_manager.py
,DixonColesConnector,connect,MODEL_LAYER,E:\football_v\06_PREDICTION_INTELLIGENCE_ENGINE\advanced_model_connector\dixon_coles_connector.py
,EloConnector,connect,MODEL_LAYER,E:\football_v\06_PREDICTION_INTELLIGENCE_ENGINE\advanced_model_connector\elo_connector.py
,PoissonConnector,connect,MODEL_LAYER,E:\football_v\06_PREDICTION_INTELLIGENCE_ENGINE\advanced_model_connector\poisson_connector.py
,XGBoostConnector,connect,MODEL_LAYER,E:\football_v\06_PREDICTION_INTELLIGENCE_ENGINE\advanced_model_connector\xgboost_connector.py
,CalibrationEngine,calibrate,VALUE_LAYER|RUNTIME_LAYER,E:\football_v\06_PREDICTION_INTELLIGENCE_ENGINE\confidence_calibration\calibration_engine.py
,Reliability,check,,E:\football_v\06_PREDICTION_INTELLIGENCE_ENGINE\confidence_calibration\reliability.py
,ConfidenceManager,calculate,,E:\football_v\06_PREDICTION_INTELLIGENCE_ENGINE\confidence_engine\confidence_manager.py
,KnockoutExtension,calculate,,E:\football_v\06_PREDICTION_INTELLIGENCE_ENGINE\knockout_extension\knockout_engine.py
,ModelConnector,connect,MODEL_LAYER,E:\football_v\06_PREDICTION_INTELLIGENCE_ENGINE\model_connector\model_connector.py
,PredictionAPI,request,PREDICTION_LAYER|DATA_LAYER,E:\football_v\06_PREDICTION_INTELLIGENCE_ENGINE\prediction_api\api_service.py
,ProbabilityFusion,calculate,MODEL_LAYER|PREDICTION_LAYER|DATA_LAYER,E:\football_v\06_PREDICTION_INTELLIGENCE_ENGINE\probability_engine\probability_fusion.py
,FusionCalculator,calculate,MODEL_LAYER,E:\football_v\06_PREDICTION_INTELLIGENCE_ENGINE\real_probability_engine\fusion_calculator.py
,ProbabilityService,run,RUNTIME_LAYER|PREDICTION_LAYER|DATA_LAYER,E:\football_v\06_PREDICTION_INTELLIGENCE_ENGINE\real_probability_engine\probability_service.py
,RegularTimePrediction,predict,PREDICTION_LAYER|DATA_LAYER,E:\football_v\06_PREDICTION_INTELLIGENCE_ENGINE\regular_time_prediction\prediction_engine.py
,RiskManager,evaluate,VALUE_LAYER,E:\football_v\06_PREDICTION_INTELLIGENCE_ENGINE\risk_engine\risk_manager.py
,ModelConflict,analyze,MODEL_LAYER,E:\football_v\06_PREDICTION_INTELLIGENCE_ENGINE\risk_intelligence_engine\model_conflict.py
,UpsetDetector,detect,,E:\football_v\06_PREDICTION_INTELLIGENCE_ENGINE\risk_intelligence_engine\upset_detector.py
,ScorePredictor,predict,PREDICTION_LAYER|DATA_LAYER,E:\football_v\06_PREDICTION_INTELLIGENCE_ENGINE\score_prediction\score_predictor.py
,ScoreDistribution,calculate,PREDICTION_LAYER,E:\football_v\06_PREDICTION_INTELLIGENCE_ENGINE\score_probability_engine\score_distribution.py
,ScoreService,run,RUNTIME_LAYER|PREDICTION_LAYER|DATA_LAYER,E:\football_v\06_PREDICTION_INTELLIGENCE_ENGINE\score_probability_engine\score_service.py
,FeaturePipeline,process,RUNTIME_LAYER|FEATURE_LAYER|DATA_LAYER,E:\football_v\07_AI_ORCHESTRATION_LAYER\data_pipeline\feature_pipeline.py
,InputManager,load,DATA_LAYER,E:\football_v\07_AI_ORCHESTRATION_LAYER\data_pipeline\input_manager.py
,OutputPipeline,output,RUNTIME_LAYER|DATA_LAYER,E:\football_v\07_AI_ORCHESTRATION_LAYER\data_pipeline\output_pipeline.py
,DecisionService,decide,RUNTIME_LAYER|DATA_LAYER,E:\football_v\07_AI_ORCHESTRATION_LAYER\decision_interface\decision_service.py
,FeedbackReceiver,receive,DATA_LAYER,E:\football_v\07_AI_ORCHESTRATION_LAYER\learning_hook\backup_feedback_receiver_V1.0.py
,ExperienceConnector,connect,,E:\football_v\07_AI_ORCHESTRATION_LAYER\learning_hook\experience_connector.py
"invalid non-printable character U+FEFF (<unknown>, line 1)",,,,E:\football_v\07_AI_ORCHESTRATION_LAYER\learning_hook\feedback_receiver.py
,ModelSelector,select,MODEL_LAYER,E:\football_v\07_AI_ORCHESTRATION_LAYER\model_router\model_selector.py
,ModelRouter,route,MODEL_LAYER|RUNTIME_LAYER,E:\football_v\07_AI_ORCHESTRATION_LAYER\model_router\router.py
,Orchestrator,execute,RUNTIME_LAYER,E:\football_v\07_AI_ORCHESTRATION_LAYER\orchestration_core\orchestrator.py
,PipelineManager,run,RUNTIME_LAYER|DATA_LAYER,E:\football_v\07_AI_ORCHESTRATION_LAYER\orchestration_core\pipeline_manager.py
,TaskScheduler,schedule,DATA_LAYER,E:\football_v\07_AI_ORCHESTRATION_LAYER\orchestration_core\task_scheduler.py
,ReportGenerator,generate,DATA_LAYER,E:\football_v\07_AI_ORCHESTRATION_LAYER\report_engine\report_generator.py
,WorkflowMonitor,check,,E:\football_v\07_AI_ORCHESTRATION_LAYER\workflow_monitor\monitor.py
,StatusTracker,track,,E:\football_v\07_AI_ORCHESTRATION_LAYER\workflow_monitor\status_tracker.py
,AccuracyEvaluator,calculate,VALUE_LAYER|PREDICTION_LAYER,E:\football_v\07_BACKTEST_AI\accuracy_evaluator.py
,BacktestEngine,evaluate|run,VALUE_LAYER|RUNTIME_LAYER|PREDICTION_LAYER|DATA_LAYER,E:\football_v\07_BACKTEST_AI\backtest_engine.py
,BacktestRunner,__init__|execute,RUNTIME_LAYER|DATA_LAYER,E:\football_v\07_BACKTEST_AI\backtest_runner.py
,BettingResultAnalyzer,analyze|win_rate,BETTING_LAYER,E:\football_v\07_BACKTEST_AI\betting_result_analyzer.py
,ConfidenceEvaluator,evaluate|score,VALUE_LAYER|PREDICTION_LAYER,E:\football_v\07_BACKTEST_AI\confidence_evaluator.py
,FeatureFeedback,analyze|suggest,VALUE_LAYER|FEATURE_LAYER|DATA_LAYER,E:\football_v\07_BACKTEST_AI\feature_feedback.py
,HistoricalMatchLoader,load|count,DATA_LAYER,E:\football_v\07_BACKTEST_AI\historical_match_loader.py
,ModelFeedback,analyze_error|generate_feedback,MODEL_LAYER|PREDICTION_LAYER|DATA_LAYER,E:\football_v\07_BACKTEST_AI\model_feedback.py
,OptimizationScheduler,__init__|schedule|upgrade,DATA_LAYER,E:\football_v\07_BACKTEST_AI\optimization_scheduler.py
,PredictionResultLoader,load,PREDICTION_LAYER|DATA_LAYER,E:\football_v\07_BACKTEST_AI\prediction_result_loader.py
,ProbabilityEvaluator,evaluate|calibration_score,VALUE_LAYER|PREDICTION_LAYER,E:\football_v\07_BACKTEST_AI\probability_evaluator.py
,ROITracker,__init__|add_record|calculate,VALUE_LAYER|MODEL_LAYER|BETTING_LAYER,E:\football_v\07_BACKTEST_AI\roi_tracker.py
,StrategyPerformance,evaluate|compare,VALUE_LAYER|FEATURE_LAYER,E:\football_v\07_BACKTEST_AI\strategy_performance.py
,,,VALUE_LAYER|MODEL_LAYER|BETTING_LAYER|RUNTIME_LAYER|DATA_LAYER|PREDICTION_LAYER|FEATURE_LAYER,E:\football_v\07_BACKTEST_AI\tests\backtest_system_v1.3_full_test.py
,BacktestEngine,run,RUNTIME_LAYER|PREDICTION_LAYER,E:\football_v\07_BACKTEST_SYSTEM\backtest_engine\backtest_engine.py
,ClassificationMetrics,run,DATA_LAYER,E:\football_v\07_BACKTEST_SYSTEM\metrics\classification_metrics.py
,ProbabilityMetrics,run,PREDICTION_LAYER|DATA_LAYER,E:\football_v\07_BACKTEST_SYSTEM\metrics\probability_metrics.py
,RiskMetrics,calculate,DATA_LAYER,E:\football_v\07_BACKTEST_SYSTEM\metrics\risk_metrics.py
,ComparisonEngine,compare,RUNTIME_LAYER|DATA_LAYER,E:\football_v\07_BACKTEST_SYSTEM\model_comparison\comparison_engine.py
,Calibration,check,DATA_LAYER,E:\football_v\07_BACKTEST_SYSTEM\model_evaluation\calibration.py
,ModelAccuracy,calculate,MODEL_LAYER|PREDICTION_LAYER,E:\football_v\07_BACKTEST_SYSTEM\model_evaluation\model_accuracy.py
,ProbabilityScore,calculate,PREDICTION_LAYER,E:\football_v\07_BACKTEST_SYSTEM\model_evaluation\probability_score.py
,BacktestSystemTest,run,MODEL_LAYER|RUNTIME_LAYER|PREDICTION_LAYER|DATA_LAYER,E:\football_v\07_BACKTEST_SYSTEM\tests\backtest_system_test.py
,BankrollManager,__init__|update|balance,MODEL_LAYER|BETTING_LAYER,E:\football_v\08_DECISION_ENGINE\bankroll_manager.py
,BetSelectionEngine,__init__|select,VALUE_LAYER|MODEL_LAYER|BETTING_LAYER|PREDICTION_LAYER|MARKET_LAYER|RUNTIME_LAYER,E:\football_v\08_DECISION_ENGINE\bet_selection_engine.py
,DecisionEngine,__init__|decide|health,VALUE_LAYER|BETTING_LAYER|DATA_LAYER|PREDICTION_LAYER|RUNTIME_LAYER,E:\football_v\08_DECISION_ENGINE\decision_engine.py
,DecisionInterface,decide|report,PREDICTION_LAYER,E:\football_v\08_DECISION_ENGINE\decision_interface.py
,DecisionRegistry,__init__|register|get|list,RUNTIME_LAYER,E:\football_v\08_DECISION_ENGINE\decision_registry.py
,DecisionRuntime,__init__|start|stop|health_check,RUNTIME_LAYER,E:\football_v\08_DECISION_ENGINE\decision_runtime.py
,FinalDecisionReport,generate|summary,BETTING_LAYER|PREDICTION_LAYER|DATA_LAYER,E:\football_v\08_DECISION_ENGINE\final_decision_report.py
,PortfolioStrategy,allocate|risk_adjust,,E:\football_v\08_DECISION_ENGINE\portfolio_strategy.py
,RiskControlEngine,analyze,VALUE_LAYER|RUNTIME_LAYER,E:\football_v\08_DECISION_ENGINE\risk_control_engine.py
,StakeCalculator,calculate,VALUE_LAYER|BETTING_LAYER,E:\football_v\08_DECISION_ENGINE\stake_calculator.py
,ValueFilterEngine,calculate_value|check_value,VALUE_LAYER|MODEL_LAYER|PREDICTION_LAYER|MARKET_LAYER|RUNTIME_LAYER,E:\football_v\08_DECISION_ENGINE\value_filter_engine.py
,,,VALUE_LAYER|BETTING_LAYER|RUNTIME_LAYER|DATA_LAYER,E:\football_v\08_DECISION_ENGINE\tests\decision_engine_v1.3_full_test.py
,DecisionEngine,decide,RUNTIME_LAYER|PREDICTION_LAYER,E:\football_v\08_DECISION_INTELLIGENCE_LAYER\decision_core\decision_engine.py
,ExplanationManager,explain,VALUE_LAYER|MODEL_LAYER|FEATURE_LAYER|DATA_LAYER,E:\football_v\08_DECISION_INTELLIGENCE_LAYER\explanation_engine\explanation_manager.py
,FusionExplainer,explain,,E:\football_v\08_DECISION_INTELLIGENCE_LAYER\explanation_engine\fusion_explainer.py
,ModelExplainer,explain,MODEL_LAYER|DATA_LAYER,E:\football_v\08_DECISION_INTELLIGENCE_LAYER\explanation_engine\model_explainer.py
"invalid non-printable character U+FEFF (<unknown>, line 1)",,,,E:\football_v\08_DECISION_INTELLIGENCE_LAYER\feedback_interface\feedback_connector.py
,FeedbackConnector,feedback,DATA_LAYER,E:\football_v\08_DECISION_INTELLIGENCE_LAYER\feedback_interface\backup\feedback_connector_V0.1_backup.py
,FusionAnalyzer,analyze,PREDICTION_LAYER,E:\football_v\08_DECISION_INTELLIGENCE_LAYER\fusion_analysis\fusion_analyzer.py
,HandicapAdapter,connect,MODEL_LAYER|MARKET_LAYER|DATA_LAYER,E:\football_v\08_DECISION_INTELLIGENCE_LAYER\handicap_interface\handicap_adapter.py
,HandicapConnector,connect,MODEL_LAYER|MARKET_LAYER|DATA_LAYER,E:\football_v\08_DECISION_INTELLIGENCE_LAYER\handicap_interface\handicap_connector.py
,MarketRiskAdapter,connect,MODEL_LAYER|MARKET_LAYER|DATA_LAYER,E:\football_v\08_DECISION_INTELLIGENCE_LAYER\market_risk_interface\market_risk_adapter.py
,MarketRiskConnector,connect,MARKET_LAYER|DATA_LAYER,E:\football_v\08_DECISION_INTELLIGENCE_LAYER\market_risk_interface\market_risk_connector.py
,RawOutputManager,collect,MODEL_LAYER,E:\football_v\08_DECISION_INTELLIGENCE_LAYER\raw_output_engine\raw_output_manager.py
,RecommendationEngine,generate,RUNTIME_LAYER,E:\football_v\08_DECISION_INTELLIGENCE_LAYER\recommendation_engine\recommendation.py
,RecommendationManager,generate,DATA_LAYER,E:\football_v\08_DECISION_INTELLIGENCE_LAYER\recommendation_engine\recommendation_manager.py
,DecisionReport,generate,DATA_LAYER,E:\football_v\08_DECISION_INTELLIGENCE_LAYER\report_generator\decision_report.py
,DecisionEngineV24,evaluate,VALUE_LAYER|RUNTIME_LAYER|DATA_LAYER,E:\football_v\08_DECISION_LAYER\engine\decision_engine_V2.4.py
,RecommendationEngine,recommend,BETTING_LAYER|PREDICTION_LAYER|RUNTIME_LAYER,E:\football_v\08_DECISION_LAYER\engine\recommendation_engine.py
,DecisionMonitor,check,DATA_LAYER,E:\football_v\08_DECISION_LAYER\monitor\decision_monitor.py
,DecisionService,run,RUNTIME_LAYER|DATA_LAYER,E:\football_v\08_DECISION_LAYER\service\decision_service.py
,AutoReportGenerator,__init__|create_match_report|create_model_report|create_roi_report|export|summary,VALUE_LAYER|MODEL_LAYER|PREDICTION_LAYER|DATA_LAYER,E:\football_v\09_AI_ORCHESTRATION_LAYER\auto_report_generator.py
,ModelRouter,__init__|register_model|route|list_models,MODEL_LAYER|RUNTIME_LAYER,E:\football_v\09_AI_ORCHESTRATION_LAYER\model_router.py
,OrchestrationInterface,execute|status,,E:\football_v\09_AI_ORCHESTRATION_LAYER\orchestration_interface.py
,PipelineController,__init__|add_module|execute|info,RUNTIME_LAYER|DATA_LAYER,E:\football_v\09_AI_ORCHESTRATION_LAYER\pipeline_controller.py
,SystemHealthMonitor,__init__|register|check|overall_status,VALUE_LAYER|DATA_LAYER,E:\football_v\09_AI_ORCHESTRATION_LAYER\system_health_monitor.py
,TaskScheduler,__init__|register|schedule,,E:\football_v\09_AI_ORCHESTRATION_LAYER\task_scheduler.py
,WorkflowEngine,__init__|add_step|run,RUNTIME_LAYER,E:\football_v\09_AI_ORCHESTRATION_LAYER\workflow_engine.py
,,,MODEL_LAYER|RUNTIME_LAYER|DATA_LAYER,E:\football_v\09_AI_ORCHESTRATION_LAYER\tests\orchestration_layer_v1.3_full_test.py
,DecisionAPI,decision,RUNTIME_LAYER|DATA_LAYER,E:\football_v\09_APPLICATION_LAYER\api\decision_api.py
,PredictionAPI,predict,RUNTIME_LAYER|PREDICTION_LAYER|DATA_LAYER,E:\football_v\09_APPLICATION_LAYER\api\prediction_api.py
,MatchAnalysis,analyze,,E:\football_v\09_APPLICATION_LAYER\interface\match_analysis.py
,FootballAIService,run,RUNTIME_LAYER|DATA_LAYER,E:\football_v\09_APPLICATION_LAYER\service\football_ai_service.py
,DixonColesExplainer,explain,MODEL_LAYER|FEATURE_LAYER|PREDICTION_LAYER|DATA_LAYER,E:\football_v\09_MODEL_EXPLANATION_ENGINE\dixon_coles_explainer\dixon_coles_explainer.py
,EloExplainer,explain,MODEL_LAYER|FEATURE_LAYER|DATA_LAYER,E:\football_v\09_MODEL_EXPLANATION_ENGINE\elo_explainer\elo_explainer.py
,ExplanationReport,generate,DATA_LAYER,E:\football_v\09_MODEL_EXPLANATION_ENGINE\explanation_report\report_generator.py
,FusionExplainer,explain,MODEL_LAYER|PREDICTION_LAYER|DATA_LAYER,E:\football_v\09_MODEL_EXPLANATION_ENGINE\fusion_explainer\fusion_explainer.py
,PoissonExplainer,explain,MODEL_LAYER|PREDICTION_LAYER|DATA_LAYER,E:\football_v\09_MODEL_EXPLANATION_ENGINE\poisson_explainer\poisson_explainer.py
,XGBoostExplainer,explain,MODEL_LAYER|FEATURE_LAYER|DATA_LAYER,E:\football_v\09_MODEL_EXPLANATION_ENGINE\xgboost_explainer\xgboost_explainer.py
,ModelResultAdapter,adapt,MODEL_LAYER,E:\football_v\09_Prediction_System\model_result_adapter.py
,PredictionHistory,__init__|save,PREDICTION_LAYER|FEATURE_LAYER|DATA_LAYER,E:\football_v\09_Prediction_System\prediction_history.py
,PredictionMonitor,check,PREDICTION_LAYER,E:\football_v\09_Prediction_System\prediction_monitor.py
,PredictionPipeline,run,RUNTIME_LAYER|PREDICTION_LAYER,E:\football_v\09_Prediction_System\prediction_pipeline.py
,PredictionReportGenerator,generate,PREDICTION_LAYER|DATA_LAYER,E:\football_v\09_Prediction_System\prediction_report_generator.py
,PredictionServiceAdapter,execute,RUNTIME_LAYER|PREDICTION_LAYER|DATA_LAYER,E:\football_v\09_Prediction_System\prediction_service_adapter.py
,ProbabilityAdapter,normalize,PREDICTION_LAYER,E:\football_v\09_Prediction_System\probability_adapter.py
,ScoreAdapter,calculate,PREDICTION_LAYER|DATA_LAYER,E:\football_v\09_Prediction_System\score_adapter.py
,,test_adapter,MODEL_LAYER,E:\football_v\09_Prediction_System\tests\test_phase2_adapter.py
,,test_prediction,RUNTIME_LAYER|PREDICTION_LAYER,E:\football_v\09_Prediction_System\tests\test_prediction_system.py
,,,,E:\football_v\100_FINAL_MATCH_DECISION_SYSTEM\module.py
,,,VALUE_LAYER|RUNTIME_LAYER,E:\football_v\100_SELF_EVOLUTION_ENGINE\module.py
,,,MARKET_LAYER|RUNTIME_LAYER,E:\football_v\101_REAL_MARKET_INTELLIGENCE_ENGINE\module.py
,,,MARKET_LAYER|RUNTIME_LAYER,E:\football_v\102_ODDS_MOVEMENT_ANALYSIS_ENGINE\module.py
,,,MARKET_LAYER|RUNTIME_LAYER,E:\football_v\103_CAPITAL_FLOW_TRACKING_ENGINE\module.py
,,,MARKET_LAYER|RUNTIME_LAYER,E:\football_v\104_MARKET_SENTIMENT_FUSION_ENGINE\module.py
,,,VALUE_LAYER|MARKET_LAYER|RUNTIME_LAYER,E:\football_v\105_HANDICAP_VALUE_DECISION_ENGINE\module.py
,,,MARKET_LAYER|FEATURE_LAYER|RUNTIME_LAYER,E:\football_v\106_REAL_ODDS_HISTORY_ENGINE\module.py
,,,MARKET_LAYER|RUNTIME_LAYER,E:\football_v\107_MARKET_PATTERN_RECOGNITION_ENGINE\module.py
,,,MARKET_LAYER|RUNTIME_LAYER,E:\football_v\108_SMART_HANDICAP_ENGINE\module.py
,,,VALUE_LAYER|BETTING_LAYER|RUNTIME_LAYER,E:\football_v\109_VALUE_BET_SELECTION_ENGINE\module.py
,AdaptiveParameterLearning,generate_suggestion,VALUE_LAYER|MODEL_LAYER,E:\football_v\10_AI_AUTONOMOUS_ENGINE\adaptive_parameter_learning.py
,AdaptiveStrategySelector,select,,E:\football_v\10_AI_AUTONOMOUS_ENGINE\adaptive_strategy_selector.py
,AIStrategyReasoningEngine,analyze,RUNTIME_LAYER|DATA_LAYER,E:\football_v\10_AI_AUTONOMOUS_ENGINE\ai_strategy_reasoning_engine.py
,ApprovalWorkflow,update,,E:\football_v\10_AI_AUTONOMOUS_ENGINE\approval_workflow.py
,ArchitectureHealthChecker,check,DATA_LAYER,E:\football_v\10_AI_AUTONOMOUS_ENGINE\architecture_health_checker.py
,AutonomousEngine,__init__|run,VALUE_LAYER|RUNTIME_LAYER|DATA_LAYER,E:\football_v\10_AI_AUTONOMOUS_ENGINE\autonomous_engine_v2.py
"invalid non-printable character U+FEFF (<unknown>, line 1)",,,,E:\football_v\10_AI_AUTONOMOUS_ENGINE\autonomous_engine_v3.py
,AutoExperimentEngine,run,RUNTIME_LAYER,E:\football_v\10_AI_AUTONOMOUS_ENGINE\auto_experiment_engine.py
,AutoRecoveryManager,recover,,E:\football_v\10_AI_AUTONOMOUS_ENGINE\auto_recovery_manager.py
,AutoUpgradeManager,create_upgrade_candidate|submit_validation|release,MODEL_LAYER,E:\football_v\10_AI_AUTONOMOUS_ENGINE\auto_upgrade_manager.py
,ChangeRiskAssessor,assess,VALUE_LAYER|MODEL_LAYER|DATA_LAYER|PREDICTION_LAYER|FEATURE_LAYER,E:\football_v\10_AI_AUTONOMOUS_ENGINE\change_risk_assessor.py
,ContinuousImprovementEngine,improve,RUNTIME_LAYER|DATA_LAYER,E:\football_v\10_AI_AUTONOMOUS_ENGINE\continuous_improvement_engine.py
,DecisionLogger,log,MODEL_LAYER,E:\football_v\10_AI_AUTONOMOUS_ENGINE\decision_logger.py
,DecisionQualityAnalyzer,analyze,PREDICTION_LAYER,E:\football_v\10_AI_AUTONOMOUS_ENGINE\decision_quality_analyzer.py
,DependencyValidator,validate,,E:\football_v\10_AI_AUTONOMOUS_ENGINE\dependency_validator.py
,DynamicWeightAdjuster,calculate,VALUE_LAYER|MODEL_LAYER|FEATURE_LAYER,E:\football_v\10_AI_AUTONOMOUS_ENGINE\dynamic_weight_adjuster.py
,ErrorAnalysisEngine,analyze|calculate_error|generate_report,RUNTIME_LAYER|PREDICTION_LAYER|DATA_LAYER,E:\football_v\10_AI_AUTONOMOUS_ENGINE\error_analysis_engine.py
,ErrorRateCalculator,calculate,,E:\football_v\10_AI_AUTONOMOUS_ENGINE\error_rate_calculator.py
,ErrorTrendDetector,detect,,E:\football_v\10_AI_AUTONOMOUS_ENGINE\error_trend_detector.py
,EvolutionController,__init__|start_evolution|finish,VALUE_LAYER,E:\football_v\10_AI_AUTONOMOUS_ENGINE\evolution_controller.py
,EvolutionDecisionBrain,decide,VALUE_LAYER|PREDICTION_LAYER|DATA_LAYER,E:\football_v\10_AI_AUTONOMOUS_ENGINE\evolution_decision_brain.py
,EvolutionGovernanceManager,__init__|submit_upgrade|approve,VALUE_LAYER|DATA_LAYER,E:\football_v\10_AI_AUTONOMOUS_ENGINE\evolution_governance_manager.py
,EvolutionIntelligenceEngine,__init__|analyze|get_history,VALUE_LAYER|FEATURE_LAYER|DATA_LAYER|PREDICTION_LAYER|RUNTIME_LAYER,E:\football_v\10_AI_AUTONOMOUS_ENGINE\evolution_intelligence_engine.py
,EvolutionKnowledgeReasoner,reason,VALUE_LAYER,E:\football_v\10_AI_AUTONOMOUS_ENGINE\evolution_knowledge_reasoner.py
,EvolutionMemory,__init__|store|query,VALUE_LAYER|DATA_LAYER,E:\football_v\10_AI_AUTONOMOUS_ENGINE\evolution_memory.py
,EvolutionMemoryIndex,__init__|add_record|search,VALUE_LAYER|DATA_LAYER,E:\football_v\10_AI_AUTONOMOUS_ENGINE\evolution_memory_index.py
,EvolutionPatternAnalyzer,analyze,VALUE_LAYER,E:\football_v\10_AI_AUTONOMOUS_ENGINE\evolution_pattern_analyzer.py
,EvolutionReportGenerator,generate,VALUE_LAYER|RUNTIME_LAYER|DATA_LAYER,E:\football_v\10_AI_AUTONOMOUS_ENGINE\evolution_report_generator.py
,ExperiencePatternMiner,mine,DATA_LAYER,E:\football_v\10_AI_AUTONOMOUS_ENGINE\experience_pattern_miner.py
,ExperienceRepository,__init__|save|all,,E:\football_v\10_AI_AUTONOMOUS_ENGINE\experience_repository.py
,FailurePredictionEngine,predict,RUNTIME_LAYER|PREDICTION_LAYER|DATA_LAYER,E:\football_v\10_AI_AUTONOMOUS_ENGINE\failure_prediction_engine.py
,FeatureSelfOptimizer,analyze,VALUE_LAYER|FEATURE_LAYER,E:\football_v\10_AI_AUTONOMOUS_ENGINE\feature_self_optimizer.py
,FootballReasoningCore,reason,DATA_LAYER,E:\football_v\10_AI_AUTONOMOUS_ENGINE\football_reasoning_core.py
,FutureRiskSimulator,predict,PREDICTION_LAYER|DATA_LAYER,E:\football_v\10_AI_AUTONOMOUS_ENGINE\future_risk_simulator.py
,HistoricalCaseAnalyzer,analyze,,E:\football_v\10_AI_AUTONOMOUS_ENGINE\historical_case_analyzer.py
,HumanApprovalGate,check,,E:\football_v\10_AI_AUTONOMOUS_ENGINE\human_approval_gate_v2.py
,HumanApprovalManager,create_request|approve|reject,,E:\football_v\10_AI_AUTONOMOUS_ENGINE\human_approval_manager.py
,HumanApproval,__init__|check,DATA_LAYER,E:\football_v\10_AI_AUTONOMOUS_ENGINE\human_approval_v1.py
,HumanDashboardAPI,get_status|get_pending_tasks,,E:\football_v\10_AI_AUTONOMOUS_ENGINE\human_dashboard_api.py
,IntelligenceConnector,feedback,DATA_LAYER,E:\football_v\10_AI_AUTONOMOUS_ENGINE\intelligence_connector.py
,IntelligentTaskAllocator,allocate,,E:\football_v\10_AI_AUTONOMOUS_ENGINE\intelligent_task_allocator.py
,KnowledgeGraphBuilder,__init__|add_node|graph,VALUE_LAYER,E:\football_v\10_AI_AUTONOMOUS_ENGINE\knowledge_graph_builder.py
,KnowledgeRelationEngine,connect,RUNTIME_LAYER,E:\football_v\10_AI_AUTONOMOUS_ENGINE\knowledge_relation_engine.py
,KnowledgeRetrievalEngine,retrieve,VALUE_LAYER|RUNTIME_LAYER,E:\football_v\10_AI_AUTONOMOUS_ENGINE\knowledge_retrieval_engine.py
,KnowledgeSnapshot,create,DATA_LAYER,E:\football_v\10_AI_AUTONOMOUS_ENGINE\knowledge_snapshot.py
,LearningCycleManager,__init__|create_cycle|history,FEATURE_LAYER,E:\football_v\10_AI_AUTONOMOUS_ENGINE\learning_cycle_manager.py
,LearningEffectTracker,__init__|track|history,VALUE_LAYER|FEATURE_LAYER,E:\football_v\10_AI_AUTONOMOUS_ENGINE\learning_effect_tracker.py
,MarketReasoningEngine,analyze,MARKET_LAYER|RUNTIME_LAYER,E:\football_v\10_AI_AUTONOMOUS_ENGINE\market_reasoning_engine.py
,ModelChangeTracker,__init__|record|history,MODEL_LAYER|FEATURE_LAYER,E:\football_v\10_AI_AUTONOMOUS_ENGINE\model_change_tracker.py
,ModelSelfOptimizer,analyze,MODEL_LAYER,E:\football_v\10_AI_AUTONOMOUS_ENGINE\model_self_optimizer.py
,ModuleConsistencyChecker,check,,E:\football_v\10_AI_AUTONOMOUS_ENGINE\module_consistency_checker.py
,MonthlyPerformanceAnalyzer,analyze,VALUE_LAYER|FEATURE_LAYER,E:\football_v\10_AI_AUTONOMOUS_ENGINE\monthly_performance_analyzer.py
,MultiCycleLearningEngine,__init__|add_learning_result|analyze_cycle,RUNTIME_LAYER|DATA_LAYER,E:\football_v\10_AI_AUTONOMOUS_ENGINE\multi_cycle_learning_engine.py
,OptimizationHistory,__init__|add_record|get_history,MODEL_LAYER|FEATURE_LAYER,E:\football_v\10_AI_AUTONOMOUS_ENGINE\optimization_history.py
,OptimizationPriorityEngine,rank,VALUE_LAYER|RUNTIME_LAYER,E:\football_v\10_AI_AUTONOMOUS_ENGINE\optimization_priority_engine.py
,OptimizationResultPredictor,predict,PREDICTION_LAYER|DATA_LAYER,E:\football_v\10_AI_AUTONOMOUS_ENGINE\optimization_result_predictor.py
,OptimizationStrategyGenerator,generate,DATA_LAYER,E:\football_v\10_AI_AUTONOMOUS_ENGINE\optimization_strategy_generator.py
,OptimizationSuggestionEngine,generate,RUNTIME_LAYER,E:\football_v\10_AI_AUTONOMOUS_ENGINE\optimization_suggestion_engine.py
,OptimizationSuggestion,__init__|generate,RUNTIME_LAYER|DATA_LAYER,E:\football_v\10_AI_AUTONOMOUS_ENGINE\optimization_suggestion_v1.py
,ParameterEffectAnalyzer,analyze,VALUE_LAYER,E:\football_v\10_AI_AUTONOMOUS_ENGINE\parameter_effect_analyzer.py
,ParameterTuner,generate,MODEL_LAYER,E:\football_v\10_AI_AUTONOMOUS_ENGINE\parameter_tuner.py
,PredictionExplanationEngine,explain,VALUE_LAYER|RUNTIME_LAYER|PREDICTION_LAYER|MARKET_LAYER|FEATURE_LAYER,E:\football_v\10_AI_AUTONOMOUS_ENGINE\prediction_explanation_engine.py
,ReleaseValidator,validate,VALUE_LAYER,E:\football_v\10_AI_AUTONOMOUS_ENGINE\release_validator.py
,RiskGate,evaluate,VALUE_LAYER,E:\football_v\10_AI_AUTONOMOUS_ENGINE\risk_gate.py
,RollbackManager,__init__|save_version|rollback,VALUE_LAYER,E:\football_v\10_AI_AUTONOMOUS_ENGINE\rollback_manager.py
,SafeUpgradeExecutor,execute,RUNTIME_LAYER,E:\football_v\10_AI_AUTONOMOUS_ENGINE\safe_upgrade_executor.py
,ScenarioTestGenerator,generate,,E:\football_v\10_AI_AUTONOMOUS_ENGINE\scenario_test_generator.py
,SelfAuditEngine,audit,RUNTIME_LAYER,E:\football_v\10_AI_AUTONOMOUS_ENGINE\self_audit_engine.py
,StrategyConfidenceEvaluator,evaluate,VALUE_LAYER,E:\football_v\10_AI_AUTONOMOUS_ENGINE\strategy_confidence_evaluator.py
,StrategyEvolutionManager,__init__|evaluate|recommend,VALUE_LAYER|FEATURE_LAYER,E:\football_v\10_AI_AUTONOMOUS_ENGINE\strategy_evolution_manager.py
,StrategySelectionEngine,select,RUNTIME_LAYER|PREDICTION_LAYER,E:\football_v\10_AI_AUTONOMOUS_ENGINE\strategy_selection_engine.py
"invalid non-printable character U+FEFF (<unknown>, line 1)",,,,E:\football_v\10_AI_AUTONOMOUS_ENGINE\system_brain.py
,SystemRestoreManager,restore,DATA_LAYER,E:\football_v\10_AI_AUTONOMOUS_ENGINE\system_restore_manager.py
,TacticalReasoningEngine,analyze,RUNTIME_LAYER,E:\football_v\10_AI_AUTONOMOUS_ENGINE\tactical_reasoning_engine.py
,TimeWindowAnalyzer,analyze,FEATURE_LAYER|DATA_LAYER,E:\football_v\10_AI_AUTONOMOUS_ENGINE\time_window_analyzer.py
,UpgradeDecisionEngine,decide,VALUE_LAYER|RUNTIME_LAYER|PREDICTION_LAYER|DATA_LAYER,E:\football_v\10_AI_AUTONOMOUS_ENGINE\upgrade_decision_engine.py
,UpgradeHistoryRepository,__init__|save|all,FEATURE_LAYER,E:\football_v\10_AI_AUTONOMOUS_ENGINE\upgrade_history_repository.py
,UpgradePolicyManager,check_policy,,E:\football_v\10_AI_AUTONOMOUS_ENGINE\upgrade_policy_manager.py
,UpgradeSimulationEngine,simulate,RUNTIME_LAYER|PREDICTION_LAYER,E:\football_v\10_AI_AUTONOMOUS_ENGINE\upgrade_simulation_engine.py
,VersionControlManager,__init__|save_version|history,FEATURE_LAYER,E:\football_v\10_AI_AUTONOMOUS_ENGINE\version_control_manager.py
,VirtualValidationEngine,validate,RUNTIME_LAYER|DATA_LAYER,E:\football_v\10_AI_AUTONOMOUS_ENGINE\virtual_validation_engine.py
,WeeklyEvolutionAnalyzer,analyze|calculate_error,VALUE_LAYER,E:\football_v\10_AI_AUTONOMOUS_ENGINE\weekly_evolution_analyzer.py
,,,RUNTIME_LAYER,E:\football_v\10_AI_AUTONOMOUS_ENGINE\autonomous_engine_hil_v1\__init__.py
,,check_file|run_test,VALUE_LAYER|RUNTIME_LAYER|DATA_LAYER,E:\football_v\10_AI_AUTONOMOUS_ENGINE\tests\autonomous_engine_hil_v1_0_full_test.py
,,,VALUE_LAYER|MODEL_LAYER|FEATURE_LAYER|DATA_LAYER|RUNTIME_LAYER,E:\football_v\10_AI_AUTONOMOUS_ENGINE\tests\autonomous_engine_v1_4_full_test.py
,,,VALUE_LAYER|RUNTIME_LAYER|DATA_LAYER,E:\football_v\10_AI_AUTONOMOUS_ENGINE\tests\autonomous_engine_v1_6_full_test.py
,,,VALUE_LAYER|RUNTIME_LAYER|FEATURE_LAYER|DATA_LAYER,E:\football_v\10_AI_AUTONOMOUS_ENGINE\tests\autonomous_engine_v1_8_full_test.py
,,,VALUE_LAYER|RUNTIME_LAYER|DATA_LAYER,E:\football_v\10_AI_AUTONOMOUS_ENGINE\tests\autonomous_engine_v2_2_batch_full_test.py
,,,VALUE_LAYER|RUNTIME_LAYER|PREDICTION_LAYER|DATA_LAYER,E:\football_v\10_AI_AUTONOMOUS_ENGINE\tests\autonomous_engine_v2_4_batch_full_test.py
,,,VALUE_LAYER|RUNTIME_LAYER|PREDICTION_LAYER|DATA_LAYER,E:\football_v\10_AI_AUTONOMOUS_ENGINE\tests\autonomous_engine_v2_6_batch_full_test.py
,,,VALUE_LAYER|RUNTIME_LAYER|PREDICTION_LAYER|DATA_LAYER,E:\football_v\10_AI_AUTONOMOUS_ENGINE\tests\autonomous_engine_v2_8_batch_full_test.py
,,,VALUE_LAYER|DATA_LAYER|PREDICTION_LAYER|MARKET_LAYER|RUNTIME_LAYER,E:\football_v\10_AI_AUTONOMOUS_ENGINE\tests\autonomous_engine_v3_0_batch_full_test.py
,,,RUNTIME_LAYER|DATA_LAYER,E:\football_v\10_AI_AUTONOMOUS_ENGINE\tests\compile_check.py
,,pytest_collect_file,RUNTIME_LAYER,E:\football_v\10_AI_AUTONOMOUS_ENGINE\tests\conftest.py
,,check,VALUE_LAYER|RUNTIME_LAYER|DATA_LAYER,E:\football_v\10_AI_AUTONOMOUS_ENGINE\tests\human_approval_v1_2_full_test.py
,,check|test,VALUE_LAYER|MODEL_LAYER|FEATURE_LAYER|DATA_LAYER|RUNTIME_LAYER,E:\football_v\10_AI_AUTONOMOUS_ENGINE\tests\optimization_suggestion_v1_1_full_test.py
,,test_autonomous_v2|test_autonomous_v3|test_human|test_optimizer,VALUE_LAYER|RUNTIME_LAYER|DATA_LAYER,E:\football_v\10_AI_AUTONOMOUS_ENGINE\tests\test_autonomous_compatibility.py
,,test_connector,DATA_LAYER,E:\football_v\10_AI_AUTONOMOUS_ENGINE\tests\test_phase2_connection.py
"invalid non-printable character U+FEFF (<unknown>, line 1)",,,,E:\football_v\10_AI_AUTONOMOUS_ENGINE\tests\test_phase2_full_system.py
,IntegrationService,health,RUNTIME_LAYER|DATA_LAYER,E:\football_v\10_INTEGRATION_LAYER\service\integration_service.py
,,,MODEL_LAYER|RUNTIME_LAYER|DATA_LAYER|PREDICTION_LAYER|MARKET_LAYER|FEATURE_LAYER,E:\football_v\10_INTEGRATION_LAYER\test\full_pipeline_test.py
,,,MODEL_LAYER,E:\football_v\10_INTEGRATION_LAYER\test\model_connection_test.py
,HandicapEngine,analyze,MODEL_LAYER|MARKET_LAYER|RUNTIME_LAYER|DATA_LAYER,E:\football_v\10_MARKET_INTELLIGENCE_LAYER\handicap_model\handicap_engine.py
,MarketReport,generate,MARKET_LAYER|DATA_LAYER,E:\football_v\10_MARKET_INTELLIGENCE_LAYER\market_report\market_report.py
,MarketRiskEngine,analyze,MODEL_LAYER|MARKET_LAYER|RUNTIME_LAYER|DATA_LAYER,E:\football_v\10_MARKET_INTELLIGENCE_LAYER\market_risk_model\risk_engine.py
,SentimentEngine,analyze,MARKET_LAYER|RUNTIME_LAYER|DATA_LAYER,E:\football_v\10_MARKET_INTELLIGENCE_LAYER\market_sentiment_engine\sentiment.py
,MoneyFlowEngine,analyze,MARKET_LAYER|RUNTIME_LAYER|DATA_LAYER,E:\football_v\10_MARKET_INTELLIGENCE_LAYER\money_flow_engine\money_flow.py
,OddsAnalyzer,analyze,MARKET_LAYER|DATA_LAYER,E:\football_v\10_MARKET_INTELLIGENCE_LAYER\odds_analysis\odds_analyzer.py
,RiskAdjuster,adjust,PREDICTION_LAYER,E:\football_v\10_MARKET_INTELLIGENCE_LAYER\risk_adjustment_engine\risk_adjuster.py
,,,MARKET_LAYER|RUNTIME_LAYER,E:\football_v\110_FINAL_MARKET_DECISION_ENGINE\module.py
,,,RUNTIME_LAYER|FEATURE_LAYER,E:\football_v\111_ADVANCED_FEATURE_ENGINE\module.py
,,,VALUE_LAYER|RUNTIME_LAYER|FEATURE_LAYER,E:\football_v\112_TEAM_STRENGTH_EVOLUTION_ENGINE\module.py
,,,RUNTIME_LAYER,E:\football_v\113_PLAYER_IMPACT_ANALYSIS_ENGINE\module.py
,,,RUNTIME_LAYER,E:\football_v\114_MATCH_CONTEXT_ENGINE\module.py
,,,RUNTIME_LAYER|PREDICTION_LAYER,E:\football_v\115_AI_FORECAST_ENHANCEMENT_ENGINE\module.py
,,,RUNTIME_LAYER|PREDICTION_LAYER,E:\football_v\116_REAL_MATCH_PIPELINE\module.py
,,,PREDICTION_LAYER|FEATURE_LAYER,E:\football_v\117_FEATURE_AUTO_GENERATOR\module.py
,,,MODEL_LAYER|RUNTIME_LAYER|PREDICTION_LAYER,E:\football_v\118_MODEL_INFERENCE_SERVICE\module.py
,,,RUNTIME_LAYER|PREDICTION_LAYER,E:\football_v\119_PREDICTION_OUTPUT_SERVICE\module.py
,APIGateway,receive,DATA_LAYER,E:\football_v\11_AI_ORCHESTRATION_LAYER\api_gateway\gateway.py
,DataRouter,route,RUNTIME_LAYER|DATA_LAYER,E:\football_v\11_AI_ORCHESTRATION_LAYER\data_router\data_router.py
,DecisionRouter,route,RUNTIME_LAYER|DATA_LAYER,E:\football_v\11_AI_ORCHESTRATION_LAYER\decision_router\decision_router.py
,Logger,write,,E:\football_v\11_AI_ORCHESTRATION_LAYER\logging_center\logger.py
,ModelScheduler,schedule,MODEL_LAYER|DATA_LAYER,E:\football_v\11_AI_ORCHESTRATION_LAYER\model_scheduler\scheduler.py
,Orchestrator,run,DATA_LAYER,E:\football_v\11_AI_ORCHESTRATION_LAYER\orchestrator_core\orchestrator.py
,PipelineManager,execute,RUNTIME_LAYER|DATA_LAYER,E:\football_v\11_AI_ORCHESTRATION_LAYER\pipeline_manager\pipeline.py
,WorkflowEngine,start,RUNTIME_LAYER,E:\football_v\11_AI_ORCHESTRATION_LAYER\workflow_engine\workflow.py
"invalid non-printable character U+FEFF (<unknown>, line 1)",,,,E:\football_v\11_SIMULATION_LAYER\engine\match_simulation_engine_V2.7.1.py
"invalid non-printable character U+FEFF (<unknown>, line 1)",,,,E:\football_v\11_SIMULATION_LAYER\engine\match_simulation_engine_V2.7.py
,AccuracyReport,generate,DATA_LAYER,E:\football_v\11_System_Intelligence\accuracy_report.py
,AdaptiveFeedback,analyze,DATA_LAYER,E:\football_v\11_System_Intelligence\adaptive_feedback.py
,AgentFusionEngine,fuse,RUNTIME_LAYER,E:\football_v\11_System_Intelligence\agent_fusion_engine.py
,AgentManager,__init__|register|run,DATA_LAYER,E:\football_v\11_System_Intelligence\agent_manager.py
,AIPredictionOS,run,PREDICTION_LAYER|DATA_LAYER,E:\football_v\11_System_Intelligence\ai_prediction_os.py
,BacktestEngine,run,RUNTIME_LAYER,E:\football_v\11_System_Intelligence\backtest_engine.py
,BankrollManager,manage,BETTING_LAYER,E:\football_v\11_System_Intelligence\bankroll_manager.py
,BeiDanEngine,analyze,VALUE_LAYER|RUNTIME_LAYER|DATA_LAYER,E:\football_v\11_System_Intelligence\beidan_engine.py
,BettingRecommendationEngine,recommend,BETTING_LAYER|RUNTIME_LAYER|DATA_LAYER,E:\football_v\11_System_Intelligence\betting_recommendation_engine.py
,BetStrategyEngine,decide,VALUE_LAYER|BETTING_LAYER|RUNTIME_LAYER|DATA_LAYER,E:\football_v\11_System_Intelligence\bet_strategy_engine.py
,CapitalFlowEngine,analyze,MARKET_LAYER|RUNTIME_LAYER|DATA_LAYER,E:\football_v\11_System_Intelligence\capital_flow_engine.py
,CapitalSentiment,analyze,MARKET_LAYER,E:\football_v\11_System_Intelligence\capital_sentiment.py
,ConfidenceCalibrator,calibrate,VALUE_LAYER,E:\football_v\11_System_Intelligence\confidence_calibrator.py
,ConfidenceEngine,calculate,RUNTIME_LAYER|PREDICTION_LAYER,E:\football_v\11_System_Intelligence\confidence_engine.py
,ConfidenceTracker,__init__|add,VALUE_LAYER|FEATURE_LAYER,E:\football_v\11_System_Intelligence\confidence_tracker.py
,DecisionAPI,execute,DATA_LAYER,E:\football_v\11_System_Intelligence\decision_api.py
,DecisionContext,__init__|update|get,VALUE_LAYER|MODEL_LAYER,E:\football_v\11_System_Intelligence\decision_context.py
,DecisionFusion,__init__|calculate,MODEL_LAYER|RUNTIME_LAYER|DATA_LAYER,E:\football_v\11_System_Intelligence\decision_fusion.py
,DecisionMemory,__init__|save|history,FEATURE_LAYER|DATA_LAYER,E:\football_v\11_System_Intelligence\decision_memory.py
,DecisionReasoner,__init__|decide,RUNTIME_LAYER|DATA_LAYER,E:\football_v\11_System_Intelligence\decision_reasoner.py
,DixonColesModel,adjust,MODEL_LAYER|DATA_LAYER,E:\football_v\11_System_Intelligence\dixon_coles_model.py
,DixonColesTrainer,train,MODEL_LAYER|DATA_LAYER,E:\football_v\11_System_Intelligence\dixon_coles_trainer.py
,DynamicWeightEngine,update,MODEL_LAYER|RUNTIME_LAYER|DATA_LAYER,E:\football_v\11_System_Intelligence\dynamic_weight_engine.py
,EloEngine,calculate,MODEL_LAYER|RUNTIME_LAYER|PREDICTION_LAYER,E:\football_v\11_System_Intelligence\elo_engine.py
,EloTrainer,train,MODEL_LAYER|DATA_LAYER,E:\football_v\11_System_Intelligence\elo_trainer.py
,ErrorAnalysisEngine,analyze,RUNTIME_LAYER,E:\football_v\11_System_Intelligence\error_analysis_engine.py
,EvolutionEngine,__init__|evolve,VALUE_LAYER|PREDICTION_LAYER|RUNTIME_LAYER|FEATURE_LAYER,E:\football_v\11_System_Intelligence\evolution_engine.py
,EvolutionMemory,__init__|store|latest,VALUE_LAYER|DATA_LAYER,E:\football_v\11_System_Intelligence\evolution_memory.py
,FatigueEngine,calculate,RUNTIME_LAYER|FEATURE_LAYER|DATA_LAYER,E:\football_v\11_System_Intelligence\fatigue_engine.py
,FeatureEngineering,build,RUNTIME_LAYER|FEATURE_LAYER,E:\football_v\11_System_Intelligence\feature_engineering.py
,FeedbackMemory,__init__|add|count,DATA_LAYER,E:\football_v\11_System_Intelligence\feedback_memory.py
,FootballAIReport,create,DATA_LAYER,E:\football_v\11_System_Intelligence\football_ai_report.py
,FootballAIRuntime,start,RUNTIME_LAYER,E:\football_v\11_System_Intelligence\football_ai_runtime.py
,FormAnalysisEngine,analyze,RUNTIME_LAYER|FEATURE_LAYER|DATA_LAYER,E:\football_v\11_System_Intelligence\form_analysis_engine.py
,HandicapTrapDetector,detect,MARKET_LAYER|DATA_LAYER,E:\football_v\11_System_Intelligence\handicap_trap_detector.py
,HistoricalMatchLoader,load,DATA_LAYER,E:\football_v\11_System_Intelligence\historical_match_loader.py
,HomeAwayEngine,analyze,RUNTIME_LAYER|DATA_LAYER,E:\football_v\11_System_Intelligence\home_away_engine.py
,InjuryEngine,analyze,RUNTIME_LAYER|DATA_LAYER,E:\football_v\11_System_Intelligence\injury_engine.py
"invalid non-printable character U+FEFF (<unknown>, line 1)",,,,E:\football_v\11_System_Intelligence\intelligence_controller.py
,IntelligenceFeedbackLoop,__init__|record|size,FEATURE_LAYER|DATA_LAYER,E:\football_v\11_System_Intelligence\intelligence_feedback_loop.py
,IntelligenceFusionEngine,fuse,MODEL_LAYER|RUNTIME_LAYER|PREDICTION_LAYER,E:\football_v\11_System_Intelligence\intelligence_fusion_engine.py
,IntelligenceMemory,__init__|save,DATA_LAYER,E:\football_v\11_System_Intelligence\intelligence_memory.py
,IntelligenceReport,generate,DATA_LAYER,E:\football_v\11_System_Intelligence\intelligence_report.py
,IntelligenceRouter,route,RUNTIME_LAYER,E:\football_v\11_System_Intelligence\intelligence_router.py
,IntelligenceScheduler,__init__|register|run,,E:\football_v\11_System_Intelligence\intelligence_scheduler.py
,IntelligenceWeightManager,__init__|update|get,VALUE_LAYER,E:\football_v\11_System_Intelligence\intelligence_weight_manager.py
,KnowledgeEmbedding,encode,,E:\football_v\11_System_Intelligence\knowledge_embedding.py
,KnowledgeEngine,search,RUNTIME_LAYER,E:\football_v\11_System_Intelligence\knowledge_engine.py
,KnowledgeGraph,build,DATA_LAYER,E:\football_v\11_System_Intelligence\knowledge_graph.py
,KnowledgeMemoryBridge,__init__|store_memory|retrieve_memory|analyze_feedback,VALUE_LAYER|PREDICTION_LAYER|FEATURE_LAYER|DATA_LAYER,E:\football_v\11_System_Intelligence\knowledge_memory_bridge.py
,KnowledgeNode,__init__|add_attribute|export,VALUE_LAYER,E:\football_v\11_System_Intelligence\knowledge_node.py
,KnowledgeOptimizer,optimize,DATA_LAYER,E:\football_v\11_System_Intelligence\knowledge_optimizer.py
,KnowledgeProfile,build,,E:\football_v\11_System_Intelligence\knowledge_profile.py
,KnowledgeQueryEngine,query,RUNTIME_LAYER|DATA_LAYER,E:\football_v\11_System_Intelligence\knowledge_query_engine.py
,KnowledgeReasoner,analyze,FEATURE_LAYER,E:\football_v\11_System_Intelligence\knowledge_reasoner.py
,KnowledgeRelation,__init__|add|get,,E:\football_v\11_System_Intelligence\knowledge_relation.py
,KnowledgeRelationEngine,relate,RUNTIME_LAYER,E:\football_v\11_System_Intelligence\knowledge_relation_engine.py
,KnowledgeUpdateEngine,update,RUNTIME_LAYER|DATA_LAYER,E:\football_v\11_System_Intelligence\knowledge_update_engine.py
,LearningMemory,__init__|save|recall,DATA_LAYER,E:\football_v\11_System_Intelligence\learning_memory.py
,LearningScheduler,__init__|add|run,,E:\football_v\11_System_Intelligence\learning_scheduler.py
,LESAdvanced,calculate,DATA_LAYER,E:\football_v\11_System_Intelligence\les_advanced.py
,LESEngine,calculate,RUNTIME_LAYER,E:\football_v\11_System_Intelligence\les_engine.py
,LineupEngine,analyze,RUNTIME_LAYER|PREDICTION_LAYER|DATA_LAYER,E:\football_v\11_System_Intelligence\lineup_engine.py
,MarketAgent,analyze,MARKET_LAYER|DATA_LAYER,E:\football_v\11_System_Intelligence\market_agent.py
,MarketEngine,analyze,MARKET_LAYER|RUNTIME_LAYER|DATA_LAYER,E:\football_v\11_System_Intelligence\market_engine.py
,MatchFeatureStore,__init__|save,FEATURE_LAYER,E:\football_v\11_System_Intelligence\match_feature_store.py
,MatchPredictionEngine,predict,RUNTIME_LAYER|PREDICTION_LAYER|DATA_LAYER,E:\football_v\11_System_Intelligence\match_prediction_engine.py
,MatchSimulator,run,PREDICTION_LAYER,E:\football_v\11_System_Intelligence\match_simulator.py
,MemoryAdapter,adapt,PREDICTION_LAYER,E:\football_v\11_System_Intelligence\memory_adapter.py
,ModelAccuracyMemory,__init__|save,MODEL_LAYER|FEATURE_LAYER,E:\football_v\11_System_Intelligence\model_accuracy_memory.py
,ModelAdjustmentEngine,adjust,MODEL_LAYER|RUNTIME_LAYER|DATA_LAYER,E:\football_v\11_System_Intelligence\model_adjustment_engine.py
,ModelConflictDetector,detect,VALUE_LAYER|MODEL_LAYER,E:\football_v\11_System_Intelligence\model_conflict_detector.py
,ModelFusionCore,fuse,MODEL_LAYER|PREDICTION_LAYER,E:\football_v\11_System_Intelligence\model_fusion_core.py
,ModelObserver,observe,MODEL_LAYER,E:\football_v\11_System_Intelligence\model_observer.py
,ModelOptimizer,__init__|optimize,VALUE_LAYER|MODEL_LAYER|PREDICTION_LAYER,E:\football_v\11_System_Intelligence\model_optimizer.py
,ModelWeightOptimizer,optimize,MODEL_LAYER,E:\football_v\11_System_Intelligence\model_weight_optimizer.py
,MonteCarloEngine,simulate,RUNTIME_LAYER|PREDICTION_LAYER,E:\football_v\11_System_Intelligence\monte_carlo_engine.py
,OddsMovement,detect,MARKET_LAYER|FEATURE_LAYER,E:\football_v\11_System_Intelligence\odds_movement.py
,ParlayStrategy,run,,E:\football_v\11_System_Intelligence\parlay_strategy.py
,PerformanceTracker,__init__|add|average,PREDICTION_LAYER|FEATURE_LAYER,E:\football_v\11_System_Intelligence\performance_tracker.py
,PoissonModel,probability,MODEL_LAYER|PREDICTION_LAYER,E:\football_v\11_System_Intelligence\poisson_model.py
,PoissonTrainer,train,MODEL_LAYER|DATA_LAYER,E:\football_v\11_System_Intelligence\poisson_trainer.py
,PredictionAgent,analyze,PREDICTION_LAYER|DATA_LAYER,E:\football_v\11_System_Intelligence\prediction_agent.py
,PredictionEvaluator,evaluate,VALUE_LAYER|PREDICTION_LAYER,E:\football_v\11_System_Intelligence\prediction_evaluator.py
,PredictionReport,generate,PREDICTION_LAYER|DATA_LAYER,E:\football_v\11_System_Intelligence\prediction_report.py
,PredictionReportGenerator,generate,PREDICTION_LAYER|DATA_LAYER,E:\football_v\11_System_Intelligence\prediction_report_generator.py
,ProbabilityFusionEngine,fuse,VALUE_LAYER|MODEL_LAYER|RUNTIME_LAYER|PREDICTION_LAYER,E:\football_v\11_System_Intelligence\probability_fusion_engine.py
,ProbabilityMemory,__init__|save,PREDICTION_LAYER|FEATURE_LAYER,E:\football_v\11_System_Intelligence\probability_memory.py
,ProfitTracker,__init__|add,VALUE_LAYER|MODEL_LAYER,E:\football_v\11_System_Intelligence\profit_tracker.py
,ReasoningAgent,analyze,DATA_LAYER,E:\football_v\11_System_Intelligence\reasoning_agent.py
,ReasoningContext,__init__|update|add_history|snapshot,VALUE_LAYER|FEATURE_LAYER,E:\football_v\11_System_Intelligence\reasoning_context.py
,ReasoningEngine,__init__|reason,VALUE_LAYER|RUNTIME_LAYER,E:\football_v\11_System_Intelligence\reasoning_engine.py
,ReasoningMemory,__init__|store|query|latest,DATA_LAYER,E:\football_v\11_System_Intelligence\reasoning_memory.py
,ReasoningRules,evaluate,VALUE_LAYER|DATA_LAYER,E:\football_v\11_System_Intelligence\reasoning_rules.py
,ResultCollector,collect,,E:\football_v\11_System_Intelligence\result_collector.py
,RiskAgent,analyze,VALUE_LAYER|DATA_LAYER,E:\football_v\11_System_Intelligence\risk_agent.py
,RiskDetector,detect,DATA_LAYER,E:\football_v\11_System_Intelligence\risk_detector.py
,RiskEngine,calculate,RUNTIME_LAYER|PREDICTION_LAYER|DATA_LAYER,E:\football_v\11_System_Intelligence\risk_engine.py
,RiskMemory,__init__|save,DATA_LAYER,E:\football_v\11_System_Intelligence\risk_memory.py
,RiskReport,generate,DATA_LAYER,E:\football_v\11_System_Intelligence\risk_report.py
,RuleOptimizer,optimize,,E:\football_v\11_System_Intelligence\rule_optimizer.py
,ScoreDistributionEngine,calculate,RUNTIME_LAYER|PREDICTION_LAYER,E:\football_v\11_System_Intelligence\score_distribution_engine.py
,ScorePredictionEngine,predict,RUNTIME_LAYER|PREDICTION_LAYER,E:\football_v\11_System_Intelligence\score_prediction_engine.py
,ScoreProbabilityTable,generate,PREDICTION_LAYER|DATA_LAYER,E:\football_v\11_System_Intelligence\score_probability_table.py
"invalid non-printable character U+FEFF (<unknown>, line 1)",,,,E:\football_v\11_System_Intelligence\self_learning_engine.py
,SingleStrategy,run,,E:\football_v\11_System_Intelligence\single_strategy.py
,SPProbabilityEngine,calculate,RUNTIME_LAYER|PREDICTION_LAYER|DATA_LAYER,E:\football_v\11_System_Intelligence\sp_probability_engine.py
,StrategyAgent,analyze,DATA_LAYER,E:\football_v\11_System_Intelligence\strategy_agent.py
,StrategyMutator,mutate,,E:\football_v\11_System_Intelligence\strategy_mutator.py
,SystemAnalyzer,analyze,,E:\football_v\11_System_Intelligence\system_analyzer.py
,SystemBrain,status,,E:\football_v\11_System_Intelligence\system_brain.py
,SystemExporter,export,DATA_LAYER,E:\football_v\11_System_Intelligence\system_exporter.py
,TeamFeatureBuilder,build,FEATURE_LAYER,E:\football_v\11_System_Intelligence\team_feature_builder.py
,TeamStrengthEngine,evaluate,VALUE_LAYER|RUNTIME_LAYER|FEATURE_LAYER,E:\football_v\11_System_Intelligence\team_strength_engine.py
,TrueProbabilityCalculator,calculate,PREDICTION_LAYER|DATA_LAYER,E:\football_v\11_System_Intelligence\true_probability_calculator.py
,ValueDetector,detect,VALUE_LAYER,E:\football_v\11_System_Intelligence\value_detector.py
,WeightLearningEngine,learn,RUNTIME_LAYER|DATA_LAYER,E:\football_v\11_System_Intelligence\weight_learning_engine.py
,XGBoostPredictor,predict,MODEL_LAYER|FEATURE_LAYER|PREDICTION_LAYER,E:\football_v\11_System_Intelligence\xgboost_predictor.py
,XGBoostTrainer,train,MODEL_LAYER|DATA_LAYER,E:\football_v\11_System_Intelligence\xgboost_trainer.py
,,test_brain,,E:\football_v\11_System_Intelligence\tests\test_intelligence.py
,,test_system,,E:\football_v\11_System_Intelligence\tests\test_phase2_intelligence.py
,,test_confidence,RUNTIME_LAYER,E:\football_v\11_System_Intelligence\tests\test_phase3_10_confidence.py
,,test_knowledge_graph|test_relation|test_embedding|test_query,RUNTIME_LAYER|DATA_LAYER,E:\football_v\11_System_Intelligence\tests\test_phase3_11_knowledge_graph.py
,,test_probability,MODEL_LAYER|RUNTIME_LAYER|PREDICTION_LAYER,E:\football_v\11_System_Intelligence\tests\test_phase3_12_probability.py
,,test_les,RUNTIME_LAYER,E:\football_v\11_System_Intelligence\tests\test_phase3_13_market.py
,,test_prediction,RUNTIME_LAYER|PREDICTION_LAYER,E:\football_v\11_System_Intelligence\tests\test_phase3_14_prediction.py
,,test_runtime,RUNTIME_LAYER,E:\football_v\11_System_Intelligence\tests\test_phase3_15_runtime.py
,,test_memory_bridge|test_memory_adapter|test_feedback_memory,DATA_LAYER,E:\football_v\11_System_Intelligence\tests\test_phase3_2_memory_bridge.py
,,test_reasoning_engine|test_decision_reasoner,RUNTIME_LAYER,E:\football_v\11_System_Intelligence\tests\test_phase3_3_reasoning.py
,,test_decision_fusion,MODEL_LAYER|RUNTIME_LAYER,E:\football_v\11_System_Intelligence\tests\test_phase3_4_decision_fusion.py
,,test_controller_upgrade|test_router|test_weight|test_feedback,RUNTIME_LAYER|DATA_LAYER,E:\football_v\11_System_Intelligence\tests\test_phase3_5_controller_upgrade.py
,,test_self_learning|test_optimizer,MODEL_LAYER|RUNTIME_LAYER,E:\football_v\11_System_Intelligence\tests\test_phase3_6_self_learning.py
,,test_evolution_engine|test_evolution_rule,VALUE_LAYER|RUNTIME_LAYER|PREDICTION_LAYER,E:\football_v\11_System_Intelligence\tests\test_phase3_7_evolution.py
,,test_knowledge,FEATURE_LAYER,E:\football_v\11_System_Intelligence\tests\test_phase3_8_knowledge.py
,,test_risk,RUNTIME_LAYER|PREDICTION_LAYER,E:\football_v\11_System_Intelligence\tests\test_phase3_9_risk.py
,,test_controller_health|test_controller_execute,RUNTIME_LAYER|PREDICTION_LAYER,E:\football_v\11_System_Intelligence\tests\test_phase3_system_intelligence.py
,,test_les,,E:\football_v\11_System_Intelligence\tests\test_phase4_market_core.py
,,test_elo|test_fusion,MODEL_LAYER|RUNTIME_LAYER|PREDICTION_LAYER,E:\football_v\11_System_Intelligence\tests\test_phase4_prediction_core.py
,,test_agents,,E:\football_v\11_System_Intelligence\tests\test_phase5_1_agents.py
,,test_weight,MODEL_LAYER|RUNTIME_LAYER,E:\football_v\11_System_Intelligence\tests\test_phase5_2_weight.py
,,test_simulation,RUNTIME_LAYER|PREDICTION_LAYER,E:\football_v\11_System_Intelligence\tests\test_phase5_3_simulation.py
,,test_strategy,,E:\football_v\11_System_Intelligence\tests\test_phase5_4_strategy.py
,,test_backtest,RUNTIME_LAYER,E:\football_v\11_System_Intelligence\tests\test_phase6_backtest.py
,,test_adjust,MODEL_LAYER|RUNTIME_LAYER,E:\football_v\11_System_Intelligence\tests\test_phase6_feedback.py
,,test_training,MODEL_LAYER,E:\football_v\11_System_Intelligence\tests\test_phase6_training.py
,,,RUNTIME_LAYER|PREDICTION_LAYER,E:\football_v\120_AI_REPORT_SERVICE\module.py
,,,DATA_LAYER,E:\football_v\121_DATABASE_GOVERNANCE_LAYER\data_registry.py
,,,RUNTIME_LAYER|DATA_LAYER,E:\football_v\121_RESULT_FEEDBACK_ENGINE\module.py
,,,RUNTIME_LAYER,E:\football_v\122_ERROR_ANALYSIS_ENGINE\module.py
,,,MODEL_LAYER,E:\football_v\122_MODEL_STORE_LAYER\metadata_manager.py
,,,RUNTIME_LAYER,E:\football_v\123_EXECUTION_ENGINE\decision_executor.py
,,,MODEL_LAYER|RUNTIME_LAYER,E:\football_v\123_MODEL_WEIGHT_UPDATE_ENGINE\module.py
,,,RUNTIME_LAYER,E:\football_v\124_AUTO_BACKTEST_ENGINE\module.py
,,,,E:\football_v\124_DASHBOARD_LAYER\model_monitor.py
,,,,E:\football_v\125_AI_VERSION_MANAGER\module.py
,,,,E:\football_v\125_PRODUCT_RELEASE_LAYER\deployment_validator.py
,,,MODEL_LAYER|RUNTIME_LAYER,E:\football_v\126_MODEL_EXPLANATION_ENGINE\explanation_engine.py
,,,,E:\football_v\127_AUTONOMOUS_LEARNING_LOOP\feedback_processor.py
,,,,E:\football_v\128_SYSTEM_MONITORING_CENTER\alert_manager.py
,,,,E:\football_v\129_API_GATEWAY_LAYER\api_router.py
"invalid non-printable character U+FEFF (<unknown>, line 1)",,,,E:\football_v\12_API_LAYER\api\decision_api.py
"invalid non-printable character U+FEFF (<unknown>, line 1)",,,,E:\football_v\12_API_LAYER\api\prediction_api.py
"invalid non-printable character U+FEFF (<unknown>, line 1)",,,,E:\football_v\12_API_LAYER\service\football_prediction_service.py
"invalid non-printable character U+FEFF (<unknown>, line 1)",,,,E:\football_v\12_API_LAYER\test\api_integration_test.py
,ErrorAnalyzer,analyze,PREDICTION_LAYER,E:\football_v\12_AUTONOMOUS_LEARNING_ENGINE\error_analysis\error_analyzer.py
,ExperienceDatabase,save,DATA_LAYER,E:\football_v\12_AUTONOMOUS_LEARNING_ENGINE\experience_database\experience_manager.py
,FeatureOptimizer,analyze,FEATURE_LAYER|DATA_LAYER,E:\football_v\12_AUTONOMOUS_LEARNING_ENGINE\feature_optimizer\feature_optimizer.py
,FeedbackCollector,collect,DATA_LAYER,E:\football_v\12_AUTONOMOUS_LEARNING_ENGINE\feedback_collector\collector.py
,ImprovementEngine,suggest,RUNTIME_LAYER|DATA_LAYER,E:\football_v\12_AUTONOMOUS_LEARNING_ENGINE\improvement_engine\improvement.py
,ModelLearningEngine,learn,MODEL_LAYER|RUNTIME_LAYER|DATA_LAYER,E:\football_v\12_AUTONOMOUS_LEARNING_ENGINE\model_learning\learning_engine.py
,SelfReflection,reflect,DATA_LAYER,E:\football_v\12_AUTONOMOUS_LEARNING_ENGINE\self_reflection\reflection_engine.py
,WeightOptimizer,optimize,DATA_LAYER,E:\football_v\12_AUTONOMOUS_LEARNING_ENGINE\weight_optimizer\optimizer.py
,,,,E:\football_v\130_FINAL_SYSTEM_VALIDATION\module.py
,,health,,E:\football_v\131_USER_INTERFACE_LAYER\module.py
,,health,RUNTIME_LAYER,E:\football_v\132_NATURAL_LANGUAGE_ENGINE\module.py
,,health,,E:\football_v\133_CONVERSATION_MEMORY_LAYER\module.py
,,health,RUNTIME_LAYER,E:\football_v\134_COMMAND_ROUTER_ENGINE\module.py
,,health,,E:\football_v\135_API_GATEWAY_CONNECTOR\module.py
,,health,RUNTIME_LAYER,E:\football_v\136_MODULE_DISPATCH_ENGINE\module.py
,,health,,E:\football_v\137_REPORT_PRESENTATION_LAYER\module.py
,,health,RUNTIME_LAYER,E:\football_v\138_LOCAL_CHAT_RUNTIME\module.py
,,health,,E:\football_v\139_SYSTEM_HEALTH_INTERFACE\module.py
,ExportEngine,export,RUNTIME_LAYER|DATA_LAYER,E:\football_v\13_REPORT_INTELLIGENCE_LAYER\export_engine\exporter.py
,MarketReport,generate,MARKET_LAYER|DATA_LAYER,E:\football_v\13_REPORT_INTELLIGENCE_LAYER\market_report\market_report.py
,MatchReportGenerator,generate,DATA_LAYER,E:\football_v\13_REPORT_INTELLIGENCE_LAYER\match_report_generator\match_report.py
,ModelReport,generate,MODEL_LAYER|DATA_LAYER,E:\football_v\13_REPORT_INTELLIGENCE_LAYER\model_report\model_report.py
,PostMatchReport,generate,VALUE_LAYER|DATA_LAYER,E:\football_v\13_REPORT_INTELLIGENCE_LAYER\post_match_report\post_match.py
,ProbabilityReport,generate,MODEL_LAYER|PREDICTION_LAYER|DATA_LAYER,E:\football_v\13_REPORT_INTELLIGENCE_LAYER\probability_report\probability_report.py
,RiskReport,generate,DATA_LAYER,E:\football_v\13_REPORT_INTELLIGENCE_LAYER\risk_report\risk_report.py
,VisualizationEngine,create,RUNTIME_LAYER|DATA_LAYER,E:\football_v\13_REPORT_INTELLIGENCE_LAYER\visualization_engine\visualizer.py
"invalid non-printable character U+FEFF (<unknown>, line 1)",,,,E:\football_v\13_TEST_LAYER\engine\end_to_end_test_engine_V2.9.py
"invalid non-printable character U+FEFF (<unknown>, line 1)",,,,E:\football_v\13_TEST_LAYER\validation\database_validation.py
,,health,,E:\football_v\140_FINAL_INTERFACE_VALIDATION\module.py
,,check,RUNTIME_LAYER,E:\football_v\141_REAL_CHAT_EXECUTION_ENGINE\module.py
,,check,RUNTIME_LAYER|DATA_LAYER,E:\football_v\142_DATABASE_QUERY_RUNTIME\module.py
,,check,MODEL_LAYER|RUNTIME_LAYER,E:\football_v\143_MODEL_CALL_ORCHESTRATOR\module.py
,,check,RUNTIME_LAYER,E:\football_v\144_MATCH_ANALYSIS_EXECUTOR\module.py
,,check,RUNTIME_LAYER,E:\football_v\145_REPORT_GENERATION_RUNTIME\module.py
,,check,RUNTIME_LAYER|FEATURE_LAYER,E:\football_v\146_HISTORY_CONVERSATION_STORE\module.py
,,check,RUNTIME_LAYER,E:\football_v\147_TASK_SCHEDULER_ENGINE\module.py
,,check,RUNTIME_LAYER,E:\football_v\148_RUNTIME_ERROR_HANDLER\module.py
,,check,RUNTIME_LAYER,E:\football_v\149_SYSTEM_LOG_MANAGER\module.py
,AlertManager,alert,,E:\football_v\14_SYSTEM_MONITORING_LAYER\alert_engine\alert_manager.py
,SystemDashboard,show,,E:\football_v\14_SYSTEM_MONITORING_LAYER\dashboard\system_dashboard.py
,DatabaseChecker,check,DATA_LAYER,E:\football_v\14_SYSTEM_MONITORING_LAYER\database_monitor\database_checker.py
,ErrorCollector,collect,,E:\football_v\14_SYSTEM_MONITORING_LAYER\error_monitor\error_collector.py
,HealthChecker,check,DATA_LAYER,E:\football_v\14_SYSTEM_MONITORING_LAYER\health_monitor\health_checker.py
,ModelChecker,check,MODEL_LAYER|DATA_LAYER,E:\football_v\14_SYSTEM_MONITORING_LAYER\model_monitor\model_checker.py
,PerformanceChecker,check,FEATURE_LAYER,E:\football_v\14_SYSTEM_MONITORING_LAYER\performance_monitor\performance_checker.py
,ResourceChecker,check,,E:\football_v\14_SYSTEM_MONITORING_LAYER\resource_monitor\resource_checker.py
,,check,RUNTIME_LAYER,E:\football_v\150_FINAL_RUNTIME_VALIDATION\module.py
,APIScheduler,run,DATA_LAYER,E:\football_v\15_API_INTEGRATION_LAYER\api_scheduler\scheduler.py
,SyncManager,sync,DATA_LAYER,E:\football_v\15_API_INTEGRATION_LAYER\data_sync_engine\sync_manager.py
,FootballDataClient,fetch,DATA_LAYER,E:\football_v\15_API_INTEGRATION_LAYER\football_data_api\football_data_client.py
,InjuryClient,fetch,DATA_LAYER,E:\football_v\15_API_INTEGRATION_LAYER\injury_api\injury_client.py
,NewsClient,fetch,DATA_LAYER,E:\football_v\15_API_INTEGRATION_LAYER\news_api\news_client.py
,OddsClient,fetch,MARKET_LAYER|DATA_LAYER,E:\football_v\15_API_INTEGRATION_LAYER\odds_api\odds_client.py
,StatsClient,fetch,DATA_LAYER,E:\football_v\15_API_INTEGRATION_LAYER\stats_api\stats_client.py
,WeatherClient,fetch,DATA_LAYER,E:\football_v\15_API_INTEGRATION_LAYER\weather_api\weather_client.py
,,health,DATA_LAYER,E:\football_v\16_DATABASE_GOVERNANCE_LAYER\audit_logger.py
"invalid non-printable character U+FEFF (<unknown>, line 1)",,,,E:\football_v\16_DATABASE_GOVERNANCE_LAYER\deploy_governance_batch_01_V1.0.py
,DatabaseGovernance,status,DATA_LAYER,E:\football_v\16_DATABASE_GOVERNANCE_LAYER\module.py
,,run,RUNTIME_LAYER|DATA_LAYER,E:\football_v\16_DATABASE_GOVERNANCE_LAYER\backup_engine\backup_engine_V1.0.py
"invalid non-printable character U+FEFF (<unknown>, line 1)",,,,E:\football_v\16_DATABASE_GOVERNANCE_LAYER\batch_modules\create_backup_engine.py
"invalid non-printable character U+FEFF (<unknown>, line 1)",,,,E:\football_v\16_DATABASE_GOVERNANCE_LAYER\batch_modules\create_database_initializer.py
"invalid non-printable character U+FEFF (<unknown>, line 1)",,,,E:\football_v\16_DATABASE_GOVERNANCE_LAYER\batch_modules\create_restore_engine.py
"invalid non-printable character U+FEFF (<unknown>, line 1)",,,,E:\football_v\16_DATABASE_GOVERNANCE_LAYER\batch_modules\create_version_control_engine.py
,,,DATA_LAYER,E:\football_v\16_DATABASE_GOVERNANCE_LAYER\database_backup_scheduler\database_backup_scheduler_V1.0.py
,,,DATA_LAYER,E:\football_v\16_DATABASE_GOVERNANCE_LAYER\database_health_monitor\database_health_monitor_V1.0.py
,,run,MODEL_LAYER|FEATURE_LAYER|DATA_LAYER,E:\football_v\16_DATABASE_GOVERNANCE_LAYER\database_initializer\database_initializer_V1.0.py
,,,DATA_LAYER,E:\football_v\16_DATABASE_GOVERNANCE_LAYER\database_restore_manager\database_restore_manager_V1.0.py
,,,DATA_LAYER,E:\football_v\16_DATABASE_GOVERNANCE_LAYER\database_schema_manager\database_schema_manager_V1.0.py
,,,DATA_LAYER,E:\football_v\16_DATABASE_GOVERNANCE_LAYER\database_version_manager\database_version_manager_V1.0.py
"invalid non-printable character U+FEFF (<unknown>, line 1)",,,,E:\football_v\16_DATABASE_GOVERNANCE_LAYER\migration_engine\deploy_migration_engine_V1.0.py
"invalid non-printable character U+FEFF (<unknown>, line 1)",,,,E:\football_v\16_DATABASE_GOVERNANCE_LAYER\migration_engine\migration_engine_V1.0.py
"invalid non-printable character U+FEFF (<unknown>, line 1)",,,,E:\football_v\16_DATABASE_GOVERNANCE_LAYER\migration_engine\tests\test_migration_engine_V1.0.py
,,run,RUNTIME_LAYER|DATA_LAYER,E:\football_v\16_DATABASE_GOVERNANCE_LAYER\restore_engine\restore_engine_V1.0.py
"invalid non-printable character U+FEFF (<unknown>, line 1)",,,,E:\football_v\16_DATABASE_GOVERNANCE_LAYER\validation_engine\deploy_validation_engine_V1.0.py
"invalid non-printable character U+FEFF (<unknown>, line 1)",,,,E:\football_v\16_DATABASE_GOVERNANCE_LAYER\validation_engine\validation_engine_V1.0.py
"invalid non-printable character U+FEFF (<unknown>, line 1)",,,,E:\football_v\16_DATABASE_GOVERNANCE_LAYER\validation_engine\tests\test_validation_engine_V1.0.py
,,run,RUNTIME_LAYER|DATA_LAYER,E:\football_v\16_DATABASE_GOVERNANCE_LAYER\version_control_engine\version_control_engine_V1.0.py
"invalid non-printable character U+FEFF (<unknown>, line 1)",,,,E:\football_v\17_MODEL_STORE_LAYER\deploy_model_store_batch_01_V1.0.py
"invalid non-printable character U+FEFF (<unknown>, line 1)",,,,E:\football_v\17_MODEL_STORE_LAYER\deploy_model_store_batch_02_V1.0.py
,,health,MODEL_LAYER|DATA_LAYER,E:\football_v\17_MODEL_STORE_LAYER\model_loader.py
,ModelStore,load_models,MODEL_LAYER|MARKET_LAYER|DATA_LAYER,E:\football_v\17_MODEL_STORE_LAYER\module.py
,,,MODEL_LAYER|DATA_LAYER,E:\football_v\17_MODEL_STORE_LAYER\model_artifact_manager\model_artifact_manager_V1.0.py
,,add,MODEL_LAYER|DATA_LAYER,E:\football_v\17_MODEL_STORE_LAYER\model_cache_manager\model_cache_manager_V1.0.py
,,deploy,MODEL_LAYER|DATA_LAYER,E:\football_v\17_MODEL_STORE_LAYER\model_deployment_manager\model_deployment_manager_V1.0.py
,,load_models,MODEL_LAYER|MARKET_LAYER|DATA_LAYER,E:\football_v\17_MODEL_STORE_LAYER\model_loader\model_loader_V1.0.py
,,,MODEL_LAYER|DATA_LAYER,E:\football_v\17_MODEL_STORE_LAYER\model_metrics_manager\model_metrics_manager_V1.0.py
,,,MODEL_LAYER|DATA_LAYER,E:\football_v\17_MODEL_STORE_LAYER\model_parameter_manager\model_parameter_manager_V1.0.py
,,run,MODEL_LAYER|MARKET_LAYER|DATA_LAYER,E:\football_v\17_MODEL_STORE_LAYER\model_registry\model_registry_V1.0.py
,,validate,MODEL_LAYER,E:\football_v\17_MODEL_STORE_LAYER\model_validator\model_validator_V1.0.py
,,,MODEL_LAYER|DATA_LAYER,E:\football_v\17_MODEL_STORE_LAYER\model_version_manager\model_version_manager_V1.0.py
"invalid non-printable character U+FEFF (<unknown>, line 1)",,,,E:\football_v\18_MODEL_EXECUTION_ENGINE\deploy_execution_engine_batch_01_V1.0.py
,,health,MODEL_LAYER|RUNTIME_LAYER|DATA_LAYER,E:\football_v\18_MODEL_EXECUTION_ENGINE\fusion_engine.py
,ExecutionEngine,predict,MODEL_LAYER|BETTING_LAYER|DATA_LAYER|PREDICTION_LAYER|MARKET_LAYER|RUNTIME_LAYER,E:\football_v\18_MODEL_EXECUTION_ENGINE\module.py
,,,PREDICTION_LAYER|DATA_LAYER,E:\football_v\18_MODEL_EXECUTION_ENGINE\batch_predictor\batch_predictor_V1.0.py
,,,RUNTIME_LAYER|DATA_LAYER,E:\football_v\18_MODEL_EXECUTION_ENGINE\confidence_engine\confidence_engine_V1.0.py
,,,DATA_LAYER,E:\football_v\18_MODEL_EXECUTION_ENGINE\execution_monitor\execution_monitor_V1.0.py
,,load_features,MODEL_LAYER|MARKET_LAYER|FEATURE_LAYER|DATA_LAYER,E:\football_v\18_MODEL_EXECUTION_ENGINE\feature_loader\feature_loader_V1.0.py
,,fusion,MODEL_LAYER|DATA_LAYER,E:\football_v\18_MODEL_EXECUTION_ENGINE\fusion_engine\fusion_engine_V1.0.py
,,load_models,MODEL_LAYER|MARKET_LAYER|DATA_LAYER,E:\football_v\18_MODEL_EXECUTION_ENGINE\model_loader\model_loader_V1.0.py
,,,FEATURE_LAYER|DATA_LAYER,E:\football_v\18_MODEL_EXECUTION_ENGINE\output_manager\output_manager_V1.0.py
,,predict,RUNTIME_LAYER|PREDICTION_LAYER|DATA_LAYER,E:\football_v\18_MODEL_EXECUTION_ENGINE\prediction_pipeline\prediction_pipeline_V1.0.py
,,,PREDICTION_LAYER|DATA_LAYER,E:\football_v\18_MODEL_EXECUTION_ENGINE\prediction_scheduler\prediction_scheduler_V1.0.py
,,,RUNTIME_LAYER|DATA_LAYER,E:\football_v\18_MODEL_EXECUTION_ENGINE\risk_engine\risk_engine_V1.0.py
,,health,DATA_LAYER,E:\football_v\19_API_LAYER\health_api.py
,,health,DATA_LAYER,E:\football_v\19_API_LAYER\module.py
,,,DATA_LAYER,E:\football_v\19_API_LAYER\api_registry\api_registry_V1.0.py
,,,,E:\football_v\19_API_LAYER\api_server\api_server_V1.0.py
,,,DATA_LAYER,E:\football_v\19_API_LAYER\health_api\health_api_V1.0.py
,,,MODEL_LAYER|DATA_LAYER,E:\football_v\19_API_LAYER\model_api\model_api_V1.0.py
,,,PREDICTION_LAYER|DATA_LAYER,E:\football_v\19_API_LAYER\prediction_api\prediction_api_V1.0.py
,,,DATA_LAYER,E:\football_v\19_API_LAYER\report_api\report_api_V1.0.py
,,health,DATA_LAYER,E:\football_v\20_DASHBOARD_LAYER\dashboard.py
,,dashboard,DATA_LAYER,E:\football_v\20_DASHBOARD_LAYER\module.py
,,,DATA_LAYER,E:\football_v\20_DASHBOARD_LAYER\dashboard_core\dashboard_core_V1.0.py
,,,MARKET_LAYER|DATA_LAYER,E:\football_v\20_DASHBOARD_LAYER\market_dashboard\market_dashboard_V1.0.py
,,,MODEL_LAYER|DATA_LAYER,E:\football_v\20_DASHBOARD_LAYER\model_dashboard\model_dashboard_V1.0.py
,,,PREDICTION_LAYER|DATA_LAYER,E:\football_v\20_DASHBOARD_LAYER\prediction_dashboard\prediction_dashboard_V1.0.py
,,,PREDICTION_LAYER|DATA_LAYER,E:\football_v\20_DASHBOARD_LAYER\probability_dashboard\probability_dashboard_V1.0.py
,,,DATA_LAYER,E:\football_v\20_DASHBOARD_LAYER\report_dashboard\report_dashboard_V1.0.py
,,release,,E:\football_v\21_PRODUCT_PACKAGE\module.py
,,health,DATA_LAYER,E:\football_v\21_PRODUCT_PACKAGE\startup.py
,,,DATA_LAYER,E:\football_v\21_PRODUCT_PACKAGE\environment_checker\environment_checker_V1.0.py
,,,DATA_LAYER,E:\football_v\21_PRODUCT_PACKAGE\installer\installer_V1.0.py
,,,DATA_LAYER,E:\football_v\21_PRODUCT_PACKAGE\package_builder\package_builder_V1.0.py
,,,DATA_LAYER,E:\football_v\21_PRODUCT_PACKAGE\release_manager\release_manager_V1.0.py
,,,DATA_LAYER,E:\football_v\21_PRODUCT_PACKAGE\update_manager\update_manager_V1.0.py
,,,DATA_LAYER,E:\football_v\21_PRODUCT_PACKAGE\version_registry\version_registry_V1.0.py
,,health_check,FEATURE_LAYER,E:\football_v\22_AI_FEATURE_STORE_LAYER\feature_builder.py
,,health_check,RUNTIME_LAYER|FEATURE_LAYER,E:\football_v\22_AI_FEATURE_STORE_LAYER\feature_pipeline.py
,,health_check,FEATURE_LAYER,E:\football_v\22_AI_FEATURE_STORE_LAYER\feature_registry.py
,,health_check,FEATURE_LAYER,E:\football_v\22_AI_FEATURE_STORE_LAYER\module.py
,,health_check,MODEL_LAYER|RUNTIME_LAYER,E:\football_v\23_MODEL_TRAINING_ENGINE\dixon_coles_trainer.py
,,health_check,MODEL_LAYER|RUNTIME_LAYER,E:\football_v\23_MODEL_TRAINING_ENGINE\elo_trainer.py
,,health_check,MODEL_LAYER|RUNTIME_LAYER,E:\football_v\23_MODEL_TRAINING_ENGINE\fusion_trainer.py
,,health_check,MODEL_LAYER|RUNTIME_LAYER,E:\football_v\23_MODEL_TRAINING_ENGINE\module.py
,,health_check,MODEL_LAYER|RUNTIME_LAYER,E:\football_v\23_MODEL_TRAINING_ENGINE\poisson_trainer.py
,,health_check,MODEL_LAYER|RUNTIME_LAYER,E:\football_v\23_MODEL_TRAINING_ENGINE\xgboost_trainer.py
,BacktestConnector,connect,,E:\football_v\23_MODEL_TRAINING_ENGINE\backtest_connector\backtest_connector_V2.0.py
,DatasetManager,load,FEATURE_LAYER|DATA_LAYER,E:\football_v\23_MODEL_TRAINING_ENGINE\dataset_manager\dataset_manager_V2.0.py
,EvaluationEngine,evaluate,VALUE_LAYER|RUNTIME_LAYER|DATA_LAYER,E:\football_v\23_MODEL_TRAINING_ENGINE\evaluation_engine\evaluation_engine_V2.0.py
,FeatureLoader,load,MODEL_LAYER|FEATURE_LAYER|DATA_LAYER,E:\football_v\23_MODEL_TRAINING_ENGINE\feature_loader\feature_loader_V2.0.py
,ModelTrainer,train,MODEL_LAYER|DATA_LAYER,E:\football_v\23_MODEL_TRAINING_ENGINE\model_trainer\model_trainer_V2.0.py
,,test_training,MODEL_LAYER|RUNTIME_LAYER,E:\football_v\23_MODEL_TRAINING_ENGINE\tests\test_training_engine_V2.0.py
,TrainingPipeline,run,MODEL_LAYER|RUNTIME_LAYER|DATA_LAYER,E:\football_v\23_MODEL_TRAINING_ENGINE\training_pipeline\training_pipeline_V2.0.py
,,health_check,MARKET_LAYER|PREDICTION_LAYER|RUNTIME_LAYER,E:\football_v\24_PREDICTION_INTELLIGENCE_LAYER\handicap_engine.py
,,health_check,BETTING_LAYER|PREDICTION_LAYER,E:\football_v\24_PREDICTION_INTELLIGENCE_LAYER\kelly_optimizer.py
,,health_check,MARKET_LAYER|PREDICTION_LAYER|RUNTIME_LAYER,E:\football_v\24_PREDICTION_INTELLIGENCE_LAYER\market_risk_engine.py
,,health_check,PREDICTION_LAYER,E:\football_v\24_PREDICTION_INTELLIGENCE_LAYER\module.py
,,health_check,RUNTIME_LAYER|PREDICTION_LAYER,E:\football_v\24_PREDICTION_INTELLIGENCE_LAYER\probability_engine.py
,,health_check,RUNTIME_LAYER|PREDICTION_LAYER,E:\football_v\24_PREDICTION_INTELLIGENCE_LAYER\score_prediction_engine.py
,CapitalFlowDetector,detect,MARKET_LAYER,E:\football_v\24_PREDICTION_INTELLIGENCE_LAYER\market_intelligence\capital_flow_detector.py
,MarketSentimentEngine,analyze,MARKET_LAYER|RUNTIME_LAYER,E:\football_v\24_PREDICTION_INTELLIGENCE_LAYER\market_intelligence\market_sentiment_engine.py
,OddsTracker,track,MARKET_LAYER,E:\football_v\24_PREDICTION_INTELLIGENCE_LAYER\market_intelligence\odds_tracker.py
,PredictionReport,generate,PREDICTION_LAYER,E:\football_v\24_PREDICTION_INTELLIGENCE_LAYER\output_engine\prediction_report.py
,RiskFilter,check,,E:\football_v\24_PREDICTION_INTELLIGENCE_LAYER\output_engine\risk_filter.py
,Predictor,predict,PREDICTION_LAYER|FEATURE_LAYER|DATA_LAYER,E:\football_v\24_PREDICTION_INTELLIGENCE_LAYER\prediction_core\predictor.py
,DixonColesPredictor,predict,MODEL_LAYER|PREDICTION_LAYER|DATA_LAYER,E:\football_v\24_PREDICTION_INTELLIGENCE_LAYER\prediction_models\dixon_coles_predictor.py
,EloPredictor,predict,MODEL_LAYER|PREDICTION_LAYER|DATA_LAYER,E:\football_v\24_PREDICTION_INTELLIGENCE_LAYER\prediction_models\elo_predictor.py
,PoissonPredictor,predict,MODEL_LAYER|PREDICTION_LAYER|DATA_LAYER,E:\football_v\24_PREDICTION_INTELLIGENCE_LAYER\prediction_models\poisson_predictor.py
,XGBoostPredictor,predict,MODEL_LAYER|PREDICTION_LAYER|DATA_LAYER,E:\football_v\24_PREDICTION_INTELLIGENCE_LAYER\prediction_models\xgboost_predictor.py
,FeaturePipeline,load,RUNTIME_LAYER|FEATURE_LAYER|DATA_LAYER,E:\football_v\24_PREDICTION_INTELLIGENCE_LAYER\prediction_pipeline\feature_pipeline.py
,PredictionPipeline,run,RUNTIME_LAYER|PREDICTION_LAYER|DATA_LAYER,E:\football_v\24_PREDICTION_INTELLIGENCE_LAYER\prediction_pipeline\prediction_pipeline.py
,,test_prediction,PREDICTION_LAYER,E:\football_v\24_PREDICTION_INTELLIGENCE_LAYER\tests\test_prediction_engine_V2.0.py
,,health_check,RUNTIME_LAYER,E:\football_v\25_BACKTEST_ENGINE\historical_runner.py
,,health_check,RUNTIME_LAYER,E:\football_v\25_BACKTEST_ENGINE\module.py
,,health_check,RUNTIME_LAYER|FEATURE_LAYER,E:\football_v\25_BACKTEST_ENGINE\performance_report.py
,,health_check,VALUE_LAYER|RUNTIME_LAYER,E:\football_v\25_BACKTEST_ENGINE\roi_calculator.py
,BacktestPipeline,run,RUNTIME_LAYER|DATA_LAYER,E:\football_v\25_BACKTEST_ENGINE\backtest_pipeline\backtest_pipeline_V2.0.py
,DataSplitEngine,split,MODEL_LAYER|RUNTIME_LAYER|DATA_LAYER,E:\football_v\25_BACKTEST_ENGINE\data_split_engine\data_split_engine_V2.0.py
,HistoricalRunner,run,DATA_LAYER,E:\football_v\25_BACKTEST_ENGINE\historical_runner\historical_runner_V2.0.py
,KellyAnalyzer,analyze,BETTING_LAYER|DATA_LAYER,E:\football_v\25_BACKTEST_ENGINE\kelly_analyzer\kelly_analyzer_V2.0.py
,ROICalculator,calculate,VALUE_LAYER,E:\football_v\25_BACKTEST_ENGINE\roi_calculator\roi_calculator_V2.0.py
,,health_check,DATA_LAYER,E:\football_v\26_AUTOMATION_LAYER\data_scheduler.py
,,health_check,MODEL_LAYER,E:\football_v\26_AUTOMATION_LAYER\model_scheduler.py
,,health_check,,E:\football_v\26_AUTOMATION_LAYER\module.py
,,health_check,RUNTIME_LAYER,E:\football_v\26_AUTOMATION_LAYER\monitoring_engine.py
,DataRefresh,refresh,DATA_LAYER,E:\football_v\26_AUTOMATION_LAYER\data_refresh\data_refresh_V2.0.py
,PredictionJob,execute,PREDICTION_LAYER,E:\football_v\26_AUTOMATION_LAYER\prediction_job\prediction_job_V2.0.py
,ReportGenerator,generate,,E:\football_v\26_AUTOMATION_LAYER\report_generator\report_generator_V2.0.py
,Scheduler,run,,E:\football_v\26_AUTOMATION_LAYER\scheduler\scheduler_V2.0.py
,ConfidenceEngine,score,RUNTIME_LAYER|PREDICTION_LAYER,E:\football_v\27_MODEL_FUSION_ENGINE\confidence_engine.py
,FusionEngine,run,MODEL_LAYER|RUNTIME_LAYER|PREDICTION_LAYER|DATA_LAYER,E:\football_v\27_MODEL_FUSION_ENGINE\fusion_engine_V2.1.py
,ModelWeightEngine,calculate,MODEL_LAYER|RUNTIME_LAYER,E:\football_v\27_MODEL_FUSION_ENGINE\model_weight_engine.py
,CalibrationEngine,calibrate,RUNTIME_LAYER|PREDICTION_LAYER,E:\football_v\28_PROBABILITY_CALIBRATION_ENGINE\calibration_engine.py
,OddsCalibrator,run,MARKET_LAYER,E:\football_v\28_PROBABILITY_CALIBRATION_ENGINE\odds_calibrator.py
,DecisionEngine,decide,RUNTIME_LAYER|PREDICTION_LAYER|DATA_LAYER,E:\football_v\29_DECISION_ENGINE\decision_engine.py
,KellyDecision,calculate,BETTING_LAYER,E:\football_v\29_DECISION_ENGINE\kelly_decision.py
,CapitalFlow,detect,MARKET_LAYER,E:\football_v\30_MARKET_GAME_ENGINE\capital_flow.py
,MarketEngine,analyze,MARKET_LAYER|RUNTIME_LAYER,E:\football_v\30_MARKET_GAME_ENGINE\market_engine.py
,FeedbackEngine,learn,RUNTIME_LAYER|DATA_LAYER,E:\football_v\31_SELF_LEARNING_ENGINE\feedback_engine.py
,ModelUpdate,update,MODEL_LAYER,E:\football_v\31_SELF_LEARNING_ENGINE\model_update_engine.py
,PipelineController,start,RUNTIME_LAYER,E:\football_v\32_PRODUCTION_ORCHESTRATOR\pipeline_controller.py
,ProductionRunner,run,DATA_LAYER,E:\football_v\32_PRODUCTION_ORCHESTRATOR\production_runner.py
,Engine,run,RUNTIME_LAYER|DATA_LAYER,E:\football_v\37_MODEL_INTELLIGENCE_CONNECTOR\dixon_coles_loader.py
,,run,MODEL_LAYER|RUNTIME_LAYER|DATA_LAYER,E:\football_v\40_MODEL_TRAINING_PIPELINE\trainer\dixon_coles_trainer_V4.0.py
"invalid non-printable character U+FEFF (<unknown>, line 1)",,,,E:\football_v\40_MODEL_TRAINING_PIPELINE\trainer\elo_trainer_V4.0.py
,,run,MODEL_LAYER|RUNTIME_LAYER|DATA_LAYER,E:\football_v\40_MODEL_TRAINING_PIPELINE\trainer\fusion_trainer_V4.0.py
,,run,MODEL_LAYER|RUNTIME_LAYER|DATA_LAYER,E:\football_v\40_MODEL_TRAINING_PIPELINE\trainer\poisson_trainer_V4.0.py
"invalid non-printable character U+FEFF (<unknown>, line 1)",,,,E:\football_v\40_MODEL_TRAINING_PIPELINE\trainer\train_all_models_V4.0.py
,,run,MODEL_LAYER|RUNTIME_LAYER|DATA_LAYER,E:\football_v\40_MODEL_TRAINING_PIPELINE\trainer\xgboost_trainer_V4.0.py
"invalid decimal literal (<unknown>, line 3)",,,,E:\football_v\41_MATCH_INPUT_SERVICE\lineup_input.py
"invalid decimal literal (<unknown>, line 3)",,,,E:\football_v\42_REAL_FEATURE_GENERATOR\feature_builder.py
"invalid decimal literal (<unknown>, line 3)",,,,E:\football_v\43_AI_PREDICTION_REPORT_ENGINE\module.py
"invalid decimal literal (<unknown>, line 3)",,,,E:\football_v\44_PRODUCTION_PREDICTION_RUNTIME\module.py
,,,,E:\football_v\44_REAL_DATA_CONNECTOR\football_db_connector.py
,,,,E:\football_v\49_LIVE_PREDICTION_ENGINE\live_predictor.py
,,,PREDICTION_LAYER,E:\football_v\53_REAL_MATCH_QUERY_ENGINE\database_reader.py
,,,RUNTIME_LAYER,E:\football_v\58_REAL_PREDICTION_CONTROLLER\match_scheduler.py
,,,RUNTIME_LAYER,E:\football_v\63_REAL_MATCH_EXECUTION_ENGINE\execution_controller.py
,,,,E:\football_v\68_MATCH_REQUEST_GATEWAY\match_request.py
,,,MARKET_LAYER,E:\football_v\68_REAL_ODDS_CONNECTOR\module.py
,,,RUNTIME_LAYER|FEATURE_LAYER,E:\football_v\69_LIVE_MATCH_FEATURE_ENGINE\module.py
,,,PREDICTION_LAYER,E:\football_v\70_AI_PREDICTION_CORE\module.py
,,,RUNTIME_LAYER|PREDICTION_LAYER,E:\football_v\71_SCORE_PROBABILITY_ENGINE\module.py
,,,MARKET_LAYER|RUNTIME_LAYER,E:\football_v\72_HANDICAP_DECISION_ENGINE\module.py
,,,MARKET_LAYER|RUNTIME_LAYER,E:\football_v\73_MARKET_GAME_ANALYSIS_ENGINE\module.py
,,,,E:\football_v\74_FINAL_MATCH_ADVISOR\module.py
,,,DATA_LAYER,E:\football_v\75_AUTO_LEARNING_FEEDBACK\module.py
,,,MODEL_LAYER|FEATURE_LAYER,E:\football_v\76_MODEL_FEATURE_INTEGRATION\module.py
,,,MODEL_LAYER|RUNTIME_LAYER,E:\football_v\77_ELO_RUNTIME_ENGINE\module.py
,,,MODEL_LAYER|RUNTIME_LAYER,E:\football_v\78_DIXON_COLES_RUNTIME_ENGINE\module.py
,,,MODEL_LAYER|RUNTIME_LAYER,E:\football_v\79_POISSON_RUNTIME_ENGINE\module.py
,,,MODEL_LAYER|RUNTIME_LAYER,E:\football_v\80_XGBOOST_RUNTIME_ENGINE\module.py
,,,MODEL_LAYER|PREDICTION_LAYER,E:\football_v\81_MODEL_FUSION_PREDICTOR\module.py
,,,RUNTIME_LAYER|PREDICTION_LAYER,E:\football_v\82_PROBABILITY_CALIBRATION_RUNTIME\module.py
,,,VALUE_LAYER|BETTING_LAYER|RUNTIME_LAYER,E:\football_v\83_VALUE_BET_ENGINE\module.py
,,,BETTING_LAYER|RUNTIME_LAYER,E:\football_v\84_KELLY_OPTIMIZATION_ENGINE\module.py
,,,RUNTIME_LAYER,E:\football_v\85_FINAL_DECISION_ENGINE\module.py
,,,MARKET_LAYER|RUNTIME_LAYER,E:\football_v\86_REAL_TIME_ODDS_ENGINE\module.py
,,,MARKET_LAYER,E:\football_v\87_MARKET_MOVEMENT_ANALYZER\module.py
,,,RUNTIME_LAYER,E:\football_v\87_MATCH_CONTEXT_ENGINE\module.py
,,,MARKET_LAYER|PREDICTION_LAYER|RUNTIME_LAYER,E:\football_v\88_HANDICAP_PREDICTION_ENGINE\module.py
,,,RUNTIME_LAYER|FEATURE_LAYER,E:\football_v\88_TEAM_STRENGTH_DYNAMIC_ENGINE\module.py
,,,RUNTIME_LAYER,E:\football_v\89_PLAYER_IMPACT_ENGINE\module.py
,,,RUNTIME_LAYER|PREDICTION_LAYER,E:\football_v\89_SCORE_SIMULATION_ENGINE\module.py
,,,RUNTIME_LAYER,E:\football_v\90_AI_MATCH_SELECTION_ENGINE\module.py
,,,RUNTIME_LAYER|FEATURE_LAYER,E:\football_v\90_FATIGUE_ANALYSIS_ENGINE\module.py
,,,RUNTIME_LAYER,E:\football_v\91_CONFIDENCE_RANKING_ENGINE\module.py
,,,RUNTIME_LAYER|FEATURE_LAYER,E:\football_v\91_FORM_TREND_ENGINE\module.py
,,,MARKET_LAYER|RUNTIME_LAYER,E:\football_v\92_MARKET_EMOTION_ENGINE\module.py
,,,RUNTIME_LAYER,E:\football_v\92_RISK_CONTROL_ENGINE\module.py
,,,MARKET_LAYER|RUNTIME_LAYER,E:\football_v\93_CAPITAL_FLOW_ENGINE\module.py
,,,BETTING_LAYER|RUNTIME_LAYER,E:\football_v\93_PORTFOLIO_BET_ENGINE\module.py
,,,MARKET_LAYER|RUNTIME_LAYER,E:\football_v\94_HANDICAP_PENETRATION_ENGINE\module.py
,,,VALUE_LAYER|RUNTIME_LAYER,E:\football_v\94_MATCH_REVIEW_ENGINE\module.py
,,,MODEL_LAYER|RUNTIME_LAYER|DATA_LAYER,E:\football_v\95_MODEL_FEEDBACK_ENGINE\module.py
,,,PREDICTION_LAYER,E:\football_v\96_AI_PREDICTION_ORCHESTRATOR\module.py
,,,FEATURE_LAYER,E:\football_v\96_MATCH_FEATURE_STORE\module.py
,,,RUNTIME_LAYER|PREDICTION_LAYER,E:\football_v\97_FINAL_MATCH_FORECAST_ENGINE\module.py
,,,MODEL_LAYER,E:\football_v\97_MODEL_WEIGHT_OPTIMIZER\module.py
,,,MARKET_LAYER,E:\football_v\97_TESTS\full_system_validation_V2.1.py
,,,MODEL_LAYER|FEATURE_LAYER|PREDICTION_LAYER|DATA_LAYER,E:\football_v\97_TESTS\system_integration_test_V2.0.py
,,run_test,MODEL_LAYER|RUNTIME_LAYER|DATA_LAYER,E:\football_v\97_TESTS\integration_test\run_integration_test_V1.5.py
,,,RUNTIME_LAYER,E:\football_v\98_AI_DECISION_REPORT_ENGINE\module.py
,,,RUNTIME_LAYER|PREDICTION_LAYER,E:\football_v\98_PREDICTION_CONFIDENCE_ENGINE\module.py
,,,RUNTIME_LAYER,E:\football_v\99_AI_RISK_CONTROL_ENGINE\module.py
,,,,E:\football_v\99_DOCUMENTATION\architecture_cleanup\FINAL_CLEANUP_V3.0\DEPRECATED_ARCHIVE\analysis_report.py
"invalid non-printable character U+FEFF (<unknown>, line 1)",,,,E:\football_v\99_DOCUMENTATION\architecture_cleanup\FINAL_CLEANUP_V3.0\DEPRECATED_ARCHIVE\base_exception.py
,Engine,run,RUNTIME_LAYER|DATA_LAYER,E:\football_v\99_DOCUMENTATION\architecture_cleanup\FINAL_CLEANUP_V3.0\DEPRECATED_ARCHIVE\capital_detector.py
,,,,E:\football_v\99_DOCUMENTATION\architecture_cleanup\FINAL_CLEANUP_V3.0\DEPRECATED_ARCHIVE\command_parser.py
,,,RUNTIME_LAYER,E:\football_v\99_DOCUMENTATION\architecture_cleanup\FINAL_CLEANUP_V3.0\DEPRECATED_ARCHIVE\compare_engine.py
,,write_log,VALUE_LAYER,E:\football_v\99_DOCUMENTATION\architecture_cleanup\FINAL_CLEANUP_V3.0\DEPRECATED_ARCHIVE\compatibility.py
,,,,E:\football_v\99_DOCUMENTATION\architecture_cleanup\FINAL_CLEANUP_V3.0\DEPRECATED_ARCHIVE\conversation_manager.py
"invalid non-printable character U+FEFF (<unknown>, line 1)",,,,E:\football_v\99_DOCUMENTATION\architecture_cleanup\FINAL_CLEANUP_V3.0\DEPRECATED_ARCHIVE\database_exception.py
,,health,DATA_LAYER,E:\football_v\99_DOCUMENTATION\architecture_cleanup\FINAL_CLEANUP_V3.0\DEPRECATED_ARCHIVE\database_governance_engine.py
,,health,DATA_LAYER,E:\football_v\99_DOCUMENTATION\architecture_cleanup\FINAL_CLEANUP_V3.0\DEPRECATED_ARCHIVE\data_lineage_engine.py
,,health,DATA_LAYER,E:\football_v\99_DOCUMENTATION\architecture_cleanup\FINAL_CLEANUP_V3.0\DEPRECATED_ARCHIVE\data_quality_engine.py
,,,,E:\football_v\99_DOCUMENTATION\architecture_cleanup\FINAL_CLEANUP_V3.0\DEPRECATED_ARCHIVE\data_status.py
,,validate_exists|validate_size|validate_file,RUNTIME_LAYER|DATA_LAYER,E:\football_v\99_DOCUMENTATION\architecture_cleanup\FINAL_CLEANUP_V3.0\DEPRECATED_ARCHIVE\data_validator.py
"invalid non-printable character U+FEFF (<unknown>, line 1)",,,,E:\football_v\99_DOCUMENTATION\architecture_cleanup\FINAL_CLEANUP_V3.0\DEPRECATED_ARCHIVE\db_connection.py
,Engine,run,RUNTIME_LAYER|DATA_LAYER,E:\football_v\99_DOCUMENTATION\architecture_cleanup\FINAL_CLEANUP_V3.0\DEPRECATED_ARCHIVE\elo_loader.py
"invalid non-printable character U+FEFF (<unknown>, line 1)",,,,E:\football_v\99_DOCUMENTATION\architecture_cleanup\FINAL_CLEANUP_V3.0\DEPRECATED_ARCHIVE\error_codes.py
"invalid non-printable character U+FEFF (<unknown>, line 1)",,,,E:\football_v\99_DOCUMENTATION\architecture_cleanup\FINAL_CLEANUP_V3.0\DEPRECATED_ARCHIVE\exception_handler.py
,,,,E:\football_v\99_DOCUMENTATION\architecture_cleanup\FINAL_CLEANUP_V3.0\DEPRECATED_ARCHIVE\execution_controller.py
,,,PREDICTION_LAYER,E:\football_v\99_DOCUMENTATION\architecture_cleanup\FINAL_CLEANUP_V3.0\DEPRECATED_ARCHIVE\feature_builder.py
,,,,E:\football_v\99_DOCUMENTATION\architecture_cleanup\FINAL_CLEANUP_V3.0\DEPRECATED_ARCHIVE\feature_calculator.py
,,,,E:\football_v\99_DOCUMENTATION\architecture_cleanup\FINAL_CLEANUP_V3.0\DEPRECATED_ARCHIVE\feature_checker.py
,,,MODEL_LAYER|RUNTIME_LAYER,E:\football_v\99_DOCUMENTATION\architecture_cleanup\FINAL_CLEANUP_V3.0\DEPRECATED_ARCHIVE\feature_importance.py
,,,PREDICTION_LAYER,E:\football_v\99_DOCUMENTATION\architecture_cleanup\FINAL_CLEANUP_V3.0\DEPRECATED_ARCHIVE\feature_pipeline.py
,,,RUNTIME_LAYER,E:\football_v\99_DOCUMENTATION\architecture_cleanup\FINAL_CLEANUP_V3.0\DEPRECATED_ARCHIVE\feature_processor.py
,,,DATA_LAYER,E:\football_v\99_DOCUMENTATION\architecture_cleanup\FINAL_CLEANUP_V3.0\DEPRECATED_ARCHIVE\feature_registry.py
,,,,E:\football_v\99_DOCUMENTATION\architecture_cleanup\FINAL_CLEANUP_V3.0\DEPRECATED_ARCHIVE\feature_runtime.py
,,,,E:\football_v\99_DOCUMENTATION\architecture_cleanup\FINAL_CLEANUP_V3.0\DEPRECATED_ARCHIVE\feature_validator.py
"invalid non-printable character U+FEFF (<unknown>, line 1)",,,,E:\football_v\99_DOCUMENTATION\architecture_cleanup\FINAL_CLEANUP_V3.0\DEPRECATED_ARCHIVE\file_exception.py
"invalid non-printable character U+FEFF (<unknown>, line 1)",,,,E:\football_v\99_DOCUMENTATION\architecture_cleanup\FINAL_CLEANUP_V3.0\DEPRECATED_ARCHIVE\file_service.py
,,,RUNTIME_LAYER,E:\football_v\99_DOCUMENTATION\architecture_cleanup\FINAL_CLEANUP_V3.0\DEPRECATED_ARCHIVE\final_report.py
,,,RUNTIME_LAYER,E:\football_v\99_DOCUMENTATION\architecture_cleanup\FINAL_CLEANUP_V3.0\DEPRECATED_ARCHIVE\forecast_runner.py
,,,RUNTIME_LAYER,E:\football_v\99_DOCUMENTATION\architecture_cleanup\FINAL_CLEANUP_V3.0\DEPRECATED_ARCHIVE\forecast_service.py
,FootballFormatter,__init__,VALUE_LAYER|FEATURE_LAYER,E:\football_v\99_DOCUMENTATION\architecture_cleanup\FINAL_CLEANUP_V3.0\DEPRECATED_ARCHIVE\formatter.py
,,,PREDICTION_LAYER,E:\football_v\99_DOCUMENTATION\architecture_cleanup\FINAL_CLEANUP_V3.0\DEPRECATED_ARCHIVE\fusion_runner.py
,,,RUNTIME_LAYER,E:\football_v\99_DOCUMENTATION\architecture_cleanup\FINAL_CLEANUP_V3.0\DEPRECATED_ARCHIVE\fusion_runtime.py
,Engine,run,RUNTIME_LAYER|DATA_LAYER,E:\football_v\99_DOCUMENTATION\architecture_cleanup\FINAL_CLEANUP_V3.0\DEPRECATED_ARCHIVE\handicap_value.py
,,create_file_handler|create_console_handler,FEATURE_LAYER,E:\football_v\99_DOCUMENTATION\architecture_cleanup\FINAL_CLEANUP_V3.0\DEPRECATED_ARCHIVE\handlers.py
"invalid non-printable character U+FEFF (<unknown>, line 1)",,,,E:\football_v\99_DOCUMENTATION\architecture_cleanup\FINAL_CLEANUP_V3.0\DEPRECATED_ARCHIVE\hash_service.py
,,,,E:\football_v\99_DOCUMENTATION\architecture_cleanup\FINAL_CLEANUP_V3.0\DEPRECATED_ARCHIVE\health_monitor.py
,,,RUNTIME_LAYER,E:\football_v\99_DOCUMENTATION\architecture_cleanup\FINAL_CLEANUP_V3.0\DEPRECATED_ARCHIVE\inference_controller.py
,,,,E:\football_v\99_DOCUMENTATION\architecture_cleanup\FINAL_CLEANUP_V3.0\DEPRECATED_ARCHIVE\inference_engine.py
,,health,MODEL_LAYER|RUNTIME_LAYER|DATA_LAYER,E:\football_v\99_DOCUMENTATION\architecture_cleanup\FINAL_CLEANUP_V3.0\DEPRECATED_ARCHIVE\kelly_engine.py
,,,,E:\football_v\99_DOCUMENTATION\architecture_cleanup\FINAL_CLEANUP_V3.0\DEPRECATED_ARCHIVE\learning_scheduler.py
,,,RUNTIME_LAYER,E:\football_v\99_DOCUMENTATION\architecture_cleanup\FINAL_CLEANUP_V3.0\DEPRECATED_ARCHIVE\live_feature.py
,,write_log,VALUE_LAYER|FEATURE_LAYER,E:\football_v\99_DOCUMENTATION\architecture_cleanup\FINAL_CLEANUP_V3.0\DEPRECATED_ARCHIVE\logger.py
,,,RUNTIME_LAYER,E:\football_v\99_DOCUMENTATION\architecture_cleanup\FINAL_CLEANUP_V3.0\DEPRECATED_ARCHIVE\market_risk.py
,Engine,run,RUNTIME_LAYER|DATA_LAYER,E:\football_v\99_DOCUMENTATION\architecture_cleanup\FINAL_CLEANUP_V3.0\DEPRECATED_ARCHIVE\market_sentiment.py
,,,RUNTIME_LAYER,E:\football_v\99_DOCUMENTATION\architecture_cleanup\FINAL_CLEANUP_V3.0\DEPRECATED_ARCHIVE\match_executor.py
,,,,E:\football_v\99_DOCUMENTATION\architecture_cleanup\FINAL_CLEANUP_V3.0\DEPRECATED_ARCHIVE\match_loader.py
,Engine,run,RUNTIME_LAYER|DATA_LAYER,E:\football_v\99_DOCUMENTATION\architecture_cleanup\FINAL_CLEANUP_V3.0\DEPRECATED_ARCHIVE\match_predictor.py
,,,PREDICTION_LAYER,E:\football_v\99_DOCUMENTATION\architecture_cleanup\FINAL_CLEANUP_V3.0\DEPRECATED_ARCHIVE\match_query.py
,,,,E:\football_v\99_DOCUMENTATION\architecture_cleanup\FINAL_CLEANUP_V3.0\DEPRECATED_ARCHIVE\match_report.py
,,health,DATA_LAYER,E:\football_v\99_DOCUMENTATION\architecture_cleanup\FINAL_CLEANUP_V3.0\DEPRECATED_ARCHIVE\model_api.py
,Engine,run,RUNTIME_LAYER|DATA_LAYER,E:\football_v\99_DOCUMENTATION\architecture_cleanup\FINAL_CLEANUP_V3.0\DEPRECATED_ARCHIVE\model_connector.py
,,,PREDICTION_LAYER,E:\football_v\99_DOCUMENTATION\architecture_cleanup\FINAL_CLEANUP_V3.0\DEPRECATED_ARCHIVE\model_executor.py
,,,MODEL_LAYER,E:\football_v\99_DOCUMENTATION\architecture_cleanup\FINAL_CLEANUP_V3.0\DEPRECATED_ARCHIVE\model_manager.py
,,health,MODEL_LAYER|DATA_LAYER,E:\football_v\99_DOCUMENTATION\architecture_cleanup\FINAL_CLEANUP_V3.0\DEPRECATED_ARCHIVE\model_registry.py
,,,PREDICTION_LAYER,E:\football_v\99_DOCUMENTATION\architecture_cleanup\FINAL_CLEANUP_V3.0\DEPRECATED_ARCHIVE\model_runner.py
,,health,DATA_LAYER,E:\football_v\99_DOCUMENTATION\architecture_cleanup\FINAL_CLEANUP_V3.0\DEPRECATED_ARCHIVE\model_status.py
,,,,E:\football_v\99_DOCUMENTATION\architecture_cleanup\FINAL_CLEANUP_V3.0\DEPRECATED_ARCHIVE\model_update.py
,,,,E:\football_v\99_DOCUMENTATION\architecture_cleanup\FINAL_CLEANUP_V3.0\DEPRECATED_ARCHIVE\model_validator.py
,,health,MODEL_LAYER|DATA_LAYER,E:\football_v\99_DOCUMENTATION\architecture_cleanup\FINAL_CLEANUP_V3.0\DEPRECATED_ARCHIVE\model_version_manager.py
,,,RUNTIME_LAYER,E:\football_v\99_DOCUMENTATION\architecture_cleanup\FINAL_CLEANUP_V3.0\DEPRECATED_ARCHIVE\model_weight_loader.py
,,,,E:\football_v\99_DOCUMENTATION\architecture_cleanup\FINAL_CLEANUP_V3.0\DEPRECATED_ARCHIVE\module.py
,,,,E:\football_v\99_DOCUMENTATION\architecture_cleanup\FINAL_CLEANUP_V3.0\DEPRECATED_ARCHIVE\module_router.py
,,,,E:\football_v\99_DOCUMENTATION\architecture_cleanup\FINAL_CLEANUP_V3.0\DEPRECATED_ARCHIVE\odds_connector.py
"invalid decimal literal (<unknown>, line 3)",,,,E:\football_v\99_DOCUMENTATION\architecture_cleanup\FINAL_CLEANUP_V3.0\DEPRECATED_ARCHIVE\odds_input.py
,,,,E:\football_v\99_DOCUMENTATION\architecture_cleanup\FINAL_CLEANUP_V3.0\DEPRECATED_ARCHIVE\odds_loader.py
,,,,E:\football_v\99_DOCUMENTATION\architecture_cleanup\FINAL_CLEANUP_V3.0\DEPRECATED_ARCHIVE\odds_validator.py
,,,RUNTIME_LAYER,E:\football_v\99_DOCUMENTATION\architecture_cleanup\FINAL_CLEANUP_V3.0\DEPRECATED_ARCHIVE\odds_value.py
,,,RUNTIME_LAYER,E:\football_v\99_DOCUMENTATION\architecture_cleanup\FINAL_CLEANUP_V3.0\DEPRECATED_ARCHIVE\output_dispatcher.py
,,,,E:\football_v\99_DOCUMENTATION\architecture_cleanup\FINAL_CLEANUP_V3.0\DEPRECATED_ARCHIVE\package_builder.py
,,health,DATA_LAYER,E:\football_v\99_DOCUMENTATION\architecture_cleanup\FINAL_CLEANUP_V3.0\DEPRECATED_ARCHIVE\performance.py
,,,RUNTIME_LAYER,E:\football_v\99_DOCUMENTATION\architecture_cleanup\FINAL_CLEANUP_V3.0\DEPRECATED_ARCHIVE\performance_compare.py
,,,,E:\football_v\99_DOCUMENTATION\architecture_cleanup\FINAL_CLEANUP_V3.0\DEPRECATED_ARCHIVE\performance_monitor.py
,Engine,run,RUNTIME_LAYER|DATA_LAYER,E:\football_v\99_DOCUMENTATION\architecture_cleanup\FINAL_CLEANUP_V3.0\DEPRECATED_ARCHIVE\poisson_loader.py
,,health,DATA_LAYER,E:\football_v\99_DOCUMENTATION\architecture_cleanup\FINAL_CLEANUP_V3.0\DEPRECATED_ARCHIVE\prediction.py
,,health,DATA_LAYER,E:\football_v\99_DOCUMENTATION\architecture_cleanup\FINAL_CLEANUP_V3.0\DEPRECATED_ARCHIVE\prediction_api.py
,,,RUNTIME_LAYER,E:\football_v\99_DOCUMENTATION\architecture_cleanup\FINAL_CLEANUP_V3.0\DEPRECATED_ARCHIVE\prediction_controller.py
,,,RUNTIME_LAYER,E:\football_v\99_DOCUMENTATION\architecture_cleanup\FINAL_CLEANUP_V3.0\DEPRECATED_ARCHIVE\prediction_db.py
,,health,MODEL_LAYER|RUNTIME_LAYER|DATA_LAYER,E:\football_v\99_DOCUMENTATION\architecture_cleanup\FINAL_CLEANUP_V3.0\DEPRECATED_ARCHIVE\prediction_engine.py
,,,,E:\football_v\99_DOCUMENTATION\architecture_cleanup\FINAL_CLEANUP_V3.0\DEPRECATED_ARCHIVE\prediction_executor.py
,,,,E:\football_v\99_DOCUMENTATION\architecture_cleanup\FINAL_CLEANUP_V3.0\DEPRECATED_ARCHIVE\prediction_monitor.py
,,,,E:\football_v\99_DOCUMENTATION\architecture_cleanup\FINAL_CLEANUP_V3.0\DEPRECATED_ARCHIVE\prediction_output.py
,,,PREDICTION_LAYER,E:\football_v\99_DOCUMENTATION\architecture_cleanup\FINAL_CLEANUP_V3.0\DEPRECATED_ARCHIVE\prediction_pipeline.py
"invalid decimal literal (<unknown>, line 3)",,,,E:\football_v\99_DOCUMENTATION\architecture_cleanup\FINAL_CLEANUP_V3.0\DEPRECATED_ARCHIVE\prediction_report.py
,,,,E:\football_v\99_DOCUMENTATION\architecture_cleanup\FINAL_CLEANUP_V3.0\DEPRECATED_ARCHIVE\prediction_runner.py
,,,,E:\football_v\99_DOCUMENTATION\architecture_cleanup\FINAL_CLEANUP_V3.0\DEPRECATED_ARCHIVE\prediction_runtime.py
,,,PREDICTION_LAYER,E:\football_v\99_DOCUMENTATION\architecture_cleanup\FINAL_CLEANUP_V3.0\DEPRECATED_ARCHIVE\prediction_storage.py
,,,,E:\football_v\99_DOCUMENTATION\architecture_cleanup\FINAL_CLEANUP_V3.0\DEPRECATED_ARCHIVE\probability_checker.py
,,,RUNTIME_LAYER,E:\football_v\99_DOCUMENTATION\architecture_cleanup\FINAL_CLEANUP_V3.0\DEPRECATED_ARCHIVE\production_pipeline.py
,,,,E:\football_v\99_DOCUMENTATION\architecture_cleanup\FINAL_CLEANUP_V3.0\DEPRECATED_ARCHIVE\quality__init__.py
,,,,E:\football_v\99_DOCUMENTATION\architecture_cleanup\FINAL_CLEANUP_V3.0\DEPRECATED_ARCHIVE\release_checker.py
,,,,E:\football_v\99_DOCUMENTATION\architecture_cleanup\FINAL_CLEANUP_V3.0\DEPRECATED_ARCHIVE\release_manager.py
,,health,DATA_LAYER,E:\football_v\99_DOCUMENTATION\architecture_cleanup\FINAL_CLEANUP_V3.0\DEPRECATED_ARCHIVE\report_api.py
,,,RUNTIME_LAYER,E:\football_v\99_DOCUMENTATION\architecture_cleanup\FINAL_CLEANUP_V3.0\DEPRECATED_ARCHIVE\report_exporter.py
,,health,MODEL_LAYER|RUNTIME_LAYER|DATA_LAYER,E:\football_v\99_DOCUMENTATION\architecture_cleanup\FINAL_CLEANUP_V3.0\DEPRECATED_ARCHIVE\report_generator.py
,,,,E:\football_v\99_DOCUMENTATION\architecture_cleanup\FINAL_CLEANUP_V3.0\DEPRECATED_ARCHIVE\report_viewer.py
,,,,E:\football_v\99_DOCUMENTATION\architecture_cleanup\FINAL_CLEANUP_V3.0\DEPRECATED_ARCHIVE\report_writer.py
,,,,E:\football_v\99_DOCUMENTATION\architecture_cleanup\FINAL_CLEANUP_V3.0\DEPRECATED_ARCHIVE\request_validator.py
,,,RUNTIME_LAYER,E:\football_v\99_DOCUMENTATION\architecture_cleanup\FINAL_CLEANUP_V3.0\DEPRECATED_ARCHIVE\result_repository.py
,,,PREDICTION_LAYER,E:\football_v\99_DOCUMENTATION\architecture_cleanup\FINAL_CLEANUP_V3.0\DEPRECATED_ARCHIVE\result_writer.py
,,,RUNTIME_LAYER,E:\football_v\99_DOCUMENTATION\architecture_cleanup\FINAL_CLEANUP_V3.0\DEPRECATED_ARCHIVE\risk_analyzer.py
,Engine,run,RUNTIME_LAYER|DATA_LAYER,E:\football_v\99_DOCUMENTATION\architecture_cleanup\FINAL_CLEANUP_V3.0\DEPRECATED_ARCHIVE\risk_detector.py
,,health,MODEL_LAYER|RUNTIME_LAYER|DATA_LAYER,E:\football_v\99_DOCUMENTATION\architecture_cleanup\FINAL_CLEANUP_V3.0\DEPRECATED_ARCHIVE\risk_engine.py
,,,PREDICTION_LAYER,E:\football_v\99_DOCUMENTATION\architecture_cleanup\FINAL_CLEANUP_V3.0\DEPRECATED_ARCHIVE\risk_filter.py
,,,,E:\football_v\99_DOCUMENTATION\architecture_cleanup\FINAL_CLEANUP_V3.0\DEPRECATED_ARCHIVE\risk_report.py
,,,MODEL_LAYER,E:\football_v\99_DOCUMENTATION\architecture_cleanup\FINAL_CLEANUP_V3.0\DEPRECATED_ARCHIVE\rollback_manager.py
,,,,E:\football_v\99_DOCUMENTATION\architecture_cleanup\FINAL_CLEANUP_V3.0\DEPRECATED_ARCHIVE\runtime_controller.py
"invalid decimal literal (<unknown>, line 3)",,,,E:\football_v\99_DOCUMENTATION\architecture_cleanup\FINAL_CLEANUP_V3.0\DEPRECATED_ARCHIVE\runtime_engine.py
"invalid non-printable character U+FEFF (<unknown>, line 1)",,,,E:\football_v\99_DOCUMENTATION\architecture_cleanup\FINAL_CLEANUP_V3.0\DEPRECATED_ARCHIVE\schema_validator.py
,Engine,run,RUNTIME_LAYER|DATA_LAYER,E:\football_v\99_DOCUMENTATION\architecture_cleanup\FINAL_CLEANUP_V3.0\DEPRECATED_ARCHIVE\score_predictor.py
,,,,E:\football_v\99_DOCUMENTATION\architecture_cleanup\FINAL_CLEANUP_V3.0\DEPRECATED_ARCHIVE\score_report.py
,,,,E:\football_v\99_DOCUMENTATION\architecture_cleanup\FINAL_CLEANUP_V3.0\DEPRECATED_ARCHIVE\service_gateway.py
,,,,E:\football_v\99_DOCUMENTATION\architecture_cleanup\FINAL_CLEANUP_V3.0\DEPRECATED_ARCHIVE\setup_logger_module.py
,,,,E:\football_v\99_DOCUMENTATION\architecture_cleanup\FINAL_CLEANUP_V3.0\DEPRECATED_ARCHIVE\system_dashboard.py
,,,DATA_LAYER,E:\football_v\99_DOCUMENTATION\architecture_cleanup\FINAL_CLEANUP_V3.0\DEPRECATED_ARCHIVE\system_registry.py
,,,,E:\football_v\99_DOCUMENTATION\architecture_cleanup\FINAL_CLEANUP_V3.0\DEPRECATED_ARCHIVE\system_validator.py
,,,,E:\football_v\99_DOCUMENTATION\architecture_cleanup\FINAL_CLEANUP_V3.0\DEPRECATED_ARCHIVE\task_queue_init.py
,,health,DATA_LAYER,E:\football_v\99_DOCUMENTATION\architecture_cleanup\FINAL_CLEANUP_V3.0\DEPRECATED_ARCHIVE\test_api.py
,,health,DATA_LAYER,E:\football_v\99_DOCUMENTATION\architecture_cleanup\FINAL_CLEANUP_V3.0\DEPRECATED_ARCHIVE\test_dashboard.py
,,health,DATA_LAYER,E:\football_v\99_DOCUMENTATION\architecture_cleanup\FINAL_CLEANUP_V3.0\DEPRECATED_ARCHIVE\test_database_governance.py
,,health,MODEL_LAYER|RUNTIME_LAYER|DATA_LAYER,E:\football_v\99_DOCUMENTATION\architecture_cleanup\FINAL_CLEANUP_V3.0\DEPRECATED_ARCHIVE\test_execution_engine.py
,,health,MODEL_LAYER|DATA_LAYER,E:\football_v\99_DOCUMENTATION\architecture_cleanup\FINAL_CLEANUP_V3.0\DEPRECATED_ARCHIVE\test_model_store.py
"invalid non-printable character U+FEFF (<unknown>, line 1)",,,,E:\football_v\99_DOCUMENTATION\architecture_cleanup\FINAL_CLEANUP_V3.0\DEPRECATED_ARCHIVE\validation_exception.py
"invalid non-printable character U+FEFF (<unknown>, line 1)",,,,E:\football_v\99_DOCUMENTATION\architecture_cleanup\FINAL_CLEANUP_V3.0\DEPRECATED_ARCHIVE\validation_result.py
,,,RUNTIME_LAYER,E:\football_v\99_DOCUMENTATION\architecture_cleanup\FINAL_CLEANUP_V3.0\DEPRECATED_ARCHIVE\value_analyzer.py
,Engine,run,RUNTIME_LAYER|DATA_LAYER,E:\football_v\99_DOCUMENTATION\architecture_cleanup\FINAL_CLEANUP_V3.0\DEPRECATED_ARCHIVE\value_calculator.py
,,,DATA_LAYER,E:\football_v\99_DOCUMENTATION\architecture_cleanup\FINAL_CLEANUP_V3.0\DEPRECATED_ARCHIVE\version_control.py
"invalid non-printable character U+FEFF (<unknown>, line 1)",,,,E:\football_v\99_DOCUMENTATION\architecture_cleanup\FINAL_CLEANUP_V3.0\DEPRECATED_ARCHIVE\version_service.py
,,,MODEL_LAYER,E:\football_v\99_DOCUMENTATION\architecture_cleanup\FINAL_CLEANUP_V3.0\DEPRECATED_ARCHIVE\weight_storage.py
,Engine,run,RUNTIME_LAYER|DATA_LAYER,E:\football_v\99_DOCUMENTATION\architecture_cleanup\FINAL_CLEANUP_V3.0\DEPRECATED_ARCHIVE\xgboost_loader.py
"invalid non-printable character U+FEFF (<unknown>, line 1)",,,,E:\football_v\99_DOCUMENTATION\architecture_cleanup\FINAL_CLEANUP_V3.0\DEPRECATED_ARCHIVE\__init__.py
"invalid non-printable character U+FEFF (<unknown>, line 1)",,,,E:\football_v\99_DOCUMENTATION\architecture_cleanup\tools\code_reference_impact_scan.py
"invalid non-printable character U+FEFF (<unknown>, line 1)",,,,E:\football_v\99_DOCUMENTATION\architecture_cleanup\tools\code_reference_impact_scan_v1_1.py
"invalid non-printable character U+FEFF (<unknown>, line 1)",,,,E:\football_v\99_DOCUMENTATION\architecture_cleanup\tools\duplicate_scanner_V1.0.py
"invalid non-printable character U+FEFF (<unknown>, line 1)",,,,E:\football_v\99_DOCUMENTATION\architecture_cleanup\tools\merge_planner_V1.0.py
,,write_log,VALUE_LAYER|FEATURE_LAYER,E:\football_v\99_DOCUMENTATION\backup\Core_Backup_V1.2\core\logger.py
"invalid non-printable character U+FEFF (<unknown>, line 1)",,,,E:\football_v\99_DOCUMENTATION\backup\Core_Cleanup_Patch_V12\framework_initializer_backup.py
"invalid non-printable character U+FEFF (<unknown>, line 1)",,,,E:\football_v\99_DOCUMENTATION\backup\logger_cleanup_v13\logger.py
,StorageManager,__init__|scan_files|calculate_hash|create_inventory,FEATURE_LAYER|DATA_LAYER,E:\football_v\99_DOCUMENTATION\backup\Storage_Merge_V1.0\storage_manager.py
"invalid non-printable character U+FEFF (<unknown>, line 1)",,,,E:\football_v\99_DOCUMENTATION\checkpoints\database_backup_v11\db_connection_backup.py
"invalid non-printable character U+FEFF (<unknown>, line 1)",,,,E:\football_v\99_DOCUMENTATION\checkpoints\exception_backup_v10\exception\base_exception.py
"invalid non-printable character U+FEFF (<unknown>, line 1)",,,,E:\football_v\99_DOCUMENTATION\checkpoints\exception_backup_v10\exception\__init__.py
,,ensure_folder|move_file|file_exists,,E:\football_v\99_DOCUMENTATION\checkpoints\file_service_backup_v11\file_service_backup.py
,,calculate_hash,DATA_LAYER,E:\football_v\99_DOCUMENTATION\checkpoints\hash_service_backup_v11\hash_service_backup.py
,,generate_version_name,,E:\football_v\99_DOCUMENTATION\checkpoints\version_service_backup_v11\version_service_backup.py
"invalid non-printable character U+FEFF (<unknown>, line 1)",,,,E:\football_v\99_DOCUMENTATION\tools\architecture_cleanup_scanner_V1.0.py
,,save_checkpoint,RUNTIME_LAYER|DATA_LAYER,E:\football_v\99_DOCUMENTATION\tools\save_checkpoint.py
,,,RUNTIME_LAYER,E:\football_v\99_PRODUCTION_MONITOR_ENGINE\module.py
"invalid non-printable character U+FEFF (<unknown>, line 1)",,,,E:\football_v\AI_RUNTIME\ai_report.py
"invalid non-printable character U+FEFF (<unknown>, line 1)",,,,E:\football_v\AI_RUNTIME\console.py
"invalid non-printable character U+FEFF (<unknown>, line 1)",,,,E:\football_v\AI_RUNTIME\engine.py
"invalid non-printable character U+FEFF (<unknown>, line 1)",,,,E:\football_v\AI_RUNTIME\final_decision.py
"invalid non-printable character U+FEFF (<unknown>, line 1)",,,,E:\football_v\AI_RUNTIME\model_connector.py
"invalid non-printable character U+FEFF (<unknown>, line 1)",,,,E:\football_v\AI_RUNTIME\model_fusion.py
"invalid non-printable character U+FEFF (<unknown>, line 1)",,,,E:\football_v\AI_RUNTIME\model_outputs.py
"invalid non-printable character U+FEFF (<unknown>, line 1)",,,,E:\football_v\AI_RUNTIME\model_runtime_connector.py
"invalid non-printable character U+FEFF (<unknown>, line 1)",,,,E:\football_v\AI_RUNTIME\prediction_executor.py
,,generate,DATA_LAYER,E:\football_v\AI_RUNTIME\report.py
"invalid non-printable character U+FEFF (<unknown>, line 1)",,,,E:\football_v\AI_RUNTIME\router.py
,,run,MODEL_LAYER|RUNTIME_LAYER|DATA_LAYER,E:\football_v\AI_RUNTIME\runtime.py
"invalid non-printable character U+FEFF (<unknown>, line 1)",,,,E:\football_v\archive\common_service_migration\common_service_migration_check.py
"invalid non-printable character U+FEFF (<unknown>, line 1)",,,,E:\football_v\archive\common_service_migration\core_service_compare.py
"invalid non-printable character U+FEFF (<unknown>, line 1)",,,,E:\football_v\archive\common_service_migration\core_service_compare_v2.py
"invalid non-printable character U+FEFF (<unknown>, line 1)",,,,E:\football_v\archive\logger_migration\logger_core_merge_v1.py
"invalid non-printable character U+FEFF (<unknown>, line 1)",,,,E:\football_v\archive\logger_migration\logger_upgrade_v1.py
,,,VALUE_LAYER|RUNTIME_LAYER|FEATURE_LAYER|DATA_LAYER,E:\football_v\archive\logger_migration\setup_logger_module.py
"invalid syntax (<unknown>, line 1)",,,,E:\football_v\deploy\deploy_v15_phase2.py
"invalid non-printable character U+FEFF (<unknown>, line 1)",,,,E:\football_v\deploy\deploy_v15_phase2_patch2.py
,,,RUNTIME_LAYER|DATA_LAYER,E:\football_v\deploy\deploy_v15_phase2_patch3.py
,,write_file,VALUE_LAYER|RUNTIME_LAYER|DATA_LAYER,E:\football_v\deploy\deploy_v15_phase3_11_knowledge_graph.py
"invalid non-printable character U+FEFF (<unknown>, line 1)",,,,E:\football_v\deploy\deploy_v15_phase3_12_15_core_intelligence.py
,,,VALUE_LAYER|RUNTIME_LAYER|FEATURE_LAYER|DATA_LAYER,E:\football_v\deploy\deploy_v15_phase3_3_reasoning.py
,,,VALUE_LAYER|MODEL_LAYER|RUNTIME_LAYER|DATA_LAYER|PREDICTION_LAYER|FEATURE_LAYER,E:\football_v\deploy\deploy_v15_phase3_4.py
,,,VALUE_LAYER|RUNTIME_LAYER|FEATURE_LAYER|DATA_LAYER,E:\football_v\deploy\deploy_v15_phase3_5.py
,,write_file,VALUE_LAYER|MODEL_LAYER|RUNTIME_LAYER|DATA_LAYER|PREDICTION_LAYER|FEATURE_LAYER,E:\football_v\deploy\deploy_v15_phase3_6.py
,,write_file,VALUE_LAYER|FEATURE_LAYER|DATA_LAYER|PREDICTION_LAYER|RUNTIME_LAYER,E:\football_v\deploy\deploy_v15_phase3_7_real.py
"invalid non-printable character U+FEFF (<unknown>, line 1)",,,,E:\football_v\deploy\deploy_v15_phase3_8_10.py
"invalid non-printable character U+FEFF (<unknown>, line 1)",,,,E:\football_v\deploy\deploy_v15_phase4_core_prediction.py
,,write,VALUE_LAYER|MODEL_LAYER|BETTING_LAYER|RUNTIME_LAYER|DATA_LAYER|PREDICTION_LAYER|MARKET_LAYER|FEATURE_LAYER,E:\football_v\deploy\deploy_v15_phase5_core.py
,,write,VALUE_LAYER|MODEL_LAYER|RUNTIME_LAYER|DATA_LAYER|PREDICTION_LAYER|FEATURE_LAYER,E:\football_v\deploy\deploy_v15_phase6_training.py
"invalid non-printable character U+FEFF (<unknown>, line 1)",,,,E:\football_v\deployment_scripts\application_layer_db_test_tmp.py
"invalid non-printable character U+FEFF (<unknown>, line 1)",,,,E:\football_v\deployment_scripts\application_layer_V2.5_initializer.py
"invalid non-printable character U+FEFF (<unknown>, line 1)",,,,E:\football_v\deployment_scripts\audit_feedback_flow_v4.py
"invalid non-printable character U+FEFF (<unknown>, line 1)",,,,E:\football_v\deployment_scripts\audit_feedback_pipeline.py
"invalid non-printable character U+FEFF (<unknown>, line 1)",,,,E:\football_v\deployment_scripts\audit_learning_database_schema_v4.py
"invalid non-printable character U+FEFF (<unknown>, line 1)",,,,E:\football_v\deployment_scripts\audit_learning_pipeline_final.py
"invalid non-printable character U+FEFF (<unknown>, line 1)",,,,E:\football_v\deployment_scripts\audit_self_learning_engine_v4.py
"invalid non-printable character U+FEFF (<unknown>, line 1)",,,,E:\football_v\deployment_scripts\check_database_migration_V1.0.py
"invalid non-printable character U+FEFF (<unknown>, line 1)",,,,E:\football_v\deployment_scripts\check_feedback_tables.py
"invalid non-printable character U+FEFF (<unknown>, line 1)",,,,E:\football_v\deployment_scripts\check_learning_feedback_db.py
"invalid non-printable character U+FEFF (<unknown>, line 1)",,,,E:\football_v\deployment_scripts\check_prediction_feedback_count.py
"invalid non-printable character U+FEFF (<unknown>, line 1)",,,,E:\football_v\deployment_scripts\check_prediction_feedback_table.py
"invalid non-printable character U+FEFF (<unknown>, line 1)",,,,E:\football_v\deployment_scripts\check_prediction_result_schema.py
"invalid non-printable character U+FEFF (<unknown>, line 1)",,,,E:\football_v\deployment_scripts\create_prediction_feedback_table.py
"invalid non-printable character U+FEFF (<unknown>, line 1)",,,,E:\football_v\deployment_scripts\database_four_check_engine_V1.0.py
"invalid non-printable character U+FEFF (<unknown>, line 1)",,,,E:\football_v\deployment_scripts\database_init_system_db_V2.2.3.py
"invalid non-printable character U+FEFF (<unknown>, line 1)",,,,E:\football_v\deployment_scripts\database_system_db_migration_V2.2.2.py
"invalid non-printable character U+FEFF (<unknown>, line 1)",,,,E:\football_v\deployment_scripts\database_system_db_validation_V2.2.4.py
"invalid non-printable character U+FEFF (<unknown>, line 1)",,,,E:\football_v\deployment_scripts\database_unified_migration_engine_V2.2.py
"invalid non-printable character U+FEFF (<unknown>, line 1)",,,,E:\football_v\deployment_scripts\database_unified_validation_V2.2.1.py
"invalid non-printable character U+FEFF (<unknown>, line 1)",,,,E:\football_v\deployment_scripts\db_check_tmp.py
"invalid non-printable character U+FEFF (<unknown>, line 1)",,,,E:\football_v\deployment_scripts\decision_layer_db_test_tmp.py
"invalid non-printable character U+FEFF (<unknown>, line 1)",,,,E:\football_v\deployment_scripts\decision_layer_V2.4_initializer.py
"invalid non-printable character U+FEFF (<unknown>, line 1)",,,,E:\football_v\deployment_scripts\deploy_ai_intelligence_batch_02_06_V2.0.py
"invalid non-printable character U+FEFF (<unknown>, line 1)",,,,E:\football_v\deployment_scripts\deploy_feature_engine_history_V1.0.1.py
"invalid non-printable character U+FEFF (<unknown>, line 1)",,,,E:\football_v\deployment_scripts\deploy_feature_engine_history_V1.0.py
"invalid non-printable character U+FEFF (<unknown>, line 1)",,,,E:\football_v\deployment_scripts\deploy_feature_model_layer_V1.0.py
"invalid non-printable character U+FEFF (<unknown>, line 1)",,,,E:\football_v\deployment_scripts\deploy_football_ai_os_unified_V2.1.py
"invalid non-printable character U+FEFF (<unknown>, line 1)",,,,E:\football_v\deployment_scripts\deploy_full_prediction_ai_V2.1.py
"invalid non-printable character U+FEFF (<unknown>, line 1)",,,,E:\football_v\deployment_scripts\deploy_phase10_batch02_real_model_V1.0.py
"invalid non-printable character U+FEFF (<unknown>, line 1)",,,,E:\football_v\deployment_scripts\deploy_prediction_engine_V1.0.py
"invalid non-printable character U+FEFF (<unknown>, line 1)",,,,E:\football_v\deployment_scripts\deploy_prediction_engine_V1.1_REAL_FIX.py
"invalid non-printable character U+FEFF (<unknown>, line 1)",,,,E:\football_v\deployment_scripts\deploy_prediction_intelligence_batch_01_V2.0.py
"invalid non-printable character U+FEFF (<unknown>, line 1)",,,,E:\football_v\deployment_scripts\deploy_prediction_intelligence_V1.4_REAL.py
"invalid non-printable character U+FEFF (<unknown>, line 1)",,,,E:\football_v\deployment_scripts\deploy_prediction_patch_V2.1.1.py
"invalid non-printable character U+FEFF (<unknown>, line 1)",,,,E:\football_v\deployment_scripts\deploy_prediction_phase_V1.2_batch.py
,,write_files|create_reports,MODEL_LAYER|BETTING_LAYER|DATA_LAYER|PREDICTION_LAYER|MARKET_LAYER|RUNTIME_LAYER,E:\football_v\deployment_scripts\deploy_remaining_batch_V1.5.py
"invalid non-printable character U+FEFF (<unknown>, line 1)",,,,E:\football_v\deployment_scripts\deploy_training_engine_batch_01_V2.0.py
"invalid non-printable character U+FEFF (<unknown>, line 1)",,,,E:\football_v\deployment_scripts\football_ai_os_V2.0_real_engine.py
"invalid non-printable character U+FEFF (<unknown>, line 1)",,,,E:\football_v\deployment_scripts\global_audit.py
"invalid non-printable character U+FEFF (<unknown>, line 1)",,,,E:\football_v\deployment_scripts\integration_layer_V2.6_initializer.py
"invalid non-printable character U+FEFF (<unknown>, line 1)",,,,E:\football_v\deployment_scripts\model_layer_V2.3_initializer.py
"invalid non-printable character U+FEFF (<unknown>, line 1)",,,,E:\football_v\deployment_scripts\model_migration_engine_V1.0.py
"invalid non-printable character U+FEFF (<unknown>, line 1)",,,,E:\football_v\deployment_scripts\model_migration_engine_V1.1.py
"invalid non-printable character U+FEFF (<unknown>, line 1)",,,,E:\football_v\deployment_scripts\prediction_database_test_V1.3.py
"invalid non-printable character U+FEFF (<unknown>, line 1)",,,,E:\football_v\deployment_scripts\prediction_database_test_V1.4.py
"invalid non-printable character U+FEFF (<unknown>, line 1)",,,,E:\football_v\deployment_scripts\prediction_intelligence_init_V1.3_FIX.py
"invalid non-printable character U+FEFF (<unknown>, line 1)",,,,E:\football_v\deployment_scripts\test_feedback_connector.py
"invalid non-printable character U+FEFF (<unknown>, line 1)",,,,E:\football_v\deployment_scripts\upgrade_model_registry_schema_V1.0.py
"invalid non-printable character U+FEFF (<unknown>, line 1)",,,,E:\football_v\tools\code_logic_duplicate_impact_scan.py
"invalid non-printable character U+FEFF (<unknown>, line 1)",,,,E:\football_v\tools\code_logic_duplicate_scanner.py
"invalid non-printable character U+FEFF (<unknown>, line 1)",,,,E:\football_v\tools\code_logic_duplicate_scanner_v2.py
,,,,E:\football_v\USER_INTERFACE_LAYER\ai_console.py
,,call_system,,E:\football_v\USER_INTERFACE_LAYER\api_connector.py
,,process,RUNTIME_LAYER,E:\football_v\USER_INTERFACE_LAYER\chat_runtime.py
,,route,MODEL_LAYER|DATA_LAYER,E:\football_v\USER_INTERFACE_LAYER\command_router.py
