keyword,count,file
data,3,E:\football_v\deploy_frozen_v15_completion.py
json,5,E:\football_v\deploy_frozen_v15_completion.py
database,1,E:\football_v\deploy_frozen_v15_completion.py
db,1,E:\football_v\deploy_frozen_v15_completion.py
feature,2,E:\football_v\deploy_frozen_v15_completion.py
form,1,E:\football_v\deploy_frozen_v15_completion.py
model,6,E:\football_v\deploy_frozen_v15_completion.py
predict,1,E:\football_v\deploy_frozen_v15_completion.py
prediction,1,E:\football_v\deploy_frozen_v15_completion.py
engine,3,E:\football_v\deploy_frozen_v15_completion.py
executor,1,E:\football_v\deploy_frozen_v15_completion.py
pipeline,1,E:\football_v\deploy_frozen_v15_completion.py
router,1,E:\football_v\deploy_frozen_v15_completion.py
service,1,E:\football_v\deploy_frozen_v15_completion.py
json,5,E:\football_v\deploy_local_console_v1.py
router,2,E:\football_v\deploy_local_console_v1.py
data,2,E:\football_v\deploy_phase11.py
load,1,E:\football_v\deploy_phase11.py
read,1,E:\football_v\deploy_phase11.py
json,7,E:\football_v\deploy_phase11.py
feature,4,E:\football_v\deploy_phase11.py
predict,5,E:\football_v\deploy_phase11.py
prediction,5,E:\football_v\deploy_phase11.py
score,1,E:\football_v\deploy_phase11.py
odds,1,E:\football_v\deploy_phase11.py
engine,2,E:\football_v\deploy_phase11.py
runtime,4,E:\football_v\deploy_phase11.py
service,1,E:\football_v\deploy_phase11.py
data,1,E:\football_v\deploy_phase12.py
json,3,E:\football_v\deploy_phase12.py
db,1,E:\football_v\deploy_phase12.py
feature,3,E:\football_v\deploy_phase12.py
model,2,E:\football_v\deploy_phase12.py
predict,3,E:\football_v\deploy_phase12.py
prediction,3,E:\football_v\deploy_phase12.py
score,1,E:\football_v\deploy_phase12.py
odds,1,E:\football_v\deploy_phase12.py
engine,2,E:\football_v\deploy_phase12.py
runtime,5,E:\football_v\deploy_phase12.py
pipeline,1,E:\football_v\deploy_phase12.py
load,1,E:\football_v\deploy_phase13.py
json,3,E:\football_v\deploy_phase13.py
feature,3,E:\football_v\deploy_phase13.py
model,2,E:\football_v\deploy_phase13.py
predict,4,E:\football_v\deploy_phase13.py
prediction,3,E:\football_v\deploy_phase13.py
probability,1,E:\football_v\deploy_phase13.py
score,1,E:\football_v\deploy_phase13.py
engine,2,E:\football_v\deploy_phase13.py
runtime,1,E:\football_v\deploy_phase13.py
data,1,E:\football_v\deploy_phase14.py
read,1,E:\football_v\deploy_phase14.py
json,3,E:\football_v\deploy_phase14.py
database,1,E:\football_v\deploy_phase14.py
query,2,E:\football_v\deploy_phase14.py
feature,3,E:\football_v\deploy_phase14.py
model,3,E:\football_v\deploy_phase14.py
predict,6,E:\football_v\deploy_phase14.py
prediction,6,E:\football_v\deploy_phase14.py
engine,2,E:\football_v\deploy_phase14.py
runtime,1,E:\football_v\deploy_phase14.py
executor,1,E:\football_v\deploy_phase14.py
pipeline,3,E:\football_v\deploy_phase14.py
load,1,E:\football_v\deploy_phase15.py
json,3,E:\football_v\deploy_phase15.py
model,2,E:\football_v\deploy_phase15.py
predict,3,E:\football_v\deploy_phase15.py
prediction,3,E:\football_v\deploy_phase15.py
odds,2,E:\football_v\deploy_phase15.py
market,2,E:\football_v\deploy_phase15.py
value,3,E:\football_v\deploy_phase15.py
engine,2,E:\football_v\deploy_phase15.py
runtime,5,E:\football_v\deploy_phase15.py
data,1,E:\football_v\deploy_phase16.py
json,3,E:\football_v\deploy_phase16.py
database,1,E:\football_v\deploy_phase16.py
db,1,E:\football_v\deploy_phase16.py
feature,3,E:\football_v\deploy_phase16.py
form,1,E:\football_v\deploy_phase16.py
predict,2,E:\football_v\deploy_phase16.py
prediction,2,E:\football_v\deploy_phase16.py
forecast,3,E:\football_v\deploy_phase16.py
engine,3,E:\football_v\deploy_phase16.py
runtime,1,E:\football_v\deploy_phase16.py
executor,1,E:\football_v\deploy_phase16.py
service,3,E:\football_v\deploy_phase16.py
load,1,E:\football_v\deploy_phase17.py
json,3,E:\football_v\deploy_phase17.py
feature,3,E:\football_v\deploy_phase17.py
predict,5,E:\football_v\deploy_phase17.py
prediction,5,E:\football_v\deploy_phase17.py
odds,3,E:\football_v\deploy_phase17.py
engine,1,E:\football_v\deploy_phase17.py
runtime,1,E:\football_v\deploy_phase17.py
executor,2,E:\football_v\deploy_phase17.py
json,5,E:\football_v\deploy_phase18_20.py
db,1,E:\football_v\deploy_phase18_20.py
feature,1,E:\football_v\deploy_phase18_20.py
predict,2,E:\football_v\deploy_phase18_20.py
prediction,2,E:\football_v\deploy_phase18_20.py
probability,1,E:\football_v\deploy_phase18_20.py
score,1,E:\football_v\deploy_phase18_20.py
odds,1,E:\football_v\deploy_phase18_20.py
market,1,E:\football_v\deploy_phase18_20.py
handicap,1,E:\football_v\deploy_phase18_20.py
engine,4,E:\football_v\deploy_phase18_20.py
json,3,E:\football_v\deploy_phase21_25.py
feature,1,E:\football_v\deploy_phase21_25.py
elo,1,E:\football_v\deploy_phase21_25.py
dixon,1,E:\football_v\deploy_phase21_25.py
poisson,1,E:\football_v\deploy_phase21_25.py
xgboost,1,E:\football_v\deploy_phase21_25.py
model,2,E:\football_v\deploy_phase21_25.py
predict,2,E:\football_v\deploy_phase21_25.py
prediction,1,E:\football_v\deploy_phase21_25.py
probability,1,E:\football_v\deploy_phase21_25.py
value,1,E:\football_v\deploy_phase21_25.py
bet,1,E:\football_v\deploy_phase21_25.py
kelly,1,E:\football_v\deploy_phase21_25.py
engine,7,E:\football_v\deploy_phase21_25.py
runtime,5,E:\football_v\deploy_phase21_25.py
json,3,E:\football_v\deploy_phase26_30.py
feature,1,E:\football_v\deploy_phase26_30.py
model,1,E:\football_v\deploy_phase26_30.py
predict,1,E:\football_v\deploy_phase26_30.py
prediction,1,E:\football_v\deploy_phase26_30.py
engine,2,E:\football_v\deploy_phase26_30.py
json,3,E:\football_v\deploy_phase31_35.py
odds,1,E:\football_v\deploy_phase31_35.py
market,3,E:\football_v\deploy_phase31_35.py
handicap,1,E:\football_v\deploy_phase31_35.py
movement,1,E:\football_v\deploy_phase31_35.py
capital,1,E:\football_v\deploy_phase31_35.py
value,1,E:\football_v\deploy_phase31_35.py
engine,5,E:\football_v\deploy_phase31_35.py
runtime,1,E:\football_v\deploy_phase31_35.py
json,3,E:\football_v\deploy_phase36_40.py
history,1,E:\football_v\deploy_phase36_40.py
odds,1,E:\football_v\deploy_phase36_40.py
market,3,E:\football_v\deploy_phase36_40.py
handicap,1,E:\football_v\deploy_phase36_40.py
value,1,E:\football_v\deploy_phase36_40.py
bet,1,E:\football_v\deploy_phase36_40.py
engine,5,E:\football_v\deploy_phase36_40.py
runtime,1,E:\football_v\deploy_phase36_40.py
data,5,E:\football_v\deploy_remaining_modules_V1.5_FINAL.py
load,1,E:\football_v\deploy_remaining_modules_V1.5_FINAL.py
read,2,E:\football_v\deploy_remaining_modules_V1.5_FINAL.py
json,8,E:\football_v\deploy_remaining_modules_V1.5_FINAL.py
database,3,E:\football_v\deploy_remaining_modules_V1.5_FINAL.py
form,1,E:\football_v\deploy_remaining_modules_V1.5_FINAL.py
model,9,E:\football_v\deploy_remaining_modules_V1.5_FINAL.py
predict,3,E:\football_v\deploy_remaining_modules_V1.5_FINAL.py
prediction,3,E:\football_v\deploy_remaining_modules_V1.5_FINAL.py
kelly,1,E:\football_v\deploy_remaining_modules_V1.5_FINAL.py
engine,9,E:\football_v\deploy_remaining_modules_V1.5_FINAL.py
data,9,E:\football_v\deploy_v15_phase2_patch3.py
engine,20,E:\football_v\deploy_v15_phase2_patch3.py
data,1,E:\football_v\final_acceptance_test.py
json,3,E:\football_v\final_acceptance_test.py
database,1,E:\football_v\final_acceptance_test.py
feature,1,E:\football_v\final_acceptance_test.py
elo,1,E:\football_v\final_acceptance_test.py
dixon,1,E:\football_v\final_acceptance_test.py
poisson,1,E:\football_v\final_acceptance_test.py
xgboost,1,E:\football_v\final_acceptance_test.py
model,5,E:\football_v\final_acceptance_test.py
predict,1,E:\football_v\final_acceptance_test.py
prediction,1,E:\football_v\final_acceptance_test.py
probability,1,E:\football_v\final_acceptance_test.py
market,1,E:\football_v\final_acceptance_test.py
handicap,1,E:\football_v\final_acceptance_test.py
value,1,E:\football_v\final_acceptance_test.py
kelly,1,E:\football_v\final_acceptance_test.py
engine,4,E:\football_v\final_acceptance_test.py
data,3,E:\football_v\phase12_test.py
json,3,E:\football_v\phase12_test.py
feature,1,E:\football_v\phase12_test.py
model,1,E:\football_v\phase12_test.py
predict,1,E:\football_v\phase12_test.py
prediction,1,E:\football_v\phase12_test.py
engine,1,E:\football_v\phase12_test.py
runtime,2,E:\football_v\phase12_test.py
pipeline,1,E:\football_v\phase12_test.py
data,2,E:\football_v\phase13_test.py
json,3,E:\football_v\phase13_test.py
feature,1,E:\football_v\phase13_test.py
model,1,E:\football_v\phase13_test.py
predict,1,E:\football_v\phase13_test.py
prediction,1,E:\football_v\phase13_test.py
engine,2,E:\football_v\phase13_test.py
json,3,E:\football_v\phase14_test.py
query,1,E:\football_v\phase14_test.py
feature,1,E:\football_v\phase14_test.py
model,1,E:\football_v\phase14_test.py
predict,2,E:\football_v\phase14_test.py
prediction,2,E:\football_v\phase14_test.py
engine,2,E:\football_v\phase14_test.py
runtime,1,E:\football_v\phase14_test.py
pipeline,1,E:\football_v\phase14_test.py
json,3,E:\football_v\phase15_test.py
model,1,E:\football_v\phase15_test.py
predict,1,E:\football_v\phase15_test.py
prediction,1,E:\football_v\phase15_test.py
odds,1,E:\football_v\phase15_test.py
market,1,E:\football_v\phase15_test.py
value,1,E:\football_v\phase15_test.py
engine,1,E:\football_v\phase15_test.py
runtime,2,E:\football_v\phase15_test.py
data,1,E:\football_v\phase16_test.py
json,3,E:\football_v\phase16_test.py
database,1,E:\football_v\phase16_test.py
feature,1,E:\football_v\phase16_test.py
predict,1,E:\football_v\phase16_test.py
prediction,1,E:\football_v\phase16_test.py
forecast,1,E:\football_v\phase16_test.py
engine,2,E:\football_v\phase16_test.py
service,1,E:\football_v\phase16_test.py
json,3,E:\football_v\phase17_test.py
feature,1,E:\football_v\phase17_test.py
predict,2,E:\football_v\phase17_test.py
prediction,2,E:\football_v\phase17_test.py
odds,1,E:\football_v\phase17_test.py
engine,1,E:\football_v\phase17_test.py
executor,1,E:\football_v\phase17_test.py
json,3,E:\football_v\phase21_25_test.py
feature,1,E:\football_v\phase21_25_test.py
elo,1,E:\football_v\phase21_25_test.py
dixon,1,E:\football_v\phase21_25_test.py
poisson,1,E:\football_v\phase21_25_test.py
xgboost,1,E:\football_v\phase21_25_test.py
model,2,E:\football_v\phase21_25_test.py
predict,1,E:\football_v\phase21_25_test.py
probability,1,E:\football_v\phase21_25_test.py
value,1,E:\football_v\phase21_25_test.py
bet,1,E:\football_v\phase21_25_test.py
kelly,1,E:\football_v\phase21_25_test.py
engine,7,E:\football_v\phase21_25_test.py
runtime,5,E:\football_v\phase21_25_test.py
json,3,E:\football_v\phase26_30_test.py
feature,1,E:\football_v\phase26_30_test.py
model,1,E:\football_v\phase26_30_test.py
predict,1,E:\football_v\phase26_30_test.py
prediction,1,E:\football_v\phase26_30_test.py
engine,2,E:\football_v\phase26_30_test.py
json,5,E:\football_v\phase36_40_deploy.py
feature,1,E:\football_v\phase36_40_deploy.py
strength,1,E:\football_v\phase36_40_deploy.py
forecast,1,E:\football_v\phase36_40_deploy.py
ev,1,E:\football_v\phase36_40_deploy.py
engine,5,E:\football_v\phase36_40_deploy.py
runtime,2,E:\football_v\phase36_40_deploy.py
json,5,E:\football_v\phase36_40_deploy_test.py
feature,1,E:\football_v\phase36_40_deploy_test.py
strength,1,E:\football_v\phase36_40_deploy_test.py
forecast,1,E:\football_v\phase36_40_deploy_test.py
ev,1,E:\football_v\phase36_40_deploy_test.py
engine,5,E:\football_v\phase36_40_deploy_test.py
runtime,2,E:\football_v\phase36_40_deploy_test.py
json,3,E:\football_v\phase36_40_test.py
history,1,E:\football_v\phase36_40_test.py
odds,1,E:\football_v\phase36_40_test.py
market,2,E:\football_v\phase36_40_test.py
handicap,1,E:\football_v\phase36_40_test.py
value,1,E:\football_v\phase36_40_test.py
bet,1,E:\football_v\phase36_40_test.py
engine,5,E:\football_v\phase36_40_test.py
json,5,E:\football_v\phase41_45_deploy_test.py
feature,1,E:\football_v\phase41_45_deploy_test.py
model,1,E:\football_v\phase41_45_deploy_test.py
predict,3,E:\football_v\phase41_45_deploy_test.py
prediction,3,E:\football_v\phase41_45_deploy_test.py
pipeline,1,E:\football_v\phase41_45_deploy_test.py
service,3,E:\football_v\phase41_45_deploy_test.py
json,5,E:\football_v\phase46_50_deploy_test.py
db,1,E:\football_v\phase46_50_deploy_test.py
model,1,E:\football_v\phase46_50_deploy_test.py
engine,4,E:\football_v\phase46_50_deploy_test.py
data,1,E:\football_v\phase51_55_final_validation.py
json,3,E:\football_v\phase51_55_final_validation.py
database,1,E:\football_v\phase51_55_final_validation.py
db,1,E:\football_v\phase51_55_final_validation.py
feature,1,E:\football_v\phase51_55_final_validation.py
elo,1,E:\football_v\phase51_55_final_validation.py
dixon,1,E:\football_v\phase51_55_final_validation.py
poisson,1,E:\football_v\phase51_55_final_validation.py
xgboost,1,E:\football_v\phase51_55_final_validation.py
model,5,E:\football_v\phase51_55_final_validation.py
predict,2,E:\football_v\phase51_55_final_validation.py
prediction,2,E:\football_v\phase51_55_final_validation.py
odds,1,E:\football_v\phase51_55_final_validation.py
handicap,1,E:\football_v\phase51_55_final_validation.py
value,1,E:\football_v\phase51_55_final_validation.py
runtime,2,E:\football_v\phase51_55_final_validation.py
pipeline,1,E:\football_v\phase51_55_final_validation.py
json,3,E:\football_v\phase51_validation.py
db,3,E:\football_v\phase51_validation.py
feature,1,E:\football_v\phase51_validation.py
elo,1,E:\football_v\phase51_validation.py
dixon,1,E:\football_v\phase51_validation.py
poisson,1,E:\football_v\phase51_validation.py
xgboost,1,E:\football_v\phase51_validation.py
model,3,E:\football_v\phase51_validation.py
predict,1,E:\football_v\phase51_validation.py
probability,1,E:\football_v\phase51_validation.py
value,1,E:\football_v\phase51_validation.py
bet,1,E:\football_v\phase51_validation.py
kelly,1,E:\football_v\phase51_validation.py
engine,8,E:\football_v\phase51_validation.py
runtime,5,E:\football_v\phase51_validation.py
data,2,E:\football_v\phase52_backtest.py
dataset,1,E:\football_v\phase52_backtest.py
json,3,E:\football_v\phase52_backtest.py
database,1,E:\football_v\phase52_backtest.py
db,1,E:\football_v\phase52_backtest.py
feature,1,E:\football_v\phase52_backtest.py
elo,1,E:\football_v\phase52_backtest.py
dixon,1,E:\football_v\phase52_backtest.py
poisson,1,E:\football_v\phase52_backtest.py
xgboost,1,E:\football_v\phase52_backtest.py
model,2,E:\football_v\phase52_backtest.py
predict,1,E:\football_v\phase52_backtest.py
probability,1,E:\football_v\phase52_backtest.py
value,1,E:\football_v\phase52_backtest.py
bet,1,E:\football_v\phase52_backtest.py
kelly,1,E:\football_v\phase52_backtest.py
engine,9,E:\football_v\phase52_backtest.py
runtime,5,E:\football_v\phase52_backtest.py
runtime,1,E:\football_v\start_ai_os.py
feature,1,E:\football_v\.venv\Lib\site-packages\pip\__pip-runner__.py
form,1,E:\football_v\.venv\Lib\site-packages\pip\__pip-runner__.py
data,1,E:\football_v\.venv\Lib\site-packages\pip\_internal\build_env.py
form,7,E:\football_v\.venv\Lib\site-packages\pip\_internal\build_env.py
value,5,E:\football_v\.venv\Lib\site-packages\pip\_internal\build_env.py
ev,6,E:\football_v\.venv\Lib\site-packages\pip\_internal\build_env.py
data,1,E:\football_v\.venv\Lib\site-packages\pip\_internal\cache.py
load,6,E:\football_v\.venv\Lib\site-packages\pip\_internal\cache.py
read,3,E:\football_v\.venv\Lib\site-packages\pip\_internal\cache.py
json,9,E:\football_v\.venv\Lib\site-packages\pip\_internal\cache.py
model,3,E:\football_v\.venv\Lib\site-packages\pip\_internal\cache.py
value,1,E:\football_v\.venv\Lib\site-packages\pip\_internal\cache.py
ev,4,E:\football_v\.venv\Lib\site-packages\pip\_internal\cache.py
data,3,E:\football_v\.venv\Lib\site-packages\pip\_internal\configuration.py
load,48,E:\football_v\.venv\Lib\site-packages\pip\_internal\configuration.py
read,2,E:\football_v\.venv\Lib\site-packages\pip\_internal\configuration.py
form,3,E:\football_v\.venv\Lib\site-packages\pip\_internal\configuration.py
elo,3,E:\football_v\.venv\Lib\site-packages\pip\_internal\configuration.py
value,17,E:\football_v\.venv\Lib\site-packages\pip\_internal\configuration.py
ev,4,E:\football_v\.venv\Lib\site-packages\pip\_internal\configuration.py
data,24,E:\football_v\.venv\Lib\site-packages\pip\_internal\exceptions.py
load,5,E:\football_v\.venv\Lib\site-packages\pip\_internal\exceptions.py
read,6,E:\football_v\.venv\Lib\site-packages\pip\_internal\exceptions.py
rating,1,E:\football_v\.venv\Lib\site-packages\pip\_internal\exceptions.py
form,6,E:\football_v\.venv\Lib\site-packages\pip\_internal\exceptions.py
elo,2,E:\football_v\.venv\Lib\site-packages\pip\_internal\exceptions.py
model,1,E:\football_v\.venv\Lib\site-packages\pip\_internal\exceptions.py
value,4,E:\football_v\.venv\Lib\site-packages\pip\_internal\exceptions.py
ev,7,E:\football_v\.venv\Lib\site-packages\pip\_internal\exceptions.py
stake,1,E:\football_v\.venv\Lib\site-packages\pip\_internal\exceptions.py
load,3,E:\football_v\.venv\Lib\site-packages\pip\_internal\pyproject.py
read,1,E:\football_v\.venv\Lib\site-packages\pip\_internal\pyproject.py
form,3,E:\football_v\.venv\Lib\site-packages\pip\_internal\pyproject.py
value,2,E:\football_v\.venv\Lib\site-packages\pip\_internal\pyproject.py
ev,1,E:\football_v\.venv\Lib\site-packages\pip\_internal\pyproject.py
data,4,E:\football_v\.venv\Lib\site-packages\pip\_internal\self_outdated_check.py
load,3,E:\football_v\.venv\Lib\site-packages\pip\_internal\self_outdated_check.py
read,1,E:\football_v\.venv\Lib\site-packages\pip\_internal\self_outdated_check.py
json,3,E:\football_v\.venv\Lib\site-packages\pip\_internal\self_outdated_check.py
form,5,E:\football_v\.venv\Lib\site-packages\pip\_internal\self_outdated_check.py
model,1,E:\football_v\.venv\Lib\site-packages\pip\_internal\self_outdated_check.py
value,3,E:\football_v\.venv\Lib\site-packages\pip\_internal\self_outdated_check.py
ev,1,E:\football_v\.venv\Lib\site-packages\pip\_internal\self_outdated_check.py
data,16,E:\football_v\.venv\Lib\site-packages\pip\_internal\wheel_builder.py
load,5,E:\football_v\.venv\Lib\site-packages\pip\_internal\wheel_builder.py
read,1,E:\football_v\.venv\Lib\site-packages\pip\_internal\wheel_builder.py
model,2,E:\football_v\.venv\Lib\site-packages\pip\_internal\wheel_builder.py
train,2,E:\football_v\.venv\Lib\site-packages\pip\_internal\wheel_builder.py
value,4,E:\football_v\.venv\Lib\site-packages\pip\_internal\wheel_builder.py
ev,3,E:\football_v\.venv\Lib\site-packages\pip\_internal\wheel_builder.py
data,1,E:\football_v\.venv\Lib\site-packages\pip\_internal\cli\autocompletion.py
ev,3,E:\football_v\.venv\Lib\site-packages\pip\_internal\cli\autocompletion.py
feature,6,E:\football_v\.venv\Lib\site-packages\pip\_internal\cli\base_command.py
form,8,E:\football_v\.venv\Lib\site-packages\pip\_internal\cli\base_command.py
capital,1,E:\football_v\.venv\Lib\site-packages\pip\_internal\cli\base_command.py
value,5,E:\football_v\.venv\Lib\site-packages\pip\_internal\cli\base_command.py
ev,8,E:\football_v\.venv\Lib\site-packages\pip\_internal\cli\base_command.py
data,1,E:\football_v\.venv\Lib\site-packages\pip\_internal\cli\cmdoptions.py
load,2,E:\football_v\.venv\Lib\site-packages\pip\_internal\cli\cmdoptions.py
read,3,E:\football_v\.venv\Lib\site-packages\pip\_internal\cli\cmdoptions.py
feature,12,E:\football_v\.venv\Lib\site-packages\pip\_internal\cli\cmdoptions.py
form,43,E:\football_v\.venv\Lib\site-packages\pip\_internal\cli\cmdoptions.py
elo,2,E:\football_v\.venv\Lib\site-packages\pip\_internal\cli\cmdoptions.py
model,3,E:\football_v\.venv\Lib\site-packages\pip\_internal\cli\cmdoptions.py
train,6,E:\football_v\.venv\Lib\site-packages\pip\_internal\cli\cmdoptions.py
value,73,E:\football_v\.venv\Lib\site-packages\pip\_internal\cli\cmdoptions.py
ev,8,E:\football_v\.venv\Lib\site-packages\pip\_internal\cli\cmdoptions.py
bet,3,E:\football_v\.venv\Lib\site-packages\pip\_internal\cli\cmdoptions.py
ev,2,E:\football_v\.venv\Lib\site-packages\pip\_internal\cli\command_context.py
load,1,E:\football_v\.venv\Lib\site-packages\pip\_internal\cli\index_command.py
feature,1,E:\football_v\.venv\Lib\site-packages\pip\_internal\cli\index_command.py
form,1,E:\football_v\.venv\Lib\site-packages\pip\_internal\cli\index_command.py
elo,1,E:\football_v\.venv\Lib\site-packages\pip\_internal\cli\index_command.py
value,6,E:\football_v\.venv\Lib\site-packages\pip\_internal\cli\index_command.py
ev,2,E:\football_v\.venv\Lib\site-packages\pip\_internal\cli\main.py
form,4,E:\football_v\.venv\Lib\site-packages\pip\_internal\cli\main_parser.py
ev,1,E:\football_v\.venv\Lib\site-packages\pip\_internal\cli\main_parser.py
load,2,E:\football_v\.venv\Lib\site-packages\pip\_internal\cli\parser.py
form,17,E:\football_v\.venv\Lib\site-packages\pip\_internal\cli\parser.py
value,34,E:\football_v\.venv\Lib\site-packages\pip\_internal\cli\parser.py
ev,3,E:\football_v\.venv\Lib\site-packages\pip\_internal\cli\parser.py
bet,1,E:\football_v\.venv\Lib\site-packages\pip\_internal\cli\parser.py
load,6,E:\football_v\.venv\Lib\site-packages\pip\_internal\cli\progress_bars.py
read,1,E:\football_v\.venv\Lib\site-packages\pip\_internal\cli\progress_bars.py
load,4,E:\football_v\.venv\Lib\site-packages\pip\_internal\cli\req_command.py
read,1,E:\football_v\.venv\Lib\site-packages\pip\_internal\cli\req_command.py
feature,5,E:\football_v\.venv\Lib\site-packages\pip\_internal\cli\req_command.py
form,7,E:\football_v\.venv\Lib\site-packages\pip\_internal\cli\req_command.py
model,2,E:\football_v\.venv\Lib\site-packages\pip\_internal\cli\req_command.py
train,2,E:\football_v\.venv\Lib\site-packages\pip\_internal\cli\req_command.py
value,8,E:\football_v\.venv\Lib\site-packages\pip\_internal\cli\req_command.py
ev,2,E:\football_v\.venv\Lib\site-packages\pip\_internal\cli\req_command.py
read,3,E:\football_v\.venv\Lib\site-packages\pip\_internal\cli\spinners.py
ev,7,E:\football_v\.venv\Lib\site-packages\pip\_internal\cli\spinners.py
bet,1,E:\football_v\.venv\Lib\site-packages\pip\_internal\cli\spinners.py
ev,1,E:\football_v\.venv\Lib\site-packages\pip\_internal\cli\status_codes.py
form,20,E:\football_v\.venv\Lib\site-packages\pip\_internal\commands\cache.py
score,1,E:\football_v\.venv\Lib\site-packages\pip\_internal\commands\cache.py
value,11,E:\football_v\.venv\Lib\site-packages\pip\_internal\commands\cache.py
ev,2,E:\football_v\.venv\Lib\site-packages\pip\_internal\commands\cache.py
data,1,E:\football_v\.venv\Lib\site-packages\pip\_internal\commands\check.py
form,1,E:\football_v\.venv\Lib\site-packages\pip\_internal\commands\check.py
value,2,E:\football_v\.venv\Lib\site-packages\pip\_internal\commands\check.py
load,2,E:\football_v\.venv\Lib\site-packages\pip\_internal\commands\completion.py
form,3,E:\football_v\.venv\Lib\site-packages\pip\_internal\commands\completion.py
value,2,E:\football_v\.venv\Lib\site-packages\pip\_internal\commands\completion.py
ev,5,E:\football_v\.venv\Lib\site-packages\pip\_internal\commands\completion.py
load,8,E:\football_v\.venv\Lib\site-packages\pip\_internal\commands\configuration.py
form,2,E:\football_v\.venv\Lib\site-packages\pip\_internal\commands\configuration.py
value,49,E:\football_v\.venv\Lib\site-packages\pip\_internal\commands\configuration.py
data,1,E:\football_v\.venv\Lib\site-packages\pip\_internal\commands\debug.py
load,2,E:\football_v\.venv\Lib\site-packages\pip\_internal\commands\debug.py
read,1,E:\football_v\.venv\Lib\site-packages\pip\_internal\commands\debug.py
form,8,E:\football_v\.venv\Lib\site-packages\pip\_internal\commands\debug.py
value,20,E:\football_v\.venv\Lib\site-packages\pip\_internal\commands\debug.py
ev,14,E:\football_v\.venv\Lib\site-packages\pip\_internal\commands\debug.py
load,18,E:\football_v\.venv\Lib\site-packages\pip\_internal\commands\download.py
train,1,E:\football_v\.venv\Lib\site-packages\pip\_internal\commands\download.py
value,4,E:\football_v\.venv\Lib\site-packages\pip\_internal\commands\download.py
rating,1,E:\football_v\.venv\Lib\site-packages\pip\_internal\commands\freeze.py
form,2,E:\football_v\.venv\Lib\site-packages\pip\_internal\commands\freeze.py
value,2,E:\football_v\.venv\Lib\site-packages\pip\_internal\commands\freeze.py
ev,3,E:\football_v\.venv\Lib\site-packages\pip\_internal\commands\freeze.py
read,2,E:\football_v\.venv\Lib\site-packages\pip\_internal\commands\hash.py
form,1,E:\football_v\.venv\Lib\site-packages\pip\_internal\commands\hash.py
value,2,E:\football_v\.venv\Lib\site-packages\pip\_internal\commands\hash.py
value,2,E:\football_v\.venv\Lib\site-packages\pip\_internal\commands\help.py
query,5,E:\football_v\.venv\Lib\site-packages\pip\_internal\commands\index.py
form,6,E:\football_v\.venv\Lib\site-packages\pip\_internal\commands\index.py
model,2,E:\football_v\.venv\Lib\site-packages\pip\_internal\commands\index.py
value,4,E:\football_v\.venv\Lib\site-packages\pip\_internal\commands\index.py
ev,1,E:\football_v\.venv\Lib\site-packages\pip\_internal\commands\index.py
data,6,E:\football_v\.venv\Lib\site-packages\pip\_internal\commands\inspect.py
load,1,E:\football_v\.venv\Lib\site-packages\pip\_internal\commands\inspect.py
json,3,E:\football_v\.venv\Lib\site-packages\pip\_internal\commands\inspect.py
form,1,E:\football_v\.venv\Lib\site-packages\pip\_internal\commands\inspect.py
value,2,E:\football_v\.venv\Lib\site-packages\pip\_internal\commands\inspect.py
data,12,E:\football_v\.venv\Lib\site-packages\pip\_internal\commands\install.py
load,1,E:\football_v\.venv\Lib\site-packages\pip\_internal\commands\install.py
read,5,E:\football_v\.venv\Lib\site-packages\pip\_internal\commands\install.py
json,11,E:\football_v\.venv\Lib\site-packages\pip\_internal\commands\install.py
form,6,E:\football_v\.venv\Lib\site-packages\pip\_internal\commands\install.py
model,1,E:\football_v\.venv\Lib\site-packages\pip\_internal\commands\install.py
train,1,E:\football_v\.venv\Lib\site-packages\pip\_internal\commands\install.py
value,3,E:\football_v\.venv\Lib\site-packages\pip\_internal\commands\install.py
ev,3,E:\football_v\.venv\Lib\site-packages\pip\_internal\commands\install.py
data,15,E:\football_v\.venv\Lib\site-packages\pip\_internal\commands\list.py
json,7,E:\football_v\.venv\Lib\site-packages\pip\_internal\commands\list.py
form,13,E:\football_v\.venv\Lib\site-packages\pip\_internal\commands\list.py
elo,1,E:\football_v\.venv\Lib\site-packages\pip\_internal\commands\list.py
model,1,E:\football_v\.venv\Lib\site-packages\pip\_internal\commands\list.py
value,11,E:\football_v\.venv\Lib\site-packages\pip\_internal\commands\list.py
ev,4,E:\football_v\.venv\Lib\site-packages\pip\_internal\commands\list.py
data,1,E:\football_v\.venv\Lib\site-packages\pip\_internal\commands\search.py
query,8,E:\football_v\.venv\Lib\site-packages\pip\_internal\commands\search.py
form,6,E:\football_v\.venv\Lib\site-packages\pip\_internal\commands\search.py
model,1,E:\football_v\.venv\Lib\site-packages\pip\_internal\commands\search.py
fit,1,E:\football_v\.venv\Lib\site-packages\pip\_internal\commands\search.py
score,1,E:\football_v\.venv\Lib\site-packages\pip\_internal\commands\search.py
value,4,E:\football_v\.venv\Lib\site-packages\pip\_internal\commands\search.py
data,20,E:\football_v\.venv\Lib\site-packages\pip\_internal\commands\show.py
read,1,E:\football_v\.venv\Lib\site-packages\pip\_internal\commands\show.py
query,10,E:\football_v\.venv\Lib\site-packages\pip\_internal\commands\show.py
form,3,E:\football_v\.venv\Lib\site-packages\pip\_internal\commands\show.py
value,3,E:\football_v\.venv\Lib\site-packages\pip\_internal\commands\show.py
data,1,E:\football_v\.venv\Lib\site-packages\pip\_internal\commands\uninstall.py
elo,1,E:\football_v\.venv\Lib\site-packages\pip\_internal\commands\uninstall.py
value,3,E:\football_v\.venv\Lib\site-packages\pip\_internal\commands\uninstall.py
ev,1,E:\football_v\.venv\Lib\site-packages\pip\_internal\commands\uninstall.py
load,1,E:\football_v\.venv\Lib\site-packages\pip\_internal\commands\wheel.py
read,1,E:\football_v\.venv\Lib\site-packages\pip\_internal\commands\wheel.py
form,1,E:\football_v\.venv\Lib\site-packages\pip\_internal\commands\wheel.py
elo,1,E:\football_v\.venv\Lib\site-packages\pip\_internal\commands\wheel.py
train,1,E:\football_v\.venv\Lib\site-packages\pip\_internal\commands\wheel.py
value,4,E:\football_v\.venv\Lib\site-packages\pip\_internal\commands\wheel.py
ev,2,E:\football_v\.venv\Lib\site-packages\pip\_internal\commands\wheel.py
load,4,E:\football_v\.venv\Lib\site-packages\pip\_internal\commands\__init__.py
form,4,E:\football_v\.venv\Lib\site-packages\pip\_internal\commands\__init__.py
ev,1,E:\football_v\.venv\Lib\site-packages\pip\_internal\commands\__init__.py
data,5,E:\football_v\.venv\Lib\site-packages\pip\_internal\distributions\base.py
data,3,E:\football_v\.venv\Lib\site-packages\pip\_internal\distributions\installed.py
read,1,E:\football_v\.venv\Lib\site-packages\pip\_internal\distributions\installed.py
form,1,E:\football_v\.venv\Lib\site-packages\pip\_internal\distributions\installed.py
data,5,E:\football_v\.venv\Lib\site-packages\pip\_internal\distributions\sdist.py
load,2,E:\football_v\.venv\Lib\site-packages\pip\_internal\distributions\sdist.py
rating,1,E:\football_v\.venv\Lib\site-packages\pip\_internal\distributions\sdist.py
form,6,E:\football_v\.venv\Lib\site-packages\pip\_internal\distributions\sdist.py
data,4,E:\football_v\.venv\Lib\site-packages\pip\_internal\distributions\wheel.py
load,2,E:\football_v\.venv\Lib\site-packages\pip\_internal\distributions\wheel.py
ev,1,E:\football_v\.venv\Lib\site-packages\pip\_internal\distributions\wheel.py
data,7,E:\football_v\.venv\Lib\site-packages\pip\_internal\index\collector.py
load,5,E:\football_v\.venv\Lib\site-packages\pip\_internal\index\collector.py
json,8,E:\football_v\.venv\Lib\site-packages\pip\_internal\index\collector.py
query,1,E:\football_v\.venv\Lib\site-packages\pip\_internal\index\collector.py
form,3,E:\football_v\.venv\Lib\site-packages\pip\_internal\index\collector.py
model,2,E:\football_v\.venv\Lib\site-packages\pip\_internal\index\collector.py
fit,1,E:\football_v\.venv\Lib\site-packages\pip\_internal\index\collector.py
value,6,E:\football_v\.venv\Lib\site-packages\pip\_internal\index\collector.py
ev,5,E:\football_v\.venv\Lib\site-packages\pip\_internal\index\collector.py
data,7,E:\football_v\.venv\Lib\site-packages\pip\_internal\index\package_finder.py
read,7,E:\football_v\.venv\Lib\site-packages\pip\_internal\index\package_finder.py
rating,1,E:\football_v\.venv\Lib\site-packages\pip\_internal\index\package_finder.py
form,47,E:\football_v\.venv\Lib\site-packages\pip\_internal\index\package_finder.py
elo,1,E:\football_v\.venv\Lib\site-packages\pip\_internal\index\package_finder.py
model,7,E:\football_v\.venv\Lib\site-packages\pip\_internal\index\package_finder.py
value,12,E:\football_v\.venv\Lib\site-packages\pip\_internal\index\package_finder.py
ev,45,E:\football_v\.venv\Lib\site-packages\pip\_internal\index\package_finder.py
model,2,E:\football_v\.venv\Lib\site-packages\pip\_internal\index\sources.py
ev,3,E:\football_v\.venv\Lib\site-packages\pip\_internal\index\sources.py
form,3,E:\football_v\.venv\Lib\site-packages\pip\_internal\locations\base.py
value,1,E:\football_v\.venv\Lib\site-packages\pip\_internal\locations\base.py
data,2,E:\football_v\.venv\Lib\site-packages\pip\_internal\locations\_distutils.py
form,1,E:\football_v\.venv\Lib\site-packages\pip\_internal\locations\_distutils.py
model,1,E:\football_v\.venv\Lib\site-packages\pip\_internal\locations\_distutils.py
ev,2,E:\football_v\.venv\Lib\site-packages\pip\_internal\locations\_distutils.py
data,2,E:\football_v\.venv\Lib\site-packages\pip\_internal\locations\_sysconfig.py
form,6,E:\football_v\.venv\Lib\site-packages\pip\_internal\locations\_sysconfig.py
model,1,E:\football_v\.venv\Lib\site-packages\pip\_internal\locations\_sysconfig.py
ev,1,E:\football_v\.venv\Lib\site-packages\pip\_internal\locations\_sysconfig.py
bet,1,E:\football_v\.venv\Lib\site-packages\pip\_internal\locations\_sysconfig.py
feature,1,E:\football_v\.venv\Lib\site-packages\pip\_internal\locations\__init__.py
form,2,E:\football_v\.venv\Lib\site-packages\pip\_internal\locations\__init__.py
model,1,E:\football_v\.venv\Lib\site-packages\pip\_internal\locations\__init__.py
value,6,E:\football_v\.venv\Lib\site-packages\pip\_internal\locations\__init__.py
ev,6,E:\football_v\.venv\Lib\site-packages\pip\_internal\locations\__init__.py
data,62,E:\football_v\.venv\Lib\site-packages\pip\_internal\metadata\base.py
load,7,E:\football_v\.venv\Lib\site-packages\pip\_internal\metadata\base.py
read,10,E:\football_v\.venv\Lib\site-packages\pip\_internal\metadata\base.py
csv,2,E:\football_v\.venv\Lib\site-packages\pip\_internal\metadata\base.py
json,10,E:\football_v\.venv\Lib\site-packages\pip\_internal\metadata\base.py
rating,1,E:\football_v\.venv\Lib\site-packages\pip\_internal\metadata\base.py
form,11,E:\football_v\.venv\Lib\site-packages\pip\_internal\metadata\base.py
elo,1,E:\football_v\.venv\Lib\site-packages\pip\_internal\metadata\base.py
model,1,E:\football_v\.venv\Lib\site-packages\pip\_internal\metadata\base.py
value,17,E:\football_v\.venv\Lib\site-packages\pip\_internal\metadata\base.py
ev,4,E:\football_v\.venv\Lib\site-packages\pip\_internal\metadata\base.py
bet,2,E:\football_v\.venv\Lib\site-packages\pip\_internal\metadata\base.py
data,56,E:\football_v\.venv\Lib\site-packages\pip\_internal\metadata\pkg_resources.py
load,1,E:\football_v\.venv\Lib\site-packages\pip\_internal\metadata\pkg_resources.py
read,5,E:\football_v\.venv\Lib\site-packages\pip\_internal\metadata\pkg_resources.py
elo,1,E:\football_v\.venv\Lib\site-packages\pip\_internal\metadata\pkg_resources.py
value,4,E:\football_v\.venv\Lib\site-packages\pip\_internal\metadata\pkg_resources.py
ev,4,E:\football_v\.venv\Lib\site-packages\pip\_internal\metadata\pkg_resources.py
data,5,E:\football_v\.venv\Lib\site-packages\pip\_internal\metadata\_json.py
load,5,E:\football_v\.venv\Lib\site-packages\pip\_internal\metadata\_json.py
json,4,E:\football_v\.venv\Lib\site-packages\pip\_internal\metadata\_json.py
form,3,E:\football_v\.venv\Lib\site-packages\pip\_internal\metadata\_json.py
value,8,E:\football_v\.venv\Lib\site-packages\pip\_internal\metadata\_json.py
bet,1,E:\football_v\.venv\Lib\site-packages\pip\_internal\metadata\_json.py
data,24,E:\football_v\.venv\Lib\site-packages\pip\_internal\metadata\__init__.py
value,1,E:\football_v\.venv\Lib\site-packages\pip\_internal\metadata\__init__.py
data,15,E:\football_v\.venv\Lib\site-packages\pip\_internal\metadata\importlib\_compat.py
read,1,E:\football_v\.venv\Lib\site-packages\pip\_internal\metadata\importlib\_compat.py
form,1,E:\football_v\.venv\Lib\site-packages\pip\_internal\metadata\importlib\_compat.py
value,1,E:\football_v\.venv\Lib\site-packages\pip\_internal\metadata\importlib\_compat.py
data,32,E:\football_v\.venv\Lib\site-packages\pip\_internal\metadata\importlib\_dists.py
load,1,E:\football_v\.venv\Lib\site-packages\pip\_internal\metadata\importlib\_dists.py
read,8,E:\football_v\.venv\Lib\site-packages\pip\_internal\metadata\importlib\_dists.py
rating,1,E:\football_v\.venv\Lib\site-packages\pip\_internal\metadata\importlib\_dists.py
form,1,E:\football_v\.venv\Lib\site-packages\pip\_internal\metadata\importlib\_dists.py
ev,3,E:\football_v\.venv\Lib\site-packages\pip\_internal\metadata\importlib\_dists.py
data,10,E:\football_v\.venv\Lib\site-packages\pip\_internal\metadata\importlib\_envs.py
load,1,E:\football_v\.venv\Lib\site-packages\pip\_internal\metadata\importlib\_envs.py
read,2,E:\football_v\.venv\Lib\site-packages\pip\_internal\metadata\importlib\_envs.py
feature,1,E:\football_v\.venv\Lib\site-packages\pip\_internal\metadata\importlib\_envs.py
model,1,E:\football_v\.venv\Lib\site-packages\pip\_internal\metadata\importlib\_envs.py
ev,2,E:\football_v\.venv\Lib\site-packages\pip\_internal\metadata\importlib\_envs.py
data,3,E:\football_v\.venv\Lib\site-packages\pip\_internal\models\candidate.py
model,1,E:\football_v\.venv\Lib\site-packages\pip\_internal\models\candidate.py
data,6,E:\football_v\.venv\Lib\site-packages\pip\_internal\models\direct_url.py
load,1,E:\football_v\.venv\Lib\site-packages\pip\_internal\models\direct_url.py
json,6,E:\football_v\.venv\Lib\site-packages\pip\_internal\models\direct_url.py
query,1,E:\football_v\.venv\Lib\site-packages\pip\_internal\models\direct_url.py
form,3,E:\football_v\.venv\Lib\site-packages\pip\_internal\models\direct_url.py
value,19,E:\football_v\.venv\Lib\site-packages\pip\_internal\models\direct_url.py
ev,7,E:\football_v\.venv\Lib\site-packages\pip\_internal\models\direct_url.py
form,3,E:\football_v\.venv\Lib\site-packages\pip\_internal\models\format_control.py
value,3,E:\football_v\.venv\Lib\site-packages\pip\_internal\models\format_control.py
ev,1,E:\football_v\.venv\Lib\site-packages\pip\_internal\models\format_control.py
data,4,E:\football_v\.venv\Lib\site-packages\pip\_internal\models\installation_report.py
load,7,E:\football_v\.venv\Lib\site-packages\pip\_internal\models\installation_report.py
json,4,E:\football_v\.venv\Lib\site-packages\pip\_internal\models\installation_report.py
form,3,E:\football_v\.venv\Lib\site-packages\pip\_internal\models\installation_report.py
ev,4,E:\football_v\.venv\Lib\site-packages\pip\_internal\models\installation_report.py
data,100,E:\football_v\.venv\Lib\site-packages\pip\_internal\models\link.py
load,2,E:\football_v\.venv\Lib\site-packages\pip\_internal\models\link.py
json,3,E:\football_v\.venv\Lib\site-packages\pip\_internal\models\link.py
query,9,E:\football_v\.venv\Lib\site-packages\pip\_internal\models\link.py
form,10,E:\football_v\.venv\Lib\site-packages\pip\_internal\models\link.py
value,21,E:\football_v\.venv\Lib\site-packages\pip\_internal\models\link.py
ev,4,E:\football_v\.venv\Lib\site-packages\pip\_internal\models\link.py
data,5,E:\football_v\.venv\Lib\site-packages\pip\_internal\models\scheme.py
data,3,E:\football_v\.venv\Lib\site-packages\pip\_internal\models\search_scope.py
form,4,E:\football_v\.venv\Lib\site-packages\pip\_internal\models\search_scope.py
model,1,E:\football_v\.venv\Lib\site-packages\pip\_internal\models\search_scope.py
ev,1,E:\football_v\.venv\Lib\site-packages\pip\_internal\models\search_scope.py
data,2,E:\football_v\.venv\Lib\site-packages\pip\_internal\models\selection_prefs.py
load,1,E:\football_v\.venv\Lib\site-packages\pip\_internal\models\selection_prefs.py
read,1,E:\football_v\.venv\Lib\site-packages\pip\_internal\models\selection_prefs.py
form,9,E:\football_v\.venv\Lib\site-packages\pip\_internal\models\selection_prefs.py
model,1,E:\football_v\.venv\Lib\site-packages\pip\_internal\models\selection_prefs.py
value,2,E:\football_v\.venv\Lib\site-packages\pip\_internal\models\selection_prefs.py
load,2,E:\football_v\.venv\Lib\site-packages\pip\_internal\models\target_python.py
form,14,E:\football_v\.venv\Lib\site-packages\pip\_internal\models\target_python.py
value,6,E:\football_v\.venv\Lib\site-packages\pip\_internal\models\target_python.py
data,1,E:\football_v\.venv\Lib\site-packages\pip\_internal\models\wheel.py
form,1,E:\football_v\.venv\Lib\site-packages\pip\_internal\models\wheel.py
value,3,E:\football_v\.venv\Lib\site-packages\pip\_internal\models\wheel.py
ev,3,E:\football_v\.venv\Lib\site-packages\pip\_internal\models\wheel.py
model,1,E:\football_v\.venv\Lib\site-packages\pip\_internal\models\__init__.py
load,1,E:\football_v\.venv\Lib\site-packages\pip\_internal\network\auth.py
read,1,E:\football_v\.venv\Lib\site-packages\pip\_internal\network\auth.py
query,1,E:\football_v\.venv\Lib\site-packages\pip\_internal\network\auth.py
history,1,E:\football_v\.venv\Lib\site-packages\pip\_internal\network\auth.py
model,1,E:\football_v\.venv\Lib\site-packages\pip\_internal\network\auth.py
value,4,E:\football_v\.venv\Lib\site-packages\pip\_internal\network\auth.py
ev,7,E:\football_v\.venv\Lib\site-packages\pip\_internal\network\auth.py
service,4,E:\football_v\.venv\Lib\site-packages\pip\_internal\network\auth.py
data,12,E:\football_v\.venv\Lib\site-packages\pip\_internal\network\cache.py
load,1,E:\football_v\.venv\Lib\site-packages\pip\_internal\network\cache.py
read,6,E:\football_v\.venv\Lib\site-packages\pip\_internal\network\cache.py
model,1,E:\football_v\.venv\Lib\site-packages\pip\_internal\network\cache.py
value,2,E:\football_v\.venv\Lib\site-packages\pip\_internal\network\cache.py
ev,2,E:\football_v\.venv\Lib\site-packages\pip\_internal\network\cache.py
load,14,E:\football_v\.venv\Lib\site-packages\pip\_internal\network\download.py
form,2,E:\football_v\.venv\Lib\site-packages\pip\_internal\network\download.py
model,3,E:\football_v\.venv\Lib\site-packages\pip\_internal\network\download.py
value,3,E:\football_v\.venv\Lib\site-packages\pip\_internal\network\download.py
ev,2,E:\football_v\.venv\Lib\site-packages\pip\_internal\network\download.py
bet,1,E:\football_v\.venv\Lib\site-packages\pip\_internal\network\download.py
data,4,E:\football_v\.venv\Lib\site-packages\pip\_internal\network\lazy_wheel.py
load,10,E:\football_v\.venv\Lib\site-packages\pip\_internal\network\lazy_wheel.py
read,9,E:\football_v\.venv\Lib\site-packages\pip\_internal\network\lazy_wheel.py
model,1,E:\football_v\.venv\Lib\site-packages\pip\_internal\network\lazy_wheel.py
ev,1,E:\football_v\.venv\Lib\site-packages\pip\_internal\network\lazy_wheel.py
data,30,E:\football_v\.venv\Lib\site-packages\pip\_internal\network\session.py
json,4,E:\football_v\.venv\Lib\site-packages\pip\_internal\network\session.py
form,21,E:\football_v\.venv\Lib\site-packages\pip\_internal\network\session.py
model,2,E:\football_v\.venv\Lib\site-packages\pip\_internal\network\session.py
value,4,E:\football_v\.venv\Lib\site-packages\pip\_internal\network\session.py
ev,6,E:\football_v\.venv\Lib\site-packages\pip\_internal\network\session.py
bet,2,E:\football_v\.venv\Lib\site-packages\pip\_internal\network\session.py
runtime,1,E:\football_v\.venv\Lib\site-packages\pip\_internal\network\session.py
pipeline,1,E:\football_v\.venv\Lib\site-packages\pip\_internal\network\session.py
service,1,E:\football_v\.venv\Lib\site-packages\pip\_internal\network\session.py
data,1,E:\football_v\.venv\Lib\site-packages\pip\_internal\network\utils.py
load,2,E:\football_v\.venv\Lib\site-packages\pip\_internal\network\utils.py
read,6,E:\football_v\.venv\Lib\site-packages\pip\_internal\network\utils.py
model,1,E:\football_v\.venv\Lib\site-packages\pip\_internal\network\utils.py
ev,1,E:\football_v\.venv\Lib\site-packages\pip\_internal\network\utils.py
data,1,E:\football_v\.venv\Lib\site-packages\pip\_internal\network\xmlrpc.py
db,2,E:\football_v\.venv\Lib\site-packages\pip\_internal\network\xmlrpc.py
data,4,E:\football_v\.venv\Lib\site-packages\pip\_internal\operations\check.py
read,2,E:\football_v\.venv\Lib\site-packages\pip\_internal\operations\check.py
simulate,2,E:\football_v\.venv\Lib\site-packages\pip\_internal\operations\check.py
value,1,E:\football_v\.venv\Lib\site-packages\pip\_internal\operations\check.py
ev,1,E:\football_v\.venv\Lib\site-packages\pip\_internal\operations\check.py
data,5,E:\football_v\.venv\Lib\site-packages\pip\_internal\operations\freeze.py
read,1,E:\football_v\.venv\Lib\site-packages\pip\_internal\operations\freeze.py
feature,1,E:\football_v\.venv\Lib\site-packages\pip\_internal\operations\freeze.py
form,5,E:\football_v\.venv\Lib\site-packages\pip\_internal\operations\freeze.py
value,2,E:\football_v\.venv\Lib\site-packages\pip\_internal\operations\freeze.py
ev,1,E:\football_v\.venv\Lib\site-packages\pip\_internal\operations\freeze.py
data,48,E:\football_v\.venv\Lib\site-packages\pip\_internal\operations\prepare.py
load,131,E:\football_v\.venv\Lib\site-packages\pip\_internal\operations\prepare.py
read,23,E:\football_v\.venv\Lib\site-packages\pip\_internal\operations\prepare.py
json,1,E:\football_v\.venv\Lib\site-packages\pip\_internal\operations\prepare.py
feature,1,E:\football_v\.venv\Lib\site-packages\pip\_internal\operations\prepare.py
form,9,E:\football_v\.venv\Lib\site-packages\pip\_internal\operations\prepare.py
model,3,E:\football_v\.venv\Lib\site-packages\pip\_internal\operations\prepare.py
ev,9,E:\football_v\.venv\Lib\site-packages\pip\_internal\operations\prepare.py
read,7,E:\football_v\.venv\Lib\site-packages\pip\_internal\operations\build\build_tracker.py
form,1,E:\football_v\.venv\Lib\site-packages\pip\_internal\operations\build\build_tracker.py
value,12,E:\football_v\.venv\Lib\site-packages\pip\_internal\operations\build\build_tracker.py
data,15,E:\football_v\.venv\Lib\site-packages\pip\_internal\operations\build\metadata.py
db,3,E:\football_v\.venv\Lib\site-packages\pip\_internal\operations\build\metadata.py
data,15,E:\football_v\.venv\Lib\site-packages\pip\_internal\operations\build\metadata_editable.py
db,3,E:\football_v\.venv\Lib\site-packages\pip\_internal\operations\build\metadata_editable.py
data,7,E:\football_v\.venv\Lib\site-packages\pip\_internal\operations\build\metadata_legacy.py
data,4,E:\football_v\.venv\Lib\site-packages\pip\_internal\operations\build\wheel.py
db,2,E:\football_v\.venv\Lib\site-packages\pip\_internal\operations\build\wheel.py
data,4,E:\football_v\.venv\Lib\site-packages\pip\_internal\operations\build\wheel_editable.py
db,2,E:\football_v\.venv\Lib\site-packages\pip\_internal\operations\build\wheel_editable.py
form,7,E:\football_v\.venv\Lib\site-packages\pip\_internal\operations\build\wheel_legacy.py
ev,1,E:\football_v\.venv\Lib\site-packages\pip\_internal\operations\build\wheel_legacy.py
elo,5,E:\football_v\.venv\Lib\site-packages\pip\_internal\operations\install\editable_legacy.py
ev,5,E:\football_v\.venv\Lib\site-packages\pip\_internal\operations\install\editable_legacy.py
data,25,E:\football_v\.venv\Lib\site-packages\pip\_internal\operations\install\wheel.py
load,1,E:\football_v\.venv\Lib\site-packages\pip\_internal\operations\install\wheel.py
read,4,E:\football_v\.venv\Lib\site-packages\pip\_internal\operations\install\wheel.py
csv,14,E:\football_v\.venv\Lib\site-packages\pip\_internal\operations\install\wheel.py
json,1,E:\football_v\.venv\Lib\site-packages\pip\_internal\operations\install\wheel.py
form,11,E:\football_v\.venv\Lib\site-packages\pip\_internal\operations\install\wheel.py
elo,2,E:\football_v\.venv\Lib\site-packages\pip\_internal\operations\install\wheel.py
model,2,E:\football_v\.venv\Lib\site-packages\pip\_internal\operations\install\wheel.py
predict,1,E:\football_v\.venv\Lib\site-packages\pip\_internal\operations\install\wheel.py
value,7,E:\football_v\.venv\Lib\site-packages\pip\_internal\operations\install\wheel.py
ev,4,E:\football_v\.venv\Lib\site-packages\pip\_internal\operations\install\wheel.py
data,3,E:\football_v\.venv\Lib\site-packages\pip\_internal\req\constructors.py
load,1,E:\football_v\.venv\Lib\site-packages\pip\_internal\req\constructors.py
read,2,E:\football_v\.venv\Lib\site-packages\pip\_internal\req\constructors.py
form,2,E:\football_v\.venv\Lib\site-packages\pip\_internal\req\constructors.py
model,3,E:\football_v\.venv\Lib\site-packages\pip\_internal\req\constructors.py
train,12,E:\football_v\.venv\Lib\site-packages\pip\_internal\req\constructors.py
ev,3,E:\football_v\.venv\Lib\site-packages\pip\_internal\req\constructors.py
bet,1,E:\football_v\.venv\Lib\site-packages\pip\_internal\req\constructors.py
data,14,E:\football_v\.venv\Lib\site-packages\pip\_internal\req\req_file.py
read,1,E:\football_v\.venv\Lib\site-packages\pip\_internal\req\req_file.py
feature,5,E:\football_v\.venv\Lib\site-packages\pip\_internal\req\req_file.py
form,5,E:\football_v\.venv\Lib\site-packages\pip\_internal\req\req_file.py
model,1,E:\football_v\.venv\Lib\site-packages\pip\_internal\req\req_file.py
train,23,E:\football_v\.venv\Lib\site-packages\pip\_internal\req\req_file.py
score,2,E:\football_v\.venv\Lib\site-packages\pip\_internal\req\req_file.py
value,20,E:\football_v\.venv\Lib\site-packages\pip\_internal\req\req_file.py
ev,3,E:\football_v\.venv\Lib\site-packages\pip\_internal\req\req_file.py
data,48,E:\football_v\.venv\Lib\site-packages\pip\_internal\req\req_install.py
load,17,E:\football_v\.venv\Lib\site-packages\pip\_internal\req\req_install.py
read,3,E:\football_v\.venv\Lib\site-packages\pip\_internal\req\req_install.py
db,6,E:\football_v\.venv\Lib\site-packages\pip\_internal\req\req_install.py
feature,1,E:\football_v\.venv\Lib\site-packages\pip\_internal\req\req_install.py
rating,2,E:\football_v\.venv\Lib\site-packages\pip\_internal\req\req_install.py
form,12,E:\football_v\.venv\Lib\site-packages\pip\_internal\req\req_install.py
elo,1,E:\football_v\.venv\Lib\site-packages\pip\_internal\req\req_install.py
model,2,E:\football_v\.venv\Lib\site-packages\pip\_internal\req\req_install.py
train,11,E:\football_v\.venv\Lib\site-packages\pip\_internal\req\req_install.py
value,6,E:\football_v\.venv\Lib\site-packages\pip\_internal\req\req_install.py
ev,12,E:\football_v\.venv\Lib\site-packages\pip\_internal\req\req_install.py
bet,1,E:\football_v\.venv\Lib\site-packages\pip\_internal\req\req_install.py
form,3,E:\football_v\.venv\Lib\site-packages\pip\_internal\req\req_set.py
train,2,E:\football_v\.venv\Lib\site-packages\pip\_internal\req\req_set.py
value,3,E:\football_v\.venv\Lib\site-packages\pip\_internal\req\req_set.py
data,2,E:\football_v\.venv\Lib\site-packages\pip\_internal\req\req_uninstall.py
read,5,E:\football_v\.venv\Lib\site-packages\pip\_internal\req\req_uninstall.py
form,2,E:\football_v\.venv\Lib\site-packages\pip\_internal\req\req_uninstall.py
elo,6,E:\football_v\.venv\Lib\site-packages\pip\_internal\req\req_uninstall.py
value,5,E:\football_v\.venv\Lib\site-packages\pip\_internal\req\req_uninstall.py
ev,15,E:\football_v\.venv\Lib\site-packages\pip\_internal\req\req_uninstall.py
data,3,E:\football_v\.venv\Lib\site-packages\pip\_internal\req\__init__.py
load,1,E:\football_v\.venv\Lib\site-packages\pip\_internal\req\__init__.py
ev,2,E:\football_v\.venv\Lib\site-packages\pip\_internal\req\__init__.py
data,4,E:\football_v\.venv\Lib\site-packages\pip\_internal\resolution\legacy\resolver.py
load,6,E:\football_v\.venv\Lib\site-packages\pip\_internal\resolution\legacy\resolver.py
read,11,E:\football_v\.venv\Lib\site-packages\pip\_internal\resolution\legacy\resolver.py
json,1,E:\football_v\.venv\Lib\site-packages\pip\_internal\resolution\legacy\resolver.py
form,3,E:\football_v\.venv\Lib\site-packages\pip\_internal\resolution\legacy\resolver.py
model,2,E:\football_v\.venv\Lib\site-packages\pip\_internal\resolution\legacy\resolver.py
train,15,E:\football_v\.venv\Lib\site-packages\pip\_internal\resolution\legacy\resolver.py
value,5,E:\football_v\.venv\Lib\site-packages\pip\_internal\resolution\legacy\resolver.py
ev,6,E:\football_v\.venv\Lib\site-packages\pip\_internal\resolution\legacy\resolver.py
data,3,E:\football_v\.venv\Lib\site-packages\pip\_internal\resolution\resolvelib\base.py
read,1,E:\football_v\.venv\Lib\site-packages\pip\_internal\resolution\resolvelib\base.py
form,3,E:\football_v\.venv\Lib\site-packages\pip\_internal\resolution\resolvelib\base.py
elo,2,E:\football_v\.venv\Lib\site-packages\pip\_internal\resolution\resolvelib\base.py
model,1,E:\football_v\.venv\Lib\site-packages\pip\_internal\resolution\resolvelib\base.py
train,8,E:\football_v\.venv\Lib\site-packages\pip\_internal\resolution\resolvelib\base.py
data,8,E:\football_v\.venv\Lib\site-packages\pip\_internal\resolution\resolvelib\candidates.py
load,3,E:\football_v\.venv\Lib\site-packages\pip\_internal\resolution\resolvelib\candidates.py
read,7,E:\football_v\.venv\Lib\site-packages\pip\_internal\resolution\resolvelib\candidates.py
json,1,E:\football_v\.venv\Lib\site-packages\pip\_internal\resolution\resolvelib\candidates.py
form,12,E:\football_v\.venv\Lib\site-packages\pip\_internal\resolution\resolvelib\candidates.py
elo,1,E:\football_v\.venv\Lib\site-packages\pip\_internal\resolution\resolvelib\candidates.py
model,3,E:\football_v\.venv\Lib\site-packages\pip\_internal\resolution\resolvelib\candidates.py
train,6,E:\football_v\.venv\Lib\site-packages\pip\_internal\resolution\resolvelib\candidates.py
runtime,1,E:\football_v\.venv\Lib\site-packages\pip\_internal\resolution\resolvelib\candidates.py
data,6,E:\football_v\.venv\Lib\site-packages\pip\_internal\resolution\resolvelib\factory.py
load,1,E:\football_v\.venv\Lib\site-packages\pip\_internal\resolution\resolvelib\factory.py
read,8,E:\football_v\.venv\Lib\site-packages\pip\_internal\resolution\resolvelib\factory.py
form,6,E:\football_v\.venv\Lib\site-packages\pip\_internal\resolution\resolvelib\factory.py
model,3,E:\football_v\.venv\Lib\site-packages\pip\_internal\resolution\resolvelib\factory.py
train,43,E:\football_v\.venv\Lib\site-packages\pip\_internal\resolution\resolvelib\factory.py
fit,1,E:\football_v\.venv\Lib\site-packages\pip\_internal\resolution\resolvelib\factory.py
value,1,E:\football_v\.venv\Lib\site-packages\pip\_internal\resolution\resolvelib\factory.py
ev,9,E:\football_v\.venv\Lib\site-packages\pip\_internal\resolution\resolvelib\factory.py
data,5,E:\football_v\.venv\Lib\site-packages\pip\_internal\resolution\resolvelib\found_candidates.py
load,1,E:\football_v\.venv\Lib\site-packages\pip\_internal\resolution\resolvelib\found_candidates.py
read,6,E:\football_v\.venv\Lib\site-packages\pip\_internal\resolution\resolvelib\found_candidates.py
form,4,E:\football_v\.venv\Lib\site-packages\pip\_internal\resolution\resolvelib\found_candidates.py
ev,6,E:\football_v\.venv\Lib\site-packages\pip\_internal\resolution\resolvelib\found_candidates.py
bet,1,E:\football_v\.venv\Lib\site-packages\pip\_internal\resolution\resolvelib\found_candidates.py
form,16,E:\football_v\.venv\Lib\site-packages\pip\_internal\resolution\resolvelib\provider.py
train,12,E:\football_v\.venv\Lib\site-packages\pip\_internal\resolution\resolvelib\provider.py
value,2,E:\football_v\.venv\Lib\site-packages\pip\_internal\resolution\resolvelib\provider.py
ev,3,E:\football_v\.venv\Lib\site-packages\pip\_internal\resolution\resolvelib\provider.py
fair,1,E:\football_v\.venv\Lib\site-packages\pip\_internal\resolution\resolvelib\provider.py
bet,2,E:\football_v\.venv\Lib\site-packages\pip\_internal\resolution\resolvelib\provider.py
service,1,E:\football_v\.venv\Lib\site-packages\pip\_internal\resolution\resolvelib\provider.py
form,3,E:\football_v\.venv\Lib\site-packages\pip\_internal\resolution\resolvelib\reporter.py
train,1,E:\football_v\.venv\Lib\site-packages\pip\_internal\resolution\resolvelib\reporter.py
ev,2,E:\football_v\.venv\Lib\site-packages\pip\_internal\resolution\resolvelib\reporter.py
runtime,1,E:\football_v\.venv\Lib\site-packages\pip\_internal\resolution\resolvelib\reporter.py
data,1,E:\football_v\.venv\Lib\site-packages\pip\_internal\resolution\resolvelib\requirements.py
read,3,E:\football_v\.venv\Lib\site-packages\pip\_internal\resolution\resolvelib\requirements.py
form,7,E:\football_v\.venv\Lib\site-packages\pip\_internal\resolution\resolvelib\requirements.py
elo,5,E:\football_v\.venv\Lib\site-packages\pip\_internal\resolution\resolvelib\requirements.py
load,1,E:\football_v\.venv\Lib\site-packages\pip\_internal\resolution\resolvelib\resolver.py
read,3,E:\football_v\.venv\Lib\site-packages\pip\_internal\resolution\resolvelib\resolver.py
form,1,E:\football_v\.venv\Lib\site-packages\pip\_internal\resolution\resolvelib\resolver.py
train,3,E:\football_v\.venv\Lib\site-packages\pip\_internal\resolution\resolvelib\resolver.py
predict,1,E:\football_v\.venv\Lib\site-packages\pip\_internal\resolution\resolvelib\resolver.py
value,1,E:\football_v\.venv\Lib\site-packages\pip\_internal\resolution\resolvelib\resolver.py
ev,3,E:\football_v\.venv\Lib\site-packages\pip\_internal\resolution\resolvelib\resolver.py
data,2,E:\football_v\.venv\Lib\site-packages\pip\_internal\utils\appdirs.py
form,4,E:\football_v\.venv\Lib\site-packages\pip\_internal\utils\appdirs.py
value,1,E:\football_v\.venv\Lib\site-packages\pip\_internal\utils\appdirs.py
ev,1,E:\football_v\.venv\Lib\site-packages\pip\_internal\utils\appdirs.py
data,1,E:\football_v\.venv\Lib\site-packages\pip\_internal\utils\compat.py
read,1,E:\football_v\.venv\Lib\site-packages\pip\_internal\utils\compat.py
form,4,E:\football_v\.venv\Lib\site-packages\pip\_internal\utils\compat.py
elo,1,E:\football_v\.venv\Lib\site-packages\pip\_internal\utils\compat.py
ev,1,E:\football_v\.venv\Lib\site-packages\pip\_internal\utils\compat.py
form,34,E:\football_v\.venv\Lib\site-packages\pip\_internal\utils\compatibility_tags.py
ev,2,E:\football_v\.venv\Lib\site-packages\pip\_internal\utils\compatibility_tags.py
read,1,E:\football_v\.venv\Lib\site-packages\pip\_internal\utils\deprecation.py
db,1,E:\football_v\.venv\Lib\site-packages\pip\_internal\utils\deprecation.py
feature,7,E:\football_v\.venv\Lib\site-packages\pip\_internal\utils\deprecation.py
form,5,E:\football_v\.venv\Lib\site-packages\pip\_internal\utils\deprecation.py
value,3,E:\football_v\.venv\Lib\site-packages\pip\_internal\utils\deprecation.py
ev,1,E:\football_v\.venv\Lib\site-packages\pip\_internal\utils\deprecation.py
model,2,E:\football_v\.venv\Lib\site-packages\pip\_internal\utils\direct_url_helpers.py
ev,8,E:\football_v\.venv\Lib\site-packages\pip\_internal\utils\direct_url_helpers.py
data,1,E:\football_v\.venv\Lib\site-packages\pip\_internal\utils\egg_link.py
value,1,E:\football_v\.venv\Lib\site-packages\pip\_internal\utils\egg_link.py
ev,3,E:\football_v\.venv\Lib\site-packages\pip\_internal\utils\entrypoints.py
read,1,E:\football_v\.venv\Lib\site-packages\pip\_internal\utils\filesystem.py
form,6,E:\football_v\.venv\Lib\site-packages\pip\_internal\utils\filesystem.py
ev,5,E:\football_v\.venv\Lib\site-packages\pip\_internal\utils\filesystem.py
bet,2,E:\football_v\.venv\Lib\site-packages\pip\_internal\utils\filesystem.py
form,1,E:\football_v\.venv\Lib\site-packages\pip\_internal\utils\filetypes.py
data,1,E:\football_v\.venv\Lib\site-packages\pip\_internal\utils\glibc.py
form,10,E:\football_v\.venv\Lib\site-packages\pip\_internal\utils\glibc.py
value,2,E:\football_v\.venv\Lib\site-packages\pip\_internal\utils\glibc.py
data,1,E:\football_v\.venv\Lib\site-packages\pip\_internal\utils\hashes.py
read,2,E:\football_v\.venv\Lib\site-packages\pip\_internal\utils\hashes.py
value,7,E:\football_v\.venv\Lib\site-packages\pip\_internal\utils\hashes.py
ev,2,E:\football_v\.venv\Lib\site-packages\pip\_internal\utils\hashes.py
data,3,E:\football_v\.venv\Lib\site-packages\pip\_internal\utils\logging.py
read,4,E:\football_v\.venv\Lib\site-packages\pip\_internal\utils\logging.py
form,28,E:\football_v\.venv\Lib\site-packages\pip\_internal\utils\logging.py
elo,2,E:\football_v\.venv\Lib\site-packages\pip\_internal\utils\logging.py
value,1,E:\football_v\.venv\Lib\site-packages\pip\_internal\utils\logging.py
ev,48,E:\football_v\.venv\Lib\site-packages\pip\_internal\utils\logging.py
bet,2,E:\football_v\.venv\Lib\site-packages\pip\_internal\utils\logging.py
data,21,E:\football_v\.venv\Lib\site-packages\pip\_internal\utils\misc.py
read,7,E:\football_v\.venv\Lib\site-packages\pip\_internal\utils\misc.py
db,7,E:\football_v\.venv\Lib\site-packages\pip\_internal\utils\misc.py
query,1,E:\football_v\.venv\Lib\site-packages\pip\_internal\utils\misc.py
form,20,E:\football_v\.venv\Lib\site-packages\pip\_internal\utils\misc.py
simulate,1,E:\football_v\.venv\Lib\site-packages\pip\_internal\utils\misc.py
value,14,E:\football_v\.venv\Lib\site-packages\pip\_internal\utils\misc.py
ev,7,E:\football_v\.venv\Lib\site-packages\pip\_internal\utils\misc.py
form,2,E:\football_v\.venv\Lib\site-packages\pip\_internal\utils\packaging.py
form,2,E:\football_v\.venv\Lib\site-packages\pip\_internal\utils\retry.py
ev,2,E:\football_v\.venv\Lib\site-packages\pip\_internal\utils\retry.py
bet,1,E:\football_v\.venv\Lib\site-packages\pip\_internal\utils\retry.py
read,1,E:\football_v\.venv\Lib\site-packages\pip\_internal\utils\setuptools_build.py
form,1,E:\football_v\.venv\Lib\site-packages\pip\_internal\utils\setuptools_build.py
elo,2,E:\football_v\.venv\Lib\site-packages\pip\_internal\utils\setuptools_build.py
ev,3,E:\football_v\.venv\Lib\site-packages\pip\_internal\utils\setuptools_build.py
read,4,E:\football_v\.venv\Lib\site-packages\pip\_internal\utils\subprocess.py
db,2,E:\football_v\.venv\Lib\site-packages\pip\_internal\utils\subprocess.py
form,5,E:\football_v\.venv\Lib\site-packages\pip\_internal\utils\subprocess.py
value,2,E:\football_v\.venv\Lib\site-packages\pip\_internal\utils\subprocess.py
ev,9,E:\football_v\.venv\Lib\site-packages\pip\_internal\utils\subprocess.py
data,1,E:\football_v\.venv\Lib\site-packages\pip\_internal\utils\temp_dir.py
read,1,E:\football_v\.venv\Lib\site-packages\pip\_internal\utils\temp_dir.py
form,6,E:\football_v\.venv\Lib\site-packages\pip\_internal\utils\temp_dir.py
value,4,E:\football_v\.venv\Lib\site-packages\pip\_internal\utils\temp_dir.py
ev,2,E:\football_v\.venv\Lib\site-packages\pip\_internal\utils\temp_dir.py
data,5,E:\football_v\.venv\Lib\site-packages\pip\_internal\utils\unpacking.py
load,1,E:\football_v\.venv\Lib\site-packages\pip\_internal\utils\unpacking.py
read,1,E:\football_v\.venv\Lib\site-packages\pip\_internal\utils\unpacking.py
feature,1,E:\football_v\.venv\Lib\site-packages\pip\_internal\utils\unpacking.py
form,5,E:\football_v\.venv\Lib\site-packages\pip\_internal\utils\unpacking.py
elo,1,E:\football_v\.venv\Lib\site-packages\pip\_internal\utils\unpacking.py
ev,1,E:\football_v\.venv\Lib\site-packages\pip\_internal\utils\unpacking.py
form,1,E:\football_v\.venv\Lib\site-packages\pip\_internal\utils\urls.py
value,1,E:\football_v\.venv\Lib\site-packages\pip\_internal\utils\urls.py
read,3,E:\football_v\.venv\Lib\site-packages\pip\_internal\utils\virtualenv.py
value,2,E:\football_v\.venv\Lib\site-packages\pip\_internal\utils\virtualenv.py
data,12,E:\football_v\.venv\Lib\site-packages\pip\_internal\utils\wheel.py
read,4,E:\football_v\.venv\Lib\site-packages\pip\_internal\utils\wheel.py
form,3,E:\football_v\.venv\Lib\site-packages\pip\_internal\utils\wheel.py
value,1,E:\football_v\.venv\Lib\site-packages\pip\_internal\utils\wheel.py
runtime,2,E:\football_v\.venv\Lib\site-packages\pip\_internal\utils\wheel.py
elo,1,E:\football_v\.venv\Lib\site-packages\pip\_internal\utils\_jaraco_text.py
fit,1,E:\football_v\.venv\Lib\site-packages\pip\_internal\utils\_jaraco_text.py
ev,1,E:\football_v\.venv\Lib\site-packages\pip\_internal\utils\_jaraco_text.py
elo,6,E:\football_v\.venv\Lib\site-packages\pip\_internal\utils\_log.py
ev,4,E:\football_v\.venv\Lib\site-packages\pip\_internal\utils\_log.py
bet,2,E:\football_v\.venv\Lib\site-packages\pip\_internal\utils\_log.py
ev,23,E:\football_v\.venv\Lib\site-packages\pip\_internal\vcs\bazaar.py
data,1,E:\football_v\.venv\Lib\site-packages\pip\_internal\vcs\git.py
read,1,E:\football_v\.venv\Lib\site-packages\pip\_internal\vcs\git.py
query,2,E:\football_v\.venv\Lib\site-packages\pip\_internal\vcs\git.py
form,8,E:\football_v\.venv\Lib\site-packages\pip\_internal\vcs\git.py
value,3,E:\football_v\.venv\Lib\site-packages\pip\_internal\vcs\git.py
ev,128,E:\football_v\.venv\Lib\site-packages\pip\_internal\vcs\git.py
read,1,E:\football_v\.venv\Lib\site-packages\pip\_internal\vcs\mercurial.py
ev,25,E:\football_v\.venv\Lib\site-packages\pip\_internal\vcs\mercurial.py
data,11,E:\football_v\.venv\Lib\site-packages\pip\_internal\vcs\subversion.py
read,2,E:\football_v\.venv\Lib\site-packages\pip\_internal\vcs\subversion.py
query,1,E:\football_v\.venv\Lib\site-packages\pip\_internal\vcs\subversion.py
form,5,E:\football_v\.venv\Lib\site-packages\pip\_internal\vcs\subversion.py
value,4,E:\football_v\.venv\Lib\site-packages\pip\_internal\vcs\subversion.py
ev,50,E:\football_v\.venv\Lib\site-packages\pip\_internal\vcs\subversion.py
data,3,E:\football_v\.venv\Lib\site-packages\pip\_internal\vcs\versioncontrol.py
load,2,E:\football_v\.venv\Lib\site-packages\pip\_internal\vcs\versioncontrol.py
read,3,E:\football_v\.venv\Lib\site-packages\pip\_internal\vcs\versioncontrol.py
query,2,E:\football_v\.venv\Lib\site-packages\pip\_internal\vcs\versioncontrol.py
form,8,E:\football_v\.venv\Lib\site-packages\pip\_internal\vcs\versioncontrol.py
value,7,E:\football_v\.venv\Lib\site-packages\pip\_internal\vcs\versioncontrol.py
ev,106,E:\football_v\.venv\Lib\site-packages\pip\_internal\vcs\versioncontrol.py
data,34,E:\football_v\.venv\Lib\site-packages\pip\_vendor\typing_extensions.py
load,41,E:\football_v\.venv\Lib\site-packages\pip\_vendor\typing_extensions.py
read,29,E:\football_v\.venv\Lib\site-packages\pip\_vendor\typing_extensions.py
query,3,E:\football_v\.venv\Lib\site-packages\pip\_vendor\typing_extensions.py
form,82,E:\football_v\.venv\Lib\site-packages\pip\_vendor\typing_extensions.py
elo,3,E:\football_v\.venv\Lib\site-packages\pip\_vendor\typing_extensions.py
model,12,E:\football_v\.venv\Lib\site-packages\pip\_vendor\typing_extensions.py
train,5,E:\football_v\.venv\Lib\site-packages\pip\_vendor\typing_extensions.py
fit,5,E:\football_v\.venv\Lib\site-packages\pip\_vendor\typing_extensions.py
value,60,E:\football_v\.venv\Lib\site-packages\pip\_vendor\typing_extensions.py
ev,187,E:\football_v\.venv\Lib\site-packages\pip\_vendor\typing_extensions.py
bet,4,E:\football_v\.venv\Lib\site-packages\pip\_vendor\typing_extensions.py
runtime,72,E:\football_v\.venv\Lib\site-packages\pip\_vendor\typing_extensions.py
rating,1,E:\football_v\.venv\Lib\site-packages\pip\_vendor\__init__.py
form,3,E:\football_v\.venv\Lib\site-packages\pip\_vendor\__init__.py
value,1,E:\football_v\.venv\Lib\site-packages\pip\_vendor\__init__.py
ev,6,E:\football_v\.venv\Lib\site-packages\pip\_vendor\__init__.py
bet,1,E:\football_v\.venv\Lib\site-packages\pip\_vendor\__init__.py
read,3,E:\football_v\.venv\Lib\site-packages\pip\_vendor\cachecontrol\adapter.py
form,1,E:\football_v\.venv\Lib\site-packages\pip\_vendor\cachecontrol\adapter.py
data,7,E:\football_v\.venv\Lib\site-packages\pip\_vendor\cachecontrol\cache.py
load,1,E:\football_v\.venv\Lib\site-packages\pip\_vendor\cachecontrol\cache.py
read,2,E:\football_v\.venv\Lib\site-packages\pip\_vendor\cachecontrol\cache.py
value,3,E:\football_v\.venv\Lib\site-packages\pip\_vendor\cachecontrol\cache.py
data,6,E:\football_v\.venv\Lib\site-packages\pip\_vendor\cachecontrol\controller.py
load,8,E:\football_v\.venv\Lib\site-packages\pip\_vendor\cachecontrol\controller.py
query,4,E:\football_v\.venv\Lib\site-packages\pip\_vendor\cachecontrol\controller.py
form,3,E:\football_v\.venv\Lib\site-packages\pip\_vendor\cachecontrol\controller.py
value,6,E:\football_v\.venv\Lib\site-packages\pip\_vendor\cachecontrol\controller.py
ev,5,E:\football_v\.venv\Lib\site-packages\pip\_vendor\cachecontrol\controller.py
data,12,E:\football_v\.venv\Lib\site-packages\pip\_vendor\cachecontrol\filewrapper.py
load,2,E:\football_v\.venv\Lib\site-packages\pip\_vendor\cachecontrol\filewrapper.py
read,8,E:\football_v\.venv\Lib\site-packages\pip\_vendor\cachecontrol\filewrapper.py
form,1,E:\football_v\.venv\Lib\site-packages\pip\_vendor\cachecontrol\filewrapper.py
score,1,E:\football_v\.venv\Lib\site-packages\pip\_vendor\cachecontrol\filewrapper.py
value,1,E:\football_v\.venv\Lib\site-packages\pip\_vendor\cachecontrol\filewrapper.py
ev,1,E:\football_v\.venv\Lib\site-packages\pip\_vendor\cachecontrol\filewrapper.py
read,1,E:\football_v\.venv\Lib\site-packages\pip\_vendor\cachecontrol\heuristics.py
form,2,E:\football_v\.venv\Lib\site-packages\pip\_vendor\cachecontrol\heuristics.py
elo,1,E:\football_v\.venv\Lib\site-packages\pip\_vendor\cachecontrol\heuristics.py
value,5,E:\football_v\.venv\Lib\site-packages\pip\_vendor\cachecontrol\heuristics.py
ev,1,E:\football_v\.venv\Lib\site-packages\pip\_vendor\cachecontrol\heuristics.py
data,16,E:\football_v\.venv\Lib\site-packages\pip\_vendor\cachecontrol\serialize.py
load,5,E:\football_v\.venv\Lib\site-packages\pip\_vendor\cachecontrol\serialize.py
read,3,E:\football_v\.venv\Lib\site-packages\pip\_vendor\cachecontrol\serialize.py
form,2,E:\football_v\.venv\Lib\site-packages\pip\_vendor\cachecontrol\serialize.py
elo,1,E:\football_v\.venv\Lib\site-packages\pip\_vendor\cachecontrol\serialize.py
value,9,E:\football_v\.venv\Lib\site-packages\pip\_vendor\cachecontrol\serialize.py
ev,2,E:\football_v\.venv\Lib\site-packages\pip\_vendor\cachecontrol\serialize.py
ev,1,E:\football_v\.venv\Lib\site-packages\pip\_vendor\cachecontrol\_cmd.py
data,3,E:\football_v\.venv\Lib\site-packages\pip\_vendor\cachecontrol\caches\file_cache.py
load,1,E:\football_v\.venv\Lib\site-packages\pip\_vendor\cachecontrol\caches\file_cache.py
read,3,E:\football_v\.venv\Lib\site-packages\pip\_vendor\cachecontrol\caches\file_cache.py
elo,7,E:\football_v\.venv\Lib\site-packages\pip\_vendor\cachecontrol\caches\file_cache.py
value,2,E:\football_v\.venv\Lib\site-packages\pip\_vendor\cachecontrol\caches\file_cache.py
ev,5,E:\football_v\.venv\Lib\site-packages\pip\_vendor\cachecontrol\caches\file_cache.py
bet,1,E:\football_v\.venv\Lib\site-packages\pip\_vendor\cachecontrol\caches\file_cache.py
data,1,E:\football_v\.venv\Lib\site-packages\pip\_vendor\cachecontrol\caches\redis_cache.py
database,1,E:\football_v\.venv\Lib\site-packages\pip\_vendor\cachecontrol\caches\redis_cache.py
value,4,E:\football_v\.venv\Lib\site-packages\pip\_vendor\cachecontrol\caches\redis_cache.py
data,2,E:\football_v\.venv\Lib\site-packages\pip\_vendor\certifi\core.py
read,6,E:\football_v\.venv\Lib\site-packages\pip\_vendor\certifi\core.py
ev,6,E:\football_v\.venv\Lib\site-packages\pip\_vendor\certifi\core.py
read,11,E:\football_v\.venv\Lib\site-packages\pip\_vendor\distlib\compat.py
rating,2,E:\football_v\.venv\Lib\site-packages\pip\_vendor\distlib\compat.py
form,14,E:\football_v\.venv\Lib\site-packages\pip\_vendor\distlib\compat.py
value,109,E:\football_v\.venv\Lib\site-packages\pip\_vendor\distlib\compat.py
ev,14,E:\football_v\.venv\Lib\site-packages\pip\_vendor\distlib\compat.py
service,1,E:\football_v\.venv\Lib\site-packages\pip\_vendor\distlib\compat.py
data,116,E:\football_v\.venv\Lib\site-packages\pip\_vendor\distlib\database.py
load,3,E:\football_v\.venv\Lib\site-packages\pip\_vendor\distlib\database.py
read,30,E:\football_v\.venv\Lib\site-packages\pip\_vendor\distlib\database.py
csv,5,E:\football_v\.venv\Lib\site-packages\pip\_vendor\distlib\database.py
json,3,E:\football_v\.venv\Lib\site-packages\pip\_vendor\distlib\database.py
database,10,E:\football_v\.venv\Lib\site-packages\pip\_vendor\distlib\database.py
feature,1,E:\football_v\.venv\Lib\site-packages\pip\_vendor\distlib\database.py
rating,2,E:\football_v\.venv\Lib\site-packages\pip\_vendor\distlib\database.py
form,11,E:\football_v\.venv\Lib\site-packages\pip\_vendor\distlib\database.py
elo,1,E:\football_v\.venv\Lib\site-packages\pip\_vendor\distlib\database.py
model,2,E:\football_v\.venv\Lib\site-packages\pip\_vendor\distlib\database.py
train,2,E:\football_v\.venv\Lib\site-packages\pip\_vendor\distlib\database.py
value,29,E:\football_v\.venv\Lib\site-packages\pip\_vendor\distlib\database.py
ev,23,E:\football_v\.venv\Lib\site-packages\pip\_vendor\distlib\database.py
bet,2,E:\football_v\.venv\Lib\site-packages\pip\_vendor\distlib\database.py
data,44,E:\football_v\.venv\Lib\site-packages\pip\_vendor\distlib\index.py
load,19,E:\football_v\.venv\Lib\site-packages\pip\_vendor\distlib\index.py
read,26,E:\football_v\.venv\Lib\site-packages\pip\_vendor\distlib\index.py
query,2,E:\football_v\.venv\Lib\site-packages\pip\_vendor\distlib\index.py
form,3,E:\football_v\.venv\Lib\site-packages\pip\_vendor\distlib\index.py
value,13,E:\football_v\.venv\Lib\site-packages\pip\_vendor\distlib\index.py
ev,6,E:\football_v\.venv\Lib\site-packages\pip\_vendor\distlib\index.py
data,62,E:\football_v\.venv\Lib\site-packages\pip\_vendor\distlib\locators.py
load,29,E:\football_v\.venv\Lib\site-packages\pip\_vendor\distlib\locators.py
read,30,E:\football_v\.venv\Lib\site-packages\pip\_vendor\distlib\locators.py
json,9,E:\football_v\.venv\Lib\site-packages\pip\_vendor\distlib\locators.py
database,1,E:\football_v\.venv\Lib\site-packages\pip\_vendor\distlib\locators.py
db,2,E:\football_v\.venv\Lib\site-packages\pip\_vendor\distlib\locators.py
query,5,E:\football_v\.venv\Lib\site-packages\pip\_vendor\distlib\locators.py
form,19,E:\football_v\.venv\Lib\site-packages\pip\_vendor\distlib\locators.py
train,1,E:\football_v\.venv\Lib\site-packages\pip\_vendor\distlib\locators.py
fit,1,E:\football_v\.venv\Lib\site-packages\pip\_vendor\distlib\locators.py
score,4,E:\football_v\.venv\Lib\site-packages\pip\_vendor\distlib\locators.py
value,12,E:\football_v\.venv\Lib\site-packages\pip\_vendor\distlib\locators.py
ev,8,E:\football_v\.venv\Lib\site-packages\pip\_vendor\distlib\locators.py
load,1,E:\football_v\.venv\Lib\site-packages\pip\_vendor\distlib\manifest.py
form,3,E:\football_v\.venv\Lib\site-packages\pip\_vendor\distlib\manifest.py
ev,3,E:\football_v\.venv\Lib\site-packages\pip\_vendor\distlib\manifest.py
bet,1,E:\football_v\.venv\Lib\site-packages\pip\_vendor\distlib\manifest.py
data,1,E:\football_v\.venv\Lib\site-packages\pip\_vendor\distlib\markers.py
form,17,E:\football_v\.venv\Lib\site-packages\pip\_vendor\distlib\markers.py
ev,12,E:\football_v\.venv\Lib\site-packages\pip\_vendor\distlib\markers.py
data,129,E:\football_v\.venv\Lib\site-packages\pip\_vendor\distlib\metadata.py
load,11,E:\football_v\.venv\Lib\site-packages\pip\_vendor\distlib\metadata.py
read,12,E:\football_v\.venv\Lib\site-packages\pip\_vendor\distlib\metadata.py
json,7,E:\football_v\.venv\Lib\site-packages\pip\_vendor\distlib\metadata.py
db,4,E:\football_v\.venv\Lib\site-packages\pip\_vendor\distlib\metadata.py
feature,1,E:\football_v\.venv\Lib\site-packages\pip\_vendor\distlib\metadata.py
form,17,E:\football_v\.venv\Lib\site-packages\pip\_vendor\distlib\metadata.py
elo,1,E:\football_v\.venv\Lib\site-packages\pip\_vendor\distlib\metadata.py
train,4,E:\football_v\.venv\Lib\site-packages\pip\_vendor\distlib\metadata.py
score,1,E:\football_v\.venv\Lib\site-packages\pip\_vendor\distlib\metadata.py
value,128,E:\football_v\.venv\Lib\site-packages\pip\_vendor\distlib\metadata.py
ev,8,E:\football_v\.venv\Lib\site-packages\pip\_vendor\distlib\metadata.py
data,2,E:\football_v\.venv\Lib\site-packages\pip\_vendor\distlib\resources.py
load,20,E:\football_v\.venv\Lib\site-packages\pip\_vendor\distlib\resources.py
read,1,E:\football_v\.venv\Lib\site-packages\pip\_vendor\distlib\resources.py
form,1,E:\football_v\.venv\Lib\site-packages\pip\_vendor\distlib\resources.py
elo,2,E:\football_v\.venv\Lib\site-packages\pip\_vendor\distlib\resources.py
data,2,E:\football_v\.venv\Lib\site-packages\pip\_vendor\distlib\scripts.py
load,1,E:\football_v\.venv\Lib\site-packages\pip\_vendor\distlib\scripts.py
read,6,E:\football_v\.venv\Lib\site-packages\pip\_vendor\distlib\scripts.py
db,1,E:\football_v\.venv\Lib\site-packages\pip\_vendor\distlib\scripts.py
form,10,E:\football_v\.venv\Lib\site-packages\pip\_vendor\distlib\scripts.py
capital,1,E:\football_v\.venv\Lib\site-packages\pip\_vendor\distlib\scripts.py
value,6,E:\football_v\.venv\Lib\site-packages\pip\_vendor\distlib\scripts.py
ev,3,E:\football_v\.venv\Lib\site-packages\pip\_vendor\distlib\scripts.py
data,28,E:\football_v\.venv\Lib\site-packages\pip\_vendor\distlib\util.py
load,9,E:\football_v\.venv\Lib\site-packages\pip\_vendor\distlib\util.py
read,37,E:\football_v\.venv\Lib\site-packages\pip\_vendor\distlib\util.py
csv,14,E:\football_v\.venv\Lib\site-packages\pip\_vendor\distlib\util.py
json,10,E:\football_v\.venv\Lib\site-packages\pip\_vendor\distlib\util.py
db,6,E:\football_v\.venv\Lib\site-packages\pip\_vendor\distlib\util.py
form,40,E:\football_v\.venv\Lib\site-packages\pip\_vendor\distlib\util.py
train,4,E:\football_v\.venv\Lib\site-packages\pip\_vendor\distlib\util.py
value,38,E:\football_v\.venv\Lib\site-packages\pip\_vendor\distlib\util.py
ev,40,E:\football_v\.venv\Lib\site-packages\pip\_vendor\distlib\util.py
stake,1,E:\football_v\.venv\Lib\site-packages\pip\_vendor\distlib\util.py
data,3,E:\football_v\.venv\Lib\site-packages\pip\_vendor\distlib\version.py
read,1,E:\football_v\.venv\Lib\site-packages\pip\_vendor\distlib\version.py
db,6,E:\football_v\.venv\Lib\site-packages\pip\_vendor\distlib\version.py
form,1,E:\football_v\.venv\Lib\site-packages\pip\_vendor\distlib\version.py
model,2,E:\football_v\.venv\Lib\site-packages\pip\_vendor\distlib\version.py
train,54,E:\football_v\.venv\Lib\site-packages\pip\_vendor\distlib\version.py
simulate,1,E:\football_v\.venv\Lib\site-packages\pip\_vendor\distlib\version.py
value,8,E:\football_v\.venv\Lib\site-packages\pip\_vendor\distlib\version.py
ev,59,E:\football_v\.venv\Lib\site-packages\pip\_vendor\distlib\version.py
bet,10,E:\football_v\.venv\Lib\site-packages\pip\_vendor\distlib\version.py
data,89,E:\football_v\.venv\Lib\site-packages\pip\_vendor\distlib\wheel.py
load,8,E:\football_v\.venv\Lib\site-packages\pip\_vendor\distlib\wheel.py
read,24,E:\football_v\.venv\Lib\site-packages\pip\_vendor\distlib\wheel.py
csv,5,E:\football_v\.venv\Lib\site-packages\pip\_vendor\distlib\wheel.py
json,5,E:\football_v\.venv\Lib\site-packages\pip\_vendor\distlib\wheel.py
database,1,E:\football_v\.venv\Lib\site-packages\pip\_vendor\distlib\wheel.py
form,8,E:\football_v\.venv\Lib\site-packages\pip\_vendor\distlib\wheel.py
value,11,E:\football_v\.venv\Lib\site-packages\pip\_vendor\distlib\wheel.py
ev,1,E:\football_v\.venv\Lib\site-packages\pip\_vendor\distlib\wheel.py
elo,1,E:\football_v\.venv\Lib\site-packages\pip\_vendor\distlib\__init__.py
data,41,E:\football_v\.venv\Lib\site-packages\pip\_vendor\distro\distro.py
load,3,E:\football_v\.venv\Lib\site-packages\pip\_vendor\distro\distro.py
read,15,E:\football_v\.venv\Lib\site-packages\pip\_vendor\distro\distro.py
json,4,E:\football_v\.venv\Lib\site-packages\pip\_vendor\distro\distro.py
form,76,E:\football_v\.venv\Lib\site-packages\pip\_vendor\distro\distro.py
score,4,E:\football_v\.venv\Lib\site-packages\pip\_vendor\distro\distro.py
value,48,E:\football_v\.venv\Lib\site-packages\pip\_vendor\distro\distro.py
ev,38,E:\football_v\.venv\Lib\site-packages\pip\_vendor\distro\distro.py
data,17,E:\football_v\.venv\Lib\site-packages\pip\_vendor\idna\codec.py
read,4,E:\football_v\.venv\Lib\site-packages\pip\_vendor\idna\codec.py
form,4,E:\football_v\.venv\Lib\site-packages\pip\_vendor\idna\codec.py
data,21,E:\football_v\.venv\Lib\site-packages\pip\_vendor\idna\core.py
form,12,E:\football_v\.venv\Lib\site-packages\pip\_vendor\idna\core.py
value,21,E:\football_v\.venv\Lib\site-packages\pip\_vendor\idna\core.py
data,1,E:\football_v\.venv\Lib\site-packages\pip\_vendor\idna\idnadata.py
db,26,E:\football_v\.venv\Lib\site-packages\pip\_vendor\idna\idnadata.py
form,1,E:\football_v\.venv\Lib\site-packages\pip\_vendor\idna\intranges.py
data,2,E:\football_v\.venv\Lib\site-packages\pip\_vendor\idna\uts46data.py
db,66,E:\football_v\.venv\Lib\site-packages\pip\_vendor\idna\uts46data.py
ev,1,E:\football_v\.venv\Lib\site-packages\pip\_vendor\idna\uts46data.py
data,1,E:\football_v\.venv\Lib\site-packages\pip\_vendor\idna\__init__.py
data,5,E:\football_v\.venv\Lib\site-packages\pip\_vendor\msgpack\exceptions.py
form,2,E:\football_v\.venv\Lib\site-packages\pip\_vendor\msgpack\exceptions.py
value,8,E:\football_v\.venv\Lib\site-packages\pip\_vendor\msgpack\exceptions.py
data,17,E:\football_v\.venv\Lib\site-packages\pip\_vendor\msgpack\ext.py
load,3,E:\football_v\.venv\Lib\site-packages\pip\_vendor\msgpack\ext.py
fit,1,E:\football_v\.venv\Lib\site-packages\pip\_vendor\msgpack\ext.py
value,4,E:\football_v\.venv\Lib\site-packages\pip\_vendor\msgpack\ext.py
data,44,E:\football_v\.venv\Lib\site-packages\pip\_vendor\msgpack\fallback.py
read,43,E:\football_v\.venv\Lib\site-packages\pip\_vendor\msgpack\fallback.py
json,3,E:\football_v\.venv\Lib\site-packages\pip\_vendor\msgpack\fallback.py
db,3,E:\football_v\.venv\Lib\site-packages\pip\_vendor\msgpack\fallback.py
form,8,E:\football_v\.venv\Lib\site-packages\pip\_vendor\msgpack\fallback.py
value,39,E:\football_v\.venv\Lib\site-packages\pip\_vendor\msgpack\fallback.py
bet,2,E:\football_v\.venv\Lib\site-packages\pip\_vendor\msgpack\fallback.py
data,3,E:\football_v\.venv\Lib\site-packages\pip\_vendor\msgpack\__init__.py
load,2,E:\football_v\.venv\Lib\site-packages\pip\_vendor\msgpack\__init__.py
read,1,E:\football_v\.venv\Lib\site-packages\pip\_vendor\msgpack\__init__.py
json,1,E:\football_v\.venv\Lib\site-packages\pip\_vendor\msgpack\__init__.py
data,3,E:\football_v\.venv\Lib\site-packages\pip\_vendor\packaging\markers.py
rating,1,E:\football_v\.venv\Lib\site-packages\pip\_vendor\packaging\markers.py
form,30,E:\football_v\.venv\Lib\site-packages\pip\_vendor\packaging\markers.py
value,40,E:\football_v\.venv\Lib\site-packages\pip\_vendor\packaging\markers.py
ev,11,E:\football_v\.venv\Lib\site-packages\pip\_vendor\packaging\markers.py
data,183,E:\football_v\.venv\Lib\site-packages\pip\_vendor\packaging\metadata.py
load,25,E:\football_v\.venv\Lib\site-packages\pip\_vendor\packaging\metadata.py
read,5,E:\football_v\.venv\Lib\site-packages\pip\_vendor\packaging\metadata.py
form,24,E:\football_v\.venv\Lib\site-packages\pip\_vendor\packaging\metadata.py
elo,1,E:\football_v\.venv\Lib\site-packages\pip\_vendor\packaging\metadata.py
score,1,E:\football_v\.venv\Lib\site-packages\pip\_vendor\packaging\metadata.py
value,79,E:\football_v\.venv\Lib\site-packages\pip\_vendor\packaging\metadata.py
ev,9,E:\football_v\.venv\Lib\site-packages\pip\_vendor\packaging\metadata.py
bet,1,E:\football_v\.venv\Lib\site-packages\pip\_vendor\packaging\metadata.py
form,3,E:\football_v\.venv\Lib\site-packages\pip\_vendor\packaging\requirements.py
value,3,E:\football_v\.venv\Lib\site-packages\pip\_vendor\packaging\requirements.py
data,1,E:\football_v\.venv\Lib\site-packages\pip\_vendor\packaging\specifiers.py
read,1,E:\football_v\.venv\Lib\site-packages\pip\_vendor\packaging\specifiers.py
form,1,E:\football_v\.venv\Lib\site-packages\pip\_vendor\packaging\specifiers.py
value,16,E:\football_v\.venv\Lib\site-packages\pip\_vendor\packaging\specifiers.py
ev,28,E:\football_v\.venv\Lib\site-packages\pip\_vendor\packaging\specifiers.py
bet,5,E:\football_v\.venv\Lib\site-packages\pip\_vendor\packaging\specifiers.py
load,1,E:\football_v\.venv\Lib\site-packages\pip\_vendor\packaging\tags.py
read,13,E:\football_v\.venv\Lib\site-packages\pip\_vendor\packaging\tags.py
feature,1,E:\football_v\.venv\Lib\site-packages\pip\_vendor\packaging\tags.py
form,115,E:\football_v\.venv\Lib\site-packages\pip\_vendor\packaging\tags.py
value,8,E:\football_v\.venv\Lib\site-packages\pip\_vendor\packaging\tags.py
ev,20,E:\football_v\.venv\Lib\site-packages\pip\_vendor\packaging\tags.py
data,1,E:\football_v\.venv\Lib\site-packages\pip\_vendor\packaging\utils.py
form,2,E:\football_v\.venv\Lib\site-packages\pip\_vendor\packaging\utils.py
value,5,E:\football_v\.venv\Lib\site-packages\pip\_vendor\packaging\utils.py
form,2,E:\football_v\.venv\Lib\site-packages\pip\_vendor\packaging\version.py
elo,5,E:\football_v\.venv\Lib\site-packages\pip\_vendor\packaging\version.py
value,2,E:\football_v\.venv\Lib\site-packages\pip\_vendor\packaging\version.py
ev,71,E:\football_v\.venv\Lib\site-packages\pip\_vendor\packaging\version.py
bet,2,E:\football_v\.venv\Lib\site-packages\pip\_vendor\packaging\version.py
data,6,E:\football_v\.venv\Lib\site-packages\pip\_vendor\packaging\_elffile.py
read,7,E:\football_v\.venv\Lib\site-packages\pip\_vendor\packaging\_elffile.py
form,4,E:\football_v\.venv\Lib\site-packages\pip\_vendor\packaging\_elffile.py
value,1,E:\football_v\.venv\Lib\site-packages\pip\_vendor\packaging\_elffile.py
data,3,E:\football_v\.venv\Lib\site-packages\pip\_vendor\packaging\_manylinux.py
form,7,E:\football_v\.venv\Lib\site-packages\pip\_vendor\packaging\_manylinux.py
value,4,E:\football_v\.venv\Lib\site-packages\pip\_vendor\packaging\_manylinux.py
ev,2,E:\football_v\.venv\Lib\site-packages\pip\_vendor\packaging\_manylinux.py
runtime,1,E:\football_v\.venv\Lib\site-packages\pip\_vendor\packaging\_manylinux.py
load,3,E:\football_v\.venv\Lib\site-packages\pip\_vendor\packaging\_musllinux.py
form,7,E:\football_v\.venv\Lib\site-packages\pip\_vendor\packaging\_musllinux.py
value,1,E:\football_v\.venv\Lib\site-packages\pip\_vendor\packaging\_musllinux.py
runtime,1,E:\football_v\.venv\Lib\site-packages\pip\_vendor\packaging\_musllinux.py
read,12,E:\football_v\.venv\Lib\site-packages\pip\_vendor\packaging\_parser.py
form,2,E:\football_v\.venv\Lib\site-packages\pip\_vendor\packaging\_parser.py
value,10,E:\football_v\.venv\Lib\site-packages\pip\_vendor\packaging\_parser.py
ev,1,E:\football_v\.venv\Lib\site-packages\pip\_vendor\packaging\_parser.py
bet,1,E:\football_v\.venv\Lib\site-packages\pip\_vendor\packaging\_parser.py
data,3,E:\football_v\.venv\Lib\site-packages\pip\_vendor\packaging\_tokenizer.py
load,1,E:\football_v\.venv\Lib\site-packages\pip\_vendor\packaging\_tokenizer.py
read,8,E:\football_v\.venv\Lib\site-packages\pip\_vendor\packaging\_tokenizer.py
form,3,E:\football_v\.venv\Lib\site-packages\pip\_vendor\packaging\_tokenizer.py
data,2,E:\football_v\.venv\Lib\site-packages\pip\_vendor\packaging\licenses\_spdx.py
load,2,E:\football_v\.venv\Lib\site-packages\pip\_vendor\packaging\licenses\_spdx.py
read,2,E:\football_v\.venv\Lib\site-packages\pip\_vendor\packaging\licenses\_spdx.py
json,2,E:\football_v\.venv\Lib\site-packages\pip\_vendor\packaging\licenses\_spdx.py
db,2,E:\football_v\.venv\Lib\site-packages\pip\_vendor\packaging\licenses\_spdx.py
form,4,E:\football_v\.venv\Lib\site-packages\pip\_vendor\packaging\licenses\_spdx.py
fit,2,E:\football_v\.venv\Lib\site-packages\pip\_vendor\packaging\licenses\_spdx.py
ev,6,E:\football_v\.venv\Lib\site-packages\pip\_vendor\packaging\licenses\_spdx.py
fair,2,E:\football_v\.venv\Lib\site-packages\pip\_vendor\packaging\licenses\_spdx.py
runtime,2,E:\football_v\.venv\Lib\site-packages\pip\_vendor\packaging\licenses\_spdx.py
fit,1,E:\football_v\.venv\Lib\site-packages\pip\_vendor\packaging\licenses\__init__.py
value,1,E:\football_v\.venv\Lib\site-packages\pip\_vendor\packaging\licenses\__init__.py
ev,7,E:\football_v\.venv\Lib\site-packages\pip\_vendor\packaging\licenses\__init__.py
data,137,E:\football_v\.venv\Lib\site-packages\pip\_vendor\pkg_resources\__init__.py
load,108,E:\football_v\.venv\Lib\site-packages\pip\_vendor\pkg_resources\__init__.py
read,37,E:\football_v\.venv\Lib\site-packages\pip\_vendor\pkg_resources\__init__.py
db,3,E:\football_v\.venv\Lib\site-packages\pip\_vendor\pkg_resources\__init__.py
feature,2,E:\football_v\.venv\Lib\site-packages\pip\_vendor\pkg_resources\__init__.py
form,81,E:\football_v\.venv\Lib\site-packages\pip\_vendor\pkg_resources\__init__.py
elo,9,E:\football_v\.venv\Lib\site-packages\pip\_vendor\pkg_resources\__init__.py
value,34,E:\football_v\.venv\Lib\site-packages\pip\_vendor\pkg_resources\__init__.py
ev,55,E:\football_v\.venv\Lib\site-packages\pip\_vendor\pkg_resources\__init__.py
bet,2,E:\football_v\.venv\Lib\site-packages\pip\_vendor\pkg_resources\__init__.py
runtime,4,E:\football_v\.venv\Lib\site-packages\pip\_vendor\pkg_resources\__init__.py
service,1,E:\football_v\.venv\Lib\site-packages\pip\_vendor\pkg_resources\__init__.py
data,17,E:\football_v\.venv\Lib\site-packages\pip\_vendor\platformdirs\android.py
load,11,E:\football_v\.venv\Lib\site-packages\pip\_vendor\platformdirs\android.py
form,8,E:\football_v\.venv\Lib\site-packages\pip\_vendor\platformdirs\android.py
roi,43,E:\football_v\.venv\Lib\site-packages\pip\_vendor\platformdirs\android.py
runtime,6,E:\football_v\.venv\Lib\site-packages\pip\_vendor\platformdirs\android.py
data,20,E:\football_v\.venv\Lib\site-packages\pip\_vendor\platformdirs\api.py
load,5,E:\football_v\.venv\Lib\site-packages\pip\_vendor\platformdirs\api.py
form,3,E:\football_v\.venv\Lib\site-packages\pip\_vendor\platformdirs\api.py
value,1,E:\football_v\.venv\Lib\site-packages\pip\_vendor\platformdirs\api.py
runtime,17,E:\football_v\.venv\Lib\site-packages\pip\_vendor\platformdirs\api.py
data,13,E:\football_v\.venv\Lib\site-packages\pip\_vendor\platformdirs\macos.py
load,4,E:\football_v\.venv\Lib\site-packages\pip\_vendor\platformdirs\macos.py
rating,1,E:\football_v\.venv\Lib\site-packages\pip\_vendor\platformdirs\macos.py
form,13,E:\football_v\.venv\Lib\site-packages\pip\_vendor\platformdirs\macos.py
elo,1,E:\football_v\.venv\Lib\site-packages\pip\_vendor\platformdirs\macos.py
ev,3,E:\football_v\.venv\Lib\site-packages\pip\_vendor\platformdirs\macos.py
runtime,6,E:\football_v\.venv\Lib\site-packages\pip\_vendor\platformdirs\macos.py
data,18,E:\football_v\.venv\Lib\site-packages\pip\_vendor\platformdirs\unix.py
load,5,E:\football_v\.venv\Lib\site-packages\pip\_vendor\platformdirs\unix.py
read,2,E:\football_v\.venv\Lib\site-packages\pip\_vendor\platformdirs\unix.py
form,19,E:\football_v\.venv\Lib\site-packages\pip\_vendor\platformdirs\unix.py
value,1,E:\football_v\.venv\Lib\site-packages\pip\_vendor\platformdirs\unix.py
ev,3,E:\football_v\.venv\Lib\site-packages\pip\_vendor\platformdirs\unix.py
runtime,16,E:\football_v\.venv\Lib\site-packages\pip\_vendor\platformdirs\unix.py
data,39,E:\football_v\.venv\Lib\site-packages\pip\_vendor\platformdirs\windows.py
load,12,E:\football_v\.venv\Lib\site-packages\pip\_vendor\platformdirs\windows.py
query,1,E:\football_v\.venv\Lib\site-packages\pip\_vendor\platformdirs\windows.py
form,15,E:\football_v\.venv\Lib\site-packages\pip\_vendor\platformdirs\windows.py
value,13,E:\football_v\.venv\Lib\site-packages\pip\_vendor\platformdirs\windows.py
runtime,6,E:\football_v\.venv\Lib\site-packages\pip\_vendor\platformdirs\windows.py
data,18,E:\football_v\.venv\Lib\site-packages\pip\_vendor\platformdirs\__init__.py
load,8,E:\football_v\.venv\Lib\site-packages\pip\_vendor\platformdirs\__init__.py
form,251,E:\football_v\.venv\Lib\site-packages\pip\_vendor\platformdirs\__init__.py
roi,8,E:\football_v\.venv\Lib\site-packages\pip\_vendor\platformdirs\__init__.py
runtime,16,E:\football_v\.venv\Lib\site-packages\pip\_vendor\platformdirs\__init__.py
data,2,E:\football_v\.venv\Lib\site-packages\pip\_vendor\platformdirs\__main__.py
load,1,E:\football_v\.venv\Lib\site-packages\pip\_vendor\platformdirs\__main__.py
form,7,E:\football_v\.venv\Lib\site-packages\pip\_vendor\platformdirs\__main__.py
runtime,2,E:\football_v\.venv\Lib\site-packages\pip\_vendor\platformdirs\__main__.py
load,8,E:\football_v\.venv\Lib\site-packages\pip\_vendor\pygments\cmdline.py
read,8,E:\football_v\.venv\Lib\site-packages\pip\_vendor\pygments\cmdline.py
json,9,E:\football_v\.venv\Lib\site-packages\pip\_vendor\pygments\cmdline.py
query,3,E:\football_v\.venv\Lib\site-packages\pip\_vendor\pygments\cmdline.py
form,64,E:\football_v\.venv\Lib\site-packages\pip\_vendor\pygments\cmdline.py
value,10,E:\football_v\.venv\Lib\site-packages\pip\_vendor\pygments\cmdline.py
ev,2,E:\football_v\.venv\Lib\site-packages\pip\_vendor\pygments\cmdline.py
form,3,E:\football_v\.venv\Lib\site-packages\pip\_vendor\pygments\console.py
value,2,E:\football_v\.venv\Lib\site-packages\pip\_vendor\pygments\filter.py
read,1,E:\football_v\.venv\Lib\site-packages\pip\_vendor\pygments\formatter.py
form,26,E:\football_v\.venv\Lib\site-packages\pip\_vendor\pygments\formatter.py
value,3,E:\football_v\.venv\Lib\site-packages\pip\_vendor\pygments\formatter.py
data,16,E:\football_v\.venv\Lib\site-packages\pip\_vendor\pygments\lexer.py
read,3,E:\football_v\.venv\Lib\site-packages\pip\_vendor\pygments\lexer.py
form,2,E:\football_v\.venv\Lib\site-packages\pip\_vendor\pygments\lexer.py
elo,2,E:\football_v\.venv\Lib\site-packages\pip\_vendor\pygments\lexer.py
value,21,E:\football_v\.venv\Lib\site-packages\pip\_vendor\pygments\lexer.py
ev,8,E:\football_v\.venv\Lib\site-packages\pip\_vendor\pygments\lexer.py
model,6,E:\football_v\.venv\Lib\site-packages\pip\_vendor\pygments\modeline.py
data,3,E:\football_v\.venv\Lib\site-packages\pip\_vendor\pygments\plugin.py
load,4,E:\football_v\.venv\Lib\site-packages\pip\_vendor\pygments\plugin.py
form,12,E:\football_v\.venv\Lib\site-packages\pip\_vendor\pygments\plugin.py
ev,2,E:\football_v\.venv\Lib\site-packages\pip\_vendor\pygments\regexopt.py
data,6,E:\football_v\.venv\Lib\site-packages\pip\_vendor\pygments\scanner.py
value,3,E:\football_v\.venv\Lib\site-packages\pip\_vendor\pygments\scanner.py
runtime,1,E:\football_v\.venv\Lib\site-packages\pip\_vendor\pygments\scanner.py
data,18,E:\football_v\.venv\Lib\site-packages\pip\_vendor\pygments\sphinxext.py
read,1,E:\football_v\.venv\Lib\site-packages\pip\_vendor\pygments\sphinxext.py
form,11,E:\football_v\.venv\Lib\site-packages\pip\_vendor\pygments\sphinxext.py
form,5,E:\football_v\.venv\Lib\site-packages\pip\_vendor\pygments\style.py
read,1,E:\football_v\.venv\Lib\site-packages\pip\_vendor\pygments\token.py
form,1,E:\football_v\.venv\Lib\site-packages\pip\_vendor\pygments\token.py
elo,1,E:\football_v\.venv\Lib\site-packages\pip\_vendor\pygments\token.py
value,1,E:\football_v\.venv\Lib\site-packages\pip\_vendor\pygments\token.py
ev,1,E:\football_v\.venv\Lib\site-packages\pip\_vendor\pygments\token.py
data,6,E:\football_v\.venv\Lib\site-packages\pip\_vendor\pygments\unistring.py
read,1,E:\football_v\.venv\Lib\site-packages\pip\_vendor\pygments\unistring.py
db,61,E:\football_v\.venv\Lib\site-packages\pip\_vendor\pygments\unistring.py
read,3,E:\football_v\.venv\Lib\site-packages\pip\_vendor\pygments\util.py
form,4,E:\football_v\.venv\Lib\site-packages\pip\_vendor\pygments\util.py
value,15,E:\football_v\.venv\Lib\site-packages\pip\_vendor\pygments\util.py
ev,3,E:\football_v\.venv\Lib\site-packages\pip\_vendor\pygments\util.py
form,28,E:\football_v\.venv\Lib\site-packages\pip\_vendor\pygments\__init__.py
value,1,E:\football_v\.venv\Lib\site-packages\pip\_vendor\pygments\__init__.py
ev,4,E:\football_v\.venv\Lib\site-packages\pip\_vendor\pygments\__init__.py
fair,1,E:\football_v\.venv\Lib\site-packages\pip\_vendor\pygments\__init__.py
stake,2,E:\football_v\.venv\Lib\site-packages\pip\_vendor\pygments\__init__.py
read,1,E:\football_v\.venv\Lib\site-packages\pip\_vendor\pygments\filters\__init__.py
form,1,E:\football_v\.venv\Lib\site-packages\pip\_vendor\pygments\filters\__init__.py
model,1,E:\football_v\.venv\Lib\site-packages\pip\_vendor\pygments\filters\__init__.py
capital,3,E:\football_v\.venv\Lib\site-packages\pip\_vendor\pygments\filters\__init__.py
value,54,E:\football_v\.venv\Lib\site-packages\pip\_vendor\pygments\filters\__init__.py
ev,2,E:\football_v\.venv\Lib\site-packages\pip\_vendor\pygments\filters\__init__.py
bet,2,E:\football_v\.venv\Lib\site-packages\pip\_vendor\pygments\filters\__init__.py
form,14,E:\football_v\.venv\Lib\site-packages\pip\_vendor\pygments\formatters\bbcode.py
value,3,E:\football_v\.venv\Lib\site-packages\pip\_vendor\pygments\formatters\bbcode.py
form,12,E:\football_v\.venv\Lib\site-packages\pip\_vendor\pygments\formatters\groff.py
value,2,E:\football_v\.venv\Lib\site-packages\pip\_vendor\pygments\formatters\groff.py
feature,2,E:\football_v\.venv\Lib\site-packages\pip\_vendor\pygments\formatters\html.py
form,48,E:\football_v\.venv\Lib\site-packages\pip\_vendor\pygments\formatters\html.py
value,20,E:\football_v\.venv\Lib\site-packages\pip\_vendor\pygments\formatters\html.py
ev,8,E:\football_v\.venv\Lib\site-packages\pip\_vendor\pygments\formatters\html.py
bet,2,E:\football_v\.venv\Lib\site-packages\pip\_vendor\pygments\formatters\html.py
runtime,2,E:\football_v\.venv\Lib\site-packages\pip\_vendor\pygments\formatters\html.py
read,3,E:\football_v\.venv\Lib\site-packages\pip\_vendor\pygments\formatters\img.py
query,1,E:\football_v\.venv\Lib\site-packages\pip\_vendor\pygments\formatters\img.py
form,39,E:\football_v\.venv\Lib\site-packages\pip\_vendor\pygments\formatters\img.py
value,12,E:\football_v\.venv\Lib\site-packages\pip\_vendor\pygments\formatters\img.py
ev,1,E:\football_v\.venv\Lib\site-packages\pip\_vendor\pygments\formatters\img.py
bet,3,E:\football_v\.venv\Lib\site-packages\pip\_vendor\pygments\formatters\img.py
form,14,E:\football_v\.venv\Lib\site-packages\pip\_vendor\pygments\formatters\irc.py
value,4,E:\football_v\.venv\Lib\site-packages\pip\_vendor\pygments\formatters\irc.py
read,2,E:\football_v\.venv\Lib\site-packages\pip\_vendor\pygments\formatters\latex.py
form,22,E:\football_v\.venv\Lib\site-packages\pip\_vendor\pygments\formatters\latex.py
elo,1,E:\football_v\.venv\Lib\site-packages\pip\_vendor\pygments\formatters\latex.py
value,24,E:\football_v\.venv\Lib\site-packages\pip\_vendor\pygments\formatters\latex.py
ev,9,E:\football_v\.venv\Lib\site-packages\pip\_vendor\pygments\formatters\latex.py
form,28,E:\football_v\.venv\Lib\site-packages\pip\_vendor\pygments\formatters\other.py
value,13,E:\football_v\.venv\Lib\site-packages\pip\_vendor\pygments\formatters\other.py
form,11,E:\football_v\.venv\Lib\site-packages\pip\_vendor\pygments\formatters\pangomarkup.py
value,3,E:\football_v\.venv\Lib\site-packages\pip\_vendor\pygments\formatters\pangomarkup.py
db,1,E:\football_v\.venv\Lib\site-packages\pip\_vendor\pygments\formatters\rtf.py
form,16,E:\football_v\.venv\Lib\site-packages\pip\_vendor\pygments\formatters\rtf.py
value,14,E:\football_v\.venv\Lib\site-packages\pip\_vendor\pygments\formatters\rtf.py
ev,2,E:\football_v\.venv\Lib\site-packages\pip\_vendor\pygments\formatters\rtf.py
bet,1,E:\football_v\.venv\Lib\site-packages\pip\_vendor\pygments\formatters\rtf.py
form,13,E:\football_v\.venv\Lib\site-packages\pip\_vendor\pygments\formatters\svg.py
value,16,E:\football_v\.venv\Lib\site-packages\pip\_vendor\pygments\formatters\svg.py
ev,3,E:\football_v\.venv\Lib\site-packages\pip\_vendor\pygments\formatters\svg.py
form,15,E:\football_v\.venv\Lib\site-packages\pip\_vendor\pygments\formatters\terminal.py
value,3,E:\football_v\.venv\Lib\site-packages\pip\_vendor\pygments\formatters\terminal.py
ev,1,E:\football_v\.venv\Lib\site-packages\pip\_vendor\pygments\formatters\terminal.py
data,1,E:\football_v\.venv\Lib\site-packages\pip\_vendor\pygments\formatters\terminal256.py
form,26,E:\football_v\.venv\Lib\site-packages\pip\_vendor\pygments\formatters\terminal256.py
value,13,E:\football_v\.venv\Lib\site-packages\pip\_vendor\pygments\formatters\terminal256.py
ev,1,E:\football_v\.venv\Lib\site-packages\pip\_vendor\pygments\formatters\terminal256.py
form,57,E:\football_v\.venv\Lib\site-packages\pip\_vendor\pygments\formatters\_mapping.py
load,11,E:\football_v\.venv\Lib\site-packages\pip\_vendor\pygments\formatters\__init__.py
read,2,E:\football_v\.venv\Lib\site-packages\pip\_vendor\pygments\formatters\__init__.py
form,69,E:\football_v\.venv\Lib\site-packages\pip\_vendor\pygments\formatters\__init__.py
value,3,E:\football_v\.venv\Lib\site-packages\pip\_vendor\pygments\formatters\__init__.py
ev,2,E:\football_v\.venv\Lib\site-packages\pip\_vendor\pygments\formatters\__init__.py
load,6,E:\football_v\.venv\Lib\site-packages\pip\_vendor\pygments\lexers\python.py
read,1,E:\football_v\.venv\Lib\site-packages\pip\_vendor\pygments\lexers\python.py
form,18,E:\football_v\.venv\Lib\site-packages\pip\_vendor\pygments\lexers\python.py
elo,2,E:\football_v\.venv\Lib\site-packages\pip\_vendor\pygments\lexers\python.py
poisson,1,E:\football_v\.venv\Lib\site-packages\pip\_vendor\pygments\lexers\python.py
fit,1,E:\football_v\.venv\Lib\site-packages\pip\_vendor\pygments\lexers\python.py
value,7,E:\football_v\.venv\Lib\site-packages\pip\_vendor\pygments\lexers\python.py
ev,14,E:\football_v\.venv\Lib\site-packages\pip\_vendor\pygments\lexers\python.py
bet,1,E:\football_v\.venv\Lib\site-packages\pip\_vendor\pygments\lexers\python.py
runtime,6,E:\football_v\.venv\Lib\site-packages\pip\_vendor\pygments\lexers\python.py
data,17,E:\football_v\.venv\Lib\site-packages\pip\_vendor\pygments\lexers\_mapping.py
load,1,E:\football_v\.venv\Lib\site-packages\pip\_vendor\pygments\lexers\_mapping.py
json,26,E:\football_v\.venv\Lib\site-packages\pip\_vendor\pygments\lexers\_mapping.py
sqlite,5,E:\football_v\.venv\Lib\site-packages\pip\_vendor\pygments\lexers\_mapping.py
db,6,E:\football_v\.venv\Lib\site-packages\pip\_vendor\pygments\lexers\_mapping.py
query,7,E:\football_v\.venv\Lib\site-packages\pip\_vendor\pygments\lexers\_mapping.py
feature,2,E:\football_v\.venv\Lib\site-packages\pip\_vendor\pygments\lexers\_mapping.py
history,2,E:\football_v\.venv\Lib\site-packages\pip\_vendor\pygments\lexers\_mapping.py
form,16,E:\football_v\.venv\Lib\site-packages\pip\_vendor\pygments\lexers\_mapping.py
elo,12,E:\football_v\.venv\Lib\site-packages\pip\_vendor\pygments\lexers\_mapping.py
model,8,E:\football_v\.venv\Lib\site-packages\pip\_vendor\pygments\lexers\_mapping.py
score,3,E:\football_v\.venv\Lib\site-packages\pip\_vendor\pygments\lexers\_mapping.py
ev,27,E:\football_v\.venv\Lib\site-packages\pip\_vendor\pygments\lexers\_mapping.py
roi,2,E:\football_v\.venv\Lib\site-packages\pip\_vendor\pygments\lexers\_mapping.py
engine,3,E:\football_v\.venv\Lib\site-packages\pip\_vendor\pygments\lexers\_mapping.py
service,1,E:\football_v\.venv\Lib\site-packages\pip\_vendor\pygments\lexers\_mapping.py
load,13,E:\football_v\.venv\Lib\site-packages\pip\_vendor\pygments\lexers\__init__.py
read,2,E:\football_v\.venv\Lib\site-packages\pip\_vendor\pygments\lexers\__init__.py
rating,2,E:\football_v\.venv\Lib\site-packages\pip\_vendor\pygments\lexers\__init__.py
form,1,E:\football_v\.venv\Lib\site-packages\pip\_vendor\pygments\lexers\__init__.py
model,2,E:\football_v\.venv\Lib\site-packages\pip\_vendor\pygments\lexers\__init__.py
score,1,E:\football_v\.venv\Lib\site-packages\pip\_vendor\pygments\lexers\__init__.py
value,7,E:\football_v\.venv\Lib\site-packages\pip\_vendor\pygments\lexers\__init__.py
ev,3,E:\football_v\.venv\Lib\site-packages\pip\_vendor\pygments\lexers\__init__.py
data,1,E:\football_v\.venv\Lib\site-packages\pip\_vendor\pygments\styles\__init__.py
value,1,E:\football_v\.venv\Lib\site-packages\pip\_vendor\pygments\styles\__init__.py
ev,1,E:\football_v\.venv\Lib\site-packages\pip\_vendor\pygments\styles\__init__.py
data,49,E:\football_v\.venv\Lib\site-packages\pip\_vendor\pyproject_hooks\_impl.py
load,1,E:\football_v\.venv\Lib\site-packages\pip\_vendor\pyproject_hooks\_impl.py
read,2,E:\football_v\.venv\Lib\site-packages\pip\_vendor\pyproject_hooks\_impl.py
json,9,E:\football_v\.venv\Lib\site-packages\pip\_vendor\pyproject_hooks\_impl.py
db,2,E:\football_v\.venv\Lib\site-packages\pip\_vendor\pyproject_hooks\_impl.py
feature,3,E:\football_v\.venv\Lib\site-packages\pip\_vendor\pyproject_hooks\_impl.py
value,2,E:\football_v\.venv\Lib\site-packages\pip\_vendor\pyproject_hooks\_impl.py
ev,4,E:\football_v\.venv\Lib\site-packages\pip\_vendor\pyproject_hooks\_impl.py
db,2,E:\football_v\.venv\Lib\site-packages\pip\_vendor\pyproject_hooks\__init__.py
ev,1,E:\football_v\.venv\Lib\site-packages\pip\_vendor\pyproject_hooks\__init__.py
data,44,E:\football_v\.venv\Lib\site-packages\pip\_vendor\pyproject_hooks\_in_process\_in_process.py
load,4,E:\football_v\.venv\Lib\site-packages\pip\_vendor\pyproject_hooks\_in_process\_in_process.py
read,10,E:\football_v\.venv\Lib\site-packages\pip\_vendor\pyproject_hooks\_in_process\_in_process.py
json,23,E:\football_v\.venv\Lib\site-packages\pip\_vendor\pyproject_hooks\_in_process\_in_process.py
feature,6,E:\football_v\.venv\Lib\site-packages\pip\_vendor\pyproject_hooks\_in_process\_in_process.py
form,2,E:\football_v\.venv\Lib\site-packages\pip\_vendor\pyproject_hooks\_in_process\_in_process.py
value,1,E:\football_v\.venv\Lib\site-packages\pip\_vendor\pyproject_hooks\_in_process\_in_process.py
ev,2,E:\football_v\.venv\Lib\site-packages\pip\_vendor\pyproject_hooks\_in_process\_in_process.py
data,3,E:\football_v\.venv\Lib\site-packages\pip\_vendor\requests\adapters.py
load,11,E:\football_v\.venv\Lib\site-packages\pip\_vendor\requests\adapters.py
read,13,E:\football_v\.venv\Lib\site-packages\pip\_vendor\requests\adapters.py
form,3,E:\football_v\.venv\Lib\site-packages\pip\_vendor\requests\adapters.py
elo,6,E:\football_v\.venv\Lib\site-packages\pip\_vendor\requests\adapters.py
model,3,E:\football_v\.venv\Lib\site-packages\pip\_vendor\requests\adapters.py
value,13,E:\football_v\.venv\Lib\site-packages\pip\_vendor\requests\adapters.py
ev,2,E:\football_v\.venv\Lib\site-packages\pip\_vendor\requests\adapters.py
data,14,E:\football_v\.venv\Lib\site-packages\pip\_vendor\requests\api.py
load,2,E:\football_v\.venv\Lib\site-packages\pip\_vendor\requests\api.py
read,1,E:\football_v\.venv\Lib\site-packages\pip\_vendor\requests\api.py
json,11,E:\football_v\.venv\Lib\site-packages\pip\_vendor\requests\api.py
query,2,E:\football_v\.venv\Lib\site-packages\pip\_vendor\requests\api.py
data,1,E:\football_v\.venv\Lib\site-packages\pip\_vendor\requests\auth.py
read,38,E:\football_v\.venv\Lib\site-packages\pip\_vendor\requests\auth.py
query,2,E:\football_v\.venv\Lib\site-packages\pip\_vendor\requests\auth.py
history,1,E:\football_v\.venv\Lib\site-packages\pip\_vendor\requests\auth.py
form,5,E:\football_v\.venv\Lib\site-packages\pip\_vendor\requests\auth.py
value,3,E:\football_v\.venv\Lib\site-packages\pip\_vendor\requests\auth.py
ev,3,E:\football_v\.venv\Lib\site-packages\pip\_vendor\requests\auth.py
json,5,E:\football_v\.venv\Lib\site-packages\pip\_vendor\requests\compat.py
ev,2,E:\football_v\.venv\Lib\site-packages\pip\_vendor\requests\compat.py
bet,1,E:\football_v\.venv\Lib\site-packages\pip\_vendor\requests\compat.py
read,8,E:\football_v\.venv\Lib\site-packages\pip\_vendor\requests\cookies.py
query,1,E:\football_v\.venv\Lib\site-packages\pip\_vendor\requests\cookies.py
elo,1,E:\football_v\.venv\Lib\site-packages\pip\_vendor\requests\cookies.py
value,48,E:\football_v\.venv\Lib\site-packages\pip\_vendor\requests\cookies.py
ev,4,E:\football_v\.venv\Lib\site-packages\pip\_vendor\requests\cookies.py
runtime,1,E:\football_v\.venv\Lib\site-packages\pip\_vendor\requests\cookies.py
data,1,E:\football_v\.venv\Lib\site-packages\pip\_vendor\requests\exceptions.py
read,3,E:\football_v\.venv\Lib\site-packages\pip\_vendor\requests\exceptions.py
json,17,E:\football_v\.venv\Lib\site-packages\pip\_vendor\requests\exceptions.py
value,5,E:\football_v\.venv\Lib\site-packages\pip\_vendor\requests\exceptions.py
json,3,E:\football_v\.venv\Lib\site-packages\pip\_vendor\requests\help.py
form,15,E:\football_v\.venv\Lib\site-packages\pip\_vendor\requests\help.py
ev,2,E:\football_v\.venv\Lib\site-packages\pip\_vendor\requests\help.py
data,8,E:\football_v\.venv\Lib\site-packages\pip\_vendor\requests\hooks.py
ev,2,E:\football_v\.venv\Lib\site-packages\pip\_vendor\requests\hooks.py
data,55,E:\football_v\.venv\Lib\site-packages\pip\_vendor\requests\models.py
load,5,E:\football_v\.venv\Lib\site-packages\pip\_vendor\requests\models.py
read,19,E:\football_v\.venv\Lib\site-packages\pip\_vendor\requests\models.py
json,42,E:\football_v\.venv\Lib\site-packages\pip\_vendor\requests\models.py
query,10,E:\football_v\.venv\Lib\site-packages\pip\_vendor\requests\models.py
history,3,E:\football_v\.venv\Lib\site-packages\pip\_vendor\requests\models.py
rating,1,E:\football_v\.venv\Lib\site-packages\pip\_vendor\requests\models.py
form,7,E:\football_v\.venv\Lib\site-packages\pip\_vendor\requests\models.py
model,1,E:\football_v\.venv\Lib\site-packages\pip\_vendor\requests\models.py
simulate,1,E:\football_v\.venv\Lib\site-packages\pip\_vendor\requests\models.py
value,16,E:\football_v\.venv\Lib\site-packages\pip\_vendor\requests\models.py
ev,19,E:\football_v\.venv\Lib\site-packages\pip\_vendor\requests\models.py
bet,9,E:\football_v\.venv\Lib\site-packages\pip\_vendor\requests\models.py
stake,1,E:\football_v\.venv\Lib\site-packages\pip\_vendor\requests\models.py
runtime,1,E:\football_v\.venv\Lib\site-packages\pip\_vendor\requests\models.py
data,20,E:\football_v\.venv\Lib\site-packages\pip\_vendor\requests\sessions.py
load,2,E:\football_v\.venv\Lib\site-packages\pip\_vendor\requests\sessions.py
read,2,E:\football_v\.venv\Lib\site-packages\pip\_vendor\requests\sessions.py
json,12,E:\football_v\.venv\Lib\site-packages\pip\_vendor\requests\sessions.py
query,3,E:\football_v\.venv\Lib\site-packages\pip\_vendor\requests\sessions.py
history,16,E:\football_v\.venv\Lib\site-packages\pip\_vendor\requests\sessions.py
form,3,E:\football_v\.venv\Lib\site-packages\pip\_vendor\requests\sessions.py
elo,1,E:\football_v\.venv\Lib\site-packages\pip\_vendor\requests\sessions.py
model,2,E:\football_v\.venv\Lib\site-packages\pip\_vendor\requests\sessions.py
value,7,E:\football_v\.venv\Lib\site-packages\pip\_vendor\requests\sessions.py
ev,14,E:\football_v\.venv\Lib\site-packages\pip\_vendor\requests\sessions.py
runtime,1,E:\football_v\.venv\Lib\site-packages\pip\_vendor\requests\sessions.py
read,1,E:\football_v\.venv\Lib\site-packages\pip\_vendor\requests\status_codes.py
form,2,E:\football_v\.venv\Lib\site-packages\pip\_vendor\requests\status_codes.py
service,1,E:\football_v\.venv\Lib\site-packages\pip\_vendor\requests\status_codes.py
data,5,E:\football_v\.venv\Lib\site-packages\pip\_vendor\requests\structures.py
json,2,E:\football_v\.venv\Lib\site-packages\pip\_vendor\requests\structures.py
query,1,E:\football_v\.venv\Lib\site-packages\pip\_vendor\requests\structures.py
value,8,E:\football_v\.venv\Lib\site-packages\pip\_vendor\requests\structures.py
ev,1,E:\football_v\.venv\Lib\site-packages\pip\_vendor\requests\structures.py
data,2,E:\football_v\.venv\Lib\site-packages\pip\_vendor\requests\utils.py
load,1,E:\football_v\.venv\Lib\site-packages\pip\_vendor\requests\utils.py
read,6,E:\football_v\.venv\Lib\site-packages\pip\_vendor\requests\utils.py
json,4,E:\football_v\.venv\Lib\site-packages\pip\_vendor\requests\utils.py
query,6,E:\football_v\.venv\Lib\site-packages\pip\_vendor\requests\utils.py
form,7,E:\football_v\.venv\Lib\site-packages\pip\_vendor\requests\utils.py
elo,2,E:\football_v\.venv\Lib\site-packages\pip\_vendor\requests\utils.py
value,91,E:\football_v\.venv\Lib\site-packages\pip\_vendor\requests\utils.py
ev,6,E:\football_v\.venv\Lib\site-packages\pip\_vendor\requests\utils.py
engine,1,E:\football_v\.venv\Lib\site-packages\pip\_vendor\requests\utils.py
value,4,E:\football_v\.venv\Lib\site-packages\pip\_vendor\requests\_internal_utils.py
data,1,E:\football_v\.venv\Lib\site-packages\pip\_vendor\requests\__init__.py
load,2,E:\football_v\.venv\Lib\site-packages\pip\_vendor\requests\__init__.py
read,2,E:\football_v\.venv\Lib\site-packages\pip\_vendor\requests\__init__.py
json,1,E:\football_v\.venv\Lib\site-packages\pip\_vendor\requests\__init__.py
form,3,E:\football_v\.venv\Lib\site-packages\pip\_vendor\requests\__init__.py
model,1,E:\football_v\.venv\Lib\site-packages\pip\_vendor\requests\__init__.py
value,6,E:\football_v\.venv\Lib\site-packages\pip\_vendor\requests\__init__.py
ev,2,E:\football_v\.venv\Lib\site-packages\pip\_vendor\requests\__init__.py
read,1,E:\football_v\.venv\Lib\site-packages\pip\_vendor\requests\__version__.py
form,8,E:\football_v\.venv\Lib\site-packages\pip\_vendor\resolvelib\providers.py
train,3,E:\football_v\.venv\Lib\site-packages\pip\_vendor\resolvelib\providers.py
value,11,E:\football_v\.venv\Lib\site-packages\pip\_vendor\resolvelib\providers.py
ev,1,E:\football_v\.venv\Lib\site-packages\pip\_vendor\resolvelib\providers.py
form,1,E:\football_v\.venv\Lib\site-packages\pip\_vendor\resolvelib\reporters.py
read,1,E:\football_v\.venv\Lib\site-packages\pip\_vendor\resolvelib\resolvers.py
history,1,E:\football_v\.venv\Lib\site-packages\pip\_vendor\resolvelib\resolvers.py
form,48,E:\football_v\.venv\Lib\site-packages\pip\_vendor\resolvelib\resolvers.py
train,1,E:\football_v\.venv\Lib\site-packages\pip\_vendor\resolvelib\resolvers.py
value,4,E:\football_v\.venv\Lib\site-packages\pip\_vendor\resolvelib\resolvers.py
ev,10,E:\football_v\.venv\Lib\site-packages\pip\_vendor\resolvelib\resolvers.py
runtime,1,E:\football_v\.venv\Lib\site-packages\pip\_vendor\resolvelib\resolvers.py
read,1,E:\football_v\.venv\Lib\site-packages\pip\_vendor\resolvelib\structs.py
form,3,E:\football_v\.venv\Lib\site-packages\pip\_vendor\resolvelib\structs.py
value,2,E:\football_v\.venv\Lib\site-packages\pip\_vendor\resolvelib\structs.py
ev,5,E:\football_v\.venv\Lib\site-packages\pip\_vendor\resolvelib\structs.py
train,3,E:\football_v\.venv\Lib\site-packages\pip\_vendor\rich\align.py
fit,2,E:\football_v\.venv\Lib\site-packages\pip\_vendor\rich\align.py
value,6,E:\football_v\.venv\Lib\site-packages\pip\_vendor\rich\align.py
data,3,E:\football_v\.venv\Lib\site-packages\pip\_vendor\rich\ansi.py
read,3,E:\football_v\.venv\Lib\site-packages\pip\_vendor\rich\ansi.py
form,1,E:\football_v\.venv\Lib\site-packages\pip\_vendor\rich\ansi.py
value,1,E:\football_v\.venv\Lib\site-packages\pip\_vendor\rich\ansi.py
ev,2,E:\football_v\.venv\Lib\site-packages\pip\_vendor\rich\ansi.py
value,1,E:\football_v\.venv\Lib\site-packages\pip\_vendor\rich\bar.py
bet,2,E:\football_v\.venv\Lib\site-packages\pip\_vendor\rich\bar.py
read,1,E:\football_v\.venv\Lib\site-packages\pip\_vendor\rich\box.py
form,2,E:\football_v\.venv\Lib\site-packages\pip\_vendor\rich\box.py
value,1,E:\football_v\.venv\Lib\site-packages\pip\_vendor\rich\box.py
ev,7,E:\football_v\.venv\Lib\site-packages\pip\_vendor\rich\box.py
fit,5,E:\football_v\.venv\Lib\site-packages\pip\_vendor\rich\cells.py
form,1,E:\football_v\.venv\Lib\site-packages\pip\_vendor\rich\color.py
value,1,E:\football_v\.venv\Lib\site-packages\pip\_vendor\rich\color.py
bet,1,E:\football_v\.venv\Lib\site-packages\pip\_vendor\rich\color.py
form,1,E:\football_v\.venv\Lib\site-packages\pip\_vendor\rich\color_triplet.py
bet,1,E:\football_v\.venv\Lib\site-packages\pip\_vendor\rich\color_triplet.py
train,3,E:\football_v\.venv\Lib\site-packages\pip\_vendor\rich\columns.py
value,2,E:\football_v\.venv\Lib\site-packages\pip\_vendor\rich\columns.py
data,19,E:\football_v\.venv\Lib\site-packages\pip\_vendor\rich\console.py
load,1,E:\football_v\.venv\Lib\site-packages\pip\_vendor\rich\console.py
read,19,E:\football_v\.venv\Lib\site-packages\pip\_vendor\rich\console.py
json,23,E:\football_v\.venv\Lib\site-packages\pip\_vendor\rich\console.py
feature,18,E:\football_v\.venv\Lib\site-packages\pip\_vendor\rich\console.py
history,1,E:\football_v\.venv\Lib\site-packages\pip\_vendor\rich\console.py
form,53,E:\football_v\.venv\Lib\site-packages\pip\_vendor\rich\console.py
elo,1,E:\football_v\.venv\Lib\site-packages\pip\_vendor\rich\console.py
fit,11,E:\football_v\.venv\Lib\site-packages\pip\_vendor\rich\console.py
value,24,E:\football_v\.venv\Lib\site-packages\pip\_vendor\rich\console.py
ev,18,E:\football_v\.venv\Lib\site-packages\pip\_vendor\rich\console.py
bet,4,E:\football_v\.venv\Lib\site-packages\pip\_vendor\rich\console.py
runtime,6,E:\football_v\.venv\Lib\site-packages\pip\_vendor\rich\console.py
train,2,E:\football_v\.venv\Lib\site-packages\pip\_vendor\rich\constrain.py
load,3,E:\football_v\.venv\Lib\site-packages\pip\_vendor\rich\containers.py
value,2,E:\football_v\.venv\Lib\site-packages\pip\_vendor\rich\containers.py
ev,2,E:\football_v\.venv\Lib\site-packages\pip\_vendor\rich\containers.py
load,1,E:\football_v\.venv\Lib\site-packages\pip\_vendor\rich\control.py
form,5,E:\football_v\.venv\Lib\site-packages\pip\_vendor\rich\control.py
data,1,E:\football_v\.venv\Lib\site-packages\pip\_vendor\rich\default_styles.py
load,1,E:\football_v\.venv\Lib\site-packages\pip\_vendor\rich\default_styles.py
json,7,E:\football_v\.venv\Lib\site-packages\pip\_vendor\rich\default_styles.py
value,3,E:\football_v\.venv\Lib\site-packages\pip\_vendor\rich\default_styles.py
ev,12,E:\football_v\.venv\Lib\site-packages\pip\_vendor\rich\default_styles.py
feature,4,E:\football_v\.venv\Lib\site-packages\pip\_vendor\rich\diagnose.py
form,4,E:\football_v\.venv\Lib\site-packages\pip\_vendor\rich\diagnose.py
fit,1,E:\football_v\.venv\Lib\site-packages\pip\_vendor\rich\diagnose.py
form,2,E:\football_v\.venv\Lib\site-packages\pip\_vendor\rich\errors.py
form,2,E:\football_v\.venv\Lib\site-packages\pip\_vendor\rich\filesize.py
value,1,E:\football_v\.venv\Lib\site-packages\pip\_vendor\rich\filesize.py
ev,2,E:\football_v\.venv\Lib\site-packages\pip\_vendor\rich\filesize.py
json,14,E:\football_v\.venv\Lib\site-packages\pip\_vendor\rich\highlighter.py
db,1,E:\football_v\.venv\Lib\site-packages\pip\_vendor\rich\highlighter.py
value,1,E:\football_v\.venv\Lib\site-packages\pip\_vendor\rich\highlighter.py
bet,1,E:\football_v\.venv\Lib\site-packages\pip\_vendor\rich\highlighter.py
data,12,E:\football_v\.venv\Lib\site-packages\pip\_vendor\rich\json.py
load,2,E:\football_v\.venv\Lib\site-packages\pip\_vendor\rich\json.py
read,3,E:\football_v\.venv\Lib\site-packages\pip\_vendor\rich\json.py
json,32,E:\football_v\.venv\Lib\site-packages\pip\_vendor\rich\json.py
value,4,E:\football_v\.venv\Lib\site-packages\pip\_vendor\rich\json.py
data,12,E:\football_v\.venv\Lib\site-packages\pip\_vendor\rich\jupyter.py
form,3,E:\football_v\.venv\Lib\site-packages\pip\_vendor\rich\jupyter.py
read,1,E:\football_v\.venv\Lib\site-packages\pip\_vendor\rich\layout.py
value,1,E:\football_v\.venv\Lib\site-packages\pip\_vendor\rich\layout.py
ev,1,E:\football_v\.venv\Lib\site-packages\pip\_vendor\rich\layout.py
read,13,E:\football_v\.venv\Lib\site-packages\pip\_vendor\rich\live.py
value,12,E:\football_v\.venv\Lib\site-packages\pip\_vendor\rich\live.py
ev,7,E:\football_v\.venv\Lib\site-packages\pip\_vendor\rich\live.py
ev,1,E:\football_v\.venv\Lib\site-packages\pip\_vendor\rich\live_render.py
data,1,E:\football_v\.venv\Lib\site-packages\pip\_vendor\rich\logging.py
load,1,E:\football_v\.venv\Lib\site-packages\pip\_vendor\rich\logging.py
json,2,E:\football_v\.venv\Lib\site-packages\pip\_vendor\rich\logging.py
database,1,E:\football_v\.venv\Lib\site-packages\pip\_vendor\rich\logging.py
form,29,E:\football_v\.venv\Lib\site-packages\pip\_vendor\rich\logging.py
elo,2,E:\football_v\.venv\Lib\site-packages\pip\_vendor\rich\logging.py
value,3,E:\football_v\.venv\Lib\site-packages\pip\_vendor\rich\logging.py
ev,32,E:\football_v\.venv\Lib\site-packages\pip\_vendor\rich\logging.py
ev,3,E:\football_v\.venv\Lib\site-packages\pip\_vendor\rich\markup.py
fit,1,E:\football_v\.venv\Lib\site-packages\pip\_vendor\rich\measure.py
bet,1,E:\football_v\.venv\Lib\site-packages\pip\_vendor\rich\measure.py
fit,1,E:\football_v\.venv\Lib\site-packages\pip\_vendor\rich\padding.py
value,1,E:\football_v\.venv\Lib\site-packages\pip\_vendor\rich\padding.py
ev,3,E:\football_v\.venv\Lib\site-packages\pip\_vendor\rich\padding.py
fit,2,E:\football_v\.venv\Lib\site-packages\pip\_vendor\rich\panel.py
data,22,E:\football_v\.venv\Lib\site-packages\pip\_vendor\rich\pretty.py
form,11,E:\football_v\.venv\Lib\site-packages\pip\_vendor\rich\pretty.py
fit,3,E:\football_v\.venv\Lib\site-packages\pip\_vendor\rich\pretty.py
value,45,E:\football_v\.venv\Lib\site-packages\pip\_vendor\rich\pretty.py
ev,15,E:\football_v\.venv\Lib\site-packages\pip\_vendor\rich\pretty.py
data,20,E:\football_v\.venv\Lib\site-packages\pip\_vendor\rich\progress.py
load,15,E:\football_v\.venv\Lib\site-packages\pip\_vendor\rich\progress.py
read,74,E:\football_v\.venv\Lib\site-packages\pip\_vendor\rich\progress.py
rating,2,E:\football_v\.venv\Lib\site-packages\pip\_vendor\rich\progress.py
form,33,E:\football_v\.venv\Lib\site-packages\pip\_vendor\rich\progress.py
fit,1,E:\football_v\.venv\Lib\site-packages\pip\_vendor\rich\progress.py
value,30,E:\football_v\.venv\Lib\site-packages\pip\_vendor\rich\progress.py
ev,11,E:\football_v\.venv\Lib\site-packages\pip\_vendor\rich\progress.py
bet,2,E:\football_v\.venv\Lib\site-packages\pip\_vendor\rich\progress.py
runtime,1,E:\football_v\.venv\Lib\site-packages\pip\_vendor\rich\progress.py
value,1,E:\football_v\.venv\Lib\site-packages\pip\_vendor\rich\progress_bar.py
load,5,E:\football_v\.venv\Lib\site-packages\pip\_vendor\rich\prompt.py
read,1,E:\football_v\.venv\Lib\site-packages\pip\_vendor\rich\prompt.py
value,38,E:\football_v\.venv\Lib\site-packages\pip\_vendor\rich\prompt.py
ev,3,E:\football_v\.venv\Lib\site-packages\pip\_vendor\rich\prompt.py
bet,2,E:\football_v\.venv\Lib\site-packages\pip\_vendor\rich\prompt.py
ev,1,E:\football_v\.venv\Lib\site-packages\pip\_vendor\rich\protocol.py
load,5,E:\football_v\.venv\Lib\site-packages\pip\_vendor\rich\repr.py
value,4,E:\football_v\.venv\Lib\site-packages\pip\_vendor\rich\repr.py
ev,2,E:\football_v\.venv\Lib\site-packages\pip\_vendor\rich\repr.py
value,3,E:\football_v\.venv\Lib\site-packages\pip\_vendor\rich\rule.py
elo,1,E:\football_v\.venv\Lib\site-packages\pip\_vendor\rich\scope.py
fit,1,E:\football_v\.venv\Lib\site-packages\pip\_vendor\rich\scope.py
value,3,E:\football_v\.venv\Lib\site-packages\pip\_vendor\rich\scope.py
ev,2,E:\football_v\.venv\Lib\site-packages\pip\_vendor\rich\scope.py
bet,1,E:\football_v\.venv\Lib\site-packages\pip\_vendor\rich\scope.py
rating,1,E:\football_v\.venv\Lib\site-packages\pip\_vendor\rich\segment.py
form,1,E:\football_v\.venv\Lib\site-packages\pip\_vendor\rich\segment.py
elo,1,E:\football_v\.venv\Lib\site-packages\pip\_vendor\rich\segment.py
bet,1,E:\football_v\.venv\Lib\site-packages\pip\_vendor\rich\segment.py
read,1,E:\football_v\.venv\Lib\site-packages\pip\_vendor\rich\status.py
data,2,E:\football_v\.venv\Lib\site-packages\pip\_vendor\rich\style.py
load,2,E:\football_v\.venv\Lib\site-packages\pip\_vendor\rich\style.py
form,7,E:\football_v\.venv\Lib\site-packages\pip\_vendor\rich\style.py
value,10,E:\football_v\.venv\Lib\site-packages\pip\_vendor\rich\style.py
ev,15,E:\football_v\.venv\Lib\site-packages\pip\_vendor\rich\style.py
read,2,E:\football_v\.venv\Lib\site-packages\pip\_vendor\rich\syntax.py
form,5,E:\football_v\.venv\Lib\site-packages\pip\_vendor\rich\syntax.py
value,2,E:\football_v\.venv\Lib\site-packages\pip\_vendor\rich\syntax.py
data,4,E:\football_v\.venv\Lib\site-packages\pip\_vendor\rich\table.py
form,1,E:\football_v\.venv\Lib\site-packages\pip\_vendor\rich\table.py
elo,2,E:\football_v\.venv\Lib\site-packages\pip\_vendor\rich\table.py
fit,6,E:\football_v\.venv\Lib\site-packages\pip\_vendor\rich\table.py
value,1,E:\football_v\.venv\Lib\site-packages\pip\_vendor\rich\table.py
ev,4,E:\football_v\.venv\Lib\site-packages\pip\_vendor\rich\table.py
bet,4,E:\football_v\.venv\Lib\site-packages\pip\_vendor\rich\table.py
data,5,E:\football_v\.venv\Lib\site-packages\pip\_vendor\rich\text.py
read,1,E:\football_v\.venv\Lib\site-packages\pip\_vendor\rich\text.py
form,3,E:\football_v\.venv\Lib\site-packages\pip\_vendor\rich\text.py
fit,2,E:\football_v\.venv\Lib\site-packages\pip\_vendor\rich\text.py
value,5,E:\football_v\.venv\Lib\site-packages\pip\_vendor\rich\text.py
ev,1,E:\football_v\.venv\Lib\site-packages\pip\_vendor\rich\text.py
roi,1,E:\football_v\.venv\Lib\site-packages\pip\_vendor\rich\text.py
bet,2,E:\football_v\.venv\Lib\site-packages\pip\_vendor\rich\text.py
load,1,E:\football_v\.venv\Lib\site-packages\pip\_vendor\rich\theme.py
read,4,E:\football_v\.venv\Lib\site-packages\pip\_vendor\rich\theme.py
form,1,E:\football_v\.venv\Lib\site-packages\pip\_vendor\rich\theme.py
value,2,E:\football_v\.venv\Lib\site-packages\pip\_vendor\rich\theme.py
data,15,E:\football_v\.venv\Lib\site-packages\pip\_vendor\rich\traceback.py
read,4,E:\football_v\.venv\Lib\site-packages\pip\_vendor\rich\traceback.py
feature,1,E:\football_v\.venv\Lib\site-packages\pip\_vendor\rich\traceback.py
form,5,E:\football_v\.venv\Lib\site-packages\pip\_vendor\rich\traceback.py
train,4,E:\football_v\.venv\Lib\site-packages\pip\_vendor\rich\traceback.py
score,8,E:\football_v\.venv\Lib\site-packages\pip\_vendor\rich\traceback.py
value,36,E:\football_v\.venv\Lib\site-packages\pip\_vendor\rich\traceback.py
ev,10,E:\football_v\.venv\Lib\site-packages\pip\_vendor\rich\traceback.py
fit,1,E:\football_v\.venv\Lib\site-packages\pip\_vendor\rich\tree.py
ev,18,E:\football_v\.venv\Lib\site-packages\pip\_vendor\rich\tree.py
read,4,E:\football_v\.venv\Lib\site-packages\pip\_vendor\rich\_emoji_codes.py
db,20,E:\football_v\.venv\Lib\site-packages\pip\_vendor\rich\_emoji_codes.py
form,5,E:\football_v\.venv\Lib\site-packages\pip\_vendor\rich\_emoji_codes.py
strength,1,E:\football_v\.venv\Lib\site-packages\pip\_vendor\rich\_emoji_codes.py
elo,10,E:\football_v\.venv\Lib\site-packages\pip\_vendor\rich\_emoji_codes.py
train,6,E:\football_v\.venv\Lib\site-packages\pip\_vendor\rich\_emoji_codes.py
fit,5,E:\football_v\.venv\Lib\site-packages\pip\_vendor\rich\_emoji_codes.py
score,1,E:\football_v\.venv\Lib\site-packages\pip\_vendor\rich\_emoji_codes.py
capital,1,E:\football_v\.venv\Lib\site-packages\pip\_vendor\rich\_emoji_codes.py
ev,36,E:\football_v\.venv\Lib\site-packages\pip\_vendor\rich\_emoji_codes.py
fair,18,E:\football_v\.venv\Lib\site-packages\pip\_vendor\rich\_emoji_codes.py
roi,1,E:\football_v\.venv\Lib\site-packages\pip\_vendor\rich\_emoji_codes.py
bet,1,E:\football_v\.venv\Lib\site-packages\pip\_vendor\rich\_emoji_codes.py
engine,1,E:\football_v\.venv\Lib\site-packages\pip\_vendor\rich\_emoji_codes.py
service,2,E:\football_v\.venv\Lib\site-packages\pip\_vendor\rich\_emoji_codes.py
form,7,E:\football_v\.venv\Lib\site-packages\pip\_vendor\rich\_export_format.py
asian,1,E:\football_v\.venv\Lib\site-packages\pip\_vendor\rich\_export_format.py
load,1,E:\football_v\.venv\Lib\site-packages\pip\_vendor\rich\_extension.py
ev,1,E:\football_v\.venv\Lib\site-packages\pip\_vendor\rich\_extension.py
json,3,E:\football_v\.venv\Lib\site-packages\pip\_vendor\rich\_inspect.py
form,3,E:\football_v\.venv\Lib\site-packages\pip\_vendor\rich\_inspect.py
fit,1,E:\football_v\.venv\Lib\site-packages\pip\_vendor\rich\_inspect.py
score,2,E:\football_v\.venv\Lib\site-packages\pip\_vendor\rich\_inspect.py
value,16,E:\football_v\.venv\Lib\site-packages\pip\_vendor\rich\_inspect.py
bet,1,E:\football_v\.venv\Lib\site-packages\pip\_vendor\rich\_inspect.py
form,13,E:\football_v\.venv\Lib\site-packages\pip\_vendor\rich\_log_render.py
ev,12,E:\football_v\.venv\Lib\site-packages\pip\_vendor\rich\_log_render.py
value,34,E:\football_v\.venv\Lib\site-packages\pip\_vendor\rich\_loop.py
ev,10,E:\football_v\.venv\Lib\site-packages\pip\_vendor\rich\_loop.py
read,4,E:\football_v\.venv\Lib\site-packages\pip\_vendor\rich\_null_file.py
value,1,E:\football_v\.venv\Lib\site-packages\pip\_vendor\rich\_null_file.py
value,11,E:\football_v\.venv\Lib\site-packages\pip\_vendor\rich\_pick.py
data,3,E:\football_v\.venv\Lib\site-packages\pip\_vendor\rich\_ratio.py
train,2,E:\football_v\.venv\Lib\site-packages\pip\_vendor\rich\_ratio.py
value,10,E:\football_v\.venv\Lib\site-packages\pip\_vendor\rich\_ratio.py
fit,1,E:\football_v\.venv\Lib\site-packages\pip\_vendor\rich\_spinners.py
ev,1,E:\football_v\.venv\Lib\site-packages\pip\_vendor\rich\_spinners.py
bet,1,E:\football_v\.venv\Lib\site-packages\pip\_vendor\rich\_spinners.py
ev,2,E:\football_v\.venv\Lib\site-packages\pip\_vendor\rich\_stack.py
load,1,E:\football_v\.venv\Lib\site-packages\pip\_vendor\rich\_win32_console.py
form,5,E:\football_v\.venv\Lib\site-packages\pip\_vendor\rich\_win32_console.py
movement,2,E:\football_v\.venv\Lib\site-packages\pip\_vendor\rich\_win32_console.py
value,11,E:\football_v\.venv\Lib\site-packages\pip\_vendor\rich\_win32_console.py
ev,12,E:\football_v\.venv\Lib\site-packages\pip\_vendor\rich\_win32_console.py
data,3,E:\football_v\.venv\Lib\site-packages\pip\_vendor\rich\_windows.py
load,3,E:\football_v\.venv\Lib\site-packages\pip\_vendor\rich\_windows.py
feature,18,E:\football_v\.venv\Lib\site-packages\pip\_vendor\rich\_windows.py
form,4,E:\football_v\.venv\Lib\site-packages\pip\_vendor\rich\_windows.py
value,1,E:\football_v\.venv\Lib\site-packages\pip\_vendor\rich\_windows.py
fit,7,E:\football_v\.venv\Lib\site-packages\pip\_vendor\rich\_wrap.py
data,5,E:\football_v\.venv\Lib\site-packages\pip\_vendor\rich\__init__.py
load,1,E:\football_v\.venv\Lib\site-packages\pip\_vendor\rich\__init__.py
json,11,E:\football_v\.venv\Lib\site-packages\pip\_vendor\rich\__init__.py
feature,1,E:\football_v\.venv\Lib\site-packages\pip\_vendor\rich\__init__.py
form,1,E:\football_v\.venv\Lib\site-packages\pip\_vendor\rich\__init__.py
score,4,E:\football_v\.venv\Lib\site-packages\pip\_vendor\rich\__init__.py
value,7,E:\football_v\.venv\Lib\site-packages\pip\_vendor\rich\__init__.py
ev,1,E:\football_v\.venv\Lib\site-packages\pip\_vendor\rich\__init__.py
bet,2,E:\football_v\.venv\Lib\site-packages\pip\_vendor\rich\__init__.py
data,2,E:\football_v\.venv\Lib\site-packages\pip\_vendor\rich\__main__.py
read,1,E:\football_v\.venv\Lib\site-packages\pip\_vendor\rich\__main__.py
feature,3,E:\football_v\.venv\Lib\site-packages\pip\_vendor\rich\__main__.py
form,1,E:\football_v\.venv\Lib\site-packages\pip\_vendor\rich\__main__.py
fit,1,E:\football_v\.venv\Lib\site-packages\pip\_vendor\rich\__main__.py
asian,1,E:\football_v\.venv\Lib\site-packages\pip\_vendor\rich\__main__.py
value,12,E:\football_v\.venv\Lib\site-packages\pip\_vendor\rich\__main__.py
ev,7,E:\football_v\.venv\Lib\site-packages\pip\_vendor\rich\__main__.py
data,5,E:\football_v\.venv\Lib\site-packages\pip\_vendor\tomli\_parser.py
load,3,E:\football_v\.venv\Lib\site-packages\pip\_vendor\tomli\_parser.py
read,3,E:\football_v\.venv\Lib\site-packages\pip\_vendor\tomli\_parser.py
form,4,E:\football_v\.venv\Lib\site-packages\pip\_vendor\tomli\_parser.py
value,40,E:\football_v\.venv\Lib\site-packages\pip\_vendor\tomli\_parser.py
ev,6,E:\football_v\.venv\Lib\site-packages\pip\_vendor\tomli\_parser.py
value,1,E:\football_v\.venv\Lib\site-packages\pip\_vendor\tomli\_re.py
ev,1,E:\football_v\.venv\Lib\site-packages\pip\_vendor\tomli\_re.py
load,4,E:\football_v\.venv\Lib\site-packages\pip\_vendor\tomli\__init__.py
data,3,E:\football_v\.venv\Lib\site-packages\pip\_vendor\truststore\_api.py
load,9,E:\football_v\.venv\Lib\site-packages\pip\_vendor\truststore\_api.py
form,8,E:\football_v\.venv\Lib\site-packages\pip\_vendor\truststore\_api.py
value,18,E:\football_v\.venv\Lib\site-packages\pip\_vendor\truststore\_api.py
ev,2,E:\football_v\.venv\Lib\site-packages\pip\_vendor\truststore\_api.py
data,31,E:\football_v\.venv\Lib\site-packages\pip\_vendor\truststore\_macos.py
load,7,E:\football_v\.venv\Lib\site-packages\pip\_vendor\truststore\_macos.py
form,5,E:\football_v\.venv\Lib\site-packages\pip\_vendor\truststore\_macos.py
value,18,E:\football_v\.venv\Lib\site-packages\pip\_vendor\truststore\_macos.py
ev,35,E:\football_v\.venv\Lib\site-packages\pip\_vendor\truststore\_macos.py
bet,1,E:\football_v\.venv\Lib\site-packages\pip\_vendor\truststore\_macos.py
load,1,E:\football_v\.venv\Lib\site-packages\pip\_vendor\truststore\_openssl.py
read,1,E:\football_v\.venv\Lib\site-packages\pip\_vendor\truststore\_openssl.py
form,1,E:\football_v\.venv\Lib\site-packages\pip\_vendor\truststore\_openssl.py
value,1,E:\football_v\.venv\Lib\site-packages\pip\_vendor\truststore\_ssl_constants.py
ev,1,E:\football_v\.venv\Lib\site-packages\pip\_vendor\truststore\_ssl_constants.py
load,1,E:\football_v\.venv\Lib\site-packages\pip\_vendor\truststore\_windows.py
read,1,E:\football_v\.venv\Lib\site-packages\pip\_vendor\truststore\_windows.py
form,11,E:\football_v\.venv\Lib\site-packages\pip\_vendor\truststore\_windows.py
train,2,E:\football_v\.venv\Lib\site-packages\pip\_vendor\truststore\_windows.py
value,1,E:\football_v\.venv\Lib\site-packages\pip\_vendor\truststore\_windows.py
ev,15,E:\football_v\.venv\Lib\site-packages\pip\_vendor\truststore\_windows.py
engine,42,E:\football_v\.venv\Lib\site-packages\pip\_vendor\truststore\_windows.py
runtime,1,E:\football_v\.venv\Lib\site-packages\pip\_vendor\truststore\__init__.py
data,11,E:\football_v\.venv\Lib\site-packages\pip\_vendor\urllib3\connection.py
load,4,E:\football_v\.venv\Lib\site-packages\pip\_vendor\urllib3\connection.py
read,1,E:\football_v\.venv\Lib\site-packages\pip\_vendor\urllib3\connection.py
feature,2,E:\football_v\.venv\Lib\site-packages\pip\_vendor\urllib3\connection.py
form,5,E:\football_v\.venv\Lib\site-packages\pip\_vendor\urllib3\connection.py
elo,1,E:\football_v\.venv\Lib\site-packages\pip\_vendor\urllib3\connection.py
value,11,E:\football_v\.venv\Lib\site-packages\pip\_vendor\urllib3\connection.py
ev,1,E:\football_v\.venv\Lib\site-packages\pip\_vendor\urllib3\connection.py
bet,1,E:\football_v\.venv\Lib\site-packages\pip\_vendor\urllib3\connection.py
engine,2,E:\football_v\.venv\Lib\site-packages\pip\_vendor\urllib3\connection.py
data,1,E:\football_v\.venv\Lib\site-packages\pip\_vendor\urllib3\connectionpool.py
load,6,E:\football_v\.venv\Lib\site-packages\pip\_vendor\urllib3\connectionpool.py
read,35,E:\football_v\.venv\Lib\site-packages\pip\_vendor\urllib3\connectionpool.py
db,1,E:\football_v\.venv\Lib\site-packages\pip\_vendor\urllib3\connectionpool.py
form,7,E:\football_v\.venv\Lib\site-packages\pip\_vendor\urllib3\connectionpool.py
elo,6,E:\football_v\.venv\Lib\site-packages\pip\_vendor\urllib3\connectionpool.py
value,14,E:\football_v\.venv\Lib\site-packages\pip\_vendor\urllib3\connectionpool.py
ev,11,E:\football_v\.venv\Lib\site-packages\pip\_vendor\urllib3\connectionpool.py
engine,3,E:\football_v\.venv\Lib\site-packages\pip\_vendor\urllib3\connectionpool.py
data,4,E:\football_v\.venv\Lib\site-packages\pip\_vendor\urllib3\exceptions.py
read,16,E:\football_v\.venv\Lib\site-packages\pip\_vendor\urllib3\exceptions.py
form,3,E:\football_v\.venv\Lib\site-packages\pip\_vendor\urllib3\exceptions.py
value,7,E:\football_v\.venv\Lib\site-packages\pip\_vendor\urllib3\exceptions.py
data,13,E:\football_v\.venv\Lib\site-packages\pip\_vendor\urllib3\fields.py
read,2,E:\football_v\.venv\Lib\site-packages\pip\_vendor\urllib3\fields.py
form,27,E:\football_v\.venv\Lib\site-packages\pip\_vendor\urllib3\fields.py
value,48,E:\football_v\.venv\Lib\site-packages\pip\_vendor\urllib3\fields.py
data,11,E:\football_v\.venv\Lib\site-packages\pip\_vendor\urllib3\filepost.py
form,4,E:\football_v\.venv\Lib\site-packages\pip\_vendor\urllib3\filepost.py
value,1,E:\football_v\.venv\Lib\site-packages\pip\_vendor\urllib3\filepost.py
form,4,E:\football_v\.venv\Lib\site-packages\pip\_vendor\urllib3\poolmanager.py
value,9,E:\football_v\.venv\Lib\site-packages\pip\_vendor\urllib3\poolmanager.py
ev,3,E:\football_v\.venv\Lib\site-packages\pip\_vendor\urllib3\poolmanager.py
data,4,E:\football_v\.venv\Lib\site-packages\pip\_vendor\urllib3\request.py
load,2,E:\football_v\.venv\Lib\site-packages\pip\_vendor\urllib3\request.py
read,3,E:\football_v\.venv\Lib\site-packages\pip\_vendor\urllib3\request.py
form,7,E:\football_v\.venv\Lib\site-packages\pip\_vendor\urllib3\request.py
value,2,E:\football_v\.venv\Lib\site-packages\pip\_vendor\urllib3\request.py
ev,3,E:\football_v\.venv\Lib\site-packages\pip\_vendor\urllib3\request.py
data,57,E:\football_v\.venv\Lib\site-packages\pip\_vendor\urllib3\response.py
load,6,E:\football_v\.venv\Lib\site-packages\pip\_vendor\urllib3\response.py
read,67,E:\football_v\.venv\Lib\site-packages\pip\_vendor\urllib3\response.py
history,2,E:\football_v\.venv\Lib\site-packages\pip\_vendor\urllib3\response.py
form,2,E:\football_v\.venv\Lib\site-packages\pip\_vendor\urllib3\response.py
elo,5,E:\football_v\.venv\Lib\site-packages\pip\_vendor\urllib3\response.py
fit,2,E:\football_v\.venv\Lib\site-packages\pip\_vendor\urllib3\response.py
value,14,E:\football_v\.venv\Lib\site-packages\pip\_vendor\urllib3\response.py
ev,16,E:\football_v\.venv\Lib\site-packages\pip\_vendor\urllib3\response.py
bet,3,E:\football_v\.venv\Lib\site-packages\pip\_vendor\urllib3\response.py
read,7,E:\football_v\.venv\Lib\site-packages\pip\_vendor\urllib3\_collections.py
form,2,E:\football_v\.venv\Lib\site-packages\pip\_vendor\urllib3\_collections.py
value,39,E:\football_v\.venv\Lib\site-packages\pip\_vendor\urllib3\_collections.py
ev,13,E:\football_v\.venv\Lib\site-packages\pip\_vendor\urllib3\_collections.py
data,2,E:\football_v\.venv\Lib\site-packages\pip\_vendor\urllib3\__init__.py
read,2,E:\football_v\.venv\Lib\site-packages\pip\_vendor\urllib3\__init__.py
form,6,E:\football_v\.venv\Lib\site-packages\pip\_vendor\urllib3\__init__.py
ev,6,E:\football_v\.venv\Lib\site-packages\pip\_vendor\urllib3\__init__.py
bet,1,E:\football_v\.venv\Lib\site-packages\pip\_vendor\urllib3\__init__.py
data,1,E:\football_v\.venv\Lib\site-packages\pip\_vendor\urllib3\contrib\appengine.py
load,2,E:\football_v\.venv\Lib\site-packages\pip\_vendor\urllib3\contrib\appengine.py
read,4,E:\football_v\.venv\Lib\site-packages\pip\_vendor\urllib3\contrib\appengine.py
db,6,E:\football_v\.venv\Lib\site-packages\pip\_vendor\urllib3\contrib\appengine.py
form,10,E:\football_v\.venv\Lib\site-packages\pip\_vendor\urllib3\contrib\appengine.py
ev,2,E:\football_v\.venv\Lib\site-packages\pip\_vendor\urllib3\contrib\appengine.py
engine,50,E:\football_v\.venv\Lib\site-packages\pip\_vendor\urllib3\contrib\appengine.py
service,3,E:\football_v\.venv\Lib\site-packages\pip\_vendor\urllib3\contrib\appengine.py
data,2,E:\football_v\.venv\Lib\site-packages\pip\_vendor\urllib3\contrib\ntlmpool.py
read,2,E:\football_v\.venv\Lib\site-packages\pip\_vendor\urllib3\contrib\ntlmpool.py
form,3,E:\football_v\.venv\Lib\site-packages\pip\_vendor\urllib3\contrib\ntlmpool.py
value,6,E:\football_v\.venv\Lib\site-packages\pip\_vendor\urllib3\contrib\ntlmpool.py
data,10,E:\football_v\.venv\Lib\site-packages\pip\_vendor\urllib3\contrib\pyopenssl.py
load,6,E:\football_v\.venv\Lib\site-packages\pip\_vendor\urllib3\contrib\pyopenssl.py
read,11,E:\football_v\.venv\Lib\site-packages\pip\_vendor\urllib3\contrib\pyopenssl.py
rating,1,E:\football_v\.venv\Lib\site-packages\pip\_vendor\urllib3\contrib\pyopenssl.py
form,8,E:\football_v\.venv\Lib\site-packages\pip\_vendor\urllib3\contrib\pyopenssl.py
value,9,E:\football_v\.venv\Lib\site-packages\pip\_vendor\urllib3\contrib\pyopenssl.py
ev,5,E:\football_v\.venv\Lib\site-packages\pip\_vendor\urllib3\contrib\pyopenssl.py
bet,1,E:\football_v\.venv\Lib\site-packages\pip\_vendor\urllib3\contrib\pyopenssl.py
data,50,E:\football_v\.venv\Lib\site-packages\pip\_vendor\urllib3\contrib\securetransport.py
load,8,E:\football_v\.venv\Lib\site-packages\pip\_vendor\urllib3\contrib\securetransport.py
read,33,E:\football_v\.venv\Lib\site-packages\pip\_vendor\urllib3\contrib\securetransport.py
db,9,E:\football_v\.venv\Lib\site-packages\pip\_vendor\urllib3\contrib\securetransport.py
feature,1,E:\football_v\.venv\Lib\site-packages\pip\_vendor\urllib3\contrib\securetransport.py
rating,1,E:\football_v\.venv\Lib\site-packages\pip\_vendor\urllib3\contrib\securetransport.py
form,9,E:\football_v\.venv\Lib\site-packages\pip\_vendor\urllib3\contrib\securetransport.py
fit,1,E:\football_v\.venv\Lib\site-packages\pip\_vendor\urllib3\contrib\securetransport.py
value,22,E:\football_v\.venv\Lib\site-packages\pip\_vendor\urllib3\contrib\securetransport.py
ev,14,E:\football_v\.venv\Lib\site-packages\pip\_vendor\urllib3\contrib\securetransport.py
bet,1,E:\football_v\.venv\Lib\site-packages\pip\_vendor\urllib3\contrib\securetransport.py
read,2,E:\football_v\.venv\Lib\site-packages\pip\_vendor\urllib3\contrib\socks.py
feature,2,E:\football_v\.venv\Lib\site-packages\pip\_vendor\urllib3\contrib\socks.py
form,2,E:\football_v\.venv\Lib\site-packages\pip\_vendor\urllib3\contrib\socks.py
value,1,E:\football_v\.venv\Lib\site-packages\pip\_vendor\urllib3\contrib\socks.py
db,3,E:\football_v\.venv\Lib\site-packages\pip\_vendor\urllib3\contrib\_appengine_environ.py
elo,1,E:\football_v\.venv\Lib\site-packages\pip\_vendor\urllib3\contrib\_appengine_environ.py
ev,1,E:\football_v\.venv\Lib\site-packages\pip\_vendor\urllib3\contrib\_appengine_environ.py
engine,14,E:\football_v\.venv\Lib\site-packages\pip\_vendor\urllib3\contrib\_appengine_environ.py
runtime,5,E:\football_v\.venv\Lib\site-packages\pip\_vendor\urllib3\contrib\_appengine_environ.py
data,20,E:\football_v\.venv\Lib\site-packages\pip\_vendor\urllib3\contrib\_securetransport\bindings.py
load,5,E:\football_v\.venv\Lib\site-packages\pip\_vendor\urllib3\contrib\_securetransport\bindings.py
read,6,E:\football_v\.venv\Lib\site-packages\pip\_vendor\urllib3\contrib\_securetransport\bindings.py
db,1,E:\football_v\.venv\Lib\site-packages\pip\_vendor\urllib3\contrib\_securetransport\bindings.py
form,8,E:\football_v\.venv\Lib\site-packages\pip\_vendor\urllib3\contrib\_securetransport\bindings.py
elo,1,E:\football_v\.venv\Lib\site-packages\pip\_vendor\urllib3\contrib\_securetransport\bindings.py
fit,1,E:\football_v\.venv\Lib\site-packages\pip\_vendor\urllib3\contrib\_securetransport\bindings.py
value,11,E:\football_v\.venv\Lib\site-packages\pip\_vendor\urllib3\contrib\_securetransport\bindings.py
ev,7,E:\football_v\.venv\Lib\site-packages\pip\_vendor\urllib3\contrib\_securetransport\bindings.py
bet,1,E:\football_v\.venv\Lib\site-packages\pip\_vendor\urllib3\contrib\_securetransport\bindings.py
data,22,E:\football_v\.venv\Lib\site-packages\pip\_vendor\urllib3\contrib\_securetransport\low_level.py
load,6,E:\football_v\.venv\Lib\site-packages\pip\_vendor\urllib3\contrib\_securetransport\low_level.py
read,3,E:\football_v\.venv\Lib\site-packages\pip\_vendor\urllib3\contrib\_securetransport\low_level.py
form,1,E:\football_v\.venv\Lib\site-packages\pip\_vendor\urllib3\contrib\_securetransport\low_level.py
value,17,E:\football_v\.venv\Lib\site-packages\pip\_vendor\urllib3\contrib\_securetransport\low_level.py
ev,7,E:\football_v\.venv\Lib\site-packages\pip\_vendor\urllib3\contrib\_securetransport\low_level.py
data,8,E:\football_v\.venv\Lib\site-packages\pip\_vendor\urllib3\packages\six.py
load,19,E:\football_v\.venv\Lib\site-packages\pip\_vendor\urllib3\packages\six.py
read,7,E:\football_v\.venv\Lib\site-packages\pip\_vendor\urllib3\packages\six.py
db,11,E:\football_v\.venv\Lib\site-packages\pip\_vendor\urllib3\packages\six.py
query,2,E:\football_v\.venv\Lib\site-packages\pip\_vendor\urllib3\packages\six.py
form,2,E:\football_v\.venv\Lib\site-packages\pip\_vendor\urllib3\packages\six.py
elo,4,E:\football_v\.venv\Lib\site-packages\pip\_vendor\urllib3\packages\six.py
fit,1,E:\football_v\.venv\Lib\site-packages\pip\_vendor\urllib3\packages\six.py
value,36,E:\football_v\.venv\Lib\site-packages\pip\_vendor\urllib3\packages\six.py
ev,4,E:\football_v\.venv\Lib\site-packages\pip\_vendor\urllib3\packages\six.py
read,6,E:\football_v\.venv\Lib\site-packages\pip\_vendor\urllib3\packages\backports\makefile.py
value,2,E:\football_v\.venv\Lib\site-packages\pip\_vendor\urllib3\packages\backports\makefile.py
read,3,E:\football_v\.venv\Lib\site-packages\pip\_vendor\urllib3\packages\backports\weakref_finalize.py
value,2,E:\football_v\.venv\Lib\site-packages\pip\_vendor\urllib3\packages\backports\weakref_finalize.py
ev,3,E:\football_v\.venv\Lib\site-packages\pip\_vendor\urllib3\packages\backports\weakref_finalize.py
read,4,E:\football_v\.venv\Lib\site-packages\pip\_vendor\urllib3\util\connection.py
db,1,E:\football_v\.venv\Lib\site-packages\pip\_vendor\urllib3\util\connection.py
form,6,E:\football_v\.venv\Lib\site-packages\pip\_vendor\urllib3\util\connection.py
value,1,E:\football_v\.venv\Lib\site-packages\pip\_vendor\urllib3\util\connection.py
ev,1,E:\football_v\.venv\Lib\site-packages\pip\_vendor\urllib3\util\connection.py
engine,7,E:\football_v\.venv\Lib\site-packages\pip\_vendor\urllib3\util\connection.py
data,2,E:\football_v\.venv\Lib\site-packages\pip\_vendor\urllib3\util\proxy.py
load,2,E:\football_v\.venv\Lib\site-packages\pip\_vendor\urllib3\util\proxy.py
ev,1,E:\football_v\.venv\Lib\site-packages\pip\_vendor\urllib3\util\proxy.py
rating,1,E:\football_v\.venv\Lib\site-packages\pip\_vendor\urllib3\util\request.py
value,2,E:\football_v\.venv\Lib\site-packages\pip\_vendor\urllib3\util\request.py
data,6,E:\football_v\.venv\Lib\site-packages\pip\_vendor\urllib3\util\response.py
load,9,E:\football_v\.venv\Lib\site-packages\pip\_vendor\urllib3\util\response.py
form,2,E:\football_v\.venv\Lib\site-packages\pip\_vendor\urllib3\util\response.py
value,1,E:\football_v\.venv\Lib\site-packages\pip\_vendor\urllib3\util\response.py
ev,2,E:\football_v\.venv\Lib\site-packages\pip\_vendor\urllib3\util\response.py
engine,2,E:\football_v\.venv\Lib\site-packages\pip\_vendor\urllib3\util\response.py
data,2,E:\football_v\.venv\Lib\site-packages\pip\_vendor\urllib3\util\retry.py
read,25,E:\football_v\.venv\Lib\site-packages\pip\_vendor\urllib3\util\retry.py
history,16,E:\football_v\.venv\Lib\site-packages\pip\_vendor\urllib3\util\retry.py
form,5,E:\football_v\.venv\Lib\site-packages\pip\_vendor\urllib3\util\retry.py
train,1,E:\football_v\.venv\Lib\site-packages\pip\_vendor\urllib3\util\retry.py
value,13,E:\football_v\.venv\Lib\site-packages\pip\_vendor\urllib3\util\retry.py
ev,4,E:\football_v\.venv\Lib\site-packages\pip\_vendor\urllib3\util\retry.py
fair,1,E:\football_v\.venv\Lib\site-packages\pip\_vendor\urllib3\util\retry.py
bet,3,E:\football_v\.venv\Lib\site-packages\pip\_vendor\urllib3\util\retry.py
data,4,E:\football_v\.venv\Lib\site-packages\pip\_vendor\urllib3\util\ssltransport.py
read,17,E:\football_v\.venv\Lib\site-packages\pip\_vendor\urllib3\util\ssltransport.py
form,4,E:\football_v\.venv\Lib\site-packages\pip\_vendor\urllib3\util\ssltransport.py
value,8,E:\football_v\.venv\Lib\site-packages\pip\_vendor\urllib3\util\ssltransport.py
bet,1,E:\football_v\.venv\Lib\site-packages\pip\_vendor\urllib3\util\ssltransport.py
data,9,E:\football_v\.venv\Lib\site-packages\pip\_vendor\urllib3\util\ssl_.py
load,10,E:\football_v\.venv\Lib\site-packages\pip\_vendor\urllib3\util\ssl_.py
read,3,E:\football_v\.venv\Lib\site-packages\pip\_vendor\urllib3\util\ssl_.py
feature,2,E:\football_v\.venv\Lib\site-packages\pip\_vendor\urllib3\util\ssl_.py
form,15,E:\football_v\.venv\Lib\site-packages\pip\_vendor\urllib3\util\ssl_.py
elo,1,E:\football_v\.venv\Lib\site-packages\pip\_vendor\urllib3\util\ssl_.py
value,2,E:\football_v\.venv\Lib\site-packages\pip\_vendor\urllib3\util\ssl_.py
ev,6,E:\football_v\.venv\Lib\site-packages\pip\_vendor\urllib3\util\ssl_.py
bet,2,E:\football_v\.venv\Lib\site-packages\pip\_vendor\urllib3\util\ssl_.py
form,1,E:\football_v\.venv\Lib\site-packages\pip\_vendor\urllib3\util\ssl_match_hostname.py
value,12,E:\football_v\.venv\Lib\site-packages\pip\_vendor\urllib3\util\ssl_match_hostname.py
service,1,E:\football_v\.venv\Lib\site-packages\pip\_vendor\urllib3\util\ssl_match_hostname.py
load,1,E:\football_v\.venv\Lib\site-packages\pip\_vendor\urllib3\util\timeout.py
read,33,E:\football_v\.venv\Lib\site-packages\pip\_vendor\urllib3\util\timeout.py
value,36,E:\football_v\.venv\Lib\site-packages\pip\_vendor\urllib3\util\timeout.py
ev,6,E:\football_v\.venv\Lib\site-packages\pip\_vendor\urllib3\util\timeout.py
bet,2,E:\football_v\.venv\Lib\site-packages\pip\_vendor\urllib3\util\timeout.py
data,1,E:\football_v\.venv\Lib\site-packages\pip\_vendor\urllib3\util\url.py
read,2,E:\football_v\.venv\Lib\site-packages\pip\_vendor\urllib3\util\url.py
query,27,E:\football_v\.venv\Lib\site-packages\pip\_vendor\urllib3\util\url.py
form,3,E:\football_v\.venv\Lib\site-packages\pip\_vendor\urllib3\util\url.py
value,4,E:\football_v\.venv\Lib\site-packages\pip\_vendor\urllib3\util\url.py
read,20,E:\football_v\.venv\Lib\site-packages\pip\_vendor\urllib3\util\wait.py
form,1,E:\football_v\.venv\Lib\site-packages\pip\_vendor\urllib3\util\wait.py
ev,3,E:\football_v\.venv\Lib\site-packages\pip\_vendor\urllib3\util\wait.py
bet,1,E:\football_v\.venv\Lib\site-packages\pip\_vendor\urllib3\util\wait.py
engine,1,E:\football_v\.venv\Lib\site-packages\pip\_vendor\urllib3\util\wait.py
runtime,2,E:\football_v\.venv\Lib\site-packages\pip\_vendor\urllib3\util\wait.py
read,2,E:\football_v\.venv\Lib\site-packages\pip\_vendor\urllib3\util\__init__.py
data,5,E:\football_v\00_System_OS\01_DATA_LAYER\main.py
read,4,E:\football_v\00_System_OS\01_DATA_LAYER\main.py
csv,1,E:\football_v\00_System_OS\01_DATA_LAYER\main.py
json,4,E:\football_v\00_System_OS\01_DATA_LAYER\main.py
database,2,E:\football_v\00_System_OS\01_DATA_LAYER\main.py
db,3,E:\football_v\00_System_OS\01_DATA_LAYER\main.py
odds,2,E:\football_v\00_System_OS\01_DATA_LAYER\main.py
market,1,E:\football_v\00_System_OS\01_DATA_LAYER\main.py
pipeline,3,E:\football_v\00_System_OS\01_DATA_LAYER\main.py
service,3,E:\football_v\00_System_OS\01_DATA_LAYER\main.py
ev,5,E:\football_v\00_System_OS\01_DATA_LAYER\core\logger\compatibility.py
form,2,E:\football_v\00_System_OS\01_DATA_LAYER\core\logger\formatter.py
ev,1,E:\football_v\00_System_OS\01_DATA_LAYER\core\logger\formatter.py
form,6,E:\football_v\00_System_OS\01_DATA_LAYER\core\logger\handlers.py
load,3,E:\football_v\00_System_OS\01_DATA_LAYER\core\logger\logger.py
json,3,E:\football_v\00_System_OS\01_DATA_LAYER\core\logger\logger.py
ev,10,E:\football_v\00_System_OS\01_DATA_LAYER\core\logger\logger.py
data,4,E:\football_v\00_System_OS\01_DATA_LAYER\core\validator\data_validator.py
service,1,E:\football_v\00_System_OS\01_DATA_LAYER\core\validator\data_validator.py
data,3,E:\football_v\00_System_OS\01_DATA_LAYER\import_pipeline\duplicate_checker.py
db,1,E:\football_v\00_System_OS\01_DATA_LAYER\import_pipeline\duplicate_checker.py
data,14,E:\football_v\00_System_OS\01_DATA_LAYER\import_pipeline\importer.py
read,1,E:\football_v\00_System_OS\01_DATA_LAYER\import_pipeline\importer.py
pipeline,2,E:\football_v\00_System_OS\01_DATA_LAYER\import_pipeline\importer.py
service,1,E:\football_v\00_System_OS\01_DATA_LAYER\import_pipeline\importer.py
data,1,E:\football_v\00_System_OS\01_DATA_LAYER\import_pipeline\scanner.py
data,2,E:\football_v\00_System_OS\01_DATA_LAYER\market\bookmaker_manager.py
database,1,E:\football_v\00_System_OS\01_DATA_LAYER\market\bookmaker_manager.py
sqlite,2,E:\football_v\00_System_OS\01_DATA_LAYER\market\bookmaker_manager.py
db,3,E:\football_v\00_System_OS\01_DATA_LAYER\market\bookmaker_manager.py
score,1,E:\football_v\00_System_OS\01_DATA_LAYER\market\bookmaker_manager.py
market,1,E:\football_v\00_System_OS\01_DATA_LAYER\market\bookmaker_manager.py
asian,1,E:\football_v\00_System_OS\01_DATA_LAYER\market\bookmaker_manager.py
bookmaker,7,E:\football_v\00_System_OS\01_DATA_LAYER\market\bookmaker_manager.py
value,1,E:\football_v\00_System_OS\01_DATA_LAYER\market\bookmaker_manager.py
fair,1,E:\football_v\00_System_OS\01_DATA_LAYER\market\bookmaker_manager.py
bet,2,E:\football_v\00_System_OS\01_DATA_LAYER\market\bookmaker_manager.py
data,2,E:\football_v\00_System_OS\01_DATA_LAYER\market\market_type_manager.py
read,1,E:\football_v\00_System_OS\01_DATA_LAYER\market\market_type_manager.py
database,1,E:\football_v\00_System_OS\01_DATA_LAYER\market\market_type_manager.py
sqlite,2,E:\football_v\00_System_OS\01_DATA_LAYER\market\market_type_manager.py
db,3,E:\football_v\00_System_OS\01_DATA_LAYER\market\market_type_manager.py
score,2,E:\football_v\00_System_OS\01_DATA_LAYER\market\market_type_manager.py
market,8,E:\football_v\00_System_OS\01_DATA_LAYER\market\market_type_manager.py
handicap,2,E:\football_v\00_System_OS\01_DATA_LAYER\market\market_type_manager.py
asian,1,E:\football_v\00_System_OS\01_DATA_LAYER\market\market_type_manager.py
value,1,E:\football_v\00_System_OS\01_DATA_LAYER\market\market_type_manager.py
data,2,E:\football_v\00_System_OS\01_DATA_LAYER\market\odds_manager.py
database,1,E:\football_v\00_System_OS\01_DATA_LAYER\market\odds_manager.py
sqlite,2,E:\football_v\00_System_OS\01_DATA_LAYER\market\odds_manager.py
db,3,E:\football_v\00_System_OS\01_DATA_LAYER\market\odds_manager.py
form,1,E:\football_v\00_System_OS\01_DATA_LAYER\market\odds_manager.py
odds,8,E:\football_v\00_System_OS\01_DATA_LAYER\market\odds_manager.py
market,4,E:\football_v\00_System_OS\01_DATA_LAYER\market\odds_manager.py
handicap,3,E:\football_v\00_System_OS\01_DATA_LAYER\market\odds_manager.py
bookmaker,3,E:\football_v\00_System_OS\01_DATA_LAYER\market\odds_manager.py
value,1,E:\football_v\00_System_OS\01_DATA_LAYER\market\odds_manager.py
data,7,E:\football_v\00_System_OS\01_DATA_LAYER\quality\quality_checker.py
db,1,E:\football_v\00_System_OS\01_DATA_LAYER\quality\quality_checker.py
value,3,E:\football_v\00_System_OS\01_DATA_LAYER\quality\quality_checker.py
data,18,E:\football_v\00_System_OS\01_DATA_LAYER\quality\quality_engine.py
json,2,E:\football_v\00_System_OS\01_DATA_LAYER\quality\quality_engine.py
db,1,E:\football_v\00_System_OS\01_DATA_LAYER\quality\quality_engine.py
form,2,E:\football_v\00_System_OS\01_DATA_LAYER\quality\quality_engine.py
score,24,E:\football_v\00_System_OS\01_DATA_LAYER\quality\quality_engine.py
value,2,E:\football_v\00_System_OS\01_DATA_LAYER\quality\quality_engine.py
ev,11,E:\football_v\00_System_OS\01_DATA_LAYER\quality\quality_engine.py
data,5,E:\football_v\00_System_OS\01_DATA_LAYER\quality\quality_report.py
db,1,E:\football_v\00_System_OS\01_DATA_LAYER\quality\quality_report.py
score,4,E:\football_v\00_System_OS\01_DATA_LAYER\quality\quality_report.py
data,5,E:\football_v\00_System_OS\01_DATA_LAYER\registry\data_lineage.py
db,1,E:\football_v\00_System_OS\01_DATA_LAYER\registry\data_lineage.py
form,1,E:\football_v\00_System_OS\01_DATA_LAYER\registry\data_lineage.py
value,1,E:\football_v\00_System_OS\01_DATA_LAYER\registry\data_lineage.py
data,3,E:\football_v\00_System_OS\01_DATA_LAYER\registry\import_tracker.py
db,1,E:\football_v\00_System_OS\01_DATA_LAYER\registry\import_tracker.py
history,1,E:\football_v\00_System_OS\01_DATA_LAYER\registry\import_tracker.py
form,1,E:\football_v\00_System_OS\01_DATA_LAYER\registry\import_tracker.py
value,1,E:\football_v\00_System_OS\01_DATA_LAYER\registry\import_tracker.py
data,3,E:\football_v\00_System_OS\01_DATA_LAYER\registry\quality_score.py
db,1,E:\football_v\00_System_OS\01_DATA_LAYER\registry\quality_score.py
value,1,E:\football_v\00_System_OS\01_DATA_LAYER\registry\quality_score.py
data,12,E:\football_v\00_System_OS\01_DATA_LAYER\registry\registry_manager.py
read,1,E:\football_v\00_System_OS\01_DATA_LAYER\registry\registry_manager.py
db,1,E:\football_v\00_System_OS\01_DATA_LAYER\registry\registry_manager.py
form,1,E:\football_v\00_System_OS\01_DATA_LAYER\registry\registry_manager.py
value,1,E:\football_v\00_System_OS\01_DATA_LAYER\registry\registry_manager.py
data,1,E:\football_v\00_System_OS\01_DATA_LAYER\scripts\database_quality_alert_upgrade.py
database,1,E:\football_v\00_System_OS\01_DATA_LAYER\scripts\database_quality_alert_upgrade.py
sqlite,4,E:\football_v\00_System_OS\01_DATA_LAYER\scripts\database_quality_alert_upgrade.py
db,2,E:\football_v\00_System_OS\01_DATA_LAYER\scripts\database_quality_alert_upgrade.py
data,9,E:\football_v\00_System_OS\01_DATA_LAYER\scripts\database_quality_init.py
read,3,E:\football_v\00_System_OS\01_DATA_LAYER\scripts\database_quality_init.py
database,5,E:\football_v\00_System_OS\01_DATA_LAYER\scripts\database_quality_init.py
sqlite,4,E:\football_v\00_System_OS\01_DATA_LAYER\scripts\database_quality_init.py
db,2,E:\football_v\00_System_OS\01_DATA_LAYER\scripts\database_quality_init.py
score,9,E:\football_v\00_System_OS\01_DATA_LAYER\scripts\database_quality_init.py
ev,3,E:\football_v\00_System_OS\01_DATA_LAYER\scripts\database_quality_init.py
data,8,E:\football_v\00_System_OS\01_DATA_LAYER\scripts\database_task_table_upgrade.py
database,1,E:\football_v\00_System_OS\01_DATA_LAYER\scripts\database_task_table_upgrade.py
sqlite,4,E:\football_v\00_System_OS\01_DATA_LAYER\scripts\database_task_table_upgrade.py
db,2,E:\football_v\00_System_OS\01_DATA_LAYER\scripts\database_task_table_upgrade.py
data,3,E:\football_v\00_System_OS\01_DATA_LAYER\scripts\quality_rule_init.py
read,1,E:\football_v\00_System_OS\01_DATA_LAYER\scripts\quality_rule_init.py
db,1,E:\football_v\00_System_OS\01_DATA_LAYER\scripts\quality_rule_init.py
form,1,E:\football_v\00_System_OS\01_DATA_LAYER\scripts\quality_rule_init.py
elo,1,E:\football_v\00_System_OS\01_DATA_LAYER\scripts\quality_rule_init.py
odds,2,E:\football_v\00_System_OS\01_DATA_LAYER\scripts\quality_rule_init.py
market,1,E:\football_v\00_System_OS\01_DATA_LAYER\scripts\quality_rule_init.py
movement,1,E:\football_v\00_System_OS\01_DATA_LAYER\scripts\quality_rule_init.py
value,1,E:\football_v\00_System_OS\01_DATA_LAYER\scripts\quality_rule_init.py
ev,7,E:\football_v\00_System_OS\01_DATA_LAYER\scripts\quality_rule_init.py
data,9,E:\football_v\00_System_OS\01_DATA_LAYER\scripts\registry_init.py
read,1,E:\football_v\00_System_OS\01_DATA_LAYER\scripts\registry_init.py
sqlite,1,E:\football_v\00_System_OS\01_DATA_LAYER\scripts\registry_init.py
db,1,E:\football_v\00_System_OS\01_DATA_LAYER\scripts\registry_init.py
history,1,E:\football_v\00_System_OS\01_DATA_LAYER\scripts\registry_init.py
data,1,E:\football_v\00_System_OS\01_DATA_LAYER\scripts\task_queue_init.py
read,1,E:\football_v\00_System_OS\01_DATA_LAYER\scripts\task_queue_init.py
db,1,E:\football_v\00_System_OS\01_DATA_LAYER\scripts\task_queue_init.py
data,11,E:\football_v\00_System_OS\01_DATA_LAYER\scripts\test_registry_flow.py
csv,3,E:\football_v\00_System_OS\01_DATA_LAYER\scripts\test_registry_flow.py
score,1,E:\football_v\00_System_OS\01_DATA_LAYER\scripts\test_registry_flow.py
odds,3,E:\football_v\00_System_OS\01_DATA_LAYER\scripts\test_registry_flow.py
market,1,E:\football_v\00_System_OS\01_DATA_LAYER\scripts\test_registry_flow.py
service,1,E:\football_v\00_System_OS\01_DATA_LAYER\scripts\test_registry_flow.py
load,1,E:\football_v\00_System_OS\01_DATA_LAYER\scripts\test_scheduler_reliability.py
csv,1,E:\football_v\00_System_OS\01_DATA_LAYER\scripts\test_scheduler_reliability.py
history,4,E:\football_v\00_System_OS\01_DATA_LAYER\scripts\test_scheduler_reliability.py
odds,2,E:\football_v\00_System_OS\01_DATA_LAYER\scripts\test_scheduler_reliability.py
load,2,E:\football_v\00_System_OS\01_DATA_LAYER\scripts\test_task_history.py
history,11,E:\football_v\00_System_OS\01_DATA_LAYER\scripts\test_task_history.py
load,2,E:\football_v\00_System_OS\01_DATA_LAYER\scripts\test_task_queue.py
csv,1,E:\football_v\00_System_OS\01_DATA_LAYER\scripts\test_task_queue.py
query,1,E:\football_v\00_System_OS\01_DATA_LAYER\scripts\test_task_queue.py
odds,2,E:\football_v\00_System_OS\01_DATA_LAYER\scripts\test_task_queue.py
load,2,E:\football_v\00_System_OS\01_DATA_LAYER\scripts\test_task_reliability_full.py
csv,1,E:\football_v\00_System_OS\01_DATA_LAYER\scripts\test_task_reliability_full.py
history,4,E:\football_v\00_System_OS\01_DATA_LAYER\scripts\test_task_reliability_full.py
simulate,1,E:\football_v\00_System_OS\01_DATA_LAYER\scripts\test_task_reliability_full.py
odds,2,E:\football_v\00_System_OS\01_DATA_LAYER\scripts\test_task_reliability_full.py
engine,2,E:\football_v\00_System_OS\01_DATA_LAYER\scripts\test_task_reliability_full.py
data,1,E:\football_v\00_System_OS\01_DATA_LAYER\task_queue\manual_task.py
db,1,E:\football_v\00_System_OS\01_DATA_LAYER\task_queue\manual_task.py
form,1,E:\football_v\00_System_OS\01_DATA_LAYER\task_queue\manual_task.py
data,3,E:\football_v\00_System_OS\01_DATA_LAYER\task_queue\retry_engine.py
read,1,E:\football_v\00_System_OS\01_DATA_LAYER\task_queue\retry_engine.py
db,1,E:\football_v\00_System_OS\01_DATA_LAYER\task_queue\retry_engine.py
history,4,E:\football_v\00_System_OS\01_DATA_LAYER\task_queue\retry_engine.py
form,2,E:\football_v\00_System_OS\01_DATA_LAYER\task_queue\retry_engine.py
engine,1,E:\football_v\00_System_OS\01_DATA_LAYER\task_queue\retry_engine.py
read,1,E:\football_v\00_System_OS\01_DATA_LAYER\task_queue\retry_logger.py
db,1,E:\football_v\00_System_OS\01_DATA_LAYER\task_queue\retry_logger.py
form,1,E:\football_v\00_System_OS\01_DATA_LAYER\task_queue\retry_logger.py
value,1,E:\football_v\00_System_OS\01_DATA_LAYER\task_queue\retry_logger.py
data,5,E:\football_v\00_System_OS\01_DATA_LAYER\task_queue\scheduler.py
read,1,E:\football_v\00_System_OS\01_DATA_LAYER\task_queue\scheduler.py
db,1,E:\football_v\00_System_OS\01_DATA_LAYER\task_queue\scheduler.py
history,4,E:\football_v\00_System_OS\01_DATA_LAYER\task_queue\scheduler.py
form,2,E:\football_v\00_System_OS\01_DATA_LAYER\task_queue\scheduler.py
engine,1,E:\football_v\00_System_OS\01_DATA_LAYER\task_queue\scheduler.py
read,1,E:\football_v\00_System_OS\01_DATA_LAYER\task_queue\task_history.py
db,1,E:\football_v\00_System_OS\01_DATA_LAYER\task_queue\task_history.py
history,7,E:\football_v\00_System_OS\01_DATA_LAYER\task_queue\task_history.py
form,1,E:\football_v\00_System_OS\01_DATA_LAYER\task_queue\task_history.py
value,1,E:\football_v\00_System_OS\01_DATA_LAYER\task_queue\task_history.py
data,3,E:\football_v\00_System_OS\01_DATA_LAYER\task_queue\task_manager.py
read,1,E:\football_v\00_System_OS\01_DATA_LAYER\task_queue\task_manager.py
db,1,E:\football_v\00_System_OS\01_DATA_LAYER\task_queue\task_manager.py
history,3,E:\football_v\00_System_OS\01_DATA_LAYER\task_queue\task_manager.py
form,2,E:\football_v\00_System_OS\01_DATA_LAYER\task_queue\task_manager.py
value,1,E:\football_v\00_System_OS\01_DATA_LAYER\task_queue\task_manager.py
data,1,E:\football_v\00_System_OS\01_DATA_LAYER\task_queue\task_query.py
db,1,E:\football_v\00_System_OS\01_DATA_LAYER\task_queue\task_query.py
data,2,E:\football_v\00_System_OS\ARCHITECTURE_CLEANUP\architecture_classifier\architecture_classifier_V1.0.py
json,2,E:\football_v\00_System_OS\ARCHITECTURE_CLEANUP\architecture_classifier\architecture_classifier_V1.0.py
database,1,E:\football_v\00_System_OS\ARCHITECTURE_CLEANUP\architecture_classifier\architecture_classifier_V1.0.py
feature,1,E:\football_v\00_System_OS\ARCHITECTURE_CLEANUP\architecture_classifier\architecture_classifier_V1.0.py
model,3,E:\football_v\00_System_OS\ARCHITECTURE_CLEANUP\architecture_classifier\architecture_classifier_V1.0.py
engine,1,E:\football_v\00_System_OS\ARCHITECTURE_CLEANUP\architecture_classifier\architecture_classifier_V1.0.py
data,4,E:\football_v\00_System_OS\ARCHITECTURE_CLEANUP\architecture_scanner\architecture_scanner_V1.0.py
json,2,E:\football_v\00_System_OS\ARCHITECTURE_CLEANUP\architecture_scanner\architecture_scanner_V1.0.py
json,4,E:\football_v\00_System_OS\ARCHITECTURE_CLEANUP\tests\test_architecture_cleanup_V1.0.py
data,2,E:\football_v\00_System_OS\Automation\scheduler\scheduler_manager.py
load,4,E:\football_v\00_System_OS\Automation\scheduler\scheduler_manager.py
read,1,E:\football_v\00_System_OS\Automation\scheduler\scheduler_manager.py
json,5,E:\football_v\00_System_OS\Automation\scheduler\scheduler_manager.py
form,1,E:\football_v\00_System_OS\Automation\scheduler\scheduler_manager.py
data,7,E:\football_v\00_System_OS\Bootstrap\bootstrap.py
read,2,E:\football_v\00_System_OS\Bootstrap\bootstrap.py
json,3,E:\football_v\00_System_OS\Bootstrap\bootstrap.py
form,1,E:\football_v\00_System_OS\Bootstrap\bootstrap.py
json,3,E:\football_v\00_System_OS\Bootstrap\config_generator.py
form,1,E:\football_v\00_System_OS\Bootstrap\config_generator.py
form,2,E:\football_v\00_System_OS\Bootstrap\deploy_system.py
json,3,E:\football_v\00_System_OS\Bootstrap\setup_system.py
form,1,E:\football_v\00_System_OS\Bootstrap\setup_system.py
read,2,E:\football_v\00_System_OS\Bootstrap\system_check.py
json,3,E:\football_v\00_System_OS\Bootstrap\system_check.py
form,1,E:\football_v\00_System_OS\Bootstrap\system_check.py
data,1,E:\football_v\00_System_OS\DEPLOYMENT_QUALITY_CHECKER\deployment_quality_checker_V1.0.py
json,3,E:\football_v\00_System_OS\DEPLOYMENT_QUALITY_CHECKER\deployment_quality_checker_V1.0.py
database,1,E:\football_v\00_System_OS\DEPLOYMENT_QUALITY_CHECKER\deployment_quality_checker_V1.0.py
model,1,E:\football_v\00_System_OS\DEPLOYMENT_QUALITY_CHECKER\deployment_quality_checker_V1.0.py
read,1,E:\football_v\00_System_OS\ENVIRONMENT_CHECKER\environment_checker_V1.0.py
json,2,E:\football_v\00_System_OS\ENVIRONMENT_CHECKER\environment_checker_V1.0.py
data,2,E:\football_v\00_System_OS\File_Manager\archive\archive_manager.py
load,3,E:\football_v\00_System_OS\File_Manager\archive\archive_manager.py
csv,1,E:\football_v\00_System_OS\File_Manager\archive\archive_manager.py
json,4,E:\football_v\00_System_OS\File_Manager\archive\archive_manager.py
form,1,E:\football_v\00_System_OS\File_Manager\archive\archive_manager.py
data,3,E:\football_v\00_System_OS\File_Manager\archive\archive_manager_v11.py
load,3,E:\football_v\00_System_OS\File_Manager\archive\archive_manager_v11.py
json,9,E:\football_v\00_System_OS\File_Manager\archive\archive_manager_v11.py
history,2,E:\football_v\00_System_OS\File_Manager\archive\archive_manager_v11.py
form,1,E:\football_v\00_System_OS\File_Manager\archive\archive_manager_v11.py
data,4,E:\football_v\00_System_OS\File_Manager\duplicate\duplicate_detector_v11.py
load,3,E:\football_v\00_System_OS\File_Manager\duplicate\duplicate_detector_v11.py
json,9,E:\football_v\00_System_OS\File_Manager\duplicate\duplicate_detector_v11.py
form,1,E:\football_v\00_System_OS\File_Manager\duplicate\duplicate_detector_v11.py
data,4,E:\football_v\00_System_OS\File_Manager\hash\duplicate_detector.py
load,3,E:\football_v\00_System_OS\File_Manager\hash\duplicate_detector.py
csv,3,E:\football_v\00_System_OS\File_Manager\hash\duplicate_detector.py
json,3,E:\football_v\00_System_OS\File_Manager\hash\duplicate_detector.py
data,2,E:\football_v\00_System_OS\File_Manager\lifecycle\lifecycle_engine.py
load,3,E:\football_v\00_System_OS\File_Manager\lifecycle\lifecycle_engine.py
json,11,E:\football_v\00_System_OS\File_Manager\lifecycle\lifecycle_engine.py
history,7,E:\football_v\00_System_OS\File_Manager\lifecycle\lifecycle_engine.py
form,1,E:\football_v\00_System_OS\File_Manager\lifecycle\lifecycle_engine.py
engine,2,E:\football_v\00_System_OS\File_Manager\lifecycle\lifecycle_engine.py
load,3,E:\football_v\00_System_OS\File_Manager\lifecycle\lifecycle_manager.py
csv,3,E:\football_v\00_System_OS\File_Manager\lifecycle\lifecycle_manager.py
json,3,E:\football_v\00_System_OS\File_Manager\lifecycle\lifecycle_manager.py
form,1,E:\football_v\00_System_OS\File_Manager\lifecycle\lifecycle_manager.py
data,1,E:\football_v\00_System_OS\File_Manager\registry\file_registry_v11.py
load,3,E:\football_v\00_System_OS\File_Manager\registry\file_registry_v11.py
json,5,E:\football_v\00_System_OS\File_Manager\registry\file_registry_v11.py
form,1,E:\football_v\00_System_OS\File_Manager\registry\file_registry_v11.py
data,6,E:\football_v\00_System_OS\File_Manager\scanner\file_scanner.py
read,1,E:\football_v\00_System_OS\File_Manager\scanner\file_scanner.py
csv,4,E:\football_v\00_System_OS\File_Manager\scanner\file_scanner.py
json,4,E:\football_v\00_System_OS\File_Manager\scanner\file_scanner.py
form,2,E:\football_v\00_System_OS\File_Manager\scanner\file_scanner.py
model,3,E:\football_v\00_System_OS\File_Manager\scanner\file_scanner.py
data,4,E:\football_v\00_System_OS\File_Manager\version\version_manager.py
load,4,E:\football_v\00_System_OS\File_Manager\version\version_manager.py
read,1,E:\football_v\00_System_OS\File_Manager\version\version_manager.py
json,10,E:\football_v\00_System_OS\File_Manager\version\version_manager.py
form,1,E:\football_v\00_System_OS\File_Manager\version\version_manager.py
json,2,E:\football_v\00_System_OS\FINAL_RELEASE_GATE\final_release_gate_V1.0.py
read,1,E:\football_v\00_System_OS\integration_test\test_api_pipeline.py
model,1,E:\football_v\00_System_OS\integration_test\test_api_pipeline.py
predict,1,E:\football_v\00_System_OS\integration_test\test_api_pipeline.py
prediction,1,E:\football_v\00_System_OS\integration_test\test_api_pipeline.py
read,1,E:\football_v\00_System_OS\integration_test\test_dashboard.py
model,1,E:\football_v\00_System_OS\integration_test\test_dashboard.py
predict,1,E:\football_v\00_System_OS\integration_test\test_dashboard.py
prediction,1,E:\football_v\00_System_OS\integration_test\test_dashboard.py
probability,1,E:\football_v\00_System_OS\integration_test\test_dashboard.py
market,1,E:\football_v\00_System_OS\integration_test\test_dashboard.py
data,1,E:\football_v\00_System_OS\integration_test\test_database_connection.py
database,1,E:\football_v\00_System_OS\integration_test\test_database_connection.py
model,2,E:\football_v\00_System_OS\integration_test\test_database_connection.py
engine,1,E:\football_v\00_System_OS\integration_test\test_database_connection.py
read,1,E:\football_v\00_System_OS\integration_test\test_model_pipeline.py
elo,1,E:\football_v\00_System_OS\integration_test\test_model_pipeline.py
dixon,1,E:\football_v\00_System_OS\integration_test\test_model_pipeline.py
poisson,1,E:\football_v\00_System_OS\integration_test\test_model_pipeline.py
xgboost,1,E:\football_v\00_System_OS\integration_test\test_model_pipeline.py
model,5,E:\football_v\00_System_OS\integration_test\test_model_pipeline.py
market,1,E:\football_v\00_System_OS\integration_test\test_model_pipeline.py
handicap,1,E:\football_v\00_System_OS\integration_test\test_model_pipeline.py
read,1,E:\football_v\00_System_OS\integration_test\test_product_package.py
data,2,E:\football_v\00_System_OS\Monitor\monitor_service.py
load,5,E:\football_v\00_System_OS\Monitor\monitor_service.py
json,13,E:\football_v\00_System_OS\Monitor\monitor_service.py
history,6,E:\football_v\00_System_OS\Monitor\monitor_service.py
form,1,E:\football_v\00_System_OS\Monitor\monitor_service.py
data,2,E:\football_v\00_System_OS\Recovery\recovery_controller.py
load,4,E:\football_v\00_System_OS\Recovery\recovery_controller.py
json,10,E:\football_v\00_System_OS\Recovery\recovery_controller.py
form,1,E:\football_v\00_System_OS\Recovery\recovery_controller.py
data,2,E:\football_v\00_System_OS\Recovery\recovery_service.py
load,4,E:\football_v\00_System_OS\Recovery\recovery_service.py
json,11,E:\football_v\00_System_OS\Recovery\recovery_service.py
history,7,E:\football_v\00_System_OS\Recovery\recovery_service.py
form,1,E:\football_v\00_System_OS\Recovery\recovery_service.py
data,2,E:\football_v\00_System_OS\registry\dependency_engine.py
load,3,E:\football_v\00_System_OS\registry\dependency_engine.py
json,3,E:\football_v\00_System_OS\registry\dependency_engine.py
engine,2,E:\football_v\00_System_OS\registry\dependency_engine.py
load,4,E:\football_v\00_System_OS\registry\registry_api.py
json,3,E:\football_v\00_System_OS\registry\registry_api.py
data,2,E:\football_v\00_System_OS\registry\registry_manager.py
load,3,E:\football_v\00_System_OS\registry\registry_manager.py
json,5,E:\football_v\00_System_OS\registry\registry_manager.py
form,1,E:\football_v\00_System_OS\registry\registry_manager.py
data,2,E:\football_v\00_System_OS\registry\registry_scanner.py
load,3,E:\football_v\00_System_OS\registry\registry_scanner.py
json,5,E:\football_v\00_System_OS\registry\registry_scanner.py
form,2,E:\football_v\00_System_OS\registry\registry_scanner.py
data,1,E:\football_v\00_System_OS\RELEASE_VALIDATION\dependency_checker\dependency_checker_V1.0.py
read,1,E:\football_v\00_System_OS\RELEASE_VALIDATION\dependency_checker\dependency_checker_V1.0.py
json,2,E:\football_v\00_System_OS\RELEASE_VALIDATION\dependency_checker\dependency_checker_V1.0.py
database,1,E:\football_v\00_System_OS\RELEASE_VALIDATION\dependency_checker\dependency_checker_V1.0.py
model,1,E:\football_v\00_System_OS\RELEASE_VALIDATION\dependency_checker\dependency_checker_V1.0.py
json,2,E:\football_v\00_System_OS\RELEASE_VALIDATION\integrity_checker\integrity_checker_V1.0.py
data,15,E:\football_v\00_System_OS\scripts\framework_initializer.py
load,1,E:\football_v\00_System_OS\scripts\framework_initializer.py
json,3,E:\football_v\00_System_OS\scripts\framework_initializer.py
database,1,E:\football_v\00_System_OS\scripts\framework_initializer.py
form,1,E:\football_v\00_System_OS\scripts\framework_initializer.py
service,7,E:\football_v\00_System_OS\scripts\framework_initializer.py
data,1,E:\football_v\00_System_OS\SYSTEM_HEALTH_MONITOR\system_health_monitor_V1.0.py
read,3,E:\football_v\00_System_OS\SYSTEM_HEALTH_MONITOR\system_health_monitor_V1.0.py
json,2,E:\football_v\00_System_OS\SYSTEM_HEALTH_MONITOR\system_health_monitor_V1.0.py
database,1,E:\football_v\00_System_OS\SYSTEM_HEALTH_MONITOR\system_health_monitor_V1.0.py
model,1,E:\football_v\00_System_OS\SYSTEM_HEALTH_MONITOR\system_health_monitor_V1.0.py
data,2,E:\football_v\00_SYSTEM_TOOLS\deploy_scripts\deploy_phase3_2_memory_bridge.py
json,3,E:\football_v\00_SYSTEM_TOOLS\deploy_scripts\deploy_phase3_2_memory_bridge.py
db,10,E:\football_v\00_SYSTEM_TOOLS\deploy_scripts\deploy_phase3_2_memory_bridge.py
history,1,E:\football_v\00_SYSTEM_TOOLS\deploy_scripts\deploy_phase3_2_memory_bridge.py
form,1,E:\football_v\00_SYSTEM_TOOLS\deploy_scripts\deploy_phase3_2_memory_bridge.py
predict,4,E:\football_v\00_SYSTEM_TOOLS\deploy_scripts\deploy_phase3_2_memory_bridge.py
prediction,4,E:\football_v\00_SYSTEM_TOOLS\deploy_scripts\deploy_phase3_2_memory_bridge.py
ev,2,E:\football_v\00_SYSTEM_TOOLS\deploy_scripts\deploy_phase3_2_memory_bridge.py
data,6,E:\football_v\00_SYSTEM_TOOLS\deploy_scripts\deploy_v15_phase1.py
history,2,E:\football_v\00_SYSTEM_TOOLS\deploy_scripts\deploy_v15_phase1.py
predict,21,E:\football_v\00_SYSTEM_TOOLS\deploy_scripts\deploy_v15_phase1.py
prediction,21,E:\football_v\00_SYSTEM_TOOLS\deploy_scripts\deploy_v15_phase1.py
engine,4,E:\football_v\00_SYSTEM_TOOLS\deploy_scripts\deploy_v15_phase1.py
pipeline,5,E:\football_v\00_SYSTEM_TOOLS\deploy_scripts\deploy_v15_phase1.py
predict,10,E:\football_v\00_SYSTEM_TOOLS\deploy_scripts\deploy_v15_phase1_patch.py
prediction,10,E:\football_v\00_SYSTEM_TOOLS\deploy_scripts\deploy_v15_phase1_patch.py
pipeline,3,E:\football_v\00_SYSTEM_TOOLS\deploy_scripts\deploy_v15_phase1_patch.py
data,12,E:\football_v\00_SYSTEM_TOOLS\deploy_scripts\deploy_v15_phase2.py
read,1,E:\football_v\00_SYSTEM_TOOLS\deploy_scripts\deploy_v15_phase2.py
db,3,E:\football_v\00_SYSTEM_TOOLS\deploy_scripts\deploy_v15_phase2.py
elo,1,E:\football_v\00_SYSTEM_TOOLS\deploy_scripts\deploy_v15_phase2.py
model,12,E:\football_v\00_SYSTEM_TOOLS\deploy_scripts\deploy_v15_phase2.py
predict,11,E:\football_v\00_SYSTEM_TOOLS\deploy_scripts\deploy_v15_phase2.py
prediction,11,E:\football_v\00_SYSTEM_TOOLS\deploy_scripts\deploy_v15_phase2.py
probability,5,E:\football_v\00_SYSTEM_TOOLS\deploy_scripts\deploy_v15_phase2.py
score,3,E:\football_v\00_SYSTEM_TOOLS\deploy_scripts\deploy_v15_phase2.py
engine,2,E:\football_v\00_SYSTEM_TOOLS\deploy_scripts\deploy_v15_phase2.py
service,3,E:\football_v\00_SYSTEM_TOOLS\deploy_scripts\deploy_v15_phase2.py
read,1,E:\football_v\00_SYSTEM_TOOLS\Module_Deployment_Tool\core\deployment_engine.py
engine,1,E:\football_v\00_SYSTEM_TOOLS\Module_Deployment_Tool\core\deployment_engine.py
load,1,E:\football_v\00_SYSTEM_TOOLS\Module_Deployment_Tool\core\json_validator.py
json,3,E:\football_v\00_SYSTEM_TOOLS\Module_Deployment_Tool\core\json_validator.py
read,1,E:\football_v\00_SYSTEM_TOOLS\Module_Deployment_Tool\core\syntax_validator.py
data,3,E:\football_v\00_SYSTEM_TOOLS\Module_Deployment_Tool\modules\deploy_ai_autonomous_engine_HIL_V1.0_V1.4.py
json,7,E:\football_v\00_SYSTEM_TOOLS\Module_Deployment_Tool\modules\deploy_ai_autonomous_engine_HIL_V1.0_V1.4.py
feature,5,E:\football_v\00_SYSTEM_TOOLS\Module_Deployment_Tool\modules\deploy_ai_autonomous_engine_HIL_V1.0_V1.4.py
history,3,E:\football_v\00_SYSTEM_TOOLS\Module_Deployment_Tool\modules\deploy_ai_autonomous_engine_HIL_V1.0_V1.4.py
elo,1,E:\football_v\00_SYSTEM_TOOLS\Module_Deployment_Tool\modules\deploy_ai_autonomous_engine_HIL_V1.0_V1.4.py
dixon,1,E:\football_v\00_SYSTEM_TOOLS\Module_Deployment_Tool\modules\deploy_ai_autonomous_engine_HIL_V1.0_V1.4.py
poisson,1,E:\football_v\00_SYSTEM_TOOLS\Module_Deployment_Tool\modules\deploy_ai_autonomous_engine_HIL_V1.0_V1.4.py
xgboost,1,E:\football_v\00_SYSTEM_TOOLS\Module_Deployment_Tool\modules\deploy_ai_autonomous_engine_HIL_V1.0_V1.4.py
model,9,E:\football_v\00_SYSTEM_TOOLS\Module_Deployment_Tool\modules\deploy_ai_autonomous_engine_HIL_V1.0_V1.4.py
value,2,E:\football_v\00_SYSTEM_TOOLS\Module_Deployment_Tool\modules\deploy_ai_autonomous_engine_HIL_V1.0_V1.4.py
ev,4,E:\football_v\00_SYSTEM_TOOLS\Module_Deployment_Tool\modules\deploy_ai_autonomous_engine_HIL_V1.0_V1.4.py
engine,11,E:\football_v\00_SYSTEM_TOOLS\Module_Deployment_Tool\modules\deploy_ai_autonomous_engine_HIL_V1.0_V1.4.py
data,2,E:\football_v\00_SYSTEM_TOOLS\Module_Deployment_Tool\modules\deploy_ai_autonomous_engine_HIL_V1.2.py
json,11,E:\football_v\00_SYSTEM_TOOLS\Module_Deployment_Tool\modules\deploy_ai_autonomous_engine_HIL_V1.2.py
model,3,E:\football_v\00_SYSTEM_TOOLS\Module_Deployment_Tool\modules\deploy_ai_autonomous_engine_HIL_V1.2.py
value,1,E:\football_v\00_SYSTEM_TOOLS\Module_Deployment_Tool\modules\deploy_ai_autonomous_engine_HIL_V1.2.py
ev,4,E:\football_v\00_SYSTEM_TOOLS\Module_Deployment_Tool\modules\deploy_ai_autonomous_engine_HIL_V1.2.py
engine,7,E:\football_v\00_SYSTEM_TOOLS\Module_Deployment_Tool\modules\deploy_ai_autonomous_engine_HIL_V1.2.py
data,4,E:\football_v\00_SYSTEM_TOOLS\Module_Deployment_Tool\modules\deploy_ai_autonomous_engine_HIL_V1.3_V1.4.py
read,1,E:\football_v\00_SYSTEM_TOOLS\Module_Deployment_Tool\modules\deploy_ai_autonomous_engine_HIL_V1.3_V1.4.py
json,10,E:\football_v\00_SYSTEM_TOOLS\Module_Deployment_Tool\modules\deploy_ai_autonomous_engine_HIL_V1.3_V1.4.py
query,1,E:\football_v\00_SYSTEM_TOOLS\Module_Deployment_Tool\modules\deploy_ai_autonomous_engine_HIL_V1.3_V1.4.py
history,17,E:\football_v\00_SYSTEM_TOOLS\Module_Deployment_Tool\modules\deploy_ai_autonomous_engine_HIL_V1.3_V1.4.py
model,15,E:\football_v\00_SYSTEM_TOOLS\Module_Deployment_Tool\modules\deploy_ai_autonomous_engine_HIL_V1.3_V1.4.py
value,3,E:\football_v\00_SYSTEM_TOOLS\Module_Deployment_Tool\modules\deploy_ai_autonomous_engine_HIL_V1.3_V1.4.py
ev,20,E:\football_v\00_SYSTEM_TOOLS\Module_Deployment_Tool\modules\deploy_ai_autonomous_engine_HIL_V1.3_V1.4.py
engine,9,E:\football_v\00_SYSTEM_TOOLS\Module_Deployment_Tool\modules\deploy_ai_autonomous_engine_HIL_V1.3_V1.4.py
data,2,E:\football_v\00_SYSTEM_TOOLS\Module_Deployment_Tool\modules\deploy_ai_autonomous_engine_HIL_V1.5_V1.6.py
json,10,E:\football_v\00_SYSTEM_TOOLS\Module_Deployment_Tool\modules\deploy_ai_autonomous_engine_HIL_V1.5_V1.6.py
history,1,E:\football_v\00_SYSTEM_TOOLS\Module_Deployment_Tool\modules\deploy_ai_autonomous_engine_HIL_V1.5_V1.6.py
form,2,E:\football_v\00_SYSTEM_TOOLS\Module_Deployment_Tool\modules\deploy_ai_autonomous_engine_HIL_V1.5_V1.6.py
model,7,E:\football_v\00_SYSTEM_TOOLS\Module_Deployment_Tool\modules\deploy_ai_autonomous_engine_HIL_V1.5_V1.6.py
value,5,E:\football_v\00_SYSTEM_TOOLS\Module_Deployment_Tool\modules\deploy_ai_autonomous_engine_HIL_V1.5_V1.6.py
ev,24,E:\football_v\00_SYSTEM_TOOLS\Module_Deployment_Tool\modules\deploy_ai_autonomous_engine_HIL_V1.5_V1.6.py
roi,6,E:\football_v\00_SYSTEM_TOOLS\Module_Deployment_Tool\modules\deploy_ai_autonomous_engine_HIL_V1.5_V1.6.py
engine,9,E:\football_v\00_SYSTEM_TOOLS\Module_Deployment_Tool\modules\deploy_ai_autonomous_engine_HIL_V1.5_V1.6.py
data,10,E:\football_v\00_SYSTEM_TOOLS\Module_Deployment_Tool\modules\deploy_ai_autonomous_engine_HIL_V1.7_V1.8.py
read,1,E:\football_v\00_SYSTEM_TOOLS\Module_Deployment_Tool\modules\deploy_ai_autonomous_engine_HIL_V1.7_V1.8.py
json,11,E:\football_v\00_SYSTEM_TOOLS\Module_Deployment_Tool\modules\deploy_ai_autonomous_engine_HIL_V1.7_V1.8.py
history,2,E:\football_v\00_SYSTEM_TOOLS\Module_Deployment_Tool\modules\deploy_ai_autonomous_engine_HIL_V1.7_V1.8.py
form,11,E:\football_v\00_SYSTEM_TOOLS\Module_Deployment_Tool\modules\deploy_ai_autonomous_engine_HIL_V1.7_V1.8.py
score,1,E:\football_v\00_SYSTEM_TOOLS\Module_Deployment_Tool\modules\deploy_ai_autonomous_engine_HIL_V1.7_V1.8.py
value,6,E:\football_v\00_SYSTEM_TOOLS\Module_Deployment_Tool\modules\deploy_ai_autonomous_engine_HIL_V1.7_V1.8.py
ev,43,E:\football_v\00_SYSTEM_TOOLS\Module_Deployment_Tool\modules\deploy_ai_autonomous_engine_HIL_V1.7_V1.8.py
roi,5,E:\football_v\00_SYSTEM_TOOLS\Module_Deployment_Tool\modules\deploy_ai_autonomous_engine_HIL_V1.7_V1.8.py
engine,23,E:\football_v\00_SYSTEM_TOOLS\Module_Deployment_Tool\modules\deploy_ai_autonomous_engine_HIL_V1.7_V1.8.py
data,2,E:\football_v\00_SYSTEM_TOOLS\Module_Deployment_Tool\modules\deploy_ai_autonomous_engine_HIL_V1.9_V2.0.py
read,4,E:\football_v\00_SYSTEM_TOOLS\Module_Deployment_Tool\modules\deploy_ai_autonomous_engine_HIL_V1.9_V2.0.py
json,9,E:\football_v\00_SYSTEM_TOOLS\Module_Deployment_Tool\modules\deploy_ai_autonomous_engine_HIL_V1.9_V2.0.py
history,1,E:\football_v\00_SYSTEM_TOOLS\Module_Deployment_Tool\modules\deploy_ai_autonomous_engine_HIL_V1.9_V2.0.py
model,8,E:\football_v\00_SYSTEM_TOOLS\Module_Deployment_Tool\modules\deploy_ai_autonomous_engine_HIL_V1.9_V2.0.py
score,2,E:\football_v\00_SYSTEM_TOOLS\Module_Deployment_Tool\modules\deploy_ai_autonomous_engine_HIL_V1.9_V2.0.py
value,10,E:\football_v\00_SYSTEM_TOOLS\Module_Deployment_Tool\modules\deploy_ai_autonomous_engine_HIL_V1.9_V2.0.py
ev,56,E:\football_v\00_SYSTEM_TOOLS\Module_Deployment_Tool\modules\deploy_ai_autonomous_engine_HIL_V1.9_V2.0.py
engine,8,E:\football_v\00_SYSTEM_TOOLS\Module_Deployment_Tool\modules\deploy_ai_autonomous_engine_HIL_V1.9_V2.0.py
data,10,E:\football_v\00_SYSTEM_TOOLS\Module_Deployment_Tool\modules\deploy_ai_autonomous_engine_HIL_V2.1_V2.2_BATCH.py
read,2,E:\football_v\00_SYSTEM_TOOLS\Module_Deployment_Tool\modules\deploy_ai_autonomous_engine_HIL_V2.1_V2.2_BATCH.py
json,13,E:\football_v\00_SYSTEM_TOOLS\Module_Deployment_Tool\modules\deploy_ai_autonomous_engine_HIL_V2.1_V2.2_BATCH.py
feature,1,E:\football_v\00_SYSTEM_TOOLS\Module_Deployment_Tool\modules\deploy_ai_autonomous_engine_HIL_V2.1_V2.2_BATCH.py
history,1,E:\football_v\00_SYSTEM_TOOLS\Module_Deployment_Tool\modules\deploy_ai_autonomous_engine_HIL_V2.1_V2.2_BATCH.py
model,1,E:\football_v\00_SYSTEM_TOOLS\Module_Deployment_Tool\modules\deploy_ai_autonomous_engine_HIL_V2.1_V2.2_BATCH.py
score,5,E:\football_v\00_SYSTEM_TOOLS\Module_Deployment_Tool\modules\deploy_ai_autonomous_engine_HIL_V2.1_V2.2_BATCH.py
value,3,E:\football_v\00_SYSTEM_TOOLS\Module_Deployment_Tool\modules\deploy_ai_autonomous_engine_HIL_V2.1_V2.2_BATCH.py
ev,35,E:\football_v\00_SYSTEM_TOOLS\Module_Deployment_Tool\modules\deploy_ai_autonomous_engine_HIL_V2.1_V2.2_BATCH.py
engine,16,E:\football_v\00_SYSTEM_TOOLS\Module_Deployment_Tool\modules\deploy_ai_autonomous_engine_HIL_V2.1_V2.2_BATCH.py
data,5,E:\football_v\00_SYSTEM_TOOLS\Module_Deployment_Tool\modules\deploy_ai_autonomous_engine_HIL_V2.3_V2.4_BATCH.py
read,2,E:\football_v\00_SYSTEM_TOOLS\Module_Deployment_Tool\modules\deploy_ai_autonomous_engine_HIL_V2.3_V2.4_BATCH.py
json,13,E:\football_v\00_SYSTEM_TOOLS\Module_Deployment_Tool\modules\deploy_ai_autonomous_engine_HIL_V2.3_V2.4_BATCH.py
predict,4,E:\football_v\00_SYSTEM_TOOLS\Module_Deployment_Tool\modules\deploy_ai_autonomous_engine_HIL_V2.3_V2.4_BATCH.py
prediction,3,E:\football_v\00_SYSTEM_TOOLS\Module_Deployment_Tool\modules\deploy_ai_autonomous_engine_HIL_V2.3_V2.4_BATCH.py
value,1,E:\football_v\00_SYSTEM_TOOLS\Module_Deployment_Tool\modules\deploy_ai_autonomous_engine_HIL_V2.3_V2.4_BATCH.py
ev,9,E:\football_v\00_SYSTEM_TOOLS\Module_Deployment_Tool\modules\deploy_ai_autonomous_engine_HIL_V2.3_V2.4_BATCH.py
engine,14,E:\football_v\00_SYSTEM_TOOLS\Module_Deployment_Tool\modules\deploy_ai_autonomous_engine_HIL_V2.3_V2.4_BATCH.py
executor,3,E:\football_v\00_SYSTEM_TOOLS\Module_Deployment_Tool\modules\deploy_ai_autonomous_engine_HIL_V2.3_V2.4_BATCH.py
data,7,E:\football_v\00_SYSTEM_TOOLS\Module_Deployment_Tool\modules\deploy_ai_autonomous_engine_HIL_V2.5_V2.6_BATCH.py
read,1,E:\football_v\00_SYSTEM_TOOLS\Module_Deployment_Tool\modules\deploy_ai_autonomous_engine_HIL_V2.5_V2.6_BATCH.py
json,13,E:\football_v\00_SYSTEM_TOOLS\Module_Deployment_Tool\modules\deploy_ai_autonomous_engine_HIL_V2.5_V2.6_BATCH.py
predict,1,E:\football_v\00_SYSTEM_TOOLS\Module_Deployment_Tool\modules\deploy_ai_autonomous_engine_HIL_V2.5_V2.6_BATCH.py
simulation,8,E:\football_v\00_SYSTEM_TOOLS\Module_Deployment_Tool\modules\deploy_ai_autonomous_engine_HIL_V2.5_V2.6_BATCH.py
simulate,1,E:\football_v\00_SYSTEM_TOOLS\Module_Deployment_Tool\modules\deploy_ai_autonomous_engine_HIL_V2.5_V2.6_BATCH.py
score,3,E:\football_v\00_SYSTEM_TOOLS\Module_Deployment_Tool\modules\deploy_ai_autonomous_engine_HIL_V2.5_V2.6_BATCH.py
value,2,E:\football_v\00_SYSTEM_TOOLS\Module_Deployment_Tool\modules\deploy_ai_autonomous_engine_HIL_V2.5_V2.6_BATCH.py
ev,16,E:\football_v\00_SYSTEM_TOOLS\Module_Deployment_Tool\modules\deploy_ai_autonomous_engine_HIL_V2.5_V2.6_BATCH.py
engine,20,E:\football_v\00_SYSTEM_TOOLS\Module_Deployment_Tool\modules\deploy_ai_autonomous_engine_HIL_V2.5_V2.6_BATCH.py
data,7,E:\football_v\00_SYSTEM_TOOLS\Module_Deployment_Tool\modules\deploy_ai_autonomous_engine_HIL_V2.7_V2.8_BATCH.py
read,1,E:\football_v\00_SYSTEM_TOOLS\Module_Deployment_Tool\modules\deploy_ai_autonomous_engine_HIL_V2.7_V2.8_BATCH.py
json,17,E:\football_v\00_SYSTEM_TOOLS\Module_Deployment_Tool\modules\deploy_ai_autonomous_engine_HIL_V2.7_V2.8_BATCH.py
feature,1,E:\football_v\00_SYSTEM_TOOLS\Module_Deployment_Tool\modules\deploy_ai_autonomous_engine_HIL_V2.7_V2.8_BATCH.py
predict,4,E:\football_v\00_SYSTEM_TOOLS\Module_Deployment_Tool\modules\deploy_ai_autonomous_engine_HIL_V2.7_V2.8_BATCH.py
value,1,E:\football_v\00_SYSTEM_TOOLS\Module_Deployment_Tool\modules\deploy_ai_autonomous_engine_HIL_V2.7_V2.8_BATCH.py
ev,13,E:\football_v\00_SYSTEM_TOOLS\Module_Deployment_Tool\modules\deploy_ai_autonomous_engine_HIL_V2.7_V2.8_BATCH.py
engine,19,E:\football_v\00_SYSTEM_TOOLS\Module_Deployment_Tool\modules\deploy_ai_autonomous_engine_HIL_V2.7_V2.8_BATCH.py
data,4,E:\football_v\00_SYSTEM_TOOLS\Module_Deployment_Tool\modules\deploy_ai_autonomous_engine_HIL_V2.9_V3.0_BATCH.py
read,2,E:\football_v\00_SYSTEM_TOOLS\Module_Deployment_Tool\modules\deploy_ai_autonomous_engine_HIL_V2.9_V3.0_BATCH.py
json,15,E:\football_v\00_SYSTEM_TOOLS\Module_Deployment_Tool\modules\deploy_ai_autonomous_engine_HIL_V2.9_V3.0_BATCH.py
strength,1,E:\football_v\00_SYSTEM_TOOLS\Module_Deployment_Tool\modules\deploy_ai_autonomous_engine_HIL_V2.9_V3.0_BATCH.py
predict,4,E:\football_v\00_SYSTEM_TOOLS\Module_Deployment_Tool\modules\deploy_ai_autonomous_engine_HIL_V2.9_V3.0_BATCH.py
prediction,4,E:\football_v\00_SYSTEM_TOOLS\Module_Deployment_Tool\modules\deploy_ai_autonomous_engine_HIL_V2.9_V3.0_BATCH.py
score,1,E:\football_v\00_SYSTEM_TOOLS\Module_Deployment_Tool\modules\deploy_ai_autonomous_engine_HIL_V2.9_V3.0_BATCH.py
odds,1,E:\football_v\00_SYSTEM_TOOLS\Module_Deployment_Tool\modules\deploy_ai_autonomous_engine_HIL_V2.9_V3.0_BATCH.py
market,5,E:\football_v\00_SYSTEM_TOOLS\Module_Deployment_Tool\modules\deploy_ai_autonomous_engine_HIL_V2.9_V3.0_BATCH.py
value,3,E:\football_v\00_SYSTEM_TOOLS\Module_Deployment_Tool\modules\deploy_ai_autonomous_engine_HIL_V2.9_V3.0_BATCH.py
ev,10,E:\football_v\00_SYSTEM_TOOLS\Module_Deployment_Tool\modules\deploy_ai_autonomous_engine_HIL_V2.9_V3.0_BATCH.py
engine,21,E:\football_v\00_SYSTEM_TOOLS\Module_Deployment_Tool\modules\deploy_ai_autonomous_engine_HIL_V2.9_V3.0_BATCH.py
data,3,E:\football_v\00_SYSTEM_TOOLS\Module_Deployment_Tool\modules\deploy_ai_autonomous_engine_V1.0_V1.3.py
json,3,E:\football_v\00_SYSTEM_TOOLS\Module_Deployment_Tool\modules\deploy_ai_autonomous_engine_V1.0_V1.3.py
db,1,E:\football_v\00_SYSTEM_TOOLS\Module_Deployment_Tool\modules\deploy_ai_autonomous_engine_V1.0_V1.3.py
engine,4,E:\football_v\00_SYSTEM_TOOLS\Module_Deployment_Tool\modules\deploy_ai_autonomous_engine_V1.0_V1.3.py
data,3,E:\football_v\00_SYSTEM_TOOLS\Module_Deployment_Tool\modules\deploy_ai_intelligence_layer_core_V1.0.py
json,6,E:\football_v\00_SYSTEM_TOOLS\Module_Deployment_Tool\modules\deploy_ai_intelligence_layer_core_V1.0.py
elo,2,E:\football_v\00_SYSTEM_TOOLS\Module_Deployment_Tool\modules\deploy_ai_intelligence_layer_core_V1.0.py
dixon,2,E:\football_v\00_SYSTEM_TOOLS\Module_Deployment_Tool\modules\deploy_ai_intelligence_layer_core_V1.0.py
poisson,2,E:\football_v\00_SYSTEM_TOOLS\Module_Deployment_Tool\modules\deploy_ai_intelligence_layer_core_V1.0.py
xgboost,2,E:\football_v\00_SYSTEM_TOOLS\Module_Deployment_Tool\modules\deploy_ai_intelligence_layer_core_V1.0.py
model,21,E:\football_v\00_SYSTEM_TOOLS\Module_Deployment_Tool\modules\deploy_ai_intelligence_layer_core_V1.0.py
train,1,E:\football_v\00_SYSTEM_TOOLS\Module_Deployment_Tool\modules\deploy_ai_intelligence_layer_core_V1.0.py
predict,3,E:\football_v\00_SYSTEM_TOOLS\Module_Deployment_Tool\modules\deploy_ai_intelligence_layer_core_V1.0.py
prediction,2,E:\football_v\00_SYSTEM_TOOLS\Module_Deployment_Tool\modules\deploy_ai_intelligence_layer_core_V1.0.py
ev,6,E:\football_v\00_SYSTEM_TOOLS\Module_Deployment_Tool\modules\deploy_ai_intelligence_layer_core_V1.0.py
engine,10,E:\football_v\00_SYSTEM_TOOLS\Module_Deployment_Tool\modules\deploy_ai_intelligence_layer_core_V1.0.py
load,5,E:\football_v\00_SYSTEM_TOOLS\Module_Deployment_Tool\modules\deploy_ai_intelligence_layer_test_V1.0.py
read,3,E:\football_v\00_SYSTEM_TOOLS\Module_Deployment_Tool\modules\deploy_ai_intelligence_layer_test_V1.0.py
json,4,E:\football_v\00_SYSTEM_TOOLS\Module_Deployment_Tool\modules\deploy_ai_intelligence_layer_test_V1.0.py
form,2,E:\football_v\00_SYSTEM_TOOLS\Module_Deployment_Tool\modules\deploy_ai_intelligence_layer_test_V1.0.py
elo,1,E:\football_v\00_SYSTEM_TOOLS\Module_Deployment_Tool\modules\deploy_ai_intelligence_layer_test_V1.0.py
poisson,1,E:\football_v\00_SYSTEM_TOOLS\Module_Deployment_Tool\modules\deploy_ai_intelligence_layer_test_V1.0.py
xgboost,1,E:\football_v\00_SYSTEM_TOOLS\Module_Deployment_Tool\modules\deploy_ai_intelligence_layer_test_V1.0.py
model,15,E:\football_v\00_SYSTEM_TOOLS\Module_Deployment_Tool\modules\deploy_ai_intelligence_layer_test_V1.0.py
train,1,E:\football_v\00_SYSTEM_TOOLS\Module_Deployment_Tool\modules\deploy_ai_intelligence_layer_test_V1.0.py
predict,1,E:\football_v\00_SYSTEM_TOOLS\Module_Deployment_Tool\modules\deploy_ai_intelligence_layer_test_V1.0.py
ev,10,E:\football_v\00_SYSTEM_TOOLS\Module_Deployment_Tool\modules\deploy_ai_intelligence_layer_test_V1.0.py
engine,12,E:\football_v\00_SYSTEM_TOOLS\Module_Deployment_Tool\modules\deploy_ai_intelligence_layer_test_V1.0.py
service,1,E:\football_v\00_SYSTEM_TOOLS\Module_Deployment_Tool\modules\deploy_ai_intelligence_layer_test_V1.0.py
data,5,E:\football_v\00_SYSTEM_TOOLS\Module_Deployment_Tool\modules\deploy_ai_orchestration_layer_batch_V1.0.py
load,1,E:\football_v\00_SYSTEM_TOOLS\Module_Deployment_Tool\modules\deploy_ai_orchestration_layer_batch_V1.0.py
read,8,E:\football_v\00_SYSTEM_TOOLS\Module_Deployment_Tool\modules\deploy_ai_orchestration_layer_batch_V1.0.py
json,8,E:\football_v\00_SYSTEM_TOOLS\Module_Deployment_Tool\modules\deploy_ai_orchestration_layer_batch_V1.0.py
db,3,E:\football_v\00_SYSTEM_TOOLS\Module_Deployment_Tool\modules\deploy_ai_orchestration_layer_batch_V1.0.py
feature,3,E:\football_v\00_SYSTEM_TOOLS\Module_Deployment_Tool\modules\deploy_ai_orchestration_layer_batch_V1.0.py
elo,1,E:\football_v\00_SYSTEM_TOOLS\Module_Deployment_Tool\modules\deploy_ai_orchestration_layer_batch_V1.0.py
dixon,1,E:\football_v\00_SYSTEM_TOOLS\Module_Deployment_Tool\modules\deploy_ai_orchestration_layer_batch_V1.0.py
poisson,1,E:\football_v\00_SYSTEM_TOOLS\Module_Deployment_Tool\modules\deploy_ai_orchestration_layer_batch_V1.0.py
xgboost,1,E:\football_v\00_SYSTEM_TOOLS\Module_Deployment_Tool\modules\deploy_ai_orchestration_layer_batch_V1.0.py
model,7,E:\football_v\00_SYSTEM_TOOLS\Module_Deployment_Tool\modules\deploy_ai_orchestration_layer_batch_V1.0.py
predict,1,E:\football_v\00_SYSTEM_TOOLS\Module_Deployment_Tool\modules\deploy_ai_orchestration_layer_batch_V1.0.py
prediction,1,E:\football_v\00_SYSTEM_TOOLS\Module_Deployment_Tool\modules\deploy_ai_orchestration_layer_batch_V1.0.py
engine,3,E:\football_v\00_SYSTEM_TOOLS\Module_Deployment_Tool\modules\deploy_ai_orchestration_layer_batch_V1.0.py
pipeline,12,E:\football_v\00_SYSTEM_TOOLS\Module_Deployment_Tool\modules\deploy_ai_orchestration_layer_batch_V1.0.py
router,5,E:\football_v\00_SYSTEM_TOOLS\Module_Deployment_Tool\modules\deploy_ai_orchestration_layer_batch_V1.0.py
service,2,E:\football_v\00_SYSTEM_TOOLS\Module_Deployment_Tool\modules\deploy_ai_orchestration_layer_batch_V1.0.py
data,6,E:\football_v\00_SYSTEM_TOOLS\Module_Deployment_Tool\modules\deploy_ai_orchestration_layer_V1.0_V1.3.py
read,4,E:\football_v\00_SYSTEM_TOOLS\Module_Deployment_Tool\modules\deploy_ai_orchestration_layer_V1.0_V1.3.py
json,13,E:\football_v\00_SYSTEM_TOOLS\Module_Deployment_Tool\modules\deploy_ai_orchestration_layer_V1.0_V1.3.py
feature,1,E:\football_v\00_SYSTEM_TOOLS\Module_Deployment_Tool\modules\deploy_ai_orchestration_layer_V1.0_V1.3.py
elo,4,E:\football_v\00_SYSTEM_TOOLS\Module_Deployment_Tool\modules\deploy_ai_orchestration_layer_V1.0_V1.3.py
dixon,3,E:\football_v\00_SYSTEM_TOOLS\Module_Deployment_Tool\modules\deploy_ai_orchestration_layer_V1.0_V1.3.py
poisson,4,E:\football_v\00_SYSTEM_TOOLS\Module_Deployment_Tool\modules\deploy_ai_orchestration_layer_V1.0_V1.3.py
xgboost,3,E:\football_v\00_SYSTEM_TOOLS\Module_Deployment_Tool\modules\deploy_ai_orchestration_layer_V1.0_V1.3.py
model,22,E:\football_v\00_SYSTEM_TOOLS\Module_Deployment_Tool\modules\deploy_ai_orchestration_layer_V1.0_V1.3.py
predict,4,E:\football_v\00_SYSTEM_TOOLS\Module_Deployment_Tool\modules\deploy_ai_orchestration_layer_V1.0_V1.3.py
prediction,4,E:\football_v\00_SYSTEM_TOOLS\Module_Deployment_Tool\modules\deploy_ai_orchestration_layer_V1.0_V1.3.py
value,1,E:\football_v\00_SYSTEM_TOOLS\Module_Deployment_Tool\modules\deploy_ai_orchestration_layer_V1.0_V1.3.py
roi,5,E:\football_v\00_SYSTEM_TOOLS\Module_Deployment_Tool\modules\deploy_ai_orchestration_layer_V1.0_V1.3.py
engine,6,E:\football_v\00_SYSTEM_TOOLS\Module_Deployment_Tool\modules\deploy_ai_orchestration_layer_V1.0_V1.3.py
pipeline,9,E:\football_v\00_SYSTEM_TOOLS\Module_Deployment_Tool\modules\deploy_ai_orchestration_layer_V1.0_V1.3.py
router,4,E:\football_v\00_SYSTEM_TOOLS\Module_Deployment_Tool\modules\deploy_ai_orchestration_layer_V1.0_V1.3.py
data,6,E:\football_v\00_SYSTEM_TOOLS\Module_Deployment_Tool\modules\deploy_backtest_system_V1.0_V1.3.py
dataset,4,E:\football_v\00_SYSTEM_TOOLS\Module_Deployment_Tool\modules\deploy_backtest_system_V1.0_V1.3.py
load,9,E:\football_v\00_SYSTEM_TOOLS\Module_Deployment_Tool\modules\deploy_backtest_system_V1.0_V1.3.py
read,3,E:\football_v\00_SYSTEM_TOOLS\Module_Deployment_Tool\modules\deploy_backtest_system_V1.0_V1.3.py
json,11,E:\football_v\00_SYSTEM_TOOLS\Module_Deployment_Tool\modules\deploy_backtest_system_V1.0_V1.3.py
db,15,E:\football_v\00_SYSTEM_TOOLS\Module_Deployment_Tool\modules\deploy_backtest_system_V1.0_V1.3.py
feature,8,E:\football_v\00_SYSTEM_TOOLS\Module_Deployment_Tool\modules\deploy_backtest_system_V1.0_V1.3.py
form,3,E:\football_v\00_SYSTEM_TOOLS\Module_Deployment_Tool\modules\deploy_backtest_system_V1.0_V1.3.py
model,7,E:\football_v\00_SYSTEM_TOOLS\Module_Deployment_Tool\modules\deploy_backtest_system_V1.0_V1.3.py
fit,8,E:\football_v\00_SYSTEM_TOOLS\Module_Deployment_Tool\modules\deploy_backtest_system_V1.0_V1.3.py
predict,24,E:\football_v\00_SYSTEM_TOOLS\Module_Deployment_Tool\modules\deploy_backtest_system_V1.0_V1.3.py
prediction,22,E:\football_v\00_SYSTEM_TOOLS\Module_Deployment_Tool\modules\deploy_backtest_system_V1.0_V1.3.py
probability,3,E:\football_v\00_SYSTEM_TOOLS\Module_Deployment_Tool\modules\deploy_backtest_system_V1.0_V1.3.py
score,2,E:\football_v\00_SYSTEM_TOOLS\Module_Deployment_Tool\modules\deploy_backtest_system_V1.0_V1.3.py
ev,26,E:\football_v\00_SYSTEM_TOOLS\Module_Deployment_Tool\modules\deploy_backtest_system_V1.0_V1.3.py
roi,12,E:\football_v\00_SYSTEM_TOOLS\Module_Deployment_Tool\modules\deploy_backtest_system_V1.0_V1.3.py
bet,12,E:\football_v\00_SYSTEM_TOOLS\Module_Deployment_Tool\modules\deploy_backtest_system_V1.0_V1.3.py
stake,9,E:\football_v\00_SYSTEM_TOOLS\Module_Deployment_Tool\modules\deploy_backtest_system_V1.0_V1.3.py
engine,9,E:\football_v\00_SYSTEM_TOOLS\Module_Deployment_Tool\modules\deploy_backtest_system_V1.0_V1.3.py
data,3,E:\football_v\00_SYSTEM_TOOLS\Module_Deployment_Tool\modules\deploy_data_intelligence_checkpoint_V1.0.py
json,4,E:\football_v\00_SYSTEM_TOOLS\Module_Deployment_Tool\modules\deploy_data_intelligence_checkpoint_V1.0.py
feature,2,E:\football_v\00_SYSTEM_TOOLS\Module_Deployment_Tool\modules\deploy_data_intelligence_checkpoint_V1.0.py
form,1,E:\football_v\00_SYSTEM_TOOLS\Module_Deployment_Tool\modules\deploy_data_intelligence_checkpoint_V1.0.py
elo,1,E:\football_v\00_SYSTEM_TOOLS\Module_Deployment_Tool\modules\deploy_data_intelligence_checkpoint_V1.0.py
dixon,1,E:\football_v\00_SYSTEM_TOOLS\Module_Deployment_Tool\modules\deploy_data_intelligence_checkpoint_V1.0.py
poisson,1,E:\football_v\00_SYSTEM_TOOLS\Module_Deployment_Tool\modules\deploy_data_intelligence_checkpoint_V1.0.py
xgboost,1,E:\football_v\00_SYSTEM_TOOLS\Module_Deployment_Tool\modules\deploy_data_intelligence_checkpoint_V1.0.py
model,1,E:\football_v\00_SYSTEM_TOOLS\Module_Deployment_Tool\modules\deploy_data_intelligence_checkpoint_V1.0.py
engine,5,E:\football_v\00_SYSTEM_TOOLS\Module_Deployment_Tool\modules\deploy_data_intelligence_checkpoint_V1.0.py
service,1,E:\football_v\00_SYSTEM_TOOLS\Module_Deployment_Tool\modules\deploy_data_intelligence_checkpoint_V1.0.py
data,18,E:\football_v\00_SYSTEM_TOOLS\Module_Deployment_Tool\modules\deploy_data_intelligence_engine_V1.0.py
read,1,E:\football_v\00_SYSTEM_TOOLS\Module_Deployment_Tool\modules\deploy_data_intelligence_engine_V1.0.py
json,6,E:\football_v\00_SYSTEM_TOOLS\Module_Deployment_Tool\modules\deploy_data_intelligence_engine_V1.0.py
feature,9,E:\football_v\00_SYSTEM_TOOLS\Module_Deployment_Tool\modules\deploy_data_intelligence_engine_V1.0.py
strength,3,E:\football_v\00_SYSTEM_TOOLS\Module_Deployment_Tool\modules\deploy_data_intelligence_engine_V1.0.py
elo,4,E:\football_v\00_SYSTEM_TOOLS\Module_Deployment_Tool\modules\deploy_data_intelligence_engine_V1.0.py
dixon,3,E:\football_v\00_SYSTEM_TOOLS\Module_Deployment_Tool\modules\deploy_data_intelligence_engine_V1.0.py
poisson,3,E:\football_v\00_SYSTEM_TOOLS\Module_Deployment_Tool\modules\deploy_data_intelligence_engine_V1.0.py
xgboost,4,E:\football_v\00_SYSTEM_TOOLS\Module_Deployment_Tool\modules\deploy_data_intelligence_engine_V1.0.py
model,14,E:\football_v\00_SYSTEM_TOOLS\Module_Deployment_Tool\modules\deploy_data_intelligence_engine_V1.0.py
engine,9,E:\football_v\00_SYSTEM_TOOLS\Module_Deployment_Tool\modules\deploy_data_intelligence_engine_V1.0.py
router,3,E:\football_v\00_SYSTEM_TOOLS\Module_Deployment_Tool\modules\deploy_data_intelligence_engine_V1.0.py
service,6,E:\football_v\00_SYSTEM_TOOLS\Module_Deployment_Tool\modules\deploy_data_intelligence_engine_V1.0.py
data,10,E:\football_v\00_SYSTEM_TOOLS\Module_Deployment_Tool\modules\deploy_data_intelligence_test_V1.0.py
load,4,E:\football_v\00_SYSTEM_TOOLS\Module_Deployment_Tool\modules\deploy_data_intelligence_test_V1.0.py
read,1,E:\football_v\00_SYSTEM_TOOLS\Module_Deployment_Tool\modules\deploy_data_intelligence_test_V1.0.py
json,6,E:\football_v\00_SYSTEM_TOOLS\Module_Deployment_Tool\modules\deploy_data_intelligence_test_V1.0.py
form,1,E:\football_v\00_SYSTEM_TOOLS\Module_Deployment_Tool\modules\deploy_data_intelligence_test_V1.0.py
strength,1,E:\football_v\00_SYSTEM_TOOLS\Module_Deployment_Tool\modules\deploy_data_intelligence_test_V1.0.py
elo,1,E:\football_v\00_SYSTEM_TOOLS\Module_Deployment_Tool\modules\deploy_data_intelligence_test_V1.0.py
dixon,1,E:\football_v\00_SYSTEM_TOOLS\Module_Deployment_Tool\modules\deploy_data_intelligence_test_V1.0.py
poisson,1,E:\football_v\00_SYSTEM_TOOLS\Module_Deployment_Tool\modules\deploy_data_intelligence_test_V1.0.py
xgboost,1,E:\football_v\00_SYSTEM_TOOLS\Module_Deployment_Tool\modules\deploy_data_intelligence_test_V1.0.py
model,19,E:\football_v\00_SYSTEM_TOOLS\Module_Deployment_Tool\modules\deploy_data_intelligence_test_V1.0.py
engine,10,E:\football_v\00_SYSTEM_TOOLS\Module_Deployment_Tool\modules\deploy_data_intelligence_test_V1.0.py
router,9,E:\football_v\00_SYSTEM_TOOLS\Module_Deployment_Tool\modules\deploy_data_intelligence_test_V1.0.py
service,1,E:\football_v\00_SYSTEM_TOOLS\Module_Deployment_Tool\modules\deploy_data_intelligence_test_V1.0.py
data,2,E:\football_v\00_SYSTEM_TOOLS\Module_Deployment_Tool\modules\deploy_decision_engine_V1.0_V1.3.py
read,3,E:\football_v\00_SYSTEM_TOOLS\Module_Deployment_Tool\modules\deploy_decision_engine_V1.0_V1.3.py
json,11,E:\football_v\00_SYSTEM_TOOLS\Module_Deployment_Tool\modules\deploy_decision_engine_V1.0_V1.3.py
feature,1,E:\football_v\00_SYSTEM_TOOLS\Module_Deployment_Tool\modules\deploy_decision_engine_V1.0_V1.3.py
model,5,E:\football_v\00_SYSTEM_TOOLS\Module_Deployment_Tool\modules\deploy_decision_engine_V1.0_V1.3.py
fit,2,E:\football_v\00_SYSTEM_TOOLS\Module_Deployment_Tool\modules\deploy_decision_engine_V1.0_V1.3.py
predict,4,E:\football_v\00_SYSTEM_TOOLS\Module_Deployment_Tool\modules\deploy_decision_engine_V1.0_V1.3.py
prediction,4,E:\football_v\00_SYSTEM_TOOLS\Module_Deployment_Tool\modules\deploy_decision_engine_V1.0_V1.3.py
probability,17,E:\football_v\00_SYSTEM_TOOLS\Module_Deployment_Tool\modules\deploy_decision_engine_V1.0_V1.3.py
market,4,E:\football_v\00_SYSTEM_TOOLS\Module_Deployment_Tool\modules\deploy_decision_engine_V1.0_V1.3.py
value,31,E:\football_v\00_SYSTEM_TOOLS\Module_Deployment_Tool\modules\deploy_decision_engine_V1.0_V1.3.py
ev,6,E:\football_v\00_SYSTEM_TOOLS\Module_Deployment_Tool\modules\deploy_decision_engine_V1.0_V1.3.py
bet,9,E:\football_v\00_SYSTEM_TOOLS\Module_Deployment_Tool\modules\deploy_decision_engine_V1.0_V1.3.py
stake,9,E:\football_v\00_SYSTEM_TOOLS\Module_Deployment_Tool\modules\deploy_decision_engine_V1.0_V1.3.py
bankroll,16,E:\football_v\00_SYSTEM_TOOLS\Module_Deployment_Tool\modules\deploy_decision_engine_V1.0_V1.3.py
engine,58,E:\football_v\00_SYSTEM_TOOLS\Module_Deployment_Tool\modules\deploy_decision_engine_V1.0_V1.3.py
runtime,4,E:\football_v\00_SYSTEM_TOOLS\Module_Deployment_Tool\modules\deploy_decision_engine_V1.0_V1.3.py
data,1,E:\football_v\00_SYSTEM_TOOLS\Module_Deployment_Tool\modules\deploy_dynamic_feature_weight_checkpoint_V1.0.py
json,4,E:\football_v\00_SYSTEM_TOOLS\Module_Deployment_Tool\modules\deploy_dynamic_feature_weight_checkpoint_V1.0.py
feature,3,E:\football_v\00_SYSTEM_TOOLS\Module_Deployment_Tool\modules\deploy_dynamic_feature_weight_checkpoint_V1.0.py
elo,1,E:\football_v\00_SYSTEM_TOOLS\Module_Deployment_Tool\modules\deploy_dynamic_feature_weight_checkpoint_V1.0.py
dixon,1,E:\football_v\00_SYSTEM_TOOLS\Module_Deployment_Tool\modules\deploy_dynamic_feature_weight_checkpoint_V1.0.py
poisson,1,E:\football_v\00_SYSTEM_TOOLS\Module_Deployment_Tool\modules\deploy_dynamic_feature_weight_checkpoint_V1.0.py
xgboost,1,E:\football_v\00_SYSTEM_TOOLS\Module_Deployment_Tool\modules\deploy_dynamic_feature_weight_checkpoint_V1.0.py
model,3,E:\football_v\00_SYSTEM_TOOLS\Module_Deployment_Tool\modules\deploy_dynamic_feature_weight_checkpoint_V1.0.py
engine,2,E:\football_v\00_SYSTEM_TOOLS\Module_Deployment_Tool\modules\deploy_dynamic_feature_weight_checkpoint_V1.0.py
data,2,E:\football_v\00_SYSTEM_TOOLS\Module_Deployment_Tool\modules\deploy_dynamic_feature_weight_engine_V1.0.py
json,5,E:\football_v\00_SYSTEM_TOOLS\Module_Deployment_Tool\modules\deploy_dynamic_feature_weight_engine_V1.0.py
feature,9,E:\football_v\00_SYSTEM_TOOLS\Module_Deployment_Tool\modules\deploy_dynamic_feature_weight_engine_V1.0.py
elo,3,E:\football_v\00_SYSTEM_TOOLS\Module_Deployment_Tool\modules\deploy_dynamic_feature_weight_engine_V1.0.py
dixon,3,E:\football_v\00_SYSTEM_TOOLS\Module_Deployment_Tool\modules\deploy_dynamic_feature_weight_engine_V1.0.py
poisson,3,E:\football_v\00_SYSTEM_TOOLS\Module_Deployment_Tool\modules\deploy_dynamic_feature_weight_engine_V1.0.py
xgboost,3,E:\football_v\00_SYSTEM_TOOLS\Module_Deployment_Tool\modules\deploy_dynamic_feature_weight_engine_V1.0.py
model,9,E:\football_v\00_SYSTEM_TOOLS\Module_Deployment_Tool\modules\deploy_dynamic_feature_weight_engine_V1.0.py
engine,7,E:\football_v\00_SYSTEM_TOOLS\Module_Deployment_Tool\modules\deploy_dynamic_feature_weight_engine_V1.0.py
service,1,E:\football_v\00_SYSTEM_TOOLS\Module_Deployment_Tool\modules\deploy_dynamic_feature_weight_engine_V1.0.py
data,2,E:\football_v\00_SYSTEM_TOOLS\Module_Deployment_Tool\modules\deploy_dynamic_feature_weight_test_V1.0.py
load,3,E:\football_v\00_SYSTEM_TOOLS\Module_Deployment_Tool\modules\deploy_dynamic_feature_weight_test_V1.0.py
read,1,E:\football_v\00_SYSTEM_TOOLS\Module_Deployment_Tool\modules\deploy_dynamic_feature_weight_test_V1.0.py
json,4,E:\football_v\00_SYSTEM_TOOLS\Module_Deployment_Tool\modules\deploy_dynamic_feature_weight_test_V1.0.py
feature,3,E:\football_v\00_SYSTEM_TOOLS\Module_Deployment_Tool\modules\deploy_dynamic_feature_weight_test_V1.0.py
form,1,E:\football_v\00_SYSTEM_TOOLS\Module_Deployment_Tool\modules\deploy_dynamic_feature_weight_test_V1.0.py
elo,2,E:\football_v\00_SYSTEM_TOOLS\Module_Deployment_Tool\modules\deploy_dynamic_feature_weight_test_V1.0.py
dixon,2,E:\football_v\00_SYSTEM_TOOLS\Module_Deployment_Tool\modules\deploy_dynamic_feature_weight_test_V1.0.py
poisson,2,E:\football_v\00_SYSTEM_TOOLS\Module_Deployment_Tool\modules\deploy_dynamic_feature_weight_test_V1.0.py
xgboost,2,E:\football_v\00_SYSTEM_TOOLS\Module_Deployment_Tool\modules\deploy_dynamic_feature_weight_test_V1.0.py
model,25,E:\football_v\00_SYSTEM_TOOLS\Module_Deployment_Tool\modules\deploy_dynamic_feature_weight_test_V1.0.py
engine,11,E:\football_v\00_SYSTEM_TOOLS\Module_Deployment_Tool\modules\deploy_dynamic_feature_weight_test_V1.0.py
service,1,E:\football_v\00_SYSTEM_TOOLS\Module_Deployment_Tool\modules\deploy_dynamic_feature_weight_test_V1.0.py
data,1,E:\football_v\00_SYSTEM_TOOLS\Module_Deployment_Tool\modules\deploy_feature_store_adapter_V1.0.py
load,2,E:\football_v\00_SYSTEM_TOOLS\Module_Deployment_Tool\modules\deploy_feature_store_adapter_V1.0.py
json,3,E:\football_v\00_SYSTEM_TOOLS\Module_Deployment_Tool\modules\deploy_feature_store_adapter_V1.0.py
feature,15,E:\football_v\00_SYSTEM_TOOLS\Module_Deployment_Tool\modules\deploy_feature_store_adapter_V1.0.py
form,10,E:\football_v\00_SYSTEM_TOOLS\Module_Deployment_Tool\modules\deploy_feature_store_adapter_V1.0.py
strength,2,E:\football_v\00_SYSTEM_TOOLS\Module_Deployment_Tool\modules\deploy_feature_store_adapter_V1.0.py
elo,6,E:\football_v\00_SYSTEM_TOOLS\Module_Deployment_Tool\modules\deploy_feature_store_adapter_V1.0.py
dixon,6,E:\football_v\00_SYSTEM_TOOLS\Module_Deployment_Tool\modules\deploy_feature_store_adapter_V1.0.py
poisson,6,E:\football_v\00_SYSTEM_TOOLS\Module_Deployment_Tool\modules\deploy_feature_store_adapter_V1.0.py
xgboost,6,E:\football_v\00_SYSTEM_TOOLS\Module_Deployment_Tool\modules\deploy_feature_store_adapter_V1.0.py
model,8,E:\football_v\00_SYSTEM_TOOLS\Module_Deployment_Tool\modules\deploy_feature_store_adapter_V1.0.py
data,3,E:\football_v\00_SYSTEM_TOOLS\Module_Deployment_Tool\modules\deploy_feature_store_core_V1.0.py
load,11,E:\football_v\00_SYSTEM_TOOLS\Module_Deployment_Tool\modules\deploy_feature_store_core_V1.0.py
read,1,E:\football_v\00_SYSTEM_TOOLS\Module_Deployment_Tool\modules\deploy_feature_store_core_V1.0.py
json,9,E:\football_v\00_SYSTEM_TOOLS\Module_Deployment_Tool\modules\deploy_feature_store_core_V1.0.py
feature,29,E:\football_v\00_SYSTEM_TOOLS\Module_Deployment_Tool\modules\deploy_feature_store_core_V1.0.py
form,1,E:\football_v\00_SYSTEM_TOOLS\Module_Deployment_Tool\modules\deploy_feature_store_core_V1.0.py
strength,2,E:\football_v\00_SYSTEM_TOOLS\Module_Deployment_Tool\modules\deploy_feature_store_core_V1.0.py
elo,4,E:\football_v\00_SYSTEM_TOOLS\Module_Deployment_Tool\modules\deploy_feature_store_core_V1.0.py
dixon,1,E:\football_v\00_SYSTEM_TOOLS\Module_Deployment_Tool\modules\deploy_feature_store_core_V1.0.py
poisson,1,E:\football_v\00_SYSTEM_TOOLS\Module_Deployment_Tool\modules\deploy_feature_store_core_V1.0.py
xgboost,1,E:\football_v\00_SYSTEM_TOOLS\Module_Deployment_Tool\modules\deploy_feature_store_core_V1.0.py
model,1,E:\football_v\00_SYSTEM_TOOLS\Module_Deployment_Tool\modules\deploy_feature_store_core_V1.0.py
market,1,E:\football_v\00_SYSTEM_TOOLS\Module_Deployment_Tool\modules\deploy_feature_store_core_V1.0.py
service,6,E:\football_v\00_SYSTEM_TOOLS\Module_Deployment_Tool\modules\deploy_feature_store_core_V1.0.py
data,5,E:\football_v\00_SYSTEM_TOOLS\Module_Deployment_Tool\modules\deploy_feature_store_V1.0.py
load,13,E:\football_v\00_SYSTEM_TOOLS\Module_Deployment_Tool\modules\deploy_feature_store_V1.0.py
read,1,E:\football_v\00_SYSTEM_TOOLS\Module_Deployment_Tool\modules\deploy_feature_store_V1.0.py
json,17,E:\football_v\00_SYSTEM_TOOLS\Module_Deployment_Tool\modules\deploy_feature_store_V1.0.py
feature,41,E:\football_v\00_SYSTEM_TOOLS\Module_Deployment_Tool\modules\deploy_feature_store_V1.0.py
form,1,E:\football_v\00_SYSTEM_TOOLS\Module_Deployment_Tool\modules\deploy_feature_store_V1.0.py
strength,4,E:\football_v\00_SYSTEM_TOOLS\Module_Deployment_Tool\modules\deploy_feature_store_V1.0.py
elo,3,E:\football_v\00_SYSTEM_TOOLS\Module_Deployment_Tool\modules\deploy_feature_store_V1.0.py
dixon,2,E:\football_v\00_SYSTEM_TOOLS\Module_Deployment_Tool\modules\deploy_feature_store_V1.0.py
poisson,2,E:\football_v\00_SYSTEM_TOOLS\Module_Deployment_Tool\modules\deploy_feature_store_V1.0.py
xgboost,2,E:\football_v\00_SYSTEM_TOOLS\Module_Deployment_Tool\modules\deploy_feature_store_V1.0.py
model,3,E:\football_v\00_SYSTEM_TOOLS\Module_Deployment_Tool\modules\deploy_feature_store_V1.0.py
market,1,E:\football_v\00_SYSTEM_TOOLS\Module_Deployment_Tool\modules\deploy_feature_store_V1.0.py
service,4,E:\football_v\00_SYSTEM_TOOLS\Module_Deployment_Tool\modules\deploy_feature_store_V1.0.py
data,31,E:\football_v\00_SYSTEM_TOOLS\Module_Deployment_Tool\modules\deploy_feature_store_V1.1.py
dataset,10,E:\football_v\00_SYSTEM_TOOLS\Module_Deployment_Tool\modules\deploy_feature_store_V1.1.py
json,9,E:\football_v\00_SYSTEM_TOOLS\Module_Deployment_Tool\modules\deploy_feature_store_V1.1.py
database,13,E:\football_v\00_SYSTEM_TOOLS\Module_Deployment_Tool\modules\deploy_feature_store_V1.1.py
sqlite,2,E:\football_v\00_SYSTEM_TOOLS\Module_Deployment_Tool\modules\deploy_feature_store_V1.1.py
db,5,E:\football_v\00_SYSTEM_TOOLS\Module_Deployment_Tool\modules\deploy_feature_store_V1.1.py
feature,36,E:\football_v\00_SYSTEM_TOOLS\Module_Deployment_Tool\modules\deploy_feature_store_V1.1.py
elo,3,E:\football_v\00_SYSTEM_TOOLS\Module_Deployment_Tool\modules\deploy_feature_store_V1.1.py
score,2,E:\football_v\00_SYSTEM_TOOLS\Module_Deployment_Tool\modules\deploy_feature_store_V1.1.py
ev,6,E:\football_v\00_SYSTEM_TOOLS\Module_Deployment_Tool\modules\deploy_feature_store_V1.1.py
pipeline,5,E:\football_v\00_SYSTEM_TOOLS\Module_Deployment_Tool\modules\deploy_feature_store_V1.1.py
data,41,E:\football_v\00_SYSTEM_TOOLS\Module_Deployment_Tool\modules\deploy_feature_store_V1.2.py
dataset,10,E:\football_v\00_SYSTEM_TOOLS\Module_Deployment_Tool\modules\deploy_feature_store_V1.2.py
load,11,E:\football_v\00_SYSTEM_TOOLS\Module_Deployment_Tool\modules\deploy_feature_store_V1.2.py
read,5,E:\football_v\00_SYSTEM_TOOLS\Module_Deployment_Tool\modules\deploy_feature_store_V1.2.py
json,11,E:\football_v\00_SYSTEM_TOOLS\Module_Deployment_Tool\modules\deploy_feature_store_V1.2.py
database,14,E:\football_v\00_SYSTEM_TOOLS\Module_Deployment_Tool\modules\deploy_feature_store_V1.2.py
sqlite,2,E:\football_v\00_SYSTEM_TOOLS\Module_Deployment_Tool\modules\deploy_feature_store_V1.2.py
feature,38,E:\football_v\00_SYSTEM_TOOLS\Module_Deployment_Tool\modules\deploy_feature_store_V1.2.py
elo,2,E:\football_v\00_SYSTEM_TOOLS\Module_Deployment_Tool\modules\deploy_feature_store_V1.2.py
score,4,E:\football_v\00_SYSTEM_TOOLS\Module_Deployment_Tool\modules\deploy_feature_store_V1.2.py
ev,2,E:\football_v\00_SYSTEM_TOOLS\Module_Deployment_Tool\modules\deploy_feature_store_V1.2.py
runtime,2,E:\football_v\00_SYSTEM_TOOLS\Module_Deployment_Tool\modules\deploy_feature_store_V1.2.py
pipeline,5,E:\football_v\00_SYSTEM_TOOLS\Module_Deployment_Tool\modules\deploy_feature_store_V1.2.py
data,29,E:\football_v\00_SYSTEM_TOOLS\Module_Deployment_Tool\modules\deploy_feature_store_V1.3.py
dataset,4,E:\football_v\00_SYSTEM_TOOLS\Module_Deployment_Tool\modules\deploy_feature_store_V1.3.py
read,1,E:\football_v\00_SYSTEM_TOOLS\Module_Deployment_Tool\modules\deploy_feature_store_V1.3.py
json,11,E:\football_v\00_SYSTEM_TOOLS\Module_Deployment_Tool\modules\deploy_feature_store_V1.3.py
database,18,E:\football_v\00_SYSTEM_TOOLS\Module_Deployment_Tool\modules\deploy_feature_store_V1.3.py
sqlite,2,E:\football_v\00_SYSTEM_TOOLS\Module_Deployment_Tool\modules\deploy_feature_store_V1.3.py
query,4,E:\football_v\00_SYSTEM_TOOLS\Module_Deployment_Tool\modules\deploy_feature_store_V1.3.py
feature,33,E:\football_v\00_SYSTEM_TOOLS\Module_Deployment_Tool\modules\deploy_feature_store_V1.3.py
elo,2,E:\football_v\00_SYSTEM_TOOLS\Module_Deployment_Tool\modules\deploy_feature_store_V1.3.py
score,2,E:\football_v\00_SYSTEM_TOOLS\Module_Deployment_Tool\modules\deploy_feature_store_V1.3.py
value,2,E:\football_v\00_SYSTEM_TOOLS\Module_Deployment_Tool\modules\deploy_feature_store_V1.3.py
ev,2,E:\football_v\00_SYSTEM_TOOLS\Module_Deployment_Tool\modules\deploy_feature_store_V1.3.py
engine,4,E:\football_v\00_SYSTEM_TOOLS\Module_Deployment_Tool\modules\deploy_feature_store_V1.3.py
service,5,E:\football_v\00_SYSTEM_TOOLS\Module_Deployment_Tool\modules\deploy_feature_store_V1.3.py
data,34,E:\football_v\00_SYSTEM_TOOLS\Module_Deployment_Tool\modules\deploy_feature_store_V1.4.py
dataset,14,E:\football_v\00_SYSTEM_TOOLS\Module_Deployment_Tool\modules\deploy_feature_store_V1.4.py
load,1,E:\football_v\00_SYSTEM_TOOLS\Module_Deployment_Tool\modules\deploy_feature_store_V1.4.py
read,7,E:\football_v\00_SYSTEM_TOOLS\Module_Deployment_Tool\modules\deploy_feature_store_V1.4.py
json,16,E:\football_v\00_SYSTEM_TOOLS\Module_Deployment_Tool\modules\deploy_feature_store_V1.4.py
database,12,E:\football_v\00_SYSTEM_TOOLS\Module_Deployment_Tool\modules\deploy_feature_store_V1.4.py
feature,39,E:\football_v\00_SYSTEM_TOOLS\Module_Deployment_Tool\modules\deploy_feature_store_V1.4.py
elo,9,E:\football_v\00_SYSTEM_TOOLS\Module_Deployment_Tool\modules\deploy_feature_store_V1.4.py
score,8,E:\football_v\00_SYSTEM_TOOLS\Module_Deployment_Tool\modules\deploy_feature_store_V1.4.py
ev,9,E:\football_v\00_SYSTEM_TOOLS\Module_Deployment_Tool\modules\deploy_feature_store_V1.4.py
runtime,1,E:\football_v\00_SYSTEM_TOOLS\Module_Deployment_Tool\modules\deploy_feature_store_V1.4.py
data,29,E:\football_v\00_SYSTEM_TOOLS\Module_Deployment_Tool\modules\deploy_feature_store_V1.5.py
dataset,18,E:\football_v\00_SYSTEM_TOOLS\Module_Deployment_Tool\modules\deploy_feature_store_V1.5.py
read,1,E:\football_v\00_SYSTEM_TOOLS\Module_Deployment_Tool\modules\deploy_feature_store_V1.5.py
json,9,E:\football_v\00_SYSTEM_TOOLS\Module_Deployment_Tool\modules\deploy_feature_store_V1.5.py
feature,39,E:\football_v\00_SYSTEM_TOOLS\Module_Deployment_Tool\modules\deploy_feature_store_V1.5.py
elo,2,E:\football_v\00_SYSTEM_TOOLS\Module_Deployment_Tool\modules\deploy_feature_store_V1.5.py
dixon,1,E:\football_v\00_SYSTEM_TOOLS\Module_Deployment_Tool\modules\deploy_feature_store_V1.5.py
poisson,2,E:\football_v\00_SYSTEM_TOOLS\Module_Deployment_Tool\modules\deploy_feature_store_V1.5.py
xgboost,1,E:\football_v\00_SYSTEM_TOOLS\Module_Deployment_Tool\modules\deploy_feature_store_V1.5.py
model,4,E:\football_v\00_SYSTEM_TOOLS\Module_Deployment_Tool\modules\deploy_feature_store_V1.5.py
probability,9,E:\football_v\00_SYSTEM_TOOLS\Module_Deployment_Tool\modules\deploy_feature_store_V1.5.py
score,14,E:\football_v\00_SYSTEM_TOOLS\Module_Deployment_Tool\modules\deploy_feature_store_V1.5.py
data,16,E:\football_v\00_SYSTEM_TOOLS\Module_Deployment_Tool\modules\deploy_feature_store_V1.6.py
read,6,E:\football_v\00_SYSTEM_TOOLS\Module_Deployment_Tool\modules\deploy_feature_store_V1.6.py
json,7,E:\football_v\00_SYSTEM_TOOLS\Module_Deployment_Tool\modules\deploy_feature_store_V1.6.py
feature,50,E:\football_v\00_SYSTEM_TOOLS\Module_Deployment_Tool\modules\deploy_feature_store_V1.6.py
strength,4,E:\football_v\00_SYSTEM_TOOLS\Module_Deployment_Tool\modules\deploy_feature_store_V1.6.py
elo,11,E:\football_v\00_SYSTEM_TOOLS\Module_Deployment_Tool\modules\deploy_feature_store_V1.6.py
dixon,7,E:\football_v\00_SYSTEM_TOOLS\Module_Deployment_Tool\modules\deploy_feature_store_V1.6.py
poisson,7,E:\football_v\00_SYSTEM_TOOLS\Module_Deployment_Tool\modules\deploy_feature_store_V1.6.py
xgboost,6,E:\football_v\00_SYSTEM_TOOLS\Module_Deployment_Tool\modules\deploy_feature_store_V1.6.py
model,12,E:\football_v\00_SYSTEM_TOOLS\Module_Deployment_Tool\modules\deploy_feature_store_V1.6.py
data,18,E:\football_v\00_SYSTEM_TOOLS\Module_Deployment_Tool\modules\deploy_feature_store_V1.7.py
dataset,5,E:\football_v\00_SYSTEM_TOOLS\Module_Deployment_Tool\modules\deploy_feature_store_V1.7.py
read,1,E:\football_v\00_SYSTEM_TOOLS\Module_Deployment_Tool\modules\deploy_feature_store_V1.7.py
json,9,E:\football_v\00_SYSTEM_TOOLS\Module_Deployment_Tool\modules\deploy_feature_store_V1.7.py
database,5,E:\football_v\00_SYSTEM_TOOLS\Module_Deployment_Tool\modules\deploy_feature_store_V1.7.py
feature,18,E:\football_v\00_SYSTEM_TOOLS\Module_Deployment_Tool\modules\deploy_feature_store_V1.7.py
elo,6,E:\football_v\00_SYSTEM_TOOLS\Module_Deployment_Tool\modules\deploy_feature_store_V1.7.py
ev,6,E:\football_v\00_SYSTEM_TOOLS\Module_Deployment_Tool\modules\deploy_feature_store_V1.7.py
service,4,E:\football_v\00_SYSTEM_TOOLS\Module_Deployment_Tool\modules\deploy_feature_store_V1.7.py
data,36,E:\football_v\00_SYSTEM_TOOLS\Module_Deployment_Tool\modules\deploy_feature_store_V1.8.py
dataset,33,E:\football_v\00_SYSTEM_TOOLS\Module_Deployment_Tool\modules\deploy_feature_store_V1.8.py
read,1,E:\football_v\00_SYSTEM_TOOLS\Module_Deployment_Tool\modules\deploy_feature_store_V1.8.py
json,11,E:\football_v\00_SYSTEM_TOOLS\Module_Deployment_Tool\modules\deploy_feature_store_V1.8.py
feature,22,E:\football_v\00_SYSTEM_TOOLS\Module_Deployment_Tool\modules\deploy_feature_store_V1.8.py
elo,1,E:\football_v\00_SYSTEM_TOOLS\Module_Deployment_Tool\modules\deploy_feature_store_V1.8.py
model,4,E:\football_v\00_SYSTEM_TOOLS\Module_Deployment_Tool\modules\deploy_feature_store_V1.8.py
train,17,E:\football_v\00_SYSTEM_TOOLS\Module_Deployment_Tool\modules\deploy_feature_store_V1.8.py
ev,1,E:\football_v\00_SYSTEM_TOOLS\Module_Deployment_Tool\modules\deploy_feature_store_V1.8.py
pipeline,2,E:\football_v\00_SYSTEM_TOOLS\Module_Deployment_Tool\modules\deploy_feature_store_V1.8.py
data,4,E:\football_v\00_SYSTEM_TOOLS\Module_Deployment_Tool\modules\deploy_feature_store_V1.9.py
read,2,E:\football_v\00_SYSTEM_TOOLS\Module_Deployment_Tool\modules\deploy_feature_store_V1.9.py
json,9,E:\football_v\00_SYSTEM_TOOLS\Module_Deployment_Tool\modules\deploy_feature_store_V1.9.py
feature,51,E:\football_v\00_SYSTEM_TOOLS\Module_Deployment_Tool\modules\deploy_feature_store_V1.9.py
history,13,E:\football_v\00_SYSTEM_TOOLS\Module_Deployment_Tool\modules\deploy_feature_store_V1.9.py
form,8,E:\football_v\00_SYSTEM_TOOLS\Module_Deployment_Tool\modules\deploy_feature_store_V1.9.py
elo,10,E:\football_v\00_SYSTEM_TOOLS\Module_Deployment_Tool\modules\deploy_feature_store_V1.9.py
ev,1,E:\football_v\00_SYSTEM_TOOLS\Module_Deployment_Tool\modules\deploy_feature_store_V1.9.py
engine,15,E:\football_v\00_SYSTEM_TOOLS\Module_Deployment_Tool\modules\deploy_feature_store_V1.9.py
data,18,E:\football_v\00_SYSTEM_TOOLS\Module_Deployment_Tool\modules\deploy_feature_store_V2.0.py
dataset,3,E:\football_v\00_SYSTEM_TOOLS\Module_Deployment_Tool\modules\deploy_feature_store_V2.0.py
load,1,E:\football_v\00_SYSTEM_TOOLS\Module_Deployment_Tool\modules\deploy_feature_store_V2.0.py
read,1,E:\football_v\00_SYSTEM_TOOLS\Module_Deployment_Tool\modules\deploy_feature_store_V2.0.py
json,11,E:\football_v\00_SYSTEM_TOOLS\Module_Deployment_Tool\modules\deploy_feature_store_V2.0.py
database,12,E:\football_v\00_SYSTEM_TOOLS\Module_Deployment_Tool\modules\deploy_feature_store_V2.0.py
db,1,E:\football_v\00_SYSTEM_TOOLS\Module_Deployment_Tool\modules\deploy_feature_store_V2.0.py
query,9,E:\football_v\00_SYSTEM_TOOLS\Module_Deployment_Tool\modules\deploy_feature_store_V2.0.py
feature,50,E:\football_v\00_SYSTEM_TOOLS\Module_Deployment_Tool\modules\deploy_feature_store_V2.0.py
history,4,E:\football_v\00_SYSTEM_TOOLS\Module_Deployment_Tool\modules\deploy_feature_store_V2.0.py
form,1,E:\football_v\00_SYSTEM_TOOLS\Module_Deployment_Tool\modules\deploy_feature_store_V2.0.py
elo,1,E:\football_v\00_SYSTEM_TOOLS\Module_Deployment_Tool\modules\deploy_feature_store_V2.0.py
model,1,E:\football_v\00_SYSTEM_TOOLS\Module_Deployment_Tool\modules\deploy_feature_store_V2.0.py
service,6,E:\football_v\00_SYSTEM_TOOLS\Module_Deployment_Tool\modules\deploy_feature_store_V2.0.py
data,30,E:\football_v\00_SYSTEM_TOOLS\Module_Deployment_Tool\modules\deploy_feature_store_V2.1.py
read,3,E:\football_v\00_SYSTEM_TOOLS\Module_Deployment_Tool\modules\deploy_feature_store_V2.1.py
json,13,E:\football_v\00_SYSTEM_TOOLS\Module_Deployment_Tool\modules\deploy_feature_store_V2.1.py
database,24,E:\football_v\00_SYSTEM_TOOLS\Module_Deployment_Tool\modules\deploy_feature_store_V2.1.py
feature,39,E:\football_v\00_SYSTEM_TOOLS\Module_Deployment_Tool\modules\deploy_feature_store_V2.1.py
history,8,E:\football_v\00_SYSTEM_TOOLS\Module_Deployment_Tool\modules\deploy_feature_store_V2.1.py
form,3,E:\football_v\00_SYSTEM_TOOLS\Module_Deployment_Tool\modules\deploy_feature_store_V2.1.py
elo,4,E:\football_v\00_SYSTEM_TOOLS\Module_Deployment_Tool\modules\deploy_feature_store_V2.1.py
model,2,E:\football_v\00_SYSTEM_TOOLS\Module_Deployment_Tool\modules\deploy_feature_store_V2.1.py
value,1,E:\football_v\00_SYSTEM_TOOLS\Module_Deployment_Tool\modules\deploy_feature_store_V2.1.py
data,25,E:\football_v\00_SYSTEM_TOOLS\Module_Deployment_Tool\modules\deploy_feature_store_V2.2.py
read,2,E:\football_v\00_SYSTEM_TOOLS\Module_Deployment_Tool\modules\deploy_feature_store_V2.2.py
json,11,E:\football_v\00_SYSTEM_TOOLS\Module_Deployment_Tool\modules\deploy_feature_store_V2.2.py
database,20,E:\football_v\00_SYSTEM_TOOLS\Module_Deployment_Tool\modules\deploy_feature_store_V2.2.py
query,1,E:\football_v\00_SYSTEM_TOOLS\Module_Deployment_Tool\modules\deploy_feature_store_V2.2.py
feature,37,E:\football_v\00_SYSTEM_TOOLS\Module_Deployment_Tool\modules\deploy_feature_store_V2.2.py
runtime,6,E:\football_v\00_SYSTEM_TOOLS\Module_Deployment_Tool\modules\deploy_feature_store_V2.2.py
service,5,E:\football_v\00_SYSTEM_TOOLS\Module_Deployment_Tool\modules\deploy_feature_store_V2.2.py
data,22,E:\football_v\00_SYSTEM_TOOLS\Module_Deployment_Tool\modules\deploy_feature_store_V2.3.py
load,7,E:\football_v\00_SYSTEM_TOOLS\Module_Deployment_Tool\modules\deploy_feature_store_V2.3.py
read,2,E:\football_v\00_SYSTEM_TOOLS\Module_Deployment_Tool\modules\deploy_feature_store_V2.3.py
json,11,E:\football_v\00_SYSTEM_TOOLS\Module_Deployment_Tool\modules\deploy_feature_store_V2.3.py
database,2,E:\football_v\00_SYSTEM_TOOLS\Module_Deployment_Tool\modules\deploy_feature_store_V2.3.py
feature,40,E:\football_v\00_SYSTEM_TOOLS\Module_Deployment_Tool\modules\deploy_feature_store_V2.3.py
elo,1,E:\football_v\00_SYSTEM_TOOLS\Module_Deployment_Tool\modules\deploy_feature_store_V2.3.py
ev,1,E:\football_v\00_SYSTEM_TOOLS\Module_Deployment_Tool\modules\deploy_feature_store_V2.3.py
service,9,E:\football_v\00_SYSTEM_TOOLS\Module_Deployment_Tool\modules\deploy_feature_store_V2.3.py
data,7,E:\football_v\00_SYSTEM_TOOLS\Module_Deployment_Tool\modules\deploy_feature_store_V2.4_V2.6.py
read,5,E:\football_v\00_SYSTEM_TOOLS\Module_Deployment_Tool\modules\deploy_feature_store_V2.4_V2.6.py
json,11,E:\football_v\00_SYSTEM_TOOLS\Module_Deployment_Tool\modules\deploy_feature_store_V2.4_V2.6.py
database,1,E:\football_v\00_SYSTEM_TOOLS\Module_Deployment_Tool\modules\deploy_feature_store_V2.4_V2.6.py
feature,107,E:\football_v\00_SYSTEM_TOOLS\Module_Deployment_Tool\modules\deploy_feature_store_V2.4_V2.6.py
form,6,E:\football_v\00_SYSTEM_TOOLS\Module_Deployment_Tool\modules\deploy_feature_store_V2.4_V2.6.py
elo,1,E:\football_v\00_SYSTEM_TOOLS\Module_Deployment_Tool\modules\deploy_feature_store_V2.4_V2.6.py
value,3,E:\football_v\00_SYSTEM_TOOLS\Module_Deployment_Tool\modules\deploy_feature_store_V2.4_V2.6.py
ev,5,E:\football_v\00_SYSTEM_TOOLS\Module_Deployment_Tool\modules\deploy_feature_store_V2.4_V2.6.py
router,4,E:\football_v\00_SYSTEM_TOOLS\Module_Deployment_Tool\modules\deploy_feature_store_V2.4_V2.6.py
service,12,E:\football_v\00_SYSTEM_TOOLS\Module_Deployment_Tool\modules\deploy_feature_store_V2.4_V2.6.py
data,5,E:\football_v\00_SYSTEM_TOOLS\Module_Deployment_Tool\modules\deploy_feature_store_V2.7_V3.0.py
read,2,E:\football_v\00_SYSTEM_TOOLS\Module_Deployment_Tool\modules\deploy_feature_store_V2.7_V3.0.py
json,11,E:\football_v\00_SYSTEM_TOOLS\Module_Deployment_Tool\modules\deploy_feature_store_V2.7_V3.0.py
db,11,E:\football_v\00_SYSTEM_TOOLS\Module_Deployment_Tool\modules\deploy_feature_store_V2.7_V3.0.py
feature,79,E:\football_v\00_SYSTEM_TOOLS\Module_Deployment_Tool\modules\deploy_feature_store_V2.7_V3.0.py
history,3,E:\football_v\00_SYSTEM_TOOLS\Module_Deployment_Tool\modules\deploy_feature_store_V2.7_V3.0.py
model,5,E:\football_v\00_SYSTEM_TOOLS\Module_Deployment_Tool\modules\deploy_feature_store_V2.7_V3.0.py
predict,5,E:\football_v\00_SYSTEM_TOOLS\Module_Deployment_Tool\modules\deploy_feature_store_V2.7_V3.0.py
prediction,5,E:\football_v\00_SYSTEM_TOOLS\Module_Deployment_Tool\modules\deploy_feature_store_V2.7_V3.0.py
engine,6,E:\football_v\00_SYSTEM_TOOLS\Module_Deployment_Tool\modules\deploy_feature_store_V2.7_V3.0.py
data,13,E:\football_v\00_SYSTEM_TOOLS\Module_Deployment_Tool\modules\deploy_model_layer_V1.0_V1.3.py
load,8,E:\football_v\00_SYSTEM_TOOLS\Module_Deployment_Tool\modules\deploy_model_layer_V1.0_V1.3.py
read,2,E:\football_v\00_SYSTEM_TOOLS\Module_Deployment_Tool\modules\deploy_model_layer_V1.0_V1.3.py
json,11,E:\football_v\00_SYSTEM_TOOLS\Module_Deployment_Tool\modules\deploy_model_layer_V1.0_V1.3.py
feature,11,E:\football_v\00_SYSTEM_TOOLS\Module_Deployment_Tool\modules\deploy_model_layer_V1.0_V1.3.py
elo,7,E:\football_v\00_SYSTEM_TOOLS\Module_Deployment_Tool\modules\deploy_model_layer_V1.0_V1.3.py
dixon,7,E:\football_v\00_SYSTEM_TOOLS\Module_Deployment_Tool\modules\deploy_model_layer_V1.0_V1.3.py
poisson,7,E:\football_v\00_SYSTEM_TOOLS\Module_Deployment_Tool\modules\deploy_model_layer_V1.0_V1.3.py
xgboost,7,E:\football_v\00_SYSTEM_TOOLS\Module_Deployment_Tool\modules\deploy_model_layer_V1.0_V1.3.py
model,105,E:\football_v\00_SYSTEM_TOOLS\Module_Deployment_Tool\modules\deploy_model_layer_V1.0_V1.3.py
train,9,E:\football_v\00_SYSTEM_TOOLS\Module_Deployment_Tool\modules\deploy_model_layer_V1.0_V1.3.py
fit,2,E:\football_v\00_SYSTEM_TOOLS\Module_Deployment_Tool\modules\deploy_model_layer_V1.0_V1.3.py
predict,14,E:\football_v\00_SYSTEM_TOOLS\Module_Deployment_Tool\modules\deploy_model_layer_V1.0_V1.3.py
prediction,9,E:\football_v\00_SYSTEM_TOOLS\Module_Deployment_Tool\modules\deploy_model_layer_V1.0_V1.3.py
probability,6,E:\football_v\00_SYSTEM_TOOLS\Module_Deployment_Tool\modules\deploy_model_layer_V1.0_V1.3.py
value,3,E:\football_v\00_SYSTEM_TOOLS\Module_Deployment_Tool\modules\deploy_model_layer_V1.0_V1.3.py
ev,1,E:\football_v\00_SYSTEM_TOOLS\Module_Deployment_Tool\modules\deploy_model_layer_V1.0_V1.3.py
roi,4,E:\football_v\00_SYSTEM_TOOLS\Module_Deployment_Tool\modules\deploy_model_layer_V1.0_V1.3.py
engine,10,E:\football_v\00_SYSTEM_TOOLS\Module_Deployment_Tool\modules\deploy_model_layer_V1.0_V1.3.py
runtime,4,E:\football_v\00_SYSTEM_TOOLS\Module_Deployment_Tool\modules\deploy_model_layer_V1.0_V1.3.py
load,7,E:\football_v\00_SYSTEM_TOOLS\Module_Deployment_Tool\modules\deploy_module_deployment_tool_test_V1.1.py
read,6,E:\football_v\00_SYSTEM_TOOLS\Module_Deployment_Tool\modules\deploy_module_deployment_tool_test_V1.1.py
json,12,E:\football_v\00_SYSTEM_TOOLS\Module_Deployment_Tool\modules\deploy_module_deployment_tool_test_V1.1.py
form,1,E:\football_v\00_SYSTEM_TOOLS\Module_Deployment_Tool\modules\deploy_module_deployment_tool_test_V1.1.py
engine,7,E:\football_v\00_SYSTEM_TOOLS\Module_Deployment_Tool\modules\deploy_module_deployment_tool_test_V1.1.py
service,1,E:\football_v\00_SYSTEM_TOOLS\Module_Deployment_Tool\modules\deploy_module_deployment_tool_test_V1.1.py
load,1,E:\football_v\00_SYSTEM_TOOLS\Module_Deployment_Tool\modules\deploy_module_deployment_tool_V1.1.py
read,2,E:\football_v\00_SYSTEM_TOOLS\Module_Deployment_Tool\modules\deploy_module_deployment_tool_V1.1.py
json,13,E:\football_v\00_SYSTEM_TOOLS\Module_Deployment_Tool\modules\deploy_module_deployment_tool_V1.1.py
engine,2,E:\football_v\00_SYSTEM_TOOLS\Module_Deployment_Tool\modules\deploy_module_deployment_tool_V1.1.py
load,8,E:\football_v\00_SYSTEM_TOOLS\Module_Deployment_Tool\modules\deploy_prediction_engine_batch_test_V1.0.py
read,5,E:\football_v\00_SYSTEM_TOOLS\Module_Deployment_Tool\modules\deploy_prediction_engine_batch_test_V1.0.py
json,4,E:\football_v\00_SYSTEM_TOOLS\Module_Deployment_Tool\modules\deploy_prediction_engine_batch_test_V1.0.py
elo,1,E:\football_v\00_SYSTEM_TOOLS\Module_Deployment_Tool\modules\deploy_prediction_engine_batch_test_V1.0.py
dixon,1,E:\football_v\00_SYSTEM_TOOLS\Module_Deployment_Tool\modules\deploy_prediction_engine_batch_test_V1.0.py
poisson,1,E:\football_v\00_SYSTEM_TOOLS\Module_Deployment_Tool\modules\deploy_prediction_engine_batch_test_V1.0.py
xgboost,1,E:\football_v\00_SYSTEM_TOOLS\Module_Deployment_Tool\modules\deploy_prediction_engine_batch_test_V1.0.py
model,8,E:\football_v\00_SYSTEM_TOOLS\Module_Deployment_Tool\modules\deploy_prediction_engine_batch_test_V1.0.py
predict,8,E:\football_v\00_SYSTEM_TOOLS\Module_Deployment_Tool\modules\deploy_prediction_engine_batch_test_V1.0.py
prediction,8,E:\football_v\00_SYSTEM_TOOLS\Module_Deployment_Tool\modules\deploy_prediction_engine_batch_test_V1.0.py
probability,9,E:\football_v\00_SYSTEM_TOOLS\Module_Deployment_Tool\modules\deploy_prediction_engine_batch_test_V1.0.py
score,8,E:\football_v\00_SYSTEM_TOOLS\Module_Deployment_Tool\modules\deploy_prediction_engine_batch_test_V1.0.py
engine,14,E:\football_v\00_SYSTEM_TOOLS\Module_Deployment_Tool\modules\deploy_prediction_engine_batch_test_V1.0.py
service,2,E:\football_v\00_SYSTEM_TOOLS\Module_Deployment_Tool\modules\deploy_prediction_engine_batch_test_V1.0.py
data,1,E:\football_v\00_SYSTEM_TOOLS\Module_Deployment_Tool\modules\deploy_prediction_engine_batch_V1.0.py
read,3,E:\football_v\00_SYSTEM_TOOLS\Module_Deployment_Tool\modules\deploy_prediction_engine_batch_V1.0.py
json,6,E:\football_v\00_SYSTEM_TOOLS\Module_Deployment_Tool\modules\deploy_prediction_engine_batch_V1.0.py
elo,5,E:\football_v\00_SYSTEM_TOOLS\Module_Deployment_Tool\modules\deploy_prediction_engine_batch_V1.0.py
dixon,5,E:\football_v\00_SYSTEM_TOOLS\Module_Deployment_Tool\modules\deploy_prediction_engine_batch_V1.0.py
poisson,5,E:\football_v\00_SYSTEM_TOOLS\Module_Deployment_Tool\modules\deploy_prediction_engine_batch_V1.0.py
xgboost,5,E:\football_v\00_SYSTEM_TOOLS\Module_Deployment_Tool\modules\deploy_prediction_engine_batch_V1.0.py
model,13,E:\football_v\00_SYSTEM_TOOLS\Module_Deployment_Tool\modules\deploy_prediction_engine_batch_V1.0.py
predict,6,E:\football_v\00_SYSTEM_TOOLS\Module_Deployment_Tool\modules\deploy_prediction_engine_batch_V1.0.py
prediction,6,E:\football_v\00_SYSTEM_TOOLS\Module_Deployment_Tool\modules\deploy_prediction_engine_batch_V1.0.py
probability,8,E:\football_v\00_SYSTEM_TOOLS\Module_Deployment_Tool\modules\deploy_prediction_engine_batch_V1.0.py
score,7,E:\football_v\00_SYSTEM_TOOLS\Module_Deployment_Tool\modules\deploy_prediction_engine_batch_V1.0.py
value,2,E:\football_v\00_SYSTEM_TOOLS\Module_Deployment_Tool\modules\deploy_prediction_engine_batch_V1.0.py
engine,14,E:\football_v\00_SYSTEM_TOOLS\Module_Deployment_Tool\modules\deploy_prediction_engine_batch_V1.0.py
service,5,E:\football_v\00_SYSTEM_TOOLS\Module_Deployment_Tool\modules\deploy_prediction_engine_batch_V1.0.py
data,2,E:\football_v\00_SYSTEM_TOOLS\Module_Deployment_Tool\modules\deploy_prediction_engine_V1.0_V1.3.py
read,3,E:\football_v\00_SYSTEM_TOOLS\Module_Deployment_Tool\modules\deploy_prediction_engine_V1.0_V1.3.py
json,11,E:\football_v\00_SYSTEM_TOOLS\Module_Deployment_Tool\modules\deploy_prediction_engine_V1.0_V1.3.py
feature,4,E:\football_v\00_SYSTEM_TOOLS\Module_Deployment_Tool\modules\deploy_prediction_engine_V1.0_V1.3.py
poisson,3,E:\football_v\00_SYSTEM_TOOLS\Module_Deployment_Tool\modules\deploy_prediction_engine_V1.0_V1.3.py
model,20,E:\football_v\00_SYSTEM_TOOLS\Module_Deployment_Tool\modules\deploy_prediction_engine_V1.0_V1.3.py
predict,67,E:\football_v\00_SYSTEM_TOOLS\Module_Deployment_Tool\modules\deploy_prediction_engine_V1.0_V1.3.py
prediction,63,E:\football_v\00_SYSTEM_TOOLS\Module_Deployment_Tool\modules\deploy_prediction_engine_V1.0_V1.3.py
probability,50,E:\football_v\00_SYSTEM_TOOLS\Module_Deployment_Tool\modules\deploy_prediction_engine_V1.0_V1.3.py
score,29,E:\football_v\00_SYSTEM_TOOLS\Module_Deployment_Tool\modules\deploy_prediction_engine_V1.0_V1.3.py
market,14,E:\football_v\00_SYSTEM_TOOLS\Module_Deployment_Tool\modules\deploy_prediction_engine_V1.0_V1.3.py
value,18,E:\football_v\00_SYSTEM_TOOLS\Module_Deployment_Tool\modules\deploy_prediction_engine_V1.0_V1.3.py
ev,6,E:\football_v\00_SYSTEM_TOOLS\Module_Deployment_Tool\modules\deploy_prediction_engine_V1.0_V1.3.py
engine,51,E:\football_v\00_SYSTEM_TOOLS\Module_Deployment_Tool\modules\deploy_prediction_engine_V1.0_V1.3.py
runtime,3,E:\football_v\00_SYSTEM_TOOLS\Module_Deployment_Tool\modules\deploy_prediction_engine_V1.0_V1.3.py
service,6,E:\football_v\00_SYSTEM_TOOLS\Module_Deployment_Tool\modules\deploy_prediction_engine_V1.0_V1.3.py
data,1,E:\football_v\00_SYSTEM_TOOLS\Module_Deployment_Tool\modules\deploy_prediction_intelligence_engine_V1.0.py
read,3,E:\football_v\00_SYSTEM_TOOLS\Module_Deployment_Tool\modules\deploy_prediction_intelligence_engine_V1.0.py
json,8,E:\football_v\00_SYSTEM_TOOLS\Module_Deployment_Tool\modules\deploy_prediction_intelligence_engine_V1.0.py
elo,2,E:\football_v\00_SYSTEM_TOOLS\Module_Deployment_Tool\modules\deploy_prediction_intelligence_engine_V1.0.py
dixon,2,E:\football_v\00_SYSTEM_TOOLS\Module_Deployment_Tool\modules\deploy_prediction_intelligence_engine_V1.0.py
poisson,2,E:\football_v\00_SYSTEM_TOOLS\Module_Deployment_Tool\modules\deploy_prediction_intelligence_engine_V1.0.py
xgboost,2,E:\football_v\00_SYSTEM_TOOLS\Module_Deployment_Tool\modules\deploy_prediction_intelligence_engine_V1.0.py
model,8,E:\football_v\00_SYSTEM_TOOLS\Module_Deployment_Tool\modules\deploy_prediction_intelligence_engine_V1.0.py
predict,18,E:\football_v\00_SYSTEM_TOOLS\Module_Deployment_Tool\modules\deploy_prediction_intelligence_engine_V1.0.py
prediction,14,E:\football_v\00_SYSTEM_TOOLS\Module_Deployment_Tool\modules\deploy_prediction_intelligence_engine_V1.0.py
probability,4,E:\football_v\00_SYSTEM_TOOLS\Module_Deployment_Tool\modules\deploy_prediction_intelligence_engine_V1.0.py
score,5,E:\football_v\00_SYSTEM_TOOLS\Module_Deployment_Tool\modules\deploy_prediction_intelligence_engine_V1.0.py
ev,1,E:\football_v\00_SYSTEM_TOOLS\Module_Deployment_Tool\modules\deploy_prediction_intelligence_engine_V1.0.py
engine,12,E:\football_v\00_SYSTEM_TOOLS\Module_Deployment_Tool\modules\deploy_prediction_intelligence_engine_V1.0.py
load,9,E:\football_v\00_SYSTEM_TOOLS\Module_Deployment_Tool\modules\deploy_prediction_intelligence_test_V1.0.py
read,7,E:\football_v\00_SYSTEM_TOOLS\Module_Deployment_Tool\modules\deploy_prediction_intelligence_test_V1.0.py
json,4,E:\football_v\00_SYSTEM_TOOLS\Module_Deployment_Tool\modules\deploy_prediction_intelligence_test_V1.0.py
elo,1,E:\football_v\00_SYSTEM_TOOLS\Module_Deployment_Tool\modules\deploy_prediction_intelligence_test_V1.0.py
dixon,1,E:\football_v\00_SYSTEM_TOOLS\Module_Deployment_Tool\modules\deploy_prediction_intelligence_test_V1.0.py
poisson,1,E:\football_v\00_SYSTEM_TOOLS\Module_Deployment_Tool\modules\deploy_prediction_intelligence_test_V1.0.py
xgboost,1,E:\football_v\00_SYSTEM_TOOLS\Module_Deployment_Tool\modules\deploy_prediction_intelligence_test_V1.0.py
model,10,E:\football_v\00_SYSTEM_TOOLS\Module_Deployment_Tool\modules\deploy_prediction_intelligence_test_V1.0.py
predict,19,E:\football_v\00_SYSTEM_TOOLS\Module_Deployment_Tool\modules\deploy_prediction_intelligence_test_V1.0.py
prediction,14,E:\football_v\00_SYSTEM_TOOLS\Module_Deployment_Tool\modules\deploy_prediction_intelligence_test_V1.0.py
probability,7,E:\football_v\00_SYSTEM_TOOLS\Module_Deployment_Tool\modules\deploy_prediction_intelligence_test_V1.0.py
score,9,E:\football_v\00_SYSTEM_TOOLS\Module_Deployment_Tool\modules\deploy_prediction_intelligence_test_V1.0.py
ev,1,E:\football_v\00_SYSTEM_TOOLS\Module_Deployment_Tool\modules\deploy_prediction_intelligence_test_V1.0.py
engine,14,E:\football_v\00_SYSTEM_TOOLS\Module_Deployment_Tool\modules\deploy_prediction_intelligence_test_V1.0.py
service,1,E:\football_v\00_SYSTEM_TOOLS\Module_Deployment_Tool\modules\deploy_prediction_intelligence_test_V1.0.py
data,5,E:\football_v\01_Data_Source\acceptance\acceptance_check.py
load,4,E:\football_v\01_Data_Source\acceptance\acceptance_check.py
json,6,E:\football_v\01_Data_Source\acceptance\acceptance_check.py
history,1,E:\football_v\01_Data_Source\acceptance\acceptance_check.py
pipeline,4,E:\football_v\01_Data_Source\acceptance\acceptance_check.py
data,3,E:\football_v\01_Data_Source\download\data_downloader.py
load,9,E:\football_v\01_Data_Source\download\data_downloader.py
read,1,E:\football_v\01_Data_Source\download\data_downloader.py
csv,1,E:\football_v\01_Data_Source\download\data_downloader.py
json,5,E:\football_v\01_Data_Source\download\data_downloader.py
history,13,E:\football_v\01_Data_Source\download\data_downloader.py
engine,4,E:\football_v\01_Data_Source\download\data_downloader.py
data,1,E:\football_v\01_Data_Source\monitor\source_monitor.py
load,11,E:\football_v\01_Data_Source\monitor\source_monitor.py
json,6,E:\football_v\01_Data_Source\monitor\source_monitor.py
data,2,E:\football_v\01_Data_Source\pipeline\pipeline_runner.py
load,3,E:\football_v\01_Data_Source\pipeline\pipeline_runner.py
json,2,E:\football_v\01_Data_Source\pipeline\pipeline_runner.py
ev,2,E:\football_v\01_Data_Source\pipeline\pipeline_runner.py
pipeline,3,E:\football_v\01_Data_Source\pipeline\pipeline_runner.py
load,1,E:\football_v\01_Data_Source\pipeline\source_scanner.py
csv,1,E:\football_v\01_Data_Source\pipeline\source_validator.py
ev,1,E:\football_v\01_Data_Source\pipeline\source_validator.py
data,7,E:\football_v\01_Data_Source\registry\source_registry.py
load,5,E:\football_v\01_Data_Source\registry\source_registry.py
json,5,E:\football_v\01_Data_Source\registry\source_registry.py
engine,2,E:\football_v\01_Data_Source\registry\source_registry.py
data,6,E:\football_v\02_Data_Platform\data_loader\data_loader.py
load,5,E:\football_v\02_Data_Platform\data_loader\data_loader.py
json,2,E:\football_v\02_Data_Platform\data_loader\data_loader.py
form,1,E:\football_v\02_Data_Platform\data_loader\data_loader.py
engine,1,E:\football_v\02_Data_Platform\data_loader\data_loader.py
service,1,E:\football_v\02_Data_Platform\data_loader\data_loader.py
load,2,E:\football_v\02_Data_Platform\data_loader\__init__.py
engine,3,E:\football_v\02_Data_Platform\data_loader\__init__.py
data,1,E:\football_v\02_Data_Platform\data_loader\engine\loader_engine.py
load,5,E:\football_v\02_Data_Platform\data_loader\engine\loader_engine.py
json,2,E:\football_v\02_Data_Platform\data_loader\engine\loader_engine.py
form,1,E:\football_v\02_Data_Platform\data_loader\engine\loader_engine.py
engine,7,E:\football_v\02_Data_Platform\data_loader\engine\loader_engine.py
service,1,E:\football_v\02_Data_Platform\data_loader\engine\loader_engine.py
load,2,E:\football_v\02_Data_Platform\data_loader\formats\csv_loader.py
read,3,E:\football_v\02_Data_Platform\data_loader\formats\csv_loader.py
csv,4,E:\football_v\02_Data_Platform\data_loader\formats\csv_loader.py
data,11,E:\football_v\02_Data_Platform\data_manager\dataset_manager.py
dataset,9,E:\football_v\02_Data_Platform\data_manager\dataset_manager.py
load,1,E:\football_v\02_Data_Platform\data_manager\dataset_manager.py
data,8,E:\football_v\02_Data_Platform\data_manager\dataset_registry.py
dataset,7,E:\football_v\02_Data_Platform\data_manager\dataset_registry.py
load,2,E:\football_v\02_Data_Platform\data_manager\dataset_registry.py
read,2,E:\football_v\02_Data_Platform\data_manager\dataset_registry.py
json,5,E:\football_v\02_Data_Platform\data_manager\dataset_registry.py
form,1,E:\football_v\02_Data_Platform\data_manager\dataset_registry.py
odds,2,E:\football_v\02_Data_Platform\data_manager\dataset_registry.py
market,1,E:\football_v\02_Data_Platform\data_manager\dataset_registry.py
service,1,E:\football_v\02_Data_Platform\data_manager\dataset_registry.py
data,12,E:\football_v\02_Data_Platform\data_manager\data_manager.py
dataset,7,E:\football_v\02_Data_Platform\data_manager\data_manager.py
form,1,E:\football_v\02_Data_Platform\data_manager\data_manager.py
service,1,E:\football_v\02_Data_Platform\data_manager\data_manager.py
data,6,E:\football_v\02_Data_Platform\data_manager\__init__.py
dataset,4,E:\football_v\02_Data_Platform\data_manager\__init__.py
data,5,E:\football_v\02_Data_Platform\data_manager\__main__.py
data,13,E:\football_v\02_Data_Platform\integration\platform_bootstrap.py
load,3,E:\football_v\02_Data_Platform\integration\platform_bootstrap.py
json,4,E:\football_v\02_Data_Platform\integration\platform_bootstrap.py
form,5,E:\football_v\02_Data_Platform\integration\platform_bootstrap.py
value,1,E:\football_v\02_Data_Platform\integration\platform_bootstrap.py
engine,5,E:\football_v\02_Data_Platform\integration\platform_bootstrap.py
pipeline,3,E:\football_v\02_Data_Platform\integration\platform_bootstrap.py
service,5,E:\football_v\02_Data_Platform\integration\platform_bootstrap.py
data,13,E:\football_v\02_Data_Platform\metadata\metadata_manager.py
dataset,4,E:\football_v\02_Data_Platform\metadata\metadata_manager.py
load,3,E:\football_v\02_Data_Platform\metadata\metadata_manager.py
json,3,E:\football_v\02_Data_Platform\metadata\metadata_manager.py
form,1,E:\football_v\02_Data_Platform\metadata\metadata_manager.py
service,1,E:\football_v\02_Data_Platform\metadata\metadata_manager.py
data,5,E:\football_v\02_Data_Platform\metadata\metadata_schema.py
dataset,2,E:\football_v\02_Data_Platform\metadata\metadata_schema.py
data,16,E:\football_v\02_Data_Platform\metadata\lineage\data_lineage.py
load,4,E:\football_v\02_Data_Platform\metadata\lineage\data_lineage.py
json,5,E:\football_v\02_Data_Platform\metadata\lineage\data_lineage.py
form,3,E:\football_v\02_Data_Platform\metadata\lineage\data_lineage.py
engine,4,E:\football_v\02_Data_Platform\metadata\lineage\data_lineage.py
service,1,E:\football_v\02_Data_Platform\metadata\lineage\data_lineage.py
data,4,E:\football_v\02_Data_Platform\pipeline\data_pipeline.py
form,1,E:\football_v\02_Data_Platform\pipeline\data_pipeline.py
engine,1,E:\football_v\02_Data_Platform\pipeline\data_pipeline.py
pipeline,4,E:\football_v\02_Data_Platform\pipeline\data_pipeline.py
data,2,E:\football_v\02_Data_Platform\raw\raw_manager.py
json,2,E:\football_v\02_Data_Platform\raw\raw_manager.py
data,5,E:\football_v\02_Data_Platform\raw\raw_registry.py
load,4,E:\football_v\02_Data_Platform\raw\raw_registry.py
json,4,E:\football_v\02_Data_Platform\raw\raw_registry.py
data,3,E:\football_v\02_Data_Platform\raw\raw_scanner.py
data,11,E:\football_v\02_Data_Platform\registry\data_platform_registry.py
load,3,E:\football_v\02_Data_Platform\registry\data_platform_registry.py
json,4,E:\football_v\02_Data_Platform\registry\data_platform_registry.py
form,3,E:\football_v\02_Data_Platform\registry\data_platform_registry.py
data,5,E:\football_v\02_Data_Platform\storage_engine\storage_manager.py
json,3,E:\football_v\02_Data_Platform\storage_engine\storage_manager.py
form,2,E:\football_v\02_Data_Platform\storage_engine\storage_manager.py
engine,2,E:\football_v\02_Data_Platform\storage_engine\storage_manager.py
service,1,E:\football_v\02_Data_Platform\storage_engine\storage_manager.py
model,1,E:\football_v\03_MODEL_LAYER\confidence_model\confidence_engine_V2.0.py
score,1,E:\football_v\03_MODEL_LAYER\confidence_model\confidence_engine_V2.0.py
model,1,E:\football_v\03_MODEL_LAYER\fusion_engine\fusion_engine_V2.3.py
predict,1,E:\football_v\03_MODEL_LAYER\fusion_engine\fusion_engine_V2.3.py
ev,1,E:\football_v\03_MODEL_LAYER\fusion_engine\fusion_engine_V2.3.py
engine,1,E:\football_v\03_MODEL_LAYER\fusion_engine\fusion_engine_V2.3.py
model,1,E:\football_v\03_MODEL_LAYER\market_model\market_value_model_V1.0.py
score,1,E:\football_v\03_MODEL_LAYER\market_model\market_value_model_V1.0.py
market,1,E:\football_v\03_MODEL_LAYER\market_model\market_value_model_V1.0.py
value,1,E:\football_v\03_MODEL_LAYER\market_model\market_value_model_V1.0.py
model,1,E:\football_v\03_MODEL_LAYER\risk_model\risk_engine_V2.0.py
score,1,E:\football_v\03_MODEL_LAYER\risk_model\risk_engine_V2.0.py
data,3,E:\football_v\04_Data_Processing_AI\data_intelligence_engine\data_intelligence_engine.py
feature,3,E:\football_v\04_Data_Processing_AI\data_intelligence_engine\data_intelligence_engine.py
strength,1,E:\football_v\04_Data_Processing_AI\data_intelligence_engine\data_intelligence_engine.py
engine,4,E:\football_v\04_Data_Processing_AI\data_intelligence_engine\data_intelligence_engine.py
data,2,E:\football_v\04_Data_Processing_AI\data_intelligence_engine\data_router.py
feature,1,E:\football_v\04_Data_Processing_AI\data_intelligence_engine\data_router.py
strength,2,E:\football_v\04_Data_Processing_AI\data_intelligence_engine\data_router.py
elo,2,E:\football_v\04_Data_Processing_AI\data_intelligence_engine\data_router.py
dixon,1,E:\football_v\04_Data_Processing_AI\data_intelligence_engine\data_router.py
poisson,1,E:\football_v\04_Data_Processing_AI\data_intelligence_engine\data_router.py
xgboost,1,E:\football_v\04_Data_Processing_AI\data_intelligence_engine\data_router.py
model,3,E:\football_v\04_Data_Processing_AI\data_intelligence_engine\data_router.py
router,2,E:\football_v\04_Data_Processing_AI\data_intelligence_engine\data_router.py
feature,3,E:\football_v\04_Data_Processing_AI\data_intelligence_engine\feature_selector.py
xgboost,1,E:\football_v\04_Data_Processing_AI\data_intelligence_engine\feature_selector.py
model,3,E:\football_v\04_Data_Processing_AI\data_intelligence_engine\feature_selector.py
data,3,E:\football_v\04_Data_Processing_AI\data_intelligence_engine\intelligence_service.py
read,1,E:\football_v\04_Data_Processing_AI\data_intelligence_engine\intelligence_service.py
service,4,E:\football_v\04_Data_Processing_AI\data_intelligence_engine\intelligence_service.py
elo,1,E:\football_v\04_Data_Processing_AI\data_intelligence_engine\model_interface.py
dixon,1,E:\football_v\04_Data_Processing_AI\data_intelligence_engine\model_interface.py
poisson,1,E:\football_v\04_Data_Processing_AI\data_intelligence_engine\model_interface.py
xgboost,1,E:\football_v\04_Data_Processing_AI\data_intelligence_engine\model_interface.py
model,6,E:\football_v\04_Data_Processing_AI\data_intelligence_engine\model_interface.py
feature,4,E:\football_v\04_Data_Processing_AI\dynamic_feature_weight_engine\feature_weight_manager.py
elo,1,E:\football_v\04_Data_Processing_AI\dynamic_feature_weight_engine\model_weight_manager.py
dixon,1,E:\football_v\04_Data_Processing_AI\dynamic_feature_weight_engine\model_weight_manager.py
poisson,1,E:\football_v\04_Data_Processing_AI\dynamic_feature_weight_engine\model_weight_manager.py
xgboost,1,E:\football_v\04_Data_Processing_AI\dynamic_feature_weight_engine\model_weight_manager.py
model,4,E:\football_v\04_Data_Processing_AI\dynamic_feature_weight_engine\model_weight_manager.py
elo,1,E:\football_v\04_Data_Processing_AI\dynamic_feature_weight_engine\weight_calculator.py
dixon,1,E:\football_v\04_Data_Processing_AI\dynamic_feature_weight_engine\weight_calculator.py
poisson,1,E:\football_v\04_Data_Processing_AI\dynamic_feature_weight_engine\weight_calculator.py
xgboost,1,E:\football_v\04_Data_Processing_AI\dynamic_feature_weight_engine\weight_calculator.py
model,4,E:\football_v\04_Data_Processing_AI\dynamic_feature_weight_engine\weight_calculator.py
engine,2,E:\football_v\04_Data_Processing_AI\dynamic_feature_weight_engine\weight_engine.py
data,3,E:\football_v\04_Data_Processing_AI\feature_store\backtest_dataset_manager.py
dataset,3,E:\football_v\04_Data_Processing_AI\feature_store\backtest_dataset_manager.py
data,1,E:\football_v\04_Data_Processing_AI\feature_store\database_connection_pool.py
database,1,E:\football_v\04_Data_Processing_AI\feature_store\database_connection_pool.py
data,4,E:\football_v\04_Data_Processing_AI\feature_store\database_connector.py
database,4,E:\football_v\04_Data_Processing_AI\feature_store\database_connector.py
data,2,E:\football_v\04_Data_Processing_AI\feature_store\database_health_monitor.py
database,2,E:\football_v\04_Data_Processing_AI\feature_store\database_health_monitor.py
data,1,E:\football_v\04_Data_Processing_AI\feature_store\database_migration_manager.py
read,1,E:\football_v\04_Data_Processing_AI\feature_store\database_migration_manager.py
database,1,E:\football_v\04_Data_Processing_AI\feature_store\database_migration_manager.py
data,5,E:\football_v\04_Data_Processing_AI\feature_store\dataset_split_manager.py
dataset,5,E:\football_v\04_Data_Processing_AI\feature_store\dataset_split_manager.py
train,4,E:\football_v\04_Data_Processing_AI\feature_store\dataset_split_manager.py
data,1,E:\football_v\04_Data_Processing_AI\feature_store\data_promotion_service.py
elo,1,E:\football_v\04_Data_Processing_AI\feature_store\data_promotion_service.py
ev,1,E:\football_v\04_Data_Processing_AI\feature_store\data_promotion_service.py
service,1,E:\football_v\04_Data_Processing_AI\feature_store\data_promotion_service.py
data,2,E:\football_v\04_Data_Processing_AI\feature_store\data_source_registry.py
database,1,E:\football_v\04_Data_Processing_AI\feature_store\data_source_registry.py
feature,1,E:\football_v\04_Data_Processing_AI\feature_store\elo_history_feature_engine.py
history,2,E:\football_v\04_Data_Processing_AI\feature_store\elo_history_feature_engine.py
elo,5,E:\football_v\04_Data_Processing_AI\feature_store\elo_history_feature_engine.py
ev,1,E:\football_v\04_Data_Processing_AI\feature_store\elo_history_feature_engine.py
engine,1,E:\football_v\04_Data_Processing_AI\feature_store\elo_history_feature_engine.py
elo,1,E:\football_v\04_Data_Processing_AI\feature_store\environment_manager.py
ev,1,E:\football_v\04_Data_Processing_AI\feature_store\environment_manager.py
feature,2,E:\football_v\04_Data_Processing_AI\feature_store\feature_anomaly_detector.py
feature,2,E:\football_v\04_Data_Processing_AI\feature_store\feature_api_service.py
service,1,E:\football_v\04_Data_Processing_AI\feature_store\feature_api_service.py
feature,1,E:\football_v\04_Data_Processing_AI\feature_store\feature_audit_logger.py
ev,3,E:\football_v\04_Data_Processing_AI\feature_store\feature_audit_logger.py
data,2,E:\football_v\04_Data_Processing_AI\feature_store\feature_auto_generator.py
feature,2,E:\football_v\04_Data_Processing_AI\feature_store\feature_auto_generator.py
feature,1,E:\football_v\04_Data_Processing_AI\feature_store\feature_cache_manager.py
value,2,E:\football_v\04_Data_Processing_AI\feature_store\feature_cache_manager.py
read,1,E:\football_v\04_Data_Processing_AI\feature_store\feature_context_builder.py
feature,1,E:\football_v\04_Data_Processing_AI\feature_store\feature_context_builder.py
read,1,E:\football_v\04_Data_Processing_AI\feature_store\feature_crud_service.py
feature,9,E:\football_v\04_Data_Processing_AI\feature_store\feature_crud_service.py
service,1,E:\football_v\04_Data_Processing_AI\feature_store\feature_crud_service.py
data,1,E:\football_v\04_Data_Processing_AI\feature_store\feature_database_connector.py
database,1,E:\football_v\04_Data_Processing_AI\feature_store\feature_database_connector.py
sqlite,2,E:\football_v\04_Data_Processing_AI\feature_store\feature_database_connector.py
db,5,E:\football_v\04_Data_Processing_AI\feature_store\feature_database_connector.py
data,2,E:\football_v\04_Data_Processing_AI\feature_store\feature_database_health_check.py
database,2,E:\football_v\04_Data_Processing_AI\feature_store\feature_database_health_check.py
feature,1,E:\football_v\04_Data_Processing_AI\feature_store\feature_database_health_check.py
data,6,E:\football_v\04_Data_Processing_AI\feature_store\feature_database_reader.py
read,1,E:\football_v\04_Data_Processing_AI\feature_store\feature_database_reader.py
database,6,E:\football_v\04_Data_Processing_AI\feature_store\feature_database_reader.py
sqlite,2,E:\football_v\04_Data_Processing_AI\feature_store\feature_database_reader.py
feature,1,E:\football_v\04_Data_Processing_AI\feature_store\feature_database_reader.py
data,8,E:\football_v\04_Data_Processing_AI\feature_store\feature_database_service.py
database,8,E:\football_v\04_Data_Processing_AI\feature_store\feature_database_service.py
sqlite,2,E:\football_v\04_Data_Processing_AI\feature_store\feature_database_service.py
feature,1,E:\football_v\04_Data_Processing_AI\feature_store\feature_database_service.py
service,1,E:\football_v\04_Data_Processing_AI\feature_store\feature_database_service.py
data,4,E:\football_v\04_Data_Processing_AI\feature_store\feature_database_session.py
read,1,E:\football_v\04_Data_Processing_AI\feature_store\feature_database_session.py
database,4,E:\football_v\04_Data_Processing_AI\feature_store\feature_database_session.py
feature,1,E:\football_v\04_Data_Processing_AI\feature_store\feature_database_session.py
data,4,E:\football_v\04_Data_Processing_AI\feature_store\feature_dataset_builder.py
dataset,4,E:\football_v\04_Data_Processing_AI\feature_store\feature_dataset_builder.py
feature,2,E:\football_v\04_Data_Processing_AI\feature_store\feature_dataset_builder.py
data,4,E:\football_v\04_Data_Processing_AI\feature_store\feature_dataset_builder_v2.py
dataset,4,E:\football_v\04_Data_Processing_AI\feature_store\feature_dataset_builder_v2.py
feature,1,E:\football_v\04_Data_Processing_AI\feature_store\feature_dataset_builder_v2.py
score,12,E:\football_v\04_Data_Processing_AI\feature_store\feature_dataset_builder_v2.py
data,3,E:\football_v\04_Data_Processing_AI\feature_store\feature_dataset_exporter.py
dataset,1,E:\football_v\04_Data_Processing_AI\feature_store\feature_dataset_exporter.py
json,2,E:\football_v\04_Data_Processing_AI\feature_store\feature_dataset_exporter.py
feature,1,E:\football_v\04_Data_Processing_AI\feature_store\feature_dataset_exporter.py
data,3,E:\football_v\04_Data_Processing_AI\feature_store\feature_dataset_generator.py
dataset,1,E:\football_v\04_Data_Processing_AI\feature_store\feature_dataset_generator.py
json,2,E:\football_v\04_Data_Processing_AI\feature_store\feature_dataset_generator.py
feature,1,E:\football_v\04_Data_Processing_AI\feature_store\feature_dataset_generator.py
data,4,E:\football_v\04_Data_Processing_AI\feature_store\feature_dataset_reporter.py
dataset,2,E:\football_v\04_Data_Processing_AI\feature_store\feature_dataset_reporter.py
read,1,E:\football_v\04_Data_Processing_AI\feature_store\feature_dataset_reporter.py
json,2,E:\football_v\04_Data_Processing_AI\feature_store\feature_dataset_reporter.py
feature,1,E:\football_v\04_Data_Processing_AI\feature_store\feature_dataset_reporter.py
data,3,E:\football_v\04_Data_Processing_AI\feature_store\feature_dataset_schema_validator.py
dataset,1,E:\football_v\04_Data_Processing_AI\feature_store\feature_dataset_schema_validator.py
score,2,E:\football_v\04_Data_Processing_AI\feature_store\feature_dataset_schema_validator.py
data,2,E:\football_v\04_Data_Processing_AI\feature_store\feature_dataset_version_manager.py
dataset,2,E:\football_v\04_Data_Processing_AI\feature_store\feature_dataset_version_manager.py
feature,2,E:\football_v\04_Data_Processing_AI\feature_store\feature_dataset_version_manager.py
data,4,E:\football_v\04_Data_Processing_AI\feature_store\feature_data_ingestion.py
feature,1,E:\football_v\04_Data_Processing_AI\feature_store\feature_data_ingestion.py
data,3,E:\football_v\04_Data_Processing_AI\feature_store\feature_data_loader.py
load,2,E:\football_v\04_Data_Processing_AI\feature_store\feature_data_loader.py
feature,1,E:\football_v\04_Data_Processing_AI\feature_store\feature_data_loader.py
score,4,E:\football_v\04_Data_Processing_AI\feature_store\feature_data_loader.py
feature,1,E:\football_v\04_Data_Processing_AI\feature_store\feature_drift_detector.py
data,3,E:\football_v\04_Data_Processing_AI\feature_store\feature_feature_generator.py
dataset,3,E:\football_v\04_Data_Processing_AI\feature_store\feature_feature_generator.py
feature,1,E:\football_v\04_Data_Processing_AI\feature_store\feature_feature_generator.py
score,4,E:\football_v\04_Data_Processing_AI\feature_store\feature_feature_generator.py
db,2,E:\football_v\04_Data_Processing_AI\feature_store\feature_feedback_optimizer.py
feature,2,E:\football_v\04_Data_Processing_AI\feature_store\feature_feedback_optimizer.py
feature,2,E:\football_v\04_Data_Processing_AI\feature_store\feature_importance_analyzer.py
read,1,E:\football_v\04_Data_Processing_AI\feature_store\feature_ingestion_scheduler.py
feature,1,E:\football_v\04_Data_Processing_AI\feature_store\feature_ingestion_scheduler.py
feature,5,E:\football_v\04_Data_Processing_AI\feature_store\feature_interaction_engine.py
engine,1,E:\football_v\04_Data_Processing_AI\feature_store\feature_interaction_engine.py
feature,4,E:\football_v\04_Data_Processing_AI\feature_store\feature_lineage_tracker.py
data,1,E:\football_v\04_Data_Processing_AI\feature_store\feature_loader.py
load,5,E:\football_v\04_Data_Processing_AI\feature_store\feature_loader.py
feature,3,E:\football_v\04_Data_Processing_AI\feature_store\feature_loader.py
elo,2,E:\football_v\04_Data_Processing_AI\feature_store\feature_loader.py
load,3,E:\football_v\04_Data_Processing_AI\feature_store\feature_loader_service.py
feature,1,E:\football_v\04_Data_Processing_AI\feature_store\feature_loader_service.py
elo,1,E:\football_v\04_Data_Processing_AI\feature_store\feature_loader_service.py
service,1,E:\football_v\04_Data_Processing_AI\feature_store\feature_loader_service.py
load,1,E:\football_v\04_Data_Processing_AI\feature_store\feature_match_reader.py
read,2,E:\football_v\04_Data_Processing_AI\feature_store\feature_match_reader.py
json,3,E:\football_v\04_Data_Processing_AI\feature_store\feature_match_reader.py
feature,1,E:\football_v\04_Data_Processing_AI\feature_store\feature_match_reader.py
data,8,E:\football_v\04_Data_Processing_AI\feature_store\feature_model_adapter.py
feature,5,E:\football_v\04_Data_Processing_AI\feature_store\feature_model_adapter.py
elo,1,E:\football_v\04_Data_Processing_AI\feature_store\feature_model_adapter.py
poisson,1,E:\football_v\04_Data_Processing_AI\feature_store\feature_model_adapter.py
model,1,E:\football_v\04_Data_Processing_AI\feature_store\feature_model_adapter.py
data,2,E:\football_v\04_Data_Processing_AI\feature_store\feature_model_interface.py
feature,1,E:\football_v\04_Data_Processing_AI\feature_store\feature_model_interface.py
model,1,E:\football_v\04_Data_Processing_AI\feature_store\feature_model_interface.py
feature,1,E:\football_v\04_Data_Processing_AI\feature_store\feature_model_registry.py
elo,1,E:\football_v\04_Data_Processing_AI\feature_store\feature_model_registry.py
dixon,1,E:\football_v\04_Data_Processing_AI\feature_store\feature_model_registry.py
poisson,1,E:\football_v\04_Data_Processing_AI\feature_store\feature_model_registry.py
xgboost,1,E:\football_v\04_Data_Processing_AI\feature_store\feature_model_registry.py
model,4,E:\football_v\04_Data_Processing_AI\feature_store\feature_model_registry.py
feature,2,E:\football_v\04_Data_Processing_AI\feature_store\feature_optimizer.py
feature,1,E:\football_v\04_Data_Processing_AI\feature_store\feature_pattern_miner.py
history,3,E:\football_v\04_Data_Processing_AI\feature_store\feature_pattern_miner.py
data,6,E:\football_v\04_Data_Processing_AI\feature_store\feature_pipeline.py
dataset,3,E:\football_v\04_Data_Processing_AI\feature_store\feature_pipeline.py
feature,7,E:\football_v\04_Data_Processing_AI\feature_store\feature_pipeline.py
ev,2,E:\football_v\04_Data_Processing_AI\feature_store\feature_pipeline.py
pipeline,1,E:\football_v\04_Data_Processing_AI\feature_store\feature_pipeline.py
data,11,E:\football_v\04_Data_Processing_AI\feature_store\feature_pipeline_runner.py
dataset,6,E:\football_v\04_Data_Processing_AI\feature_store\feature_pipeline_runner.py
load,6,E:\football_v\04_Data_Processing_AI\feature_store\feature_pipeline_runner.py
feature,7,E:\football_v\04_Data_Processing_AI\feature_store\feature_pipeline_runner.py
pipeline,1,E:\football_v\04_Data_Processing_AI\feature_store\feature_pipeline_runner.py
elo,1,E:\football_v\04_Data_Processing_AI\feature_store\feature_probability_schema.py
dixon,1,E:\football_v\04_Data_Processing_AI\feature_store\feature_probability_schema.py
poisson,1,E:\football_v\04_Data_Processing_AI\feature_store\feature_probability_schema.py
xgboost,1,E:\football_v\04_Data_Processing_AI\feature_store\feature_probability_schema.py
probability,6,E:\football_v\04_Data_Processing_AI\feature_store\feature_probability_schema.py
feature,4,E:\football_v\04_Data_Processing_AI\feature_store\feature_quality_monitor.py
feature,1,E:\football_v\04_Data_Processing_AI\feature_store\feature_quality_reporter.py
feature,1,E:\football_v\04_Data_Processing_AI\feature_store\feature_quality_rules.py
value,1,E:\football_v\04_Data_Processing_AI\feature_store\feature_quality_rules.py
query,1,E:\football_v\04_Data_Processing_AI\feature_store\feature_query_engine.py
feature,1,E:\football_v\04_Data_Processing_AI\feature_store\feature_query_engine.py
engine,1,E:\football_v\04_Data_Processing_AI\feature_store\feature_query_engine.py
query,2,E:\football_v\04_Data_Processing_AI\feature_store\feature_query_service.py
feature,3,E:\football_v\04_Data_Processing_AI\feature_store\feature_query_service.py
service,1,E:\football_v\04_Data_Processing_AI\feature_store\feature_query_service.py
feature,2,E:\football_v\04_Data_Processing_AI\feature_store\feature_reduction_engine.py
engine,1,E:\football_v\04_Data_Processing_AI\feature_store\feature_reduction_engine.py
json,3,E:\football_v\04_Data_Processing_AI\feature_store\feature_registry.py
feature,2,E:\football_v\04_Data_Processing_AI\feature_store\feature_registry.py
elo,1,E:\football_v\04_Data_Processing_AI\feature_store\feature_registry.py
dixon,1,E:\football_v\04_Data_Processing_AI\feature_store\feature_registry.py
poisson,1,E:\football_v\04_Data_Processing_AI\feature_store\feature_registry.py
xgboost,1,E:\football_v\04_Data_Processing_AI\feature_store\feature_registry.py
model,1,E:\football_v\04_Data_Processing_AI\feature_store\feature_registry.py
feature,2,E:\football_v\04_Data_Processing_AI\feature_store\feature_request_router.py
router,1,E:\football_v\04_Data_Processing_AI\feature_store\feature_request_router.py
service,1,E:\football_v\04_Data_Processing_AI\feature_store\feature_request_router.py
data,3,E:\football_v\04_Data_Processing_AI\feature_store\feature_response_formatter.py
feature,1,E:\football_v\04_Data_Processing_AI\feature_store\feature_response_formatter.py
form,3,E:\football_v\04_Data_Processing_AI\feature_store\feature_response_formatter.py
load,3,E:\football_v\04_Data_Processing_AI\feature_store\feature_schema.py
json,3,E:\football_v\04_Data_Processing_AI\feature_store\feature_schema.py
feature,3,E:\football_v\04_Data_Processing_AI\feature_store\feature_schema.py
feature,3,E:\football_v\04_Data_Processing_AI\feature_store\feature_selector_ai.py
load,2,E:\football_v\04_Data_Processing_AI\feature_store\feature_service.py
read,1,E:\football_v\04_Data_Processing_AI\feature_store\feature_service.py
feature,5,E:\football_v\04_Data_Processing_AI\feature_store\feature_service.py
service,4,E:\football_v\04_Data_Processing_AI\feature_store\feature_service.py
feature,2,E:\football_v\04_Data_Processing_AI\feature_store\feature_service_health.py
service,2,E:\football_v\04_Data_Processing_AI\feature_store\feature_service_health.py
data,3,E:\football_v\04_Data_Processing_AI\feature_store\feature_snapshot_manager.py
dataset,3,E:\football_v\04_Data_Processing_AI\feature_store\feature_snapshot_manager.py
feature,1,E:\football_v\04_Data_Processing_AI\feature_store\feature_snapshot_manager.py
feature,4,E:\football_v\04_Data_Processing_AI\feature_store\feature_store.py
data,2,E:\football_v\04_Data_Processing_AI\feature_store\feature_table_mapper.py
feature,1,E:\football_v\04_Data_Processing_AI\feature_store\feature_table_mapper.py
score,2,E:\football_v\04_Data_Processing_AI\feature_store\feature_table_mapper.py
value,2,E:\football_v\04_Data_Processing_AI\feature_store\feature_table_mapper.py
data,1,E:\football_v\04_Data_Processing_AI\feature_store\feature_time_series_manager.py
feature,1,E:\football_v\04_Data_Processing_AI\feature_store\feature_time_series_manager.py
data,3,E:\football_v\04_Data_Processing_AI\feature_store\feature_validation_service.py
feature,1,E:\football_v\04_Data_Processing_AI\feature_store\feature_validation_service.py
ev,1,E:\football_v\04_Data_Processing_AI\feature_store\feature_validation_service.py
service,1,E:\football_v\04_Data_Processing_AI\feature_store\feature_validation_service.py
data,2,E:\football_v\04_Data_Processing_AI\feature_store\feature_validator.py
feature,1,E:\football_v\04_Data_Processing_AI\feature_store\feature_validator.py
ev,1,E:\football_v\04_Data_Processing_AI\feature_store\feature_validator.py
feature,5,E:\football_v\04_Data_Processing_AI\feature_store\feature_version_manager.py
ev,1,E:\football_v\04_Data_Processing_AI\feature_store\feature_version_manager.py
read,1,E:\football_v\04_Data_Processing_AI\feature_store\historical_feature_builder.py
feature,1,E:\football_v\04_Data_Processing_AI\feature_store\historical_feature_builder.py
data,3,E:\football_v\04_Data_Processing_AI\feature_store\historical_feature_database.py
database,3,E:\football_v\04_Data_Processing_AI\feature_store\historical_feature_database.py
db,1,E:\football_v\04_Data_Processing_AI\feature_store\historical_feature_database.py
feature,2,E:\football_v\04_Data_Processing_AI\feature_store\historical_feature_database.py
feature,4,E:\football_v\04_Data_Processing_AI\feature_store\historical_feature_registry.py
history,2,E:\football_v\04_Data_Processing_AI\feature_store\historical_feature_registry.py
form,1,E:\football_v\04_Data_Processing_AI\feature_store\historical_feature_registry.py
elo,1,E:\football_v\04_Data_Processing_AI\feature_store\historical_feature_registry.py
load,1,E:\football_v\04_Data_Processing_AI\feature_store\historical_feature_repository.py
query,3,E:\football_v\04_Data_Processing_AI\feature_store\historical_feature_repository.py
feature,6,E:\football_v\04_Data_Processing_AI\feature_store\historical_feature_repository.py
data,2,E:\football_v\04_Data_Processing_AI\feature_store\historical_feature_repository_v2.py
database,1,E:\football_v\04_Data_Processing_AI\feature_store\historical_feature_repository_v2.py
query,1,E:\football_v\04_Data_Processing_AI\feature_store\historical_feature_repository_v2.py
feature,1,E:\football_v\04_Data_Processing_AI\feature_store\historical_feature_repository_v2.py
feature,2,E:\football_v\04_Data_Processing_AI\feature_store\historical_feature_table_creator.py
history,4,E:\football_v\04_Data_Processing_AI\feature_store\historical_feature_table_creator.py
form,1,E:\football_v\04_Data_Processing_AI\feature_store\historical_feature_table_creator.py
elo,1,E:\football_v\04_Data_Processing_AI\feature_store\historical_feature_table_creator.py
model,1,E:\football_v\04_Data_Processing_AI\feature_store\historical_feature_table_creator.py
feature,1,E:\football_v\04_Data_Processing_AI\feature_store\home_away_feature_engine.py
history,2,E:\football_v\04_Data_Processing_AI\feature_store\home_away_feature_engine.py
engine,1,E:\football_v\04_Data_Processing_AI\feature_store\home_away_feature_engine.py
db,1,E:\football_v\04_Data_Processing_AI\feature_store\intelligent_feature_store.py
feature,1,E:\football_v\04_Data_Processing_AI\feature_store\intelligent_feature_store.py
db,2,E:\football_v\04_Data_Processing_AI\feature_store\model_feedback_collector.py
model,1,E:\football_v\04_Data_Processing_AI\feature_store\model_feedback_collector.py
predict,1,E:\football_v\04_Data_Processing_AI\feature_store\model_feedback_collector.py
prediction,1,E:\football_v\04_Data_Processing_AI\feature_store\model_feedback_collector.py
data,2,E:\football_v\04_Data_Processing_AI\feature_store\model_training_exporter.py
dataset,2,E:\football_v\04_Data_Processing_AI\feature_store\model_training_exporter.py
json,2,E:\football_v\04_Data_Processing_AI\feature_store\model_training_exporter.py
model,1,E:\football_v\04_Data_Processing_AI\feature_store\model_training_exporter.py
train,1,E:\football_v\04_Data_Processing_AI\feature_store\model_training_exporter.py
predict,2,E:\football_v\04_Data_Processing_AI\feature_store\prediction_error_analyzer.py
prediction,2,E:\football_v\04_Data_Processing_AI\feature_store\prediction_error_analyzer.py
data,1,E:\football_v\04_Data_Processing_AI\feature_store\production_release_checker.py
read,1,E:\football_v\04_Data_Processing_AI\feature_store\production_release_checker.py
database,1,E:\football_v\04_Data_Processing_AI\feature_store\production_release_checker.py
feature,1,E:\football_v\04_Data_Processing_AI\feature_store\production_release_checker.py
feature,1,E:\football_v\04_Data_Processing_AI\feature_store\team_form_feature_engine.py
history,3,E:\football_v\04_Data_Processing_AI\feature_store\team_form_feature_engine.py
form,3,E:\football_v\04_Data_Processing_AI\feature_store\team_form_feature_engine.py
engine,1,E:\football_v\04_Data_Processing_AI\feature_store\team_form_feature_engine.py
data,6,E:\football_v\04_Data_Processing_AI\feature_store\training_dataset_builder.py
dataset,6,E:\football_v\04_Data_Processing_AI\feature_store\training_dataset_builder.py
feature,3,E:\football_v\04_Data_Processing_AI\feature_store\training_dataset_builder.py
train,1,E:\football_v\04_Data_Processing_AI\feature_store\training_dataset_builder.py
data,3,E:\football_v\04_Data_Processing_AI\feature_store\validation_dataset_checker.py
dataset,3,E:\football_v\04_Data_Processing_AI\feature_store\validation_dataset_checker.py
feature,3,E:\football_v\04_Data_Processing_AI\feature_store\adapters\dixon_coles_adapter.py
form,2,E:\football_v\04_Data_Processing_AI\feature_store\adapters\dixon_coles_adapter.py
dixon,3,E:\football_v\04_Data_Processing_AI\feature_store\adapters\dixon_coles_adapter.py
model,1,E:\football_v\04_Data_Processing_AI\feature_store\adapters\dixon_coles_adapter.py
data,3,E:\football_v\04_Data_Processing_AI\feature_store\adapters\dixon_coles_feature_adapter.py
read,1,E:\football_v\04_Data_Processing_AI\feature_store\adapters\dixon_coles_feature_adapter.py
feature,2,E:\football_v\04_Data_Processing_AI\feature_store\adapters\dixon_coles_feature_adapter.py
strength,4,E:\football_v\04_Data_Processing_AI\feature_store\adapters\dixon_coles_feature_adapter.py
dixon,2,E:\football_v\04_Data_Processing_AI\feature_store\adapters\dixon_coles_feature_adapter.py
load,2,E:\football_v\04_Data_Processing_AI\feature_store\adapters\elo_adapter.py
feature,3,E:\football_v\04_Data_Processing_AI\feature_store\adapters\elo_adapter.py
form,2,E:\football_v\04_Data_Processing_AI\feature_store\adapters\elo_adapter.py
strength,2,E:\football_v\04_Data_Processing_AI\feature_store\adapters\elo_adapter.py
elo,3,E:\football_v\04_Data_Processing_AI\feature_store\adapters\elo_adapter.py
model,1,E:\football_v\04_Data_Processing_AI\feature_store\adapters\elo_adapter.py
data,3,E:\football_v\04_Data_Processing_AI\feature_store\adapters\elo_feature_adapter.py
read,1,E:\football_v\04_Data_Processing_AI\feature_store\adapters\elo_feature_adapter.py
feature,2,E:\football_v\04_Data_Processing_AI\feature_store\adapters\elo_feature_adapter.py
elo,6,E:\football_v\04_Data_Processing_AI\feature_store\adapters\elo_feature_adapter.py
form,2,E:\football_v\04_Data_Processing_AI\feature_store\adapters\fusion_adapter.py
elo,1,E:\football_v\04_Data_Processing_AI\feature_store\adapters\fusion_adapter.py
dixon,1,E:\football_v\04_Data_Processing_AI\feature_store\adapters\fusion_adapter.py
poisson,1,E:\football_v\04_Data_Processing_AI\feature_store\adapters\fusion_adapter.py
xgboost,1,E:\football_v\04_Data_Processing_AI\feature_store\adapters\fusion_adapter.py
model,4,E:\football_v\04_Data_Processing_AI\feature_store\adapters\fusion_adapter.py
read,1,E:\football_v\04_Data_Processing_AI\feature_store\adapters\fusion_feature_adapter.py
feature,3,E:\football_v\04_Data_Processing_AI\feature_store\adapters\fusion_feature_adapter.py
feature,3,E:\football_v\04_Data_Processing_AI\feature_store\adapters\poisson_adapter.py
form,2,E:\football_v\04_Data_Processing_AI\feature_store\adapters\poisson_adapter.py
poisson,3,E:\football_v\04_Data_Processing_AI\feature_store\adapters\poisson_adapter.py
model,1,E:\football_v\04_Data_Processing_AI\feature_store\adapters\poisson_adapter.py
data,3,E:\football_v\04_Data_Processing_AI\feature_store\adapters\poisson_feature_adapter.py
read,1,E:\football_v\04_Data_Processing_AI\feature_store\adapters\poisson_feature_adapter.py
feature,2,E:\football_v\04_Data_Processing_AI\feature_store\adapters\poisson_feature_adapter.py
poisson,2,E:\football_v\04_Data_Processing_AI\feature_store\adapters\poisson_feature_adapter.py
feature,4,E:\football_v\04_Data_Processing_AI\feature_store\adapters\xgboost_adapter.py
form,2,E:\football_v\04_Data_Processing_AI\feature_store\adapters\xgboost_adapter.py
xgboost,3,E:\football_v\04_Data_Processing_AI\feature_store\adapters\xgboost_adapter.py
model,1,E:\football_v\04_Data_Processing_AI\feature_store\adapters\xgboost_adapter.py
data,2,E:\football_v\04_Data_Processing_AI\feature_store\adapters\xgboost_feature_adapter.py
read,1,E:\football_v\04_Data_Processing_AI\feature_store\adapters\xgboost_feature_adapter.py
feature,4,E:\football_v\04_Data_Processing_AI\feature_store\adapters\xgboost_feature_adapter.py
xgboost,1,E:\football_v\04_Data_Processing_AI\feature_store\adapters\xgboost_feature_adapter.py
data,2,E:\football_v\04_Data_Processing_AI\feature_store\tests\ai_feature_dataset_test.py
dataset,2,E:\football_v\04_Data_Processing_AI\feature_store\tests\ai_feature_dataset_test.py
json,2,E:\football_v\04_Data_Processing_AI\feature_store\tests\ai_feature_dataset_test.py
feature,5,E:\football_v\04_Data_Processing_AI\feature_store\tests\ai_feature_dataset_test.py
model,1,E:\football_v\04_Data_Processing_AI\feature_store\tests\ai_feature_dataset_test.py
probability,1,E:\football_v\04_Data_Processing_AI\feature_store\tests\ai_feature_dataset_test.py
data,2,E:\football_v\04_Data_Processing_AI\feature_store\tests\environment_flow_test.py
dataset,1,E:\football_v\04_Data_Processing_AI\feature_store\tests\environment_flow_test.py
json,2,E:\football_v\04_Data_Processing_AI\feature_store\tests\environment_flow_test.py
feature,1,E:\football_v\04_Data_Processing_AI\feature_store\tests\environment_flow_test.py
service,1,E:\football_v\04_Data_Processing_AI\feature_store\tests\environment_flow_test.py
data,3,E:\football_v\04_Data_Processing_AI\feature_store\tests\feature_database_health_test.py
json,2,E:\football_v\04_Data_Processing_AI\feature_store\tests\feature_database_health_test.py
database,3,E:\football_v\04_Data_Processing_AI\feature_store\tests\feature_database_health_test.py
feature,5,E:\football_v\04_Data_Processing_AI\feature_store\tests\feature_database_health_test.py
data,2,E:\football_v\04_Data_Processing_AI\feature_store\tests\feature_database_integration_test.py
dataset,1,E:\football_v\04_Data_Processing_AI\feature_store\tests\feature_database_integration_test.py
json,2,E:\football_v\04_Data_Processing_AI\feature_store\tests\feature_database_integration_test.py
database,1,E:\football_v\04_Data_Processing_AI\feature_store\tests\feature_database_integration_test.py
query,1,E:\football_v\04_Data_Processing_AI\feature_store\tests\feature_database_integration_test.py
feature,5,E:\football_v\04_Data_Processing_AI\feature_store\tests\feature_database_integration_test.py
engine,1,E:\football_v\04_Data_Processing_AI\feature_store\tests\feature_database_integration_test.py
service,1,E:\football_v\04_Data_Processing_AI\feature_store\tests\feature_database_integration_test.py
data,2,E:\football_v\04_Data_Processing_AI\feature_store\tests\feature_dataset_generation_test.py
dataset,2,E:\football_v\04_Data_Processing_AI\feature_store\tests\feature_dataset_generation_test.py
read,1,E:\football_v\04_Data_Processing_AI\feature_store\tests\feature_dataset_generation_test.py
json,2,E:\football_v\04_Data_Processing_AI\feature_store\tests\feature_dataset_generation_test.py
feature,6,E:\football_v\04_Data_Processing_AI\feature_store\tests\feature_dataset_generation_test.py
data,2,E:\football_v\04_Data_Processing_AI\feature_store\tests\feature_ingestion_test.py
load,1,E:\football_v\04_Data_Processing_AI\feature_store\tests\feature_ingestion_test.py
json,2,E:\football_v\04_Data_Processing_AI\feature_store\tests\feature_ingestion_test.py
feature,5,E:\football_v\04_Data_Processing_AI\feature_store\tests\feature_ingestion_test.py
service,2,E:\football_v\04_Data_Processing_AI\feature_store\tests\feature_ingestion_test.py
data,3,E:\football_v\04_Data_Processing_AI\feature_store\tests\feature_store_data_test.py
dataset,1,E:\football_v\04_Data_Processing_AI\feature_store\tests\feature_store_data_test.py
load,1,E:\football_v\04_Data_Processing_AI\feature_store\tests\feature_store_data_test.py
read,1,E:\football_v\04_Data_Processing_AI\feature_store\tests\feature_store_data_test.py
json,2,E:\football_v\04_Data_Processing_AI\feature_store\tests\feature_store_data_test.py
database,1,E:\football_v\04_Data_Processing_AI\feature_store\tests\feature_store_data_test.py
feature,5,E:\football_v\04_Data_Processing_AI\feature_store\tests\feature_store_data_test.py
pipeline,1,E:\football_v\04_Data_Processing_AI\feature_store\tests\feature_store_data_test.py
data,2,E:\football_v\04_Data_Processing_AI\feature_store\tests\feature_store_pipeline_test.py
dataset,1,E:\football_v\04_Data_Processing_AI\feature_store\tests\feature_store_pipeline_test.py
json,2,E:\football_v\04_Data_Processing_AI\feature_store\tests\feature_store_pipeline_test.py
database,1,E:\football_v\04_Data_Processing_AI\feature_store\tests\feature_store_pipeline_test.py
feature,5,E:\football_v\04_Data_Processing_AI\feature_store\tests\feature_store_pipeline_test.py
pipeline,1,E:\football_v\04_Data_Processing_AI\feature_store\tests\feature_store_pipeline_test.py
json,2,E:\football_v\04_Data_Processing_AI\feature_store\tests\feature_store_test.py
feature,5,E:\football_v\04_Data_Processing_AI\feature_store\tests\feature_store_test.py
service,1,E:\football_v\04_Data_Processing_AI\feature_store\tests\feature_store_test.py
json,2,E:\football_v\04_Data_Processing_AI\feature_store\tests\feature_store_v2.6_full_test.py
feature,14,E:\football_v\04_Data_Processing_AI\feature_store\tests\feature_store_v2.6_full_test.py
form,1,E:\football_v\04_Data_Processing_AI\feature_store\tests\feature_store_v2.6_full_test.py
router,1,E:\football_v\04_Data_Processing_AI\feature_store\tests\feature_store_v2.6_full_test.py
service,2,E:\football_v\04_Data_Processing_AI\feature_store\tests\feature_store_v2.6_full_test.py
json,2,E:\football_v\04_Data_Processing_AI\feature_store\tests\feature_store_v3.0_full_test.py
db,2,E:\football_v\04_Data_Processing_AI\feature_store\tests\feature_store_v3.0_full_test.py
feature,11,E:\football_v\04_Data_Processing_AI\feature_store\tests\feature_store_v3.0_full_test.py
model,1,E:\football_v\04_Data_Processing_AI\feature_store\tests\feature_store_v3.0_full_test.py
predict,1,E:\football_v\04_Data_Processing_AI\feature_store\tests\feature_store_v3.0_full_test.py
prediction,1,E:\football_v\04_Data_Processing_AI\feature_store\tests\feature_store_v3.0_full_test.py
engine,2,E:\football_v\04_Data_Processing_AI\feature_store\tests\feature_store_v3.0_full_test.py
data,1,E:\football_v\04_Data_Processing_AI\feature_store\tests\historical_feature_database_test.py
json,2,E:\football_v\04_Data_Processing_AI\feature_store\tests\historical_feature_database_test.py
database,1,E:\football_v\04_Data_Processing_AI\feature_store\tests\historical_feature_database_test.py
query,1,E:\football_v\04_Data_Processing_AI\feature_store\tests\historical_feature_database_test.py
feature,5,E:\football_v\04_Data_Processing_AI\feature_store\tests\historical_feature_database_test.py
service,1,E:\football_v\04_Data_Processing_AI\feature_store\tests\historical_feature_database_test.py
json,2,E:\football_v\04_Data_Processing_AI\feature_store\tests\historical_feature_store_test.py
feature,7,E:\football_v\04_Data_Processing_AI\feature_store\tests\historical_feature_store_test.py
history,1,E:\football_v\04_Data_Processing_AI\feature_store\tests\historical_feature_store_test.py
form,1,E:\football_v\04_Data_Processing_AI\feature_store\tests\historical_feature_store_test.py
elo,1,E:\football_v\04_Data_Processing_AI\feature_store\tests\historical_feature_store_test.py
engine,3,E:\football_v\04_Data_Processing_AI\feature_store\tests\historical_feature_store_test.py
json,2,E:\football_v\04_Data_Processing_AI\feature_store\tests\model_feature_adapter_test.py
feature,8,E:\football_v\04_Data_Processing_AI\feature_store\tests\model_feature_adapter_test.py
elo,1,E:\football_v\04_Data_Processing_AI\feature_store\tests\model_feature_adapter_test.py
dixon,1,E:\football_v\04_Data_Processing_AI\feature_store\tests\model_feature_adapter_test.py
poisson,1,E:\football_v\04_Data_Processing_AI\feature_store\tests\model_feature_adapter_test.py
xgboost,1,E:\football_v\04_Data_Processing_AI\feature_store\tests\model_feature_adapter_test.py
model,2,E:\football_v\04_Data_Processing_AI\feature_store\tests\model_feature_adapter_test.py
data,3,E:\football_v\04_Data_Processing_AI\feature_store\tests\postgres_runtime_test.py
json,2,E:\football_v\04_Data_Processing_AI\feature_store\tests\postgres_runtime_test.py
database,3,E:\football_v\04_Data_Processing_AI\feature_store\tests\postgres_runtime_test.py
feature,3,E:\football_v\04_Data_Processing_AI\feature_store\tests\postgres_runtime_test.py
service,1,E:\football_v\04_Data_Processing_AI\feature_store\tests\postgres_runtime_test.py
data,3,E:\football_v\04_Data_Processing_AI\feature_store\tests\training_dataset_pipeline_test.py
dataset,3,E:\football_v\04_Data_Processing_AI\feature_store\tests\training_dataset_pipeline_test.py
json,2,E:\football_v\04_Data_Processing_AI\feature_store\tests\training_dataset_pipeline_test.py
feature,1,E:\football_v\04_Data_Processing_AI\feature_store\tests\training_dataset_pipeline_test.py
model,1,E:\football_v\04_Data_Processing_AI\feature_store\tests\training_dataset_pipeline_test.py
train,2,E:\football_v\04_Data_Processing_AI\feature_store\tests\training_dataset_pipeline_test.py
data,1,E:\football_v\05_AI_Intelligence_Layer\FUSION_DECISION_ENGINE\decision_manager.py
model,1,E:\football_v\05_AI_Intelligence_Layer\FUSION_DECISION_ENGINE\fusion_engine.py
engine,1,E:\football_v\05_AI_Intelligence_Layer\FUSION_DECISION_ENGINE\fusion_engine.py
data,2,E:\football_v\05_AI_Intelligence_Layer\MODEL_ADAPTER_FRAMEWORK\adapter_base.py
train,1,E:\football_v\05_AI_Intelligence_Layer\MODEL_ADAPTER_FRAMEWORK\adapter_base.py
predict,1,E:\football_v\05_AI_Intelligence_Layer\MODEL_ADAPTER_FRAMEWORK\adapter_base.py
ev,1,E:\football_v\05_AI_Intelligence_Layer\MODEL_ADAPTER_FRAMEWORK\adapter_base.py
predict,2,E:\football_v\05_AI_Intelligence_Layer\MODEL_EVALUATION_ENGINE\evaluator.py
prediction,2,E:\football_v\05_AI_Intelligence_Layer\MODEL_EVALUATION_ENGINE\evaluator.py
ev,2,E:\football_v\05_AI_Intelligence_Layer\MODEL_EVALUATION_ENGINE\evaluator.py
elo,1,E:\football_v\05_AI_Intelligence_Layer\MODEL_REGISTRY\model_catalog.py
dixon,1,E:\football_v\05_AI_Intelligence_Layer\MODEL_REGISTRY\model_catalog.py
poisson,1,E:\football_v\05_AI_Intelligence_Layer\MODEL_REGISTRY\model_catalog.py
xgboost,1,E:\football_v\05_AI_Intelligence_Layer\MODEL_REGISTRY\model_catalog.py
model,1,E:\football_v\05_AI_Intelligence_Layer\MODEL_REGISTRY\model_catalog.py
elo,1,E:\football_v\05_AI_Intelligence_Layer\MODEL_REGISTRY\model_registry.py
dixon,1,E:\football_v\05_AI_Intelligence_Layer\MODEL_REGISTRY\model_registry.py
poisson,1,E:\football_v\05_AI_Intelligence_Layer\MODEL_REGISTRY\model_registry.py
xgboost,1,E:\football_v\05_AI_Intelligence_Layer\MODEL_REGISTRY\model_registry.py
model,5,E:\football_v\05_AI_Intelligence_Layer\MODEL_REGISTRY\model_registry.py
model,2,E:\football_v\05_AI_Intelligence_Layer\MODEL_REGISTRY\model_status_manager.py
model,2,E:\football_v\05_AI_Intelligence_Layer\MODEL_REGISTRY\model_version_manager.py
engine,1,E:\football_v\05_AI_Intelligence_Layer\SELF_REFLECTION_ENGINE\reflection_engine.py
load,1,E:\football_v\05_MODEL_AI\MODEL_LAYER\feature_store_connector.py
feature,3,E:\football_v\05_MODEL_AI\MODEL_LAYER\feature_store_connector.py
data,1,E:\football_v\05_MODEL_AI\MODEL_LAYER\model_interface.py
load,1,E:\football_v\05_MODEL_AI\MODEL_LAYER\model_interface.py
feature,1,E:\football_v\05_MODEL_AI\MODEL_LAYER\model_interface.py
model,1,E:\football_v\05_MODEL_AI\MODEL_LAYER\model_interface.py
train,1,E:\football_v\05_MODEL_AI\MODEL_LAYER\model_interface.py
predict,1,E:\football_v\05_MODEL_AI\MODEL_LAYER\model_interface.py
ev,1,E:\football_v\05_MODEL_AI\MODEL_LAYER\model_interface.py
load,3,E:\football_v\05_MODEL_AI\MODEL_LAYER\model_loader.py
model,5,E:\football_v\05_MODEL_AI\MODEL_LAYER\model_loader.py
model,8,E:\football_v\05_MODEL_AI\MODEL_LAYER\model_registry.py
read,1,E:\football_v\05_MODEL_AI\MODEL_LAYER\model_runtime.py
model,1,E:\football_v\05_MODEL_AI\MODEL_LAYER\model_runtime.py
runtime,1,E:\football_v\05_MODEL_AI\MODEL_LAYER\model_runtime.py
predict,1,E:\football_v\05_MODEL_AI\MODEL_LAYER\backtest\backtest_engine.py
prediction,1,E:\football_v\05_MODEL_AI\MODEL_LAYER\backtest\backtest_engine.py
engine,1,E:\football_v\05_MODEL_AI\MODEL_LAYER\backtest\backtest_engine.py
data,2,E:\football_v\05_MODEL_AI\MODEL_LAYER\backtest\model_accuracy_report.py
model,1,E:\football_v\05_MODEL_AI\MODEL_LAYER\backtest\model_accuracy_report.py
predict,4,E:\football_v\05_MODEL_AI\MODEL_LAYER\backtest\prediction_tracker.py
prediction,4,E:\football_v\05_MODEL_AI\MODEL_LAYER\backtest\prediction_tracker.py
fit,2,E:\football_v\05_MODEL_AI\MODEL_LAYER\backtest\roi_analyzer.py
roi,2,E:\football_v\05_MODEL_AI\MODEL_LAYER\backtest\roi_analyzer.py
data,4,E:\football_v\05_MODEL_AI\MODEL_LAYER\fusion\fusion_engine.py
elo,1,E:\football_v\05_MODEL_AI\MODEL_LAYER\fusion\fusion_engine.py
dixon,1,E:\football_v\05_MODEL_AI\MODEL_LAYER\fusion\fusion_engine.py
poisson,1,E:\football_v\05_MODEL_AI\MODEL_LAYER\fusion\fusion_engine.py
xgboost,1,E:\football_v\05_MODEL_AI\MODEL_LAYER\fusion\fusion_engine.py
model,2,E:\football_v\05_MODEL_AI\MODEL_LAYER\fusion\fusion_engine.py
predict,2,E:\football_v\05_MODEL_AI\MODEL_LAYER\fusion\fusion_engine.py
prediction,2,E:\football_v\05_MODEL_AI\MODEL_LAYER\fusion\fusion_engine.py
engine,1,E:\football_v\05_MODEL_AI\MODEL_LAYER\fusion\fusion_engine.py
probability,4,E:\football_v\05_MODEL_AI\MODEL_LAYER\fusion\probability_calculator.py
value,3,E:\football_v\05_MODEL_AI\MODEL_LAYER\fusion\probability_calculator.py
data,1,E:\football_v\05_MODEL_AI\MODEL_LAYER\models\dixon_coles_model.py
feature,1,E:\football_v\05_MODEL_AI\MODEL_LAYER\models\dixon_coles_model.py
dixon,2,E:\football_v\05_MODEL_AI\MODEL_LAYER\models\dixon_coles_model.py
model,2,E:\football_v\05_MODEL_AI\MODEL_LAYER\models\dixon_coles_model.py
train,2,E:\football_v\05_MODEL_AI\MODEL_LAYER\models\dixon_coles_model.py
predict,1,E:\football_v\05_MODEL_AI\MODEL_LAYER\models\dixon_coles_model.py
data,1,E:\football_v\05_MODEL_AI\MODEL_LAYER\models\elo_model.py
feature,1,E:\football_v\05_MODEL_AI\MODEL_LAYER\models\elo_model.py
elo,2,E:\football_v\05_MODEL_AI\MODEL_LAYER\models\elo_model.py
model,2,E:\football_v\05_MODEL_AI\MODEL_LAYER\models\elo_model.py
train,2,E:\football_v\05_MODEL_AI\MODEL_LAYER\models\elo_model.py
predict,1,E:\football_v\05_MODEL_AI\MODEL_LAYER\models\elo_model.py
data,1,E:\football_v\05_MODEL_AI\MODEL_LAYER\models\poisson_model.py
feature,1,E:\football_v\05_MODEL_AI\MODEL_LAYER\models\poisson_model.py
poisson,2,E:\football_v\05_MODEL_AI\MODEL_LAYER\models\poisson_model.py
model,2,E:\football_v\05_MODEL_AI\MODEL_LAYER\models\poisson_model.py
train,2,E:\football_v\05_MODEL_AI\MODEL_LAYER\models\poisson_model.py
predict,1,E:\football_v\05_MODEL_AI\MODEL_LAYER\models\poisson_model.py
data,1,E:\football_v\05_MODEL_AI\MODEL_LAYER\models\xgboost_model.py
feature,1,E:\football_v\05_MODEL_AI\MODEL_LAYER\models\xgboost_model.py
xgboost,2,E:\football_v\05_MODEL_AI\MODEL_LAYER\models\xgboost_model.py
model,2,E:\football_v\05_MODEL_AI\MODEL_LAYER\models\xgboost_model.py
train,2,E:\football_v\05_MODEL_AI\MODEL_LAYER\models\xgboost_model.py
predict,1,E:\football_v\05_MODEL_AI\MODEL_LAYER\models\xgboost_model.py
load,1,E:\football_v\05_MODEL_AI\MODEL_LAYER\tests\model_layer_v1.3_full_test.py
json,2,E:\football_v\05_MODEL_AI\MODEL_LAYER\tests\model_layer_v1.3_full_test.py
feature,1,E:\football_v\05_MODEL_AI\MODEL_LAYER\tests\model_layer_v1.3_full_test.py
elo,1,E:\football_v\05_MODEL_AI\MODEL_LAYER\tests\model_layer_v1.3_full_test.py
dixon,1,E:\football_v\05_MODEL_AI\MODEL_LAYER\tests\model_layer_v1.3_full_test.py
poisson,1,E:\football_v\05_MODEL_AI\MODEL_LAYER\tests\model_layer_v1.3_full_test.py
xgboost,1,E:\football_v\05_MODEL_AI\MODEL_LAYER\tests\model_layer_v1.3_full_test.py
model,14,E:\football_v\05_MODEL_AI\MODEL_LAYER\tests\model_layer_v1.3_full_test.py
predict,1,E:\football_v\05_MODEL_AI\MODEL_LAYER\tests\model_layer_v1.3_full_test.py
prediction,1,E:\football_v\05_MODEL_AI\MODEL_LAYER\tests\model_layer_v1.3_full_test.py
probability,1,E:\football_v\05_MODEL_AI\MODEL_LAYER\tests\model_layer_v1.3_full_test.py
roi,1,E:\football_v\05_MODEL_AI\MODEL_LAYER\tests\model_layer_v1.3_full_test.py
engine,2,E:\football_v\05_MODEL_AI\MODEL_LAYER\tests\model_layer_v1.3_full_test.py
runtime,1,E:\football_v\05_MODEL_AI\MODEL_LAYER\tests\model_layer_v1.3_full_test.py
probability,6,E:\football_v\06_PREDICTION_ENGINE\confidence_calculator.py
score,1,E:\football_v\06_PREDICTION_ENGINE\confidence_calculator.py
value,1,E:\football_v\06_PREDICTION_ENGINE\confidence_calculator.py
ev,4,E:\football_v\06_PREDICTION_ENGINE\confidence_calculator.py
probability,4,E:\football_v\06_PREDICTION_ENGINE\correct_score_calculator.py
score,6,E:\football_v\06_PREDICTION_ENGINE\correct_score_calculator.py
ev,1,E:\football_v\06_PREDICTION_ENGINE\correct_score_calculator.py
poisson,3,E:\football_v\06_PREDICTION_ENGINE\goal_distribution.py
probability,2,E:\football_v\06_PREDICTION_ENGINE\goal_distribution.py
model,5,E:\football_v\06_PREDICTION_ENGINE\market_probability_compare.py
probability,1,E:\football_v\06_PREDICTION_ENGINE\market_probability_compare.py
market,5,E:\football_v\06_PREDICTION_ENGINE\market_probability_compare.py
predict,3,E:\football_v\06_PREDICTION_ENGINE\prediction_interface.py
prediction,2,E:\football_v\06_PREDICTION_ENGINE\prediction_interface.py
predict,1,E:\football_v\06_PREDICTION_ENGINE\prediction_registry.py
prediction,1,E:\football_v\06_PREDICTION_ENGINE\prediction_registry.py
service,2,E:\football_v\06_PREDICTION_ENGINE\prediction_registry.py
predict,1,E:\football_v\06_PREDICTION_ENGINE\prediction_runtime.py
prediction,1,E:\football_v\06_PREDICTION_ENGINE\prediction_runtime.py
runtime,1,E:\football_v\06_PREDICTION_ENGINE\prediction_runtime.py
read,1,E:\football_v\06_PREDICTION_ENGINE\prediction_service.py
feature,2,E:\football_v\06_PREDICTION_ENGINE\prediction_service.py
model,4,E:\football_v\06_PREDICTION_ENGINE\prediction_service.py
predict,3,E:\football_v\06_PREDICTION_ENGINE\prediction_service.py
prediction,1,E:\football_v\06_PREDICTION_ENGINE\prediction_service.py
service,2,E:\football_v\06_PREDICTION_ENGINE\prediction_service.py
probability,5,E:\football_v\06_PREDICTION_ENGINE\probability_calibrator.py
value,3,E:\football_v\06_PREDICTION_ENGINE\probability_calibrator.py
read,1,E:\football_v\06_PREDICTION_ENGINE\probability_engine.py
model,7,E:\football_v\06_PREDICTION_ENGINE\probability_engine.py
predict,7,E:\football_v\06_PREDICTION_ENGINE\probability_engine.py
prediction,7,E:\football_v\06_PREDICTION_ENGINE\probability_engine.py
probability,9,E:\football_v\06_PREDICTION_ENGINE\probability_engine.py
market,5,E:\football_v\06_PREDICTION_ENGINE\probability_engine.py
value,3,E:\football_v\06_PREDICTION_ENGINE\probability_engine.py
engine,1,E:\football_v\06_PREDICTION_ENGINE\probability_engine.py
probability,5,E:\football_v\06_PREDICTION_ENGINE\risk_engine.py
value,1,E:\football_v\06_PREDICTION_ENGINE\risk_engine.py
ev,1,E:\football_v\06_PREDICTION_ENGINE\risk_engine.py
engine,1,E:\football_v\06_PREDICTION_ENGINE\risk_engine.py
predict,2,E:\football_v\06_PREDICTION_ENGINE\score_prediction_engine.py
prediction,1,E:\football_v\06_PREDICTION_ENGINE\score_prediction_engine.py
probability,3,E:\football_v\06_PREDICTION_ENGINE\score_prediction_engine.py
score,14,E:\football_v\06_PREDICTION_ENGINE\score_prediction_engine.py
engine,3,E:\football_v\06_PREDICTION_ENGINE\score_prediction_engine.py
model,3,E:\football_v\06_PREDICTION_ENGINE\value_analyzer.py
probability,5,E:\football_v\06_PREDICTION_ENGINE\value_analyzer.py
market,2,E:\football_v\06_PREDICTION_ENGINE\value_analyzer.py
value,4,E:\football_v\06_PREDICTION_ENGINE\value_analyzer.py
json,2,E:\football_v\06_PREDICTION_ENGINE\tests\prediction_engine_v1.3_full_test.py
predict,6,E:\football_v\06_PREDICTION_ENGINE\tests\prediction_engine_v1.3_full_test.py
prediction,6,E:\football_v\06_PREDICTION_ENGINE\tests\prediction_engine_v1.3_full_test.py
probability,3,E:\football_v\06_PREDICTION_ENGINE\tests\prediction_engine_v1.3_full_test.py
score,2,E:\football_v\06_PREDICTION_ENGINE\tests\prediction_engine_v1.3_full_test.py
market,1,E:\football_v\06_PREDICTION_ENGINE\tests\prediction_engine_v1.3_full_test.py
value,1,E:\football_v\06_PREDICTION_ENGINE\tests\prediction_engine_v1.3_full_test.py
engine,4,E:\football_v\06_PREDICTION_ENGINE\tests\prediction_engine_v1.3_full_test.py
runtime,1,E:\football_v\06_PREDICTION_ENGINE\tests\prediction_engine_v1.3_full_test.py
service,1,E:\football_v\06_PREDICTION_ENGINE\tests\prediction_engine_v1.3_full_test.py
elo,1,E:\football_v\06_PREDICTION_INTELLIGENCE_ENGINE\advanced_model_connector\connector_manager.py
dixon,1,E:\football_v\06_PREDICTION_INTELLIGENCE_ENGINE\advanced_model_connector\connector_manager.py
poisson,1,E:\football_v\06_PREDICTION_INTELLIGENCE_ENGINE\advanced_model_connector\connector_manager.py
xgboost,1,E:\football_v\06_PREDICTION_INTELLIGENCE_ENGINE\advanced_model_connector\connector_manager.py
model,1,E:\football_v\06_PREDICTION_INTELLIGENCE_ENGINE\advanced_model_connector\connector_manager.py
dixon,2,E:\football_v\06_PREDICTION_INTELLIGENCE_ENGINE\advanced_model_connector\dixon_coles_connector.py
elo,2,E:\football_v\06_PREDICTION_INTELLIGENCE_ENGINE\advanced_model_connector\elo_connector.py
poisson,2,E:\football_v\06_PREDICTION_INTELLIGENCE_ENGINE\advanced_model_connector\poisson_connector.py
xgboost,2,E:\football_v\06_PREDICTION_INTELLIGENCE_ENGINE\advanced_model_connector\xgboost_connector.py
value,2,E:\football_v\06_PREDICTION_INTELLIGENCE_ENGINE\confidence_calibration\calibration_engine.py
engine,1,E:\football_v\06_PREDICTION_INTELLIGENCE_ENGINE\confidence_calibration\calibration_engine.py
elo,1,E:\football_v\06_PREDICTION_INTELLIGENCE_ENGINE\model_connector\model_connector.py
dixon,1,E:\football_v\06_PREDICTION_INTELLIGENCE_ENGINE\model_connector\model_connector.py
poisson,1,E:\football_v\06_PREDICTION_INTELLIGENCE_ENGINE\model_connector\model_connector.py
xgboost,1,E:\football_v\06_PREDICTION_INTELLIGENCE_ENGINE\model_connector\model_connector.py
model,1,E:\football_v\06_PREDICTION_INTELLIGENCE_ENGINE\model_connector\model_connector.py
read,1,E:\football_v\06_PREDICTION_INTELLIGENCE_ENGINE\prediction_api\api_service.py
predict,1,E:\football_v\06_PREDICTION_INTELLIGENCE_ENGINE\prediction_api\api_service.py
prediction,1,E:\football_v\06_PREDICTION_INTELLIGENCE_ENGINE\prediction_api\api_service.py
read,1,E:\football_v\06_PREDICTION_INTELLIGENCE_ENGINE\probability_engine\probability_fusion.py
model,3,E:\football_v\06_PREDICTION_INTELLIGENCE_ENGINE\probability_engine\probability_fusion.py
probability,1,E:\football_v\06_PREDICTION_INTELLIGENCE_ENGINE\probability_engine\probability_fusion.py
model,3,E:\football_v\06_PREDICTION_INTELLIGENCE_ENGINE\real_probability_engine\fusion_calculator.py
data,1,E:\football_v\06_PREDICTION_INTELLIGENCE_ENGINE\real_probability_engine\probability_service.py
read,1,E:\football_v\06_PREDICTION_INTELLIGENCE_ENGINE\real_probability_engine\probability_service.py
probability,1,E:\football_v\06_PREDICTION_INTELLIGENCE_ENGINE\real_probability_engine\probability_service.py
service,1,E:\football_v\06_PREDICTION_INTELLIGENCE_ENGINE\real_probability_engine\probability_service.py
data,1,E:\football_v\06_PREDICTION_INTELLIGENCE_ENGINE\regular_time_prediction\prediction_engine.py
read,1,E:\football_v\06_PREDICTION_INTELLIGENCE_ENGINE\regular_time_prediction\prediction_engine.py
predict,2,E:\football_v\06_PREDICTION_INTELLIGENCE_ENGINE\regular_time_prediction\prediction_engine.py
prediction,1,E:\football_v\06_PREDICTION_INTELLIGENCE_ENGINE\regular_time_prediction\prediction_engine.py
ev,1,E:\football_v\06_PREDICTION_INTELLIGENCE_ENGINE\risk_engine\risk_manager.py
model,1,E:\football_v\06_PREDICTION_INTELLIGENCE_ENGINE\risk_intelligence_engine\model_conflict.py
read,1,E:\football_v\06_PREDICTION_INTELLIGENCE_ENGINE\score_prediction\score_predictor.py
predict,2,E:\football_v\06_PREDICTION_INTELLIGENCE_ENGINE\score_prediction\score_predictor.py
score,2,E:\football_v\06_PREDICTION_INTELLIGENCE_ENGINE\score_prediction\score_predictor.py
score,1,E:\football_v\06_PREDICTION_INTELLIGENCE_ENGINE\score_probability_engine\score_distribution.py
read,1,E:\football_v\06_PREDICTION_INTELLIGENCE_ENGINE\score_probability_engine\score_service.py
score,1,E:\football_v\06_PREDICTION_INTELLIGENCE_ENGINE\score_probability_engine\score_service.py
service,1,E:\football_v\06_PREDICTION_INTELLIGENCE_ENGINE\score_probability_engine\score_service.py
read,1,E:\football_v\07_AI_ORCHESTRATION_LAYER\data_pipeline\feature_pipeline.py
feature,2,E:\football_v\07_AI_ORCHESTRATION_LAYER\data_pipeline\feature_pipeline.py
pipeline,1,E:\football_v\07_AI_ORCHESTRATION_LAYER\data_pipeline\feature_pipeline.py
load,1,E:\football_v\07_AI_ORCHESTRATION_LAYER\data_pipeline\input_manager.py
read,1,E:\football_v\07_AI_ORCHESTRATION_LAYER\data_pipeline\input_manager.py
read,1,E:\football_v\07_AI_ORCHESTRATION_LAYER\data_pipeline\output_pipeline.py
pipeline,1,E:\football_v\07_AI_ORCHESTRATION_LAYER\data_pipeline\output_pipeline.py
read,1,E:\football_v\07_AI_ORCHESTRATION_LAYER\decision_interface\decision_service.py
service,1,E:\football_v\07_AI_ORCHESTRATION_LAYER\decision_interface\decision_service.py
read,1,E:\football_v\07_AI_ORCHESTRATION_LAYER\learning_hook\backup_feedback_receiver_V1.0.py
db,2,E:\football_v\07_AI_ORCHESTRATION_LAYER\learning_hook\backup_feedback_receiver_V1.0.py
model,2,E:\football_v\07_AI_ORCHESTRATION_LAYER\model_router\model_selector.py
elo,1,E:\football_v\07_AI_ORCHESTRATION_LAYER\model_router\router.py
dixon,1,E:\football_v\07_AI_ORCHESTRATION_LAYER\model_router\router.py
poisson,1,E:\football_v\07_AI_ORCHESTRATION_LAYER\model_router\router.py
xgboost,1,E:\football_v\07_AI_ORCHESTRATION_LAYER\model_router\router.py
model,1,E:\football_v\07_AI_ORCHESTRATION_LAYER\model_router\router.py
router,1,E:\football_v\07_AI_ORCHESTRATION_LAYER\model_router\router.py
pipeline,1,E:\football_v\07_AI_ORCHESTRATION_LAYER\orchestration_core\orchestrator.py
read,1,E:\football_v\07_AI_ORCHESTRATION_LAYER\orchestration_core\pipeline_manager.py
pipeline,2,E:\football_v\07_AI_ORCHESTRATION_LAYER\orchestration_core\pipeline_manager.py
read,1,E:\football_v\07_AI_ORCHESTRATION_LAYER\orchestration_core\task_scheduler.py
read,1,E:\football_v\07_AI_ORCHESTRATION_LAYER\report_engine\report_generator.py
predict,5,E:\football_v\07_BACKTEST_AI\accuracy_evaluator.py
prediction,5,E:\football_v\07_BACKTEST_AI\accuracy_evaluator.py
ev,1,E:\football_v\07_BACKTEST_AI\accuracy_evaluator.py
data,2,E:\football_v\07_BACKTEST_AI\backtest_engine.py
dataset,2,E:\football_v\07_BACKTEST_AI\backtest_engine.py
predict,4,E:\football_v\07_BACKTEST_AI\backtest_engine.py
prediction,4,E:\football_v\07_BACKTEST_AI\backtest_engine.py
ev,1,E:\football_v\07_BACKTEST_AI\backtest_engine.py
engine,1,E:\football_v\07_BACKTEST_AI\backtest_engine.py
data,2,E:\football_v\07_BACKTEST_AI\backtest_runner.py
dataset,2,E:\football_v\07_BACKTEST_AI\backtest_runner.py
engine,4,E:\football_v\07_BACKTEST_AI\backtest_runner.py
bet,10,E:\football_v\07_BACKTEST_AI\betting_result_analyzer.py
score,1,E:\football_v\07_BACKTEST_AI\confidence_evaluator.py
ev,8,E:\football_v\07_BACKTEST_AI\confidence_evaluator.py
db,1,E:\football_v\07_BACKTEST_AI\feature_feedback.py
feature,3,E:\football_v\07_BACKTEST_AI\feature_feedback.py
ev,1,E:\football_v\07_BACKTEST_AI\feature_feedback.py
load,3,E:\football_v\07_BACKTEST_AI\historical_match_loader.py
db,2,E:\football_v\07_BACKTEST_AI\model_feedback.py
model,3,E:\football_v\07_BACKTEST_AI\model_feedback.py
predict,6,E:\football_v\07_BACKTEST_AI\model_feedback.py
prediction,6,E:\football_v\07_BACKTEST_AI\model_feedback.py
read,1,E:\football_v\07_BACKTEST_AI\optimization_scheduler.py
db,3,E:\football_v\07_BACKTEST_AI\optimization_scheduler.py
load,2,E:\football_v\07_BACKTEST_AI\prediction_result_loader.py
read,1,E:\football_v\07_BACKTEST_AI\prediction_result_loader.py
predict,4,E:\football_v\07_BACKTEST_AI\prediction_result_loader.py
prediction,4,E:\football_v\07_BACKTEST_AI\prediction_result_loader.py
predict,2,E:\football_v\07_BACKTEST_AI\probability_evaluator.py
probability,1,E:\football_v\07_BACKTEST_AI\probability_evaluator.py
score,1,E:\football_v\07_BACKTEST_AI\probability_evaluator.py
ev,3,E:\football_v\07_BACKTEST_AI\probability_evaluator.py
fit,8,E:\football_v\07_BACKTEST_AI\roi_tracker.py
roi,5,E:\football_v\07_BACKTEST_AI\roi_tracker.py
stake,9,E:\football_v\07_BACKTEST_AI\roi_tracker.py
form,1,E:\football_v\07_BACKTEST_AI\strategy_performance.py
ev,2,E:\football_v\07_BACKTEST_AI\strategy_performance.py
roi,1,E:\football_v\07_BACKTEST_AI\strategy_performance.py
load,2,E:\football_v\07_BACKTEST_AI\tests\backtest_system_v1.3_full_test.py
json,2,E:\football_v\07_BACKTEST_AI\tests\backtest_system_v1.3_full_test.py
db,2,E:\football_v\07_BACKTEST_AI\tests\backtest_system_v1.3_full_test.py
feature,1,E:\football_v\07_BACKTEST_AI\tests\backtest_system_v1.3_full_test.py
form,1,E:\football_v\07_BACKTEST_AI\tests\backtest_system_v1.3_full_test.py
model,1,E:\football_v\07_BACKTEST_AI\tests\backtest_system_v1.3_full_test.py
predict,1,E:\football_v\07_BACKTEST_AI\tests\backtest_system_v1.3_full_test.py
prediction,1,E:\football_v\07_BACKTEST_AI\tests\backtest_system_v1.3_full_test.py
probability,1,E:\football_v\07_BACKTEST_AI\tests\backtest_system_v1.3_full_test.py
ev,3,E:\football_v\07_BACKTEST_AI\tests\backtest_system_v1.3_full_test.py
roi,1,E:\football_v\07_BACKTEST_AI\tests\backtest_system_v1.3_full_test.py
bet,1,E:\football_v\07_BACKTEST_AI\tests\backtest_system_v1.3_full_test.py
engine,1,E:\football_v\07_BACKTEST_AI\tests\backtest_system_v1.3_full_test.py
predict,3,E:\football_v\07_BACKTEST_SYSTEM\backtest_engine\backtest_engine.py
prediction,3,E:\football_v\07_BACKTEST_SYSTEM\backtest_engine\backtest_engine.py
engine,1,E:\football_v\07_BACKTEST_SYSTEM\backtest_engine\backtest_engine.py
read,1,E:\football_v\07_BACKTEST_SYSTEM\metrics\classification_metrics.py
read,1,E:\football_v\07_BACKTEST_SYSTEM\metrics\probability_metrics.py
probability,1,E:\football_v\07_BACKTEST_SYSTEM\metrics\probability_metrics.py
data,1,E:\football_v\07_BACKTEST_SYSTEM\metrics\risk_metrics.py
read,1,E:\football_v\07_BACKTEST_SYSTEM\metrics\risk_metrics.py
read,1,E:\football_v\07_BACKTEST_SYSTEM\model_comparison\comparison_engine.py
engine,1,E:\football_v\07_BACKTEST_SYSTEM\model_comparison\comparison_engine.py
data,1,E:\football_v\07_BACKTEST_SYSTEM\model_evaluation\calibration.py
read,1,E:\football_v\07_BACKTEST_SYSTEM\model_evaluation\calibration.py
model,1,E:\football_v\07_BACKTEST_SYSTEM\model_evaluation\model_accuracy.py
predict,1,E:\football_v\07_BACKTEST_SYSTEM\model_evaluation\model_accuracy.py
prediction,1,E:\football_v\07_BACKTEST_SYSTEM\model_evaluation\model_accuracy.py
probability,1,E:\football_v\07_BACKTEST_SYSTEM\model_evaluation\probability_score.py
score,2,E:\football_v\07_BACKTEST_SYSTEM\model_evaluation\probability_score.py
read,7,E:\football_v\07_BACKTEST_SYSTEM\tests\backtest_system_test.py
elo,1,E:\football_v\07_BACKTEST_SYSTEM\tests\backtest_system_test.py
dixon,1,E:\football_v\07_BACKTEST_SYSTEM\tests\backtest_system_test.py
poisson,1,E:\football_v\07_BACKTEST_SYSTEM\tests\backtest_system_test.py
xgboost,1,E:\football_v\07_BACKTEST_SYSTEM\tests\backtest_system_test.py
model,6,E:\football_v\07_BACKTEST_SYSTEM\tests\backtest_system_test.py
probability,3,E:\football_v\07_BACKTEST_SYSTEM\tests\backtest_system_test.py
score,2,E:\football_v\07_BACKTEST_SYSTEM\tests\backtest_system_test.py
engine,4,E:\football_v\07_BACKTEST_SYSTEM\tests\backtest_system_test.py
fit,2,E:\football_v\08_DECISION_ENGINE\bankroll_manager.py
bankroll,8,E:\football_v\08_DECISION_ENGINE\bankroll_manager.py
model,2,E:\football_v\08_DECISION_ENGINE\bet_selection_engine.py
probability,4,E:\football_v\08_DECISION_ENGINE\bet_selection_engine.py
market,2,E:\football_v\08_DECISION_ENGINE\bet_selection_engine.py
value,15,E:\football_v\08_DECISION_ENGINE\bet_selection_engine.py
ev,2,E:\football_v\08_DECISION_ENGINE\bet_selection_engine.py
bet,2,E:\football_v\08_DECISION_ENGINE\bet_selection_engine.py
engine,12,E:\football_v\08_DECISION_ENGINE\bet_selection_engine.py
read,1,E:\football_v\08_DECISION_ENGINE\decision_engine.py
predict,2,E:\football_v\08_DECISION_ENGINE\decision_engine.py
prediction,2,E:\football_v\08_DECISION_ENGINE\decision_engine.py
probability,5,E:\football_v\08_DECISION_ENGINE\decision_engine.py
value,1,E:\football_v\08_DECISION_ENGINE\decision_engine.py
bet,1,E:\football_v\08_DECISION_ENGINE\decision_engine.py
engine,1,E:\football_v\08_DECISION_ENGINE\decision_engine.py
predict,1,E:\football_v\08_DECISION_ENGINE\decision_interface.py
prediction,1,E:\football_v\08_DECISION_ENGINE\decision_interface.py
engine,2,E:\football_v\08_DECISION_ENGINE\decision_registry.py
runtime,2,E:\football_v\08_DECISION_ENGINE\decision_runtime.py
read,1,E:\football_v\08_DECISION_ENGINE\final_decision_report.py
probability,3,E:\football_v\08_DECISION_ENGINE\final_decision_report.py
stake,3,E:\football_v\08_DECISION_ENGINE\final_decision_report.py
ev,2,E:\football_v\08_DECISION_ENGINE\risk_control_engine.py
engine,1,E:\football_v\08_DECISION_ENGINE\risk_control_engine.py
ev,2,E:\football_v\08_DECISION_ENGINE\stake_calculator.py
stake,4,E:\football_v\08_DECISION_ENGINE\stake_calculator.py
bankroll,2,E:\football_v\08_DECISION_ENGINE\stake_calculator.py
model,3,E:\football_v\08_DECISION_ENGINE\value_filter_engine.py
probability,5,E:\football_v\08_DECISION_ENGINE\value_filter_engine.py
market,2,E:\football_v\08_DECISION_ENGINE\value_filter_engine.py
value,13,E:\football_v\08_DECISION_ENGINE\value_filter_engine.py
engine,1,E:\football_v\08_DECISION_ENGINE\value_filter_engine.py
json,2,E:\football_v\08_DECISION_ENGINE\tests\decision_engine_v1.3_full_test.py
value,1,E:\football_v\08_DECISION_ENGINE\tests\decision_engine_v1.3_full_test.py
bet,1,E:\football_v\08_DECISION_ENGINE\tests\decision_engine_v1.3_full_test.py
stake,1,E:\football_v\08_DECISION_ENGINE\tests\decision_engine_v1.3_full_test.py
bankroll,1,E:\football_v\08_DECISION_ENGINE\tests\decision_engine_v1.3_full_test.py
engine,5,E:\football_v\08_DECISION_ENGINE\tests\decision_engine_v1.3_full_test.py
runtime,1,E:\football_v\08_DECISION_ENGINE\tests\decision_engine_v1.3_full_test.py
probability,3,E:\football_v\08_DECISION_INTELLIGENCE_LAYER\decision_core\decision_engine.py
engine,1,E:\football_v\08_DECISION_INTELLIGENCE_LAYER\decision_core\decision_engine.py
read,1,E:\football_v\08_DECISION_INTELLIGENCE_LAYER\explanation_engine\explanation_manager.py
feature,1,E:\football_v\08_DECISION_INTELLIGENCE_LAYER\explanation_engine\explanation_manager.py
model,3,E:\football_v\08_DECISION_INTELLIGENCE_LAYER\explanation_engine\explanation_manager.py
value,3,E:\football_v\08_DECISION_INTELLIGENCE_LAYER\explanation_engine\explanation_manager.py
read,1,E:\football_v\08_DECISION_INTELLIGENCE_LAYER\explanation_engine\model_explainer.py
model,4,E:\football_v\08_DECISION_INTELLIGENCE_LAYER\explanation_engine\model_explainer.py
data,1,E:\football_v\08_DECISION_INTELLIGENCE_LAYER\feedback_interface\backup\feedback_connector_V0.1_backup.py
read,1,E:\football_v\08_DECISION_INTELLIGENCE_LAYER\feedback_interface\backup\feedback_connector_V0.1_backup.py
db,3,E:\football_v\08_DECISION_INTELLIGENCE_LAYER\feedback_interface\backup\feedback_connector_V0.1_backup.py
probability,1,E:\football_v\08_DECISION_INTELLIGENCE_LAYER\fusion_analysis\fusion_analyzer.py
read,1,E:\football_v\08_DECISION_INTELLIGENCE_LAYER\handicap_interface\handicap_adapter.py
model,1,E:\football_v\08_DECISION_INTELLIGENCE_LAYER\handicap_interface\handicap_adapter.py
handicap,1,E:\football_v\08_DECISION_INTELLIGENCE_LAYER\handicap_interface\handicap_adapter.py
data,1,E:\football_v\08_DECISION_INTELLIGENCE_LAYER\handicap_interface\handicap_connector.py
read,1,E:\football_v\08_DECISION_INTELLIGENCE_LAYER\handicap_interface\handicap_connector.py
model,1,E:\football_v\08_DECISION_INTELLIGENCE_LAYER\handicap_interface\handicap_connector.py
handicap,2,E:\football_v\08_DECISION_INTELLIGENCE_LAYER\handicap_interface\handicap_connector.py
read,1,E:\football_v\08_DECISION_INTELLIGENCE_LAYER\market_risk_interface\market_risk_adapter.py
model,2,E:\football_v\08_DECISION_INTELLIGENCE_LAYER\market_risk_interface\market_risk_adapter.py
market,2,E:\football_v\08_DECISION_INTELLIGENCE_LAYER\market_risk_interface\market_risk_adapter.py
data,1,E:\football_v\08_DECISION_INTELLIGENCE_LAYER\market_risk_interface\market_risk_connector.py
read,1,E:\football_v\08_DECISION_INTELLIGENCE_LAYER\market_risk_interface\market_risk_connector.py
market,2,E:\football_v\08_DECISION_INTELLIGENCE_LAYER\market_risk_interface\market_risk_connector.py
model,1,E:\football_v\08_DECISION_INTELLIGENCE_LAYER\raw_output_engine\raw_output_manager.py
engine,1,E:\football_v\08_DECISION_INTELLIGENCE_LAYER\recommendation_engine\recommendation.py
data,1,E:\football_v\08_DECISION_INTELLIGENCE_LAYER\recommendation_engine\recommendation_manager.py
read,1,E:\football_v\08_DECISION_INTELLIGENCE_LAYER\recommendation_engine\recommendation_manager.py
data,1,E:\football_v\08_DECISION_INTELLIGENCE_LAYER\report_generator\decision_report.py
read,1,E:\football_v\08_DECISION_INTELLIGENCE_LAYER\report_generator\decision_report.py
data,1,E:\football_v\08_DECISION_LAYER\engine\decision_engine_V2.4.py
read,1,E:\football_v\08_DECISION_LAYER\engine\decision_engine_V2.4.py
ev,2,E:\football_v\08_DECISION_LAYER\engine\decision_engine_V2.4.py
engine,1,E:\football_v\08_DECISION_LAYER\engine\decision_engine_V2.4.py
score,1,E:\football_v\08_DECISION_LAYER\engine\recommendation_engine.py
bet,1,E:\football_v\08_DECISION_LAYER\engine\recommendation_engine.py
engine,1,E:\football_v\08_DECISION_LAYER\engine\recommendation_engine.py
read,1,E:\football_v\08_DECISION_LAYER\monitor\decision_monitor.py
read,1,E:\football_v\08_DECISION_LAYER\service\decision_service.py
service,2,E:\football_v\08_DECISION_LAYER\service\decision_service.py
data,2,E:\football_v\09_AI_ORCHESTRATION_LAYER\auto_report_generator.py
json,2,E:\football_v\09_AI_ORCHESTRATION_LAYER\auto_report_generator.py
model,5,E:\football_v\09_AI_ORCHESTRATION_LAYER\auto_report_generator.py
predict,3,E:\football_v\09_AI_ORCHESTRATION_LAYER\auto_report_generator.py
prediction,3,E:\football_v\09_AI_ORCHESTRATION_LAYER\auto_report_generator.py
roi,5,E:\football_v\09_AI_ORCHESTRATION_LAYER\auto_report_generator.py
elo,4,E:\football_v\09_AI_ORCHESTRATION_LAYER\model_router.py
dixon,3,E:\football_v\09_AI_ORCHESTRATION_LAYER\model_router.py
poisson,4,E:\football_v\09_AI_ORCHESTRATION_LAYER\model_router.py
xgboost,3,E:\football_v\09_AI_ORCHESTRATION_LAYER\model_router.py
model,13,E:\football_v\09_AI_ORCHESTRATION_LAYER\model_router.py
router,1,E:\football_v\09_AI_ORCHESTRATION_LAYER\model_router.py
data,2,E:\football_v\09_AI_ORCHESTRATION_LAYER\pipeline_controller.py
read,1,E:\football_v\09_AI_ORCHESTRATION_LAYER\pipeline_controller.py
pipeline,6,E:\football_v\09_AI_ORCHESTRATION_LAYER\pipeline_controller.py
read,2,E:\football_v\09_AI_ORCHESTRATION_LAYER\system_health_monitor.py
value,1,E:\football_v\09_AI_ORCHESTRATION_LAYER\system_health_monitor.py
engine,1,E:\football_v\09_AI_ORCHESTRATION_LAYER\workflow_engine.py
json,2,E:\football_v\09_AI_ORCHESTRATION_LAYER\tests\orchestration_layer_v1.3_full_test.py
model,1,E:\football_v\09_AI_ORCHESTRATION_LAYER\tests\orchestration_layer_v1.3_full_test.py
engine,1,E:\football_v\09_AI_ORCHESTRATION_LAYER\tests\orchestration_layer_v1.3_full_test.py
pipeline,1,E:\football_v\09_AI_ORCHESTRATION_LAYER\tests\orchestration_layer_v1.3_full_test.py
router,1,E:\football_v\09_AI_ORCHESTRATION_LAYER\tests\orchestration_layer_v1.3_full_test.py
data,1,E:\football_v\09_APPLICATION_LAYER\api\decision_api.py
read,1,E:\football_v\09_APPLICATION_LAYER\api\decision_api.py
service,1,E:\football_v\09_APPLICATION_LAYER\api\decision_api.py
data,1,E:\football_v\09_APPLICATION_LAYER\api\prediction_api.py
read,1,E:\football_v\09_APPLICATION_LAYER\api\prediction_api.py
predict,3,E:\football_v\09_APPLICATION_LAYER\api\prediction_api.py
prediction,2,E:\football_v\09_APPLICATION_LAYER\api\prediction_api.py
service,1,E:\football_v\09_APPLICATION_LAYER\api\prediction_api.py
read,1,E:\football_v\09_APPLICATION_LAYER\service\football_ai_service.py
service,2,E:\football_v\09_APPLICATION_LAYER\service\football_ai_service.py
data,1,E:\football_v\09_MODEL_EXPLANATION_ENGINE\dixon_coles_explainer\dixon_coles_explainer.py
read,1,E:\football_v\09_MODEL_EXPLANATION_ENGINE\dixon_coles_explainer\dixon_coles_explainer.py
form,1,E:\football_v\09_MODEL_EXPLANATION_ENGINE\dixon_coles_explainer\dixon_coles_explainer.py
dixon,2,E:\football_v\09_MODEL_EXPLANATION_ENGINE\dixon_coles_explainer\dixon_coles_explainer.py
model,1,E:\football_v\09_MODEL_EXPLANATION_ENGINE\dixon_coles_explainer\dixon_coles_explainer.py
score,1,E:\football_v\09_MODEL_EXPLANATION_ENGINE\dixon_coles_explainer\dixon_coles_explainer.py
data,1,E:\football_v\09_MODEL_EXPLANATION_ENGINE\elo_explainer\elo_explainer.py
read,1,E:\football_v\09_MODEL_EXPLANATION_ENGINE\elo_explainer\elo_explainer.py
rating,2,E:\football_v\09_MODEL_EXPLANATION_ENGINE\elo_explainer\elo_explainer.py
elo,2,E:\football_v\09_MODEL_EXPLANATION_ENGINE\elo_explainer\elo_explainer.py
model,1,E:\football_v\09_MODEL_EXPLANATION_ENGINE\elo_explainer\elo_explainer.py
data,2,E:\football_v\09_MODEL_EXPLANATION_ENGINE\explanation_report\report_generator.py
read,1,E:\football_v\09_MODEL_EXPLANATION_ENGINE\fusion_explainer\fusion_explainer.py
model,1,E:\football_v\09_MODEL_EXPLANATION_ENGINE\fusion_explainer\fusion_explainer.py
probability,1,E:\football_v\09_MODEL_EXPLANATION_ENGINE\fusion_explainer\fusion_explainer.py
data,1,E:\football_v\09_MODEL_EXPLANATION_ENGINE\poisson_explainer\poisson_explainer.py
read,1,E:\football_v\09_MODEL_EXPLANATION_ENGINE\poisson_explainer\poisson_explainer.py
poisson,2,E:\football_v\09_MODEL_EXPLANATION_ENGINE\poisson_explainer\poisson_explainer.py
model,1,E:\football_v\09_MODEL_EXPLANATION_ENGINE\poisson_explainer\poisson_explainer.py
probability,1,E:\football_v\09_MODEL_EXPLANATION_ENGINE\poisson_explainer\poisson_explainer.py
data,1,E:\football_v\09_MODEL_EXPLANATION_ENGINE\xgboost_explainer\xgboost_explainer.py
read,1,E:\football_v\09_MODEL_EXPLANATION_ENGINE\xgboost_explainer\xgboost_explainer.py
feature,2,E:\football_v\09_MODEL_EXPLANATION_ENGINE\xgboost_explainer\xgboost_explainer.py
xgboost,2,E:\football_v\09_MODEL_EXPLANATION_ENGINE\xgboost_explainer\xgboost_explainer.py
model,1,E:\football_v\09_MODEL_EXPLANATION_ENGINE\xgboost_explainer\xgboost_explainer.py
model,4,E:\football_v\09_Prediction_System\model_result_adapter.py
data,2,E:\football_v\09_Prediction_System\prediction_history.py
history,1,E:\football_v\09_Prediction_System\prediction_history.py
predict,1,E:\football_v\09_Prediction_System\prediction_history.py
prediction,1,E:\football_v\09_Prediction_System\prediction_history.py
predict,1,E:\football_v\09_Prediction_System\prediction_monitor.py
prediction,1,E:\football_v\09_Prediction_System\prediction_monitor.py
predict,1,E:\football_v\09_Prediction_System\prediction_pipeline.py
prediction,1,E:\football_v\09_Prediction_System\prediction_pipeline.py
pipeline,1,E:\football_v\09_Prediction_System\prediction_pipeline.py
data,2,E:\football_v\09_Prediction_System\prediction_report_generator.py
predict,2,E:\football_v\09_Prediction_System\prediction_report_generator.py
prediction,2,E:\football_v\09_Prediction_System\prediction_report_generator.py
data,2,E:\football_v\09_Prediction_System\prediction_service_adapter.py
predict,2,E:\football_v\09_Prediction_System\prediction_service_adapter.py
prediction,2,E:\football_v\09_Prediction_System\prediction_service_adapter.py
service,2,E:\football_v\09_Prediction_System\prediction_service_adapter.py
probability,4,E:\football_v\09_Prediction_System\probability_adapter.py
data,2,E:\football_v\09_Prediction_System\score_adapter.py
read,1,E:\football_v\09_Prediction_System\score_adapter.py
predict,1,E:\football_v\09_Prediction_System\score_adapter.py
prediction,1,E:\football_v\09_Prediction_System\score_adapter.py
score,2,E:\football_v\09_Prediction_System\score_adapter.py
model,4,E:\football_v\09_Prediction_System\tests\test_phase2_adapter.py
predict,4,E:\football_v\09_Prediction_System\tests\test_prediction_system.py
prediction,4,E:\football_v\09_Prediction_System\tests\test_prediction_system.py
pipeline,3,E:\football_v\09_Prediction_System\tests\test_prediction_system.py
ev,1,E:\football_v\100_SELF_EVOLUTION_ENGINE\module.py
engine,1,E:\football_v\100_SELF_EVOLUTION_ENGINE\module.py
market,1,E:\football_v\101_REAL_MARKET_INTELLIGENCE_ENGINE\module.py
engine,1,E:\football_v\101_REAL_MARKET_INTELLIGENCE_ENGINE\module.py
odds,1,E:\football_v\102_ODDS_MOVEMENT_ANALYSIS_ENGINE\module.py
movement,1,E:\football_v\102_ODDS_MOVEMENT_ANALYSIS_ENGINE\module.py
engine,1,E:\football_v\102_ODDS_MOVEMENT_ANALYSIS_ENGINE\module.py
capital,1,E:\football_v\103_CAPITAL_FLOW_TRACKING_ENGINE\module.py
engine,1,E:\football_v\103_CAPITAL_FLOW_TRACKING_ENGINE\module.py
market,1,E:\football_v\104_MARKET_SENTIMENT_FUSION_ENGINE\module.py
engine,1,E:\football_v\104_MARKET_SENTIMENT_FUSION_ENGINE\module.py
handicap,1,E:\football_v\105_HANDICAP_VALUE_DECISION_ENGINE\module.py
value,1,E:\football_v\105_HANDICAP_VALUE_DECISION_ENGINE\module.py
engine,1,E:\football_v\105_HANDICAP_VALUE_DECISION_ENGINE\module.py
history,1,E:\football_v\106_REAL_ODDS_HISTORY_ENGINE\module.py
odds,1,E:\football_v\106_REAL_ODDS_HISTORY_ENGINE\module.py
engine,1,E:\football_v\106_REAL_ODDS_HISTORY_ENGINE\module.py
market,1,E:\football_v\107_MARKET_PATTERN_RECOGNITION_ENGINE\module.py
engine,1,E:\football_v\107_MARKET_PATTERN_RECOGNITION_ENGINE\module.py
handicap,1,E:\football_v\108_SMART_HANDICAP_ENGINE\module.py
engine,1,E:\football_v\108_SMART_HANDICAP_ENGINE\module.py
value,1,E:\football_v\109_VALUE_BET_SELECTION_ENGINE\module.py
bet,1,E:\football_v\109_VALUE_BET_SELECTION_ENGINE\module.py
engine,1,E:\football_v\109_VALUE_BET_SELECTION_ENGINE\module.py
model,4,E:\football_v\10_AI_AUTONOMOUS_ENGINE\adaptive_parameter_learning.py
roi,3,E:\football_v\10_AI_AUTONOMOUS_ENGINE\adaptive_parameter_learning.py
data,1,E:\football_v\10_AI_AUTONOMOUS_ENGINE\ai_strategy_reasoning_engine.py
engine,1,E:\football_v\10_AI_AUTONOMOUS_ENGINE\ai_strategy_reasoning_engine.py
data,1,E:\football_v\10_AI_AUTONOMOUS_ENGINE\architecture_health_checker.py
data,1,E:\football_v\10_AI_AUTONOMOUS_ENGINE\autonomous_engine_v2.py
ev,3,E:\football_v\10_AI_AUTONOMOUS_ENGINE\autonomous_engine_v2.py
engine,2,E:\football_v\10_AI_AUTONOMOUS_ENGINE\autonomous_engine_v2.py
engine,1,E:\football_v\10_AI_AUTONOMOUS_ENGINE\auto_experiment_engine.py
model,3,E:\football_v\10_AI_AUTONOMOUS_ENGINE\auto_upgrade_manager.py
data,3,E:\football_v\10_AI_AUTONOMOUS_ENGINE\change_risk_assessor.py
feature,1,E:\football_v\10_AI_AUTONOMOUS_ENGINE\change_risk_assessor.py
model,1,E:\football_v\10_AI_AUTONOMOUS_ENGINE\change_risk_assessor.py
score,1,E:\football_v\10_AI_AUTONOMOUS_ENGINE\change_risk_assessor.py
ev,5,E:\football_v\10_AI_AUTONOMOUS_ENGINE\change_risk_assessor.py
data,1,E:\football_v\10_AI_AUTONOMOUS_ENGINE\continuous_improvement_engine.py
engine,1,E:\football_v\10_AI_AUTONOMOUS_ENGINE\continuous_improvement_engine.py
model,3,E:\football_v\10_AI_AUTONOMOUS_ENGINE\decision_logger.py
score,1,E:\football_v\10_AI_AUTONOMOUS_ENGINE\decision_quality_analyzer.py
form,2,E:\football_v\10_AI_AUTONOMOUS_ENGINE\dynamic_weight_adjuster.py
model,3,E:\football_v\10_AI_AUTONOMOUS_ENGINE\dynamic_weight_adjuster.py
value,2,E:\football_v\10_AI_AUTONOMOUS_ENGINE\dynamic_weight_adjuster.py
data,2,E:\football_v\10_AI_AUTONOMOUS_ENGINE\error_analysis_engine.py
predict,3,E:\football_v\10_AI_AUTONOMOUS_ENGINE\error_analysis_engine.py
prediction,3,E:\football_v\10_AI_AUTONOMOUS_ENGINE\error_analysis_engine.py
engine,3,E:\football_v\10_AI_AUTONOMOUS_ENGINE\error_analysis_engine.py
ev,2,E:\football_v\10_AI_AUTONOMOUS_ENGINE\evolution_controller.py
data,3,E:\football_v\10_AI_AUTONOMOUS_ENGINE\evolution_decision_brain.py
score,2,E:\football_v\10_AI_AUTONOMOUS_ENGINE\evolution_decision_brain.py
value,1,E:\football_v\10_AI_AUTONOMOUS_ENGINE\evolution_decision_brain.py
ev,2,E:\football_v\10_AI_AUTONOMOUS_ENGINE\evolution_decision_brain.py
read,1,E:\football_v\10_AI_AUTONOMOUS_ENGINE\evolution_governance_manager.py
ev,1,E:\football_v\10_AI_AUTONOMOUS_ENGINE\evolution_governance_manager.py
data,2,E:\football_v\10_AI_AUTONOMOUS_ENGINE\evolution_intelligence_engine.py
history,1,E:\football_v\10_AI_AUTONOMOUS_ENGINE\evolution_intelligence_engine.py
score,1,E:\football_v\10_AI_AUTONOMOUS_ENGINE\evolution_intelligence_engine.py
ev,3,E:\football_v\10_AI_AUTONOMOUS_ENGINE\evolution_intelligence_engine.py
engine,1,E:\football_v\10_AI_AUTONOMOUS_ENGINE\evolution_intelligence_engine.py
ev,1,E:\football_v\10_AI_AUTONOMOUS_ENGINE\evolution_knowledge_reasoner.py
query,1,E:\football_v\10_AI_AUTONOMOUS_ENGINE\evolution_memory.py
ev,3,E:\football_v\10_AI_AUTONOMOUS_ENGINE\evolution_memory.py
data,2,E:\football_v\10_AI_AUTONOMOUS_ENGINE\evolution_memory_index.py
ev,1,E:\football_v\10_AI_AUTONOMOUS_ENGINE\evolution_memory_index.py
ev,1,E:\football_v\10_AI_AUTONOMOUS_ENGINE\evolution_pattern_analyzer.py
data,3,E:\football_v\10_AI_AUTONOMOUS_ENGINE\evolution_report_generator.py
json,1,E:\football_v\10_AI_AUTONOMOUS_ENGINE\evolution_report_generator.py
ev,2,E:\football_v\10_AI_AUTONOMOUS_ENGINE\evolution_report_generator.py
engine,1,E:\football_v\10_AI_AUTONOMOUS_ENGINE\evolution_report_generator.py
data,2,E:\football_v\10_AI_AUTONOMOUS_ENGINE\experience_pattern_miner.py
data,2,E:\football_v\10_AI_AUTONOMOUS_ENGINE\failure_prediction_engine.py
predict,2,E:\football_v\10_AI_AUTONOMOUS_ENGINE\failure_prediction_engine.py
prediction,1,E:\football_v\10_AI_AUTONOMOUS_ENGINE\failure_prediction_engine.py
engine,1,E:\football_v\10_AI_AUTONOMOUS_ENGINE\failure_prediction_engine.py
feature,4,E:\football_v\10_AI_AUTONOMOUS_ENGINE\feature_self_optimizer.py
value,2,E:\football_v\10_AI_AUTONOMOUS_ENGINE\feature_self_optimizer.py
data,1,E:\football_v\10_AI_AUTONOMOUS_ENGINE\football_reasoning_core.py
data,1,E:\football_v\10_AI_AUTONOMOUS_ENGINE\future_risk_simulator.py
predict,1,E:\football_v\10_AI_AUTONOMOUS_ENGINE\future_risk_simulator.py
data,1,E:\football_v\10_AI_AUTONOMOUS_ENGINE\human_approval_v1.py
data,2,E:\football_v\10_AI_AUTONOMOUS_ENGINE\intelligence_connector.py
db,2,E:\football_v\10_AI_AUTONOMOUS_ENGINE\intelligence_connector.py
value,3,E:\football_v\10_AI_AUTONOMOUS_ENGINE\knowledge_graph_builder.py
engine,1,E:\football_v\10_AI_AUTONOMOUS_ENGINE\knowledge_relation_engine.py
ev,2,E:\football_v\10_AI_AUTONOMOUS_ENGINE\knowledge_retrieval_engine.py
engine,1,E:\football_v\10_AI_AUTONOMOUS_ENGINE\knowledge_retrieval_engine.py
data,2,E:\football_v\10_AI_AUTONOMOUS_ENGINE\knowledge_snapshot.py
history,1,E:\football_v\10_AI_AUTONOMOUS_ENGINE\learning_cycle_manager.py
history,1,E:\football_v\10_AI_AUTONOMOUS_ENGINE\learning_effect_tracker.py
roi,3,E:\football_v\10_AI_AUTONOMOUS_ENGINE\learning_effect_tracker.py
odds,1,E:\football_v\10_AI_AUTONOMOUS_ENGINE\market_reasoning_engine.py
market,2,E:\football_v\10_AI_AUTONOMOUS_ENGINE\market_reasoning_engine.py
engine,1,E:\football_v\10_AI_AUTONOMOUS_ENGINE\market_reasoning_engine.py
history,1,E:\football_v\10_AI_AUTONOMOUS_ENGINE\model_change_tracker.py
model,4,E:\football_v\10_AI_AUTONOMOUS_ENGINE\model_change_tracker.py
elo,1,E:\football_v\10_AI_AUTONOMOUS_ENGINE\model_self_optimizer.py
dixon,1,E:\football_v\10_AI_AUTONOMOUS_ENGINE\model_self_optimizer.py
poisson,1,E:\football_v\10_AI_AUTONOMOUS_ENGINE\model_self_optimizer.py
xgboost,1,E:\football_v\10_AI_AUTONOMOUS_ENGINE\model_self_optimizer.py
model,5,E:\football_v\10_AI_AUTONOMOUS_ENGINE\model_self_optimizer.py
form,5,E:\football_v\10_AI_AUTONOMOUS_ENGINE\monthly_performance_analyzer.py
roi,2,E:\football_v\10_AI_AUTONOMOUS_ENGINE\monthly_performance_analyzer.py
data,2,E:\football_v\10_AI_AUTONOMOUS_ENGINE\multi_cycle_learning_engine.py
engine,1,E:\football_v\10_AI_AUTONOMOUS_ENGINE\multi_cycle_learning_engine.py
history,5,E:\football_v\10_AI_AUTONOMOUS_ENGINE\optimization_history.py
model,3,E:\football_v\10_AI_AUTONOMOUS_ENGINE\optimization_history.py
ev,1,E:\football_v\10_AI_AUTONOMOUS_ENGINE\optimization_priority_engine.py
engine,1,E:\football_v\10_AI_AUTONOMOUS_ENGINE\optimization_priority_engine.py
data,1,E:\football_v\10_AI_AUTONOMOUS_ENGINE\optimization_result_predictor.py
predict,2,E:\football_v\10_AI_AUTONOMOUS_ENGINE\optimization_result_predictor.py
data,1,E:\football_v\10_AI_AUTONOMOUS_ENGINE\optimization_strategy_generator.py
engine,1,E:\football_v\10_AI_AUTONOMOUS_ENGINE\optimization_suggestion_engine.py
read,1,E:\football_v\10_AI_AUTONOMOUS_ENGINE\optimization_suggestion_v1.py
engine,4,E:\football_v\10_AI_AUTONOMOUS_ENGINE\optimization_suggestion_v1.py
roi,3,E:\football_v\10_AI_AUTONOMOUS_ENGINE\parameter_effect_analyzer.py
model,3,E:\football_v\10_AI_AUTONOMOUS_ENGINE\parameter_tuner.py
strength,1,E:\football_v\10_AI_AUTONOMOUS_ENGINE\prediction_explanation_engine.py
predict,2,E:\football_v\10_AI_AUTONOMOUS_ENGINE\prediction_explanation_engine.py
prediction,2,E:\football_v\10_AI_AUTONOMOUS_ENGINE\prediction_explanation_engine.py
market,1,E:\football_v\10_AI_AUTONOMOUS_ENGINE\prediction_explanation_engine.py
value,1,E:\football_v\10_AI_AUTONOMOUS_ENGINE\prediction_explanation_engine.py
engine,1,E:\football_v\10_AI_AUTONOMOUS_ENGINE\prediction_explanation_engine.py
ev,2,E:\football_v\10_AI_AUTONOMOUS_ENGINE\release_validator.py
ev,4,E:\football_v\10_AI_AUTONOMOUS_ENGINE\risk_gate.py
ev,3,E:\football_v\10_AI_AUTONOMOUS_ENGINE\rollback_manager.py
executor,1,E:\football_v\10_AI_AUTONOMOUS_ENGINE\safe_upgrade_executor.py
engine,1,E:\football_v\10_AI_AUTONOMOUS_ENGINE\self_audit_engine.py
ev,2,E:\football_v\10_AI_AUTONOMOUS_ENGINE\strategy_confidence_evaluator.py
form,1,E:\football_v\10_AI_AUTONOMOUS_ENGINE\strategy_evolution_manager.py
ev,2,E:\football_v\10_AI_AUTONOMOUS_ENGINE\strategy_evolution_manager.py
score,1,E:\football_v\10_AI_AUTONOMOUS_ENGINE\strategy_selection_engine.py
engine,1,E:\football_v\10_AI_AUTONOMOUS_ENGINE\strategy_selection_engine.py
read,1,E:\football_v\10_AI_AUTONOMOUS_ENGINE\system_restore_manager.py
engine,1,E:\football_v\10_AI_AUTONOMOUS_ENGINE\tactical_reasoning_engine.py
data,1,E:\football_v\10_AI_AUTONOMOUS_ENGINE\time_window_analyzer.py
history,3,E:\football_v\10_AI_AUTONOMOUS_ENGINE\time_window_analyzer.py
data,3,E:\football_v\10_AI_AUTONOMOUS_ENGINE\upgrade_decision_engine.py
score,4,E:\football_v\10_AI_AUTONOMOUS_ENGINE\upgrade_decision_engine.py
ev,2,E:\football_v\10_AI_AUTONOMOUS_ENGINE\upgrade_decision_engine.py
engine,1,E:\football_v\10_AI_AUTONOMOUS_ENGINE\upgrade_decision_engine.py
history,1,E:\football_v\10_AI_AUTONOMOUS_ENGINE\upgrade_history_repository.py
simulation,2,E:\football_v\10_AI_AUTONOMOUS_ENGINE\upgrade_simulation_engine.py
simulate,1,E:\football_v\10_AI_AUTONOMOUS_ENGINE\upgrade_simulation_engine.py
engine,1,E:\football_v\10_AI_AUTONOMOUS_ENGINE\upgrade_simulation_engine.py
history,1,E:\football_v\10_AI_AUTONOMOUS_ENGINE\version_control_manager.py
data,1,E:\football_v\10_AI_AUTONOMOUS_ENGINE\virtual_validation_engine.py
engine,1,E:\football_v\10_AI_AUTONOMOUS_ENGINE\virtual_validation_engine.py
ev,1,E:\football_v\10_AI_AUTONOMOUS_ENGINE\weekly_evolution_analyzer.py
engine,1,E:\football_v\10_AI_AUTONOMOUS_ENGINE\autonomous_engine_hil_v1\__init__.py
json,4,E:\football_v\10_AI_AUTONOMOUS_ENGINE\tests\autonomous_engine_hil_v1_0_full_test.py
value,3,E:\football_v\10_AI_AUTONOMOUS_ENGINE\tests\autonomous_engine_hil_v1_0_full_test.py
ev,1,E:\football_v\10_AI_AUTONOMOUS_ENGINE\tests\autonomous_engine_hil_v1_0_full_test.py
engine,4,E:\football_v\10_AI_AUTONOMOUS_ENGINE\tests\autonomous_engine_hil_v1_0_full_test.py
json,3,E:\football_v\10_AI_AUTONOMOUS_ENGINE\tests\autonomous_engine_v1_4_full_test.py
history,2,E:\football_v\10_AI_AUTONOMOUS_ENGINE\tests\autonomous_engine_v1_4_full_test.py
model,1,E:\football_v\10_AI_AUTONOMOUS_ENGINE\tests\autonomous_engine_v1_4_full_test.py
value,3,E:\football_v\10_AI_AUTONOMOUS_ENGINE\tests\autonomous_engine_v1_4_full_test.py
ev,2,E:\football_v\10_AI_AUTONOMOUS_ENGINE\tests\autonomous_engine_v1_4_full_test.py
engine,2,E:\football_v\10_AI_AUTONOMOUS_ENGINE\tests\autonomous_engine_v1_4_full_test.py
json,3,E:\football_v\10_AI_AUTONOMOUS_ENGINE\tests\autonomous_engine_v1_6_full_test.py
value,3,E:\football_v\10_AI_AUTONOMOUS_ENGINE\tests\autonomous_engine_v1_6_full_test.py
ev,3,E:\football_v\10_AI_AUTONOMOUS_ENGINE\tests\autonomous_engine_v1_6_full_test.py
engine,2,E:\football_v\10_AI_AUTONOMOUS_ENGINE\tests\autonomous_engine_v1_6_full_test.py
json,3,E:\football_v\10_AI_AUTONOMOUS_ENGINE\tests\autonomous_engine_v1_8_full_test.py
form,1,E:\football_v\10_AI_AUTONOMOUS_ENGINE\tests\autonomous_engine_v1_8_full_test.py
value,3,E:\football_v\10_AI_AUTONOMOUS_ENGINE\tests\autonomous_engine_v1_8_full_test.py
ev,6,E:\football_v\10_AI_AUTONOMOUS_ENGINE\tests\autonomous_engine_v1_8_full_test.py
engine,4,E:\football_v\10_AI_AUTONOMOUS_ENGINE\tests\autonomous_engine_v1_8_full_test.py
json,2,E:\football_v\10_AI_AUTONOMOUS_ENGINE\tests\autonomous_engine_v2_2_batch_full_test.py
value,3,E:\football_v\10_AI_AUTONOMOUS_ENGINE\tests\autonomous_engine_v2_2_batch_full_test.py
ev,5,E:\football_v\10_AI_AUTONOMOUS_ENGINE\tests\autonomous_engine_v2_2_batch_full_test.py
engine,4,E:\football_v\10_AI_AUTONOMOUS_ENGINE\tests\autonomous_engine_v2_2_batch_full_test.py
json,2,E:\football_v\10_AI_AUTONOMOUS_ENGINE\tests\autonomous_engine_v2_4_batch_full_test.py
predict,1,E:\football_v\10_AI_AUTONOMOUS_ENGINE\tests\autonomous_engine_v2_4_batch_full_test.py
prediction,1,E:\football_v\10_AI_AUTONOMOUS_ENGINE\tests\autonomous_engine_v2_4_batch_full_test.py
value,1,E:\football_v\10_AI_AUTONOMOUS_ENGINE\tests\autonomous_engine_v2_4_batch_full_test.py
ev,1,E:\football_v\10_AI_AUTONOMOUS_ENGINE\tests\autonomous_engine_v2_4_batch_full_test.py
engine,4,E:\football_v\10_AI_AUTONOMOUS_ENGINE\tests\autonomous_engine_v2_4_batch_full_test.py
executor,1,E:\football_v\10_AI_AUTONOMOUS_ENGINE\tests\autonomous_engine_v2_4_batch_full_test.py
json,2,E:\football_v\10_AI_AUTONOMOUS_ENGINE\tests\autonomous_engine_v2_6_batch_full_test.py
simulation,1,E:\football_v\10_AI_AUTONOMOUS_ENGINE\tests\autonomous_engine_v2_6_batch_full_test.py
value,1,E:\football_v\10_AI_AUTONOMOUS_ENGINE\tests\autonomous_engine_v2_6_batch_full_test.py
ev,2,E:\football_v\10_AI_AUTONOMOUS_ENGINE\tests\autonomous_engine_v2_6_batch_full_test.py
engine,6,E:\football_v\10_AI_AUTONOMOUS_ENGINE\tests\autonomous_engine_v2_6_batch_full_test.py
json,2,E:\football_v\10_AI_AUTONOMOUS_ENGINE\tests\autonomous_engine_v2_8_batch_full_test.py
predict,1,E:\football_v\10_AI_AUTONOMOUS_ENGINE\tests\autonomous_engine_v2_8_batch_full_test.py
value,1,E:\football_v\10_AI_AUTONOMOUS_ENGINE\tests\autonomous_engine_v2_8_batch_full_test.py
ev,2,E:\football_v\10_AI_AUTONOMOUS_ENGINE\tests\autonomous_engine_v2_8_batch_full_test.py
engine,5,E:\football_v\10_AI_AUTONOMOUS_ENGINE\tests\autonomous_engine_v2_8_batch_full_test.py
json,2,E:\football_v\10_AI_AUTONOMOUS_ENGINE\tests\autonomous_engine_v3_0_batch_full_test.py
predict,1,E:\football_v\10_AI_AUTONOMOUS_ENGINE\tests\autonomous_engine_v3_0_batch_full_test.py
prediction,1,E:\football_v\10_AI_AUTONOMOUS_ENGINE\tests\autonomous_engine_v3_0_batch_full_test.py
market,1,E:\football_v\10_AI_AUTONOMOUS_ENGINE\tests\autonomous_engine_v3_0_batch_full_test.py
value,1,E:\football_v\10_AI_AUTONOMOUS_ENGINE\tests\autonomous_engine_v3_0_batch_full_test.py
ev,2,E:\football_v\10_AI_AUTONOMOUS_ENGINE\tests\autonomous_engine_v3_0_batch_full_test.py
engine,6,E:\football_v\10_AI_AUTONOMOUS_ENGINE\tests\autonomous_engine_v3_0_batch_full_test.py
read,1,E:\football_v\10_AI_AUTONOMOUS_ENGINE\tests\compile_check.py
engine,1,E:\football_v\10_AI_AUTONOMOUS_ENGINE\tests\compile_check.py
engine,1,E:\football_v\10_AI_AUTONOMOUS_ENGINE\tests\conftest.py
json,4,E:\football_v\10_AI_AUTONOMOUS_ENGINE\tests\human_approval_v1_2_full_test.py
value,1,E:\football_v\10_AI_AUTONOMOUS_ENGINE\tests\human_approval_v1_2_full_test.py
ev,1,E:\football_v\10_AI_AUTONOMOUS_ENGINE\tests\human_approval_v1_2_full_test.py
engine,2,E:\football_v\10_AI_AUTONOMOUS_ENGINE\tests\human_approval_v1_2_full_test.py
json,2,E:\football_v\10_AI_AUTONOMOUS_ENGINE\tests\optimization_suggestion_v1_1_full_test.py
feature,2,E:\football_v\10_AI_AUTONOMOUS_ENGINE\tests\optimization_suggestion_v1_1_full_test.py
model,2,E:\football_v\10_AI_AUTONOMOUS_ENGINE\tests\optimization_suggestion_v1_1_full_test.py
value,1,E:\football_v\10_AI_AUTONOMOUS_ENGINE\tests\optimization_suggestion_v1_1_full_test.py
ev,1,E:\football_v\10_AI_AUTONOMOUS_ENGINE\tests\optimization_suggestion_v1_1_full_test.py
engine,4,E:\football_v\10_AI_AUTONOMOUS_ENGINE\tests\optimization_suggestion_v1_1_full_test.py
read,1,E:\football_v\10_AI_AUTONOMOUS_ENGINE\tests\test_autonomous_compatibility.py
ev,2,E:\football_v\10_AI_AUTONOMOUS_ENGINE\tests\test_autonomous_compatibility.py
engine,10,E:\football_v\10_AI_AUTONOMOUS_ENGINE\tests\test_autonomous_compatibility.py
db,1,E:\football_v\10_AI_AUTONOMOUS_ENGINE\tests\test_phase2_connection.py
read,1,E:\football_v\10_INTEGRATION_LAYER\service\integration_service.py
service,1,E:\football_v\10_INTEGRATION_LAYER\service\integration_service.py
data,1,E:\football_v\10_INTEGRATION_LAYER\test\full_pipeline_test.py
feature,1,E:\football_v\10_INTEGRATION_LAYER\test\full_pipeline_test.py
model,1,E:\football_v\10_INTEGRATION_LAYER\test\full_pipeline_test.py
predict,1,E:\football_v\10_INTEGRATION_LAYER\test\full_pipeline_test.py
prediction,1,E:\football_v\10_INTEGRATION_LAYER\test\full_pipeline_test.py
market,1,E:\football_v\10_INTEGRATION_LAYER\test\full_pipeline_test.py
pipeline,1,E:\football_v\10_INTEGRATION_LAYER\test\full_pipeline_test.py
elo,1,E:\football_v\10_INTEGRATION_LAYER\test\model_connection_test.py
dixon,1,E:\football_v\10_INTEGRATION_LAYER\test\model_connection_test.py
poisson,1,E:\football_v\10_INTEGRATION_LAYER\test\model_connection_test.py
xgboost,1,E:\football_v\10_INTEGRATION_LAYER\test\model_connection_test.py
model,3,E:\football_v\10_INTEGRATION_LAYER\test\model_connection_test.py
data,1,E:\football_v\10_MARKET_INTELLIGENCE_LAYER\handicap_model\handicap_engine.py
read,1,E:\football_v\10_MARKET_INTELLIGENCE_LAYER\handicap_model\handicap_engine.py
model,2,E:\football_v\10_MARKET_INTELLIGENCE_LAYER\handicap_model\handicap_engine.py
handicap,2,E:\football_v\10_MARKET_INTELLIGENCE_LAYER\handicap_model\handicap_engine.py
engine,1,E:\football_v\10_MARKET_INTELLIGENCE_LAYER\handicap_model\handicap_engine.py
data,2,E:\football_v\10_MARKET_INTELLIGENCE_LAYER\market_report\market_report.py
market,1,E:\football_v\10_MARKET_INTELLIGENCE_LAYER\market_report\market_report.py
data,1,E:\football_v\10_MARKET_INTELLIGENCE_LAYER\market_risk_model\risk_engine.py
read,1,E:\football_v\10_MARKET_INTELLIGENCE_LAYER\market_risk_model\risk_engine.py
model,2,E:\football_v\10_MARKET_INTELLIGENCE_LAYER\market_risk_model\risk_engine.py
market,2,E:\football_v\10_MARKET_INTELLIGENCE_LAYER\market_risk_model\risk_engine.py
engine,1,E:\football_v\10_MARKET_INTELLIGENCE_LAYER\market_risk_model\risk_engine.py
data,1,E:\football_v\10_MARKET_INTELLIGENCE_LAYER\market_sentiment_engine\sentiment.py
read,1,E:\football_v\10_MARKET_INTELLIGENCE_LAYER\market_sentiment_engine\sentiment.py
market,1,E:\football_v\10_MARKET_INTELLIGENCE_LAYER\market_sentiment_engine\sentiment.py
engine,1,E:\football_v\10_MARKET_INTELLIGENCE_LAYER\market_sentiment_engine\sentiment.py
data,1,E:\football_v\10_MARKET_INTELLIGENCE_LAYER\money_flow_engine\money_flow.py
read,1,E:\football_v\10_MARKET_INTELLIGENCE_LAYER\money_flow_engine\money_flow.py
capital,1,E:\football_v\10_MARKET_INTELLIGENCE_LAYER\money_flow_engine\money_flow.py
engine,1,E:\football_v\10_MARKET_INTELLIGENCE_LAYER\money_flow_engine\money_flow.py
read,1,E:\football_v\10_MARKET_INTELLIGENCE_LAYER\odds_analysis\odds_analyzer.py
odds,5,E:\football_v\10_MARKET_INTELLIGENCE_LAYER\odds_analysis\odds_analyzer.py
probability,4,E:\football_v\10_MARKET_INTELLIGENCE_LAYER\risk_adjustment_engine\risk_adjuster.py
market,1,E:\football_v\110_FINAL_MARKET_DECISION_ENGINE\module.py
engine,1,E:\football_v\110_FINAL_MARKET_DECISION_ENGINE\module.py
feature,1,E:\football_v\111_ADVANCED_FEATURE_ENGINE\module.py
engine,1,E:\football_v\111_ADVANCED_FEATURE_ENGINE\module.py
runtime,1,E:\football_v\111_ADVANCED_FEATURE_ENGINE\module.py
strength,1,E:\football_v\112_TEAM_STRENGTH_EVOLUTION_ENGINE\module.py
ev,1,E:\football_v\112_TEAM_STRENGTH_EVOLUTION_ENGINE\module.py
engine,1,E:\football_v\112_TEAM_STRENGTH_EVOLUTION_ENGINE\module.py
runtime,1,E:\football_v\112_TEAM_STRENGTH_EVOLUTION_ENGINE\module.py
engine,1,E:\football_v\113_PLAYER_IMPACT_ANALYSIS_ENGINE\module.py
runtime,1,E:\football_v\113_PLAYER_IMPACT_ANALYSIS_ENGINE\module.py
engine,1,E:\football_v\114_MATCH_CONTEXT_ENGINE\module.py
runtime,1,E:\football_v\114_MATCH_CONTEXT_ENGINE\module.py
forecast,1,E:\football_v\115_AI_FORECAST_ENHANCEMENT_ENGINE\module.py
engine,1,E:\football_v\115_AI_FORECAST_ENHANCEMENT_ENGINE\module.py
runtime,1,E:\football_v\115_AI_FORECAST_ENHANCEMENT_ENGINE\module.py
predict,1,E:\football_v\116_REAL_MATCH_PIPELINE\module.py
prediction,1,E:\football_v\116_REAL_MATCH_PIPELINE\module.py
pipeline,1,E:\football_v\116_REAL_MATCH_PIPELINE\module.py
feature,1,E:\football_v\117_FEATURE_AUTO_GENERATOR\module.py
predict,1,E:\football_v\117_FEATURE_AUTO_GENERATOR\module.py
prediction,1,E:\football_v\117_FEATURE_AUTO_GENERATOR\module.py
model,1,E:\football_v\118_MODEL_INFERENCE_SERVICE\module.py
predict,1,E:\football_v\118_MODEL_INFERENCE_SERVICE\module.py
prediction,1,E:\football_v\118_MODEL_INFERENCE_SERVICE\module.py
service,1,E:\football_v\118_MODEL_INFERENCE_SERVICE\module.py
predict,2,E:\football_v\119_PREDICTION_OUTPUT_SERVICE\module.py
prediction,2,E:\football_v\119_PREDICTION_OUTPUT_SERVICE\module.py
service,1,E:\football_v\119_PREDICTION_OUTPUT_SERVICE\module.py
read,1,E:\football_v\11_AI_ORCHESTRATION_LAYER\api_gateway\gateway.py
data,5,E:\football_v\11_AI_ORCHESTRATION_LAYER\data_router\data_router.py
read,1,E:\football_v\11_AI_ORCHESTRATION_LAYER\data_router\data_router.py
router,1,E:\football_v\11_AI_ORCHESTRATION_LAYER\data_router\data_router.py
read,1,E:\football_v\11_AI_ORCHESTRATION_LAYER\decision_router\decision_router.py
router,1,E:\football_v\11_AI_ORCHESTRATION_LAYER\decision_router\decision_router.py
read,1,E:\football_v\11_AI_ORCHESTRATION_LAYER\model_scheduler\scheduler.py
model,5,E:\football_v\11_AI_ORCHESTRATION_LAYER\model_scheduler\scheduler.py
read,1,E:\football_v\11_AI_ORCHESTRATION_LAYER\orchestrator_core\orchestrator.py
read,1,E:\football_v\11_AI_ORCHESTRATION_LAYER\pipeline_manager\pipeline.py
pipeline,3,E:\football_v\11_AI_ORCHESTRATION_LAYER\pipeline_manager\pipeline.py
engine,1,E:\football_v\11_AI_ORCHESTRATION_LAYER\workflow_engine\workflow.py
data,2,E:\football_v\11_System_Intelligence\accuracy_report.py
db,1,E:\football_v\11_System_Intelligence\adaptive_feedback.py
engine,1,E:\football_v\11_System_Intelligence\agent_fusion_engine.py
data,2,E:\football_v\11_System_Intelligence\agent_manager.py
data,3,E:\football_v\11_System_Intelligence\ai_prediction_os.py
predict,1,E:\football_v\11_System_Intelligence\ai_prediction_os.py
prediction,1,E:\football_v\11_System_Intelligence\ai_prediction_os.py
engine,1,E:\football_v\11_System_Intelligence\backtest_engine.py
stake,1,E:\football_v\11_System_Intelligence\bankroll_manager.py
bankroll,1,E:\football_v\11_System_Intelligence\bankroll_manager.py
data,1,E:\football_v\11_System_Intelligence\beidan_engine.py
value,1,E:\football_v\11_System_Intelligence\beidan_engine.py
engine,1,E:\football_v\11_System_Intelligence\beidan_engine.py
data,1,E:\football_v\11_System_Intelligence\betting_recommendation_engine.py
bet,1,E:\football_v\11_System_Intelligence\betting_recommendation_engine.py
engine,1,E:\football_v\11_System_Intelligence\betting_recommendation_engine.py
data,1,E:\football_v\11_System_Intelligence\bet_strategy_engine.py
value,1,E:\football_v\11_System_Intelligence\bet_strategy_engine.py
bet,1,E:\football_v\11_System_Intelligence\bet_strategy_engine.py
engine,1,E:\football_v\11_System_Intelligence\bet_strategy_engine.py
data,1,E:\football_v\11_System_Intelligence\capital_flow_engine.py
capital,1,E:\football_v\11_System_Intelligence\capital_flow_engine.py
engine,1,E:\football_v\11_System_Intelligence\capital_flow_engine.py
capital,1,E:\football_v\11_System_Intelligence\capital_sentiment.py
value,2,E:\football_v\11_System_Intelligence\confidence_calibrator.py
probability,2,E:\football_v\11_System_Intelligence\confidence_engine.py
engine,1,E:\football_v\11_System_Intelligence\confidence_engine.py
history,2,E:\football_v\11_System_Intelligence\confidence_tracker.py
value,2,E:\football_v\11_System_Intelligence\confidence_tracker.py
data,2,E:\football_v\11_System_Intelligence\decision_api.py
model,1,E:\football_v\11_System_Intelligence\decision_context.py
value,2,E:\football_v\11_System_Intelligence\decision_context.py
data,4,E:\football_v\11_System_Intelligence\decision_fusion.py
model,1,E:\football_v\11_System_Intelligence\decision_fusion.py
engine,5,E:\football_v\11_System_Intelligence\decision_fusion.py
data,2,E:\football_v\11_System_Intelligence\decision_memory.py
history,1,E:\football_v\11_System_Intelligence\decision_memory.py
data,2,E:\football_v\11_System_Intelligence\decision_reasoner.py
engine,5,E:\football_v\11_System_Intelligence\decision_reasoner.py
data,2,E:\football_v\11_System_Intelligence\dixon_coles_model.py
dixon,1,E:\football_v\11_System_Intelligence\dixon_coles_model.py
model,1,E:\football_v\11_System_Intelligence\dixon_coles_model.py
data,1,E:\football_v\11_System_Intelligence\dixon_coles_trainer.py
dixon,2,E:\football_v\11_System_Intelligence\dixon_coles_trainer.py
model,1,E:\football_v\11_System_Intelligence\dixon_coles_trainer.py
train,2,E:\football_v\11_System_Intelligence\dixon_coles_trainer.py
data,1,E:\football_v\11_System_Intelligence\dynamic_weight_engine.py
elo,1,E:\football_v\11_System_Intelligence\dynamic_weight_engine.py
dixon,1,E:\football_v\11_System_Intelligence\dynamic_weight_engine.py
poisson,1,E:\football_v\11_System_Intelligence\dynamic_weight_engine.py
xgboost,1,E:\football_v\11_System_Intelligence\dynamic_weight_engine.py
engine,1,E:\football_v\11_System_Intelligence\dynamic_weight_engine.py
elo,1,E:\football_v\11_System_Intelligence\elo_engine.py
probability,3,E:\football_v\11_System_Intelligence\elo_engine.py
engine,1,E:\football_v\11_System_Intelligence\elo_engine.py
data,1,E:\football_v\11_System_Intelligence\elo_trainer.py
elo,2,E:\football_v\11_System_Intelligence\elo_trainer.py
model,1,E:\football_v\11_System_Intelligence\elo_trainer.py
train,3,E:\football_v\11_System_Intelligence\elo_trainer.py
engine,1,E:\football_v\11_System_Intelligence\error_analysis_engine.py
form,6,E:\football_v\11_System_Intelligence\evolution_engine.py
predict,4,E:\football_v\11_System_Intelligence\evolution_engine.py
prediction,4,E:\football_v\11_System_Intelligence\evolution_engine.py
score,1,E:\football_v\11_System_Intelligence\evolution_engine.py
ev,5,E:\football_v\11_System_Intelligence\evolution_engine.py
engine,1,E:\football_v\11_System_Intelligence\evolution_engine.py
data,2,E:\football_v\11_System_Intelligence\evolution_memory.py
ev,1,E:\football_v\11_System_Intelligence\evolution_memory.py
data,1,E:\football_v\11_System_Intelligence\fatigue_engine.py
fatigue,2,E:\football_v\11_System_Intelligence\fatigue_engine.py
engine,1,E:\football_v\11_System_Intelligence\fatigue_engine.py
feature,2,E:\football_v\11_System_Intelligence\feature_engineering.py
engine,1,E:\football_v\11_System_Intelligence\feature_engineering.py
data,2,E:\football_v\11_System_Intelligence\feedback_memory.py
db,1,E:\football_v\11_System_Intelligence\feedback_memory.py
data,1,E:\football_v\11_System_Intelligence\football_ai_report.py
runtime,1,E:\football_v\11_System_Intelligence\football_ai_runtime.py
data,1,E:\football_v\11_System_Intelligence\form_analysis_engine.py
form,2,E:\football_v\11_System_Intelligence\form_analysis_engine.py
engine,1,E:\football_v\11_System_Intelligence\form_analysis_engine.py
data,1,E:\football_v\11_System_Intelligence\handicap_trap_detector.py
handicap,1,E:\football_v\11_System_Intelligence\handicap_trap_detector.py
data,2,E:\football_v\11_System_Intelligence\historical_match_loader.py
load,2,E:\football_v\11_System_Intelligence\historical_match_loader.py
data,1,E:\football_v\11_System_Intelligence\home_away_engine.py
engine,1,E:\football_v\11_System_Intelligence\home_away_engine.py
data,1,E:\football_v\11_System_Intelligence\injury_engine.py
engine,1,E:\football_v\11_System_Intelligence\injury_engine.py
data,2,E:\football_v\11_System_Intelligence\intelligence_feedback_loop.py
db,1,E:\football_v\11_System_Intelligence\intelligence_feedback_loop.py
history,3,E:\football_v\11_System_Intelligence\intelligence_feedback_loop.py
model,2,E:\football_v\11_System_Intelligence\intelligence_fusion_engine.py
probability,2,E:\football_v\11_System_Intelligence\intelligence_fusion_engine.py
score,4,E:\football_v\11_System_Intelligence\intelligence_fusion_engine.py
engine,1,E:\football_v\11_System_Intelligence\intelligence_fusion_engine.py
data,2,E:\football_v\11_System_Intelligence\intelligence_memory.py
data,2,E:\football_v\11_System_Intelligence\intelligence_report.py
json,2,E:\football_v\11_System_Intelligence\intelligence_report.py
router,1,E:\football_v\11_System_Intelligence\intelligence_router.py
value,2,E:\football_v\11_System_Intelligence\intelligence_weight_manager.py
engine,1,E:\football_v\11_System_Intelligence\knowledge_engine.py
data,2,E:\football_v\11_System_Intelligence\knowledge_graph.py
db,2,E:\football_v\11_System_Intelligence\knowledge_memory_bridge.py
history,1,E:\football_v\11_System_Intelligence\knowledge_memory_bridge.py
predict,1,E:\football_v\11_System_Intelligence\knowledge_memory_bridge.py
prediction,1,E:\football_v\11_System_Intelligence\knowledge_memory_bridge.py
ev,2,E:\football_v\11_System_Intelligence\knowledge_memory_bridge.py
value,2,E:\football_v\11_System_Intelligence\knowledge_node.py
data,2,E:\football_v\11_System_Intelligence\knowledge_optimizer.py
query,3,E:\football_v\11_System_Intelligence\knowledge_query_engine.py
engine,1,E:\football_v\11_System_Intelligence\knowledge_query_engine.py
strength,2,E:\football_v\11_System_Intelligence\knowledge_reasoner.py
engine,1,E:\football_v\11_System_Intelligence\knowledge_relation_engine.py
data,2,E:\football_v\11_System_Intelligence\knowledge_update_engine.py
engine,1,E:\football_v\11_System_Intelligence\knowledge_update_engine.py
data,2,E:\football_v\11_System_Intelligence\learning_memory.py
data,1,E:\football_v\11_System_Intelligence\les_advanced.py
engine,1,E:\football_v\11_System_Intelligence\les_engine.py
data,1,E:\football_v\11_System_Intelligence\lineup_engine.py
score,1,E:\football_v\11_System_Intelligence\lineup_engine.py
engine,1,E:\football_v\11_System_Intelligence\lineup_engine.py
data,1,E:\football_v\11_System_Intelligence\market_agent.py
market,2,E:\football_v\11_System_Intelligence\market_agent.py
data,1,E:\football_v\11_System_Intelligence\market_engine.py
market,2,E:\football_v\11_System_Intelligence\market_engine.py
engine,1,E:\football_v\11_System_Intelligence\market_engine.py
feature,1,E:\football_v\11_System_Intelligence\match_feature_store.py
data,1,E:\football_v\11_System_Intelligence\match_prediction_engine.py
predict,3,E:\football_v\11_System_Intelligence\match_prediction_engine.py
prediction,2,E:\football_v\11_System_Intelligence\match_prediction_engine.py
engine,1,E:\football_v\11_System_Intelligence\match_prediction_engine.py
score,1,E:\football_v\11_System_Intelligence\match_simulator.py
predict,3,E:\football_v\11_System_Intelligence\memory_adapter.py
prediction,3,E:\football_v\11_System_Intelligence\memory_adapter.py
history,2,E:\football_v\11_System_Intelligence\model_accuracy_memory.py
model,1,E:\football_v\11_System_Intelligence\model_accuracy_memory.py
data,1,E:\football_v\11_System_Intelligence\model_adjustment_engine.py
model,1,E:\football_v\11_System_Intelligence\model_adjustment_engine.py
engine,1,E:\football_v\11_System_Intelligence\model_adjustment_engine.py
model,3,E:\football_v\11_System_Intelligence\model_conflict_detector.py
value,4,E:\football_v\11_System_Intelligence\model_conflict_detector.py
model,4,E:\football_v\11_System_Intelligence\model_fusion_core.py
probability,1,E:\football_v\11_System_Intelligence\model_fusion_core.py
elo,1,E:\football_v\11_System_Intelligence\model_observer.py
model,2,E:\football_v\11_System_Intelligence\model_observer.py
elo,2,E:\football_v\11_System_Intelligence\model_optimizer.py
dixon,1,E:\football_v\11_System_Intelligence\model_optimizer.py
poisson,1,E:\football_v\11_System_Intelligence\model_optimizer.py
xgboost,3,E:\football_v\11_System_Intelligence\model_optimizer.py
model,1,E:\football_v\11_System_Intelligence\model_optimizer.py
score,3,E:\football_v\11_System_Intelligence\model_optimizer.py
value,1,E:\football_v\11_System_Intelligence\model_optimizer.py
elo,1,E:\football_v\11_System_Intelligence\model_weight_optimizer.py
dixon,1,E:\football_v\11_System_Intelligence\model_weight_optimizer.py
poisson,1,E:\football_v\11_System_Intelligence\model_weight_optimizer.py
xgboost,1,E:\football_v\11_System_Intelligence\model_weight_optimizer.py
model,1,E:\football_v\11_System_Intelligence\model_weight_optimizer.py
simulate,1,E:\football_v\11_System_Intelligence\monte_carlo_engine.py
engine,1,E:\football_v\11_System_Intelligence\monte_carlo_engine.py
history,1,E:\football_v\11_System_Intelligence\odds_movement.py
odds,1,E:\football_v\11_System_Intelligence\odds_movement.py
movement,2,E:\football_v\11_System_Intelligence\odds_movement.py
history,5,E:\football_v\11_System_Intelligence\performance_tracker.py
form,1,E:\football_v\11_System_Intelligence\performance_tracker.py
score,2,E:\football_v\11_System_Intelligence\performance_tracker.py
poisson,1,E:\football_v\11_System_Intelligence\poisson_model.py
model,1,E:\football_v\11_System_Intelligence\poisson_model.py
probability,1,E:\football_v\11_System_Intelligence\poisson_model.py
data,1,E:\football_v\11_System_Intelligence\poisson_trainer.py
poisson,2,E:\football_v\11_System_Intelligence\poisson_trainer.py
model,1,E:\football_v\11_System_Intelligence\poisson_trainer.py
train,2,E:\football_v\11_System_Intelligence\poisson_trainer.py
data,2,E:\football_v\11_System_Intelligence\prediction_agent.py
predict,3,E:\football_v\11_System_Intelligence\prediction_agent.py
prediction,3,E:\football_v\11_System_Intelligence\prediction_agent.py
predict,1,E:\football_v\11_System_Intelligence\prediction_evaluator.py
prediction,1,E:\football_v\11_System_Intelligence\prediction_evaluator.py
ev,2,E:\football_v\11_System_Intelligence\prediction_evaluator.py
data,2,E:\football_v\11_System_Intelligence\prediction_report.py
predict,1,E:\football_v\11_System_Intelligence\prediction_report.py
prediction,1,E:\football_v\11_System_Intelligence\prediction_report.py
data,2,E:\football_v\11_System_Intelligence\prediction_report_generator.py
predict,1,E:\football_v\11_System_Intelligence\prediction_report_generator.py
prediction,1,E:\football_v\11_System_Intelligence\prediction_report_generator.py
elo,1,E:\football_v\11_System_Intelligence\probability_fusion_engine.py
poisson,1,E:\football_v\11_System_Intelligence\probability_fusion_engine.py
xgboost,1,E:\football_v\11_System_Intelligence\probability_fusion_engine.py
model,5,E:\football_v\11_System_Intelligence\probability_fusion_engine.py
probability,1,E:\football_v\11_System_Intelligence\probability_fusion_engine.py
value,1,E:\football_v\11_System_Intelligence\probability_fusion_engine.py
engine,1,E:\football_v\11_System_Intelligence\probability_fusion_engine.py
history,2,E:\football_v\11_System_Intelligence\probability_memory.py
probability,1,E:\football_v\11_System_Intelligence\probability_memory.py
fit,4,E:\football_v\11_System_Intelligence\profit_tracker.py
value,2,E:\football_v\11_System_Intelligence\profit_tracker.py
data,1,E:\football_v\11_System_Intelligence\reasoning_agent.py
history,5,E:\football_v\11_System_Intelligence\reasoning_context.py
value,2,E:\football_v\11_System_Intelligence\reasoning_context.py
ev,1,E:\football_v\11_System_Intelligence\reasoning_engine.py
engine,1,E:\football_v\11_System_Intelligence\reasoning_engine.py
data,2,E:\football_v\11_System_Intelligence\reasoning_memory.py
query,1,E:\football_v\11_System_Intelligence\reasoning_memory.py
data,2,E:\football_v\11_System_Intelligence\reasoning_rules.py
ev,1,E:\football_v\11_System_Intelligence\reasoning_rules.py
data,1,E:\football_v\11_System_Intelligence\risk_agent.py
ev,1,E:\football_v\11_System_Intelligence\risk_agent.py
data,1,E:\football_v\11_System_Intelligence\risk_detector.py
data,1,E:\football_v\11_System_Intelligence\risk_engine.py
score,1,E:\football_v\11_System_Intelligence\risk_engine.py
engine,1,E:\football_v\11_System_Intelligence\risk_engine.py
data,2,E:\football_v\11_System_Intelligence\risk_memory.py
data,2,E:\football_v\11_System_Intelligence\risk_report.py
score,1,E:\football_v\11_System_Intelligence\score_distribution_engine.py
engine,1,E:\football_v\11_System_Intelligence\score_distribution_engine.py
predict,2,E:\football_v\11_System_Intelligence\score_prediction_engine.py
prediction,1,E:\football_v\11_System_Intelligence\score_prediction_engine.py
score,2,E:\football_v\11_System_Intelligence\score_prediction_engine.py
engine,1,E:\football_v\11_System_Intelligence\score_prediction_engine.py
data,1,E:\football_v\11_System_Intelligence\score_probability_table.py
probability,1,E:\football_v\11_System_Intelligence\score_probability_table.py
score,1,E:\football_v\11_System_Intelligence\score_probability_table.py
data,1,E:\football_v\11_System_Intelligence\sp_probability_engine.py
probability,2,E:\football_v\11_System_Intelligence\sp_probability_engine.py
engine,1,E:\football_v\11_System_Intelligence\sp_probability_engine.py
data,1,E:\football_v\11_System_Intelligence\strategy_agent.py
data,1,E:\football_v\11_System_Intelligence\system_exporter.py
feature,1,E:\football_v\11_System_Intelligence\team_feature_builder.py
strength,1,E:\football_v\11_System_Intelligence\team_feature_builder.py
strength,2,E:\football_v\11_System_Intelligence\team_strength_engine.py
ev,1,E:\football_v\11_System_Intelligence\team_strength_engine.py
engine,1,E:\football_v\11_System_Intelligence\team_strength_engine.py
data,4,E:\football_v\11_System_Intelligence\true_probability_calculator.py
probability,4,E:\football_v\11_System_Intelligence\true_probability_calculator.py
value,2,E:\football_v\11_System_Intelligence\value_detector.py
data,1,E:\football_v\11_System_Intelligence\weight_learning_engine.py
engine,1,E:\football_v\11_System_Intelligence\weight_learning_engine.py
feature,1,E:\football_v\11_System_Intelligence\xgboost_predictor.py
xgboost,2,E:\football_v\11_System_Intelligence\xgboost_predictor.py
model,1,E:\football_v\11_System_Intelligence\xgboost_predictor.py
predict,2,E:\football_v\11_System_Intelligence\xgboost_predictor.py
probability,1,E:\football_v\11_System_Intelligence\xgboost_predictor.py
data,1,E:\football_v\11_System_Intelligence\xgboost_trainer.py
xgboost,2,E:\football_v\11_System_Intelligence\xgboost_trainer.py
model,1,E:\football_v\11_System_Intelligence\xgboost_trainer.py
train,2,E:\football_v\11_System_Intelligence\xgboost_trainer.py
engine,3,E:\football_v\11_System_Intelligence\tests\test_phase3_10_confidence.py
query,5,E:\football_v\11_System_Intelligence\tests\test_phase3_11_knowledge_graph.py
engine,3,E:\football_v\11_System_Intelligence\tests\test_phase3_11_knowledge_graph.py
elo,1,E:\football_v\11_System_Intelligence\tests\test_phase3_12_probability.py
poisson,1,E:\football_v\11_System_Intelligence\tests\test_phase3_12_probability.py
xgboost,1,E:\football_v\11_System_Intelligence\tests\test_phase3_12_probability.py
probability,4,E:\football_v\11_System_Intelligence\tests\test_phase3_12_probability.py
engine,3,E:\football_v\11_System_Intelligence\tests\test_phase3_12_probability.py
engine,3,E:\football_v\11_System_Intelligence\tests\test_phase3_13_market.py
predict,6,E:\football_v\11_System_Intelligence\tests\test_phase3_14_prediction.py
prediction,5,E:\football_v\11_System_Intelligence\tests\test_phase3_14_prediction.py
engine,3,E:\football_v\11_System_Intelligence\tests\test_phase3_14_prediction.py
runtime,4,E:\football_v\11_System_Intelligence\tests\test_phase3_15_runtime.py
db,4,E:\football_v\11_System_Intelligence\tests\test_phase3_2_memory_bridge.py
engine,6,E:\football_v\11_System_Intelligence\tests\test_phase3_3_reasoning.py
model,1,E:\football_v\11_System_Intelligence\tests\test_phase3_4_decision_fusion.py
engine,2,E:\football_v\11_System_Intelligence\tests\test_phase3_4_decision_fusion.py
db,4,E:\football_v\11_System_Intelligence\tests\test_phase3_5_controller_upgrade.py
router,4,E:\football_v\11_System_Intelligence\tests\test_phase3_5_controller_upgrade.py
elo,2,E:\football_v\11_System_Intelligence\tests\test_phase3_6_self_learning.py
xgboost,1,E:\football_v\11_System_Intelligence\tests\test_phase3_6_self_learning.py
model,3,E:\football_v\11_System_Intelligence\tests\test_phase3_6_self_learning.py
engine,5,E:\football_v\11_System_Intelligence\tests\test_phase3_6_self_learning.py
score,1,E:\football_v\11_System_Intelligence\tests\test_phase3_7_evolution.py
ev,8,E:\football_v\11_System_Intelligence\tests\test_phase3_7_evolution.py
engine,9,E:\football_v\11_System_Intelligence\tests\test_phase3_7_evolution.py
strength,2,E:\football_v\11_System_Intelligence\tests\test_phase3_8_knowledge.py
score,1,E:\football_v\11_System_Intelligence\tests\test_phase3_9_risk.py
engine,3,E:\football_v\11_System_Intelligence\tests\test_phase3_9_risk.py
predict,1,E:\football_v\11_System_Intelligence\tests\test_phase3_system_intelligence.py
prediction,1,E:\football_v\11_System_Intelligence\tests\test_phase3_system_intelligence.py
engine,4,E:\football_v\11_System_Intelligence\tests\test_phase3_system_intelligence.py
elo,4,E:\football_v\11_System_Intelligence\tests\test_phase4_prediction_core.py
model,3,E:\football_v\11_System_Intelligence\tests\test_phase4_prediction_core.py
probability,1,E:\football_v\11_System_Intelligence\tests\test_phase4_prediction_core.py
engine,3,E:\football_v\11_System_Intelligence\tests\test_phase4_prediction_core.py
elo,1,E:\football_v\11_System_Intelligence\tests\test_phase5_2_weight.py
engine,3,E:\football_v\11_System_Intelligence\tests\test_phase5_2_weight.py
simulation,1,E:\football_v\11_System_Intelligence\tests\test_phase5_3_simulation.py
simulate,1,E:\football_v\11_System_Intelligence\tests\test_phase5_3_simulation.py
engine,3,E:\football_v\11_System_Intelligence\tests\test_phase5_3_simulation.py
engine,3,E:\football_v\11_System_Intelligence\tests\test_phase6_backtest.py
model,3,E:\football_v\11_System_Intelligence\tests\test_phase6_feedback.py
engine,3,E:\football_v\11_System_Intelligence\tests\test_phase6_feedback.py
elo,3,E:\football_v\11_System_Intelligence\tests\test_phase6_training.py
train,6,E:\football_v\11_System_Intelligence\tests\test_phase6_training.py
predict,1,E:\football_v\120_AI_REPORT_SERVICE\module.py
prediction,1,E:\football_v\120_AI_REPORT_SERVICE\module.py
service,1,E:\football_v\120_AI_REPORT_SERVICE\module.py
data,1,E:\football_v\121_DATABASE_GOVERNANCE_LAYER\data_registry.py
database,1,E:\football_v\121_DATABASE_GOVERNANCE_LAYER\data_registry.py
db,1,E:\football_v\121_RESULT_FEEDBACK_ENGINE\module.py
engine,1,E:\football_v\121_RESULT_FEEDBACK_ENGINE\module.py
engine,1,E:\football_v\122_ERROR_ANALYSIS_ENGINE\module.py
model,1,E:\football_v\122_MODEL_STORE_LAYER\metadata_manager.py
engine,1,E:\football_v\123_EXECUTION_ENGINE\decision_executor.py
model,1,E:\football_v\123_MODEL_WEIGHT_UPDATE_ENGINE\module.py
engine,1,E:\football_v\123_MODEL_WEIGHT_UPDATE_ENGINE\module.py
engine,1,E:\football_v\124_AUTO_BACKTEST_ENGINE\module.py
model,1,E:\football_v\126_MODEL_EXPLANATION_ENGINE\explanation_engine.py
engine,1,E:\football_v\126_MODEL_EXPLANATION_ENGINE\explanation_engine.py
predict,4,E:\football_v\12_AUTONOMOUS_LEARNING_ENGINE\error_analysis\error_analyzer.py
prediction,4,E:\football_v\12_AUTONOMOUS_LEARNING_ENGINE\error_analysis\error_analyzer.py
data,3,E:\football_v\12_AUTONOMOUS_LEARNING_ENGINE\experience_database\experience_manager.py
database,1,E:\football_v\12_AUTONOMOUS_LEARNING_ENGINE\experience_database\experience_manager.py
read,1,E:\football_v\12_AUTONOMOUS_LEARNING_ENGINE\feature_optimizer\feature_optimizer.py
feature,5,E:\football_v\12_AUTONOMOUS_LEARNING_ENGINE\feature_optimizer\feature_optimizer.py
db,2,E:\football_v\12_AUTONOMOUS_LEARNING_ENGINE\feedback_collector\collector.py
data,2,E:\football_v\12_AUTONOMOUS_LEARNING_ENGINE\improvement_engine\improvement.py
read,1,E:\football_v\12_AUTONOMOUS_LEARNING_ENGINE\improvement_engine\improvement.py
engine,1,E:\football_v\12_AUTONOMOUS_LEARNING_ENGINE\improvement_engine\improvement.py
data,2,E:\football_v\12_AUTONOMOUS_LEARNING_ENGINE\model_learning\learning_engine.py
read,1,E:\football_v\12_AUTONOMOUS_LEARNING_ENGINE\model_learning\learning_engine.py
model,1,E:\football_v\12_AUTONOMOUS_LEARNING_ENGINE\model_learning\learning_engine.py
engine,1,E:\football_v\12_AUTONOMOUS_LEARNING_ENGINE\model_learning\learning_engine.py
read,1,E:\football_v\12_AUTONOMOUS_LEARNING_ENGINE\self_reflection\reflection_engine.py
read,1,E:\football_v\12_AUTONOMOUS_LEARNING_ENGINE\weight_optimizer\optimizer.py
engine,2,E:\football_v\132_NATURAL_LANGUAGE_ENGINE\module.py
engine,2,E:\football_v\134_COMMAND_ROUTER_ENGINE\module.py
router,2,E:\football_v\134_COMMAND_ROUTER_ENGINE\module.py
engine,2,E:\football_v\136_MODULE_DISPATCH_ENGINE\module.py
runtime,2,E:\football_v\138_LOCAL_CHAT_RUNTIME\module.py
data,2,E:\football_v\13_REPORT_INTELLIGENCE_LAYER\export_engine\exporter.py
read,1,E:\football_v\13_REPORT_INTELLIGENCE_LAYER\export_engine\exporter.py
engine,1,E:\football_v\13_REPORT_INTELLIGENCE_LAYER\export_engine\exporter.py
data,2,E:\football_v\13_REPORT_INTELLIGENCE_LAYER\market_report\market_report.py
read,1,E:\football_v\13_REPORT_INTELLIGENCE_LAYER\market_report\market_report.py
market,3,E:\football_v\13_REPORT_INTELLIGENCE_LAYER\market_report\market_report.py
data,2,E:\football_v\13_REPORT_INTELLIGENCE_LAYER\match_report_generator\match_report.py
read,1,E:\football_v\13_REPORT_INTELLIGENCE_LAYER\match_report_generator\match_report.py
data,2,E:\football_v\13_REPORT_INTELLIGENCE_LAYER\model_report\model_report.py
read,1,E:\football_v\13_REPORT_INTELLIGENCE_LAYER\model_report\model_report.py
model,3,E:\football_v\13_REPORT_INTELLIGENCE_LAYER\model_report\model_report.py
read,1,E:\football_v\13_REPORT_INTELLIGENCE_LAYER\post_match_report\post_match.py
ev,1,E:\football_v\13_REPORT_INTELLIGENCE_LAYER\post_match_report\post_match.py
read,1,E:\football_v\13_REPORT_INTELLIGENCE_LAYER\probability_report\probability_report.py
model,3,E:\football_v\13_REPORT_INTELLIGENCE_LAYER\probability_report\probability_report.py
probability,2,E:\football_v\13_REPORT_INTELLIGENCE_LAYER\probability_report\probability_report.py
data,2,E:\football_v\13_REPORT_INTELLIGENCE_LAYER\risk_report\risk_report.py
read,1,E:\football_v\13_REPORT_INTELLIGENCE_LAYER\risk_report\risk_report.py
data,2,E:\football_v\13_REPORT_INTELLIGENCE_LAYER\visualization_engine\visualizer.py
read,1,E:\football_v\13_REPORT_INTELLIGENCE_LAYER\visualization_engine\visualizer.py
engine,1,E:\football_v\13_REPORT_INTELLIGENCE_LAYER\visualization_engine\visualizer.py
engine,1,E:\football_v\141_REAL_CHAT_EXECUTION_ENGINE\module.py
runtime,1,E:\football_v\141_REAL_CHAT_EXECUTION_ENGINE\module.py
data,1,E:\football_v\142_DATABASE_QUERY_RUNTIME\module.py
database,1,E:\football_v\142_DATABASE_QUERY_RUNTIME\module.py
query,1,E:\football_v\142_DATABASE_QUERY_RUNTIME\module.py
runtime,2,E:\football_v\142_DATABASE_QUERY_RUNTIME\module.py
model,1,E:\football_v\143_MODEL_CALL_ORCHESTRATOR\module.py
runtime,1,E:\football_v\143_MODEL_CALL_ORCHESTRATOR\module.py
runtime,1,E:\football_v\144_MATCH_ANALYSIS_EXECUTOR\module.py
executor,1,E:\football_v\144_MATCH_ANALYSIS_EXECUTOR\module.py
runtime,2,E:\football_v\145_REPORT_GENERATION_RUNTIME\module.py
history,1,E:\football_v\146_HISTORY_CONVERSATION_STORE\module.py
runtime,1,E:\football_v\146_HISTORY_CONVERSATION_STORE\module.py
engine,1,E:\football_v\147_TASK_SCHEDULER_ENGINE\module.py
runtime,1,E:\football_v\147_TASK_SCHEDULER_ENGINE\module.py
runtime,2,E:\football_v\148_RUNTIME_ERROR_HANDLER\module.py
runtime,1,E:\football_v\149_SYSTEM_LOG_MANAGER\module.py
data,3,E:\football_v\14_SYSTEM_MONITORING_LAYER\database_monitor\database_checker.py
read,1,E:\football_v\14_SYSTEM_MONITORING_LAYER\database_monitor\database_checker.py
database,3,E:\football_v\14_SYSTEM_MONITORING_LAYER\database_monitor\database_checker.py
db,1,E:\football_v\14_SYSTEM_MONITORING_LAYER\database_monitor\database_checker.py
read,1,E:\football_v\14_SYSTEM_MONITORING_LAYER\health_monitor\health_checker.py
read,1,E:\football_v\14_SYSTEM_MONITORING_LAYER\model_monitor\model_checker.py
elo,1,E:\football_v\14_SYSTEM_MONITORING_LAYER\model_monitor\model_checker.py
dixon,1,E:\football_v\14_SYSTEM_MONITORING_LAYER\model_monitor\model_checker.py
poisson,1,E:\football_v\14_SYSTEM_MONITORING_LAYER\model_monitor\model_checker.py
xgboost,1,E:\football_v\14_SYSTEM_MONITORING_LAYER\model_monitor\model_checker.py
model,3,E:\football_v\14_SYSTEM_MONITORING_LAYER\model_monitor\model_checker.py
form,2,E:\football_v\14_SYSTEM_MONITORING_LAYER\performance_monitor\performance_checker.py
runtime,2,E:\football_v\150_FINAL_RUNTIME_VALIDATION\module.py
read,1,E:\football_v\15_API_INTEGRATION_LAYER\api_scheduler\scheduler.py
read,1,E:\football_v\15_API_INTEGRATION_LAYER\data_sync_engine\sync_manager.py
data,2,E:\football_v\15_API_INTEGRATION_LAYER\football_data_api\football_data_client.py
read,1,E:\football_v\15_API_INTEGRATION_LAYER\football_data_api\football_data_client.py
read,1,E:\football_v\15_API_INTEGRATION_LAYER\injury_api\injury_client.py
read,1,E:\football_v\15_API_INTEGRATION_LAYER\news_api\news_client.py
read,1,E:\football_v\15_API_INTEGRATION_LAYER\odds_api\odds_client.py
odds,3,E:\football_v\15_API_INTEGRATION_LAYER\odds_api\odds_client.py
read,1,E:\football_v\15_API_INTEGRATION_LAYER\stats_api\stats_client.py
read,1,E:\football_v\15_API_INTEGRATION_LAYER\weather_api\weather_client.py
data,2,E:\football_v\16_DATABASE_GOVERNANCE_LAYER\audit_logger.py
read,1,E:\football_v\16_DATABASE_GOVERNANCE_LAYER\audit_logger.py
database,2,E:\football_v\16_DATABASE_GOVERNANCE_LAYER\audit_logger.py
data,3,E:\football_v\16_DATABASE_GOVERNANCE_LAYER\module.py
read,1,E:\football_v\16_DATABASE_GOVERNANCE_LAYER\module.py
database,3,E:\football_v\16_DATABASE_GOVERNANCE_LAYER\module.py
data,1,E:\football_v\16_DATABASE_GOVERNANCE_LAYER\backup_engine\backup_engine_V1.0.py
database,1,E:\football_v\16_DATABASE_GOVERNANCE_LAYER\backup_engine\backup_engine_V1.0.py
db,1,E:\football_v\16_DATABASE_GOVERNANCE_LAYER\backup_engine\backup_engine_V1.0.py
engine,1,E:\football_v\16_DATABASE_GOVERNANCE_LAYER\backup_engine\backup_engine_V1.0.py
data,1,E:\football_v\16_DATABASE_GOVERNANCE_LAYER\database_backup_scheduler\database_backup_scheduler_V1.0.py
read,1,E:\football_v\16_DATABASE_GOVERNANCE_LAYER\database_backup_scheduler\database_backup_scheduler_V1.0.py
database,1,E:\football_v\16_DATABASE_GOVERNANCE_LAYER\database_backup_scheduler\database_backup_scheduler_V1.0.py
data,1,E:\football_v\16_DATABASE_GOVERNANCE_LAYER\database_health_monitor\database_health_monitor_V1.0.py
read,1,E:\football_v\16_DATABASE_GOVERNANCE_LAYER\database_health_monitor\database_health_monitor_V1.0.py
database,1,E:\football_v\16_DATABASE_GOVERNANCE_LAYER\database_health_monitor\database_health_monitor_V1.0.py
data,8,E:\football_v\16_DATABASE_GOVERNANCE_LAYER\database_initializer\database_initializer_V1.0.py
json,3,E:\football_v\16_DATABASE_GOVERNANCE_LAYER\database_initializer\database_initializer_V1.0.py
database,7,E:\football_v\16_DATABASE_GOVERNANCE_LAYER\database_initializer\database_initializer_V1.0.py
sqlite,2,E:\football_v\16_DATABASE_GOVERNANCE_LAYER\database_initializer\database_initializer_V1.0.py
db,6,E:\football_v\16_DATABASE_GOVERNANCE_LAYER\database_initializer\database_initializer_V1.0.py
feature,1,E:\football_v\16_DATABASE_GOVERNANCE_LAYER\database_initializer\database_initializer_V1.0.py
model,1,E:\football_v\16_DATABASE_GOVERNANCE_LAYER\database_initializer\database_initializer_V1.0.py
data,1,E:\football_v\16_DATABASE_GOVERNANCE_LAYER\database_restore_manager\database_restore_manager_V1.0.py
read,1,E:\football_v\16_DATABASE_GOVERNANCE_LAYER\database_restore_manager\database_restore_manager_V1.0.py
database,1,E:\football_v\16_DATABASE_GOVERNANCE_LAYER\database_restore_manager\database_restore_manager_V1.0.py
data,1,E:\football_v\16_DATABASE_GOVERNANCE_LAYER\database_schema_manager\database_schema_manager_V1.0.py
read,1,E:\football_v\16_DATABASE_GOVERNANCE_LAYER\database_schema_manager\database_schema_manager_V1.0.py
database,1,E:\football_v\16_DATABASE_GOVERNANCE_LAYER\database_schema_manager\database_schema_manager_V1.0.py
data,1,E:\football_v\16_DATABASE_GOVERNANCE_LAYER\database_version_manager\database_version_manager_V1.0.py
read,1,E:\football_v\16_DATABASE_GOVERNANCE_LAYER\database_version_manager\database_version_manager_V1.0.py
database,1,E:\football_v\16_DATABASE_GOVERNANCE_LAYER\database_version_manager\database_version_manager_V1.0.py
data,5,E:\football_v\16_DATABASE_GOVERNANCE_LAYER\restore_engine\restore_engine_V1.0.py
json,3,E:\football_v\16_DATABASE_GOVERNANCE_LAYER\restore_engine\restore_engine_V1.0.py
database,5,E:\football_v\16_DATABASE_GOVERNANCE_LAYER\restore_engine\restore_engine_V1.0.py
db,1,E:\football_v\16_DATABASE_GOVERNANCE_LAYER\restore_engine\restore_engine_V1.0.py
engine,3,E:\football_v\16_DATABASE_GOVERNANCE_LAYER\restore_engine\restore_engine_V1.0.py
data,3,E:\football_v\16_DATABASE_GOVERNANCE_LAYER\version_control_engine\version_control_engine_V1.0.py
json,3,E:\football_v\16_DATABASE_GOVERNANCE_LAYER\version_control_engine\version_control_engine_V1.0.py
database,3,E:\football_v\16_DATABASE_GOVERNANCE_LAYER\version_control_engine\version_control_engine_V1.0.py
engine,1,E:\football_v\16_DATABASE_GOVERNANCE_LAYER\version_control_engine\version_control_engine_V1.0.py
read,1,E:\football_v\17_MODEL_STORE_LAYER\model_loader.py
model,2,E:\football_v\17_MODEL_STORE_LAYER\model_loader.py
load,2,E:\football_v\17_MODEL_STORE_LAYER\module.py
elo,1,E:\football_v\17_MODEL_STORE_LAYER\module.py
dixon,1,E:\football_v\17_MODEL_STORE_LAYER\module.py
poisson,1,E:\football_v\17_MODEL_STORE_LAYER\module.py
xgboost,1,E:\football_v\17_MODEL_STORE_LAYER\module.py
model,4,E:\football_v\17_MODEL_STORE_LAYER\module.py
market,1,E:\football_v\17_MODEL_STORE_LAYER\module.py
read,1,E:\football_v\17_MODEL_STORE_LAYER\model_artifact_manager\model_artifact_manager_V1.0.py
model,1,E:\football_v\17_MODEL_STORE_LAYER\model_artifact_manager\model_artifact_manager_V1.0.py
read,1,E:\football_v\17_MODEL_STORE_LAYER\model_cache_manager\model_cache_manager_V1.0.py
model,3,E:\football_v\17_MODEL_STORE_LAYER\model_cache_manager\model_cache_manager_V1.0.py
read,1,E:\football_v\17_MODEL_STORE_LAYER\model_deployment_manager\model_deployment_manager_V1.0.py
model,1,E:\football_v\17_MODEL_STORE_LAYER\model_deployment_manager\model_deployment_manager_V1.0.py
load,4,E:\football_v\17_MODEL_STORE_LAYER\model_loader\model_loader_V1.0.py
json,1,E:\football_v\17_MODEL_STORE_LAYER\model_loader\model_loader_V1.0.py
elo,1,E:\football_v\17_MODEL_STORE_LAYER\model_loader\model_loader_V1.0.py
dixon,1,E:\football_v\17_MODEL_STORE_LAYER\model_loader\model_loader_V1.0.py
poisson,1,E:\football_v\17_MODEL_STORE_LAYER\model_loader\model_loader_V1.0.py
xgboost,1,E:\football_v\17_MODEL_STORE_LAYER\model_loader\model_loader_V1.0.py
model,7,E:\football_v\17_MODEL_STORE_LAYER\model_loader\model_loader_V1.0.py
market,1,E:\football_v\17_MODEL_STORE_LAYER\model_loader\model_loader_V1.0.py
handicap,1,E:\football_v\17_MODEL_STORE_LAYER\model_loader\model_loader_V1.0.py
read,1,E:\football_v\17_MODEL_STORE_LAYER\model_metrics_manager\model_metrics_manager_V1.0.py
model,1,E:\football_v\17_MODEL_STORE_LAYER\model_metrics_manager\model_metrics_manager_V1.0.py
read,1,E:\football_v\17_MODEL_STORE_LAYER\model_parameter_manager\model_parameter_manager_V1.0.py
model,1,E:\football_v\17_MODEL_STORE_LAYER\model_parameter_manager\model_parameter_manager_V1.0.py
json,3,E:\football_v\17_MODEL_STORE_LAYER\model_registry\model_registry_V1.0.py
elo,1,E:\football_v\17_MODEL_STORE_LAYER\model_registry\model_registry_V1.0.py
dixon,1,E:\football_v\17_MODEL_STORE_LAYER\model_registry\model_registry_V1.0.py
poisson,1,E:\football_v\17_MODEL_STORE_LAYER\model_registry\model_registry_V1.0.py
xgboost,1,E:\football_v\17_MODEL_STORE_LAYER\model_registry\model_registry_V1.0.py
model,8,E:\football_v\17_MODEL_STORE_LAYER\model_registry\model_registry_V1.0.py
market,1,E:\football_v\17_MODEL_STORE_LAYER\model_registry\model_registry_V1.0.py
handicap,1,E:\football_v\17_MODEL_STORE_LAYER\model_registry\model_registry_V1.0.py
model,1,E:\football_v\17_MODEL_STORE_LAYER\model_validator\model_validator_V1.0.py
data,2,E:\football_v\17_MODEL_STORE_LAYER\model_version_manager\model_version_manager_V1.0.py
json,1,E:\football_v\17_MODEL_STORE_LAYER\model_version_manager\model_version_manager_V1.0.py
model,1,E:\football_v\17_MODEL_STORE_LAYER\model_version_manager\model_version_manager_V1.0.py
read,1,E:\football_v\18_MODEL_EXECUTION_ENGINE\fusion_engine.py
model,2,E:\football_v\18_MODEL_EXECUTION_ENGINE\fusion_engine.py
engine,2,E:\football_v\18_MODEL_EXECUTION_ENGINE\fusion_engine.py
read,1,E:\football_v\18_MODEL_EXECUTION_ENGINE\module.py
elo,1,E:\football_v\18_MODEL_EXECUTION_ENGINE\module.py
dixon,1,E:\football_v\18_MODEL_EXECUTION_ENGINE\module.py
poisson,1,E:\football_v\18_MODEL_EXECUTION_ENGINE\module.py
xgboost,1,E:\football_v\18_MODEL_EXECUTION_ENGINE\module.py
predict,2,E:\football_v\18_MODEL_EXECUTION_ENGINE\module.py
market,1,E:\football_v\18_MODEL_EXECUTION_ENGINE\module.py
handicap,1,E:\football_v\18_MODEL_EXECUTION_ENGINE\module.py
kelly,1,E:\football_v\18_MODEL_EXECUTION_ENGINE\module.py
engine,2,E:\football_v\18_MODEL_EXECUTION_ENGINE\module.py
pipeline,1,E:\football_v\18_MODEL_EXECUTION_ENGINE\module.py
read,1,E:\football_v\18_MODEL_EXECUTION_ENGINE\batch_predictor\batch_predictor_V1.0.py
predict,1,E:\football_v\18_MODEL_EXECUTION_ENGINE\batch_predictor\batch_predictor_V1.0.py
read,1,E:\football_v\18_MODEL_EXECUTION_ENGINE\confidence_engine\confidence_engine_V1.0.py
engine,1,E:\football_v\18_MODEL_EXECUTION_ENGINE\confidence_engine\confidence_engine_V1.0.py
read,1,E:\football_v\18_MODEL_EXECUTION_ENGINE\execution_monitor\execution_monitor_V1.0.py
load,4,E:\football_v\18_MODEL_EXECUTION_ENGINE\feature_loader\feature_loader_V1.0.py
json,1,E:\football_v\18_MODEL_EXECUTION_ENGINE\feature_loader\feature_loader_V1.0.py
feature,12,E:\football_v\18_MODEL_EXECUTION_ENGINE\feature_loader\feature_loader_V1.0.py
elo,1,E:\football_v\18_MODEL_EXECUTION_ENGINE\feature_loader\feature_loader_V1.0.py
dixon,1,E:\football_v\18_MODEL_EXECUTION_ENGINE\feature_loader\feature_loader_V1.0.py
poisson,1,E:\football_v\18_MODEL_EXECUTION_ENGINE\feature_loader\feature_loader_V1.0.py
xgboost,1,E:\football_v\18_MODEL_EXECUTION_ENGINE\feature_loader\feature_loader_V1.0.py
market,1,E:\football_v\18_MODEL_EXECUTION_ENGINE\feature_loader\feature_loader_V1.0.py
read,1,E:\football_v\18_MODEL_EXECUTION_ENGINE\fusion_engine\fusion_engine_V1.0.py
elo,1,E:\football_v\18_MODEL_EXECUTION_ENGINE\fusion_engine\fusion_engine_V1.0.py
dixon,1,E:\football_v\18_MODEL_EXECUTION_ENGINE\fusion_engine\fusion_engine_V1.0.py
poisson,1,E:\football_v\18_MODEL_EXECUTION_ENGINE\fusion_engine\fusion_engine_V1.0.py
xgboost,1,E:\football_v\18_MODEL_EXECUTION_ENGINE\fusion_engine\fusion_engine_V1.0.py
load,3,E:\football_v\18_MODEL_EXECUTION_ENGINE\model_loader\model_loader_V1.0.py
read,1,E:\football_v\18_MODEL_EXECUTION_ENGINE\model_loader\model_loader_V1.0.py
elo,1,E:\football_v\18_MODEL_EXECUTION_ENGINE\model_loader\model_loader_V1.0.py
dixon,1,E:\football_v\18_MODEL_EXECUTION_ENGINE\model_loader\model_loader_V1.0.py
poisson,1,E:\football_v\18_MODEL_EXECUTION_ENGINE\model_loader\model_loader_V1.0.py
xgboost,1,E:\football_v\18_MODEL_EXECUTION_ENGINE\model_loader\model_loader_V1.0.py
model,9,E:\football_v\18_MODEL_EXECUTION_ENGINE\model_loader\model_loader_V1.0.py
market,1,E:\football_v\18_MODEL_EXECUTION_ENGINE\model_loader\model_loader_V1.0.py
handicap,1,E:\football_v\18_MODEL_EXECUTION_ENGINE\model_loader\model_loader_V1.0.py
read,1,E:\football_v\18_MODEL_EXECUTION_ENGINE\output_manager\output_manager_V1.0.py
json,3,E:\football_v\18_MODEL_EXECUTION_ENGINE\output_manager\output_manager_V1.0.py
form,1,E:\football_v\18_MODEL_EXECUTION_ENGINE\output_manager\output_manager_V1.0.py
read,1,E:\football_v\18_MODEL_EXECUTION_ENGINE\prediction_pipeline\prediction_pipeline_V1.0.py
predict,3,E:\football_v\18_MODEL_EXECUTION_ENGINE\prediction_pipeline\prediction_pipeline_V1.0.py
prediction,1,E:\football_v\18_MODEL_EXECUTION_ENGINE\prediction_pipeline\prediction_pipeline_V1.0.py
probability,3,E:\football_v\18_MODEL_EXECUTION_ENGINE\prediction_pipeline\prediction_pipeline_V1.0.py
pipeline,1,E:\football_v\18_MODEL_EXECUTION_ENGINE\prediction_pipeline\prediction_pipeline_V1.0.py
read,1,E:\football_v\18_MODEL_EXECUTION_ENGINE\prediction_scheduler\prediction_scheduler_V1.0.py
predict,1,E:\football_v\18_MODEL_EXECUTION_ENGINE\prediction_scheduler\prediction_scheduler_V1.0.py
prediction,1,E:\football_v\18_MODEL_EXECUTION_ENGINE\prediction_scheduler\prediction_scheduler_V1.0.py
read,1,E:\football_v\18_MODEL_EXECUTION_ENGINE\risk_engine\risk_engine_V1.0.py
engine,1,E:\football_v\18_MODEL_EXECUTION_ENGINE\risk_engine\risk_engine_V1.0.py
read,1,E:\football_v\19_API_LAYER\health_api.py
read,1,E:\football_v\19_API_LAYER\module.py
read,1,E:\football_v\19_API_LAYER\api_registry\api_registry_V1.0.py
read,1,E:\football_v\19_API_LAYER\health_api\health_api_V1.0.py
read,1,E:\football_v\19_API_LAYER\model_api\model_api_V1.0.py
model,1,E:\football_v\19_API_LAYER\model_api\model_api_V1.0.py
read,1,E:\football_v\19_API_LAYER\prediction_api\prediction_api_V1.0.py
predict,1,E:\football_v\19_API_LAYER\prediction_api\prediction_api_V1.0.py
prediction,1,E:\football_v\19_API_LAYER\prediction_api\prediction_api_V1.0.py
read,1,E:\football_v\19_API_LAYER\report_api\report_api_V1.0.py
read,1,E:\football_v\20_DASHBOARD_LAYER\dashboard.py
read,1,E:\football_v\20_DASHBOARD_LAYER\module.py
read,1,E:\football_v\20_DASHBOARD_LAYER\dashboard_core\dashboard_core_V1.0.py
read,1,E:\football_v\20_DASHBOARD_LAYER\market_dashboard\market_dashboard_V1.0.py
market,1,E:\football_v\20_DASHBOARD_LAYER\market_dashboard\market_dashboard_V1.0.py
read,1,E:\football_v\20_DASHBOARD_LAYER\model_dashboard\model_dashboard_V1.0.py
model,1,E:\football_v\20_DASHBOARD_LAYER\model_dashboard\model_dashboard_V1.0.py
read,1,E:\football_v\20_DASHBOARD_LAYER\prediction_dashboard\prediction_dashboard_V1.0.py
predict,1,E:\football_v\20_DASHBOARD_LAYER\prediction_dashboard\prediction_dashboard_V1.0.py
prediction,1,E:\football_v\20_DASHBOARD_LAYER\prediction_dashboard\prediction_dashboard_V1.0.py
read,1,E:\football_v\20_DASHBOARD_LAYER\probability_dashboard\probability_dashboard_V1.0.py
probability,1,E:\football_v\20_DASHBOARD_LAYER\probability_dashboard\probability_dashboard_V1.0.py
read,1,E:\football_v\20_DASHBOARD_LAYER\report_dashboard\report_dashboard_V1.0.py
read,1,E:\football_v\21_PRODUCT_PACKAGE\startup.py
read,1,E:\football_v\21_PRODUCT_PACKAGE\environment_checker\environment_checker_V1.0.py
read,1,E:\football_v\21_PRODUCT_PACKAGE\installer\installer_V1.0.py
read,1,E:\football_v\21_PRODUCT_PACKAGE\package_builder\package_builder_V1.0.py
read,1,E:\football_v\21_PRODUCT_PACKAGE\release_manager\release_manager_V1.0.py
read,1,E:\football_v\21_PRODUCT_PACKAGE\update_manager\update_manager_V1.0.py
read,1,E:\football_v\21_PRODUCT_PACKAGE\version_registry\version_registry_V1.0.py
feature,2,E:\football_v\22_AI_FEATURE_STORE_LAYER\feature_builder.py
feature,2,E:\football_v\22_AI_FEATURE_STORE_LAYER\feature_pipeline.py
pipeline,1,E:\football_v\22_AI_FEATURE_STORE_LAYER\feature_pipeline.py
feature,2,E:\football_v\22_AI_FEATURE_STORE_LAYER\feature_registry.py
feature,1,E:\football_v\22_AI_FEATURE_STORE_LAYER\module.py
dixon,1,E:\football_v\23_MODEL_TRAINING_ENGINE\dixon_coles_trainer.py
model,1,E:\football_v\23_MODEL_TRAINING_ENGINE\dixon_coles_trainer.py
train,2,E:\football_v\23_MODEL_TRAINING_ENGINE\dixon_coles_trainer.py
engine,1,E:\football_v\23_MODEL_TRAINING_ENGINE\dixon_coles_trainer.py
elo,1,E:\football_v\23_MODEL_TRAINING_ENGINE\elo_trainer.py
model,1,E:\football_v\23_MODEL_TRAINING_ENGINE\elo_trainer.py
train,2,E:\football_v\23_MODEL_TRAINING_ENGINE\elo_trainer.py
engine,1,E:\football_v\23_MODEL_TRAINING_ENGINE\elo_trainer.py
model,1,E:\football_v\23_MODEL_TRAINING_ENGINE\fusion_trainer.py
train,2,E:\football_v\23_MODEL_TRAINING_ENGINE\fusion_trainer.py
engine,1,E:\football_v\23_MODEL_TRAINING_ENGINE\fusion_trainer.py
model,1,E:\football_v\23_MODEL_TRAINING_ENGINE\module.py
train,1,E:\football_v\23_MODEL_TRAINING_ENGINE\module.py
engine,1,E:\football_v\23_MODEL_TRAINING_ENGINE\module.py
poisson,1,E:\football_v\23_MODEL_TRAINING_ENGINE\poisson_trainer.py
model,1,E:\football_v\23_MODEL_TRAINING_ENGINE\poisson_trainer.py
train,2,E:\football_v\23_MODEL_TRAINING_ENGINE\poisson_trainer.py
engine,1,E:\football_v\23_MODEL_TRAINING_ENGINE\poisson_trainer.py
xgboost,1,E:\football_v\23_MODEL_TRAINING_ENGINE\xgboost_trainer.py
model,1,E:\football_v\23_MODEL_TRAINING_ENGINE\xgboost_trainer.py
train,2,E:\football_v\23_MODEL_TRAINING_ENGINE\xgboost_trainer.py
engine,1,E:\football_v\23_MODEL_TRAINING_ENGINE\xgboost_trainer.py
data,2,E:\football_v\23_MODEL_TRAINING_ENGINE\dataset_manager\dataset_manager_V2.0.py
dataset,2,E:\football_v\23_MODEL_TRAINING_ENGINE\dataset_manager\dataset_manager_V2.0.py
load,1,E:\football_v\23_MODEL_TRAINING_ENGINE\dataset_manager\dataset_manager_V2.0.py
read,1,E:\football_v\23_MODEL_TRAINING_ENGINE\dataset_manager\dataset_manager_V2.0.py
history,1,E:\football_v\23_MODEL_TRAINING_ENGINE\dataset_manager\dataset_manager_V2.0.py
read,1,E:\football_v\23_MODEL_TRAINING_ENGINE\evaluation_engine\evaluation_engine_V2.0.py
ev,2,E:\football_v\23_MODEL_TRAINING_ENGINE\evaluation_engine\evaluation_engine_V2.0.py
engine,1,E:\football_v\23_MODEL_TRAINING_ENGINE\evaluation_engine\evaluation_engine_V2.0.py
load,2,E:\football_v\23_MODEL_TRAINING_ENGINE\feature_loader\feature_loader_V2.0.py
read,1,E:\football_v\23_MODEL_TRAINING_ENGINE\feature_loader\feature_loader_V2.0.py
feature,1,E:\football_v\23_MODEL_TRAINING_ENGINE\feature_loader\feature_loader_V2.0.py
elo,1,E:\football_v\23_MODEL_TRAINING_ENGINE\feature_loader\feature_loader_V2.0.py
read,1,E:\football_v\23_MODEL_TRAINING_ENGINE\model_trainer\model_trainer_V2.0.py
model,2,E:\football_v\23_MODEL_TRAINING_ENGINE\model_trainer\model_trainer_V2.0.py
train,3,E:\football_v\23_MODEL_TRAINING_ENGINE\model_trainer\model_trainer_V2.0.py
train,3,E:\football_v\23_MODEL_TRAINING_ENGINE\tests\test_training_engine_V2.0.py
engine,1,E:\football_v\23_MODEL_TRAINING_ENGINE\tests\test_training_engine_V2.0.py
read,1,E:\football_v\23_MODEL_TRAINING_ENGINE\training_pipeline\training_pipeline_V2.0.py
train,2,E:\football_v\23_MODEL_TRAINING_ENGINE\training_pipeline\training_pipeline_V2.0.py
pipeline,1,E:\football_v\23_MODEL_TRAINING_ENGINE\training_pipeline\training_pipeline_V2.0.py
predict,1,E:\football_v\24_PREDICTION_INTELLIGENCE_LAYER\handicap_engine.py
prediction,1,E:\football_v\24_PREDICTION_INTELLIGENCE_LAYER\handicap_engine.py
handicap,1,E:\football_v\24_PREDICTION_INTELLIGENCE_LAYER\handicap_engine.py
engine,1,E:\football_v\24_PREDICTION_INTELLIGENCE_LAYER\handicap_engine.py
predict,1,E:\football_v\24_PREDICTION_INTELLIGENCE_LAYER\kelly_optimizer.py
prediction,1,E:\football_v\24_PREDICTION_INTELLIGENCE_LAYER\kelly_optimizer.py
kelly,1,E:\football_v\24_PREDICTION_INTELLIGENCE_LAYER\kelly_optimizer.py
predict,1,E:\football_v\24_PREDICTION_INTELLIGENCE_LAYER\market_risk_engine.py
prediction,1,E:\football_v\24_PREDICTION_INTELLIGENCE_LAYER\market_risk_engine.py
market,1,E:\football_v\24_PREDICTION_INTELLIGENCE_LAYER\market_risk_engine.py
engine,1,E:\football_v\24_PREDICTION_INTELLIGENCE_LAYER\market_risk_engine.py
predict,1,E:\football_v\24_PREDICTION_INTELLIGENCE_LAYER\module.py
prediction,1,E:\football_v\24_PREDICTION_INTELLIGENCE_LAYER\module.py
predict,1,E:\football_v\24_PREDICTION_INTELLIGENCE_LAYER\probability_engine.py
prediction,1,E:\football_v\24_PREDICTION_INTELLIGENCE_LAYER\probability_engine.py
probability,1,E:\football_v\24_PREDICTION_INTELLIGENCE_LAYER\probability_engine.py
engine,1,E:\football_v\24_PREDICTION_INTELLIGENCE_LAYER\probability_engine.py
predict,2,E:\football_v\24_PREDICTION_INTELLIGENCE_LAYER\score_prediction_engine.py
prediction,2,E:\football_v\24_PREDICTION_INTELLIGENCE_LAYER\score_prediction_engine.py
score,1,E:\football_v\24_PREDICTION_INTELLIGENCE_LAYER\score_prediction_engine.py
engine,1,E:\football_v\24_PREDICTION_INTELLIGENCE_LAYER\score_prediction_engine.py
capital,1,E:\football_v\24_PREDICTION_INTELLIGENCE_LAYER\market_intelligence\capital_flow_detector.py
market,1,E:\football_v\24_PREDICTION_INTELLIGENCE_LAYER\market_intelligence\market_sentiment_engine.py
engine,1,E:\football_v\24_PREDICTION_INTELLIGENCE_LAYER\market_intelligence\market_sentiment_engine.py
odds,1,E:\football_v\24_PREDICTION_INTELLIGENCE_LAYER\market_intelligence\odds_tracker.py
predict,1,E:\football_v\24_PREDICTION_INTELLIGENCE_LAYER\output_engine\prediction_report.py
prediction,1,E:\football_v\24_PREDICTION_INTELLIGENCE_LAYER\output_engine\prediction_report.py
read,1,E:\football_v\24_PREDICTION_INTELLIGENCE_LAYER\prediction_core\predictor.py
feature,1,E:\football_v\24_PREDICTION_INTELLIGENCE_LAYER\prediction_core\predictor.py
predict,3,E:\football_v\24_PREDICTION_INTELLIGENCE_LAYER\prediction_core\predictor.py
prediction,1,E:\football_v\24_PREDICTION_INTELLIGENCE_LAYER\prediction_core\predictor.py
read,1,E:\football_v\24_PREDICTION_INTELLIGENCE_LAYER\prediction_models\dixon_coles_predictor.py
dixon,2,E:\football_v\24_PREDICTION_INTELLIGENCE_LAYER\prediction_models\dixon_coles_predictor.py
predict,2,E:\football_v\24_PREDICTION_INTELLIGENCE_LAYER\prediction_models\dixon_coles_predictor.py
read,1,E:\football_v\24_PREDICTION_INTELLIGENCE_LAYER\prediction_models\elo_predictor.py
elo,2,E:\football_v\24_PREDICTION_INTELLIGENCE_LAYER\prediction_models\elo_predictor.py
predict,2,E:\football_v\24_PREDICTION_INTELLIGENCE_LAYER\prediction_models\elo_predictor.py
read,1,E:\football_v\24_PREDICTION_INTELLIGENCE_LAYER\prediction_models\poisson_predictor.py
poisson,2,E:\football_v\24_PREDICTION_INTELLIGENCE_LAYER\prediction_models\poisson_predictor.py
predict,2,E:\football_v\24_PREDICTION_INTELLIGENCE_LAYER\prediction_models\poisson_predictor.py
read,1,E:\football_v\24_PREDICTION_INTELLIGENCE_LAYER\prediction_models\xgboost_predictor.py
xgboost,2,E:\football_v\24_PREDICTION_INTELLIGENCE_LAYER\prediction_models\xgboost_predictor.py
predict,2,E:\football_v\24_PREDICTION_INTELLIGENCE_LAYER\prediction_models\xgboost_predictor.py
load,1,E:\football_v\24_PREDICTION_INTELLIGENCE_LAYER\prediction_pipeline\feature_pipeline.py
feature,1,E:\football_v\24_PREDICTION_INTELLIGENCE_LAYER\prediction_pipeline\feature_pipeline.py
pipeline,1,E:\football_v\24_PREDICTION_INTELLIGENCE_LAYER\prediction_pipeline\feature_pipeline.py
read,1,E:\football_v\24_PREDICTION_INTELLIGENCE_LAYER\prediction_pipeline\prediction_pipeline.py
predict,1,E:\football_v\24_PREDICTION_INTELLIGENCE_LAYER\prediction_pipeline\prediction_pipeline.py
prediction,1,E:\football_v\24_PREDICTION_INTELLIGENCE_LAYER\prediction_pipeline\prediction_pipeline.py
pipeline,1,E:\football_v\24_PREDICTION_INTELLIGENCE_LAYER\prediction_pipeline\prediction_pipeline.py
predict,2,E:\football_v\24_PREDICTION_INTELLIGENCE_LAYER\tests\test_prediction_engine_V2.0.py
prediction,2,E:\football_v\24_PREDICTION_INTELLIGENCE_LAYER\tests\test_prediction_engine_V2.0.py
engine,1,E:\football_v\25_BACKTEST_ENGINE\historical_runner.py
engine,1,E:\football_v\25_BACKTEST_ENGINE\module.py
form,1,E:\football_v\25_BACKTEST_ENGINE\performance_report.py
engine,1,E:\football_v\25_BACKTEST_ENGINE\performance_report.py
roi,1,E:\football_v\25_BACKTEST_ENGINE\roi_calculator.py
engine,1,E:\football_v\25_BACKTEST_ENGINE\roi_calculator.py
read,1,E:\football_v\25_BACKTEST_ENGINE\backtest_pipeline\backtest_pipeline_V2.0.py
pipeline,1,E:\football_v\25_BACKTEST_ENGINE\backtest_pipeline\backtest_pipeline_V2.0.py
data,1,E:\football_v\25_BACKTEST_ENGINE\data_split_engine\data_split_engine_V2.0.py
train,1,E:\football_v\25_BACKTEST_ENGINE\data_split_engine\data_split_engine_V2.0.py
engine,1,E:\football_v\25_BACKTEST_ENGINE\data_split_engine\data_split_engine_V2.0.py
read,1,E:\football_v\25_BACKTEST_ENGINE\historical_runner\historical_runner_V2.0.py
read,1,E:\football_v\25_BACKTEST_ENGINE\kelly_analyzer\kelly_analyzer_V2.0.py
kelly,1,E:\football_v\25_BACKTEST_ENGINE\kelly_analyzer\kelly_analyzer_V2.0.py
roi,1,E:\football_v\25_BACKTEST_ENGINE\roi_calculator\roi_calculator_V2.0.py
data,1,E:\football_v\26_AUTOMATION_LAYER\data_scheduler.py
model,1,E:\football_v\26_AUTOMATION_LAYER\model_scheduler.py
engine,1,E:\football_v\26_AUTOMATION_LAYER\monitoring_engine.py
data,1,E:\football_v\26_AUTOMATION_LAYER\data_refresh\data_refresh_V2.0.py
predict,1,E:\football_v\26_AUTOMATION_LAYER\prediction_job\prediction_job_V2.0.py
prediction,1,E:\football_v\26_AUTOMATION_LAYER\prediction_job\prediction_job_V2.0.py
score,1,E:\football_v\27_MODEL_FUSION_ENGINE\confidence_engine.py
engine,1,E:\football_v\27_MODEL_FUSION_ENGINE\confidence_engine.py
read,1,E:\football_v\27_MODEL_FUSION_ENGINE\fusion_engine_V2.1.py
model,1,E:\football_v\27_MODEL_FUSION_ENGINE\fusion_engine_V2.1.py
probability,1,E:\football_v\27_MODEL_FUSION_ENGINE\fusion_engine_V2.1.py
engine,1,E:\football_v\27_MODEL_FUSION_ENGINE\fusion_engine_V2.1.py
elo,1,E:\football_v\27_MODEL_FUSION_ENGINE\model_weight_engine.py
dixon,1,E:\football_v\27_MODEL_FUSION_ENGINE\model_weight_engine.py
poisson,1,E:\football_v\27_MODEL_FUSION_ENGINE\model_weight_engine.py
xgboost,1,E:\football_v\27_MODEL_FUSION_ENGINE\model_weight_engine.py
model,1,E:\football_v\27_MODEL_FUSION_ENGINE\model_weight_engine.py
engine,1,E:\football_v\27_MODEL_FUSION_ENGINE\model_weight_engine.py
probability,1,E:\football_v\28_PROBABILITY_CALIBRATION_ENGINE\calibration_engine.py
engine,1,E:\football_v\28_PROBABILITY_CALIBRATION_ENGINE\calibration_engine.py
odds,1,E:\football_v\28_PROBABILITY_CALIBRATION_ENGINE\odds_calibrator.py
read,1,E:\football_v\29_DECISION_ENGINE\decision_engine.py
predict,1,E:\football_v\29_DECISION_ENGINE\decision_engine.py
prediction,1,E:\football_v\29_DECISION_ENGINE\decision_engine.py
engine,1,E:\football_v\29_DECISION_ENGINE\decision_engine.py
kelly,1,E:\football_v\29_DECISION_ENGINE\kelly_decision.py
capital,1,E:\football_v\30_MARKET_GAME_ENGINE\capital_flow.py
market,1,E:\football_v\30_MARKET_GAME_ENGINE\market_engine.py
engine,1,E:\football_v\30_MARKET_GAME_ENGINE\market_engine.py
db,1,E:\football_v\31_SELF_LEARNING_ENGINE\feedback_engine.py
engine,1,E:\football_v\31_SELF_LEARNING_ENGINE\feedback_engine.py
model,1,E:\football_v\31_SELF_LEARNING_ENGINE\model_update_engine.py
pipeline,1,E:\football_v\32_PRODUCTION_ORCHESTRATOR\pipeline_controller.py
read,1,E:\football_v\32_PRODUCTION_ORCHESTRATOR\production_runner.py
read,1,E:\football_v\37_MODEL_INTELLIGENCE_CONNECTOR\dixon_coles_loader.py
engine,1,E:\football_v\37_MODEL_INTELLIGENCE_CONNECTOR\dixon_coles_loader.py
read,2,E:\football_v\40_MODEL_TRAINING_PIPELINE\trainer\dixon_coles_trainer_V4.0.py
dixon,2,E:\football_v\40_MODEL_TRAINING_PIPELINE\trainer\dixon_coles_trainer_V4.0.py
train,3,E:\football_v\40_MODEL_TRAINING_PIPELINE\trainer\dixon_coles_trainer_V4.0.py
engine,2,E:\football_v\40_MODEL_TRAINING_PIPELINE\trainer\dixon_coles_trainer_V4.0.py
read,2,E:\football_v\40_MODEL_TRAINING_PIPELINE\trainer\fusion_trainer_V4.0.py
train,2,E:\football_v\40_MODEL_TRAINING_PIPELINE\trainer\fusion_trainer_V4.0.py
engine,2,E:\football_v\40_MODEL_TRAINING_PIPELINE\trainer\fusion_trainer_V4.0.py
read,2,E:\football_v\40_MODEL_TRAINING_PIPELINE\trainer\poisson_trainer_V4.0.py
poisson,2,E:\football_v\40_MODEL_TRAINING_PIPELINE\trainer\poisson_trainer_V4.0.py
train,3,E:\football_v\40_MODEL_TRAINING_PIPELINE\trainer\poisson_trainer_V4.0.py
engine,2,E:\football_v\40_MODEL_TRAINING_PIPELINE\trainer\poisson_trainer_V4.0.py
read,2,E:\football_v\40_MODEL_TRAINING_PIPELINE\trainer\xgboost_trainer_V4.0.py
xgboost,2,E:\football_v\40_MODEL_TRAINING_PIPELINE\trainer\xgboost_trainer_V4.0.py
train,3,E:\football_v\40_MODEL_TRAINING_PIPELINE\trainer\xgboost_trainer_V4.0.py
engine,2,E:\football_v\40_MODEL_TRAINING_PIPELINE\trainer\xgboost_trainer_V4.0.py
predict,1,E:\football_v\53_REAL_MATCH_QUERY_ENGINE\database_reader.py
prediction,1,E:\football_v\53_REAL_MATCH_QUERY_ENGINE\database_reader.py
runtime,1,E:\football_v\58_REAL_PREDICTION_CONTROLLER\match_scheduler.py
runtime,1,E:\football_v\63_REAL_MATCH_EXECUTION_ENGINE\execution_controller.py
odds,1,E:\football_v\68_REAL_ODDS_CONNECTOR\module.py
feature,1,E:\football_v\69_LIVE_MATCH_FEATURE_ENGINE\module.py
engine,1,E:\football_v\69_LIVE_MATCH_FEATURE_ENGINE\module.py
predict,1,E:\football_v\70_AI_PREDICTION_CORE\module.py
prediction,1,E:\football_v\70_AI_PREDICTION_CORE\module.py
probability,1,E:\football_v\71_SCORE_PROBABILITY_ENGINE\module.py
score,1,E:\football_v\71_SCORE_PROBABILITY_ENGINE\module.py
engine,1,E:\football_v\71_SCORE_PROBABILITY_ENGINE\module.py
handicap,1,E:\football_v\72_HANDICAP_DECISION_ENGINE\module.py
engine,1,E:\football_v\72_HANDICAP_DECISION_ENGINE\module.py
market,1,E:\football_v\73_MARKET_GAME_ANALYSIS_ENGINE\module.py
engine,1,E:\football_v\73_MARKET_GAME_ANALYSIS_ENGINE\module.py
db,1,E:\football_v\75_AUTO_LEARNING_FEEDBACK\module.py
feature,1,E:\football_v\76_MODEL_FEATURE_INTEGRATION\module.py
model,1,E:\football_v\76_MODEL_FEATURE_INTEGRATION\module.py
elo,1,E:\football_v\77_ELO_RUNTIME_ENGINE\module.py
engine,1,E:\football_v\77_ELO_RUNTIME_ENGINE\module.py
runtime,1,E:\football_v\77_ELO_RUNTIME_ENGINE\module.py
dixon,1,E:\football_v\78_DIXON_COLES_RUNTIME_ENGINE\module.py
engine,1,E:\football_v\78_DIXON_COLES_RUNTIME_ENGINE\module.py
runtime,1,E:\football_v\78_DIXON_COLES_RUNTIME_ENGINE\module.py
poisson,1,E:\football_v\79_POISSON_RUNTIME_ENGINE\module.py
engine,1,E:\football_v\79_POISSON_RUNTIME_ENGINE\module.py
runtime,1,E:\football_v\79_POISSON_RUNTIME_ENGINE\module.py
xgboost,1,E:\football_v\80_XGBOOST_RUNTIME_ENGINE\module.py
engine,1,E:\football_v\80_XGBOOST_RUNTIME_ENGINE\module.py
runtime,1,E:\football_v\80_XGBOOST_RUNTIME_ENGINE\module.py
model,1,E:\football_v\81_MODEL_FUSION_PREDICTOR\module.py
predict,1,E:\football_v\81_MODEL_FUSION_PREDICTOR\module.py
probability,1,E:\football_v\82_PROBABILITY_CALIBRATION_RUNTIME\module.py
runtime,1,E:\football_v\82_PROBABILITY_CALIBRATION_RUNTIME\module.py
value,1,E:\football_v\83_VALUE_BET_ENGINE\module.py
bet,1,E:\football_v\83_VALUE_BET_ENGINE\module.py
engine,1,E:\football_v\83_VALUE_BET_ENGINE\module.py
kelly,1,E:\football_v\84_KELLY_OPTIMIZATION_ENGINE\module.py
engine,1,E:\football_v\84_KELLY_OPTIMIZATION_ENGINE\module.py
engine,1,E:\football_v\85_FINAL_DECISION_ENGINE\module.py
odds,1,E:\football_v\86_REAL_TIME_ODDS_ENGINE\module.py
engine,1,E:\football_v\86_REAL_TIME_ODDS_ENGINE\module.py
market,1,E:\football_v\87_MARKET_MOVEMENT_ANALYZER\module.py
movement,1,E:\football_v\87_MARKET_MOVEMENT_ANALYZER\module.py
engine,1,E:\football_v\87_MATCH_CONTEXT_ENGINE\module.py
predict,1,E:\football_v\88_HANDICAP_PREDICTION_ENGINE\module.py
prediction,1,E:\football_v\88_HANDICAP_PREDICTION_ENGINE\module.py
handicap,1,E:\football_v\88_HANDICAP_PREDICTION_ENGINE\module.py
engine,1,E:\football_v\88_HANDICAP_PREDICTION_ENGINE\module.py
strength,1,E:\football_v\88_TEAM_STRENGTH_DYNAMIC_ENGINE\module.py
engine,1,E:\football_v\88_TEAM_STRENGTH_DYNAMIC_ENGINE\module.py
engine,1,E:\football_v\89_PLAYER_IMPACT_ENGINE\module.py
simulation,1,E:\football_v\89_SCORE_SIMULATION_ENGINE\module.py
score,1,E:\football_v\89_SCORE_SIMULATION_ENGINE\module.py
engine,1,E:\football_v\89_SCORE_SIMULATION_ENGINE\module.py
engine,1,E:\football_v\90_AI_MATCH_SELECTION_ENGINE\module.py
fatigue,1,E:\football_v\90_FATIGUE_ANALYSIS_ENGINE\module.py
engine,1,E:\football_v\90_FATIGUE_ANALYSIS_ENGINE\module.py
engine,1,E:\football_v\91_CONFIDENCE_RANKING_ENGINE\module.py
form,1,E:\football_v\91_FORM_TREND_ENGINE\module.py
engine,1,E:\football_v\91_FORM_TREND_ENGINE\module.py
market,1,E:\football_v\92_MARKET_EMOTION_ENGINE\module.py
engine,1,E:\football_v\92_MARKET_EMOTION_ENGINE\module.py
engine,1,E:\football_v\92_RISK_CONTROL_ENGINE\module.py
capital,1,E:\football_v\93_CAPITAL_FLOW_ENGINE\module.py
engine,1,E:\football_v\93_CAPITAL_FLOW_ENGINE\module.py
bet,1,E:\football_v\93_PORTFOLIO_BET_ENGINE\module.py
engine,1,E:\football_v\93_PORTFOLIO_BET_ENGINE\module.py
handicap,1,E:\football_v\94_HANDICAP_PENETRATION_ENGINE\module.py
engine,1,E:\football_v\94_HANDICAP_PENETRATION_ENGINE\module.py
ev,1,E:\football_v\94_MATCH_REVIEW_ENGINE\module.py
engine,1,E:\football_v\94_MATCH_REVIEW_ENGINE\module.py
db,1,E:\football_v\95_MODEL_FEEDBACK_ENGINE\module.py
model,1,E:\football_v\95_MODEL_FEEDBACK_ENGINE\module.py
engine,1,E:\football_v\95_MODEL_FEEDBACK_ENGINE\module.py
predict,1,E:\football_v\96_AI_PREDICTION_ORCHESTRATOR\module.py
prediction,1,E:\football_v\96_AI_PREDICTION_ORCHESTRATOR\module.py
feature,1,E:\football_v\96_MATCH_FEATURE_STORE\module.py
forecast,1,E:\football_v\97_FINAL_MATCH_FORECAST_ENGINE\module.py
engine,1,E:\football_v\97_FINAL_MATCH_FORECAST_ENGINE\module.py
model,1,E:\football_v\97_MODEL_WEIGHT_OPTIMIZER\module.py
market,1,E:\football_v\97_TESTS\full_system_validation_V2.1.py
data,1,E:\football_v\97_TESTS\system_integration_test_V2.0.py
database,1,E:\football_v\97_TESTS\system_integration_test_V2.0.py
feature,1,E:\football_v\97_TESTS\system_integration_test_V2.0.py
train,1,E:\football_v\97_TESTS\system_integration_test_V2.0.py
predict,1,E:\football_v\97_TESTS\system_integration_test_V2.0.py
prediction,1,E:\football_v\97_TESTS\system_integration_test_V2.0.py
data,3,E:\football_v\97_TESTS\integration_test\run_integration_test_V1.5.py
json,4,E:\football_v\97_TESTS\integration_test\run_integration_test_V1.5.py
database,2,E:\football_v\97_TESTS\integration_test\run_integration_test_V1.5.py
model,3,E:\football_v\97_TESTS\integration_test\run_integration_test_V1.5.py
engine,1,E:\football_v\97_TESTS\integration_test\run_integration_test_V1.5.py
engine,1,E:\football_v\98_AI_DECISION_REPORT_ENGINE\module.py
predict,1,E:\football_v\98_PREDICTION_CONFIDENCE_ENGINE\module.py
prediction,1,E:\football_v\98_PREDICTION_CONFIDENCE_ENGINE\module.py
engine,1,E:\football_v\98_PREDICTION_CONFIDENCE_ENGINE\module.py
engine,1,E:\football_v\99_AI_RISK_CONTROL_ENGINE\module.py
read,1,E:\football_v\99_DOCUMENTATION\architecture_cleanup\FINAL_CLEANUP_V3.0\DEPRECATED_ARCHIVE\capital_detector.py
engine,1,E:\football_v\99_DOCUMENTATION\architecture_cleanup\FINAL_CLEANUP_V3.0\DEPRECATED_ARCHIVE\capital_detector.py
runtime,1,E:\football_v\99_DOCUMENTATION\architecture_cleanup\FINAL_CLEANUP_V3.0\DEPRECATED_ARCHIVE\compare_engine.py
ev,5,E:\football_v\99_DOCUMENTATION\architecture_cleanup\FINAL_CLEANUP_V3.0\DEPRECATED_ARCHIVE\compatibility.py
data,2,E:\football_v\99_DOCUMENTATION\architecture_cleanup\FINAL_CLEANUP_V3.0\DEPRECATED_ARCHIVE\database_governance_engine.py
read,1,E:\football_v\99_DOCUMENTATION\architecture_cleanup\FINAL_CLEANUP_V3.0\DEPRECATED_ARCHIVE\database_governance_engine.py
database,2,E:\football_v\99_DOCUMENTATION\architecture_cleanup\FINAL_CLEANUP_V3.0\DEPRECATED_ARCHIVE\database_governance_engine.py
data,2,E:\football_v\99_DOCUMENTATION\architecture_cleanup\FINAL_CLEANUP_V3.0\DEPRECATED_ARCHIVE\data_lineage_engine.py
read,1,E:\football_v\99_DOCUMENTATION\architecture_cleanup\FINAL_CLEANUP_V3.0\DEPRECATED_ARCHIVE\data_lineage_engine.py
database,2,E:\football_v\99_DOCUMENTATION\architecture_cleanup\FINAL_CLEANUP_V3.0\DEPRECATED_ARCHIVE\data_lineage_engine.py
data,2,E:\football_v\99_DOCUMENTATION\architecture_cleanup\FINAL_CLEANUP_V3.0\DEPRECATED_ARCHIVE\data_quality_engine.py
read,1,E:\football_v\99_DOCUMENTATION\architecture_cleanup\FINAL_CLEANUP_V3.0\DEPRECATED_ARCHIVE\data_quality_engine.py
database,2,E:\football_v\99_DOCUMENTATION\architecture_cleanup\FINAL_CLEANUP_V3.0\DEPRECATED_ARCHIVE\data_quality_engine.py
data,4,E:\football_v\99_DOCUMENTATION\architecture_cleanup\FINAL_CLEANUP_V3.0\DEPRECATED_ARCHIVE\data_validator.py
service,1,E:\football_v\99_DOCUMENTATION\architecture_cleanup\FINAL_CLEANUP_V3.0\DEPRECATED_ARCHIVE\data_validator.py
read,1,E:\football_v\99_DOCUMENTATION\architecture_cleanup\FINAL_CLEANUP_V3.0\DEPRECATED_ARCHIVE\elo_loader.py
engine,1,E:\football_v\99_DOCUMENTATION\architecture_cleanup\FINAL_CLEANUP_V3.0\DEPRECATED_ARCHIVE\elo_loader.py
predict,1,E:\football_v\99_DOCUMENTATION\architecture_cleanup\FINAL_CLEANUP_V3.0\DEPRECATED_ARCHIVE\feature_builder.py
prediction,1,E:\football_v\99_DOCUMENTATION\architecture_cleanup\FINAL_CLEANUP_V3.0\DEPRECATED_ARCHIVE\feature_builder.py
model,1,E:\football_v\99_DOCUMENTATION\architecture_cleanup\FINAL_CLEANUP_V3.0\DEPRECATED_ARCHIVE\feature_importance.py
engine,1,E:\football_v\99_DOCUMENTATION\architecture_cleanup\FINAL_CLEANUP_V3.0\DEPRECATED_ARCHIVE\feature_importance.py
predict,1,E:\football_v\99_DOCUMENTATION\architecture_cleanup\FINAL_CLEANUP_V3.0\DEPRECATED_ARCHIVE\feature_pipeline.py
prediction,1,E:\football_v\99_DOCUMENTATION\architecture_cleanup\FINAL_CLEANUP_V3.0\DEPRECATED_ARCHIVE\feature_pipeline.py
runtime,1,E:\football_v\99_DOCUMENTATION\architecture_cleanup\FINAL_CLEANUP_V3.0\DEPRECATED_ARCHIVE\feature_processor.py
data,1,E:\football_v\99_DOCUMENTATION\architecture_cleanup\FINAL_CLEANUP_V3.0\DEPRECATED_ARCHIVE\feature_registry.py
database,1,E:\football_v\99_DOCUMENTATION\architecture_cleanup\FINAL_CLEANUP_V3.0\DEPRECATED_ARCHIVE\feature_registry.py
runtime,1,E:\football_v\99_DOCUMENTATION\architecture_cleanup\FINAL_CLEANUP_V3.0\DEPRECATED_ARCHIVE\final_report.py
runtime,1,E:\football_v\99_DOCUMENTATION\architecture_cleanup\FINAL_CLEANUP_V3.0\DEPRECATED_ARCHIVE\forecast_runner.py
runtime,1,E:\football_v\99_DOCUMENTATION\architecture_cleanup\FINAL_CLEANUP_V3.0\DEPRECATED_ARCHIVE\forecast_service.py
form,2,E:\football_v\99_DOCUMENTATION\architecture_cleanup\FINAL_CLEANUP_V3.0\DEPRECATED_ARCHIVE\formatter.py
ev,1,E:\football_v\99_DOCUMENTATION\architecture_cleanup\FINAL_CLEANUP_V3.0\DEPRECATED_ARCHIVE\formatter.py
predict,1,E:\football_v\99_DOCUMENTATION\architecture_cleanup\FINAL_CLEANUP_V3.0\DEPRECATED_ARCHIVE\fusion_runner.py
prediction,1,E:\football_v\99_DOCUMENTATION\architecture_cleanup\FINAL_CLEANUP_V3.0\DEPRECATED_ARCHIVE\fusion_runner.py
runtime,1,E:\football_v\99_DOCUMENTATION\architecture_cleanup\FINAL_CLEANUP_V3.0\DEPRECATED_ARCHIVE\fusion_runtime.py
read,1,E:\football_v\99_DOCUMENTATION\architecture_cleanup\FINAL_CLEANUP_V3.0\DEPRECATED_ARCHIVE\handicap_value.py
engine,1,E:\football_v\99_DOCUMENTATION\architecture_cleanup\FINAL_CLEANUP_V3.0\DEPRECATED_ARCHIVE\handicap_value.py
form,6,E:\football_v\99_DOCUMENTATION\architecture_cleanup\FINAL_CLEANUP_V3.0\DEPRECATED_ARCHIVE\handlers.py
engine,1,E:\football_v\99_DOCUMENTATION\architecture_cleanup\FINAL_CLEANUP_V3.0\DEPRECATED_ARCHIVE\inference_controller.py
read,1,E:\football_v\99_DOCUMENTATION\architecture_cleanup\FINAL_CLEANUP_V3.0\DEPRECATED_ARCHIVE\kelly_engine.py
model,2,E:\football_v\99_DOCUMENTATION\architecture_cleanup\FINAL_CLEANUP_V3.0\DEPRECATED_ARCHIVE\kelly_engine.py
engine,2,E:\football_v\99_DOCUMENTATION\architecture_cleanup\FINAL_CLEANUP_V3.0\DEPRECATED_ARCHIVE\kelly_engine.py
runtime,1,E:\football_v\99_DOCUMENTATION\architecture_cleanup\FINAL_CLEANUP_V3.0\DEPRECATED_ARCHIVE\live_feature.py
form,1,E:\football_v\99_DOCUMENTATION\architecture_cleanup\FINAL_CLEANUP_V3.0\DEPRECATED_ARCHIVE\logger.py
ev,2,E:\football_v\99_DOCUMENTATION\architecture_cleanup\FINAL_CLEANUP_V3.0\DEPRECATED_ARCHIVE\logger.py
runtime,1,E:\football_v\99_DOCUMENTATION\architecture_cleanup\FINAL_CLEANUP_V3.0\DEPRECATED_ARCHIVE\market_risk.py
read,1,E:\football_v\99_DOCUMENTATION\architecture_cleanup\FINAL_CLEANUP_V3.0\DEPRECATED_ARCHIVE\market_sentiment.py
engine,1,E:\football_v\99_DOCUMENTATION\architecture_cleanup\FINAL_CLEANUP_V3.0\DEPRECATED_ARCHIVE\market_sentiment.py
runtime,1,E:\football_v\99_DOCUMENTATION\architecture_cleanup\FINAL_CLEANUP_V3.0\DEPRECATED_ARCHIVE\match_executor.py
read,1,E:\football_v\99_DOCUMENTATION\architecture_cleanup\FINAL_CLEANUP_V3.0\DEPRECATED_ARCHIVE\match_predictor.py
engine,1,E:\football_v\99_DOCUMENTATION\architecture_cleanup\FINAL_CLEANUP_V3.0\DEPRECATED_ARCHIVE\match_predictor.py
predict,1,E:\football_v\99_DOCUMENTATION\architecture_cleanup\FINAL_CLEANUP_V3.0\DEPRECATED_ARCHIVE\match_query.py
prediction,1,E:\football_v\99_DOCUMENTATION\architecture_cleanup\FINAL_CLEANUP_V3.0\DEPRECATED_ARCHIVE\match_query.py
read,1,E:\football_v\99_DOCUMENTATION\architecture_cleanup\FINAL_CLEANUP_V3.0\DEPRECATED_ARCHIVE\model_api.py
read,1,E:\football_v\99_DOCUMENTATION\architecture_cleanup\FINAL_CLEANUP_V3.0\DEPRECATED_ARCHIVE\model_connector.py
engine,1,E:\football_v\99_DOCUMENTATION\architecture_cleanup\FINAL_CLEANUP_V3.0\DEPRECATED_ARCHIVE\model_connector.py
predict,1,E:\football_v\99_DOCUMENTATION\architecture_cleanup\FINAL_CLEANUP_V3.0\DEPRECATED_ARCHIVE\model_executor.py
prediction,1,E:\football_v\99_DOCUMENTATION\architecture_cleanup\FINAL_CLEANUP_V3.0\DEPRECATED_ARCHIVE\model_executor.py
model,1,E:\football_v\99_DOCUMENTATION\architecture_cleanup\FINAL_CLEANUP_V3.0\DEPRECATED_ARCHIVE\model_manager.py
read,1,E:\football_v\99_DOCUMENTATION\architecture_cleanup\FINAL_CLEANUP_V3.0\DEPRECATED_ARCHIVE\model_registry.py
model,2,E:\football_v\99_DOCUMENTATION\architecture_cleanup\FINAL_CLEANUP_V3.0\DEPRECATED_ARCHIVE\model_registry.py
predict,1,E:\football_v\99_DOCUMENTATION\architecture_cleanup\FINAL_CLEANUP_V3.0\DEPRECATED_ARCHIVE\model_runner.py
prediction,1,E:\football_v\99_DOCUMENTATION\architecture_cleanup\FINAL_CLEANUP_V3.0\DEPRECATED_ARCHIVE\model_runner.py
read,1,E:\football_v\99_DOCUMENTATION\architecture_cleanup\FINAL_CLEANUP_V3.0\DEPRECATED_ARCHIVE\model_status.py
read,1,E:\football_v\99_DOCUMENTATION\architecture_cleanup\FINAL_CLEANUP_V3.0\DEPRECATED_ARCHIVE\model_version_manager.py
model,2,E:\football_v\99_DOCUMENTATION\architecture_cleanup\FINAL_CLEANUP_V3.0\DEPRECATED_ARCHIVE\model_version_manager.py
runtime,1,E:\football_v\99_DOCUMENTATION\architecture_cleanup\FINAL_CLEANUP_V3.0\DEPRECATED_ARCHIVE\model_weight_loader.py
runtime,1,E:\football_v\99_DOCUMENTATION\architecture_cleanup\FINAL_CLEANUP_V3.0\DEPRECATED_ARCHIVE\odds_value.py
engine,1,E:\football_v\99_DOCUMENTATION\architecture_cleanup\FINAL_CLEANUP_V3.0\DEPRECATED_ARCHIVE\output_dispatcher.py
read,1,E:\football_v\99_DOCUMENTATION\architecture_cleanup\FINAL_CLEANUP_V3.0\DEPRECATED_ARCHIVE\performance.py
runtime,1,E:\football_v\99_DOCUMENTATION\architecture_cleanup\FINAL_CLEANUP_V3.0\DEPRECATED_ARCHIVE\performance_compare.py
read,1,E:\football_v\99_DOCUMENTATION\architecture_cleanup\FINAL_CLEANUP_V3.0\DEPRECATED_ARCHIVE\poisson_loader.py
engine,1,E:\football_v\99_DOCUMENTATION\architecture_cleanup\FINAL_CLEANUP_V3.0\DEPRECATED_ARCHIVE\poisson_loader.py
read,1,E:\football_v\99_DOCUMENTATION\architecture_cleanup\FINAL_CLEANUP_V3.0\DEPRECATED_ARCHIVE\prediction.py
read,1,E:\football_v\99_DOCUMENTATION\architecture_cleanup\FINAL_CLEANUP_V3.0\DEPRECATED_ARCHIVE\prediction_api.py
runtime,1,E:\football_v\99_DOCUMENTATION\architecture_cleanup\FINAL_CLEANUP_V3.0\DEPRECATED_ARCHIVE\prediction_controller.py
runtime,1,E:\football_v\99_DOCUMENTATION\architecture_cleanup\FINAL_CLEANUP_V3.0\DEPRECATED_ARCHIVE\prediction_db.py
read,1,E:\football_v\99_DOCUMENTATION\architecture_cleanup\FINAL_CLEANUP_V3.0\DEPRECATED_ARCHIVE\prediction_engine.py
model,2,E:\football_v\99_DOCUMENTATION\architecture_cleanup\FINAL_CLEANUP_V3.0\DEPRECATED_ARCHIVE\prediction_engine.py
engine,2,E:\football_v\99_DOCUMENTATION\architecture_cleanup\FINAL_CLEANUP_V3.0\DEPRECATED_ARCHIVE\prediction_engine.py
predict,1,E:\football_v\99_DOCUMENTATION\architecture_cleanup\FINAL_CLEANUP_V3.0\DEPRECATED_ARCHIVE\prediction_pipeline.py
prediction,1,E:\football_v\99_DOCUMENTATION\architecture_cleanup\FINAL_CLEANUP_V3.0\DEPRECATED_ARCHIVE\prediction_pipeline.py
predict,1,E:\football_v\99_DOCUMENTATION\architecture_cleanup\FINAL_CLEANUP_V3.0\DEPRECATED_ARCHIVE\prediction_storage.py
prediction,1,E:\football_v\99_DOCUMENTATION\architecture_cleanup\FINAL_CLEANUP_V3.0\DEPRECATED_ARCHIVE\prediction_storage.py
engine,1,E:\football_v\99_DOCUMENTATION\architecture_cleanup\FINAL_CLEANUP_V3.0\DEPRECATED_ARCHIVE\production_pipeline.py
read,1,E:\football_v\99_DOCUMENTATION\architecture_cleanup\FINAL_CLEANUP_V3.0\DEPRECATED_ARCHIVE\report_api.py
runtime,1,E:\football_v\99_DOCUMENTATION\architecture_cleanup\FINAL_CLEANUP_V3.0\DEPRECATED_ARCHIVE\report_exporter.py
read,1,E:\football_v\99_DOCUMENTATION\architecture_cleanup\FINAL_CLEANUP_V3.0\DEPRECATED_ARCHIVE\report_generator.py
model,2,E:\football_v\99_DOCUMENTATION\architecture_cleanup\FINAL_CLEANUP_V3.0\DEPRECATED_ARCHIVE\report_generator.py
engine,2,E:\football_v\99_DOCUMENTATION\architecture_cleanup\FINAL_CLEANUP_V3.0\DEPRECATED_ARCHIVE\report_generator.py
runtime,1,E:\football_v\99_DOCUMENTATION\architecture_cleanup\FINAL_CLEANUP_V3.0\DEPRECATED_ARCHIVE\result_repository.py
predict,1,E:\football_v\99_DOCUMENTATION\architecture_cleanup\FINAL_CLEANUP_V3.0\DEPRECATED_ARCHIVE\result_writer.py
prediction,1,E:\football_v\99_DOCUMENTATION\architecture_cleanup\FINAL_CLEANUP_V3.0\DEPRECATED_ARCHIVE\result_writer.py
runtime,1,E:\football_v\99_DOCUMENTATION\architecture_cleanup\FINAL_CLEANUP_V3.0\DEPRECATED_ARCHIVE\risk_analyzer.py
read,1,E:\football_v\99_DOCUMENTATION\architecture_cleanup\FINAL_CLEANUP_V3.0\DEPRECATED_ARCHIVE\risk_detector.py
engine,1,E:\football_v\99_DOCUMENTATION\architecture_cleanup\FINAL_CLEANUP_V3.0\DEPRECATED_ARCHIVE\risk_detector.py
read,1,E:\football_v\99_DOCUMENTATION\architecture_cleanup\FINAL_CLEANUP_V3.0\DEPRECATED_ARCHIVE\risk_engine.py
model,2,E:\football_v\99_DOCUMENTATION\architecture_cleanup\FINAL_CLEANUP_V3.0\DEPRECATED_ARCHIVE\risk_engine.py
engine,2,E:\football_v\99_DOCUMENTATION\architecture_cleanup\FINAL_CLEANUP_V3.0\DEPRECATED_ARCHIVE\risk_engine.py
predict,1,E:\football_v\99_DOCUMENTATION\architecture_cleanup\FINAL_CLEANUP_V3.0\DEPRECATED_ARCHIVE\risk_filter.py
prediction,1,E:\football_v\99_DOCUMENTATION\architecture_cleanup\FINAL_CLEANUP_V3.0\DEPRECATED_ARCHIVE\risk_filter.py
model,1,E:\football_v\99_DOCUMENTATION\architecture_cleanup\FINAL_CLEANUP_V3.0\DEPRECATED_ARCHIVE\rollback_manager.py
read,1,E:\football_v\99_DOCUMENTATION\architecture_cleanup\FINAL_CLEANUP_V3.0\DEPRECATED_ARCHIVE\score_predictor.py
engine,1,E:\football_v\99_DOCUMENTATION\architecture_cleanup\FINAL_CLEANUP_V3.0\DEPRECATED_ARCHIVE\score_predictor.py
data,1,E:\football_v\99_DOCUMENTATION\architecture_cleanup\FINAL_CLEANUP_V3.0\DEPRECATED_ARCHIVE\system_registry.py
database,1,E:\football_v\99_DOCUMENTATION\architecture_cleanup\FINAL_CLEANUP_V3.0\DEPRECATED_ARCHIVE\system_registry.py
read,1,E:\football_v\99_DOCUMENTATION\architecture_cleanup\FINAL_CLEANUP_V3.0\DEPRECATED_ARCHIVE\test_api.py
read,1,E:\football_v\99_DOCUMENTATION\architecture_cleanup\FINAL_CLEANUP_V3.0\DEPRECATED_ARCHIVE\test_dashboard.py
data,2,E:\football_v\99_DOCUMENTATION\architecture_cleanup\FINAL_CLEANUP_V3.0\DEPRECATED_ARCHIVE\test_database_governance.py
read,1,E:\football_v\99_DOCUMENTATION\architecture_cleanup\FINAL_CLEANUP_V3.0\DEPRECATED_ARCHIVE\test_database_governance.py
database,2,E:\football_v\99_DOCUMENTATION\architecture_cleanup\FINAL_CLEANUP_V3.0\DEPRECATED_ARCHIVE\test_database_governance.py
read,1,E:\football_v\99_DOCUMENTATION\architecture_cleanup\FINAL_CLEANUP_V3.0\DEPRECATED_ARCHIVE\test_execution_engine.py
model,2,E:\football_v\99_DOCUMENTATION\architecture_cleanup\FINAL_CLEANUP_V3.0\DEPRECATED_ARCHIVE\test_execution_engine.py
engine,2,E:\football_v\99_DOCUMENTATION\architecture_cleanup\FINAL_CLEANUP_V3.0\DEPRECATED_ARCHIVE\test_execution_engine.py
read,1,E:\football_v\99_DOCUMENTATION\architecture_cleanup\FINAL_CLEANUP_V3.0\DEPRECATED_ARCHIVE\test_model_store.py
model,2,E:\football_v\99_DOCUMENTATION\architecture_cleanup\FINAL_CLEANUP_V3.0\DEPRECATED_ARCHIVE\test_model_store.py
runtime,1,E:\football_v\99_DOCUMENTATION\architecture_cleanup\FINAL_CLEANUP_V3.0\DEPRECATED_ARCHIVE\value_analyzer.py
read,1,E:\football_v\99_DOCUMENTATION\architecture_cleanup\FINAL_CLEANUP_V3.0\DEPRECATED_ARCHIVE\value_calculator.py
engine,1,E:\football_v\99_DOCUMENTATION\architecture_cleanup\FINAL_CLEANUP_V3.0\DEPRECATED_ARCHIVE\value_calculator.py
data,1,E:\football_v\99_DOCUMENTATION\architecture_cleanup\FINAL_CLEANUP_V3.0\DEPRECATED_ARCHIVE\version_control.py
database,1,E:\football_v\99_DOCUMENTATION\architecture_cleanup\FINAL_CLEANUP_V3.0\DEPRECATED_ARCHIVE\version_control.py
model,1,E:\football_v\99_DOCUMENTATION\architecture_cleanup\FINAL_CLEANUP_V3.0\DEPRECATED_ARCHIVE\weight_storage.py
read,1,E:\football_v\99_DOCUMENTATION\architecture_cleanup\FINAL_CLEANUP_V3.0\DEPRECATED_ARCHIVE\xgboost_loader.py
engine,1,E:\football_v\99_DOCUMENTATION\architecture_cleanup\FINAL_CLEANUP_V3.0\DEPRECATED_ARCHIVE\xgboost_loader.py
form,1,E:\football_v\99_DOCUMENTATION\backup\Core_Backup_V1.2\core\logger.py
ev,2,E:\football_v\99_DOCUMENTATION\backup\Core_Backup_V1.2\core\logger.py
data,1,E:\football_v\99_DOCUMENTATION\backup\Storage_Merge_V1.0\storage_manager.py
read,1,E:\football_v\99_DOCUMENTATION\backup\Storage_Merge_V1.0\storage_manager.py
form,1,E:\football_v\99_DOCUMENTATION\backup\Storage_Merge_V1.0\storage_manager.py
data,3,E:\football_v\99_DOCUMENTATION\checkpoints\hash_service_backup_v11\hash_service_backup.py
read,1,E:\football_v\99_DOCUMENTATION\checkpoints\hash_service_backup_v11\hash_service_backup.py
data,4,E:\football_v\99_DOCUMENTATION\tools\save_checkpoint.py
engine,4,E:\football_v\99_DOCUMENTATION\tools\save_checkpoint.py
engine,1,E:\football_v\99_PRODUCTION_MONITOR_ENGINE\module.py
read,1,E:\football_v\AI_RUNTIME\report.py
data,1,E:\football_v\AI_RUNTIME\runtime.py
database,1,E:\football_v\AI_RUNTIME\runtime.py
model,1,E:\football_v\AI_RUNTIME\runtime.py
engine,1,E:\football_v\AI_RUNTIME\runtime.py
runtime,2,E:\football_v\AI_RUNTIME\runtime.py
load,3,E:\football_v\archive\logger_migration\setup_logger_module.py
json,6,E:\football_v\archive\logger_migration\setup_logger_module.py
form,9,E:\football_v\archive\logger_migration\setup_logger_module.py
ev,5,E:\football_v\archive\logger_migration\setup_logger_module.py
service,12,E:\football_v\archive\logger_migration\setup_logger_module.py
read,1,E:\football_v\deploy\deploy_v15_phase2_patch3.py
engine,7,E:\football_v\deploy\deploy_v15_phase2_patch3.py
data,2,E:\football_v\deploy\deploy_v15_phase3_11_knowledge_graph.py
json,3,E:\football_v\deploy\deploy_v15_phase3_11_knowledge_graph.py
query,9,E:\football_v\deploy\deploy_v15_phase3_11_knowledge_graph.py
value,2,E:\football_v\deploy\deploy_v15_phase3_11_knowledge_graph.py
engine,7,E:\football_v\deploy\deploy_v15_phase3_11_knowledge_graph.py
data,8,E:\football_v\deploy\deploy_v15_phase3_3_reasoning.py
json,5,E:\football_v\deploy\deploy_v15_phase3_3_reasoning.py
query,1,E:\football_v\deploy\deploy_v15_phase3_3_reasoning.py
history,5,E:\football_v\deploy\deploy_v15_phase3_3_reasoning.py
value,2,E:\football_v\deploy\deploy_v15_phase3_3_reasoning.py
ev,2,E:\football_v\deploy\deploy_v15_phase3_3_reasoning.py
engine,13,E:\football_v\deploy\deploy_v15_phase3_3_reasoning.py
data,6,E:\football_v\deploy\deploy_v15_phase3_4.py
json,3,E:\football_v\deploy\deploy_v15_phase3_4.py
history,1,E:\football_v\deploy\deploy_v15_phase3_4.py
model,5,E:\football_v\deploy\deploy_v15_phase3_4.py
probability,2,E:\football_v\deploy\deploy_v15_phase3_4.py
score,4,E:\football_v\deploy\deploy_v15_phase3_4.py
value,2,E:\football_v\deploy\deploy_v15_phase3_4.py
engine,9,E:\football_v\deploy\deploy_v15_phase3_4.py
data,2,E:\football_v\deploy\deploy_v15_phase3_5.py
json,3,E:\football_v\deploy\deploy_v15_phase3_5.py
db,6,E:\football_v\deploy\deploy_v15_phase3_5.py
history,3,E:\football_v\deploy\deploy_v15_phase3_5.py
value,2,E:\football_v\deploy\deploy_v15_phase3_5.py
router,6,E:\football_v\deploy\deploy_v15_phase3_5.py
data,2,E:\football_v\deploy\deploy_v15_phase3_6.py
json,3,E:\football_v\deploy\deploy_v15_phase3_6.py
db,4,E:\football_v\deploy\deploy_v15_phase3_6.py
history,5,E:\football_v\deploy\deploy_v15_phase3_6.py
elo,4,E:\football_v\deploy\deploy_v15_phase3_6.py
dixon,1,E:\football_v\deploy\deploy_v15_phase3_6.py
poisson,1,E:\football_v\deploy\deploy_v15_phase3_6.py
xgboost,4,E:\football_v\deploy\deploy_v15_phase3_6.py
model,7,E:\football_v\deploy\deploy_v15_phase3_6.py
predict,4,E:\football_v\deploy\deploy_v15_phase3_6.py
prediction,4,E:\football_v\deploy\deploy_v15_phase3_6.py
score,4,E:\football_v\deploy\deploy_v15_phase3_6.py
value,1,E:\football_v\deploy\deploy_v15_phase3_6.py
engine,9,E:\football_v\deploy\deploy_v15_phase3_6.py
data,2,E:\football_v\deploy\deploy_v15_phase3_7_real.py
json,3,E:\football_v\deploy\deploy_v15_phase3_7_real.py
history,5,E:\football_v\deploy\deploy_v15_phase3_7_real.py
form,8,E:\football_v\deploy\deploy_v15_phase3_7_real.py
predict,4,E:\football_v\deploy\deploy_v15_phase3_7_real.py
prediction,4,E:\football_v\deploy\deploy_v15_phase3_7_real.py
score,4,E:\football_v\deploy\deploy_v15_phase3_7_real.py
ev,20,E:\football_v\deploy\deploy_v15_phase3_7_real.py
engine,12,E:\football_v\deploy\deploy_v15_phase3_7_real.py
data,15,E:\football_v\deploy\deploy_v15_phase5_core.py
json,3,E:\football_v\deploy\deploy_v15_phase5_core.py
history,2,E:\football_v\deploy\deploy_v15_phase5_core.py
elo,2,E:\football_v\deploy\deploy_v15_phase5_core.py
dixon,1,E:\football_v\deploy\deploy_v15_phase5_core.py
poisson,1,E:\football_v\deploy\deploy_v15_phase5_core.py
xgboost,1,E:\football_v\deploy\deploy_v15_phase5_core.py
model,2,E:\football_v\deploy\deploy_v15_phase5_core.py
predict,4,E:\football_v\deploy\deploy_v15_phase5_core.py
prediction,4,E:\football_v\deploy\deploy_v15_phase5_core.py
simulation,4,E:\football_v\deploy\deploy_v15_phase5_core.py
simulate,2,E:\football_v\deploy\deploy_v15_phase5_core.py
score,3,E:\football_v\deploy\deploy_v15_phase5_core.py
market,3,E:\football_v\deploy\deploy_v15_phase5_core.py
value,1,E:\football_v\deploy\deploy_v15_phase5_core.py
ev,2,E:\football_v\deploy\deploy_v15_phase5_core.py
bet,2,E:\football_v\deploy\deploy_v15_phase5_core.py
stake,1,E:\football_v\deploy\deploy_v15_phase5_core.py
bankroll,2,E:\football_v\deploy\deploy_v15_phase5_core.py
engine,18,E:\football_v\deploy\deploy_v15_phase5_core.py
data,9,E:\football_v\deploy\deploy_v15_phase6_training.py
load,3,E:\football_v\deploy\deploy_v15_phase6_training.py
json,3,E:\football_v\deploy\deploy_v15_phase6_training.py
db,3,E:\football_v\deploy\deploy_v15_phase6_training.py
feature,7,E:\football_v\deploy\deploy_v15_phase6_training.py
history,2,E:\football_v\deploy\deploy_v15_phase6_training.py
strength,1,E:\football_v\deploy\deploy_v15_phase6_training.py
elo,6,E:\football_v\deploy\deploy_v15_phase6_training.py
dixon,3,E:\football_v\deploy\deploy_v15_phase6_training.py
poisson,3,E:\football_v\deploy\deploy_v15_phase6_training.py
xgboost,3,E:\football_v\deploy\deploy_v15_phase6_training.py
model,10,E:\football_v\deploy\deploy_v15_phase6_training.py
train,23,E:\football_v\deploy\deploy_v15_phase6_training.py
fit,5,E:\football_v\deploy\deploy_v15_phase6_training.py
predict,2,E:\football_v\deploy\deploy_v15_phase6_training.py
prediction,2,E:\football_v\deploy\deploy_v15_phase6_training.py
value,2,E:\football_v\deploy\deploy_v15_phase6_training.py
ev,3,E:\football_v\deploy\deploy_v15_phase6_training.py
engine,14,E:\football_v\deploy\deploy_v15_phase6_training.py
data,5,E:\football_v\deployment_scripts\deploy_remaining_batch_V1.5.py
load,2,E:\football_v\deployment_scripts\deploy_remaining_batch_V1.5.py
read,4,E:\football_v\deployment_scripts\deploy_remaining_batch_V1.5.py
json,5,E:\football_v\deployment_scripts\deploy_remaining_batch_V1.5.py
database,5,E:\football_v\deployment_scripts\deploy_remaining_batch_V1.5.py
elo,2,E:\football_v\deployment_scripts\deploy_remaining_batch_V1.5.py
dixon,2,E:\football_v\deployment_scripts\deploy_remaining_batch_V1.5.py
poisson,2,E:\football_v\deployment_scripts\deploy_remaining_batch_V1.5.py
xgboost,2,E:\football_v\deployment_scripts\deploy_remaining_batch_V1.5.py
model,8,E:\football_v\deployment_scripts\deploy_remaining_batch_V1.5.py
predict,2,E:\football_v\deployment_scripts\deploy_remaining_batch_V1.5.py
market,2,E:\football_v\deployment_scripts\deploy_remaining_batch_V1.5.py
handicap,1,E:\football_v\deployment_scripts\deploy_remaining_batch_V1.5.py
kelly,1,E:\football_v\deployment_scripts\deploy_remaining_batch_V1.5.py
engine,4,E:\football_v\deployment_scripts\deploy_remaining_batch_V1.5.py
pipeline,1,E:\football_v\deployment_scripts\deploy_remaining_batch_V1.5.py
router,1,E:\football_v\USER_INTERFACE_LAYER\chat_runtime.py
query,1,E:\football_v\USER_INTERFACE_LAYER\command_router.py
model,2,E:\football_v\USER_INTERFACE_LAYER\command_router.py
