module,path,capability
conftest.py,E:\football_v\conftest.py,
deploy_frozen_v15_completion.py,E:\football_v\deploy_frozen_v15_completion.py,MODEL_LAYER|FEATURE_LAYER|DATA_LAYER|PREDICTION_LAYER|RUNTIME_LAYER
deploy_local_console_v1.py,E:\football_v\deploy_local_console_v1.py,RUNTIME_LAYER|DATA_LAYER
deploy_phase11.py,E:\football_v\deploy_phase11.py,FEATURE_LAYER|DATA_LAYER|PREDICTION_LAYER|MARKET_LAYER|RUNTIME_LAYER
deploy_phase12.py,E:\football_v\deploy_phase12.py,MODEL_LAYER|RUNTIME_LAYER|DATA_LAYER|PREDICTION_LAYER|MARKET_LAYER|FEATURE_LAYER
deploy_phase13.py,E:\football_v\deploy_phase13.py,MODEL_LAYER|FEATURE_LAYER|DATA_LAYER|PREDICTION_LAYER|RUNTIME_LAYER
deploy_phase14.py,E:\football_v\deploy_phase14.py,MODEL_LAYER|FEATURE_LAYER|DATA_LAYER|PREDICTION_LAYER|RUNTIME_LAYER
deploy_phase15.py,E:\football_v\deploy_phase15.py,VALUE_LAYER|MODEL_LAYER|DATA_LAYER|PREDICTION_LAYER|MARKET_LAYER|RUNTIME_LAYER
deploy_phase16.py,E:\football_v\deploy_phase16.py,PREDICTION_LAYER|RUNTIME_LAYER|FEATURE_LAYER|DATA_LAYER
deploy_phase17.py,E:\football_v\deploy_phase17.py,FEATURE_LAYER|DATA_LAYER|PREDICTION_LAYER|MARKET_LAYER|RUNTIME_LAYER
deploy_phase18_20.py,E:\football_v\deploy_phase18_20.py,FEATURE_LAYER|DATA_LAYER|PREDICTION_LAYER|MARKET_LAYER|RUNTIME_LAYER
deploy_phase21_25.py,E:\football_v\deploy_phase21_25.py,VALUE_LAYER|MODEL_LAYER|BETTING_LAYER|RUNTIME_LAYER|DATA_LAYER|PREDICTION_LAYER|FEATURE_LAYER
deploy_phase26_30.py,E:\football_v\deploy_phase26_30.py,MODEL_LAYER|FEATURE_LAYER|DATA_LAYER|PREDICTION_LAYER|RUNTIME_LAYER
deploy_phase31_35.py,E:\football_v\deploy_phase31_35.py,VALUE_LAYER|MARKET_LAYER|RUNTIME_LAYER|DATA_LAYER
deploy_phase36_40.py,E:\football_v\deploy_phase36_40.py,VALUE_LAYER|BETTING_LAYER|RUNTIME_LAYER|DATA_LAYER|MARKET_LAYER|FEATURE_LAYER
deploy_remaining_modules_V1.5.py,E:\football_v\deploy_remaining_modules_V1.5.py,
deploy_remaining_modules_V1.5_FINAL.py,E:\football_v\deploy_remaining_modules_V1.5_FINAL.py,MODEL_LAYER|BETTING_LAYER|RUNTIME_LAYER|DATA_LAYER|PREDICTION_LAYER|FEATURE_LAYER
deploy_v15_phase2_patch3.py,E:\football_v\deploy_v15_phase2_patch3.py,RUNTIME_LAYER|DATA_LAYER
final_acceptance_test.py,E:\football_v\final_acceptance_test.py,VALUE_LAYER|MODEL_LAYER|BETTING_LAYER|RUNTIME_LAYER|DATA_LAYER|PREDICTION_LAYER|MARKET_LAYER|FEATURE_LAYER
phase12_test.py,E:\football_v\phase12_test.py,MODEL_LAYER|FEATURE_LAYER|DATA_LAYER|PREDICTION_LAYER|RUNTIME_LAYER
phase13_test.py,E:\football_v\phase13_test.py,MODEL_LAYER|FEATURE_LAYER|DATA_LAYER|PREDICTION_LAYER|RUNTIME_LAYER
phase14_test.py,E:\football_v\phase14_test.py,MODEL_LAYER|FEATURE_LAYER|DATA_LAYER|PREDICTION_LAYER|RUNTIME_LAYER
phase15_test.py,E:\football_v\phase15_test.py,VALUE_LAYER|MODEL_LAYER|DATA_LAYER|PREDICTION_LAYER|MARKET_LAYER|RUNTIME_LAYER
phase16_test.py,E:\football_v\phase16_test.py,PREDICTION_LAYER|RUNTIME_LAYER|FEATURE_LAYER|DATA_LAYER
phase17_test.py,E:\football_v\phase17_test.py,FEATURE_LAYER|DATA_LAYER|PREDICTION_LAYER|MARKET_LAYER|RUNTIME_LAYER
phase21_25_test.py,E:\football_v\phase21_25_test.py,VALUE_LAYER|MODEL_LAYER|BETTING_LAYER|RUNTIME_LAYER|DATA_LAYER|PREDICTION_LAYER|FEATURE_LAYER
phase26_30_test.py,E:\football_v\phase26_30_test.py,MODEL_LAYER|FEATURE_LAYER|DATA_LAYER|PREDICTION_LAYER|RUNTIME_LAYER
phase36_40_deploy.py,E:\football_v\phase36_40_deploy.py,VALUE_LAYER|FEATURE_LAYER|DATA_LAYER|PREDICTION_LAYER|RUNTIME_LAYER
phase36_40_deploy_test.py,E:\football_v\phase36_40_deploy_test.py,VALUE_LAYER|FEATURE_LAYER|DATA_LAYER|PREDICTION_LAYER|RUNTIME_LAYER
phase36_40_test.py,E:\football_v\phase36_40_test.py,VALUE_LAYER|BETTING_LAYER|RUNTIME_LAYER|DATA_LAYER|MARKET_LAYER|FEATURE_LAYER
phase41_45_deploy_test.py,E:\football_v\phase41_45_deploy_test.py,MODEL_LAYER|FEATURE_LAYER|DATA_LAYER|PREDICTION_LAYER|RUNTIME_LAYER
phase46_50_deploy_test.py,E:\football_v\phase46_50_deploy_test.py,MODEL_LAYER|RUNTIME_LAYER|DATA_LAYER
phase51_55_final_validation.py,E:\football_v\phase51_55_final_validation.py,VALUE_LAYER|MODEL_LAYER|RUNTIME_LAYER|DATA_LAYER|PREDICTION_LAYER|MARKET_LAYER|FEATURE_LAYER
phase51_validation.py,E:\football_v\phase51_validation.py,VALUE_LAYER|MODEL_LAYER|BETTING_LAYER|RUNTIME_LAYER|DATA_LAYER|PREDICTION_LAYER|FEATURE_LAYER
phase52_backtest.py,E:\football_v\phase52_backtest.py,VALUE_LAYER|MODEL_LAYER|BETTING_LAYER|RUNTIME_LAYER|DATA_LAYER|PREDICTION_LAYER|FEATURE_LAYER
start_ai_os.py,E:\football_v\start_ai_os.py,RUNTIME_LAYER
__init__.py,E:\football_v\.venv\Lib\site-packages\pip\__init__.py,
__main__.py,E:\football_v\.venv\Lib\site-packages\pip\__main__.py,
__pip-runner__.py,E:\football_v\.venv\Lib\site-packages\pip\__pip-runner__.py,FEATURE_LAYER
build_env.py,E:\football_v\.venv\Lib\site-packages\pip\_internal\build_env.py,VALUE_LAYER|FEATURE_LAYER|DATA_LAYER
cache.py,E:\football_v\.venv\Lib\site-packages\pip\_internal\cache.py,VALUE_LAYER|MODEL_LAYER|DATA_LAYER
configuration.py,E:\football_v\.venv\Lib\site-packages\pip\_internal\configuration.py,VALUE_LAYER|MODEL_LAYER|FEATURE_LAYER|DATA_LAYER
exceptions.py,E:\football_v\.venv\Lib\site-packages\pip\_internal\exceptions.py,VALUE_LAYER|MODEL_LAYER|BETTING_LAYER|DATA_LAYER|FEATURE_LAYER
main.py,E:\football_v\.venv\Lib\site-packages\pip\_internal\main.py,
pyproject.py,E:\football_v\.venv\Lib\site-packages\pip\_internal\pyproject.py,VALUE_LAYER|FEATURE_LAYER|DATA_LAYER
self_outdated_check.py,E:\football_v\.venv\Lib\site-packages\pip\_internal\self_outdated_check.py,VALUE_LAYER|MODEL_LAYER|FEATURE_LAYER|DATA_LAYER
wheel_builder.py,E:\football_v\.venv\Lib\site-packages\pip\_internal\wheel_builder.py,VALUE_LAYER|MODEL_LAYER|DATA_LAYER
__init__.py,E:\football_v\.venv\Lib\site-packages\pip\_internal\__init__.py,
autocompletion.py,E:\football_v\.venv\Lib\site-packages\pip\_internal\cli\autocompletion.py,VALUE_LAYER|DATA_LAYER
base_command.py,E:\football_v\.venv\Lib\site-packages\pip\_internal\cli\base_command.py,VALUE_LAYER|MARKET_LAYER|FEATURE_LAYER
cmdoptions.py,E:\football_v\.venv\Lib\site-packages\pip\_internal\cli\cmdoptions.py,VALUE_LAYER|MODEL_LAYER|BETTING_LAYER|DATA_LAYER|FEATURE_LAYER
command_context.py,E:\football_v\.venv\Lib\site-packages\pip\_internal\cli\command_context.py,VALUE_LAYER
index_command.py,E:\football_v\.venv\Lib\site-packages\pip\_internal\cli\index_command.py,VALUE_LAYER|MODEL_LAYER|FEATURE_LAYER|DATA_LAYER
main.py,E:\football_v\.venv\Lib\site-packages\pip\_internal\cli\main.py,VALUE_LAYER
main_parser.py,E:\football_v\.venv\Lib\site-packages\pip\_internal\cli\main_parser.py,VALUE_LAYER|FEATURE_LAYER
parser.py,E:\football_v\.venv\Lib\site-packages\pip\_internal\cli\parser.py,VALUE_LAYER|BETTING_LAYER|FEATURE_LAYER|DATA_LAYER
progress_bars.py,E:\football_v\.venv\Lib\site-packages\pip\_internal\cli\progress_bars.py,DATA_LAYER
req_command.py,E:\football_v\.venv\Lib\site-packages\pip\_internal\cli\req_command.py,VALUE_LAYER|MODEL_LAYER|FEATURE_LAYER|DATA_LAYER
spinners.py,E:\football_v\.venv\Lib\site-packages\pip\_internal\cli\spinners.py,VALUE_LAYER|BETTING_LAYER|DATA_LAYER
status_codes.py,E:\football_v\.venv\Lib\site-packages\pip\_internal\cli\status_codes.py,VALUE_LAYER
__init__.py,E:\football_v\.venv\Lib\site-packages\pip\_internal\cli\__init__.py,
cache.py,E:\football_v\.venv\Lib\site-packages\pip\_internal\commands\cache.py,VALUE_LAYER|PREDICTION_LAYER|FEATURE_LAYER
check.py,E:\football_v\.venv\Lib\site-packages\pip\_internal\commands\check.py,VALUE_LAYER|FEATURE_LAYER|DATA_LAYER
completion.py,E:\football_v\.venv\Lib\site-packages\pip\_internal\commands\completion.py,VALUE_LAYER|FEATURE_LAYER|DATA_LAYER
configuration.py,E:\football_v\.venv\Lib\site-packages\pip\_internal\commands\configuration.py,VALUE_LAYER|FEATURE_LAYER|DATA_LAYER
debug.py,E:\football_v\.venv\Lib\site-packages\pip\_internal\commands\debug.py,VALUE_LAYER|FEATURE_LAYER|DATA_LAYER
download.py,E:\football_v\.venv\Lib\site-packages\pip\_internal\commands\download.py,VALUE_LAYER|MODEL_LAYER|DATA_LAYER
freeze.py,E:\football_v\.venv\Lib\site-packages\pip\_internal\commands\freeze.py,VALUE_LAYER|FEATURE_LAYER
hash.py,E:\football_v\.venv\Lib\site-packages\pip\_internal\commands\hash.py,VALUE_LAYER|FEATURE_LAYER|DATA_LAYER
help.py,E:\football_v\.venv\Lib\site-packages\pip\_internal\commands\help.py,VALUE_LAYER
index.py,E:\football_v\.venv\Lib\site-packages\pip\_internal\commands\index.py,VALUE_LAYER|MODEL_LAYER|FEATURE_LAYER|DATA_LAYER
inspect.py,E:\football_v\.venv\Lib\site-packages\pip\_internal\commands\inspect.py,VALUE_LAYER|FEATURE_LAYER|DATA_LAYER
install.py,E:\football_v\.venv\Lib\site-packages\pip\_internal\commands\install.py,VALUE_LAYER|MODEL_LAYER|FEATURE_LAYER|DATA_LAYER
list.py,E:\football_v\.venv\Lib\site-packages\pip\_internal\commands\list.py,VALUE_LAYER|MODEL_LAYER|FEATURE_LAYER|DATA_LAYER
search.py,E:\football_v\.venv\Lib\site-packages\pip\_internal\commands\search.py,VALUE_LAYER|MODEL_LAYER|DATA_LAYER|PREDICTION_LAYER|FEATURE_LAYER
show.py,E:\football_v\.venv\Lib\site-packages\pip\_internal\commands\show.py,VALUE_LAYER|FEATURE_LAYER|DATA_LAYER
uninstall.py,E:\football_v\.venv\Lib\site-packages\pip\_internal\commands\uninstall.py,VALUE_LAYER|MODEL_LAYER|DATA_LAYER
wheel.py,E:\football_v\.venv\Lib\site-packages\pip\_internal\commands\wheel.py,VALUE_LAYER|MODEL_LAYER|FEATURE_LAYER|DATA_LAYER
__init__.py,E:\football_v\.venv\Lib\site-packages\pip\_internal\commands\__init__.py,VALUE_LAYER|FEATURE_LAYER|DATA_LAYER
base.py,E:\football_v\.venv\Lib\site-packages\pip\_internal\distributions\base.py,DATA_LAYER
installed.py,E:\football_v\.venv\Lib\site-packages\pip\_internal\distributions\installed.py,FEATURE_LAYER|DATA_LAYER
sdist.py,E:\football_v\.venv\Lib\site-packages\pip\_internal\distributions\sdist.py,FEATURE_LAYER|DATA_LAYER
wheel.py,E:\football_v\.venv\Lib\site-packages\pip\_internal\distributions\wheel.py,VALUE_LAYER|DATA_LAYER
__init__.py,E:\football_v\.venv\Lib\site-packages\pip\_internal\distributions\__init__.py,
collector.py,E:\football_v\.venv\Lib\site-packages\pip\_internal\index\collector.py,VALUE_LAYER|MODEL_LAYER|FEATURE_LAYER|DATA_LAYER
package_finder.py,E:\football_v\.venv\Lib\site-packages\pip\_internal\index\package_finder.py,VALUE_LAYER|MODEL_LAYER|FEATURE_LAYER|DATA_LAYER
sources.py,E:\football_v\.venv\Lib\site-packages\pip\_internal\index\sources.py,VALUE_LAYER|MODEL_LAYER
__init__.py,E:\football_v\.venv\Lib\site-packages\pip\_internal\index\__init__.py,
base.py,E:\football_v\.venv\Lib\site-packages\pip\_internal\locations\base.py,VALUE_LAYER|FEATURE_LAYER
_distutils.py,E:\football_v\.venv\Lib\site-packages\pip\_internal\locations\_distutils.py,VALUE_LAYER|MODEL_LAYER|FEATURE_LAYER|DATA_LAYER
_sysconfig.py,E:\football_v\.venv\Lib\site-packages\pip\_internal\locations\_sysconfig.py,VALUE_LAYER|MODEL_LAYER|BETTING_LAYER|DATA_LAYER|FEATURE_LAYER
__init__.py,E:\football_v\.venv\Lib\site-packages\pip\_internal\locations\__init__.py,VALUE_LAYER|MODEL_LAYER|FEATURE_LAYER
base.py,E:\football_v\.venv\Lib\site-packages\pip\_internal\metadata\base.py,VALUE_LAYER|MODEL_LAYER|BETTING_LAYER|DATA_LAYER|FEATURE_LAYER
pkg_resources.py,E:\football_v\.venv\Lib\site-packages\pip\_internal\metadata\pkg_resources.py,VALUE_LAYER|MODEL_LAYER|DATA_LAYER
_json.py,E:\football_v\.venv\Lib\site-packages\pip\_internal\metadata\_json.py,VALUE_LAYER|BETTING_LAYER|FEATURE_LAYER|DATA_LAYER
__init__.py,E:\football_v\.venv\Lib\site-packages\pip\_internal\metadata\__init__.py,VALUE_LAYER|DATA_LAYER
_compat.py,E:\football_v\.venv\Lib\site-packages\pip\_internal\metadata\importlib\_compat.py,VALUE_LAYER|FEATURE_LAYER|DATA_LAYER
_dists.py,E:\football_v\.venv\Lib\site-packages\pip\_internal\metadata\importlib\_dists.py,VALUE_LAYER|FEATURE_LAYER|DATA_LAYER
_envs.py,E:\football_v\.venv\Lib\site-packages\pip\_internal\metadata\importlib\_envs.py,VALUE_LAYER|MODEL_LAYER|FEATURE_LAYER|DATA_LAYER
__init__.py,E:\football_v\.venv\Lib\site-packages\pip\_internal\metadata\importlib\__init__.py,
candidate.py,E:\football_v\.venv\Lib\site-packages\pip\_internal\models\candidate.py,MODEL_LAYER|DATA_LAYER
direct_url.py,E:\football_v\.venv\Lib\site-packages\pip\_internal\models\direct_url.py,VALUE_LAYER|FEATURE_LAYER|DATA_LAYER
format_control.py,E:\football_v\.venv\Lib\site-packages\pip\_internal\models\format_control.py,VALUE_LAYER|FEATURE_LAYER
index.py,E:\football_v\.venv\Lib\site-packages\pip\_internal\models\index.py,
installation_report.py,E:\football_v\.venv\Lib\site-packages\pip\_internal\models\installation_report.py,VALUE_LAYER|FEATURE_LAYER|DATA_LAYER
link.py,E:\football_v\.venv\Lib\site-packages\pip\_internal\models\link.py,VALUE_LAYER|FEATURE_LAYER|DATA_LAYER
scheme.py,E:\football_v\.venv\Lib\site-packages\pip\_internal\models\scheme.py,DATA_LAYER
search_scope.py,E:\football_v\.venv\Lib\site-packages\pip\_internal\models\search_scope.py,VALUE_LAYER|MODEL_LAYER|FEATURE_LAYER|DATA_LAYER
selection_prefs.py,E:\football_v\.venv\Lib\site-packages\pip\_internal\models\selection_prefs.py,VALUE_LAYER|MODEL_LAYER|FEATURE_LAYER|DATA_LAYER
target_python.py,E:\football_v\.venv\Lib\site-packages\pip\_internal\models\target_python.py,VALUE_LAYER|FEATURE_LAYER|DATA_LAYER
wheel.py,E:\football_v\.venv\Lib\site-packages\pip\_internal\models\wheel.py,VALUE_LAYER|FEATURE_LAYER|DATA_LAYER
__init__.py,E:\football_v\.venv\Lib\site-packages\pip\_internal\models\__init__.py,MODEL_LAYER
auth.py,E:\football_v\.venv\Lib\site-packages\pip\_internal\network\auth.py,VALUE_LAYER|MODEL_LAYER|FEATURE_LAYER|DATA_LAYER|RUNTIME_LAYER
cache.py,E:\football_v\.venv\Lib\site-packages\pip\_internal\network\cache.py,VALUE_LAYER|MODEL_LAYER|DATA_LAYER
download.py,E:\football_v\.venv\Lib\site-packages\pip\_internal\network\download.py,VALUE_LAYER|MODEL_LAYER|BETTING_LAYER|DATA_LAYER|FEATURE_LAYER
lazy_wheel.py,E:\football_v\.venv\Lib\site-packages\pip\_internal\network\lazy_wheel.py,VALUE_LAYER|MODEL_LAYER|DATA_LAYER
session.py,E:\football_v\.venv\Lib\site-packages\pip\_internal\network\session.py,VALUE_LAYER|MODEL_LAYER|BETTING_LAYER|RUNTIME_LAYER|DATA_LAYER|FEATURE_LAYER
utils.py,E:\football_v\.venv\Lib\site-packages\pip\_internal\network\utils.py,VALUE_LAYER|MODEL_LAYER|DATA_LAYER
xmlrpc.py,E:\football_v\.venv\Lib\site-packages\pip\_internal\network\xmlrpc.py,DATA_LAYER
__init__.py,E:\football_v\.venv\Lib\site-packages\pip\_internal\network\__init__.py,
check.py,E:\football_v\.venv\Lib\site-packages\pip\_internal\operations\check.py,VALUE_LAYER|PREDICTION_LAYER|DATA_LAYER
freeze.py,E:\football_v\.venv\Lib\site-packages\pip\_internal\operations\freeze.py,VALUE_LAYER|FEATURE_LAYER|DATA_LAYER
prepare.py,E:\football_v\.venv\Lib\site-packages\pip\_internal\operations\prepare.py,VALUE_LAYER|MODEL_LAYER|FEATURE_LAYER|DATA_LAYER
__init__.py,E:\football_v\.venv\Lib\site-packages\pip\_internal\operations\__init__.py,
build_tracker.py,E:\football_v\.venv\Lib\site-packages\pip\_internal\operations\build\build_tracker.py,VALUE_LAYER|FEATURE_LAYER|DATA_LAYER
metadata.py,E:\football_v\.venv\Lib\site-packages\pip\_internal\operations\build\metadata.py,DATA_LAYER
metadata_editable.py,E:\football_v\.venv\Lib\site-packages\pip\_internal\operations\build\metadata_editable.py,DATA_LAYER
metadata_legacy.py,E:\football_v\.venv\Lib\site-packages\pip\_internal\operations\build\metadata_legacy.py,DATA_LAYER
wheel.py,E:\football_v\.venv\Lib\site-packages\pip\_internal\operations\build\wheel.py,DATA_LAYER
wheel_editable.py,E:\football_v\.venv\Lib\site-packages\pip\_internal\operations\build\wheel_editable.py,DATA_LAYER
wheel_legacy.py,E:\football_v\.venv\Lib\site-packages\pip\_internal\operations\build\wheel_legacy.py,VALUE_LAYER|FEATURE_LAYER
__init__.py,E:\football_v\.venv\Lib\site-packages\pip\_internal\operations\build\__init__.py,
editable_legacy.py,E:\football_v\.venv\Lib\site-packages\pip\_internal\operations\install\editable_legacy.py,VALUE_LAYER|MODEL_LAYER
wheel.py,E:\football_v\.venv\Lib\site-packages\pip\_internal\operations\install\wheel.py,VALUE_LAYER|MODEL_LAYER|DATA_LAYER|PREDICTION_LAYER|FEATURE_LAYER
__init__.py,E:\football_v\.venv\Lib\site-packages\pip\_internal\operations\install\__init__.py,
constructors.py,E:\football_v\.venv\Lib\site-packages\pip\_internal\req\constructors.py,VALUE_LAYER|MODEL_LAYER|BETTING_LAYER|DATA_LAYER|FEATURE_LAYER
req_file.py,E:\football_v\.venv\Lib\site-packages\pip\_internal\req\req_file.py,VALUE_LAYER|MODEL_LAYER|DATA_LAYER|PREDICTION_LAYER|FEATURE_LAYER
req_install.py,E:\football_v\.venv\Lib\site-packages\pip\_internal\req\req_install.py,VALUE_LAYER|MODEL_LAYER|BETTING_LAYER|DATA_LAYER|FEATURE_LAYER
req_set.py,E:\football_v\.venv\Lib\site-packages\pip\_internal\req\req_set.py,VALUE_LAYER|MODEL_LAYER|FEATURE_LAYER
req_uninstall.py,E:\football_v\.venv\Lib\site-packages\pip\_internal\req\req_uninstall.py,VALUE_LAYER|MODEL_LAYER|FEATURE_LAYER|DATA_LAYER
__init__.py,E:\football_v\.venv\Lib\site-packages\pip\_internal\req\__init__.py,VALUE_LAYER|DATA_LAYER
base.py,E:\football_v\.venv\Lib\site-packages\pip\_internal\resolution\base.py,
__init__.py,E:\football_v\.venv\Lib\site-packages\pip\_internal\resolution\__init__.py,
resolver.py,E:\football_v\.venv\Lib\site-packages\pip\_internal\resolution\legacy\resolver.py,VALUE_LAYER|MODEL_LAYER|FEATURE_LAYER|DATA_LAYER
__init__.py,E:\football_v\.venv\Lib\site-packages\pip\_internal\resolution\legacy\__init__.py,
base.py,E:\football_v\.venv\Lib\site-packages\pip\_internal\resolution\resolvelib\base.py,MODEL_LAYER|FEATURE_LAYER|DATA_LAYER
candidates.py,E:\football_v\.venv\Lib\site-packages\pip\_internal\resolution\resolvelib\candidates.py,MODEL_LAYER|RUNTIME_LAYER|FEATURE_LAYER|DATA_LAYER
factory.py,E:\football_v\.venv\Lib\site-packages\pip\_internal\resolution\resolvelib\factory.py,VALUE_LAYER|MODEL_LAYER|FEATURE_LAYER|DATA_LAYER
found_candidates.py,E:\football_v\.venv\Lib\site-packages\pip\_internal\resolution\resolvelib\found_candidates.py,VALUE_LAYER|BETTING_LAYER|FEATURE_LAYER|DATA_LAYER
provider.py,E:\football_v\.venv\Lib\site-packages\pip\_internal\resolution\resolvelib\provider.py,VALUE_LAYER|MODEL_LAYER|BETTING_LAYER|RUNTIME_LAYER|FEATURE_LAYER
reporter.py,E:\football_v\.venv\Lib\site-packages\pip\_internal\resolution\resolvelib\reporter.py,VALUE_LAYER|MODEL_LAYER|RUNTIME_LAYER|FEATURE_LAYER
requirements.py,E:\football_v\.venv\Lib\site-packages\pip\_internal\resolution\resolvelib\requirements.py,MODEL_LAYER|FEATURE_LAYER|DATA_LAYER
resolver.py,E:\football_v\.venv\Lib\site-packages\pip\_internal\resolution\resolvelib\resolver.py,VALUE_LAYER|MODEL_LAYER|DATA_LAYER|PREDICTION_LAYER|FEATURE_LAYER
__init__.py,E:\football_v\.venv\Lib\site-packages\pip\_internal\resolution\resolvelib\__init__.py,
appdirs.py,E:\football_v\.venv\Lib\site-packages\pip\_internal\utils\appdirs.py,VALUE_LAYER|FEATURE_LAYER|DATA_LAYER
compat.py,E:\football_v\.venv\Lib\site-packages\pip\_internal\utils\compat.py,VALUE_LAYER|MODEL_LAYER|FEATURE_LAYER|DATA_LAYER
compatibility_tags.py,E:\football_v\.venv\Lib\site-packages\pip\_internal\utils\compatibility_tags.py,VALUE_LAYER|FEATURE_LAYER
datetime.py,E:\football_v\.venv\Lib\site-packages\pip\_internal\utils\datetime.py,
deprecation.py,E:\football_v\.venv\Lib\site-packages\pip\_internal\utils\deprecation.py,VALUE_LAYER|FEATURE_LAYER|DATA_LAYER
direct_url_helpers.py,E:\football_v\.venv\Lib\site-packages\pip\_internal\utils\direct_url_helpers.py,VALUE_LAYER|MODEL_LAYER
egg_link.py,E:\football_v\.venv\Lib\site-packages\pip\_internal\utils\egg_link.py,VALUE_LAYER|DATA_LAYER
entrypoints.py,E:\football_v\.venv\Lib\site-packages\pip\_internal\utils\entrypoints.py,VALUE_LAYER
filesystem.py,E:\football_v\.venv\Lib\site-packages\pip\_internal\utils\filesystem.py,VALUE_LAYER|BETTING_LAYER|FEATURE_LAYER|DATA_LAYER
filetypes.py,E:\football_v\.venv\Lib\site-packages\pip\_internal\utils\filetypes.py,FEATURE_LAYER
glibc.py,E:\football_v\.venv\Lib\site-packages\pip\_internal\utils\glibc.py,VALUE_LAYER|FEATURE_LAYER|DATA_LAYER
hashes.py,E:\football_v\.venv\Lib\site-packages\pip\_internal\utils\hashes.py,VALUE_LAYER|DATA_LAYER
logging.py,E:\football_v\.venv\Lib\site-packages\pip\_internal\utils\logging.py,VALUE_LAYER|MODEL_LAYER|BETTING_LAYER|DATA_LAYER|FEATURE_LAYER
misc.py,E:\football_v\.venv\Lib\site-packages\pip\_internal\utils\misc.py,VALUE_LAYER|PREDICTION_LAYER|FEATURE_LAYER|DATA_LAYER
packaging.py,E:\football_v\.venv\Lib\site-packages\pip\_internal\utils\packaging.py,FEATURE_LAYER
retry.py,E:\football_v\.venv\Lib\site-packages\pip\_internal\utils\retry.py,VALUE_LAYER|BETTING_LAYER|FEATURE_LAYER
setuptools_build.py,E:\football_v\.venv\Lib\site-packages\pip\_internal\utils\setuptools_build.py,VALUE_LAYER|MODEL_LAYER|FEATURE_LAYER|DATA_LAYER
subprocess.py,E:\football_v\.venv\Lib\site-packages\pip\_internal\utils\subprocess.py,VALUE_LAYER|FEATURE_LAYER|DATA_LAYER
temp_dir.py,E:\football_v\.venv\Lib\site-packages\pip\_internal\utils\temp_dir.py,VALUE_LAYER|FEATURE_LAYER|DATA_LAYER
unpacking.py,E:\football_v\.venv\Lib\site-packages\pip\_internal\utils\unpacking.py,VALUE_LAYER|MODEL_LAYER|FEATURE_LAYER|DATA_LAYER
urls.py,E:\football_v\.venv\Lib\site-packages\pip\_internal\utils\urls.py,VALUE_LAYER|FEATURE_LAYER
virtualenv.py,E:\football_v\.venv\Lib\site-packages\pip\_internal\utils\virtualenv.py,VALUE_LAYER|DATA_LAYER
wheel.py,E:\football_v\.venv\Lib\site-packages\pip\_internal\utils\wheel.py,VALUE_LAYER|RUNTIME_LAYER|FEATURE_LAYER|DATA_LAYER
_jaraco_text.py,E:\football_v\.venv\Lib\site-packages\pip\_internal\utils\_jaraco_text.py,VALUE_LAYER|MODEL_LAYER
_log.py,E:\football_v\.venv\Lib\site-packages\pip\_internal\utils\_log.py,VALUE_LAYER|MODEL_LAYER|BETTING_LAYER
__init__.py,E:\football_v\.venv\Lib\site-packages\pip\_internal\utils\__init__.py,
bazaar.py,E:\football_v\.venv\Lib\site-packages\pip\_internal\vcs\bazaar.py,VALUE_LAYER
git.py,E:\football_v\.venv\Lib\site-packages\pip\_internal\vcs\git.py,VALUE_LAYER|FEATURE_LAYER|DATA_LAYER
mercurial.py,E:\football_v\.venv\Lib\site-packages\pip\_internal\vcs\mercurial.py,VALUE_LAYER|DATA_LAYER
subversion.py,E:\football_v\.venv\Lib\site-packages\pip\_internal\vcs\subversion.py,VALUE_LAYER|FEATURE_LAYER|DATA_LAYER
versioncontrol.py,E:\football_v\.venv\Lib\site-packages\pip\_internal\vcs\versioncontrol.py,VALUE_LAYER|FEATURE_LAYER|DATA_LAYER
__init__.py,E:\football_v\.venv\Lib\site-packages\pip\_internal\vcs\__init__.py,
typing_extensions.py,E:\football_v\.venv\Lib\site-packages\pip\_vendor\typing_extensions.py,VALUE_LAYER|MODEL_LAYER|BETTING_LAYER|RUNTIME_LAYER|DATA_LAYER|FEATURE_LAYER
__init__.py,E:\football_v\.venv\Lib\site-packages\pip\_vendor\__init__.py,VALUE_LAYER|BETTING_LAYER|FEATURE_LAYER
adapter.py,E:\football_v\.venv\Lib\site-packages\pip\_vendor\cachecontrol\adapter.py,FEATURE_LAYER|DATA_LAYER
cache.py,E:\football_v\.venv\Lib\site-packages\pip\_vendor\cachecontrol\cache.py,VALUE_LAYER|DATA_LAYER
controller.py,E:\football_v\.venv\Lib\site-packages\pip\_vendor\cachecontrol\controller.py,VALUE_LAYER|FEATURE_LAYER|DATA_LAYER
filewrapper.py,E:\football_v\.venv\Lib\site-packages\pip\_vendor\cachecontrol\filewrapper.py,VALUE_LAYER|PREDICTION_LAYER|FEATURE_LAYER|DATA_LAYER
heuristics.py,E:\football_v\.venv\Lib\site-packages\pip\_vendor\cachecontrol\heuristics.py,VALUE_LAYER|MODEL_LAYER|FEATURE_LAYER|DATA_LAYER
serialize.py,E:\football_v\.venv\Lib\site-packages\pip\_vendor\cachecontrol\serialize.py,VALUE_LAYER|MODEL_LAYER|FEATURE_LAYER|DATA_LAYER
wrapper.py,E:\football_v\.venv\Lib\site-packages\pip\_vendor\cachecontrol\wrapper.py,
_cmd.py,E:\football_v\.venv\Lib\site-packages\pip\_vendor\cachecontrol\_cmd.py,VALUE_LAYER
__init__.py,E:\football_v\.venv\Lib\site-packages\pip\_vendor\cachecontrol\__init__.py,
file_cache.py,E:\football_v\.venv\Lib\site-packages\pip\_vendor\cachecontrol\caches\file_cache.py,VALUE_LAYER|MODEL_LAYER|BETTING_LAYER|DATA_LAYER
redis_cache.py,E:\football_v\.venv\Lib\site-packages\pip\_vendor\cachecontrol\caches\redis_cache.py,VALUE_LAYER|DATA_LAYER
__init__.py,E:\football_v\.venv\Lib\site-packages\pip\_vendor\cachecontrol\caches\__init__.py,
core.py,E:\football_v\.venv\Lib\site-packages\pip\_vendor\certifi\core.py,VALUE_LAYER|DATA_LAYER
__init__.py,E:\football_v\.venv\Lib\site-packages\pip\_vendor\certifi\__init__.py,
__main__.py,E:\football_v\.venv\Lib\site-packages\pip\_vendor\certifi\__main__.py,
compat.py,E:\football_v\.venv\Lib\site-packages\pip\_vendor\distlib\compat.py,VALUE_LAYER|RUNTIME_LAYER|FEATURE_LAYER|DATA_LAYER
database.py,E:\football_v\.venv\Lib\site-packages\pip\_vendor\distlib\database.py,VALUE_LAYER|MODEL_LAYER|BETTING_LAYER|DATA_LAYER|FEATURE_LAYER
index.py,E:\football_v\.venv\Lib\site-packages\pip\_vendor\distlib\index.py,VALUE_LAYER|FEATURE_LAYER|DATA_LAYER
locators.py,E:\football_v\.venv\Lib\site-packages\pip\_vendor\distlib\locators.py,VALUE_LAYER|MODEL_LAYER|DATA_LAYER|PREDICTION_LAYER|FEATURE_LAYER
manifest.py,E:\football_v\.venv\Lib\site-packages\pip\_vendor\distlib\manifest.py,VALUE_LAYER|BETTING_LAYER|FEATURE_LAYER|DATA_LAYER
markers.py,E:\football_v\.venv\Lib\site-packages\pip\_vendor\distlib\markers.py,VALUE_LAYER|FEATURE_LAYER|DATA_LAYER
metadata.py,E:\football_v\.venv\Lib\site-packages\pip\_vendor\distlib\metadata.py,VALUE_LAYER|MODEL_LAYER|DATA_LAYER|PREDICTION_LAYER|FEATURE_LAYER
resources.py,E:\football_v\.venv\Lib\site-packages\pip\_vendor\distlib\resources.py,MODEL_LAYER|FEATURE_LAYER|DATA_LAYER
scripts.py,E:\football_v\.venv\Lib\site-packages\pip\_vendor\distlib\scripts.py,VALUE_LAYER|MARKET_LAYER|FEATURE_LAYER|DATA_LAYER
util.py,E:\football_v\.venv\Lib\site-packages\pip\_vendor\distlib\util.py,VALUE_LAYER|MODEL_LAYER|BETTING_LAYER|DATA_LAYER|FEATURE_LAYER
version.py,E:\football_v\.venv\Lib\site-packages\pip\_vendor\distlib\version.py,VALUE_LAYER|MODEL_LAYER|BETTING_LAYER|DATA_LAYER|PREDICTION_LAYER|FEATURE_LAYER
wheel.py,E:\football_v\.venv\Lib\site-packages\pip\_vendor\distlib\wheel.py,VALUE_LAYER|FEATURE_LAYER|DATA_LAYER
__init__.py,E:\football_v\.venv\Lib\site-packages\pip\_vendor\distlib\__init__.py,MODEL_LAYER
distro.py,E:\football_v\.venv\Lib\site-packages\pip\_vendor\distro\distro.py,VALUE_LAYER|PREDICTION_LAYER|FEATURE_LAYER|DATA_LAYER
__init__.py,E:\football_v\.venv\Lib\site-packages\pip\_vendor\distro\__init__.py,
__main__.py,E:\football_v\.venv\Lib\site-packages\pip\_vendor\distro\__main__.py,
codec.py,E:\football_v\.venv\Lib\site-packages\pip\_vendor\idna\codec.py,FEATURE_LAYER|DATA_LAYER
compat.py,E:\football_v\.venv\Lib\site-packages\pip\_vendor\idna\compat.py,
core.py,E:\football_v\.venv\Lib\site-packages\pip\_vendor\idna\core.py,VALUE_LAYER|FEATURE_LAYER|DATA_LAYER
idnadata.py,E:\football_v\.venv\Lib\site-packages\pip\_vendor\idna\idnadata.py,DATA_LAYER
intranges.py,E:\football_v\.venv\Lib\site-packages\pip\_vendor\idna\intranges.py,FEATURE_LAYER
package_data.py,E:\football_v\.venv\Lib\site-packages\pip\_vendor\idna\package_data.py,
uts46data.py,E:\football_v\.venv\Lib\site-packages\pip\_vendor\idna\uts46data.py,VALUE_LAYER|DATA_LAYER
__init__.py,E:\football_v\.venv\Lib\site-packages\pip\_vendor\idna\__init__.py,DATA_LAYER
exceptions.py,E:\football_v\.venv\Lib\site-packages\pip\_vendor\msgpack\exceptions.py,VALUE_LAYER|FEATURE_LAYER|DATA_LAYER
ext.py,E:\football_v\.venv\Lib\site-packages\pip\_vendor\msgpack\ext.py,VALUE_LAYER|MODEL_LAYER|DATA_LAYER
fallback.py,E:\football_v\.venv\Lib\site-packages\pip\_vendor\msgpack\fallback.py,VALUE_LAYER|BETTING_LAYER|FEATURE_LAYER|DATA_LAYER
__init__.py,E:\football_v\.venv\Lib\site-packages\pip\_vendor\msgpack\__init__.py,DATA_LAYER
markers.py,E:\football_v\.venv\Lib\site-packages\pip\_vendor\packaging\markers.py,VALUE_LAYER|FEATURE_LAYER|DATA_LAYER
metadata.py,E:\football_v\.venv\Lib\site-packages\pip\_vendor\packaging\metadata.py,VALUE_LAYER|MODEL_LAYER|BETTING_LAYER|DATA_LAYER|PREDICTION_LAYER|FEATURE_LAYER
requirements.py,E:\football_v\.venv\Lib\site-packages\pip\_vendor\packaging\requirements.py,VALUE_LAYER|FEATURE_LAYER
specifiers.py,E:\football_v\.venv\Lib\site-packages\pip\_vendor\packaging\specifiers.py,VALUE_LAYER|BETTING_LAYER|FEATURE_LAYER|DATA_LAYER
tags.py,E:\football_v\.venv\Lib\site-packages\pip\_vendor\packaging\tags.py,VALUE_LAYER|FEATURE_LAYER|DATA_LAYER
utils.py,E:\football_v\.venv\Lib\site-packages\pip\_vendor\packaging\utils.py,VALUE_LAYER|FEATURE_LAYER|DATA_LAYER
version.py,E:\football_v\.venv\Lib\site-packages\pip\_vendor\packaging\version.py,VALUE_LAYER|MODEL_LAYER|BETTING_LAYER|FEATURE_LAYER
_elffile.py,E:\football_v\.venv\Lib\site-packages\pip\_vendor\packaging\_elffile.py,VALUE_LAYER|FEATURE_LAYER|DATA_LAYER
_manylinux.py,E:\football_v\.venv\Lib\site-packages\pip\_vendor\packaging\_manylinux.py,VALUE_LAYER|RUNTIME_LAYER|FEATURE_LAYER|DATA_LAYER
_musllinux.py,E:\football_v\.venv\Lib\site-packages\pip\_vendor\packaging\_musllinux.py,VALUE_LAYER|RUNTIME_LAYER|FEATURE_LAYER|DATA_LAYER
_parser.py,E:\football_v\.venv\Lib\site-packages\pip\_vendor\packaging\_parser.py,VALUE_LAYER|BETTING_LAYER|FEATURE_LAYER|DATA_LAYER
_structures.py,E:\football_v\.venv\Lib\site-packages\pip\_vendor\packaging\_structures.py,
_tokenizer.py,E:\football_v\.venv\Lib\site-packages\pip\_vendor\packaging\_tokenizer.py,FEATURE_LAYER|DATA_LAYER
__init__.py,E:\football_v\.venv\Lib\site-packages\pip\_vendor\packaging\__init__.py,
_spdx.py,E:\football_v\.venv\Lib\site-packages\pip\_vendor\packaging\licenses\_spdx.py,VALUE_LAYER|MODEL_LAYER|FEATURE_LAYER|DATA_LAYER|RUNTIME_LAYER
__init__.py,E:\football_v\.venv\Lib\site-packages\pip\_vendor\packaging\licenses\__init__.py,VALUE_LAYER|MODEL_LAYER
__init__.py,E:\football_v\.venv\Lib\site-packages\pip\_vendor\pkg_resources\__init__.py,VALUE_LAYER|MODEL_LAYER|BETTING_LAYER|RUNTIME_LAYER|DATA_LAYER|FEATURE_LAYER
android.py,E:\football_v\.venv\Lib\site-packages\pip\_vendor\platformdirs\android.py,VALUE_LAYER|RUNTIME_LAYER|FEATURE_LAYER|DATA_LAYER
api.py,E:\football_v\.venv\Lib\site-packages\pip\_vendor\platformdirs\api.py,VALUE_LAYER|RUNTIME_LAYER|FEATURE_LAYER|DATA_LAYER
macos.py,E:\football_v\.venv\Lib\site-packages\pip\_vendor\platformdirs\macos.py,VALUE_LAYER|MODEL_LAYER|FEATURE_LAYER|DATA_LAYER|RUNTIME_LAYER
unix.py,E:\football_v\.venv\Lib\site-packages\pip\_vendor\platformdirs\unix.py,VALUE_LAYER|RUNTIME_LAYER|FEATURE_LAYER|DATA_LAYER
version.py,E:\football_v\.venv\Lib\site-packages\pip\_vendor\platformdirs\version.py,
windows.py,E:\football_v\.venv\Lib\site-packages\pip\_vendor\platformdirs\windows.py,VALUE_LAYER|RUNTIME_LAYER|FEATURE_LAYER|DATA_LAYER
__init__.py,E:\football_v\.venv\Lib\site-packages\pip\_vendor\platformdirs\__init__.py,VALUE_LAYER|RUNTIME_LAYER|FEATURE_LAYER|DATA_LAYER
__main__.py,E:\football_v\.venv\Lib\site-packages\pip\_vendor\platformdirs\__main__.py,RUNTIME_LAYER|FEATURE_LAYER|DATA_LAYER
cmdline.py,E:\football_v\.venv\Lib\site-packages\pip\_vendor\pygments\cmdline.py,VALUE_LAYER|FEATURE_LAYER|DATA_LAYER
console.py,E:\football_v\.venv\Lib\site-packages\pip\_vendor\pygments\console.py,FEATURE_LAYER
filter.py,E:\football_v\.venv\Lib\site-packages\pip\_vendor\pygments\filter.py,VALUE_LAYER
formatter.py,E:\football_v\.venv\Lib\site-packages\pip\_vendor\pygments\formatter.py,VALUE_LAYER|FEATURE_LAYER|DATA_LAYER
lexer.py,E:\football_v\.venv\Lib\site-packages\pip\_vendor\pygments\lexer.py,VALUE_LAYER|MODEL_LAYER|FEATURE_LAYER|DATA_LAYER
modeline.py,E:\football_v\.venv\Lib\site-packages\pip\_vendor\pygments\modeline.py,MODEL_LAYER
plugin.py,E:\football_v\.venv\Lib\site-packages\pip\_vendor\pygments\plugin.py,FEATURE_LAYER|DATA_LAYER
regexopt.py,E:\football_v\.venv\Lib\site-packages\pip\_vendor\pygments\regexopt.py,VALUE_LAYER
scanner.py,E:\football_v\.venv\Lib\site-packages\pip\_vendor\pygments\scanner.py,VALUE_LAYER|RUNTIME_LAYER|DATA_LAYER
sphinxext.py,E:\football_v\.venv\Lib\site-packages\pip\_vendor\pygments\sphinxext.py,FEATURE_LAYER|DATA_LAYER
style.py,E:\football_v\.venv\Lib\site-packages\pip\_vendor\pygments\style.py,FEATURE_LAYER
token.py,E:\football_v\.venv\Lib\site-packages\pip\_vendor\pygments\token.py,VALUE_LAYER|MODEL_LAYER|FEATURE_LAYER|DATA_LAYER
unistring.py,E:\football_v\.venv\Lib\site-packages\pip\_vendor\pygments\unistring.py,DATA_LAYER
util.py,E:\football_v\.venv\Lib\site-packages\pip\_vendor\pygments\util.py,VALUE_LAYER|FEATURE_LAYER|DATA_LAYER
__init__.py,E:\football_v\.venv\Lib\site-packages\pip\_vendor\pygments\__init__.py,VALUE_LAYER|BETTING_LAYER|FEATURE_LAYER
__main__.py,E:\football_v\.venv\Lib\site-packages\pip\_vendor\pygments\__main__.py,
__init__.py,E:\football_v\.venv\Lib\site-packages\pip\_vendor\pygments\filters\__init__.py,VALUE_LAYER|MODEL_LAYER|BETTING_LAYER|DATA_LAYER|MARKET_LAYER|FEATURE_LAYER
bbcode.py,E:\football_v\.venv\Lib\site-packages\pip\_vendor\pygments\formatters\bbcode.py,VALUE_LAYER|FEATURE_LAYER
groff.py,E:\football_v\.venv\Lib\site-packages\pip\_vendor\pygments\formatters\groff.py,VALUE_LAYER|FEATURE_LAYER
html.py,E:\football_v\.venv\Lib\site-packages\pip\_vendor\pygments\formatters\html.py,VALUE_LAYER|BETTING_LAYER|FEATURE_LAYER|RUNTIME_LAYER
img.py,E:\football_v\.venv\Lib\site-packages\pip\_vendor\pygments\formatters\img.py,VALUE_LAYER|BETTING_LAYER|FEATURE_LAYER|DATA_LAYER
irc.py,E:\football_v\.venv\Lib\site-packages\pip\_vendor\pygments\formatters\irc.py,VALUE_LAYER|FEATURE_LAYER
latex.py,E:\football_v\.venv\Lib\site-packages\pip\_vendor\pygments\formatters\latex.py,VALUE_LAYER|MODEL_LAYER|FEATURE_LAYER|DATA_LAYER
other.py,E:\football_v\.venv\Lib\site-packages\pip\_vendor\pygments\formatters\other.py,VALUE_LAYER|FEATURE_LAYER
pangomarkup.py,E:\football_v\.venv\Lib\site-packages\pip\_vendor\pygments\formatters\pangomarkup.py,VALUE_LAYER|FEATURE_LAYER
rtf.py,E:\football_v\.venv\Lib\site-packages\pip\_vendor\pygments\formatters\rtf.py,VALUE_LAYER|BETTING_LAYER|FEATURE_LAYER|DATA_LAYER
svg.py,E:\football_v\.venv\Lib\site-packages\pip\_vendor\pygments\formatters\svg.py,VALUE_LAYER|FEATURE_LAYER
terminal.py,E:\football_v\.venv\Lib\site-packages\pip\_vendor\pygments\formatters\terminal.py,VALUE_LAYER|FEATURE_LAYER
terminal256.py,E:\football_v\.venv\Lib\site-packages\pip\_vendor\pygments\formatters\terminal256.py,VALUE_LAYER|FEATURE_LAYER|DATA_LAYER
_mapping.py,E:\football_v\.venv\Lib\site-packages\pip\_vendor\pygments\formatters\_mapping.py,FEATURE_LAYER
__init__.py,E:\football_v\.venv\Lib\site-packages\pip\_vendor\pygments\formatters\__init__.py,VALUE_LAYER|FEATURE_LAYER|DATA_LAYER
python.py,E:\football_v\.venv\Lib\site-packages\pip\_vendor\pygments\lexers\python.py,VALUE_LAYER|MODEL_LAYER|BETTING_LAYER|RUNTIME_LAYER|DATA_LAYER|FEATURE_LAYER
_mapping.py,E:\football_v\.venv\Lib\site-packages\pip\_vendor\pygments\lexers\_mapping.py,VALUE_LAYER|MODEL_LAYER|RUNTIME_LAYER|DATA_LAYER|PREDICTION_LAYER|FEATURE_LAYER
__init__.py,E:\football_v\.venv\Lib\site-packages\pip\_vendor\pygments\lexers\__init__.py,VALUE_LAYER|MODEL_LAYER|DATA_LAYER|PREDICTION_LAYER|FEATURE_LAYER
_mapping.py,E:\football_v\.venv\Lib\site-packages\pip\_vendor\pygments\styles\_mapping.py,
__init__.py,E:\football_v\.venv\Lib\site-packages\pip\_vendor\pygments\styles\__init__.py,VALUE_LAYER|DATA_LAYER
_impl.py,E:\football_v\.venv\Lib\site-packages\pip\_vendor\pyproject_hooks\_impl.py,VALUE_LAYER|FEATURE_LAYER|DATA_LAYER
__init__.py,E:\football_v\.venv\Lib\site-packages\pip\_vendor\pyproject_hooks\__init__.py,VALUE_LAYER|DATA_LAYER
_in_process.py,E:\football_v\.venv\Lib\site-packages\pip\_vendor\pyproject_hooks\_in_process\_in_process.py,VALUE_LAYER|FEATURE_LAYER|DATA_LAYER
__init__.py,E:\football_v\.venv\Lib\site-packages\pip\_vendor\pyproject_hooks\_in_process\__init__.py,
adapters.py,E:\football_v\.venv\Lib\site-packages\pip\_vendor\requests\adapters.py,VALUE_LAYER|MODEL_LAYER|FEATURE_LAYER|DATA_LAYER
api.py,E:\football_v\.venv\Lib\site-packages\pip\_vendor\requests\api.py,DATA_LAYER
auth.py,E:\football_v\.venv\Lib\site-packages\pip\_vendor\requests\auth.py,VALUE_LAYER|FEATURE_LAYER|DATA_LAYER
certs.py,E:\football_v\.venv\Lib\site-packages\pip\_vendor\requests\certs.py,
compat.py,E:\football_v\.venv\Lib\site-packages\pip\_vendor\requests\compat.py,VALUE_LAYER|BETTING_LAYER|DATA_LAYER
cookies.py,E:\football_v\.venv\Lib\site-packages\pip\_vendor\requests\cookies.py,VALUE_LAYER|MODEL_LAYER|RUNTIME_LAYER|DATA_LAYER
exceptions.py,E:\football_v\.venv\Lib\site-packages\pip\_vendor\requests\exceptions.py,VALUE_LAYER|DATA_LAYER
help.py,E:\football_v\.venv\Lib\site-packages\pip\_vendor\requests\help.py,VALUE_LAYER|FEATURE_LAYER|DATA_LAYER
hooks.py,E:\football_v\.venv\Lib\site-packages\pip\_vendor\requests\hooks.py,VALUE_LAYER|DATA_LAYER
models.py,E:\football_v\.venv\Lib\site-packages\pip\_vendor\requests\models.py,VALUE_LAYER|MODEL_LAYER|BETTING_LAYER|RUNTIME_LAYER|DATA_LAYER|PREDICTION_LAYER|FEATURE_LAYER
packages.py,E:\football_v\.venv\Lib\site-packages\pip\_vendor\requests\packages.py,
sessions.py,E:\football_v\.venv\Lib\site-packages\pip\_vendor\requests\sessions.py,VALUE_LAYER|MODEL_LAYER|FEATURE_LAYER|DATA_LAYER|RUNTIME_LAYER
status_codes.py,E:\football_v\.venv\Lib\site-packages\pip\_vendor\requests\status_codes.py,RUNTIME_LAYER|FEATURE_LAYER|DATA_LAYER
structures.py,E:\football_v\.venv\Lib\site-packages\pip\_vendor\requests\structures.py,VALUE_LAYER|DATA_LAYER
utils.py,E:\football_v\.venv\Lib\site-packages\pip\_vendor\requests\utils.py,VALUE_LAYER|MODEL_LAYER|FEATURE_LAYER|DATA_LAYER|RUNTIME_LAYER
_internal_utils.py,E:\football_v\.venv\Lib\site-packages\pip\_vendor\requests\_internal_utils.py,VALUE_LAYER
__init__.py,E:\football_v\.venv\Lib\site-packages\pip\_vendor\requests\__init__.py,VALUE_LAYER|MODEL_LAYER|FEATURE_LAYER|DATA_LAYER
__version__.py,E:\football_v\.venv\Lib\site-packages\pip\_vendor\requests\__version__.py,DATA_LAYER
providers.py,E:\football_v\.venv\Lib\site-packages\pip\_vendor\resolvelib\providers.py,VALUE_LAYER|MODEL_LAYER|FEATURE_LAYER
reporters.py,E:\football_v\.venv\Lib\site-packages\pip\_vendor\resolvelib\reporters.py,FEATURE_LAYER
resolvers.py,E:\football_v\.venv\Lib\site-packages\pip\_vendor\resolvelib\resolvers.py,VALUE_LAYER|MODEL_LAYER|FEATURE_LAYER|DATA_LAYER|RUNTIME_LAYER
structs.py,E:\football_v\.venv\Lib\site-packages\pip\_vendor\resolvelib\structs.py,VALUE_LAYER|FEATURE_LAYER|DATA_LAYER
__init__.py,E:\football_v\.venv\Lib\site-packages\pip\_vendor\resolvelib\__init__.py,
collections_abc.py,E:\football_v\.venv\Lib\site-packages\pip\_vendor\resolvelib\compat\collections_abc.py,
__init__.py,E:\football_v\.venv\Lib\site-packages\pip\_vendor\resolvelib\compat\__init__.py,
abc.py,E:\football_v\.venv\Lib\site-packages\pip\_vendor\rich\abc.py,
align.py,E:\football_v\.venv\Lib\site-packages\pip\_vendor\rich\align.py,VALUE_LAYER|MODEL_LAYER
ansi.py,E:\football_v\.venv\Lib\site-packages\pip\_vendor\rich\ansi.py,VALUE_LAYER|FEATURE_LAYER|DATA_LAYER
bar.py,E:\football_v\.venv\Lib\site-packages\pip\_vendor\rich\bar.py,VALUE_LAYER|BETTING_LAYER
box.py,E:\football_v\.venv\Lib\site-packages\pip\_vendor\rich\box.py,VALUE_LAYER|FEATURE_LAYER|DATA_LAYER
cells.py,E:\football_v\.venv\Lib\site-packages\pip\_vendor\rich\cells.py,MODEL_LAYER
color.py,E:\football_v\.venv\Lib\site-packages\pip\_vendor\rich\color.py,VALUE_LAYER|BETTING_LAYER|FEATURE_LAYER
color_triplet.py,E:\football_v\.venv\Lib\site-packages\pip\_vendor\rich\color_triplet.py,BETTING_LAYER|FEATURE_LAYER
columns.py,E:\football_v\.venv\Lib\site-packages\pip\_vendor\rich\columns.py,VALUE_LAYER|MODEL_LAYER
console.py,E:\football_v\.venv\Lib\site-packages\pip\_vendor\rich\console.py,VALUE_LAYER|MODEL_LAYER|BETTING_LAYER|RUNTIME_LAYER|DATA_LAYER|FEATURE_LAYER
constrain.py,E:\football_v\.venv\Lib\site-packages\pip\_vendor\rich\constrain.py,MODEL_LAYER
containers.py,E:\football_v\.venv\Lib\site-packages\pip\_vendor\rich\containers.py,VALUE_LAYER|DATA_LAYER
control.py,E:\football_v\.venv\Lib\site-packages\pip\_vendor\rich\control.py,FEATURE_LAYER|DATA_LAYER
default_styles.py,E:\football_v\.venv\Lib\site-packages\pip\_vendor\rich\default_styles.py,VALUE_LAYER|DATA_LAYER
diagnose.py,E:\football_v\.venv\Lib\site-packages\pip\_vendor\rich\diagnose.py,MODEL_LAYER|FEATURE_LAYER
emoji.py,E:\football_v\.venv\Lib\site-packages\pip\_vendor\rich\emoji.py,
errors.py,E:\football_v\.venv\Lib\site-packages\pip\_vendor\rich\errors.py,FEATURE_LAYER
filesize.py,E:\football_v\.venv\Lib\site-packages\pip\_vendor\rich\filesize.py,VALUE_LAYER|FEATURE_LAYER
file_proxy.py,E:\football_v\.venv\Lib\site-packages\pip\_vendor\rich\file_proxy.py,
highlighter.py,E:\football_v\.venv\Lib\site-packages\pip\_vendor\rich\highlighter.py,VALUE_LAYER|BETTING_LAYER|DATA_LAYER
json.py,E:\football_v\.venv\Lib\site-packages\pip\_vendor\rich\json.py,VALUE_LAYER|DATA_LAYER
jupyter.py,E:\football_v\.venv\Lib\site-packages\pip\_vendor\rich\jupyter.py,FEATURE_LAYER|DATA_LAYER
layout.py,E:\football_v\.venv\Lib\site-packages\pip\_vendor\rich\layout.py,VALUE_LAYER|DATA_LAYER
live.py,E:\football_v\.venv\Lib\site-packages\pip\_vendor\rich\live.py,VALUE_LAYER|DATA_LAYER
live_render.py,E:\football_v\.venv\Lib\site-packages\pip\_vendor\rich\live_render.py,VALUE_LAYER
logging.py,E:\football_v\.venv\Lib\site-packages\pip\_vendor\rich\logging.py,VALUE_LAYER|MODEL_LAYER|FEATURE_LAYER|DATA_LAYER
markup.py,E:\football_v\.venv\Lib\site-packages\pip\_vendor\rich\markup.py,VALUE_LAYER
measure.py,E:\football_v\.venv\Lib\site-packages\pip\_vendor\rich\measure.py,MODEL_LAYER|BETTING_LAYER
padding.py,E:\football_v\.venv\Lib\site-packages\pip\_vendor\rich\padding.py,VALUE_LAYER|MODEL_LAYER
pager.py,E:\football_v\.venv\Lib\site-packages\pip\_vendor\rich\pager.py,
palette.py,E:\football_v\.venv\Lib\site-packages\pip\_vendor\rich\palette.py,
panel.py,E:\football_v\.venv\Lib\site-packages\pip\_vendor\rich\panel.py,MODEL_LAYER
pretty.py,E:\football_v\.venv\Lib\site-packages\pip\_vendor\rich\pretty.py,VALUE_LAYER|MODEL_LAYER|FEATURE_LAYER|DATA_LAYER
progress.py,E:\football_v\.venv\Lib\site-packages\pip\_vendor\rich\progress.py,VALUE_LAYER|MODEL_LAYER|BETTING_LAYER|RUNTIME_LAYER|DATA_LAYER|FEATURE_LAYER
progress_bar.py,E:\football_v\.venv\Lib\site-packages\pip\_vendor\rich\progress_bar.py,VALUE_LAYER
prompt.py,E:\football_v\.venv\Lib\site-packages\pip\_vendor\rich\prompt.py,VALUE_LAYER|BETTING_LAYER|DATA_LAYER
protocol.py,E:\football_v\.venv\Lib\site-packages\pip\_vendor\rich\protocol.py,VALUE_LAYER
region.py,E:\football_v\.venv\Lib\site-packages\pip\_vendor\rich\region.py,
repr.py,E:\football_v\.venv\Lib\site-packages\pip\_vendor\rich\repr.py,VALUE_LAYER|DATA_LAYER
rule.py,E:\football_v\.venv\Lib\site-packages\pip\_vendor\rich\rule.py,VALUE_LAYER
scope.py,E:\football_v\.venv\Lib\site-packages\pip\_vendor\rich\scope.py,VALUE_LAYER|MODEL_LAYER|BETTING_LAYER
screen.py,E:\football_v\.venv\Lib\site-packages\pip\_vendor\rich\screen.py,
segment.py,E:\football_v\.venv\Lib\site-packages\pip\_vendor\rich\segment.py,MODEL_LAYER|BETTING_LAYER|FEATURE_LAYER
spinner.py,E:\football_v\.venv\Lib\site-packages\pip\_vendor\rich\spinner.py,
status.py,E:\football_v\.venv\Lib\site-packages\pip\_vendor\rich\status.py,DATA_LAYER
style.py,E:\football_v\.venv\Lib\site-packages\pip\_vendor\rich\style.py,VALUE_LAYER|FEATURE_LAYER|DATA_LAYER
styled.py,E:\football_v\.venv\Lib\site-packages\pip\_vendor\rich\styled.py,
syntax.py,E:\football_v\.venv\Lib\site-packages\pip\_vendor\rich\syntax.py,VALUE_LAYER|FEATURE_LAYER|DATA_LAYER
table.py,E:\football_v\.venv\Lib\site-packages\pip\_vendor\rich\table.py,VALUE_LAYER|MODEL_LAYER|BETTING_LAYER|DATA_LAYER|FEATURE_LAYER
terminal_theme.py,E:\football_v\.venv\Lib\site-packages\pip\_vendor\rich\terminal_theme.py,
text.py,E:\football_v\.venv\Lib\site-packages\pip\_vendor\rich\text.py,VALUE_LAYER|MODEL_LAYER|BETTING_LAYER|DATA_LAYER|FEATURE_LAYER
theme.py,E:\football_v\.venv\Lib\site-packages\pip\_vendor\rich\theme.py,VALUE_LAYER|FEATURE_LAYER|DATA_LAYER
themes.py,E:\football_v\.venv\Lib\site-packages\pip\_vendor\rich\themes.py,
traceback.py,E:\football_v\.venv\Lib\site-packages\pip\_vendor\rich\traceback.py,VALUE_LAYER|MODEL_LAYER|DATA_LAYER|PREDICTION_LAYER|FEATURE_LAYER
tree.py,E:\football_v\.venv\Lib\site-packages\pip\_vendor\rich\tree.py,VALUE_LAYER|MODEL_LAYER
_cell_widths.py,E:\football_v\.venv\Lib\site-packages\pip\_vendor\rich\_cell_widths.py,
_emoji_codes.py,E:\football_v\.venv\Lib\site-packages\pip\_vendor\rich\_emoji_codes.py,VALUE_LAYER|MODEL_LAYER|BETTING_LAYER|RUNTIME_LAYER|DATA_LAYER|PREDICTION_LAYER|MARKET_LAYER|FEATURE_LAYER
_emoji_replace.py,E:\football_v\.venv\Lib\site-packages\pip\_vendor\rich\_emoji_replace.py,
_export_format.py,E:\football_v\.venv\Lib\site-packages\pip\_vendor\rich\_export_format.py,MARKET_LAYER|FEATURE_LAYER
_extension.py,E:\football_v\.venv\Lib\site-packages\pip\_vendor\rich\_extension.py,VALUE_LAYER|DATA_LAYER
_fileno.py,E:\football_v\.venv\Lib\site-packages\pip\_vendor\rich\_fileno.py,
_inspect.py,E:\football_v\.venv\Lib\site-packages\pip\_vendor\rich\_inspect.py,VALUE_LAYER|MODEL_LAYER|BETTING_LAYER|DATA_LAYER|PREDICTION_LAYER|FEATURE_LAYER
_log_render.py,E:\football_v\.venv\Lib\site-packages\pip\_vendor\rich\_log_render.py,VALUE_LAYER|FEATURE_LAYER
_loop.py,E:\football_v\.venv\Lib\site-packages\pip\_vendor\rich\_loop.py,VALUE_LAYER
_null_file.py,E:\football_v\.venv\Lib\site-packages\pip\_vendor\rich\_null_file.py,VALUE_LAYER|DATA_LAYER
_palettes.py,E:\football_v\.venv\Lib\site-packages\pip\_vendor\rich\_palettes.py,
_pick.py,E:\football_v\.venv\Lib\site-packages\pip\_vendor\rich\_pick.py,VALUE_LAYER
_ratio.py,E:\football_v\.venv\Lib\site-packages\pip\_vendor\rich\_ratio.py,VALUE_LAYER|MODEL_LAYER|DATA_LAYER
_spinners.py,E:\football_v\.venv\Lib\site-packages\pip\_vendor\rich\_spinners.py,VALUE_LAYER|MODEL_LAYER|BETTING_LAYER
_stack.py,E:\football_v\.venv\Lib\site-packages\pip\_vendor\rich\_stack.py,VALUE_LAYER
_timer.py,E:\football_v\.venv\Lib\site-packages\pip\_vendor\rich\_timer.py,
_win32_console.py,E:\football_v\.venv\Lib\site-packages\pip\_vendor\rich\_win32_console.py,VALUE_LAYER|MARKET_LAYER|FEATURE_LAYER|DATA_LAYER
_windows.py,E:\football_v\.venv\Lib\site-packages\pip\_vendor\rich\_windows.py,VALUE_LAYER|FEATURE_LAYER|DATA_LAYER
_windows_renderer.py,E:\football_v\.venv\Lib\site-packages\pip\_vendor\rich\_windows_renderer.py,
_wrap.py,E:\football_v\.venv\Lib\site-packages\pip\_vendor\rich\_wrap.py,MODEL_LAYER
__init__.py,E:\football_v\.venv\Lib\site-packages\pip\_vendor\rich\__init__.py,VALUE_LAYER|BETTING_LAYER|DATA_LAYER|PREDICTION_LAYER|FEATURE_LAYER
__main__.py,E:\football_v\.venv\Lib\site-packages\pip\_vendor\rich\__main__.py,VALUE_LAYER|MODEL_LAYER|DATA_LAYER|MARKET_LAYER|FEATURE_LAYER
_parser.py,E:\football_v\.venv\Lib\site-packages\pip\_vendor\tomli\_parser.py,VALUE_LAYER|FEATURE_LAYER|DATA_LAYER
_re.py,E:\football_v\.venv\Lib\site-packages\pip\_vendor\tomli\_re.py,VALUE_LAYER
_types.py,E:\football_v\.venv\Lib\site-packages\pip\_vendor\tomli\_types.py,
__init__.py,E:\football_v\.venv\Lib\site-packages\pip\_vendor\tomli\__init__.py,DATA_LAYER
_api.py,E:\football_v\.venv\Lib\site-packages\pip\_vendor\truststore\_api.py,VALUE_LAYER|FEATURE_LAYER|DATA_LAYER
_macos.py,E:\football_v\.venv\Lib\site-packages\pip\_vendor\truststore\_macos.py,VALUE_LAYER|BETTING_LAYER|FEATURE_LAYER|DATA_LAYER
_openssl.py,E:\football_v\.venv\Lib\site-packages\pip\_vendor\truststore\_openssl.py,FEATURE_LAYER|DATA_LAYER
_ssl_constants.py,E:\football_v\.venv\Lib\site-packages\pip\_vendor\truststore\_ssl_constants.py,VALUE_LAYER
_windows.py,E:\football_v\.venv\Lib\site-packages\pip\_vendor\truststore\_windows.py,VALUE_LAYER|MODEL_LAYER|FEATURE_LAYER|DATA_LAYER|RUNTIME_LAYER
__init__.py,E:\football_v\.venv\Lib\site-packages\pip\_vendor\truststore\__init__.py,RUNTIME_LAYER
connection.py,E:\football_v\.venv\Lib\site-packages\pip\_vendor\urllib3\connection.py,VALUE_LAYER|MODEL_LAYER|BETTING_LAYER|RUNTIME_LAYER|DATA_LAYER|FEATURE_LAYER
connectionpool.py,E:\football_v\.venv\Lib\site-packages\pip\_vendor\urllib3\connectionpool.py,VALUE_LAYER|MODEL_LAYER|FEATURE_LAYER|DATA_LAYER|RUNTIME_LAYER
exceptions.py,E:\football_v\.venv\Lib\site-packages\pip\_vendor\urllib3\exceptions.py,VALUE_LAYER|FEATURE_LAYER|DATA_LAYER
fields.py,E:\football_v\.venv\Lib\site-packages\pip\_vendor\urllib3\fields.py,VALUE_LAYER|FEATURE_LAYER|DATA_LAYER
filepost.py,E:\football_v\.venv\Lib\site-packages\pip\_vendor\urllib3\filepost.py,VALUE_LAYER|FEATURE_LAYER|DATA_LAYER
poolmanager.py,E:\football_v\.venv\Lib\site-packages\pip\_vendor\urllib3\poolmanager.py,VALUE_LAYER|FEATURE_LAYER
request.py,E:\football_v\.venv\Lib\site-packages\pip\_vendor\urllib3\request.py,VALUE_LAYER|FEATURE_LAYER|DATA_LAYER
response.py,E:\football_v\.venv\Lib\site-packages\pip\_vendor\urllib3\response.py,VALUE_LAYER|MODEL_LAYER|BETTING_LAYER|DATA_LAYER|FEATURE_LAYER
_collections.py,E:\football_v\.venv\Lib\site-packages\pip\_vendor\urllib3\_collections.py,VALUE_LAYER|FEATURE_LAYER|DATA_LAYER
_version.py,E:\football_v\.venv\Lib\site-packages\pip\_vendor\urllib3\_version.py,
__init__.py,E:\football_v\.venv\Lib\site-packages\pip\_vendor\urllib3\__init__.py,VALUE_LAYER|BETTING_LAYER|FEATURE_LAYER|DATA_LAYER
appengine.py,E:\football_v\.venv\Lib\site-packages\pip\_vendor\urllib3\contrib\appengine.py,VALUE_LAYER|RUNTIME_LAYER|FEATURE_LAYER|DATA_LAYER
ntlmpool.py,E:\football_v\.venv\Lib\site-packages\pip\_vendor\urllib3\contrib\ntlmpool.py,VALUE_LAYER|FEATURE_LAYER|DATA_LAYER
pyopenssl.py,E:\football_v\.venv\Lib\site-packages\pip\_vendor\urllib3\contrib\pyopenssl.py,VALUE_LAYER|BETTING_LAYER|FEATURE_LAYER|DATA_LAYER
securetransport.py,E:\football_v\.venv\Lib\site-packages\pip\_vendor\urllib3\contrib\securetransport.py,VALUE_LAYER|MODEL_LAYER|BETTING_LAYER|DATA_LAYER|FEATURE_LAYER
socks.py,E:\football_v\.venv\Lib\site-packages\pip\_vendor\urllib3\contrib\socks.py,VALUE_LAYER|FEATURE_LAYER|DATA_LAYER
_appengine_environ.py,E:\football_v\.venv\Lib\site-packages\pip\_vendor\urllib3\contrib\_appengine_environ.py,VALUE_LAYER|MODEL_LAYER|RUNTIME_LAYER|DATA_LAYER
__init__.py,E:\football_v\.venv\Lib\site-packages\pip\_vendor\urllib3\contrib\__init__.py,
bindings.py,E:\football_v\.venv\Lib\site-packages\pip\_vendor\urllib3\contrib\_securetransport\bindings.py,VALUE_LAYER|MODEL_LAYER|BETTING_LAYER|DATA_LAYER|FEATURE_LAYER
low_level.py,E:\football_v\.venv\Lib\site-packages\pip\_vendor\urllib3\contrib\_securetransport\low_level.py,VALUE_LAYER|FEATURE_LAYER|DATA_LAYER
__init__.py,E:\football_v\.venv\Lib\site-packages\pip\_vendor\urllib3\contrib\_securetransport\__init__.py,
six.py,E:\football_v\.venv\Lib\site-packages\pip\_vendor\urllib3\packages\six.py,VALUE_LAYER|MODEL_LAYER|FEATURE_LAYER|DATA_LAYER
__init__.py,E:\football_v\.venv\Lib\site-packages\pip\_vendor\urllib3\packages\__init__.py,
makefile.py,E:\football_v\.venv\Lib\site-packages\pip\_vendor\urllib3\packages\backports\makefile.py,VALUE_LAYER|DATA_LAYER
weakref_finalize.py,E:\football_v\.venv\Lib\site-packages\pip\_vendor\urllib3\packages\backports\weakref_finalize.py,VALUE_LAYER|DATA_LAYER
__init__.py,E:\football_v\.venv\Lib\site-packages\pip\_vendor\urllib3\packages\backports\__init__.py,
connection.py,E:\football_v\.venv\Lib\site-packages\pip\_vendor\urllib3\util\connection.py,VALUE_LAYER|RUNTIME_LAYER|FEATURE_LAYER|DATA_LAYER
proxy.py,E:\football_v\.venv\Lib\site-packages\pip\_vendor\urllib3\util\proxy.py,VALUE_LAYER|DATA_LAYER
queue.py,E:\football_v\.venv\Lib\site-packages\pip\_vendor\urllib3\util\queue.py,
request.py,E:\football_v\.venv\Lib\site-packages\pip\_vendor\urllib3\util\request.py,VALUE_LAYER|FEATURE_LAYER
response.py,E:\football_v\.venv\Lib\site-packages\pip\_vendor\urllib3\util\response.py,VALUE_LAYER|RUNTIME_LAYER|FEATURE_LAYER|DATA_LAYER
retry.py,E:\football_v\.venv\Lib\site-packages\pip\_vendor\urllib3\util\retry.py,VALUE_LAYER|MODEL_LAYER|BETTING_LAYER|DATA_LAYER|FEATURE_LAYER
ssltransport.py,E:\football_v\.venv\Lib\site-packages\pip\_vendor\urllib3\util\ssltransport.py,VALUE_LAYER|BETTING_LAYER|FEATURE_LAYER|DATA_LAYER
ssl_.py,E:\football_v\.venv\Lib\site-packages\pip\_vendor\urllib3\util\ssl_.py,VALUE_LAYER|MODEL_LAYER|BETTING_LAYER|DATA_LAYER|FEATURE_LAYER
ssl_match_hostname.py,E:\football_v\.venv\Lib\site-packages\pip\_vendor\urllib3\util\ssl_match_hostname.py,VALUE_LAYER|RUNTIME_LAYER|FEATURE_LAYER
timeout.py,E:\football_v\.venv\Lib\site-packages\pip\_vendor\urllib3\util\timeout.py,VALUE_LAYER|BETTING_LAYER|DATA_LAYER
url.py,E:\football_v\.venv\Lib\site-packages\pip\_vendor\urllib3\util\url.py,VALUE_LAYER|FEATURE_LAYER|DATA_LAYER
wait.py,E:\football_v\.venv\Lib\site-packages\pip\_vendor\urllib3\util\wait.py,VALUE_LAYER|BETTING_LAYER|FEATURE_LAYER|DATA_LAYER|RUNTIME_LAYER
__init__.py,E:\football_v\.venv\Lib\site-packages\pip\_vendor\urllib3\util\__init__.py,DATA_LAYER
main.py,E:\football_v\00_System_OS\01_DATA_LAYER\main.py,MARKET_LAYER|RUNTIME_LAYER|DATA_LAYER
compatibility.py,E:\football_v\00_System_OS\01_DATA_LAYER\core\logger\compatibility.py,VALUE_LAYER
formatter.py,E:\football_v\00_System_OS\01_DATA_LAYER\core\logger\formatter.py,VALUE_LAYER|FEATURE_LAYER
handlers.py,E:\football_v\00_System_OS\01_DATA_LAYER\core\logger\handlers.py,FEATURE_LAYER
logger.py,E:\football_v\00_System_OS\01_DATA_LAYER\core\logger\logger.py,VALUE_LAYER|DATA_LAYER
__init__.py,E:\football_v\00_System_OS\01_DATA_LAYER\core\logger\__init__.py,
data_validator.py,E:\football_v\00_System_OS\01_DATA_LAYER\core\validator\data_validator.py,RUNTIME_LAYER|DATA_LAYER
archive_manager.py,E:\football_v\00_System_OS\01_DATA_LAYER\import_pipeline\archive_manager.py,
duplicate_checker.py,E:\football_v\00_System_OS\01_DATA_LAYER\import_pipeline\duplicate_checker.py,DATA_LAYER
importer.py,E:\football_v\00_System_OS\01_DATA_LAYER\import_pipeline\importer.py,RUNTIME_LAYER|DATA_LAYER
scanner.py,E:\football_v\00_System_OS\01_DATA_LAYER\import_pipeline\scanner.py,DATA_LAYER
validator.py,E:\football_v\00_System_OS\01_DATA_LAYER\import_pipeline\validator.py,
bookmaker_manager.py,E:\football_v\00_System_OS\01_DATA_LAYER\market\bookmaker_manager.py,VALUE_LAYER|BETTING_LAYER|DATA_LAYER|PREDICTION_LAYER|MARKET_LAYER
market_type_manager.py,E:\football_v\00_System_OS\01_DATA_LAYER\market\market_type_manager.py,VALUE_LAYER|MARKET_LAYER|PREDICTION_LAYER|DATA_LAYER
odds_manager.py,E:\football_v\00_System_OS\01_DATA_LAYER\market\odds_manager.py,VALUE_LAYER|MARKET_LAYER|FEATURE_LAYER|DATA_LAYER
quality_checker.py,E:\football_v\00_System_OS\01_DATA_LAYER\quality\quality_checker.py,VALUE_LAYER|DATA_LAYER
quality_engine.py,E:\football_v\00_System_OS\01_DATA_LAYER\quality\quality_engine.py,VALUE_LAYER|PREDICTION_LAYER|FEATURE_LAYER|DATA_LAYER
quality_report.py,E:\football_v\00_System_OS\01_DATA_LAYER\quality\quality_report.py,PREDICTION_LAYER|DATA_LAYER
data_lineage.py,E:\football_v\00_System_OS\01_DATA_LAYER\registry\data_lineage.py,VALUE_LAYER|FEATURE_LAYER|DATA_LAYER
import_tracker.py,E:\football_v\00_System_OS\01_DATA_LAYER\registry\import_tracker.py,VALUE_LAYER|FEATURE_LAYER|DATA_LAYER
quality_score.py,E:\football_v\00_System_OS\01_DATA_LAYER\registry\quality_score.py,VALUE_LAYER|DATA_LAYER
registry_manager.py,E:\football_v\00_System_OS\01_DATA_LAYER\registry\registry_manager.py,VALUE_LAYER|FEATURE_LAYER|DATA_LAYER
database_quality_alert_upgrade.py,E:\football_v\00_System_OS\01_DATA_LAYER\scripts\database_quality_alert_upgrade.py,DATA_LAYER
database_quality_init.py,E:\football_v\00_System_OS\01_DATA_LAYER\scripts\database_quality_init.py,VALUE_LAYER|PREDICTION_LAYER|DATA_LAYER
database_task_table_upgrade.py,E:\football_v\00_System_OS\01_DATA_LAYER\scripts\database_task_table_upgrade.py,DATA_LAYER
quality_rule_init.py,E:\football_v\00_System_OS\01_DATA_LAYER\scripts\quality_rule_init.py,VALUE_LAYER|MODEL_LAYER|DATA_LAYER|MARKET_LAYER|FEATURE_LAYER
registry_init.py,E:\football_v\00_System_OS\01_DATA_LAYER\scripts\registry_init.py,FEATURE_LAYER|DATA_LAYER
task_queue_init.py,E:\football_v\00_System_OS\01_DATA_LAYER\scripts\task_queue_init.py,DATA_LAYER
test_registry_flow.py,E:\football_v\00_System_OS\01_DATA_LAYER\scripts\test_registry_flow.py,RUNTIME_LAYER|MARKET_LAYER|PREDICTION_LAYER|DATA_LAYER
test_retry_logger.py,E:\football_v\00_System_OS\01_DATA_LAYER\scripts\test_retry_logger.py,
test_scheduler_reliability.py,E:\football_v\00_System_OS\01_DATA_LAYER\scripts\test_scheduler_reliability.py,MARKET_LAYER|FEATURE_LAYER|DATA_LAYER
test_task_history.py,E:\football_v\00_System_OS\01_DATA_LAYER\scripts\test_task_history.py,FEATURE_LAYER|DATA_LAYER
test_task_queue.py,E:\football_v\00_System_OS\01_DATA_LAYER\scripts\test_task_queue.py,MARKET_LAYER|DATA_LAYER
test_task_reliability_full.py,E:\football_v\00_System_OS\01_DATA_LAYER\scripts\test_task_reliability_full.py,FEATURE_LAYER|DATA_LAYER|PREDICTION_LAYER|MARKET_LAYER|RUNTIME_LAYER
manual_task.py,E:\football_v\00_System_OS\01_DATA_LAYER\task_queue\manual_task.py,FEATURE_LAYER|DATA_LAYER
retry_engine.py,E:\football_v\00_System_OS\01_DATA_LAYER\task_queue\retry_engine.py,RUNTIME_LAYER|FEATURE_LAYER|DATA_LAYER
retry_logger.py,E:\football_v\00_System_OS\01_DATA_LAYER\task_queue\retry_logger.py,VALUE_LAYER|FEATURE_LAYER|DATA_LAYER
scheduler.py,E:\football_v\00_System_OS\01_DATA_LAYER\task_queue\scheduler.py,RUNTIME_LAYER|FEATURE_LAYER|DATA_LAYER
task_history.py,E:\football_v\00_System_OS\01_DATA_LAYER\task_queue\task_history.py,VALUE_LAYER|FEATURE_LAYER|DATA_LAYER
task_manager.py,E:\football_v\00_System_OS\01_DATA_LAYER\task_queue\task_manager.py,VALUE_LAYER|FEATURE_LAYER|DATA_LAYER
task_query.py,E:\football_v\00_System_OS\01_DATA_LAYER\task_queue\task_query.py,DATA_LAYER
task_status.py,E:\football_v\00_System_OS\01_DATA_LAYER\task_queue\task_status.py,
architecture_classifier_V1.0.py,E:\football_v\00_System_OS\ARCHITECTURE_CLEANUP\architecture_classifier\architecture_classifier_V1.0.py,MODEL_LAYER|RUNTIME_LAYER|FEATURE_LAYER|DATA_LAYER
architecture_scanner_V1.0.py,E:\football_v\00_System_OS\ARCHITECTURE_CLEANUP\architecture_scanner\architecture_scanner_V1.0.py,DATA_LAYER
test_architecture_cleanup_V1.0.py,E:\football_v\00_System_OS\ARCHITECTURE_CLEANUP\tests\test_architecture_cleanup_V1.0.py,DATA_LAYER
scheduler_manager.py,E:\football_v\00_System_OS\Automation\scheduler\scheduler_manager.py,FEATURE_LAYER|DATA_LAYER
bootstrap.py,E:\football_v\00_System_OS\Bootstrap\bootstrap.py,FEATURE_LAYER|DATA_LAYER
config_generator.py,E:\football_v\00_System_OS\Bootstrap\config_generator.py,FEATURE_LAYER|DATA_LAYER
deploy_system.py,E:\football_v\00_System_OS\Bootstrap\deploy_system.py,FEATURE_LAYER
setup_system.py,E:\football_v\00_System_OS\Bootstrap\setup_system.py,FEATURE_LAYER|DATA_LAYER
system_check.py,E:\football_v\00_System_OS\Bootstrap\system_check.py,FEATURE_LAYER|DATA_LAYER
deployment_quality_checker_V1.0.py,E:\football_v\00_System_OS\DEPLOYMENT_QUALITY_CHECKER\deployment_quality_checker_V1.0.py,MODEL_LAYER|DATA_LAYER
environment_checker_V1.0.py,E:\football_v\00_System_OS\ENVIRONMENT_CHECKER\environment_checker_V1.0.py,DATA_LAYER
archive_manager.py,E:\football_v\00_System_OS\File_Manager\archive\archive_manager.py,FEATURE_LAYER|DATA_LAYER
archive_manager_v11.py,E:\football_v\00_System_OS\File_Manager\archive\archive_manager_v11.py,FEATURE_LAYER|DATA_LAYER
duplicate_detector_v11.py,E:\football_v\00_System_OS\File_Manager\duplicate\duplicate_detector_v11.py,FEATURE_LAYER|DATA_LAYER
duplicate_detector.py,E:\football_v\00_System_OS\File_Manager\hash\duplicate_detector.py,DATA_LAYER
lifecycle_engine.py,E:\football_v\00_System_OS\File_Manager\lifecycle\lifecycle_engine.py,RUNTIME_LAYER|FEATURE_LAYER|DATA_LAYER
lifecycle_manager.py,E:\football_v\00_System_OS\File_Manager\lifecycle\lifecycle_manager.py,FEATURE_LAYER|DATA_LAYER
file_registry_v11.py,E:\football_v\00_System_OS\File_Manager\registry\file_registry_v11.py,FEATURE_LAYER|DATA_LAYER
file_scanner.py,E:\football_v\00_System_OS\File_Manager\scanner\file_scanner.py,MODEL_LAYER|FEATURE_LAYER|DATA_LAYER
version_manager.py,E:\football_v\00_System_OS\File_Manager\version\version_manager.py,FEATURE_LAYER|DATA_LAYER
final_release_gate_V1.0.py,E:\football_v\00_System_OS\FINAL_RELEASE_GATE\final_release_gate_V1.0.py,DATA_LAYER
test_api_pipeline.py,E:\football_v\00_System_OS\integration_test\test_api_pipeline.py,MODEL_LAYER|PREDICTION_LAYER|DATA_LAYER
test_dashboard.py,E:\football_v\00_System_OS\integration_test\test_dashboard.py,MODEL_LAYER|MARKET_LAYER|PREDICTION_LAYER|DATA_LAYER
test_database_connection.py,E:\football_v\00_System_OS\integration_test\test_database_connection.py,MODEL_LAYER|RUNTIME_LAYER|DATA_LAYER
test_model_pipeline.py,E:\football_v\00_System_OS\integration_test\test_model_pipeline.py,MODEL_LAYER|MARKET_LAYER|DATA_LAYER
test_product_package.py,E:\football_v\00_System_OS\integration_test\test_product_package.py,DATA_LAYER
monitor_service.py,E:\football_v\00_System_OS\Monitor\monitor_service.py,FEATURE_LAYER|DATA_LAYER
recovery_controller.py,E:\football_v\00_System_OS\Recovery\recovery_controller.py,FEATURE_LAYER|DATA_LAYER
recovery_service.py,E:\football_v\00_System_OS\Recovery\recovery_service.py,FEATURE_LAYER|DATA_LAYER
dependency_engine.py,E:\football_v\00_System_OS\registry\dependency_engine.py,RUNTIME_LAYER|DATA_LAYER
registry_api.py,E:\football_v\00_System_OS\registry\registry_api.py,DATA_LAYER
registry_manager.py,E:\football_v\00_System_OS\registry\registry_manager.py,FEATURE_LAYER|DATA_LAYER
registry_scanner.py,E:\football_v\00_System_OS\registry\registry_scanner.py,FEATURE_LAYER|DATA_LAYER
dependency_checker_V1.0.py,E:\football_v\00_System_OS\RELEASE_VALIDATION\dependency_checker\dependency_checker_V1.0.py,MODEL_LAYER|DATA_LAYER
integrity_checker_V1.0.py,E:\football_v\00_System_OS\RELEASE_VALIDATION\integrity_checker\integrity_checker_V1.0.py,DATA_LAYER
module_scanner_V1.0.py,E:\football_v\00_System_OS\RELEASE_VALIDATION\module_scanner\module_scanner_V1.0.py,
framework_initializer.py,E:\football_v\00_System_OS\scripts\framework_initializer.py,RUNTIME_LAYER|FEATURE_LAYER|DATA_LAYER
system_health_monitor_V1.0.py,E:\football_v\00_System_OS\SYSTEM_HEALTH_MONITOR\system_health_monitor_V1.0.py,MODEL_LAYER|DATA_LAYER
deploy_phase3_2_memory_bridge.py,E:\football_v\00_SYSTEM_TOOLS\deploy_scripts\deploy_phase3_2_memory_bridge.py,VALUE_LAYER|PREDICTION_LAYER|FEATURE_LAYER|DATA_LAYER
deploy_v15_phase1.py,E:\football_v\00_SYSTEM_TOOLS\deploy_scripts\deploy_v15_phase1.py,PREDICTION_LAYER|RUNTIME_LAYER|FEATURE_LAYER|DATA_LAYER
deploy_v15_phase1_patch.py,E:\football_v\00_SYSTEM_TOOLS\deploy_scripts\deploy_v15_phase1_patch.py,RUNTIME_LAYER|PREDICTION_LAYER
deploy_v15_phase2.py,E:\football_v\00_SYSTEM_TOOLS\deploy_scripts\deploy_v15_phase2.py,MODEL_LAYER|RUNTIME_LAYER|PREDICTION_LAYER|DATA_LAYER
deployment_engine.py,E:\football_v\00_SYSTEM_TOOLS\Module_Deployment_Tool\core\deployment_engine.py,RUNTIME_LAYER|DATA_LAYER
encoding_validator.py,E:\football_v\00_SYSTEM_TOOLS\Module_Deployment_Tool\core\encoding_validator.py,
json_validator.py,E:\football_v\00_SYSTEM_TOOLS\Module_Deployment_Tool\core\json_validator.py,DATA_LAYER
path_validator.py,E:\football_v\00_SYSTEM_TOOLS\Module_Deployment_Tool\core\path_validator.py,
syntax_validator.py,E:\football_v\00_SYSTEM_TOOLS\Module_Deployment_Tool\core\syntax_validator.py,DATA_LAYER
deploy_ai_autonomous_engine_HIL_V1.0_V1.4.py,E:\football_v\00_SYSTEM_TOOLS\Module_Deployment_Tool\modules\deploy_ai_autonomous_engine_HIL_V1.0_V1.4.py,VALUE_LAYER|MODEL_LAYER|FEATURE_LAYER|DATA_LAYER|RUNTIME_LAYER
deploy_ai_autonomous_engine_HIL_V1.2.py,E:\football_v\00_SYSTEM_TOOLS\Module_Deployment_Tool\modules\deploy_ai_autonomous_engine_HIL_V1.2.py,VALUE_LAYER|MODEL_LAYER|RUNTIME_LAYER|DATA_LAYER
deploy_ai_autonomous_engine_HIL_V1.3_V1.4.py,E:\football_v\00_SYSTEM_TOOLS\Module_Deployment_Tool\modules\deploy_ai_autonomous_engine_HIL_V1.3_V1.4.py,VALUE_LAYER|MODEL_LAYER|FEATURE_LAYER|DATA_LAYER|RUNTIME_LAYER
deploy_ai_autonomous_engine_HIL_V1.5_V1.6.py,E:\football_v\00_SYSTEM_TOOLS\Module_Deployment_Tool\modules\deploy_ai_autonomous_engine_HIL_V1.5_V1.6.py,VALUE_LAYER|MODEL_LAYER|FEATURE_LAYER|DATA_LAYER|RUNTIME_LAYER
deploy_ai_autonomous_engine_HIL_V1.7_V1.8.py,E:\football_v\00_SYSTEM_TOOLS\Module_Deployment_Tool\modules\deploy_ai_autonomous_engine_HIL_V1.7_V1.8.py,VALUE_LAYER|FEATURE_LAYER|DATA_LAYER|PREDICTION_LAYER|RUNTIME_LAYER
deploy_ai_autonomous_engine_HIL_V1.9_V2.0.py,E:\football_v\00_SYSTEM_TOOLS\Module_Deployment_Tool\modules\deploy_ai_autonomous_engine_HIL_V1.9_V2.0.py,VALUE_LAYER|MODEL_LAYER|RUNTIME_LAYER|DATA_LAYER|PREDICTION_LAYER|FEATURE_LAYER
deploy_ai_autonomous_engine_HIL_V2.1_V2.2_BATCH.py,E:\football_v\00_SYSTEM_TOOLS\Module_Deployment_Tool\modules\deploy_ai_autonomous_engine_HIL_V2.1_V2.2_BATCH.py,VALUE_LAYER|MODEL_LAYER|RUNTIME_LAYER|DATA_LAYER|PREDICTION_LAYER|FEATURE_LAYER
deploy_ai_autonomous_engine_HIL_V2.3_V2.4_BATCH.py,E:\football_v\00_SYSTEM_TOOLS\Module_Deployment_Tool\modules\deploy_ai_autonomous_engine_HIL_V2.3_V2.4_BATCH.py,VALUE_LAYER|RUNTIME_LAYER|PREDICTION_LAYER|DATA_LAYER
deploy_ai_autonomous_engine_HIL_V2.5_V2.6_BATCH.py,E:\football_v\00_SYSTEM_TOOLS\Module_Deployment_Tool\modules\deploy_ai_autonomous_engine_HIL_V2.5_V2.6_BATCH.py,VALUE_LAYER|RUNTIME_LAYER|PREDICTION_LAYER|DATA_LAYER
deploy_ai_autonomous_engine_HIL_V2.7_V2.8_BATCH.py,E:\football_v\00_SYSTEM_TOOLS\Module_Deployment_Tool\modules\deploy_ai_autonomous_engine_HIL_V2.7_V2.8_BATCH.py,VALUE_LAYER|FEATURE_LAYER|DATA_LAYER|PREDICTION_LAYER|RUNTIME_LAYER
deploy_ai_autonomous_engine_HIL_V2.9_V3.0_BATCH.py,E:\football_v\00_SYSTEM_TOOLS\Module_Deployment_Tool\modules\deploy_ai_autonomous_engine_HIL_V2.9_V3.0_BATCH.py,VALUE_LAYER|RUNTIME_LAYER|DATA_LAYER|PREDICTION_LAYER|MARKET_LAYER|FEATURE_LAYER
deploy_ai_autonomous_engine_V1.0_V1.3.py,E:\football_v\00_SYSTEM_TOOLS\Module_Deployment_Tool\modules\deploy_ai_autonomous_engine_V1.0_V1.3.py,RUNTIME_LAYER|DATA_LAYER
deploy_ai_intelligence_layer_core_V1.0.py,E:\football_v\00_SYSTEM_TOOLS\Module_Deployment_Tool\modules\deploy_ai_intelligence_layer_core_V1.0.py,VALUE_LAYER|MODEL_LAYER|DATA_LAYER|PREDICTION_LAYER|RUNTIME_LAYER
deploy_ai_intelligence_layer_test_V1.0.py,E:\football_v\00_SYSTEM_TOOLS\Module_Deployment_Tool\modules\deploy_ai_intelligence_layer_test_V1.0.py,VALUE_LAYER|MODEL_LAYER|RUNTIME_LAYER|DATA_LAYER|PREDICTION_LAYER|FEATURE_LAYER
deploy_ai_orchestration_layer_batch_V1.0.py,E:\football_v\00_SYSTEM_TOOLS\Module_Deployment_Tool\modules\deploy_ai_orchestration_layer_batch_V1.0.py,MODEL_LAYER|FEATURE_LAYER|DATA_LAYER|PREDICTION_LAYER|RUNTIME_LAYER
deploy_ai_orchestration_layer_V1.0_V1.3.py,E:\football_v\00_SYSTEM_TOOLS\Module_Deployment_Tool\modules\deploy_ai_orchestration_layer_V1.0_V1.3.py,VALUE_LAYER|MODEL_LAYER|RUNTIME_LAYER|DATA_LAYER|PREDICTION_LAYER|FEATURE_LAYER
deploy_backtest_system_V1.0_V1.3.py,E:\football_v\00_SYSTEM_TOOLS\Module_Deployment_Tool\modules\deploy_backtest_system_V1.0_V1.3.py,VALUE_LAYER|MODEL_LAYER|BETTING_LAYER|RUNTIME_LAYER|DATA_LAYER|PREDICTION_LAYER|FEATURE_LAYER
deploy_data_intelligence_checkpoint_V1.0.py,E:\football_v\00_SYSTEM_TOOLS\Module_Deployment_Tool\modules\deploy_data_intelligence_checkpoint_V1.0.py,MODEL_LAYER|RUNTIME_LAYER|FEATURE_LAYER|DATA_LAYER
deploy_data_intelligence_engine_V1.0.py,E:\football_v\00_SYSTEM_TOOLS\Module_Deployment_Tool\modules\deploy_data_intelligence_engine_V1.0.py,MODEL_LAYER|RUNTIME_LAYER|FEATURE_LAYER|DATA_LAYER
deploy_data_intelligence_test_V1.0.py,E:\football_v\00_SYSTEM_TOOLS\Module_Deployment_Tool\modules\deploy_data_intelligence_test_V1.0.py,MODEL_LAYER|RUNTIME_LAYER|FEATURE_LAYER|DATA_LAYER
deploy_decision_engine_V1.0_V1.3.py,E:\football_v\00_SYSTEM_TOOLS\Module_Deployment_Tool\modules\deploy_decision_engine_V1.0_V1.3.py,VALUE_LAYER|MODEL_LAYER|BETTING_LAYER|RUNTIME_LAYER|DATA_LAYER|PREDICTION_LAYER|MARKET_LAYER|FEATURE_LAYER
deploy_dynamic_feature_weight_checkpoint_V1.0.py,E:\football_v\00_SYSTEM_TOOLS\Module_Deployment_Tool\modules\deploy_dynamic_feature_weight_checkpoint_V1.0.py,MODEL_LAYER|RUNTIME_LAYER|FEATURE_LAYER|DATA_LAYER
deploy_dynamic_feature_weight_engine_V1.0.py,E:\football_v\00_SYSTEM_TOOLS\Module_Deployment_Tool\modules\deploy_dynamic_feature_weight_engine_V1.0.py,MODEL_LAYER|RUNTIME_LAYER|FEATURE_LAYER|DATA_LAYER
deploy_dynamic_feature_weight_test_V1.0.py,E:\football_v\00_SYSTEM_TOOLS\Module_Deployment_Tool\modules\deploy_dynamic_feature_weight_test_V1.0.py,MODEL_LAYER|RUNTIME_LAYER|FEATURE_LAYER|DATA_LAYER
deploy_feature_store_adapter_V1.0.py,E:\football_v\00_SYSTEM_TOOLS\Module_Deployment_Tool\modules\deploy_feature_store_adapter_V1.0.py,MODEL_LAYER|FEATURE_LAYER|DATA_LAYER
deploy_feature_store_core_V1.0.py,E:\football_v\00_SYSTEM_TOOLS\Module_Deployment_Tool\modules\deploy_feature_store_core_V1.0.py,MODEL_LAYER|FEATURE_LAYER|DATA_LAYER|MARKET_LAYER|RUNTIME_LAYER
deploy_feature_store_V1.0.py,E:\football_v\00_SYSTEM_TOOLS\Module_Deployment_Tool\modules\deploy_feature_store_V1.0.py,MODEL_LAYER|FEATURE_LAYER|DATA_LAYER|MARKET_LAYER|RUNTIME_LAYER
deploy_feature_store_V1.1.py,E:\football_v\00_SYSTEM_TOOLS\Module_Deployment_Tool\modules\deploy_feature_store_V1.1.py,VALUE_LAYER|MODEL_LAYER|RUNTIME_LAYER|DATA_LAYER|PREDICTION_LAYER|FEATURE_LAYER
deploy_feature_store_V1.2.py,E:\football_v\00_SYSTEM_TOOLS\Module_Deployment_Tool\modules\deploy_feature_store_V1.2.py,VALUE_LAYER|MODEL_LAYER|RUNTIME_LAYER|DATA_LAYER|PREDICTION_LAYER|FEATURE_LAYER
deploy_feature_store_V1.3.py,E:\football_v\00_SYSTEM_TOOLS\Module_Deployment_Tool\modules\deploy_feature_store_V1.3.py,VALUE_LAYER|MODEL_LAYER|RUNTIME_LAYER|DATA_LAYER|PREDICTION_LAYER|FEATURE_LAYER
deploy_feature_store_V1.4.py,E:\football_v\00_SYSTEM_TOOLS\Module_Deployment_Tool\modules\deploy_feature_store_V1.4.py,VALUE_LAYER|MODEL_LAYER|RUNTIME_LAYER|DATA_LAYER|PREDICTION_LAYER|FEATURE_LAYER
deploy_feature_store_V1.5.py,E:\football_v\00_SYSTEM_TOOLS\Module_Deployment_Tool\modules\deploy_feature_store_V1.5.py,MODEL_LAYER|FEATURE_LAYER|PREDICTION_LAYER|DATA_LAYER
deploy_feature_store_V1.6.py,E:\football_v\00_SYSTEM_TOOLS\Module_Deployment_Tool\modules\deploy_feature_store_V1.6.py,MODEL_LAYER|FEATURE_LAYER|DATA_LAYER
deploy_feature_store_V1.7.py,E:\football_v\00_SYSTEM_TOOLS\Module_Deployment_Tool\modules\deploy_feature_store_V1.7.py,VALUE_LAYER|MODEL_LAYER|FEATURE_LAYER|DATA_LAYER|RUNTIME_LAYER
deploy_feature_store_V1.8.py,E:\football_v\00_SYSTEM_TOOLS\Module_Deployment_Tool\modules\deploy_feature_store_V1.8.py,VALUE_LAYER|MODEL_LAYER|FEATURE_LAYER|DATA_LAYER|RUNTIME_LAYER
deploy_feature_store_V1.9.py,E:\football_v\00_SYSTEM_TOOLS\Module_Deployment_Tool\modules\deploy_feature_store_V1.9.py,VALUE_LAYER|MODEL_LAYER|FEATURE_LAYER|DATA_LAYER|RUNTIME_LAYER
deploy_feature_store_V2.0.py,E:\football_v\00_SYSTEM_TOOLS\Module_Deployment_Tool\modules\deploy_feature_store_V2.0.py,MODEL_LAYER|RUNTIME_LAYER|FEATURE_LAYER|DATA_LAYER
deploy_feature_store_V2.1.py,E:\football_v\00_SYSTEM_TOOLS\Module_Deployment_Tool\modules\deploy_feature_store_V2.1.py,VALUE_LAYER|MODEL_LAYER|FEATURE_LAYER|DATA_LAYER
deploy_feature_store_V2.2.py,E:\football_v\00_SYSTEM_TOOLS\Module_Deployment_Tool\modules\deploy_feature_store_V2.2.py,RUNTIME_LAYER|FEATURE_LAYER|DATA_LAYER
deploy_feature_store_V2.3.py,E:\football_v\00_SYSTEM_TOOLS\Module_Deployment_Tool\modules\deploy_feature_store_V2.3.py,VALUE_LAYER|MODEL_LAYER|FEATURE_LAYER|DATA_LAYER|RUNTIME_LAYER
deploy_feature_store_V2.4_V2.6.py,E:\football_v\00_SYSTEM_TOOLS\Module_Deployment_Tool\modules\deploy_feature_store_V2.4_V2.6.py,VALUE_LAYER|MODEL_LAYER|FEATURE_LAYER|DATA_LAYER|RUNTIME_LAYER
deploy_feature_store_V2.7_V3.0.py,E:\football_v\00_SYSTEM_TOOLS\Module_Deployment_Tool\modules\deploy_feature_store_V2.7_V3.0.py,MODEL_LAYER|FEATURE_LAYER|DATA_LAYER|PREDICTION_LAYER|RUNTIME_LAYER
deploy_model_layer_V1.0_V1.3.py,E:\football_v\00_SYSTEM_TOOLS\Module_Deployment_Tool\modules\deploy_model_layer_V1.0_V1.3.py,VALUE_LAYER|MODEL_LAYER|RUNTIME_LAYER|DATA_LAYER|PREDICTION_LAYER|FEATURE_LAYER
deploy_module_deployment_tool_test_V1.1.py,E:\football_v\00_SYSTEM_TOOLS\Module_Deployment_Tool\modules\deploy_module_deployment_tool_test_V1.1.py,RUNTIME_LAYER|FEATURE_LAYER|DATA_LAYER
deploy_module_deployment_tool_V1.1.py,E:\football_v\00_SYSTEM_TOOLS\Module_Deployment_Tool\modules\deploy_module_deployment_tool_V1.1.py,RUNTIME_LAYER|DATA_LAYER
deploy_prediction_engine_batch_test_V1.0.py,E:\football_v\00_SYSTEM_TOOLS\Module_Deployment_Tool\modules\deploy_prediction_engine_batch_test_V1.0.py,MODEL_LAYER|RUNTIME_LAYER|PREDICTION_LAYER|DATA_LAYER
deploy_prediction_engine_batch_V1.0.py,E:\football_v\00_SYSTEM_TOOLS\Module_Deployment_Tool\modules\deploy_prediction_engine_batch_V1.0.py,VALUE_LAYER|MODEL_LAYER|DATA_LAYER|PREDICTION_LAYER|RUNTIME_LAYER
deploy_prediction_engine_V1.0_V1.3.py,E:\football_v\00_SYSTEM_TOOLS\Module_Deployment_Tool\modules\deploy_prediction_engine_V1.0_V1.3.py,VALUE_LAYER|MODEL_LAYER|RUNTIME_LAYER|DATA_LAYER|PREDICTION_LAYER|MARKET_LAYER|FEATURE_LAYER
deploy_prediction_intelligence_engine_V1.0.py,E:\football_v\00_SYSTEM_TOOLS\Module_Deployment_Tool\modules\deploy_prediction_intelligence_engine_V1.0.py,VALUE_LAYER|MODEL_LAYER|DATA_LAYER|PREDICTION_LAYER|RUNTIME_LAYER
deploy_prediction_intelligence_test_V1.0.py,E:\football_v\00_SYSTEM_TOOLS\Module_Deployment_Tool\modules\deploy_prediction_intelligence_test_V1.0.py,VALUE_LAYER|MODEL_LAYER|DATA_LAYER|PREDICTION_LAYER|RUNTIME_LAYER
acceptance_check.py,E:\football_v\01_Data_Source\acceptance\acceptance_check.py,RUNTIME_LAYER|FEATURE_LAYER|DATA_LAYER
data_downloader.py,E:\football_v\01_Data_Source\download\data_downloader.py,RUNTIME_LAYER|FEATURE_LAYER|DATA_LAYER
source_monitor.py,E:\football_v\01_Data_Source\monitor\source_monitor.py,DATA_LAYER
pipeline_runner.py,E:\football_v\01_Data_Source\pipeline\pipeline_runner.py,VALUE_LAYER|RUNTIME_LAYER|DATA_LAYER
source_scanner.py,E:\football_v\01_Data_Source\pipeline\source_scanner.py,DATA_LAYER
source_validator.py,E:\football_v\01_Data_Source\pipeline\source_validator.py,VALUE_LAYER|DATA_LAYER
source_registry.py,E:\football_v\01_Data_Source\registry\source_registry.py,RUNTIME_LAYER|DATA_LAYER
data_loader.py,E:\football_v\02_Data_Platform\data_loader\data_loader.py,RUNTIME_LAYER|FEATURE_LAYER|DATA_LAYER
__init__.py,E:\football_v\02_Data_Platform\data_loader\__init__.py,RUNTIME_LAYER|DATA_LAYER
loader_engine.py,E:\football_v\02_Data_Platform\data_loader\engine\loader_engine.py,RUNTIME_LAYER|FEATURE_LAYER|DATA_LAYER
csv_loader.py,E:\football_v\02_Data_Platform\data_loader\formats\csv_loader.py,DATA_LAYER
dataset_manager.py,E:\football_v\02_Data_Platform\data_manager\dataset_manager.py,DATA_LAYER
dataset_registry.py,E:\football_v\02_Data_Platform\data_manager\dataset_registry.py,RUNTIME_LAYER|MARKET_LAYER|FEATURE_LAYER|DATA_LAYER
data_manager.py,E:\football_v\02_Data_Platform\data_manager\data_manager.py,RUNTIME_LAYER|FEATURE_LAYER|DATA_LAYER
__init__.py,E:\football_v\02_Data_Platform\data_manager\__init__.py,DATA_LAYER
__main__.py,E:\football_v\02_Data_Platform\data_manager\__main__.py,DATA_LAYER
platform_bootstrap.py,E:\football_v\02_Data_Platform\integration\platform_bootstrap.py,VALUE_LAYER|RUNTIME_LAYER|FEATURE_LAYER|DATA_LAYER
metadata_manager.py,E:\football_v\02_Data_Platform\metadata\metadata_manager.py,RUNTIME_LAYER|FEATURE_LAYER|DATA_LAYER
metadata_schema.py,E:\football_v\02_Data_Platform\metadata\metadata_schema.py,DATA_LAYER
data_lineage.py,E:\football_v\02_Data_Platform\metadata\lineage\data_lineage.py,RUNTIME_LAYER|FEATURE_LAYER|DATA_LAYER
data_pipeline.py,E:\football_v\02_Data_Platform\pipeline\data_pipeline.py,RUNTIME_LAYER|FEATURE_LAYER|DATA_LAYER
raw_manager.py,E:\football_v\02_Data_Platform\raw\raw_manager.py,DATA_LAYER
raw_registry.py,E:\football_v\02_Data_Platform\raw\raw_registry.py,DATA_LAYER
raw_scanner.py,E:\football_v\02_Data_Platform\raw\raw_scanner.py,DATA_LAYER
data_platform_registry.py,E:\football_v\02_Data_Platform\registry\data_platform_registry.py,FEATURE_LAYER|DATA_LAYER
storage_manager.py,E:\football_v\02_Data_Platform\storage_engine\storage_manager.py,RUNTIME_LAYER|FEATURE_LAYER|DATA_LAYER
confidence_engine_V2.0.py,E:\football_v\03_MODEL_LAYER\confidence_model\confidence_engine_V2.0.py,MODEL_LAYER|PREDICTION_LAYER
fusion_engine_V2.3.py,E:\football_v\03_MODEL_LAYER\fusion_engine\fusion_engine_V2.3.py,VALUE_LAYER|MODEL_LAYER|RUNTIME_LAYER|PREDICTION_LAYER
market_value_model_V1.0.py,E:\football_v\03_MODEL_LAYER\market_model\market_value_model_V1.0.py,VALUE_LAYER|MODEL_LAYER|MARKET_LAYER|PREDICTION_LAYER
risk_engine_V2.0.py,E:\football_v\03_MODEL_LAYER\risk_model\risk_engine_V2.0.py,MODEL_LAYER|PREDICTION_LAYER
data_intelligence_engine.py,E:\football_v\04_Data_Processing_AI\data_intelligence_engine\data_intelligence_engine.py,RUNTIME_LAYER|FEATURE_LAYER|DATA_LAYER
data_router.py,E:\football_v\04_Data_Processing_AI\data_intelligence_engine\data_router.py,MODEL_LAYER|RUNTIME_LAYER|FEATURE_LAYER|DATA_LAYER
feature_selector.py,E:\football_v\04_Data_Processing_AI\data_intelligence_engine\feature_selector.py,MODEL_LAYER|FEATURE_LAYER
intelligence_service.py,E:\football_v\04_Data_Processing_AI\data_intelligence_engine\intelligence_service.py,RUNTIME_LAYER|DATA_LAYER
model_interface.py,E:\football_v\04_Data_Processing_AI\data_intelligence_engine\model_interface.py,MODEL_LAYER
feature_weight_manager.py,E:\football_v\04_Data_Processing_AI\dynamic_feature_weight_engine\feature_weight_manager.py,FEATURE_LAYER
model_weight_manager.py,E:\football_v\04_Data_Processing_AI\dynamic_feature_weight_engine\model_weight_manager.py,MODEL_LAYER
weight_calculator.py,E:\football_v\04_Data_Processing_AI\dynamic_feature_weight_engine\weight_calculator.py,MODEL_LAYER
weight_engine.py,E:\football_v\04_Data_Processing_AI\dynamic_feature_weight_engine\weight_engine.py,RUNTIME_LAYER
backtest_dataset_manager.py,E:\football_v\04_Data_Processing_AI\feature_store\backtest_dataset_manager.py,DATA_LAYER
database_connection_pool.py,E:\football_v\04_Data_Processing_AI\feature_store\database_connection_pool.py,DATA_LAYER
database_connector.py,E:\football_v\04_Data_Processing_AI\feature_store\database_connector.py,DATA_LAYER
database_health_monitor.py,E:\football_v\04_Data_Processing_AI\feature_store\database_health_monitor.py,DATA_LAYER
database_migration_manager.py,E:\football_v\04_Data_Processing_AI\feature_store\database_migration_manager.py,DATA_LAYER
dataset_split_manager.py,E:\football_v\04_Data_Processing_AI\feature_store\dataset_split_manager.py,MODEL_LAYER|DATA_LAYER
data_promotion_service.py,E:\football_v\04_Data_Processing_AI\feature_store\data_promotion_service.py,VALUE_LAYER|MODEL_LAYER|RUNTIME_LAYER|DATA_LAYER
data_source_registry.py,E:\football_v\04_Data_Processing_AI\feature_store\data_source_registry.py,DATA_LAYER
elo_history_feature_engine.py,E:\football_v\04_Data_Processing_AI\feature_store\elo_history_feature_engine.py,VALUE_LAYER|MODEL_LAYER|RUNTIME_LAYER|FEATURE_LAYER
environment_manager.py,E:\football_v\04_Data_Processing_AI\feature_store\environment_manager.py,VALUE_LAYER|MODEL_LAYER
feature_anomaly_detector.py,E:\football_v\04_Data_Processing_AI\feature_store\feature_anomaly_detector.py,FEATURE_LAYER
feature_api_service.py,E:\football_v\04_Data_Processing_AI\feature_store\feature_api_service.py,RUNTIME_LAYER|FEATURE_LAYER
feature_audit_logger.py,E:\football_v\04_Data_Processing_AI\feature_store\feature_audit_logger.py,VALUE_LAYER|FEATURE_LAYER
feature_auto_generator.py,E:\football_v\04_Data_Processing_AI\feature_store\feature_auto_generator.py,FEATURE_LAYER|DATA_LAYER
feature_cache_manager.py,E:\football_v\04_Data_Processing_AI\feature_store\feature_cache_manager.py,VALUE_LAYER|FEATURE_LAYER
feature_context_builder.py,E:\football_v\04_Data_Processing_AI\feature_store\feature_context_builder.py,FEATURE_LAYER|DATA_LAYER
feature_crud_service.py,E:\football_v\04_Data_Processing_AI\feature_store\feature_crud_service.py,RUNTIME_LAYER|FEATURE_LAYER|DATA_LAYER
feature_database_connector.py,E:\football_v\04_Data_Processing_AI\feature_store\feature_database_connector.py,DATA_LAYER
feature_database_health_check.py,E:\football_v\04_Data_Processing_AI\feature_store\feature_database_health_check.py,FEATURE_LAYER|DATA_LAYER
feature_database_reader.py,E:\football_v\04_Data_Processing_AI\feature_store\feature_database_reader.py,FEATURE_LAYER|DATA_LAYER
feature_database_service.py,E:\football_v\04_Data_Processing_AI\feature_store\feature_database_service.py,RUNTIME_LAYER|FEATURE_LAYER|DATA_LAYER
feature_database_session.py,E:\football_v\04_Data_Processing_AI\feature_store\feature_database_session.py,FEATURE_LAYER|DATA_LAYER
feature_dataset_builder.py,E:\football_v\04_Data_Processing_AI\feature_store\feature_dataset_builder.py,FEATURE_LAYER|DATA_LAYER
feature_dataset_builder_v2.py,E:\football_v\04_Data_Processing_AI\feature_store\feature_dataset_builder_v2.py,PREDICTION_LAYER|FEATURE_LAYER|DATA_LAYER
feature_dataset_exporter.py,E:\football_v\04_Data_Processing_AI\feature_store\feature_dataset_exporter.py,FEATURE_LAYER|DATA_LAYER
feature_dataset_generator.py,E:\football_v\04_Data_Processing_AI\feature_store\feature_dataset_generator.py,FEATURE_LAYER|DATA_LAYER
feature_dataset_reporter.py,E:\football_v\04_Data_Processing_AI\feature_store\feature_dataset_reporter.py,FEATURE_LAYER|DATA_LAYER
feature_dataset_schema_validator.py,E:\football_v\04_Data_Processing_AI\feature_store\feature_dataset_schema_validator.py,PREDICTION_LAYER|DATA_LAYER
feature_dataset_version_manager.py,E:\football_v\04_Data_Processing_AI\feature_store\feature_dataset_version_manager.py,FEATURE_LAYER|DATA_LAYER
feature_data_ingestion.py,E:\football_v\04_Data_Processing_AI\feature_store\feature_data_ingestion.py,FEATURE_LAYER|DATA_LAYER
feature_data_loader.py,E:\football_v\04_Data_Processing_AI\feature_store\feature_data_loader.py,PREDICTION_LAYER|FEATURE_LAYER|DATA_LAYER
feature_drift_detector.py,E:\football_v\04_Data_Processing_AI\feature_store\feature_drift_detector.py,FEATURE_LAYER
feature_feature_generator.py,E:\football_v\04_Data_Processing_AI\feature_store\feature_feature_generator.py,PREDICTION_LAYER|FEATURE_LAYER|DATA_LAYER
feature_feedback_optimizer.py,E:\football_v\04_Data_Processing_AI\feature_store\feature_feedback_optimizer.py,FEATURE_LAYER|DATA_LAYER
feature_importance_analyzer.py,E:\football_v\04_Data_Processing_AI\feature_store\feature_importance_analyzer.py,FEATURE_LAYER
feature_ingestion_scheduler.py,E:\football_v\04_Data_Processing_AI\feature_store\feature_ingestion_scheduler.py,FEATURE_LAYER|DATA_LAYER
feature_interaction_engine.py,E:\football_v\04_Data_Processing_AI\feature_store\feature_interaction_engine.py,RUNTIME_LAYER|FEATURE_LAYER
feature_lineage_tracker.py,E:\football_v\04_Data_Processing_AI\feature_store\feature_lineage_tracker.py,FEATURE_LAYER
feature_loader.py,E:\football_v\04_Data_Processing_AI\feature_store\feature_loader.py,MODEL_LAYER|FEATURE_LAYER|DATA_LAYER
feature_loader_service.py,E:\football_v\04_Data_Processing_AI\feature_store\feature_loader_service.py,MODEL_LAYER|RUNTIME_LAYER|FEATURE_LAYER|DATA_LAYER
feature_match_reader.py,E:\football_v\04_Data_Processing_AI\feature_store\feature_match_reader.py,FEATURE_LAYER|DATA_LAYER
feature_model_adapter.py,E:\football_v\04_Data_Processing_AI\feature_store\feature_model_adapter.py,MODEL_LAYER|FEATURE_LAYER|DATA_LAYER
feature_model_interface.py,E:\football_v\04_Data_Processing_AI\feature_store\feature_model_interface.py,MODEL_LAYER|FEATURE_LAYER|DATA_LAYER
feature_model_registry.py,E:\football_v\04_Data_Processing_AI\feature_store\feature_model_registry.py,MODEL_LAYER|FEATURE_LAYER
feature_optimizer.py,E:\football_v\04_Data_Processing_AI\feature_store\feature_optimizer.py,FEATURE_LAYER
feature_pattern_miner.py,E:\football_v\04_Data_Processing_AI\feature_store\feature_pattern_miner.py,FEATURE_LAYER
feature_pipeline.py,E:\football_v\04_Data_Processing_AI\feature_store\feature_pipeline.py,VALUE_LAYER|RUNTIME_LAYER|FEATURE_LAYER|DATA_LAYER
feature_pipeline_runner.py,E:\football_v\04_Data_Processing_AI\feature_store\feature_pipeline_runner.py,RUNTIME_LAYER|FEATURE_LAYER|DATA_LAYER
feature_probability_schema.py,E:\football_v\04_Data_Processing_AI\feature_store\feature_probability_schema.py,MODEL_LAYER|PREDICTION_LAYER
feature_quality_monitor.py,E:\football_v\04_Data_Processing_AI\feature_store\feature_quality_monitor.py,FEATURE_LAYER
feature_quality_reporter.py,E:\football_v\04_Data_Processing_AI\feature_store\feature_quality_reporter.py,FEATURE_LAYER
feature_quality_rules.py,E:\football_v\04_Data_Processing_AI\feature_store\feature_quality_rules.py,VALUE_LAYER|FEATURE_LAYER
feature_query_engine.py,E:\football_v\04_Data_Processing_AI\feature_store\feature_query_engine.py,RUNTIME_LAYER|FEATURE_LAYER|DATA_LAYER
feature_query_service.py,E:\football_v\04_Data_Processing_AI\feature_store\feature_query_service.py,RUNTIME_LAYER|FEATURE_LAYER|DATA_LAYER
feature_reduction_engine.py,E:\football_v\04_Data_Processing_AI\feature_store\feature_reduction_engine.py,RUNTIME_LAYER|FEATURE_LAYER
feature_registry.py,E:\football_v\04_Data_Processing_AI\feature_store\feature_registry.py,MODEL_LAYER|FEATURE_LAYER|DATA_LAYER
feature_request_router.py,E:\football_v\04_Data_Processing_AI\feature_store\feature_request_router.py,RUNTIME_LAYER|FEATURE_LAYER
feature_response_formatter.py,E:\football_v\04_Data_Processing_AI\feature_store\feature_response_formatter.py,FEATURE_LAYER|DATA_LAYER
feature_schema.py,E:\football_v\04_Data_Processing_AI\feature_store\feature_schema.py,FEATURE_LAYER|DATA_LAYER
feature_selector_ai.py,E:\football_v\04_Data_Processing_AI\feature_store\feature_selector_ai.py,FEATURE_LAYER
feature_service.py,E:\football_v\04_Data_Processing_AI\feature_store\feature_service.py,RUNTIME_LAYER|FEATURE_LAYER|DATA_LAYER
feature_service_health.py,E:\football_v\04_Data_Processing_AI\feature_store\feature_service_health.py,RUNTIME_LAYER|FEATURE_LAYER
feature_snapshot_manager.py,E:\football_v\04_Data_Processing_AI\feature_store\feature_snapshot_manager.py,FEATURE_LAYER|DATA_LAYER
feature_store.py,E:\football_v\04_Data_Processing_AI\feature_store\feature_store.py,FEATURE_LAYER
feature_table_mapper.py,E:\football_v\04_Data_Processing_AI\feature_store\feature_table_mapper.py,VALUE_LAYER|PREDICTION_LAYER|FEATURE_LAYER|DATA_LAYER
feature_time_series_manager.py,E:\football_v\04_Data_Processing_AI\feature_store\feature_time_series_manager.py,FEATURE_LAYER|DATA_LAYER
feature_validation_service.py,E:\football_v\04_Data_Processing_AI\feature_store\feature_validation_service.py,VALUE_LAYER|RUNTIME_LAYER|FEATURE_LAYER|DATA_LAYER
feature_validator.py,E:\football_v\04_Data_Processing_AI\feature_store\feature_validator.py,VALUE_LAYER|FEATURE_LAYER|DATA_LAYER
feature_version_manager.py,E:\football_v\04_Data_Processing_AI\feature_store\feature_version_manager.py,VALUE_LAYER|FEATURE_LAYER
historical_feature_builder.py,E:\football_v\04_Data_Processing_AI\feature_store\historical_feature_builder.py,FEATURE_LAYER|DATA_LAYER
historical_feature_database.py,E:\football_v\04_Data_Processing_AI\feature_store\historical_feature_database.py,FEATURE_LAYER|DATA_LAYER
historical_feature_registry.py,E:\football_v\04_Data_Processing_AI\feature_store\historical_feature_registry.py,MODEL_LAYER|FEATURE_LAYER
historical_feature_repository.py,E:\football_v\04_Data_Processing_AI\feature_store\historical_feature_repository.py,FEATURE_LAYER|DATA_LAYER
historical_feature_repository_v2.py,E:\football_v\04_Data_Processing_AI\feature_store\historical_feature_repository_v2.py,FEATURE_LAYER|DATA_LAYER
historical_feature_table_creator.py,E:\football_v\04_Data_Processing_AI\feature_store\historical_feature_table_creator.py,MODEL_LAYER|FEATURE_LAYER
home_away_feature_engine.py,E:\football_v\04_Data_Processing_AI\feature_store\home_away_feature_engine.py,RUNTIME_LAYER|FEATURE_LAYER
intelligent_feature_store.py,E:\football_v\04_Data_Processing_AI\feature_store\intelligent_feature_store.py,FEATURE_LAYER|DATA_LAYER
model_feedback_collector.py,E:\football_v\04_Data_Processing_AI\feature_store\model_feedback_collector.py,MODEL_LAYER|PREDICTION_LAYER|DATA_LAYER
model_training_exporter.py,E:\football_v\04_Data_Processing_AI\feature_store\model_training_exporter.py,MODEL_LAYER|DATA_LAYER
prediction_error_analyzer.py,E:\football_v\04_Data_Processing_AI\feature_store\prediction_error_analyzer.py,PREDICTION_LAYER
production_release_checker.py,E:\football_v\04_Data_Processing_AI\feature_store\production_release_checker.py,FEATURE_LAYER|DATA_LAYER
team_form_feature_engine.py,E:\football_v\04_Data_Processing_AI\feature_store\team_form_feature_engine.py,RUNTIME_LAYER|FEATURE_LAYER
training_dataset_builder.py,E:\football_v\04_Data_Processing_AI\feature_store\training_dataset_builder.py,MODEL_LAYER|FEATURE_LAYER|DATA_LAYER
validation_dataset_checker.py,E:\football_v\04_Data_Processing_AI\feature_store\validation_dataset_checker.py,DATA_LAYER
validation_production_switch.py,E:\football_v\04_Data_Processing_AI\feature_store\validation_production_switch.py,
dixon_coles_adapter.py,E:\football_v\04_Data_Processing_AI\feature_store\adapters\dixon_coles_adapter.py,MODEL_LAYER|FEATURE_LAYER
dixon_coles_feature_adapter.py,E:\football_v\04_Data_Processing_AI\feature_store\adapters\dixon_coles_feature_adapter.py,MODEL_LAYER|FEATURE_LAYER|DATA_LAYER
elo_adapter.py,E:\football_v\04_Data_Processing_AI\feature_store\adapters\elo_adapter.py,MODEL_LAYER|FEATURE_LAYER|DATA_LAYER
elo_feature_adapter.py,E:\football_v\04_Data_Processing_AI\feature_store\adapters\elo_feature_adapter.py,MODEL_LAYER|FEATURE_LAYER|DATA_LAYER
fusion_adapter.py,E:\football_v\04_Data_Processing_AI\feature_store\adapters\fusion_adapter.py,MODEL_LAYER|FEATURE_LAYER
fusion_feature_adapter.py,E:\football_v\04_Data_Processing_AI\feature_store\adapters\fusion_feature_adapter.py,FEATURE_LAYER|DATA_LAYER
poisson_adapter.py,E:\football_v\04_Data_Processing_AI\feature_store\adapters\poisson_adapter.py,MODEL_LAYER|FEATURE_LAYER
poisson_feature_adapter.py,E:\football_v\04_Data_Processing_AI\feature_store\adapters\poisson_feature_adapter.py,MODEL_LAYER|FEATURE_LAYER|DATA_LAYER
xgboost_adapter.py,E:\football_v\04_Data_Processing_AI\feature_store\adapters\xgboost_adapter.py,MODEL_LAYER|FEATURE_LAYER
xgboost_feature_adapter.py,E:\football_v\04_Data_Processing_AI\feature_store\adapters\xgboost_feature_adapter.py,MODEL_LAYER|FEATURE_LAYER|DATA_LAYER
ai_feature_dataset_test.py,E:\football_v\04_Data_Processing_AI\feature_store\tests\ai_feature_dataset_test.py,MODEL_LAYER|FEATURE_LAYER|PREDICTION_LAYER|DATA_LAYER
environment_flow_test.py,E:\football_v\04_Data_Processing_AI\feature_store\tests\environment_flow_test.py,RUNTIME_LAYER|FEATURE_LAYER|DATA_LAYER
feature_database_health_test.py,E:\football_v\04_Data_Processing_AI\feature_store\tests\feature_database_health_test.py,FEATURE_LAYER|DATA_LAYER
feature_database_integration_test.py,E:\football_v\04_Data_Processing_AI\feature_store\tests\feature_database_integration_test.py,RUNTIME_LAYER|FEATURE_LAYER|DATA_LAYER
feature_dataset_generation_test.py,E:\football_v\04_Data_Processing_AI\feature_store\tests\feature_dataset_generation_test.py,FEATURE_LAYER|DATA_LAYER
feature_ingestion_test.py,E:\football_v\04_Data_Processing_AI\feature_store\tests\feature_ingestion_test.py,RUNTIME_LAYER|FEATURE_LAYER|DATA_LAYER
feature_store_data_test.py,E:\football_v\04_Data_Processing_AI\feature_store\tests\feature_store_data_test.py,RUNTIME_LAYER|FEATURE_LAYER|DATA_LAYER
feature_store_pipeline_test.py,E:\football_v\04_Data_Processing_AI\feature_store\tests\feature_store_pipeline_test.py,RUNTIME_LAYER|FEATURE_LAYER|DATA_LAYER
feature_store_test.py,E:\football_v\04_Data_Processing_AI\feature_store\tests\feature_store_test.py,RUNTIME_LAYER|FEATURE_LAYER|DATA_LAYER
feature_store_v2.6_full_test.py,E:\football_v\04_Data_Processing_AI\feature_store\tests\feature_store_v2.6_full_test.py,RUNTIME_LAYER|FEATURE_LAYER|DATA_LAYER
feature_store_v3.0_full_test.py,E:\football_v\04_Data_Processing_AI\feature_store\tests\feature_store_v3.0_full_test.py,MODEL_LAYER|FEATURE_LAYER|DATA_LAYER|PREDICTION_LAYER|RUNTIME_LAYER
historical_feature_database_test.py,E:\football_v\04_Data_Processing_AI\feature_store\tests\historical_feature_database_test.py,RUNTIME_LAYER|FEATURE_LAYER|DATA_LAYER
historical_feature_store_test.py,E:\football_v\04_Data_Processing_AI\feature_store\tests\historical_feature_store_test.py,MODEL_LAYER|RUNTIME_LAYER|FEATURE_LAYER|DATA_LAYER
model_feature_adapter_test.py,E:\football_v\04_Data_Processing_AI\feature_store\tests\model_feature_adapter_test.py,MODEL_LAYER|FEATURE_LAYER|DATA_LAYER
postgres_runtime_test.py,E:\football_v\04_Data_Processing_AI\feature_store\tests\postgres_runtime_test.py,RUNTIME_LAYER|FEATURE_LAYER|DATA_LAYER
training_dataset_pipeline_test.py,E:\football_v\04_Data_Processing_AI\feature_store\tests\training_dataset_pipeline_test.py,MODEL_LAYER|FEATURE_LAYER|DATA_LAYER
decision_manager.py,E:\football_v\05_AI_Intelligence_Layer\FUSION_DECISION_ENGINE\decision_manager.py,DATA_LAYER
fusion_engine.py,E:\football_v\05_AI_Intelligence_Layer\FUSION_DECISION_ENGINE\fusion_engine.py,MODEL_LAYER|RUNTIME_LAYER
adapter_base.py,E:\football_v\05_AI_Intelligence_Layer\MODEL_ADAPTER_FRAMEWORK\adapter_base.py,VALUE_LAYER|MODEL_LAYER|PREDICTION_LAYER|DATA_LAYER
adapter_manager.py,E:\football_v\05_AI_Intelligence_Layer\MODEL_ADAPTER_FRAMEWORK\adapter_manager.py,
error_analyzer.py,E:\football_v\05_AI_Intelligence_Layer\MODEL_EVALUATION_ENGINE\error_analyzer.py,
evaluator.py,E:\football_v\05_AI_Intelligence_Layer\MODEL_EVALUATION_ENGINE\evaluator.py,VALUE_LAYER|PREDICTION_LAYER
model_catalog.py,E:\football_v\05_AI_Intelligence_Layer\MODEL_REGISTRY\model_catalog.py,MODEL_LAYER
model_registry.py,E:\football_v\05_AI_Intelligence_Layer\MODEL_REGISTRY\model_registry.py,MODEL_LAYER
model_status_manager.py,E:\football_v\05_AI_Intelligence_Layer\MODEL_REGISTRY\model_status_manager.py,MODEL_LAYER
model_version_manager.py,E:\football_v\05_AI_Intelligence_Layer\MODEL_REGISTRY\model_version_manager.py,MODEL_LAYER
experience_manager.py,E:\football_v\05_AI_Intelligence_Layer\SELF_REFLECTION_ENGINE\experience_manager.py,
reflection_engine.py,E:\football_v\05_AI_Intelligence_Layer\SELF_REFLECTION_ENGINE\reflection_engine.py,RUNTIME_LAYER
feature_store_connector.py,E:\football_v\05_MODEL_AI\MODEL_LAYER\feature_store_connector.py,FEATURE_LAYER|DATA_LAYER
model_interface.py,E:\football_v\05_MODEL_AI\MODEL_LAYER\model_interface.py,VALUE_LAYER|MODEL_LAYER|DATA_LAYER|PREDICTION_LAYER|FEATURE_LAYER
model_loader.py,E:\football_v\05_MODEL_AI\MODEL_LAYER\model_loader.py,MODEL_LAYER|DATA_LAYER
model_registry.py,E:\football_v\05_MODEL_AI\MODEL_LAYER\model_registry.py,MODEL_LAYER
model_runtime.py,E:\football_v\05_MODEL_AI\MODEL_LAYER\model_runtime.py,MODEL_LAYER|RUNTIME_LAYER|DATA_LAYER
backtest_engine.py,E:\football_v\05_MODEL_AI\MODEL_LAYER\backtest\backtest_engine.py,RUNTIME_LAYER|PREDICTION_LAYER
model_accuracy_report.py,E:\football_v\05_MODEL_AI\MODEL_LAYER\backtest\model_accuracy_report.py,MODEL_LAYER|DATA_LAYER
prediction_tracker.py,E:\football_v\05_MODEL_AI\MODEL_LAYER\backtest\prediction_tracker.py,PREDICTION_LAYER
roi_analyzer.py,E:\football_v\05_MODEL_AI\MODEL_LAYER\backtest\roi_analyzer.py,VALUE_LAYER|MODEL_LAYER
fusion_engine.py,E:\football_v\05_MODEL_AI\MODEL_LAYER\fusion\fusion_engine.py,MODEL_LAYER|RUNTIME_LAYER|PREDICTION_LAYER|DATA_LAYER
probability_calculator.py,E:\football_v\05_MODEL_AI\MODEL_LAYER\fusion\probability_calculator.py,VALUE_LAYER|PREDICTION_LAYER
dixon_coles_model.py,E:\football_v\05_MODEL_AI\MODEL_LAYER\models\dixon_coles_model.py,MODEL_LAYER|FEATURE_LAYER|PREDICTION_LAYER|DATA_LAYER
elo_model.py,E:\football_v\05_MODEL_AI\MODEL_LAYER\models\elo_model.py,MODEL_LAYER|FEATURE_LAYER|PREDICTION_LAYER|DATA_LAYER
poisson_model.py,E:\football_v\05_MODEL_AI\MODEL_LAYER\models\poisson_model.py,MODEL_LAYER|FEATURE_LAYER|PREDICTION_LAYER|DATA_LAYER
xgboost_model.py,E:\football_v\05_MODEL_AI\MODEL_LAYER\models\xgboost_model.py,MODEL_LAYER|FEATURE_LAYER|PREDICTION_LAYER|DATA_LAYER
model_layer_v1.3_full_test.py,E:\football_v\05_MODEL_AI\MODEL_LAYER\tests\model_layer_v1.3_full_test.py,VALUE_LAYER|MODEL_LAYER|RUNTIME_LAYER|DATA_LAYER|PREDICTION_LAYER|FEATURE_LAYER
confidence_calculator.py,E:\football_v\06_PREDICTION_ENGINE\confidence_calculator.py,VALUE_LAYER|PREDICTION_LAYER
correct_score_calculator.py,E:\football_v\06_PREDICTION_ENGINE\correct_score_calculator.py,VALUE_LAYER|PREDICTION_LAYER
goal_distribution.py,E:\football_v\06_PREDICTION_ENGINE\goal_distribution.py,MODEL_LAYER|PREDICTION_LAYER
market_probability_compare.py,E:\football_v\06_PREDICTION_ENGINE\market_probability_compare.py,MODEL_LAYER|MARKET_LAYER|PREDICTION_LAYER
prediction_interface.py,E:\football_v\06_PREDICTION_ENGINE\prediction_interface.py,PREDICTION_LAYER
prediction_registry.py,E:\football_v\06_PREDICTION_ENGINE\prediction_registry.py,RUNTIME_LAYER|PREDICTION_LAYER
prediction_runtime.py,E:\football_v\06_PREDICTION_ENGINE\prediction_runtime.py,RUNTIME_LAYER|PREDICTION_LAYER
prediction_service.py,E:\football_v\06_PREDICTION_ENGINE\prediction_service.py,MODEL_LAYER|FEATURE_LAYER|DATA_LAYER|PREDICTION_LAYER|RUNTIME_LAYER
probability_calibrator.py,E:\football_v\06_PREDICTION_ENGINE\probability_calibrator.py,VALUE_LAYER|PREDICTION_LAYER
probability_engine.py,E:\football_v\06_PREDICTION_ENGINE\probability_engine.py,VALUE_LAYER|MODEL_LAYER|DATA_LAYER|PREDICTION_LAYER|MARKET_LAYER|RUNTIME_LAYER
risk_engine.py,E:\football_v\06_PREDICTION_ENGINE\risk_engine.py,VALUE_LAYER|RUNTIME_LAYER|PREDICTION_LAYER
score_prediction_engine.py,E:\football_v\06_PREDICTION_ENGINE\score_prediction_engine.py,RUNTIME_LAYER|PREDICTION_LAYER
value_analyzer.py,E:\football_v\06_PREDICTION_ENGINE\value_analyzer.py,VALUE_LAYER|MODEL_LAYER|MARKET_LAYER|PREDICTION_LAYER
prediction_engine_v1.3_full_test.py,E:\football_v\06_PREDICTION_ENGINE\tests\prediction_engine_v1.3_full_test.py,VALUE_LAYER|DATA_LAYER|PREDICTION_LAYER|MARKET_LAYER|RUNTIME_LAYER
connector_manager.py,E:\football_v\06_PREDICTION_INTELLIGENCE_ENGINE\advanced_model_connector\connector_manager.py,MODEL_LAYER
dixon_coles_connector.py,E:\football_v\06_PREDICTION_INTELLIGENCE_ENGINE\advanced_model_connector\dixon_coles_connector.py,MODEL_LAYER
elo_connector.py,E:\football_v\06_PREDICTION_INTELLIGENCE_ENGINE\advanced_model_connector\elo_connector.py,MODEL_LAYER
poisson_connector.py,E:\football_v\06_PREDICTION_INTELLIGENCE_ENGINE\advanced_model_connector\poisson_connector.py,MODEL_LAYER
xgboost_connector.py,E:\football_v\06_PREDICTION_INTELLIGENCE_ENGINE\advanced_model_connector\xgboost_connector.py,MODEL_LAYER
calibration_engine.py,E:\football_v\06_PREDICTION_INTELLIGENCE_ENGINE\confidence_calibration\calibration_engine.py,VALUE_LAYER|RUNTIME_LAYER
reliability.py,E:\football_v\06_PREDICTION_INTELLIGENCE_ENGINE\confidence_calibration\reliability.py,
confidence_manager.py,E:\football_v\06_PREDICTION_INTELLIGENCE_ENGINE\confidence_engine\confidence_manager.py,
knockout_engine.py,E:\football_v\06_PREDICTION_INTELLIGENCE_ENGINE\knockout_extension\knockout_engine.py,
model_connector.py,E:\football_v\06_PREDICTION_INTELLIGENCE_ENGINE\model_connector\model_connector.py,MODEL_LAYER
api_service.py,E:\football_v\06_PREDICTION_INTELLIGENCE_ENGINE\prediction_api\api_service.py,PREDICTION_LAYER|DATA_LAYER
probability_fusion.py,E:\football_v\06_PREDICTION_INTELLIGENCE_ENGINE\probability_engine\probability_fusion.py,MODEL_LAYER|PREDICTION_LAYER|DATA_LAYER
fusion_calculator.py,E:\football_v\06_PREDICTION_INTELLIGENCE_ENGINE\real_probability_engine\fusion_calculator.py,MODEL_LAYER
probability_service.py,E:\football_v\06_PREDICTION_INTELLIGENCE_ENGINE\real_probability_engine\probability_service.py,RUNTIME_LAYER|PREDICTION_LAYER|DATA_LAYER
prediction_engine.py,E:\football_v\06_PREDICTION_INTELLIGENCE_ENGINE\regular_time_prediction\prediction_engine.py,PREDICTION_LAYER|DATA_LAYER
risk_manager.py,E:\football_v\06_PREDICTION_INTELLIGENCE_ENGINE\risk_engine\risk_manager.py,VALUE_LAYER
model_conflict.py,E:\football_v\06_PREDICTION_INTELLIGENCE_ENGINE\risk_intelligence_engine\model_conflict.py,MODEL_LAYER
upset_detector.py,E:\football_v\06_PREDICTION_INTELLIGENCE_ENGINE\risk_intelligence_engine\upset_detector.py,
score_predictor.py,E:\football_v\06_PREDICTION_INTELLIGENCE_ENGINE\score_prediction\score_predictor.py,PREDICTION_LAYER|DATA_LAYER
score_distribution.py,E:\football_v\06_PREDICTION_INTELLIGENCE_ENGINE\score_probability_engine\score_distribution.py,PREDICTION_LAYER
score_service.py,E:\football_v\06_PREDICTION_INTELLIGENCE_ENGINE\score_probability_engine\score_service.py,RUNTIME_LAYER|PREDICTION_LAYER|DATA_LAYER
feature_pipeline.py,E:\football_v\07_AI_ORCHESTRATION_LAYER\data_pipeline\feature_pipeline.py,RUNTIME_LAYER|FEATURE_LAYER|DATA_LAYER
input_manager.py,E:\football_v\07_AI_ORCHESTRATION_LAYER\data_pipeline\input_manager.py,DATA_LAYER
output_pipeline.py,E:\football_v\07_AI_ORCHESTRATION_LAYER\data_pipeline\output_pipeline.py,RUNTIME_LAYER|DATA_LAYER
decision_service.py,E:\football_v\07_AI_ORCHESTRATION_LAYER\decision_interface\decision_service.py,RUNTIME_LAYER|DATA_LAYER
backup_feedback_receiver_V1.0.py,E:\football_v\07_AI_ORCHESTRATION_LAYER\learning_hook\backup_feedback_receiver_V1.0.py,DATA_LAYER
experience_connector.py,E:\football_v\07_AI_ORCHESTRATION_LAYER\learning_hook\experience_connector.py,
model_selector.py,E:\football_v\07_AI_ORCHESTRATION_LAYER\model_router\model_selector.py,MODEL_LAYER
router.py,E:\football_v\07_AI_ORCHESTRATION_LAYER\model_router\router.py,MODEL_LAYER|RUNTIME_LAYER
orchestrator.py,E:\football_v\07_AI_ORCHESTRATION_LAYER\orchestration_core\orchestrator.py,RUNTIME_LAYER
pipeline_manager.py,E:\football_v\07_AI_ORCHESTRATION_LAYER\orchestration_core\pipeline_manager.py,RUNTIME_LAYER|DATA_LAYER
task_scheduler.py,E:\football_v\07_AI_ORCHESTRATION_LAYER\orchestration_core\task_scheduler.py,DATA_LAYER
report_generator.py,E:\football_v\07_AI_ORCHESTRATION_LAYER\report_engine\report_generator.py,DATA_LAYER
monitor.py,E:\football_v\07_AI_ORCHESTRATION_LAYER\workflow_monitor\monitor.py,
status_tracker.py,E:\football_v\07_AI_ORCHESTRATION_LAYER\workflow_monitor\status_tracker.py,
accuracy_evaluator.py,E:\football_v\07_BACKTEST_AI\accuracy_evaluator.py,VALUE_LAYER|PREDICTION_LAYER
backtest_engine.py,E:\football_v\07_BACKTEST_AI\backtest_engine.py,VALUE_LAYER|RUNTIME_LAYER|PREDICTION_LAYER|DATA_LAYER
backtest_runner.py,E:\football_v\07_BACKTEST_AI\backtest_runner.py,RUNTIME_LAYER|DATA_LAYER
betting_result_analyzer.py,E:\football_v\07_BACKTEST_AI\betting_result_analyzer.py,BETTING_LAYER
confidence_evaluator.py,E:\football_v\07_BACKTEST_AI\confidence_evaluator.py,VALUE_LAYER|PREDICTION_LAYER
feature_feedback.py,E:\football_v\07_BACKTEST_AI\feature_feedback.py,VALUE_LAYER|FEATURE_LAYER|DATA_LAYER
historical_match_loader.py,E:\football_v\07_BACKTEST_AI\historical_match_loader.py,DATA_LAYER
model_feedback.py,E:\football_v\07_BACKTEST_AI\model_feedback.py,MODEL_LAYER|PREDICTION_LAYER|DATA_LAYER
optimization_scheduler.py,E:\football_v\07_BACKTEST_AI\optimization_scheduler.py,DATA_LAYER
prediction_result_loader.py,E:\football_v\07_BACKTEST_AI\prediction_result_loader.py,PREDICTION_LAYER|DATA_LAYER
probability_evaluator.py,E:\football_v\07_BACKTEST_AI\probability_evaluator.py,VALUE_LAYER|PREDICTION_LAYER
roi_tracker.py,E:\football_v\07_BACKTEST_AI\roi_tracker.py,VALUE_LAYER|MODEL_LAYER|BETTING_LAYER
strategy_performance.py,E:\football_v\07_BACKTEST_AI\strategy_performance.py,VALUE_LAYER|FEATURE_LAYER
backtest_system_v1.3_full_test.py,E:\football_v\07_BACKTEST_AI\tests\backtest_system_v1.3_full_test.py,VALUE_LAYER|MODEL_LAYER|BETTING_LAYER|RUNTIME_LAYER|DATA_LAYER|PREDICTION_LAYER|FEATURE_LAYER
backtest_engine.py,E:\football_v\07_BACKTEST_SYSTEM\backtest_engine\backtest_engine.py,RUNTIME_LAYER|PREDICTION_LAYER
classification_metrics.py,E:\football_v\07_BACKTEST_SYSTEM\metrics\classification_metrics.py,DATA_LAYER
probability_metrics.py,E:\football_v\07_BACKTEST_SYSTEM\metrics\probability_metrics.py,PREDICTION_LAYER|DATA_LAYER
risk_metrics.py,E:\football_v\07_BACKTEST_SYSTEM\metrics\risk_metrics.py,DATA_LAYER
comparison_engine.py,E:\football_v\07_BACKTEST_SYSTEM\model_comparison\comparison_engine.py,RUNTIME_LAYER|DATA_LAYER
calibration.py,E:\football_v\07_BACKTEST_SYSTEM\model_evaluation\calibration.py,DATA_LAYER
model_accuracy.py,E:\football_v\07_BACKTEST_SYSTEM\model_evaluation\model_accuracy.py,MODEL_LAYER|PREDICTION_LAYER
probability_score.py,E:\football_v\07_BACKTEST_SYSTEM\model_evaluation\probability_score.py,PREDICTION_LAYER
backtest_system_test.py,E:\football_v\07_BACKTEST_SYSTEM\tests\backtest_system_test.py,MODEL_LAYER|RUNTIME_LAYER|PREDICTION_LAYER|DATA_LAYER
bankroll_manager.py,E:\football_v\08_DECISION_ENGINE\bankroll_manager.py,MODEL_LAYER|BETTING_LAYER
bet_selection_engine.py,E:\football_v\08_DECISION_ENGINE\bet_selection_engine.py,VALUE_LAYER|MODEL_LAYER|BETTING_LAYER|PREDICTION_LAYER|MARKET_LAYER|RUNTIME_LAYER
decision_engine.py,E:\football_v\08_DECISION_ENGINE\decision_engine.py,VALUE_LAYER|BETTING_LAYER|DATA_LAYER|PREDICTION_LAYER|RUNTIME_LAYER
decision_interface.py,E:\football_v\08_DECISION_ENGINE\decision_interface.py,PREDICTION_LAYER
decision_registry.py,E:\football_v\08_DECISION_ENGINE\decision_registry.py,RUNTIME_LAYER
decision_runtime.py,E:\football_v\08_DECISION_ENGINE\decision_runtime.py,RUNTIME_LAYER
final_decision_report.py,E:\football_v\08_DECISION_ENGINE\final_decision_report.py,BETTING_LAYER|PREDICTION_LAYER|DATA_LAYER
portfolio_strategy.py,E:\football_v\08_DECISION_ENGINE\portfolio_strategy.py,
risk_control_engine.py,E:\football_v\08_DECISION_ENGINE\risk_control_engine.py,VALUE_LAYER|RUNTIME_LAYER
stake_calculator.py,E:\football_v\08_DECISION_ENGINE\stake_calculator.py,VALUE_LAYER|BETTING_LAYER
value_filter_engine.py,E:\football_v\08_DECISION_ENGINE\value_filter_engine.py,VALUE_LAYER|MODEL_LAYER|PREDICTION_LAYER|MARKET_LAYER|RUNTIME_LAYER
decision_engine_v1.3_full_test.py,E:\football_v\08_DECISION_ENGINE\tests\decision_engine_v1.3_full_test.py,VALUE_LAYER|BETTING_LAYER|RUNTIME_LAYER|DATA_LAYER
decision_engine.py,E:\football_v\08_DECISION_INTELLIGENCE_LAYER\decision_core\decision_engine.py,RUNTIME_LAYER|PREDICTION_LAYER
explanation_manager.py,E:\football_v\08_DECISION_INTELLIGENCE_LAYER\explanation_engine\explanation_manager.py,VALUE_LAYER|MODEL_LAYER|FEATURE_LAYER|DATA_LAYER
fusion_explainer.py,E:\football_v\08_DECISION_INTELLIGENCE_LAYER\explanation_engine\fusion_explainer.py,
model_explainer.py,E:\football_v\08_DECISION_INTELLIGENCE_LAYER\explanation_engine\model_explainer.py,MODEL_LAYER|DATA_LAYER
feedback_connector_V0.1_backup.py,E:\football_v\08_DECISION_INTELLIGENCE_LAYER\feedback_interface\backup\feedback_connector_V0.1_backup.py,DATA_LAYER
fusion_analyzer.py,E:\football_v\08_DECISION_INTELLIGENCE_LAYER\fusion_analysis\fusion_analyzer.py,PREDICTION_LAYER
handicap_adapter.py,E:\football_v\08_DECISION_INTELLIGENCE_LAYER\handicap_interface\handicap_adapter.py,MODEL_LAYER|MARKET_LAYER|DATA_LAYER
handicap_connector.py,E:\football_v\08_DECISION_INTELLIGENCE_LAYER\handicap_interface\handicap_connector.py,MODEL_LAYER|MARKET_LAYER|DATA_LAYER
market_risk_adapter.py,E:\football_v\08_DECISION_INTELLIGENCE_LAYER\market_risk_interface\market_risk_adapter.py,MODEL_LAYER|MARKET_LAYER|DATA_LAYER
market_risk_connector.py,E:\football_v\08_DECISION_INTELLIGENCE_LAYER\market_risk_interface\market_risk_connector.py,MARKET_LAYER|DATA_LAYER
raw_output_manager.py,E:\football_v\08_DECISION_INTELLIGENCE_LAYER\raw_output_engine\raw_output_manager.py,MODEL_LAYER
recommendation.py,E:\football_v\08_DECISION_INTELLIGENCE_LAYER\recommendation_engine\recommendation.py,RUNTIME_LAYER
recommendation_manager.py,E:\football_v\08_DECISION_INTELLIGENCE_LAYER\recommendation_engine\recommendation_manager.py,DATA_LAYER
decision_report.py,E:\football_v\08_DECISION_INTELLIGENCE_LAYER\report_generator\decision_report.py,DATA_LAYER
decision_engine_V2.4.py,E:\football_v\08_DECISION_LAYER\engine\decision_engine_V2.4.py,VALUE_LAYER|RUNTIME_LAYER|DATA_LAYER
recommendation_engine.py,E:\football_v\08_DECISION_LAYER\engine\recommendation_engine.py,BETTING_LAYER|PREDICTION_LAYER|RUNTIME_LAYER
decision_monitor.py,E:\football_v\08_DECISION_LAYER\monitor\decision_monitor.py,DATA_LAYER
decision_service.py,E:\football_v\08_DECISION_LAYER\service\decision_service.py,RUNTIME_LAYER|DATA_LAYER
auto_report_generator.py,E:\football_v\09_AI_ORCHESTRATION_LAYER\auto_report_generator.py,VALUE_LAYER|MODEL_LAYER|PREDICTION_LAYER|DATA_LAYER
model_router.py,E:\football_v\09_AI_ORCHESTRATION_LAYER\model_router.py,MODEL_LAYER|RUNTIME_LAYER
orchestration_interface.py,E:\football_v\09_AI_ORCHESTRATION_LAYER\orchestration_interface.py,
pipeline_controller.py,E:\football_v\09_AI_ORCHESTRATION_LAYER\pipeline_controller.py,RUNTIME_LAYER|DATA_LAYER
system_health_monitor.py,E:\football_v\09_AI_ORCHESTRATION_LAYER\system_health_monitor.py,VALUE_LAYER|DATA_LAYER
task_scheduler.py,E:\football_v\09_AI_ORCHESTRATION_LAYER\task_scheduler.py,
workflow_engine.py,E:\football_v\09_AI_ORCHESTRATION_LAYER\workflow_engine.py,RUNTIME_LAYER
orchestration_layer_v1.3_full_test.py,E:\football_v\09_AI_ORCHESTRATION_LAYER\tests\orchestration_layer_v1.3_full_test.py,MODEL_LAYER|RUNTIME_LAYER|DATA_LAYER
decision_api.py,E:\football_v\09_APPLICATION_LAYER\api\decision_api.py,RUNTIME_LAYER|DATA_LAYER
prediction_api.py,E:\football_v\09_APPLICATION_LAYER\api\prediction_api.py,RUNTIME_LAYER|PREDICTION_LAYER|DATA_LAYER
match_analysis.py,E:\football_v\09_APPLICATION_LAYER\interface\match_analysis.py,
football_ai_service.py,E:\football_v\09_APPLICATION_LAYER\service\football_ai_service.py,RUNTIME_LAYER|DATA_LAYER
dixon_coles_explainer.py,E:\football_v\09_MODEL_EXPLANATION_ENGINE\dixon_coles_explainer\dixon_coles_explainer.py,MODEL_LAYER|FEATURE_LAYER|PREDICTION_LAYER|DATA_LAYER
elo_explainer.py,E:\football_v\09_MODEL_EXPLANATION_ENGINE\elo_explainer\elo_explainer.py,MODEL_LAYER|FEATURE_LAYER|DATA_LAYER
report_generator.py,E:\football_v\09_MODEL_EXPLANATION_ENGINE\explanation_report\report_generator.py,DATA_LAYER
fusion_explainer.py,E:\football_v\09_MODEL_EXPLANATION_ENGINE\fusion_explainer\fusion_explainer.py,MODEL_LAYER|PREDICTION_LAYER|DATA_LAYER
poisson_explainer.py,E:\football_v\09_MODEL_EXPLANATION_ENGINE\poisson_explainer\poisson_explainer.py,MODEL_LAYER|PREDICTION_LAYER|DATA_LAYER
xgboost_explainer.py,E:\football_v\09_MODEL_EXPLANATION_ENGINE\xgboost_explainer\xgboost_explainer.py,MODEL_LAYER|FEATURE_LAYER|DATA_LAYER
model_result_adapter.py,E:\football_v\09_Prediction_System\model_result_adapter.py,MODEL_LAYER
prediction_history.py,E:\football_v\09_Prediction_System\prediction_history.py,PREDICTION_LAYER|FEATURE_LAYER|DATA_LAYER
prediction_monitor.py,E:\football_v\09_Prediction_System\prediction_monitor.py,PREDICTION_LAYER
prediction_pipeline.py,E:\football_v\09_Prediction_System\prediction_pipeline.py,RUNTIME_LAYER|PREDICTION_LAYER
prediction_report_generator.py,E:\football_v\09_Prediction_System\prediction_report_generator.py,PREDICTION_LAYER|DATA_LAYER
prediction_service_adapter.py,E:\football_v\09_Prediction_System\prediction_service_adapter.py,RUNTIME_LAYER|PREDICTION_LAYER|DATA_LAYER
probability_adapter.py,E:\football_v\09_Prediction_System\probability_adapter.py,PREDICTION_LAYER
score_adapter.py,E:\football_v\09_Prediction_System\score_adapter.py,PREDICTION_LAYER|DATA_LAYER
test_phase2_adapter.py,E:\football_v\09_Prediction_System\tests\test_phase2_adapter.py,MODEL_LAYER
test_prediction_system.py,E:\football_v\09_Prediction_System\tests\test_prediction_system.py,RUNTIME_LAYER|PREDICTION_LAYER
module.py,E:\football_v\100_FINAL_MATCH_DECISION_SYSTEM\module.py,
module.py,E:\football_v\100_SELF_EVOLUTION_ENGINE\module.py,VALUE_LAYER|RUNTIME_LAYER
module.py,E:\football_v\101_REAL_MARKET_INTELLIGENCE_ENGINE\module.py,MARKET_LAYER|RUNTIME_LAYER
module.py,E:\football_v\102_ODDS_MOVEMENT_ANALYSIS_ENGINE\module.py,MARKET_LAYER|RUNTIME_LAYER
module.py,E:\football_v\103_CAPITAL_FLOW_TRACKING_ENGINE\module.py,MARKET_LAYER|RUNTIME_LAYER
module.py,E:\football_v\104_MARKET_SENTIMENT_FUSION_ENGINE\module.py,MARKET_LAYER|RUNTIME_LAYER
module.py,E:\football_v\105_HANDICAP_VALUE_DECISION_ENGINE\module.py,VALUE_LAYER|MARKET_LAYER|RUNTIME_LAYER
module.py,E:\football_v\106_REAL_ODDS_HISTORY_ENGINE\module.py,MARKET_LAYER|FEATURE_LAYER|RUNTIME_LAYER
module.py,E:\football_v\107_MARKET_PATTERN_RECOGNITION_ENGINE\module.py,MARKET_LAYER|RUNTIME_LAYER
module.py,E:\football_v\108_SMART_HANDICAP_ENGINE\module.py,MARKET_LAYER|RUNTIME_LAYER
module.py,E:\football_v\109_VALUE_BET_SELECTION_ENGINE\module.py,VALUE_LAYER|BETTING_LAYER|RUNTIME_LAYER
adaptive_parameter_learning.py,E:\football_v\10_AI_AUTONOMOUS_ENGINE\adaptive_parameter_learning.py,VALUE_LAYER|MODEL_LAYER
adaptive_strategy_selector.py,E:\football_v\10_AI_AUTONOMOUS_ENGINE\adaptive_strategy_selector.py,
ai_strategy_reasoning_engine.py,E:\football_v\10_AI_AUTONOMOUS_ENGINE\ai_strategy_reasoning_engine.py,RUNTIME_LAYER|DATA_LAYER
approval_workflow.py,E:\football_v\10_AI_AUTONOMOUS_ENGINE\approval_workflow.py,
architecture_health_checker.py,E:\football_v\10_AI_AUTONOMOUS_ENGINE\architecture_health_checker.py,DATA_LAYER
autonomous_engine_v2.py,E:\football_v\10_AI_AUTONOMOUS_ENGINE\autonomous_engine_v2.py,VALUE_LAYER|RUNTIME_LAYER|DATA_LAYER
auto_experiment_engine.py,E:\football_v\10_AI_AUTONOMOUS_ENGINE\auto_experiment_engine.py,RUNTIME_LAYER
auto_recovery_manager.py,E:\football_v\10_AI_AUTONOMOUS_ENGINE\auto_recovery_manager.py,
auto_upgrade_manager.py,E:\football_v\10_AI_AUTONOMOUS_ENGINE\auto_upgrade_manager.py,MODEL_LAYER
change_risk_assessor.py,E:\football_v\10_AI_AUTONOMOUS_ENGINE\change_risk_assessor.py,VALUE_LAYER|MODEL_LAYER|DATA_LAYER|PREDICTION_LAYER|FEATURE_LAYER
continuous_improvement_engine.py,E:\football_v\10_AI_AUTONOMOUS_ENGINE\continuous_improvement_engine.py,RUNTIME_LAYER|DATA_LAYER
decision_logger.py,E:\football_v\10_AI_AUTONOMOUS_ENGINE\decision_logger.py,MODEL_LAYER
decision_quality_analyzer.py,E:\football_v\10_AI_AUTONOMOUS_ENGINE\decision_quality_analyzer.py,PREDICTION_LAYER
dependency_validator.py,E:\football_v\10_AI_AUTONOMOUS_ENGINE\dependency_validator.py,
dynamic_weight_adjuster.py,E:\football_v\10_AI_AUTONOMOUS_ENGINE\dynamic_weight_adjuster.py,VALUE_LAYER|MODEL_LAYER|FEATURE_LAYER
error_analysis_engine.py,E:\football_v\10_AI_AUTONOMOUS_ENGINE\error_analysis_engine.py,RUNTIME_LAYER|PREDICTION_LAYER|DATA_LAYER
error_rate_calculator.py,E:\football_v\10_AI_AUTONOMOUS_ENGINE\error_rate_calculator.py,
error_trend_detector.py,E:\football_v\10_AI_AUTONOMOUS_ENGINE\error_trend_detector.py,
evolution_controller.py,E:\football_v\10_AI_AUTONOMOUS_ENGINE\evolution_controller.py,VALUE_LAYER
evolution_decision_brain.py,E:\football_v\10_AI_AUTONOMOUS_ENGINE\evolution_decision_brain.py,VALUE_LAYER|PREDICTION_LAYER|DATA_LAYER
evolution_governance_manager.py,E:\football_v\10_AI_AUTONOMOUS_ENGINE\evolution_governance_manager.py,VALUE_LAYER|DATA_LAYER
evolution_intelligence_engine.py,E:\football_v\10_AI_AUTONOMOUS_ENGINE\evolution_intelligence_engine.py,VALUE_LAYER|FEATURE_LAYER|DATA_LAYER|PREDICTION_LAYER|RUNTIME_LAYER
evolution_knowledge_reasoner.py,E:\football_v\10_AI_AUTONOMOUS_ENGINE\evolution_knowledge_reasoner.py,VALUE_LAYER
evolution_memory.py,E:\football_v\10_AI_AUTONOMOUS_ENGINE\evolution_memory.py,VALUE_LAYER|DATA_LAYER
evolution_memory_index.py,E:\football_v\10_AI_AUTONOMOUS_ENGINE\evolution_memory_index.py,VALUE_LAYER|DATA_LAYER
evolution_pattern_analyzer.py,E:\football_v\10_AI_AUTONOMOUS_ENGINE\evolution_pattern_analyzer.py,VALUE_LAYER
evolution_report_generator.py,E:\football_v\10_AI_AUTONOMOUS_ENGINE\evolution_report_generator.py,VALUE_LAYER|RUNTIME_LAYER|DATA_LAYER
experience_pattern_miner.py,E:\football_v\10_AI_AUTONOMOUS_ENGINE\experience_pattern_miner.py,DATA_LAYER
experience_repository.py,E:\football_v\10_AI_AUTONOMOUS_ENGINE\experience_repository.py,
failure_prediction_engine.py,E:\football_v\10_AI_AUTONOMOUS_ENGINE\failure_prediction_engine.py,RUNTIME_LAYER|PREDICTION_LAYER|DATA_LAYER
feature_self_optimizer.py,E:\football_v\10_AI_AUTONOMOUS_ENGINE\feature_self_optimizer.py,VALUE_LAYER|FEATURE_LAYER
football_reasoning_core.py,E:\football_v\10_AI_AUTONOMOUS_ENGINE\football_reasoning_core.py,DATA_LAYER
future_risk_simulator.py,E:\football_v\10_AI_AUTONOMOUS_ENGINE\future_risk_simulator.py,PREDICTION_LAYER|DATA_LAYER
historical_case_analyzer.py,E:\football_v\10_AI_AUTONOMOUS_ENGINE\historical_case_analyzer.py,
human_approval_gate_v2.py,E:\football_v\10_AI_AUTONOMOUS_ENGINE\human_approval_gate_v2.py,
human_approval_manager.py,E:\football_v\10_AI_AUTONOMOUS_ENGINE\human_approval_manager.py,
human_approval_v1.py,E:\football_v\10_AI_AUTONOMOUS_ENGINE\human_approval_v1.py,DATA_LAYER
human_dashboard_api.py,E:\football_v\10_AI_AUTONOMOUS_ENGINE\human_dashboard_api.py,
intelligence_connector.py,E:\football_v\10_AI_AUTONOMOUS_ENGINE\intelligence_connector.py,DATA_LAYER
intelligent_task_allocator.py,E:\football_v\10_AI_AUTONOMOUS_ENGINE\intelligent_task_allocator.py,
knowledge_graph_builder.py,E:\football_v\10_AI_AUTONOMOUS_ENGINE\knowledge_graph_builder.py,VALUE_LAYER
knowledge_relation_engine.py,E:\football_v\10_AI_AUTONOMOUS_ENGINE\knowledge_relation_engine.py,RUNTIME_LAYER
knowledge_retrieval_engine.py,E:\football_v\10_AI_AUTONOMOUS_ENGINE\knowledge_retrieval_engine.py,VALUE_LAYER|RUNTIME_LAYER
knowledge_snapshot.py,E:\football_v\10_AI_AUTONOMOUS_ENGINE\knowledge_snapshot.py,DATA_LAYER
learning_cycle_manager.py,E:\football_v\10_AI_AUTONOMOUS_ENGINE\learning_cycle_manager.py,FEATURE_LAYER
learning_effect_tracker.py,E:\football_v\10_AI_AUTONOMOUS_ENGINE\learning_effect_tracker.py,VALUE_LAYER|FEATURE_LAYER
market_reasoning_engine.py,E:\football_v\10_AI_AUTONOMOUS_ENGINE\market_reasoning_engine.py,MARKET_LAYER|RUNTIME_LAYER
model_change_tracker.py,E:\football_v\10_AI_AUTONOMOUS_ENGINE\model_change_tracker.py,MODEL_LAYER|FEATURE_LAYER
model_self_optimizer.py,E:\football_v\10_AI_AUTONOMOUS_ENGINE\model_self_optimizer.py,MODEL_LAYER
module_consistency_checker.py,E:\football_v\10_AI_AUTONOMOUS_ENGINE\module_consistency_checker.py,
monthly_performance_analyzer.py,E:\football_v\10_AI_AUTONOMOUS_ENGINE\monthly_performance_analyzer.py,VALUE_LAYER|FEATURE_LAYER
multi_cycle_learning_engine.py,E:\football_v\10_AI_AUTONOMOUS_ENGINE\multi_cycle_learning_engine.py,RUNTIME_LAYER|DATA_LAYER
optimization_history.py,E:\football_v\10_AI_AUTONOMOUS_ENGINE\optimization_history.py,MODEL_LAYER|FEATURE_LAYER
optimization_priority_engine.py,E:\football_v\10_AI_AUTONOMOUS_ENGINE\optimization_priority_engine.py,VALUE_LAYER|RUNTIME_LAYER
optimization_result_predictor.py,E:\football_v\10_AI_AUTONOMOUS_ENGINE\optimization_result_predictor.py,PREDICTION_LAYER|DATA_LAYER
optimization_strategy_generator.py,E:\football_v\10_AI_AUTONOMOUS_ENGINE\optimization_strategy_generator.py,DATA_LAYER
optimization_suggestion_engine.py,E:\football_v\10_AI_AUTONOMOUS_ENGINE\optimization_suggestion_engine.py,RUNTIME_LAYER
optimization_suggestion_v1.py,E:\football_v\10_AI_AUTONOMOUS_ENGINE\optimization_suggestion_v1.py,RUNTIME_LAYER|DATA_LAYER
parameter_effect_analyzer.py,E:\football_v\10_AI_AUTONOMOUS_ENGINE\parameter_effect_analyzer.py,VALUE_LAYER
parameter_tuner.py,E:\football_v\10_AI_AUTONOMOUS_ENGINE\parameter_tuner.py,MODEL_LAYER
prediction_explanation_engine.py,E:\football_v\10_AI_AUTONOMOUS_ENGINE\prediction_explanation_engine.py,VALUE_LAYER|RUNTIME_LAYER|PREDICTION_LAYER|MARKET_LAYER|FEATURE_LAYER
release_validator.py,E:\football_v\10_AI_AUTONOMOUS_ENGINE\release_validator.py,VALUE_LAYER
risk_gate.py,E:\football_v\10_AI_AUTONOMOUS_ENGINE\risk_gate.py,VALUE_LAYER
rollback_manager.py,E:\football_v\10_AI_AUTONOMOUS_ENGINE\rollback_manager.py,VALUE_LAYER
safe_upgrade_executor.py,E:\football_v\10_AI_AUTONOMOUS_ENGINE\safe_upgrade_executor.py,RUNTIME_LAYER
scenario_test_generator.py,E:\football_v\10_AI_AUTONOMOUS_ENGINE\scenario_test_generator.py,
self_audit_engine.py,E:\football_v\10_AI_AUTONOMOUS_ENGINE\self_audit_engine.py,RUNTIME_LAYER
strategy_confidence_evaluator.py,E:\football_v\10_AI_AUTONOMOUS_ENGINE\strategy_confidence_evaluator.py,VALUE_LAYER
strategy_evolution_manager.py,E:\football_v\10_AI_AUTONOMOUS_ENGINE\strategy_evolution_manager.py,VALUE_LAYER|FEATURE_LAYER
strategy_selection_engine.py,E:\football_v\10_AI_AUTONOMOUS_ENGINE\strategy_selection_engine.py,RUNTIME_LAYER|PREDICTION_LAYER
system_restore_manager.py,E:\football_v\10_AI_AUTONOMOUS_ENGINE\system_restore_manager.py,DATA_LAYER
tactical_reasoning_engine.py,E:\football_v\10_AI_AUTONOMOUS_ENGINE\tactical_reasoning_engine.py,RUNTIME_LAYER
time_window_analyzer.py,E:\football_v\10_AI_AUTONOMOUS_ENGINE\time_window_analyzer.py,FEATURE_LAYER|DATA_LAYER
upgrade_decision_engine.py,E:\football_v\10_AI_AUTONOMOUS_ENGINE\upgrade_decision_engine.py,VALUE_LAYER|RUNTIME_LAYER|PREDICTION_LAYER|DATA_LAYER
upgrade_history_repository.py,E:\football_v\10_AI_AUTONOMOUS_ENGINE\upgrade_history_repository.py,FEATURE_LAYER
upgrade_policy_manager.py,E:\football_v\10_AI_AUTONOMOUS_ENGINE\upgrade_policy_manager.py,
upgrade_simulation_engine.py,E:\football_v\10_AI_AUTONOMOUS_ENGINE\upgrade_simulation_engine.py,RUNTIME_LAYER|PREDICTION_LAYER
version_control_manager.py,E:\football_v\10_AI_AUTONOMOUS_ENGINE\version_control_manager.py,FEATURE_LAYER
virtual_validation_engine.py,E:\football_v\10_AI_AUTONOMOUS_ENGINE\virtual_validation_engine.py,RUNTIME_LAYER|DATA_LAYER
weekly_evolution_analyzer.py,E:\football_v\10_AI_AUTONOMOUS_ENGINE\weekly_evolution_analyzer.py,VALUE_LAYER
__init__.py,E:\football_v\10_AI_AUTONOMOUS_ENGINE\autonomous_engine_hil_v1\__init__.py,RUNTIME_LAYER
autonomous_engine_hil_v1_0_full_test.py,E:\football_v\10_AI_AUTONOMOUS_ENGINE\tests\autonomous_engine_hil_v1_0_full_test.py,VALUE_LAYER|RUNTIME_LAYER|DATA_LAYER
autonomous_engine_v1_4_full_test.py,E:\football_v\10_AI_AUTONOMOUS_ENGINE\tests\autonomous_engine_v1_4_full_test.py,VALUE_LAYER|MODEL_LAYER|FEATURE_LAYER|DATA_LAYER|RUNTIME_LAYER
autonomous_engine_v1_6_full_test.py,E:\football_v\10_AI_AUTONOMOUS_ENGINE\tests\autonomous_engine_v1_6_full_test.py,VALUE_LAYER|RUNTIME_LAYER|DATA_LAYER
autonomous_engine_v1_8_full_test.py,E:\football_v\10_AI_AUTONOMOUS_ENGINE\tests\autonomous_engine_v1_8_full_test.py,VALUE_LAYER|RUNTIME_LAYER|FEATURE_LAYER|DATA_LAYER
autonomous_engine_v2_2_batch_full_test.py,E:\football_v\10_AI_AUTONOMOUS_ENGINE\tests\autonomous_engine_v2_2_batch_full_test.py,VALUE_LAYER|RUNTIME_LAYER|DATA_LAYER
autonomous_engine_v2_4_batch_full_test.py,E:\football_v\10_AI_AUTONOMOUS_ENGINE\tests\autonomous_engine_v2_4_batch_full_test.py,VALUE_LAYER|RUNTIME_LAYER|PREDICTION_LAYER|DATA_LAYER
autonomous_engine_v2_6_batch_full_test.py,E:\football_v\10_AI_AUTONOMOUS_ENGINE\tests\autonomous_engine_v2_6_batch_full_test.py,VALUE_LAYER|RUNTIME_LAYER|PREDICTION_LAYER|DATA_LAYER
autonomous_engine_v2_8_batch_full_test.py,E:\football_v\10_AI_AUTONOMOUS_ENGINE\tests\autonomous_engine_v2_8_batch_full_test.py,VALUE_LAYER|RUNTIME_LAYER|PREDICTION_LAYER|DATA_LAYER
autonomous_engine_v3_0_batch_full_test.py,E:\football_v\10_AI_AUTONOMOUS_ENGINE\tests\autonomous_engine_v3_0_batch_full_test.py,VALUE_LAYER|DATA_LAYER|PREDICTION_LAYER|MARKET_LAYER|RUNTIME_LAYER
compile_check.py,E:\football_v\10_AI_AUTONOMOUS_ENGINE\tests\compile_check.py,RUNTIME_LAYER|DATA_LAYER
conftest.py,E:\football_v\10_AI_AUTONOMOUS_ENGINE\tests\conftest.py,RUNTIME_LAYER
human_approval_v1_2_full_test.py,E:\football_v\10_AI_AUTONOMOUS_ENGINE\tests\human_approval_v1_2_full_test.py,VALUE_LAYER|RUNTIME_LAYER|DATA_LAYER
optimization_suggestion_v1_1_full_test.py,E:\football_v\10_AI_AUTONOMOUS_ENGINE\tests\optimization_suggestion_v1_1_full_test.py,VALUE_LAYER|MODEL_LAYER|FEATURE_LAYER|DATA_LAYER|RUNTIME_LAYER
test_autonomous_compatibility.py,E:\football_v\10_AI_AUTONOMOUS_ENGINE\tests\test_autonomous_compatibility.py,VALUE_LAYER|RUNTIME_LAYER|DATA_LAYER
test_phase2_connection.py,E:\football_v\10_AI_AUTONOMOUS_ENGINE\tests\test_phase2_connection.py,DATA_LAYER
integration_service.py,E:\football_v\10_INTEGRATION_LAYER\service\integration_service.py,RUNTIME_LAYER|DATA_LAYER
full_pipeline_test.py,E:\football_v\10_INTEGRATION_LAYER\test\full_pipeline_test.py,MODEL_LAYER|RUNTIME_LAYER|DATA_LAYER|PREDICTION_LAYER|MARKET_LAYER|FEATURE_LAYER
model_connection_test.py,E:\football_v\10_INTEGRATION_LAYER\test\model_connection_test.py,MODEL_LAYER
handicap_engine.py,E:\football_v\10_MARKET_INTELLIGENCE_LAYER\handicap_model\handicap_engine.py,MODEL_LAYER|MARKET_LAYER|RUNTIME_LAYER|DATA_LAYER
market_report.py,E:\football_v\10_MARKET_INTELLIGENCE_LAYER\market_report\market_report.py,MARKET_LAYER|DATA_LAYER
risk_engine.py,E:\football_v\10_MARKET_INTELLIGENCE_LAYER\market_risk_model\risk_engine.py,MODEL_LAYER|MARKET_LAYER|RUNTIME_LAYER|DATA_LAYER
sentiment.py,E:\football_v\10_MARKET_INTELLIGENCE_LAYER\market_sentiment_engine\sentiment.py,MARKET_LAYER|RUNTIME_LAYER|DATA_LAYER
money_flow.py,E:\football_v\10_MARKET_INTELLIGENCE_LAYER\money_flow_engine\money_flow.py,MARKET_LAYER|RUNTIME_LAYER|DATA_LAYER
odds_analyzer.py,E:\football_v\10_MARKET_INTELLIGENCE_LAYER\odds_analysis\odds_analyzer.py,MARKET_LAYER|DATA_LAYER
risk_adjuster.py,E:\football_v\10_MARKET_INTELLIGENCE_LAYER\risk_adjustment_engine\risk_adjuster.py,PREDICTION_LAYER
module.py,E:\football_v\110_FINAL_MARKET_DECISION_ENGINE\module.py,MARKET_LAYER|RUNTIME_LAYER
module.py,E:\football_v\111_ADVANCED_FEATURE_ENGINE\module.py,RUNTIME_LAYER|FEATURE_LAYER
module.py,E:\football_v\112_TEAM_STRENGTH_EVOLUTION_ENGINE\module.py,VALUE_LAYER|RUNTIME_LAYER|FEATURE_LAYER
module.py,E:\football_v\113_PLAYER_IMPACT_ANALYSIS_ENGINE\module.py,RUNTIME_LAYER
module.py,E:\football_v\114_MATCH_CONTEXT_ENGINE\module.py,RUNTIME_LAYER
module.py,E:\football_v\115_AI_FORECAST_ENHANCEMENT_ENGINE\module.py,RUNTIME_LAYER|PREDICTION_LAYER
module.py,E:\football_v\116_REAL_MATCH_PIPELINE\module.py,RUNTIME_LAYER|PREDICTION_LAYER
module.py,E:\football_v\117_FEATURE_AUTO_GENERATOR\module.py,PREDICTION_LAYER|FEATURE_LAYER
module.py,E:\football_v\118_MODEL_INFERENCE_SERVICE\module.py,MODEL_LAYER|RUNTIME_LAYER|PREDICTION_LAYER
module.py,E:\football_v\119_PREDICTION_OUTPUT_SERVICE\module.py,RUNTIME_LAYER|PREDICTION_LAYER
gateway.py,E:\football_v\11_AI_ORCHESTRATION_LAYER\api_gateway\gateway.py,DATA_LAYER
data_router.py,E:\football_v\11_AI_ORCHESTRATION_LAYER\data_router\data_router.py,RUNTIME_LAYER|DATA_LAYER
decision_router.py,E:\football_v\11_AI_ORCHESTRATION_LAYER\decision_router\decision_router.py,RUNTIME_LAYER|DATA_LAYER
logger.py,E:\football_v\11_AI_ORCHESTRATION_LAYER\logging_center\logger.py,
scheduler.py,E:\football_v\11_AI_ORCHESTRATION_LAYER\model_scheduler\scheduler.py,MODEL_LAYER|DATA_LAYER
orchestrator.py,E:\football_v\11_AI_ORCHESTRATION_LAYER\orchestrator_core\orchestrator.py,DATA_LAYER
pipeline.py,E:\football_v\11_AI_ORCHESTRATION_LAYER\pipeline_manager\pipeline.py,RUNTIME_LAYER|DATA_LAYER
workflow.py,E:\football_v\11_AI_ORCHESTRATION_LAYER\workflow_engine\workflow.py,RUNTIME_LAYER
accuracy_report.py,E:\football_v\11_System_Intelligence\accuracy_report.py,DATA_LAYER
adaptive_feedback.py,E:\football_v\11_System_Intelligence\adaptive_feedback.py,DATA_LAYER
agent_fusion_engine.py,E:\football_v\11_System_Intelligence\agent_fusion_engine.py,RUNTIME_LAYER
agent_manager.py,E:\football_v\11_System_Intelligence\agent_manager.py,DATA_LAYER
ai_prediction_os.py,E:\football_v\11_System_Intelligence\ai_prediction_os.py,PREDICTION_LAYER|DATA_LAYER
backtest_engine.py,E:\football_v\11_System_Intelligence\backtest_engine.py,RUNTIME_LAYER
bankroll_manager.py,E:\football_v\11_System_Intelligence\bankroll_manager.py,BETTING_LAYER
beidan_engine.py,E:\football_v\11_System_Intelligence\beidan_engine.py,VALUE_LAYER|RUNTIME_LAYER|DATA_LAYER
betting_recommendation_engine.py,E:\football_v\11_System_Intelligence\betting_recommendation_engine.py,BETTING_LAYER|RUNTIME_LAYER|DATA_LAYER
bet_strategy_engine.py,E:\football_v\11_System_Intelligence\bet_strategy_engine.py,VALUE_LAYER|BETTING_LAYER|RUNTIME_LAYER|DATA_LAYER
capital_flow_engine.py,E:\football_v\11_System_Intelligence\capital_flow_engine.py,MARKET_LAYER|RUNTIME_LAYER|DATA_LAYER
capital_sentiment.py,E:\football_v\11_System_Intelligence\capital_sentiment.py,MARKET_LAYER
confidence_calibrator.py,E:\football_v\11_System_Intelligence\confidence_calibrator.py,VALUE_LAYER
confidence_engine.py,E:\football_v\11_System_Intelligence\confidence_engine.py,RUNTIME_LAYER|PREDICTION_LAYER
confidence_tracker.py,E:\football_v\11_System_Intelligence\confidence_tracker.py,VALUE_LAYER|FEATURE_LAYER
decision_api.py,E:\football_v\11_System_Intelligence\decision_api.py,DATA_LAYER
decision_context.py,E:\football_v\11_System_Intelligence\decision_context.py,VALUE_LAYER|MODEL_LAYER
decision_fusion.py,E:\football_v\11_System_Intelligence\decision_fusion.py,MODEL_LAYER|RUNTIME_LAYER|DATA_LAYER
decision_memory.py,E:\football_v\11_System_Intelligence\decision_memory.py,FEATURE_LAYER|DATA_LAYER
decision_reasoner.py,E:\football_v\11_System_Intelligence\decision_reasoner.py,RUNTIME_LAYER|DATA_LAYER
dixon_coles_model.py,E:\football_v\11_System_Intelligence\dixon_coles_model.py,MODEL_LAYER|DATA_LAYER
dixon_coles_trainer.py,E:\football_v\11_System_Intelligence\dixon_coles_trainer.py,MODEL_LAYER|DATA_LAYER
dynamic_weight_engine.py,E:\football_v\11_System_Intelligence\dynamic_weight_engine.py,MODEL_LAYER|RUNTIME_LAYER|DATA_LAYER
elo_engine.py,E:\football_v\11_System_Intelligence\elo_engine.py,MODEL_LAYER|RUNTIME_LAYER|PREDICTION_LAYER
elo_trainer.py,E:\football_v\11_System_Intelligence\elo_trainer.py,MODEL_LAYER|DATA_LAYER
error_analysis_engine.py,E:\football_v\11_System_Intelligence\error_analysis_engine.py,RUNTIME_LAYER
evolution_engine.py,E:\football_v\11_System_Intelligence\evolution_engine.py,VALUE_LAYER|PREDICTION_LAYER|RUNTIME_LAYER|FEATURE_LAYER
evolution_memory.py,E:\football_v\11_System_Intelligence\evolution_memory.py,VALUE_LAYER|DATA_LAYER
fatigue_engine.py,E:\football_v\11_System_Intelligence\fatigue_engine.py,RUNTIME_LAYER|FEATURE_LAYER|DATA_LAYER
feature_engineering.py,E:\football_v\11_System_Intelligence\feature_engineering.py,RUNTIME_LAYER|FEATURE_LAYER
feedback_memory.py,E:\football_v\11_System_Intelligence\feedback_memory.py,DATA_LAYER
football_ai_report.py,E:\football_v\11_System_Intelligence\football_ai_report.py,DATA_LAYER
football_ai_runtime.py,E:\football_v\11_System_Intelligence\football_ai_runtime.py,RUNTIME_LAYER
form_analysis_engine.py,E:\football_v\11_System_Intelligence\form_analysis_engine.py,RUNTIME_LAYER|FEATURE_LAYER|DATA_LAYER
handicap_trap_detector.py,E:\football_v\11_System_Intelligence\handicap_trap_detector.py,MARKET_LAYER|DATA_LAYER
historical_match_loader.py,E:\football_v\11_System_Intelligence\historical_match_loader.py,DATA_LAYER
home_away_engine.py,E:\football_v\11_System_Intelligence\home_away_engine.py,RUNTIME_LAYER|DATA_LAYER
injury_engine.py,E:\football_v\11_System_Intelligence\injury_engine.py,RUNTIME_LAYER|DATA_LAYER
intelligence_feedback_loop.py,E:\football_v\11_System_Intelligence\intelligence_feedback_loop.py,FEATURE_LAYER|DATA_LAYER
intelligence_fusion_engine.py,E:\football_v\11_System_Intelligence\intelligence_fusion_engine.py,MODEL_LAYER|RUNTIME_LAYER|PREDICTION_LAYER
intelligence_memory.py,E:\football_v\11_System_Intelligence\intelligence_memory.py,DATA_LAYER
intelligence_report.py,E:\football_v\11_System_Intelligence\intelligence_report.py,DATA_LAYER
intelligence_router.py,E:\football_v\11_System_Intelligence\intelligence_router.py,RUNTIME_LAYER
intelligence_scheduler.py,E:\football_v\11_System_Intelligence\intelligence_scheduler.py,
intelligence_weight_manager.py,E:\football_v\11_System_Intelligence\intelligence_weight_manager.py,VALUE_LAYER
knowledge_embedding.py,E:\football_v\11_System_Intelligence\knowledge_embedding.py,
knowledge_engine.py,E:\football_v\11_System_Intelligence\knowledge_engine.py,RUNTIME_LAYER
knowledge_graph.py,E:\football_v\11_System_Intelligence\knowledge_graph.py,DATA_LAYER
knowledge_memory_bridge.py,E:\football_v\11_System_Intelligence\knowledge_memory_bridge.py,VALUE_LAYER|PREDICTION_LAYER|FEATURE_LAYER|DATA_LAYER
knowledge_node.py,E:\football_v\11_System_Intelligence\knowledge_node.py,VALUE_LAYER
knowledge_optimizer.py,E:\football_v\11_System_Intelligence\knowledge_optimizer.py,DATA_LAYER
knowledge_profile.py,E:\football_v\11_System_Intelligence\knowledge_profile.py,
knowledge_query_engine.py,E:\football_v\11_System_Intelligence\knowledge_query_engine.py,RUNTIME_LAYER|DATA_LAYER
knowledge_reasoner.py,E:\football_v\11_System_Intelligence\knowledge_reasoner.py,FEATURE_LAYER
knowledge_relation.py,E:\football_v\11_System_Intelligence\knowledge_relation.py,
knowledge_relation_engine.py,E:\football_v\11_System_Intelligence\knowledge_relation_engine.py,RUNTIME_LAYER
knowledge_update_engine.py,E:\football_v\11_System_Intelligence\knowledge_update_engine.py,RUNTIME_LAYER|DATA_LAYER
learning_memory.py,E:\football_v\11_System_Intelligence\learning_memory.py,DATA_LAYER
learning_scheduler.py,E:\football_v\11_System_Intelligence\learning_scheduler.py,
les_advanced.py,E:\football_v\11_System_Intelligence\les_advanced.py,DATA_LAYER
les_engine.py,E:\football_v\11_System_Intelligence\les_engine.py,RUNTIME_LAYER
lineup_engine.py,E:\football_v\11_System_Intelligence\lineup_engine.py,RUNTIME_LAYER|PREDICTION_LAYER|DATA_LAYER
market_agent.py,E:\football_v\11_System_Intelligence\market_agent.py,MARKET_LAYER|DATA_LAYER
market_engine.py,E:\football_v\11_System_Intelligence\market_engine.py,MARKET_LAYER|RUNTIME_LAYER|DATA_LAYER
match_feature_store.py,E:\football_v\11_System_Intelligence\match_feature_store.py,FEATURE_LAYER
match_prediction_engine.py,E:\football_v\11_System_Intelligence\match_prediction_engine.py,RUNTIME_LAYER|PREDICTION_LAYER|DATA_LAYER
match_simulator.py,E:\football_v\11_System_Intelligence\match_simulator.py,PREDICTION_LAYER
memory_adapter.py,E:\football_v\11_System_Intelligence\memory_adapter.py,PREDICTION_LAYER
model_accuracy_memory.py,E:\football_v\11_System_Intelligence\model_accuracy_memory.py,MODEL_LAYER|FEATURE_LAYER
model_adjustment_engine.py,E:\football_v\11_System_Intelligence\model_adjustment_engine.py,MODEL_LAYER|RUNTIME_LAYER|DATA_LAYER
model_conflict_detector.py,E:\football_v\11_System_Intelligence\model_conflict_detector.py,VALUE_LAYER|MODEL_LAYER
model_fusion_core.py,E:\football_v\11_System_Intelligence\model_fusion_core.py,MODEL_LAYER|PREDICTION_LAYER
model_observer.py,E:\football_v\11_System_Intelligence\model_observer.py,MODEL_LAYER
model_optimizer.py,E:\football_v\11_System_Intelligence\model_optimizer.py,VALUE_LAYER|MODEL_LAYER|PREDICTION_LAYER
model_weight_optimizer.py,E:\football_v\11_System_Intelligence\model_weight_optimizer.py,MODEL_LAYER
monte_carlo_engine.py,E:\football_v\11_System_Intelligence\monte_carlo_engine.py,RUNTIME_LAYER|PREDICTION_LAYER
odds_movement.py,E:\football_v\11_System_Intelligence\odds_movement.py,MARKET_LAYER|FEATURE_LAYER
parlay_strategy.py,E:\football_v\11_System_Intelligence\parlay_strategy.py,
performance_tracker.py,E:\football_v\11_System_Intelligence\performance_tracker.py,PREDICTION_LAYER|FEATURE_LAYER
poisson_model.py,E:\football_v\11_System_Intelligence\poisson_model.py,MODEL_LAYER|PREDICTION_LAYER
poisson_trainer.py,E:\football_v\11_System_Intelligence\poisson_trainer.py,MODEL_LAYER|DATA_LAYER
prediction_agent.py,E:\football_v\11_System_Intelligence\prediction_agent.py,PREDICTION_LAYER|DATA_LAYER
prediction_evaluator.py,E:\football_v\11_System_Intelligence\prediction_evaluator.py,VALUE_LAYER|PREDICTION_LAYER
prediction_report.py,E:\football_v\11_System_Intelligence\prediction_report.py,PREDICTION_LAYER|DATA_LAYER
prediction_report_generator.py,E:\football_v\11_System_Intelligence\prediction_report_generator.py,PREDICTION_LAYER|DATA_LAYER
probability_fusion_engine.py,E:\football_v\11_System_Intelligence\probability_fusion_engine.py,VALUE_LAYER|MODEL_LAYER|RUNTIME_LAYER|PREDICTION_LAYER
probability_memory.py,E:\football_v\11_System_Intelligence\probability_memory.py,PREDICTION_LAYER|FEATURE_LAYER
profit_tracker.py,E:\football_v\11_System_Intelligence\profit_tracker.py,VALUE_LAYER|MODEL_LAYER
reasoning_agent.py,E:\football_v\11_System_Intelligence\reasoning_agent.py,DATA_LAYER
reasoning_context.py,E:\football_v\11_System_Intelligence\reasoning_context.py,VALUE_LAYER|FEATURE_LAYER
reasoning_engine.py,E:\football_v\11_System_Intelligence\reasoning_engine.py,VALUE_LAYER|RUNTIME_LAYER
reasoning_memory.py,E:\football_v\11_System_Intelligence\reasoning_memory.py,DATA_LAYER
reasoning_rules.py,E:\football_v\11_System_Intelligence\reasoning_rules.py,VALUE_LAYER|DATA_LAYER
result_collector.py,E:\football_v\11_System_Intelligence\result_collector.py,
risk_agent.py,E:\football_v\11_System_Intelligence\risk_agent.py,VALUE_LAYER|DATA_LAYER
risk_detector.py,E:\football_v\11_System_Intelligence\risk_detector.py,DATA_LAYER
risk_engine.py,E:\football_v\11_System_Intelligence\risk_engine.py,RUNTIME_LAYER|PREDICTION_LAYER|DATA_LAYER
risk_memory.py,E:\football_v\11_System_Intelligence\risk_memory.py,DATA_LAYER
risk_report.py,E:\football_v\11_System_Intelligence\risk_report.py,DATA_LAYER
rule_optimizer.py,E:\football_v\11_System_Intelligence\rule_optimizer.py,
score_distribution_engine.py,E:\football_v\11_System_Intelligence\score_distribution_engine.py,RUNTIME_LAYER|PREDICTION_LAYER
score_prediction_engine.py,E:\football_v\11_System_Intelligence\score_prediction_engine.py,RUNTIME_LAYER|PREDICTION_LAYER
score_probability_table.py,E:\football_v\11_System_Intelligence\score_probability_table.py,PREDICTION_LAYER|DATA_LAYER
single_strategy.py,E:\football_v\11_System_Intelligence\single_strategy.py,
sp_probability_engine.py,E:\football_v\11_System_Intelligence\sp_probability_engine.py,RUNTIME_LAYER|PREDICTION_LAYER|DATA_LAYER
strategy_agent.py,E:\football_v\11_System_Intelligence\strategy_agent.py,DATA_LAYER
strategy_mutator.py,E:\football_v\11_System_Intelligence\strategy_mutator.py,
system_analyzer.py,E:\football_v\11_System_Intelligence\system_analyzer.py,
system_brain.py,E:\football_v\11_System_Intelligence\system_brain.py,
system_exporter.py,E:\football_v\11_System_Intelligence\system_exporter.py,DATA_LAYER
team_feature_builder.py,E:\football_v\11_System_Intelligence\team_feature_builder.py,FEATURE_LAYER
team_strength_engine.py,E:\football_v\11_System_Intelligence\team_strength_engine.py,VALUE_LAYER|RUNTIME_LAYER|FEATURE_LAYER
true_probability_calculator.py,E:\football_v\11_System_Intelligence\true_probability_calculator.py,PREDICTION_LAYER|DATA_LAYER
value_detector.py,E:\football_v\11_System_Intelligence\value_detector.py,VALUE_LAYER
weight_learning_engine.py,E:\football_v\11_System_Intelligence\weight_learning_engine.py,RUNTIME_LAYER|DATA_LAYER
xgboost_predictor.py,E:\football_v\11_System_Intelligence\xgboost_predictor.py,MODEL_LAYER|FEATURE_LAYER|PREDICTION_LAYER
xgboost_trainer.py,E:\football_v\11_System_Intelligence\xgboost_trainer.py,MODEL_LAYER|DATA_LAYER
test_intelligence.py,E:\football_v\11_System_Intelligence\tests\test_intelligence.py,
test_phase2_intelligence.py,E:\football_v\11_System_Intelligence\tests\test_phase2_intelligence.py,
test_phase3_10_confidence.py,E:\football_v\11_System_Intelligence\tests\test_phase3_10_confidence.py,RUNTIME_LAYER
test_phase3_11_knowledge_graph.py,E:\football_v\11_System_Intelligence\tests\test_phase3_11_knowledge_graph.py,RUNTIME_LAYER|DATA_LAYER
test_phase3_12_probability.py,E:\football_v\11_System_Intelligence\tests\test_phase3_12_probability.py,MODEL_LAYER|RUNTIME_LAYER|PREDICTION_LAYER
test_phase3_13_market.py,E:\football_v\11_System_Intelligence\tests\test_phase3_13_market.py,RUNTIME_LAYER
test_phase3_14_prediction.py,E:\football_v\11_System_Intelligence\tests\test_phase3_14_prediction.py,RUNTIME_LAYER|PREDICTION_LAYER
test_phase3_15_runtime.py,E:\football_v\11_System_Intelligence\tests\test_phase3_15_runtime.py,RUNTIME_LAYER
test_phase3_2_memory_bridge.py,E:\football_v\11_System_Intelligence\tests\test_phase3_2_memory_bridge.py,DATA_LAYER
test_phase3_3_reasoning.py,E:\football_v\11_System_Intelligence\tests\test_phase3_3_reasoning.py,RUNTIME_LAYER
test_phase3_4_decision_fusion.py,E:\football_v\11_System_Intelligence\tests\test_phase3_4_decision_fusion.py,MODEL_LAYER|RUNTIME_LAYER
test_phase3_5_controller_upgrade.py,E:\football_v\11_System_Intelligence\tests\test_phase3_5_controller_upgrade.py,RUNTIME_LAYER|DATA_LAYER
test_phase3_6_self_learning.py,E:\football_v\11_System_Intelligence\tests\test_phase3_6_self_learning.py,MODEL_LAYER|RUNTIME_LAYER
test_phase3_7_evolution.py,E:\football_v\11_System_Intelligence\tests\test_phase3_7_evolution.py,VALUE_LAYER|RUNTIME_LAYER|PREDICTION_LAYER
test_phase3_8_knowledge.py,E:\football_v\11_System_Intelligence\tests\test_phase3_8_knowledge.py,FEATURE_LAYER
test_phase3_9_risk.py,E:\football_v\11_System_Intelligence\tests\test_phase3_9_risk.py,RUNTIME_LAYER|PREDICTION_LAYER
test_phase3_system_intelligence.py,E:\football_v\11_System_Intelligence\tests\test_phase3_system_intelligence.py,RUNTIME_LAYER|PREDICTION_LAYER
test_phase4_market_core.py,E:\football_v\11_System_Intelligence\tests\test_phase4_market_core.py,
test_phase4_prediction_core.py,E:\football_v\11_System_Intelligence\tests\test_phase4_prediction_core.py,MODEL_LAYER|RUNTIME_LAYER|PREDICTION_LAYER
test_phase5_1_agents.py,E:\football_v\11_System_Intelligence\tests\test_phase5_1_agents.py,
test_phase5_2_weight.py,E:\football_v\11_System_Intelligence\tests\test_phase5_2_weight.py,MODEL_LAYER|RUNTIME_LAYER
test_phase5_3_simulation.py,E:\football_v\11_System_Intelligence\tests\test_phase5_3_simulation.py,RUNTIME_LAYER|PREDICTION_LAYER
test_phase5_4_strategy.py,E:\football_v\11_System_Intelligence\tests\test_phase5_4_strategy.py,
test_phase6_backtest.py,E:\football_v\11_System_Intelligence\tests\test_phase6_backtest.py,RUNTIME_LAYER
test_phase6_feedback.py,E:\football_v\11_System_Intelligence\tests\test_phase6_feedback.py,MODEL_LAYER|RUNTIME_LAYER
test_phase6_training.py,E:\football_v\11_System_Intelligence\tests\test_phase6_training.py,MODEL_LAYER
module.py,E:\football_v\120_AI_REPORT_SERVICE\module.py,RUNTIME_LAYER|PREDICTION_LAYER
data_registry.py,E:\football_v\121_DATABASE_GOVERNANCE_LAYER\data_registry.py,DATA_LAYER
module.py,E:\football_v\121_RESULT_FEEDBACK_ENGINE\module.py,RUNTIME_LAYER|DATA_LAYER
module.py,E:\football_v\122_ERROR_ANALYSIS_ENGINE\module.py,RUNTIME_LAYER
metadata_manager.py,E:\football_v\122_MODEL_STORE_LAYER\metadata_manager.py,MODEL_LAYER
decision_executor.py,E:\football_v\123_EXECUTION_ENGINE\decision_executor.py,RUNTIME_LAYER
module.py,E:\football_v\123_MODEL_WEIGHT_UPDATE_ENGINE\module.py,MODEL_LAYER|RUNTIME_LAYER
module.py,E:\football_v\124_AUTO_BACKTEST_ENGINE\module.py,RUNTIME_LAYER
model_monitor.py,E:\football_v\124_DASHBOARD_LAYER\model_monitor.py,
module.py,E:\football_v\125_AI_VERSION_MANAGER\module.py,
deployment_validator.py,E:\football_v\125_PRODUCT_RELEASE_LAYER\deployment_validator.py,
explanation_engine.py,E:\football_v\126_MODEL_EXPLANATION_ENGINE\explanation_engine.py,MODEL_LAYER|RUNTIME_LAYER
feedback_processor.py,E:\football_v\127_AUTONOMOUS_LEARNING_LOOP\feedback_processor.py,
alert_manager.py,E:\football_v\128_SYSTEM_MONITORING_CENTER\alert_manager.py,
api_router.py,E:\football_v\129_API_GATEWAY_LAYER\api_router.py,
error_analyzer.py,E:\football_v\12_AUTONOMOUS_LEARNING_ENGINE\error_analysis\error_analyzer.py,PREDICTION_LAYER
experience_manager.py,E:\football_v\12_AUTONOMOUS_LEARNING_ENGINE\experience_database\experience_manager.py,DATA_LAYER
feature_optimizer.py,E:\football_v\12_AUTONOMOUS_LEARNING_ENGINE\feature_optimizer\feature_optimizer.py,FEATURE_LAYER|DATA_LAYER
collector.py,E:\football_v\12_AUTONOMOUS_LEARNING_ENGINE\feedback_collector\collector.py,DATA_LAYER
improvement.py,E:\football_v\12_AUTONOMOUS_LEARNING_ENGINE\improvement_engine\improvement.py,RUNTIME_LAYER|DATA_LAYER
learning_engine.py,E:\football_v\12_AUTONOMOUS_LEARNING_ENGINE\model_learning\learning_engine.py,MODEL_LAYER|RUNTIME_LAYER|DATA_LAYER
reflection_engine.py,E:\football_v\12_AUTONOMOUS_LEARNING_ENGINE\self_reflection\reflection_engine.py,DATA_LAYER
optimizer.py,E:\football_v\12_AUTONOMOUS_LEARNING_ENGINE\weight_optimizer\optimizer.py,DATA_LAYER
module.py,E:\football_v\130_FINAL_SYSTEM_VALIDATION\module.py,
module.py,E:\football_v\131_USER_INTERFACE_LAYER\module.py,
module.py,E:\football_v\132_NATURAL_LANGUAGE_ENGINE\module.py,RUNTIME_LAYER
module.py,E:\football_v\133_CONVERSATION_MEMORY_LAYER\module.py,
module.py,E:\football_v\134_COMMAND_ROUTER_ENGINE\module.py,RUNTIME_LAYER
module.py,E:\football_v\135_API_GATEWAY_CONNECTOR\module.py,
module.py,E:\football_v\136_MODULE_DISPATCH_ENGINE\module.py,RUNTIME_LAYER
module.py,E:\football_v\137_REPORT_PRESENTATION_LAYER\module.py,
module.py,E:\football_v\138_LOCAL_CHAT_RUNTIME\module.py,RUNTIME_LAYER
module.py,E:\football_v\139_SYSTEM_HEALTH_INTERFACE\module.py,
exporter.py,E:\football_v\13_REPORT_INTELLIGENCE_LAYER\export_engine\exporter.py,RUNTIME_LAYER|DATA_LAYER
market_report.py,E:\football_v\13_REPORT_INTELLIGENCE_LAYER\market_report\market_report.py,MARKET_LAYER|DATA_LAYER
match_report.py,E:\football_v\13_REPORT_INTELLIGENCE_LAYER\match_report_generator\match_report.py,DATA_LAYER
model_report.py,E:\football_v\13_REPORT_INTELLIGENCE_LAYER\model_report\model_report.py,MODEL_LAYER|DATA_LAYER
post_match.py,E:\football_v\13_REPORT_INTELLIGENCE_LAYER\post_match_report\post_match.py,VALUE_LAYER|DATA_LAYER
probability_report.py,E:\football_v\13_REPORT_INTELLIGENCE_LAYER\probability_report\probability_report.py,MODEL_LAYER|PREDICTION_LAYER|DATA_LAYER
risk_report.py,E:\football_v\13_REPORT_INTELLIGENCE_LAYER\risk_report\risk_report.py,DATA_LAYER
visualizer.py,E:\football_v\13_REPORT_INTELLIGENCE_LAYER\visualization_engine\visualizer.py,RUNTIME_LAYER|DATA_LAYER
module.py,E:\football_v\140_FINAL_INTERFACE_VALIDATION\module.py,
module.py,E:\football_v\141_REAL_CHAT_EXECUTION_ENGINE\module.py,RUNTIME_LAYER
module.py,E:\football_v\142_DATABASE_QUERY_RUNTIME\module.py,RUNTIME_LAYER|DATA_LAYER
module.py,E:\football_v\143_MODEL_CALL_ORCHESTRATOR\module.py,MODEL_LAYER|RUNTIME_LAYER
module.py,E:\football_v\144_MATCH_ANALYSIS_EXECUTOR\module.py,RUNTIME_LAYER
module.py,E:\football_v\145_REPORT_GENERATION_RUNTIME\module.py,RUNTIME_LAYER
module.py,E:\football_v\146_HISTORY_CONVERSATION_STORE\module.py,RUNTIME_LAYER|FEATURE_LAYER
module.py,E:\football_v\147_TASK_SCHEDULER_ENGINE\module.py,RUNTIME_LAYER
module.py,E:\football_v\148_RUNTIME_ERROR_HANDLER\module.py,RUNTIME_LAYER
module.py,E:\football_v\149_SYSTEM_LOG_MANAGER\module.py,RUNTIME_LAYER
alert_manager.py,E:\football_v\14_SYSTEM_MONITORING_LAYER\alert_engine\alert_manager.py,
system_dashboard.py,E:\football_v\14_SYSTEM_MONITORING_LAYER\dashboard\system_dashboard.py,
database_checker.py,E:\football_v\14_SYSTEM_MONITORING_LAYER\database_monitor\database_checker.py,DATA_LAYER
error_collector.py,E:\football_v\14_SYSTEM_MONITORING_LAYER\error_monitor\error_collector.py,
health_checker.py,E:\football_v\14_SYSTEM_MONITORING_LAYER\health_monitor\health_checker.py,DATA_LAYER
model_checker.py,E:\football_v\14_SYSTEM_MONITORING_LAYER\model_monitor\model_checker.py,MODEL_LAYER|DATA_LAYER
performance_checker.py,E:\football_v\14_SYSTEM_MONITORING_LAYER\performance_monitor\performance_checker.py,FEATURE_LAYER
resource_checker.py,E:\football_v\14_SYSTEM_MONITORING_LAYER\resource_monitor\resource_checker.py,
module.py,E:\football_v\150_FINAL_RUNTIME_VALIDATION\module.py,RUNTIME_LAYER
scheduler.py,E:\football_v\15_API_INTEGRATION_LAYER\api_scheduler\scheduler.py,DATA_LAYER
sync_manager.py,E:\football_v\15_API_INTEGRATION_LAYER\data_sync_engine\sync_manager.py,DATA_LAYER
football_data_client.py,E:\football_v\15_API_INTEGRATION_LAYER\football_data_api\football_data_client.py,DATA_LAYER
injury_client.py,E:\football_v\15_API_INTEGRATION_LAYER\injury_api\injury_client.py,DATA_LAYER
news_client.py,E:\football_v\15_API_INTEGRATION_LAYER\news_api\news_client.py,DATA_LAYER
odds_client.py,E:\football_v\15_API_INTEGRATION_LAYER\odds_api\odds_client.py,MARKET_LAYER|DATA_LAYER
stats_client.py,E:\football_v\15_API_INTEGRATION_LAYER\stats_api\stats_client.py,DATA_LAYER
weather_client.py,E:\football_v\15_API_INTEGRATION_LAYER\weather_api\weather_client.py,DATA_LAYER
audit_logger.py,E:\football_v\16_DATABASE_GOVERNANCE_LAYER\audit_logger.py,DATA_LAYER
module.py,E:\football_v\16_DATABASE_GOVERNANCE_LAYER\module.py,DATA_LAYER
backup_engine_V1.0.py,E:\football_v\16_DATABASE_GOVERNANCE_LAYER\backup_engine\backup_engine_V1.0.py,RUNTIME_LAYER|DATA_LAYER
database_backup_scheduler_V1.0.py,E:\football_v\16_DATABASE_GOVERNANCE_LAYER\database_backup_scheduler\database_backup_scheduler_V1.0.py,DATA_LAYER
database_health_monitor_V1.0.py,E:\football_v\16_DATABASE_GOVERNANCE_LAYER\database_health_monitor\database_health_monitor_V1.0.py,DATA_LAYER
database_initializer_V1.0.py,E:\football_v\16_DATABASE_GOVERNANCE_LAYER\database_initializer\database_initializer_V1.0.py,MODEL_LAYER|FEATURE_LAYER|DATA_LAYER
database_restore_manager_V1.0.py,E:\football_v\16_DATABASE_GOVERNANCE_LAYER\database_restore_manager\database_restore_manager_V1.0.py,DATA_LAYER
database_schema_manager_V1.0.py,E:\football_v\16_DATABASE_GOVERNANCE_LAYER\database_schema_manager\database_schema_manager_V1.0.py,DATA_LAYER
database_version_manager_V1.0.py,E:\football_v\16_DATABASE_GOVERNANCE_LAYER\database_version_manager\database_version_manager_V1.0.py,DATA_LAYER
restore_engine_V1.0.py,E:\football_v\16_DATABASE_GOVERNANCE_LAYER\restore_engine\restore_engine_V1.0.py,RUNTIME_LAYER|DATA_LAYER
version_control_engine_V1.0.py,E:\football_v\16_DATABASE_GOVERNANCE_LAYER\version_control_engine\version_control_engine_V1.0.py,RUNTIME_LAYER|DATA_LAYER
model_loader.py,E:\football_v\17_MODEL_STORE_LAYER\model_loader.py,MODEL_LAYER|DATA_LAYER
module.py,E:\football_v\17_MODEL_STORE_LAYER\module.py,MODEL_LAYER|MARKET_LAYER|DATA_LAYER
model_artifact_manager_V1.0.py,E:\football_v\17_MODEL_STORE_LAYER\model_artifact_manager\model_artifact_manager_V1.0.py,MODEL_LAYER|DATA_LAYER
model_cache_manager_V1.0.py,E:\football_v\17_MODEL_STORE_LAYER\model_cache_manager\model_cache_manager_V1.0.py,MODEL_LAYER|DATA_LAYER
model_deployment_manager_V1.0.py,E:\football_v\17_MODEL_STORE_LAYER\model_deployment_manager\model_deployment_manager_V1.0.py,MODEL_LAYER|DATA_LAYER
model_loader_V1.0.py,E:\football_v\17_MODEL_STORE_LAYER\model_loader\model_loader_V1.0.py,MODEL_LAYER|MARKET_LAYER|DATA_LAYER
model_metrics_manager_V1.0.py,E:\football_v\17_MODEL_STORE_LAYER\model_metrics_manager\model_metrics_manager_V1.0.py,MODEL_LAYER|DATA_LAYER
model_parameter_manager_V1.0.py,E:\football_v\17_MODEL_STORE_LAYER\model_parameter_manager\model_parameter_manager_V1.0.py,MODEL_LAYER|DATA_LAYER
model_registry_V1.0.py,E:\football_v\17_MODEL_STORE_LAYER\model_registry\model_registry_V1.0.py,MODEL_LAYER|MARKET_LAYER|DATA_LAYER
model_validator_V1.0.py,E:\football_v\17_MODEL_STORE_LAYER\model_validator\model_validator_V1.0.py,MODEL_LAYER
model_version_manager_V1.0.py,E:\football_v\17_MODEL_STORE_LAYER\model_version_manager\model_version_manager_V1.0.py,MODEL_LAYER|DATA_LAYER
fusion_engine.py,E:\football_v\18_MODEL_EXECUTION_ENGINE\fusion_engine.py,MODEL_LAYER|RUNTIME_LAYER|DATA_LAYER
module.py,E:\football_v\18_MODEL_EXECUTION_ENGINE\module.py,MODEL_LAYER|BETTING_LAYER|DATA_LAYER|PREDICTION_LAYER|MARKET_LAYER|RUNTIME_LAYER
batch_predictor_V1.0.py,E:\football_v\18_MODEL_EXECUTION_ENGINE\batch_predictor\batch_predictor_V1.0.py,PREDICTION_LAYER|DATA_LAYER
confidence_engine_V1.0.py,E:\football_v\18_MODEL_EXECUTION_ENGINE\confidence_engine\confidence_engine_V1.0.py,RUNTIME_LAYER|DATA_LAYER
execution_monitor_V1.0.py,E:\football_v\18_MODEL_EXECUTION_ENGINE\execution_monitor\execution_monitor_V1.0.py,DATA_LAYER
feature_loader_V1.0.py,E:\football_v\18_MODEL_EXECUTION_ENGINE\feature_loader\feature_loader_V1.0.py,MODEL_LAYER|MARKET_LAYER|FEATURE_LAYER|DATA_LAYER
fusion_engine_V1.0.py,E:\football_v\18_MODEL_EXECUTION_ENGINE\fusion_engine\fusion_engine_V1.0.py,MODEL_LAYER|DATA_LAYER
model_loader_V1.0.py,E:\football_v\18_MODEL_EXECUTION_ENGINE\model_loader\model_loader_V1.0.py,MODEL_LAYER|MARKET_LAYER|DATA_LAYER
output_manager_V1.0.py,E:\football_v\18_MODEL_EXECUTION_ENGINE\output_manager\output_manager_V1.0.py,FEATURE_LAYER|DATA_LAYER
prediction_pipeline_V1.0.py,E:\football_v\18_MODEL_EXECUTION_ENGINE\prediction_pipeline\prediction_pipeline_V1.0.py,RUNTIME_LAYER|PREDICTION_LAYER|DATA_LAYER
prediction_scheduler_V1.0.py,E:\football_v\18_MODEL_EXECUTION_ENGINE\prediction_scheduler\prediction_scheduler_V1.0.py,PREDICTION_LAYER|DATA_LAYER
risk_engine_V1.0.py,E:\football_v\18_MODEL_EXECUTION_ENGINE\risk_engine\risk_engine_V1.0.py,RUNTIME_LAYER|DATA_LAYER
health_api.py,E:\football_v\19_API_LAYER\health_api.py,DATA_LAYER
module.py,E:\football_v\19_API_LAYER\module.py,DATA_LAYER
api_registry_V1.0.py,E:\football_v\19_API_LAYER\api_registry\api_registry_V1.0.py,DATA_LAYER
api_server_V1.0.py,E:\football_v\19_API_LAYER\api_server\api_server_V1.0.py,
health_api_V1.0.py,E:\football_v\19_API_LAYER\health_api\health_api_V1.0.py,DATA_LAYER
model_api_V1.0.py,E:\football_v\19_API_LAYER\model_api\model_api_V1.0.py,MODEL_LAYER|DATA_LAYER
prediction_api_V1.0.py,E:\football_v\19_API_LAYER\prediction_api\prediction_api_V1.0.py,PREDICTION_LAYER|DATA_LAYER
report_api_V1.0.py,E:\football_v\19_API_LAYER\report_api\report_api_V1.0.py,DATA_LAYER
dashboard.py,E:\football_v\20_DASHBOARD_LAYER\dashboard.py,DATA_LAYER
module.py,E:\football_v\20_DASHBOARD_LAYER\module.py,DATA_LAYER
dashboard_core_V1.0.py,E:\football_v\20_DASHBOARD_LAYER\dashboard_core\dashboard_core_V1.0.py,DATA_LAYER
market_dashboard_V1.0.py,E:\football_v\20_DASHBOARD_LAYER\market_dashboard\market_dashboard_V1.0.py,MARKET_LAYER|DATA_LAYER
model_dashboard_V1.0.py,E:\football_v\20_DASHBOARD_LAYER\model_dashboard\model_dashboard_V1.0.py,MODEL_LAYER|DATA_LAYER
prediction_dashboard_V1.0.py,E:\football_v\20_DASHBOARD_LAYER\prediction_dashboard\prediction_dashboard_V1.0.py,PREDICTION_LAYER|DATA_LAYER
probability_dashboard_V1.0.py,E:\football_v\20_DASHBOARD_LAYER\probability_dashboard\probability_dashboard_V1.0.py,PREDICTION_LAYER|DATA_LAYER
report_dashboard_V1.0.py,E:\football_v\20_DASHBOARD_LAYER\report_dashboard\report_dashboard_V1.0.py,DATA_LAYER
module.py,E:\football_v\21_PRODUCT_PACKAGE\module.py,
startup.py,E:\football_v\21_PRODUCT_PACKAGE\startup.py,DATA_LAYER
environment_checker_V1.0.py,E:\football_v\21_PRODUCT_PACKAGE\environment_checker\environment_checker_V1.0.py,DATA_LAYER
installer_V1.0.py,E:\football_v\21_PRODUCT_PACKAGE\installer\installer_V1.0.py,DATA_LAYER
package_builder_V1.0.py,E:\football_v\21_PRODUCT_PACKAGE\package_builder\package_builder_V1.0.py,DATA_LAYER
release_manager_V1.0.py,E:\football_v\21_PRODUCT_PACKAGE\release_manager\release_manager_V1.0.py,DATA_LAYER
update_manager_V1.0.py,E:\football_v\21_PRODUCT_PACKAGE\update_manager\update_manager_V1.0.py,DATA_LAYER
version_registry_V1.0.py,E:\football_v\21_PRODUCT_PACKAGE\version_registry\version_registry_V1.0.py,DATA_LAYER
feature_builder.py,E:\football_v\22_AI_FEATURE_STORE_LAYER\feature_builder.py,FEATURE_LAYER
feature_pipeline.py,E:\football_v\22_AI_FEATURE_STORE_LAYER\feature_pipeline.py,RUNTIME_LAYER|FEATURE_LAYER
feature_registry.py,E:\football_v\22_AI_FEATURE_STORE_LAYER\feature_registry.py,FEATURE_LAYER
module.py,E:\football_v\22_AI_FEATURE_STORE_LAYER\module.py,FEATURE_LAYER
dixon_coles_trainer.py,E:\football_v\23_MODEL_TRAINING_ENGINE\dixon_coles_trainer.py,MODEL_LAYER|RUNTIME_LAYER
elo_trainer.py,E:\football_v\23_MODEL_TRAINING_ENGINE\elo_trainer.py,MODEL_LAYER|RUNTIME_LAYER
fusion_trainer.py,E:\football_v\23_MODEL_TRAINING_ENGINE\fusion_trainer.py,MODEL_LAYER|RUNTIME_LAYER
module.py,E:\football_v\23_MODEL_TRAINING_ENGINE\module.py,MODEL_LAYER|RUNTIME_LAYER
poisson_trainer.py,E:\football_v\23_MODEL_TRAINING_ENGINE\poisson_trainer.py,MODEL_LAYER|RUNTIME_LAYER
xgboost_trainer.py,E:\football_v\23_MODEL_TRAINING_ENGINE\xgboost_trainer.py,MODEL_LAYER|RUNTIME_LAYER
backtest_connector_V2.0.py,E:\football_v\23_MODEL_TRAINING_ENGINE\backtest_connector\backtest_connector_V2.0.py,
dataset_manager_V2.0.py,E:\football_v\23_MODEL_TRAINING_ENGINE\dataset_manager\dataset_manager_V2.0.py,FEATURE_LAYER|DATA_LAYER
evaluation_engine_V2.0.py,E:\football_v\23_MODEL_TRAINING_ENGINE\evaluation_engine\evaluation_engine_V2.0.py,VALUE_LAYER|RUNTIME_LAYER|DATA_LAYER
feature_loader_V2.0.py,E:\football_v\23_MODEL_TRAINING_ENGINE\feature_loader\feature_loader_V2.0.py,MODEL_LAYER|FEATURE_LAYER|DATA_LAYER
model_trainer_V2.0.py,E:\football_v\23_MODEL_TRAINING_ENGINE\model_trainer\model_trainer_V2.0.py,MODEL_LAYER|DATA_LAYER
test_training_engine_V2.0.py,E:\football_v\23_MODEL_TRAINING_ENGINE\tests\test_training_engine_V2.0.py,MODEL_LAYER|RUNTIME_LAYER
training_pipeline_V2.0.py,E:\football_v\23_MODEL_TRAINING_ENGINE\training_pipeline\training_pipeline_V2.0.py,MODEL_LAYER|RUNTIME_LAYER|DATA_LAYER
handicap_engine.py,E:\football_v\24_PREDICTION_INTELLIGENCE_LAYER\handicap_engine.py,MARKET_LAYER|PREDICTION_LAYER|RUNTIME_LAYER
kelly_optimizer.py,E:\football_v\24_PREDICTION_INTELLIGENCE_LAYER\kelly_optimizer.py,BETTING_LAYER|PREDICTION_LAYER
market_risk_engine.py,E:\football_v\24_PREDICTION_INTELLIGENCE_LAYER\market_risk_engine.py,MARKET_LAYER|PREDICTION_LAYER|RUNTIME_LAYER
module.py,E:\football_v\24_PREDICTION_INTELLIGENCE_LAYER\module.py,PREDICTION_LAYER
probability_engine.py,E:\football_v\24_PREDICTION_INTELLIGENCE_LAYER\probability_engine.py,RUNTIME_LAYER|PREDICTION_LAYER
score_prediction_engine.py,E:\football_v\24_PREDICTION_INTELLIGENCE_LAYER\score_prediction_engine.py,RUNTIME_LAYER|PREDICTION_LAYER
capital_flow_detector.py,E:\football_v\24_PREDICTION_INTELLIGENCE_LAYER\market_intelligence\capital_flow_detector.py,MARKET_LAYER
market_sentiment_engine.py,E:\football_v\24_PREDICTION_INTELLIGENCE_LAYER\market_intelligence\market_sentiment_engine.py,MARKET_LAYER|RUNTIME_LAYER
odds_tracker.py,E:\football_v\24_PREDICTION_INTELLIGENCE_LAYER\market_intelligence\odds_tracker.py,MARKET_LAYER
prediction_report.py,E:\football_v\24_PREDICTION_INTELLIGENCE_LAYER\output_engine\prediction_report.py,PREDICTION_LAYER
risk_filter.py,E:\football_v\24_PREDICTION_INTELLIGENCE_LAYER\output_engine\risk_filter.py,
predictor.py,E:\football_v\24_PREDICTION_INTELLIGENCE_LAYER\prediction_core\predictor.py,PREDICTION_LAYER|FEATURE_LAYER|DATA_LAYER
dixon_coles_predictor.py,E:\football_v\24_PREDICTION_INTELLIGENCE_LAYER\prediction_models\dixon_coles_predictor.py,MODEL_LAYER|PREDICTION_LAYER|DATA_LAYER
elo_predictor.py,E:\football_v\24_PREDICTION_INTELLIGENCE_LAYER\prediction_models\elo_predictor.py,MODEL_LAYER|PREDICTION_LAYER|DATA_LAYER
poisson_predictor.py,E:\football_v\24_PREDICTION_INTELLIGENCE_LAYER\prediction_models\poisson_predictor.py,MODEL_LAYER|PREDICTION_LAYER|DATA_LAYER
xgboost_predictor.py,E:\football_v\24_PREDICTION_INTELLIGENCE_LAYER\prediction_models\xgboost_predictor.py,MODEL_LAYER|PREDICTION_LAYER|DATA_LAYER
feature_pipeline.py,E:\football_v\24_PREDICTION_INTELLIGENCE_LAYER\prediction_pipeline\feature_pipeline.py,RUNTIME_LAYER|FEATURE_LAYER|DATA_LAYER
prediction_pipeline.py,E:\football_v\24_PREDICTION_INTELLIGENCE_LAYER\prediction_pipeline\prediction_pipeline.py,RUNTIME_LAYER|PREDICTION_LAYER|DATA_LAYER
test_prediction_engine_V2.0.py,E:\football_v\24_PREDICTION_INTELLIGENCE_LAYER\tests\test_prediction_engine_V2.0.py,PREDICTION_LAYER
historical_runner.py,E:\football_v\25_BACKTEST_ENGINE\historical_runner.py,RUNTIME_LAYER
module.py,E:\football_v\25_BACKTEST_ENGINE\module.py,RUNTIME_LAYER
performance_report.py,E:\football_v\25_BACKTEST_ENGINE\performance_report.py,RUNTIME_LAYER|FEATURE_LAYER
roi_calculator.py,E:\football_v\25_BACKTEST_ENGINE\roi_calculator.py,VALUE_LAYER|RUNTIME_LAYER
backtest_pipeline_V2.0.py,E:\football_v\25_BACKTEST_ENGINE\backtest_pipeline\backtest_pipeline_V2.0.py,RUNTIME_LAYER|DATA_LAYER
data_split_engine_V2.0.py,E:\football_v\25_BACKTEST_ENGINE\data_split_engine\data_split_engine_V2.0.py,MODEL_LAYER|RUNTIME_LAYER|DATA_LAYER
historical_runner_V2.0.py,E:\football_v\25_BACKTEST_ENGINE\historical_runner\historical_runner_V2.0.py,DATA_LAYER
kelly_analyzer_V2.0.py,E:\football_v\25_BACKTEST_ENGINE\kelly_analyzer\kelly_analyzer_V2.0.py,BETTING_LAYER|DATA_LAYER
roi_calculator_V2.0.py,E:\football_v\25_BACKTEST_ENGINE\roi_calculator\roi_calculator_V2.0.py,VALUE_LAYER
data_scheduler.py,E:\football_v\26_AUTOMATION_LAYER\data_scheduler.py,DATA_LAYER
model_scheduler.py,E:\football_v\26_AUTOMATION_LAYER\model_scheduler.py,MODEL_LAYER
module.py,E:\football_v\26_AUTOMATION_LAYER\module.py,
monitoring_engine.py,E:\football_v\26_AUTOMATION_LAYER\monitoring_engine.py,RUNTIME_LAYER
data_refresh_V2.0.py,E:\football_v\26_AUTOMATION_LAYER\data_refresh\data_refresh_V2.0.py,DATA_LAYER
prediction_job_V2.0.py,E:\football_v\26_AUTOMATION_LAYER\prediction_job\prediction_job_V2.0.py,PREDICTION_LAYER
report_generator_V2.0.py,E:\football_v\26_AUTOMATION_LAYER\report_generator\report_generator_V2.0.py,
scheduler_V2.0.py,E:\football_v\26_AUTOMATION_LAYER\scheduler\scheduler_V2.0.py,
confidence_engine.py,E:\football_v\27_MODEL_FUSION_ENGINE\confidence_engine.py,RUNTIME_LAYER|PREDICTION_LAYER
fusion_engine_V2.1.py,E:\football_v\27_MODEL_FUSION_ENGINE\fusion_engine_V2.1.py,MODEL_LAYER|RUNTIME_LAYER|PREDICTION_LAYER|DATA_LAYER
model_weight_engine.py,E:\football_v\27_MODEL_FUSION_ENGINE\model_weight_engine.py,MODEL_LAYER|RUNTIME_LAYER
calibration_engine.py,E:\football_v\28_PROBABILITY_CALIBRATION_ENGINE\calibration_engine.py,RUNTIME_LAYER|PREDICTION_LAYER
odds_calibrator.py,E:\football_v\28_PROBABILITY_CALIBRATION_ENGINE\odds_calibrator.py,MARKET_LAYER
decision_engine.py,E:\football_v\29_DECISION_ENGINE\decision_engine.py,RUNTIME_LAYER|PREDICTION_LAYER|DATA_LAYER
kelly_decision.py,E:\football_v\29_DECISION_ENGINE\kelly_decision.py,BETTING_LAYER
capital_flow.py,E:\football_v\30_MARKET_GAME_ENGINE\capital_flow.py,MARKET_LAYER
market_engine.py,E:\football_v\30_MARKET_GAME_ENGINE\market_engine.py,MARKET_LAYER|RUNTIME_LAYER
feedback_engine.py,E:\football_v\31_SELF_LEARNING_ENGINE\feedback_engine.py,RUNTIME_LAYER|DATA_LAYER
model_update_engine.py,E:\football_v\31_SELF_LEARNING_ENGINE\model_update_engine.py,MODEL_LAYER
pipeline_controller.py,E:\football_v\32_PRODUCTION_ORCHESTRATOR\pipeline_controller.py,RUNTIME_LAYER
production_runner.py,E:\football_v\32_PRODUCTION_ORCHESTRATOR\production_runner.py,DATA_LAYER
dixon_coles_loader.py,E:\football_v\37_MODEL_INTELLIGENCE_CONNECTOR\dixon_coles_loader.py,RUNTIME_LAYER|DATA_LAYER
dixon_coles_trainer_V4.0.py,E:\football_v\40_MODEL_TRAINING_PIPELINE\trainer\dixon_coles_trainer_V4.0.py,MODEL_LAYER|RUNTIME_LAYER|DATA_LAYER
fusion_trainer_V4.0.py,E:\football_v\40_MODEL_TRAINING_PIPELINE\trainer\fusion_trainer_V4.0.py,MODEL_LAYER|RUNTIME_LAYER|DATA_LAYER
poisson_trainer_V4.0.py,E:\football_v\40_MODEL_TRAINING_PIPELINE\trainer\poisson_trainer_V4.0.py,MODEL_LAYER|RUNTIME_LAYER|DATA_LAYER
xgboost_trainer_V4.0.py,E:\football_v\40_MODEL_TRAINING_PIPELINE\trainer\xgboost_trainer_V4.0.py,MODEL_LAYER|RUNTIME_LAYER|DATA_LAYER
football_db_connector.py,E:\football_v\44_REAL_DATA_CONNECTOR\football_db_connector.py,
live_predictor.py,E:\football_v\49_LIVE_PREDICTION_ENGINE\live_predictor.py,
database_reader.py,E:\football_v\53_REAL_MATCH_QUERY_ENGINE\database_reader.py,PREDICTION_LAYER
match_scheduler.py,E:\football_v\58_REAL_PREDICTION_CONTROLLER\match_scheduler.py,RUNTIME_LAYER
execution_controller.py,E:\football_v\63_REAL_MATCH_EXECUTION_ENGINE\execution_controller.py,RUNTIME_LAYER
match_request.py,E:\football_v\68_MATCH_REQUEST_GATEWAY\match_request.py,
module.py,E:\football_v\68_REAL_ODDS_CONNECTOR\module.py,MARKET_LAYER
module.py,E:\football_v\69_LIVE_MATCH_FEATURE_ENGINE\module.py,RUNTIME_LAYER|FEATURE_LAYER
module.py,E:\football_v\70_AI_PREDICTION_CORE\module.py,PREDICTION_LAYER
module.py,E:\football_v\71_SCORE_PROBABILITY_ENGINE\module.py,RUNTIME_LAYER|PREDICTION_LAYER
module.py,E:\football_v\72_HANDICAP_DECISION_ENGINE\module.py,MARKET_LAYER|RUNTIME_LAYER
module.py,E:\football_v\73_MARKET_GAME_ANALYSIS_ENGINE\module.py,MARKET_LAYER|RUNTIME_LAYER
module.py,E:\football_v\74_FINAL_MATCH_ADVISOR\module.py,
module.py,E:\football_v\75_AUTO_LEARNING_FEEDBACK\module.py,DATA_LAYER
module.py,E:\football_v\76_MODEL_FEATURE_INTEGRATION\module.py,MODEL_LAYER|FEATURE_LAYER
module.py,E:\football_v\77_ELO_RUNTIME_ENGINE\module.py,MODEL_LAYER|RUNTIME_LAYER
module.py,E:\football_v\78_DIXON_COLES_RUNTIME_ENGINE\module.py,MODEL_LAYER|RUNTIME_LAYER
module.py,E:\football_v\79_POISSON_RUNTIME_ENGINE\module.py,MODEL_LAYER|RUNTIME_LAYER
module.py,E:\football_v\80_XGBOOST_RUNTIME_ENGINE\module.py,MODEL_LAYER|RUNTIME_LAYER
module.py,E:\football_v\81_MODEL_FUSION_PREDICTOR\module.py,MODEL_LAYER|PREDICTION_LAYER
module.py,E:\football_v\82_PROBABILITY_CALIBRATION_RUNTIME\module.py,RUNTIME_LAYER|PREDICTION_LAYER
module.py,E:\football_v\83_VALUE_BET_ENGINE\module.py,VALUE_LAYER|BETTING_LAYER|RUNTIME_LAYER
module.py,E:\football_v\84_KELLY_OPTIMIZATION_ENGINE\module.py,BETTING_LAYER|RUNTIME_LAYER
module.py,E:\football_v\85_FINAL_DECISION_ENGINE\module.py,RUNTIME_LAYER
module.py,E:\football_v\86_REAL_TIME_ODDS_ENGINE\module.py,MARKET_LAYER|RUNTIME_LAYER
module.py,E:\football_v\87_MARKET_MOVEMENT_ANALYZER\module.py,MARKET_LAYER
module.py,E:\football_v\87_MATCH_CONTEXT_ENGINE\module.py,RUNTIME_LAYER
module.py,E:\football_v\88_HANDICAP_PREDICTION_ENGINE\module.py,MARKET_LAYER|PREDICTION_LAYER|RUNTIME_LAYER
module.py,E:\football_v\88_TEAM_STRENGTH_DYNAMIC_ENGINE\module.py,RUNTIME_LAYER|FEATURE_LAYER
module.py,E:\football_v\89_PLAYER_IMPACT_ENGINE\module.py,RUNTIME_LAYER
module.py,E:\football_v\89_SCORE_SIMULATION_ENGINE\module.py,RUNTIME_LAYER|PREDICTION_LAYER
module.py,E:\football_v\90_AI_MATCH_SELECTION_ENGINE\module.py,RUNTIME_LAYER
module.py,E:\football_v\90_FATIGUE_ANALYSIS_ENGINE\module.py,RUNTIME_LAYER|FEATURE_LAYER
module.py,E:\football_v\91_CONFIDENCE_RANKING_ENGINE\module.py,RUNTIME_LAYER
module.py,E:\football_v\91_FORM_TREND_ENGINE\module.py,RUNTIME_LAYER|FEATURE_LAYER
module.py,E:\football_v\92_MARKET_EMOTION_ENGINE\module.py,MARKET_LAYER|RUNTIME_LAYER
module.py,E:\football_v\92_RISK_CONTROL_ENGINE\module.py,RUNTIME_LAYER
module.py,E:\football_v\93_CAPITAL_FLOW_ENGINE\module.py,MARKET_LAYER|RUNTIME_LAYER
module.py,E:\football_v\93_PORTFOLIO_BET_ENGINE\module.py,BETTING_LAYER|RUNTIME_LAYER
module.py,E:\football_v\94_HANDICAP_PENETRATION_ENGINE\module.py,MARKET_LAYER|RUNTIME_LAYER
module.py,E:\football_v\94_MATCH_REVIEW_ENGINE\module.py,VALUE_LAYER|RUNTIME_LAYER
module.py,E:\football_v\95_MODEL_FEEDBACK_ENGINE\module.py,MODEL_LAYER|RUNTIME_LAYER|DATA_LAYER
module.py,E:\football_v\96_AI_PREDICTION_ORCHESTRATOR\module.py,PREDICTION_LAYER
module.py,E:\football_v\96_MATCH_FEATURE_STORE\module.py,FEATURE_LAYER
module.py,E:\football_v\97_FINAL_MATCH_FORECAST_ENGINE\module.py,RUNTIME_LAYER|PREDICTION_LAYER
module.py,E:\football_v\97_MODEL_WEIGHT_OPTIMIZER\module.py,MODEL_LAYER
full_system_validation_V2.1.py,E:\football_v\97_TESTS\full_system_validation_V2.1.py,MARKET_LAYER
system_integration_test_V2.0.py,E:\football_v\97_TESTS\system_integration_test_V2.0.py,MODEL_LAYER|FEATURE_LAYER|PREDICTION_LAYER|DATA_LAYER
run_integration_test_V1.5.py,E:\football_v\97_TESTS\integration_test\run_integration_test_V1.5.py,MODEL_LAYER|RUNTIME_LAYER|DATA_LAYER
module.py,E:\football_v\98_AI_DECISION_REPORT_ENGINE\module.py,RUNTIME_LAYER
module.py,E:\football_v\98_PREDICTION_CONFIDENCE_ENGINE\module.py,RUNTIME_LAYER|PREDICTION_LAYER
module.py,E:\football_v\99_AI_RISK_CONTROL_ENGINE\module.py,RUNTIME_LAYER
analysis_report.py,E:\football_v\99_DOCUMENTATION\architecture_cleanup\FINAL_CLEANUP_V3.0\DEPRECATED_ARCHIVE\analysis_report.py,
capital_detector.py,E:\football_v\99_DOCUMENTATION\architecture_cleanup\FINAL_CLEANUP_V3.0\DEPRECATED_ARCHIVE\capital_detector.py,RUNTIME_LAYER|DATA_LAYER
command_parser.py,E:\football_v\99_DOCUMENTATION\architecture_cleanup\FINAL_CLEANUP_V3.0\DEPRECATED_ARCHIVE\command_parser.py,
compare_engine.py,E:\football_v\99_DOCUMENTATION\architecture_cleanup\FINAL_CLEANUP_V3.0\DEPRECATED_ARCHIVE\compare_engine.py,RUNTIME_LAYER
compatibility.py,E:\football_v\99_DOCUMENTATION\architecture_cleanup\FINAL_CLEANUP_V3.0\DEPRECATED_ARCHIVE\compatibility.py,VALUE_LAYER
conversation_manager.py,E:\football_v\99_DOCUMENTATION\architecture_cleanup\FINAL_CLEANUP_V3.0\DEPRECATED_ARCHIVE\conversation_manager.py,
database_governance_engine.py,E:\football_v\99_DOCUMENTATION\architecture_cleanup\FINAL_CLEANUP_V3.0\DEPRECATED_ARCHIVE\database_governance_engine.py,DATA_LAYER
data_lineage_engine.py,E:\football_v\99_DOCUMENTATION\architecture_cleanup\FINAL_CLEANUP_V3.0\DEPRECATED_ARCHIVE\data_lineage_engine.py,DATA_LAYER
data_quality_engine.py,E:\football_v\99_DOCUMENTATION\architecture_cleanup\FINAL_CLEANUP_V3.0\DEPRECATED_ARCHIVE\data_quality_engine.py,DATA_LAYER
data_status.py,E:\football_v\99_DOCUMENTATION\architecture_cleanup\FINAL_CLEANUP_V3.0\DEPRECATED_ARCHIVE\data_status.py,
data_validator.py,E:\football_v\99_DOCUMENTATION\architecture_cleanup\FINAL_CLEANUP_V3.0\DEPRECATED_ARCHIVE\data_validator.py,RUNTIME_LAYER|DATA_LAYER
elo_loader.py,E:\football_v\99_DOCUMENTATION\architecture_cleanup\FINAL_CLEANUP_V3.0\DEPRECATED_ARCHIVE\elo_loader.py,RUNTIME_LAYER|DATA_LAYER
execution_controller.py,E:\football_v\99_DOCUMENTATION\architecture_cleanup\FINAL_CLEANUP_V3.0\DEPRECATED_ARCHIVE\execution_controller.py,
feature_builder.py,E:\football_v\99_DOCUMENTATION\architecture_cleanup\FINAL_CLEANUP_V3.0\DEPRECATED_ARCHIVE\feature_builder.py,PREDICTION_LAYER
feature_calculator.py,E:\football_v\99_DOCUMENTATION\architecture_cleanup\FINAL_CLEANUP_V3.0\DEPRECATED_ARCHIVE\feature_calculator.py,
feature_checker.py,E:\football_v\99_DOCUMENTATION\architecture_cleanup\FINAL_CLEANUP_V3.0\DEPRECATED_ARCHIVE\feature_checker.py,
feature_importance.py,E:\football_v\99_DOCUMENTATION\architecture_cleanup\FINAL_CLEANUP_V3.0\DEPRECATED_ARCHIVE\feature_importance.py,MODEL_LAYER|RUNTIME_LAYER
feature_pipeline.py,E:\football_v\99_DOCUMENTATION\architecture_cleanup\FINAL_CLEANUP_V3.0\DEPRECATED_ARCHIVE\feature_pipeline.py,PREDICTION_LAYER
feature_processor.py,E:\football_v\99_DOCUMENTATION\architecture_cleanup\FINAL_CLEANUP_V3.0\DEPRECATED_ARCHIVE\feature_processor.py,RUNTIME_LAYER
feature_registry.py,E:\football_v\99_DOCUMENTATION\architecture_cleanup\FINAL_CLEANUP_V3.0\DEPRECATED_ARCHIVE\feature_registry.py,DATA_LAYER
feature_runtime.py,E:\football_v\99_DOCUMENTATION\architecture_cleanup\FINAL_CLEANUP_V3.0\DEPRECATED_ARCHIVE\feature_runtime.py,
feature_validator.py,E:\football_v\99_DOCUMENTATION\architecture_cleanup\FINAL_CLEANUP_V3.0\DEPRECATED_ARCHIVE\feature_validator.py,
final_report.py,E:\football_v\99_DOCUMENTATION\architecture_cleanup\FINAL_CLEANUP_V3.0\DEPRECATED_ARCHIVE\final_report.py,RUNTIME_LAYER
forecast_runner.py,E:\football_v\99_DOCUMENTATION\architecture_cleanup\FINAL_CLEANUP_V3.0\DEPRECATED_ARCHIVE\forecast_runner.py,RUNTIME_LAYER
forecast_service.py,E:\football_v\99_DOCUMENTATION\architecture_cleanup\FINAL_CLEANUP_V3.0\DEPRECATED_ARCHIVE\forecast_service.py,RUNTIME_LAYER
formatter.py,E:\football_v\99_DOCUMENTATION\architecture_cleanup\FINAL_CLEANUP_V3.0\DEPRECATED_ARCHIVE\formatter.py,VALUE_LAYER|FEATURE_LAYER
fusion_runner.py,E:\football_v\99_DOCUMENTATION\architecture_cleanup\FINAL_CLEANUP_V3.0\DEPRECATED_ARCHIVE\fusion_runner.py,PREDICTION_LAYER
fusion_runtime.py,E:\football_v\99_DOCUMENTATION\architecture_cleanup\FINAL_CLEANUP_V3.0\DEPRECATED_ARCHIVE\fusion_runtime.py,RUNTIME_LAYER
handicap_value.py,E:\football_v\99_DOCUMENTATION\architecture_cleanup\FINAL_CLEANUP_V3.0\DEPRECATED_ARCHIVE\handicap_value.py,RUNTIME_LAYER|DATA_LAYER
handlers.py,E:\football_v\99_DOCUMENTATION\architecture_cleanup\FINAL_CLEANUP_V3.0\DEPRECATED_ARCHIVE\handlers.py,FEATURE_LAYER
health_monitor.py,E:\football_v\99_DOCUMENTATION\architecture_cleanup\FINAL_CLEANUP_V3.0\DEPRECATED_ARCHIVE\health_monitor.py,
inference_controller.py,E:\football_v\99_DOCUMENTATION\architecture_cleanup\FINAL_CLEANUP_V3.0\DEPRECATED_ARCHIVE\inference_controller.py,RUNTIME_LAYER
inference_engine.py,E:\football_v\99_DOCUMENTATION\architecture_cleanup\FINAL_CLEANUP_V3.0\DEPRECATED_ARCHIVE\inference_engine.py,
kelly_engine.py,E:\football_v\99_DOCUMENTATION\architecture_cleanup\FINAL_CLEANUP_V3.0\DEPRECATED_ARCHIVE\kelly_engine.py,MODEL_LAYER|RUNTIME_LAYER|DATA_LAYER
learning_scheduler.py,E:\football_v\99_DOCUMENTATION\architecture_cleanup\FINAL_CLEANUP_V3.0\DEPRECATED_ARCHIVE\learning_scheduler.py,
live_feature.py,E:\football_v\99_DOCUMENTATION\architecture_cleanup\FINAL_CLEANUP_V3.0\DEPRECATED_ARCHIVE\live_feature.py,RUNTIME_LAYER
logger.py,E:\football_v\99_DOCUMENTATION\architecture_cleanup\FINAL_CLEANUP_V3.0\DEPRECATED_ARCHIVE\logger.py,VALUE_LAYER|FEATURE_LAYER
market_risk.py,E:\football_v\99_DOCUMENTATION\architecture_cleanup\FINAL_CLEANUP_V3.0\DEPRECATED_ARCHIVE\market_risk.py,RUNTIME_LAYER
market_sentiment.py,E:\football_v\99_DOCUMENTATION\architecture_cleanup\FINAL_CLEANUP_V3.0\DEPRECATED_ARCHIVE\market_sentiment.py,RUNTIME_LAYER|DATA_LAYER
match_executor.py,E:\football_v\99_DOCUMENTATION\architecture_cleanup\FINAL_CLEANUP_V3.0\DEPRECATED_ARCHIVE\match_executor.py,RUNTIME_LAYER
match_loader.py,E:\football_v\99_DOCUMENTATION\architecture_cleanup\FINAL_CLEANUP_V3.0\DEPRECATED_ARCHIVE\match_loader.py,
match_predictor.py,E:\football_v\99_DOCUMENTATION\architecture_cleanup\FINAL_CLEANUP_V3.0\DEPRECATED_ARCHIVE\match_predictor.py,RUNTIME_LAYER|DATA_LAYER
match_query.py,E:\football_v\99_DOCUMENTATION\architecture_cleanup\FINAL_CLEANUP_V3.0\DEPRECATED_ARCHIVE\match_query.py,PREDICTION_LAYER
match_report.py,E:\football_v\99_DOCUMENTATION\architecture_cleanup\FINAL_CLEANUP_V3.0\DEPRECATED_ARCHIVE\match_report.py,
model_api.py,E:\football_v\99_DOCUMENTATION\architecture_cleanup\FINAL_CLEANUP_V3.0\DEPRECATED_ARCHIVE\model_api.py,DATA_LAYER
model_connector.py,E:\football_v\99_DOCUMENTATION\architecture_cleanup\FINAL_CLEANUP_V3.0\DEPRECATED_ARCHIVE\model_connector.py,RUNTIME_LAYER|DATA_LAYER
model_executor.py,E:\football_v\99_DOCUMENTATION\architecture_cleanup\FINAL_CLEANUP_V3.0\DEPRECATED_ARCHIVE\model_executor.py,PREDICTION_LAYER
model_manager.py,E:\football_v\99_DOCUMENTATION\architecture_cleanup\FINAL_CLEANUP_V3.0\DEPRECATED_ARCHIVE\model_manager.py,MODEL_LAYER
model_registry.py,E:\football_v\99_DOCUMENTATION\architecture_cleanup\FINAL_CLEANUP_V3.0\DEPRECATED_ARCHIVE\model_registry.py,MODEL_LAYER|DATA_LAYER
model_runner.py,E:\football_v\99_DOCUMENTATION\architecture_cleanup\FINAL_CLEANUP_V3.0\DEPRECATED_ARCHIVE\model_runner.py,PREDICTION_LAYER
model_status.py,E:\football_v\99_DOCUMENTATION\architecture_cleanup\FINAL_CLEANUP_V3.0\DEPRECATED_ARCHIVE\model_status.py,DATA_LAYER
model_update.py,E:\football_v\99_DOCUMENTATION\architecture_cleanup\FINAL_CLEANUP_V3.0\DEPRECATED_ARCHIVE\model_update.py,
model_validator.py,E:\football_v\99_DOCUMENTATION\architecture_cleanup\FINAL_CLEANUP_V3.0\DEPRECATED_ARCHIVE\model_validator.py,
model_version_manager.py,E:\football_v\99_DOCUMENTATION\architecture_cleanup\FINAL_CLEANUP_V3.0\DEPRECATED_ARCHIVE\model_version_manager.py,MODEL_LAYER|DATA_LAYER
model_weight_loader.py,E:\football_v\99_DOCUMENTATION\architecture_cleanup\FINAL_CLEANUP_V3.0\DEPRECATED_ARCHIVE\model_weight_loader.py,RUNTIME_LAYER
module.py,E:\football_v\99_DOCUMENTATION\architecture_cleanup\FINAL_CLEANUP_V3.0\DEPRECATED_ARCHIVE\module.py,
module_router.py,E:\football_v\99_DOCUMENTATION\architecture_cleanup\FINAL_CLEANUP_V3.0\DEPRECATED_ARCHIVE\module_router.py,
odds_connector.py,E:\football_v\99_DOCUMENTATION\architecture_cleanup\FINAL_CLEANUP_V3.0\DEPRECATED_ARCHIVE\odds_connector.py,
odds_loader.py,E:\football_v\99_DOCUMENTATION\architecture_cleanup\FINAL_CLEANUP_V3.0\DEPRECATED_ARCHIVE\odds_loader.py,
odds_validator.py,E:\football_v\99_DOCUMENTATION\architecture_cleanup\FINAL_CLEANUP_V3.0\DEPRECATED_ARCHIVE\odds_validator.py,
odds_value.py,E:\football_v\99_DOCUMENTATION\architecture_cleanup\FINAL_CLEANUP_V3.0\DEPRECATED_ARCHIVE\odds_value.py,RUNTIME_LAYER
output_dispatcher.py,E:\football_v\99_DOCUMENTATION\architecture_cleanup\FINAL_CLEANUP_V3.0\DEPRECATED_ARCHIVE\output_dispatcher.py,RUNTIME_LAYER
package_builder.py,E:\football_v\99_DOCUMENTATION\architecture_cleanup\FINAL_CLEANUP_V3.0\DEPRECATED_ARCHIVE\package_builder.py,
performance.py,E:\football_v\99_DOCUMENTATION\architecture_cleanup\FINAL_CLEANUP_V3.0\DEPRECATED_ARCHIVE\performance.py,DATA_LAYER
performance_compare.py,E:\football_v\99_DOCUMENTATION\architecture_cleanup\FINAL_CLEANUP_V3.0\DEPRECATED_ARCHIVE\performance_compare.py,RUNTIME_LAYER
performance_monitor.py,E:\football_v\99_DOCUMENTATION\architecture_cleanup\FINAL_CLEANUP_V3.0\DEPRECATED_ARCHIVE\performance_monitor.py,
poisson_loader.py,E:\football_v\99_DOCUMENTATION\architecture_cleanup\FINAL_CLEANUP_V3.0\DEPRECATED_ARCHIVE\poisson_loader.py,RUNTIME_LAYER|DATA_LAYER
prediction.py,E:\football_v\99_DOCUMENTATION\architecture_cleanup\FINAL_CLEANUP_V3.0\DEPRECATED_ARCHIVE\prediction.py,DATA_LAYER
prediction_api.py,E:\football_v\99_DOCUMENTATION\architecture_cleanup\FINAL_CLEANUP_V3.0\DEPRECATED_ARCHIVE\prediction_api.py,DATA_LAYER
prediction_controller.py,E:\football_v\99_DOCUMENTATION\architecture_cleanup\FINAL_CLEANUP_V3.0\DEPRECATED_ARCHIVE\prediction_controller.py,RUNTIME_LAYER
prediction_db.py,E:\football_v\99_DOCUMENTATION\architecture_cleanup\FINAL_CLEANUP_V3.0\DEPRECATED_ARCHIVE\prediction_db.py,RUNTIME_LAYER
prediction_engine.py,E:\football_v\99_DOCUMENTATION\architecture_cleanup\FINAL_CLEANUP_V3.0\DEPRECATED_ARCHIVE\prediction_engine.py,MODEL_LAYER|RUNTIME_LAYER|DATA_LAYER
prediction_executor.py,E:\football_v\99_DOCUMENTATION\architecture_cleanup\FINAL_CLEANUP_V3.0\DEPRECATED_ARCHIVE\prediction_executor.py,
prediction_monitor.py,E:\football_v\99_DOCUMENTATION\architecture_cleanup\FINAL_CLEANUP_V3.0\DEPRECATED_ARCHIVE\prediction_monitor.py,
prediction_output.py,E:\football_v\99_DOCUMENTATION\architecture_cleanup\FINAL_CLEANUP_V3.0\DEPRECATED_ARCHIVE\prediction_output.py,
prediction_pipeline.py,E:\football_v\99_DOCUMENTATION\architecture_cleanup\FINAL_CLEANUP_V3.0\DEPRECATED_ARCHIVE\prediction_pipeline.py,PREDICTION_LAYER
prediction_runner.py,E:\football_v\99_DOCUMENTATION\architecture_cleanup\FINAL_CLEANUP_V3.0\DEPRECATED_ARCHIVE\prediction_runner.py,
prediction_runtime.py,E:\football_v\99_DOCUMENTATION\architecture_cleanup\FINAL_CLEANUP_V3.0\DEPRECATED_ARCHIVE\prediction_runtime.py,
prediction_storage.py,E:\football_v\99_DOCUMENTATION\architecture_cleanup\FINAL_CLEANUP_V3.0\DEPRECATED_ARCHIVE\prediction_storage.py,PREDICTION_LAYER
probability_checker.py,E:\football_v\99_DOCUMENTATION\architecture_cleanup\FINAL_CLEANUP_V3.0\DEPRECATED_ARCHIVE\probability_checker.py,
production_pipeline.py,E:\football_v\99_DOCUMENTATION\architecture_cleanup\FINAL_CLEANUP_V3.0\DEPRECATED_ARCHIVE\production_pipeline.py,RUNTIME_LAYER
quality__init__.py,E:\football_v\99_DOCUMENTATION\architecture_cleanup\FINAL_CLEANUP_V3.0\DEPRECATED_ARCHIVE\quality__init__.py,
release_checker.py,E:\football_v\99_DOCUMENTATION\architecture_cleanup\FINAL_CLEANUP_V3.0\DEPRECATED_ARCHIVE\release_checker.py,
release_manager.py,E:\football_v\99_DOCUMENTATION\architecture_cleanup\FINAL_CLEANUP_V3.0\DEPRECATED_ARCHIVE\release_manager.py,
report_api.py,E:\football_v\99_DOCUMENTATION\architecture_cleanup\FINAL_CLEANUP_V3.0\DEPRECATED_ARCHIVE\report_api.py,DATA_LAYER
report_exporter.py,E:\football_v\99_DOCUMENTATION\architecture_cleanup\FINAL_CLEANUP_V3.0\DEPRECATED_ARCHIVE\report_exporter.py,RUNTIME_LAYER
report_generator.py,E:\football_v\99_DOCUMENTATION\architecture_cleanup\FINAL_CLEANUP_V3.0\DEPRECATED_ARCHIVE\report_generator.py,MODEL_LAYER|RUNTIME_LAYER|DATA_LAYER
report_viewer.py,E:\football_v\99_DOCUMENTATION\architecture_cleanup\FINAL_CLEANUP_V3.0\DEPRECATED_ARCHIVE\report_viewer.py,
report_writer.py,E:\football_v\99_DOCUMENTATION\architecture_cleanup\FINAL_CLEANUP_V3.0\DEPRECATED_ARCHIVE\report_writer.py,
request_validator.py,E:\football_v\99_DOCUMENTATION\architecture_cleanup\FINAL_CLEANUP_V3.0\DEPRECATED_ARCHIVE\request_validator.py,
result_repository.py,E:\football_v\99_DOCUMENTATION\architecture_cleanup\FINAL_CLEANUP_V3.0\DEPRECATED_ARCHIVE\result_repository.py,RUNTIME_LAYER
result_writer.py,E:\football_v\99_DOCUMENTATION\architecture_cleanup\FINAL_CLEANUP_V3.0\DEPRECATED_ARCHIVE\result_writer.py,PREDICTION_LAYER
risk_analyzer.py,E:\football_v\99_DOCUMENTATION\architecture_cleanup\FINAL_CLEANUP_V3.0\DEPRECATED_ARCHIVE\risk_analyzer.py,RUNTIME_LAYER
risk_detector.py,E:\football_v\99_DOCUMENTATION\architecture_cleanup\FINAL_CLEANUP_V3.0\DEPRECATED_ARCHIVE\risk_detector.py,RUNTIME_LAYER|DATA_LAYER
risk_engine.py,E:\football_v\99_DOCUMENTATION\architecture_cleanup\FINAL_CLEANUP_V3.0\DEPRECATED_ARCHIVE\risk_engine.py,MODEL_LAYER|RUNTIME_LAYER|DATA_LAYER
risk_filter.py,E:\football_v\99_DOCUMENTATION\architecture_cleanup\FINAL_CLEANUP_V3.0\DEPRECATED_ARCHIVE\risk_filter.py,PREDICTION_LAYER
risk_report.py,E:\football_v\99_DOCUMENTATION\architecture_cleanup\FINAL_CLEANUP_V3.0\DEPRECATED_ARCHIVE\risk_report.py,
rollback_manager.py,E:\football_v\99_DOCUMENTATION\architecture_cleanup\FINAL_CLEANUP_V3.0\DEPRECATED_ARCHIVE\rollback_manager.py,MODEL_LAYER
runtime_controller.py,E:\football_v\99_DOCUMENTATION\architecture_cleanup\FINAL_CLEANUP_V3.0\DEPRECATED_ARCHIVE\runtime_controller.py,
score_predictor.py,E:\football_v\99_DOCUMENTATION\architecture_cleanup\FINAL_CLEANUP_V3.0\DEPRECATED_ARCHIVE\score_predictor.py,RUNTIME_LAYER|DATA_LAYER
score_report.py,E:\football_v\99_DOCUMENTATION\architecture_cleanup\FINAL_CLEANUP_V3.0\DEPRECATED_ARCHIVE\score_report.py,
service_gateway.py,E:\football_v\99_DOCUMENTATION\architecture_cleanup\FINAL_CLEANUP_V3.0\DEPRECATED_ARCHIVE\service_gateway.py,
setup_logger_module.py,E:\football_v\99_DOCUMENTATION\architecture_cleanup\FINAL_CLEANUP_V3.0\DEPRECATED_ARCHIVE\setup_logger_module.py,
system_dashboard.py,E:\football_v\99_DOCUMENTATION\architecture_cleanup\FINAL_CLEANUP_V3.0\DEPRECATED_ARCHIVE\system_dashboard.py,
system_registry.py,E:\football_v\99_DOCUMENTATION\architecture_cleanup\FINAL_CLEANUP_V3.0\DEPRECATED_ARCHIVE\system_registry.py,DATA_LAYER
system_validator.py,E:\football_v\99_DOCUMENTATION\architecture_cleanup\FINAL_CLEANUP_V3.0\DEPRECATED_ARCHIVE\system_validator.py,
task_queue_init.py,E:\football_v\99_DOCUMENTATION\architecture_cleanup\FINAL_CLEANUP_V3.0\DEPRECATED_ARCHIVE\task_queue_init.py,
test_api.py,E:\football_v\99_DOCUMENTATION\architecture_cleanup\FINAL_CLEANUP_V3.0\DEPRECATED_ARCHIVE\test_api.py,DATA_LAYER
test_dashboard.py,E:\football_v\99_DOCUMENTATION\architecture_cleanup\FINAL_CLEANUP_V3.0\DEPRECATED_ARCHIVE\test_dashboard.py,DATA_LAYER
test_database_governance.py,E:\football_v\99_DOCUMENTATION\architecture_cleanup\FINAL_CLEANUP_V3.0\DEPRECATED_ARCHIVE\test_database_governance.py,DATA_LAYER
test_execution_engine.py,E:\football_v\99_DOCUMENTATION\architecture_cleanup\FINAL_CLEANUP_V3.0\DEPRECATED_ARCHIVE\test_execution_engine.py,MODEL_LAYER|RUNTIME_LAYER|DATA_LAYER
test_model_store.py,E:\football_v\99_DOCUMENTATION\architecture_cleanup\FINAL_CLEANUP_V3.0\DEPRECATED_ARCHIVE\test_model_store.py,MODEL_LAYER|DATA_LAYER
value_analyzer.py,E:\football_v\99_DOCUMENTATION\architecture_cleanup\FINAL_CLEANUP_V3.0\DEPRECATED_ARCHIVE\value_analyzer.py,RUNTIME_LAYER
value_calculator.py,E:\football_v\99_DOCUMENTATION\architecture_cleanup\FINAL_CLEANUP_V3.0\DEPRECATED_ARCHIVE\value_calculator.py,RUNTIME_LAYER|DATA_LAYER
version_control.py,E:\football_v\99_DOCUMENTATION\architecture_cleanup\FINAL_CLEANUP_V3.0\DEPRECATED_ARCHIVE\version_control.py,DATA_LAYER
weight_storage.py,E:\football_v\99_DOCUMENTATION\architecture_cleanup\FINAL_CLEANUP_V3.0\DEPRECATED_ARCHIVE\weight_storage.py,MODEL_LAYER
xgboost_loader.py,E:\football_v\99_DOCUMENTATION\architecture_cleanup\FINAL_CLEANUP_V3.0\DEPRECATED_ARCHIVE\xgboost_loader.py,RUNTIME_LAYER|DATA_LAYER
logger.py,E:\football_v\99_DOCUMENTATION\backup\Core_Backup_V1.2\core\logger.py,VALUE_LAYER|FEATURE_LAYER
storage_manager.py,E:\football_v\99_DOCUMENTATION\backup\Storage_Merge_V1.0\storage_manager.py,FEATURE_LAYER|DATA_LAYER
file_service_backup.py,E:\football_v\99_DOCUMENTATION\checkpoints\file_service_backup_v11\file_service_backup.py,
hash_service_backup.py,E:\football_v\99_DOCUMENTATION\checkpoints\hash_service_backup_v11\hash_service_backup.py,DATA_LAYER
version_service_backup.py,E:\football_v\99_DOCUMENTATION\checkpoints\version_service_backup_v11\version_service_backup.py,
save_checkpoint.py,E:\football_v\99_DOCUMENTATION\tools\save_checkpoint.py,RUNTIME_LAYER|DATA_LAYER
module.py,E:\football_v\99_PRODUCTION_MONITOR_ENGINE\module.py,RUNTIME_LAYER
report.py,E:\football_v\AI_RUNTIME\report.py,DATA_LAYER
runtime.py,E:\football_v\AI_RUNTIME\runtime.py,MODEL_LAYER|RUNTIME_LAYER|DATA_LAYER
setup_logger_module.py,E:\football_v\archive\logger_migration\setup_logger_module.py,VALUE_LAYER|RUNTIME_LAYER|FEATURE_LAYER|DATA_LAYER
deploy_v15_phase2_patch3.py,E:\football_v\deploy\deploy_v15_phase2_patch3.py,RUNTIME_LAYER|DATA_LAYER
deploy_v15_phase3_11_knowledge_graph.py,E:\football_v\deploy\deploy_v15_phase3_11_knowledge_graph.py,VALUE_LAYER|RUNTIME_LAYER|DATA_LAYER
deploy_v15_phase3_3_reasoning.py,E:\football_v\deploy\deploy_v15_phase3_3_reasoning.py,VALUE_LAYER|RUNTIME_LAYER|FEATURE_LAYER|DATA_LAYER
deploy_v15_phase3_4.py,E:\football_v\deploy\deploy_v15_phase3_4.py,VALUE_LAYER|MODEL_LAYER|RUNTIME_LAYER|DATA_LAYER|PREDICTION_LAYER|FEATURE_LAYER
deploy_v15_phase3_5.py,E:\football_v\deploy\deploy_v15_phase3_5.py,VALUE_LAYER|RUNTIME_LAYER|FEATURE_LAYER|DATA_LAYER
deploy_v15_phase3_6.py,E:\football_v\deploy\deploy_v15_phase3_6.py,VALUE_LAYER|MODEL_LAYER|RUNTIME_LAYER|DATA_LAYER|PREDICTION_LAYER|FEATURE_LAYER
deploy_v15_phase3_7_real.py,E:\football_v\deploy\deploy_v15_phase3_7_real.py,VALUE_LAYER|FEATURE_LAYER|DATA_LAYER|PREDICTION_LAYER|RUNTIME_LAYER
deploy_v15_phase5_core.py,E:\football_v\deploy\deploy_v15_phase5_core.py,VALUE_LAYER|MODEL_LAYER|BETTING_LAYER|RUNTIME_LAYER|DATA_LAYER|PREDICTION_LAYER|MARKET_LAYER|FEATURE_LAYER
deploy_v15_phase6_training.py,E:\football_v\deploy\deploy_v15_phase6_training.py,VALUE_LAYER|MODEL_LAYER|RUNTIME_LAYER|DATA_LAYER|PREDICTION_LAYER|FEATURE_LAYER
deploy_remaining_batch_V1.5.py,E:\football_v\deployment_scripts\deploy_remaining_batch_V1.5.py,MODEL_LAYER|BETTING_LAYER|DATA_LAYER|PREDICTION_LAYER|MARKET_LAYER|RUNTIME_LAYER
ai_console.py,E:\football_v\USER_INTERFACE_LAYER\ai_console.py,
api_connector.py,E:\football_v\USER_INTERFACE_LAYER\api_connector.py,
chat_runtime.py,E:\football_v\USER_INTERFACE_LAYER\chat_runtime.py,RUNTIME_LAYER
command_router.py,E:\football_v\USER_INTERFACE_LAYER\command_router.py,MODEL_LAYER|DATA_LAYER
