"FullName","Length","LastWriteTime"
"E:\FOOTBALL_V\checkpoint_locations.txt","1948","2026-07-21 15:16:54"
"E:\FOOTBALL_V\check_db_tables.py","521","2026-07-23 10:03:43"
"E:\FOOTBALL_V\conftest.py","294","2026-07-21 18:59:53"
"E:\FOOTBALL_V\current_check.txt","32950","2026-07-20 15:31:01"
"E:\FOOTBALL_V\database_inspector.py","1907","2026-07-22 18:55:47"
"E:\FOOTBALL_V\database_migration_engine_V1.0.py","3675","2026-07-22 18:59:36"
"E:\FOOTBALL_V\deploy_ai_intelligence_V2.0.py","1987","2026-07-22 23:16:47"
"E:\FOOTBALL_V\deploy_console_v1_1.py","1927","2026-07-23 09:45:49"
"E:\FOOTBALL_V\deploy_frozen_v15_completion.py","2654","2026-07-23 00:31:49"
"E:\FOOTBALL_V\deploy_integration_test_V1.5.py","1463","2026-07-22 23:00:14"
"E:\FOOTBALL_V\deploy_integration_validation_V1.5.py","2114","2026-07-22 23:03:20"
"E:\FOOTBALL_V\deploy_local_console_v1.py","1872","2026-07-23 09:44:08"
"E:\FOOTBALL_V\deploy_phase11.py","1570","2026-07-22 23:50:58"
"E:\FOOTBALL_V\deploy_phase12.py","1252","2026-07-23 00:00:57"
"E:\FOOTBALL_V\deploy_phase13.py","1188","2026-07-23 00:02:41"
"E:\FOOTBALL_V\deploy_phase14.py","1233","2026-07-23 00:05:08"
"E:\FOOTBALL_V\deploy_phase15.py","1185","2026-07-23 00:06:27"
"E:\FOOTBALL_V\deploy_phase16.py","1335","2026-07-23 00:07:55"
"E:\FOOTBALL_V\deploy_phase17.py","1112","2026-07-23 00:12:05"
"E:\FOOTBALL_V\deploy_phase18_20.py","1198","2026-07-23 00:13:11"
"E:\FOOTBALL_V\deploy_phase21_25.py","997","2026-07-23 00:14:15"
"E:\FOOTBALL_V\deploy_phase26_30.py","838","2026-07-23 00:17:04"
"E:\FOOTBALL_V\deploy_phase31_35.py","851","2026-07-23 00:17:53"
"E:\FOOTBALL_V\deploy_phase36_40.py","800","2026-07-23 00:18:40"
"E:\FOOTBALL_V\deploy_phase51_55.py","2155","2026-07-23 09:47:21"
"E:\FOOTBALL_V\deploy_phase56_60.py","2080","2026-07-23 09:48:28"
"E:\FOOTBALL_V\deploy_remaining_modules_V1.5.py","0","2026-07-22 22:52:43"
"E:\FOOTBALL_V\deploy_remaining_modules_V1.5_FINAL.py","4102","2026-07-22 22:53:27"
"E:\FOOTBALL_V\deploy_v15_phase2_patch3.py","3340","2026-07-21 18:22:18"
"E:\FOOTBALL_V\final_acceptance_test.py","1217","2026-07-23 00:36:51"
"E:\FOOTBALL_V\final_deploy.py","2807","2026-07-23 09:50:49"
"E:\FOOTBALL_V\fix_integration_report_schema_V1.5.py","984","2026-07-22 23:07:54"
"E:\FOOTBALL_V\Football_AI_OS_Phase3_Snapshot.txt","87304","2026-07-21 19:43:49"
"E:\FOOTBALL_V\football_v_current_structure.txt","32816","2026-07-20 15:20:39"
"E:\FOOTBALL_V\football_v_current_tree.txt","42220","2026-07-21 15:13:55"
"E:\FOOTBALL_V\football_v_root_structure.txt","1796","2026-07-21 15:16:45"
"E:\FOOTBALL_V\framework_documents_list.txt","17850","2026-07-21 15:17:01"
"E:\FOOTBALL_V\framework_migration_report.json","26781","2026-07-19 17:51:42"
"E:\FOOTBALL_V\init_Football_AI_OS_v1.ps1","1598","2026-07-18 16:30:05"
"E:\FOOTBALL_V\legacy_delete_check.py","1449","2026-07-22 23:27:39"
"E:\FOOTBALL_V\migration_test.py","621","2026-07-22 19:01:38"
"E:\FOOTBALL_V\phase12_test.py","539","2026-07-23 00:01:19"
"E:\FOOTBALL_V\phase13_test.py","549","2026-07-23 00:02:57"
"E:\FOOTBALL_V\phase14_test.py","581","2026-07-23 00:05:17"
"E:\FOOTBALL_V\phase15_test.py","571","2026-07-23 00:06:38"
"E:\FOOTBALL_V\phase16_test.py","576","2026-07-23 00:08:06"
"E:\FOOTBALL_V\phase17_test.py","526","2026-07-23 00:12:13"
"E:\FOOTBALL_V\phase21_25_test.py","720","2026-07-23 00:14:24"
"E:\FOOTBALL_V\phase26_30_test.py","560","2026-07-23 00:17:13"
"E:\FOOTBALL_V\phase36_40_deploy.py","1204","2026-07-23 00:20:11"
"E:\FOOTBALL_V\phase36_40_deploy_test.py","1252","2026-07-23 00:22:29"
"E:\FOOTBALL_V\phase36_40_test.py","575","2026-07-23 00:19:02"
"E:\FOOTBALL_V\phase41_45_deploy_test.py","1190","2026-07-23 00:23:34"
"E:\FOOTBALL_V\phase46_50_deploy_test.py","1284","2026-07-23 00:24:20"
"E:\FOOTBALL_V\phase51_55_final_validation.py","1693","2026-07-23 00:36:24"
"E:\FOOTBALL_V\phase51_validation.py","1250","2026-07-23 00:33:41"
"E:\FOOTBALL_V\phase52_backtest.py","1207","2026-07-23 00:34:17"
"E:\FOOTBALL_V\pytest.ini","159","2026-07-21 18:09:13"
"E:\FOOTBALL_V\quality_report.json","531","2026-07-20 18:16:38"
"E:\FOOTBALL_V\release_final_patch_V2.0.1.py","1369","2026-07-22 23:24:58"
"E:\FOOTBALL_V\release_integration_V2.0.py","1360","2026-07-22 23:22:40"
"E:\FOOTBALL_V\release_registry_V1.5.json","354","2026-07-22 22:53:45"
"E:\FOOTBALL_V\release_validation_V1.5.py","954","2026-07-22 23:09:03"
"E:\FOOTBALL_V\start_ai_os.py","51","2026-07-23 09:50:50"
"E:\FOOTBALL_V\structure.txt","18150","2026-07-19 18:57:19"
"E:\FOOTBALL_V\test_ai_intelligence_V2.0.py","1030","2026-07-22 23:19:32"
"E:\FOOTBALL_V\validate_release_V2.0.py","2082","2026-07-22 23:21:06"
"E:\FOOTBALL_V\.pytest_cache\.gitignore","37","2026-07-21 19:43:02"
"E:\FOOTBALL_V\.pytest_cache\CACHEDIR.TAG","191","2026-07-21 19:43:02"
"E:\FOOTBALL_V\.pytest_cache\README.md","302","2026-07-21 19:43:02"
"E:\FOOTBALL_V\.pytest_cache\v\cache\lastfailed","2","2026-07-21 20:10:42"
"E:\FOOTBALL_V\.pytest_cache\v\cache\nodeids","3168","2026-07-21 20:51:21"
"E:\FOOTBALL_V\00_System_OS\deploy_architecture_cleanup_engine_V1.0.py","3582","2026-07-22 22:08:17"
"E:\FOOTBALL_V\00_System_OS\deploy_release_validation_engine_V1.0.py","4356","2026-07-22 22:03:57"
"E:\FOOTBALL_V\00_System_OS\deploy_system_quality_batch_01_V1.0.py","2546","2026-07-22 22:14:09"
"E:\FOOTBALL_V\00_System_OS\01_DATA_LAYER\deploy_schema_validator_final.ps1","0","2026-07-20 12:54:47"
"E:\FOOTBALL_V\00_System_OS\01_DATA_LAYER\main.py","2606","2026-07-19 12:23:44"
"E:\FOOTBALL_V\00_System_OS\01_DATA_LAYER\upgrade_validator_schema_v1.ps1","809","2026-07-20 12:52:03"
"E:\FOOTBALL_V\00_System_OS\01_DATA_LAYER\config\database_config.py","195","2026-07-18 23:52:41"
"E:\FOOTBALL_V\00_System_OS\01_DATA_LAYER\config\__pycache__\database_config.cpython-312.pyc","417","2026-07-20 15:13:03"
"E:\FOOTBALL_V\00_System_OS\01_DATA_LAYER\config\__pycache__\__init__.cpython-312.pyc","156","2026-07-20 15:13:03"
"E:\FOOTBALL_V\00_System_OS\01_DATA_LAYER\core\database\db_connection.py","1769","2026-07-20 13:34:37"
"E:\FOOTBALL_V\00_System_OS\01_DATA_LAYER\core\database\__pycache__\db_connection.cpython-312.pyc","2609","2026-07-20 15:13:03"
"E:\FOOTBALL_V\00_System_OS\01_DATA_LAYER\core\exception\base_exception.py","425","2026-07-20 14:00:50"
"E:\FOOTBALL_V\00_System_OS\01_DATA_LAYER\core\exception\database_exception.py","246","2026-07-20 14:00:50"
"E:\FOOTBALL_V\00_System_OS\01_DATA_LAYER\core\exception\error_codes.py","253","2026-07-20 13:26:40"
"E:\FOOTBALL_V\00_System_OS\01_DATA_LAYER\core\exception\exception_handler.py","253","2026-07-20 13:26:40"
"E:\FOOTBALL_V\00_System_OS\01_DATA_LAYER\core\exception\file_exception.py","245","2026-07-20 14:00:50"
"E:\FOOTBALL_V\00_System_OS\01_DATA_LAYER\core\exception\validation_exception.py","250","2026-07-20 14:00:50"
"E:\FOOTBALL_V\00_System_OS\01_DATA_LAYER\core\exception\__init__.py","350","2026-07-20 14:00:50"
"E:\FOOTBALL_V\00_System_OS\01_DATA_LAYER\core\exception\__pycache__\base_exception.cpython-312.pyc","910","2026-07-20 15:13:03"
"E:\FOOTBALL_V\00_System_OS\01_DATA_LAYER\core\exception\__pycache__\database_exception.cpython-312.pyc","684","2026-07-20 15:13:03"
"E:\FOOTBALL_V\00_System_OS\01_DATA_LAYER\core\exception\__pycache__\file_exception.cpython-312.pyc","682","2026-07-20 15:13:03"
"E:\FOOTBALL_V\00_System_OS\01_DATA_LAYER\core\exception\__pycache__\validation_exception.cpython-312.pyc","692","2026-07-20 15:13:03"
"E:\FOOTBALL_V\00_System_OS\01_DATA_LAYER\core\exception\__pycache__\__init__.cpython-312.pyc","457","2026-07-20 15:13:03"
"E:\FOOTBALL_V\00_System_OS\01_DATA_LAYER\core\file_service\file_service.py","2430","2026-07-20 13:47:37"
"E:\FOOTBALL_V\00_System_OS\01_DATA_LAYER\core\hash_service\hash_service.py","1708","2026-07-20 13:54:11"
"E:\FOOTBALL_V\00_System_OS\01_DATA_LAYER\core\logger\compatibility.py","435","2026-07-20 10:52:40"
"E:\FOOTBALL_V\00_System_OS\01_DATA_LAYER\core\logger\formatter.py","338","2026-07-19 18:14:38"
"E:\FOOTBALL_V\00_System_OS\01_DATA_LAYER\core\logger\handlers.py","549","2026-07-19 18:15:08"
"E:\FOOTBALL_V\00_System_OS\01_DATA_LAYER\core\logger\logger.py","1808","2026-07-20 11:07:36"
"E:\FOOTBALL_V\00_System_OS\01_DATA_LAYER\core\logger\log_config.json","84","2026-07-19 18:16:05"
"E:\FOOTBALL_V\00_System_OS\01_DATA_LAYER\core\logger\__init__.py","114","2026-07-20 10:52:40"
"E:\FOOTBALL_V\00_System_OS\01_DATA_LAYER\core\logger\__pycache__\formatter.cpython-312.pyc","741","2026-07-20 15:13:03"
"E:\FOOTBALL_V\00_System_OS\01_DATA_LAYER\core\logger\__pycache__\handlers.cpython-312.pyc","1045","2026-07-20 15:13:03"
"E:\FOOTBALL_V\00_System_OS\01_DATA_LAYER\core\logger\__pycache__\logger.cpython-312.pyc","2431","2026-07-20 15:13:03"
"E:\FOOTBALL_V\00_System_OS\01_DATA_LAYER\core\logger\__pycache__\__init__.cpython-312.pyc","269","2026-07-20 15:13:03"
"E:\FOOTBALL_V\00_System_OS\01_DATA_LAYER\core\validator\data_validator.py","1921","2026-07-20 12:39:09"
"E:\FOOTBALL_V\00_System_OS\01_DATA_LAYER\core\validator\schema_validator.py","416","2026-07-20 13:17:51"
"E:\FOOTBALL_V\00_System_OS\01_DATA_LAYER\core\validator\schema_validator_status.txt","43","2026-07-20 12:52:24"
"E:\FOOTBALL_V\00_System_OS\01_DATA_LAYER\core\validator\validation_result.py","1670","2026-07-20 12:38:05"
"E:\FOOTBALL_V\00_System_OS\01_DATA_LAYER\core\validator\__init__.py","343","2026-07-20 12:37:51"
"E:\FOOTBALL_V\00_System_OS\01_DATA_LAYER\core\validator\__pycache__\data_validator.cpython-312.pyc","2239","2026-07-20 15:15:02"
"E:\FOOTBALL_V\00_System_OS\01_DATA_LAYER\core\validator\__pycache__\validation_result.cpython-312.pyc","2297","2026-07-20 15:15:02"
"E:\FOOTBALL_V\00_System_OS\01_DATA_LAYER\core\validator\__pycache__\__init__.cpython-312.pyc","458","2026-07-20 15:15:02"
"E:\FOOTBALL_V\00_System_OS\01_DATA_LAYER\core\version_service\version_service.py","1671","2026-07-20 13:56:36"
"E:\FOOTBALL_V\00_System_OS\01_DATA_LAYER\database\football_ai_os.db","110592","2026-07-19 15:20:36"
"E:\FOOTBALL_V\00_System_OS\01_DATA_LAYER\database\新建文本文档.txt","0","2026-07-19 15:59:20"
"E:\FOOTBALL_V\00_System_OS\01_DATA_LAYER\import_pipeline\archive_manager.py","266","2026-07-19 12:08:12"
"E:\FOOTBALL_V\00_System_OS\01_DATA_LAYER\import_pipeline\duplicate_checker.py","649","2026-07-19 12:21:55"
"E:\FOOTBALL_V\00_System_OS\01_DATA_LAYER\import_pipeline\importer.py","1855","2026-07-19 12:22:16"
"E:\FOOTBALL_V\00_System_OS\01_DATA_LAYER\import_pipeline\scanner.py","437","2026-07-19 12:06:18"
"E:\FOOTBALL_V\00_System_OS\01_DATA_LAYER\import_pipeline\validator.py","359","2026-07-19 12:07:35"
"E:\FOOTBALL_V\00_System_OS\01_DATA_LAYER\logs\2026-07-19.log","274","2026-07-19 12:24:26"
"E:\FOOTBALL_V\00_System_OS\01_DATA_LAYER\logs\football_ai.log","66","2026-07-20 11:12:41"
"E:\FOOTBALL_V\00_System_OS\01_DATA_LAYER\market\bookmaker_manager.py","1287","2026-07-18 23:35:41"
"E:\FOOTBALL_V\00_System_OS\01_DATA_LAYER\market\market_type_manager.py","870","2026-07-18 23:44:46"
"E:\FOOTBALL_V\00_System_OS\01_DATA_LAYER\market\odds_manager.py","1217","2026-07-18 23:46:08"
"E:\FOOTBALL_V\00_System_OS\01_DATA_LAYER\quality\quality_checker.py","1450","2026-07-19 14:54:27"
"E:\FOOTBALL_V\00_System_OS\01_DATA_LAYER\quality\quality_engine.py","5527","2026-07-19 15:19:46"
"E:\FOOTBALL_V\00_System_OS\01_DATA_LAYER\quality\quality_report.py","758","2026-07-19 14:55:51"
"E:\FOOTBALL_V\00_System_OS\01_DATA_LAYER\registry\data_lineage.py","566","2026-07-19 11:15:23"
"E:\FOOTBALL_V\00_System_OS\01_DATA_LAYER\registry\import_tracker.py","629","2026-07-19 11:16:02"
"E:\FOOTBALL_V\00_System_OS\01_DATA_LAYER\registry\quality_score.py","527","2026-07-19 11:16:34"
"E:\FOOTBALL_V\00_System_OS\01_DATA_LAYER\registry\registry_manager.py","1159","2026-07-19 11:54:38"
"E:\FOOTBALL_V\00_System_OS\01_DATA_LAYER\reports\database_inspection_report.json","4561","2026-07-22 18:55:52"
"E:\FOOTBALL_V\00_System_OS\01_DATA_LAYER\reports\database_migration_report.json","540","2026-07-22 19:00:07"
"E:\FOOTBALL_V\00_System_OS\01_DATA_LAYER\scripts\create_data_layer.py","936","2026-07-18 23:21:19"
"E:\FOOTBALL_V\00_System_OS\01_DATA_LAYER\scripts\database_alert_final_upgrade.py","1247","2026-07-19 15:10:01"
"E:\FOOTBALL_V\00_System_OS\01_DATA_LAYER\scripts\database_init.py","1437","2026-07-18 23:29:17"
"E:\FOOTBALL_V\00_System_OS\01_DATA_LAYER\scripts\database_market_init.py","1425","2026-07-18 23:41:44"
"E:\FOOTBALL_V\00_System_OS\01_DATA_LAYER\scripts\database_quality_alert_upgrade.py","1445","2026-07-19 15:02:44"
"E:\FOOTBALL_V\00_System_OS\01_DATA_LAYER\scripts\database_quality_init.py","2522","2026-07-19 14:45:57"
"E:\FOOTBALL_V\00_System_OS\01_DATA_LAYER\scripts\database_task_reliability_init.py","2438","2026-07-19 14:17:32"
"E:\FOOTBALL_V\00_System_OS\01_DATA_LAYER\scripts\database_task_table_upgrade.py","1543","2026-07-19 14:36:44"
"E:\FOOTBALL_V\00_System_OS\01_DATA_LAYER\scripts\quality_rule_init.py","3095","2026-07-19 14:47:56"
"E:\FOOTBALL_V\00_System_OS\01_DATA_LAYER\scripts\registry_init.py","1666","2026-07-19 11:48:04"
"E:\FOOTBALL_V\00_System_OS\01_DATA_LAYER\scripts\registry_manager.py","1557","2026-07-18 23:30:16"
"E:\FOOTBALL_V\00_System_OS\01_DATA_LAYER\scripts\retry_policy_init.py","2813","2026-07-19 14:24:10"
"E:\FOOTBALL_V\00_System_OS\01_DATA_LAYER\scripts\task_queue_init.py","863","2026-07-19 12:38:06"
"E:\FOOTBALL_V\00_System_OS\01_DATA_LAYER\scripts\test.csv","14","2026-07-18 23:30:33"
"E:\FOOTBALL_V\00_System_OS\01_DATA_LAYER\scripts\test_quality_engine.py","1807","2026-07-19 14:57:55"
"E:\FOOTBALL_V\00_System_OS\01_DATA_LAYER\scripts\test_registry_flow.py","1666","2026-07-19 11:51:57"
"E:\FOOTBALL_V\00_System_OS\01_DATA_LAYER\scripts\test_retry_logger.py","1228","2026-07-19 14:29:34"
"E:\FOOTBALL_V\00_System_OS\01_DATA_LAYER\scripts\test_scheduler.py","2330","2026-07-19 13:38:06"
"E:\FOOTBALL_V\00_System_OS\01_DATA_LAYER\scripts\test_scheduler_reliability.py","1185","2026-07-19 14:41:26"
"E:\FOOTBALL_V\00_System_OS\01_DATA_LAYER\scripts\test_task_history.py","1263","2026-07-19 14:27:06"
"E:\FOOTBALL_V\00_System_OS\01_DATA_LAYER\scripts\test_task_manager_reliability.py","1037","2026-07-19 14:34:19"
"E:\FOOTBALL_V\00_System_OS\01_DATA_LAYER\scripts\test_task_queue.py","1025","2026-07-19 12:44:39"
"E:\FOOTBALL_V\00_System_OS\01_DATA_LAYER\scripts\test_task_reliability_full.py","1904","2026-07-19 14:43:15"
"E:\FOOTBALL_V\00_System_OS\01_DATA_LAYER\task_queue\manual_task.py","530","2026-07-19 12:40:23"
"E:\FOOTBALL_V\00_System_OS\01_DATA_LAYER\task_queue\retry_engine.py","4126","2026-07-19 14:31:30"
"E:\FOOTBALL_V\00_System_OS\01_DATA_LAYER\task_queue\retry_logger.py","2110","2026-07-19 14:28:49"
"E:\FOOTBALL_V\00_System_OS\01_DATA_LAYER\task_queue\scheduler.py","3532","2026-07-19 14:40:22"
"E:\FOOTBALL_V\00_System_OS\01_DATA_LAYER\task_queue\task_history.py","2073","2026-07-19 14:26:20"
"E:\FOOTBALL_V\00_System_OS\01_DATA_LAYER\task_queue\task_manager.py","3167","2026-07-19 14:33:10"
"E:\FOOTBALL_V\00_System_OS\01_DATA_LAYER\task_queue\task_query.py","816","2026-07-19 12:43:30"
"E:\FOOTBALL_V\00_System_OS\01_DATA_LAYER\task_queue\task_status.py","154","2026-07-19 12:39:24"
"E:\FOOTBALL_V\00_System_OS\01_DATA_LAYER\task_queue\新建文本文档.txt","0","2026-07-19 14:30:46"
"E:\FOOTBALL_V\00_System_OS\01_DATA_LAYER\test_data\test_odds.csv","88","2026-07-19 12:12:02"
"E:\FOOTBALL_V\00_System_OS\ARCHITECTURE_CLEANUP\architecture_classifier\architecture_classifier_V1.0.py","867","2026-07-22 22:08:26"
"E:\FOOTBALL_V\00_System_OS\ARCHITECTURE_CLEANUP\architecture_classifier\__pycache__\architecture_classifier_V1.0.cpython-312.pyc","1427","2026-07-22 22:09:16"
"E:\FOOTBALL_V\00_System_OS\ARCHITECTURE_CLEANUP\architecture_scanner\architecture_scanner_V1.0.py","463","2026-07-22 22:08:26"
"E:\FOOTBALL_V\00_System_OS\ARCHITECTURE_CLEANUP\architecture_scanner\__pycache__\architecture_scanner_V1.0.cpython-312.pyc","1021","2026-07-22 22:09:16"
"E:\FOOTBALL_V\00_System_OS\ARCHITECTURE_CLEANUP\config\architecture_rules.json","73","2026-07-22 22:08:26"
"E:\FOOTBALL_V\00_System_OS\ARCHITECTURE_CLEANUP\config\__pycache__\architecture_rules.cpython-312.pyc","258","2026-07-22 22:09:16"
"E:\FOOTBALL_V\00_System_OS\ARCHITECTURE_CLEANUP\registry_manager\registry_manager_V1.0.py","744","2026-07-22 22:08:26"
"E:\FOOTBALL_V\00_System_OS\ARCHITECTURE_CLEANUP\registry_manager\registry_manager_V1.1.py","828","2026-07-22 22:09:06"
"E:\FOOTBALL_V\00_System_OS\ARCHITECTURE_CLEANUP\registry_manager\__pycache__\registry_manager_V1.1.cpython-312.pyc","1185","2026-07-22 22:09:16"
"E:\FOOTBALL_V\00_System_OS\ARCHITECTURE_CLEANUP\reports\architecture_cleanup_test_report.json","832","2026-07-22 22:09:16"
"E:\FOOTBALL_V\00_System_OS\ARCHITECTURE_CLEANUP\tests\test_architecture_cleanup_V1.0.py","825","2026-07-22 22:08:26"
"E:\FOOTBALL_V\00_System_OS\ARCHITECTURE_CLEANUP\tests\test_architecture_cleanup_V1.1.py","1150","2026-07-22 22:09:07"
"E:\FOOTBALL_V\00_System_OS\Automation\logs\scheduler_log.json","360","2026-07-18 18:57:56"
"E:\FOOTBALL_V\00_System_OS\Automation\logs\workflow_run_log.json","1570","2026-07-18 18:20:10"
"E:\FOOTBALL_V\00_System_OS\Automation\scheduler\install_monitor_task.ps1","641","2026-07-18 19:20:14"
"E:\FOOTBALL_V\00_System_OS\Automation\scheduler\install_recovery_task.ps1","809","2026-07-18 19:31:46"
"E:\FOOTBALL_V\00_System_OS\Automation\scheduler\install_task.ps1","810","2026-07-18 19:03:50"
"E:\FOOTBALL_V\00_System_OS\Automation\scheduler\scheduler_config.json","348","2026-07-18 18:53:49"
"E:\FOOTBALL_V\00_System_OS\Automation\scheduler\scheduler_manager.py","1749","2026-07-18 18:54:23"
"E:\FOOTBALL_V\00_System_OS\Automation\task_manager\task_history.json","263","2026-07-18 18:43:39"
"E:\FOOTBALL_V\00_System_OS\Automation\task_manager\task_manager.py","1954","2026-07-18 18:41:12"
"E:\FOOTBALL_V\00_System_OS\Automation\task_manager\task_registry.json","415","2026-07-18 18:43:27"
"E:\FOOTBALL_V\00_System_OS\Automation\workflow\workflow.json","1367","2026-07-18 18:08:41"
"E:\FOOTBALL_V\00_System_OS\Automation\workflow\workflow_runner.py","4248","2026-07-18 18:20:05"
"E:\FOOTBALL_V\00_System_OS\Bootstrap\bootstrap.py","2872","2026-07-18 19:56:17"
"E:\FOOTBALL_V\00_System_OS\Bootstrap\bootstrap_config.json","201","2026-07-18 19:34:58"
"E:\FOOTBALL_V\00_System_OS\Bootstrap\bootstrap_log.json","551","2026-07-18 19:36:52"
"E:\FOOTBALL_V\00_System_OS\Bootstrap\config_generator.py","1773","2026-07-18 19:58:18"
"E:\FOOTBALL_V\00_System_OS\Bootstrap\deployment_log.txt","137","2026-07-18 19:45:42"
"E:\FOOTBALL_V\00_System_OS\Bootstrap\deployment_report.json","760","2026-07-18 19:56:34"
"E:\FOOTBALL_V\00_System_OS\Bootstrap\deploy_system.py","1709","2026-07-18 19:45:20"
"E:\FOOTBALL_V\00_System_OS\Bootstrap\setup_system.py","1459","2026-07-18 19:35:27"
"E:\FOOTBALL_V\00_System_OS\Bootstrap\system_check.py","2300","2026-07-18 19:39:50"
"E:\FOOTBALL_V\00_System_OS\Bootstrap\system_check_log.json","421","2026-07-18 19:45:42"
"E:\FOOTBALL_V\00_System_OS\Bootstrap\config\automation.yaml","93","2026-07-18 19:59:23"
"E:\FOOTBALL_V\00_System_OS\Bootstrap\config\config_generation.json","176","2026-07-18 19:59:23"
"E:\FOOTBALL_V\00_System_OS\Bootstrap\config\monitor.yaml","65","2026-07-18 19:59:23"
"E:\FOOTBALL_V\00_System_OS\Bootstrap\config\recovery.yaml","63","2026-07-18 19:59:23"
"E:\FOOTBALL_V\00_System_OS\Bootstrap\config\system.yaml","65","2026-07-18 19:59:23"
"E:\FOOTBALL_V\00_System_OS\deployment_controller\alpha_integration_sprint_report.json","161","2026-07-22 21:53:26"
"E:\FOOTBALL_V\00_System_OS\deployment_controller\alpha_product_deployment_report.json","1654","2026-07-22 21:52:07"
"E:\FOOTBALL_V\00_System_OS\deployment_controller\deploy_alpha_integration_sprint_V1.0.py","3729","2026-07-22 21:53:14"
"E:\FOOTBALL_V\00_System_OS\deployment_controller\deploy_alpha_product_sprint_V1.0.py","2770","2026-07-22 21:51:56"
"E:\FOOTBALL_V\00_System_OS\DEPLOYMENT_QUALITY_CHECKER\deployment_quality_checker_V1.0.py","832","2026-07-22 22:14:39"
"E:\FOOTBALL_V\00_System_OS\DEPLOYMENT_QUALITY_CHECKER\reports\quality_report.json","271","2026-07-22 22:14:39"
"E:\FOOTBALL_V\00_System_OS\ENVIRONMENT_CHECKER\environment_checker_V1.0.py","243","2026-07-22 22:14:39"
"E:\FOOTBALL_V\00_System_OS\File_Manager\archive\archive_index.json","1097","2026-07-18 17:05:51"
"E:\FOOTBALL_V\00_System_OS\File_Manager\archive\archive_manager.py","2517","2026-07-18 17:05:33"
"E:\FOOTBALL_V\00_System_OS\File_Manager\archive\archive_manager_v11.py","2101","2026-07-18 17:54:37"
"E:\FOOTBALL_V\00_System_OS\File_Manager\archive\archive_report.json","2747","2026-07-18 17:55:04"
"E:\FOOTBALL_V\00_System_OS\File_Manager\archive\archive_rules.json","167","2026-07-18 17:53:47"
"E:\FOOTBALL_V\00_System_OS\File_Manager\archive\storage\20260718_170551\duplicate_report.csv","1886","2026-07-18 16:52:26"
"E:\FOOTBALL_V\00_System_OS\File_Manager\archive\storage\20260718_170551\file_inventory.csv","3306","2026-07-18 16:49:31"
"E:\FOOTBALL_V\00_System_OS\File_Manager\archive\storage\20260718_170551\lifecycle_report.csv","2175","2026-07-18 17:01:26"
"E:\FOOTBALL_V\00_System_OS\File_Manager\config\file_manager.yaml","0","2026-07-18 16:41:19"
"E:\FOOTBALL_V\00_System_OS\File_Manager\duplicate\duplicate_detector_v11.py","2735","2026-07-18 17:45:40"
"E:\FOOTBALL_V\00_System_OS\File_Manager\duplicate\duplicate_report_v11.json","15126","2026-07-18 17:47:57"
"E:\FOOTBALL_V\00_System_OS\File_Manager\hash\duplicate_detector.py","2007","2026-07-18 16:52:06"
"E:\FOOTBALL_V\00_System_OS\File_Manager\lifecycle\lifecycle_engine.py","2123","2026-07-18 17:32:44"
"E:\FOOTBALL_V\00_System_OS\File_Manager\lifecycle\lifecycle_history.json","2355","2026-07-18 17:33:19"
"E:\FOOTBALL_V\00_System_OS\File_Manager\lifecycle\lifecycle_manager.py","2129","2026-07-18 17:01:06"
"E:\FOOTBALL_V\00_System_OS\File_Manager\lifecycle\lifecycle_rules.json","1113","2026-07-18 17:32:00"
"E:\FOOTBALL_V\00_System_OS\File_Manager\registry\asset_schema.json","2100","2026-07-18 17:12:51"
"E:\FOOTBALL_V\00_System_OS\File_Manager\registry\file_registry.json","6802","2026-07-18 16:49:31"
"E:\FOOTBALL_V\00_System_OS\File_Manager\registry\file_registry_v11.json","9122","2026-07-18 17:33:19"
"E:\FOOTBALL_V\00_System_OS\File_Manager\registry\file_registry_v11.py","2431","2026-07-18 17:15:54"
"E:\FOOTBALL_V\00_System_OS\File_Manager\reports\duplicate_report.csv","1886","2026-07-18 16:52:26"
"E:\FOOTBALL_V\00_System_OS\File_Manager\reports\file_inventory.csv","3306","2026-07-18 16:49:31"
"E:\FOOTBALL_V\00_System_OS\File_Manager\reports\lifecycle_report.csv","2175","2026-07-18 17:01:26"
"E:\FOOTBALL_V\00_System_OS\File_Manager\runtime\file_manager_state.json","0","2026-07-18 16:41:19"
"E:\FOOTBALL_V\00_System_OS\File_Manager\scanner\file_scanner.py","4062","2026-07-18 16:49:06"
"E:\FOOTBALL_V\00_System_OS\File_Manager\source\source_schema.json","2213","2026-07-18 17:19:15"
"E:\FOOTBALL_V\00_System_OS\File_Manager\version\version_manager.py","2276","2026-07-18 17:40:26"
"E:\FOOTBALL_V\00_System_OS\File_Manager\version\version_registry.json","6135","2026-07-18 17:40:50"
"E:\FOOTBALL_V\00_System_OS\File_Manager\version\version_schema.json","934","2026-07-18 17:36:58"
"E:\FOOTBALL_V\00_System_OS\FINAL_RELEASE_GATE\final_release_gate_V1.0.py","265","2026-07-22 22:14:39"
"E:\FOOTBALL_V\00_System_OS\integration_test\deploy_alpha_integration_test_V1.0.py","2270","2026-07-22 21:55:36"
"E:\FOOTBALL_V\00_System_OS\integration_test\test_api_pipeline.py","195","2026-07-22 21:55:47"
"E:\FOOTBALL_V\00_System_OS\integration_test\test_dashboard.py","198","2026-07-22 21:55:47"
"E:\FOOTBALL_V\00_System_OS\integration_test\test_database_connection.py","359","2026-07-22 21:55:47"
"E:\FOOTBALL_V\00_System_OS\integration_test\test_model_pipeline.py","216","2026-07-22 21:55:47"
"E:\FOOTBALL_V\00_System_OS\integration_test\test_product_package.py","202","2026-07-22 21:55:47"
"E:\FOOTBALL_V\00_System_OS\integration_test\reports\alpha_test_deployment_report.json","162","2026-07-22 21:55:47"
"E:\FOOTBALL_V\00_System_OS\Monitor\error_log.json","2","2026-07-18 19:08:53"
"E:\FOOTBALL_V\00_System_OS\Monitor\health_status.json","197","2026-07-18 19:23:17"
"E:\FOOTBALL_V\00_System_OS\Monitor\heartbeat.json","113","2026-07-18 19:23:17"
"E:\FOOTBALL_V\00_System_OS\Monitor\monitor_service.py","2402","2026-07-18 19:09:29"
"E:\FOOTBALL_V\00_System_OS\project_management\Football_AI_OS_Product_Database_Architecture_V1.0.md","3354","2026-07-22 20:15:47"
"E:\FOOTBALL_V\00_System_OS\project_management\Football_AI_OS_Project_Master_Document.md","6424","2026-07-22 19:54:30"
"E:\FOOTBALL_V\00_System_OS\project_management\archive\architecture\Football_AI_OS_Architecture_V1.0.md","1990","2026-07-22 19:49:35"
"E:\FOOTBALL_V\00_System_OS\QUALITY_TESTS\test_system_quality_batch_01_V1.0.py","1059","2026-07-22 22:14:30"
"E:\FOOTBALL_V\00_System_OS\QUALITY_TESTS\reports\system_quality_test_report.json","653","2026-07-22 22:14:39"
"E:\FOOTBALL_V\00_System_OS\Recovery\recovery_controller.py","2030","2026-07-18 19:29:09"
"E:\FOOTBALL_V\00_System_OS\Recovery\recovery_log.json","304","2026-07-18 19:29:29"
"E:\FOOTBALL_V\00_System_OS\Recovery\recovery_policy.json","401","2026-07-18 19:25:49"
"E:\FOOTBALL_V\00_System_OS\Recovery\recovery_service.py","1969","2026-07-18 19:26:46"
"E:\FOOTBALL_V\00_System_OS\registry\dependency_engine.py","1148","2026-07-18 20:10:53"
"E:\FOOTBALL_V\00_System_OS\registry\dependency_map.json","450","2026-07-18 20:10:22"
"E:\FOOTBALL_V\00_System_OS\registry\modules.json","658","2026-07-18 20:12:27"
"E:\FOOTBALL_V\00_System_OS\registry\module_registry.json","0","2026-07-18 16:30:38"
"E:\FOOTBALL_V\00_System_OS\registry\module_template.json","152","2026-07-18 20:04:59"
"E:\FOOTBALL_V\00_System_OS\registry\registry.json","2461","2026-07-18 20:08:49"
"E:\FOOTBALL_V\00_System_OS\registry\registry_api.py","906","2026-07-18 20:12:56"
"E:\FOOTBALL_V\00_System_OS\registry\registry_log.json","125","2026-07-18 20:08:49"
"E:\FOOTBALL_V\00_System_OS\registry\registry_manager.py","2351","2026-07-18 20:05:56"
"E:\FOOTBALL_V\00_System_OS\registry\registry_scanner.py","2254","2026-07-18 20:08:34"
"E:\FOOTBALL_V\00_System_OS\RELEASE_VALIDATION\dependency_checker\dependency_checker_V1.0.py","334","2026-07-22 22:04:08"
"E:\FOOTBALL_V\00_System_OS\RELEASE_VALIDATION\integrity_checker\integrity_checker_V1.0.py","220","2026-07-22 22:04:08"
"E:\FOOTBALL_V\00_System_OS\RELEASE_VALIDATION\module_scanner\module_scanner_V1.0.py","377","2026-07-22 22:04:08"
"E:\FOOTBALL_V\00_System_OS\RELEASE_VALIDATION\release_validation_engine\release_validation_engine_V1.0.py","1224","2026-07-22 22:04:52"
"E:\FOOTBALL_V\00_System_OS\RELEASE_VALIDATION\release_validation_engine\release_validation_engine_V1.1.py","1052","2026-07-22 22:05:35"
"E:\FOOTBALL_V\00_System_OS\RELEASE_VALIDATION\reports\deployment_report.json","158","2026-07-22 22:04:08"
"E:\FOOTBALL_V\00_System_OS\RELEASE_VALIDATION\reports\release_validation_report.json","1900","2026-07-22 22:05:45"
"E:\FOOTBALL_V\00_System_OS\RELEASE_VALIDATION\reports\release_validation_test_report.json","833","2026-07-22 22:05:45"
"E:\FOOTBALL_V\00_System_OS\RELEASE_VALIDATION\system_manifest\system_manifest_V1.0.json","107","2026-07-22 22:04:08"
"E:\FOOTBALL_V\00_System_OS\RELEASE_VALIDATION\tests\test_release_validation_V1.0.py","1368","2026-07-22 22:04:53"
"E:\FOOTBALL_V\00_System_OS\RELEASE_VALIDATION\tests\test_release_validation_V1.1.py","1419","2026-07-22 22:05:36"
"E:\FOOTBALL_V\00_System_OS\reports\system_quality_batch_01_report.json","170","2026-07-22 22:14:39"
"E:\FOOTBALL_V\00_System_OS\runtime\system_state.json","0","2026-07-18 16:30:38"
"E:\FOOTBALL_V\00_System_OS\scripts\core_architecture_freeze_v12.ps1","2079","2026-07-20 15:07:47"
"E:\FOOTBALL_V\00_System_OS\scripts\core_cleanup_patch_v12.ps1","2236","2026-07-20 15:40:42"
"E:\FOOTBALL_V\00_System_OS\scripts\core_service_final_acceptance_v1.ps1","2353","2026-07-20 14:05:34"
"E:\FOOTBALL_V\00_System_OS\scripts\core_service_validation_v12.ps1","2262","2026-07-20 14:58:06"
"E:\FOOTBALL_V\00_System_OS\scripts\core_structure_cleanup_v12.ps1","3058","2026-07-20 14:43:05"
"E:\FOOTBALL_V\00_System_OS\scripts\deploy_schema_validator_final.ps1","1380","2026-07-20 13:17:19"
"E:\FOOTBALL_V\00_System_OS\scripts\framework_export_scan_v12.ps1","2470","2026-07-20 15:51:28"
"E:\FOOTBALL_V\00_System_OS\scripts\framework_initializer.py","3136","2026-07-20 15:41:02"
"E:\FOOTBALL_V\00_System_OS\scripts\legacy_archive_finalize_v12.ps1","2188","2026-07-20 15:43:57"
"E:\FOOTBALL_V\00_System_OS\scripts\legacy_cleanup_v10.ps1","2491","2026-07-20 15:14:51"
"E:\FOOTBALL_V\00_System_OS\scripts\logger_cleanup_v13.ps1","1688","2026-07-20 15:04:06"
"E:\FOOTBALL_V\00_System_OS\scripts\logger_consolidation_v12.ps1","1908","2026-07-20 14:54:33"
"E:\FOOTBALL_V\00_System_OS\scripts\project_structure_scanner.py","2202","2026-07-19 17:44:46"
"E:\FOOTBALL_V\00_System_OS\scripts\upgrade_database_service_v11.ps1","3557","2026-07-20 13:31:58"
"E:\FOOTBALL_V\00_System_OS\scripts\upgrade_exception_service_v1.ps1","3189","2026-07-20 13:25:58"
"E:\FOOTBALL_V\00_System_OS\scripts\upgrade_exception_service_v10.ps1","4373","2026-07-20 14:00:29"
"E:\FOOTBALL_V\00_System_OS\scripts\upgrade_file_service_v11.ps1","4331","2026-07-20 13:46:36"
"E:\FOOTBALL_V\00_System_OS\scripts\upgrade_hash_service_v11.ps1","3576","2026-07-20 13:53:55"
"E:\FOOTBALL_V\00_System_OS\scripts\upgrade_validator_schema_v1.ps1","3754","2026-07-20 12:45:47"
"E:\FOOTBALL_V\00_System_OS\scripts\upgrade_version_service_v11.ps1","3550","2026-07-20 13:56:22"
"E:\FOOTBALL_V\00_System_OS\SYSTEM_HEALTH_MONITOR\system_health_monitor_V1.0.py","268","2026-07-22 22:14:39"
"E:\FOOTBALL_V\00_SYSTEM_TOOLS\check_database_location_V4.0.py","338","2026-07-23 15:02:37"
"E:\FOOTBALL_V\00_SYSTEM_TOOLS\database_location_discovery_V4.0.py","803","2026-07-23 14:59:39"
"E:\FOOTBALL_V\00_SYSTEM_TOOLS\data_schema_validation_V4.0.py","1885","2026-07-23 14:58:58"
"E:\FOOTBALL_V\00_SYSTEM_TOOLS\deploy_training_engine_V4.0.py","1798","2026-07-23 14:44:59"
"E:\FOOTBALL_V\00_SYSTEM_TOOLS\deploy_training_system_V4.0.py","893","2026-07-23 14:41:47"
"E:\FOOTBALL_V\00_SYSTEM_TOOLS\final_system_completion_V4.0.py","1843","2026-07-23 14:37:51"
"E:\FOOTBALL_V\00_SYSTEM_TOOLS\model_data_snapshot_V4.0.py","1514","2026-07-23 14:51:13"
"E:\FOOTBALL_V\00_SYSTEM_TOOLS\schema_check_V4.0.py","987","2026-07-23 14:58:27"
"E:\FOOTBALL_V\00_SYSTEM_TOOLS\training_preflight_check_V4.0.py","1851","2026-07-23 14:42:44"
"E:\FOOTBALL_V\00_SYSTEM_TOOLS\Architecture_Duplicate_Cleanup_V2.0\duplicate_cleanup_engine_V2.0.py","3832","2026-07-23 13:46:36"
"E:\FOOTBALL_V\00_SYSTEM_TOOLS\Architecture_Migration_Tool\architecture_cleanup_engine_V3.0.py","1871","2026-07-23 13:57:59"
"E:\FOOTBALL_V\00_SYSTEM_TOOLS\Architecture_Migration_Tool\architecture_cleanup_engine_V4.0.py","3310","2026-07-23 14:00:27"
"E:\FOOTBALL_V\00_SYSTEM_TOOLS\Architecture_Migration_Tool\architecture_registry.json","114906","2026-07-23 13:17:41"
"E:\FOOTBALL_V\00_SYSTEM_TOOLS\Architecture_Migration_Tool\architecture_registry_V1.9.json","187","2026-07-23 13:36:56"
"E:\FOOTBALL_V\00_SYSTEM_TOOLS\Architecture_Migration_Tool\consolidation_architecture_V1.4.py","3373","2026-07-23 13:24:46"
"E:\FOOTBALL_V\00_SYSTEM_TOOLS\Architecture_Migration_Tool\consolidation_architecture_V1.6.py","2865","2026-07-23 13:34:05"
"E:\FOOTBALL_V\00_SYSTEM_TOOLS\Architecture_Migration_Tool\consolidation_engine_V1.6.py","1702","2026-07-23 13:33:14"
"E:\FOOTBALL_V\00_SYSTEM_TOOLS\Architecture_Migration_Tool\create_architecture_merge_tool_V1.0.py","2036","2026-07-23 13:14:54"
"E:\FOOTBALL_V\00_SYSTEM_TOOLS\Architecture_Migration_Tool\deprecated_archive_engine_V1.7.py","3397","2026-07-23 13:34:50"
"E:\FOOTBALL_V\00_SYSTEM_TOOLS\Architecture_Migration_Tool\deprecated_registry.json","147","2026-07-23 13:17:41"
"E:\FOOTBALL_V\00_SYSTEM_TOOLS\Architecture_Migration_Tool\final_architecture_validator_V1.8.py","2024","2026-07-23 13:36:03"
"E:\FOOTBALL_V\00_SYSTEM_TOOLS\Architecture_Migration_Tool\final_cleanup_engine_V2.1.py","2194","2026-07-23 13:48:49"
"E:\FOOTBALL_V\00_SYSTEM_TOOLS\Architecture_Migration_Tool\final_delete_engine_V1.9.py","3821","2026-07-23 13:36:56"
"E:\FOOTBALL_V\00_SYSTEM_TOOLS\Architecture_Migration_Tool\merge_architecture_cleanup_V1.3.py","3635","2026-07-23 13:23:00"
"E:\FOOTBALL_V\00_SYSTEM_TOOLS\Architecture_Migration_Tool\merge_architecture_V1.0.py","1420","2026-07-23 13:15:33"
"E:\FOOTBALL_V\00_SYSTEM_TOOLS\Architecture_Migration_Tool\merge_architecture_V1.1.py","3406","2026-07-23 13:17:40"
"E:\FOOTBALL_V\00_SYSTEM_TOOLS\Architecture_Migration_Tool\merge_config_V1.0.json","842","2026-07-23 13:16:58"
"E:\FOOTBALL_V\00_SYSTEM_TOOLS\Architecture_Migration_Tool\MERGE_README.md","188","2026-07-23 13:14:54"
"E:\FOOTBALL_V\00_SYSTEM_TOOLS\Architecture_Migration_Tool\migration_executor_V1.2.py","2070","2026-07-23 13:21:46"
"E:\FOOTBALL_V\00_SYSTEM_TOOLS\Architecture_Migration_Tool\validate_architecture_V1.1.py","3463","2026-07-23 13:18:32"
"E:\FOOTBALL_V\00_SYSTEM_TOOLS\Architecture_Migration_Tool\cleanup_engine\cleanup_planner_V1.2.py","3170","2026-07-23 13:20:51"
"E:\FOOTBALL_V\00_SYSTEM_TOOLS\Architecture_Migration_Tool\dependency_migration\dependency_migration_engine_V1.5.py","3522","2026-07-23 13:31:56"
"E:\FOOTBALL_V\00_SYSTEM_TOOLS\Architecture_Migration_Tool\reports\ARCHITECTURE_MERGE_CHECKPOINT_V1.1.json","160","2026-07-23 13:17:41"
"E:\FOOTBALL_V\00_SYSTEM_TOOLS\Architecture_Migration_Tool\reports\ARCHITECTURE_VALIDATION_CHECKPOINT_V1.1.json","163","2026-07-23 13:18:33"
"E:\FOOTBALL_V\00_SYSTEM_TOOLS\Architecture_Migration_Tool\reports\ARCHITECTURE_VALIDATION_REPORT_V1.1.json","49119","2026-07-23 13:18:33"
"E:\FOOTBALL_V\00_SYSTEM_TOOLS\Architecture_Migration_Tool\reports\CONSOLIDATION_REPORT_V1.4.json","355","2026-07-23 13:24:46"
"E:\FOOTBALL_V\00_SYSTEM_TOOLS\Architecture_Migration_Tool\reports\FINAL_DELETE_REPORT_V1.9.json","361","2026-07-23 13:36:56"
"E:\FOOTBALL_V\00_SYSTEM_TOOLS\Architecture_Migration_Tool\reports\MERGE_ANALYSIS_REPORT_V1.0.json","173","2026-07-23 13:16:58"
"E:\FOOTBALL_V\00_SYSTEM_TOOLS\Architecture_Migration_Tool\reports\MERGE_EXECUTION_REPORT_V1.1.json","387","2026-07-23 13:17:41"
"E:\FOOTBALL_V\00_SYSTEM_TOOLS\Architecture_Migration_Tool\reports\MIGRATION_EXECUTION_REPORT_V1.2.json","418","2026-07-23 13:21:47"
"E:\FOOTBALL_V\00_SYSTEM_TOOLS\Checkpoint\ai_autonomous_engine_hil_v1.4_checkpoint.json","375","2026-07-21 12:44:05"
"E:\FOOTBALL_V\00_SYSTEM_TOOLS\Checkpoint\ai_autonomous_engine_hil_v1.6_checkpoint.json","458","2026-07-21 12:54:15"
"E:\FOOTBALL_V\00_SYSTEM_TOOLS\Checkpoint\ai_autonomous_engine_hil_v1.8_checkpoint.json","553","2026-07-21 12:59:13"
"E:\FOOTBALL_V\00_SYSTEM_TOOLS\Checkpoint\ai_orchestration_layer_v1.3_checkpoint.json","334","2026-07-21 11:56:20"
"E:\FOOTBALL_V\00_SYSTEM_TOOLS\Checkpoint\backtest_system_v1.3_checkpoint.json","321","2026-07-21 11:43:58"
"E:\FOOTBALL_V\00_SYSTEM_TOOLS\Checkpoint\decision_engine_v1.3_checkpoint.json","303","2026-07-21 11:51:29"
"E:\FOOTBALL_V\00_SYSTEM_TOOLS\Checkpoint\feature_store_v1.9_checkpoint.json","395","2026-07-21 10:49:15"
"E:\FOOTBALL_V\00_SYSTEM_TOOLS\Checkpoint\feature_store_v2.0_checkpoint.json","310","2026-07-21 10:54:39"
"E:\FOOTBALL_V\00_SYSTEM_TOOLS\Checkpoint\feature_store_v2.1_checkpoint.json","374","2026-07-21 10:56:59"
"E:\FOOTBALL_V\00_SYSTEM_TOOLS\Checkpoint\feature_store_v2.2_checkpoint.json","342","2026-07-21 10:58:55"
"E:\FOOTBALL_V\00_SYSTEM_TOOLS\Checkpoint\feature_store_v2.3_checkpoint.json","342","2026-07-21 11:00:51"
"E:\FOOTBALL_V\00_SYSTEM_TOOLS\Checkpoint\feature_store_v2.6_checkpoint.json","764","2026-07-21 11:10:08"
"E:\FOOTBALL_V\00_SYSTEM_TOOLS\Checkpoint\feature_store_v3.0_checkpoint.json","145","2026-07-21 11:12:26"
"E:\FOOTBALL_V\00_SYSTEM_TOOLS\Checkpoint\model_layer_v1.3_checkpoint.json","407","2026-07-21 11:16:36"
"E:\FOOTBALL_V\00_SYSTEM_TOOLS\Checkpoint\prediction_engine_v1.3_checkpoint.json","300","2026-07-21 11:27:27"
"E:\FOOTBALL_V\00_SYSTEM_TOOLS\deploy_scripts\deploy_phase3_2_memory_bridge.py","4424","2026-07-21 19:51:02"
"E:\FOOTBALL_V\00_SYSTEM_TOOLS\deploy_scripts\deploy_v15_phase1.py","2910","2026-07-21 18:01:37"
"E:\FOOTBALL_V\00_SYSTEM_TOOLS\deploy_scripts\deploy_v15_phase1_patch.py","1468","2026-07-21 18:09:02"
"E:\FOOTBALL_V\00_SYSTEM_TOOLS\deploy_scripts\deploy_v15_phase2.py","4101","2026-07-21 18:11:09"
"E:\FOOTBALL_V\00_SYSTEM_TOOLS\FINAL_DEPLOYMENT_V4.0\deploy_final_V4.0.py","1485","2026-07-23 14:31:15"
"E:\FOOTBALL_V\00_SYSTEM_TOOLS\FIRST_REAL_PREDICTION_TEST_V4.0\first_real_prediction_test_V4.0.py","2018","2026-07-23 14:32:45"
"E:\FOOTBALL_V\00_SYSTEM_TOOLS\Module_Deployment_Tool\config\deployment_tool_config.json","260","2026-07-22 13:53:47"
"E:\FOOTBALL_V\00_SYSTEM_TOOLS\Module_Deployment_Tool\core\deployment_engine.py","163","2026-07-22 13:53:47"
"E:\FOOTBALL_V\00_SYSTEM_TOOLS\Module_Deployment_Tool\core\encoding_validator.py","296","2026-07-22 13:53:47"
"E:\FOOTBALL_V\00_SYSTEM_TOOLS\Module_Deployment_Tool\core\json_validator.py","340","2026-07-22 13:53:47"
"E:\FOOTBALL_V\00_SYSTEM_TOOLS\Module_Deployment_Tool\core\path_validator.py","139","2026-07-22 13:53:47"
"E:\FOOTBALL_V\00_SYSTEM_TOOLS\Module_Deployment_Tool\core\syntax_validator.py","388","2026-07-22 13:53:47"
"E:\FOOTBALL_V\00_SYSTEM_TOOLS\Module_Deployment_Tool\core\__pycache__\deployment_engine.cpython-312.pyc","505","2026-07-22 13:56:04"
"E:\FOOTBALL_V\00_SYSTEM_TOOLS\Module_Deployment_Tool\core\__pycache__\encoding_validator.cpython-312.pyc","708","2026-07-22 13:56:04"
"E:\FOOTBALL_V\00_SYSTEM_TOOLS\Module_Deployment_Tool\core\__pycache__\json_validator.cpython-312.pyc","794","2026-07-22 13:56:04"
"E:\FOOTBALL_V\00_SYSTEM_TOOLS\Module_Deployment_Tool\core\__pycache__\path_validator.cpython-312.pyc","584","2026-07-22 13:56:04"
"E:\FOOTBALL_V\00_SYSTEM_TOOLS\Module_Deployment_Tool\core\__pycache__\syntax_validator.cpython-312.pyc","852","2026-07-22 13:56:03"
"E:\FOOTBALL_V\00_SYSTEM_TOOLS\Module_Deployment_Tool\modules\deploy_ai_autonomous_engine_HIL_V1.0_V1.4.py","7736","2026-07-21 12:14:49"
"E:\FOOTBALL_V\00_SYSTEM_TOOLS\Module_Deployment_Tool\modules\deploy_ai_autonomous_engine_HIL_V1.2.py","5847","2026-07-21 12:33:43"
"E:\FOOTBALL_V\00_SYSTEM_TOOLS\Module_Deployment_Tool\modules\deploy_ai_autonomous_engine_HIL_V1.3_V1.4.py","12229","2026-07-21 12:43:51"
"E:\FOOTBALL_V\00_SYSTEM_TOOLS\Module_Deployment_Tool\modules\deploy_ai_autonomous_engine_HIL_V1.5_V1.6.py","12742","2026-07-21 12:54:08"
"E:\FOOTBALL_V\00_SYSTEM_TOOLS\Module_Deployment_Tool\modules\deploy_ai_autonomous_engine_HIL_V1.7_V1.8.py","14128","2026-07-21 12:59:05"
"E:\FOOTBALL_V\00_SYSTEM_TOOLS\Module_Deployment_Tool\modules\deploy_ai_autonomous_engine_HIL_V1.9_V2.0.py","10885","2026-07-21 13:07:06"
"E:\FOOTBALL_V\00_SYSTEM_TOOLS\Module_Deployment_Tool\modules\deploy_ai_autonomous_engine_HIL_V2.1_V2.2_BATCH.py","11080","2026-07-21 13:29:09"
"E:\FOOTBALL_V\00_SYSTEM_TOOLS\Module_Deployment_Tool\modules\deploy_ai_autonomous_engine_HIL_V2.3_V2.4_BATCH.py","8102","2026-07-21 13:41:04"
"E:\FOOTBALL_V\00_SYSTEM_TOOLS\Module_Deployment_Tool\modules\deploy_ai_autonomous_engine_HIL_V2.5_V2.6_BATCH.py","8499","2026-07-21 14:02:00"
"E:\FOOTBALL_V\00_SYSTEM_TOOLS\Module_Deployment_Tool\modules\deploy_ai_autonomous_engine_HIL_V2.7_V2.8_BATCH.py","11190","2026-07-21 14:21:50"
"E:\FOOTBALL_V\00_SYSTEM_TOOLS\Module_Deployment_Tool\modules\deploy_ai_autonomous_engine_HIL_V2.9_V3.0_BATCH.py","12362","2026-07-21 14:26:05"
"E:\FOOTBALL_V\00_SYSTEM_TOOLS\Module_Deployment_Tool\modules\deploy_ai_autonomous_engine_V1.0_V1.3.py","2880","2026-07-21 11:58:33"
"E:\FOOTBALL_V\00_SYSTEM_TOOLS\Module_Deployment_Tool\modules\deploy_ai_intelligence_layer_core_V1.0.py","4773","2026-07-22 13:32:40"
"E:\FOOTBALL_V\00_SYSTEM_TOOLS\Module_Deployment_Tool\modules\deploy_ai_intelligence_layer_test_V1.0.py","5745","2026-07-22 13:37:46"
"E:\FOOTBALL_V\00_SYSTEM_TOOLS\Module_Deployment_Tool\modules\deploy_ai_orchestration_layer_batch_V1.0.py","4554","2026-07-22 14:18:16"
"E:\FOOTBALL_V\00_SYSTEM_TOOLS\Module_Deployment_Tool\modules\deploy_ai_orchestration_layer_test_V1.0.py","1366","2026-07-22 16:53:15"
"E:\FOOTBALL_V\00_SYSTEM_TOOLS\Module_Deployment_Tool\modules\deploy_ai_orchestration_layer_V1.0.py","3216","2026-07-22 16:53:13"
"E:\FOOTBALL_V\00_SYSTEM_TOOLS\Module_Deployment_Tool\modules\deploy_ai_orchestration_layer_V1.0_V1.3.py","11043","2026-07-21 11:56:02"
"E:\FOOTBALL_V\00_SYSTEM_TOOLS\Module_Deployment_Tool\modules\deploy_api_integration_layer_test_V1.0.py","1458","2026-07-22 17:24:26"
"E:\FOOTBALL_V\00_SYSTEM_TOOLS\Module_Deployment_Tool\modules\deploy_api_integration_layer_V1.0.py","2850","2026-07-22 17:22:31"
"E:\FOOTBALL_V\00_SYSTEM_TOOLS\Module_Deployment_Tool\modules\deploy_autonomous_learning_engine_test_V1.0.py","1523","2026-07-22 16:57:43"
"E:\FOOTBALL_V\00_SYSTEM_TOOLS\Module_Deployment_Tool\modules\deploy_autonomous_learning_engine_V1.0.py","3461","2026-07-22 16:57:40"
"E:\FOOTBALL_V\00_SYSTEM_TOOLS\Module_Deployment_Tool\modules\deploy_backtest_system_test_V1.0.py","1086","2026-07-22 16:40:41"
"E:\FOOTBALL_V\00_SYSTEM_TOOLS\Module_Deployment_Tool\modules\deploy_backtest_system_V1.0.py","2421","2026-07-22 16:40:23"
"E:\FOOTBALL_V\00_SYSTEM_TOOLS\Module_Deployment_Tool\modules\deploy_backtest_system_V1.0_V1.3.py","14599","2026-07-21 11:43:24"
"E:\FOOTBALL_V\00_SYSTEM_TOOLS\Module_Deployment_Tool\modules\deploy_data_intelligence_checkpoint_V1.0.py","1300","2026-07-22 13:15:21"
"E:\FOOTBALL_V\00_SYSTEM_TOOLS\Module_Deployment_Tool\modules\deploy_data_intelligence_engine_V1.0.py","4582","2026-07-22 12:44:06"
"E:\FOOTBALL_V\00_SYSTEM_TOOLS\Module_Deployment_Tool\modules\deploy_data_intelligence_test_V1.0.py","4900","2026-07-22 12:46:43"
"E:\FOOTBALL_V\00_SYSTEM_TOOLS\Module_Deployment_Tool\modules\deploy_decision_engine_V1.0_V1.3.py","13824","2026-07-21 11:51:01"
"E:\FOOTBALL_V\00_SYSTEM_TOOLS\Module_Deployment_Tool\modules\deploy_decision_intelligence_layer_test_V1.0.py","1202","2026-07-22 16:45:45"
"E:\FOOTBALL_V\00_SYSTEM_TOOLS\Module_Deployment_Tool\modules\deploy_decision_intelligence_layer_V1.0.py","3291","2026-07-22 16:45:42"
"E:\FOOTBALL_V\00_SYSTEM_TOOLS\Module_Deployment_Tool\modules\deploy_dynamic_feature_weight_checkpoint_V1.0.py","1420","2026-07-22 13:27:17"
"E:\FOOTBALL_V\00_SYSTEM_TOOLS\Module_Deployment_Tool\modules\deploy_dynamic_feature_weight_engine_V1.0.py","2981","2026-07-22 13:18:13"
"E:\FOOTBALL_V\00_SYSTEM_TOOLS\Module_Deployment_Tool\modules\deploy_dynamic_feature_weight_test_V1.0.py","4767","2026-07-22 13:22:45"
"E:\FOOTBALL_V\00_SYSTEM_TOOLS\Module_Deployment_Tool\modules\deploy_feature_store_adapter_V1.0.py","2995","2026-07-22 12:20:44"
"E:\FOOTBALL_V\00_SYSTEM_TOOLS\Module_Deployment_Tool\modules\deploy_feature_store_core_V1.0.py","3129","2026-07-22 12:02:52"
"E:\FOOTBALL_V\00_SYSTEM_TOOLS\Module_Deployment_Tool\modules\deploy_feature_store_test_V1.0.py","4050","2026-07-22 12:36:49"
"E:\FOOTBALL_V\00_SYSTEM_TOOLS\Module_Deployment_Tool\modules\deploy_feature_store_V1.0.py","6594","2026-07-21 09:09:47"
"E:\FOOTBALL_V\00_SYSTEM_TOOLS\Module_Deployment_Tool\modules\deploy_feature_store_V1.1.py","5329","2026-07-21 09:47:00"
"E:\FOOTBALL_V\00_SYSTEM_TOOLS\Module_Deployment_Tool\modules\deploy_feature_store_V1.2.py","5945","2026-07-21 10:10:11"
"E:\FOOTBALL_V\00_SYSTEM_TOOLS\Module_Deployment_Tool\modules\deploy_feature_store_V1.3.py","5752","2026-07-21 10:15:11"
"E:\FOOTBALL_V\00_SYSTEM_TOOLS\Module_Deployment_Tool\modules\deploy_feature_store_V1.4.py","7141","2026-07-21 10:28:29"
"E:\FOOTBALL_V\00_SYSTEM_TOOLS\Module_Deployment_Tool\modules\deploy_feature_store_V1.5.py","6093","2026-07-21 10:36:48"
"E:\FOOTBALL_V\00_SYSTEM_TOOLS\Module_Deployment_Tool\modules\deploy_feature_store_V1.6.py","6310","2026-07-21 10:40:52"
"E:\FOOTBALL_V\00_SYSTEM_TOOLS\Module_Deployment_Tool\modules\deploy_feature_store_V1.7.py","5641","2026-07-21 10:43:36"
"E:\FOOTBALL_V\00_SYSTEM_TOOLS\Module_Deployment_Tool\modules\deploy_feature_store_V1.8.py","5507","2026-07-21 10:46:06"
"E:\FOOTBALL_V\00_SYSTEM_TOOLS\Module_Deployment_Tool\modules\deploy_feature_store_V1.9.py","6326","2026-07-21 10:48:54"
"E:\FOOTBALL_V\00_SYSTEM_TOOLS\Module_Deployment_Tool\modules\deploy_feature_store_V2.0.py","6274","2026-07-21 10:54:24"
"E:\FOOTBALL_V\00_SYSTEM_TOOLS\Module_Deployment_Tool\modules\deploy_feature_store_V2.1.py","7248","2026-07-21 10:56:02"
"E:\FOOTBALL_V\00_SYSTEM_TOOLS\Module_Deployment_Tool\modules\deploy_feature_store_V2.2.py","7304","2026-07-21 10:58:39"
"E:\FOOTBALL_V\00_SYSTEM_TOOLS\Module_Deployment_Tool\modules\deploy_feature_store_V2.3.py","6336","2026-07-21 11:00:37"
"E:\FOOTBALL_V\00_SYSTEM_TOOLS\Module_Deployment_Tool\modules\deploy_feature_store_V2.4_V2.6.py","11678","2026-07-21 11:10:04"
"E:\FOOTBALL_V\00_SYSTEM_TOOLS\Module_Deployment_Tool\modules\deploy_feature_store_V2.7_V3.0.py","8928","2026-07-21 11:12:07"
"E:\FOOTBALL_V\00_SYSTEM_TOOLS\Module_Deployment_Tool\modules\deploy_market_intelligence_layer_test_V1.0.py","1407","2026-07-22 16:50:32"
"E:\FOOTBALL_V\00_SYSTEM_TOOLS\Module_Deployment_Tool\modules\deploy_market_intelligence_layer_V1.0.py","2983","2026-07-22 16:50:28"
"E:\FOOTBALL_V\00_SYSTEM_TOOLS\Module_Deployment_Tool\modules\deploy_model_explanation_engine_test_V1.0.py","1366","2026-07-22 16:47:59"
"E:\FOOTBALL_V\00_SYSTEM_TOOLS\Module_Deployment_Tool\modules\deploy_model_explanation_engine_V1.0.py","3039","2026-07-22 16:47:57"
"E:\FOOTBALL_V\00_SYSTEM_TOOLS\Module_Deployment_Tool\modules\deploy_model_layer_V1.0_V1.3.py","13366","2026-07-21 11:16:21"
"E:\FOOTBALL_V\00_SYSTEM_TOOLS\Module_Deployment_Tool\modules\deploy_module_deployment_tool_test_V1.1.py","4500","2026-07-22 13:55:53"
"E:\FOOTBALL_V\00_SYSTEM_TOOLS\Module_Deployment_Tool\modules\deploy_module_deployment_tool_V1.1.py","3759","2026-07-22 13:53:32"
"E:\FOOTBALL_V\00_SYSTEM_TOOLS\Module_Deployment_Tool\modules\deploy_prediction_engine_batch_test_V1.0.py","4533","2026-07-22 14:15:47"
"E:\FOOTBALL_V\00_SYSTEM_TOOLS\Module_Deployment_Tool\modules\deploy_prediction_engine_batch_V1.0.py","4340","2026-07-22 14:14:41"
"E:\FOOTBALL_V\00_SYSTEM_TOOLS\Module_Deployment_Tool\modules\deploy_prediction_engine_V1.0_V1.3.py","15868","2026-07-21 11:27:06"
"E:\FOOTBALL_V\00_SYSTEM_TOOLS\Module_Deployment_Tool\modules\deploy_prediction_intelligence_engine_V1.0.py","4169","2026-07-22 14:02:07"
"E:\FOOTBALL_V\00_SYSTEM_TOOLS\Module_Deployment_Tool\modules\deploy_prediction_intelligence_test_V1.0.py","4824","2026-07-22 14:09:36"
"E:\FOOTBALL_V\00_SYSTEM_TOOLS\Module_Deployment_Tool\modules\deploy_report_intelligence_layer_test_V1.0.py","1572","2026-07-22 17:02:03"
"E:\FOOTBALL_V\00_SYSTEM_TOOLS\Module_Deployment_Tool\modules\deploy_report_intelligence_layer_V1.0.py","3311","2026-07-22 17:02:01"
"E:\FOOTBALL_V\00_SYSTEM_TOOLS\Module_Deployment_Tool\modules\deploy_system_monitoring_layer_test_V1.0.py","1503","2026-07-22 17:19:38"
"E:\FOOTBALL_V\00_SYSTEM_TOOLS\Module_Deployment_Tool\modules\deploy_system_monitoring_layer_V1.0.py","2829","2026-07-22 17:19:35"
"E:\FOOTBALL_V\00_SYSTEM_TOOLS\Module_Deployment_Tool\modules\__pycache__\deploy_ai_autonomous_engine_HIL_V2.7_V2.8_BATCH.cpython-312.pyc","9787","2026-07-21 14:21:52"
"E:\FOOTBALL_V\00_SYSTEM_TOOLS\Module_Deployment_Tool\modules\__pycache__\deploy_ai_autonomous_engine_HIL_V2.9_V3.0_BATCH.cpython-312.pyc","11217","2026-07-21 14:26:22"
"E:\FOOTBALL_V\00_SYSTEM_TOOLS\Module_Deployment_Tool\modules\__pycache__\deploy_decision_engine_V1.0_V1.3.cpython-312.pyc","12049","2026-07-21 11:51:23"
"E:\FOOTBALL_V\00_SYSTEM_TOOLS\Module_Deployment_Tool\registry\deployment_tool_registry.json","168","2026-07-22 13:53:47"
"E:\FOOTBALL_V\00_SYSTEM_TOOLS\Module_Deployment_Tool\reports\deployment_tool_deploy_report.json","161","2026-07-22 13:53:47"
"E:\FOOTBALL_V\00_SYSTEM_TOOLS\Module_Deployment_Tool\reports\deployment_tool_test_report.json","995","2026-07-22 13:56:04"
"E:\FOOTBALL_V\00_SYSTEM_TOOLS\RUNTIME_VALIDATION_V4.0\runtime_validation_V4.0.py","2034","2026-07-23 14:32:08"
"E:\FOOTBALL_V\01_DATA_LAYER\database\match_data.db","268857344","2026-07-22 18:59:54"
"E:\FOOTBALL_V\01_Data_Source\acceptance\acceptance_check.py","2162","2026-07-20 17:09:58"
"E:\FOOTBALL_V\01_Data_Source\download\data_downloader.py","2868","2026-07-20 17:00:24"
"E:\FOOTBALL_V\01_Data_Source\download\download_history.json","256","2026-07-20 17:00:37"
"E:\FOOTBALL_V\01_Data_Source\monitor\source_health_report.json","705","2026-07-20 16:53:54"
"E:\FOOTBALL_V\01_Data_Source\monitor\source_monitor.py","2622","2026-07-20 16:53:39"
"E:\FOOTBALL_V\01_Data_Source\pipeline\pipeline_runner.py","858","2026-07-20 17:04:43"
"E:\FOOTBALL_V\01_Data_Source\pipeline\source_scanner.py","698","2026-07-20 17:02:24"
"E:\FOOTBALL_V\01_Data_Source\pipeline\source_validator.py","550","2026-07-20 17:02:41"
"E:\FOOTBALL_V\01_Data_Source\pipeline\__pycache__\source_scanner.cpython-312.pyc","1207","2026-07-20 17:05:18"
"E:\FOOTBALL_V\01_Data_Source\pipeline\__pycache__\source_validator.cpython-312.pyc","846","2026-07-20 17:05:18"
"E:\FOOTBALL_V\01_Data_Source\registry\source_registry.json","1248","2026-07-20 16:57:19"
"E:\FOOTBALL_V\01_Data_Source\registry\source_registry.py","1531","2026-07-20 16:58:20"
"E:\FOOTBALL_V\01_Data_Source\registry\source_registry.pynotepad","0","2026-07-20 16:57:54"
"E:\FOOTBALL_V\01_Data_Source\reports\data_source_acceptance_report.json","1013","2026-07-20 17:10:10"
"E:\FOOTBALL_V\02_Data_Platform\data_loader\data_loader.py","1086","2026-07-20 17:43:30"
"E:\FOOTBALL_V\02_Data_Platform\data_loader\__init__.py","73","2026-07-20 17:45:41"
"E:\FOOTBALL_V\02_Data_Platform\data_loader\engine\loader_engine.py","1450","2026-07-20 17:44:54"
"E:\FOOTBALL_V\02_Data_Platform\data_loader\formats\csv_loader.py","337","2026-07-20 17:45:25"
"E:\FOOTBALL_V\02_Data_Platform\data_manager\dataset_manager.py","503","2026-07-20 17:52:48"
"E:\FOOTBALL_V\02_Data_Platform\data_manager\dataset_registry.json","583","2026-07-20 17:49:20"
"E:\FOOTBALL_V\02_Data_Platform\data_manager\dataset_registry.py","2340","2026-07-20 17:48:23"
"E:\FOOTBALL_V\02_Data_Platform\data_manager\data_manager.py","674","2026-07-20 17:52:05"
"E:\FOOTBALL_V\02_Data_Platform\data_manager\__init__.py","156","2026-07-20 17:49:12"
"E:\FOOTBALL_V\02_Data_Platform\data_manager\__main__.py","452","2026-07-20 17:54:22"
"E:\FOOTBALL_V\02_Data_Platform\data_manager\__pycache__\dataset_manager.cpython-312.pyc","1070","2026-07-20 17:55:22"
"E:\FOOTBALL_V\02_Data_Platform\data_manager\__pycache__\dataset_registry.cpython-312.pyc","2670","2026-07-20 17:55:22"
"E:\FOOTBALL_V\02_Data_Platform\data_manager\__pycache__\data_manager.cpython-312.pyc","1101","2026-07-20 17:55:22"
"E:\FOOTBALL_V\02_Data_Platform\integration\platform_bootstrap.py","2293","2026-07-20 18:10:42"
"E:\FOOTBALL_V\02_Data_Platform\metadata\data_platform_registry.json","729","2026-07-20 17:14:38"
"E:\FOOTBALL_V\02_Data_Platform\metadata\metadata_manager.py","1100","2026-07-20 18:05:29"
"E:\FOOTBALL_V\02_Data_Platform\metadata\metadata_registry.json","597","2026-07-20 18:04:56"
"E:\FOOTBALL_V\02_Data_Platform\metadata\metadata_schema.py","397","2026-07-20 18:05:12"
"E:\FOOTBALL_V\02_Data_Platform\metadata\lineage\data_lineage.py","2519","2026-07-20 18:07:10"
"E:\FOOTBALL_V\02_Data_Platform\metadata\lineage\lineage_registry.json","318","2026-07-20 18:07:23"
"E:\FOOTBALL_V\02_Data_Platform\pipeline\data_pipeline.py","631","2026-07-20 17:25:11"
"E:\FOOTBALL_V\02_Data_Platform\raw\raw_manager.py","812","2026-07-20 17:17:34"
"E:\FOOTBALL_V\02_Data_Platform\raw\raw_registry.json","55041","2026-07-20 17:17:53"
"E:\FOOTBALL_V\02_Data_Platform\raw\raw_registry.py","907","2026-07-20 17:17:15"
"E:\FOOTBALL_V\02_Data_Platform\raw\raw_scanner.py","834","2026-07-20 17:16:37"
"E:\FOOTBALL_V\02_Data_Platform\raw\__pycache__\raw_registry.cpython-312.pyc","1620","2026-07-20 17:17:53"
"E:\FOOTBALL_V\02_Data_Platform\raw\__pycache__\raw_scanner.cpython-312.pyc","1252","2026-07-20 17:17:53"
"E:\FOOTBALL_V\02_Data_Platform\registry\data_platform_registry.json","526","2026-07-20 17:27:24"
"E:\FOOTBALL_V\02_Data_Platform\registry\data_platform_registry.py","1063","2026-07-20 17:25:28"
"E:\FOOTBALL_V\02_Data_Platform\storage_engine\storage_manager.py","2290","2026-07-20 17:34:37"
"E:\FOOTBALL_V\02_Data_Platform\storage_engine\storage_registry.json","696","2026-07-20 17:40:04"
"E:\FOOTBALL_V\02_FEATURE_LAYER\database\feature_store.db","88891392","2026-07-22 19:00:05"
"E:\FOOTBALL_V\03_Data_Governance\audit\audit_engine.py","2570","2026-07-20 18:26:56"
"E:\FOOTBALL_V\03_Data_Governance\audit\audit_rules.json","846","2026-07-20 18:26:56"
"E:\FOOTBALL_V\03_Data_Governance\controller\governance_controller.py","2495","2026-07-20 18:29:15"
"E:\FOOTBALL_V\03_Data_Governance\lineage\lineage_engine.py","1967","2026-07-20 18:25:08"
"E:\FOOTBALL_V\03_Data_Governance\lineage\lineage_registry.json","626","2026-07-20 18:25:08"
"E:\FOOTBALL_V\03_Data_Governance\quality\quality_engine.py","2203","2026-07-20 18:19:11"
"E:\FOOTBALL_V\03_Data_Governance\registry\audit_registry.json","157","2026-07-20 18:26:56"
"E:\FOOTBALL_V\03_Data_Governance\registry\data_registry.json","119","2026-07-20 16:19:54"
"E:\FOOTBALL_V\03_Data_Governance\registry\governance_registry.json","166","2026-07-20 18:29:15"
"E:\FOOTBALL_V\03_Data_Governance\registry\lineage_registry.json","159","2026-07-20 18:25:08"
"E:\FOOTBALL_V\03_Data_Governance\registry\quality_registry.json","159","2026-07-20 18:16:27"
"E:\FOOTBALL_V\03_Data_Governance\registry\validation_registry.json","162","2026-07-20 18:21:34"
"E:\FOOTBALL_V\03_Data_Governance\reports\audit_report.json","1324","2026-07-20 18:27:02"
"E:\FOOTBALL_V\03_Data_Governance\reports\governance_status.json","973","2026-07-20 18:29:21"
"E:\FOOTBALL_V\03_Data_Governance\reports\lineage_report.json","667","2026-07-20 18:25:14"
"E:\FOOTBALL_V\03_Data_Governance\reports\quality_report.json","531","2026-07-20 18:19:20"
"E:\FOOTBALL_V\03_Data_Governance\reports\validation_report.json","420","2026-07-20 18:21:50"
"E:\FOOTBALL_V\03_Data_Governance\validation\rules.json","319","2026-07-20 18:21:34"
"E:\FOOTBALL_V\03_Data_Governance\validation\validation_engine.py","2773","2026-07-20 18:21:34"
"E:\FOOTBALL_V\03_MODEL_LAYER\database\model_store.db","16384","2026-07-22 19:00:07"
"E:\FOOTBALL_V\04_Data_Processing_AI\cleaning\cleaning_engine.py","2028","2026-07-20 18:48:46"
"E:\FOOTBALL_V\04_Data_Processing_AI\cleaning\cleaning_rules.json","725","2026-07-20 18:44:16"
"E:\FOOTBALL_V\04_Data_Processing_AI\controller\processing_controller.py","875","2026-07-20 18:41:31"
"E:\FOOTBALL_V\04_Data_Processing_AI\data_intelligence_engine\data_intelligence_engine.py","590","2026-07-22 12:44:19"
"E:\FOOTBALL_V\04_Data_Processing_AI\data_intelligence_engine\data_router.py","868","2026-07-22 12:44:19"
"E:\FOOTBALL_V\04_Data_Processing_AI\data_intelligence_engine\feature_selector.py","316","2026-07-22 12:44:19"
"E:\FOOTBALL_V\04_Data_Processing_AI\data_intelligence_engine\intelligence_service.py","372","2026-07-22 12:44:19"
"E:\FOOTBALL_V\04_Data_Processing_AI\data_intelligence_engine\model_interface.py","356","2026-07-22 12:44:19"
"E:\FOOTBALL_V\04_Data_Processing_AI\data_intelligence_engine\config\data_intelligence_config.json","251","2026-07-22 12:44:19"
"E:\FOOTBALL_V\04_Data_Processing_AI\data_intelligence_engine\registry\data_intelligence_registry.json","215","2026-07-22 12:44:19"
"E:\FOOTBALL_V\04_Data_Processing_AI\data_intelligence_engine\reports\data_intelligence_test_report.json","861","2026-07-22 12:46:57"
"E:\FOOTBALL_V\04_Data_Processing_AI\data_intelligence_engine\__pycache__\data_intelligence_engine.cpython-312.pyc","1021","2026-07-22 12:46:57"
"E:\FOOTBALL_V\04_Data_Processing_AI\data_intelligence_engine\__pycache__\data_router.cpython-312.pyc","938","2026-07-22 12:46:57"
"E:\FOOTBALL_V\04_Data_Processing_AI\data_intelligence_engine\__pycache__\model_interface.cpython-312.pyc","723","2026-07-22 12:46:57"
"E:\FOOTBALL_V\04_Data_Processing_AI\dynamic_feature_weight_engine\feature_weight_manager.py","200","2026-07-22 13:18:25"
"E:\FOOTBALL_V\04_Data_Processing_AI\dynamic_feature_weight_engine\model_weight_manager.py","254","2026-07-22 13:18:25"
"E:\FOOTBALL_V\04_Data_Processing_AI\dynamic_feature_weight_engine\weight_calculator.py","510","2026-07-22 13:18:25"
"E:\FOOTBALL_V\04_Data_Processing_AI\dynamic_feature_weight_engine\weight_engine.py","281","2026-07-22 13:18:25"
"E:\FOOTBALL_V\04_Data_Processing_AI\dynamic_feature_weight_engine\config\weight_config.json","236","2026-07-22 13:18:25"
"E:\FOOTBALL_V\04_Data_Processing_AI\dynamic_feature_weight_engine\registry\weight_registry.json","220","2026-07-22 13:18:25"
"E:\FOOTBALL_V\04_Data_Processing_AI\dynamic_feature_weight_engine\reports\dynamic_feature_weight_test_report.json","877","2026-07-22 13:23:03"
"E:\FOOTBALL_V\04_Data_Processing_AI\dynamic_feature_weight_engine\__pycache__\model_weight_manager.cpython-312.pyc","600","2026-07-22 13:23:03"
"E:\FOOTBALL_V\04_Data_Processing_AI\dynamic_feature_weight_engine\__pycache__\weight_calculator.cpython-312.pyc","870","2026-07-22 13:23:03"
"E:\FOOTBALL_V\04_Data_Processing_AI\dynamic_feature_weight_engine\__pycache__\weight_engine.cpython-312.pyc","675","2026-07-22 13:23:03"
"E:\FOOTBALL_V\04_Data_Processing_AI\feature_engine\feature_engine.py","2152","2026-07-20 18:55:50"
"E:\FOOTBALL_V\04_Data_Processing_AI\feature_engine\feature_rules.json","825","2026-07-20 18:55:50"
"E:\FOOTBALL_V\04_Data_Processing_AI\feature_store\backtest_dataset_manager.py","162","2026-07-21 10:46:18"
"E:\FOOTBALL_V\04_Data_Processing_AI\feature_store\database_connection_pool.py","375","2026-07-21 10:58:55"
"E:\FOOTBALL_V\04_Data_Processing_AI\feature_store\database_connector.py","422","2026-07-21 10:58:55"
"E:\FOOTBALL_V\04_Data_Processing_AI\feature_store\database_health_monitor.py","244","2026-07-21 10:58:55"
"E:\FOOTBALL_V\04_Data_Processing_AI\feature_store\database_migration_manager.py","361","2026-07-21 10:56:59"
"E:\FOOTBALL_V\04_Data_Processing_AI\feature_store\dataset_split_manager.py","370","2026-07-21 10:46:18"
"E:\FOOTBALL_V\04_Data_Processing_AI\feature_store\data_promotion_service.py","458","2026-07-21 10:43:53"
"E:\FOOTBALL_V\04_Data_Processing_AI\feature_store\data_source_registry.py","311","2026-07-21 11:00:51"
"E:\FOOTBALL_V\04_Data_Processing_AI\feature_store\elo_history_feature_engine.py","301","2026-07-21 10:49:15"
"E:\FOOTBALL_V\04_Data_Processing_AI\feature_store\environment_manager.py","361","2026-07-21 10:43:53"
"E:\FOOTBALL_V\04_Data_Processing_AI\feature_store\feature_anomaly_detector.py","271","2026-07-21 11:10:08"
"E:\FOOTBALL_V\04_Data_Processing_AI\feature_store\feature_api_service.py","274","2026-07-21 11:10:08"
"E:\FOOTBALL_V\04_Data_Processing_AI\feature_store\feature_audit_logger.py","254","2026-07-21 11:10:08"
"E:\FOOTBALL_V\04_Data_Processing_AI\feature_store\feature_auto_generator.py","270","2026-07-21 11:12:26"
"E:\FOOTBALL_V\04_Data_Processing_AI\feature_store\feature_cache_manager.py","350","2026-07-21 11:10:08"
"E:\FOOTBALL_V\04_Data_Processing_AI\feature_store\feature_context_builder.py","262","2026-07-21 11:12:26"
"E:\FOOTBALL_V\04_Data_Processing_AI\feature_store\feature_crud_service.py","723","2026-07-21 10:58:55"
"E:\FOOTBALL_V\04_Data_Processing_AI\feature_store\feature_database_connector.py","339","2026-07-21 09:51:48"
"E:\FOOTBALL_V\04_Data_Processing_AI\feature_store\feature_database_health_check.py","247","2026-07-21 10:56:59"
"E:\FOOTBALL_V\04_Data_Processing_AI\feature_store\feature_database_reader.py","399","2026-07-21 10:11:06"
"E:\FOOTBALL_V\04_Data_Processing_AI\feature_store\feature_database_service.py","479","2026-07-21 10:15:26"
"E:\FOOTBALL_V\04_Data_Processing_AI\feature_store\feature_database_session.py","313","2026-07-21 10:56:59"
"E:\FOOTBALL_V\04_Data_Processing_AI\feature_store\feature_dataset_builder.py","448","2026-07-21 09:51:48"
"E:\FOOTBALL_V\04_Data_Processing_AI\feature_store\feature_dataset_builder_v2.py","1076","2026-07-21 10:37:04"
"E:\FOOTBALL_V\04_Data_Processing_AI\feature_store\feature_dataset_exporter.py","436","2026-07-21 10:11:06"
"E:\FOOTBALL_V\04_Data_Processing_AI\feature_store\feature_dataset_generator.py","445","2026-07-21 10:15:26"
"E:\FOOTBALL_V\04_Data_Processing_AI\feature_store\feature_dataset_reporter.py","534","2026-07-21 10:28:55"
"E:\FOOTBALL_V\04_Data_Processing_AI\feature_store\feature_dataset_schema_validator.py","450","2026-07-21 10:28:55"
"E:\FOOTBALL_V\04_Data_Processing_AI\feature_store\feature_dataset_version_manager.py","198","2026-07-21 10:37:04"
"E:\FOOTBALL_V\04_Data_Processing_AI\feature_store\feature_data_ingestion.py","283","2026-07-21 11:00:51"
"E:\FOOTBALL_V\04_Data_Processing_AI\feature_store\feature_data_loader.py","683","2026-07-21 10:11:06"
"E:\FOOTBALL_V\04_Data_Processing_AI\feature_store\feature_drift_detector.py","288","2026-07-21 11:10:08"
"E:\FOOTBALL_V\04_Data_Processing_AI\feature_store\feature_feature_generator.py","729","2026-07-21 10:28:55"
"E:\FOOTBALL_V\04_Data_Processing_AI\feature_store\feature_feedback_optimizer.py","227","2026-07-21 11:12:26"
"E:\FOOTBALL_V\04_Data_Processing_AI\feature_store\feature_importance_analyzer.py","222","2026-07-21 11:12:26"
"E:\FOOTBALL_V\04_Data_Processing_AI\feature_store\feature_ingestion_scheduler.py","194","2026-07-21 11:00:51"
"E:\FOOTBALL_V\04_Data_Processing_AI\feature_store\feature_interaction_engine.py","296","2026-07-21 11:12:26"
"E:\FOOTBALL_V\04_Data_Processing_AI\feature_store\feature_lineage_tracker.py","331","2026-07-21 11:10:08"
"E:\FOOTBALL_V\04_Data_Processing_AI\feature_store\feature_loader.py","148","2026-07-22 12:03:03"
"E:\FOOTBALL_V\04_Data_Processing_AI\feature_store\feature_loader_service.py","266","2026-07-21 11:00:51"
"E:\FOOTBALL_V\04_Data_Processing_AI\feature_store\feature_match_reader.py","433","2026-07-21 10:28:55"
"E:\FOOTBALL_V\04_Data_Processing_AI\feature_store\feature_model_adapter.py","452","2026-07-21 10:37:04"
"E:\FOOTBALL_V\04_Data_Processing_AI\feature_store\feature_model_interface.py","153","2026-07-21 10:41:19"
"E:\FOOTBALL_V\04_Data_Processing_AI\feature_store\feature_model_registry.py","269","2026-07-21 10:41:19"
"E:\FOOTBALL_V\04_Data_Processing_AI\feature_store\feature_optimizer.py","213","2026-07-21 11:12:26"
"E:\FOOTBALL_V\04_Data_Processing_AI\feature_store\feature_pattern_miner.py","268","2026-07-21 11:12:26"
"E:\FOOTBALL_V\04_Data_Processing_AI\feature_store\feature_pipeline.py","471","2026-07-21 09:51:48"
"E:\FOOTBALL_V\04_Data_Processing_AI\feature_store\feature_pipeline_runner.py","567","2026-07-21 10:11:06"
"E:\FOOTBALL_V\04_Data_Processing_AI\feature_store\feature_probability_schema.py","311","2026-07-21 10:37:04"
"E:\FOOTBALL_V\04_Data_Processing_AI\feature_store\feature_quality_monitor.py","272","2026-07-21 11:10:08"
"E:\FOOTBALL_V\04_Data_Processing_AI\feature_store\feature_quality_reporter.py","269","2026-07-21 11:10:08"
"E:\FOOTBALL_V\04_Data_Processing_AI\feature_store\feature_quality_rules.py","361","2026-07-21 11:10:08"
"E:\FOOTBALL_V\04_Data_Processing_AI\feature_store\feature_query_engine.py","189","2026-07-21 10:15:26"
"E:\FOOTBALL_V\04_Data_Processing_AI\feature_store\feature_query_service.py","267","2026-07-21 10:54:39"
"E:\FOOTBALL_V\04_Data_Processing_AI\feature_store\feature_reduction_engine.py","215","2026-07-21 11:12:26"
"E:\FOOTBALL_V\04_Data_Processing_AI\feature_store\feature_registry.py","570","2026-07-22 12:03:03"
"E:\FOOTBALL_V\04_Data_Processing_AI\feature_store\feature_request_router.py","278","2026-07-21 11:10:08"
"E:\FOOTBALL_V\04_Data_Processing_AI\feature_store\feature_response_formatter.py","265","2026-07-21 11:10:08"
"E:\FOOTBALL_V\04_Data_Processing_AI\feature_store\feature_schema.py","453","2026-07-22 12:03:03"
"E:\FOOTBALL_V\04_Data_Processing_AI\feature_store\feature_selector_ai.py","215","2026-07-21 11:12:26"
"E:\FOOTBALL_V\04_Data_Processing_AI\feature_store\feature_service.py","231","2026-07-22 12:03:03"
"E:\FOOTBALL_V\04_Data_Processing_AI\feature_store\feature_service_health.py","243","2026-07-21 11:10:08"
"E:\FOOTBALL_V\04_Data_Processing_AI\feature_store\feature_snapshot_manager.py","285","2026-07-21 10:54:39"
"E:\FOOTBALL_V\04_Data_Processing_AI\feature_store\feature_store.py","309","2026-07-22 12:03:03"
"E:\FOOTBALL_V\04_Data_Processing_AI\feature_store\feature_table_mapper.py","601","2026-07-21 10:15:26"
"E:\FOOTBALL_V\04_Data_Processing_AI\feature_store\feature_time_series_manager.py","170","2026-07-21 10:49:15"
"E:\FOOTBALL_V\04_Data_Processing_AI\feature_store\feature_validation_service.py","263","2026-07-21 11:00:51"
"E:\FOOTBALL_V\04_Data_Processing_AI\feature_store\feature_validator.py","177","2026-07-21 09:51:48"
"E:\FOOTBALL_V\04_Data_Processing_AI\feature_store\feature_version_manager.py","402","2026-07-21 11:10:08"
"E:\FOOTBALL_V\04_Data_Processing_AI\feature_store\historical_feature_builder.py","282","2026-07-21 10:49:15"
"E:\FOOTBALL_V\04_Data_Processing_AI\feature_store\historical_feature_database.py","329","2026-07-21 10:54:39"
"E:\FOOTBALL_V\04_Data_Processing_AI\feature_store\historical_feature_registry.py","281","2026-07-21 10:49:15"
"E:\FOOTBALL_V\04_Data_Processing_AI\feature_store\historical_feature_repository.py","432","2026-07-21 10:54:39"
"E:\FOOTBALL_V\04_Data_Processing_AI\feature_store\historical_feature_repository_v2.py","432","2026-07-21 10:58:55"
"E:\FOOTBALL_V\04_Data_Processing_AI\feature_store\historical_feature_table_creator.py","345","2026-07-21 10:56:59"
"E:\FOOTBALL_V\04_Data_Processing_AI\feature_store\home_away_feature_engine.py","257","2026-07-21 10:49:15"
"E:\FOOTBALL_V\04_Data_Processing_AI\feature_store\intelligent_feature_store.py","268","2026-07-21 11:12:26"
"E:\FOOTBALL_V\04_Data_Processing_AI\feature_store\model_feedback_collector.py","236","2026-07-21 11:12:26"
"E:\FOOTBALL_V\04_Data_Processing_AI\feature_store\model_training_exporter.py","424","2026-07-21 10:46:18"
"E:\FOOTBALL_V\04_Data_Processing_AI\feature_store\prediction_error_analyzer.py","243","2026-07-21 11:12:26"
"E:\FOOTBALL_V\04_Data_Processing_AI\feature_store\production_release_checker.py","341","2026-07-21 11:10:08"
"E:\FOOTBALL_V\04_Data_Processing_AI\feature_store\team_form_feature_engine.py","277","2026-07-21 10:49:15"
"E:\FOOTBALL_V\04_Data_Processing_AI\feature_store\training_dataset_builder.py","447","2026-07-21 10:46:18"
"E:\FOOTBALL_V\04_Data_Processing_AI\feature_store\validation_dataset_checker.py","432","2026-07-21 10:43:53"
"E:\FOOTBALL_V\04_Data_Processing_AI\feature_store\validation_production_switch.py","289","2026-07-21 11:10:08"
"E:\FOOTBALL_V\04_Data_Processing_AI\feature_store\adapters\dixon_coles_adapter.py","368","2026-07-22 12:20:58"
"E:\FOOTBALL_V\04_Data_Processing_AI\feature_store\adapters\dixon_coles_feature_adapter.py","404","2026-07-21 10:41:19"
"E:\FOOTBALL_V\04_Data_Processing_AI\feature_store\adapters\elo_adapter.py","328","2026-07-22 12:20:58"
"E:\FOOTBALL_V\04_Data_Processing_AI\feature_store\adapters\elo_feature_adapter.py","397","2026-07-21 10:41:19"
"E:\FOOTBALL_V\04_Data_Processing_AI\feature_store\adapters\fusion_adapter.py","387","2026-07-22 12:20:58"
"E:\FOOTBALL_V\04_Data_Processing_AI\feature_store\adapters\fusion_feature_adapter.py","160","2026-07-21 10:41:19"
"E:\FOOTBALL_V\04_Data_Processing_AI\feature_store\adapters\poisson_adapter.py","365","2026-07-22 12:20:58"
"E:\FOOTBALL_V\04_Data_Processing_AI\feature_store\adapters\poisson_feature_adapter.py","379","2026-07-21 10:41:19"
"E:\FOOTBALL_V\04_Data_Processing_AI\feature_store\adapters\xgboost_adapter.py","303","2026-07-22 12:20:58"
"E:\FOOTBALL_V\04_Data_Processing_AI\feature_store\adapters\xgboost_feature_adapter.py","280","2026-07-21 10:41:19"
"E:\FOOTBALL_V\04_Data_Processing_AI\feature_store\adapters\__pycache__\dixon_coles_adapter.cpython-312.pyc","733","2026-07-22 12:36:57"
"E:\FOOTBALL_V\04_Data_Processing_AI\feature_store\adapters\__pycache__\elo_adapter.cpython-312.pyc","706","2026-07-22 12:36:57"
"E:\FOOTBALL_V\04_Data_Processing_AI\feature_store\adapters\__pycache__\fusion_adapter.cpython-312.pyc","726","2026-07-22 12:36:57"
"E:\FOOTBALL_V\04_Data_Processing_AI\feature_store\adapters\__pycache__\poisson_adapter.cpython-312.pyc","725","2026-07-22 12:36:57"
"E:\FOOTBALL_V\04_Data_Processing_AI\feature_store\adapters\__pycache__\xgboost_adapter.cpython-312.pyc","700","2026-07-22 12:36:57"
"E:\FOOTBALL_V\04_Data_Processing_AI\feature_store\catalog\feature_catalog.json","0","2026-07-20 19:37:50"
"E:\FOOTBALL_V\04_Data_Processing_AI\feature_store\config\database_config.json","188","2026-07-21 09:51:48"
"E:\FOOTBALL_V\04_Data_Processing_AI\feature_store\config\database_runtime.json","154","2026-07-21 10:11:06"
"E:\FOOTBALL_V\04_Data_Processing_AI\feature_store\config\database_service_config.json","230","2026-07-21 10:15:26"
"E:\FOOTBALL_V\04_Data_Processing_AI\feature_store\config\environment_config.json","293","2026-07-21 10:43:53"
"E:\FOOTBALL_V\04_Data_Processing_AI\feature_store\config\feature_store_config.json","350","2026-07-21 09:09:53"
"E:\FOOTBALL_V\04_Data_Processing_AI\feature_store\config\ingestion_config.json","248","2026-07-21 11:00:51"
"E:\FOOTBALL_V\04_Data_Processing_AI\feature_store\config\intelligent_feature_config.json","194","2026-07-21 11:12:26"
"E:\FOOTBALL_V\04_Data_Processing_AI\feature_store\config\match_data_runtime.json","230","2026-07-21 10:28:55"
"E:\FOOTBALL_V\04_Data_Processing_AI\feature_store\config\postgres_runtime_config.json","191","2026-07-21 10:58:55"
"E:\FOOTBALL_V\04_Data_Processing_AI\feature_store\config\production_feature_config.json","290","2026-07-21 11:10:08"
"E:\FOOTBALL_V\04_Data_Processing_AI\feature_store\config\training_dataset_config.json","206","2026-07-21 10:46:18"
"E:\FOOTBALL_V\04_Data_Processing_AI\feature_store\migrations\V2.1_create_historical_feature_tables.sql","1047","2026-07-21 10:56:59"
"E:\FOOTBALL_V\04_Data_Processing_AI\feature_store\registry\adapter_registry.json","266","2026-07-22 12:20:58"
"E:\FOOTBALL_V\04_Data_Processing_AI\feature_store\registry\feature_registry.json","166","2026-07-21 09:09:53"
"E:\FOOTBALL_V\04_Data_Processing_AI\feature_store\reports\ai_feature_dataset_report.json","162","2026-07-21 10:37:04"
"E:\FOOTBALL_V\04_Data_Processing_AI\feature_store\reports\database_migration_report.json","213","2026-07-21 10:56:59"
"E:\FOOTBALL_V\04_Data_Processing_AI\feature_store\reports\database_runtime_report.json","172","2026-07-21 10:58:55"
"E:\FOOTBALL_V\04_Data_Processing_AI\feature_store\reports\data_promotion_report.json","185","2026-07-21 10:43:53"
"E:\FOOTBALL_V\04_Data_Processing_AI\feature_store\reports\feature_database_report.json","83","2026-07-21 10:15:26"
"E:\FOOTBALL_V\04_Data_Processing_AI\feature_store\reports\feature_dataset_generation_report.json","83","2026-07-21 10:28:55"
"E:\FOOTBALL_V\04_Data_Processing_AI\feature_store\reports\feature_pipeline_report.json","83","2026-07-21 10:11:06"
"E:\FOOTBALL_V\04_Data_Processing_AI\feature_store\reports\feature_store_report.json","0","2026-07-20 19:37:51"
"E:\FOOTBALL_V\04_Data_Processing_AI\feature_store\reports\feature_store_test_report.json","2904","2026-07-22 12:36:57"
"E:\FOOTBALL_V\04_Data_Processing_AI\feature_store\reports\historical_feature_database_report.json","197","2026-07-21 10:54:39"
"E:\FOOTBALL_V\04_Data_Processing_AI\feature_store\reports\historical_feature_report.json","169","2026-07-21 10:49:15"
"E:\FOOTBALL_V\04_Data_Processing_AI\feature_store\reports\ingestion_report.json","170","2026-07-21 11:00:51"
"E:\FOOTBALL_V\04_Data_Processing_AI\feature_store\reports\intelligent_feature_report.json","295","2026-07-21 11:12:26"
"E:\FOOTBALL_V\04_Data_Processing_AI\feature_store\reports\model_feature_mapping_report.json","242","2026-07-21 10:41:19"
"E:\FOOTBALL_V\04_Data_Processing_AI\feature_store\reports\production_readiness_report.json","262","2026-07-21 11:10:08"
"E:\FOOTBALL_V\04_Data_Processing_AI\feature_store\reports\training_dataset_report.json","262","2026-07-21 10:46:18"
"E:\FOOTBALL_V\04_Data_Processing_AI\feature_store\schema\ai_feature_dataset_schema.json","198","2026-07-21 10:37:04"
"E:\FOOTBALL_V\04_Data_Processing_AI\feature_store\schema\feature_schema.json","211","2026-07-22 12:03:03"
"E:\FOOTBALL_V\04_Data_Processing_AI\feature_store\schema\historical_feature_schema.json","304","2026-07-21 10:54:39"
"E:\FOOTBALL_V\04_Data_Processing_AI\feature_store\schema\match_dataset_schema.json","141","2026-07-21 10:28:55"
"E:\FOOTBALL_V\04_Data_Processing_AI\feature_store\schema\match_schema.json","150","2026-07-21 09:51:48"
"E:\FOOTBALL_V\04_Data_Processing_AI\feature_store\tests\ai_feature_dataset_test.py","769","2026-07-21 10:37:04"
"E:\FOOTBALL_V\04_Data_Processing_AI\feature_store\tests\environment_flow_test.py","758","2026-07-21 10:43:53"
"E:\FOOTBALL_V\04_Data_Processing_AI\feature_store\tests\feature_database_health_test.py","845","2026-07-21 10:56:59"
"E:\FOOTBALL_V\04_Data_Processing_AI\feature_store\tests\feature_database_integration_test.py","746","2026-07-21 10:15:26"
"E:\FOOTBALL_V\04_Data_Processing_AI\feature_store\tests\feature_dataset_generation_test.py","763","2026-07-21 10:28:55"
"E:\FOOTBALL_V\04_Data_Processing_AI\feature_store\tests\feature_ingestion_test.py","802","2026-07-21 11:00:51"
"E:\FOOTBALL_V\04_Data_Processing_AI\feature_store\tests\feature_store_data_test.py","723","2026-07-21 10:11:06"
"E:\FOOTBALL_V\04_Data_Processing_AI\feature_store\tests\feature_store_pipeline_test.py","772","2026-07-21 09:51:48"
"E:\FOOTBALL_V\04_Data_Processing_AI\feature_store\tests\feature_store_test.py","696","2026-07-21 09:09:53"
"E:\FOOTBALL_V\04_Data_Processing_AI\feature_store\tests\feature_store_v2.6_full_test.py","1243","2026-07-21 11:10:08"
"E:\FOOTBALL_V\04_Data_Processing_AI\feature_store\tests\feature_store_v3.0_full_test.py","905","2026-07-21 11:12:26"
"E:\FOOTBALL_V\04_Data_Processing_AI\feature_store\tests\historical_feature_database_test.py","768","2026-07-21 10:54:39"
"E:\FOOTBALL_V\04_Data_Processing_AI\feature_store\tests\historical_feature_store_test.py","807","2026-07-21 10:49:15"
"E:\FOOTBALL_V\04_Data_Processing_AI\feature_store\tests\model_feature_adapter_test.py","867","2026-07-21 10:41:19"
"E:\FOOTBALL_V\04_Data_Processing_AI\feature_store\tests\postgres_runtime_test.py","802","2026-07-21 10:58:55"
"E:\FOOTBALL_V\04_Data_Processing_AI\feature_store\tests\training_dataset_pipeline_test.py","757","2026-07-21 10:46:18"
"E:\FOOTBALL_V\04_Data_Processing_AI\pipeline\pipeline_registry.json","454","2026-07-20 18:59:56"
"E:\FOOTBALL_V\04_Data_Processing_AI\pipeline\processing_pipeline.py","2034","2026-07-20 18:59:56"
"E:\FOOTBALL_V\04_Data_Processing_AI\registry\cleaning_registry.json","163","2026-07-20 18:44:16"
"E:\FOOTBALL_V\04_Data_Processing_AI\registry\feature_registry.json","170","2026-07-20 18:55:50"
"E:\FOOTBALL_V\04_Data_Processing_AI\registry\pipeline_registry.json","164","2026-07-20 18:59:56"
"E:\FOOTBALL_V\04_Data_Processing_AI\registry\processing_registry.json","250","2026-07-20 18:41:31"
"E:\FOOTBALL_V\04_Data_Processing_AI\registry\transformation_registry.json","177","2026-07-20 18:51:43"
"E:\FOOTBALL_V\04_Data_Processing_AI\reports\cleaning_report.json","444","2026-07-20 18:48:54"
"E:\FOOTBALL_V\04_Data_Processing_AI\reports\feature_report.json","446","2026-07-20 18:56:02"
"E:\FOOTBALL_V\04_Data_Processing_AI\reports\pipeline_report.json","374","2026-07-20 19:00:03"
"E:\FOOTBALL_V\04_Data_Processing_AI\reports\transformation_report.json","366","2026-07-20 18:51:50"
"E:\FOOTBALL_V\04_Data_Processing_AI\transformation\transformation_engine.py","2049","2026-07-20 18:51:43"
"E:\FOOTBALL_V\04_Data_Processing_AI\transformation\transformation_rules.json","653","2026-07-20 18:51:43"
"E:\FOOTBALL_V\05_AI_Intelligence_Layer\config\ai_intelligence_config.json","330","2026-07-22 13:32:56"
"E:\FOOTBALL_V\05_AI_Intelligence_Layer\controller\model_controller.py","1100","2026-07-20 19:03:35"
"E:\FOOTBALL_V\05_AI_Intelligence_Layer\FUSION_DECISION_ENGINE\decision_manager.py","117","2026-07-22 13:32:56"
"E:\FOOTBALL_V\05_AI_Intelligence_Layer\FUSION_DECISION_ENGINE\fusion_engine.py","173","2026-07-22 13:32:56"
"E:\FOOTBALL_V\05_AI_Intelligence_Layer\FUSION_DECISION_ENGINE\__pycache__\fusion_engine.cpython-312.pyc","518","2026-07-22 13:37:54"
"E:\FOOTBALL_V\05_AI_Intelligence_Layer\MODEL_ADAPTER_FRAMEWORK\adapter_base.py","217","2026-07-22 13:32:56"
"E:\FOOTBALL_V\05_AI_Intelligence_Layer\MODEL_ADAPTER_FRAMEWORK\adapter_manager.py","151","2026-07-22 13:32:56"
"E:\FOOTBALL_V\05_AI_Intelligence_Layer\MODEL_ADAPTER_FRAMEWORK\__pycache__\adapter_base.cpython-312.pyc","726","2026-07-22 13:37:54"
"E:\FOOTBALL_V\05_AI_Intelligence_Layer\MODEL_EVALUATION_ENGINE\error_analyzer.py","180","2026-07-22 13:32:56"
"E:\FOOTBALL_V\05_AI_Intelligence_Layer\MODEL_EVALUATION_ENGINE\evaluator.py","192","2026-07-22 13:32:56"
"E:\FOOTBALL_V\05_AI_Intelligence_Layer\MODEL_EVALUATION_ENGINE\__pycache__\evaluator.cpython-312.pyc","548","2026-07-22 13:37:54"
"E:\FOOTBALL_V\05_AI_Intelligence_Layer\MODEL_REGISTRY\model_catalog.py","242","2026-07-22 13:32:56"
"E:\FOOTBALL_V\05_AI_Intelligence_Layer\MODEL_REGISTRY\model_registry.py","427","2026-07-22 13:32:56"
"E:\FOOTBALL_V\05_AI_Intelligence_Layer\MODEL_REGISTRY\model_status_manager.py","119","2026-07-22 13:32:56"
"E:\FOOTBALL_V\05_AI_Intelligence_Layer\MODEL_REGISTRY\model_version_manager.py","123","2026-07-22 13:32:56"
"E:\FOOTBALL_V\05_AI_Intelligence_Layer\MODEL_REGISTRY\__pycache__\model_registry.cpython-312.pyc","915","2026-07-22 13:37:54"
"E:\FOOTBALL_V\05_AI_Intelligence_Layer\registry\ai_layer_registry.json","173","2026-07-22 13:32:56"
"E:\FOOTBALL_V\05_AI_Intelligence_Layer\registry\model_registry.json","606","2026-07-20 19:03:35"
"E:\FOOTBALL_V\05_AI_Intelligence_Layer\reports\ai_intelligence_layer_test_report.json","1030","2026-07-22 13:37:54"
"E:\FOOTBALL_V\05_AI_Intelligence_Layer\SELF_REFLECTION_ENGINE\experience_manager.py","117","2026-07-22 13:32:56"
"E:\FOOTBALL_V\05_AI_Intelligence_Layer\SELF_REFLECTION_ENGINE\reflection_engine.py","178","2026-07-22 13:32:56"
"E:\FOOTBALL_V\05_AI_Intelligence_Layer\SELF_REFLECTION_ENGINE\__pycache__\reflection_engine.cpython-312.pyc","531","2026-07-22 13:37:54"
"E:\FOOTBALL_V\05_MODEL_AI\MODEL_LAYER\feature_store_connector.py","283","2026-07-21 11:16:36"
"E:\FOOTBALL_V\05_MODEL_AI\MODEL_LAYER\model_interface.py","609","2026-07-21 11:16:36"
"E:\FOOTBALL_V\05_MODEL_AI\MODEL_LAYER\model_loader.py","275","2026-07-21 11:16:36"
"E:\FOOTBALL_V\05_MODEL_AI\MODEL_LAYER\model_registry.py","459","2026-07-21 11:16:36"
"E:\FOOTBALL_V\05_MODEL_AI\MODEL_LAYER\model_runtime.py","311","2026-07-21 11:16:36"
"E:\FOOTBALL_V\05_MODEL_AI\MODEL_LAYER\backtest\backtest_engine.py","292","2026-07-21 11:16:36"
"E:\FOOTBALL_V\05_MODEL_AI\MODEL_LAYER\backtest\model_accuracy_report.py","263","2026-07-21 11:16:36"
"E:\FOOTBALL_V\05_MODEL_AI\MODEL_LAYER\backtest\prediction_tracker.py","339","2026-07-21 11:16:36"
"E:\FOOTBALL_V\05_MODEL_AI\MODEL_LAYER\backtest\roi_analyzer.py","239","2026-07-21 11:16:36"
"E:\FOOTBALL_V\05_MODEL_AI\MODEL_LAYER\config\model_config.json","241","2026-07-21 11:16:36"
"E:\FOOTBALL_V\05_MODEL_AI\MODEL_LAYER\fusion\fusion_engine.py","964","2026-07-21 11:16:36"
"E:\FOOTBALL_V\05_MODEL_AI\MODEL_LAYER\fusion\probability_calculator.py","367","2026-07-21 11:16:36"
"E:\FOOTBALL_V\05_MODEL_AI\MODEL_LAYER\models\dixon_coles_model.py","576","2026-07-21 11:16:36"
"E:\FOOTBALL_V\05_MODEL_AI\MODEL_LAYER\models\elo_model.py","561","2026-07-21 11:16:36"
"E:\FOOTBALL_V\05_MODEL_AI\MODEL_LAYER\models\poisson_model.py","569","2026-07-21 11:16:36"
"E:\FOOTBALL_V\05_MODEL_AI\MODEL_LAYER\models\xgboost_model.py","569","2026-07-21 11:16:36"
"E:\FOOTBALL_V\05_MODEL_AI\MODEL_LAYER\reports\model_layer_report.json","269","2026-07-21 11:16:36"
"E:\FOOTBALL_V\05_MODEL_AI\MODEL_LAYER\tests\model_layer_v1.3_full_test.py","990","2026-07-21 11:16:36"
"E:\FOOTBALL_V\06_PREDICTION_ENGINE\confidence_calculator.py","628","2026-07-21 11:27:27"
"E:\FOOTBALL_V\06_PREDICTION_ENGINE\correct_score_calculator.py","497","2026-07-21 11:27:27"
"E:\FOOTBALL_V\06_PREDICTION_ENGINE\goal_distribution.py","1257","2026-07-21 11:27:27"
"E:\FOOTBALL_V\06_PREDICTION_ENGINE\market_probability_compare.py","772","2026-07-21 11:27:27"
"E:\FOOTBALL_V\06_PREDICTION_ENGINE\prediction_interface.py","328","2026-07-21 11:27:27"
"E:\FOOTBALL_V\06_PREDICTION_ENGINE\prediction_registry.py","477","2026-07-21 11:27:27"
"E:\FOOTBALL_V\06_PREDICTION_ENGINE\prediction_runtime.py","438","2026-07-21 11:27:27"
"E:\FOOTBALL_V\06_PREDICTION_ENGINE\prediction_service.py","442","2026-07-21 11:27:27"
"E:\FOOTBALL_V\06_PREDICTION_ENGINE\probability_calibrator.py","500","2026-07-21 11:27:27"
"E:\FOOTBALL_V\06_PREDICTION_ENGINE\probability_engine.py","2060","2026-07-21 11:27:27"
"E:\FOOTBALL_V\06_PREDICTION_ENGINE\risk_engine.py","536","2026-07-21 11:27:27"
"E:\FOOTBALL_V\06_PREDICTION_ENGINE\score_prediction_engine.py","983","2026-07-21 11:27:27"
"E:\FOOTBALL_V\06_PREDICTION_ENGINE\value_analyzer.py","517","2026-07-21 11:27:27"
"E:\FOOTBALL_V\06_PREDICTION_ENGINE\config\prediction_config.json","326","2026-07-21 11:27:27"
"E:\FOOTBALL_V\06_PREDICTION_ENGINE\reports\prediction_engine_report.json","285","2026-07-21 11:27:27"
"E:\FOOTBALL_V\06_PREDICTION_ENGINE\tests\prediction_engine_v1.3_full_test.py","921","2026-07-21 11:27:27"
"E:\FOOTBALL_V\06_PREDICTION_INTELLIGENCE_ENGINE\advanced_model_connector\connector_manager.py","250","2026-07-22 14:14:54"
"E:\FOOTBALL_V\06_PREDICTION_INTELLIGENCE_ENGINE\advanced_model_connector\dixon_coles_connector.py","90","2026-07-22 14:14:54"
"E:\FOOTBALL_V\06_PREDICTION_INTELLIGENCE_ENGINE\advanced_model_connector\elo_connector.py","75","2026-07-22 14:14:54"
"E:\FOOTBALL_V\06_PREDICTION_INTELLIGENCE_ENGINE\advanced_model_connector\poisson_connector.py","83","2026-07-22 14:14:54"
"E:\FOOTBALL_V\06_PREDICTION_INTELLIGENCE_ENGINE\advanced_model_connector\xgboost_connector.py","83","2026-07-22 14:14:54"
"E:\FOOTBALL_V\06_PREDICTION_INTELLIGENCE_ENGINE\advanced_model_connector\__pycache__\connector_manager.cpython-312.pyc","559","2026-07-22 14:16:02"
"E:\FOOTBALL_V\06_PREDICTION_INTELLIGENCE_ENGINE\confidence_calibration\calibration_engine.py","90","2026-07-22 14:14:54"
"E:\FOOTBALL_V\06_PREDICTION_INTELLIGENCE_ENGINE\confidence_calibration\reliability.py","73","2026-07-22 14:14:54"
"E:\FOOTBALL_V\06_PREDICTION_INTELLIGENCE_ENGINE\confidence_calibration\__pycache__\calibration_engine.cpython-312.pyc","509","2026-07-22 14:16:02"
"E:\FOOTBALL_V\06_PREDICTION_INTELLIGENCE_ENGINE\confidence_engine\confidence_manager.py","167","2026-07-22 14:02:21"
"E:\FOOTBALL_V\06_PREDICTION_INTELLIGENCE_ENGINE\confidence_engine\__pycache__\confidence_manager.cpython-312.pyc","530","2026-07-22 14:09:50"
"E:\FOOTBALL_V\06_PREDICTION_INTELLIGENCE_ENGINE\config\prediction_config.json","242","2026-07-22 14:02:21"
"E:\FOOTBALL_V\06_PREDICTION_INTELLIGENCE_ENGINE\knockout_extension\knockout_engine.py","271","2026-07-22 14:02:21"
"E:\FOOTBALL_V\06_PREDICTION_INTELLIGENCE_ENGINE\knockout_extension\__pycache__\knockout_engine.cpython-312.pyc","561","2026-07-22 14:09:50"
"E:\FOOTBALL_V\06_PREDICTION_INTELLIGENCE_ENGINE\model_connector\model_connector.py","244","2026-07-22 14:02:21"
"E:\FOOTBALL_V\06_PREDICTION_INTELLIGENCE_ENGINE\model_connector\__pycache__\model_connector.cpython-312.pyc","536","2026-07-22 14:09:50"
"E:\FOOTBALL_V\06_PREDICTION_INTELLIGENCE_ENGINE\prediction_api\api_service.py","135","2026-07-22 14:14:54"
"E:\FOOTBALL_V\06_PREDICTION_INTELLIGENCE_ENGINE\prediction_api\__pycache__\api_service.cpython-312.pyc","506","2026-07-22 14:16:02"
"E:\FOOTBALL_V\06_PREDICTION_INTELLIGENCE_ENGINE\probability_engine\probability_fusion.py","231","2026-07-22 14:02:21"
"E:\FOOTBALL_V\06_PREDICTION_INTELLIGENCE_ENGINE\probability_engine\__pycache__\probability_fusion.cpython-312.pyc","556","2026-07-22 14:09:50"
"E:\FOOTBALL_V\06_PREDICTION_INTELLIGENCE_ENGINE\real_probability_engine\fusion_calculator.py","241","2026-07-22 14:14:54"
"E:\FOOTBALL_V\06_PREDICTION_INTELLIGENCE_ENGINE\real_probability_engine\probability_service.py","169","2026-07-22 14:14:54"
"E:\FOOTBALL_V\06_PREDICTION_INTELLIGENCE_ENGINE\real_probability_engine\__pycache__\fusion_calculator.cpython-312.pyc","575","2026-07-22 14:16:02"
"E:\FOOTBALL_V\06_PREDICTION_INTELLIGENCE_ENGINE\registry\batch_registry.json","305","2026-07-22 14:14:54"
"E:\FOOTBALL_V\06_PREDICTION_INTELLIGENCE_ENGINE\registry\prediction_registry.json","235","2026-07-22 14:02:21"
"E:\FOOTBALL_V\06_PREDICTION_INTELLIGENCE_ENGINE\regular_time_prediction\prediction_engine.py","198","2026-07-22 14:02:21"
"E:\FOOTBALL_V\06_PREDICTION_INTELLIGENCE_ENGINE\regular_time_prediction\__pycache__\prediction_engine.cpython-312.pyc","568","2026-07-22 14:09:50"
"E:\FOOTBALL_V\06_PREDICTION_INTELLIGENCE_ENGINE\reports\batch_deploy_report.json","168","2026-07-22 14:14:54"
"E:\FOOTBALL_V\06_PREDICTION_INTELLIGENCE_ENGINE\reports\batch_test_report.json","1248","2026-07-22 14:16:02"
"E:\FOOTBALL_V\06_PREDICTION_INTELLIGENCE_ENGINE\reports\prediction_deploy_report.json","163","2026-07-22 14:02:21"
"E:\FOOTBALL_V\06_PREDICTION_INTELLIGENCE_ENGINE\reports\prediction_test_report.json","1386","2026-07-22 14:09:50"
"E:\FOOTBALL_V\06_PREDICTION_INTELLIGENCE_ENGINE\risk_engine\risk_manager.py","161","2026-07-22 14:02:21"
"E:\FOOTBALL_V\06_PREDICTION_INTELLIGENCE_ENGINE\risk_engine\__pycache__\risk_manager.cpython-312.pyc","501","2026-07-22 14:09:50"
"E:\FOOTBALL_V\06_PREDICTION_INTELLIGENCE_ENGINE\risk_intelligence_engine\model_conflict.py","81","2026-07-22 14:14:54"
"E:\FOOTBALL_V\06_PREDICTION_INTELLIGENCE_ENGINE\risk_intelligence_engine\upset_detector.py","77","2026-07-22 14:14:54"
"E:\FOOTBALL_V\06_PREDICTION_INTELLIGENCE_ENGINE\risk_intelligence_engine\__pycache__\upset_detector.cpython-312.pyc","482","2026-07-22 14:16:02"
"E:\FOOTBALL_V\06_PREDICTION_INTELLIGENCE_ENGINE\score_prediction\score_predictor.py","210","2026-07-22 14:02:21"
"E:\FOOTBALL_V\06_PREDICTION_INTELLIGENCE_ENGINE\score_prediction\__pycache__\score_predictor.cpython-312.pyc","532","2026-07-22 14:09:50"
"E:\FOOTBALL_V\06_PREDICTION_INTELLIGENCE_ENGINE\score_probability_engine\score_distribution.py","146","2026-07-22 14:14:54"
"E:\FOOTBALL_V\06_PREDICTION_INTELLIGENCE_ENGINE\score_probability_engine\score_service.py","75","2026-07-22 14:14:54"
"E:\FOOTBALL_V\06_PREDICTION_INTELLIGENCE_ENGINE\score_probability_engine\__pycache__\score_distribution.cpython-312.pyc","552","2026-07-22 14:16:02"
"E:\FOOTBALL_V\07_AI_ORCHESTRATION_LAYER\config\orchestration_config.json","338","2026-07-22 14:18:31"
"E:\FOOTBALL_V\07_AI_ORCHESTRATION_LAYER\data_pipeline\feature_pipeline.py","90","2026-07-22 14:18:31"
"E:\FOOTBALL_V\07_AI_ORCHESTRATION_LAYER\data_pipeline\input_manager.py","82","2026-07-22 14:18:31"
"E:\FOOTBALL_V\07_AI_ORCHESTRATION_LAYER\data_pipeline\output_pipeline.py","87","2026-07-22 14:18:31"
"E:\FOOTBALL_V\07_AI_ORCHESTRATION_LAYER\data_pipeline\__pycache__\feature_pipeline.cpython-312.pyc","485","2026-07-22 14:19:58"
"E:\FOOTBALL_V\07_AI_ORCHESTRATION_LAYER\decision_interface\decision_service.py","138","2026-07-22 14:18:31"
"E:\FOOTBALL_V\07_AI_ORCHESTRATION_LAYER\decision_interface\__pycache__\decision_service.cpython-312.pyc","511","2026-07-22 14:19:58"
"E:\FOOTBALL_V\07_AI_ORCHESTRATION_LAYER\learning_hook\experience_connector.py","106","2026-07-22 14:18:31"
"E:\FOOTBALL_V\07_AI_ORCHESTRATION_LAYER\learning_hook\feedback_receiver.py","92","2026-07-22 14:18:31"
"E:\FOOTBALL_V\07_AI_ORCHESTRATION_LAYER\learning_hook\__pycache__\feedback_receiver.cpython-312.pyc","489","2026-07-22 14:19:58"
"E:\FOOTBALL_V\07_AI_ORCHESTRATION_LAYER\model_router\model_selector.py","88","2026-07-22 14:18:31"
"E:\FOOTBALL_V\07_AI_ORCHESTRATION_LAYER\model_router\router.py","222","2026-07-22 14:18:31"
"E:\FOOTBALL_V\07_AI_ORCHESTRATION_LAYER\model_router\__pycache__\router.cpython-312.pyc","519","2026-07-22 14:19:58"
"E:\FOOTBALL_V\07_AI_ORCHESTRATION_LAYER\orchestration_core\orchestrator.py","215","2026-07-22 14:18:31"
"E:\FOOTBALL_V\07_AI_ORCHESTRATION_LAYER\orchestration_core\pipeline_manager.py","87","2026-07-22 14:18:31"
"E:\FOOTBALL_V\07_AI_ORCHESTRATION_LAYER\orchestration_core\task_scheduler.py","91","2026-07-22 14:18:31"
"E:\FOOTBALL_V\07_AI_ORCHESTRATION_LAYER\orchestration_core\__pycache__\orchestrator.cpython-312.pyc","523","2026-07-22 14:19:58"
"E:\FOOTBALL_V\07_AI_ORCHESTRATION_LAYER\registry\orchestration_registry.json","732","2026-07-22 14:18:31"
"E:\FOOTBALL_V\07_AI_ORCHESTRATION_LAYER\reports\orchestration_deploy_report.json","158","2026-07-22 14:18:31"
"E:\FOOTBALL_V\07_AI_ORCHESTRATION_LAYER\reports\orchestration_test_report.json","1344","2026-07-22 14:19:58"
"E:\FOOTBALL_V\07_AI_ORCHESTRATION_LAYER\report_engine\report_generator.py","138","2026-07-22 14:18:31"
"E:\FOOTBALL_V\07_AI_ORCHESTRATION_LAYER\report_engine\__pycache__\report_generator.cpython-312.pyc","508","2026-07-22 14:19:58"
"E:\FOOTBALL_V\07_AI_ORCHESTRATION_LAYER\workflow_monitor\monitor.py","137","2026-07-22 14:18:31"
"E:\FOOTBALL_V\07_AI_ORCHESTRATION_LAYER\workflow_monitor\status_tracker.py","81","2026-07-22 14:18:31"
"E:\FOOTBALL_V\07_AI_ORCHESTRATION_LAYER\workflow_monitor\__pycache__\monitor.cpython-312.pyc","498","2026-07-22 14:19:58"
"E:\FOOTBALL_V\07_BACKTEST_AI\accuracy_evaluator.py","775","2026-07-21 11:43:58"
"E:\FOOTBALL_V\07_BACKTEST_AI\backtest_engine.py","564","2026-07-21 11:43:58"
"E:\FOOTBALL_V\07_BACKTEST_AI\backtest_runner.py","293","2026-07-21 11:43:58"
"E:\FOOTBALL_V\07_BACKTEST_AI\betting_result_analyzer.py","913","2026-07-21 11:43:58"
"E:\FOOTBALL_V\07_BACKTEST_AI\confidence_evaluator.py","804","2026-07-21 11:43:58"
"E:\FOOTBALL_V\07_BACKTEST_AI\feature_feedback.py","444","2026-07-21 11:43:58"
"E:\FOOTBALL_V\07_BACKTEST_AI\historical_match_loader.py","362","2026-07-21 11:43:58"
"E:\FOOTBALL_V\07_BACKTEST_AI\model_feedback.py","1026","2026-07-21 11:43:58"
"E:\FOOTBALL_V\07_BACKTEST_AI\optimization_scheduler.py","485","2026-07-21 11:43:58"
"E:\FOOTBALL_V\07_BACKTEST_AI\prediction_result_loader.py","293","2026-07-21 11:43:58"
"E:\FOOTBALL_V\07_BACKTEST_AI\probability_evaluator.py","666","2026-07-21 11:43:58"
"E:\FOOTBALL_V\07_BACKTEST_AI\roi_tracker.py","1148","2026-07-21 11:43:58"
"E:\FOOTBALL_V\07_BACKTEST_AI\strategy_performance.py","613","2026-07-21 11:43:58"
"E:\FOOTBALL_V\07_BACKTEST_AI\config\backtest_config.json","376","2026-07-21 11:43:58"
"E:\FOOTBALL_V\07_BACKTEST_AI\reports\backtest_report.json","267","2026-07-21 11:43:58"
"E:\FOOTBALL_V\07_BACKTEST_AI\tests\backtest_system_v1.3_full_test.py","910","2026-07-21 11:43:58"
"E:\FOOTBALL_V\07_BACKTEST_SYSTEM\backtest_engine\backtest_engine.py","230","2026-07-22 16:41:05"
"E:\FOOTBALL_V\07_BACKTEST_SYSTEM\config\backtest_config.json","228","2026-07-22 14:54:10"
"E:\FOOTBALL_V\07_BACKTEST_SYSTEM\metrics\classification_metrics.py","107","2026-07-22 16:41:05"
"E:\FOOTBALL_V\07_BACKTEST_SYSTEM\metrics\probability_metrics.py","104","2026-07-22 16:41:05"
"E:\FOOTBALL_V\07_BACKTEST_SYSTEM\metrics\risk_metrics.py","116","2026-07-22 14:54:10"
"E:\FOOTBALL_V\07_BACKTEST_SYSTEM\model_comparison\comparison_engine.py","142","2026-07-22 16:41:05"
"E:\FOOTBALL_V\07_BACKTEST_SYSTEM\model_evaluation\calibration.py","144","2026-07-22 16:41:05"
"E:\FOOTBALL_V\07_BACKTEST_SYSTEM\model_evaluation\model_accuracy.py","151","2026-07-22 16:41:05"
"E:\FOOTBALL_V\07_BACKTEST_SYSTEM\model_evaluation\probability_score.py","154","2026-07-22 16:41:05"
"E:\FOOTBALL_V\07_BACKTEST_SYSTEM\registry\backtest_registry.json","224","2026-07-22 16:41:05"
"E:\FOOTBALL_V\07_BACKTEST_SYSTEM\reports\backtest_deploy_report.json","218","2026-07-22 16:41:05"
"E:\FOOTBALL_V\07_BACKTEST_SYSTEM\reports\backtest_test_report.json","1011","2026-07-22 16:41:05"
"E:\FOOTBALL_V\07_BACKTEST_SYSTEM\tests\backtest_system_test.py","1778","2026-07-22 14:56:38"
"E:\FOOTBALL_V\08_DECISION_ENGINE\bankroll_manager.py","451","2026-07-21 11:51:29"
"E:\FOOTBALL_V\08_DECISION_ENGINE\bet_selection_engine.py","1237","2026-07-21 11:51:29"
"E:\FOOTBALL_V\08_DECISION_ENGINE\decision_engine.py","756","2026-07-21 11:51:29"
"E:\FOOTBALL_V\08_DECISION_ENGINE\decision_interface.py","337","2026-07-21 11:51:29"
"E:\FOOTBALL_V\08_DECISION_ENGINE\decision_registry.py","467","2026-07-21 11:51:29"
"E:\FOOTBALL_V\08_DECISION_ENGINE\decision_runtime.py","447","2026-07-21 11:51:29"
"E:\FOOTBALL_V\08_DECISION_ENGINE\final_decision_report.py","722","2026-07-21 11:51:29"
"E:\FOOTBALL_V\08_DECISION_ENGINE\portfolio_strategy.py","941","2026-07-21 11:51:29"
"E:\FOOTBALL_V\08_DECISION_ENGINE\risk_control_engine.py","716","2026-07-21 11:51:29"
"E:\FOOTBALL_V\08_DECISION_ENGINE\stake_calculator.py","786","2026-07-21 11:51:29"
"E:\FOOTBALL_V\08_DECISION_ENGINE\value_filter_engine.py","789","2026-07-21 11:51:29"
"E:\FOOTBALL_V\08_DECISION_ENGINE\config\decision_config.json","369","2026-07-21 11:51:29"
"E:\FOOTBALL_V\08_DECISION_ENGINE\reports\decision_report.json","296","2026-07-21 11:51:29"
"E:\FOOTBALL_V\08_DECISION_ENGINE\tests\decision_engine_v1.3_full_test.py","843","2026-07-21 11:51:29"
"E:\FOOTBALL_V\08_DECISION_INTELLIGENCE_LAYER\config\decision_config.json","278","2026-07-22 14:59:09"
"E:\FOOTBALL_V\08_DECISION_INTELLIGENCE_LAYER\decision_core\decision_engine.py","561","2026-07-22 16:45:58"
"E:\FOOTBALL_V\08_DECISION_INTELLIGENCE_LAYER\explanation_engine\explanation_manager.py","262","2026-07-22 16:45:58"
"E:\FOOTBALL_V\08_DECISION_INTELLIGENCE_LAYER\explanation_engine\fusion_explainer.py","164","2026-07-22 14:59:09"
"E:\FOOTBALL_V\08_DECISION_INTELLIGENCE_LAYER\explanation_engine\model_explainer.py","160","2026-07-22 14:59:09"
"E:\FOOTBALL_V\08_DECISION_INTELLIGENCE_LAYER\feedback_interface\feedback_connector.py","123","2026-07-22 14:59:09"
"E:\FOOTBALL_V\08_DECISION_INTELLIGENCE_LAYER\fusion_analysis\fusion_analyzer.py","214","2026-07-22 16:45:58"
"E:\FOOTBALL_V\08_DECISION_INTELLIGENCE_LAYER\handicap_interface\handicap_adapter.py","194","2026-07-22 16:45:58"
"E:\FOOTBALL_V\08_DECISION_INTELLIGENCE_LAYER\handicap_interface\handicap_connector.py","146","2026-07-22 14:59:09"
"E:\FOOTBALL_V\08_DECISION_INTELLIGENCE_LAYER\market_risk_interface\market_risk_adapter.py","210","2026-07-22 16:45:58"
"E:\FOOTBALL_V\08_DECISION_INTELLIGENCE_LAYER\market_risk_interface\market_risk_connector.py","141","2026-07-22 14:59:09"
"E:\FOOTBALL_V\08_DECISION_INTELLIGENCE_LAYER\raw_output_engine\raw_output_manager.py","201","2026-07-22 16:45:58"
"E:\FOOTBALL_V\08_DECISION_INTELLIGENCE_LAYER\recommendation_engine\recommendation.py","174","2026-07-22 16:45:58"
"E:\FOOTBALL_V\08_DECISION_INTELLIGENCE_LAYER\recommendation_engine\recommendation_manager.py","133","2026-07-22 14:59:09"
"E:\FOOTBALL_V\08_DECISION_INTELLIGENCE_LAYER\registry\decision_registry.json","284","2026-07-22 16:45:58"
"E:\FOOTBALL_V\08_DECISION_INTELLIGENCE_LAYER\reports\decision_deploy_report.json","230","2026-07-22 16:45:58"
"E:\FOOTBALL_V\08_DECISION_INTELLIGENCE_LAYER\reports\decision_test_report.json","1043","2026-07-22 16:45:59"
"E:\FOOTBALL_V\08_DECISION_INTELLIGENCE_LAYER\report_generator\decision_report.py","118","2026-07-22 14:59:09"
"E:\FOOTBALL_V\09_AI_ORCHESTRATION_LAYER\auto_report_generator.py","2099","2026-07-21 11:56:20"
"E:\FOOTBALL_V\09_AI_ORCHESTRATION_LAYER\model_router.py","1154","2026-07-21 11:56:20"
"E:\FOOTBALL_V\09_AI_ORCHESTRATION_LAYER\orchestration_interface.py","255","2026-07-21 11:56:20"
"E:\FOOTBALL_V\09_AI_ORCHESTRATION_LAYER\pipeline_controller.py","626","2026-07-21 11:56:20"
"E:\FOOTBALL_V\09_AI_ORCHESTRATION_LAYER\system_health_monitor.py","907","2026-07-21 11:56:20"
"E:\FOOTBALL_V\09_AI_ORCHESTRATION_LAYER\task_scheduler.py","395","2026-07-21 11:56:20"
"E:\FOOTBALL_V\09_AI_ORCHESTRATION_LAYER\workflow_engine.py","496","2026-07-21 11:56:20"
"E:\FOOTBALL_V\09_AI_ORCHESTRATION_LAYER\config\orchestration_config.json","419","2026-07-21 11:56:20"
"E:\FOOTBALL_V\09_AI_ORCHESTRATION_LAYER\reports\orchestration_report.json","285","2026-07-21 11:56:20"
"E:\FOOTBALL_V\09_AI_ORCHESTRATION_LAYER\tests\orchestration_layer_v1.3_full_test.py","736","2026-07-21 11:56:20"
"E:\FOOTBALL_V\09_MODEL_EXPLANATION_ENGINE\dixon_coles_explainer\dixon_coles_explainer.py","293","2026-07-22 16:48:14"
"E:\FOOTBALL_V\09_MODEL_EXPLANATION_ENGINE\elo_explainer\elo_explainer.py","263","2026-07-22 16:48:14"
"E:\FOOTBALL_V\09_MODEL_EXPLANATION_ENGINE\explanation_report\report_generator.py","220","2026-07-22 16:48:14"
"E:\FOOTBALL_V\09_MODEL_EXPLANATION_ENGINE\fusion_explainer\fusion_explainer.py","322","2026-07-22 16:48:14"
"E:\FOOTBALL_V\09_MODEL_EXPLANATION_ENGINE\poisson_explainer\poisson_explainer.py","275","2026-07-22 16:48:14"
"E:\FOOTBALL_V\09_MODEL_EXPLANATION_ENGINE\registry\explanation_registry.json","233","2026-07-22 16:48:14"
"E:\FOOTBALL_V\09_MODEL_EXPLANATION_ENGINE\reports\explanation_deploy_report.json","227","2026-07-22 16:48:14"
"E:\FOOTBALL_V\09_MODEL_EXPLANATION_ENGINE\reports\explanation_test_report.json","1261","2026-07-22 16:48:14"
"E:\FOOTBALL_V\09_MODEL_EXPLANATION_ENGINE\xgboost_explainer\xgboost_explainer.py","272","2026-07-22 16:48:14"
"E:\FOOTBALL_V\09_Prediction_System\model_result_adapter.py","172","2026-07-21 18:11:41"
"E:\FOOTBALL_V\09_Prediction_System\prediction_history.py","141","2026-07-21 18:03:44"
"E:\FOOTBALL_V\09_Prediction_System\prediction_monitor.py","108","2026-07-21 18:03:44"
"E:\FOOTBALL_V\09_Prediction_System\prediction_pipeline.py","176","2026-07-21 18:03:44"
"E:\FOOTBALL_V\09_Prediction_System\prediction_report_generator.py","135","2026-07-21 18:03:44"
"E:\FOOTBALL_V\09_Prediction_System\prediction_service_adapter.py","164","2026-07-21 18:11:41"
"E:\FOOTBALL_V\09_Prediction_System\probability_adapter.py","139","2026-07-21 18:11:41"
"E:\FOOTBALL_V\09_Prediction_System\score_adapter.py","122","2026-07-21 18:11:41"
"E:\FOOTBALL_V\09_Prediction_System\tests\test_phase2_adapter.py","171","2026-07-21 18:11:41"
"E:\FOOTBALL_V\09_Prediction_System\tests\test_prediction_system.py","282","2026-07-21 18:09:13"
"E:\FOOTBALL_V\09_Prediction_System\tests\__pycache__\test_phase2_adapter.cpython-312-pytest-9.1.1.pyc","1095","2026-07-21 18:11:42"
"E:\FOOTBALL_V\09_Prediction_System\tests\__pycache__\test_phase2_adapter.cpython-312.pyc","468","2026-07-21 18:11:44"
"E:\FOOTBALL_V\09_Prediction_System\tests\__pycache__\test_prediction_system.cpython-312-pytest-9.1.1.pyc","1347","2026-07-21 18:09:20"
"E:\FOOTBALL_V\09_Prediction_System\tests\__pycache__\test_prediction_system.cpython-312.pyc","721","2026-07-21 18:11:44"
"E:\FOOTBALL_V\09_Prediction_System\tests\__pycache__\__init__.cpython-312.pyc","149","2026-07-21 18:09:20"
"E:\FOOTBALL_V\09_Prediction_System\__pycache__\model_result_adapter.cpython-312.pyc","519","2026-07-21 18:11:42"
"E:\FOOTBALL_V\09_Prediction_System\__pycache__\prediction_history.cpython-312.pyc","678","2026-07-21 18:11:43"
"E:\FOOTBALL_V\09_Prediction_System\__pycache__\prediction_monitor.cpython-312.pyc","471","2026-07-21 18:11:44"
"E:\FOOTBALL_V\09_Prediction_System\__pycache__\prediction_pipeline.cpython-312.pyc","526","2026-07-21 18:09:20"
"E:\FOOTBALL_V\09_Prediction_System\__pycache__\prediction_report_generator.cpython-312.pyc","516","2026-07-21 18:11:44"
"E:\FOOTBALL_V\09_Prediction_System\__pycache__\prediction_service_adapter.cpython-312.pyc","529","2026-07-21 18:11:44"
"E:\FOOTBALL_V\09_Prediction_System\__pycache__\probability_adapter.cpython-312.pyc","489","2026-07-21 18:11:44"
"E:\FOOTBALL_V\09_Prediction_System\__pycache__\score_adapter.cpython-312.pyc","477","2026-07-21 18:11:44"
"E:\FOOTBALL_V\09_Prediction_System\__pycache__\__init__.cpython-312.pyc","143","2026-07-21 18:09:20"
"E:\FOOTBALL_V\100_FINAL_MATCH_DECISION_SYSTEM\module.py","51","2026-07-23 00:17:05"
"E:\FOOTBALL_V\100_SELF_EVOLUTION_ENGINE\module.py","42","2026-07-23 00:16:15"
"E:\FOOTBALL_V\101_REAL_MARKET_INTELLIGENCE_ENGINE\module.py","52","2026-07-23 00:17:54"
"E:\FOOTBALL_V\102_ODDS_MOVEMENT_ANALYSIS_ENGINE\module.py","50","2026-07-23 00:17:54"
"E:\FOOTBALL_V\103_CAPITAL_FLOW_TRACKING_ENGINE\module.py","49","2026-07-23 00:17:54"
"E:\FOOTBALL_V\104_MARKET_SENTIMENT_FUSION_ENGINE\module.py","51","2026-07-23 00:17:54"
"E:\FOOTBALL_V\105_HANDICAP_VALUE_DECISION_ENGINE\module.py","51","2026-07-23 00:17:54"
"E:\FOOTBALL_V\106_REAL_ODDS_HISTORY_ENGINE\module.py","45","2026-07-23 00:18:41"
"E:\FOOTBALL_V\107_MARKET_PATTERN_RECOGNITION_ENGINE\module.py","54","2026-07-23 00:18:41"
"E:\FOOTBALL_V\108_SMART_HANDICAP_ENGINE\module.py","42","2026-07-23 00:18:41"
"E:\FOOTBALL_V\109_VALUE_BET_SELECTION_ENGINE\module.py","47","2026-07-23 00:18:41"
"E:\FOOTBALL_V\10_AI_AUTONOMOUS_ENGINE\adaptive_parameter_learning.py","892","2026-07-21 12:54:15"
"E:\FOOTBALL_V\10_AI_AUTONOMOUS_ENGINE\adaptive_strategy_selector.py","195","2026-07-21 14:29:43"
"E:\FOOTBALL_V\10_AI_AUTONOMOUS_ENGINE\ai_strategy_reasoning_engine.py","304","2026-07-21 14:29:43"
"E:\FOOTBALL_V\10_AI_AUTONOMOUS_ENGINE\approval_workflow.py","520","2026-07-21 12:33:58"
"E:\FOOTBALL_V\10_AI_AUTONOMOUS_ENGINE\architecture_health_checker.py","202","2026-07-21 13:48:21"
"E:\FOOTBALL_V\10_AI_AUTONOMOUS_ENGINE\autonomous_engine_v2.py","520","2026-07-21 18:38:50"
"E:\FOOTBALL_V\10_AI_AUTONOMOUS_ENGINE\autonomous_engine_v3.py","435","2026-07-21 19:37:58"
"E:\FOOTBALL_V\10_AI_AUTONOMOUS_ENGINE\auto_experiment_engine.py","146","2026-07-21 14:22:02"
"E:\FOOTBALL_V\10_AI_AUTONOMOUS_ENGINE\auto_recovery_manager.py","189","2026-07-21 13:48:21"
"E:\FOOTBALL_V\10_AI_AUTONOMOUS_ENGINE\auto_upgrade_manager.py","672","2026-07-21 12:44:05"
"E:\FOOTBALL_V\10_AI_AUTONOMOUS_ENGINE\change_risk_assessor.py","640","2026-07-21 13:29:22"
"E:\FOOTBALL_V\10_AI_AUTONOMOUS_ENGINE\continuous_improvement_engine.py","156","2026-07-21 14:22:02"
"E:\FOOTBALL_V\10_AI_AUTONOMOUS_ENGINE\decision_logger.py","511","2026-07-21 12:33:58"
"E:\FOOTBALL_V\10_AI_AUTONOMOUS_ENGINE\decision_quality_analyzer.py","240","2026-07-21 14:29:43"
"E:\FOOTBALL_V\10_AI_AUTONOMOUS_ENGINE\dependency_validator.py","209","2026-07-21 13:48:21"
"E:\FOOTBALL_V\10_AI_AUTONOMOUS_ENGINE\dynamic_weight_adjuster.py","485","2026-07-21 12:54:15"
"E:\FOOTBALL_V\10_AI_AUTONOMOUS_ENGINE\error_analysis_engine.py","900","2026-07-21 14:29:20"
"E:\FOOTBALL_V\10_AI_AUTONOMOUS_ENGINE\error_rate_calculator.py","278","2026-07-21 12:15:45"
"E:\FOOTBALL_V\10_AI_AUTONOMOUS_ENGINE\error_trend_detector.py","427","2026-07-21 12:15:45"
"E:\FOOTBALL_V\10_AI_AUTONOMOUS_ENGINE\evolution_controller.py","556","2026-07-21 12:54:15"
"E:\FOOTBALL_V\10_AI_AUTONOMOUS_ENGINE\evolution_decision_brain.py","444","2026-07-21 14:02:15"
"E:\FOOTBALL_V\10_AI_AUTONOMOUS_ENGINE\evolution_governance_manager.py","440","2026-07-21 13:29:22"
"E:\FOOTBALL_V\10_AI_AUTONOMOUS_ENGINE\evolution_intelligence_engine.py","582","2026-07-21 12:59:13"
"E:\FOOTBALL_V\10_AI_AUTONOMOUS_ENGINE\evolution_knowledge_reasoner.py","164","2026-07-21 14:22:02"
"E:\FOOTBALL_V\10_AI_AUTONOMOUS_ENGINE\evolution_memory.py","378","2026-07-21 12:44:05"
"E:\FOOTBALL_V\10_AI_AUTONOMOUS_ENGINE\evolution_memory_index.py","431","2026-07-21 13:29:22"
"E:\FOOTBALL_V\10_AI_AUTONOMOUS_ENGINE\evolution_pattern_analyzer.py","707","2026-07-21 13:29:22"
"E:\FOOTBALL_V\10_AI_AUTONOMOUS_ENGINE\evolution_report_generator.py","463","2026-07-21 12:59:13"
"E:\FOOTBALL_V\10_AI_AUTONOMOUS_ENGINE\experience_pattern_miner.py","150","2026-07-21 14:22:02"
"E:\FOOTBALL_V\10_AI_AUTONOMOUS_ENGINE\experience_repository.py","298","2026-07-21 13:29:22"
"E:\FOOTBALL_V\10_AI_AUTONOMOUS_ENGINE\failure_prediction_engine.py","248","2026-07-21 13:48:21"
"E:\FOOTBALL_V\10_AI_AUTONOMOUS_ENGINE\feature_self_optimizer.py","299","2026-07-21 12:15:45"
"E:\FOOTBALL_V\10_AI_AUTONOMOUS_ENGINE\football_reasoning_core.py","186","2026-07-21 14:29:43"
"E:\FOOTBALL_V\10_AI_AUTONOMOUS_ENGINE\future_risk_simulator.py","195","2026-07-21 14:02:15"
"E:\FOOTBALL_V\10_AI_AUTONOMOUS_ENGINE\historical_case_analyzer.py","155","2026-07-21 14:22:02"
"E:\FOOTBALL_V\10_AI_AUTONOMOUS_ENGINE\human_approval_gate_v2.py","326","2026-07-21 14:22:02"
"E:\FOOTBALL_V\10_AI_AUTONOMOUS_ENGINE\human_approval_manager.py","541","2026-07-21 12:33:58"
"E:\FOOTBALL_V\10_AI_AUTONOMOUS_ENGINE\human_approval_v1.py","307","2026-07-21 18:38:50"
"E:\FOOTBALL_V\10_AI_AUTONOMOUS_ENGINE\human_dashboard_api.py","485","2026-07-21 12:54:15"
"E:\FOOTBALL_V\10_AI_AUTONOMOUS_ENGINE\intelligence_connector.py","153","2026-07-21 18:11:41"
"E:\FOOTBALL_V\10_AI_AUTONOMOUS_ENGINE\intelligent_task_allocator.py","211","2026-07-21 14:02:15"
"E:\FOOTBALL_V\10_AI_AUTONOMOUS_ENGINE\knowledge_graph_builder.py","539","2026-07-21 12:59:13"
"E:\FOOTBALL_V\10_AI_AUTONOMOUS_ENGINE\knowledge_relation_engine.py","148","2026-07-21 14:22:02"
"E:\FOOTBALL_V\10_AI_AUTONOMOUS_ENGINE\knowledge_retrieval_engine.py","296","2026-07-21 13:29:22"
"E:\FOOTBALL_V\10_AI_AUTONOMOUS_ENGINE\knowledge_snapshot.py","313","2026-07-21 12:44:05"
"E:\FOOTBALL_V\10_AI_AUTONOMOUS_ENGINE\learning_cycle_manager.py","477","2026-07-21 12:54:15"
"E:\FOOTBALL_V\10_AI_AUTONOMOUS_ENGINE\learning_effect_tracker.py","871","2026-07-21 12:59:13"
"E:\FOOTBALL_V\10_AI_AUTONOMOUS_ENGINE\market_reasoning_engine.py","184","2026-07-21 14:29:43"
"E:\FOOTBALL_V\10_AI_AUTONOMOUS_ENGINE\model_change_tracker.py","644","2026-07-21 12:44:05"
"E:\FOOTBALL_V\10_AI_AUTONOMOUS_ENGINE\model_self_optimizer.py","554","2026-07-21 12:15:45"
"E:\FOOTBALL_V\10_AI_AUTONOMOUS_ENGINE\module_consistency_checker.py","200","2026-07-21 13:48:21"
"E:\FOOTBALL_V\10_AI_AUTONOMOUS_ENGINE\monthly_performance_analyzer.py","627","2026-07-21 12:59:13"
"E:\FOOTBALL_V\10_AI_AUTONOMOUS_ENGINE\multi_cycle_learning_engine.py","930","2026-07-21 12:59:13"
"E:\FOOTBALL_V\10_AI_AUTONOMOUS_ENGINE\optimization_history.py","666","2026-07-21 12:44:05"
"E:\FOOTBALL_V\10_AI_AUTONOMOUS_ENGINE\optimization_priority_engine.py","304","2026-07-21 14:02:15"
"E:\FOOTBALL_V\10_AI_AUTONOMOUS_ENGINE\optimization_result_predictor.py","158","2026-07-21 14:22:02"
"E:\FOOTBALL_V\10_AI_AUTONOMOUS_ENGINE\optimization_strategy_generator.py","163","2026-07-21 14:22:02"
"E:\FOOTBALL_V\10_AI_AUTONOMOUS_ENGINE\optimization_suggestion_engine.py","753","2026-07-21 12:15:45"
"E:\FOOTBALL_V\10_AI_AUTONOMOUS_ENGINE\optimization_suggestion_v1.py","342","2026-07-21 18:38:50"
"E:\FOOTBALL_V\10_AI_AUTONOMOUS_ENGINE\parameter_effect_analyzer.py","709","2026-07-21 12:54:15"
"E:\FOOTBALL_V\10_AI_AUTONOMOUS_ENGINE\parameter_tuner.py","329","2026-07-21 12:15:45"
"E:\FOOTBALL_V\10_AI_AUTONOMOUS_ENGINE\prediction_explanation_engine.py","301","2026-07-21 14:29:43"
"E:\FOOTBALL_V\10_AI_AUTONOMOUS_ENGINE\release_validator.py","725","2026-07-21 12:44:05"
"E:\FOOTBALL_V\10_AI_AUTONOMOUS_ENGINE\risk_gate.py","594","2026-07-21 12:54:15"
"E:\FOOTBALL_V\10_AI_AUTONOMOUS_ENGINE\rollback_manager.py","694","2026-07-21 12:44:05"
"E:\FOOTBALL_V\10_AI_AUTONOMOUS_ENGINE\safe_upgrade_executor.py","185","2026-07-21 13:48:21"
"E:\FOOTBALL_V\10_AI_AUTONOMOUS_ENGINE\scenario_test_generator.py","202","2026-07-21 14:02:15"
"E:\FOOTBALL_V\10_AI_AUTONOMOUS_ENGINE\self_audit_engine.py","213","2026-07-21 13:48:21"
"E:\FOOTBALL_V\10_AI_AUTONOMOUS_ENGINE\strategy_confidence_evaluator.py","229","2026-07-21 14:29:43"
"E:\FOOTBALL_V\10_AI_AUTONOMOUS_ENGINE\strategy_evolution_manager.py","637","2026-07-21 12:59:13"
"E:\FOOTBALL_V\10_AI_AUTONOMOUS_ENGINE\strategy_selection_engine.py","339","2026-07-21 14:02:15"
"E:\FOOTBALL_V\10_AI_AUTONOMOUS_ENGINE\system_brain.py","318","2026-07-21 19:38:13"
"E:\FOOTBALL_V\10_AI_AUTONOMOUS_ENGINE\system_restore_manager.py","187","2026-07-21 13:48:21"
"E:\FOOTBALL_V\10_AI_AUTONOMOUS_ENGINE\tactical_reasoning_engine.py","183","2026-07-21 14:29:43"
"E:\FOOTBALL_V\10_AI_AUTONOMOUS_ENGINE\time_window_analyzer.py","513","2026-07-21 12:15:45"
"E:\FOOTBALL_V\10_AI_AUTONOMOUS_ENGINE\upgrade_decision_engine.py","476","2026-07-21 13:29:22"
"E:\FOOTBALL_V\10_AI_AUTONOMOUS_ENGINE\upgrade_history_repository.py","418","2026-07-21 12:44:05"
"E:\FOOTBALL_V\10_AI_AUTONOMOUS_ENGINE\upgrade_policy_manager.py","492","2026-07-21 12:54:15"
"E:\FOOTBALL_V\10_AI_AUTONOMOUS_ENGINE\upgrade_simulation_engine.py","255","2026-07-21 14:02:15"
"E:\FOOTBALL_V\10_AI_AUTONOMOUS_ENGINE\version_control_manager.py","496","2026-07-21 13:29:22"
"E:\FOOTBALL_V\10_AI_AUTONOMOUS_ENGINE\virtual_validation_engine.py","200","2026-07-21 14:02:15"
"E:\FOOTBALL_V\10_AI_AUTONOMOUS_ENGINE\weekly_evolution_analyzer.py","823","2026-07-21 12:59:13"
"E:\FOOTBALL_V\10_AI_AUTONOMOUS_ENGINE\autonomous_engine_hil_v1\__init__.py","96","2026-07-21 18:49:08"
"E:\FOOTBALL_V\10_AI_AUTONOMOUS_ENGINE\checkpoint\evolution_v2.2_checkpoint.json","144","2026-07-21 13:29:22"
"E:\FOOTBALL_V\10_AI_AUTONOMOUS_ENGINE\checkpoint\evolution_v2.4_checkpoint.json","51","2026-07-21 13:48:21"
"E:\FOOTBALL_V\10_AI_AUTONOMOUS_ENGINE\checkpoint\evolution_v2.6_checkpoint.json","51","2026-07-21 14:02:15"
"E:\FOOTBALL_V\10_AI_AUTONOMOUS_ENGINE\checkpoint\evolution_v2.8_approval.json","128","2026-07-21 14:22:02"
"E:\FOOTBALL_V\10_AI_AUTONOMOUS_ENGINE\checkpoint\evolution_v2.8_checkpoint.json","100","2026-07-21 14:22:02"
"E:\FOOTBALL_V\10_AI_AUTONOMOUS_ENGINE\checkpoint\evolution_v3.0_approval.json","68","2026-07-21 14:29:43"
"E:\FOOTBALL_V\10_AI_AUTONOMOUS_ENGINE\checkpoint\evolution_v3.0_checkpoint.json","106","2026-07-21 14:29:43"
"E:\FOOTBALL_V\10_AI_AUTONOMOUS_ENGINE\config\autonomous_config.json","232","2026-07-21 12:15:45"
"E:\FOOTBALL_V\10_AI_AUTONOMOUS_ENGINE\config\cognitive_intelligence_config.json","74","2026-07-21 14:29:43"
"E:\FOOTBALL_V\10_AI_AUTONOMOUS_ENGINE\config\evolution_decision_config.json","83","2026-07-21 14:02:15"
"E:\FOOTBALL_V\10_AI_AUTONOMOUS_ENGINE\config\evolution_governance_config.json","137","2026-07-21 13:29:22"
"E:\FOOTBALL_V\10_AI_AUTONOMOUS_ENGINE\config\evolution_intelligence_config.json","585","2026-07-21 12:59:13"
"E:\FOOTBALL_V\10_AI_AUTONOMOUS_ENGINE\config\evolution_knowledge_config.json","84","2026-07-21 14:22:02"
"E:\FOOTBALL_V\10_AI_AUTONOMOUS_ENGINE\config\evolution_memory_config.json","131","2026-07-21 13:29:22"
"E:\FOOTBALL_V\10_AI_AUTONOMOUS_ENGINE\config\evolution_simulation_config.json","72","2026-07-21 14:02:15"
"E:\FOOTBALL_V\10_AI_AUTONOMOUS_ENGINE\config\evolution_upgrade_config.json","407","2026-07-21 12:54:15"
"E:\FOOTBALL_V\10_AI_AUTONOMOUS_ENGINE\config\human_approval_config.json","216","2026-07-21 12:33:58"
"E:\FOOTBALL_V\10_AI_AUTONOMOUS_ENGINE\config\human_approval_gate_config.json","67","2026-07-21 14:22:02"
"E:\FOOTBALL_V\10_AI_AUTONOMOUS_ENGINE\config\optimization_strategy_config.json","85","2026-07-21 14:22:02"
"E:\FOOTBALL_V\10_AI_AUTONOMOUS_ENGINE\config\recovery_config.json","70","2026-07-21 13:48:21"
"E:\FOOTBALL_V\10_AI_AUTONOMOUS_ENGINE\config\self_audit_config.json","72","2026-07-21 13:48:21"
"E:\FOOTBALL_V\10_AI_AUTONOMOUS_ENGINE\config\strategy_reasoning_config.json","71","2026-07-21 14:29:43"
"E:\FOOTBALL_V\10_AI_AUTONOMOUS_ENGINE\config\upgrade_config.json","300","2026-07-21 12:44:05"
"E:\FOOTBALL_V\10_AI_AUTONOMOUS_ENGINE\reports\autonomous_engine_v2.2_batch_report.json","146","2026-07-21 13:29:22"
"E:\FOOTBALL_V\10_AI_AUTONOMOUS_ENGINE\reports\autonomous_engine_v2.4_batch_report.json","136","2026-07-21 13:48:21"
"E:\FOOTBALL_V\10_AI_AUTONOMOUS_ENGINE\reports\autonomous_engine_v2.6_batch_report.json","136","2026-07-21 14:02:15"
"E:\FOOTBALL_V\10_AI_AUTONOMOUS_ENGINE\reports\autonomous_engine_v2.8_batch_report.json","238","2026-07-21 14:22:02"
"E:\FOOTBALL_V\10_AI_AUTONOMOUS_ENGINE\reports\autonomous_engine_v3.0_batch_report.json","136","2026-07-21 14:29:43"
"E:\FOOTBALL_V\10_AI_AUTONOMOUS_ENGINE\tests\autonomous_engine_hil_v1_0_full_test.py","1466","2026-07-21 12:11:34"
"E:\FOOTBALL_V\10_AI_AUTONOMOUS_ENGINE\tests\autonomous_engine_v1_4_full_test.py","994","2026-07-21 12:44:05"
"E:\FOOTBALL_V\10_AI_AUTONOMOUS_ENGINE\tests\autonomous_engine_v1_6_full_test.py","1006","2026-07-21 12:54:15"
"E:\FOOTBALL_V\10_AI_AUTONOMOUS_ENGINE\tests\autonomous_engine_v1_8_full_test.py","1051","2026-07-21 12:59:13"
"E:\FOOTBALL_V\10_AI_AUTONOMOUS_ENGINE\tests\autonomous_engine_v2_2_batch_full_test.py","1022","2026-07-21 13:29:22"
"E:\FOOTBALL_V\10_AI_AUTONOMOUS_ENGINE\tests\autonomous_engine_v2_4_batch_full_test.py","809","2026-07-21 13:48:21"
"E:\FOOTBALL_V\10_AI_AUTONOMOUS_ENGINE\tests\autonomous_engine_v2_6_batch_full_test.py","841","2026-07-21 14:02:15"
"E:\FOOTBALL_V\10_AI_AUTONOMOUS_ENGINE\tests\autonomous_engine_v2_8_batch_full_test.py","1037","2026-07-21 14:22:02"
"E:\FOOTBALL_V\10_AI_AUTONOMOUS_ENGINE\tests\autonomous_engine_v3_0_batch_full_test.py","999","2026-07-21 14:29:43"
"E:\FOOTBALL_V\10_AI_AUTONOMOUS_ENGINE\tests\compile_check.py","612","2026-07-21 14:27:56"
"E:\FOOTBALL_V\10_AI_AUTONOMOUS_ENGINE\tests\conftest.py","245","2026-07-21 19:07:43"
"E:\FOOTBALL_V\10_AI_AUTONOMOUS_ENGINE\tests\human_approval_v1_2_full_test.py","928","2026-07-21 12:33:58"
"E:\FOOTBALL_V\10_AI_AUTONOMOUS_ENGINE\tests\optimization_suggestion_v1_1_full_test.py","1236","2026-07-21 12:15:34"
"E:\FOOTBALL_V\10_AI_AUTONOMOUS_ENGINE\tests\pytest.ini","122","2026-07-21 19:04:30"
"E:\FOOTBALL_V\10_AI_AUTONOMOUS_ENGINE\tests\test_autonomous_compatibility.py","845","2026-07-21 18:40:17"
"E:\FOOTBALL_V\10_AI_AUTONOMOUS_ENGINE\tests\test_phase2_connection.py","181","2026-07-21 18:11:41"
"E:\FOOTBALL_V\10_AI_AUTONOMOUS_ENGINE\tests\test_phase2_full_system.py","405","2026-07-21 19:31:24"
"E:\FOOTBALL_V\10_AI_AUTONOMOUS_ENGINE\tests\.pytest_cache\.gitignore","37","2026-07-21 19:04:43"
"E:\FOOTBALL_V\10_AI_AUTONOMOUS_ENGINE\tests\.pytest_cache\CACHEDIR.TAG","191","2026-07-21 19:04:43"
"E:\FOOTBALL_V\10_AI_AUTONOMOUS_ENGINE\tests\.pytest_cache\README.md","302","2026-07-21 19:04:43"
"E:\FOOTBALL_V\10_AI_AUTONOMOUS_ENGINE\tests\.pytest_cache\v\cache\lastfailed","2","2026-07-21 19:38:41"
"E:\FOOTBALL_V\10_AI_AUTONOMOUS_ENGINE\tests\.pytest_cache\v\cache\nodeids","327","2026-07-21 19:38:41"
"E:\FOOTBALL_V\10_AI_AUTONOMOUS_ENGINE\tests\__pycache__\autonomous_engine_hil_v1_0_full_test.cpython-312.pyc","1530","2026-07-21 19:38:41"
"E:\FOOTBALL_V\10_AI_AUTONOMOUS_ENGINE\tests\__pycache__\autonomous_engine_v1_4_full_test.cpython-312.pyc","1176","2026-07-21 19:38:41"
"E:\FOOTBALL_V\10_AI_AUTONOMOUS_ENGINE\tests\__pycache__\autonomous_engine_v1_6_full_test.cpython-312.pyc","1199","2026-07-21 19:38:41"
"E:\FOOTBALL_V\10_AI_AUTONOMOUS_ENGINE\tests\__pycache__\autonomous_engine_v1_8_full_test.cpython-312.pyc","1244","2026-07-21 19:38:41"
"E:\FOOTBALL_V\10_AI_AUTONOMOUS_ENGINE\tests\__pycache__\autonomous_engine_v2_2_batch_full_test.cpython-312.pyc","1182","2026-07-21 19:38:41"
"E:\FOOTBALL_V\10_AI_AUTONOMOUS_ENGINE\tests\__pycache__\autonomous_engine_v2_4_batch_full_test.cpython-312.pyc","1121","2026-07-21 19:38:41"
"E:\FOOTBALL_V\10_AI_AUTONOMOUS_ENGINE\tests\__pycache__\autonomous_engine_v2_6_batch_full_test.cpython-312.pyc","1143","2026-07-21 19:38:41"
"E:\FOOTBALL_V\10_AI_AUTONOMOUS_ENGINE\tests\__pycache__\autonomous_engine_v2_8_batch_full_test.cpython-312.pyc","1259","2026-07-21 19:38:41"
"E:\FOOTBALL_V\10_AI_AUTONOMOUS_ENGINE\tests\__pycache__\autonomous_engine_v3_0_batch_full_test.cpython-312.pyc","1228","2026-07-21 19:38:41"
"E:\FOOTBALL_V\10_AI_AUTONOMOUS_ENGINE\tests\__pycache__\conftest.cpython-312-pytest-9.1.1.pyc","662","2026-07-21 19:38:41"
"E:\FOOTBALL_V\10_AI_AUTONOMOUS_ENGINE\tests\__pycache__\test_autonomous_compatibility.cpython-312-pytest-9.1.1.pyc","3249","2026-07-21 19:38:41"
"E:\FOOTBALL_V\10_AI_AUTONOMOUS_ENGINE\tests\__pycache__\test_phase2_connection.cpython-312-pytest-9.1.1.pyc","1105","2026-07-21 19:38:41"
"E:\FOOTBALL_V\10_AI_AUTONOMOUS_ENGINE\tests\__pycache__\test_phase2_full_system.cpython-312-pytest-9.1.1.pyc","1608","2026-07-21 19:38:41"
"E:\FOOTBALL_V\10_AI_AUTONOMOUS_ENGINE\__pycache__\autonomous_engine_v3.cpython-312.pyc","1068","2026-07-21 19:38:30"
"E:\FOOTBALL_V\10_AI_AUTONOMOUS_ENGINE\__pycache__\human_approval_manager.cpython-312.pyc","878","2026-07-21 19:38:41"
"E:\FOOTBALL_V\10_AI_AUTONOMOUS_ENGINE\__pycache__\human_approval_v1.cpython-312.pyc","796","2026-07-21 19:38:41"
"E:\FOOTBALL_V\10_AI_AUTONOMOUS_ENGINE\__pycache__\intelligence_connector.cpython-312.pyc","523","2026-07-21 19:38:41"
"E:\FOOTBALL_V\10_AI_AUTONOMOUS_ENGINE\__pycache__\optimization_suggestion_engine.cpython-312.pyc","862","2026-07-21 19:38:41"
"E:\FOOTBALL_V\10_AI_AUTONOMOUS_ENGINE\__pycache__\optimization_suggestion_v1.cpython-312.pyc","851","2026-07-21 19:38:41"
"E:\FOOTBALL_V\10_AI_AUTONOMOUS_ENGINE\__pycache__\system_brain.cpython-312.pyc","829","2026-07-21 19:38:41"
"E:\FOOTBALL_V\10_MARKET_INTELLIGENCE_LAYER\handicap_model\handicap_engine.py","240","2026-07-22 16:50:45"
"E:\FOOTBALL_V\10_MARKET_INTELLIGENCE_LAYER\market_report\market_report.py","214","2026-07-22 16:50:45"
"E:\FOOTBALL_V\10_MARKET_INTELLIGENCE_LAYER\market_risk_model\risk_engine.py","241","2026-07-22 16:50:45"
"E:\FOOTBALL_V\10_MARKET_INTELLIGENCE_LAYER\market_sentiment_engine\sentiment.py","195","2026-07-22 16:50:45"
"E:\FOOTBALL_V\10_MARKET_INTELLIGENCE_LAYER\money_flow_engine\money_flow.py","189","2026-07-22 16:50:45"
"E:\FOOTBALL_V\10_MARKET_INTELLIGENCE_LAYER\odds_analysis\odds_analyzer.py","228","2026-07-22 16:50:45"
"E:\FOOTBALL_V\10_MARKET_INTELLIGENCE_LAYER\registry\market_registry.json","204","2026-07-22 16:50:45"
"E:\FOOTBALL_V\10_MARKET_INTELLIGENCE_LAYER\reports\market_deploy_report.json","228","2026-07-22 16:50:45"
"E:\FOOTBALL_V\10_MARKET_INTELLIGENCE_LAYER\reports\market_test_report.json","1362","2026-07-22 16:50:45"
"E:\FOOTBALL_V\10_MARKET_INTELLIGENCE_LAYER\risk_adjustment_engine\risk_adjuster.py","289","2026-07-22 16:50:45"
"E:\FOOTBALL_V\110_FINAL_MARKET_DECISION_ENGINE\module.py","49","2026-07-23 00:18:41"
"E:\FOOTBALL_V\111_ADVANCED_FEATURE_ENGINE\module.py","93","2026-07-23 00:22:31"
"E:\FOOTBALL_V\112_TEAM_STRENGTH_EVOLUTION_ENGINE\module.py","100","2026-07-23 00:22:31"
"E:\FOOTBALL_V\113_PLAYER_IMPACT_ANALYSIS_ENGINE\module.py","99","2026-07-23 00:22:31"
"E:\FOOTBALL_V\114_MATCH_CONTEXT_ENGINE\module.py","90","2026-07-23 00:22:31"
"E:\FOOTBALL_V\115_AI_FORECAST_ENHANCEMENT_ENGINE\module.py","100","2026-07-23 00:22:31"
"E:\FOOTBALL_V\116_REAL_MATCH_PIPELINE\module.py","87","2026-07-23 00:23:35"
"E:\FOOTBALL_V\117_FEATURE_AUTO_GENERATOR\module.py","90","2026-07-23 00:23:35"
"E:\FOOTBALL_V\118_MODEL_INFERENCE_SERVICE\module.py","91","2026-07-23 00:23:35"
"E:\FOOTBALL_V\119_PREDICTION_OUTPUT_SERVICE\module.py","93","2026-07-23 00:23:35"
"E:\FOOTBALL_V\11_AI_ORCHESTRATION_LAYER\api_gateway\gateway.py","222","2026-07-22 16:53:31"
"E:\FOOTBALL_V\11_AI_ORCHESTRATION_LAYER\data_router\data_router.py","216","2026-07-22 16:53:31"
"E:\FOOTBALL_V\11_AI_ORCHESTRATION_LAYER\decision_router\decision_router.py","232","2026-07-22 16:53:31"
"E:\FOOTBALL_V\11_AI_ORCHESTRATION_LAYER\logging_center\logger.py","157","2026-07-22 16:53:31"
"E:\FOOTBALL_V\11_AI_ORCHESTRATION_LAYER\model_scheduler\scheduler.py","233","2026-07-22 16:53:31"
"E:\FOOTBALL_V\11_AI_ORCHESTRATION_LAYER\orchestrator_core\orchestrator.py","217","2026-07-22 16:53:31"
"E:\FOOTBALL_V\11_AI_ORCHESTRATION_LAYER\pipeline_manager\pipeline.py","225","2026-07-22 16:53:31"
"E:\FOOTBALL_V\11_AI_ORCHESTRATION_LAYER\registry\orchestration_registry.json","408","2026-07-22 16:53:31"
"E:\FOOTBALL_V\11_AI_ORCHESTRATION_LAYER\reports\orchestration_deploy_report.json","225","2026-07-22 16:53:31"
"E:\FOOTBALL_V\11_AI_ORCHESTRATION_LAYER\reports\orchestration_test_report.json","1318","2026-07-22 16:53:31"
"E:\FOOTBALL_V\11_AI_ORCHESTRATION_LAYER\workflow_engine\workflow.py","164","2026-07-22 16:53:31"
"E:\FOOTBALL_V\11_System_Intelligence\accuracy_report.py","139","2026-07-21 20:51:13"
"E:\FOOTBALL_V\11_System_Intelligence\adaptive_feedback.py","270","2026-07-21 20:07:44"
"E:\FOOTBALL_V\11_System_Intelligence\agent_fusion_engine.py","197","2026-07-21 20:48:48"
"E:\FOOTBALL_V\11_System_Intelligence\agent_manager.py","273","2026-07-21 20:48:48"
"E:\FOOTBALL_V\11_System_Intelligence\ai_prediction_os.py","185","2026-07-21 20:43:30"
"E:\FOOTBALL_V\11_System_Intelligence\backtest_engine.py","135","2026-07-21 20:51:13"
"E:\FOOTBALL_V\11_System_Intelligence\bankroll_manager.py","144","2026-07-21 20:48:48"
"E:\FOOTBALL_V\11_System_Intelligence\beidan_engine.py","135","2026-07-21 20:46:19"
"E:\FOOTBALL_V\11_System_Intelligence\betting_recommendation_engine.py","163","2026-07-21 20:46:19"
"E:\FOOTBALL_V\11_System_Intelligence\bet_strategy_engine.py","145","2026-07-21 20:48:48"
"E:\FOOTBALL_V\11_System_Intelligence\capital_flow_engine.py","143","2026-07-21 20:46:19"
"E:\FOOTBALL_V\11_System_Intelligence\capital_sentiment.py","143","2026-07-21 20:43:30"
"E:\FOOTBALL_V\11_System_Intelligence\confidence_calibrator.py","152","2026-07-21 20:37:16"
"E:\FOOTBALL_V\11_System_Intelligence\confidence_engine.py","233","2026-07-21 20:37:16"
"E:\FOOTBALL_V\11_System_Intelligence\confidence_tracker.py","175","2026-07-21 20:37:16"
"E:\FOOTBALL_V\11_System_Intelligence\decision_api.py","137","2026-07-21 20:43:30"
"E:\FOOTBALL_V\11_System_Intelligence\decision_context.py","258","2026-07-21 20:01:39"
"E:\FOOTBALL_V\11_System_Intelligence\decision_fusion.py","343","2026-07-21 20:01:39"
"E:\FOOTBALL_V\11_System_Intelligence\decision_memory.py","195","2026-07-21 20:01:39"
"E:\FOOTBALL_V\11_System_Intelligence\decision_reasoner.py","224","2026-07-21 19:54:20"
"E:\FOOTBALL_V\11_System_Intelligence\dixon_coles_model.py","190","2026-07-21 20:46:19"
"E:\FOOTBALL_V\11_System_Intelligence\dixon_coles_trainer.py","147","2026-07-21 20:51:13"
"E:\FOOTBALL_V\11_System_Intelligence\dynamic_weight_engine.py","212","2026-07-21 20:48:48"
"E:\FOOTBALL_V\11_System_Intelligence\elo_engine.py","303","2026-07-21 20:46:19"
"E:\FOOTBALL_V\11_System_Intelligence\elo_trainer.py","181","2026-07-21 20:51:13"
"E:\FOOTBALL_V\11_System_Intelligence\error_analysis_engine.py","144","2026-07-21 20:51:13"
"E:\FOOTBALL_V\11_System_Intelligence\evolution_engine.py","1121","2026-07-21 20:22:30"
"E:\FOOTBALL_V\11_System_Intelligence\evolution_memory.py","363","2026-07-21 20:22:30"
"E:\FOOTBALL_V\11_System_Intelligence\fatigue_engine.py","139","2026-07-21 20:46:19"
"E:\FOOTBALL_V\11_System_Intelligence\feature_engineering.py","143","2026-07-21 20:51:13"
"E:\FOOTBALL_V\11_System_Intelligence\feedback_memory.py","285","2026-07-21 19:51:15"
"E:\FOOTBALL_V\11_System_Intelligence\football_ai_report.py","146","2026-07-21 20:46:19"
"E:\FOOTBALL_V\11_System_Intelligence\football_ai_runtime.py","77","2026-07-21 20:43:30"
"E:\FOOTBALL_V\11_System_Intelligence\form_analysis_engine.py","142","2026-07-21 20:46:19"
"E:\FOOTBALL_V\11_System_Intelligence\handicap_trap_detector.py","142","2026-07-21 20:46:19"
"E:\FOOTBALL_V\11_System_Intelligence\historical_match_loader.py","148","2026-07-21 20:51:13"
"E:\FOOTBALL_V\11_System_Intelligence\home_away_engine.py","146","2026-07-21 20:46:19"
"E:\FOOTBALL_V\11_System_Intelligence\injury_engine.py","135","2026-07-21 20:46:19"
"E:\FOOTBALL_V\11_System_Intelligence\intelligence_controller.py","1063","2026-07-21 19:48:04"
"E:\FOOTBALL_V\11_System_Intelligence\intelligence_feedback_loop.py","221","2026-07-21 20:02:56"
"E:\FOOTBALL_V\11_System_Intelligence\intelligence_fusion_engine.py","319","2026-07-21 20:01:39"
"E:\FOOTBALL_V\11_System_Intelligence\intelligence_memory.py","146","2026-07-21 18:11:41"
"E:\FOOTBALL_V\11_System_Intelligence\intelligence_report.py","449","2026-07-21 19:54:20"
"E:\FOOTBALL_V\11_System_Intelligence\intelligence_router.py","172","2026-07-21 20:02:56"
"E:\FOOTBALL_V\11_System_Intelligence\intelligence_scheduler.py","268","2026-07-21 20:02:56"
"E:\FOOTBALL_V\11_System_Intelligence\intelligence_weight_manager.py","315","2026-07-21 20:02:56"
"E:\FOOTBALL_V\11_System_Intelligence\knowledge_embedding.py","190","2026-07-21 20:39:44"
"E:\FOOTBALL_V\11_System_Intelligence\knowledge_engine.py","79","2026-07-21 18:03:44"
"E:\FOOTBALL_V\11_System_Intelligence\knowledge_graph.py","118","2026-07-21 18:11:41"
"E:\FOOTBALL_V\11_System_Intelligence\knowledge_memory_bridge.py","718","2026-07-21 19:51:15"
"E:\FOOTBALL_V\11_System_Intelligence\knowledge_node.py","413","2026-07-21 20:39:44"
"E:\FOOTBALL_V\11_System_Intelligence\knowledge_optimizer.py","158","2026-07-21 20:37:16"
"E:\FOOTBALL_V\11_System_Intelligence\knowledge_profile.py","174","2026-07-21 20:37:16"
"E:\FOOTBALL_V\11_System_Intelligence\knowledge_query_engine.py","186","2026-07-21 20:39:44"
"E:\FOOTBALL_V\11_System_Intelligence\knowledge_reasoner.py","465","2026-07-21 20:37:16"
"E:\FOOTBALL_V\11_System_Intelligence\knowledge_relation.py","332","2026-07-21 20:39:44"
"E:\FOOTBALL_V\11_System_Intelligence\knowledge_relation_engine.py","153","2026-07-21 20:37:16"
"E:\FOOTBALL_V\11_System_Intelligence\knowledge_update_engine.py","121","2026-07-21 20:39:44"
"E:\FOOTBALL_V\11_System_Intelligence\learning_memory.py","207","2026-07-21 20:07:44"
"E:\FOOTBALL_V\11_System_Intelligence\learning_scheduler.py","208","2026-07-21 20:07:44"
"E:\FOOTBALL_V\11_System_Intelligence\les_advanced.py","132","2026-07-21 20:46:19"
"E:\FOOTBALL_V\11_System_Intelligence\les_engine.py","177","2026-07-21 20:43:30"
"E:\FOOTBALL_V\11_System_Intelligence\lineup_engine.py","140","2026-07-21 20:46:19"
"E:\FOOTBALL_V\11_System_Intelligence\market_agent.py","173","2026-07-21 20:48:48"
"E:\FOOTBALL_V\11_System_Intelligence\market_engine.py","142","2026-07-21 20:43:30"
"E:\FOOTBALL_V\11_System_Intelligence\match_feature_store.py","170","2026-07-21 20:51:13"
"E:\FOOTBALL_V\11_System_Intelligence\match_prediction_engine.py","155","2026-07-21 20:43:30"
"E:\FOOTBALL_V\11_System_Intelligence\match_simulator.py","129","2026-07-21 20:48:48"
"E:\FOOTBALL_V\11_System_Intelligence\memory_adapter.py","258","2026-07-21 19:51:15"
"E:\FOOTBALL_V\11_System_Intelligence\model_accuracy_memory.py","176","2026-07-21 20:48:48"
"E:\FOOTBALL_V\11_System_Intelligence\model_adjustment_engine.py","145","2026-07-21 20:51:13"
"E:\FOOTBALL_V\11_System_Intelligence\model_conflict_detector.py","211","2026-07-21 20:43:30"
"E:\FOOTBALL_V\11_System_Intelligence\model_fusion_core.py","263","2026-07-21 20:46:19"
"E:\FOOTBALL_V\11_System_Intelligence\model_observer.py","111","2026-07-21 18:11:41"
"E:\FOOTBALL_V\11_System_Intelligence\model_optimizer.py","652","2026-07-21 20:07:44"
"E:\FOOTBALL_V\11_System_Intelligence\model_weight_optimizer.py","216","2026-07-21 20:43:30"
"E:\FOOTBALL_V\11_System_Intelligence\monte_carlo_engine.py","202","2026-07-21 20:48:48"
"E:\FOOTBALL_V\11_System_Intelligence\odds_movement.py","144","2026-07-21 20:43:30"
"E:\FOOTBALL_V\11_System_Intelligence\parlay_strategy.py","76","2026-07-21 20:48:48"
"E:\FOOTBALL_V\11_System_Intelligence\performance_tracker.py","336","2026-07-21 20:22:30"
"E:\FOOTBALL_V\11_System_Intelligence\poisson_model.py","214","2026-07-21 20:46:19"
"E:\FOOTBALL_V\11_System_Intelligence\poisson_trainer.py","140","2026-07-21 20:51:13"
"E:\FOOTBALL_V\11_System_Intelligence\prediction_agent.py","261","2026-07-21 20:48:48"
"E:\FOOTBALL_V\11_System_Intelligence\prediction_evaluator.py","147","2026-07-21 20:51:13"
"E:\FOOTBALL_V\11_System_Intelligence\prediction_report.py","141","2026-07-21 20:43:30"
"E:\FOOTBALL_V\11_System_Intelligence\prediction_report_generator.py","150","2026-07-21 20:46:19"
"E:\FOOTBALL_V\11_System_Intelligence\probability_fusion_engine.py","516","2026-07-21 20:43:30"
"E:\FOOTBALL_V\11_System_Intelligence\probability_memory.py","174","2026-07-21 20:43:30"
"E:\FOOTBALL_V\11_System_Intelligence\profit_tracker.py","168","2026-07-21 20:51:13"
"E:\FOOTBALL_V\11_System_Intelligence\reasoning_agent.py","173","2026-07-21 20:48:48"
"E:\FOOTBALL_V\11_System_Intelligence\reasoning_context.py","443","2026-07-21 19:54:20"
"E:\FOOTBALL_V\11_System_Intelligence\reasoning_engine.py","251","2026-07-21 19:54:20"
"E:\FOOTBALL_V\11_System_Intelligence\reasoning_memory.py","322","2026-07-21 19:54:20"
"E:\FOOTBALL_V\11_System_Intelligence\reasoning_rules.py","253","2026-07-21 19:54:20"
"E:\FOOTBALL_V\11_System_Intelligence\result_collector.py","86","2026-07-21 20:51:13"
"E:\FOOTBALL_V\11_System_Intelligence\risk_agent.py","164","2026-07-21 20:48:48"
"E:\FOOTBALL_V\11_System_Intelligence\risk_detector.py","134","2026-07-21 20:37:16"
"E:\FOOTBALL_V\11_System_Intelligence\risk_engine.py","180","2026-07-21 20:37:16"
"E:\FOOTBALL_V\11_System_Intelligence\risk_memory.py","161","2026-07-21 20:37:16"
"E:\FOOTBALL_V\11_System_Intelligence\risk_report.py","135","2026-07-21 20:37:16"
"E:\FOOTBALL_V\11_System_Intelligence\rule_optimizer.py","229","2026-07-21 20:22:30"
"E:\FOOTBALL_V\11_System_Intelligence\score_distribution_engine.py","186","2026-07-21 20:48:48"
"E:\FOOTBALL_V\11_System_Intelligence\score_prediction_engine.py","140","2026-07-21 20:43:30"
"E:\FOOTBALL_V\11_System_Intelligence\score_probability_table.py","188","2026-07-21 20:46:19"
"E:\FOOTBALL_V\11_System_Intelligence\self_learning_engine.py","694","2026-07-21 20:10:41"
"E:\FOOTBALL_V\11_System_Intelligence\single_strategy.py","76","2026-07-21 20:48:48"
"E:\FOOTBALL_V\11_System_Intelligence\sp_probability_engine.py","152","2026-07-21 20:46:19"
"E:\FOOTBALL_V\11_System_Intelligence\strategy_agent.py","179","2026-07-21 20:48:48"
"E:\FOOTBALL_V\11_System_Intelligence\strategy_mutator.py","163","2026-07-21 20:22:30"
"E:\FOOTBALL_V\11_System_Intelligence\system_analyzer.py","112","2026-07-21 18:11:41"
"E:\FOOTBALL_V\11_System_Intelligence\system_brain.py","106","2026-07-21 18:03:44"
"E:\FOOTBALL_V\11_System_Intelligence\system_exporter.py","139","2026-07-21 20:43:30"
"E:\FOOTBALL_V\11_System_Intelligence\team_feature_builder.py","187","2026-07-21 20:51:13"
"E:\FOOTBALL_V\11_System_Intelligence\team_strength_engine.py","143","2026-07-21 20:46:19"
"E:\FOOTBALL_V\11_System_Intelligence\true_probability_calculator.py","319","2026-07-21 20:43:30"
"E:\FOOTBALL_V\11_System_Intelligence\value_detector.py","130","2026-07-21 20:43:30"
"E:\FOOTBALL_V\11_System_Intelligence\weight_learning_engine.py","144","2026-07-21 20:48:48"
"E:\FOOTBALL_V\11_System_Intelligence\xgboost_predictor.py","201","2026-07-21 20:46:19"
"E:\FOOTBALL_V\11_System_Intelligence\xgboost_trainer.py","140","2026-07-21 20:51:13"
"E:\FOOTBALL_V\11_System_Intelligence\reports\phase3_10_confidence_report.json","86","2026-07-21 20:37:16"
"E:\FOOTBALL_V\11_System_Intelligence\reports\phase3_11_knowledge_graph_report.json","105","2026-07-21 20:39:44"
"E:\FOOTBALL_V\11_System_Intelligence\reports\phase3_12_probability_report.json","99","2026-07-21 20:43:30"
"E:\FOOTBALL_V\11_System_Intelligence\reports\phase3_13_market_report.json","88","2026-07-21 20:43:30"
"E:\FOOTBALL_V\11_System_Intelligence\reports\phase3_14_prediction_report.json","92","2026-07-21 20:43:30"
"E:\FOOTBALL_V\11_System_Intelligence\reports\phase3_15_runtime_report.json","93","2026-07-21 20:43:30"
"E:\FOOTBALL_V\11_System_Intelligence\reports\phase3_2_memory_bridge_report.json","123","2026-07-21 19:51:15"
"E:\FOOTBALL_V\11_System_Intelligence\reports\phase3_3_reasoning_report.json","92","2026-07-21 19:54:20"
"E:\FOOTBALL_V\11_System_Intelligence\reports\phase3_4_decision_fusion_report.json","85","2026-07-21 20:01:39"
"E:\FOOTBALL_V\11_System_Intelligence\reports\phase3_5_controller_upgrade_report.json","100","2026-07-21 20:02:56"
"E:\FOOTBALL_V\11_System_Intelligence\reports\phase3_6_self_learning_report.json","261","2026-07-21 20:07:44"
"E:\FOOTBALL_V\11_System_Intelligence\reports\phase3_7_evolution_report.json","328","2026-07-21 20:22:30"
"E:\FOOTBALL_V\11_System_Intelligence\reports\phase3_8_knowledge_report.json","90","2026-07-21 20:37:16"
"E:\FOOTBALL_V\11_System_Intelligence\reports\phase3_9_risk_report.json","85","2026-07-21 20:37:16"
"E:\FOOTBALL_V\11_System_Intelligence\reports\phase4_1_prediction_core_report.json","94","2026-07-21 20:46:19"
"E:\FOOTBALL_V\11_System_Intelligence\reports\phase4_2_team_intelligence_report.json","85","2026-07-21 20:46:19"
"E:\FOOTBALL_V\11_System_Intelligence\reports\phase4_3_market_intelligence_report.json","87","2026-07-21 20:46:19"
"E:\FOOTBALL_V\11_System_Intelligence\reports\phase4_4_report_system_report.json","92","2026-07-21 20:46:19"
"E:\FOOTBALL_V\11_System_Intelligence\reports\phase5_1_report.json","79","2026-07-21 20:48:48"
"E:\FOOTBALL_V\11_System_Intelligence\reports\phase5_2_report.json","82","2026-07-21 20:48:48"
"E:\FOOTBALL_V\11_System_Intelligence\reports\phase5_3_report.json","78","2026-07-21 20:48:48"
"E:\FOOTBALL_V\11_System_Intelligence\reports\phase5_4_report.json","79","2026-07-21 20:48:48"
"E:\FOOTBALL_V\11_System_Intelligence\reports\phase6_1_report.json","88","2026-07-21 20:51:13"
"E:\FOOTBALL_V\11_System_Intelligence\reports\phase6_2_report.json","82","2026-07-21 20:51:13"
"E:\FOOTBALL_V\11_System_Intelligence\reports\phase6_3_report.json","76","2026-07-21 20:51:13"
"E:\FOOTBALL_V\11_System_Intelligence\reports\phase6_4_report.json","85","2026-07-21 20:51:13"
"E:\FOOTBALL_V\11_System_Intelligence\tests\test_intelligence.py","234","2026-07-21 18:09:13"
"E:\FOOTBALL_V\11_System_Intelligence\tests\test_phase2_intelligence.py","141","2026-07-21 18:11:41"
"E:\FOOTBALL_V\11_System_Intelligence\tests\test_phase3_10_confidence.py","183","2026-07-21 20:37:16"
"E:\FOOTBALL_V\11_System_Intelligence\tests\test_phase3_11_knowledge_graph.py","900","2026-07-21 20:39:44"
"E:\FOOTBALL_V\11_System_Intelligence\tests\test_phase3_12_probability.py","277","2026-07-21 20:43:30"
"E:\FOOTBALL_V\11_System_Intelligence\tests\test_phase3_13_market.py","145","2026-07-21 20:43:30"
"E:\FOOTBALL_V\11_System_Intelligence\tests\test_phase3_14_prediction.py","187","2026-07-21 20:43:30"
"E:\FOOTBALL_V\11_System_Intelligence\tests\test_phase3_15_runtime.py","137","2026-07-21 20:43:30"
"E:\FOOTBALL_V\11_System_Intelligence\tests\test_phase3_2_memory_bridge.py","714","2026-07-21 19:51:15"
"E:\FOOTBALL_V\11_System_Intelligence\tests\test_phase3_3_reasoning.py","473","2026-07-21 19:54:20"
"E:\FOOTBALL_V\11_System_Intelligence\tests\test_phase3_4_decision_fusion.py","256","2026-07-21 20:01:39"
"E:\FOOTBALL_V\11_System_Intelligence\tests\test_phase3_5_controller_upgrade.py","739","2026-07-21 20:02:56"
"E:\FOOTBALL_V\11_System_Intelligence\tests\test_phase3_6_self_learning.py","407","2026-07-21 20:07:44"
"E:\FOOTBALL_V\11_System_Intelligence\tests\test_phase3_7_evolution.py","413","2026-07-21 20:22:30"
"E:\FOOTBALL_V\11_System_Intelligence\tests\test_phase3_8_knowledge.py","216","2026-07-21 20:37:16"
"E:\FOOTBALL_V\11_System_Intelligence\tests\test_phase3_9_risk.py","136","2026-07-21 20:37:16"
"E:\FOOTBALL_V\11_System_Intelligence\tests\test_phase3_system_intelligence.py","489","2026-07-21 19:46:31"
"E:\FOOTBALL_V\11_System_Intelligence\tests\test_phase4_market_core.py","138","2026-07-21 20:46:19"
"E:\FOOTBALL_V\11_System_Intelligence\tests\test_phase4_prediction_core.py","391","2026-07-21 20:46:19"
"E:\FOOTBALL_V\11_System_Intelligence\tests\test_phase5_1_agents.py","117","2026-07-21 20:48:48"
"E:\FOOTBALL_V\11_System_Intelligence\tests\test_phase5_2_weight.py","163","2026-07-21 20:48:48"
"E:\FOOTBALL_V\11_System_Intelligence\tests\test_phase5_3_simulation.py","161","2026-07-21 20:48:48"
"E:\FOOTBALL_V\11_System_Intelligence\tests\test_phase5_4_strategy.py","130","2026-07-21 20:48:48"
"E:\FOOTBALL_V\11_System_Intelligence\tests\test_phase6_backtest.py","142","2026-07-21 20:51:13"
"E:\FOOTBALL_V\11_System_Intelligence\tests\test_phase6_feedback.py","162","2026-07-21 20:51:13"
"E:\FOOTBALL_V\11_System_Intelligence\tests\test_phase6_training.py","140","2026-07-21 20:51:13"
"E:\FOOTBALL_V\11_System_Intelligence\tests\__pycache__\test_intelligence.cpython-312-pytest-9.1.1.pyc","1304","2026-07-21 20:12:58"
"E:\FOOTBALL_V\11_System_Intelligence\tests\__pycache__\test_phase2_intelligence.cpython-312-pytest-9.1.1.pyc","1073","2026-07-21 20:12:58"
"E:\FOOTBALL_V\11_System_Intelligence\tests\__pycache__\test_phase3_10_confidence.cpython-312-pytest-9.1.1.pyc","1107","2026-07-21 20:42:09"
"E:\FOOTBALL_V\11_System_Intelligence\tests\__pycache__\test_phase3_11_knowledge_graph.cpython-312-pytest-9.1.1.pyc","4139","2026-07-21 20:39:45"
"E:\FOOTBALL_V\11_System_Intelligence\tests\__pycache__\test_phase3_12_probability.cpython-312-pytest-9.1.1.pyc","1165","2026-07-21 20:43:39"
"E:\FOOTBALL_V\11_System_Intelligence\tests\__pycache__\test_phase3_13_market.cpython-312-pytest-9.1.1.pyc","1074","2026-07-21 20:43:39"
"E:\FOOTBALL_V\11_System_Intelligence\tests\__pycache__\test_phase3_14_prediction.cpython-312-pytest-9.1.1.pyc","1111","2026-07-21 20:43:39"
"E:\FOOTBALL_V\11_System_Intelligence\tests\__pycache__\test_phase3_15_runtime.cpython-312-pytest-9.1.1.pyc","1392","2026-07-21 20:43:39"
"E:\FOOTBALL_V\11_System_Intelligence\tests\__pycache__\test_phase3_2_memory_bridge.cpython-312-pytest-9.1.1.pyc","3033","2026-07-21 19:51:16"
"E:\FOOTBALL_V\11_System_Intelligence\tests\__pycache__\test_phase3_3_reasoning.cpython-312-pytest-9.1.1.pyc","1871","2026-07-21 19:54:20"
"E:\FOOTBALL_V\11_System_Intelligence\tests\__pycache__\test_phase3_4_decision_fusion.cpython-312-pytest-9.1.1.pyc","1275","2026-07-21 20:01:40"
"E:\FOOTBALL_V\11_System_Intelligence\tests\__pycache__\test_phase3_5_controller_upgrade.cpython-312-pytest-9.1.1.pyc","4186","2026-07-21 20:02:56"
"E:\FOOTBALL_V\11_System_Intelligence\tests\__pycache__\test_phase3_6_self_learning.cpython-312-pytest-9.1.1.pyc","2007","2026-07-21 20:07:45"
"E:\FOOTBALL_V\11_System_Intelligence\tests\__pycache__\test_phase3_7_evolution.cpython-312-pytest-9.1.1.pyc","2297","2026-07-21 20:22:30"
"E:\FOOTBALL_V\11_System_Intelligence\tests\__pycache__\test_phase3_8_knowledge.cpython-312-pytest-9.1.1.pyc","1109","2026-07-21 20:42:09"
"E:\FOOTBALL_V\11_System_Intelligence\tests\__pycache__\test_phase3_9_risk.cpython-312-pytest-9.1.1.pyc","1065","2026-07-21 20:42:09"
"E:\FOOTBALL_V\11_System_Intelligence\tests\__pycache__\test_phase3_system_intelligence.cpython-312-pytest-9.1.1.pyc","2169","2026-07-21 19:48:29"
"E:\FOOTBALL_V\11_System_Intelligence\tests\__pycache__\test_phase4_market_core.cpython-312-pytest-9.1.1.pyc","1069","2026-07-21 20:46:20"
"E:\FOOTBALL_V\11_System_Intelligence\tests\__pycache__\test_phase4_prediction_core.cpython-312-pytest-9.1.1.pyc","1846","2026-07-21 20:46:20"
"E:\FOOTBALL_V\11_System_Intelligence\tests\__pycache__\test_phase5_1_agents.cpython-312-pytest-9.1.1.pyc","1259","2026-07-21 20:48:57"
"E:\FOOTBALL_V\11_System_Intelligence\tests\__pycache__\test_phase5_2_weight.cpython-312-pytest-9.1.1.pyc","1088","2026-07-21 20:48:57"
"E:\FOOTBALL_V\11_System_Intelligence\tests\__pycache__\test_phase5_3_simulation.cpython-312-pytest-9.1.1.pyc","1087","2026-07-21 20:48:57"
"E:\FOOTBALL_V\11_System_Intelligence\tests\__pycache__\test_phase5_4_strategy.cpython-312-pytest-9.1.1.pyc","1390","2026-07-21 20:48:57"
"E:\FOOTBALL_V\11_System_Intelligence\tests\__pycache__\test_phase6_backtest.cpython-312-pytest-9.1.1.pyc","1068","2026-07-21 20:51:21"
"E:\FOOTBALL_V\11_System_Intelligence\tests\__pycache__\test_phase6_feedback.cpython-312-pytest-9.1.1.pyc","1080","2026-07-21 20:51:21"
"E:\FOOTBALL_V\11_System_Intelligence\tests\__pycache__\test_phase6_training.cpython-312-pytest-9.1.1.pyc","1066","2026-07-21 20:51:21"
"E:\FOOTBALL_V\11_System_Intelligence\tests\__pycache__\__init__.cpython-312.pyc","151","2026-07-21 19:48:29"
"E:\FOOTBALL_V\11_System_Intelligence\__pycache__\agent_manager.cpython-312.pyc","962","2026-07-21 20:48:57"
"E:\FOOTBALL_V\11_System_Intelligence\__pycache__\backtest_engine.cpython-312.pyc","481","2026-07-21 20:51:21"
"E:\FOOTBALL_V\11_System_Intelligence\__pycache__\confidence_engine.cpython-312.pyc","547","2026-07-21 20:42:09"
"E:\FOOTBALL_V\11_System_Intelligence\__pycache__\decision_fusion.cpython-312.pyc","865","2026-07-21 20:01:40"
"E:\FOOTBALL_V\11_System_Intelligence\__pycache__\decision_reasoner.cpython-312.pyc","780","2026-07-21 19:54:20"
"E:\FOOTBALL_V\11_System_Intelligence\__pycache__\dynamic_weight_engine.cpython-312.pyc","545","2026-07-21 20:48:57"
"E:\FOOTBALL_V\11_System_Intelligence\__pycache__\elo_engine.cpython-312.pyc","683","2026-07-21 20:46:20"
"E:\FOOTBALL_V\11_System_Intelligence\__pycache__\elo_trainer.cpython-312.pyc","490","2026-07-21 20:51:21"
"E:\FOOTBALL_V\11_System_Intelligence\__pycache__\evolution_engine.cpython-312.pyc","1718","2026-07-21 20:22:30"
"E:\FOOTBALL_V\11_System_Intelligence\__pycache__\evolution_memory.cpython-312.pyc","984","2026-07-21 20:22:30"
"E:\FOOTBALL_V\11_System_Intelligence\__pycache__\feedback_memory.cpython-312.pyc","863","2026-07-21 19:51:16"
"E:\FOOTBALL_V\11_System_Intelligence\__pycache__\football_ai_runtime.cpython-312.pyc","457","2026-07-21 20:43:39"
"E:\FOOTBALL_V\11_System_Intelligence\__pycache__\intelligence_controller.cpython-312.pyc","1630","2026-07-21 19:48:29"
"E:\FOOTBALL_V\11_System_Intelligence\__pycache__\intelligence_feedback_loop.cpython-312.pyc","914","2026-07-21 20:02:56"
"E:\FOOTBALL_V\11_System_Intelligence\__pycache__\intelligence_fusion_engine.cpython-312.pyc","681","2026-07-21 20:01:40"
"E:\FOOTBALL_V\11_System_Intelligence\__pycache__\intelligence_router.cpython-312.pyc","561","2026-07-21 20:02:56"
"E:\FOOTBALL_V\11_System_Intelligence\__pycache__\intelligence_scheduler.cpython-312.pyc","935","2026-07-21 20:02:56"
"E:\FOOTBALL_V\11_System_Intelligence\__pycache__\intelligence_weight_manager.cpython-312.pyc","925","2026-07-21 20:02:56"
"E:\FOOTBALL_V\11_System_Intelligence\__pycache__\knowledge_embedding.cpython-312.pyc","529","2026-07-21 20:39:45"
"E:\FOOTBALL_V\11_System_Intelligence\__pycache__\knowledge_memory_bridge.cpython-312.pyc","1383","2026-07-21 19:51:16"
"E:\FOOTBALL_V\11_System_Intelligence\__pycache__\knowledge_node.cpython-312.pyc","966","2026-07-21 20:39:45"
"E:\FOOTBALL_V\11_System_Intelligence\__pycache__\knowledge_query_engine.cpython-312.pyc","529","2026-07-21 20:39:45"
"E:\FOOTBALL_V\11_System_Intelligence\__pycache__\knowledge_reasoner.cpython-312.pyc","690","2026-07-21 20:42:09"
"E:\FOOTBALL_V\11_System_Intelligence\__pycache__\knowledge_relation.cpython-312.pyc","889","2026-07-21 20:39:45"
"E:\FOOTBALL_V\11_System_Intelligence\__pycache__\les_advanced.cpython-312.pyc","483","2026-07-21 20:46:20"
"E:\FOOTBALL_V\11_System_Intelligence\__pycache__\les_engine.cpython-312.pyc","490","2026-07-21 20:43:39"
"E:\FOOTBALL_V\11_System_Intelligence\__pycache__\match_prediction_engine.cpython-312.pyc","522","2026-07-21 20:43:39"
"E:\FOOTBALL_V\11_System_Intelligence\__pycache__\memory_adapter.cpython-312.pyc","515","2026-07-21 19:51:16"
"E:\FOOTBALL_V\11_System_Intelligence\__pycache__\model_adjustment_engine.cpython-312.pyc","508","2026-07-21 20:51:21"
"E:\FOOTBALL_V\11_System_Intelligence\__pycache__\model_fusion_core.cpython-312.pyc","620","2026-07-21 20:46:20"
"E:\FOOTBALL_V\11_System_Intelligence\__pycache__\model_optimizer.cpython-312.pyc","1224","2026-07-21 20:07:45"
"E:\FOOTBALL_V\11_System_Intelligence\__pycache__\monte_carlo_engine.cpython-312.pyc","526","2026-07-21 20:48:57"
"E:\FOOTBALL_V\11_System_Intelligence\__pycache__\performance_tracker.cpython-312.pyc","1031","2026-07-21 20:22:30"
"E:\FOOTBALL_V\11_System_Intelligence\__pycache__\probability_fusion_engine.cpython-312.pyc","953","2026-07-21 20:43:39"
"E:\FOOTBALL_V\11_System_Intelligence\__pycache__\reasoning_engine.cpython-312.pyc","795","2026-07-21 19:54:20"
"E:\FOOTBALL_V\11_System_Intelligence\__pycache__\reasoning_rules.cpython-312.pyc","648","2026-07-21 19:54:20"
"E:\FOOTBALL_V\11_System_Intelligence\__pycache__\risk_engine.cpython-312.pyc","499","2026-07-21 20:42:09"
"E:\FOOTBALL_V\11_System_Intelligence\__pycache__\rule_optimizer.cpython-312.pyc","562","2026-07-21 20:22:30"
"E:\FOOTBALL_V\11_System_Intelligence\__pycache__\self_learning_engine.cpython-312.pyc","1283","2026-07-21 20:10:41"
"E:\FOOTBALL_V\11_System_Intelligence\__pycache__\single_strategy.cpython-312.pyc","450","2026-07-21 20:48:57"
"E:\FOOTBALL_V\11_System_Intelligence\__pycache__\strategy_mutator.cpython-312.pyc","520","2026-07-21 20:22:30"
"E:\FOOTBALL_V\11_System_Intelligence\__pycache__\system_analyzer.cpython-312.pyc","487","2026-07-21 20:12:58"
"E:\FOOTBALL_V\11_System_Intelligence\__pycache__\system_brain.cpython-312.pyc","474","2026-07-21 20:12:58"
"E:\FOOTBALL_V\11_System_Intelligence\__pycache__\__init__.cpython-312.pyc","145","2026-07-21 19:48:29"
"E:\FOOTBALL_V\120_AI_REPORT_SERVICE\module.py","85","2026-07-23 00:23:35"
"E:\FOOTBALL_V\121_DATABASE_GOVERNANCE_LAYER\data_registry.py","73","2026-07-23 00:32:29"
"E:\FOOTBALL_V\121_RESULT_FEEDBACK_ENGINE\module.py","93","2026-07-23 00:24:20"
"E:\FOOTBALL_V\122_ERROR_ANALYSIS_ENGINE\module.py","92","2026-07-23 00:24:20"
"E:\FOOTBALL_V\122_MODEL_STORE_LAYER\metadata_manager.py","65","2026-07-23 00:32:29"
"E:\FOOTBALL_V\123_EXECUTION_ENGINE\decision_executor.py","64","2026-07-23 00:32:29"
"E:\FOOTBALL_V\123_MODEL_WEIGHT_UPDATE_ENGINE\module.py","97","2026-07-23 00:24:20"
"E:\FOOTBALL_V\124_AUTO_BACKTEST_ENGINE\module.py","91","2026-07-23 00:24:20"
"E:\FOOTBALL_V\124_DASHBOARD_LAYER\model_monitor.py","63","2026-07-23 00:32:29"
"E:\FOOTBALL_V\125_AI_VERSION_MANAGER\module.py","89","2026-07-23 00:24:20"
"E:\FOOTBALL_V\125_PRODUCT_RELEASE_LAYER\deployment_validator.py","69","2026-07-23 00:32:29"
"E:\FOOTBALL_V\126_MODEL_EXPLANATION_ENGINE\explanation_engine.py","72","2026-07-23 00:32:29"
"E:\FOOTBALL_V\127_AUTONOMOUS_LEARNING_LOOP\feedback_processor.py","72","2026-07-23 00:32:29"
"E:\FOOTBALL_V\128_SYSTEM_MONITORING_CENTER\alert_manager.py","72","2026-07-23 00:32:29"
"E:\FOOTBALL_V\129_API_GATEWAY_LAYER\api_router.py","65","2026-07-23 00:32:29"
"E:\FOOTBALL_V\12_AUTONOMOUS_LEARNING_ENGINE\error_analysis\error_analyzer.py","293","2026-07-22 16:58:03"
"E:\FOOTBALL_V\12_AUTONOMOUS_LEARNING_ENGINE\experience_database\experience_manager.py","227","2026-07-22 16:58:03"
"E:\FOOTBALL_V\12_AUTONOMOUS_LEARNING_ENGINE\feature_optimizer\feature_optimizer.py","244","2026-07-22 16:58:03"
"E:\FOOTBALL_V\12_AUTONOMOUS_LEARNING_ENGINE\feedback_collector\collector.py","237","2026-07-22 16:58:03"
"E:\FOOTBALL_V\12_AUTONOMOUS_LEARNING_ENGINE\improvement_engine\improvement.py","230","2026-07-22 16:58:03"
"E:\FOOTBALL_V\12_AUTONOMOUS_LEARNING_ENGINE\model_learning\learning_engine.py","235","2026-07-22 16:58:03"
"E:\FOOTBALL_V\12_AUTONOMOUS_LEARNING_ENGINE\registry\learning_registry.json","342","2026-07-22 16:58:03"
"E:\FOOTBALL_V\12_AUTONOMOUS_LEARNING_ENGINE\reports\learning_deploy_report.json","229","2026-07-22 16:58:03"
"E:\FOOTBALL_V\12_AUTONOMOUS_LEARNING_ENGINE\reports\learning_test_report.json","1529","2026-07-22 16:58:03"
"E:\FOOTBALL_V\12_AUTONOMOUS_LEARNING_ENGINE\self_reflection\reflection_engine.py","230","2026-07-22 16:58:03"
"E:\FOOTBALL_V\12_AUTONOMOUS_LEARNING_ENGINE\weight_optimizer\optimizer.py","247","2026-07-22 16:58:03"
"E:\FOOTBALL_V\130_FINAL_SYSTEM_VALIDATION\module.py","71","2026-07-23 00:32:29"
"E:\FOOTBALL_V\131_USER_INTERFACE_LAYER\module.py","203","2026-07-23 09:47:23"
"E:\FOOTBALL_V\132_NATURAL_LANGUAGE_ENGINE\module.py","209","2026-07-23 09:47:23"
"E:\FOOTBALL_V\133_CONVERSATION_MEMORY_LAYER\module.py","213","2026-07-23 09:47:23"
"E:\FOOTBALL_V\134_COMMAND_ROUTER_ENGINE\module.py","205","2026-07-23 09:47:23"
"E:\FOOTBALL_V\135_API_GATEWAY_CONNECTOR\module.py","205","2026-07-23 09:47:23"
"E:\FOOTBALL_V\136_MODULE_DISPATCH_ENGINE\module.py","207","2026-07-23 09:47:23"
"E:\FOOTBALL_V\137_REPORT_PRESENTATION_LAYER\module.py","213","2026-07-23 09:47:23"
"E:\FOOTBALL_V\138_LOCAL_CHAT_RUNTIME\module.py","199","2026-07-23 09:47:23"
"E:\FOOTBALL_V\139_SYSTEM_HEALTH_INTERFACE\module.py","209","2026-07-23 09:47:23"
"E:\FOOTBALL_V\13_REPORT_INTELLIGENCE_LAYER\export_engine\exporter.py","215","2026-07-22 17:02:17"
"E:\FOOTBALL_V\13_REPORT_INTELLIGENCE_LAYER\market_report\market_report.py","224","2026-07-22 17:02:17"
"E:\FOOTBALL_V\13_REPORT_INTELLIGENCE_LAYER\match_report_generator\match_report.py","231","2026-07-22 17:02:17"
"E:\FOOTBALL_V\13_REPORT_INTELLIGENCE_LAYER\model_report\model_report.py","230","2026-07-22 17:02:17"
"E:\FOOTBALL_V\13_REPORT_INTELLIGENCE_LAYER\post_match_report\post_match.py","235","2026-07-22 17:02:17"
"E:\FOOTBALL_V\13_REPORT_INTELLIGENCE_LAYER\probability_report\probability_report.py","238","2026-07-22 17:02:17"
"E:\FOOTBALL_V\13_REPORT_INTELLIGENCE_LAYER\registry\report_registry.json","336","2026-07-22 17:02:17"
"E:\FOOTBALL_V\13_REPORT_INTELLIGENCE_LAYER\reports\report_layer_deploy_report.json","228","2026-07-22 17:02:17"
"E:\FOOTBALL_V\13_REPORT_INTELLIGENCE_LAYER\reports\report_layer_test_report.json","1629","2026-07-22 17:02:17"
"E:\FOOTBALL_V\13_REPORT_INTELLIGENCE_LAYER\risk_report\risk_report.py","218","2026-07-22 17:02:17"
"E:\FOOTBALL_V\13_REPORT_INTELLIGENCE_LAYER\visualization_engine\visualizer.py","228","2026-07-22 17:02:17"
"E:\FOOTBALL_V\140_FINAL_INTERFACE_VALIDATION\module.py","215","2026-07-23 09:47:23"
"E:\FOOTBALL_V\141_REAL_CHAT_EXECUTION_ENGINE\module.py","215","2026-07-23 09:48:29"
"E:\FOOTBALL_V\142_DATABASE_QUERY_RUNTIME\module.py","211","2026-07-23 09:48:29"
"E:\FOOTBALL_V\143_MODEL_CALL_ORCHESTRATOR\module.py","212","2026-07-23 09:48:29"
"E:\FOOTBALL_V\144_MATCH_ANALYSIS_EXECUTOR\module.py","212","2026-07-23 09:48:29"
"E:\FOOTBALL_V\145_REPORT_GENERATION_RUNTIME\module.py","214","2026-07-23 09:48:29"
"E:\FOOTBALL_V\146_HISTORY_CONVERSATION_STORE\module.py","215","2026-07-23 09:48:29"
"E:\FOOTBALL_V\147_TASK_SCHEDULER_ENGINE\module.py","210","2026-07-23 09:48:29"
"E:\FOOTBALL_V\148_RUNTIME_ERROR_HANDLER\module.py","210","2026-07-23 09:48:29"
"E:\FOOTBALL_V\149_SYSTEM_LOG_MANAGER\module.py","207","2026-07-23 09:48:29"
"E:\FOOTBALL_V\14_SYSTEM_MONITORING_LAYER\alert_engine\alert_manager.py","129","2026-07-22 17:19:53"
"E:\FOOTBALL_V\14_SYSTEM_MONITORING_LAYER\dashboard\system_dashboard.py","138","2026-07-22 17:19:53"
"E:\FOOTBALL_V\14_SYSTEM_MONITORING_LAYER\database_monitor\database_checker.py","167","2026-07-22 17:19:53"
"E:\FOOTBALL_V\14_SYSTEM_MONITORING_LAYER\error_monitor\error_collector.py","129","2026-07-22 17:19:53"
"E:\FOOTBALL_V\14_SYSTEM_MONITORING_LAYER\health_monitor\health_checker.py","157","2026-07-22 17:19:53"
"E:\FOOTBALL_V\14_SYSTEM_MONITORING_LAYER\model_monitor\model_checker.py","300","2026-07-22 17:19:53"
"E:\FOOTBALL_V\14_SYSTEM_MONITORING_LAYER\performance_monitor\performance_checker.py","134","2026-07-22 17:19:53"
"E:\FOOTBALL_V\14_SYSTEM_MONITORING_LAYER\registry\monitoring_registry.json","290","2026-07-22 17:19:53"
"E:\FOOTBALL_V\14_SYSTEM_MONITORING_LAYER\reports\monitoring_deploy_report.json","226","2026-07-22 17:19:53"
"E:\FOOTBALL_V\14_SYSTEM_MONITORING_LAYER\reports\monitoring_test_report.json","1601","2026-07-22 17:19:53"
"E:\FOOTBALL_V\14_SYSTEM_MONITORING_LAYER\resource_monitor\resource_checker.py","163","2026-07-22 17:19:53"
"E:\FOOTBALL_V\150_FINAL_RUNTIME_VALIDATION\module.py","213","2026-07-23 09:48:29"
"E:\FOOTBALL_V\15_API_INTEGRATION_LAYER\api_scheduler\scheduler.py","127","2026-07-22 17:24:43"
"E:\FOOTBALL_V\15_API_INTEGRATION_LAYER\config\api_config.json","148","2026-07-22 17:24:43"
"E:\FOOTBALL_V\15_API_INTEGRATION_LAYER\data_sync_engine\sync_manager.py","122","2026-07-22 17:24:43"
"E:\FOOTBALL_V\15_API_INTEGRATION_LAYER\football_data_api\football_data_client.py","203","2026-07-22 17:24:43"
"E:\FOOTBALL_V\15_API_INTEGRATION_LAYER\injury_api\injury_client.py","136","2026-07-22 17:24:43"
"E:\FOOTBALL_V\15_API_INTEGRATION_LAYER\news_api\news_client.py","132","2026-07-22 17:24:43"
"E:\FOOTBALL_V\15_API_INTEGRATION_LAYER\odds_api\odds_client.py","189","2026-07-22 17:24:43"
"E:\FOOTBALL_V\15_API_INTEGRATION_LAYER\registry\api_registry.json","272","2026-07-22 17:24:43"
"E:\FOOTBALL_V\15_API_INTEGRATION_LAYER\reports\api_deploy_report.json","225","2026-07-22 17:24:43"
"E:\FOOTBALL_V\15_API_INTEGRATION_LAYER\reports\api_test_report.json","1566","2026-07-22 17:24:44"
"E:\FOOTBALL_V\15_API_INTEGRATION_LAYER\stats_api\stats_client.py","188","2026-07-22 17:24:43"
"E:\FOOTBALL_V\15_API_INTEGRATION_LAYER\weather_api\weather_client.py","138","2026-07-22 17:24:43"
"E:\FOOTBALL_V\16_DATABASE_GOVERNANCE_LAYER\audit_logger.py","263","2026-07-22 22:53:45"
"E:\FOOTBALL_V\16_DATABASE_GOVERNANCE_LAYER\deploy_governance_batch_01_V1.0.py","1982","2026-07-22 21:42:06"
"E:\FOOTBALL_V\16_DATABASE_GOVERNANCE_LAYER\module.py","320","2026-07-22 22:57:42"
"E:\FOOTBALL_V\16_DATABASE_GOVERNANCE_LAYER\backup_engine\backup_engine_V1.0.py","956","2026-07-22 21:43:54"
"E:\FOOTBALL_V\16_DATABASE_GOVERNANCE_LAYER\batch_modules\create_backup_engine.py","1267","2026-07-22 21:42:48"
"E:\FOOTBALL_V\16_DATABASE_GOVERNANCE_LAYER\batch_modules\create_database_initializer.py","1928","2026-07-22 21:42:33"
"E:\FOOTBALL_V\16_DATABASE_GOVERNANCE_LAYER\batch_modules\create_restore_engine.py","1977","2026-07-22 21:43:33"
"E:\FOOTBALL_V\16_DATABASE_GOVERNANCE_LAYER\batch_modules\create_version_control_engine.py","1167","2026-07-22 21:43:44"
"E:\FOOTBALL_V\16_DATABASE_GOVERNANCE_LAYER\database_backup_scheduler\database_backup_scheduler_V1.0.py","98","2026-07-22 21:53:26"
"E:\FOOTBALL_V\16_DATABASE_GOVERNANCE_LAYER\database_health_monitor\database_health_monitor_V1.0.py","109","2026-07-22 21:52:07"
"E:\FOOTBALL_V\16_DATABASE_GOVERNANCE_LAYER\database_initializer\database_initializer_V1.0.py","1258","2026-07-22 21:43:54"
"E:\FOOTBALL_V\16_DATABASE_GOVERNANCE_LAYER\database_restore_manager\database_restore_manager_V1.0.py","97","2026-07-22 21:53:26"
"E:\FOOTBALL_V\16_DATABASE_GOVERNANCE_LAYER\database_schema_manager\database_schema_manager_V1.0.py","109","2026-07-22 21:52:07"
"E:\FOOTBALL_V\16_DATABASE_GOVERNANCE_LAYER\database_version_manager\database_version_manager_V1.0.py","97","2026-07-22 21:53:26"
"E:\FOOTBALL_V\16_DATABASE_GOVERNANCE_LAYER\migration_engine\deploy_migration_engine_V1.0.py","3827","2026-07-22 21:34:35"
"E:\FOOTBALL_V\16_DATABASE_GOVERNANCE_LAYER\migration_engine\migration_engine_V1.0.py","880","2026-07-22 21:36:05"
"E:\FOOTBALL_V\16_DATABASE_GOVERNANCE_LAYER\migration_engine\config\migration_config.json","214","2026-07-22 21:34:48"
"E:\FOOTBALL_V\16_DATABASE_GOVERNANCE_LAYER\migration_engine\registry\migration_registry.json","125","2026-07-22 21:34:48"
"E:\FOOTBALL_V\16_DATABASE_GOVERNANCE_LAYER\migration_engine\reports\migration_deployment_report.json","149","2026-07-22 21:34:48"
"E:\FOOTBALL_V\16_DATABASE_GOVERNANCE_LAYER\migration_engine\reports\migration_status.json","129","2026-07-22 21:36:29"
"E:\FOOTBALL_V\16_DATABASE_GOVERNANCE_LAYER\migration_engine\reports\migration_test_report.json","453","2026-07-22 21:36:29"
"E:\FOOTBALL_V\16_DATABASE_GOVERNANCE_LAYER\migration_engine\tests\test_migration_engine_V1.0.py","1356","2026-07-22 21:36:19"
"E:\FOOTBALL_V\16_DATABASE_GOVERNANCE_LAYER\reports\governance_batch_01_deployment_report.json","950","2026-07-22 21:43:54"
"E:\FOOTBALL_V\16_DATABASE_GOVERNANCE_LAYER\restore_engine\restore_engine_V1.0.py","1715","2026-07-22 21:43:54"
"E:\FOOTBALL_V\16_DATABASE_GOVERNANCE_LAYER\validation_engine\deploy_validation_engine_V1.0.py","4914","2026-07-22 21:38:34"
"E:\FOOTBALL_V\16_DATABASE_GOVERNANCE_LAYER\validation_engine\validation_engine_V1.0.py","2021","2026-07-22 21:39:27"
"E:\FOOTBALL_V\16_DATABASE_GOVERNANCE_LAYER\validation_engine\config\validation_config.json","238","2026-07-22 21:38:48"
"E:\FOOTBALL_V\16_DATABASE_GOVERNANCE_LAYER\validation_engine\registry\validation_registry.json","116","2026-07-22 21:38:48"
"E:\FOOTBALL_V\16_DATABASE_GOVERNANCE_LAYER\validation_engine\reports\validation_deployment_report.json","150","2026-07-22 21:38:48"
"E:\FOOTBALL_V\16_DATABASE_GOVERNANCE_LAYER\validation_engine\reports\validation_report.json","605","2026-07-22 21:39:49"
"E:\FOOTBALL_V\16_DATABASE_GOVERNANCE_LAYER\validation_engine\reports\validation_test_report.json","456","2026-07-22 21:39:49"
"E:\FOOTBALL_V\16_DATABASE_GOVERNANCE_LAYER\validation_engine\tests\test_validation_engine_V1.0.py","1368","2026-07-22 21:39:38"
"E:\FOOTBALL_V\16_DATABASE_GOVERNANCE_LAYER\version_control_engine\version_control_engine_V1.0.py","811","2026-07-22 21:43:54"
"E:\FOOTBALL_V\17_MODEL_STORE_LAYER\deploy_model_store_batch_01_V1.0.py","2888","2026-07-22 21:46:31"
"E:\FOOTBALL_V\17_MODEL_STORE_LAYER\deploy_model_store_batch_02_V1.0.py","2050","2026-07-22 21:48:06"
"E:\FOOTBALL_V\17_MODEL_STORE_LAYER\model_loader.py","247","2026-07-22 22:53:45"
"E:\FOOTBALL_V\17_MODEL_STORE_LAYER\module.py","350","2026-07-22 22:57:42"
"E:\FOOTBALL_V\17_MODEL_STORE_LAYER\config\model_store_config.json","313","2026-07-22 21:46:44"
"E:\FOOTBALL_V\17_MODEL_STORE_LAYER\model_artifact_manager\model_artifact_manager_V1.0.py","111","2026-07-22 21:46:44"
"E:\FOOTBALL_V\17_MODEL_STORE_LAYER\model_cache_manager\model_cache_manager_V1.0.py","168","2026-07-22 21:48:17"
"E:\FOOTBALL_V\17_MODEL_STORE_LAYER\model_deployment_manager\model_deployment_manager_V1.0.py","239","2026-07-22 21:48:17"
"E:\FOOTBALL_V\17_MODEL_STORE_LAYER\model_loader\model_loader_V1.0.py","412","2026-07-22 21:48:17"
"E:\FOOTBALL_V\17_MODEL_STORE_LAYER\model_metrics_manager\model_metrics_manager_V1.0.py","110","2026-07-22 21:46:44"
"E:\FOOTBALL_V\17_MODEL_STORE_LAYER\model_parameter_manager\model_parameter_manager_V1.0.py","112","2026-07-22 21:46:44"
"E:\FOOTBALL_V\17_MODEL_STORE_LAYER\model_registry\model_registry_V1.0.py","984","2026-07-22 21:46:44"
"E:\FOOTBALL_V\17_MODEL_STORE_LAYER\model_registry\registry.json","276","2026-07-22 21:46:44"
"E:\FOOTBALL_V\17_MODEL_STORE_LAYER\model_validator\model_validator_V1.0.py","209","2026-07-22 21:48:17"
"E:\FOOTBALL_V\17_MODEL_STORE_LAYER\model_version_manager\model_version_manager_V1.0.py","173","2026-07-22 21:46:44"
"E:\FOOTBALL_V\17_MODEL_STORE_LAYER\reports\model_store_batch_01_deployment_report.json","162","2026-07-22 21:46:44"
"E:\FOOTBALL_V\17_MODEL_STORE_LAYER\reports\model_store_batch_02_deployment_report.json","162","2026-07-22 21:48:17"
"E:\FOOTBALL_V\18_MODEL_EXECUTION_ENGINE\deploy_execution_engine_batch_01_V1.0.py","3227","2026-07-22 21:49:58"
"E:\FOOTBALL_V\18_MODEL_EXECUTION_ENGINE\fusion_engine.py","257","2026-07-22 22:53:45"
"E:\FOOTBALL_V\18_MODEL_EXECUTION_ENGINE\module.py","469","2026-07-22 22:57:42"
"E:\FOOTBALL_V\18_MODEL_EXECUTION_ENGINE\batch_predictor\batch_predictor_V1.0.py","101","2026-07-22 21:52:07"
"E:\FOOTBALL_V\18_MODEL_EXECUTION_ENGINE\confidence_engine\confidence_engine_V1.0.py","90","2026-07-22 21:53:26"
"E:\FOOTBALL_V\18_MODEL_EXECUTION_ENGINE\config\execution_config.json","280","2026-07-22 21:50:11"
"E:\FOOTBALL_V\18_MODEL_EXECUTION_ENGINE\execution_monitor\execution_monitor_V1.0.py","90","2026-07-22 21:53:26"
"E:\FOOTBALL_V\18_MODEL_EXECUTION_ENGINE\feature_loader\feature_loader_V1.0.py","508","2026-07-22 21:50:11"
"E:\FOOTBALL_V\18_MODEL_EXECUTION_ENGINE\fusion_engine\fusion_engine_V1.0.py","256","2026-07-22 21:50:11"
"E:\FOOTBALL_V\18_MODEL_EXECUTION_ENGINE\model_loader\model_loader_V1.0.py","475","2026-07-22 21:50:11"
"E:\FOOTBALL_V\18_MODEL_EXECUTION_ENGINE\output_manager\output_manager_V1.0.py","241","2026-07-22 21:50:11"
"E:\FOOTBALL_V\18_MODEL_EXECUTION_ENGINE\prediction_pipeline\prediction_pipeline_V1.0.py","449","2026-07-22 21:50:11"
"E:\FOOTBALL_V\18_MODEL_EXECUTION_ENGINE\prediction_scheduler\prediction_scheduler_V1.0.py","106","2026-07-22 21:52:07"
"E:\FOOTBALL_V\18_MODEL_EXECUTION_ENGINE\reports\execution_engine_batch_01_deployment_report.json","167","2026-07-22 21:50:11"
"E:\FOOTBALL_V\18_MODEL_EXECUTION_ENGINE\risk_engine\risk_engine_V1.0.py","84","2026-07-22 21:53:26"
"E:\FOOTBALL_V\19_API_LAYER\health_api.py","231","2026-07-22 22:53:45"
"E:\FOOTBALL_V\19_API_LAYER\module.py","178","2026-07-22 22:57:42"
"E:\FOOTBALL_V\19_API_LAYER\api_registry\api_registry_V1.0.py","85","2026-07-22 21:53:26"
"E:\FOOTBALL_V\19_API_LAYER\api_server\api_server_V1.0.py","97","2026-07-22 21:52:07"
"E:\FOOTBALL_V\19_API_LAYER\health_api\health_api_V1.0.py","83","2026-07-22 21:53:26"
"E:\FOOTBALL_V\19_API_LAYER\model_api\model_api_V1.0.py","82","2026-07-22 21:53:26"
"E:\FOOTBALL_V\19_API_LAYER\prediction_api\prediction_api_V1.0.py","100","2026-07-22 21:52:07"
"E:\FOOTBALL_V\19_API_LAYER\report_api\report_api_V1.0.py","83","2026-07-22 21:53:26"
"E:\FOOTBALL_V\20_DASHBOARD_LAYER\dashboard.py","243","2026-07-22 22:53:45"
"E:\FOOTBALL_V\20_DASHBOARD_LAYER\module.py","190","2026-07-22 22:57:42"
"E:\FOOTBALL_V\20_DASHBOARD_LAYER\dashboard_core\dashboard_core_V1.0.py","100","2026-07-22 21:52:07"
"E:\FOOTBALL_V\20_DASHBOARD_LAYER\market_dashboard\market_dashboard_V1.0.py","89","2026-07-22 21:53:26"
"E:\FOOTBALL_V\20_DASHBOARD_LAYER\model_dashboard\model_dashboard_V1.0.py","88","2026-07-22 21:53:26"
"E:\FOOTBALL_V\20_DASHBOARD_LAYER\prediction_dashboard\prediction_dashboard_V1.0.py","106","2026-07-22 21:52:07"
"E:\FOOTBALL_V\20_DASHBOARD_LAYER\probability_dashboard\probability_dashboard_V1.0.py","94","2026-07-22 21:53:26"
"E:\FOOTBALL_V\20_DASHBOARD_LAYER\report_dashboard\report_dashboard_V1.0.py","89","2026-07-22 21:53:26"
"E:\FOOTBALL_V\21_PRODUCT_PACKAGE\module.py","224","2026-07-22 22:57:42"
"E:\FOOTBALL_V\21_PRODUCT_PACKAGE\startup.py","243","2026-07-22 22:53:45"
"E:\FOOTBALL_V\21_PRODUCT_PACKAGE\version.json","60","2026-07-22 22:53:45"
"E:\FOOTBALL_V\21_PRODUCT_PACKAGE\documentation\README.md","21","2026-07-22 22:53:45"
"E:\FOOTBALL_V\21_PRODUCT_PACKAGE\environment_checker\environment_checker_V1.0.py","92","2026-07-22 21:53:26"
"E:\FOOTBALL_V\21_PRODUCT_PACKAGE\installer\installer_V1.0.py","103","2026-07-22 21:52:07"
"E:\FOOTBALL_V\21_PRODUCT_PACKAGE\package_builder\package_builder_V1.0.py","88","2026-07-22 21:53:26"
"E:\FOOTBALL_V\21_PRODUCT_PACKAGE\release_manager\release_manager_V1.0.py","101","2026-07-22 21:52:07"
"E:\FOOTBALL_V\21_PRODUCT_PACKAGE\update_manager\update_manager_V1.0.py","87","2026-07-22 21:53:26"
"E:\FOOTBALL_V\21_PRODUCT_PACKAGE\version_registry\version_registry_V1.0.py","89","2026-07-22 21:53:26"
"E:\FOOTBALL_V\22_AI_FEATURE_STORE_LAYER\feature_builder.py","151","2026-07-22 23:16:58"
"E:\FOOTBALL_V\22_AI_FEATURE_STORE_LAYER\feature_pipeline.py","152","2026-07-22 23:16:58"
"E:\FOOTBALL_V\22_AI_FEATURE_STORE_LAYER\feature_registry.py","152","2026-07-22 23:16:58"
"E:\FOOTBALL_V\22_AI_FEATURE_STORE_LAYER\module.py","142","2026-07-22 23:16:58"
"E:\FOOTBALL_V\23_MODEL_TRAINING_ENGINE\dixon_coles_trainer.py","154","2026-07-22 23:16:58"
"E:\FOOTBALL_V\23_MODEL_TRAINING_ENGINE\elo_trainer.py","146","2026-07-22 23:16:58"
"E:\FOOTBALL_V\23_MODEL_TRAINING_ENGINE\fusion_trainer.py","149","2026-07-22 23:16:58"
"E:\FOOTBALL_V\23_MODEL_TRAINING_ENGINE\module.py","141","2026-07-22 23:16:58"
"E:\FOOTBALL_V\23_MODEL_TRAINING_ENGINE\poisson_trainer.py","150","2026-07-22 23:16:58"
"E:\FOOTBALL_V\23_MODEL_TRAINING_ENGINE\xgboost_trainer.py","150","2026-07-22 23:16:58"
"E:\FOOTBALL_V\23_MODEL_TRAINING_ENGINE\backtest_connector\backtest_connector_V2.0.py","145","2026-07-22 23:35:57"
"E:\FOOTBALL_V\23_MODEL_TRAINING_ENGINE\dataset_manager\dataset_manager_V2.0.py","178","2026-07-22 23:35:57"
"E:\FOOTBALL_V\23_MODEL_TRAINING_ENGINE\evaluation_engine\evaluation_engine_V2.0.py","141","2026-07-22 23:35:57"
"E:\FOOTBALL_V\23_MODEL_TRAINING_ENGINE\feature_loader\feature_loader_V2.0.py","134","2026-07-22 23:35:57"
"E:\FOOTBALL_V\23_MODEL_TRAINING_ENGINE\model_trainer\model_trainer_V2.0.py","146","2026-07-22 23:35:57"
"E:\FOOTBALL_V\23_MODEL_TRAINING_ENGINE\registry\model_version_registry.json","195","2026-07-22 23:35:57"
"E:\FOOTBALL_V\23_MODEL_TRAINING_ENGINE\reports\training_engine_activation_report.json","115","2026-07-22 23:35:57"
"E:\FOOTBALL_V\23_MODEL_TRAINING_ENGINE\tests\test_training_engine_V2.0.py","164","2026-07-22 23:35:57"
"E:\FOOTBALL_V\23_MODEL_TRAINING_ENGINE\training_pipeline\training_pipeline_V2.0.py","145","2026-07-22 23:35:57"
"E:\FOOTBALL_V\24_PREDICTION_INTELLIGENCE_LAYER\handicap_engine.py","158","2026-07-22 23:16:58"
"E:\FOOTBALL_V\24_PREDICTION_INTELLIGENCE_LAYER\kelly_optimizer.py","158","2026-07-22 23:16:58"
"E:\FOOTBALL_V\24_PREDICTION_INTELLIGENCE_LAYER\market_risk_engine.py","161","2026-07-22 23:16:58"
"E:\FOOTBALL_V\24_PREDICTION_INTELLIGENCE_LAYER\module.py","149","2026-07-22 23:16:58"
"E:\FOOTBALL_V\24_PREDICTION_INTELLIGENCE_LAYER\probability_engine.py","161","2026-07-22 23:16:58"
"E:\FOOTBALL_V\24_PREDICTION_INTELLIGENCE_LAYER\score_prediction_engine.py","166","2026-07-22 23:16:58"
"E:\FOOTBALL_V\24_PREDICTION_INTELLIGENCE_LAYER\market_intelligence\capital_flow_detector.py","104","2026-07-22 23:37:58"
"E:\FOOTBALL_V\24_PREDICTION_INTELLIGENCE_LAYER\market_intelligence\market_sentiment_engine.py","144","2026-07-22 23:37:58"
"E:\FOOTBALL_V\24_PREDICTION_INTELLIGENCE_LAYER\market_intelligence\odds_tracker.py","95","2026-07-22 23:37:58"
"E:\FOOTBALL_V\24_PREDICTION_INTELLIGENCE_LAYER\output_engine\prediction_report.py","101","2026-07-22 23:37:58"
"E:\FOOTBALL_V\24_PREDICTION_INTELLIGENCE_LAYER\output_engine\risk_filter.py","94","2026-07-22 23:37:58"
"E:\FOOTBALL_V\24_PREDICTION_INTELLIGENCE_LAYER\prediction_core\predictor.py","180","2026-07-22 23:34:21"
"E:\FOOTBALL_V\24_PREDICTION_INTELLIGENCE_LAYER\prediction_models\dixon_coles_predictor.py","121","2026-07-22 23:34:21"
"E:\FOOTBALL_V\24_PREDICTION_INTELLIGENCE_LAYER\prediction_models\elo_predictor.py","106","2026-07-22 23:34:21"
"E:\FOOTBALL_V\24_PREDICTION_INTELLIGENCE_LAYER\prediction_models\poisson_predictor.py","114","2026-07-22 23:34:21"
"E:\FOOTBALL_V\24_PREDICTION_INTELLIGENCE_LAYER\prediction_models\xgboost_predictor.py","114","2026-07-22 23:34:21"
"E:\FOOTBALL_V\24_PREDICTION_INTELLIGENCE_LAYER\prediction_pipeline\feature_pipeline.py","97","2026-07-22 23:34:21"
"E:\FOOTBALL_V\24_PREDICTION_INTELLIGENCE_LAYER\prediction_pipeline\prediction_pipeline.py","139","2026-07-22 23:34:21"
"E:\FOOTBALL_V\24_PREDICTION_INTELLIGENCE_LAYER\registry\prediction_registry.json","94","2026-07-22 23:34:21"
"E:\FOOTBALL_V\24_PREDICTION_INTELLIGENCE_LAYER\reports\prediction_activation_report.json","117","2026-07-22 23:34:21"
"E:\FOOTBALL_V\24_PREDICTION_INTELLIGENCE_LAYER\tests\test_prediction_engine_V2.0.py","148","2026-07-22 23:34:21"
"E:\FOOTBALL_V\25_BACKTEST_ENGINE\historical_runner.py","146","2026-07-22 23:16:58"
"E:\FOOTBALL_V\25_BACKTEST_ENGINE\module.py","135","2026-07-22 23:16:58"
"E:\FOOTBALL_V\25_BACKTEST_ENGINE\performance_report.py","147","2026-07-22 23:16:58"
"E:\FOOTBALL_V\25_BACKTEST_ENGINE\roi_calculator.py","143","2026-07-22 23:16:58"
"E:\FOOTBALL_V\25_BACKTEST_ENGINE\backtest_pipeline\backtest_pipeline_V2.0.py","136","2026-07-22 23:37:58"
"E:\FOOTBALL_V\25_BACKTEST_ENGINE\data_split_engine\data_split_engine_V2.0.py","212","2026-07-22 23:37:58"
"E:\FOOTBALL_V\25_BACKTEST_ENGINE\historical_runner\historical_runner_V2.0.py","136","2026-07-22 23:37:58"
"E:\FOOTBALL_V\25_BACKTEST_ENGINE\kelly_analyzer\kelly_analyzer_V2.0.py","137","2026-07-22 23:37:58"
"E:\FOOTBALL_V\25_BACKTEST_ENGINE\registry\backtest_registry.json","74","2026-07-22 23:37:58"
"E:\FOOTBALL_V\25_BACKTEST_ENGINE\reports\backtest_activation_report.json","78","2026-07-22 23:37:58"
"E:\FOOTBALL_V\25_BACKTEST_ENGINE\roi_calculator\roi_calculator_V2.0.py","98","2026-07-22 23:37:58"
"E:\FOOTBALL_V\26_AUTOMATION_LAYER\data_scheduler.py","144","2026-07-22 23:16:58"
"E:\FOOTBALL_V\26_AUTOMATION_LAYER\model_scheduler.py","145","2026-07-22 23:16:58"
"E:\FOOTBALL_V\26_AUTOMATION_LAYER\module.py","136","2026-07-22 23:16:58"
"E:\FOOTBALL_V\26_AUTOMATION_LAYER\monitoring_engine.py","147","2026-07-22 23:16:58"
"E:\FOOTBALL_V\26_AUTOMATION_LAYER\data_refresh\data_refresh_V2.0.py","97","2026-07-22 23:37:58"
"E:\FOOTBALL_V\26_AUTOMATION_LAYER\prediction_job\prediction_job_V2.0.py","99","2026-07-22 23:37:58"
"E:\FOOTBALL_V\26_AUTOMATION_LAYER\registry\automation_registry.json","75","2026-07-22 23:37:58"
"E:\FOOTBALL_V\26_AUTOMATION_LAYER\reports\automation_activation_report.json","73","2026-07-22 23:37:58"
"E:\FOOTBALL_V\26_AUTOMATION_LAYER\report_generator\report_generator_V2.0.py","102","2026-07-22 23:37:58"
"E:\FOOTBALL_V\26_AUTOMATION_LAYER\scheduler\scheduler_V2.0.py","91","2026-07-22 23:37:58"
"E:\FOOTBALL_V\27_MODEL_FUSION_ENGINE\confidence_engine.py","97","2026-07-22 23:39:59"
"E:\FOOTBALL_V\27_MODEL_FUSION_ENGINE\fusion_engine_V2.1.py","178","2026-07-22 23:39:59"
"E:\FOOTBALL_V\27_MODEL_FUSION_ENGINE\model_weight_engine.py","228","2026-07-22 23:39:59"
"E:\FOOTBALL_V\27_MODEL_FUSION_ENGINE\registry\27_MODEL_FUSION_ENGINE_registry.json","94","2026-07-22 23:41:41"
"E:\FOOTBALL_V\27_MODEL_FUSION_ENGINE\registry\fusion_registry.json","78","2026-07-22 23:39:59"
"E:\FOOTBALL_V\28_PROBABILITY_CALIBRATION_ENGINE\calibration_engine.py","142","2026-07-22 23:39:59"
"E:\FOOTBALL_V\28_PROBABILITY_CALIBRATION_ENGINE\odds_calibrator.py","96","2026-07-22 23:39:59"
"E:\FOOTBALL_V\28_PROBABILITY_CALIBRATION_ENGINE\registry\28_PROBABILITY_CALIBRATION_ENGINE_registry.json","105","2026-07-22 23:41:41"
"E:\FOOTBALL_V\28_PROBABILITY_CALIBRATION_ENGINE\registry\calibration_registry.json","63","2026-07-22 23:39:59"
"E:\FOOTBALL_V\29_DECISION_ENGINE\decision_engine.py","141","2026-07-22 23:39:59"
"E:\FOOTBALL_V\29_DECISION_ENGINE\kelly_decision.py","98","2026-07-22 23:39:59"
"E:\FOOTBALL_V\29_DECISION_ENGINE\registry\29_DECISION_ENGINE_registry.json","90","2026-07-22 23:41:41"
"E:\FOOTBALL_V\29_DECISION_ENGINE\registry\decision_registry.json","55","2026-07-22 23:39:59"
"E:\FOOTBALL_V\30_MARKET_GAME_ENGINE\capital_flow.py","96","2026-07-22 23:39:59"
"E:\FOOTBALL_V\30_MARKET_GAME_ENGINE\market_engine.py","135","2026-07-22 23:39:59"
"E:\FOOTBALL_V\30_MARKET_GAME_ENGINE\registry\30_MARKET_GAME_ENGINE_registry.json","93","2026-07-22 23:41:41"
"E:\FOOTBALL_V\30_MARKET_GAME_ENGINE\registry\market_registry.json","58","2026-07-22 23:39:59"
"E:\FOOTBALL_V\31_SELF_LEARNING_ENGINE\feedback_engine.py","98","2026-07-22 23:39:59"
"E:\FOOTBALL_V\31_SELF_LEARNING_ENGINE\model_update_engine.py","96","2026-07-22 23:39:59"
"E:\FOOTBALL_V\31_SELF_LEARNING_ENGINE\registry\learning_registry.json","53","2026-07-22 23:39:59"
"E:\FOOTBALL_V\32_PRODUCTION_ORCHESTRATOR\pipeline_controller.py","102","2026-07-22 23:39:59"
"E:\FOOTBALL_V\32_PRODUCTION_ORCHESTRATOR\production_runner.py","136","2026-07-22 23:39:59"
"E:\FOOTBALL_V\32_PRODUCTION_ORCHESTRATOR\registry\32_PRODUCTION_ORCHESTRATOR_registry.json","98","2026-07-22 23:41:41"
"E:\FOOTBALL_V\32_PRODUCTION_ORCHESTRATOR\registry\production_registry.json","63","2026-07-22 23:39:59"
"E:\FOOTBALL_V\37_MODEL_INTELLIGENCE_CONNECTOR\dixon_coles_loader.py","128","2026-07-22 23:44:42"
"E:\FOOTBALL_V\37_MODEL_INTELLIGENCE_CONNECTOR\registry\37_MODEL_INTELLIGENCE_CONNECTOR_registry.json","101","2026-07-22 23:44:42"
"E:\FOOTBALL_V\38_HANDICAP_VALUE_ENGINE\registry\38_HANDICAP_VALUE_ENGINE_registry.json","94","2026-07-22 23:44:42"
"E:\FOOTBALL_V\39_MARKET_SENTIMENT_ENGINE\registry\39_MARKET_SENTIMENT_ENGINE_registry.json","96","2026-07-22 23:44:42"
"E:\FOOTBALL_V\40_MATCH_PREDICTION_ENGINE\registry\40_MATCH_PREDICTION_ENGINE_registry.json","96","2026-07-22 23:44:42"
"E:\FOOTBALL_V\40_MODEL_TRAINING_PIPELINE\config\training_config_V4.0.json","831","2026-07-23 14:41:47"
"E:\FOOTBALL_V\40_MODEL_TRAINING_PIPELINE\reports\TRAINING_EXECUTION_STATUS_V4.0.json","691","2026-07-23 14:48:37"
"E:\FOOTBALL_V\40_MODEL_TRAINING_PIPELINE\trainer\dixon_coles_trainer_V4.0.py","256","2026-07-23 14:44:59"
"E:\FOOTBALL_V\40_MODEL_TRAINING_PIPELINE\trainer\elo_trainer_V4.0.py","1617","2026-07-23 14:57:46"
"E:\FOOTBALL_V\40_MODEL_TRAINING_PIPELINE\trainer\fusion_trainer_V4.0.py","249","2026-07-23 14:44:59"
"E:\FOOTBALL_V\40_MODEL_TRAINING_PIPELINE\trainer\poisson_trainer_V4.0.py","248","2026-07-23 14:44:59"
"E:\FOOTBALL_V\40_MODEL_TRAINING_PIPELINE\trainer\train_all_models_V4.0.json","280","2026-07-23 14:44:59"
"E:\FOOTBALL_V\40_MODEL_TRAINING_PIPELINE\trainer\train_all_models_V4.0.py","1872","2026-07-23 14:48:37"
"E:\FOOTBALL_V\40_MODEL_TRAINING_PIPELINE\trainer\xgboost_trainer_V4.0.py","248","2026-07-23 14:44:59"
"E:\FOOTBALL_V\41_MATCH_INPUT_SERVICE\lineup_input.py","189","2026-07-22 23:50:58"
"E:\FOOTBALL_V\42_REAL_FEATURE_GENERATOR\feature_builder.py","198","2026-07-22 23:50:58"
"E:\FOOTBALL_V\42_REAL_FEATURE_GENERATOR\feature_registry.json","96","2026-07-22 23:50:58"
"E:\FOOTBALL_V\43_AI_PREDICTION_REPORT_ENGINE\module.py","212","2026-07-22 23:50:58"
"E:\FOOTBALL_V\44_PRODUCTION_PREDICTION_RUNTIME\module.py","219","2026-07-22 23:50:58"
"E:\FOOTBALL_V\44_PRODUCTION_PREDICTION_RUNTIME\production_registry.json","103","2026-07-22 23:50:58"
"E:\FOOTBALL_V\44_REAL_DATA_CONNECTOR\football_db_connector.py","26","2026-07-23 00:01:09"
"E:\FOOTBALL_V\49_LIVE_PREDICTION_ENGINE\live_predictor.py","26","2026-07-23 00:02:43"
"E:\FOOTBALL_V\50_MODEL_REGISTRY\models\elo_model_V4.0.json","146","2026-07-23 14:57:48"
"E:\FOOTBALL_V\53_REAL_MATCH_QUERY_ENGINE\database_reader.py","42","2026-07-23 00:05:09"
"E:\FOOTBALL_V\58_REAL_PREDICTION_CONTROLLER\match_scheduler.py","34","2026-07-23 00:06:29"
"E:\FOOTBALL_V\63_REAL_MATCH_EXECUTION_ENGINE\execution_controller.py","34","2026-07-23 00:07:56"
"E:\FOOTBALL_V\68_MATCH_REQUEST_GATEWAY\match_request.py","26","2026-07-23 00:12:06"
"E:\FOOTBALL_V\68_REAL_ODDS_CONNECTOR\module.py","39","2026-07-23 00:13:12"
"E:\FOOTBALL_V\69_LIVE_MATCH_FEATURE_ENGINE\module.py","45","2026-07-23 00:13:12"
"E:\FOOTBALL_V\70_AI_PREDICTION_CORE\module.py","38","2026-07-23 00:13:12"
"E:\FOOTBALL_V\71_SCORE_PROBABILITY_ENGINE\module.py","44","2026-07-23 00:13:12"
"E:\FOOTBALL_V\72_HANDICAP_DECISION_ENGINE\module.py","44","2026-07-23 00:13:12"
"E:\FOOTBALL_V\73_MARKET_GAME_ANALYSIS_ENGINE\module.py","47","2026-07-23 00:13:12"
"E:\FOOTBALL_V\74_FINAL_MATCH_ADVISOR\module.py","39","2026-07-23 00:13:12"
"E:\FOOTBALL_V\75_AUTO_LEARNING_FEEDBACK\module.py","42","2026-07-23 00:13:12"
"E:\FOOTBALL_V\76_MODEL_FEATURE_INTEGRATION\module.py","47","2026-07-23 00:14:16"
"E:\FOOTBALL_V\77_ELO_RUNTIME_ENGINE\module.py","40","2026-07-23 00:14:16"
"E:\FOOTBALL_V\78_DIXON_COLES_RUNTIME_ENGINE\module.py","48","2026-07-23 00:14:16"
"E:\FOOTBALL_V\79_POISSON_RUNTIME_ENGINE\module.py","44","2026-07-23 00:14:16"
"E:\FOOTBALL_V\80_XGBOOST_RUNTIME_ENGINE\module.py","44","2026-07-23 00:14:16"
"E:\FOOTBALL_V\81_MODEL_FUSION_PREDICTOR\module.py","44","2026-07-23 00:14:16"
"E:\FOOTBALL_V\82_PROBABILITY_CALIBRATION_RUNTIME\module.py","53","2026-07-23 00:14:16"
"E:\FOOTBALL_V\83_VALUE_BET_ENGINE\module.py","38","2026-07-23 00:14:16"
"E:\FOOTBALL_V\84_KELLY_OPTIMIZATION_ENGINE\module.py","47","2026-07-23 00:14:16"
"E:\FOOTBALL_V\85_FINAL_DECISION_ENGINE\module.py","43","2026-07-23 00:14:16"
"E:\FOOTBALL_V\86_REAL_TIME_ODDS_ENGINE\module.py","41","2026-07-23 00:15:17"
"E:\FOOTBALL_V\87_MARKET_MOVEMENT_ANALYZER\module.py","44","2026-07-23 00:15:17"
"E:\FOOTBALL_V\87_MATCH_CONTEXT_ENGINE\module.py","40","2026-07-23 00:16:15"
"E:\FOOTBALL_V\88_HANDICAP_PREDICTION_ENGINE\module.py","46","2026-07-23 00:15:17"
"E:\FOOTBALL_V\88_TEAM_STRENGTH_DYNAMIC_ENGINE\module.py","48","2026-07-23 00:16:15"
"E:\FOOTBALL_V\89_PLAYER_IMPACT_ENGINE\module.py","40","2026-07-23 00:16:15"
"E:\FOOTBALL_V\89_SCORE_SIMULATION_ENGINE\module.py","43","2026-07-23 00:15:17"
"E:\FOOTBALL_V\90_AI_MATCH_SELECTION_ENGINE\module.py","45","2026-07-23 00:15:17"
"E:\FOOTBALL_V\90_FATIGUE_ANALYSIS_ENGINE\module.py","43","2026-07-23 00:16:15"
"E:\FOOTBALL_V\91_CONFIDENCE_RANKING_ENGINE\module.py","45","2026-07-23 00:15:17"
"E:\FOOTBALL_V\91_FORM_TREND_ENGINE\module.py","37","2026-07-23 00:16:15"
"E:\FOOTBALL_V\92_MARKET_EMOTION_ENGINE\module.py","41","2026-07-23 00:16:15"
"E:\FOOTBALL_V\92_RISK_CONTROL_ENGINE\module.py","39","2026-07-23 00:15:17"
"E:\FOOTBALL_V\93_CAPITAL_FLOW_ENGINE\module.py","39","2026-07-23 00:16:15"
"E:\FOOTBALL_V\93_PORTFOLIO_BET_ENGINE\module.py","40","2026-07-23 00:15:17"
"E:\FOOTBALL_V\94_HANDICAP_PENETRATION_ENGINE\module.py","47","2026-07-23 00:16:15"
"E:\FOOTBALL_V\94_MATCH_REVIEW_ENGINE\module.py","39","2026-07-23 00:15:17"
"E:\FOOTBALL_V\95_MODEL_FEEDBACK_ENGINE\module.py","41","2026-07-23 00:15:17"
"E:\FOOTBALL_V\96_AI_PREDICTION_ORCHESTRATOR\module.py","46","2026-07-23 00:16:15"
"E:\FOOTBALL_V\96_MATCH_FEATURE_STORE\module.py","42","2026-07-23 00:17:05"
"E:\FOOTBALL_V\97_FINAL_MATCH_FORECAST_ENGINE\module.py","47","2026-07-23 00:16:15"
"E:\FOOTBALL_V\97_MODEL_WEIGHT_OPTIMIZER\module.py","45","2026-07-23 00:17:05"
"E:\FOOTBALL_V\97_TESTS\full_system_validation_V2.1.py","213","2026-07-22 23:39:59"
"E:\FOOTBALL_V\97_TESTS\system_integration_test_V2.0.py","202","2026-07-22 23:37:58"
"E:\FOOTBALL_V\97_TESTS\integration_test\run_integration_test_V1.5.py","1554","2026-07-22 23:04:02"
"E:\FOOTBALL_V\98_AI_DECISION_REPORT_ENGINE\module.py","45","2026-07-23 00:16:15"
"E:\FOOTBALL_V\98_PREDICTION_CONFIDENCE_ENGINE\module.py","51","2026-07-23 00:17:05"
"E:\FOOTBALL_V\99_AI_RISK_CONTROL_ENGINE\module.py","45","2026-07-23 00:17:05"
"E:\FOOTBALL_V\99_DOCUMENTATION\project_tree_snapshot.txt","18564","2026-07-19 22:51:32"
"E:\FOOTBALL_V\99_DOCUMENTATION\architecture\Core_Service_Upgrade_Process_V1.0.md","6241","2026-07-20 10:41:20"
"E:\FOOTBALL_V\99_DOCUMENTATION\architecture\Football_AI_OS_Development_Roadmap_V1.2.md","5799","2026-07-20 15:58:31"
"E:\FOOTBALL_V\99_DOCUMENTATION\architecture\Football_AI_OS_Enterprise_Architecture_V1.1.md","3220","2026-07-19 22:54:58"
"E:\FOOTBALL_V\99_DOCUMENTATION\architecture\Validator Integration Upgrade Plan V1.0.txt","3897","2026-07-20 12:15:28"
"E:\FOOTBALL_V\99_DOCUMENTATION\architecture_cleanup\checkpoint_after_cleanup_V1.3.json","201","2026-07-23 13:23:30"
"E:\FOOTBALL_V\99_DOCUMENTATION\architecture_cleanup\checkpoint_after_delete_V1.9.json","168","2026-07-23 13:36:56"
"E:\FOOTBALL_V\99_DOCUMENTATION\architecture_cleanup\checkpoint_before_cleanup_V1.2.json","189","2026-07-23 13:21:47"
"E:\FOOTBALL_V\99_DOCUMENTATION\architecture_cleanup\checkpoint_before_consolidation_V1.4.json","199","2026-07-23 13:24:46"
"E:\FOOTBALL_V\99_DOCUMENTATION\architecture_cleanup\cleanup_plan_V1.2.json","346","2026-07-23 13:20:51"
"E:\FOOTBALL_V\99_DOCUMENTATION\architecture_cleanup\consolidation_plan_V1.4.json","890","2026-07-23 13:24:46"
"E:\FOOTBALL_V\99_DOCUMENTATION\architecture_cleanup\deprecated_list_V1.2.json","82","2026-07-23 13:20:51"
"E:\FOOTBALL_V\99_DOCUMENTATION\architecture_cleanup\migration_map_V1.2.json","114","2026-07-23 13:20:51"
"E:\FOOTBALL_V\99_DOCUMENTATION\architecture_cleanup\CONSOLIDATION_V1.6\checkpoint_before_consolidation_V1.6.json","154","2026-07-23 13:34:05"
"E:\FOOTBALL_V\99_DOCUMENTATION\architecture_cleanup\CONSOLIDATION_V1.6\consolidation_execution_report_V1.6.json","382","2026-07-23 13:34:05"
"E:\FOOTBALL_V\99_DOCUMENTATION\architecture_cleanup\CONSOLIDATION_V1.6\consolidation_plan_V1.6.json","555","2026-07-23 13:34:05"
"E:\FOOTBALL_V\99_DOCUMENTATION\architecture_cleanup\CONSOLIDATION_V1.6\dependency_redirect_map_V1.6.json","273","2026-07-23 13:34:05"
"E:\FOOTBALL_V\99_DOCUMENTATION\architecture_cleanup\dependency_migration_V1.5\checkpoint_dependency_V1.5.json","215","2026-07-23 13:31:56"
"E:\FOOTBALL_V\99_DOCUMENTATION\architecture_cleanup\dependency_migration_V1.5\dependency_graph_V1.5.json","224421","2026-07-23 13:31:56"
"E:\FOOTBALL_V\99_DOCUMENTATION\architecture_cleanup\dependency_migration_V1.5\dependency_migration_report_V1.5.json","390","2026-07-23 13:31:56"
"E:\FOOTBALL_V\99_DOCUMENTATION\architecture_cleanup\dependency_migration_V1.5\migration_execution_plan_V1.5.json","281","2026-07-23 13:31:56"
"E:\FOOTBALL_V\99_DOCUMENTATION\architecture_cleanup\DEPRECATED_ARCHIVE_V1.7\checkpoint_after_archive_V1.7.json","160","2026-07-23 13:34:50"
"E:\FOOTBALL_V\99_DOCUMENTATION\architecture_cleanup\DEPRECATED_ARCHIVE_V1.7\checkpoint_before_archive_V1.7.json","129","2026-07-23 13:34:50"
"E:\FOOTBALL_V\99_DOCUMENTATION\architecture_cleanup\DEPRECATED_ARCHIVE_V1.7\reports\deprecated_move_report_V1.7.json","343","2026-07-23 13:34:50"
"E:\FOOTBALL_V\99_DOCUMENTATION\architecture_cleanup\FINAL_CLEANUP_V2.0\before_cleanup_checkpoint.json","143","2026-07-23 13:46:36"
"E:\FOOTBALL_V\99_DOCUMENTATION\architecture_cleanup\FINAL_CLEANUP_V2.0\deleted_duplicate_modules.json","48","2026-07-23 13:46:36"
"E:\FOOTBALL_V\99_DOCUMENTATION\architecture_cleanup\FINAL_CLEANUP_V2.0\final_duplicate_scan_report.json","222","2026-07-23 13:46:36"
"E:\FOOTBALL_V\99_DOCUMENTATION\architecture_cleanup\FINAL_CLEANUP_V2.0\migration_execution_report.json","95","2026-07-23 13:46:36"
"E:\FOOTBALL_V\99_DOCUMENTATION\architecture_cleanup\FINAL_CLEANUP_V2.1\architecture_whitelist_V2.1.json","4254","2026-07-23 13:49:01"
"E:\FOOTBALL_V\99_DOCUMENTATION\architecture_cleanup\FINAL_CLEANUP_V2.1\cleanup_complete_checkpoint_V2.1.json","280","2026-07-23 13:49:01"
"E:\FOOTBALL_V\99_DOCUMENTATION\architecture_cleanup\FINAL_CLEANUP_V2.1\final_duplicate_scan_V2.1.json","29940","2026-07-23 13:49:01"
"E:\FOOTBALL_V\99_DOCUMENTATION\architecture_cleanup\FINAL_CLEANUP_V3.0\cleanup_report_V3.0.json","205","2026-07-23 13:58:01"
"E:\FOOTBALL_V\99_DOCUMENTATION\architecture_cleanup\FINAL_CLEANUP_V3.0\DEPRECATED_ARCHIVE\analysis_report.py","26","2026-07-23 00:01:09"
"E:\FOOTBALL_V\99_DOCUMENTATION\architecture_cleanup\FINAL_CLEANUP_V3.0\DEPRECATED_ARCHIVE\base_exception.py","425","2026-07-20 14:00:50"
"E:\FOOTBALL_V\99_DOCUMENTATION\architecture_cleanup\FINAL_CLEANUP_V3.0\DEPRECATED_ARCHIVE\capital_detector.py","128","2026-07-22 23:44:42"
"E:\FOOTBALL_V\99_DOCUMENTATION\architecture_cleanup\FINAL_CLEANUP_V3.0\DEPRECATED_ARCHIVE\command_parser.py","76","2026-07-23 09:44:09"
"E:\FOOTBALL_V\99_DOCUMENTATION\architecture_cleanup\FINAL_CLEANUP_V3.0\DEPRECATED_ARCHIVE\compare_engine.py","34","2026-07-23 00:07:56"
"E:\FOOTBALL_V\99_DOCUMENTATION\architecture_cleanup\FINAL_CLEANUP_V3.0\DEPRECATED_ARCHIVE\compatibility.py","435","2026-07-20 10:52:40"
"E:\FOOTBALL_V\99_DOCUMENTATION\architecture_cleanup\FINAL_CLEANUP_V3.0\DEPRECATED_ARCHIVE\conversation_manager.py","76","2026-07-23 09:44:09"
"E:\FOOTBALL_V\99_DOCUMENTATION\architecture_cleanup\FINAL_CLEANUP_V3.0\DEPRECATED_ARCHIVE\database_exception.py","246","2026-07-20 14:00:50"
"E:\FOOTBALL_V\99_DOCUMENTATION\architecture_cleanup\FINAL_CLEANUP_V3.0\DEPRECATED_ARCHIVE\database_governance_engine.py","263","2026-07-22 22:53:45"
"E:\FOOTBALL_V\99_DOCUMENTATION\architecture_cleanup\FINAL_CLEANUP_V3.0\DEPRECATED_ARCHIVE\data_lineage_engine.py","263","2026-07-22 22:53:45"
"E:\FOOTBALL_V\99_DOCUMENTATION\architecture_cleanup\FINAL_CLEANUP_V3.0\DEPRECATED_ARCHIVE\data_quality_engine.py","263","2026-07-22 22:53:45"
"E:\FOOTBALL_V\99_DOCUMENTATION\architecture_cleanup\FINAL_CLEANUP_V3.0\DEPRECATED_ARCHIVE\data_status.py","0","2026-07-20 17:41:47"
"E:\FOOTBALL_V\99_DOCUMENTATION\architecture_cleanup\FINAL_CLEANUP_V3.0\DEPRECATED_ARCHIVE\data_validator.py","1921","2026-07-20 12:39:09"
"E:\FOOTBALL_V\99_DOCUMENTATION\architecture_cleanup\FINAL_CLEANUP_V3.0\DEPRECATED_ARCHIVE\db_connection.py","1769","2026-07-20 13:34:37"
"E:\FOOTBALL_V\99_DOCUMENTATION\architecture_cleanup\FINAL_CLEANUP_V3.0\DEPRECATED_ARCHIVE\elo_loader.py","128","2026-07-22 23:44:42"
"E:\FOOTBALL_V\99_DOCUMENTATION\architecture_cleanup\FINAL_CLEANUP_V3.0\DEPRECATED_ARCHIVE\error_codes.py","253","2026-07-20 13:26:40"
"E:\FOOTBALL_V\99_DOCUMENTATION\architecture_cleanup\FINAL_CLEANUP_V3.0\DEPRECATED_ARCHIVE\exception_handler.py","253","2026-07-20 13:26:40"
"E:\FOOTBALL_V\99_DOCUMENTATION\architecture_cleanup\FINAL_CLEANUP_V3.0\DEPRECATED_ARCHIVE\execution_controller.py","26","2026-07-23 00:12:06"
"E:\FOOTBALL_V\99_DOCUMENTATION\architecture_cleanup\FINAL_CLEANUP_V3.0\DEPRECATED_ARCHIVE\feature_builder.py","42","2026-07-23 00:05:09"
"E:\FOOTBALL_V\99_DOCUMENTATION\architecture_cleanup\FINAL_CLEANUP_V3.0\DEPRECATED_ARCHIVE\feature_calculator.py","26","2026-07-23 00:12:06"
"E:\FOOTBALL_V\99_DOCUMENTATION\architecture_cleanup\FINAL_CLEANUP_V3.0\DEPRECATED_ARCHIVE\feature_checker.py","26","2026-07-23 00:02:43"
"E:\FOOTBALL_V\99_DOCUMENTATION\architecture_cleanup\FINAL_CLEANUP_V3.0\DEPRECATED_ARCHIVE\feature_importance.py","72","2026-07-23 00:32:29"
"E:\FOOTBALL_V\99_DOCUMENTATION\architecture_cleanup\FINAL_CLEANUP_V3.0\DEPRECATED_ARCHIVE\feature_pipeline.py","42","2026-07-23 00:05:09"
"E:\FOOTBALL_V\99_DOCUMENTATION\architecture_cleanup\FINAL_CLEANUP_V3.0\DEPRECATED_ARCHIVE\feature_processor.py","34","2026-07-23 00:07:56"
"E:\FOOTBALL_V\99_DOCUMENTATION\architecture_cleanup\FINAL_CLEANUP_V3.0\DEPRECATED_ARCHIVE\feature_registry.py","73","2026-07-23 00:32:29"
"E:\FOOTBALL_V\99_DOCUMENTATION\architecture_cleanup\FINAL_CLEANUP_V3.0\DEPRECATED_ARCHIVE\feature_runtime.py","26","2026-07-23 00:12:06"
"E:\FOOTBALL_V\99_DOCUMENTATION\architecture_cleanup\FINAL_CLEANUP_V3.0\DEPRECATED_ARCHIVE\feature_validator.py","26","2026-07-23 00:02:43"
"E:\FOOTBALL_V\99_DOCUMENTATION\architecture_cleanup\FINAL_CLEANUP_V3.0\DEPRECATED_ARCHIVE\file_exception.py","245","2026-07-20 14:00:50"
"E:\FOOTBALL_V\99_DOCUMENTATION\architecture_cleanup\FINAL_CLEANUP_V3.0\DEPRECATED_ARCHIVE\file_service.py","2430","2026-07-20 13:47:37"
"E:\FOOTBALL_V\99_DOCUMENTATION\architecture_cleanup\FINAL_CLEANUP_V3.0\DEPRECATED_ARCHIVE\final_report.py","34","2026-07-23 00:06:29"
"E:\FOOTBALL_V\99_DOCUMENTATION\architecture_cleanup\FINAL_CLEANUP_V3.0\DEPRECATED_ARCHIVE\forecast_runner.py","34","2026-07-23 00:07:56"
"E:\FOOTBALL_V\99_DOCUMENTATION\architecture_cleanup\FINAL_CLEANUP_V3.0\DEPRECATED_ARCHIVE\forecast_service.py","34","2026-07-23 00:07:56"
"E:\FOOTBALL_V\99_DOCUMENTATION\architecture_cleanup\FINAL_CLEANUP_V3.0\DEPRECATED_ARCHIVE\formatter.py","338","2026-07-19 18:14:38"
"E:\FOOTBALL_V\99_DOCUMENTATION\architecture_cleanup\FINAL_CLEANUP_V3.0\DEPRECATED_ARCHIVE\fusion_runner.py","42","2026-07-23 00:05:09"
"E:\FOOTBALL_V\99_DOCUMENTATION\architecture_cleanup\FINAL_CLEANUP_V3.0\DEPRECATED_ARCHIVE\fusion_runtime.py","34","2026-07-23 00:06:29"
"E:\FOOTBALL_V\99_DOCUMENTATION\architecture_cleanup\FINAL_CLEANUP_V3.0\DEPRECATED_ARCHIVE\handicap_value.py","128","2026-07-22 23:44:42"
"E:\FOOTBALL_V\99_DOCUMENTATION\architecture_cleanup\FINAL_CLEANUP_V3.0\DEPRECATED_ARCHIVE\handlers.py","549","2026-07-19 18:15:08"
"E:\FOOTBALL_V\99_DOCUMENTATION\architecture_cleanup\FINAL_CLEANUP_V3.0\DEPRECATED_ARCHIVE\hash_service.py","1708","2026-07-20 13:54:11"
"E:\FOOTBALL_V\99_DOCUMENTATION\architecture_cleanup\FINAL_CLEANUP_V3.0\DEPRECATED_ARCHIVE\health_monitor.py","72","2026-07-23 00:32:29"
"E:\FOOTBALL_V\99_DOCUMENTATION\architecture_cleanup\FINAL_CLEANUP_V3.0\DEPRECATED_ARCHIVE\inference_controller.py","64","2026-07-23 00:32:29"
"E:\FOOTBALL_V\99_DOCUMENTATION\architecture_cleanup\FINAL_CLEANUP_V3.0\DEPRECATED_ARCHIVE\inference_engine.py","26","2026-07-23 00:01:09"
"E:\FOOTBALL_V\99_DOCUMENTATION\architecture_cleanup\FINAL_CLEANUP_V3.0\DEPRECATED_ARCHIVE\kelly_engine.py","257","2026-07-22 22:53:45"
"E:\FOOTBALL_V\99_DOCUMENTATION\architecture_cleanup\FINAL_CLEANUP_V3.0\DEPRECATED_ARCHIVE\learning_scheduler.py","72","2026-07-23 00:32:29"
"E:\FOOTBALL_V\99_DOCUMENTATION\architecture_cleanup\FINAL_CLEANUP_V3.0\DEPRECATED_ARCHIVE\live_feature.py","34","2026-07-23 00:07:56"
"E:\FOOTBALL_V\99_DOCUMENTATION\architecture_cleanup\FINAL_CLEANUP_V3.0\DEPRECATED_ARCHIVE\logger.py","736","2026-07-19 11:02:57"
"E:\FOOTBALL_V\99_DOCUMENTATION\architecture_cleanup\FINAL_CLEANUP_V3.0\DEPRECATED_ARCHIVE\market_risk.py","34","2026-07-23 00:06:29"
"E:\FOOTBALL_V\99_DOCUMENTATION\architecture_cleanup\FINAL_CLEANUP_V3.0\DEPRECATED_ARCHIVE\market_sentiment.py","128","2026-07-22 23:44:42"
"E:\FOOTBALL_V\99_DOCUMENTATION\architecture_cleanup\FINAL_CLEANUP_V3.0\DEPRECATED_ARCHIVE\match_executor.py","34","2026-07-23 00:07:56"
"E:\FOOTBALL_V\99_DOCUMENTATION\architecture_cleanup\FINAL_CLEANUP_V3.0\DEPRECATED_ARCHIVE\match_loader.py","26","2026-07-23 00:02:43"
"E:\FOOTBALL_V\99_DOCUMENTATION\architecture_cleanup\FINAL_CLEANUP_V3.0\DEPRECATED_ARCHIVE\match_predictor.py","128","2026-07-22 23:44:42"
"E:\FOOTBALL_V\99_DOCUMENTATION\architecture_cleanup\FINAL_CLEANUP_V3.0\DEPRECATED_ARCHIVE\match_query.py","42","2026-07-23 00:05:09"
"E:\FOOTBALL_V\99_DOCUMENTATION\architecture_cleanup\FINAL_CLEANUP_V3.0\DEPRECATED_ARCHIVE\match_report.py","26","2026-07-23 00:02:43"
"E:\FOOTBALL_V\99_DOCUMENTATION\architecture_cleanup\FINAL_CLEANUP_V3.0\DEPRECATED_ARCHIVE\model_api.py","231","2026-07-22 22:53:45"
"E:\FOOTBALL_V\99_DOCUMENTATION\architecture_cleanup\FINAL_CLEANUP_V3.0\DEPRECATED_ARCHIVE\model_connector.py","128","2026-07-22 23:44:42"
"E:\FOOTBALL_V\99_DOCUMENTATION\architecture_cleanup\FINAL_CLEANUP_V3.0\DEPRECATED_ARCHIVE\model_executor.py","42","2026-07-23 00:05:09"
"E:\FOOTBALL_V\99_DOCUMENTATION\architecture_cleanup\FINAL_CLEANUP_V3.0\DEPRECATED_ARCHIVE\model_manager.py","65","2026-07-23 00:32:29"
"E:\FOOTBALL_V\99_DOCUMENTATION\architecture_cleanup\FINAL_CLEANUP_V3.0\DEPRECATED_ARCHIVE\model_registry.py","247","2026-07-22 22:53:45"
"E:\FOOTBALL_V\99_DOCUMENTATION\architecture_cleanup\FINAL_CLEANUP_V3.0\DEPRECATED_ARCHIVE\model_runner.py","42","2026-07-23 00:05:09"
"E:\FOOTBALL_V\99_DOCUMENTATION\architecture_cleanup\FINAL_CLEANUP_V3.0\DEPRECATED_ARCHIVE\model_status.py","243","2026-07-22 22:53:45"
"E:\FOOTBALL_V\99_DOCUMENTATION\architecture_cleanup\FINAL_CLEANUP_V3.0\DEPRECATED_ARCHIVE\model_update.py","72","2026-07-23 00:32:29"
"E:\FOOTBALL_V\99_DOCUMENTATION\architecture_cleanup\FINAL_CLEANUP_V3.0\DEPRECATED_ARCHIVE\model_validator.py","26","2026-07-23 00:02:43"
"E:\FOOTBALL_V\99_DOCUMENTATION\architecture_cleanup\FINAL_CLEANUP_V3.0\DEPRECATED_ARCHIVE\model_version_manager.py","247","2026-07-22 22:53:45"
"E:\FOOTBALL_V\99_DOCUMENTATION\architecture_cleanup\FINAL_CLEANUP_V3.0\DEPRECATED_ARCHIVE\model_weight_loader.py","34","2026-07-23 00:06:29"
"E:\FOOTBALL_V\99_DOCUMENTATION\architecture_cleanup\FINAL_CLEANUP_V3.0\DEPRECATED_ARCHIVE\module.py","26","2026-07-23 00:12:06"
"E:\FOOTBALL_V\99_DOCUMENTATION\architecture_cleanup\FINAL_CLEANUP_V3.0\DEPRECATED_ARCHIVE\module_router.py","76","2026-07-23 09:44:09"
"E:\FOOTBALL_V\99_DOCUMENTATION\architecture_cleanup\FINAL_CLEANUP_V3.0\DEPRECATED_ARCHIVE\odds_connector.py","26","2026-07-23 00:01:09"
"E:\FOOTBALL_V\99_DOCUMENTATION\architecture_cleanup\FINAL_CLEANUP_V3.0\DEPRECATED_ARCHIVE\odds_input.py","189","2026-07-22 23:50:58"
"E:\FOOTBALL_V\99_DOCUMENTATION\architecture_cleanup\FINAL_CLEANUP_V3.0\DEPRECATED_ARCHIVE\odds_loader.py","26","2026-07-23 00:12:06"
"E:\FOOTBALL_V\99_DOCUMENTATION\architecture_cleanup\FINAL_CLEANUP_V3.0\DEPRECATED_ARCHIVE\odds_validator.py","26","2026-07-23 00:12:06"
"E:\FOOTBALL_V\99_DOCUMENTATION\architecture_cleanup\FINAL_CLEANUP_V3.0\DEPRECATED_ARCHIVE\odds_value.py","34","2026-07-23 00:06:29"
"E:\FOOTBALL_V\99_DOCUMENTATION\architecture_cleanup\FINAL_CLEANUP_V3.0\DEPRECATED_ARCHIVE\output_dispatcher.py","64","2026-07-23 00:32:29"
"E:\FOOTBALL_V\99_DOCUMENTATION\architecture_cleanup\FINAL_CLEANUP_V3.0\DEPRECATED_ARCHIVE\package_builder.py","69","2026-07-23 00:32:29"
"E:\FOOTBALL_V\99_DOCUMENTATION\architecture_cleanup\FINAL_CLEANUP_V3.0\DEPRECATED_ARCHIVE\performance.py","243","2026-07-22 22:53:45"
"E:\FOOTBALL_V\99_DOCUMENTATION\architecture_cleanup\FINAL_CLEANUP_V3.0\DEPRECATED_ARCHIVE\performance_compare.py","34","2026-07-23 00:07:56"
"E:\FOOTBALL_V\99_DOCUMENTATION\architecture_cleanup\FINAL_CLEANUP_V3.0\DEPRECATED_ARCHIVE\performance_monitor.py","72","2026-07-23 00:32:29"
"E:\FOOTBALL_V\99_DOCUMENTATION\architecture_cleanup\FINAL_CLEANUP_V3.0\DEPRECATED_ARCHIVE\poisson_loader.py","128","2026-07-22 23:44:42"
"E:\FOOTBALL_V\99_DOCUMENTATION\architecture_cleanup\FINAL_CLEANUP_V3.0\DEPRECATED_ARCHIVE\prediction.py","243","2026-07-22 22:53:45"
"E:\FOOTBALL_V\99_DOCUMENTATION\architecture_cleanup\FINAL_CLEANUP_V3.0\DEPRECATED_ARCHIVE\prediction_api.py","231","2026-07-22 22:53:45"
"E:\FOOTBALL_V\99_DOCUMENTATION\architecture_cleanup\FINAL_CLEANUP_V3.0\DEPRECATED_ARCHIVE\prediction_controller.py","34","2026-07-23 00:06:29"
"E:\FOOTBALL_V\99_DOCUMENTATION\architecture_cleanup\FINAL_CLEANUP_V3.0\DEPRECATED_ARCHIVE\prediction_db.py","34","2026-07-23 00:07:56"
"E:\FOOTBALL_V\99_DOCUMENTATION\architecture_cleanup\FINAL_CLEANUP_V3.0\DEPRECATED_ARCHIVE\prediction_engine.py","257","2026-07-22 22:53:45"
"E:\FOOTBALL_V\99_DOCUMENTATION\architecture_cleanup\FINAL_CLEANUP_V3.0\DEPRECATED_ARCHIVE\prediction_executor.py","26","2026-07-23 00:12:06"
"E:\FOOTBALL_V\99_DOCUMENTATION\architecture_cleanup\FINAL_CLEANUP_V3.0\DEPRECATED_ARCHIVE\prediction_monitor.py","63","2026-07-23 00:32:29"
"E:\FOOTBALL_V\99_DOCUMENTATION\architecture_cleanup\FINAL_CLEANUP_V3.0\DEPRECATED_ARCHIVE\prediction_output.py","26","2026-07-23 00:12:06"
"E:\FOOTBALL_V\99_DOCUMENTATION\architecture_cleanup\FINAL_CLEANUP_V3.0\DEPRECATED_ARCHIVE\prediction_pipeline.py","42","2026-07-23 00:05:09"
"E:\FOOTBALL_V\99_DOCUMENTATION\architecture_cleanup\FINAL_CLEANUP_V3.0\DEPRECATED_ARCHIVE\prediction_report.py","212","2026-07-22 23:50:58"
"E:\FOOTBALL_V\99_DOCUMENTATION\architecture_cleanup\FINAL_CLEANUP_V3.0\DEPRECATED_ARCHIVE\prediction_runner.py","26","2026-07-23 00:02:43"
"E:\FOOTBALL_V\99_DOCUMENTATION\architecture_cleanup\FINAL_CLEANUP_V3.0\DEPRECATED_ARCHIVE\prediction_runtime.py","26","2026-07-23 00:01:09"
"E:\FOOTBALL_V\99_DOCUMENTATION\architecture_cleanup\FINAL_CLEANUP_V3.0\DEPRECATED_ARCHIVE\prediction_storage.py","42","2026-07-23 00:05:09"
"E:\FOOTBALL_V\99_DOCUMENTATION\architecture_cleanup\FINAL_CLEANUP_V3.0\DEPRECATED_ARCHIVE\probability_checker.py","26","2026-07-23 00:02:43"
"E:\FOOTBALL_V\99_DOCUMENTATION\architecture_cleanup\FINAL_CLEANUP_V3.0\DEPRECATED_ARCHIVE\production_pipeline.py","64","2026-07-23 00:32:29"
"E:\FOOTBALL_V\99_DOCUMENTATION\architecture_cleanup\FINAL_CLEANUP_V3.0\DEPRECATED_ARCHIVE\quality__init__.py","0","2026-07-19 14:53:26"
"E:\FOOTBALL_V\99_DOCUMENTATION\architecture_cleanup\FINAL_CLEANUP_V3.0\DEPRECATED_ARCHIVE\release_checker.py","71","2026-07-23 00:32:29"
"E:\FOOTBALL_V\99_DOCUMENTATION\architecture_cleanup\FINAL_CLEANUP_V3.0\DEPRECATED_ARCHIVE\release_manager.py","69","2026-07-23 00:32:29"
"E:\FOOTBALL_V\99_DOCUMENTATION\architecture_cleanup\FINAL_CLEANUP_V3.0\DEPRECATED_ARCHIVE\report_api.py","231","2026-07-22 22:53:45"
"E:\FOOTBALL_V\99_DOCUMENTATION\architecture_cleanup\FINAL_CLEANUP_V3.0\DEPRECATED_ARCHIVE\report_exporter.py","34","2026-07-23 00:06:29"
"E:\FOOTBALL_V\99_DOCUMENTATION\architecture_cleanup\FINAL_CLEANUP_V3.0\DEPRECATED_ARCHIVE\report_generator.py","257","2026-07-22 22:53:45"
"E:\FOOTBALL_V\99_DOCUMENTATION\architecture_cleanup\FINAL_CLEANUP_V3.0\DEPRECATED_ARCHIVE\report_viewer.py","76","2026-07-23 09:44:09"
"E:\FOOTBALL_V\99_DOCUMENTATION\architecture_cleanup\FINAL_CLEANUP_V3.0\DEPRECATED_ARCHIVE\report_writer.py","26","2026-07-23 00:12:06"
"E:\FOOTBALL_V\99_DOCUMENTATION\architecture_cleanup\FINAL_CLEANUP_V3.0\DEPRECATED_ARCHIVE\request_validator.py","26","2026-07-23 00:12:06"
"E:\FOOTBALL_V\99_DOCUMENTATION\architecture_cleanup\FINAL_CLEANUP_V3.0\DEPRECATED_ARCHIVE\result_repository.py","34","2026-07-23 00:07:56"
"E:\FOOTBALL_V\99_DOCUMENTATION\architecture_cleanup\FINAL_CLEANUP_V3.0\DEPRECATED_ARCHIVE\result_writer.py","42","2026-07-23 00:05:09"
"E:\FOOTBALL_V\99_DOCUMENTATION\architecture_cleanup\FINAL_CLEANUP_V3.0\DEPRECATED_ARCHIVE\risk_analyzer.py","34","2026-07-23 00:06:29"
"E:\FOOTBALL_V\99_DOCUMENTATION\architecture_cleanup\FINAL_CLEANUP_V3.0\DEPRECATED_ARCHIVE\risk_detector.py","128","2026-07-22 23:44:42"
"E:\FOOTBALL_V\99_DOCUMENTATION\architecture_cleanup\FINAL_CLEANUP_V3.0\DEPRECATED_ARCHIVE\risk_engine.py","257","2026-07-22 22:53:45"
"E:\FOOTBALL_V\99_DOCUMENTATION\architecture_cleanup\FINAL_CLEANUP_V3.0\DEPRECATED_ARCHIVE\risk_filter.py","42","2026-07-23 00:05:09"
"E:\FOOTBALL_V\99_DOCUMENTATION\architecture_cleanup\FINAL_CLEANUP_V3.0\DEPRECATED_ARCHIVE\risk_report.py","26","2026-07-23 00:02:43"
"E:\FOOTBALL_V\99_DOCUMENTATION\architecture_cleanup\FINAL_CLEANUP_V3.0\DEPRECATED_ARCHIVE\rollback_manager.py","65","2026-07-23 00:32:29"
"E:\FOOTBALL_V\99_DOCUMENTATION\architecture_cleanup\FINAL_CLEANUP_V3.0\DEPRECATED_ARCHIVE\runtime_controller.py","26","2026-07-23 00:01:09"
"E:\FOOTBALL_V\99_DOCUMENTATION\architecture_cleanup\FINAL_CLEANUP_V3.0\DEPRECATED_ARCHIVE\runtime_engine.py","219","2026-07-22 23:50:58"
"E:\FOOTBALL_V\99_DOCUMENTATION\architecture_cleanup\FINAL_CLEANUP_V3.0\DEPRECATED_ARCHIVE\schema_validator.py","416","2026-07-20 13:17:51"
"E:\FOOTBALL_V\99_DOCUMENTATION\architecture_cleanup\FINAL_CLEANUP_V3.0\DEPRECATED_ARCHIVE\score_predictor.py","128","2026-07-22 23:44:42"
"E:\FOOTBALL_V\99_DOCUMENTATION\architecture_cleanup\FINAL_CLEANUP_V3.0\DEPRECATED_ARCHIVE\score_report.py","26","2026-07-23 00:02:43"
"E:\FOOTBALL_V\99_DOCUMENTATION\architecture_cleanup\FINAL_CLEANUP_V3.0\DEPRECATED_ARCHIVE\service_gateway.py","65","2026-07-23 00:32:29"
"E:\FOOTBALL_V\99_DOCUMENTATION\architecture_cleanup\FINAL_CLEANUP_V3.0\DEPRECATED_ARCHIVE\setup_logger_module.py","0","2026-07-19 18:26:08"
"E:\FOOTBALL_V\99_DOCUMENTATION\architecture_cleanup\FINAL_CLEANUP_V3.0\DEPRECATED_ARCHIVE\system_dashboard.py","63","2026-07-23 00:32:29"
"E:\FOOTBALL_V\99_DOCUMENTATION\architecture_cleanup\FINAL_CLEANUP_V3.0\DEPRECATED_ARCHIVE\system_registry.py","73","2026-07-23 00:32:29"
"E:\FOOTBALL_V\99_DOCUMENTATION\architecture_cleanup\FINAL_CLEANUP_V3.0\DEPRECATED_ARCHIVE\system_validator.py","71","2026-07-23 00:32:29"
"E:\FOOTBALL_V\99_DOCUMENTATION\architecture_cleanup\FINAL_CLEANUP_V3.0\DEPRECATED_ARCHIVE\task_queue_init.py","0","2026-07-19 12:42:36"
"E:\FOOTBALL_V\99_DOCUMENTATION\architecture_cleanup\FINAL_CLEANUP_V3.0\DEPRECATED_ARCHIVE\test_api.py","231","2026-07-22 22:53:45"
"E:\FOOTBALL_V\99_DOCUMENTATION\architecture_cleanup\FINAL_CLEANUP_V3.0\DEPRECATED_ARCHIVE\test_dashboard.py","243","2026-07-22 22:53:45"
"E:\FOOTBALL_V\99_DOCUMENTATION\architecture_cleanup\FINAL_CLEANUP_V3.0\DEPRECATED_ARCHIVE\test_database_governance.py","263","2026-07-22 22:53:45"
"E:\FOOTBALL_V\99_DOCUMENTATION\architecture_cleanup\FINAL_CLEANUP_V3.0\DEPRECATED_ARCHIVE\test_execution_engine.py","257","2026-07-22 22:53:45"
"E:\FOOTBALL_V\99_DOCUMENTATION\architecture_cleanup\FINAL_CLEANUP_V3.0\DEPRECATED_ARCHIVE\test_model_store.py","247","2026-07-22 22:53:45"
"E:\FOOTBALL_V\99_DOCUMENTATION\architecture_cleanup\FINAL_CLEANUP_V3.0\DEPRECATED_ARCHIVE\validation_exception.py","250","2026-07-20 14:00:50"
"E:\FOOTBALL_V\99_DOCUMENTATION\architecture_cleanup\FINAL_CLEANUP_V3.0\DEPRECATED_ARCHIVE\validation_result.py","1670","2026-07-20 12:38:05"
"E:\FOOTBALL_V\99_DOCUMENTATION\architecture_cleanup\FINAL_CLEANUP_V3.0\DEPRECATED_ARCHIVE\value_analyzer.py","34","2026-07-23 00:06:29"
"E:\FOOTBALL_V\99_DOCUMENTATION\architecture_cleanup\FINAL_CLEANUP_V3.0\DEPRECATED_ARCHIVE\value_calculator.py","128","2026-07-22 23:44:42"
"E:\FOOTBALL_V\99_DOCUMENTATION\architecture_cleanup\FINAL_CLEANUP_V3.0\DEPRECATED_ARCHIVE\version_control.py","73","2026-07-23 00:32:29"
"E:\FOOTBALL_V\99_DOCUMENTATION\architecture_cleanup\FINAL_CLEANUP_V3.0\DEPRECATED_ARCHIVE\version_service.py","1671","2026-07-20 13:56:36"
"E:\FOOTBALL_V\99_DOCUMENTATION\architecture_cleanup\FINAL_CLEANUP_V3.0\DEPRECATED_ARCHIVE\weight_storage.py","65","2026-07-23 00:32:29"
"E:\FOOTBALL_V\99_DOCUMENTATION\architecture_cleanup\FINAL_CLEANUP_V3.0\DEPRECATED_ARCHIVE\xgboost_loader.py","128","2026-07-22 23:44:42"
"E:\FOOTBALL_V\99_DOCUMENTATION\architecture_cleanup\FINAL_CLEANUP_V3.0\DEPRECATED_ARCHIVE\__init__.py","343","2026-07-20 12:37:51"
"E:\FOOTBALL_V\99_DOCUMENTATION\architecture_cleanup\FINAL_FREEZE_V4.0\dependency_redirect_map_V4.0.json","2","2026-07-23 14:00:27"
"E:\FOOTBALL_V\99_DOCUMENTATION\architecture_cleanup\FINAL_FREEZE_V4.0\final_duplicate_scan_V4.0.json","2","2026-07-23 14:00:27"
"E:\FOOTBALL_V\99_DOCUMENTATION\architecture_cleanup\FINAL_FREEZE_V4.0\FROZEN_ARCHITECTURE_CHECKPOINT_V4.0.json","304","2026-07-23 14:00:27"
"E:\FOOTBALL_V\99_DOCUMENTATION\architecture_cleanup\FINAL_VALIDATION_V1.8\checkpoint_before_delete_V1.8.json","166","2026-07-23 13:36:03"
"E:\FOOTBALL_V\99_DOCUMENTATION\architecture_cleanup\FINAL_VALIDATION_V1.8\dependency_check_V1.8.json","78","2026-07-23 13:36:03"
"E:\FOOTBALL_V\99_DOCUMENTATION\architecture_cleanup\FINAL_VALIDATION_V1.8\duplicate_after_cleanup_V1.8.json","70202","2026-07-23 13:36:03"
"E:\FOOTBALL_V\99_DOCUMENTATION\architecture_cleanup\FINAL_VALIDATION_V1.8\final_delete_plan_V1.8.json","76728","2026-07-23 13:36:03"
"E:\FOOTBALL_V\99_DOCUMENTATION\architecture_cleanup\FINAL_VALIDATION_V1.8\final_validation_report_V1.8.json","201","2026-07-23 13:36:03"
"E:\FOOTBALL_V\99_DOCUMENTATION\architecture_cleanup\reports\ARCHITECTURE_DUPLICATE_SCAN_V1.0.json","90378","2026-07-23 13:12:41"
"E:\FOOTBALL_V\99_DOCUMENTATION\architecture_cleanup\reports\CLEANUP_EXECUTION_REPORT_V1.3.json","504","2026-07-23 13:23:30"
"E:\FOOTBALL_V\99_DOCUMENTATION\architecture_cleanup\reports\MERGE_EXECUTION_REPORT_V1.0.json","102","2026-07-23 13:14:54"
"E:\FOOTBALL_V\99_DOCUMENTATION\architecture_cleanup\reports\MERGE_RECOMMENDATION_PLAN_V1.0.json","882","2026-07-23 13:12:41"
"E:\FOOTBALL_V\99_DOCUMENTATION\architecture_cleanup\tools\duplicate_scanner_V1.0.py","2312","2026-07-23 13:12:40"
"E:\FOOTBALL_V\99_DOCUMENTATION\architecture_cleanup\tools\merge_planner_V1.0.py","915","2026-07-23 13:12:40"
"E:\FOOTBALL_V\99_DOCUMENTATION\backup\Core_Backup_V1.2\core\logger.py","736","2026-07-19 11:02:57"
"E:\FOOTBALL_V\99_DOCUMENTATION\backup\Core_Backup_V1.2\core\logger\log_config.json","84","2026-07-19 18:16:05"
"E:\FOOTBALL_V\99_DOCUMENTATION\backup\Core_Backup_V1.2\core\validator\deploy_schema_validator_final.ps1","1380","2026-07-20 13:17:19"
"E:\FOOTBALL_V\99_DOCUMENTATION\backup\Core_Backup_V1.2\core\validator\schema_validator_status.txt","43","2026-07-20 12:52:24"
"E:\FOOTBALL_V\99_DOCUMENTATION\backup\Core_Backup_V1.2\core\validator\upgrade_database_service_v11.ps1","3557","2026-07-20 13:31:58"
"E:\FOOTBALL_V\99_DOCUMENTATION\backup\Core_Backup_V1.2\core\validator\upgrade_exception_service_v1.ps1","3189","2026-07-20 13:25:58"
"E:\FOOTBALL_V\99_DOCUMENTATION\backup\Core_Backup_V1.2\core\validator\upgrade_validator_schema_v1.ps1","3754","2026-07-20 12:45:47"
"E:\FOOTBALL_V\99_DOCUMENTATION\backup\Core_Cleanup_Patch_V12\framework_initializer_backup.py","3219","2026-07-19 18:46:15"
"E:\FOOTBALL_V\99_DOCUMENTATION\backup\Legacy_Archive_Finalize_V12\legacy_cleanup_v10_backup.ps1","2491","2026-07-20 15:14:51"
"E:\FOOTBALL_V\99_DOCUMENTATION\backup\logger_backup_v12\logger\log_config.json","84","2026-07-19 18:16:05"
"E:\FOOTBALL_V\99_DOCUMENTATION\backup\logger_cleanup_v13\logger.py","97","2026-07-20 14:54:56"
"E:\FOOTBALL_V\99_DOCUMENTATION\backup\Storage_Merge_V1.0\storage_manager.py","1602","2026-07-20 17:24:56"
"E:\FOOTBALL_V\99_DOCUMENTATION\checkpoints\Architecture_Snapshot_V1.2.txt","32924","2026-07-20 15:21:09"
"E:\FOOTBALL_V\99_DOCUMENTATION\checkpoints\Checkpoint-003.txt","380","2026-07-19 22:32:55"
"E:\FOOTBALL_V\99_DOCUMENTATION\checkpoints\Checkpoint-019_Validator_Schema_V1.0.txt","128","2026-07-20 12:52:24"
"E:\FOOTBALL_V\99_DOCUMENTATION\checkpoints\Checkpoint-020_Validator_Service_Stable_V1.0.txt","160","2026-07-20 13:17:51"
"E:\FOOTBALL_V\99_DOCUMENTATION\checkpoints\Checkpoint-022_Exception_Service_Stable_V1.0.txt","255","2026-07-20 13:26:40"
"E:\FOOTBALL_V\99_DOCUMENTATION\checkpoints\Checkpoint-023_Database_Service_V1.1_Stable.txt","336","2026-07-20 13:34:37"
"E:\FOOTBALL_V\99_DOCUMENTATION\checkpoints\Checkpoint-024_File_Service_V1.1_Stable.txt","375","2026-07-20 13:47:37"
"E:\FOOTBALL_V\99_DOCUMENTATION\checkpoints\Checkpoint-025_Hash_Service_V1.1_Stable.txt","324","2026-07-20 13:54:11"
"E:\FOOTBALL_V\99_DOCUMENTATION\checkpoints\Checkpoint-026_Version_Service_V1.1_Stable.txt","300","2026-07-20 13:56:36"
"E:\FOOTBALL_V\99_DOCUMENTATION\checkpoints\Checkpoint-027_Exception_Service_V1.0_Stable.txt","329","2026-07-20 14:00:50"
"E:\FOOTBALL_V\99_DOCUMENTATION\checkpoints\Checkpoint-028_Core_Service_Fusion_Final.txt","471","2026-07-20 14:05:46"
"E:\FOOTBALL_V\99_DOCUMENTATION\checkpoints\Checkpoint-030_Core_Structure_V1.2.txt","396","2026-07-20 15:13:03"
"E:\FOOTBALL_V\99_DOCUMENTATION\checkpoints\Checkpoint-031_Framework_Sync_V1.2.txt.txt","1870","2026-07-20 14:49:08"
"E:\FOOTBALL_V\99_DOCUMENTATION\checkpoints\Checkpoint-032_Logger_Consolidation_V1.2.txt","316","2026-07-20 14:54:56"
"E:\FOOTBALL_V\99_DOCUMENTATION\checkpoints\Checkpoint-033_Core_Service_Final_Validation_V1.2.txt","572","2026-07-20 15:13:03"
"E:\FOOTBALL_V\99_DOCUMENTATION\checkpoints\Checkpoint-034_Logger_Cleanup_V1.3.txt","276","2026-07-20 15:04:20"
"E:\FOOTBALL_V\99_DOCUMENTATION\checkpoints\Checkpoint-035_Core_Architecture_Freeze_V1.2.txt","315","2026-07-20 15:13:01"
"E:\FOOTBALL_V\99_DOCUMENTATION\checkpoints\Checkpoint-036_Legacy_Cleanup_V1.0.txt","261","2026-07-20 15:15:02"
"E:\FOOTBALL_V\99_DOCUMENTATION\checkpoints\Checkpoint-037_Core_Cleanup_Patch_V1.2.txt","390","2026-07-20 15:41:02"
"E:\FOOTBALL_V\99_DOCUMENTATION\checkpoints\Checkpoint-038_Legacy_Archive_Finalization_V1.2.txt","377","2026-07-20 15:44:14"
"E:\FOOTBALL_V\99_DOCUMENTATION\checkpoints\Checkpoint-039_Data_Infrastructure_Integration_V1.0.txt","294","2026-07-20 16:20:05"
"E:\FOOTBALL_V\99_DOCUMENTATION\checkpoints\Checkpoint-039_Data_Platform_Init_V1.0.txt","0","2026-07-20 17:23:15"
"E:\FOOTBALL_V\99_DOCUMENTATION\checkpoints\Checkpoint-039_Data_Source_Registry_V1.1.txt","329","2026-07-20 16:58:55"
"E:\FOOTBALL_V\99_DOCUMENTATION\checkpoints\Checkpoint-040_Data_Platform_Core_V1.0.txt","480","2026-07-20 17:28:24"
"E:\FOOTBALL_V\99_DOCUMENTATION\checkpoints\Checkpoint-040_Download_Engine_V1.1.txt","326","2026-07-20 17:01:14"
"E:\FOOTBALL_V\99_DOCUMENTATION\checkpoints\Checkpoint-041_Data_Source_Pipeline_V1.2.txt","415","2026-07-20 17:05:59"
"E:\FOOTBALL_V\99_DOCUMENTATION\checkpoints\Checkpoint-041_Storage_Architecture_Fix_V1.0.txt","304","2026-07-20 17:32:37"
"E:\FOOTBALL_V\99_DOCUMENTATION\checkpoints\Checkpoint-042_Data_Manager_Runtime_Fix_V1.0.txt","627","2026-07-20 18:00:27"
"E:\FOOTBALL_V\99_DOCUMENTATION\checkpoints\Checkpoint-042_Data_Source_Final_Acceptance_V1.2.txt","388","2026-07-20 17:12:07"
"E:\FOOTBALL_V\99_DOCUMENTATION\checkpoints\Checkpoint-043_Data_Platform_Init_V1.0.txt","278","2026-07-20 17:15:13"
"E:\FOOTBALL_V\99_DOCUMENTATION\checkpoints\Checkpoint-044_Data_Lineage_Engine_V1.0.txt","375","2026-07-20 18:08:32"
"E:\FOOTBALL_V\99_DOCUMENTATION\checkpoints\Checkpoint-044_Raw_Data_Manager_V1.0.txt","353","2026-07-20 17:18:45"
"E:\FOOTBALL_V\99_DOCUMENTATION\checkpoints\Checkpoint-045_Data_Platform_Integration_V1.0.txt","374","2026-07-20 18:11:20"
"E:\FOOTBALL_V\99_DOCUMENTATION\checkpoints\Checkpoint-046_AI_Feature_Store_Framework_V1.0.txt","0","2026-07-20 19:38:42"
"E:\FOOTBALL_V\99_DOCUMENTATION\checkpoints\Checkpoint-046_Data_Quality_Engine_V1.0.txt","236","2026-07-20 18:16:27"
"E:\FOOTBALL_V\99_DOCUMENTATION\checkpoints\Checkpoint-047_Data_Validation_Engine_V1.0.txt","246","2026-07-20 18:21:34"
"E:\FOOTBALL_V\99_DOCUMENTATION\checkpoints\Checkpoint-047_Football_AI_OS_Enterprise_Development_Plan_V1.5.txt","5324","2026-07-20 19:46:28"
"E:\FOOTBALL_V\99_DOCUMENTATION\checkpoints\Checkpoint-048_Data_Lineage_Engine_V1.0.txt","222","2026-07-20 18:25:08"
"E:\FOOTBALL_V\99_DOCUMENTATION\checkpoints\Checkpoint-049_Governance_Audit_Engine_V1.0.txt","235","2026-07-20 18:26:56"
"E:\FOOTBALL_V\99_DOCUMENTATION\checkpoints\Checkpoint-050_Governance_Controller_V1.0.txt","1035","2026-07-20 18:38:55"
"E:\FOOTBALL_V\99_DOCUMENTATION\checkpoints\Checkpoint-051_Data_Processing_Core_V1.0.txt","403","2026-07-20 18:41:31"
"E:\FOOTBALL_V\99_DOCUMENTATION\checkpoints\Checkpoint-052_Data_Cleaning_Engine_V1.0.txt","903","2026-07-20 18:50:07"
"E:\FOOTBALL_V\99_DOCUMENTATION\checkpoints\Checkpoint-053_Data_Transformation_Engine_V1.0.txt","921","2026-07-20 18:54:21"
"E:\FOOTBALL_V\99_DOCUMENTATION\checkpoints\Checkpoint-054_Feature_Engineering_Core_V1.0.txt","988","2026-07-20 18:58:06"
"E:\FOOTBALL_V\99_DOCUMENTATION\checkpoints\Checkpoint-055_Processing_Pipeline_Integration_V1.0.txt","501","2026-07-20 18:59:56"
"E:\FOOTBALL_V\99_DOCUMENTATION\checkpoints\Checkpoint-056_AI_Model_Engine_Framework_V1.0.txt","526","2026-07-20 19:03:35"
"E:\FOOTBALL_V\99_DOCUMENTATION\checkpoints\Checkpoint-057_System_Intelligence_Memory_Bridge_V1.0.txt","139","2026-07-21 19:51:15"
"E:\FOOTBALL_V\99_DOCUMENTATION\checkpoints\Checkpoint_004_Framework_Freeze_V1.1_Enterprise.md","3147","2026-07-19 22:57:32"
"E:\FOOTBALL_V\99_DOCUMENTATION\checkpoints\Checkpoint_005_Architecture_Alignment_Priority.md","4825","2026-07-19 23:00:25"
"E:\FOOTBALL_V\99_DOCUMENTATION\checkpoints\common_services_reference_scan.txt","4356","2026-07-19 23:22:17"
"E:\FOOTBALL_V\99_DOCUMENTATION\checkpoints\Common_Service_Current.txt","1130","2026-07-19 23:21:14"
"E:\FOOTBALL_V\99_DOCUMENTATION\checkpoints\Core_Current_Checkpoint010.txt","1432","2026-07-20 11:15:29"
"E:\FOOTBALL_V\99_DOCUMENTATION\checkpoints\core_reference_scan.txt","4560","2026-07-19 23:22:06"
"E:\FOOTBALL_V\99_DOCUMENTATION\checkpoints\Football_AI_OS_Architecture_Current.md","417","2026-07-19 22:16:35"
"E:\FOOTBALL_V\99_DOCUMENTATION\checkpoints\Football_AI_OS_Data_Intelligence_Engine_V1.0_Checkpoint.json","527","2026-07-22 13:15:31"
"E:\FOOTBALL_V\99_DOCUMENTATION\checkpoints\Football_AI_OS_Dynamic_Feature_Weight_Engine_V1.0_Checkpoint.json","616","2026-07-22 13:27:35"
"E:\FOOTBALL_V\99_DOCUMENTATION\checkpoints\Football_AI_OS_V1.1_Project_Log.md","1973","2026-07-19 21:42:45"
"E:\FOOTBALL_V\99_DOCUMENTATION\checkpoints\Football_AI_OS_V1.5_Feature_Store_V1.0_Checkpoint.json","238","2026-07-22 12:42:08"
"E:\FOOTBALL_V\99_DOCUMENTATION\checkpoints\Hash_Current_PreUpgrade.txt","352","2026-07-20 11:17:18"
"E:\FOOTBALL_V\99_DOCUMENTATION\checkpoints\logger_dependency_scan.txt","9898","2026-07-20 10:43:35"
"E:\FOOTBALL_V\99_DOCUMENTATION\checkpoints\System_Core_Current.txt","166","2026-07-19 23:21:55"
"E:\FOOTBALL_V\99_DOCUMENTATION\checkpoints\database_backup_v11\db_connection_backup.py","1588","2026-07-20 13:34:13"
"E:\FOOTBALL_V\99_DOCUMENTATION\checkpoints\exception_backup_v10\exception\base_exception.py","476","2026-07-20 13:26:40"
"E:\FOOTBALL_V\99_DOCUMENTATION\checkpoints\exception_backup_v10\exception\__init__.py","100","2026-07-20 13:26:40"
"E:\FOOTBALL_V\99_DOCUMENTATION\checkpoints\file_service_backup_v11\file_service_backup.py","398","2026-07-19 11:03:57"
"E:\FOOTBALL_V\99_DOCUMENTATION\checkpoints\hash_service_backup_v11\hash_service_backup.py","411","2026-07-19 11:03:31"
"E:\FOOTBALL_V\99_DOCUMENTATION\checkpoints\logger_merge_backup_phase1\log_config.json","84","2026-07-19 18:16:05"
"E:\FOOTBALL_V\99_DOCUMENTATION\checkpoints\version_service_backup_v11\version_service_backup.py","523","2026-07-19 11:04:23"
"E:\FOOTBALL_V\99_DOCUMENTATION\deployment_scripts\deploy_task_03_01.ps1","3622","2026-07-20 18:16:09"
"E:\FOOTBALL_V\99_DOCUMENTATION\deployment_scripts\deploy_task_03_02.ps1","4698","2026-07-20 18:21:17"
"E:\FOOTBALL_V\99_DOCUMENTATION\deployment_scripts\deploy_task_03_03.ps1","4152","2026-07-20 18:24:54"
"E:\FOOTBALL_V\99_DOCUMENTATION\deployment_scripts\deploy_task_03_04.ps1","4966","2026-07-20 18:26:43"
"E:\FOOTBALL_V\99_DOCUMENTATION\deployment_scripts\deploy_task_03_05.ps1","3975","2026-07-20 18:29:03"
"E:\FOOTBALL_V\99_DOCUMENTATION\deployment_scripts\deploy_task_04_01.ps1","2628","2026-07-20 18:41:08"
"E:\FOOTBALL_V\99_DOCUMENTATION\deployment_scripts\deploy_task_04_02.ps1","4384","2026-07-20 18:45:23"
"E:\FOOTBALL_V\99_DOCUMENTATION\deployment_scripts\deploy_task_04_03.ps1","4457","2026-07-20 18:51:22"
"E:\FOOTBALL_V\99_DOCUMENTATION\deployment_scripts\deploy_task_04_04.ps1","4835","2026-07-20 18:55:33"
"E:\FOOTBALL_V\99_DOCUMENTATION\deployment_scripts\deploy_task_04_05.ps1","4259","2026-07-20 18:59:41"
"E:\FOOTBALL_V\99_DOCUMENTATION\deployment_scripts\deploy_task_05_01.ps1","3407","2026-07-20 19:03:21"
"E:\FOOTBALL_V\99_DOCUMENTATION\deployment_scripts\fix_task_03_01_quality_engine_v2.ps1","2448","2026-07-20 18:19:01"
"E:\FOOTBALL_V\99_DOCUMENTATION\deployment_scripts\patch_task_03_01_quality_fix_v1.ps1","523","2026-07-20 18:17:58"
"E:\FOOTBALL_V\99_DOCUMENTATION\FINAL_RELEASE_V4.0\FINAL_FREEZE_CHECKPOINT_V4.0.json","191","2026-07-23 14:31:15"
"E:\FOOTBALL_V\99_DOCUMENTATION\FINAL_RELEASE_V4.0\FINAL_SYSTEM_VALIDATION_V4.0.json","165","2026-07-23 14:31:15"
"E:\FOOTBALL_V\99_DOCUMENTATION\FINAL_RELEASE_V4.0\MODEL_WEIGHT_CONFIG_V4.0.json","371","2026-07-23 14:31:15"
"E:\FOOTBALL_V\99_DOCUMENTATION\FINAL_RELEASE_V4.0\PRODUCTION_MODE_V4.0.json","174","2026-07-23 14:31:15"
"E:\FOOTBALL_V\99_DOCUMENTATION\FINAL_SYSTEM_COMPLETION_V4.0\MODEL_REGISTRY_V4.0.json","174","2026-07-23 14:37:51"
"E:\FOOTBALL_V\99_DOCUMENTATION\FINAL_SYSTEM_COMPLETION_V4.0\MODEL_TRAINING_ENV_V4.0.json","183","2026-07-23 14:37:51"
"E:\FOOTBALL_V\99_DOCUMENTATION\FINAL_SYSTEM_COMPLETION_V4.0\PREDICTION_RUNTIME_V4.0.json","188","2026-07-23 14:37:51"
"E:\FOOTBALL_V\99_DOCUMENTATION\FINAL_SYSTEM_COMPLETION_V4.0\PRODUCTION_HARDENING_V4.0.json","189","2026-07-23 14:37:51"
"E:\FOOTBALL_V\99_DOCUMENTATION\FINAL_SYSTEM_COMPLETION_V4.0\SELF_LEARNING_V4.0.json","148","2026-07-23 14:37:51"
"E:\FOOTBALL_V\99_DOCUMENTATION\FINAL_SYSTEM_COMPLETION_V4.0\SYSTEM_COMPLETION_CHECKPOINT_V4.0.json","206","2026-07-23 14:37:51"
"E:\FOOTBALL_V\99_DOCUMENTATION\FIRST_REAL_PREDICTION_TEST_V4.0\final_advice_V4.0.json","194","2026-07-23 14:32:45"
"E:\FOOTBALL_V\99_DOCUMENTATION\FIRST_REAL_PREDICTION_TEST_V4.0\fusion_result_V4.0.json","317","2026-07-23 14:32:45"
"E:\FOOTBALL_V\99_DOCUMENTATION\FIRST_REAL_PREDICTION_TEST_V4.0\input_match_V4.0.json","214","2026-07-23 14:32:45"
"E:\FOOTBALL_V\99_DOCUMENTATION\FIRST_REAL_PREDICTION_TEST_V4.0\model_output_V4.0.json","258","2026-07-23 14:32:45"
"E:\FOOTBALL_V\99_DOCUMENTATION\FIRST_REAL_PREDICTION_TEST_V4.0\REAL_PREDICTION_ACCEPTANCE_V4.0.json","229","2026-07-23 14:32:45"
"E:\FOOTBALL_V\99_DOCUMENTATION\MODEL_DATA_SNAPSHOT_V4.0\DATABASE_LOCATION_V4.0.json","419","2026-07-23 14:59:40"
"E:\FOOTBALL_V\99_DOCUMENTATION\MODEL_DATA_SNAPSHOT_V4.0\DB_ARCHITECTURE_SCAN_V4.0.txt","18391","2026-07-23 15:08:45"
"E:\FOOTBALL_V\99_DOCUMENTATION\MODEL_DATA_SNAPSHOT_V4.0\FOOTBALL_V_DATA_SCAN_V4.0.txt","42415","2026-07-23 15:03:49"
"E:\FOOTBALL_V\99_DOCUMENTATION\MODEL_DATA_SNAPSHOT_V4.0\FULL_SYSTEM_SCAN_V4.0.txt","163354","2026-07-23 15:33:20"
"E:\FOOTBALL_V\99_DOCUMENTATION\MODEL_DATA_SNAPSHOT_V4.0\MODEL_DATA_SNAPSHOT_V4.0.json","278","2026-07-23 14:51:14"
"E:\FOOTBALL_V\99_DOCUMENTATION\MODEL_TRAINING_READY_V4.0\MODEL_TRAINING_READY_CHECKPOINT_V4.0.json","465","2026-07-23 14:41:47"
"E:\FOOTBALL_V\99_DOCUMENTATION\MODEL_TRAINING_READY_V4.0\TRAINING_ENGINE_CHECKPOINT_V4.0.json","163","2026-07-23 14:44:59"
"E:\FOOTBALL_V\99_DOCUMENTATION\reports\Architecture_Cleanup_Report_V1.0.json","54635","2026-07-23 13:07:15"
"E:\FOOTBALL_V\99_DOCUMENTATION\reports\Architecture_Duplicate_Report_V1.0.json","54486","2026-07-23 13:07:15"
"E:\FOOTBALL_V\99_DOCUMENTATION\reports\Architecture_Module_Map_V1.0.json","314871","2026-07-23 13:07:15"
"E:\FOOTBALL_V\99_DOCUMENTATION\reports\common_service_dependency_report.json","2931","2026-07-20 10:11:08"
"E:\FOOTBALL_V\99_DOCUMENTATION\reports\Core_Service_Upgrade_Map.json","1149","2026-07-20 10:21:25"
"E:\FOOTBALL_V\99_DOCUMENTATION\reports\Core_Service_Upgrade_Map_V2.json","2399","2026-07-20 10:29:14"
"E:\FOOTBALL_V\99_DOCUMENTATION\reports\framework_init_report.json","999","2026-07-19 18:46:21"
"E:\FOOTBALL_V\99_DOCUMENTATION\reports\Framework_Export_Scan_V1.2\checkpoints_list.txt","2264","2026-07-20 15:51:46"
"E:\FOOTBALL_V\99_DOCUMENTATION\reports\Framework_Export_Scan_V1.2\core_structure.txt","1565","2026-07-20 15:51:46"
"E:\FOOTBALL_V\99_DOCUMENTATION\reports\Framework_Export_Scan_V1.2\data_layer_structure.txt","4143","2026-07-20 15:51:46"
"E:\FOOTBALL_V\99_DOCUMENTATION\reports\Framework_Export_Scan_V1.2\framework_report.txt","283","2026-07-20 15:51:46"
"E:\FOOTBALL_V\99_DOCUMENTATION\reports\Framework_Export_Scan_V1.2\full_tree.txt","34012","2026-07-20 15:51:46"
"E:\FOOTBALL_V\99_DOCUMENTATION\reports\Framework_Export_Scan_V1.2\powershell_scripts.txt","2830","2026-07-20 15:51:46"
"E:\FOOTBALL_V\99_DOCUMENTATION\reports\Framework_Export_Scan_V1.2\python_modules.txt","13932","2026-07-20 15:51:46"
"E:\FOOTBALL_V\99_DOCUMENTATION\SYSTEM_CHECKPOINTS\DATABASE_ASSET_SCAN_V4.0.txt","646","2026-07-23 16:08:11"
"E:\FOOTBALL_V\99_DOCUMENTATION\SYSTEM_CHECKPOINTS\FULL_FILE_INVENTORY_V4.0.csv","0","2026-07-23 16:09:16"
"E:\FOOTBALL_V\99_DOCUMENTATION\SYSTEM_CHECKPOINTS\MODEL_ASSET_SCAN_V4.0.txt","270","2026-07-23 16:08:20"
"E:\FOOTBALL_V\99_DOCUMENTATION\SYSTEM_CHECKPOINTS\MODULE_STRUCTURE_V4.0.txt","19483","2026-07-23 16:07:37"
"E:\FOOTBALL_V\99_DOCUMENTATION\SYSTEM_CHECKPOINTS\SYSTEM_CHECKPOINTS\FOOTBALL_V_CHECKPOINT_SYSTEM_SCAN_V4.0.json","0","2026-07-23 16:07:07"
"E:\FOOTBALL_V\99_DOCUMENTATION\tools\architecture_cleanup_scanner_V1.0.py","4288","2026-07-23 13:07:14"
"E:\FOOTBALL_V\99_DOCUMENTATION\tools\save_checkpoint.py","1812","2026-07-20 18:34:37"
"E:\FOOTBALL_V\99_DOCUMENTATION\TRAINING_PREFLIGHT_CHECK_V4.0\TRAINING_PREFLIGHT_REPORT_V4.0.json","799","2026-07-23 14:42:44"
"E:\FOOTBALL_V\99_DOCUMENTATION\V4_RUNTIME_VALIDATION_V4.0\FINAL_RUNTIME_ACCEPTANCE_V4.0.json","221","2026-07-23 14:32:08"
"E:\FOOTBALL_V\99_DOCUMENTATION\V4_RUNTIME_VALIDATION_V4.0\model_validation_V4.0.json","291","2026-07-23 14:32:08"
"E:\FOOTBALL_V\99_DOCUMENTATION\V4_RUNTIME_VALIDATION_V4.0\prediction_test_V4.0.json","423","2026-07-23 14:32:08"
"E:\FOOTBALL_V\99_DOCUMENTATION\V4_RUNTIME_VALIDATION_V4.0\runtime_check_V4.0.json","318","2026-07-23 14:32:08"
"E:\FOOTBALL_V\99_PRODUCTION_MONITOR_ENGINE\module.py","45","2026-07-23 00:16:15"
"E:\FOOTBALL_V\AI_RUNTIME\ai_report.py","328","2026-07-23 10:23:10"
"E:\FOOTBALL_V\AI_RUNTIME\console.py","387","2026-07-23 09:51:45"
"E:\FOOTBALL_V\AI_RUNTIME\engine.py","963","2026-07-23 10:16:43"
"E:\FOOTBALL_V\AI_RUNTIME\final_decision.py","738","2026-07-23 10:23:00"
"E:\FOOTBALL_V\AI_RUNTIME\model_connector.py","771","2026-07-23 10:01:23"
"E:\FOOTBALL_V\AI_RUNTIME\model_fusion.py","1147","2026-07-23 10:21:33"
"E:\FOOTBALL_V\AI_RUNTIME\model_outputs.py","487","2026-07-23 10:21:44"
"E:\FOOTBALL_V\AI_RUNTIME\model_runtime_connector.py","1295","2026-07-23 10:05:21"
"E:\FOOTBALL_V\AI_RUNTIME\prediction_executor.py","865","2026-07-23 10:23:19"
"E:\FOOTBALL_V\AI_RUNTIME\report.py","107","2026-07-23 09:50:50"
"E:\FOOTBALL_V\AI_RUNTIME\router.py","328","2026-07-23 10:12:46"
"E:\FOOTBALL_V\AI_RUNTIME\runtime.py","219","2026-07-23 10:15:35"
"E:\FOOTBALL_V\AI_RUNTIME\__pycache__\ai_report.cpython-312.pyc","428","2026-07-23 10:23:28"
"E:\FOOTBALL_V\AI_RUNTIME\__pycache__\console.cpython-312.pyc","706","2026-07-23 09:52:06"
"E:\FOOTBALL_V\AI_RUNTIME\__pycache__\engine.cpython-312.pyc","1066","2026-07-23 10:16:52"
"E:\FOOTBALL_V\AI_RUNTIME\__pycache__\final_decision.cpython-312.pyc","928","2026-07-23 10:23:28"
"E:\FOOTBALL_V\AI_RUNTIME\__pycache__\model_connector.cpython-312.pyc","1413","2026-07-23 10:01:44"
"E:\FOOTBALL_V\AI_RUNTIME\__pycache__\model_fusion.cpython-312.pyc","1183","2026-07-23 10:22:03"
"E:\FOOTBALL_V\AI_RUNTIME\__pycache__\model_outputs.cpython-312.pyc","503","2026-07-23 10:22:03"
"E:\FOOTBALL_V\AI_RUNTIME\__pycache__\model_runtime_connector.cpython-312.pyc","1854","2026-07-23 10:05:52"
"E:\FOOTBALL_V\AI_RUNTIME\__pycache__\prediction_executor.cpython-312.pyc","987","2026-07-23 10:23:28"
"E:\FOOTBALL_V\AI_RUNTIME\__pycache__\report.cpython-312.pyc","289","2026-07-23 09:53:34"
"E:\FOOTBALL_V\AI_RUNTIME\__pycache__\router.cpython-312.pyc","465","2026-07-23 10:12:55"
"E:\FOOTBALL_V\AI_RUNTIME\__pycache__\runtime.cpython-312.pyc","484","2026-07-23 10:15:55"
"E:\FOOTBALL_V\AI_RUNTIME\__pycache__\__init__.cpython-312.pyc","133","2026-07-23 09:52:06"
"E:\FOOTBALL_V\archive\common_service_migration\ARCHIVED_V12.txt","405","2026-07-20 15:44:14"
"E:\FOOTBALL_V\archive\common_service_migration\common_service_migration_check.py","3151","2026-07-20 10:10:35"
"E:\FOOTBALL_V\archive\common_service_migration\core_service_compare.py","3231","2026-07-20 10:21:21"
"E:\FOOTBALL_V\archive\common_service_migration\core_service_compare_v2.py","3405","2026-07-20 10:28:32"
"E:\FOOTBALL_V\archive\framework_scan_history\common_services_scan.txt","998","2026-07-20 12:06:36"
"E:\FOOTBALL_V\archive\framework_scan_history\framework_scan.txt","12224","2026-07-20 12:04:41"
"E:\FOOTBALL_V\archive\framework_scan_history\python_modules.txt","19374","2026-07-20 12:06:57"
"E:\FOOTBALL_V\archive\logger_migration\logger_core_merge_v1.py","2124","2026-07-20 11:07:16"
"E:\FOOTBALL_V\archive\logger_migration\logger_upgrade_v1.py","3128","2026-07-20 10:52:34"
"E:\FOOTBALL_V\archive\logger_migration\setup_logger_module.py","3808","2026-07-19 18:22:11"
"E:\FOOTBALL_V\Config\system_version.yaml","0","2026-07-18 16:30:38"
"E:\FOOTBALL_V\deploy\deploy_v15_phase2.py","348","2026-07-21 18:14:36"
"E:\FOOTBALL_V\deploy\deploy_v15_phase2_patch2.py","4059","2026-07-21 18:19:14"
"E:\FOOTBALL_V\deploy\deploy_v15_phase2_patch3.py","929","2026-07-21 18:27:04"
"E:\FOOTBALL_V\deploy\deploy_v15_phase3_11_knowledge_graph.py","3572","2026-07-21 20:39:33"
"E:\FOOTBALL_V\deploy\deploy_v15_phase3_12_15_core_intelligence.py","7098","2026-07-21 20:43:24"
"E:\FOOTBALL_V\deploy\deploy_v15_phase3_3_reasoning.py","3572","2026-07-21 19:54:10"
"E:\FOOTBALL_V\deploy\deploy_v15_phase3_4.py","2402","2026-07-21 20:01:31"
"E:\FOOTBALL_V\deploy\deploy_v15_phase3_5.py","2659","2026-07-21 20:02:46"
"E:\FOOTBALL_V\deploy\deploy_v15_phase3_6.py","4262","2026-07-21 20:07:37"
"E:\FOOTBALL_V\deploy\deploy_v15_phase3_7_real.py","3935","2026-07-21 20:22:18"
"E:\FOOTBALL_V\deploy\deploy_v15_phase3_8_10.py","5249","2026-07-21 20:36:39"
"E:\FOOTBALL_V\deploy\deploy_v15_phase4_core_prediction.py","7169","2026-07-21 20:46:05"
"E:\FOOTBALL_V\deploy\deploy_v15_phase5_core.py","6124","2026-07-21 20:48:37"
"E:\FOOTBALL_V\deploy\deploy_v15_phase6_training.py","4983","2026-07-21 20:51:01"
"E:\FOOTBALL_V\deployment_scripts\deploy_ai_intelligence_batch_02_06_V2.0.py","4615","2026-07-22 23:37:44"
"E:\FOOTBALL_V\deployment_scripts\deploy_full_prediction_ai_V2.1.py","4134","2026-07-22 23:39:47"
"E:\FOOTBALL_V\deployment_scripts\deploy_phase10_batch02_real_model_V1.0.py","1974","2026-07-22 23:44:33"
"E:\FOOTBALL_V\deployment_scripts\deploy_prediction_intelligence_batch_01_V2.0.py","2843","2026-07-22 23:32:46"
"E:\FOOTBALL_V\deployment_scripts\deploy_prediction_patch_V2.1.1.py","2655","2026-07-22 23:41:32"
"E:\FOOTBALL_V\deployment_scripts\deploy_remaining_batch_V1.5.py","4442","2026-07-22 22:57:26"
"E:\FOOTBALL_V\deployment_scripts\deploy_training_engine_batch_01_V2.0.py","2818","2026-07-22 23:35:48"
"E:\FOOTBALL_V\Documentation\README.md","0","2026-07-18 16:30:38"
"E:\FOOTBALL_V\FINAL_RELEASE_REPORT\AI_INTELLIGENCE_BATCH_02_06_REPORT.json","179","2026-07-22 23:37:58"
"E:\FOOTBALL_V\FINAL_RELEASE_REPORT\AI_OS_V2.0_DEPLOYMENT_REPORT.json","161","2026-07-22 23:16:58"
"E:\FOOTBALL_V\FINAL_RELEASE_REPORT\AI_OS_V2.0_FINAL_RELEASE_REPORT.json","1553","2026-07-22 23:22:51"
"E:\FOOTBALL_V\FINAL_RELEASE_REPORT\AI_OS_V2.0_FINAL_TREE.txt","175682","2026-07-22 23:19:59"
"E:\FOOTBALL_V\FINAL_RELEASE_REPORT\AI_OS_V2.0_RELEASE_VALIDATION_REPORT.json","2019","2026-07-22 23:21:20"
"E:\FOOTBALL_V\FINAL_RELEASE_REPORT\AI_OS_V2.0_TEST_REPORT.json","894","2026-07-22 23:19:46"
"E:\FOOTBALL_V\FINAL_RELEASE_REPORT\AI_OS_V2.0_TREE.txt","175470","2026-07-22 23:17:14"
"E:\FOOTBALL_V\FINAL_RELEASE_REPORT\Alpha_Release_Report_V1.5.json","517","2026-07-22 23:09:03"
"E:\FOOTBALL_V\FINAL_RELEASE_REPORT\deployment_report_V1.5.json","163","2026-07-22 22:57:42"
"E:\FOOTBALL_V\FINAL_RELEASE_REPORT\FINAL_ACCEPTANCE_REPORT.json","2181","2026-07-23 00:36:51"
"E:\FOOTBALL_V\FINAL_RELEASE_REPORT\FINAL_ACCEPTANCE_SYSTEM_SNAPSHOT.txt","213382","2026-07-23 00:36:53"
"E:\FOOTBALL_V\FINAL_RELEASE_REPORT\FINAL_FROZEN_V1.5_COMPLETE_SNAPSHOT.txt","212494","2026-07-23 00:32:29"
"E:\FOOTBALL_V\FINAL_RELEASE_REPORT\FINAL_FROZEN_V1.5_FULL_SYSTEM_SNAPSHOT.txt","213154","2026-07-23 00:36:25"
"E:\FOOTBALL_V\FINAL_RELEASE_REPORT\FINAL_PHASE51_55_VALIDATION_REPORT.json","3719","2026-07-23 00:36:25"
"E:\FOOTBALL_V\FINAL_RELEASE_REPORT\FINAL_RELEASE_TREE_V1.5.txt","172904","2026-07-22 23:09:03"
"E:\FOOTBALL_V\FINAL_RELEASE_REPORT\FINAL_RUNTIME_TEST.json","698","2026-07-23 09:50:50"
"E:\FOOTBALL_V\FINAL_RELEASE_REPORT\FINAL_SYSTEM_SNAPSHOT.txt","62","2026-07-23 09:50:50"
"E:\FOOTBALL_V\FINAL_RELEASE_REPORT\FINAL_SYSTEM_SNAPSHOT_V2.0.txt","176366","2026-07-22 23:25:22"
"E:\FOOTBALL_V\FINAL_RELEASE_REPORT\FINAL_SYSTEM_SNAPSHOT_V2.1.1.txt","185582","2026-07-22 23:41:42"
"E:\FOOTBALL_V\FINAL_RELEASE_REPORT\FINAL_SYSTEM_SNAPSHOT_V2.1.txt","184238","2026-07-22 23:39:59"
"E:\FOOTBALL_V\FINAL_RELEASE_REPORT\FINAL_SYSTEM_TREE_V1.5.txt","172664","2026-07-22 23:06:59"
"E:\FOOTBALL_V\FINAL_RELEASE_REPORT\FINAL_SYSTEM_TREE_V2.0.txt","176120","2026-07-22 23:23:26"
"E:\FOOTBALL_V\FINAL_RELEASE_REPORT\Football_AI_OS_V2.0_FINAL_RELEASE.json","1663","2026-07-22 23:25:08"
"E:\FOOTBALL_V\FINAL_RELEASE_REPORT\FULL_AI_DEPLOYMENT_REPORT_V2.1.json","194","2026-07-22 23:39:59"
"E:\FOOTBALL_V\FINAL_RELEASE_REPORT\FULL_AI_PATCH_DEPLOYMENT_V2.1.1.json","153","2026-07-22 23:41:41"
"E:\FOOTBALL_V\FINAL_RELEASE_REPORT\FULL_AI_TEST_REPORT_V2.1.1.json","721","2026-07-22 23:41:41"
"E:\FOOTBALL_V\FINAL_RELEASE_REPORT\integration_test_report_V1.5.json","1045","2026-07-22 23:08:04"
"E:\FOOTBALL_V\FINAL_RELEASE_REPORT\legacy_delete_check.json","547","2026-07-22 23:27:52"
"E:\FOOTBALL_V\FINAL_RELEASE_REPORT\LOCAL_CONSOLE_V1.1_TEST_REPORT.json","743","2026-07-23 09:45:50"
"E:\FOOTBALL_V\FINAL_RELEASE_REPORT\LOCAL_CONSOLE_V1_TEST_REPORT.json","718","2026-07-23 09:44:09"
"E:\FOOTBALL_V\FINAL_RELEASE_REPORT\PHASE10_BATCH02_DEPLOYMENT.json","227","2026-07-22 23:44:42"
"E:\FOOTBALL_V\FINAL_RELEASE_REPORT\PHASE10_BATCH02_SNAPSHOT.txt","187986","2026-07-22 23:44:42"
"E:\FOOTBALL_V\FINAL_RELEASE_REPORT\PHASE11_BATCH01_SYSTEM_SNAPSHOT.txt","188076","2026-07-22 23:46:11"
"E:\FOOTBALL_V\FINAL_RELEASE_REPORT\PHASE11_DEPLOYMENT_REPORT.json","191","2026-07-22 23:50:58"
"E:\FOOTBALL_V\FINAL_RELEASE_REPORT\PHASE11_FINAL_SNAPSHOT.txt","189658","2026-07-22 23:52:06"
"E:\FOOTBALL_V\FINAL_RELEASE_REPORT\PHASE11_FULL_SYSTEM_SNAPSHOT.txt","188160","2026-07-22 23:47:05"
"E:\FOOTBALL_V\FINAL_RELEASE_REPORT\PHASE11_SYSTEM_SNAPSHOT.txt","189518","2026-07-22 23:51:59"
"E:\FOOTBALL_V\FINAL_RELEASE_REPORT\PHASE11_TEST_REPORT.json","548","2026-07-22 23:53:23"
"E:\FOOTBALL_V\FINAL_RELEASE_REPORT\PHASE12_DEPLOYMENT_REPORT.json","205","2026-07-23 00:01:09"
"E:\FOOTBALL_V\FINAL_RELEASE_REPORT\PHASE12_SYSTEM_SNAPSHOT.txt","191182","2026-07-23 00:01:20"
"E:\FOOTBALL_V\FINAL_RELEASE_REPORT\PHASE12_TEST_REPORT.json","690","2026-07-23 00:01:19"
"E:\FOOTBALL_V\FINAL_RELEASE_REPORT\PHASE13_DEPLOYMENT_REPORT.json","191","2026-07-23 00:02:43"
"E:\FOOTBALL_V\FINAL_RELEASE_REPORT\PHASE13_SYSTEM_SNAPSHOT.txt","192526","2026-07-23 00:02:58"
"E:\FOOTBALL_V\FINAL_RELEASE_REPORT\PHASE13_TEST_REPORT.json","591","2026-07-23 00:02:57"
"E:\FOOTBALL_V\FINAL_RELEASE_REPORT\PHASE14_DEPLOYMENT_REPORT.json","194","2026-07-23 00:05:09"
"E:\FOOTBALL_V\FINAL_RELEASE_REPORT\PHASE14_SYSTEM_SNAPSHOT.txt","194042","2026-07-23 00:05:17"
"E:\FOOTBALL_V\FINAL_RELEASE_REPORT\PHASE14_TEST_REPORT.json","696","2026-07-23 00:05:17"
"E:\FOOTBALL_V\FINAL_RELEASE_REPORT\PHASE15_DEPLOYMENT_REPORT.json","198","2026-07-23 00:06:29"
"E:\FOOTBALL_V\FINAL_RELEASE_REPORT\PHASE15_SYSTEM_SNAPSHOT.txt","195494","2026-07-23 00:06:39"
"E:\FOOTBALL_V\FINAL_RELEASE_REPORT\PHASE15_TEST_REPORT.json","690","2026-07-23 00:06:38"
"E:\FOOTBALL_V\FINAL_RELEASE_REPORT\PHASE16_DEPLOYMENT_REPORT.json","196","2026-07-23 00:07:56"
"E:\FOOTBALL_V\FINAL_RELEASE_REPORT\PHASE16_SYSTEM_SNAPSHOT.txt","196978","2026-07-23 00:08:06"
"E:\FOOTBALL_V\FINAL_RELEASE_REPORT\PHASE16_TEST_REPORT.json","693","2026-07-23 00:08:06"
"E:\FOOTBALL_V\FINAL_RELEASE_REPORT\PHASE17_DEPLOYMENT_REPORT.json","199","2026-07-23 00:12:06"
"E:\FOOTBALL_V\FINAL_RELEASE_REPORT\PHASE17_TEST_REPORT.json","693","2026-07-23 00:12:14"
"E:\FOOTBALL_V\FINAL_RELEASE_REPORT\PHASE18_20_DEPLOYMENT_REPORT.json","545","2026-07-23 00:13:12"
"E:\FOOTBALL_V\FINAL_RELEASE_REPORT\PHASE18_20_SYSTEM_SNAPSHOT.txt","199644","2026-07-23 00:13:20"
"E:\FOOTBALL_V\FINAL_RELEASE_REPORT\PHASE18_20_TEST_REPORT.json","1013","2026-07-23 00:13:12"
"E:\FOOTBALL_V\FINAL_RELEASE_REPORT\PHASE21_25_DEPLOYMENT_REPORT.json","203","2026-07-23 00:14:16"
"E:\FOOTBALL_V\FINAL_RELEASE_REPORT\PHASE21_25_SYSTEM_SNAPSHOT.txt","201200","2026-07-23 00:14:34"
"E:\FOOTBALL_V\FINAL_RELEASE_REPORT\PHASE21_25_TEST_REPORT.json","1229","2026-07-23 00:14:25"
"E:\FOOTBALL_V\FINAL_RELEASE_REPORT\PHASE26_30_DEPLOYMENT_REPORT.json","203","2026-07-23 00:17:05"
"E:\FOOTBALL_V\FINAL_RELEASE_REPORT\PHASE26_30_SYSTEM_SNAPSHOT.txt","204952","2026-07-23 00:17:23"
"E:\FOOTBALL_V\FINAL_RELEASE_REPORT\PHASE26_30_TEST_REPORT.json","705","2026-07-23 00:17:14"
"E:\FOOTBALL_V\FINAL_RELEASE_REPORT\PHASE31_35_DEPLOYMENT_REPORT.json","198","2026-07-23 00:17:54"
"E:\FOOTBALL_V\FINAL_RELEASE_REPORT\PHASE36_40_DEPLOYMENT_REPORT.json","200","2026-07-23 00:22:31"
"E:\FOOTBALL_V\FINAL_RELEASE_REPORT\PHASE36_40_SYSTEM_SNAPSHOT.txt","207476","2026-07-23 00:20:20"
"E:\FOOTBALL_V\FINAL_RELEASE_REPORT\PHASE36_40_TEST_REPORT.json","723","2026-07-23 00:22:31"
"E:\FOOTBALL_V\FINAL_RELEASE_REPORT\PHASE41_45_DEPLOYMENT_REPORT.json","198","2026-07-23 00:23:35"
"E:\FOOTBALL_V\FINAL_RELEASE_REPORT\PHASE41_45_SYSTEM_SNAPSHOT.txt","208442","2026-07-23 00:23:46"
"E:\FOOTBALL_V\FINAL_RELEASE_REPORT\PHASE41_45_TEST_REPORT.json","697","2026-07-23 00:23:35"
"E:\FOOTBALL_V\FINAL_RELEASE_REPORT\PHASE46_50_DEPLOYMENT_REPORT.json","648","2026-07-23 00:32:29"
"E:\FOOTBALL_V\FINAL_RELEASE_REPORT\PHASE46_50_SYSTEM_SNAPSHOT.txt","209348","2026-07-23 00:24:55"
"E:\FOOTBALL_V\FINAL_RELEASE_REPORT\PHASE46_50_TEST_REPORT.json","1260","2026-07-23 00:32:29"
"E:\FOOTBALL_V\FINAL_RELEASE_REPORT\PHASE51_55_INTERFACE_DEPLOYMENT_REPORT.json","674","2026-07-23 09:47:23"
"E:\FOOTBALL_V\FINAL_RELEASE_REPORT\PHASE51_55_INTERFACE_SYSTEM_SNAPSHOT.txt","215882","2026-07-23 09:47:52"
"E:\FOOTBALL_V\FINAL_RELEASE_REPORT\PHASE51_55_INTERFACE_TEST_REPORT.json","1278","2026-07-23 09:47:23"
"E:\FOOTBALL_V\FINAL_RELEASE_REPORT\PHASE51_PRODUCTION_SNAPSHOT.txt","212732","2026-07-23 00:33:43"
"E:\FOOTBALL_V\FINAL_RELEASE_REPORT\PHASE51_PRODUCTION_VALIDATION_REPORT.json","1722","2026-07-23 00:33:42"
"E:\FOOTBALL_V\FINAL_RELEASE_REPORT\PHASE52_BACKTEST_VALIDATION_REPORT.json","1608","2026-07-23 00:34:18"
"E:\FOOTBALL_V\FINAL_RELEASE_REPORT\PHASE56_60_DEPLOYMENT_REPORT.json","666","2026-07-23 09:48:29"
"E:\FOOTBALL_V\FINAL_RELEASE_REPORT\PHASE56_60_SYSTEM_SNAPSHOT.txt","217412","2026-07-23 09:48:51"
"E:\FOOTBALL_V\FINAL_RELEASE_REPORT\PHASE56_60_TEST_REPORT.json","1283","2026-07-23 09:48:29"
"E:\FOOTBALL_V\FINAL_RELEASE_REPORT\prediction_activation_batch_01_report.json","177","2026-07-22 23:34:21"
"E:\FOOTBALL_V\FINAL_RELEASE_REPORT\test_report_V1.5.json","262","2026-07-22 22:57:42"
"E:\FOOTBALL_V\FINAL_RELEASE_REPORT\training_engine_activation_batch_01_report.json","174","2026-07-22 23:35:57"
"E:\FOOTBALL_V\Logs\system.log","0","2026-07-18 16:30:38"
"E:\FOOTBALL_V\upload\core_scan.txt","1496","2026-07-20 12:06:18"
"E:\FOOTBALL_V\USER_INTERFACE_LAYER\ai_console.py","76","2026-07-23 09:44:09"
"E:\FOOTBALL_V\USER_INTERFACE_LAYER\api_connector.py","148","2026-07-23 09:45:50"
"E:\FOOTBALL_V\USER_INTERFACE_LAYER\chat_runtime.py","163","2026-07-23 09:45:50"
"E:\FOOTBALL_V\USER_INTERFACE_LAYER\command_router.py","309","2026-07-23 09:45:50"
"E:\FOOTBALL_V\USER_INTERFACE_LAYER\config\console_config.json","181","2026-07-23 09:44:09"
"E:\FOOTBALL_V\__pycache__\conftest.cpython-312-pytest-9.1.1.pyc","680","2026-07-21 19:02:36"
