function,file
pytest_collect_file,E:\football_v\conftest.py
write_file,E:\football_v\deploy_remaining_modules_V1.5_FINAL.py
create_modules,E:\football_v\deploy_remaining_modules_V1.5_FINAL.py
create_tests,E:\football_v\deploy_remaining_modules_V1.5_FINAL.py
update_registry,E:\football_v\deploy_remaining_modules_V1.5_FINAL.py
write_file,E:\football_v\deploy_v15_phase2_patch3.py
main,E:\football_v\.venv\Lib\site-packages\pip\__init__.py
version_str,E:\football_v\.venv\Lib\site-packages\pip\__pip-runner__.py
find_spec,E:\football_v\.venv\Lib\site-packages\pip\__pip-runner__.py
_dedup,E:\football_v\.venv\Lib\site-packages\pip\_internal\build_env.py
get_runnable_pip,E:\football_v\.venv\Lib\site-packages\pip\_internal\build_env.py
_get_system_sitepackages,E:\football_v\.venv\Lib\site-packages\pip\_internal\build_env.py
__init__,E:\football_v\.venv\Lib\site-packages\pip\_internal\build_env.py
__init__,E:\football_v\.venv\Lib\site-packages\pip\_internal\build_env.py
__enter__,E:\football_v\.venv\Lib\site-packages\pip\_internal\build_env.py
__exit__,E:\football_v\.venv\Lib\site-packages\pip\_internal\build_env.py
check_requirements,E:\football_v\.venv\Lib\site-packages\pip\_internal\build_env.py
install_requirements,E:\football_v\.venv\Lib\site-packages\pip\_internal\build_env.py
_install_requirements,E:\football_v\.venv\Lib\site-packages\pip\_internal\build_env.py
__init__,E:\football_v\.venv\Lib\site-packages\pip\_internal\build_env.py
__enter__,E:\football_v\.venv\Lib\site-packages\pip\_internal\build_env.py
__exit__,E:\football_v\.venv\Lib\site-packages\pip\_internal\build_env.py
cleanup,E:\football_v\.venv\Lib\site-packages\pip\_internal\build_env.py
install_requirements,E:\football_v\.venv\Lib\site-packages\pip\_internal\build_env.py
_hash_dict,E:\football_v\.venv\Lib\site-packages\pip\_internal\cache.py
__init__,E:\football_v\.venv\Lib\site-packages\pip\_internal\cache.py
_get_cache_path_parts,E:\football_v\.venv\Lib\site-packages\pip\_internal\cache.py
_get_candidates,E:\football_v\.venv\Lib\site-packages\pip\_internal\cache.py
get_path_for_link,E:\football_v\.venv\Lib\site-packages\pip\_internal\cache.py
get,E:\football_v\.venv\Lib\site-packages\pip\_internal\cache.py
__init__,E:\football_v\.venv\Lib\site-packages\pip\_internal\cache.py
get_path_for_link,E:\football_v\.venv\Lib\site-packages\pip\_internal\cache.py
get,E:\football_v\.venv\Lib\site-packages\pip\_internal\cache.py
__init__,E:\football_v\.venv\Lib\site-packages\pip\_internal\cache.py
__init__,E:\football_v\.venv\Lib\site-packages\pip\_internal\cache.py
__init__,E:\football_v\.venv\Lib\site-packages\pip\_internal\cache.py
get_path_for_link,E:\football_v\.venv\Lib\site-packages\pip\_internal\cache.py
get_ephem_path_for_link,E:\football_v\.venv\Lib\site-packages\pip\_internal\cache.py
get,E:\football_v\.venv\Lib\site-packages\pip\_internal\cache.py
get_cache_entry,E:\football_v\.venv\Lib\site-packages\pip\_internal\cache.py
record_download_origin,E:\football_v\.venv\Lib\site-packages\pip\_internal\cache.py
_normalize_name,E:\football_v\.venv\Lib\site-packages\pip\_internal\configuration.py
_disassemble_key,E:\football_v\.venv\Lib\site-packages\pip\_internal\configuration.py
get_configuration_files,E:\football_v\.venv\Lib\site-packages\pip\_internal\configuration.py
__init__,E:\football_v\.venv\Lib\site-packages\pip\_internal\configuration.py
load,E:\football_v\.venv\Lib\site-packages\pip\_internal\configuration.py
get_file_to_edit,E:\football_v\.venv\Lib\site-packages\pip\_internal\configuration.py
items,E:\football_v\.venv\Lib\site-packages\pip\_internal\configuration.py
get_value,E:\football_v\.venv\Lib\site-packages\pip\_internal\configuration.py
set_value,E:\football_v\.venv\Lib\site-packages\pip\_internal\configuration.py
unset_value,E:\football_v\.venv\Lib\site-packages\pip\_internal\configuration.py
save,E:\football_v\.venv\Lib\site-packages\pip\_internal\configuration.py
_ensure_have_load_only,E:\football_v\.venv\Lib\site-packages\pip\_internal\configuration.py
_dictionary,E:\football_v\.venv\Lib\site-packages\pip\_internal\configuration.py
_load_config_files,E:\football_v\.venv\Lib\site-packages\pip\_internal\configuration.py
_load_file,E:\football_v\.venv\Lib\site-packages\pip\_internal\configuration.py
_construct_parser,E:\football_v\.venv\Lib\site-packages\pip\_internal\configuration.py
_load_environment_vars,E:\football_v\.venv\Lib\site-packages\pip\_internal\configuration.py
_normalized_keys,E:\football_v\.venv\Lib\site-packages\pip\_internal\configuration.py
get_environ_vars,E:\football_v\.venv\Lib\site-packages\pip\_internal\configuration.py
iter_config_files,E:\football_v\.venv\Lib\site-packages\pip\_internal\configuration.py
get_values_in_config,E:\football_v\.venv\Lib\site-packages\pip\_internal\configuration.py
_get_parser_to_modify,E:\football_v\.venv\Lib\site-packages\pip\_internal\configuration.py
_mark_as_modified,E:\football_v\.venv\Lib\site-packages\pip\_internal\configuration.py
__repr__,E:\football_v\.venv\Lib\site-packages\pip\_internal\configuration.py
_is_kebab_case,E:\football_v\.venv\Lib\site-packages\pip\_internal\exceptions.py
_prefix_with_indent,E:\football_v\.venv\Lib\site-packages\pip\_internal\exceptions.py
__init__,E:\football_v\.venv\Lib\site-packages\pip\_internal\exceptions.py
__repr__,E:\football_v\.venv\Lib\site-packages\pip\_internal\exceptions.py
__rich_console__,E:\football_v\.venv\Lib\site-packages\pip\_internal\exceptions.py
__init__,E:\football_v\.venv\Lib\site-packages\pip\_internal\exceptions.py
__init__,E:\football_v\.venv\Lib\site-packages\pip\_internal\exceptions.py
__init__,E:\football_v\.venv\Lib\site-packages\pip\_internal\exceptions.py
__str__,E:\football_v\.venv\Lib\site-packages\pip\_internal\exceptions.py
__str__,E:\football_v\.venv\Lib\site-packages\pip\_internal\exceptions.py
__str__,E:\football_v\.venv\Lib\site-packages\pip\_internal\exceptions.py
__init__,E:\football_v\.venv\Lib\site-packages\pip\_internal\exceptions.py
__str__,E:\football_v\.venv\Lib\site-packages\pip\_internal\exceptions.py
__init__,E:\football_v\.venv\Lib\site-packages\pip\_internal\exceptions.py
__str__,E:\football_v\.venv\Lib\site-packages\pip\_internal\exceptions.py
__init__,E:\football_v\.venv\Lib\site-packages\pip\_internal\exceptions.py
__str__,E:\football_v\.venv\Lib\site-packages\pip\_internal\exceptions.py
__init__,E:\football_v\.venv\Lib\site-packages\pip\_internal\exceptions.py
__str__,E:\football_v\.venv\Lib\site-packages\pip\_internal\exceptions.py
__init__,E:\football_v\.venv\Lib\site-packages\pip\_internal\exceptions.py
__str__,E:\football_v\.venv\Lib\site-packages\pip\_internal\exceptions.py
__init__,E:\football_v\.venv\Lib\site-packages\pip\_internal\exceptions.py
__str__,E:\football_v\.venv\Lib\site-packages\pip\_internal\exceptions.py
__init__,E:\football_v\.venv\Lib\site-packages\pip\_internal\exceptions.py
append,E:\football_v\.venv\Lib\site-packages\pip\_internal\exceptions.py
__str__,E:\football_v\.venv\Lib\site-packages\pip\_internal\exceptions.py
__bool__,E:\football_v\.venv\Lib\site-packages\pip\_internal\exceptions.py
body,E:\football_v\.venv\Lib\site-packages\pip\_internal\exceptions.py
__str__,E:\football_v\.venv\Lib\site-packages\pip\_internal\exceptions.py
_requirement_name,E:\football_v\.venv\Lib\site-packages\pip\_internal\exceptions.py
__init__,E:\football_v\.venv\Lib\site-packages\pip\_internal\exceptions.py
body,E:\football_v\.venv\Lib\site-packages\pip\_internal\exceptions.py
__init__,E:\football_v\.venv\Lib\site-packages\pip\_internal\exceptions.py
body,E:\football_v\.venv\Lib\site-packages\pip\_internal\exceptions.py
_hash_comparison,E:\football_v\.venv\Lib\site-packages\pip\_internal\exceptions.py
__init__,E:\football_v\.venv\Lib\site-packages\pip\_internal\exceptions.py
__str__,E:\football_v\.venv\Lib\site-packages\pip\_internal\exceptions.py
__init__,E:\football_v\.venv\Lib\site-packages\pip\_internal\exceptions.py
_iter_externally_managed_error_keys,E:\football_v\.venv\Lib\site-packages\pip\_internal\exceptions.py
from_config,E:\football_v\.venv\Lib\site-packages\pip\_internal\exceptions.py
__init__,E:\football_v\.venv\Lib\site-packages\pip\_internal\exceptions.py
__init__,E:\football_v\.venv\Lib\site-packages\pip\_internal\exceptions.py
__init__,E:\football_v\.venv\Lib\site-packages\pip\_internal\exceptions.py
hash_then_or,E:\football_v\.venv\Lib\site-packages\pip\_internal\exceptions.py
main,E:\football_v\.venv\Lib\site-packages\pip\_internal\main.py
_is_list_of_str,E:\football_v\.venv\Lib\site-packages\pip\_internal\pyproject.py
make_pyproject_path,E:\football_v\.venv\Lib\site-packages\pip\_internal\pyproject.py
load_pyproject_toml,E:\football_v\.venv\Lib\site-packages\pip\_internal\pyproject.py
_get_statefile_name,E:\football_v\.venv\Lib\site-packages\pip\_internal\self_outdated_check.py
_convert_date,E:\football_v\.venv\Lib\site-packages\pip\_internal\self_outdated_check.py
was_installed_by_pip,E:\football_v\.venv\Lib\site-packages\pip\_internal\self_outdated_check.py
_get_current_remote_pip_version,E:\football_v\.venv\Lib\site-packages\pip\_internal\self_outdated_check.py
_self_version_check_logic,E:\football_v\.venv\Lib\site-packages\pip\_internal\self_outdated_check.py
pip_self_version_check,E:\football_v\.venv\Lib\site-packages\pip\_internal\self_outdated_check.py
__init__,E:\football_v\.venv\Lib\site-packages\pip\_internal\self_outdated_check.py
key,E:\football_v\.venv\Lib\site-packages\pip\_internal\self_outdated_check.py
get,E:\football_v\.venv\Lib\site-packages\pip\_internal\self_outdated_check.py
set,E:\football_v\.venv\Lib\site-packages\pip\_internal\self_outdated_check.py
__rich__,E:\football_v\.venv\Lib\site-packages\pip\_internal\self_outdated_check.py
_contains_egg_info,E:\football_v\.venv\Lib\site-packages\pip\_internal\wheel_builder.py
_should_build,E:\football_v\.venv\Lib\site-packages\pip\_internal\wheel_builder.py
should_build_for_wheel_command,E:\football_v\.venv\Lib\site-packages\pip\_internal\wheel_builder.py
should_build_for_install_command,E:\football_v\.venv\Lib\site-packages\pip\_internal\wheel_builder.py
_should_cache,E:\football_v\.venv\Lib\site-packages\pip\_internal\wheel_builder.py
_get_cache_dir,E:\football_v\.venv\Lib\site-packages\pip\_internal\wheel_builder.py
_verify_one,E:\football_v\.venv\Lib\site-packages\pip\_internal\wheel_builder.py
_build_one,E:\football_v\.venv\Lib\site-packages\pip\_internal\wheel_builder.py
_build_one_inside_env,E:\football_v\.venv\Lib\site-packages\pip\_internal\wheel_builder.py
_clean_one_legacy,E:\football_v\.venv\Lib\site-packages\pip\_internal\wheel_builder.py
build,E:\football_v\.venv\Lib\site-packages\pip\_internal\wheel_builder.py
main,E:\football_v\.venv\Lib\site-packages\pip\_internal\__init__.py
autocomplete,E:\football_v\.venv\Lib\site-packages\pip\_internal\cli\autocompletion.py
get_path_completion_type,E:\football_v\.venv\Lib\site-packages\pip\_internal\cli\autocompletion.py
auto_complete_paths,E:\football_v\.venv\Lib\site-packages\pip\_internal\cli\autocompletion.py
__init__,E:\football_v\.venv\Lib\site-packages\pip\_internal\cli\base_command.py
add_options,E:\football_v\.venv\Lib\site-packages\pip\_internal\cli\base_command.py
handle_pip_version_check,E:\football_v\.venv\Lib\site-packages\pip\_internal\cli\base_command.py
run,E:\football_v\.venv\Lib\site-packages\pip\_internal\cli\base_command.py
_run_wrapper,E:\football_v\.venv\Lib\site-packages\pip\_internal\cli\base_command.py
parse_args,E:\football_v\.venv\Lib\site-packages\pip\_internal\cli\base_command.py
main,E:\football_v\.venv\Lib\site-packages\pip\_internal\cli\base_command.py
_main,E:\football_v\.venv\Lib\site-packages\pip\_internal\cli\base_command.py
_inner_run,E:\football_v\.venv\Lib\site-packages\pip\_internal\cli\base_command.py
raise_option_error,E:\football_v\.venv\Lib\site-packages\pip\_internal\cli\cmdoptions.py
make_option_group,E:\football_v\.venv\Lib\site-packages\pip\_internal\cli\cmdoptions.py
check_dist_restriction,E:\football_v\.venv\Lib\site-packages\pip\_internal\cli\cmdoptions.py
_path_option_check,E:\football_v\.venv\Lib\site-packages\pip\_internal\cli\cmdoptions.py
_package_name_option_check,E:\football_v\.venv\Lib\site-packages\pip\_internal\cli\cmdoptions.py
exists_action,E:\football_v\.venv\Lib\site-packages\pip\_internal\cli\cmdoptions.py
extra_index_url,E:\football_v\.venv\Lib\site-packages\pip\_internal\cli\cmdoptions.py
find_links,E:\football_v\.venv\Lib\site-packages\pip\_internal\cli\cmdoptions.py
trusted_host,E:\football_v\.venv\Lib\site-packages\pip\_internal\cli\cmdoptions.py
constraints,E:\football_v\.venv\Lib\site-packages\pip\_internal\cli\cmdoptions.py
requirements,E:\football_v\.venv\Lib\site-packages\pip\_internal\cli\cmdoptions.py
editable,E:\football_v\.venv\Lib\site-packages\pip\_internal\cli\cmdoptions.py
_handle_src,E:\football_v\.venv\Lib\site-packages\pip\_internal\cli\cmdoptions.py
_get_format_control,E:\football_v\.venv\Lib\site-packages\pip\_internal\cli\cmdoptions.py
_handle_no_binary,E:\football_v\.venv\Lib\site-packages\pip\_internal\cli\cmdoptions.py
_handle_only_binary,E:\football_v\.venv\Lib\site-packages\pip\_internal\cli\cmdoptions.py
no_binary,E:\football_v\.venv\Lib\site-packages\pip\_internal\cli\cmdoptions.py
only_binary,E:\football_v\.venv\Lib\site-packages\pip\_internal\cli\cmdoptions.py
_convert_python_version,E:\football_v\.venv\Lib\site-packages\pip\_internal\cli\cmdoptions.py
_handle_python_version,E:\football_v\.venv\Lib\site-packages\pip\_internal\cli\cmdoptions.py
add_target_python_options,E:\football_v\.venv\Lib\site-packages\pip\_internal\cli\cmdoptions.py
make_target_python,E:\football_v\.venv\Lib\site-packages\pip\_internal\cli\cmdoptions.py
prefer_binary,E:\football_v\.venv\Lib\site-packages\pip\_internal\cli\cmdoptions.py
_handle_no_cache_dir,E:\football_v\.venv\Lib\site-packages\pip\_internal\cli\cmdoptions.py
_handle_no_use_pep517,E:\football_v\.venv\Lib\site-packages\pip\_internal\cli\cmdoptions.py
_handle_config_settings,E:\football_v\.venv\Lib\site-packages\pip\_internal\cli\cmdoptions.py
_handle_merge_hash,E:\football_v\.venv\Lib\site-packages\pip\_internal\cli\cmdoptions.py
check_list_path_option,E:\football_v\.venv\Lib\site-packages\pip\_internal\cli\cmdoptions.py
__init__,E:\football_v\.venv\Lib\site-packages\pip\_internal\cli\command_context.py
main_context,E:\football_v\.venv\Lib\site-packages\pip\_internal\cli\command_context.py
enter_context,E:\football_v\.venv\Lib\site-packages\pip\_internal\cli\command_context.py
_create_truststore_ssl_context,E:\football_v\.venv\Lib\site-packages\pip\_internal\cli\index_command.py
_pip_self_version_check,E:\football_v\.venv\Lib\site-packages\pip\_internal\cli\index_command.py
__init__,E:\football_v\.venv\Lib\site-packages\pip\_internal\cli\index_command.py
_get_index_urls,E:\football_v\.venv\Lib\site-packages\pip\_internal\cli\index_command.py
get_default_session,E:\football_v\.venv\Lib\site-packages\pip\_internal\cli\index_command.py
_build_session,E:\football_v\.venv\Lib\site-packages\pip\_internal\cli\index_command.py
handle_pip_version_check,E:\football_v\.venv\Lib\site-packages\pip\_internal\cli\index_command.py
main,E:\football_v\.venv\Lib\site-packages\pip\_internal\cli\main.py
create_main_parser,E:\football_v\.venv\Lib\site-packages\pip\_internal\cli\main_parser.py
identify_python_interpreter,E:\football_v\.venv\Lib\site-packages\pip\_internal\cli\main_parser.py
parse_command,E:\football_v\.venv\Lib\site-packages\pip\_internal\cli\main_parser.py
__init__,E:\football_v\.venv\Lib\site-packages\pip\_internal\cli\parser.py
format_option_strings,E:\football_v\.venv\Lib\site-packages\pip\_internal\cli\parser.py
_format_option_strings,E:\football_v\.venv\Lib\site-packages\pip\_internal\cli\parser.py
format_heading,E:\football_v\.venv\Lib\site-packages\pip\_internal\cli\parser.py
format_usage,E:\football_v\.venv\Lib\site-packages\pip\_internal\cli\parser.py
format_description,E:\football_v\.venv\Lib\site-packages\pip\_internal\cli\parser.py
format_epilog,E:\football_v\.venv\Lib\site-packages\pip\_internal\cli\parser.py
indent_lines,E:\football_v\.venv\Lib\site-packages\pip\_internal\cli\parser.py
expand_default,E:\football_v\.venv\Lib\site-packages\pip\_internal\cli\parser.py
insert_option_group,E:\football_v\.venv\Lib\site-packages\pip\_internal\cli\parser.py
option_list_all,E:\football_v\.venv\Lib\site-packages\pip\_internal\cli\parser.py
__init__,E:\football_v\.venv\Lib\site-packages\pip\_internal\cli\parser.py
check_default,E:\football_v\.venv\Lib\site-packages\pip\_internal\cli\parser.py
_get_ordered_configuration_items,E:\football_v\.venv\Lib\site-packages\pip\_internal\cli\parser.py
_update_defaults,E:\football_v\.venv\Lib\site-packages\pip\_internal\cli\parser.py
get_default_values,E:\football_v\.venv\Lib\site-packages\pip\_internal\cli\parser.py
error,E:\football_v\.venv\Lib\site-packages\pip\_internal\cli\parser.py
_rich_progress_bar,E:\football_v\.venv\Lib\site-packages\pip\_internal\cli\progress_bars.py
_raw_progress_bar,E:\football_v\.venv\Lib\site-packages\pip\_internal\cli\progress_bars.py
get_download_progress_renderer,E:\football_v\.venv\Lib\site-packages\pip\_internal\cli\progress_bars.py
write_progress,E:\football_v\.venv\Lib\site-packages\pip\_internal\cli\progress_bars.py
with_cleanup,E:\football_v\.venv\Lib\site-packages\pip\_internal\cli\req_command.py
configure_tempdir_registry,E:\football_v\.venv\Lib\site-packages\pip\_internal\cli\req_command.py
wrapper,E:\football_v\.venv\Lib\site-packages\pip\_internal\cli\req_command.py
__init__,E:\football_v\.venv\Lib\site-packages\pip\_internal\cli\req_command.py
determine_resolver_variant,E:\football_v\.venv\Lib\site-packages\pip\_internal\cli\req_command.py
make_requirement_preparer,E:\football_v\.venv\Lib\site-packages\pip\_internal\cli\req_command.py
make_resolver,E:\football_v\.venv\Lib\site-packages\pip\_internal\cli\req_command.py
get_requirements,E:\football_v\.venv\Lib\site-packages\pip\_internal\cli\req_command.py
trace_basic_info,E:\football_v\.venv\Lib\site-packages\pip\_internal\cli\req_command.py
_build_package_finder,E:\football_v\.venv\Lib\site-packages\pip\_internal\cli\req_command.py
open_spinner,E:\football_v\.venv\Lib\site-packages\pip\_internal\cli\spinners.py
hidden_cursor,E:\football_v\.venv\Lib\site-packages\pip\_internal\cli\spinners.py
spin,E:\football_v\.venv\Lib\site-packages\pip\_internal\cli\spinners.py
finish,E:\football_v\.venv\Lib\site-packages\pip\_internal\cli\spinners.py
__init__,E:\football_v\.venv\Lib\site-packages\pip\_internal\cli\spinners.py
_write,E:\football_v\.venv\Lib\site-packages\pip\_internal\cli\spinners.py
spin,E:\football_v\.venv\Lib\site-packages\pip\_internal\cli\spinners.py
finish,E:\football_v\.venv\Lib\site-packages\pip\_internal\cli\spinners.py
__init__,E:\football_v\.venv\Lib\site-packages\pip\_internal\cli\spinners.py
_update,E:\football_v\.venv\Lib\site-packages\pip\_internal\cli\spinners.py
spin,E:\football_v\.venv\Lib\site-packages\pip\_internal\cli\spinners.py
finish,E:\football_v\.venv\Lib\site-packages\pip\_internal\cli\spinners.py
__init__,E:\football_v\.venv\Lib\site-packages\pip\_internal\cli\spinners.py
ready,E:\football_v\.venv\Lib\site-packages\pip\_internal\cli\spinners.py
reset,E:\football_v\.venv\Lib\site-packages\pip\_internal\cli\spinners.py
add_options,E:\football_v\.venv\Lib\site-packages\pip\_internal\commands\cache.py
run,E:\football_v\.venv\Lib\site-packages\pip\_internal\commands\cache.py
get_cache_dir,E:\football_v\.venv\Lib\site-packages\pip\_internal\commands\cache.py
get_cache_info,E:\football_v\.venv\Lib\site-packages\pip\_internal\commands\cache.py
list_cache_items,E:\football_v\.venv\Lib\site-packages\pip\_internal\commands\cache.py
format_for_human,E:\football_v\.venv\Lib\site-packages\pip\_internal\commands\cache.py
format_for_abspath,E:\football_v\.venv\Lib\site-packages\pip\_internal\commands\cache.py
remove_cache_items,E:\football_v\.venv\Lib\site-packages\pip\_internal\commands\cache.py
purge_cache,E:\football_v\.venv\Lib\site-packages\pip\_internal\commands\cache.py
_cache_dir,E:\football_v\.venv\Lib\site-packages\pip\_internal\commands\cache.py
_find_http_files,E:\football_v\.venv\Lib\site-packages\pip\_internal\commands\cache.py
_find_wheels,E:\football_v\.venv\Lib\site-packages\pip\_internal\commands\cache.py
run,E:\football_v\.venv\Lib\site-packages\pip\_internal\commands\check.py
add_options,E:\football_v\.venv\Lib\site-packages\pip\_internal\commands\completion.py
run,E:\football_v\.venv\Lib\site-packages\pip\_internal\commands\completion.py
add_options,E:\football_v\.venv\Lib\site-packages\pip\_internal\commands\configuration.py
run,E:\football_v\.venv\Lib\site-packages\pip\_internal\commands\configuration.py
_determine_file,E:\football_v\.venv\Lib\site-packages\pip\_internal\commands\configuration.py
list_values,E:\football_v\.venv\Lib\site-packages\pip\_internal\commands\configuration.py
get_name,E:\football_v\.venv\Lib\site-packages\pip\_internal\commands\configuration.py
set_name_value,E:\football_v\.venv\Lib\site-packages\pip\_internal\commands\configuration.py
unset_name,E:\football_v\.venv\Lib\site-packages\pip\_internal\commands\configuration.py
list_config_values,E:\football_v\.venv\Lib\site-packages\pip\_internal\commands\configuration.py
print_config_file_values,E:\football_v\.venv\Lib\site-packages\pip\_internal\commands\configuration.py
print_env_var_values,E:\football_v\.venv\Lib\site-packages\pip\_internal\commands\configuration.py
open_in_editor,E:\football_v\.venv\Lib\site-packages\pip\_internal\commands\configuration.py
_get_n_args,E:\football_v\.venv\Lib\site-packages\pip\_internal\commands\configuration.py
_save_configuration,E:\football_v\.venv\Lib\site-packages\pip\_internal\commands\configuration.py
_determine_editor,E:\football_v\.venv\Lib\site-packages\pip\_internal\commands\configuration.py
show_value,E:\football_v\.venv\Lib\site-packages\pip\_internal\commands\debug.py
show_sys_implementation,E:\football_v\.venv\Lib\site-packages\pip\_internal\commands\debug.py
create_vendor_txt_map,E:\football_v\.venv\Lib\site-packages\pip\_internal\commands\debug.py
get_module_from_module_name,E:\football_v\.venv\Lib\site-packages\pip\_internal\commands\debug.py
get_vendor_version_from_module,E:\football_v\.venv\Lib\site-packages\pip\_internal\commands\debug.py
show_actual_vendor_versions,E:\football_v\.venv\Lib\site-packages\pip\_internal\commands\debug.py
show_vendor_versions,E:\football_v\.venv\Lib\site-packages\pip\_internal\commands\debug.py
show_tags,E:\football_v\.venv\Lib\site-packages\pip\_internal\commands\debug.py
ca_bundle_info,E:\football_v\.venv\Lib\site-packages\pip\_internal\commands\debug.py
add_options,E:\football_v\.venv\Lib\site-packages\pip\_internal\commands\debug.py
run,E:\football_v\.venv\Lib\site-packages\pip\_internal\commands\debug.py
add_options,E:\football_v\.venv\Lib\site-packages\pip\_internal\commands\download.py
run,E:\football_v\.venv\Lib\site-packages\pip\_internal\commands\download.py
_should_suppress_build_backends,E:\football_v\.venv\Lib\site-packages\pip\_internal\commands\freeze.py
_dev_pkgs,E:\football_v\.venv\Lib\site-packages\pip\_internal\commands\freeze.py
add_options,E:\football_v\.venv\Lib\site-packages\pip\_internal\commands\freeze.py
run,E:\football_v\.venv\Lib\site-packages\pip\_internal\commands\freeze.py
_hash_of_file,E:\football_v\.venv\Lib\site-packages\pip\_internal\commands\hash.py
add_options,E:\football_v\.venv\Lib\site-packages\pip\_internal\commands\hash.py
run,E:\football_v\.venv\Lib\site-packages\pip\_internal\commands\hash.py
run,E:\football_v\.venv\Lib\site-packages\pip\_internal\commands\help.py
add_options,E:\football_v\.venv\Lib\site-packages\pip\_internal\commands\index.py
run,E:\football_v\.venv\Lib\site-packages\pip\_internal\commands\index.py
_build_package_finder,E:\football_v\.venv\Lib\site-packages\pip\_internal\commands\index.py
get_available_package_versions,E:\football_v\.venv\Lib\site-packages\pip\_internal\commands\index.py
add_options,E:\football_v\.venv\Lib\site-packages\pip\_internal\commands\inspect.py
run,E:\football_v\.venv\Lib\site-packages\pip\_internal\commands\inspect.py
_dist_to_dict,E:\football_v\.venv\Lib\site-packages\pip\_internal\commands\inspect.py
get_lib_location_guesses,E:\football_v\.venv\Lib\site-packages\pip\_internal\commands\install.py
site_packages_writable,E:\football_v\.venv\Lib\site-packages\pip\_internal\commands\install.py
decide_user_install,E:\football_v\.venv\Lib\site-packages\pip\_internal\commands\install.py
create_os_error_message,E:\football_v\.venv\Lib\site-packages\pip\_internal\commands\install.py
add_options,E:\football_v\.venv\Lib\site-packages\pip\_internal\commands\install.py
run,E:\football_v\.venv\Lib\site-packages\pip\_internal\commands\install.py
_handle_target_dir,E:\football_v\.venv\Lib\site-packages\pip\_internal\commands\install.py
_determine_conflicts,E:\football_v\.venv\Lib\site-packages\pip\_internal\commands\install.py
_warn_about_conflicts,E:\football_v\.venv\Lib\site-packages\pip\_internal\commands\install.py
format_for_columns,E:\football_v\.venv\Lib\site-packages\pip\_internal\commands\list.py
format_for_json,E:\football_v\.venv\Lib\site-packages\pip\_internal\commands\list.py
add_options,E:\football_v\.venv\Lib\site-packages\pip\_internal\commands\list.py
handle_pip_version_check,E:\football_v\.venv\Lib\site-packages\pip\_internal\commands\list.py
_build_package_finder,E:\football_v\.venv\Lib\site-packages\pip\_internal\commands\list.py
run,E:\football_v\.venv\Lib\site-packages\pip\_internal\commands\list.py
get_outdated,E:\football_v\.venv\Lib\site-packages\pip\_internal\commands\list.py
get_uptodate,E:\football_v\.venv\Lib\site-packages\pip\_internal\commands\list.py
get_not_required,E:\football_v\.venv\Lib\site-packages\pip\_internal\commands\list.py
iter_packages_latest_infos,E:\football_v\.venv\Lib\site-packages\pip\_internal\commands\list.py
output_package_listing,E:\football_v\.venv\Lib\site-packages\pip\_internal\commands\list.py
output_package_listing_columns,E:\football_v\.venv\Lib\site-packages\pip\_internal\commands\list.py
latest_info,E:\football_v\.venv\Lib\site-packages\pip\_internal\commands\list.py
transform_hits,E:\football_v\.venv\Lib\site-packages\pip\_internal\commands\search.py
print_dist_installation_info,E:\football_v\.venv\Lib\site-packages\pip\_internal\commands\search.py
print_results,E:\football_v\.venv\Lib\site-packages\pip\_internal\commands\search.py
highest_version,E:\football_v\.venv\Lib\site-packages\pip\_internal\commands\search.py
add_options,E:\football_v\.venv\Lib\site-packages\pip\_internal\commands\search.py
run,E:\football_v\.venv\Lib\site-packages\pip\_internal\commands\search.py
search,E:\football_v\.venv\Lib\site-packages\pip\_internal\commands\search.py
search_packages_info,E:\football_v\.venv\Lib\site-packages\pip\_internal\commands\show.py
print_results,E:\football_v\.venv\Lib\site-packages\pip\_internal\commands\show.py
add_options,E:\football_v\.venv\Lib\site-packages\pip\_internal\commands\show.py
run,E:\football_v\.venv\Lib\site-packages\pip\_internal\commands\show.py
_get_requiring_packages,E:\football_v\.venv\Lib\site-packages\pip\_internal\commands\show.py
add_options,E:\football_v\.venv\Lib\site-packages\pip\_internal\commands\uninstall.py
run,E:\football_v\.venv\Lib\site-packages\pip\_internal\commands\uninstall.py
add_options,E:\football_v\.venv\Lib\site-packages\pip\_internal\commands\wheel.py
run,E:\football_v\.venv\Lib\site-packages\pip\_internal\commands\wheel.py
create_command,E:\football_v\.venv\Lib\site-packages\pip\_internal\commands\__init__.py
get_similar_commands,E:\football_v\.venv\Lib\site-packages\pip\_internal\commands\__init__.py
__init__,E:\football_v\.venv\Lib\site-packages\pip\_internal\distributions\base.py
build_tracker_id,E:\football_v\.venv\Lib\site-packages\pip\_internal\distributions\base.py
get_metadata_distribution,E:\football_v\.venv\Lib\site-packages\pip\_internal\distributions\base.py
prepare_distribution_metadata,E:\football_v\.venv\Lib\site-packages\pip\_internal\distributions\base.py
build_tracker_id,E:\football_v\.venv\Lib\site-packages\pip\_internal\distributions\installed.py
get_metadata_distribution,E:\football_v\.venv\Lib\site-packages\pip\_internal\distributions\installed.py
prepare_distribution_metadata,E:\football_v\.venv\Lib\site-packages\pip\_internal\distributions\installed.py
build_tracker_id,E:\football_v\.venv\Lib\site-packages\pip\_internal\distributions\sdist.py
get_metadata_distribution,E:\football_v\.venv\Lib\site-packages\pip\_internal\distributions\sdist.py
prepare_distribution_metadata,E:\football_v\.venv\Lib\site-packages\pip\_internal\distributions\sdist.py
_prepare_build_backend,E:\football_v\.venv\Lib\site-packages\pip\_internal\distributions\sdist.py
_get_build_requires_wheel,E:\football_v\.venv\Lib\site-packages\pip\_internal\distributions\sdist.py
_get_build_requires_editable,E:\football_v\.venv\Lib\site-packages\pip\_internal\distributions\sdist.py
_install_build_reqs,E:\football_v\.venv\Lib\site-packages\pip\_internal\distributions\sdist.py
_raise_conflicts,E:\football_v\.venv\Lib\site-packages\pip\_internal\distributions\sdist.py
_raise_missing_reqs,E:\football_v\.venv\Lib\site-packages\pip\_internal\distributions\sdist.py
build_tracker_id,E:\football_v\.venv\Lib\site-packages\pip\_internal\distributions\wheel.py
get_metadata_distribution,E:\football_v\.venv\Lib\site-packages\pip\_internal\distributions\wheel.py
prepare_distribution_metadata,E:\football_v\.venv\Lib\site-packages\pip\_internal\distributions\wheel.py
make_distribution_for_install_requirement,E:\football_v\.venv\Lib\site-packages\pip\_internal\distributions\__init__.py
_match_vcs_scheme,E:\football_v\.venv\Lib\site-packages\pip\_internal\index\collector.py
_ensure_api_header,E:\football_v\.venv\Lib\site-packages\pip\_internal\index\collector.py
_ensure_api_response,E:\football_v\.venv\Lib\site-packages\pip\_internal\index\collector.py
_get_simple_response,E:\football_v\.venv\Lib\site-packages\pip\_internal\index\collector.py
_get_encoding_from_headers,E:\football_v\.venv\Lib\site-packages\pip\_internal\index\collector.py
with_cached_index_content,E:\football_v\.venv\Lib\site-packages\pip\_internal\index\collector.py
parse_links,E:\football_v\.venv\Lib\site-packages\pip\_internal\index\collector.py
_handle_get_simple_fail,E:\football_v\.venv\Lib\site-packages\pip\_internal\index\collector.py
_make_index_content,E:\football_v\.venv\Lib\site-packages\pip\_internal\index\collector.py
_get_index_content,E:\football_v\.venv\Lib\site-packages\pip\_internal\index\collector.py
__init__,E:\football_v\.venv\Lib\site-packages\pip\_internal\index\collector.py
__init__,E:\football_v\.venv\Lib\site-packages\pip\_internal\index\collector.py
__eq__,E:\football_v\.venv\Lib\site-packages\pip\_internal\index\collector.py
__hash__,E:\football_v\.venv\Lib\site-packages\pip\_internal\index\collector.py
__call__,E:\football_v\.venv\Lib\site-packages\pip\_internal\index\collector.py
wrapper,E:\football_v\.venv\Lib\site-packages\pip\_internal\index\collector.py
wrapper_wrapper,E:\football_v\.venv\Lib\site-packages\pip\_internal\index\collector.py
__str__,E:\football_v\.venv\Lib\site-packages\pip\_internal\index\collector.py
__init__,E:\football_v\.venv\Lib\site-packages\pip\_internal\index\collector.py
handle_starttag,E:\football_v\.venv\Lib\site-packages\pip\_internal\index\collector.py
get_href,E:\football_v\.venv\Lib\site-packages\pip\_internal\index\collector.py
__init__,E:\football_v\.venv\Lib\site-packages\pip\_internal\index\collector.py
create,E:\football_v\.venv\Lib\site-packages\pip\_internal\index\collector.py
find_links,E:\football_v\.venv\Lib\site-packages\pip\_internal\index\collector.py
fetch_response,E:\football_v\.venv\Lib\site-packages\pip\_internal\index\collector.py
collect_sources,E:\football_v\.venv\Lib\site-packages\pip\_internal\index\collector.py
_check_link_requires_python,E:\football_v\.venv\Lib\site-packages\pip\_internal\index\package_finder.py
filter_unallowed_hashes,E:\football_v\.venv\Lib\site-packages\pip\_internal\index\package_finder.py
_find_name_version_sep,E:\football_v\.venv\Lib\site-packages\pip\_internal\index\package_finder.py
_extract_version_from_fragment,E:\football_v\.venv\Lib\site-packages\pip\_internal\index\package_finder.py
__init__,E:\football_v\.venv\Lib\site-packages\pip\_internal\index\package_finder.py
evaluate_link,E:\football_v\.venv\Lib\site-packages\pip\_internal\index\package_finder.py
__post_init__,E:\football_v\.venv\Lib\site-packages\pip\_internal\index\package_finder.py
create,E:\football_v\.venv\Lib\site-packages\pip\_internal\index\package_finder.py
__init__,E:\football_v\.venv\Lib\site-packages\pip\_internal\index\package_finder.py
get_applicable_candidates,E:\football_v\.venv\Lib\site-packages\pip\_internal\index\package_finder.py
_sort_key,E:\football_v\.venv\Lib\site-packages\pip\_internal\index\package_finder.py
sort_best_candidate,E:\football_v\.venv\Lib\site-packages\pip\_internal\index\package_finder.py
compute_best_candidate,E:\football_v\.venv\Lib\site-packages\pip\_internal\index\package_finder.py
__init__,E:\football_v\.venv\Lib\site-packages\pip\_internal\index\package_finder.py
create,E:\football_v\.venv\Lib\site-packages\pip\_internal\index\package_finder.py
target_python,E:\football_v\.venv\Lib\site-packages\pip\_internal\index\package_finder.py
search_scope,E:\football_v\.venv\Lib\site-packages\pip\_internal\index\package_finder.py
search_scope,E:\football_v\.venv\Lib\site-packages\pip\_internal\index\package_finder.py
find_links,E:\football_v\.venv\Lib\site-packages\pip\_internal\index\package_finder.py
index_urls,E:\football_v\.venv\Lib\site-packages\pip\_internal\index\package_finder.py
proxy,E:\football_v\.venv\Lib\site-packages\pip\_internal\index\package_finder.py
trusted_hosts,E:\football_v\.venv\Lib\site-packages\pip\_internal\index\package_finder.py
custom_cert,E:\football_v\.venv\Lib\site-packages\pip\_internal\index\package_finder.py
client_cert,E:\football_v\.venv\Lib\site-packages\pip\_internal\index\package_finder.py
allow_all_prereleases,E:\football_v\.venv\Lib\site-packages\pip\_internal\index\package_finder.py
set_allow_all_prereleases,E:\football_v\.venv\Lib\site-packages\pip\_internal\index\package_finder.py
prefer_binary,E:\football_v\.venv\Lib\site-packages\pip\_internal\index\package_finder.py
set_prefer_binary,E:\football_v\.venv\Lib\site-packages\pip\_internal\index\package_finder.py
requires_python_skipped_reasons,E:\football_v\.venv\Lib\site-packages\pip\_internal\index\package_finder.py
make_link_evaluator,E:\football_v\.venv\Lib\site-packages\pip\_internal\index\package_finder.py
_sort_links,E:\football_v\.venv\Lib\site-packages\pip\_internal\index\package_finder.py
_log_skipped_link,E:\football_v\.venv\Lib\site-packages\pip\_internal\index\package_finder.py
get_install_candidate,E:\football_v\.venv\Lib\site-packages\pip\_internal\index\package_finder.py
evaluate_links,E:\football_v\.venv\Lib\site-packages\pip\_internal\index\package_finder.py
process_project_url,E:\football_v\.venv\Lib\site-packages\pip\_internal\index\package_finder.py
find_all_candidates,E:\football_v\.venv\Lib\site-packages\pip\_internal\index\package_finder.py
make_candidate_evaluator,E:\football_v\.venv\Lib\site-packages\pip\_internal\index\package_finder.py
find_best_candidate,E:\football_v\.venv\Lib\site-packages\pip\_internal\index\package_finder.py
find_requirement,E:\football_v\.venv\Lib\site-packages\pip\_internal\index\package_finder.py
_format_versions,E:\football_v\.venv\Lib\site-packages\pip\_internal\index\package_finder.py
_should_install_candidate,E:\football_v\.venv\Lib\site-packages\pip\_internal\index\package_finder.py
_is_html_file,E:\football_v\.venv\Lib\site-packages\pip\_internal\index\sources.py
build_source,E:\football_v\.venv\Lib\site-packages\pip\_internal\index\sources.py
link,E:\football_v\.venv\Lib\site-packages\pip\_internal\index\sources.py
page_candidates,E:\football_v\.venv\Lib\site-packages\pip\_internal\index\sources.py
file_links,E:\football_v\.venv\Lib\site-packages\pip\_internal\index\sources.py
__init__,E:\football_v\.venv\Lib\site-packages\pip\_internal\index\sources.py
_scan_directory,E:\football_v\.venv\Lib\site-packages\pip\_internal\index\sources.py
page_candidates,E:\football_v\.venv\Lib\site-packages\pip\_internal\index\sources.py
project_name_to_urls,E:\football_v\.venv\Lib\site-packages\pip\_internal\index\sources.py
__init__,E:\football_v\.venv\Lib\site-packages\pip\_internal\index\sources.py
link,E:\football_v\.venv\Lib\site-packages\pip\_internal\index\sources.py
page_candidates,E:\football_v\.venv\Lib\site-packages\pip\_internal\index\sources.py
file_links,E:\football_v\.venv\Lib\site-packages\pip\_internal\index\sources.py
__init__,E:\football_v\.venv\Lib\site-packages\pip\_internal\index\sources.py
link,E:\football_v\.venv\Lib\site-packages\pip\_internal\index\sources.py
page_candidates,E:\football_v\.venv\Lib\site-packages\pip\_internal\index\sources.py
file_links,E:\football_v\.venv\Lib\site-packages\pip\_internal\index\sources.py
__init__,E:\football_v\.venv\Lib\site-packages\pip\_internal\index\sources.py
link,E:\football_v\.venv\Lib\site-packages\pip\_internal\index\sources.py
page_candidates,E:\football_v\.venv\Lib\site-packages\pip\_internal\index\sources.py
file_links,E:\football_v\.venv\Lib\site-packages\pip\_internal\index\sources.py
__init__,E:\football_v\.venv\Lib\site-packages\pip\_internal\index\sources.py
link,E:\football_v\.venv\Lib\site-packages\pip\_internal\index\sources.py
page_candidates,E:\football_v\.venv\Lib\site-packages\pip\_internal\index\sources.py
file_links,E:\football_v\.venv\Lib\site-packages\pip\_internal\index\sources.py
get_major_minor_version,E:\football_v\.venv\Lib\site-packages\pip\_internal\locations\base.py
change_root,E:\football_v\.venv\Lib\site-packages\pip\_internal\locations\base.py
get_src_prefix,E:\football_v\.venv\Lib\site-packages\pip\_internal\locations\base.py
is_osx_framework,E:\football_v\.venv\Lib\site-packages\pip\_internal\locations\base.py
distutils_scheme,E:\football_v\.venv\Lib\site-packages\pip\_internal\locations\_distutils.py
get_scheme,E:\football_v\.venv\Lib\site-packages\pip\_internal\locations\_distutils.py
get_bin_prefix,E:\football_v\.venv\Lib\site-packages\pip\_internal\locations\_distutils.py
get_purelib,E:\football_v\.venv\Lib\site-packages\pip\_internal\locations\_distutils.py
get_platlib,E:\football_v\.venv\Lib\site-packages\pip\_internal\locations\_distutils.py
_should_use_osx_framework_prefix,E:\football_v\.venv\Lib\site-packages\pip\_internal\locations\_sysconfig.py
_infer_prefix,E:\football_v\.venv\Lib\site-packages\pip\_internal\locations\_sysconfig.py
_infer_user,E:\football_v\.venv\Lib\site-packages\pip\_internal\locations\_sysconfig.py
_infer_home,E:\football_v\.venv\Lib\site-packages\pip\_internal\locations\_sysconfig.py
get_scheme,E:\football_v\.venv\Lib\site-packages\pip\_internal\locations\_sysconfig.py
get_bin_prefix,E:\football_v\.venv\Lib\site-packages\pip\_internal\locations\_sysconfig.py
get_purelib,E:\football_v\.venv\Lib\site-packages\pip\_internal\locations\_sysconfig.py
get_platlib,E:\football_v\.venv\Lib\site-packages\pip\_internal\locations\_sysconfig.py
_should_use_sysconfig,E:\football_v\.venv\Lib\site-packages\pip\_internal\locations\__init__.py
_looks_like_bpo_44860,E:\football_v\.venv\Lib\site-packages\pip\_internal\locations\__init__.py
_looks_like_red_hat_patched_platlib_purelib,E:\football_v\.venv\Lib\site-packages\pip\_internal\locations\__init__.py
_looks_like_red_hat_lib,E:\football_v\.venv\Lib\site-packages\pip\_internal\locations\__init__.py
_looks_like_debian_scheme,E:\football_v\.venv\Lib\site-packages\pip\_internal\locations\__init__.py
_looks_like_red_hat_scheme,E:\football_v\.venv\Lib\site-packages\pip\_internal\locations\__init__.py
_looks_like_slackware_scheme,E:\football_v\.venv\Lib\site-packages\pip\_internal\locations\__init__.py
_looks_like_msys2_mingw_scheme,E:\football_v\.venv\Lib\site-packages\pip\_internal\locations\__init__.py
_fix_abiflags,E:\football_v\.venv\Lib\site-packages\pip\_internal\locations\__init__.py
_warn_mismatched,E:\football_v\.venv\Lib\site-packages\pip\_internal\locations\__init__.py
_warn_if_mismatch,E:\football_v\.venv\Lib\site-packages\pip\_internal\locations\__init__.py
_log_context,E:\football_v\.venv\Lib\site-packages\pip\_internal\locations\__init__.py
get_scheme,E:\football_v\.venv\Lib\site-packages\pip\_internal\locations\__init__.py
get_bin_prefix,E:\football_v\.venv\Lib\site-packages\pip\_internal\locations\__init__.py
get_bin_user,E:\football_v\.venv\Lib\site-packages\pip\_internal\locations\__init__.py
_looks_like_deb_system_dist_packages,E:\football_v\.venv\Lib\site-packages\pip\_internal\locations\__init__.py
get_purelib,E:\football_v\.venv\Lib\site-packages\pip\_internal\locations\__init__.py
get_platlib,E:\football_v\.venv\Lib\site-packages\pip\_internal\locations\__init__.py
_convert_installed_files_path,E:\football_v\.venv\Lib\site-packages\pip\_internal\metadata\base.py
name,E:\football_v\.venv\Lib\site-packages\pip\_internal\metadata\base.py
value,E:\football_v\.venv\Lib\site-packages\pip\_internal\metadata\base.py
group,E:\football_v\.venv\Lib\site-packages\pip\_internal\metadata\base.py
from_directory,E:\football_v\.venv\Lib\site-packages\pip\_internal\metadata\base.py
from_metadata_file_contents,E:\football_v\.venv\Lib\site-packages\pip\_internal\metadata\base.py
from_wheel,E:\football_v\.venv\Lib\site-packages\pip\_internal\metadata\base.py
__repr__,E:\football_v\.venv\Lib\site-packages\pip\_internal\metadata\base.py
__str__,E:\football_v\.venv\Lib\site-packages\pip\_internal\metadata\base.py
location,E:\football_v\.venv\Lib\site-packages\pip\_internal\metadata\base.py
editable_project_location,E:\football_v\.venv\Lib\site-packages\pip\_internal\metadata\base.py
installed_location,E:\football_v\.venv\Lib\site-packages\pip\_internal\metadata\base.py
info_location,E:\football_v\.venv\Lib\site-packages\pip\_internal\metadata\base.py
installed_by_distutils,E:\football_v\.venv\Lib\site-packages\pip\_internal\metadata\base.py
installed_as_egg,E:\football_v\.venv\Lib\site-packages\pip\_internal\metadata\base.py
installed_with_setuptools_egg_info,E:\football_v\.venv\Lib\site-packages\pip\_internal\metadata\base.py
installed_with_dist_info,E:\football_v\.venv\Lib\site-packages\pip\_internal\metadata\base.py
canonical_name,E:\football_v\.venv\Lib\site-packages\pip\_internal\metadata\base.py
version,E:\football_v\.venv\Lib\site-packages\pip\_internal\metadata\base.py
raw_version,E:\football_v\.venv\Lib\site-packages\pip\_internal\metadata\base.py
setuptools_filename,E:\football_v\.venv\Lib\site-packages\pip\_internal\metadata\base.py
direct_url,E:\football_v\.venv\Lib\site-packages\pip\_internal\metadata\base.py
installer,E:\football_v\.venv\Lib\site-packages\pip\_internal\metadata\base.py
requested,E:\football_v\.venv\Lib\site-packages\pip\_internal\metadata\base.py
editable,E:\football_v\.venv\Lib\site-packages\pip\_internal\metadata\base.py
local,E:\football_v\.venv\Lib\site-packages\pip\_internal\metadata\base.py
in_usersite,E:\football_v\.venv\Lib\site-packages\pip\_internal\metadata\base.py
in_site_packages,E:\football_v\.venv\Lib\site-packages\pip\_internal\metadata\base.py
is_file,E:\football_v\.venv\Lib\site-packages\pip\_internal\metadata\base.py
iter_distutils_script_names,E:\football_v\.venv\Lib\site-packages\pip\_internal\metadata\base.py
read_text,E:\football_v\.venv\Lib\site-packages\pip\_internal\metadata\base.py
iter_entry_points,E:\football_v\.venv\Lib\site-packages\pip\_internal\metadata\base.py
_metadata_impl,E:\football_v\.venv\Lib\site-packages\pip\_internal\metadata\base.py
metadata,E:\football_v\.venv\Lib\site-packages\pip\_internal\metadata\base.py
metadata_dict,E:\football_v\.venv\Lib\site-packages\pip\_internal\metadata\base.py
metadata_version,E:\football_v\.venv\Lib\site-packages\pip\_internal\metadata\base.py
raw_name,E:\football_v\.venv\Lib\site-packages\pip\_internal\metadata\base.py
requires_python,E:\football_v\.venv\Lib\site-packages\pip\_internal\metadata\base.py
iter_dependencies,E:\football_v\.venv\Lib\site-packages\pip\_internal\metadata\base.py
iter_raw_dependencies,E:\football_v\.venv\Lib\site-packages\pip\_internal\metadata\base.py
iter_provided_extras,E:\football_v\.venv\Lib\site-packages\pip\_internal\metadata\base.py
_iter_declared_entries_from_record,E:\football_v\.venv\Lib\site-packages\pip\_internal\metadata\base.py
_iter_declared_entries_from_legacy,E:\football_v\.venv\Lib\site-packages\pip\_internal\metadata\base.py
iter_declared_entries,E:\football_v\.venv\Lib\site-packages\pip\_internal\metadata\base.py
_iter_requires_txt_entries,E:\football_v\.venv\Lib\site-packages\pip\_internal\metadata\base.py
_iter_egg_info_extras,E:\football_v\.venv\Lib\site-packages\pip\_internal\metadata\base.py
_iter_egg_info_dependencies,E:\football_v\.venv\Lib\site-packages\pip\_internal\metadata\base.py
_add_egg_info_requires,E:\football_v\.venv\Lib\site-packages\pip\_internal\metadata\base.py
default,E:\football_v\.venv\Lib\site-packages\pip\_internal\metadata\base.py
from_paths,E:\football_v\.venv\Lib\site-packages\pip\_internal\metadata\base.py
get_distribution,E:\football_v\.venv\Lib\site-packages\pip\_internal\metadata\base.py
_iter_distributions,E:\football_v\.venv\Lib\site-packages\pip\_internal\metadata\base.py
iter_all_distributions,E:\football_v\.venv\Lib\site-packages\pip\_internal\metadata\base.py
iter_installed_distributions,E:\football_v\.venv\Lib\site-packages\pip\_internal\metadata\base.py
as_zipfile,E:\football_v\.venv\Lib\site-packages\pip\_internal\metadata\base.py
__init__,E:\football_v\.venv\Lib\site-packages\pip\_internal\metadata\base.py
as_zipfile,E:\football_v\.venv\Lib\site-packages\pip\_internal\metadata\base.py
__init__,E:\football_v\.venv\Lib\site-packages\pip\_internal\metadata\base.py
as_zipfile,E:\football_v\.venv\Lib\site-packages\pip\_internal\metadata\base.py
__init__,E:\football_v\.venv\Lib\site-packages\pip\_internal\metadata\pkg_resources.py
has_metadata,E:\football_v\.venv\Lib\site-packages\pip\_internal\metadata\pkg_resources.py
get_metadata,E:\football_v\.venv\Lib\site-packages\pip\_internal\metadata\pkg_resources.py
get_metadata_lines,E:\football_v\.venv\Lib\site-packages\pip\_internal\metadata\pkg_resources.py
metadata_isdir,E:\football_v\.venv\Lib\site-packages\pip\_internal\metadata\pkg_resources.py
metadata_listdir,E:\football_v\.venv\Lib\site-packages\pip\_internal\metadata\pkg_resources.py
run_script,E:\football_v\.venv\Lib\site-packages\pip\_internal\metadata\pkg_resources.py
__init__,E:\football_v\.venv\Lib\site-packages\pip\_internal\metadata\pkg_resources.py
_extra_mapping,E:\football_v\.venv\Lib\site-packages\pip\_internal\metadata\pkg_resources.py
from_directory,E:\football_v\.venv\Lib\site-packages\pip\_internal\metadata\pkg_resources.py
from_metadata_file_contents,E:\football_v\.venv\Lib\site-packages\pip\_internal\metadata\pkg_resources.py
from_wheel,E:\football_v\.venv\Lib\site-packages\pip\_internal\metadata\pkg_resources.py
location,E:\football_v\.venv\Lib\site-packages\pip\_internal\metadata\pkg_resources.py
installed_location,E:\football_v\.venv\Lib\site-packages\pip\_internal\metadata\pkg_resources.py
info_location,E:\football_v\.venv\Lib\site-packages\pip\_internal\metadata\pkg_resources.py
installed_by_distutils,E:\football_v\.venv\Lib\site-packages\pip\_internal\metadata\pkg_resources.py
canonical_name,E:\football_v\.venv\Lib\site-packages\pip\_internal\metadata\pkg_resources.py
version,E:\football_v\.venv\Lib\site-packages\pip\_internal\metadata\pkg_resources.py
raw_version,E:\football_v\.venv\Lib\site-packages\pip\_internal\metadata\pkg_resources.py
is_file,E:\football_v\.venv\Lib\site-packages\pip\_internal\metadata\pkg_resources.py
iter_distutils_script_names,E:\football_v\.venv\Lib\site-packages\pip\_internal\metadata\pkg_resources.py
read_text,E:\football_v\.venv\Lib\site-packages\pip\_internal\metadata\pkg_resources.py
iter_entry_points,E:\football_v\.venv\Lib\site-packages\pip\_internal\metadata\pkg_resources.py
_metadata_impl,E:\football_v\.venv\Lib\site-packages\pip\_internal\metadata\pkg_resources.py
iter_dependencies,E:\football_v\.venv\Lib\site-packages\pip\_internal\metadata\pkg_resources.py
iter_provided_extras,E:\football_v\.venv\Lib\site-packages\pip\_internal\metadata\pkg_resources.py
__init__,E:\football_v\.venv\Lib\site-packages\pip\_internal\metadata\pkg_resources.py
default,E:\football_v\.venv\Lib\site-packages\pip\_internal\metadata\pkg_resources.py
from_paths,E:\football_v\.venv\Lib\site-packages\pip\_internal\metadata\pkg_resources.py
_iter_distributions,E:\football_v\.venv\Lib\site-packages\pip\_internal\metadata\pkg_resources.py
_search_distribution,E:\football_v\.venv\Lib\site-packages\pip\_internal\metadata\pkg_resources.py
get_distribution,E:\football_v\.venv\Lib\site-packages\pip\_internal\metadata\pkg_resources.py
json_name,E:\football_v\.venv\Lib\site-packages\pip\_internal\metadata\_json.py
msg_to_json,E:\football_v\.venv\Lib\site-packages\pip\_internal\metadata\_json.py
sanitise_header,E:\football_v\.venv\Lib\site-packages\pip\_internal\metadata\_json.py
_should_use_importlib_metadata,E:\football_v\.venv\Lib\site-packages\pip\_internal\metadata\__init__.py
select_backend,E:\football_v\.venv\Lib\site-packages\pip\_internal\metadata\__init__.py
get_default_environment,E:\football_v\.venv\Lib\site-packages\pip\_internal\metadata\__init__.py
get_environment,E:\football_v\.venv\Lib\site-packages\pip\_internal\metadata\__init__.py
get_directory_distribution,E:\football_v\.venv\Lib\site-packages\pip\_internal\metadata\__init__.py
get_wheel_distribution,E:\football_v\.venv\Lib\site-packages\pip\_internal\metadata\__init__.py
get_metadata_distribution,E:\football_v\.venv\Lib\site-packages\pip\_internal\metadata\__init__.py
get_info_location,E:\football_v\.venv\Lib\site-packages\pip\_internal\metadata\importlib\_compat.py
parse_name_and_version_from_info_directory,E:\football_v\.venv\Lib\site-packages\pip\_internal\metadata\importlib\_compat.py
get_dist_canonical_name,E:\football_v\.venv\Lib\site-packages\pip\_internal\metadata\importlib\_compat.py
__init__,E:\football_v\.venv\Lib\site-packages\pip\_internal\metadata\importlib\_compat.py
__str__,E:\football_v\.venv\Lib\site-packages\pip\_internal\metadata\importlib\_compat.py
name,E:\football_v\.venv\Lib\site-packages\pip\_internal\metadata\importlib\_compat.py
parent,E:\football_v\.venv\Lib\site-packages\pip\_internal\metadata\importlib\_compat.py
__init__,E:\football_v\.venv\Lib\site-packages\pip\_internal\metadata\importlib\_dists.py
from_zipfile,E:\football_v\.venv\Lib\site-packages\pip\_internal\metadata\importlib\_dists.py
iterdir,E:\football_v\.venv\Lib\site-packages\pip\_internal\metadata\importlib\_dists.py
read_text,E:\football_v\.venv\Lib\site-packages\pip\_internal\metadata\importlib\_dists.py
locate_file,E:\football_v\.venv\Lib\site-packages\pip\_internal\metadata\importlib\_dists.py
__init__,E:\football_v\.venv\Lib\site-packages\pip\_internal\metadata\importlib\_dists.py
from_directory,E:\football_v\.venv\Lib\site-packages\pip\_internal\metadata\importlib\_dists.py
from_metadata_file_contents,E:\football_v\.venv\Lib\site-packages\pip\_internal\metadata\importlib\_dists.py
from_wheel,E:\football_v\.venv\Lib\site-packages\pip\_internal\metadata\importlib\_dists.py
location,E:\football_v\.venv\Lib\site-packages\pip\_internal\metadata\importlib\_dists.py
info_location,E:\football_v\.venv\Lib\site-packages\pip\_internal\metadata\importlib\_dists.py
installed_location,E:\football_v\.venv\Lib\site-packages\pip\_internal\metadata\importlib\_dists.py
canonical_name,E:\football_v\.venv\Lib\site-packages\pip\_internal\metadata\importlib\_dists.py
version,E:\football_v\.venv\Lib\site-packages\pip\_internal\metadata\importlib\_dists.py
raw_version,E:\football_v\.venv\Lib\site-packages\pip\_internal\metadata\importlib\_dists.py
is_file,E:\football_v\.venv\Lib\site-packages\pip\_internal\metadata\importlib\_dists.py
iter_distutils_script_names,E:\football_v\.venv\Lib\site-packages\pip\_internal\metadata\importlib\_dists.py
read_text,E:\football_v\.venv\Lib\site-packages\pip\_internal\metadata\importlib\_dists.py
iter_entry_points,E:\football_v\.venv\Lib\site-packages\pip\_internal\metadata\importlib\_dists.py
_metadata_impl,E:\football_v\.venv\Lib\site-packages\pip\_internal\metadata\importlib\_dists.py
iter_provided_extras,E:\football_v\.venv\Lib\site-packages\pip\_internal\metadata\importlib\_dists.py
iter_dependencies,E:\football_v\.venv\Lib\site-packages\pip\_internal\metadata\importlib\_dists.py
_looks_like_wheel,E:\football_v\.venv\Lib\site-packages\pip\_internal\metadata\importlib\_envs.py
_emit_egg_deprecation,E:\football_v\.venv\Lib\site-packages\pip\_internal\metadata\importlib\_envs.py
__init__,E:\football_v\.venv\Lib\site-packages\pip\_internal\metadata\importlib\_envs.py
_find_impl,E:\football_v\.venv\Lib\site-packages\pip\_internal\metadata\importlib\_envs.py
find,E:\football_v\.venv\Lib\site-packages\pip\_internal\metadata\importlib\_envs.py
find_linked,E:\football_v\.venv\Lib\site-packages\pip\_internal\metadata\importlib\_envs.py
_find_eggs_in_dir,E:\football_v\.venv\Lib\site-packages\pip\_internal\metadata\importlib\_envs.py
_find_eggs_in_zip,E:\football_v\.venv\Lib\site-packages\pip\_internal\metadata\importlib\_envs.py
find_eggs,E:\football_v\.venv\Lib\site-packages\pip\_internal\metadata\importlib\_envs.py
__init__,E:\football_v\.venv\Lib\site-packages\pip\_internal\metadata\importlib\_envs.py
default,E:\football_v\.venv\Lib\site-packages\pip\_internal\metadata\importlib\_envs.py
from_paths,E:\football_v\.venv\Lib\site-packages\pip\_internal\metadata\importlib\_envs.py
_iter_distributions,E:\football_v\.venv\Lib\site-packages\pip\_internal\metadata\importlib\_envs.py
get_distribution,E:\football_v\.venv\Lib\site-packages\pip\_internal\metadata\importlib\_envs.py
__init__,E:\football_v\.venv\Lib\site-packages\pip\_internal\models\candidate.py
__str__,E:\football_v\.venv\Lib\site-packages\pip\_internal\models\candidate.py
_get,E:\football_v\.venv\Lib\site-packages\pip\_internal\models\direct_url.py
_get_required,E:\football_v\.venv\Lib\site-packages\pip\_internal\models\direct_url.py
_exactly_one_of,E:\football_v\.venv\Lib\site-packages\pip\_internal\models\direct_url.py
_filter_none,E:\football_v\.venv\Lib\site-packages\pip\_internal\models\direct_url.py
_from_dict,E:\football_v\.venv\Lib\site-packages\pip\_internal\models\direct_url.py
_to_dict,E:\football_v\.venv\Lib\site-packages\pip\_internal\models\direct_url.py
__init__,E:\football_v\.venv\Lib\site-packages\pip\_internal\models\direct_url.py
hash,E:\football_v\.venv\Lib\site-packages\pip\_internal\models\direct_url.py
hash,E:\football_v\.venv\Lib\site-packages\pip\_internal\models\direct_url.py
_from_dict,E:\football_v\.venv\Lib\site-packages\pip\_internal\models\direct_url.py
_to_dict,E:\football_v\.venv\Lib\site-packages\pip\_internal\models\direct_url.py
_from_dict,E:\football_v\.venv\Lib\site-packages\pip\_internal\models\direct_url.py
_to_dict,E:\football_v\.venv\Lib\site-packages\pip\_internal\models\direct_url.py
_remove_auth_from_netloc,E:\football_v\.venv\Lib\site-packages\pip\_internal\models\direct_url.py
redacted_url,E:\football_v\.venv\Lib\site-packages\pip\_internal\models\direct_url.py
validate,E:\football_v\.venv\Lib\site-packages\pip\_internal\models\direct_url.py
from_dict,E:\football_v\.venv\Lib\site-packages\pip\_internal\models\direct_url.py
to_dict,E:\football_v\.venv\Lib\site-packages\pip\_internal\models\direct_url.py
from_json,E:\football_v\.venv\Lib\site-packages\pip\_internal\models\direct_url.py
to_json,E:\football_v\.venv\Lib\site-packages\pip\_internal\models\direct_url.py
is_local_editable,E:\football_v\.venv\Lib\site-packages\pip\_internal\models\direct_url.py
__init__,E:\football_v\.venv\Lib\site-packages\pip\_internal\models\format_control.py
__eq__,E:\football_v\.venv\Lib\site-packages\pip\_internal\models\format_control.py
__repr__,E:\football_v\.venv\Lib\site-packages\pip\_internal\models\format_control.py
handle_mutual_excludes,E:\football_v\.venv\Lib\site-packages\pip\_internal\models\format_control.py
get_allowed_formats,E:\football_v\.venv\Lib\site-packages\pip\_internal\models\format_control.py
disallow_binaries,E:\football_v\.venv\Lib\site-packages\pip\_internal\models\format_control.py
__init__,E:\football_v\.venv\Lib\site-packages\pip\_internal\models\index.py
_url_for_path,E:\football_v\.venv\Lib\site-packages\pip\_internal\models\index.py
__init__,E:\football_v\.venv\Lib\site-packages\pip\_internal\models\installation_report.py
_install_req_to_dict,E:\football_v\.venv\Lib\site-packages\pip\_internal\models\installation_report.py
to_dict,E:\football_v\.venv\Lib\site-packages\pip\_internal\models\installation_report.py
supported_hashes,E:\football_v\.venv\Lib\site-packages\pip\_internal\models\link.py
_clean_url_path_part,E:\football_v\.venv\Lib\site-packages\pip\_internal\models\link.py
_clean_file_url_path,E:\football_v\.venv\Lib\site-packages\pip\_internal\models\link.py
_clean_url_path,E:\football_v\.venv\Lib\site-packages\pip\_internal\models\link.py
_ensure_quoted_url,E:\football_v\.venv\Lib\site-packages\pip\_internal\models\link.py
_absolute_link_url,E:\football_v\.venv\Lib\site-packages\pip\_internal\models\link.py
_clean_link,E:\football_v\.venv\Lib\site-packages\pip\_internal\models\link.py
links_equivalent,E:\football_v\.venv\Lib\site-packages\pip\_internal\models\link.py
__post_init__,E:\football_v\.venv\Lib\site-packages\pip\_internal\models\link.py
find_hash_url_fragment,E:\football_v\.venv\Lib\site-packages\pip\_internal\models\link.py
as_dict,E:\football_v\.venv\Lib\site-packages\pip\_internal\models\link.py
as_hashes,E:\football_v\.venv\Lib\site-packages\pip\_internal\models\link.py
is_hash_allowed,E:\football_v\.venv\Lib\site-packages\pip\_internal\models\link.py
__post_init__,E:\football_v\.venv\Lib\site-packages\pip\_internal\models\link.py
__init__,E:\football_v\.venv\Lib\site-packages\pip\_internal\models\link.py
from_json,E:\football_v\.venv\Lib\site-packages\pip\_internal\models\link.py
from_element,E:\football_v\.venv\Lib\site-packages\pip\_internal\models\link.py
__str__,E:\football_v\.venv\Lib\site-packages\pip\_internal\models\link.py
__repr__,E:\football_v\.venv\Lib\site-packages\pip\_internal\models\link.py
__hash__,E:\football_v\.venv\Lib\site-packages\pip\_internal\models\link.py
__eq__,E:\football_v\.venv\Lib\site-packages\pip\_internal\models\link.py
__lt__,E:\football_v\.venv\Lib\site-packages\pip\_internal\models\link.py
url,E:\football_v\.venv\Lib\site-packages\pip\_internal\models\link.py
filename,E:\football_v\.venv\Lib\site-packages\pip\_internal\models\link.py
file_path,E:\football_v\.venv\Lib\site-packages\pip\_internal\models\link.py
scheme,E:\football_v\.venv\Lib\site-packages\pip\_internal\models\link.py
netloc,E:\football_v\.venv\Lib\site-packages\pip\_internal\models\link.py
path,E:\football_v\.venv\Lib\site-packages\pip\_internal\models\link.py
splitext,E:\football_v\.venv\Lib\site-packages\pip\_internal\models\link.py
ext,E:\football_v\.venv\Lib\site-packages\pip\_internal\models\link.py
url_without_fragment,E:\football_v\.venv\Lib\site-packages\pip\_internal\models\link.py
_egg_fragment,E:\football_v\.venv\Lib\site-packages\pip\_internal\models\link.py
subdirectory_fragment,E:\football_v\.venv\Lib\site-packages\pip\_internal\models\link.py
metadata_link,E:\football_v\.venv\Lib\site-packages\pip\_internal\models\link.py
as_hashes,E:\football_v\.venv\Lib\site-packages\pip\_internal\models\link.py
hash,E:\football_v\.venv\Lib\site-packages\pip\_internal\models\link.py
hash_name,E:\football_v\.venv\Lib\site-packages\pip\_internal\models\link.py
show_url,E:\football_v\.venv\Lib\site-packages\pip\_internal\models\link.py
is_file,E:\football_v\.venv\Lib\site-packages\pip\_internal\models\link.py
is_existing_dir,E:\football_v\.venv\Lib\site-packages\pip\_internal\models\link.py
is_wheel,E:\football_v\.venv\Lib\site-packages\pip\_internal\models\link.py
is_vcs,E:\football_v\.venv\Lib\site-packages\pip\_internal\models\link.py
is_yanked,E:\football_v\.venv\Lib\site-packages\pip\_internal\models\link.py
has_hash,E:\football_v\.venv\Lib\site-packages\pip\_internal\models\link.py
is_hash_allowed,E:\football_v\.venv\Lib\site-packages\pip\_internal\models\link.py
create,E:\football_v\.venv\Lib\site-packages\pip\_internal\models\search_scope.py
get_formatted_locations,E:\football_v\.venv\Lib\site-packages\pip\_internal\models\search_scope.py
get_index_urls_locations,E:\football_v\.venv\Lib\site-packages\pip\_internal\models\search_scope.py
mkurl_pypi_url,E:\football_v\.venv\Lib\site-packages\pip\_internal\models\search_scope.py
__init__,E:\football_v\.venv\Lib\site-packages\pip\_internal\models\selection_prefs.py
__init__,E:\football_v\.venv\Lib\site-packages\pip\_internal\models\target_python.py
format_given,E:\football_v\.venv\Lib\site-packages\pip\_internal\models\target_python.py
get_sorted_tags,E:\football_v\.venv\Lib\site-packages\pip\_internal\models\target_python.py
get_unsorted_tags,E:\football_v\.venv\Lib\site-packages\pip\_internal\models\target_python.py
__init__,E:\football_v\.venv\Lib\site-packages\pip\_internal\models\wheel.py
get_formatted_file_tags,E:\football_v\.venv\Lib\site-packages\pip\_internal\models\wheel.py
support_index_min,E:\football_v\.venv\Lib\site-packages\pip\_internal\models\wheel.py
find_most_preferred_tag,E:\football_v\.venv\Lib\site-packages\pip\_internal\models\wheel.py
supported,E:\football_v\.venv\Lib\site-packages\pip\_internal\models\wheel.py
get_keyring_provider,E:\football_v\.venv\Lib\site-packages\pip\_internal\network\auth.py
get_auth_info,E:\football_v\.venv\Lib\site-packages\pip\_internal\network\auth.py
save_auth_info,E:\football_v\.venv\Lib\site-packages\pip\_internal\network\auth.py
get_auth_info,E:\football_v\.venv\Lib\site-packages\pip\_internal\network\auth.py
save_auth_info,E:\football_v\.venv\Lib\site-packages\pip\_internal\network\auth.py
__init__,E:\football_v\.venv\Lib\site-packages\pip\_internal\network\auth.py
get_auth_info,E:\football_v\.venv\Lib\site-packages\pip\_internal\network\auth.py
save_auth_info,E:\football_v\.venv\Lib\site-packages\pip\_internal\network\auth.py
__init__,E:\football_v\.venv\Lib\site-packages\pip\_internal\network\auth.py
get_auth_info,E:\football_v\.venv\Lib\site-packages\pip\_internal\network\auth.py
save_auth_info,E:\football_v\.venv\Lib\site-packages\pip\_internal\network\auth.py
_get_password,E:\football_v\.venv\Lib\site-packages\pip\_internal\network\auth.py
_set_password,E:\football_v\.venv\Lib\site-packages\pip\_internal\network\auth.py
__init__,E:\football_v\.venv\Lib\site-packages\pip\_internal\network\auth.py
keyring_provider,E:\football_v\.venv\Lib\site-packages\pip\_internal\network\auth.py
keyring_provider,E:\football_v\.venv\Lib\site-packages\pip\_internal\network\auth.py
use_keyring,E:\football_v\.venv\Lib\site-packages\pip\_internal\network\auth.py
_get_keyring_auth,E:\football_v\.venv\Lib\site-packages\pip\_internal\network\auth.py
_get_index_url,E:\football_v\.venv\Lib\site-packages\pip\_internal\network\auth.py
_get_new_credentials,E:\football_v\.venv\Lib\site-packages\pip\_internal\network\auth.py
_get_url_and_credentials,E:\football_v\.venv\Lib\site-packages\pip\_internal\network\auth.py
__call__,E:\football_v\.venv\Lib\site-packages\pip\_internal\network\auth.py
_prompt_for_password,E:\football_v\.venv\Lib\site-packages\pip\_internal\network\auth.py
_should_save_password_to_keyring,E:\football_v\.venv\Lib\site-packages\pip\_internal\network\auth.py
handle_401,E:\football_v\.venv\Lib\site-packages\pip\_internal\network\auth.py
warn_on_401,E:\football_v\.venv\Lib\site-packages\pip\_internal\network\auth.py
save_credentials,E:\football_v\.venv\Lib\site-packages\pip\_internal\network\auth.py
PATH_as_shutil_which_determines_it,E:\football_v\.venv\Lib\site-packages\pip\_internal\network\auth.py
is_from_cache,E:\football_v\.venv\Lib\site-packages\pip\_internal\network\cache.py
suppressed_cache_errors,E:\football_v\.venv\Lib\site-packages\pip\_internal\network\cache.py
__init__,E:\football_v\.venv\Lib\site-packages\pip\_internal\network\cache.py
_get_cache_path,E:\football_v\.venv\Lib\site-packages\pip\_internal\network\cache.py
get,E:\football_v\.venv\Lib\site-packages\pip\_internal\network\cache.py
_write,E:\football_v\.venv\Lib\site-packages\pip\_internal\network\cache.py
set,E:\football_v\.venv\Lib\site-packages\pip\_internal\network\cache.py
delete,E:\football_v\.venv\Lib\site-packages\pip\_internal\network\cache.py
get_body,E:\football_v\.venv\Lib\site-packages\pip\_internal\network\cache.py
set_body,E:\football_v\.venv\Lib\site-packages\pip\_internal\network\cache.py
_get_http_response_size,E:\football_v\.venv\Lib\site-packages\pip\_internal\network\download.py
_prepare_download,E:\football_v\.venv\Lib\site-packages\pip\_internal\network\download.py
sanitize_content_filename,E:\football_v\.venv\Lib\site-packages\pip\_internal\network\download.py
parse_content_disposition,E:\football_v\.venv\Lib\site-packages\pip\_internal\network\download.py
_get_http_response_filename,E:\football_v\.venv\Lib\site-packages\pip\_internal\network\download.py
_http_get_download,E:\football_v\.venv\Lib\site-packages\pip\_internal\network\download.py
__init__,E:\football_v\.venv\Lib\site-packages\pip\_internal\network\download.py
__call__,E:\football_v\.venv\Lib\site-packages\pip\_internal\network\download.py
__init__,E:\football_v\.venv\Lib\site-packages\pip\_internal\network\download.py
__call__,E:\football_v\.venv\Lib\site-packages\pip\_internal\network\download.py
dist_from_wheel_url,E:\football_v\.venv\Lib\site-packages\pip\_internal\network\lazy_wheel.py
__init__,E:\football_v\.venv\Lib\site-packages\pip\_internal\network\lazy_wheel.py
mode,E:\football_v\.venv\Lib\site-packages\pip\_internal\network\lazy_wheel.py
name,E:\football_v\.venv\Lib\site-packages\pip\_internal\network\lazy_wheel.py
seekable,E:\football_v\.venv\Lib\site-packages\pip\_internal\network\lazy_wheel.py
close,E:\football_v\.venv\Lib\site-packages\pip\_internal\network\lazy_wheel.py
closed,E:\football_v\.venv\Lib\site-packages\pip\_internal\network\lazy_wheel.py
read,E:\football_v\.venv\Lib\site-packages\pip\_internal\network\lazy_wheel.py
readable,E:\football_v\.venv\Lib\site-packages\pip\_internal\network\lazy_wheel.py
seek,E:\football_v\.venv\Lib\site-packages\pip\_internal\network\lazy_wheel.py
tell,E:\football_v\.venv\Lib\site-packages\pip\_internal\network\lazy_wheel.py
truncate,E:\football_v\.venv\Lib\site-packages\pip\_internal\network\lazy_wheel.py
writable,E:\football_v\.venv\Lib\site-packages\pip\_internal\network\lazy_wheel.py
__enter__,E:\football_v\.venv\Lib\site-packages\pip\_internal\network\lazy_wheel.py
__exit__,E:\football_v\.venv\Lib\site-packages\pip\_internal\network\lazy_wheel.py
_stay,E:\football_v\.venv\Lib\site-packages\pip\_internal\network\lazy_wheel.py
_check_zip,E:\football_v\.venv\Lib\site-packages\pip\_internal\network\lazy_wheel.py
_stream_response,E:\football_v\.venv\Lib\site-packages\pip\_internal\network\lazy_wheel.py
_merge,E:\football_v\.venv\Lib\site-packages\pip\_internal\network\lazy_wheel.py
_download,E:\football_v\.venv\Lib\site-packages\pip\_internal\network\lazy_wheel.py
looks_like_ci,E:\football_v\.venv\Lib\site-packages\pip\_internal\network\session.py
user_agent,E:\football_v\.venv\Lib\site-packages\pip\_internal\network\session.py
send,E:\football_v\.venv\Lib\site-packages\pip\_internal\network\session.py
close,E:\football_v\.venv\Lib\site-packages\pip\_internal\network\session.py
__init__,E:\football_v\.venv\Lib\site-packages\pip\_internal\network\session.py
init_poolmanager,E:\football_v\.venv\Lib\site-packages\pip\_internal\network\session.py
cert_verify,E:\football_v\.venv\Lib\site-packages\pip\_internal\network\session.py
cert_verify,E:\football_v\.venv\Lib\site-packages\pip\_internal\network\session.py
__init__,E:\football_v\.venv\Lib\site-packages\pip\_internal\network\session.py
update_index_urls,E:\football_v\.venv\Lib\site-packages\pip\_internal\network\session.py
add_trusted_host,E:\football_v\.venv\Lib\site-packages\pip\_internal\network\session.py
iter_secure_origins,E:\football_v\.venv\Lib\site-packages\pip\_internal\network\session.py
is_secure_origin,E:\football_v\.venv\Lib\site-packages\pip\_internal\network\session.py
request,E:\football_v\.venv\Lib\site-packages\pip\_internal\network\session.py
raise_for_status,E:\football_v\.venv\Lib\site-packages\pip\_internal\network\utils.py
response_chunks,E:\football_v\.venv\Lib\site-packages\pip\_internal\network\utils.py
__init__,E:\football_v\.venv\Lib\site-packages\pip\_internal\network\xmlrpc.py
request,E:\football_v\.venv\Lib\site-packages\pip\_internal\network\xmlrpc.py
create_package_set_from_installed,E:\football_v\.venv\Lib\site-packages\pip\_internal\operations\check.py
check_package_set,E:\football_v\.venv\Lib\site-packages\pip\_internal\operations\check.py
check_install_conflicts,E:\football_v\.venv\Lib\site-packages\pip\_internal\operations\check.py
check_unsupported,E:\football_v\.venv\Lib\site-packages\pip\_internal\operations\check.py
_simulate_installation_of,E:\football_v\.venv\Lib\site-packages\pip\_internal\operations\check.py
_create_whitelist,E:\football_v\.venv\Lib\site-packages\pip\_internal\operations\check.py
freeze,E:\football_v\.venv\Lib\site-packages\pip\_internal\operations\freeze.py
_format_as_name_version,E:\football_v\.venv\Lib\site-packages\pip\_internal\operations\freeze.py
_get_editable_info,E:\football_v\.venv\Lib\site-packages\pip\_internal\operations\freeze.py
canonical_name,E:\football_v\.venv\Lib\site-packages\pip\_internal\operations\freeze.py
from_dist,E:\football_v\.venv\Lib\site-packages\pip\_internal\operations\freeze.py
__str__,E:\football_v\.venv\Lib\site-packages\pip\_internal\operations\freeze.py
_get_prepared_distribution,E:\football_v\.venv\Lib\site-packages\pip\_internal\operations\prepare.py
unpack_vcs_link,E:\football_v\.venv\Lib\site-packages\pip\_internal\operations\prepare.py
get_http_url,E:\football_v\.venv\Lib\site-packages\pip\_internal\operations\prepare.py
get_file_url,E:\football_v\.venv\Lib\site-packages\pip\_internal\operations\prepare.py
unpack_url,E:\football_v\.venv\Lib\site-packages\pip\_internal\operations\prepare.py
_check_download_dir,E:\football_v\.venv\Lib\site-packages\pip\_internal\operations\prepare.py
__post_init__,E:\football_v\.venv\Lib\site-packages\pip\_internal\operations\prepare.py
__init__,E:\football_v\.venv\Lib\site-packages\pip\_internal\operations\prepare.py
_log_preparing_link,E:\football_v\.venv\Lib\site-packages\pip\_internal\operations\prepare.py
_ensure_link_req_src_dir,E:\football_v\.venv\Lib\site-packages\pip\_internal\operations\prepare.py
_get_linked_req_hashes,E:\football_v\.venv\Lib\site-packages\pip\_internal\operations\prepare.py
_fetch_metadata_only,E:\football_v\.venv\Lib\site-packages\pip\_internal\operations\prepare.py
_fetch_metadata_using_link_data_attr,E:\football_v\.venv\Lib\site-packages\pip\_internal\operations\prepare.py
_fetch_metadata_using_lazy_wheel,E:\football_v\.venv\Lib\site-packages\pip\_internal\operations\prepare.py
_complete_partial_requirements,E:\football_v\.venv\Lib\site-packages\pip\_internal\operations\prepare.py
prepare_linked_requirement,E:\football_v\.venv\Lib\site-packages\pip\_internal\operations\prepare.py
prepare_linked_requirements_more,E:\football_v\.venv\Lib\site-packages\pip\_internal\operations\prepare.py
_prepare_linked_requirement,E:\football_v\.venv\Lib\site-packages\pip\_internal\operations\prepare.py
save_linked_requirement,E:\football_v\.venv\Lib\site-packages\pip\_internal\operations\prepare.py
prepare_editable_requirement,E:\football_v\.venv\Lib\site-packages\pip\_internal\operations\prepare.py
prepare_installed_requirement,E:\football_v\.venv\Lib\site-packages\pip\_internal\operations\prepare.py
update_env_context_manager,E:\football_v\.venv\Lib\site-packages\pip\_internal\operations\build\build_tracker.py
get_build_tracker,E:\football_v\.venv\Lib\site-packages\pip\_internal\operations\build\build_tracker.py
__init__,E:\football_v\.venv\Lib\site-packages\pip\_internal\operations\build\build_tracker.py
__enter__,E:\football_v\.venv\Lib\site-packages\pip\_internal\operations\build\build_tracker.py
__exit__,E:\football_v\.venv\Lib\site-packages\pip\_internal\operations\build\build_tracker.py
_entry_path,E:\football_v\.venv\Lib\site-packages\pip\_internal\operations\build\build_tracker.py
add,E:\football_v\.venv\Lib\site-packages\pip\_internal\operations\build\build_tracker.py
remove,E:\football_v\.venv\Lib\site-packages\pip\_internal\operations\build\build_tracker.py
cleanup,E:\football_v\.venv\Lib\site-packages\pip\_internal\operations\build\build_tracker.py
track,E:\football_v\.venv\Lib\site-packages\pip\_internal\operations\build\build_tracker.py
generate_metadata,E:\football_v\.venv\Lib\site-packages\pip\_internal\operations\build\metadata.py
generate_editable_metadata,E:\football_v\.venv\Lib\site-packages\pip\_internal\operations\build\metadata_editable.py
_find_egg_info,E:\football_v\.venv\Lib\site-packages\pip\_internal\operations\build\metadata_legacy.py
generate_metadata,E:\football_v\.venv\Lib\site-packages\pip\_internal\operations\build\metadata_legacy.py
build_wheel_pep517,E:\football_v\.venv\Lib\site-packages\pip\_internal\operations\build\wheel.py
build_wheel_editable,E:\football_v\.venv\Lib\site-packages\pip\_internal\operations\build\wheel_editable.py
format_command_result,E:\football_v\.venv\Lib\site-packages\pip\_internal\operations\build\wheel_legacy.py
get_legacy_build_wheel_path,E:\football_v\.venv\Lib\site-packages\pip\_internal\operations\build\wheel_legacy.py
build_wheel_legacy,E:\football_v\.venv\Lib\site-packages\pip\_internal\operations\build\wheel_legacy.py
install_editable,E:\football_v\.venv\Lib\site-packages\pip\_internal\operations\install\editable_legacy.py
rehash,E:\football_v\.venv\Lib\site-packages\pip\_internal\operations\install\wheel.py
csv_io_kwargs,E:\football_v\.venv\Lib\site-packages\pip\_internal\operations\install\wheel.py
fix_script,E:\football_v\.venv\Lib\site-packages\pip\_internal\operations\install\wheel.py
wheel_root_is_purelib,E:\football_v\.venv\Lib\site-packages\pip\_internal\operations\install\wheel.py
get_entrypoints,E:\football_v\.venv\Lib\site-packages\pip\_internal\operations\install\wheel.py
message_about_scripts_not_on_PATH,E:\football_v\.venv\Lib\site-packages\pip\_internal\operations\install\wheel.py
_normalized_outrows,E:\football_v\.venv\Lib\site-packages\pip\_internal\operations\install\wheel.py
_record_to_fs_path,E:\football_v\.venv\Lib\site-packages\pip\_internal\operations\install\wheel.py
_fs_to_record_path,E:\football_v\.venv\Lib\site-packages\pip\_internal\operations\install\wheel.py
get_csv_rows_for_installed,E:\football_v\.venv\Lib\site-packages\pip\_internal\operations\install\wheel.py
get_console_script_specs,E:\football_v\.venv\Lib\site-packages\pip\_internal\operations\install\wheel.py
_raise_for_invalid_entrypoint,E:\football_v\.venv\Lib\site-packages\pip\_internal\operations\install\wheel.py
_install_wheel,E:\football_v\.venv\Lib\site-packages\pip\_internal\operations\install\wheel.py
req_error_context,E:\football_v\.venv\Lib\site-packages\pip\_internal\operations\install\wheel.py
install_wheel,E:\football_v\.venv\Lib\site-packages\pip\_internal\operations\install\wheel.py
__init__,E:\football_v\.venv\Lib\site-packages\pip\_internal\operations\install\wheel.py
_getinfo,E:\football_v\.venv\Lib\site-packages\pip\_internal\operations\install\wheel.py
save,E:\football_v\.venv\Lib\site-packages\pip\_internal\operations\install\wheel.py
__init__,E:\football_v\.venv\Lib\site-packages\pip\_internal\operations\install\wheel.py
save,E:\football_v\.venv\Lib\site-packages\pip\_internal\operations\install\wheel.py
__init__,E:\football_v\.venv\Lib\site-packages\pip\_internal\operations\install\wheel.py
make,E:\football_v\.venv\Lib\site-packages\pip\_internal\operations\install\wheel.py
record_installed,E:\football_v\.venv\Lib\site-packages\pip\_internal\operations\install\wheel.py
is_dir_path,E:\football_v\.venv\Lib\site-packages\pip\_internal\operations\install\wheel.py
assert_no_path_traversal,E:\football_v\.venv\Lib\site-packages\pip\_internal\operations\install\wheel.py
root_scheme_file_maker,E:\football_v\.venv\Lib\site-packages\pip\_internal\operations\install\wheel.py
data_scheme_file_maker,E:\football_v\.venv\Lib\site-packages\pip\_internal\operations\install\wheel.py
is_data_scheme_path,E:\football_v\.venv\Lib\site-packages\pip\_internal\operations\install\wheel.py
is_script_scheme_path,E:\football_v\.venv\Lib\site-packages\pip\_internal\operations\install\wheel.py
is_entrypoint_wrapper,E:\football_v\.venv\Lib\site-packages\pip\_internal\operations\install\wheel.py
pyc_source_file_paths,E:\football_v\.venv\Lib\site-packages\pip\_internal\operations\install\wheel.py
pyc_output_path,E:\football_v\.venv\Lib\site-packages\pip\_internal\operations\install\wheel.py
_generate_file,E:\football_v\.venv\Lib\site-packages\pip\_internal\operations\install\wheel.py
save,E:\football_v\.venv\Lib\site-packages\pip\_internal\operations\install\wheel.py
make_root_scheme_file,E:\football_v\.venv\Lib\site-packages\pip\_internal\operations\install\wheel.py
make_data_scheme_file,E:\football_v\.venv\Lib\site-packages\pip\_internal\operations\install\wheel.py
_strip_extras,E:\football_v\.venv\Lib\site-packages\pip\_internal\req\constructors.py
convert_extras,E:\football_v\.venv\Lib\site-packages\pip\_internal\req\constructors.py
_set_requirement_extras,E:\football_v\.venv\Lib\site-packages\pip\_internal\req\constructors.py
parse_editable,E:\football_v\.venv\Lib\site-packages\pip\_internal\req\constructors.py
check_first_requirement_in_file,E:\football_v\.venv\Lib\site-packages\pip\_internal\req\constructors.py
deduce_helpful_msg,E:\football_v\.venv\Lib\site-packages\pip\_internal\req\constructors.py
parse_req_from_editable,E:\football_v\.venv\Lib\site-packages\pip\_internal\req\constructors.py
install_req_from_editable,E:\football_v\.venv\Lib\site-packages\pip\_internal\req\constructors.py
_looks_like_path,E:\football_v\.venv\Lib\site-packages\pip\_internal\req\constructors.py
_get_url_from_path,E:\football_v\.venv\Lib\site-packages\pip\_internal\req\constructors.py
parse_req_from_line,E:\football_v\.venv\Lib\site-packages\pip\_internal\req\constructors.py
install_req_from_line,E:\football_v\.venv\Lib\site-packages\pip\_internal\req\constructors.py
install_req_from_req_string,E:\football_v\.venv\Lib\site-packages\pip\_internal\req\constructors.py
install_req_from_parsed_requirement,E:\football_v\.venv\Lib\site-packages\pip\_internal\req\constructors.py
install_req_from_link_and_ireq,E:\football_v\.venv\Lib\site-packages\pip\_internal\req\constructors.py
install_req_drop_extras,E:\football_v\.venv\Lib\site-packages\pip\_internal\req\constructors.py
install_req_extend_extras,E:\football_v\.venv\Lib\site-packages\pip\_internal\req\constructors.py
with_source,E:\football_v\.venv\Lib\site-packages\pip\_internal\req\constructors.py
_parse_req_string,E:\football_v\.venv\Lib\site-packages\pip\_internal\req\constructors.py
parse_requirements,E:\football_v\.venv\Lib\site-packages\pip\_internal\req\req_file.py
preprocess,E:\football_v\.venv\Lib\site-packages\pip\_internal\req\req_file.py
handle_requirement_line,E:\football_v\.venv\Lib\site-packages\pip\_internal\req\req_file.py
handle_option_line,E:\football_v\.venv\Lib\site-packages\pip\_internal\req\req_file.py
handle_line,E:\football_v\.venv\Lib\site-packages\pip\_internal\req\req_file.py
get_line_parser,E:\football_v\.venv\Lib\site-packages\pip\_internal\req\req_file.py
break_args_options,E:\football_v\.venv\Lib\site-packages\pip\_internal\req\req_file.py
build_parser,E:\football_v\.venv\Lib\site-packages\pip\_internal\req\req_file.py
join_lines,E:\football_v\.venv\Lib\site-packages\pip\_internal\req\req_file.py
ignore_comments,E:\football_v\.venv\Lib\site-packages\pip\_internal\req\req_file.py
expand_env_variables,E:\football_v\.venv\Lib\site-packages\pip\_internal\req\req_file.py
get_file_content,E:\football_v\.venv\Lib\site-packages\pip\_internal\req\req_file.py
_decode_req_file,E:\football_v\.venv\Lib\site-packages\pip\_internal\req\req_file.py
is_editable,E:\football_v\.venv\Lib\site-packages\pip\_internal\req\req_file.py
requirement,E:\football_v\.venv\Lib\site-packages\pip\_internal\req\req_file.py
__init__,E:\football_v\.venv\Lib\site-packages\pip\_internal\req\req_file.py
parse,E:\football_v\.venv\Lib\site-packages\pip\_internal\req\req_file.py
_parse_and_recurse,E:\football_v\.venv\Lib\site-packages\pip\_internal\req\req_file.py
_parse_file,E:\football_v\.venv\Lib\site-packages\pip\_internal\req\req_file.py
parse_line,E:\football_v\.venv\Lib\site-packages\pip\_internal\req\req_file.py
__init__,E:\football_v\.venv\Lib\site-packages\pip\_internal\req\req_file.py
parser_exit,E:\football_v\.venv\Lib\site-packages\pip\_internal\req\req_file.py
check_invalid_constraint_type,E:\football_v\.venv\Lib\site-packages\pip\_internal\req\req_install.py
_has_option,E:\football_v\.venv\Lib\site-packages\pip\_internal\req\req_install.py
check_legacy_setup_py_options,E:\football_v\.venv\Lib\site-packages\pip\_internal\req\req_install.py
__init__,E:\football_v\.venv\Lib\site-packages\pip\_internal\req\req_install.py
__str__,E:\football_v\.venv\Lib\site-packages\pip\_internal\req\req_install.py
__repr__,E:\football_v\.venv\Lib\site-packages\pip\_internal\req\req_install.py
format_debug,E:\football_v\.venv\Lib\site-packages\pip\_internal\req\req_install.py
name,E:\football_v\.venv\Lib\site-packages\pip\_internal\req\req_install.py
supports_pyproject_editable,E:\football_v\.venv\Lib\site-packages\pip\_internal\req\req_install.py
specifier,E:\football_v\.venv\Lib\site-packages\pip\_internal\req\req_install.py
is_direct,E:\football_v\.venv\Lib\site-packages\pip\_internal\req\req_install.py
is_pinned,E:\football_v\.venv\Lib\site-packages\pip\_internal\req\req_install.py
match_markers,E:\football_v\.venv\Lib\site-packages\pip\_internal\req\req_install.py
has_hash_options,E:\football_v\.venv\Lib\site-packages\pip\_internal\req\req_install.py
hashes,E:\football_v\.venv\Lib\site-packages\pip\_internal\req\req_install.py
from_path,E:\football_v\.venv\Lib\site-packages\pip\_internal\req\req_install.py
ensure_build_location,E:\football_v\.venv\Lib\site-packages\pip\_internal\req\req_install.py
_set_requirement,E:\football_v\.venv\Lib\site-packages\pip\_internal\req\req_install.py
warn_on_mismatching_name,E:\football_v\.venv\Lib\site-packages\pip\_internal\req\req_install.py
check_if_exists,E:\football_v\.venv\Lib\site-packages\pip\_internal\req\req_install.py
is_wheel,E:\football_v\.venv\Lib\site-packages\pip\_internal\req\req_install.py
is_wheel_from_cache,E:\football_v\.venv\Lib\site-packages\pip\_internal\req\req_install.py
unpacked_source_directory,E:\football_v\.venv\Lib\site-packages\pip\_internal\req\req_install.py
setup_py_path,E:\football_v\.venv\Lib\site-packages\pip\_internal\req\req_install.py
setup_cfg_path,E:\football_v\.venv\Lib\site-packages\pip\_internal\req\req_install.py
pyproject_toml_path,E:\football_v\.venv\Lib\site-packages\pip\_internal\req\req_install.py
load_pyproject_toml,E:\football_v\.venv\Lib\site-packages\pip\_internal\req\req_install.py
isolated_editable_sanity_check,E:\football_v\.venv\Lib\site-packages\pip\_internal\req\req_install.py
prepare_metadata,E:\football_v\.venv\Lib\site-packages\pip\_internal\req\req_install.py
metadata,E:\football_v\.venv\Lib\site-packages\pip\_internal\req\req_install.py
get_dist,E:\football_v\.venv\Lib\site-packages\pip\_internal\req\req_install.py
assert_source_matches_version,E:\football_v\.venv\Lib\site-packages\pip\_internal\req\req_install.py
ensure_has_source_dir,E:\football_v\.venv\Lib\site-packages\pip\_internal\req\req_install.py
needs_unpacked_archive,E:\football_v\.venv\Lib\site-packages\pip\_internal\req\req_install.py
ensure_pristine_source_checkout,E:\football_v\.venv\Lib\site-packages\pip\_internal\req\req_install.py
update_editable,E:\football_v\.venv\Lib\site-packages\pip\_internal\req\req_install.py
uninstall,E:\football_v\.venv\Lib\site-packages\pip\_internal\req\req_install.py
_get_archive_name,E:\football_v\.venv\Lib\site-packages\pip\_internal\req\req_install.py
archive,E:\football_v\.venv\Lib\site-packages\pip\_internal\req\req_install.py
install,E:\football_v\.venv\Lib\site-packages\pip\_internal\req\req_install.py
_clean_zip_name,E:\football_v\.venv\Lib\site-packages\pip\_internal\req\req_install.py
__init__,E:\football_v\.venv\Lib\site-packages\pip\_internal\req\req_set.py
__str__,E:\football_v\.venv\Lib\site-packages\pip\_internal\req\req_set.py
__repr__,E:\football_v\.venv\Lib\site-packages\pip\_internal\req\req_set.py
add_unnamed_requirement,E:\football_v\.venv\Lib\site-packages\pip\_internal\req\req_set.py
add_named_requirement,E:\football_v\.venv\Lib\site-packages\pip\_internal\req\req_set.py
has_requirement,E:\football_v\.venv\Lib\site-packages\pip\_internal\req\req_set.py
get_requirement,E:\football_v\.venv\Lib\site-packages\pip\_internal\req\req_set.py
all_requirements,E:\football_v\.venv\Lib\site-packages\pip\_internal\req\req_set.py
requirements_to_install,E:\football_v\.venv\Lib\site-packages\pip\_internal\req\req_set.py
_script_names,E:\football_v\.venv\Lib\site-packages\pip\_internal\req\req_uninstall.py
_unique,E:\football_v\.venv\Lib\site-packages\pip\_internal\req\req_uninstall.py
uninstallation_paths,E:\football_v\.venv\Lib\site-packages\pip\_internal\req\req_uninstall.py
compact,E:\football_v\.venv\Lib\site-packages\pip\_internal\req\req_uninstall.py
compress_for_rename,E:\football_v\.venv\Lib\site-packages\pip\_internal\req\req_uninstall.py
compress_for_output_listing,E:\football_v\.venv\Lib\site-packages\pip\_internal\req\req_uninstall.py
unique,E:\football_v\.venv\Lib\site-packages\pip\_internal\req\req_uninstall.py
norm_join,E:\football_v\.venv\Lib\site-packages\pip\_internal\req\req_uninstall.py
__init__,E:\football_v\.venv\Lib\site-packages\pip\_internal\req\req_uninstall.py
_get_directory_stash,E:\football_v\.venv\Lib\site-packages\pip\_internal\req\req_uninstall.py
_get_file_stash,E:\football_v\.venv\Lib\site-packages\pip\_internal\req\req_uninstall.py
stash,E:\football_v\.venv\Lib\site-packages\pip\_internal\req\req_uninstall.py
commit,E:\football_v\.venv\Lib\site-packages\pip\_internal\req\req_uninstall.py
rollback,E:\football_v\.venv\Lib\site-packages\pip\_internal\req\req_uninstall.py
can_rollback,E:\football_v\.venv\Lib\site-packages\pip\_internal\req\req_uninstall.py
__init__,E:\football_v\.venv\Lib\site-packages\pip\_internal\req\req_uninstall.py
_permitted,E:\football_v\.venv\Lib\site-packages\pip\_internal\req\req_uninstall.py
add,E:\football_v\.venv\Lib\site-packages\pip\_internal\req\req_uninstall.py
add_pth,E:\football_v\.venv\Lib\site-packages\pip\_internal\req\req_uninstall.py
remove,E:\football_v\.venv\Lib\site-packages\pip\_internal\req\req_uninstall.py
_allowed_to_proceed,E:\football_v\.venv\Lib\site-packages\pip\_internal\req\req_uninstall.py
rollback,E:\football_v\.venv\Lib\site-packages\pip\_internal\req\req_uninstall.py
commit,E:\football_v\.venv\Lib\site-packages\pip\_internal\req\req_uninstall.py
from_dist,E:\football_v\.venv\Lib\site-packages\pip\_internal\req\req_uninstall.py
__init__,E:\football_v\.venv\Lib\site-packages\pip\_internal\req\req_uninstall.py
add,E:\football_v\.venv\Lib\site-packages\pip\_internal\req\req_uninstall.py
remove,E:\football_v\.venv\Lib\site-packages\pip\_internal\req\req_uninstall.py
rollback,E:\football_v\.venv\Lib\site-packages\pip\_internal\req\req_uninstall.py
_display,E:\football_v\.venv\Lib\site-packages\pip\_internal\req\req_uninstall.py
iter_scripts_to_remove,E:\football_v\.venv\Lib\site-packages\pip\_internal\req\req_uninstall.py
_validate_requirements,E:\football_v\.venv\Lib\site-packages\pip\_internal\req\__init__.py
install_given_reqs,E:\football_v\.venv\Lib\site-packages\pip\_internal\req\__init__.py
resolve,E:\football_v\.venv\Lib\site-packages\pip\_internal\resolution\base.py
get_installation_order,E:\football_v\.venv\Lib\site-packages\pip\_internal\resolution\base.py
_check_dist_requires_python,E:\football_v\.venv\Lib\site-packages\pip\_internal\resolution\legacy\resolver.py
__init__,E:\football_v\.venv\Lib\site-packages\pip\_internal\resolution\legacy\resolver.py
resolve,E:\football_v\.venv\Lib\site-packages\pip\_internal\resolution\legacy\resolver.py
_add_requirement_to_set,E:\football_v\.venv\Lib\site-packages\pip\_internal\resolution\legacy\resolver.py
_is_upgrade_allowed,E:\football_v\.venv\Lib\site-packages\pip\_internal\resolution\legacy\resolver.py
_set_req_to_reinstall,E:\football_v\.venv\Lib\site-packages\pip\_internal\resolution\legacy\resolver.py
_check_skip_installed,E:\football_v\.venv\Lib\site-packages\pip\_internal\resolution\legacy\resolver.py
_find_requirement_link,E:\football_v\.venv\Lib\site-packages\pip\_internal\resolution\legacy\resolver.py
_populate_link,E:\football_v\.venv\Lib\site-packages\pip\_internal\resolution\legacy\resolver.py
_get_dist_for,E:\football_v\.venv\Lib\site-packages\pip\_internal\resolution\legacy\resolver.py
_resolve_one,E:\football_v\.venv\Lib\site-packages\pip\_internal\resolution\legacy\resolver.py
get_installation_order,E:\football_v\.venv\Lib\site-packages\pip\_internal\resolution\legacy\resolver.py
add_req,E:\football_v\.venv\Lib\site-packages\pip\_internal\resolution\legacy\resolver.py
schedule,E:\football_v\.venv\Lib\site-packages\pip\_internal\resolution\legacy\resolver.py
format_name,E:\football_v\.venv\Lib\site-packages\pip\_internal\resolution\resolvelib\base.py
_match_link,E:\football_v\.venv\Lib\site-packages\pip\_internal\resolution\resolvelib\base.py
empty,E:\football_v\.venv\Lib\site-packages\pip\_internal\resolution\resolvelib\base.py
from_ireq,E:\football_v\.venv\Lib\site-packages\pip\_internal\resolution\resolvelib\base.py
__bool__,E:\football_v\.venv\Lib\site-packages\pip\_internal\resolution\resolvelib\base.py
__and__,E:\football_v\.venv\Lib\site-packages\pip\_internal\resolution\resolvelib\base.py
is_satisfied_by,E:\football_v\.venv\Lib\site-packages\pip\_internal\resolution\resolvelib\base.py
project_name,E:\football_v\.venv\Lib\site-packages\pip\_internal\resolution\resolvelib\base.py
name,E:\football_v\.venv\Lib\site-packages\pip\_internal\resolution\resolvelib\base.py
is_satisfied_by,E:\football_v\.venv\Lib\site-packages\pip\_internal\resolution\resolvelib\base.py
get_candidate_lookup,E:\football_v\.venv\Lib\site-packages\pip\_internal\resolution\resolvelib\base.py
format_for_error,E:\football_v\.venv\Lib\site-packages\pip\_internal\resolution\resolvelib\base.py
project_name,E:\football_v\.venv\Lib\site-packages\pip\_internal\resolution\resolvelib\base.py
name,E:\football_v\.venv\Lib\site-packages\pip\_internal\resolution\resolvelib\base.py
version,E:\football_v\.venv\Lib\site-packages\pip\_internal\resolution\resolvelib\base.py
is_installed,E:\football_v\.venv\Lib\site-packages\pip\_internal\resolution\resolvelib\base.py
is_editable,E:\football_v\.venv\Lib\site-packages\pip\_internal\resolution\resolvelib\base.py
source_link,E:\football_v\.venv\Lib\site-packages\pip\_internal\resolution\resolvelib\base.py
iter_dependencies,E:\football_v\.venv\Lib\site-packages\pip\_internal\resolution\resolvelib\base.py
get_install_requirement,E:\football_v\.venv\Lib\site-packages\pip\_internal\resolution\resolvelib\base.py
format_for_error,E:\football_v\.venv\Lib\site-packages\pip\_internal\resolution\resolvelib\base.py
as_base_candidate,E:\football_v\.venv\Lib\site-packages\pip\_internal\resolution\resolvelib\candidates.py
make_install_req_from_link,E:\football_v\.venv\Lib\site-packages\pip\_internal\resolution\resolvelib\candidates.py
make_install_req_from_editable,E:\football_v\.venv\Lib\site-packages\pip\_internal\resolution\resolvelib\candidates.py
_make_install_req_from_dist,E:\football_v\.venv\Lib\site-packages\pip\_internal\resolution\resolvelib\candidates.py
__init__,E:\football_v\.venv\Lib\site-packages\pip\_internal\resolution\resolvelib\candidates.py
__str__,E:\football_v\.venv\Lib\site-packages\pip\_internal\resolution\resolvelib\candidates.py
__repr__,E:\football_v\.venv\Lib\site-packages\pip\_internal\resolution\resolvelib\candidates.py
__hash__,E:\football_v\.venv\Lib\site-packages\pip\_internal\resolution\resolvelib\candidates.py
__eq__,E:\football_v\.venv\Lib\site-packages\pip\_internal\resolution\resolvelib\candidates.py
source_link,E:\football_v\.venv\Lib\site-packages\pip\_internal\resolution\resolvelib\candidates.py
project_name,E:\football_v\.venv\Lib\site-packages\pip\_internal\resolution\resolvelib\candidates.py
name,E:\football_v\.venv\Lib\site-packages\pip\_internal\resolution\resolvelib\candidates.py
version,E:\football_v\.venv\Lib\site-packages\pip\_internal\resolution\resolvelib\candidates.py
format_for_error,E:\football_v\.venv\Lib\site-packages\pip\_internal\resolution\resolvelib\candidates.py
_prepare_distribution,E:\football_v\.venv\Lib\site-packages\pip\_internal\resolution\resolvelib\candidates.py
_check_metadata_consistency,E:\football_v\.venv\Lib\site-packages\pip\_internal\resolution\resolvelib\candidates.py
_prepare,E:\football_v\.venv\Lib\site-packages\pip\_internal\resolution\resolvelib\candidates.py
iter_dependencies,E:\football_v\.venv\Lib\site-packages\pip\_internal\resolution\resolvelib\candidates.py
get_install_requirement,E:\football_v\.venv\Lib\site-packages\pip\_internal\resolution\resolvelib\candidates.py
__init__,E:\football_v\.venv\Lib\site-packages\pip\_internal\resolution\resolvelib\candidates.py
_prepare_distribution,E:\football_v\.venv\Lib\site-packages\pip\_internal\resolution\resolvelib\candidates.py
__init__,E:\football_v\.venv\Lib\site-packages\pip\_internal\resolution\resolvelib\candidates.py
_prepare_distribution,E:\football_v\.venv\Lib\site-packages\pip\_internal\resolution\resolvelib\candidates.py
__init__,E:\football_v\.venv\Lib\site-packages\pip\_internal\resolution\resolvelib\candidates.py
__str__,E:\football_v\.venv\Lib\site-packages\pip\_internal\resolution\resolvelib\candidates.py
__repr__,E:\football_v\.venv\Lib\site-packages\pip\_internal\resolution\resolvelib\candidates.py
__eq__,E:\football_v\.venv\Lib\site-packages\pip\_internal\resolution\resolvelib\candidates.py
__hash__,E:\football_v\.venv\Lib\site-packages\pip\_internal\resolution\resolvelib\candidates.py
project_name,E:\football_v\.venv\Lib\site-packages\pip\_internal\resolution\resolvelib\candidates.py
name,E:\football_v\.venv\Lib\site-packages\pip\_internal\resolution\resolvelib\candidates.py
version,E:\football_v\.venv\Lib\site-packages\pip\_internal\resolution\resolvelib\candidates.py
is_editable,E:\football_v\.venv\Lib\site-packages\pip\_internal\resolution\resolvelib\candidates.py
format_for_error,E:\football_v\.venv\Lib\site-packages\pip\_internal\resolution\resolvelib\candidates.py
iter_dependencies,E:\football_v\.venv\Lib\site-packages\pip\_internal\resolution\resolvelib\candidates.py
get_install_requirement,E:\football_v\.venv\Lib\site-packages\pip\_internal\resolution\resolvelib\candidates.py
__init__,E:\football_v\.venv\Lib\site-packages\pip\_internal\resolution\resolvelib\candidates.py
__str__,E:\football_v\.venv\Lib\site-packages\pip\_internal\resolution\resolvelib\candidates.py
__repr__,E:\football_v\.venv\Lib\site-packages\pip\_internal\resolution\resolvelib\candidates.py
__hash__,E:\football_v\.venv\Lib\site-packages\pip\_internal\resolution\resolvelib\candidates.py
__eq__,E:\football_v\.venv\Lib\site-packages\pip\_internal\resolution\resolvelib\candidates.py
project_name,E:\football_v\.venv\Lib\site-packages\pip\_internal\resolution\resolvelib\candidates.py
name,E:\football_v\.venv\Lib\site-packages\pip\_internal\resolution\resolvelib\candidates.py
version,E:\football_v\.venv\Lib\site-packages\pip\_internal\resolution\resolvelib\candidates.py
format_for_error,E:\football_v\.venv\Lib\site-packages\pip\_internal\resolution\resolvelib\candidates.py
is_installed,E:\football_v\.venv\Lib\site-packages\pip\_internal\resolution\resolvelib\candidates.py
is_editable,E:\football_v\.venv\Lib\site-packages\pip\_internal\resolution\resolvelib\candidates.py
source_link,E:\football_v\.venv\Lib\site-packages\pip\_internal\resolution\resolvelib\candidates.py
iter_dependencies,E:\football_v\.venv\Lib\site-packages\pip\_internal\resolution\resolvelib\candidates.py
get_install_requirement,E:\football_v\.venv\Lib\site-packages\pip\_internal\resolution\resolvelib\candidates.py
__init__,E:\football_v\.venv\Lib\site-packages\pip\_internal\resolution\resolvelib\candidates.py
__str__,E:\football_v\.venv\Lib\site-packages\pip\_internal\resolution\resolvelib\candidates.py
project_name,E:\football_v\.venv\Lib\site-packages\pip\_internal\resolution\resolvelib\candidates.py
name,E:\football_v\.venv\Lib\site-packages\pip\_internal\resolution\resolvelib\candidates.py
version,E:\football_v\.venv\Lib\site-packages\pip\_internal\resolution\resolvelib\candidates.py
format_for_error,E:\football_v\.venv\Lib\site-packages\pip\_internal\resolution\resolvelib\candidates.py
iter_dependencies,E:\football_v\.venv\Lib\site-packages\pip\_internal\resolution\resolvelib\candidates.py
get_install_requirement,E:\football_v\.venv\Lib\site-packages\pip\_internal\resolution\resolvelib\candidates.py
__init__,E:\football_v\.venv\Lib\site-packages\pip\_internal\resolution\resolvelib\factory.py
force_reinstall,E:\football_v\.venv\Lib\site-packages\pip\_internal\resolution\resolvelib\factory.py
_fail_if_link_is_unsupported_wheel,E:\football_v\.venv\Lib\site-packages\pip\_internal\resolution\resolvelib\factory.py
_make_extras_candidate,E:\football_v\.venv\Lib\site-packages\pip\_internal\resolution\resolvelib\factory.py
_make_candidate_from_dist,E:\football_v\.venv\Lib\site-packages\pip\_internal\resolution\resolvelib\factory.py
_make_candidate_from_link,E:\football_v\.venv\Lib\site-packages\pip\_internal\resolution\resolvelib\factory.py
_make_base_candidate_from_link,E:\football_v\.venv\Lib\site-packages\pip\_internal\resolution\resolvelib\factory.py
_iter_found_candidates,E:\football_v\.venv\Lib\site-packages\pip\_internal\resolution\resolvelib\factory.py
_iter_explicit_candidates_from_base,E:\football_v\.venv\Lib\site-packages\pip\_internal\resolution\resolvelib\factory.py
_iter_candidates_from_constraints,E:\football_v\.venv\Lib\site-packages\pip\_internal\resolution\resolvelib\factory.py
find_candidates,E:\football_v\.venv\Lib\site-packages\pip\_internal\resolution\resolvelib\factory.py
_make_requirements_from_install_req,E:\football_v\.venv\Lib\site-packages\pip\_internal\resolution\resolvelib\factory.py
collect_root_requirements,E:\football_v\.venv\Lib\site-packages\pip\_internal\resolution\resolvelib\factory.py
make_requirement_from_candidate,E:\football_v\.venv\Lib\site-packages\pip\_internal\resolution\resolvelib\factory.py
make_requirements_from_spec,E:\football_v\.venv\Lib\site-packages\pip\_internal\resolution\resolvelib\factory.py
make_requires_python_requirement,E:\football_v\.venv\Lib\site-packages\pip\_internal\resolution\resolvelib\factory.py
get_wheel_cache_entry,E:\football_v\.venv\Lib\site-packages\pip\_internal\resolution\resolvelib\factory.py
get_dist_to_uninstall,E:\football_v\.venv\Lib\site-packages\pip\_internal\resolution\resolvelib\factory.py
_report_requires_python_error,E:\football_v\.venv\Lib\site-packages\pip\_internal\resolution\resolvelib\factory.py
_report_single_requirement_conflict,E:\football_v\.venv\Lib\site-packages\pip\_internal\resolution\resolvelib\factory.py
get_installation_error,E:\football_v\.venv\Lib\site-packages\pip\_internal\resolution\resolvelib\factory.py
_get_installed_candidate,E:\football_v\.venv\Lib\site-packages\pip\_internal\resolution\resolvelib\factory.py
iter_index_candidate_infos,E:\football_v\.venv\Lib\site-packages\pip\_internal\resolution\resolvelib\factory.py
text_join,E:\football_v\.venv\Lib\site-packages\pip\_internal\resolution\resolvelib\factory.py
describe_trigger,E:\football_v\.venv\Lib\site-packages\pip\_internal\resolution\resolvelib\factory.py
is_pinned,E:\football_v\.venv\Lib\site-packages\pip\_internal\resolution\resolvelib\factory.py
_iter_built,E:\football_v\.venv\Lib\site-packages\pip\_internal\resolution\resolvelib\found_candidates.py
_iter_built_with_prepended,E:\football_v\.venv\Lib\site-packages\pip\_internal\resolution\resolvelib\found_candidates.py
_iter_built_with_inserted,E:\football_v\.venv\Lib\site-packages\pip\_internal\resolution\resolvelib\found_candidates.py
__init__,E:\football_v\.venv\Lib\site-packages\pip\_internal\resolution\resolvelib\found_candidates.py
__getitem__,E:\football_v\.venv\Lib\site-packages\pip\_internal\resolution\resolvelib\found_candidates.py
__iter__,E:\football_v\.venv\Lib\site-packages\pip\_internal\resolution\resolvelib\found_candidates.py
__len__,E:\football_v\.venv\Lib\site-packages\pip\_internal\resolution\resolvelib\found_candidates.py
__bool__,E:\football_v\.venv\Lib\site-packages\pip\_internal\resolution\resolvelib\found_candidates.py
_get_with_identifier,E:\football_v\.venv\Lib\site-packages\pip\_internal\resolution\resolvelib\provider.py
__init__,E:\football_v\.venv\Lib\site-packages\pip\_internal\resolution\resolvelib\provider.py
identify,E:\football_v\.venv\Lib\site-packages\pip\_internal\resolution\resolvelib\provider.py
get_preference,E:\football_v\.venv\Lib\site-packages\pip\_internal\resolution\resolvelib\provider.py
find_matches,E:\football_v\.venv\Lib\site-packages\pip\_internal\resolution\resolvelib\provider.py
is_satisfied_by,E:\football_v\.venv\Lib\site-packages\pip\_internal\resolution\resolvelib\provider.py
get_dependencies,E:\football_v\.venv\Lib\site-packages\pip\_internal\resolution\resolvelib\provider.py
is_backtrack_cause,E:\football_v\.venv\Lib\site-packages\pip\_internal\resolution\resolvelib\provider.py
_eligible_for_upgrade,E:\football_v\.venv\Lib\site-packages\pip\_internal\resolution\resolvelib\provider.py
__init__,E:\football_v\.venv\Lib\site-packages\pip\_internal\resolution\resolvelib\reporter.py
rejecting_candidate,E:\football_v\.venv\Lib\site-packages\pip\_internal\resolution\resolvelib\reporter.py
starting,E:\football_v\.venv\Lib\site-packages\pip\_internal\resolution\resolvelib\reporter.py
starting_round,E:\football_v\.venv\Lib\site-packages\pip\_internal\resolution\resolvelib\reporter.py
ending_round,E:\football_v\.venv\Lib\site-packages\pip\_internal\resolution\resolvelib\reporter.py
ending,E:\football_v\.venv\Lib\site-packages\pip\_internal\resolution\resolvelib\reporter.py
adding_requirement,E:\football_v\.venv\Lib\site-packages\pip\_internal\resolution\resolvelib\reporter.py
rejecting_candidate,E:\football_v\.venv\Lib\site-packages\pip\_internal\resolution\resolvelib\reporter.py
pinning,E:\football_v\.venv\Lib\site-packages\pip\_internal\resolution\resolvelib\reporter.py
__init__,E:\football_v\.venv\Lib\site-packages\pip\_internal\resolution\resolvelib\requirements.py
__str__,E:\football_v\.venv\Lib\site-packages\pip\_internal\resolution\resolvelib\requirements.py
__repr__,E:\football_v\.venv\Lib\site-packages\pip\_internal\resolution\resolvelib\requirements.py
__hash__,E:\football_v\.venv\Lib\site-packages\pip\_internal\resolution\resolvelib\requirements.py
__eq__,E:\football_v\.venv\Lib\site-packages\pip\_internal\resolution\resolvelib\requirements.py
project_name,E:\football_v\.venv\Lib\site-packages\pip\_internal\resolution\resolvelib\requirements.py
name,E:\football_v\.venv\Lib\site-packages\pip\_internal\resolution\resolvelib\requirements.py
format_for_error,E:\football_v\.venv\Lib\site-packages\pip\_internal\resolution\resolvelib\requirements.py
get_candidate_lookup,E:\football_v\.venv\Lib\site-packages\pip\_internal\resolution\resolvelib\requirements.py
is_satisfied_by,E:\football_v\.venv\Lib\site-packages\pip\_internal\resolution\resolvelib\requirements.py
__init__,E:\football_v\.venv\Lib\site-packages\pip\_internal\resolution\resolvelib\requirements.py
_equal,E:\football_v\.venv\Lib\site-packages\pip\_internal\resolution\resolvelib\requirements.py
__str__,E:\football_v\.venv\Lib\site-packages\pip\_internal\resolution\resolvelib\requirements.py
__repr__,E:\football_v\.venv\Lib\site-packages\pip\_internal\resolution\resolvelib\requirements.py
__eq__,E:\football_v\.venv\Lib\site-packages\pip\_internal\resolution\resolvelib\requirements.py
__hash__,E:\football_v\.venv\Lib\site-packages\pip\_internal\resolution\resolvelib\requirements.py
project_name,E:\football_v\.venv\Lib\site-packages\pip\_internal\resolution\resolvelib\requirements.py
name,E:\football_v\.venv\Lib\site-packages\pip\_internal\resolution\resolvelib\requirements.py
format_for_error,E:\football_v\.venv\Lib\site-packages\pip\_internal\resolution\resolvelib\requirements.py
get_candidate_lookup,E:\football_v\.venv\Lib\site-packages\pip\_internal\resolution\resolvelib\requirements.py
is_satisfied_by,E:\football_v\.venv\Lib\site-packages\pip\_internal\resolution\resolvelib\requirements.py
__init__,E:\football_v\.venv\Lib\site-packages\pip\_internal\resolution\resolvelib\requirements.py
_equal,E:\football_v\.venv\Lib\site-packages\pip\_internal\resolution\resolvelib\requirements.py
__eq__,E:\football_v\.venv\Lib\site-packages\pip\_internal\resolution\resolvelib\requirements.py
__hash__,E:\football_v\.venv\Lib\site-packages\pip\_internal\resolution\resolvelib\requirements.py
__init__,E:\football_v\.venv\Lib\site-packages\pip\_internal\resolution\resolvelib\requirements.py
__str__,E:\football_v\.venv\Lib\site-packages\pip\_internal\resolution\resolvelib\requirements.py
__repr__,E:\football_v\.venv\Lib\site-packages\pip\_internal\resolution\resolvelib\requirements.py
__hash__,E:\football_v\.venv\Lib\site-packages\pip\_internal\resolution\resolvelib\requirements.py
__eq__,E:\football_v\.venv\Lib\site-packages\pip\_internal\resolution\resolvelib\requirements.py
project_name,E:\football_v\.venv\Lib\site-packages\pip\_internal\resolution\resolvelib\requirements.py
name,E:\football_v\.venv\Lib\site-packages\pip\_internal\resolution\resolvelib\requirements.py
format_for_error,E:\football_v\.venv\Lib\site-packages\pip\_internal\resolution\resolvelib\requirements.py
get_candidate_lookup,E:\football_v\.venv\Lib\site-packages\pip\_internal\resolution\resolvelib\requirements.py
is_satisfied_by,E:\football_v\.venv\Lib\site-packages\pip\_internal\resolution\resolvelib\requirements.py
__init__,E:\football_v\.venv\Lib\site-packages\pip\_internal\resolution\resolvelib\requirements.py
__str__,E:\football_v\.venv\Lib\site-packages\pip\_internal\resolution\resolvelib\requirements.py
__repr__,E:\football_v\.venv\Lib\site-packages\pip\_internal\resolution\resolvelib\requirements.py
__eq__,E:\football_v\.venv\Lib\site-packages\pip\_internal\resolution\resolvelib\requirements.py
__hash__,E:\football_v\.venv\Lib\site-packages\pip\_internal\resolution\resolvelib\requirements.py
project_name,E:\football_v\.venv\Lib\site-packages\pip\_internal\resolution\resolvelib\requirements.py
name,E:\football_v\.venv\Lib\site-packages\pip\_internal\resolution\resolvelib\requirements.py
format_for_error,E:\football_v\.venv\Lib\site-packages\pip\_internal\resolution\resolvelib\requirements.py
get_candidate_lookup,E:\football_v\.venv\Lib\site-packages\pip\_internal\resolution\resolvelib\requirements.py
is_satisfied_by,E:\football_v\.venv\Lib\site-packages\pip\_internal\resolution\resolvelib\requirements.py
get_topological_weights,E:\football_v\.venv\Lib\site-packages\pip\_internal\resolution\resolvelib\resolver.py
_req_set_item_sorter,E:\football_v\.venv\Lib\site-packages\pip\_internal\resolution\resolvelib\resolver.py
__init__,E:\football_v\.venv\Lib\site-packages\pip\_internal\resolution\resolvelib\resolver.py
resolve,E:\football_v\.venv\Lib\site-packages\pip\_internal\resolution\resolvelib\resolver.py
get_installation_order,E:\football_v\.venv\Lib\site-packages\pip\_internal\resolution\resolvelib\resolver.py
visit,E:\football_v\.venv\Lib\site-packages\pip\_internal\resolution\resolvelib\resolver.py
user_cache_dir,E:\football_v\.venv\Lib\site-packages\pip\_internal\utils\appdirs.py
_macos_user_config_dir,E:\football_v\.venv\Lib\site-packages\pip\_internal\utils\appdirs.py
user_config_dir,E:\football_v\.venv\Lib\site-packages\pip\_internal\utils\appdirs.py
site_config_dirs,E:\football_v\.venv\Lib\site-packages\pip\_internal\utils\appdirs.py
has_tls,E:\football_v\.venv\Lib\site-packages\pip\_internal\utils\compat.py
get_path_uid,E:\football_v\.venv\Lib\site-packages\pip\_internal\utils\compat.py
open_text_resource,E:\football_v\.venv\Lib\site-packages\pip\_internal\utils\compat.py
version_info_to_nodot,E:\football_v\.venv\Lib\site-packages\pip\_internal\utils\compatibility_tags.py
_mac_platforms,E:\football_v\.venv\Lib\site-packages\pip\_internal\utils\compatibility_tags.py
_ios_platforms,E:\football_v\.venv\Lib\site-packages\pip\_internal\utils\compatibility_tags.py
_custom_manylinux_platforms,E:\football_v\.venv\Lib\site-packages\pip\_internal\utils\compatibility_tags.py
_get_custom_platforms,E:\football_v\.venv\Lib\site-packages\pip\_internal\utils\compatibility_tags.py
_expand_allowed_platforms,E:\football_v\.venv\Lib\site-packages\pip\_internal\utils\compatibility_tags.py
_get_python_version,E:\football_v\.venv\Lib\site-packages\pip\_internal\utils\compatibility_tags.py
_get_custom_interpreter,E:\football_v\.venv\Lib\site-packages\pip\_internal\utils\compatibility_tags.py
get_supported,E:\football_v\.venv\Lib\site-packages\pip\_internal\utils\compatibility_tags.py
today_is_later_than,E:\football_v\.venv\Lib\site-packages\pip\_internal\utils\datetime.py
_showwarning,E:\football_v\.venv\Lib\site-packages\pip\_internal\utils\deprecation.py
install_warning_logger,E:\football_v\.venv\Lib\site-packages\pip\_internal\utils\deprecation.py
deprecated,E:\football_v\.venv\Lib\site-packages\pip\_internal\utils\deprecation.py
direct_url_as_pep440_direct_reference,E:\football_v\.venv\Lib\site-packages\pip\_internal\utils\direct_url_helpers.py
direct_url_for_editable,E:\football_v\.venv\Lib\site-packages\pip\_internal\utils\direct_url_helpers.py
direct_url_from_link,E:\football_v\.venv\Lib\site-packages\pip\_internal\utils\direct_url_helpers.py
_egg_link_names,E:\football_v\.venv\Lib\site-packages\pip\_internal\utils\egg_link.py
egg_link_path_from_sys_path,E:\football_v\.venv\Lib\site-packages\pip\_internal\utils\egg_link.py
egg_link_path_from_location,E:\football_v\.venv\Lib\site-packages\pip\_internal\utils\egg_link.py
_wrapper,E:\football_v\.venv\Lib\site-packages\pip\_internal\utils\entrypoints.py
get_best_invocation_for_this_pip,E:\football_v\.venv\Lib\site-packages\pip\_internal\utils\entrypoints.py
get_best_invocation_for_this_python,E:\football_v\.venv\Lib\site-packages\pip\_internal\utils\entrypoints.py
check_path_owner,E:\football_v\.venv\Lib\site-packages\pip\_internal\utils\filesystem.py
adjacent_tmp_file,E:\football_v\.venv\Lib\site-packages\pip\_internal\utils\filesystem.py
test_writable_dir,E:\football_v\.venv\Lib\site-packages\pip\_internal\utils\filesystem.py
_test_writable_dir_win,E:\football_v\.venv\Lib\site-packages\pip\_internal\utils\filesystem.py
find_files,E:\football_v\.venv\Lib\site-packages\pip\_internal\utils\filesystem.py
file_size,E:\football_v\.venv\Lib\site-packages\pip\_internal\utils\filesystem.py
format_file_size,E:\football_v\.venv\Lib\site-packages\pip\_internal\utils\filesystem.py
directory_size,E:\football_v\.venv\Lib\site-packages\pip\_internal\utils\filesystem.py
format_directory_size,E:\football_v\.venv\Lib\site-packages\pip\_internal\utils\filesystem.py
is_archive_file,E:\football_v\.venv\Lib\site-packages\pip\_internal\utils\filetypes.py
glibc_version_string,E:\football_v\.venv\Lib\site-packages\pip\_internal\utils\glibc.py
glibc_version_string_confstr,E:\football_v\.venv\Lib\site-packages\pip\_internal\utils\glibc.py
glibc_version_string_ctypes,E:\football_v\.venv\Lib\site-packages\pip\_internal\utils\glibc.py
libc_ver,E:\football_v\.venv\Lib\site-packages\pip\_internal\utils\glibc.py
__init__,E:\football_v\.venv\Lib\site-packages\pip\_internal\utils\hashes.py
__and__,E:\football_v\.venv\Lib\site-packages\pip\_internal\utils\hashes.py
digest_count,E:\football_v\.venv\Lib\site-packages\pip\_internal\utils\hashes.py
is_hash_allowed,E:\football_v\.venv\Lib\site-packages\pip\_internal\utils\hashes.py
check_against_chunks,E:\football_v\.venv\Lib\site-packages\pip\_internal\utils\hashes.py
_raise,E:\football_v\.venv\Lib\site-packages\pip\_internal\utils\hashes.py
check_against_file,E:\football_v\.venv\Lib\site-packages\pip\_internal\utils\hashes.py
check_against_path,E:\football_v\.venv\Lib\site-packages\pip\_internal\utils\hashes.py
has_one_of,E:\football_v\.venv\Lib\site-packages\pip\_internal\utils\hashes.py
__bool__,E:\football_v\.venv\Lib\site-packages\pip\_internal\utils\hashes.py
__eq__,E:\football_v\.venv\Lib\site-packages\pip\_internal\utils\hashes.py
__hash__,E:\football_v\.venv\Lib\site-packages\pip\_internal\utils\hashes.py
__init__,E:\football_v\.venv\Lib\site-packages\pip\_internal\utils\hashes.py
_raise,E:\football_v\.venv\Lib\site-packages\pip\_internal\utils\hashes.py
_is_broken_pipe_error,E:\football_v\.venv\Lib\site-packages\pip\_internal\utils\logging.py
indent_log,E:\football_v\.venv\Lib\site-packages\pip\_internal\utils\logging.py
get_indentation,E:\football_v\.venv\Lib\site-packages\pip\_internal\utils\logging.py
setup_logging,E:\football_v\.venv\Lib\site-packages\pip\_internal\utils\logging.py
__init__,E:\football_v\.venv\Lib\site-packages\pip\_internal\utils\logging.py
get_message_start,E:\football_v\.venv\Lib\site-packages\pip\_internal\utils\logging.py
format,E:\football_v\.venv\Lib\site-packages\pip\_internal\utils\logging.py
__rich_console__,E:\football_v\.venv\Lib\site-packages\pip\_internal\utils\logging.py
on_broken_pipe,E:\football_v\.venv\Lib\site-packages\pip\_internal\utils\logging.py
__init__,E:\football_v\.venv\Lib\site-packages\pip\_internal\utils\logging.py
emit,E:\football_v\.venv\Lib\site-packages\pip\_internal\utils\logging.py
handleError,E:\football_v\.venv\Lib\site-packages\pip\_internal\utils\logging.py
_open,E:\football_v\.venv\Lib\site-packages\pip\_internal\utils\logging.py
__init__,E:\football_v\.venv\Lib\site-packages\pip\_internal\utils\logging.py
filter,E:\football_v\.venv\Lib\site-packages\pip\_internal\utils\logging.py
filter,E:\football_v\.venv\Lib\site-packages\pip\_internal\utils\logging.py
get_pip_version,E:\football_v\.venv\Lib\site-packages\pip\_internal\utils\misc.py
normalize_version_info,E:\football_v\.venv\Lib\site-packages\pip\_internal\utils\misc.py
ensure_dir,E:\football_v\.venv\Lib\site-packages\pip\_internal\utils\misc.py
get_prog,E:\football_v\.venv\Lib\site-packages\pip\_internal\utils\misc.py
rmtree,E:\football_v\.venv\Lib\site-packages\pip\_internal\utils\misc.py
_onerror_ignore,E:\football_v\.venv\Lib\site-packages\pip\_internal\utils\misc.py
_onerror_reraise,E:\football_v\.venv\Lib\site-packages\pip\_internal\utils\misc.py
rmtree_errorhandler,E:\football_v\.venv\Lib\site-packages\pip\_internal\utils\misc.py
display_path,E:\football_v\.venv\Lib\site-packages\pip\_internal\utils\misc.py
backup_dir,E:\football_v\.venv\Lib\site-packages\pip\_internal\utils\misc.py
ask_path_exists,E:\football_v\.venv\Lib\site-packages\pip\_internal\utils\misc.py
_check_no_input,E:\football_v\.venv\Lib\site-packages\pip\_internal\utils\misc.py
ask,E:\football_v\.venv\Lib\site-packages\pip\_internal\utils\misc.py
ask_input,E:\football_v\.venv\Lib\site-packages\pip\_internal\utils\misc.py
ask_password,E:\football_v\.venv\Lib\site-packages\pip\_internal\utils\misc.py
strtobool,E:\football_v\.venv\Lib\site-packages\pip\_internal\utils\misc.py
format_size,E:\football_v\.venv\Lib\site-packages\pip\_internal\utils\misc.py
tabulate,E:\football_v\.venv\Lib\site-packages\pip\_internal\utils\misc.py
is_installable_dir,E:\football_v\.venv\Lib\site-packages\pip\_internal\utils\misc.py
read_chunks,E:\football_v\.venv\Lib\site-packages\pip\_internal\utils\misc.py
normalize_path,E:\football_v\.venv\Lib\site-packages\pip\_internal\utils\misc.py
splitext,E:\football_v\.venv\Lib\site-packages\pip\_internal\utils\misc.py
renames,E:\football_v\.venv\Lib\site-packages\pip\_internal\utils\misc.py
is_local,E:\football_v\.venv\Lib\site-packages\pip\_internal\utils\misc.py
write_output,E:\football_v\.venv\Lib\site-packages\pip\_internal\utils\misc.py
enum,E:\football_v\.venv\Lib\site-packages\pip\_internal\utils\misc.py
build_netloc,E:\football_v\.venv\Lib\site-packages\pip\_internal\utils\misc.py
build_url_from_netloc,E:\football_v\.venv\Lib\site-packages\pip\_internal\utils\misc.py
parse_netloc,E:\football_v\.venv\Lib\site-packages\pip\_internal\utils\misc.py
split_auth_from_netloc,E:\football_v\.venv\Lib\site-packages\pip\_internal\utils\misc.py
redact_netloc,E:\football_v\.venv\Lib\site-packages\pip\_internal\utils\misc.py
_transform_url,E:\football_v\.venv\Lib\site-packages\pip\_internal\utils\misc.py
_get_netloc,E:\football_v\.venv\Lib\site-packages\pip\_internal\utils\misc.py
_redact_netloc,E:\football_v\.venv\Lib\site-packages\pip\_internal\utils\misc.py
split_auth_netloc_from_url,E:\football_v\.venv\Lib\site-packages\pip\_internal\utils\misc.py
remove_auth_from_url,E:\football_v\.venv\Lib\site-packages\pip\_internal\utils\misc.py
redact_auth_from_url,E:\football_v\.venv\Lib\site-packages\pip\_internal\utils\misc.py
redact_auth_from_requirement,E:\football_v\.venv\Lib\site-packages\pip\_internal\utils\misc.py
hide_value,E:\football_v\.venv\Lib\site-packages\pip\_internal\utils\misc.py
hide_url,E:\football_v\.venv\Lib\site-packages\pip\_internal\utils\misc.py
protect_pip_from_modification_on_windows,E:\football_v\.venv\Lib\site-packages\pip\_internal\utils\misc.py
check_externally_managed,E:\football_v\.venv\Lib\site-packages\pip\_internal\utils\misc.py
is_console_interactive,E:\football_v\.venv\Lib\site-packages\pip\_internal\utils\misc.py
hash_file,E:\football_v\.venv\Lib\site-packages\pip\_internal\utils\misc.py
pairwise,E:\football_v\.venv\Lib\site-packages\pip\_internal\utils\misc.py
partition,E:\football_v\.venv\Lib\site-packages\pip\_internal\utils\misc.py
warn_if_run_as_root,E:\football_v\.venv\Lib\site-packages\pip\_internal\utils\misc.py
from_stream,E:\football_v\.venv\Lib\site-packages\pip\_internal\utils\misc.py
encoding,E:\football_v\.venv\Lib\site-packages\pip\_internal\utils\misc.py
__repr__,E:\football_v\.venv\Lib\site-packages\pip\_internal\utils\misc.py
__str__,E:\football_v\.venv\Lib\site-packages\pip\_internal\utils\misc.py
__eq__,E:\football_v\.venv\Lib\site-packages\pip\_internal\utils\misc.py
__init__,E:\football_v\.venv\Lib\site-packages\pip\_internal\utils\misc.py
build_wheel,E:\football_v\.venv\Lib\site-packages\pip\_internal\utils\misc.py
build_sdist,E:\football_v\.venv\Lib\site-packages\pip\_internal\utils\misc.py
build_editable,E:\football_v\.venv\Lib\site-packages\pip\_internal\utils\misc.py
get_requires_for_build_wheel,E:\football_v\.venv\Lib\site-packages\pip\_internal\utils\misc.py
get_requires_for_build_sdist,E:\football_v\.venv\Lib\site-packages\pip\_internal\utils\misc.py
get_requires_for_build_editable,E:\football_v\.venv\Lib\site-packages\pip\_internal\utils\misc.py
prepare_metadata_for_build_wheel,E:\football_v\.venv\Lib\site-packages\pip\_internal\utils\misc.py
prepare_metadata_for_build_editable,E:\football_v\.venv\Lib\site-packages\pip\_internal\utils\misc.py
check_requires_python,E:\football_v\.venv\Lib\site-packages\pip\_internal\utils\packaging.py
get_requirement,E:\football_v\.venv\Lib\site-packages\pip\_internal\utils\packaging.py
safe_extra,E:\football_v\.venv\Lib\site-packages\pip\_internal\utils\packaging.py
retry,E:\football_v\.venv\Lib\site-packages\pip\_internal\utils\retry.py
wrapper,E:\football_v\.venv\Lib\site-packages\pip\_internal\utils\retry.py
retry_wrapped,E:\football_v\.venv\Lib\site-packages\pip\_internal\utils\retry.py
make_setuptools_shim_args,E:\football_v\.venv\Lib\site-packages\pip\_internal\utils\setuptools_build.py
make_setuptools_bdist_wheel_args,E:\football_v\.venv\Lib\site-packages\pip\_internal\utils\setuptools_build.py
make_setuptools_clean_args,E:\football_v\.venv\Lib\site-packages\pip\_internal\utils\setuptools_build.py
make_setuptools_develop_args,E:\football_v\.venv\Lib\site-packages\pip\_internal\utils\setuptools_build.py
make_setuptools_egg_info_args,E:\football_v\.venv\Lib\site-packages\pip\_internal\utils\setuptools_build.py
make_command,E:\football_v\.venv\Lib\site-packages\pip\_internal\utils\subprocess.py
format_command_args,E:\football_v\.venv\Lib\site-packages\pip\_internal\utils\subprocess.py
reveal_command_args,E:\football_v\.venv\Lib\site-packages\pip\_internal\utils\subprocess.py
call_subprocess,E:\football_v\.venv\Lib\site-packages\pip\_internal\utils\subprocess.py
runner_with_spinner_message,E:\football_v\.venv\Lib\site-packages\pip\_internal\utils\subprocess.py
runner,E:\football_v\.venv\Lib\site-packages\pip\_internal\utils\subprocess.py
global_tempdir_manager,E:\football_v\.venv\Lib\site-packages\pip\_internal\utils\temp_dir.py
tempdir_registry,E:\football_v\.venv\Lib\site-packages\pip\_internal\utils\temp_dir.py
__init__,E:\football_v\.venv\Lib\site-packages\pip\_internal\utils\temp_dir.py
set_delete,E:\football_v\.venv\Lib\site-packages\pip\_internal\utils\temp_dir.py
get_delete,E:\football_v\.venv\Lib\site-packages\pip\_internal\utils\temp_dir.py
__init__,E:\football_v\.venv\Lib\site-packages\pip\_internal\utils\temp_dir.py
path,E:\football_v\.venv\Lib\site-packages\pip\_internal\utils\temp_dir.py
__repr__,E:\football_v\.venv\Lib\site-packages\pip\_internal\utils\temp_dir.py
__enter__,E:\football_v\.venv\Lib\site-packages\pip\_internal\utils\temp_dir.py
__exit__,E:\football_v\.venv\Lib\site-packages\pip\_internal\utils\temp_dir.py
_create,E:\football_v\.venv\Lib\site-packages\pip\_internal\utils\temp_dir.py
cleanup,E:\football_v\.venv\Lib\site-packages\pip\_internal\utils\temp_dir.py
__init__,E:\football_v\.venv\Lib\site-packages\pip\_internal\utils\temp_dir.py
_generate_names,E:\football_v\.venv\Lib\site-packages\pip\_internal\utils\temp_dir.py
_create,E:\football_v\.venv\Lib\site-packages\pip\_internal\utils\temp_dir.py
onerror,E:\football_v\.venv\Lib\site-packages\pip\_internal\utils\temp_dir.py
current_umask,E:\football_v\.venv\Lib\site-packages\pip\_internal\utils\unpacking.py
split_leading_dir,E:\football_v\.venv\Lib\site-packages\pip\_internal\utils\unpacking.py
has_leading_dir,E:\football_v\.venv\Lib\site-packages\pip\_internal\utils\unpacking.py
is_within_directory,E:\football_v\.venv\Lib\site-packages\pip\_internal\utils\unpacking.py
_get_default_mode_plus_executable,E:\football_v\.venv\Lib\site-packages\pip\_internal\utils\unpacking.py
set_extracted_file_to_default_mode_plus_executable,E:\football_v\.venv\Lib\site-packages\pip\_internal\utils\unpacking.py
zip_item_is_executable,E:\football_v\.venv\Lib\site-packages\pip\_internal\utils\unpacking.py
unzip_file,E:\football_v\.venv\Lib\site-packages\pip\_internal\utils\unpacking.py
untar_file,E:\football_v\.venv\Lib\site-packages\pip\_internal\utils\unpacking.py
_untar_without_filter,E:\football_v\.venv\Lib\site-packages\pip\_internal\utils\unpacking.py
unpack_file,E:\football_v\.venv\Lib\site-packages\pip\_internal\utils\unpacking.py
pip_filter,E:\football_v\.venv\Lib\site-packages\pip\_internal\utils\unpacking.py
path_to_url,E:\football_v\.venv\Lib\site-packages\pip\_internal\utils\urls.py
url_to_path,E:\football_v\.venv\Lib\site-packages\pip\_internal\utils\urls.py
_running_under_venv,E:\football_v\.venv\Lib\site-packages\pip\_internal\utils\virtualenv.py
_running_under_legacy_virtualenv,E:\football_v\.venv\Lib\site-packages\pip\_internal\utils\virtualenv.py
running_under_virtualenv,E:\football_v\.venv\Lib\site-packages\pip\_internal\utils\virtualenv.py
_get_pyvenv_cfg_lines,E:\football_v\.venv\Lib\site-packages\pip\_internal\utils\virtualenv.py
_no_global_under_venv,E:\football_v\.venv\Lib\site-packages\pip\_internal\utils\virtualenv.py
_no_global_under_legacy_virtualenv,E:\football_v\.venv\Lib\site-packages\pip\_internal\utils\virtualenv.py
virtualenv_no_global,E:\football_v\.venv\Lib\site-packages\pip\_internal\utils\virtualenv.py
parse_wheel,E:\football_v\.venv\Lib\site-packages\pip\_internal\utils\wheel.py
wheel_dist_info_dir,E:\football_v\.venv\Lib\site-packages\pip\_internal\utils\wheel.py
read_wheel_metadata_file,E:\football_v\.venv\Lib\site-packages\pip\_internal\utils\wheel.py
wheel_metadata,E:\football_v\.venv\Lib\site-packages\pip\_internal\utils\wheel.py
wheel_version,E:\football_v\.venv\Lib\site-packages\pip\_internal\utils\wheel.py
check_compatibility,E:\football_v\.venv\Lib\site-packages\pip\_internal\utils\wheel.py
_nonblank,E:\football_v\.venv\Lib\site-packages\pip\_internal\utils\_jaraco_text.py
yield_lines,E:\football_v\.venv\Lib\site-packages\pip\_internal\utils\_jaraco_text.py
_,E:\football_v\.venv\Lib\site-packages\pip\_internal\utils\_jaraco_text.py
drop_comment,E:\football_v\.venv\Lib\site-packages\pip\_internal\utils\_jaraco_text.py
join_continuation,E:\football_v\.venv\Lib\site-packages\pip\_internal\utils\_jaraco_text.py
getLogger,E:\football_v\.venv\Lib\site-packages\pip\_internal\utils\_log.py
init_logging,E:\football_v\.venv\Lib\site-packages\pip\_internal\utils\_log.py
verbose,E:\football_v\.venv\Lib\site-packages\pip\_internal\utils\_log.py
get_base_rev_args,E:\football_v\.venv\Lib\site-packages\pip\_internal\vcs\bazaar.py
fetch_new,E:\football_v\.venv\Lib\site-packages\pip\_internal\vcs\bazaar.py
switch,E:\football_v\.venv\Lib\site-packages\pip\_internal\vcs\bazaar.py
update,E:\football_v\.venv\Lib\site-packages\pip\_internal\vcs\bazaar.py
get_url_rev_and_auth,E:\football_v\.venv\Lib\site-packages\pip\_internal\vcs\bazaar.py
get_remote_url,E:\football_v\.venv\Lib\site-packages\pip\_internal\vcs\bazaar.py
get_revision,E:\football_v\.venv\Lib\site-packages\pip\_internal\vcs\bazaar.py
is_commit_id_equal,E:\football_v\.venv\Lib\site-packages\pip\_internal\vcs\bazaar.py
looks_like_hash,E:\football_v\.venv\Lib\site-packages\pip\_internal\vcs\git.py
get_base_rev_args,E:\football_v\.venv\Lib\site-packages\pip\_internal\vcs\git.py
is_immutable_rev_checkout,E:\football_v\.venv\Lib\site-packages\pip\_internal\vcs\git.py
get_git_version,E:\football_v\.venv\Lib\site-packages\pip\_internal\vcs\git.py
get_current_branch,E:\football_v\.venv\Lib\site-packages\pip\_internal\vcs\git.py
get_revision_sha,E:\football_v\.venv\Lib\site-packages\pip\_internal\vcs\git.py
_should_fetch,E:\football_v\.venv\Lib\site-packages\pip\_internal\vcs\git.py
resolve_revision,E:\football_v\.venv\Lib\site-packages\pip\_internal\vcs\git.py
is_commit_id_equal,E:\football_v\.venv\Lib\site-packages\pip\_internal\vcs\git.py
fetch_new,E:\football_v\.venv\Lib\site-packages\pip\_internal\vcs\git.py
switch,E:\football_v\.venv\Lib\site-packages\pip\_internal\vcs\git.py
update,E:\football_v\.venv\Lib\site-packages\pip\_internal\vcs\git.py
get_remote_url,E:\football_v\.venv\Lib\site-packages\pip\_internal\vcs\git.py
_git_remote_to_pip_url,E:\football_v\.venv\Lib\site-packages\pip\_internal\vcs\git.py
has_commit,E:\football_v\.venv\Lib\site-packages\pip\_internal\vcs\git.py
get_revision,E:\football_v\.venv\Lib\site-packages\pip\_internal\vcs\git.py
get_subdirectory,E:\football_v\.venv\Lib\site-packages\pip\_internal\vcs\git.py
get_url_rev_and_auth,E:\football_v\.venv\Lib\site-packages\pip\_internal\vcs\git.py
update_submodules,E:\football_v\.venv\Lib\site-packages\pip\_internal\vcs\git.py
get_repository_root,E:\football_v\.venv\Lib\site-packages\pip\_internal\vcs\git.py
should_add_vcs_url_prefix,E:\football_v\.venv\Lib\site-packages\pip\_internal\vcs\git.py
get_base_rev_args,E:\football_v\.venv\Lib\site-packages\pip\_internal\vcs\mercurial.py
fetch_new,E:\football_v\.venv\Lib\site-packages\pip\_internal\vcs\mercurial.py
switch,E:\football_v\.venv\Lib\site-packages\pip\_internal\vcs\mercurial.py
update,E:\football_v\.venv\Lib\site-packages\pip\_internal\vcs\mercurial.py
get_remote_url,E:\football_v\.venv\Lib\site-packages\pip\_internal\vcs\mercurial.py
get_revision,E:\football_v\.venv\Lib\site-packages\pip\_internal\vcs\mercurial.py
get_requirement_revision,E:\football_v\.venv\Lib\site-packages\pip\_internal\vcs\mercurial.py
is_commit_id_equal,E:\football_v\.venv\Lib\site-packages\pip\_internal\vcs\mercurial.py
get_subdirectory,E:\football_v\.venv\Lib\site-packages\pip\_internal\vcs\mercurial.py
get_repository_root,E:\football_v\.venv\Lib\site-packages\pip\_internal\vcs\mercurial.py
should_add_vcs_url_prefix,E:\football_v\.venv\Lib\site-packages\pip\_internal\vcs\subversion.py
get_base_rev_args,E:\football_v\.venv\Lib\site-packages\pip\_internal\vcs\subversion.py
get_revision,E:\football_v\.venv\Lib\site-packages\pip\_internal\vcs\subversion.py
get_netloc_and_auth,E:\football_v\.venv\Lib\site-packages\pip\_internal\vcs\subversion.py
get_url_rev_and_auth,E:\football_v\.venv\Lib\site-packages\pip\_internal\vcs\subversion.py
make_rev_args,E:\football_v\.venv\Lib\site-packages\pip\_internal\vcs\subversion.py
get_remote_url,E:\football_v\.venv\Lib\site-packages\pip\_internal\vcs\subversion.py
_get_svn_url_rev,E:\football_v\.venv\Lib\site-packages\pip\_internal\vcs\subversion.py
is_commit_id_equal,E:\football_v\.venv\Lib\site-packages\pip\_internal\vcs\subversion.py
__init__,E:\football_v\.venv\Lib\site-packages\pip\_internal\vcs\subversion.py
call_vcs_version,E:\football_v\.venv\Lib\site-packages\pip\_internal\vcs\subversion.py
get_vcs_version,E:\football_v\.venv\Lib\site-packages\pip\_internal\vcs\subversion.py
get_remote_call_options,E:\football_v\.venv\Lib\site-packages\pip\_internal\vcs\subversion.py
fetch_new,E:\football_v\.venv\Lib\site-packages\pip\_internal\vcs\subversion.py
switch,E:\football_v\.venv\Lib\site-packages\pip\_internal\vcs\subversion.py
update,E:\football_v\.venv\Lib\site-packages\pip\_internal\vcs\subversion.py
is_url,E:\football_v\.venv\Lib\site-packages\pip\_internal\vcs\versioncontrol.py
make_vcs_requirement_url,E:\football_v\.venv\Lib\site-packages\pip\_internal\vcs\versioncontrol.py
find_path_to_project_root_from_repo_root,E:\football_v\.venv\Lib\site-packages\pip\_internal\vcs\versioncontrol.py
__init__,E:\football_v\.venv\Lib\site-packages\pip\_internal\vcs\versioncontrol.py
__repr__,E:\football_v\.venv\Lib\site-packages\pip\_internal\vcs\versioncontrol.py
arg_rev,E:\football_v\.venv\Lib\site-packages\pip\_internal\vcs\versioncontrol.py
to_args,E:\football_v\.venv\Lib\site-packages\pip\_internal\vcs\versioncontrol.py
to_display,E:\football_v\.venv\Lib\site-packages\pip\_internal\vcs\versioncontrol.py
make_new,E:\football_v\.venv\Lib\site-packages\pip\_internal\vcs\versioncontrol.py
__init__,E:\football_v\.venv\Lib\site-packages\pip\_internal\vcs\versioncontrol.py
__iter__,E:\football_v\.venv\Lib\site-packages\pip\_internal\vcs\versioncontrol.py
backends,E:\football_v\.venv\Lib\site-packages\pip\_internal\vcs\versioncontrol.py
dirnames,E:\football_v\.venv\Lib\site-packages\pip\_internal\vcs\versioncontrol.py
all_schemes,E:\football_v\.venv\Lib\site-packages\pip\_internal\vcs\versioncontrol.py
register,E:\football_v\.venv\Lib\site-packages\pip\_internal\vcs\versioncontrol.py
unregister,E:\football_v\.venv\Lib\site-packages\pip\_internal\vcs\versioncontrol.py
get_backend_for_dir,E:\football_v\.venv\Lib\site-packages\pip\_internal\vcs\versioncontrol.py
get_backend_for_scheme,E:\football_v\.venv\Lib\site-packages\pip\_internal\vcs\versioncontrol.py
get_backend,E:\football_v\.venv\Lib\site-packages\pip\_internal\vcs\versioncontrol.py
should_add_vcs_url_prefix,E:\football_v\.venv\Lib\site-packages\pip\_internal\vcs\versioncontrol.py
get_subdirectory,E:\football_v\.venv\Lib\site-packages\pip\_internal\vcs\versioncontrol.py
get_requirement_revision,E:\football_v\.venv\Lib\site-packages\pip\_internal\vcs\versioncontrol.py
get_src_requirement,E:\football_v\.venv\Lib\site-packages\pip\_internal\vcs\versioncontrol.py
get_base_rev_args,E:\football_v\.venv\Lib\site-packages\pip\_internal\vcs\versioncontrol.py
is_immutable_rev_checkout,E:\football_v\.venv\Lib\site-packages\pip\_internal\vcs\versioncontrol.py
make_rev_options,E:\football_v\.venv\Lib\site-packages\pip\_internal\vcs\versioncontrol.py
_is_local_repository,E:\football_v\.venv\Lib\site-packages\pip\_internal\vcs\versioncontrol.py
get_netloc_and_auth,E:\football_v\.venv\Lib\site-packages\pip\_internal\vcs\versioncontrol.py
get_url_rev_and_auth,E:\football_v\.venv\Lib\site-packages\pip\_internal\vcs\versioncontrol.py
make_rev_args,E:\football_v\.venv\Lib\site-packages\pip\_internal\vcs\versioncontrol.py
get_url_rev_options,E:\football_v\.venv\Lib\site-packages\pip\_internal\vcs\versioncontrol.py
normalize_url,E:\football_v\.venv\Lib\site-packages\pip\_internal\vcs\versioncontrol.py
compare_urls,E:\football_v\.venv\Lib\site-packages\pip\_internal\vcs\versioncontrol.py
fetch_new,E:\football_v\.venv\Lib\site-packages\pip\_internal\vcs\versioncontrol.py
switch,E:\football_v\.venv\Lib\site-packages\pip\_internal\vcs\versioncontrol.py
update,E:\football_v\.venv\Lib\site-packages\pip\_internal\vcs\versioncontrol.py
is_commit_id_equal,E:\football_v\.venv\Lib\site-packages\pip\_internal\vcs\versioncontrol.py
obtain,E:\football_v\.venv\Lib\site-packages\pip\_internal\vcs\versioncontrol.py
unpack,E:\football_v\.venv\Lib\site-packages\pip\_internal\vcs\versioncontrol.py
get_remote_url,E:\football_v\.venv\Lib\site-packages\pip\_internal\vcs\versioncontrol.py
get_revision,E:\football_v\.venv\Lib\site-packages\pip\_internal\vcs\versioncontrol.py
run_command,E:\football_v\.venv\Lib\site-packages\pip\_internal\vcs\versioncontrol.py
is_repository_directory,E:\football_v\.venv\Lib\site-packages\pip\_internal\vcs\versioncontrol.py
get_repository_root,E:\football_v\.venv\Lib\site-packages\pip\_internal\vcs\versioncontrol.py
IntVar,E:\football_v\.venv\Lib\site-packages\pip\_vendor\typing_extensions.py
_get_protocol_attrs,E:\football_v\.venv\Lib\site-packages\pip\_vendor\typing_extensions.py
_caller,E:\football_v\.venv\Lib\site-packages\pip\_vendor\typing_extensions.py
_ensure_subclassable,E:\football_v\.venv\Lib\site-packages\pip\_vendor\typing_extensions.py
_set_default,E:\football_v\.venv\Lib\site-packages\pip\_vendor\typing_extensions.py
_set_module,E:\football_v\.venv\Lib\site-packages\pip\_vendor\typing_extensions.py
_concatenate_getitem,E:\football_v\.venv\Lib\site-packages\pip\_vendor\typing_extensions.py
_has_generic_or_protocol_as_origin,E:\football_v\.venv\Lib\site-packages\pip\_vendor\typing_extensions.py
_is_unpacked_typevartuple,E:\football_v\.venv\Lib\site-packages\pip\_vendor\typing_extensions.py
__repr__,E:\football_v\.venv\Lib\site-packages\pip\_vendor\typing_extensions.py
_should_collect_from_parameters,E:\football_v\.venv\Lib\site-packages\pip\_vendor\typing_extensions.py
__repr__,E:\football_v\.venv\Lib\site-packages\pip\_vendor\typing_extensions.py
final,E:\football_v\.venv\Lib\site-packages\pip\_vendor\typing_extensions.py
_flatten_literal_params,E:\football_v\.venv\Lib\site-packages\pip\_vendor\typing_extensions.py
_value_and_type_iter,E:\football_v\.venv\Lib\site-packages\pip\_vendor\typing_extensions.py
overload,E:\football_v\.venv\Lib\site-packages\pip\_vendor\typing_extensions.py
get_overloads,E:\football_v\.venv\Lib\site-packages\pip\_vendor\typing_extensions.py
clear_overloads,E:\football_v\.venv\Lib\site-packages\pip\_vendor\typing_extensions.py
_is_dunder,E:\football_v\.venv\Lib\site-packages\pip\_vendor\typing_extensions.py
_allow_reckless_class_checks,E:\football_v\.venv\Lib\site-packages\pip\_vendor\typing_extensions.py
_no_init,E:\football_v\.venv\Lib\site-packages\pip\_vendor\typing_extensions.py
_type_check_issubclass_arg_1,E:\football_v\.venv\Lib\site-packages\pip\_vendor\typing_extensions.py
_proto_hook,E:\football_v\.venv\Lib\site-packages\pip\_vendor\typing_extensions.py
runtime_checkable,E:\football_v\.venv\Lib\site-packages\pip\_vendor\typing_extensions.py
inner,E:\football_v\.venv\Lib\site-packages\pip\_vendor\typing_extensions.py
_get_typeddict_qualifiers,E:\football_v\.venv\Lib\site-packages\pip\_vendor\typing_extensions.py
TypedDict,E:\football_v\.venv\Lib\site-packages\pip\_vendor\typing_extensions.py
is_typeddict,E:\football_v\.venv\Lib\site-packages\pip\_vendor\typing_extensions.py
assert_type,E:\football_v\.venv\Lib\site-packages\pip\_vendor\typing_extensions.py
_strip_extras,E:\football_v\.venv\Lib\site-packages\pip\_vendor\typing_extensions.py
get_type_hints,E:\football_v\.venv\Lib\site-packages\pip\_vendor\typing_extensions.py
get_origin,E:\football_v\.venv\Lib\site-packages\pip\_vendor\typing_extensions.py
get_args,E:\football_v\.venv\Lib\site-packages\pip\_vendor\typing_extensions.py
__instancecheck__,E:\football_v\.venv\Lib\site-packages\pip\_vendor\typing_extensions.py
__init__,E:\football_v\.venv\Lib\site-packages\pip\_vendor\typing_extensions.py
__getattr__,E:\football_v\.venv\Lib\site-packages\pip\_vendor\typing_extensions.py
__mro_entries__,E:\football_v\.venv\Lib\site-packages\pip\_vendor\typing_extensions.py
__repr__,E:\football_v\.venv\Lib\site-packages\pip\_vendor\typing_extensions.py
__reduce__,E:\football_v\.venv\Lib\site-packages\pip\_vendor\typing_extensions.py
__call__,E:\football_v\.venv\Lib\site-packages\pip\_vendor\typing_extensions.py
__or__,E:\football_v\.venv\Lib\site-packages\pip\_vendor\typing_extensions.py
__ror__,E:\football_v\.venv\Lib\site-packages\pip\_vendor\typing_extensions.py
__instancecheck__,E:\football_v\.venv\Lib\site-packages\pip\_vendor\typing_extensions.py
__subclasscheck__,E:\football_v\.venv\Lib\site-packages\pip\_vendor\typing_extensions.py
__getitem__,E:\football_v\.venv\Lib\site-packages\pip\_vendor\typing_extensions.py
LiteralString,E:\football_v\.venv\Lib\site-packages\pip\_vendor\typing_extensions.py
Self,E:\football_v\.venv\Lib\site-packages\pip\_vendor\typing_extensions.py
Never,E:\football_v\.venv\Lib\site-packages\pip\_vendor\typing_extensions.py
_is_unpack,E:\football_v\.venv\Lib\site-packages\pip\_vendor\typing_extensions.py
reveal_type,E:\football_v\.venv\Lib\site-packages\pip\_vendor\typing_extensions.py
assert_never,E:\football_v\.venv\Lib\site-packages\pip\_vendor\typing_extensions.py
dataclass_transform,E:\football_v\.venv\Lib\site-packages\pip\_vendor\typing_extensions.py
override,E:\football_v\.venv\Lib\site-packages\pip\_vendor\typing_extensions.py
_check_generic,E:\football_v\.venv\Lib\site-packages\pip\_vendor\typing_extensions.py
_check_generic,E:\football_v\.venv\Lib\site-packages\pip\_vendor\typing_extensions.py
_collect_type_vars,E:\football_v\.venv\Lib\site-packages\pip\_vendor\typing_extensions.py
_collect_parameters,E:\football_v\.venv\Lib\site-packages\pip\_vendor\typing_extensions.py
_make_nmtuple,E:\football_v\.venv\Lib\site-packages\pip\_vendor\typing_extensions.py
_namedtuple_mro_entries,E:\football_v\.venv\Lib\site-packages\pip\_vendor\typing_extensions.py
NamedTuple,E:\football_v\.venv\Lib\site-packages\pip\_vendor\typing_extensions.py
get_original_bases,E:\football_v\.venv\Lib\site-packages\pip\_vendor\typing_extensions.py
_is_unionable,E:\football_v\.venv\Lib\site-packages\pip\_vendor\typing_extensions.py
is_protocol,E:\football_v\.venv\Lib\site-packages\pip\_vendor\typing_extensions.py
get_protocol_members,E:\football_v\.venv\Lib\site-packages\pip\_vendor\typing_extensions.py
_should_collect_from_parameters,E:\football_v\.venv\Lib\site-packages\pip\_vendor\typing_extensions.py
_should_collect_from_parameters,E:\football_v\.venv\Lib\site-packages\pip\_vendor\typing_extensions.py
__instancecheck__,E:\football_v\.venv\Lib\site-packages\pip\_vendor\typing_extensions.py
__repr__,E:\football_v\.venv\Lib\site-packages\pip\_vendor\typing_extensions.py
__new__,E:\football_v\.venv\Lib\site-packages\pip\_vendor\typing_extensions.py
__eq__,E:\football_v\.venv\Lib\site-packages\pip\_vendor\typing_extensions.py
__hash__,E:\football_v\.venv\Lib\site-packages\pip\_vendor\typing_extensions.py
__init__,E:\football_v\.venv\Lib\site-packages\pip\_vendor\typing_extensions.py
__getitem__,E:\football_v\.venv\Lib\site-packages\pip\_vendor\typing_extensions.py
__init__,E:\football_v\.venv\Lib\site-packages\pip\_vendor\typing_extensions.py
__setattr__,E:\football_v\.venv\Lib\site-packages\pip\_vendor\typing_extensions.py
__getitem__,E:\football_v\.venv\Lib\site-packages\pip\_vendor\typing_extensions.py
__new__,E:\football_v\.venv\Lib\site-packages\pip\_vendor\typing_extensions.py
__init__,E:\football_v\.venv\Lib\site-packages\pip\_vendor\typing_extensions.py
__subclasscheck__,E:\football_v\.venv\Lib\site-packages\pip\_vendor\typing_extensions.py
__instancecheck__,E:\football_v\.venv\Lib\site-packages\pip\_vendor\typing_extensions.py
__eq__,E:\football_v\.venv\Lib\site-packages\pip\_vendor\typing_extensions.py
__hash__,E:\football_v\.venv\Lib\site-packages\pip\_vendor\typing_extensions.py
__init_subclass__,E:\football_v\.venv\Lib\site-packages\pip\_vendor\typing_extensions.py
__int__,E:\football_v\.venv\Lib\site-packages\pip\_vendor\typing_extensions.py
__float__,E:\football_v\.venv\Lib\site-packages\pip\_vendor\typing_extensions.py
__complex__,E:\football_v\.venv\Lib\site-packages\pip\_vendor\typing_extensions.py
__bytes__,E:\football_v\.venv\Lib\site-packages\pip\_vendor\typing_extensions.py
__index__,E:\football_v\.venv\Lib\site-packages\pip\_vendor\typing_extensions.py
__abs__,E:\football_v\.venv\Lib\site-packages\pip\_vendor\typing_extensions.py
__round__,E:\football_v\.venv\Lib\site-packages\pip\_vendor\typing_extensions.py
__new__,E:\football_v\.venv\Lib\site-packages\pip\_vendor\typing_extensions.py
__subclasscheck__,E:\football_v\.venv\Lib\site-packages\pip\_vendor\typing_extensions.py
__init__,E:\football_v\.venv\Lib\site-packages\pip\_vendor\typing_extensions.py
copy_with,E:\football_v\.venv\Lib\site-packages\pip\_vendor\typing_extensions.py
__repr__,E:\football_v\.venv\Lib\site-packages\pip\_vendor\typing_extensions.py
__reduce__,E:\football_v\.venv\Lib\site-packages\pip\_vendor\typing_extensions.py
__eq__,E:\football_v\.venv\Lib\site-packages\pip\_vendor\typing_extensions.py
__hash__,E:\football_v\.venv\Lib\site-packages\pip\_vendor\typing_extensions.py
__new__,E:\football_v\.venv\Lib\site-packages\pip\_vendor\typing_extensions.py
__class_getitem__,E:\football_v\.venv\Lib\site-packages\pip\_vendor\typing_extensions.py
__init_subclass__,E:\football_v\.venv\Lib\site-packages\pip\_vendor\typing_extensions.py
TypeAlias,E:\football_v\.venv\Lib\site-packages\pip\_vendor\typing_extensions.py
__setattr__,E:\football_v\.venv\Lib\site-packages\pip\_vendor\typing_extensions.py
__new__,E:\football_v\.venv\Lib\site-packages\pip\_vendor\typing_extensions.py
__repr__,E:\football_v\.venv\Lib\site-packages\pip\_vendor\typing_extensions.py
__reduce__,E:\football_v\.venv\Lib\site-packages\pip\_vendor\typing_extensions.py
__new__,E:\football_v\.venv\Lib\site-packages\pip\_vendor\typing_extensions.py
__init_subclass__,E:\football_v\.venv\Lib\site-packages\pip\_vendor\typing_extensions.py
__copy__,E:\football_v\.venv\Lib\site-packages\pip\_vendor\typing_extensions.py
__deepcopy__,E:\football_v\.venv\Lib\site-packages\pip\_vendor\typing_extensions.py
__init__,E:\football_v\.venv\Lib\site-packages\pip\_vendor\typing_extensions.py
__repr__,E:\football_v\.venv\Lib\site-packages\pip\_vendor\typing_extensions.py
__eq__,E:\football_v\.venv\Lib\site-packages\pip\_vendor\typing_extensions.py
__init__,E:\football_v\.venv\Lib\site-packages\pip\_vendor\typing_extensions.py
__repr__,E:\football_v\.venv\Lib\site-packages\pip\_vendor\typing_extensions.py
__eq__,E:\football_v\.venv\Lib\site-packages\pip\_vendor\typing_extensions.py
__init__,E:\football_v\.venv\Lib\site-packages\pip\_vendor\typing_extensions.py
__repr__,E:\football_v\.venv\Lib\site-packages\pip\_vendor\typing_extensions.py
__hash__,E:\football_v\.venv\Lib\site-packages\pip\_vendor\typing_extensions.py
__call__,E:\football_v\.venv\Lib\site-packages\pip\_vendor\typing_extensions.py
__parameters__,E:\football_v\.venv\Lib\site-packages\pip\_vendor\typing_extensions.py
Concatenate,E:\football_v\.venv\Lib\site-packages\pip\_vendor\typing_extensions.py
TypeGuard,E:\football_v\.venv\Lib\site-packages\pip\_vendor\typing_extensions.py
TypeIs,E:\football_v\.venv\Lib\site-packages\pip\_vendor\typing_extensions.py
Required,E:\football_v\.venv\Lib\site-packages\pip\_vendor\typing_extensions.py
NotRequired,E:\football_v\.venv\Lib\site-packages\pip\_vendor\typing_extensions.py
ReadOnly,E:\football_v\.venv\Lib\site-packages\pip\_vendor\typing_extensions.py
Unpack,E:\football_v\.venv\Lib\site-packages\pip\_vendor\typing_extensions.py
_is_unpack,E:\football_v\.venv\Lib\site-packages\pip\_vendor\typing_extensions.py
_is_unpack,E:\football_v\.venv\Lib\site-packages\pip\_vendor\typing_extensions.py
_unpack_args,E:\football_v\.venv\Lib\site-packages\pip\_vendor\typing_extensions.py
decorator,E:\football_v\.venv\Lib\site-packages\pip\_vendor\typing_extensions.py
__init__,E:\football_v\.venv\Lib\site-packages\pip\_vendor\typing_extensions.py
__call__,E:\football_v\.venv\Lib\site-packages\pip\_vendor\typing_extensions.py
__new__,E:\football_v\.venv\Lib\site-packages\pip\_vendor\typing_extensions.py
__call__,E:\football_v\.venv\Lib\site-packages\pip\_vendor\typing_extensions.py
__init__,E:\football_v\.venv\Lib\site-packages\pip\_vendor\typing_extensions.py
__mro_entries__,E:\football_v\.venv\Lib\site-packages\pip\_vendor\typing_extensions.py
__repr__,E:\football_v\.venv\Lib\site-packages\pip\_vendor\typing_extensions.py
__reduce__,E:\football_v\.venv\Lib\site-packages\pip\_vendor\typing_extensions.py
__init__,E:\football_v\.venv\Lib\site-packages\pip\_vendor\typing_extensions.py
__setattr__,E:\football_v\.venv\Lib\site-packages\pip\_vendor\typing_extensions.py
__delattr__,E:\football_v\.venv\Lib\site-packages\pip\_vendor\typing_extensions.py
_raise_attribute_error,E:\football_v\.venv\Lib\site-packages\pip\_vendor\typing_extensions.py
__repr__,E:\football_v\.venv\Lib\site-packages\pip\_vendor\typing_extensions.py
__getitem__,E:\football_v\.venv\Lib\site-packages\pip\_vendor\typing_extensions.py
__reduce__,E:\football_v\.venv\Lib\site-packages\pip\_vendor\typing_extensions.py
__init_subclass__,E:\football_v\.venv\Lib\site-packages\pip\_vendor\typing_extensions.py
__call__,E:\football_v\.venv\Lib\site-packages\pip\_vendor\typing_extensions.py
__init__,E:\football_v\.venv\Lib\site-packages\pip\_vendor\typing_extensions.py
__repr__,E:\football_v\.venv\Lib\site-packages\pip\_vendor\typing_extensions.py
__hash__,E:\football_v\.venv\Lib\site-packages\pip\_vendor\typing_extensions.py
__eq__,E:\football_v\.venv\Lib\site-packages\pip\_vendor\typing_extensions.py
_tvar_prepare_subst,E:\football_v\.venv\Lib\site-packages\pip\_vendor\typing_extensions.py
__new__,E:\football_v\.venv\Lib\site-packages\pip\_vendor\typing_extensions.py
__init_subclass__,E:\football_v\.venv\Lib\site-packages\pip\_vendor\typing_extensions.py
args,E:\football_v\.venv\Lib\site-packages\pip\_vendor\typing_extensions.py
kwargs,E:\football_v\.venv\Lib\site-packages\pip\_vendor\typing_extensions.py
__init__,E:\football_v\.venv\Lib\site-packages\pip\_vendor\typing_extensions.py
__repr__,E:\football_v\.venv\Lib\site-packages\pip\_vendor\typing_extensions.py
__hash__,E:\football_v\.venv\Lib\site-packages\pip\_vendor\typing_extensions.py
__eq__,E:\football_v\.venv\Lib\site-packages\pip\_vendor\typing_extensions.py
__reduce__,E:\football_v\.venv\Lib\site-packages\pip\_vendor\typing_extensions.py
__call__,E:\football_v\.venv\Lib\site-packages\pip\_vendor\typing_extensions.py
__getitem__,E:\football_v\.venv\Lib\site-packages\pip\_vendor\typing_extensions.py
__getitem__,E:\football_v\.venv\Lib\site-packages\pip\_vendor\typing_extensions.py
__getitem__,E:\football_v\.venv\Lib\site-packages\pip\_vendor\typing_extensions.py
__getitem__,E:\football_v\.venv\Lib\site-packages\pip\_vendor\typing_extensions.py
__getitem__,E:\football_v\.venv\Lib\site-packages\pip\_vendor\typing_extensions.py
__init__,E:\football_v\.venv\Lib\site-packages\pip\_vendor\typing_extensions.py
__typing_unpacked_tuple_args__,E:\football_v\.venv\Lib\site-packages\pip\_vendor\typing_extensions.py
__getitem__,E:\football_v\.venv\Lib\site-packages\pip\_vendor\typing_extensions.py
__new__,E:\football_v\.venv\Lib\site-packages\pip\_vendor\typing_extensions.py
__init_subclass__,E:\football_v\.venv\Lib\site-packages\pip\_vendor\typing_extensions.py
__iter__,E:\football_v\.venv\Lib\site-packages\pip\_vendor\typing_extensions.py
__init__,E:\football_v\.venv\Lib\site-packages\pip\_vendor\typing_extensions.py
__repr__,E:\football_v\.venv\Lib\site-packages\pip\_vendor\typing_extensions.py
__hash__,E:\football_v\.venv\Lib\site-packages\pip\_vendor\typing_extensions.py
__eq__,E:\football_v\.venv\Lib\site-packages\pip\_vendor\typing_extensions.py
__reduce__,E:\football_v\.venv\Lib\site-packages\pip\_vendor\typing_extensions.py
__init_subclass__,E:\football_v\.venv\Lib\site-packages\pip\_vendor\typing_extensions.py
__or__,E:\football_v\.venv\Lib\site-packages\pip\_vendor\typing_extensions.py
__ror__,E:\football_v\.venv\Lib\site-packages\pip\_vendor\typing_extensions.py
__or__,E:\football_v\.venv\Lib\site-packages\pip\_vendor\typing_extensions.py
__ror__,E:\football_v\.venv\Lib\site-packages\pip\_vendor\typing_extensions.py
_paramspec_prepare_subst,E:\football_v\.venv\Lib\site-packages\pip\_vendor\typing_extensions.py
_typevartuple_prepare_subst,E:\football_v\.venv\Lib\site-packages\pip\_vendor\typing_extensions.py
__init_subclass__,E:\football_v\.venv\Lib\site-packages\pip\_vendor\typing_extensions.py
__new__,E:\football_v\.venv\Lib\site-packages\pip\_vendor\typing_extensions.py
__init_subclass__,E:\football_v\.venv\Lib\site-packages\pip\_vendor\typing_extensions.py
__init_subclass__,E:\football_v\.venv\Lib\site-packages\pip\_vendor\typing_extensions.py
wrapper,E:\football_v\.venv\Lib\site-packages\pip\_vendor\typing_extensions.py
vendored,E:\football_v\.venv\Lib\site-packages\pip\_vendor\__init__.py
__init__,E:\football_v\.venv\Lib\site-packages\pip\_vendor\cachecontrol\adapter.py
send,E:\football_v\.venv\Lib\site-packages\pip\_vendor\cachecontrol\adapter.py
build_response,E:\football_v\.venv\Lib\site-packages\pip\_vendor\cachecontrol\adapter.py
close,E:\football_v\.venv\Lib\site-packages\pip\_vendor\cachecontrol\adapter.py
_update_chunk_length,E:\football_v\.venv\Lib\site-packages\pip\_vendor\cachecontrol\adapter.py
get,E:\football_v\.venv\Lib\site-packages\pip\_vendor\cachecontrol\cache.py
set,E:\football_v\.venv\Lib\site-packages\pip\_vendor\cachecontrol\cache.py
delete,E:\football_v\.venv\Lib\site-packages\pip\_vendor\cachecontrol\cache.py
close,E:\football_v\.venv\Lib\site-packages\pip\_vendor\cachecontrol\cache.py
__init__,E:\football_v\.venv\Lib\site-packages\pip\_vendor\cachecontrol\cache.py
get,E:\football_v\.venv\Lib\site-packages\pip\_vendor\cachecontrol\cache.py
set,E:\football_v\.venv\Lib\site-packages\pip\_vendor\cachecontrol\cache.py
delete,E:\football_v\.venv\Lib\site-packages\pip\_vendor\cachecontrol\cache.py
set_body,E:\football_v\.venv\Lib\site-packages\pip\_vendor\cachecontrol\cache.py
get_body,E:\football_v\.venv\Lib\site-packages\pip\_vendor\cachecontrol\cache.py
parse_uri,E:\football_v\.venv\Lib\site-packages\pip\_vendor\cachecontrol\controller.py
__init__,E:\football_v\.venv\Lib\site-packages\pip\_vendor\cachecontrol\controller.py
_urlnorm,E:\football_v\.venv\Lib\site-packages\pip\_vendor\cachecontrol\controller.py
cache_url,E:\football_v\.venv\Lib\site-packages\pip\_vendor\cachecontrol\controller.py
parse_cache_control,E:\football_v\.venv\Lib\site-packages\pip\_vendor\cachecontrol\controller.py
_load_from_cache,E:\football_v\.venv\Lib\site-packages\pip\_vendor\cachecontrol\controller.py
cached_request,E:\football_v\.venv\Lib\site-packages\pip\_vendor\cachecontrol\controller.py
conditional_headers,E:\football_v\.venv\Lib\site-packages\pip\_vendor\cachecontrol\controller.py
_cache_set,E:\football_v\.venv\Lib\site-packages\pip\_vendor\cachecontrol\controller.py
cache_response,E:\football_v\.venv\Lib\site-packages\pip\_vendor\cachecontrol\controller.py
update_cached_response,E:\football_v\.venv\Lib\site-packages\pip\_vendor\cachecontrol\controller.py
__init__,E:\football_v\.venv\Lib\site-packages\pip\_vendor\cachecontrol\filewrapper.py
__getattr__,E:\football_v\.venv\Lib\site-packages\pip\_vendor\cachecontrol\filewrapper.py
__is_fp_closed,E:\football_v\.venv\Lib\site-packages\pip\_vendor\cachecontrol\filewrapper.py
_close,E:\football_v\.venv\Lib\site-packages\pip\_vendor\cachecontrol\filewrapper.py
read,E:\football_v\.venv\Lib\site-packages\pip\_vendor\cachecontrol\filewrapper.py
_safe_read,E:\football_v\.venv\Lib\site-packages\pip\_vendor\cachecontrol\filewrapper.py
expire_after,E:\football_v\.venv\Lib\site-packages\pip\_vendor\cachecontrol\heuristics.py
datetime_to_header,E:\football_v\.venv\Lib\site-packages\pip\_vendor\cachecontrol\heuristics.py
warning,E:\football_v\.venv\Lib\site-packages\pip\_vendor\cachecontrol\heuristics.py
update_headers,E:\football_v\.venv\Lib\site-packages\pip\_vendor\cachecontrol\heuristics.py
apply,E:\football_v\.venv\Lib\site-packages\pip\_vendor\cachecontrol\heuristics.py
update_headers,E:\football_v\.venv\Lib\site-packages\pip\_vendor\cachecontrol\heuristics.py
__init__,E:\football_v\.venv\Lib\site-packages\pip\_vendor\cachecontrol\heuristics.py
update_headers,E:\football_v\.venv\Lib\site-packages\pip\_vendor\cachecontrol\heuristics.py
warning,E:\football_v\.venv\Lib\site-packages\pip\_vendor\cachecontrol\heuristics.py
update_headers,E:\football_v\.venv\Lib\site-packages\pip\_vendor\cachecontrol\heuristics.py
warning,E:\football_v\.venv\Lib\site-packages\pip\_vendor\cachecontrol\heuristics.py
dumps,E:\football_v\.venv\Lib\site-packages\pip\_vendor\cachecontrol\serialize.py
serialize,E:\football_v\.venv\Lib\site-packages\pip\_vendor\cachecontrol\serialize.py
loads,E:\football_v\.venv\Lib\site-packages\pip\_vendor\cachecontrol\serialize.py
prepare_response,E:\football_v\.venv\Lib\site-packages\pip\_vendor\cachecontrol\serialize.py
_loads_v4,E:\football_v\.venv\Lib\site-packages\pip\_vendor\cachecontrol\serialize.py
CacheControl,E:\football_v\.venv\Lib\site-packages\pip\_vendor\cachecontrol\wrapper.py
setup_logging,E:\football_v\.venv\Lib\site-packages\pip\_vendor\cachecontrol\_cmd.py
get_session,E:\football_v\.venv\Lib\site-packages\pip\_vendor\cachecontrol\_cmd.py
get_args,E:\football_v\.venv\Lib\site-packages\pip\_vendor\cachecontrol\_cmd.py
main,E:\football_v\.venv\Lib\site-packages\pip\_vendor\cachecontrol\_cmd.py
_secure_open_write,E:\football_v\.venv\Lib\site-packages\pip\_vendor\cachecontrol\caches\file_cache.py
url_to_file_path,E:\football_v\.venv\Lib\site-packages\pip\_vendor\cachecontrol\caches\file_cache.py
__init__,E:\football_v\.venv\Lib\site-packages\pip\_vendor\cachecontrol\caches\file_cache.py
encode,E:\football_v\.venv\Lib\site-packages\pip\_vendor\cachecontrol\caches\file_cache.py
_fn,E:\football_v\.venv\Lib\site-packages\pip\_vendor\cachecontrol\caches\file_cache.py
get,E:\football_v\.venv\Lib\site-packages\pip\_vendor\cachecontrol\caches\file_cache.py
set,E:\football_v\.venv\Lib\site-packages\pip\_vendor\cachecontrol\caches\file_cache.py
_write,E:\football_v\.venv\Lib\site-packages\pip\_vendor\cachecontrol\caches\file_cache.py
_delete,E:\football_v\.venv\Lib\site-packages\pip\_vendor\cachecontrol\caches\file_cache.py
delete,E:\football_v\.venv\Lib\site-packages\pip\_vendor\cachecontrol\caches\file_cache.py
get_body,E:\football_v\.venv\Lib\site-packages\pip\_vendor\cachecontrol\caches\file_cache.py
set_body,E:\football_v\.venv\Lib\site-packages\pip\_vendor\cachecontrol\caches\file_cache.py
delete,E:\football_v\.venv\Lib\site-packages\pip\_vendor\cachecontrol\caches\file_cache.py
__init__,E:\football_v\.venv\Lib\site-packages\pip\_vendor\cachecontrol\caches\redis_cache.py
get,E:\football_v\.venv\Lib\site-packages\pip\_vendor\cachecontrol\caches\redis_cache.py
set,E:\football_v\.venv\Lib\site-packages\pip\_vendor\cachecontrol\caches\redis_cache.py
delete,E:\football_v\.venv\Lib\site-packages\pip\_vendor\cachecontrol\caches\redis_cache.py
clear,E:\football_v\.venv\Lib\site-packages\pip\_vendor\cachecontrol\caches\redis_cache.py
close,E:\football_v\.venv\Lib\site-packages\pip\_vendor\cachecontrol\caches\redis_cache.py
exit_cacert_ctx,E:\football_v\.venv\Lib\site-packages\pip\_vendor\certifi\core.py
where,E:\football_v\.venv\Lib\site-packages\pip\_vendor\certifi\core.py
contents,E:\football_v\.venv\Lib\site-packages\pip\_vendor\certifi\core.py
where,E:\football_v\.venv\Lib\site-packages\pip\_vendor\certifi\core.py
contents,E:\football_v\.venv\Lib\site-packages\pip\_vendor\certifi\core.py
read_text,E:\football_v\.venv\Lib\site-packages\pip\_vendor\certifi\core.py
where,E:\football_v\.venv\Lib\site-packages\pip\_vendor\certifi\core.py
contents,E:\football_v\.venv\Lib\site-packages\pip\_vendor\certifi\core.py
quote,E:\football_v\.venv\Lib\site-packages\pip\_vendor\distlib\compat.py
_dnsname_match,E:\football_v\.venv\Lib\site-packages\pip\_vendor\distlib\compat.py
match_hostname,E:\football_v\.venv\Lib\site-packages\pip\_vendor\distlib\compat.py
which,E:\football_v\.venv\Lib\site-packages\pip\_vendor\distlib\compat.py
__init__,E:\football_v\.venv\Lib\site-packages\pip\_vendor\distlib\compat.py
__enter__,E:\football_v\.venv\Lib\site-packages\pip\_vendor\distlib\compat.py
__exit__,E:\football_v\.venv\Lib\site-packages\pip\_vendor\distlib\compat.py
__enter__,E:\football_v\.venv\Lib\site-packages\pip\_vendor\distlib\compat.py
__exit__,E:\football_v\.venv\Lib\site-packages\pip\_vendor\distlib\compat.py
open,E:\football_v\.venv\Lib\site-packages\pip\_vendor\distlib\compat.py
python_implementation,E:\football_v\.venv\Lib\site-packages\pip\_vendor\distlib\compat.py
callable,E:\football_v\.venv\Lib\site-packages\pip\_vendor\distlib\compat.py
fsencode,E:\football_v\.venv\Lib\site-packages\pip\_vendor\distlib\compat.py
fsdecode,E:\football_v\.venv\Lib\site-packages\pip\_vendor\distlib\compat.py
_get_normal_name,E:\football_v\.venv\Lib\site-packages\pip\_vendor\distlib\compat.py
detect_encoding,E:\football_v\.venv\Lib\site-packages\pip\_vendor\distlib\compat.py
cache_from_source,E:\football_v\.venv\Lib\site-packages\pip\_vendor\distlib\compat.py
valid_ident,E:\football_v\.venv\Lib\site-packages\pip\_vendor\distlib\compat.py
pop,E:\football_v\.venv\Lib\site-packages\pip\_vendor\distlib\compat.py
__init__,E:\football_v\.venv\Lib\site-packages\pip\_vendor\distlib\compat.py
_access_check,E:\football_v\.venv\Lib\site-packages\pip\_vendor\distlib\compat.py
read_or_stop,E:\football_v\.venv\Lib\site-packages\pip\_vendor\distlib\compat.py
find_cookie,E:\football_v\.venv\Lib\site-packages\pip\_vendor\distlib\compat.py
__init__,E:\football_v\.venv\Lib\site-packages\pip\_vendor\distlib\compat.py
__missing__,E:\football_v\.venv\Lib\site-packages\pip\_vendor\distlib\compat.py
__getitem__,E:\football_v\.venv\Lib\site-packages\pip\_vendor\distlib\compat.py
get,E:\football_v\.venv\Lib\site-packages\pip\_vendor\distlib\compat.py
__len__,E:\football_v\.venv\Lib\site-packages\pip\_vendor\distlib\compat.py
__iter__,E:\football_v\.venv\Lib\site-packages\pip\_vendor\distlib\compat.py
__contains__,E:\football_v\.venv\Lib\site-packages\pip\_vendor\distlib\compat.py
__bool__,E:\football_v\.venv\Lib\site-packages\pip\_vendor\distlib\compat.py
__repr__,E:\football_v\.venv\Lib\site-packages\pip\_vendor\distlib\compat.py
fromkeys,E:\football_v\.venv\Lib\site-packages\pip\_vendor\distlib\compat.py
copy,E:\football_v\.venv\Lib\site-packages\pip\_vendor\distlib\compat.py
new_child,E:\football_v\.venv\Lib\site-packages\pip\_vendor\distlib\compat.py
parents,E:\football_v\.venv\Lib\site-packages\pip\_vendor\distlib\compat.py
__setitem__,E:\football_v\.venv\Lib\site-packages\pip\_vendor\distlib\compat.py
__delitem__,E:\football_v\.venv\Lib\site-packages\pip\_vendor\distlib\compat.py
popitem,E:\football_v\.venv\Lib\site-packages\pip\_vendor\distlib\compat.py
pop,E:\football_v\.venv\Lib\site-packages\pip\_vendor\distlib\compat.py
clear,E:\football_v\.venv\Lib\site-packages\pip\_vendor\distlib\compat.py
__init__,E:\football_v\.venv\Lib\site-packages\pip\_vendor\distlib\compat.py
__setitem__,E:\football_v\.venv\Lib\site-packages\pip\_vendor\distlib\compat.py
__delitem__,E:\football_v\.venv\Lib\site-packages\pip\_vendor\distlib\compat.py
__iter__,E:\football_v\.venv\Lib\site-packages\pip\_vendor\distlib\compat.py
__reversed__,E:\football_v\.venv\Lib\site-packages\pip\_vendor\distlib\compat.py
clear,E:\football_v\.venv\Lib\site-packages\pip\_vendor\distlib\compat.py
popitem,E:\football_v\.venv\Lib\site-packages\pip\_vendor\distlib\compat.py
keys,E:\football_v\.venv\Lib\site-packages\pip\_vendor\distlib\compat.py
values,E:\football_v\.venv\Lib\site-packages\pip\_vendor\distlib\compat.py
items,E:\football_v\.venv\Lib\site-packages\pip\_vendor\distlib\compat.py
iterkeys,E:\football_v\.venv\Lib\site-packages\pip\_vendor\distlib\compat.py
itervalues,E:\football_v\.venv\Lib\site-packages\pip\_vendor\distlib\compat.py
iteritems,E:\football_v\.venv\Lib\site-packages\pip\_vendor\distlib\compat.py
update,E:\football_v\.venv\Lib\site-packages\pip\_vendor\distlib\compat.py
pop,E:\football_v\.venv\Lib\site-packages\pip\_vendor\distlib\compat.py
setdefault,E:\football_v\.venv\Lib\site-packages\pip\_vendor\distlib\compat.py
__repr__,E:\football_v\.venv\Lib\site-packages\pip\_vendor\distlib\compat.py
__reduce__,E:\football_v\.venv\Lib\site-packages\pip\_vendor\distlib\compat.py
copy,E:\football_v\.venv\Lib\site-packages\pip\_vendor\distlib\compat.py
fromkeys,E:\football_v\.venv\Lib\site-packages\pip\_vendor\distlib\compat.py
__eq__,E:\football_v\.venv\Lib\site-packages\pip\_vendor\distlib\compat.py
__ne__,E:\football_v\.venv\Lib\site-packages\pip\_vendor\distlib\compat.py
viewkeys,E:\football_v\.venv\Lib\site-packages\pip\_vendor\distlib\compat.py
viewvalues,E:\football_v\.venv\Lib\site-packages\pip\_vendor\distlib\compat.py
viewitems,E:\football_v\.venv\Lib\site-packages\pip\_vendor\distlib\compat.py
__getitem__,E:\football_v\.venv\Lib\site-packages\pip\_vendor\distlib\compat.py
get,E:\football_v\.venv\Lib\site-packages\pip\_vendor\distlib\compat.py
__getitem__,E:\football_v\.venv\Lib\site-packages\pip\_vendor\distlib\compat.py
pop,E:\football_v\.venv\Lib\site-packages\pip\_vendor\distlib\compat.py
__getitem__,E:\football_v\.venv\Lib\site-packages\pip\_vendor\distlib\compat.py
__init__,E:\football_v\.venv\Lib\site-packages\pip\_vendor\distlib\compat.py
resolve,E:\football_v\.venv\Lib\site-packages\pip\_vendor\distlib\compat.py
ext_convert,E:\football_v\.venv\Lib\site-packages\pip\_vendor\distlib\compat.py
cfg_convert,E:\football_v\.venv\Lib\site-packages\pip\_vendor\distlib\compat.py
convert,E:\football_v\.venv\Lib\site-packages\pip\_vendor\distlib\compat.py
configure_custom,E:\football_v\.venv\Lib\site-packages\pip\_vendor\distlib\compat.py
as_tuple,E:\football_v\.venv\Lib\site-packages\pip\_vendor\distlib\compat.py
_recursive_repr,E:\football_v\.venv\Lib\site-packages\pip\_vendor\distlib\compat.py
decorating_function,E:\football_v\.venv\Lib\site-packages\pip\_vendor\distlib\compat.py
wrapper,E:\football_v\.venv\Lib\site-packages\pip\_vendor\distlib\compat.py
make_graph,E:\football_v\.venv\Lib\site-packages\pip\_vendor\distlib\database.py
get_dependent_dists,E:\football_v\.venv\Lib\site-packages\pip\_vendor\distlib\database.py
get_required_dists,E:\football_v\.venv\Lib\site-packages\pip\_vendor\distlib\database.py
make_dist,E:\football_v\.venv\Lib\site-packages\pip\_vendor\distlib\database.py
__init__,E:\football_v\.venv\Lib\site-packages\pip\_vendor\distlib\database.py
clear,E:\football_v\.venv\Lib\site-packages\pip\_vendor\distlib\database.py
add,E:\football_v\.venv\Lib\site-packages\pip\_vendor\distlib\database.py
__init__,E:\football_v\.venv\Lib\site-packages\pip\_vendor\distlib\database.py
_get_cache_enabled,E:\football_v\.venv\Lib\site-packages\pip\_vendor\distlib\database.py
_set_cache_enabled,E:\football_v\.venv\Lib\site-packages\pip\_vendor\distlib\database.py
clear_cache,E:\football_v\.venv\Lib\site-packages\pip\_vendor\distlib\database.py
_yield_distributions,E:\football_v\.venv\Lib\site-packages\pip\_vendor\distlib\database.py
_generate_cache,E:\football_v\.venv\Lib\site-packages\pip\_vendor\distlib\database.py
distinfo_dirname,E:\football_v\.venv\Lib\site-packages\pip\_vendor\distlib\database.py
get_distributions,E:\football_v\.venv\Lib\site-packages\pip\_vendor\distlib\database.py
get_distribution,E:\football_v\.venv\Lib\site-packages\pip\_vendor\distlib\database.py
provides_distribution,E:\football_v\.venv\Lib\site-packages\pip\_vendor\distlib\database.py
get_file_path,E:\football_v\.venv\Lib\site-packages\pip\_vendor\distlib\database.py
get_exported_entries,E:\football_v\.venv\Lib\site-packages\pip\_vendor\distlib\database.py
__init__,E:\football_v\.venv\Lib\site-packages\pip\_vendor\distlib\database.py
source_url,E:\football_v\.venv\Lib\site-packages\pip\_vendor\distlib\database.py
name_and_version,E:\football_v\.venv\Lib\site-packages\pip\_vendor\distlib\database.py
provides,E:\football_v\.venv\Lib\site-packages\pip\_vendor\distlib\database.py
_get_requirements,E:\football_v\.venv\Lib\site-packages\pip\_vendor\distlib\database.py
run_requires,E:\football_v\.venv\Lib\site-packages\pip\_vendor\distlib\database.py
meta_requires,E:\football_v\.venv\Lib\site-packages\pip\_vendor\distlib\database.py
build_requires,E:\football_v\.venv\Lib\site-packages\pip\_vendor\distlib\database.py
test_requires,E:\football_v\.venv\Lib\site-packages\pip\_vendor\distlib\database.py
dev_requires,E:\football_v\.venv\Lib\site-packages\pip\_vendor\distlib\database.py
matches_requirement,E:\football_v\.venv\Lib\site-packages\pip\_vendor\distlib\database.py
__repr__,E:\football_v\.venv\Lib\site-packages\pip\_vendor\distlib\database.py
__eq__,E:\football_v\.venv\Lib\site-packages\pip\_vendor\distlib\database.py
__hash__,E:\football_v\.venv\Lib\site-packages\pip\_vendor\distlib\database.py
__init__,E:\football_v\.venv\Lib\site-packages\pip\_vendor\distlib\database.py
get_hash,E:\football_v\.venv\Lib\site-packages\pip\_vendor\distlib\database.py
__init__,E:\football_v\.venv\Lib\site-packages\pip\_vendor\distlib\database.py
__repr__,E:\football_v\.venv\Lib\site-packages\pip\_vendor\distlib\database.py
__str__,E:\football_v\.venv\Lib\site-packages\pip\_vendor\distlib\database.py
_get_records,E:\football_v\.venv\Lib\site-packages\pip\_vendor\distlib\database.py
exports,E:\football_v\.venv\Lib\site-packages\pip\_vendor\distlib\database.py
read_exports,E:\football_v\.venv\Lib\site-packages\pip\_vendor\distlib\database.py
write_exports,E:\football_v\.venv\Lib\site-packages\pip\_vendor\distlib\database.py
get_resource_path,E:\football_v\.venv\Lib\site-packages\pip\_vendor\distlib\database.py
list_installed_files,E:\football_v\.venv\Lib\site-packages\pip\_vendor\distlib\database.py
write_installed_files,E:\football_v\.venv\Lib\site-packages\pip\_vendor\distlib\database.py
check_installed_files,E:\football_v\.venv\Lib\site-packages\pip\_vendor\distlib\database.py
shared_locations,E:\football_v\.venv\Lib\site-packages\pip\_vendor\distlib\database.py
write_shared_locations,E:\football_v\.venv\Lib\site-packages\pip\_vendor\distlib\database.py
get_distinfo_resource,E:\football_v\.venv\Lib\site-packages\pip\_vendor\distlib\database.py
get_distinfo_file,E:\football_v\.venv\Lib\site-packages\pip\_vendor\distlib\database.py
list_distinfo_files,E:\football_v\.venv\Lib\site-packages\pip\_vendor\distlib\database.py
__eq__,E:\football_v\.venv\Lib\site-packages\pip\_vendor\distlib\database.py
__init__,E:\football_v\.venv\Lib\site-packages\pip\_vendor\distlib\database.py
_get_metadata,E:\football_v\.venv\Lib\site-packages\pip\_vendor\distlib\database.py
__repr__,E:\football_v\.venv\Lib\site-packages\pip\_vendor\distlib\database.py
__str__,E:\football_v\.venv\Lib\site-packages\pip\_vendor\distlib\database.py
check_installed_files,E:\football_v\.venv\Lib\site-packages\pip\_vendor\distlib\database.py
list_installed_files,E:\football_v\.venv\Lib\site-packages\pip\_vendor\distlib\database.py
list_distinfo_files,E:\football_v\.venv\Lib\site-packages\pip\_vendor\distlib\database.py
__eq__,E:\football_v\.venv\Lib\site-packages\pip\_vendor\distlib\database.py
__init__,E:\football_v\.venv\Lib\site-packages\pip\_vendor\distlib\database.py
add_distribution,E:\football_v\.venv\Lib\site-packages\pip\_vendor\distlib\database.py
add_edge,E:\football_v\.venv\Lib\site-packages\pip\_vendor\distlib\database.py
add_missing,E:\football_v\.venv\Lib\site-packages\pip\_vendor\distlib\database.py
_repr_dist,E:\football_v\.venv\Lib\site-packages\pip\_vendor\distlib\database.py
repr_node,E:\football_v\.venv\Lib\site-packages\pip\_vendor\distlib\database.py
to_dot,E:\football_v\.venv\Lib\site-packages\pip\_vendor\distlib\database.py
topological_sort,E:\football_v\.venv\Lib\site-packages\pip\_vendor\distlib\database.py
__repr__,E:\football_v\.venv\Lib\site-packages\pip\_vendor\distlib\database.py
set_name_and_version,E:\football_v\.venv\Lib\site-packages\pip\_vendor\distlib\database.py
parse_requires_data,E:\football_v\.venv\Lib\site-packages\pip\_vendor\distlib\database.py
parse_requires_path,E:\football_v\.venv\Lib\site-packages\pip\_vendor\distlib\database.py
_md5,E:\football_v\.venv\Lib\site-packages\pip\_vendor\distlib\database.py
_size,E:\football_v\.venv\Lib\site-packages\pip\_vendor\distlib\database.py
__init__,E:\football_v\.venv\Lib\site-packages\pip\_vendor\distlib\index.py
_get_pypirc_command,E:\football_v\.venv\Lib\site-packages\pip\_vendor\distlib\index.py
read_configuration,E:\football_v\.venv\Lib\site-packages\pip\_vendor\distlib\index.py
save_configuration,E:\football_v\.venv\Lib\site-packages\pip\_vendor\distlib\index.py
check_credentials,E:\football_v\.venv\Lib\site-packages\pip\_vendor\distlib\index.py
register,E:\football_v\.venv\Lib\site-packages\pip\_vendor\distlib\index.py
_reader,E:\football_v\.venv\Lib\site-packages\pip\_vendor\distlib\index.py
get_sign_command,E:\football_v\.venv\Lib\site-packages\pip\_vendor\distlib\index.py
run_command,E:\football_v\.venv\Lib\site-packages\pip\_vendor\distlib\index.py
sign_file,E:\football_v\.venv\Lib\site-packages\pip\_vendor\distlib\index.py
upload_file,E:\football_v\.venv\Lib\site-packages\pip\_vendor\distlib\index.py
upload_documentation,E:\football_v\.venv\Lib\site-packages\pip\_vendor\distlib\index.py
get_verify_command,E:\football_v\.venv\Lib\site-packages\pip\_vendor\distlib\index.py
verify_signature,E:\football_v\.venv\Lib\site-packages\pip\_vendor\distlib\index.py
download_file,E:\football_v\.venv\Lib\site-packages\pip\_vendor\distlib\index.py
send_request,E:\football_v\.venv\Lib\site-packages\pip\_vendor\distlib\index.py
encode_request,E:\football_v\.venv\Lib\site-packages\pip\_vendor\distlib\index.py
search,E:\football_v\.venv\Lib\site-packages\pip\_vendor\distlib\index.py
get_all_distribution_names,E:\football_v\.venv\Lib\site-packages\pip\_vendor\distlib\locators.py
http_error_302,E:\football_v\.venv\Lib\site-packages\pip\_vendor\distlib\locators.py
__init__,E:\football_v\.venv\Lib\site-packages\pip\_vendor\distlib\locators.py
get_errors,E:\football_v\.venv\Lib\site-packages\pip\_vendor\distlib\locators.py
clear_errors,E:\football_v\.venv\Lib\site-packages\pip\_vendor\distlib\locators.py
clear_cache,E:\football_v\.venv\Lib\site-packages\pip\_vendor\distlib\locators.py
_get_scheme,E:\football_v\.venv\Lib\site-packages\pip\_vendor\distlib\locators.py
_set_scheme,E:\football_v\.venv\Lib\site-packages\pip\_vendor\distlib\locators.py
_get_project,E:\football_v\.venv\Lib\site-packages\pip\_vendor\distlib\locators.py
get_distribution_names,E:\football_v\.venv\Lib\site-packages\pip\_vendor\distlib\locators.py
get_project,E:\football_v\.venv\Lib\site-packages\pip\_vendor\distlib\locators.py
score_url,E:\football_v\.venv\Lib\site-packages\pip\_vendor\distlib\locators.py
prefer_url,E:\football_v\.venv\Lib\site-packages\pip\_vendor\distlib\locators.py
split_filename,E:\football_v\.venv\Lib\site-packages\pip\_vendor\distlib\locators.py
convert_url_to_download_info,E:\football_v\.venv\Lib\site-packages\pip\_vendor\distlib\locators.py
_get_digest,E:\football_v\.venv\Lib\site-packages\pip\_vendor\distlib\locators.py
_update_version_data,E:\football_v\.venv\Lib\site-packages\pip\_vendor\distlib\locators.py
locate,E:\football_v\.venv\Lib\site-packages\pip\_vendor\distlib\locators.py
__init__,E:\football_v\.venv\Lib\site-packages\pip\_vendor\distlib\locators.py
get_distribution_names,E:\football_v\.venv\Lib\site-packages\pip\_vendor\distlib\locators.py
_get_project,E:\football_v\.venv\Lib\site-packages\pip\_vendor\distlib\locators.py
__init__,E:\football_v\.venv\Lib\site-packages\pip\_vendor\distlib\locators.py
get_distribution_names,E:\football_v\.venv\Lib\site-packages\pip\_vendor\distlib\locators.py
_get_project,E:\football_v\.venv\Lib\site-packages\pip\_vendor\distlib\locators.py
__init__,E:\football_v\.venv\Lib\site-packages\pip\_vendor\distlib\locators.py
links,E:\football_v\.venv\Lib\site-packages\pip\_vendor\distlib\locators.py
__init__,E:\football_v\.venv\Lib\site-packages\pip\_vendor\distlib\locators.py
_prepare_threads,E:\football_v\.venv\Lib\site-packages\pip\_vendor\distlib\locators.py
_wait_threads,E:\football_v\.venv\Lib\site-packages\pip\_vendor\distlib\locators.py
_get_project,E:\football_v\.venv\Lib\site-packages\pip\_vendor\distlib\locators.py
_is_platform_dependent,E:\football_v\.venv\Lib\site-packages\pip\_vendor\distlib\locators.py
_process_download,E:\football_v\.venv\Lib\site-packages\pip\_vendor\distlib\locators.py
_should_queue,E:\football_v\.venv\Lib\site-packages\pip\_vendor\distlib\locators.py
_fetch,E:\football_v\.venv\Lib\site-packages\pip\_vendor\distlib\locators.py
get_page,E:\football_v\.venv\Lib\site-packages\pip\_vendor\distlib\locators.py
get_distribution_names,E:\football_v\.venv\Lib\site-packages\pip\_vendor\distlib\locators.py
__init__,E:\football_v\.venv\Lib\site-packages\pip\_vendor\distlib\locators.py
should_include,E:\football_v\.venv\Lib\site-packages\pip\_vendor\distlib\locators.py
_get_project,E:\football_v\.venv\Lib\site-packages\pip\_vendor\distlib\locators.py
get_distribution_names,E:\football_v\.venv\Lib\site-packages\pip\_vendor\distlib\locators.py
get_distribution_names,E:\football_v\.venv\Lib\site-packages\pip\_vendor\distlib\locators.py
_get_project,E:\football_v\.venv\Lib\site-packages\pip\_vendor\distlib\locators.py
__init__,E:\football_v\.venv\Lib\site-packages\pip\_vendor\distlib\locators.py
_get_project,E:\football_v\.venv\Lib\site-packages\pip\_vendor\distlib\locators.py
__init__,E:\football_v\.venv\Lib\site-packages\pip\_vendor\distlib\locators.py
clear_cache,E:\football_v\.venv\Lib\site-packages\pip\_vendor\distlib\locators.py
_set_scheme,E:\football_v\.venv\Lib\site-packages\pip\_vendor\distlib\locators.py
_get_project,E:\football_v\.venv\Lib\site-packages\pip\_vendor\distlib\locators.py
get_distribution_names,E:\football_v\.venv\Lib\site-packages\pip\_vendor\distlib\locators.py
__init__,E:\football_v\.venv\Lib\site-packages\pip\_vendor\distlib\locators.py
add_distribution,E:\football_v\.venv\Lib\site-packages\pip\_vendor\distlib\locators.py
remove_distribution,E:\football_v\.venv\Lib\site-packages\pip\_vendor\distlib\locators.py
get_matcher,E:\football_v\.venv\Lib\site-packages\pip\_vendor\distlib\locators.py
find_providers,E:\football_v\.venv\Lib\site-packages\pip\_vendor\distlib\locators.py
try_to_replace,E:\football_v\.venv\Lib\site-packages\pip\_vendor\distlib\locators.py
find,E:\football_v\.venv\Lib\site-packages\pip\_vendor\distlib\locators.py
same_project,E:\football_v\.venv\Lib\site-packages\pip\_vendor\distlib\locators.py
clean,E:\football_v\.venv\Lib\site-packages\pip\_vendor\distlib\locators.py
__init__,E:\football_v\.venv\Lib\site-packages\pip\_vendor\distlib\manifest.py
findall,E:\football_v\.venv\Lib\site-packages\pip\_vendor\distlib\manifest.py
add,E:\football_v\.venv\Lib\site-packages\pip\_vendor\distlib\manifest.py
add_many,E:\football_v\.venv\Lib\site-packages\pip\_vendor\distlib\manifest.py
sorted,E:\football_v\.venv\Lib\site-packages\pip\_vendor\distlib\manifest.py
clear,E:\football_v\.venv\Lib\site-packages\pip\_vendor\distlib\manifest.py
process_directive,E:\football_v\.venv\Lib\site-packages\pip\_vendor\distlib\manifest.py
_parse_directive,E:\football_v\.venv\Lib\site-packages\pip\_vendor\distlib\manifest.py
_include_pattern,E:\football_v\.venv\Lib\site-packages\pip\_vendor\distlib\manifest.py
_exclude_pattern,E:\football_v\.venv\Lib\site-packages\pip\_vendor\distlib\manifest.py
_translate_pattern,E:\football_v\.venv\Lib\site-packages\pip\_vendor\distlib\manifest.py
_glob_to_re,E:\football_v\.venv\Lib\site-packages\pip\_vendor\distlib\manifest.py
add_dir,E:\football_v\.venv\Lib\site-packages\pip\_vendor\distlib\manifest.py
_is_version_marker,E:\football_v\.venv\Lib\site-packages\pip\_vendor\distlib\markers.py
_is_literal,E:\football_v\.venv\Lib\site-packages\pip\_vendor\distlib\markers.py
_get_versions,E:\football_v\.venv\Lib\site-packages\pip\_vendor\distlib\markers.py
default_context,E:\football_v\.venv\Lib\site-packages\pip\_vendor\distlib\markers.py
interpret,E:\football_v\.venv\Lib\site-packages\pip\_vendor\distlib\markers.py
evaluate,E:\football_v\.venv\Lib\site-packages\pip\_vendor\distlib\markers.py
format_full_version,E:\football_v\.venv\Lib\site-packages\pip\_vendor\distlib\markers.py
_version2fieldlist,E:\football_v\.venv\Lib\site-packages\pip\_vendor\distlib\metadata.py
_best_version,E:\football_v\.venv\Lib\site-packages\pip\_vendor\distlib\metadata.py
_get_name_and_version,E:\football_v\.venv\Lib\site-packages\pip\_vendor\distlib\metadata.py
_has_marker,E:\football_v\.venv\Lib\site-packages\pip\_vendor\distlib\metadata.py
__init__,E:\football_v\.venv\Lib\site-packages\pip\_vendor\distlib\metadata.py
set_metadata_version,E:\football_v\.venv\Lib\site-packages\pip\_vendor\distlib\metadata.py
_write_field,E:\football_v\.venv\Lib\site-packages\pip\_vendor\distlib\metadata.py
__getitem__,E:\football_v\.venv\Lib\site-packages\pip\_vendor\distlib\metadata.py
__setitem__,E:\football_v\.venv\Lib\site-packages\pip\_vendor\distlib\metadata.py
__delitem__,E:\football_v\.venv\Lib\site-packages\pip\_vendor\distlib\metadata.py
__contains__,E:\football_v\.venv\Lib\site-packages\pip\_vendor\distlib\metadata.py
_convert_name,E:\football_v\.venv\Lib\site-packages\pip\_vendor\distlib\metadata.py
_default_value,E:\football_v\.venv\Lib\site-packages\pip\_vendor\distlib\metadata.py
_remove_line_prefix,E:\football_v\.venv\Lib\site-packages\pip\_vendor\distlib\metadata.py
__getattr__,E:\football_v\.venv\Lib\site-packages\pip\_vendor\distlib\metadata.py
get_fullname,E:\football_v\.venv\Lib\site-packages\pip\_vendor\distlib\metadata.py
is_field,E:\football_v\.venv\Lib\site-packages\pip\_vendor\distlib\metadata.py
is_multi_field,E:\football_v\.venv\Lib\site-packages\pip\_vendor\distlib\metadata.py
read,E:\football_v\.venv\Lib\site-packages\pip\_vendor\distlib\metadata.py
read_file,E:\football_v\.venv\Lib\site-packages\pip\_vendor\distlib\metadata.py
write,E:\football_v\.venv\Lib\site-packages\pip\_vendor\distlib\metadata.py
write_file,E:\football_v\.venv\Lib\site-packages\pip\_vendor\distlib\metadata.py
update,E:\football_v\.venv\Lib\site-packages\pip\_vendor\distlib\metadata.py
set,E:\football_v\.venv\Lib\site-packages\pip\_vendor\distlib\metadata.py
get,E:\football_v\.venv\Lib\site-packages\pip\_vendor\distlib\metadata.py
check,E:\football_v\.venv\Lib\site-packages\pip\_vendor\distlib\metadata.py
todict,E:\football_v\.venv\Lib\site-packages\pip\_vendor\distlib\metadata.py
add_requirements,E:\football_v\.venv\Lib\site-packages\pip\_vendor\distlib\metadata.py
keys,E:\football_v\.venv\Lib\site-packages\pip\_vendor\distlib\metadata.py
__iter__,E:\football_v\.venv\Lib\site-packages\pip\_vendor\distlib\metadata.py
values,E:\football_v\.venv\Lib\site-packages\pip\_vendor\distlib\metadata.py
items,E:\football_v\.venv\Lib\site-packages\pip\_vendor\distlib\metadata.py
__repr__,E:\football_v\.venv\Lib\site-packages\pip\_vendor\distlib\metadata.py
__init__,E:\football_v\.venv\Lib\site-packages\pip\_vendor\distlib\metadata.py
__getattribute__,E:\football_v\.venv\Lib\site-packages\pip\_vendor\distlib\metadata.py
_validate_value,E:\football_v\.venv\Lib\site-packages\pip\_vendor\distlib\metadata.py
__setattr__,E:\football_v\.venv\Lib\site-packages\pip\_vendor\distlib\metadata.py
name_and_version,E:\football_v\.venv\Lib\site-packages\pip\_vendor\distlib\metadata.py
provides,E:\football_v\.venv\Lib\site-packages\pip\_vendor\distlib\metadata.py
provides,E:\football_v\.venv\Lib\site-packages\pip\_vendor\distlib\metadata.py
get_requirements,E:\football_v\.venv\Lib\site-packages\pip\_vendor\distlib\metadata.py
dictionary,E:\football_v\.venv\Lib\site-packages\pip\_vendor\distlib\metadata.py
dependencies,E:\football_v\.venv\Lib\site-packages\pip\_vendor\distlib\metadata.py
dependencies,E:\football_v\.venv\Lib\site-packages\pip\_vendor\distlib\metadata.py
_validate_mapping,E:\football_v\.venv\Lib\site-packages\pip\_vendor\distlib\metadata.py
validate,E:\football_v\.venv\Lib\site-packages\pip\_vendor\distlib\metadata.py
todict,E:\football_v\.venv\Lib\site-packages\pip\_vendor\distlib\metadata.py
_from_legacy,E:\football_v\.venv\Lib\site-packages\pip\_vendor\distlib\metadata.py
_to_legacy,E:\football_v\.venv\Lib\site-packages\pip\_vendor\distlib\metadata.py
write,E:\football_v\.venv\Lib\site-packages\pip\_vendor\distlib\metadata.py
add_requirements,E:\football_v\.venv\Lib\site-packages\pip\_vendor\distlib\metadata.py
__repr__,E:\football_v\.venv\Lib\site-packages\pip\_vendor\distlib\metadata.py
_set,E:\football_v\.venv\Lib\site-packages\pip\_vendor\distlib\metadata.py
are_valid_constraints,E:\football_v\.venv\Lib\site-packages\pip\_vendor\distlib\metadata.py
process_entries,E:\football_v\.venv\Lib\site-packages\pip\_vendor\distlib\metadata.py
register_finder,E:\football_v\.venv\Lib\site-packages\pip\_vendor\distlib\resources.py
finder,E:\football_v\.venv\Lib\site-packages\pip\_vendor\distlib\resources.py
finder_for_path,E:\football_v\.venv\Lib\site-packages\pip\_vendor\distlib\resources.py
__init__,E:\football_v\.venv\Lib\site-packages\pip\_vendor\distlib\resources.py
is_stale,E:\football_v\.venv\Lib\site-packages\pip\_vendor\distlib\resources.py
get,E:\football_v\.venv\Lib\site-packages\pip\_vendor\distlib\resources.py
__init__,E:\football_v\.venv\Lib\site-packages\pip\_vendor\distlib\resources.py
as_stream,E:\football_v\.venv\Lib\site-packages\pip\_vendor\distlib\resources.py
file_path,E:\football_v\.venv\Lib\site-packages\pip\_vendor\distlib\resources.py
bytes,E:\football_v\.venv\Lib\site-packages\pip\_vendor\distlib\resources.py
size,E:\football_v\.venv\Lib\site-packages\pip\_vendor\distlib\resources.py
resources,E:\football_v\.venv\Lib\site-packages\pip\_vendor\distlib\resources.py
__init__,E:\football_v\.venv\Lib\site-packages\pip\_vendor\distlib\resources.py
_adjust_path,E:\football_v\.venv\Lib\site-packages\pip\_vendor\distlib\resources.py
_make_path,E:\football_v\.venv\Lib\site-packages\pip\_vendor\distlib\resources.py
_find,E:\football_v\.venv\Lib\site-packages\pip\_vendor\distlib\resources.py
get_cache_info,E:\football_v\.venv\Lib\site-packages\pip\_vendor\distlib\resources.py
find,E:\football_v\.venv\Lib\site-packages\pip\_vendor\distlib\resources.py
get_stream,E:\football_v\.venv\Lib\site-packages\pip\_vendor\distlib\resources.py
get_bytes,E:\football_v\.venv\Lib\site-packages\pip\_vendor\distlib\resources.py
get_size,E:\football_v\.venv\Lib\site-packages\pip\_vendor\distlib\resources.py
get_resources,E:\football_v\.venv\Lib\site-packages\pip\_vendor\distlib\resources.py
is_container,E:\football_v\.venv\Lib\site-packages\pip\_vendor\distlib\resources.py
iterator,E:\football_v\.venv\Lib\site-packages\pip\_vendor\distlib\resources.py
__init__,E:\football_v\.venv\Lib\site-packages\pip\_vendor\distlib\resources.py
_adjust_path,E:\football_v\.venv\Lib\site-packages\pip\_vendor\distlib\resources.py
_find,E:\football_v\.venv\Lib\site-packages\pip\_vendor\distlib\resources.py
get_cache_info,E:\football_v\.venv\Lib\site-packages\pip\_vendor\distlib\resources.py
get_bytes,E:\football_v\.venv\Lib\site-packages\pip\_vendor\distlib\resources.py
get_stream,E:\football_v\.venv\Lib\site-packages\pip\_vendor\distlib\resources.py
get_size,E:\football_v\.venv\Lib\site-packages\pip\_vendor\distlib\resources.py
get_resources,E:\football_v\.venv\Lib\site-packages\pip\_vendor\distlib\resources.py
_is_directory,E:\football_v\.venv\Lib\site-packages\pip\_vendor\distlib\resources.py
allowed,E:\football_v\.venv\Lib\site-packages\pip\_vendor\distlib\resources.py
enquote_executable,E:\football_v\.venv\Lib\site-packages\pip\_vendor\distlib\scripts.py
__init__,E:\football_v\.venv\Lib\site-packages\pip\_vendor\distlib\scripts.py
_get_alternate_executable,E:\football_v\.venv\Lib\site-packages\pip\_vendor\distlib\scripts.py
_build_shebang,E:\football_v\.venv\Lib\site-packages\pip\_vendor\distlib\scripts.py
_get_shebang,E:\football_v\.venv\Lib\site-packages\pip\_vendor\distlib\scripts.py
_get_script_text,E:\football_v\.venv\Lib\site-packages\pip\_vendor\distlib\scripts.py
get_manifest,E:\football_v\.venv\Lib\site-packages\pip\_vendor\distlib\scripts.py
_write_script,E:\football_v\.venv\Lib\site-packages\pip\_vendor\distlib\scripts.py
get_script_filenames,E:\football_v\.venv\Lib\site-packages\pip\_vendor\distlib\scripts.py
_make_script,E:\football_v\.venv\Lib\site-packages\pip\_vendor\distlib\scripts.py
_copy_script,E:\football_v\.venv\Lib\site-packages\pip\_vendor\distlib\scripts.py
dry_run,E:\football_v\.venv\Lib\site-packages\pip\_vendor\distlib\scripts.py
dry_run,E:\football_v\.venv\Lib\site-packages\pip\_vendor\distlib\scripts.py
make,E:\football_v\.venv\Lib\site-packages\pip\_vendor\distlib\scripts.py
make_multiple,E:\football_v\.venv\Lib\site-packages\pip\_vendor\distlib\scripts.py
_is_shell,E:\football_v\.venv\Lib\site-packages\pip\_vendor\distlib\scripts.py
_fix_jython_executable,E:\football_v\.venv\Lib\site-packages\pip\_vendor\distlib\scripts.py
_get_launcher,E:\football_v\.venv\Lib\site-packages\pip\_vendor\distlib\scripts.py
parse_marker,E:\football_v\.venv\Lib\site-packages\pip\_vendor\distlib\util.py
parse_requirement,E:\football_v\.venv\Lib\site-packages\pip\_vendor\distlib\util.py
get_resources_dests,E:\football_v\.venv\Lib\site-packages\pip\_vendor\distlib\util.py
in_venv,E:\football_v\.venv\Lib\site-packages\pip\_vendor\distlib\util.py
get_executable,E:\football_v\.venv\Lib\site-packages\pip\_vendor\distlib\util.py
proceed,E:\football_v\.venv\Lib\site-packages\pip\_vendor\distlib\util.py
extract_by_key,E:\football_v\.venv\Lib\site-packages\pip\_vendor\distlib\util.py
read_exports,E:\football_v\.venv\Lib\site-packages\pip\_vendor\distlib\util.py
write_exports,E:\football_v\.venv\Lib\site-packages\pip\_vendor\distlib\util.py
tempdir,E:\football_v\.venv\Lib\site-packages\pip\_vendor\distlib\util.py
chdir,E:\football_v\.venv\Lib\site-packages\pip\_vendor\distlib\util.py
socket_timeout,E:\football_v\.venv\Lib\site-packages\pip\_vendor\distlib\util.py
convert_path,E:\football_v\.venv\Lib\site-packages\pip\_vendor\distlib\util.py
resolve,E:\football_v\.venv\Lib\site-packages\pip\_vendor\distlib\util.py
get_export_entry,E:\football_v\.venv\Lib\site-packages\pip\_vendor\distlib\util.py
get_cache_base,E:\football_v\.venv\Lib\site-packages\pip\_vendor\distlib\util.py
path_to_cache_dir,E:\football_v\.venv\Lib\site-packages\pip\_vendor\distlib\util.py
ensure_slash,E:\football_v\.venv\Lib\site-packages\pip\_vendor\distlib\util.py
parse_credentials,E:\football_v\.venv\Lib\site-packages\pip\_vendor\distlib\util.py
get_process_umask,E:\football_v\.venv\Lib\site-packages\pip\_vendor\distlib\util.py
is_string_sequence,E:\football_v\.venv\Lib\site-packages\pip\_vendor\distlib\util.py
split_filename,E:\football_v\.venv\Lib\site-packages\pip\_vendor\distlib\util.py
parse_name_and_version,E:\football_v\.venv\Lib\site-packages\pip\_vendor\distlib\util.py
get_extras,E:\football_v\.venv\Lib\site-packages\pip\_vendor\distlib\util.py
_get_external_data,E:\football_v\.venv\Lib\site-packages\pip\_vendor\distlib\util.py
get_project_data,E:\football_v\.venv\Lib\site-packages\pip\_vendor\distlib\util.py
get_package_data,E:\football_v\.venv\Lib\site-packages\pip\_vendor\distlib\util.py
unarchive,E:\football_v\.venv\Lib\site-packages\pip\_vendor\distlib\util.py
zip_dir,E:\football_v\.venv\Lib\site-packages\pip\_vendor\distlib\util.py
iglob,E:\football_v\.venv\Lib\site-packages\pip\_vendor\distlib\util.py
_iglob,E:\football_v\.venv\Lib\site-packages\pip\_vendor\distlib\util.py
_csv_open,E:\football_v\.venv\Lib\site-packages\pip\_vendor\distlib\util.py
normalize_name,E:\football_v\.venv\Lib\site-packages\pip\_vendor\distlib\util.py
_load_pypirc,E:\football_v\.venv\Lib\site-packages\pip\_vendor\distlib\util.py
_store_pypirc,E:\football_v\.venv\Lib\site-packages\pip\_vendor\distlib\util.py
get_host_platform,E:\football_v\.venv\Lib\site-packages\pip\_vendor\distlib\util.py
get_platform,E:\football_v\.venv\Lib\site-packages\pip\_vendor\distlib\util.py
marker_var,E:\football_v\.venv\Lib\site-packages\pip\_vendor\distlib\util.py
marker_expr,E:\football_v\.venv\Lib\site-packages\pip\_vendor\distlib\util.py
marker_and,E:\football_v\.venv\Lib\site-packages\pip\_vendor\distlib\util.py
marker,E:\football_v\.venv\Lib\site-packages\pip\_vendor\distlib\util.py
get_rel_path,E:\football_v\.venv\Lib\site-packages\pip\_vendor\distlib\util.py
read_stream,E:\football_v\.venv\Lib\site-packages\pip\_vendor\distlib\util.py
__init__,E:\football_v\.venv\Lib\site-packages\pip\_vendor\distlib\util.py
__get__,E:\football_v\.venv\Lib\site-packages\pip\_vendor\distlib\util.py
__init__,E:\football_v\.venv\Lib\site-packages\pip\_vendor\distlib\util.py
_init_record,E:\football_v\.venv\Lib\site-packages\pip\_vendor\distlib\util.py
record_as_written,E:\football_v\.venv\Lib\site-packages\pip\_vendor\distlib\util.py
newer,E:\football_v\.venv\Lib\site-packages\pip\_vendor\distlib\util.py
copy_file,E:\football_v\.venv\Lib\site-packages\pip\_vendor\distlib\util.py
copy_stream,E:\football_v\.venv\Lib\site-packages\pip\_vendor\distlib\util.py
write_binary_file,E:\football_v\.venv\Lib\site-packages\pip\_vendor\distlib\util.py
write_text_file,E:\football_v\.venv\Lib\site-packages\pip\_vendor\distlib\util.py
set_mode,E:\football_v\.venv\Lib\site-packages\pip\_vendor\distlib\util.py
ensure_dir,E:\football_v\.venv\Lib\site-packages\pip\_vendor\distlib\util.py
byte_compile,E:\football_v\.venv\Lib\site-packages\pip\_vendor\distlib\util.py
ensure_removed,E:\football_v\.venv\Lib\site-packages\pip\_vendor\distlib\util.py
is_writable,E:\football_v\.venv\Lib\site-packages\pip\_vendor\distlib\util.py
commit,E:\football_v\.venv\Lib\site-packages\pip\_vendor\distlib\util.py
rollback,E:\football_v\.venv\Lib\site-packages\pip\_vendor\distlib\util.py
__init__,E:\football_v\.venv\Lib\site-packages\pip\_vendor\distlib\util.py
value,E:\football_v\.venv\Lib\site-packages\pip\_vendor\distlib\util.py
__repr__,E:\football_v\.venv\Lib\site-packages\pip\_vendor\distlib\util.py
__eq__,E:\football_v\.venv\Lib\site-packages\pip\_vendor\distlib\util.py
__init__,E:\football_v\.venv\Lib\site-packages\pip\_vendor\distlib\util.py
prefix_to_dir,E:\football_v\.venv\Lib\site-packages\pip\_vendor\distlib\util.py
clear,E:\football_v\.venv\Lib\site-packages\pip\_vendor\distlib\util.py
__init__,E:\football_v\.venv\Lib\site-packages\pip\_vendor\distlib\util.py
add,E:\football_v\.venv\Lib\site-packages\pip\_vendor\distlib\util.py
remove,E:\football_v\.venv\Lib\site-packages\pip\_vendor\distlib\util.py
get_subscribers,E:\football_v\.venv\Lib\site-packages\pip\_vendor\distlib\util.py
publish,E:\football_v\.venv\Lib\site-packages\pip\_vendor\distlib\util.py
__init__,E:\football_v\.venv\Lib\site-packages\pip\_vendor\distlib\util.py
add_node,E:\football_v\.venv\Lib\site-packages\pip\_vendor\distlib\util.py
remove_node,E:\football_v\.venv\Lib\site-packages\pip\_vendor\distlib\util.py
add,E:\football_v\.venv\Lib\site-packages\pip\_vendor\distlib\util.py
remove,E:\football_v\.venv\Lib\site-packages\pip\_vendor\distlib\util.py
is_step,E:\football_v\.venv\Lib\site-packages\pip\_vendor\distlib\util.py
get_steps,E:\football_v\.venv\Lib\site-packages\pip\_vendor\distlib\util.py
strong_connections,E:\football_v\.venv\Lib\site-packages\pip\_vendor\distlib\util.py
dot,E:\football_v\.venv\Lib\site-packages\pip\_vendor\distlib\util.py
check_path,E:\football_v\.venv\Lib\site-packages\pip\_vendor\distlib\util.py
__init__,E:\football_v\.venv\Lib\site-packages\pip\_vendor\distlib\util.py
update,E:\football_v\.venv\Lib\site-packages\pip\_vendor\distlib\util.py
increment,E:\football_v\.venv\Lib\site-packages\pip\_vendor\distlib\util.py
start,E:\football_v\.venv\Lib\site-packages\pip\_vendor\distlib\util.py
stop,E:\football_v\.venv\Lib\site-packages\pip\_vendor\distlib\util.py
maximum,E:\football_v\.venv\Lib\site-packages\pip\_vendor\distlib\util.py
percentage,E:\football_v\.venv\Lib\site-packages\pip\_vendor\distlib\util.py
format_duration,E:\football_v\.venv\Lib\site-packages\pip\_vendor\distlib\util.py
ETA,E:\football_v\.venv\Lib\site-packages\pip\_vendor\distlib\util.py
speed,E:\football_v\.venv\Lib\site-packages\pip\_vendor\distlib\util.py
__init__,E:\football_v\.venv\Lib\site-packages\pip\_vendor\distlib\util.py
make_connection,E:\football_v\.venv\Lib\site-packages\pip\_vendor\distlib\util.py
__init__,E:\football_v\.venv\Lib\site-packages\pip\_vendor\distlib\util.py
__enter__,E:\football_v\.venv\Lib\site-packages\pip\_vendor\distlib\util.py
__exit__,E:\football_v\.venv\Lib\site-packages\pip\_vendor\distlib\util.py
__init__,E:\football_v\.venv\Lib\site-packages\pip\_vendor\distlib\util.py
__iter__,E:\football_v\.venv\Lib\site-packages\pip\_vendor\distlib\util.py
next,E:\football_v\.venv\Lib\site-packages\pip\_vendor\distlib\util.py
__init__,E:\football_v\.venv\Lib\site-packages\pip\_vendor\distlib\util.py
writerow,E:\football_v\.venv\Lib\site-packages\pip\_vendor\distlib\util.py
__init__,E:\football_v\.venv\Lib\site-packages\pip\_vendor\distlib\util.py
configure_custom,E:\football_v\.venv\Lib\site-packages\pip\_vendor\distlib\util.py
__getitem__,E:\football_v\.venv\Lib\site-packages\pip\_vendor\distlib\util.py
inc_convert,E:\football_v\.venv\Lib\site-packages\pip\_vendor\distlib\util.py
__init__,E:\football_v\.venv\Lib\site-packages\pip\_vendor\distlib\util.py
reader,E:\football_v\.venv\Lib\site-packages\pip\_vendor\distlib\util.py
run_command,E:\football_v\.venv\Lib\site-packages\pip\_vendor\distlib\util.py
__init__,E:\football_v\.venv\Lib\site-packages\pip\_vendor\distlib\util.py
read,E:\football_v\.venv\Lib\site-packages\pip\_vendor\distlib\util.py
update,E:\football_v\.venv\Lib\site-packages\pip\_vendor\distlib\util.py
strongconnect,E:\football_v\.venv\Lib\site-packages\pip\_vendor\distlib\util.py
extraction_filter,E:\football_v\.venv\Lib\site-packages\pip\_vendor\distlib\util.py
connect,E:\football_v\.venv\Lib\site-packages\pip\_vendor\distlib\util.py
__init__,E:\football_v\.venv\Lib\site-packages\pip\_vendor\distlib\util.py
_conn_maker,E:\football_v\.venv\Lib\site-packages\pip\_vendor\distlib\util.py
https_open,E:\football_v\.venv\Lib\site-packages\pip\_vendor\distlib\util.py
http_open,E:\football_v\.venv\Lib\site-packages\pip\_vendor\distlib\util.py
__init__,E:\football_v\.venv\Lib\site-packages\pip\_vendor\distlib\util.py
make_connection,E:\football_v\.venv\Lib\site-packages\pip\_vendor\distlib\util.py
convert,E:\football_v\.venv\Lib\site-packages\pip\_vendor\distlib\util.py
get_versions,E:\football_v\.venv\Lib\site-packages\pip\_vendor\distlib\util.py
_pep_440_key,E:\football_v\.venv\Lib\site-packages\pip\_vendor\distlib\version.py
_match_prefix,E:\football_v\.venv\Lib\site-packages\pip\_vendor\distlib\version.py
_suggest_semantic_version,E:\football_v\.venv\Lib\site-packages\pip\_vendor\distlib\version.py
_suggest_normalized_version,E:\football_v\.venv\Lib\site-packages\pip\_vendor\distlib\version.py
_legacy_key,E:\football_v\.venv\Lib\site-packages\pip\_vendor\distlib\version.py
is_semver,E:\football_v\.venv\Lib\site-packages\pip\_vendor\distlib\version.py
_semantic_key,E:\football_v\.venv\Lib\site-packages\pip\_vendor\distlib\version.py
get_scheme,E:\football_v\.venv\Lib\site-packages\pip\_vendor\distlib\version.py
__init__,E:\football_v\.venv\Lib\site-packages\pip\_vendor\distlib\version.py
parse,E:\football_v\.venv\Lib\site-packages\pip\_vendor\distlib\version.py
_check_compatible,E:\football_v\.venv\Lib\site-packages\pip\_vendor\distlib\version.py
__eq__,E:\football_v\.venv\Lib\site-packages\pip\_vendor\distlib\version.py
__ne__,E:\football_v\.venv\Lib\site-packages\pip\_vendor\distlib\version.py
__lt__,E:\football_v\.venv\Lib\site-packages\pip\_vendor\distlib\version.py
__gt__,E:\football_v\.venv\Lib\site-packages\pip\_vendor\distlib\version.py
__le__,E:\football_v\.venv\Lib\site-packages\pip\_vendor\distlib\version.py
__ge__,E:\football_v\.venv\Lib\site-packages\pip\_vendor\distlib\version.py
__hash__,E:\football_v\.venv\Lib\site-packages\pip\_vendor\distlib\version.py
__repr__,E:\football_v\.venv\Lib\site-packages\pip\_vendor\distlib\version.py
__str__,E:\football_v\.venv\Lib\site-packages\pip\_vendor\distlib\version.py
is_prerelease,E:\football_v\.venv\Lib\site-packages\pip\_vendor\distlib\version.py
parse_requirement,E:\football_v\.venv\Lib\site-packages\pip\_vendor\distlib\version.py
__init__,E:\football_v\.venv\Lib\site-packages\pip\_vendor\distlib\version.py
match,E:\football_v\.venv\Lib\site-packages\pip\_vendor\distlib\version.py
exact_version,E:\football_v\.venv\Lib\site-packages\pip\_vendor\distlib\version.py
_check_compatible,E:\football_v\.venv\Lib\site-packages\pip\_vendor\distlib\version.py
__eq__,E:\football_v\.venv\Lib\site-packages\pip\_vendor\distlib\version.py
__ne__,E:\football_v\.venv\Lib\site-packages\pip\_vendor\distlib\version.py
__hash__,E:\football_v\.venv\Lib\site-packages\pip\_vendor\distlib\version.py
__repr__,E:\football_v\.venv\Lib\site-packages\pip\_vendor\distlib\version.py
__str__,E:\football_v\.venv\Lib\site-packages\pip\_vendor\distlib\version.py
parse,E:\football_v\.venv\Lib\site-packages\pip\_vendor\distlib\version.py
is_prerelease,E:\football_v\.venv\Lib\site-packages\pip\_vendor\distlib\version.py
_adjust_local,E:\football_v\.venv\Lib\site-packages\pip\_vendor\distlib\version.py
_match_lt,E:\football_v\.venv\Lib\site-packages\pip\_vendor\distlib\version.py
_match_gt,E:\football_v\.venv\Lib\site-packages\pip\_vendor\distlib\version.py
_match_le,E:\football_v\.venv\Lib\site-packages\pip\_vendor\distlib\version.py
_match_ge,E:\football_v\.venv\Lib\site-packages\pip\_vendor\distlib\version.py
_match_eq,E:\football_v\.venv\Lib\site-packages\pip\_vendor\distlib\version.py
_match_arbitrary,E:\football_v\.venv\Lib\site-packages\pip\_vendor\distlib\version.py
_match_ne,E:\football_v\.venv\Lib\site-packages\pip\_vendor\distlib\version.py
_match_compatible,E:\football_v\.venv\Lib\site-packages\pip\_vendor\distlib\version.py
get_parts,E:\football_v\.venv\Lib\site-packages\pip\_vendor\distlib\version.py
parse,E:\football_v\.venv\Lib\site-packages\pip\_vendor\distlib\version.py
is_prerelease,E:\football_v\.venv\Lib\site-packages\pip\_vendor\distlib\version.py
_match_compatible,E:\football_v\.venv\Lib\site-packages\pip\_vendor\distlib\version.py
make_tuple,E:\football_v\.venv\Lib\site-packages\pip\_vendor\distlib\version.py
parse,E:\football_v\.venv\Lib\site-packages\pip\_vendor\distlib\version.py
is_prerelease,E:\football_v\.venv\Lib\site-packages\pip\_vendor\distlib\version.py
__init__,E:\football_v\.venv\Lib\site-packages\pip\_vendor\distlib\version.py
is_valid_version,E:\football_v\.venv\Lib\site-packages\pip\_vendor\distlib\version.py
is_valid_matcher,E:\football_v\.venv\Lib\site-packages\pip\_vendor\distlib\version.py
is_valid_constraint_list,E:\football_v\.venv\Lib\site-packages\pip\_vendor\distlib\version.py
suggest,E:\football_v\.venv\Lib\site-packages\pip\_vendor\distlib\version.py
_get_suffixes,E:\football_v\.venv\Lib\site-packages\pip\_vendor\distlib\wheel.py
_load_dynamic,E:\football_v\.venv\Lib\site-packages\pip\_vendor\distlib\wheel.py
_get_glibc_version,E:\football_v\.venv\Lib\site-packages\pip\_vendor\distlib\wheel.py
compatible_tags,E:\football_v\.venv\Lib\site-packages\pip\_vendor\distlib\wheel.py
is_compatible,E:\football_v\.venv\Lib\site-packages\pip\_vendor\distlib\wheel.py
_derive_abi,E:\football_v\.venv\Lib\site-packages\pip\_vendor\distlib\wheel.py
__init__,E:\football_v\.venv\Lib\site-packages\pip\_vendor\distlib\wheel.py
add,E:\football_v\.venv\Lib\site-packages\pip\_vendor\distlib\wheel.py
remove,E:\football_v\.venv\Lib\site-packages\pip\_vendor\distlib\wheel.py
find_module,E:\football_v\.venv\Lib\site-packages\pip\_vendor\distlib\wheel.py
load_module,E:\football_v\.venv\Lib\site-packages\pip\_vendor\distlib\wheel.py
__init__,E:\football_v\.venv\Lib\site-packages\pip\_vendor\distlib\wheel.py
filename,E:\football_v\.venv\Lib\site-packages\pip\_vendor\distlib\wheel.py
exists,E:\football_v\.venv\Lib\site-packages\pip\_vendor\distlib\wheel.py
tags,E:\football_v\.venv\Lib\site-packages\pip\_vendor\distlib\wheel.py
metadata,E:\football_v\.venv\Lib\site-packages\pip\_vendor\distlib\wheel.py
get_wheel_metadata,E:\football_v\.venv\Lib\site-packages\pip\_vendor\distlib\wheel.py
info,E:\football_v\.venv\Lib\site-packages\pip\_vendor\distlib\wheel.py
process_shebang,E:\football_v\.venv\Lib\site-packages\pip\_vendor\distlib\wheel.py
get_hash,E:\football_v\.venv\Lib\site-packages\pip\_vendor\distlib\wheel.py
write_record,E:\football_v\.venv\Lib\site-packages\pip\_vendor\distlib\wheel.py
write_records,E:\football_v\.venv\Lib\site-packages\pip\_vendor\distlib\wheel.py
build_zip,E:\football_v\.venv\Lib\site-packages\pip\_vendor\distlib\wheel.py
build,E:\football_v\.venv\Lib\site-packages\pip\_vendor\distlib\wheel.py
skip_entry,E:\football_v\.venv\Lib\site-packages\pip\_vendor\distlib\wheel.py
install,E:\football_v\.venv\Lib\site-packages\pip\_vendor\distlib\wheel.py
_get_dylib_cache,E:\football_v\.venv\Lib\site-packages\pip\_vendor\distlib\wheel.py
_get_extensions,E:\football_v\.venv\Lib\site-packages\pip\_vendor\distlib\wheel.py
is_compatible,E:\football_v\.venv\Lib\site-packages\pip\_vendor\distlib\wheel.py
is_mountable,E:\football_v\.venv\Lib\site-packages\pip\_vendor\distlib\wheel.py
mount,E:\football_v\.venv\Lib\site-packages\pip\_vendor\distlib\wheel.py
unmount,E:\football_v\.venv\Lib\site-packages\pip\_vendor\distlib\wheel.py
verify,E:\football_v\.venv\Lib\site-packages\pip\_vendor\distlib\wheel.py
update,E:\football_v\.venv\Lib\site-packages\pip\_vendor\distlib\wheel.py
sorter,E:\football_v\.venv\Lib\site-packages\pip\_vendor\distlib\wheel.py
get_version,E:\football_v\.venv\Lib\site-packages\pip\_vendor\distlib\wheel.py
update_version,E:\football_v\.venv\Lib\site-packages\pip\_vendor\distlib\wheel.py
__init__,E:\football_v\.venv\Lib\site-packages\pip\_vendor\distlib\wheel.py
__str__,E:\football_v\.venv\Lib\site-packages\pip\_vendor\distlib\wheel.py
handle,E:\football_v\.venv\Lib\site-packages\pip\_vendor\distlib\__init__.py
emit,E:\football_v\.venv\Lib\site-packages\pip\_vendor\distlib\__init__.py
createLock,E:\football_v\.venv\Lib\site-packages\pip\_vendor\distlib\__init__.py
linux_distribution,E:\football_v\.venv\Lib\site-packages\pip\_vendor\distro\distro.py
id,E:\football_v\.venv\Lib\site-packages\pip\_vendor\distro\distro.py
name,E:\football_v\.venv\Lib\site-packages\pip\_vendor\distro\distro.py
version,E:\football_v\.venv\Lib\site-packages\pip\_vendor\distro\distro.py
version_parts,E:\football_v\.venv\Lib\site-packages\pip\_vendor\distro\distro.py
major_version,E:\football_v\.venv\Lib\site-packages\pip\_vendor\distro\distro.py
minor_version,E:\football_v\.venv\Lib\site-packages\pip\_vendor\distro\distro.py
build_number,E:\football_v\.venv\Lib\site-packages\pip\_vendor\distro\distro.py
like,E:\football_v\.venv\Lib\site-packages\pip\_vendor\distro\distro.py
codename,E:\football_v\.venv\Lib\site-packages\pip\_vendor\distro\distro.py
info,E:\football_v\.venv\Lib\site-packages\pip\_vendor\distro\distro.py
os_release_info,E:\football_v\.venv\Lib\site-packages\pip\_vendor\distro\distro.py
lsb_release_info,E:\football_v\.venv\Lib\site-packages\pip\_vendor\distro\distro.py
distro_release_info,E:\football_v\.venv\Lib\site-packages\pip\_vendor\distro\distro.py
uname_info,E:\football_v\.venv\Lib\site-packages\pip\_vendor\distro\distro.py
os_release_attr,E:\football_v\.venv\Lib\site-packages\pip\_vendor\distro\distro.py
lsb_release_attr,E:\football_v\.venv\Lib\site-packages\pip\_vendor\distro\distro.py
distro_release_attr,E:\football_v\.venv\Lib\site-packages\pip\_vendor\distro\distro.py
uname_attr,E:\football_v\.venv\Lib\site-packages\pip\_vendor\distro\distro.py
main,E:\football_v\.venv\Lib\site-packages\pip\_vendor\distro\distro.py
__init__,E:\football_v\.venv\Lib\site-packages\pip\_vendor\distro\distro.py
__repr__,E:\football_v\.venv\Lib\site-packages\pip\_vendor\distro\distro.py
linux_distribution,E:\football_v\.venv\Lib\site-packages\pip\_vendor\distro\distro.py
id,E:\football_v\.venv\Lib\site-packages\pip\_vendor\distro\distro.py
name,E:\football_v\.venv\Lib\site-packages\pip\_vendor\distro\distro.py
version,E:\football_v\.venv\Lib\site-packages\pip\_vendor\distro\distro.py
version_parts,E:\football_v\.venv\Lib\site-packages\pip\_vendor\distro\distro.py
major_version,E:\football_v\.venv\Lib\site-packages\pip\_vendor\distro\distro.py
minor_version,E:\football_v\.venv\Lib\site-packages\pip\_vendor\distro\distro.py
build_number,E:\football_v\.venv\Lib\site-packages\pip\_vendor\distro\distro.py
like,E:\football_v\.venv\Lib\site-packages\pip\_vendor\distro\distro.py
codename,E:\football_v\.venv\Lib\site-packages\pip\_vendor\distro\distro.py
info,E:\football_v\.venv\Lib\site-packages\pip\_vendor\distro\distro.py
os_release_info,E:\football_v\.venv\Lib\site-packages\pip\_vendor\distro\distro.py
lsb_release_info,E:\football_v\.venv\Lib\site-packages\pip\_vendor\distro\distro.py
distro_release_info,E:\football_v\.venv\Lib\site-packages\pip\_vendor\distro\distro.py
uname_info,E:\football_v\.venv\Lib\site-packages\pip\_vendor\distro\distro.py
oslevel_info,E:\football_v\.venv\Lib\site-packages\pip\_vendor\distro\distro.py
os_release_attr,E:\football_v\.venv\Lib\site-packages\pip\_vendor\distro\distro.py
lsb_release_attr,E:\football_v\.venv\Lib\site-packages\pip\_vendor\distro\distro.py
distro_release_attr,E:\football_v\.venv\Lib\site-packages\pip\_vendor\distro\distro.py
uname_attr,E:\football_v\.venv\Lib\site-packages\pip\_vendor\distro\distro.py
_os_release_info,E:\football_v\.venv\Lib\site-packages\pip\_vendor\distro\distro.py
_parse_os_release_content,E:\football_v\.venv\Lib\site-packages\pip\_vendor\distro\distro.py
_lsb_release_info,E:\football_v\.venv\Lib\site-packages\pip\_vendor\distro\distro.py
_parse_lsb_release_content,E:\football_v\.venv\Lib\site-packages\pip\_vendor\distro\distro.py
_uname_info,E:\football_v\.venv\Lib\site-packages\pip\_vendor\distro\distro.py
_oslevel_info,E:\football_v\.venv\Lib\site-packages\pip\_vendor\distro\distro.py
_debian_version,E:\football_v\.venv\Lib\site-packages\pip\_vendor\distro\distro.py
_parse_uname_content,E:\football_v\.venv\Lib\site-packages\pip\_vendor\distro\distro.py
_to_str,E:\football_v\.venv\Lib\site-packages\pip\_vendor\distro\distro.py
_distro_release_info,E:\football_v\.venv\Lib\site-packages\pip\_vendor\distro\distro.py
_parse_distro_release_file,E:\football_v\.venv\Lib\site-packages\pip\_vendor\distro\distro.py
_parse_distro_release_content,E:\football_v\.venv\Lib\site-packages\pip\_vendor\distro\distro.py
normalize,E:\football_v\.venv\Lib\site-packages\pip\_vendor\distro\distro.py
__init__,E:\football_v\.venv\Lib\site-packages\pip\_vendor\distro\distro.py
__get__,E:\football_v\.venv\Lib\site-packages\pip\_vendor\distro\distro.py
search_function,E:\football_v\.venv\Lib\site-packages\pip\_vendor\idna\codec.py
encode,E:\football_v\.venv\Lib\site-packages\pip\_vendor\idna\codec.py
decode,E:\football_v\.venv\Lib\site-packages\pip\_vendor\idna\codec.py
_buffer_encode,E:\football_v\.venv\Lib\site-packages\pip\_vendor\idna\codec.py
_buffer_decode,E:\football_v\.venv\Lib\site-packages\pip\_vendor\idna\codec.py
ToASCII,E:\football_v\.venv\Lib\site-packages\pip\_vendor\idna\compat.py
ToUnicode,E:\football_v\.venv\Lib\site-packages\pip\_vendor\idna\compat.py
nameprep,E:\football_v\.venv\Lib\site-packages\pip\_vendor\idna\compat.py
_combining_class,E:\football_v\.venv\Lib\site-packages\pip\_vendor\idna\core.py
_is_script,E:\football_v\.venv\Lib\site-packages\pip\_vendor\idna\core.py
_punycode,E:\football_v\.venv\Lib\site-packages\pip\_vendor\idna\core.py
_unot,E:\football_v\.venv\Lib\site-packages\pip\_vendor\idna\core.py
valid_label_length,E:\football_v\.venv\Lib\site-packages\pip\_vendor\idna\core.py
valid_string_length,E:\football_v\.venv\Lib\site-packages\pip\_vendor\idna\core.py
check_bidi,E:\football_v\.venv\Lib\site-packages\pip\_vendor\idna\core.py
check_initial_combiner,E:\football_v\.venv\Lib\site-packages\pip\_vendor\idna\core.py
check_hyphen_ok,E:\football_v\.venv\Lib\site-packages\pip\_vendor\idna\core.py
check_nfc,E:\football_v\.venv\Lib\site-packages\pip\_vendor\idna\core.py
valid_contextj,E:\football_v\.venv\Lib\site-packages\pip\_vendor\idna\core.py
valid_contexto,E:\football_v\.venv\Lib\site-packages\pip\_vendor\idna\core.py
check_label,E:\football_v\.venv\Lib\site-packages\pip\_vendor\idna\core.py
alabel,E:\football_v\.venv\Lib\site-packages\pip\_vendor\idna\core.py
ulabel,E:\football_v\.venv\Lib\site-packages\pip\_vendor\idna\core.py
uts46_remap,E:\football_v\.venv\Lib\site-packages\pip\_vendor\idna\core.py
encode,E:\football_v\.venv\Lib\site-packages\pip\_vendor\idna\core.py
decode,E:\football_v\.venv\Lib\site-packages\pip\_vendor\idna\core.py
intranges_from_list,E:\football_v\.venv\Lib\site-packages\pip\_vendor\idna\intranges.py
_encode_range,E:\football_v\.venv\Lib\site-packages\pip\_vendor\idna\intranges.py
_decode_range,E:\football_v\.venv\Lib\site-packages\pip\_vendor\idna\intranges.py
intranges_contain,E:\football_v\.venv\Lib\site-packages\pip\_vendor\idna\intranges.py
_seg_0,E:\football_v\.venv\Lib\site-packages\pip\_vendor\idna\uts46data.py
_seg_1,E:\football_v\.venv\Lib\site-packages\pip\_vendor\idna\uts46data.py
_seg_2,E:\football_v\.venv\Lib\site-packages\pip\_vendor\idna\uts46data.py
_seg_3,E:\football_v\.venv\Lib\site-packages\pip\_vendor\idna\uts46data.py
_seg_4,E:\football_v\.venv\Lib\site-packages\pip\_vendor\idna\uts46data.py
_seg_5,E:\football_v\.venv\Lib\site-packages\pip\_vendor\idna\uts46data.py
_seg_6,E:\football_v\.venv\Lib\site-packages\pip\_vendor\idna\uts46data.py
_seg_7,E:\football_v\.venv\Lib\site-packages\pip\_vendor\idna\uts46data.py
_seg_8,E:\football_v\.venv\Lib\site-packages\pip\_vendor\idna\uts46data.py
_seg_9,E:\football_v\.venv\Lib\site-packages\pip\_vendor\idna\uts46data.py
_seg_10,E:\football_v\.venv\Lib\site-packages\pip\_vendor\idna\uts46data.py
_seg_11,E:\football_v\.venv\Lib\site-packages\pip\_vendor\idna\uts46data.py
_seg_12,E:\football_v\.venv\Lib\site-packages\pip\_vendor\idna\uts46data.py
_seg_13,E:\football_v\.venv\Lib\site-packages\pip\_vendor\idna\uts46data.py
_seg_14,E:\football_v\.venv\Lib\site-packages\pip\_vendor\idna\uts46data.py
_seg_15,E:\football_v\.venv\Lib\site-packages\pip\_vendor\idna\uts46data.py
_seg_16,E:\football_v\.venv\Lib\site-packages\pip\_vendor\idna\uts46data.py
_seg_17,E:\football_v\.venv\Lib\site-packages\pip\_vendor\idna\uts46data.py
_seg_18,E:\football_v\.venv\Lib\site-packages\pip\_vendor\idna\uts46data.py
_seg_19,E:\football_v\.venv\Lib\site-packages\pip\_vendor\idna\uts46data.py
_seg_20,E:\football_v\.venv\Lib\site-packages\pip\_vendor\idna\uts46data.py
_seg_21,E:\football_v\.venv\Lib\site-packages\pip\_vendor\idna\uts46data.py
_seg_22,E:\football_v\.venv\Lib\site-packages\pip\_vendor\idna\uts46data.py
_seg_23,E:\football_v\.venv\Lib\site-packages\pip\_vendor\idna\uts46data.py
_seg_24,E:\football_v\.venv\Lib\site-packages\pip\_vendor\idna\uts46data.py
_seg_25,E:\football_v\.venv\Lib\site-packages\pip\_vendor\idna\uts46data.py
_seg_26,E:\football_v\.venv\Lib\site-packages\pip\_vendor\idna\uts46data.py
_seg_27,E:\football_v\.venv\Lib\site-packages\pip\_vendor\idna\uts46data.py
_seg_28,E:\football_v\.venv\Lib\site-packages\pip\_vendor\idna\uts46data.py
_seg_29,E:\football_v\.venv\Lib\site-packages\pip\_vendor\idna\uts46data.py
_seg_30,E:\football_v\.venv\Lib\site-packages\pip\_vendor\idna\uts46data.py
_seg_31,E:\football_v\.venv\Lib\site-packages\pip\_vendor\idna\uts46data.py
_seg_32,E:\football_v\.venv\Lib\site-packages\pip\_vendor\idna\uts46data.py
_seg_33,E:\football_v\.venv\Lib\site-packages\pip\_vendor\idna\uts46data.py
_seg_34,E:\football_v\.venv\Lib\site-packages\pip\_vendor\idna\uts46data.py
_seg_35,E:\football_v\.venv\Lib\site-packages\pip\_vendor\idna\uts46data.py
_seg_36,E:\football_v\.venv\Lib\site-packages\pip\_vendor\idna\uts46data.py
_seg_37,E:\football_v\.venv\Lib\site-packages\pip\_vendor\idna\uts46data.py
_seg_38,E:\football_v\.venv\Lib\site-packages\pip\_vendor\idna\uts46data.py
_seg_39,E:\football_v\.venv\Lib\site-packages\pip\_vendor\idna\uts46data.py
_seg_40,E:\football_v\.venv\Lib\site-packages\pip\_vendor\idna\uts46data.py
_seg_41,E:\football_v\.venv\Lib\site-packages\pip\_vendor\idna\uts46data.py
_seg_42,E:\football_v\.venv\Lib\site-packages\pip\_vendor\idna\uts46data.py
_seg_43,E:\football_v\.venv\Lib\site-packages\pip\_vendor\idna\uts46data.py
_seg_44,E:\football_v\.venv\Lib\site-packages\pip\_vendor\idna\uts46data.py
_seg_45,E:\football_v\.venv\Lib\site-packages\pip\_vendor\idna\uts46data.py
_seg_46,E:\football_v\.venv\Lib\site-packages\pip\_vendor\idna\uts46data.py
_seg_47,E:\football_v\.venv\Lib\site-packages\pip\_vendor\idna\uts46data.py
_seg_48,E:\football_v\.venv\Lib\site-packages\pip\_vendor\idna\uts46data.py
_seg_49,E:\football_v\.venv\Lib\site-packages\pip\_vendor\idna\uts46data.py
_seg_50,E:\football_v\.venv\Lib\site-packages\pip\_vendor\idna\uts46data.py
_seg_51,E:\football_v\.venv\Lib\site-packages\pip\_vendor\idna\uts46data.py
_seg_52,E:\football_v\.venv\Lib\site-packages\pip\_vendor\idna\uts46data.py
_seg_53,E:\football_v\.venv\Lib\site-packages\pip\_vendor\idna\uts46data.py
_seg_54,E:\football_v\.venv\Lib\site-packages\pip\_vendor\idna\uts46data.py
_seg_55,E:\football_v\.venv\Lib\site-packages\pip\_vendor\idna\uts46data.py
_seg_56,E:\football_v\.venv\Lib\site-packages\pip\_vendor\idna\uts46data.py
_seg_57,E:\football_v\.venv\Lib\site-packages\pip\_vendor\idna\uts46data.py
_seg_58,E:\football_v\.venv\Lib\site-packages\pip\_vendor\idna\uts46data.py
_seg_59,E:\football_v\.venv\Lib\site-packages\pip\_vendor\idna\uts46data.py
_seg_60,E:\football_v\.venv\Lib\site-packages\pip\_vendor\idna\uts46data.py
_seg_61,E:\football_v\.venv\Lib\site-packages\pip\_vendor\idna\uts46data.py
_seg_62,E:\football_v\.venv\Lib\site-packages\pip\_vendor\idna\uts46data.py
_seg_63,E:\football_v\.venv\Lib\site-packages\pip\_vendor\idna\uts46data.py
_seg_64,E:\football_v\.venv\Lib\site-packages\pip\_vendor\idna\uts46data.py
_seg_65,E:\football_v\.venv\Lib\site-packages\pip\_vendor\idna\uts46data.py
_seg_66,E:\football_v\.venv\Lib\site-packages\pip\_vendor\idna\uts46data.py
_seg_67,E:\football_v\.venv\Lib\site-packages\pip\_vendor\idna\uts46data.py
_seg_68,E:\football_v\.venv\Lib\site-packages\pip\_vendor\idna\uts46data.py
_seg_69,E:\football_v\.venv\Lib\site-packages\pip\_vendor\idna\uts46data.py
_seg_70,E:\football_v\.venv\Lib\site-packages\pip\_vendor\idna\uts46data.py
_seg_71,E:\football_v\.venv\Lib\site-packages\pip\_vendor\idna\uts46data.py
_seg_72,E:\football_v\.venv\Lib\site-packages\pip\_vendor\idna\uts46data.py
_seg_73,E:\football_v\.venv\Lib\site-packages\pip\_vendor\idna\uts46data.py
_seg_74,E:\football_v\.venv\Lib\site-packages\pip\_vendor\idna\uts46data.py
_seg_75,E:\football_v\.venv\Lib\site-packages\pip\_vendor\idna\uts46data.py
_seg_76,E:\football_v\.venv\Lib\site-packages\pip\_vendor\idna\uts46data.py
_seg_77,E:\football_v\.venv\Lib\site-packages\pip\_vendor\idna\uts46data.py
_seg_78,E:\football_v\.venv\Lib\site-packages\pip\_vendor\idna\uts46data.py
_seg_79,E:\football_v\.venv\Lib\site-packages\pip\_vendor\idna\uts46data.py
_seg_80,E:\football_v\.venv\Lib\site-packages\pip\_vendor\idna\uts46data.py
_seg_81,E:\football_v\.venv\Lib\site-packages\pip\_vendor\idna\uts46data.py
__init__,E:\football_v\.venv\Lib\site-packages\pip\_vendor\msgpack\exceptions.py
__str__,E:\football_v\.venv\Lib\site-packages\pip\_vendor\msgpack\exceptions.py
__new__,E:\football_v\.venv\Lib\site-packages\pip\_vendor\msgpack\ext.py
__init__,E:\football_v\.venv\Lib\site-packages\pip\_vendor\msgpack\ext.py
__repr__,E:\football_v\.venv\Lib\site-packages\pip\_vendor\msgpack\ext.py
__eq__,E:\football_v\.venv\Lib\site-packages\pip\_vendor\msgpack\ext.py
__ne__,E:\football_v\.venv\Lib\site-packages\pip\_vendor\msgpack\ext.py
__hash__,E:\football_v\.venv\Lib\site-packages\pip\_vendor\msgpack\ext.py
from_bytes,E:\football_v\.venv\Lib\site-packages\pip\_vendor\msgpack\ext.py
to_bytes,E:\football_v\.venv\Lib\site-packages\pip\_vendor\msgpack\ext.py
from_unix,E:\football_v\.venv\Lib\site-packages\pip\_vendor\msgpack\ext.py
to_unix,E:\football_v\.venv\Lib\site-packages\pip\_vendor\msgpack\ext.py
from_unix_nano,E:\football_v\.venv\Lib\site-packages\pip\_vendor\msgpack\ext.py
to_unix_nano,E:\football_v\.venv\Lib\site-packages\pip\_vendor\msgpack\ext.py
to_datetime,E:\football_v\.venv\Lib\site-packages\pip\_vendor\msgpack\ext.py
from_datetime,E:\football_v\.venv\Lib\site-packages\pip\_vendor\msgpack\ext.py
_check_type_strict,E:\football_v\.venv\Lib\site-packages\pip\_vendor\msgpack\fallback.py
_get_data_from_buffer,E:\football_v\.venv\Lib\site-packages\pip\_vendor\msgpack\fallback.py
unpackb,E:\football_v\.venv\Lib\site-packages\pip\_vendor\msgpack\fallback.py
newlist_hint,E:\football_v\.venv\Lib\site-packages\pip\_vendor\msgpack\fallback.py
__init__,E:\football_v\.venv\Lib\site-packages\pip\_vendor\msgpack\fallback.py
feed,E:\football_v\.venv\Lib\site-packages\pip\_vendor\msgpack\fallback.py
_consume,E:\football_v\.venv\Lib\site-packages\pip\_vendor\msgpack\fallback.py
_got_extradata,E:\football_v\.venv\Lib\site-packages\pip\_vendor\msgpack\fallback.py
_get_extradata,E:\football_v\.venv\Lib\site-packages\pip\_vendor\msgpack\fallback.py
read_bytes,E:\football_v\.venv\Lib\site-packages\pip\_vendor\msgpack\fallback.py
_read,E:\football_v\.venv\Lib\site-packages\pip\_vendor\msgpack\fallback.py
_reserve,E:\football_v\.venv\Lib\site-packages\pip\_vendor\msgpack\fallback.py
_read_header,E:\football_v\.venv\Lib\site-packages\pip\_vendor\msgpack\fallback.py
_unpack,E:\football_v\.venv\Lib\site-packages\pip\_vendor\msgpack\fallback.py
__iter__,E:\football_v\.venv\Lib\site-packages\pip\_vendor\msgpack\fallback.py
__next__,E:\football_v\.venv\Lib\site-packages\pip\_vendor\msgpack\fallback.py
skip,E:\football_v\.venv\Lib\site-packages\pip\_vendor\msgpack\fallback.py
unpack,E:\football_v\.venv\Lib\site-packages\pip\_vendor\msgpack\fallback.py
read_array_header,E:\football_v\.venv\Lib\site-packages\pip\_vendor\msgpack\fallback.py
read_map_header,E:\football_v\.venv\Lib\site-packages\pip\_vendor\msgpack\fallback.py
tell,E:\football_v\.venv\Lib\site-packages\pip\_vendor\msgpack\fallback.py
__init__,E:\football_v\.venv\Lib\site-packages\pip\_vendor\msgpack\fallback.py
_pack,E:\football_v\.venv\Lib\site-packages\pip\_vendor\msgpack\fallback.py
pack,E:\football_v\.venv\Lib\site-packages\pip\_vendor\msgpack\fallback.py
pack_map_pairs,E:\football_v\.venv\Lib\site-packages\pip\_vendor\msgpack\fallback.py
pack_array_header,E:\football_v\.venv\Lib\site-packages\pip\_vendor\msgpack\fallback.py
pack_map_header,E:\football_v\.venv\Lib\site-packages\pip\_vendor\msgpack\fallback.py
pack_ext_type,E:\football_v\.venv\Lib\site-packages\pip\_vendor\msgpack\fallback.py
_pack_array_header,E:\football_v\.venv\Lib\site-packages\pip\_vendor\msgpack\fallback.py
_pack_map_header,E:\football_v\.venv\Lib\site-packages\pip\_vendor\msgpack\fallback.py
_pack_map_pairs,E:\football_v\.venv\Lib\site-packages\pip\_vendor\msgpack\fallback.py
_pack_raw_header,E:\football_v\.venv\Lib\site-packages\pip\_vendor\msgpack\fallback.py
_pack_bin_header,E:\football_v\.venv\Lib\site-packages\pip\_vendor\msgpack\fallback.py
bytes,E:\football_v\.venv\Lib\site-packages\pip\_vendor\msgpack\fallback.py
reset,E:\football_v\.venv\Lib\site-packages\pip\_vendor\msgpack\fallback.py
getbuffer,E:\football_v\.venv\Lib\site-packages\pip\_vendor\msgpack\fallback.py
__init__,E:\football_v\.venv\Lib\site-packages\pip\_vendor\msgpack\fallback.py
write,E:\football_v\.venv\Lib\site-packages\pip\_vendor\msgpack\fallback.py
getvalue,E:\football_v\.venv\Lib\site-packages\pip\_vendor\msgpack\fallback.py
pack,E:\football_v\.venv\Lib\site-packages\pip\_vendor\msgpack\__init__.py
packb,E:\football_v\.venv\Lib\site-packages\pip\_vendor\msgpack\__init__.py
unpack,E:\football_v\.venv\Lib\site-packages\pip\_vendor\msgpack\__init__.py
_normalize_extra_values,E:\football_v\.venv\Lib\site-packages\pip\_vendor\packaging\markers.py
_format_marker,E:\football_v\.venv\Lib\site-packages\pip\_vendor\packaging\markers.py
_eval_op,E:\football_v\.venv\Lib\site-packages\pip\_vendor\packaging\markers.py
_normalize,E:\football_v\.venv\Lib\site-packages\pip\_vendor\packaging\markers.py
_evaluate_markers,E:\football_v\.venv\Lib\site-packages\pip\_vendor\packaging\markers.py
format_full_version,E:\football_v\.venv\Lib\site-packages\pip\_vendor\packaging\markers.py
default_environment,E:\football_v\.venv\Lib\site-packages\pip\_vendor\packaging\markers.py
_repair_python_full_version,E:\football_v\.venv\Lib\site-packages\pip\_vendor\packaging\markers.py
__init__,E:\football_v\.venv\Lib\site-packages\pip\_vendor\packaging\markers.py
__str__,E:\football_v\.venv\Lib\site-packages\pip\_vendor\packaging\markers.py
__repr__,E:\football_v\.venv\Lib\site-packages\pip\_vendor\packaging\markers.py
__hash__,E:\football_v\.venv\Lib\site-packages\pip\_vendor\packaging\markers.py
__eq__,E:\football_v\.venv\Lib\site-packages\pip\_vendor\packaging\markers.py
evaluate,E:\football_v\.venv\Lib\site-packages\pip\_vendor\packaging\markers.py
_parse_keywords,E:\football_v\.venv\Lib\site-packages\pip\_vendor\packaging\metadata.py
_parse_project_urls,E:\football_v\.venv\Lib\site-packages\pip\_vendor\packaging\metadata.py
_get_payload,E:\football_v\.venv\Lib\site-packages\pip\_vendor\packaging\metadata.py
parse_email,E:\football_v\.venv\Lib\site-packages\pip\_vendor\packaging\metadata.py
__init__,E:\football_v\.venv\Lib\site-packages\pip\_vendor\packaging\metadata.py
__init__,E:\football_v\.venv\Lib\site-packages\pip\_vendor\packaging\metadata.py
__set_name__,E:\football_v\.venv\Lib\site-packages\pip\_vendor\packaging\metadata.py
__get__,E:\football_v\.venv\Lib\site-packages\pip\_vendor\packaging\metadata.py
_invalid_metadata,E:\football_v\.venv\Lib\site-packages\pip\_vendor\packaging\metadata.py
_process_metadata_version,E:\football_v\.venv\Lib\site-packages\pip\_vendor\packaging\metadata.py
_process_name,E:\football_v\.venv\Lib\site-packages\pip\_vendor\packaging\metadata.py
_process_version,E:\football_v\.venv\Lib\site-packages\pip\_vendor\packaging\metadata.py
_process_summary,E:\football_v\.venv\Lib\site-packages\pip\_vendor\packaging\metadata.py
_process_description_content_type,E:\football_v\.venv\Lib\site-packages\pip\_vendor\packaging\metadata.py
_process_dynamic,E:\football_v\.venv\Lib\site-packages\pip\_vendor\packaging\metadata.py
_process_provides_extra,E:\football_v\.venv\Lib\site-packages\pip\_vendor\packaging\metadata.py
_process_requires_python,E:\football_v\.venv\Lib\site-packages\pip\_vendor\packaging\metadata.py
_process_requires_dist,E:\football_v\.venv\Lib\site-packages\pip\_vendor\packaging\metadata.py
_process_license_expression,E:\football_v\.venv\Lib\site-packages\pip\_vendor\packaging\metadata.py
_process_license_files,E:\football_v\.venv\Lib\site-packages\pip\_vendor\packaging\metadata.py
from_raw,E:\football_v\.venv\Lib\site-packages\pip\_vendor\packaging\metadata.py
from_email,E:\football_v\.venv\Lib\site-packages\pip\_vendor\packaging\metadata.py
__init__,E:\football_v\.venv\Lib\site-packages\pip\_vendor\packaging\metadata.py
__repr__,E:\football_v\.venv\Lib\site-packages\pip\_vendor\packaging\metadata.py
__init__,E:\football_v\.venv\Lib\site-packages\pip\_vendor\packaging\requirements.py
_iter_parts,E:\football_v\.venv\Lib\site-packages\pip\_vendor\packaging\requirements.py
__str__,E:\football_v\.venv\Lib\site-packages\pip\_vendor\packaging\requirements.py
__repr__,E:\football_v\.venv\Lib\site-packages\pip\_vendor\packaging\requirements.py
__hash__,E:\football_v\.venv\Lib\site-packages\pip\_vendor\packaging\requirements.py
__eq__,E:\football_v\.venv\Lib\site-packages\pip\_vendor\packaging\requirements.py
_coerce_version,E:\football_v\.venv\Lib\site-packages\pip\_vendor\packaging\specifiers.py
_version_split,E:\football_v\.venv\Lib\site-packages\pip\_vendor\packaging\specifiers.py
_version_join,E:\football_v\.venv\Lib\site-packages\pip\_vendor\packaging\specifiers.py
_is_not_suffix,E:\football_v\.venv\Lib\site-packages\pip\_vendor\packaging\specifiers.py
_pad_version,E:\football_v\.venv\Lib\site-packages\pip\_vendor\packaging\specifiers.py
__str__,E:\football_v\.venv\Lib\site-packages\pip\_vendor\packaging\specifiers.py
__hash__,E:\football_v\.venv\Lib\site-packages\pip\_vendor\packaging\specifiers.py
__eq__,E:\football_v\.venv\Lib\site-packages\pip\_vendor\packaging\specifiers.py
prereleases,E:\football_v\.venv\Lib\site-packages\pip\_vendor\packaging\specifiers.py
prereleases,E:\football_v\.venv\Lib\site-packages\pip\_vendor\packaging\specifiers.py
contains,E:\football_v\.venv\Lib\site-packages\pip\_vendor\packaging\specifiers.py
filter,E:\football_v\.venv\Lib\site-packages\pip\_vendor\packaging\specifiers.py
__init__,E:\football_v\.venv\Lib\site-packages\pip\_vendor\packaging\specifiers.py
prereleases,E:\football_v\.venv\Lib\site-packages\pip\_vendor\packaging\specifiers.py
prereleases,E:\football_v\.venv\Lib\site-packages\pip\_vendor\packaging\specifiers.py
operator,E:\football_v\.venv\Lib\site-packages\pip\_vendor\packaging\specifiers.py
version,E:\football_v\.venv\Lib\site-packages\pip\_vendor\packaging\specifiers.py
__repr__,E:\football_v\.venv\Lib\site-packages\pip\_vendor\packaging\specifiers.py
__str__,E:\football_v\.venv\Lib\site-packages\pip\_vendor\packaging\specifiers.py
_canonical_spec,E:\football_v\.venv\Lib\site-packages\pip\_vendor\packaging\specifiers.py
__hash__,E:\football_v\.venv\Lib\site-packages\pip\_vendor\packaging\specifiers.py
__eq__,E:\football_v\.venv\Lib\site-packages\pip\_vendor\packaging\specifiers.py
_get_operator,E:\football_v\.venv\Lib\site-packages\pip\_vendor\packaging\specifiers.py
_compare_compatible,E:\football_v\.venv\Lib\site-packages\pip\_vendor\packaging\specifiers.py
_compare_equal,E:\football_v\.venv\Lib\site-packages\pip\_vendor\packaging\specifiers.py
_compare_not_equal,E:\football_v\.venv\Lib\site-packages\pip\_vendor\packaging\specifiers.py
_compare_less_than_equal,E:\football_v\.venv\Lib\site-packages\pip\_vendor\packaging\specifiers.py
_compare_greater_than_equal,E:\football_v\.venv\Lib\site-packages\pip\_vendor\packaging\specifiers.py
_compare_less_than,E:\football_v\.venv\Lib\site-packages\pip\_vendor\packaging\specifiers.py
_compare_greater_than,E:\football_v\.venv\Lib\site-packages\pip\_vendor\packaging\specifiers.py
_compare_arbitrary,E:\football_v\.venv\Lib\site-packages\pip\_vendor\packaging\specifiers.py
__contains__,E:\football_v\.venv\Lib\site-packages\pip\_vendor\packaging\specifiers.py
contains,E:\football_v\.venv\Lib\site-packages\pip\_vendor\packaging\specifiers.py
filter,E:\football_v\.venv\Lib\site-packages\pip\_vendor\packaging\specifiers.py
__init__,E:\football_v\.venv\Lib\site-packages\pip\_vendor\packaging\specifiers.py
prereleases,E:\football_v\.venv\Lib\site-packages\pip\_vendor\packaging\specifiers.py
prereleases,E:\football_v\.venv\Lib\site-packages\pip\_vendor\packaging\specifiers.py
__repr__,E:\football_v\.venv\Lib\site-packages\pip\_vendor\packaging\specifiers.py
__str__,E:\football_v\.venv\Lib\site-packages\pip\_vendor\packaging\specifiers.py
__hash__,E:\football_v\.venv\Lib\site-packages\pip\_vendor\packaging\specifiers.py
__and__,E:\football_v\.venv\Lib\site-packages\pip\_vendor\packaging\specifiers.py
__eq__,E:\football_v\.venv\Lib\site-packages\pip\_vendor\packaging\specifiers.py
__len__,E:\football_v\.venv\Lib\site-packages\pip\_vendor\packaging\specifiers.py
__iter__,E:\football_v\.venv\Lib\site-packages\pip\_vendor\packaging\specifiers.py
__contains__,E:\football_v\.venv\Lib\site-packages\pip\_vendor\packaging\specifiers.py
contains,E:\football_v\.venv\Lib\site-packages\pip\_vendor\packaging\specifiers.py
filter,E:\football_v\.venv\Lib\site-packages\pip\_vendor\packaging\specifiers.py
parse_tag,E:\football_v\.venv\Lib\site-packages\pip\_vendor\packaging\tags.py
_get_config_var,E:\football_v\.venv\Lib\site-packages\pip\_vendor\packaging\tags.py
_normalize_string,E:\football_v\.venv\Lib\site-packages\pip\_vendor\packaging\tags.py
_is_threaded_cpython,E:\football_v\.venv\Lib\site-packages\pip\_vendor\packaging\tags.py
_abi3_applies,E:\football_v\.venv\Lib\site-packages\pip\_vendor\packaging\tags.py
_cpython_abis,E:\football_v\.venv\Lib\site-packages\pip\_vendor\packaging\tags.py
cpython_tags,E:\football_v\.venv\Lib\site-packages\pip\_vendor\packaging\tags.py
_generic_abi,E:\football_v\.venv\Lib\site-packages\pip\_vendor\packaging\tags.py
generic_tags,E:\football_v\.venv\Lib\site-packages\pip\_vendor\packaging\tags.py
_py_interpreter_range,E:\football_v\.venv\Lib\site-packages\pip\_vendor\packaging\tags.py
compatible_tags,E:\football_v\.venv\Lib\site-packages\pip\_vendor\packaging\tags.py
_mac_arch,E:\football_v\.venv\Lib\site-packages\pip\_vendor\packaging\tags.py
_mac_binary_formats,E:\football_v\.venv\Lib\site-packages\pip\_vendor\packaging\tags.py
mac_platforms,E:\football_v\.venv\Lib\site-packages\pip\_vendor\packaging\tags.py
ios_platforms,E:\football_v\.venv\Lib\site-packages\pip\_vendor\packaging\tags.py
_linux_platforms,E:\football_v\.venv\Lib\site-packages\pip\_vendor\packaging\tags.py
_generic_platforms,E:\football_v\.venv\Lib\site-packages\pip\_vendor\packaging\tags.py
platform_tags,E:\football_v\.venv\Lib\site-packages\pip\_vendor\packaging\tags.py
interpreter_name,E:\football_v\.venv\Lib\site-packages\pip\_vendor\packaging\tags.py
interpreter_version,E:\football_v\.venv\Lib\site-packages\pip\_vendor\packaging\tags.py
_version_nodot,E:\football_v\.venv\Lib\site-packages\pip\_vendor\packaging\tags.py
sys_tags,E:\football_v\.venv\Lib\site-packages\pip\_vendor\packaging\tags.py
__init__,E:\football_v\.venv\Lib\site-packages\pip\_vendor\packaging\tags.py
interpreter,E:\football_v\.venv\Lib\site-packages\pip\_vendor\packaging\tags.py
abi,E:\football_v\.venv\Lib\site-packages\pip\_vendor\packaging\tags.py
platform,E:\football_v\.venv\Lib\site-packages\pip\_vendor\packaging\tags.py
__eq__,E:\football_v\.venv\Lib\site-packages\pip\_vendor\packaging\tags.py
__hash__,E:\football_v\.venv\Lib\site-packages\pip\_vendor\packaging\tags.py
__str__,E:\football_v\.venv\Lib\site-packages\pip\_vendor\packaging\tags.py
__repr__,E:\football_v\.venv\Lib\site-packages\pip\_vendor\packaging\tags.py
canonicalize_name,E:\football_v\.venv\Lib\site-packages\pip\_vendor\packaging\utils.py
is_normalized_name,E:\football_v\.venv\Lib\site-packages\pip\_vendor\packaging\utils.py
canonicalize_version,E:\football_v\.venv\Lib\site-packages\pip\_vendor\packaging\utils.py
_,E:\football_v\.venv\Lib\site-packages\pip\_vendor\packaging\utils.py
parse_wheel_filename,E:\football_v\.venv\Lib\site-packages\pip\_vendor\packaging\utils.py
parse_sdist_filename,E:\football_v\.venv\Lib\site-packages\pip\_vendor\packaging\utils.py
parse,E:\football_v\.venv\Lib\site-packages\pip\_vendor\packaging\version.py
_parse_letter_version,E:\football_v\.venv\Lib\site-packages\pip\_vendor\packaging\version.py
_parse_local_version,E:\football_v\.venv\Lib\site-packages\pip\_vendor\packaging\version.py
_cmpkey,E:\football_v\.venv\Lib\site-packages\pip\_vendor\packaging\version.py
__hash__,E:\football_v\.venv\Lib\site-packages\pip\_vendor\packaging\version.py
__lt__,E:\football_v\.venv\Lib\site-packages\pip\_vendor\packaging\version.py
__le__,E:\football_v\.venv\Lib\site-packages\pip\_vendor\packaging\version.py
__eq__,E:\football_v\.venv\Lib\site-packages\pip\_vendor\packaging\version.py
__ge__,E:\football_v\.venv\Lib\site-packages\pip\_vendor\packaging\version.py
__gt__,E:\football_v\.venv\Lib\site-packages\pip\_vendor\packaging\version.py
__ne__,E:\football_v\.venv\Lib\site-packages\pip\_vendor\packaging\version.py
__init__,E:\football_v\.venv\Lib\site-packages\pip\_vendor\packaging\version.py
__repr__,E:\football_v\.venv\Lib\site-packages\pip\_vendor\packaging\version.py
__str__,E:\football_v\.venv\Lib\site-packages\pip\_vendor\packaging\version.py
epoch,E:\football_v\.venv\Lib\site-packages\pip\_vendor\packaging\version.py
release,E:\football_v\.venv\Lib\site-packages\pip\_vendor\packaging\version.py
pre,E:\football_v\.venv\Lib\site-packages\pip\_vendor\packaging\version.py
post,E:\football_v\.venv\Lib\site-packages\pip\_vendor\packaging\version.py
dev,E:\football_v\.venv\Lib\site-packages\pip\_vendor\packaging\version.py
local,E:\football_v\.venv\Lib\site-packages\pip\_vendor\packaging\version.py
public,E:\football_v\.venv\Lib\site-packages\pip\_vendor\packaging\version.py
base_version,E:\football_v\.venv\Lib\site-packages\pip\_vendor\packaging\version.py
is_prerelease,E:\football_v\.venv\Lib\site-packages\pip\_vendor\packaging\version.py
is_postrelease,E:\football_v\.venv\Lib\site-packages\pip\_vendor\packaging\version.py
is_devrelease,E:\football_v\.venv\Lib\site-packages\pip\_vendor\packaging\version.py
major,E:\football_v\.venv\Lib\site-packages\pip\_vendor\packaging\version.py
minor,E:\football_v\.venv\Lib\site-packages\pip\_vendor\packaging\version.py
micro,E:\football_v\.venv\Lib\site-packages\pip\_vendor\packaging\version.py
release,E:\football_v\.venv\Lib\site-packages\pip\_vendor\packaging\version.py
__init__,E:\football_v\.venv\Lib\site-packages\pip\_vendor\packaging\_elffile.py
_read,E:\football_v\.venv\Lib\site-packages\pip\_vendor\packaging\_elffile.py
interpreter,E:\football_v\.venv\Lib\site-packages\pip\_vendor\packaging\_elffile.py
_parse_elf,E:\football_v\.venv\Lib\site-packages\pip\_vendor\packaging\_manylinux.py
_is_linux_armhf,E:\football_v\.venv\Lib\site-packages\pip\_vendor\packaging\_manylinux.py
_is_linux_i686,E:\football_v\.venv\Lib\site-packages\pip\_vendor\packaging\_manylinux.py
_have_compatible_abi,E:\football_v\.venv\Lib\site-packages\pip\_vendor\packaging\_manylinux.py
_glibc_version_string_confstr,E:\football_v\.venv\Lib\site-packages\pip\_vendor\packaging\_manylinux.py
_glibc_version_string_ctypes,E:\football_v\.venv\Lib\site-packages\pip\_vendor\packaging\_manylinux.py
_glibc_version_string,E:\football_v\.venv\Lib\site-packages\pip\_vendor\packaging\_manylinux.py
_parse_glibc_version,E:\football_v\.venv\Lib\site-packages\pip\_vendor\packaging\_manylinux.py
_get_glibc_version,E:\football_v\.venv\Lib\site-packages\pip\_vendor\packaging\_manylinux.py
_is_compatible,E:\football_v\.venv\Lib\site-packages\pip\_vendor\packaging\_manylinux.py
platform_tags,E:\football_v\.venv\Lib\site-packages\pip\_vendor\packaging\_manylinux.py
_parse_musl_version,E:\football_v\.venv\Lib\site-packages\pip\_vendor\packaging\_musllinux.py
_get_musl_version,E:\football_v\.venv\Lib\site-packages\pip\_vendor\packaging\_musllinux.py
platform_tags,E:\football_v\.venv\Lib\site-packages\pip\_vendor\packaging\_musllinux.py
parse_requirement,E:\football_v\.venv\Lib\site-packages\pip\_vendor\packaging\_parser.py
_parse_requirement,E:\football_v\.venv\Lib\site-packages\pip\_vendor\packaging\_parser.py
_parse_requirement_details,E:\football_v\.venv\Lib\site-packages\pip\_vendor\packaging\_parser.py
_parse_requirement_marker,E:\football_v\.venv\Lib\site-packages\pip\_vendor\packaging\_parser.py
_parse_extras,E:\football_v\.venv\Lib\site-packages\pip\_vendor\packaging\_parser.py
_parse_extras_list,E:\football_v\.venv\Lib\site-packages\pip\_vendor\packaging\_parser.py
_parse_specifier,E:\football_v\.venv\Lib\site-packages\pip\_vendor\packaging\_parser.py
_parse_version_many,E:\football_v\.venv\Lib\site-packages\pip\_vendor\packaging\_parser.py
parse_marker,E:\football_v\.venv\Lib\site-packages\pip\_vendor\packaging\_parser.py
_parse_full_marker,E:\football_v\.venv\Lib\site-packages\pip\_vendor\packaging\_parser.py
_parse_marker,E:\football_v\.venv\Lib\site-packages\pip\_vendor\packaging\_parser.py
_parse_marker_atom,E:\football_v\.venv\Lib\site-packages\pip\_vendor\packaging\_parser.py
_parse_marker_item,E:\football_v\.venv\Lib\site-packages\pip\_vendor\packaging\_parser.py
_parse_marker_var,E:\football_v\.venv\Lib\site-packages\pip\_vendor\packaging\_parser.py
process_env_var,E:\football_v\.venv\Lib\site-packages\pip\_vendor\packaging\_parser.py
process_python_str,E:\football_v\.venv\Lib\site-packages\pip\_vendor\packaging\_parser.py
_parse_marker_op,E:\football_v\.venv\Lib\site-packages\pip\_vendor\packaging\_parser.py
__init__,E:\football_v\.venv\Lib\site-packages\pip\_vendor\packaging\_parser.py
__str__,E:\football_v\.venv\Lib\site-packages\pip\_vendor\packaging\_parser.py
__repr__,E:\football_v\.venv\Lib\site-packages\pip\_vendor\packaging\_parser.py
serialize,E:\football_v\.venv\Lib\site-packages\pip\_vendor\packaging\_parser.py
serialize,E:\football_v\.venv\Lib\site-packages\pip\_vendor\packaging\_parser.py
serialize,E:\football_v\.venv\Lib\site-packages\pip\_vendor\packaging\_parser.py
serialize,E:\football_v\.venv\Lib\site-packages\pip\_vendor\packaging\_parser.py
__repr__,E:\football_v\.venv\Lib\site-packages\pip\_vendor\packaging\_structures.py
__hash__,E:\football_v\.venv\Lib\site-packages\pip\_vendor\packaging\_structures.py
__lt__,E:\football_v\.venv\Lib\site-packages\pip\_vendor\packaging\_structures.py
__le__,E:\football_v\.venv\Lib\site-packages\pip\_vendor\packaging\_structures.py
__eq__,E:\football_v\.venv\Lib\site-packages\pip\_vendor\packaging\_structures.py
__gt__,E:\football_v\.venv\Lib\site-packages\pip\_vendor\packaging\_structures.py
__ge__,E:\football_v\.venv\Lib\site-packages\pip\_vendor\packaging\_structures.py
__neg__,E:\football_v\.venv\Lib\site-packages\pip\_vendor\packaging\_structures.py
__repr__,E:\football_v\.venv\Lib\site-packages\pip\_vendor\packaging\_structures.py
__hash__,E:\football_v\.venv\Lib\site-packages\pip\_vendor\packaging\_structures.py
__lt__,E:\football_v\.venv\Lib\site-packages\pip\_vendor\packaging\_structures.py
__le__,E:\football_v\.venv\Lib\site-packages\pip\_vendor\packaging\_structures.py
__eq__,E:\football_v\.venv\Lib\site-packages\pip\_vendor\packaging\_structures.py
__gt__,E:\football_v\.venv\Lib\site-packages\pip\_vendor\packaging\_structures.py
__ge__,E:\football_v\.venv\Lib\site-packages\pip\_vendor\packaging\_structures.py
__neg__,E:\football_v\.venv\Lib\site-packages\pip\_vendor\packaging\_structures.py
__init__,E:\football_v\.venv\Lib\site-packages\pip\_vendor\packaging\_tokenizer.py
__str__,E:\football_v\.venv\Lib\site-packages\pip\_vendor\packaging\_tokenizer.py
__init__,E:\football_v\.venv\Lib\site-packages\pip\_vendor\packaging\_tokenizer.py
consume,E:\football_v\.venv\Lib\site-packages\pip\_vendor\packaging\_tokenizer.py
check,E:\football_v\.venv\Lib\site-packages\pip\_vendor\packaging\_tokenizer.py
expect,E:\football_v\.venv\Lib\site-packages\pip\_vendor\packaging\_tokenizer.py
read,E:\football_v\.venv\Lib\site-packages\pip\_vendor\packaging\_tokenizer.py
raise_syntax_error,E:\football_v\.venv\Lib\site-packages\pip\_vendor\packaging\_tokenizer.py
enclosing_tokens,E:\football_v\.venv\Lib\site-packages\pip\_vendor\packaging\_tokenizer.py
canonicalize_license_expression,E:\football_v\.venv\Lib\site-packages\pip\_vendor\packaging\licenses\__init__.py
_declare_state,E:\football_v\.venv\Lib\site-packages\pip\_vendor\pkg_resources\__init__.py
__getstate__,E:\football_v\.venv\Lib\site-packages\pip\_vendor\pkg_resources\__init__.py
__setstate__,E:\football_v\.venv\Lib\site-packages\pip\_vendor\pkg_resources\__init__.py
_sget_dict,E:\football_v\.venv\Lib\site-packages\pip\_vendor\pkg_resources\__init__.py
_sset_dict,E:\football_v\.venv\Lib\site-packages\pip\_vendor\pkg_resources\__init__.py
_sget_object,E:\football_v\.venv\Lib\site-packages\pip\_vendor\pkg_resources\__init__.py
_sset_object,E:\football_v\.venv\Lib\site-packages\pip\_vendor\pkg_resources\__init__.py
get_supported_platform,E:\football_v\.venv\Lib\site-packages\pip\_vendor\pkg_resources\__init__.py
register_loader_type,E:\football_v\.venv\Lib\site-packages\pip\_vendor\pkg_resources\__init__.py
get_provider,E:\football_v\.venv\Lib\site-packages\pip\_vendor\pkg_resources\__init__.py
get_provider,E:\football_v\.venv\Lib\site-packages\pip\_vendor\pkg_resources\__init__.py
get_provider,E:\football_v\.venv\Lib\site-packages\pip\_vendor\pkg_resources\__init__.py
_macos_vers,E:\football_v\.venv\Lib\site-packages\pip\_vendor\pkg_resources\__init__.py
_macos_arch,E:\football_v\.venv\Lib\site-packages\pip\_vendor\pkg_resources\__init__.py
get_build_platform,E:\football_v\.venv\Lib\site-packages\pip\_vendor\pkg_resources\__init__.py
compatible_platforms,E:\football_v\.venv\Lib\site-packages\pip\_vendor\pkg_resources\__init__.py
get_distribution,E:\football_v\.venv\Lib\site-packages\pip\_vendor\pkg_resources\__init__.py
get_distribution,E:\football_v\.venv\Lib\site-packages\pip\_vendor\pkg_resources\__init__.py
get_distribution,E:\football_v\.venv\Lib\site-packages\pip\_vendor\pkg_resources\__init__.py
load_entry_point,E:\football_v\.venv\Lib\site-packages\pip\_vendor\pkg_resources\__init__.py
get_entry_map,E:\football_v\.venv\Lib\site-packages\pip\_vendor\pkg_resources\__init__.py
get_entry_map,E:\football_v\.venv\Lib\site-packages\pip\_vendor\pkg_resources\__init__.py
get_entry_map,E:\football_v\.venv\Lib\site-packages\pip\_vendor\pkg_resources\__init__.py
get_entry_info,E:\football_v\.venv\Lib\site-packages\pip\_vendor\pkg_resources\__init__.py
get_default_cache,E:\football_v\.venv\Lib\site-packages\pip\_vendor\pkg_resources\__init__.py
safe_name,E:\football_v\.venv\Lib\site-packages\pip\_vendor\pkg_resources\__init__.py
safe_version,E:\football_v\.venv\Lib\site-packages\pip\_vendor\pkg_resources\__init__.py
_forgiving_version,E:\football_v\.venv\Lib\site-packages\pip\_vendor\pkg_resources\__init__.py
_safe_segment,E:\football_v\.venv\Lib\site-packages\pip\_vendor\pkg_resources\__init__.py
safe_extra,E:\football_v\.venv\Lib\site-packages\pip\_vendor\pkg_resources\__init__.py
to_filename,E:\football_v\.venv\Lib\site-packages\pip\_vendor\pkg_resources\__init__.py
invalid_marker,E:\football_v\.venv\Lib\site-packages\pip\_vendor\pkg_resources\__init__.py
evaluate_marker,E:\football_v\.venv\Lib\site-packages\pip\_vendor\pkg_resources\__init__.py
_parents,E:\football_v\.venv\Lib\site-packages\pip\_vendor\pkg_resources\__init__.py
register_finder,E:\football_v\.venv\Lib\site-packages\pip\_vendor\pkg_resources\__init__.py
find_distributions,E:\football_v\.venv\Lib\site-packages\pip\_vendor\pkg_resources\__init__.py
find_eggs_in_zip,E:\football_v\.venv\Lib\site-packages\pip\_vendor\pkg_resources\__init__.py
find_nothing,E:\football_v\.venv\Lib\site-packages\pip\_vendor\pkg_resources\__init__.py
find_on_path,E:\football_v\.venv\Lib\site-packages\pip\_vendor\pkg_resources\__init__.py
dist_factory,E:\football_v\.venv\Lib\site-packages\pip\_vendor\pkg_resources\__init__.py
safe_listdir,E:\football_v\.venv\Lib\site-packages\pip\_vendor\pkg_resources\__init__.py
distributions_from_metadata,E:\football_v\.venv\Lib\site-packages\pip\_vendor\pkg_resources\__init__.py
non_empty_lines,E:\football_v\.venv\Lib\site-packages\pip\_vendor\pkg_resources\__init__.py
resolve_egg_link,E:\football_v\.venv\Lib\site-packages\pip\_vendor\pkg_resources\__init__.py
register_namespace_handler,E:\football_v\.venv\Lib\site-packages\pip\_vendor\pkg_resources\__init__.py
_handle_ns,E:\football_v\.venv\Lib\site-packages\pip\_vendor\pkg_resources\__init__.py
_rebuild_mod_path,E:\football_v\.venv\Lib\site-packages\pip\_vendor\pkg_resources\__init__.py
declare_namespace,E:\football_v\.venv\Lib\site-packages\pip\_vendor\pkg_resources\__init__.py
fixup_namespace_packages,E:\football_v\.venv\Lib\site-packages\pip\_vendor\pkg_resources\__init__.py
file_ns_handler,E:\football_v\.venv\Lib\site-packages\pip\_vendor\pkg_resources\__init__.py
null_ns_handler,E:\football_v\.venv\Lib\site-packages\pip\_vendor\pkg_resources\__init__.py
normalize_path,E:\football_v\.venv\Lib\site-packages\pip\_vendor\pkg_resources\__init__.py
normalize_path,E:\football_v\.venv\Lib\site-packages\pip\_vendor\pkg_resources\__init__.py
normalize_path,E:\football_v\.venv\Lib\site-packages\pip\_vendor\pkg_resources\__init__.py
_cygwin_patch,E:\football_v\.venv\Lib\site-packages\pip\_vendor\pkg_resources\__init__.py
_is_egg_path,E:\football_v\.venv\Lib\site-packages\pip\_vendor\pkg_resources\__init__.py
_is_zip_egg,E:\football_v\.venv\Lib\site-packages\pip\_vendor\pkg_resources\__init__.py
_is_unpacked_egg,E:\football_v\.venv\Lib\site-packages\pip\_vendor\pkg_resources\__init__.py
_set_parent_ns,E:\football_v\.venv\Lib\site-packages\pip\_vendor\pkg_resources\__init__.py
_version_from_file,E:\football_v\.venv\Lib\site-packages\pip\_vendor\pkg_resources\__init__.py
issue_warning,E:\football_v\.venv\Lib\site-packages\pip\_vendor\pkg_resources\__init__.py
parse_requirements,E:\football_v\.venv\Lib\site-packages\pip\_vendor\pkg_resources\__init__.py
_always_object,E:\football_v\.venv\Lib\site-packages\pip\_vendor\pkg_resources\__init__.py
_find_adapter,E:\football_v\.venv\Lib\site-packages\pip\_vendor\pkg_resources\__init__.py
ensure_directory,E:\football_v\.venv\Lib\site-packages\pip\_vendor\pkg_resources\__init__.py
_bypass_ensure_directory,E:\football_v\.venv\Lib\site-packages\pip\_vendor\pkg_resources\__init__.py
split_sections,E:\football_v\.venv\Lib\site-packages\pip\_vendor\pkg_resources\__init__.py
_mkstemp,E:\football_v\.venv\Lib\site-packages\pip\_vendor\pkg_resources\__init__.py
_read_utf8_with_fallback,E:\football_v\.venv\Lib\site-packages\pip\_vendor\pkg_resources\__init__.py
_call_aside,E:\football_v\.venv\Lib\site-packages\pip\_vendor\pkg_resources\__init__.py
_initialize,E:\football_v\.venv\Lib\site-packages\pip\_vendor\pkg_resources\__init__.py
_initialize_master_working_set,E:\football_v\.venv\Lib\site-packages\pip\_vendor\pkg_resources\__init__.py
load_module,E:\football_v\.venv\Lib\site-packages\pip\_vendor\pkg_resources\__init__.py
__repr__,E:\football_v\.venv\Lib\site-packages\pip\_vendor\pkg_resources\__init__.py
dist,E:\football_v\.venv\Lib\site-packages\pip\_vendor\pkg_resources\__init__.py
req,E:\football_v\.venv\Lib\site-packages\pip\_vendor\pkg_resources\__init__.py
report,E:\football_v\.venv\Lib\site-packages\pip\_vendor\pkg_resources\__init__.py
with_context,E:\football_v\.venv\Lib\site-packages\pip\_vendor\pkg_resources\__init__.py
required_by,E:\football_v\.venv\Lib\site-packages\pip\_vendor\pkg_resources\__init__.py
req,E:\football_v\.venv\Lib\site-packages\pip\_vendor\pkg_resources\__init__.py
requirers,E:\football_v\.venv\Lib\site-packages\pip\_vendor\pkg_resources\__init__.py
requirers_str,E:\football_v\.venv\Lib\site-packages\pip\_vendor\pkg_resources\__init__.py
report,E:\football_v\.venv\Lib\site-packages\pip\_vendor\pkg_resources\__init__.py
__str__,E:\football_v\.venv\Lib\site-packages\pip\_vendor\pkg_resources\__init__.py
has_metadata,E:\football_v\.venv\Lib\site-packages\pip\_vendor\pkg_resources\__init__.py
get_metadata,E:\football_v\.venv\Lib\site-packages\pip\_vendor\pkg_resources\__init__.py
get_metadata_lines,E:\football_v\.venv\Lib\site-packages\pip\_vendor\pkg_resources\__init__.py
metadata_isdir,E:\football_v\.venv\Lib\site-packages\pip\_vendor\pkg_resources\__init__.py
metadata_listdir,E:\football_v\.venv\Lib\site-packages\pip\_vendor\pkg_resources\__init__.py
run_script,E:\football_v\.venv\Lib\site-packages\pip\_vendor\pkg_resources\__init__.py
get_resource_filename,E:\football_v\.venv\Lib\site-packages\pip\_vendor\pkg_resources\__init__.py
get_resource_stream,E:\football_v\.venv\Lib\site-packages\pip\_vendor\pkg_resources\__init__.py
get_resource_string,E:\football_v\.venv\Lib\site-packages\pip\_vendor\pkg_resources\__init__.py
has_resource,E:\football_v\.venv\Lib\site-packages\pip\_vendor\pkg_resources\__init__.py
resource_isdir,E:\football_v\.venv\Lib\site-packages\pip\_vendor\pkg_resources\__init__.py
resource_listdir,E:\football_v\.venv\Lib\site-packages\pip\_vendor\pkg_resources\__init__.py
__init__,E:\football_v\.venv\Lib\site-packages\pip\_vendor\pkg_resources\__init__.py
_build_master,E:\football_v\.venv\Lib\site-packages\pip\_vendor\pkg_resources\__init__.py
_build_from_requirements,E:\football_v\.venv\Lib\site-packages\pip\_vendor\pkg_resources\__init__.py
add_entry,E:\football_v\.venv\Lib\site-packages\pip\_vendor\pkg_resources\__init__.py
__contains__,E:\football_v\.venv\Lib\site-packages\pip\_vendor\pkg_resources\__init__.py
find,E:\football_v\.venv\Lib\site-packages\pip\_vendor\pkg_resources\__init__.py
iter_entry_points,E:\football_v\.venv\Lib\site-packages\pip\_vendor\pkg_resources\__init__.py
run_script,E:\football_v\.venv\Lib\site-packages\pip\_vendor\pkg_resources\__init__.py
__iter__,E:\football_v\.venv\Lib\site-packages\pip\_vendor\pkg_resources\__init__.py
add,E:\football_v\.venv\Lib\site-packages\pip\_vendor\pkg_resources\__init__.py
resolve,E:\football_v\.venv\Lib\site-packages\pip\_vendor\pkg_resources\__init__.py
resolve,E:\football_v\.venv\Lib\site-packages\pip\_vendor\pkg_resources\__init__.py
resolve,E:\football_v\.venv\Lib\site-packages\pip\_vendor\pkg_resources\__init__.py
resolve,E:\football_v\.venv\Lib\site-packages\pip\_vendor\pkg_resources\__init__.py
_resolve_dist,E:\football_v\.venv\Lib\site-packages\pip\_vendor\pkg_resources\__init__.py
find_plugins,E:\football_v\.venv\Lib\site-packages\pip\_vendor\pkg_resources\__init__.py
find_plugins,E:\football_v\.venv\Lib\site-packages\pip\_vendor\pkg_resources\__init__.py
find_plugins,E:\football_v\.venv\Lib\site-packages\pip\_vendor\pkg_resources\__init__.py
find_plugins,E:\football_v\.venv\Lib\site-packages\pip\_vendor\pkg_resources\__init__.py
require,E:\football_v\.venv\Lib\site-packages\pip\_vendor\pkg_resources\__init__.py
subscribe,E:\football_v\.venv\Lib\site-packages\pip\_vendor\pkg_resources\__init__.py
_added_new,E:\football_v\.venv\Lib\site-packages\pip\_vendor\pkg_resources\__init__.py
__getstate__,E:\football_v\.venv\Lib\site-packages\pip\_vendor\pkg_resources\__init__.py
__setstate__,E:\football_v\.venv\Lib\site-packages\pip\_vendor\pkg_resources\__init__.py
markers_pass,E:\football_v\.venv\Lib\site-packages\pip\_vendor\pkg_resources\__init__.py
__init__,E:\football_v\.venv\Lib\site-packages\pip\_vendor\pkg_resources\__init__.py
can_add,E:\football_v\.venv\Lib\site-packages\pip\_vendor\pkg_resources\__init__.py
remove,E:\football_v\.venv\Lib\site-packages\pip\_vendor\pkg_resources\__init__.py
scan,E:\football_v\.venv\Lib\site-packages\pip\_vendor\pkg_resources\__init__.py
__getitem__,E:\football_v\.venv\Lib\site-packages\pip\_vendor\pkg_resources\__init__.py
add,E:\football_v\.venv\Lib\site-packages\pip\_vendor\pkg_resources\__init__.py
best_match,E:\football_v\.venv\Lib\site-packages\pip\_vendor\pkg_resources\__init__.py
best_match,E:\football_v\.venv\Lib\site-packages\pip\_vendor\pkg_resources\__init__.py
best_match,E:\football_v\.venv\Lib\site-packages\pip\_vendor\pkg_resources\__init__.py
obtain,E:\football_v\.venv\Lib\site-packages\pip\_vendor\pkg_resources\__init__.py
obtain,E:\football_v\.venv\Lib\site-packages\pip\_vendor\pkg_resources\__init__.py
obtain,E:\football_v\.venv\Lib\site-packages\pip\_vendor\pkg_resources\__init__.py
obtain,E:\football_v\.venv\Lib\site-packages\pip\_vendor\pkg_resources\__init__.py
__iter__,E:\football_v\.venv\Lib\site-packages\pip\_vendor\pkg_resources\__init__.py
__iadd__,E:\football_v\.venv\Lib\site-packages\pip\_vendor\pkg_resources\__init__.py
__add__,E:\football_v\.venv\Lib\site-packages\pip\_vendor\pkg_resources\__init__.py
__init__,E:\football_v\.venv\Lib\site-packages\pip\_vendor\pkg_resources\__init__.py
resource_exists,E:\football_v\.venv\Lib\site-packages\pip\_vendor\pkg_resources\__init__.py
resource_isdir,E:\football_v\.venv\Lib\site-packages\pip\_vendor\pkg_resources\__init__.py
resource_filename,E:\football_v\.venv\Lib\site-packages\pip\_vendor\pkg_resources\__init__.py
resource_stream,E:\football_v\.venv\Lib\site-packages\pip\_vendor\pkg_resources\__init__.py
resource_string,E:\football_v\.venv\Lib\site-packages\pip\_vendor\pkg_resources\__init__.py
resource_listdir,E:\football_v\.venv\Lib\site-packages\pip\_vendor\pkg_resources\__init__.py
extraction_error,E:\football_v\.venv\Lib\site-packages\pip\_vendor\pkg_resources\__init__.py
get_cache_path,E:\football_v\.venv\Lib\site-packages\pip\_vendor\pkg_resources\__init__.py
_warn_unsafe_extraction_path,E:\football_v\.venv\Lib\site-packages\pip\_vendor\pkg_resources\__init__.py
postprocess,E:\football_v\.venv\Lib\site-packages\pip\_vendor\pkg_resources\__init__.py
set_extraction_path,E:\football_v\.venv\Lib\site-packages\pip\_vendor\pkg_resources\__init__.py
cleanup_resources,E:\football_v\.venv\Lib\site-packages\pip\_vendor\pkg_resources\__init__.py
__init__,E:\football_v\.venv\Lib\site-packages\pip\_vendor\pkg_resources\__init__.py
get_resource_filename,E:\football_v\.venv\Lib\site-packages\pip\_vendor\pkg_resources\__init__.py
get_resource_stream,E:\football_v\.venv\Lib\site-packages\pip\_vendor\pkg_resources\__init__.py
get_resource_string,E:\football_v\.venv\Lib\site-packages\pip\_vendor\pkg_resources\__init__.py
has_resource,E:\football_v\.venv\Lib\site-packages\pip\_vendor\pkg_resources\__init__.py
_get_metadata_path,E:\football_v\.venv\Lib\site-packages\pip\_vendor\pkg_resources\__init__.py
has_metadata,E:\football_v\.venv\Lib\site-packages\pip\_vendor\pkg_resources\__init__.py
get_metadata,E:\football_v\.venv\Lib\site-packages\pip\_vendor\pkg_resources\__init__.py
get_metadata_lines,E:\football_v\.venv\Lib\site-packages\pip\_vendor\pkg_resources\__init__.py
resource_isdir,E:\football_v\.venv\Lib\site-packages\pip\_vendor\pkg_resources\__init__.py
metadata_isdir,E:\football_v\.venv\Lib\site-packages\pip\_vendor\pkg_resources\__init__.py
resource_listdir,E:\football_v\.venv\Lib\site-packages\pip\_vendor\pkg_resources\__init__.py
metadata_listdir,E:\football_v\.venv\Lib\site-packages\pip\_vendor\pkg_resources\__init__.py
run_script,E:\football_v\.venv\Lib\site-packages\pip\_vendor\pkg_resources\__init__.py
_has,E:\football_v\.venv\Lib\site-packages\pip\_vendor\pkg_resources\__init__.py
_isdir,E:\football_v\.venv\Lib\site-packages\pip\_vendor\pkg_resources\__init__.py
_listdir,E:\football_v\.venv\Lib\site-packages\pip\_vendor\pkg_resources\__init__.py
_fn,E:\football_v\.venv\Lib\site-packages\pip\_vendor\pkg_resources\__init__.py
_validate_resource_path,E:\football_v\.venv\Lib\site-packages\pip\_vendor\pkg_resources\__init__.py
_get,E:\football_v\.venv\Lib\site-packages\pip\_vendor\pkg_resources\__init__.py
__init__,E:\football_v\.venv\Lib\site-packages\pip\_vendor\pkg_resources\__init__.py
_setup_prefix,E:\football_v\.venv\Lib\site-packages\pip\_vendor\pkg_resources\__init__.py
_set_egg,E:\football_v\.venv\Lib\site-packages\pip\_vendor\pkg_resources\__init__.py
_has,E:\football_v\.venv\Lib\site-packages\pip\_vendor\pkg_resources\__init__.py
_isdir,E:\football_v\.venv\Lib\site-packages\pip\_vendor\pkg_resources\__init__.py
_listdir,E:\football_v\.venv\Lib\site-packages\pip\_vendor\pkg_resources\__init__.py
get_resource_stream,E:\football_v\.venv\Lib\site-packages\pip\_vendor\pkg_resources\__init__.py
_get,E:\football_v\.venv\Lib\site-packages\pip\_vendor\pkg_resources\__init__.py
_register,E:\football_v\.venv\Lib\site-packages\pip\_vendor\pkg_resources\__init__.py
_get,E:\football_v\.venv\Lib\site-packages\pip\_vendor\pkg_resources\__init__.py
_listdir,E:\football_v\.venv\Lib\site-packages\pip\_vendor\pkg_resources\__init__.py
__init__,E:\football_v\.venv\Lib\site-packages\pip\_vendor\pkg_resources\__init__.py
build,E:\football_v\.venv\Lib\site-packages\pip\_vendor\pkg_resources\__init__.py
load,E:\football_v\.venv\Lib\site-packages\pip\_vendor\pkg_resources\__init__.py
__init__,E:\football_v\.venv\Lib\site-packages\pip\_vendor\pkg_resources\__init__.py
_zipinfo_name,E:\football_v\.venv\Lib\site-packages\pip\_vendor\pkg_resources\__init__.py
_parts,E:\football_v\.venv\Lib\site-packages\pip\_vendor\pkg_resources\__init__.py
zipinfo,E:\football_v\.venv\Lib\site-packages\pip\_vendor\pkg_resources\__init__.py
get_resource_filename,E:\football_v\.venv\Lib\site-packages\pip\_vendor\pkg_resources\__init__.py
_get_date_and_size,E:\football_v\.venv\Lib\site-packages\pip\_vendor\pkg_resources\__init__.py
_extract_resource,E:\football_v\.venv\Lib\site-packages\pip\_vendor\pkg_resources\__init__.py
_is_current,E:\football_v\.venv\Lib\site-packages\pip\_vendor\pkg_resources\__init__.py
_get_eager_resources,E:\football_v\.venv\Lib\site-packages\pip\_vendor\pkg_resources\__init__.py
_index,E:\football_v\.venv\Lib\site-packages\pip\_vendor\pkg_resources\__init__.py
_has,E:\football_v\.venv\Lib\site-packages\pip\_vendor\pkg_resources\__init__.py
_isdir,E:\football_v\.venv\Lib\site-packages\pip\_vendor\pkg_resources\__init__.py
_listdir,E:\football_v\.venv\Lib\site-packages\pip\_vendor\pkg_resources\__init__.py
_eager_to_zip,E:\football_v\.venv\Lib\site-packages\pip\_vendor\pkg_resources\__init__.py
_resource_to_zip,E:\football_v\.venv\Lib\site-packages\pip\_vendor\pkg_resources\__init__.py
__init__,E:\football_v\.venv\Lib\site-packages\pip\_vendor\pkg_resources\__init__.py
_get_metadata_path,E:\football_v\.venv\Lib\site-packages\pip\_vendor\pkg_resources\__init__.py
has_metadata,E:\football_v\.venv\Lib\site-packages\pip\_vendor\pkg_resources\__init__.py
get_metadata,E:\football_v\.venv\Lib\site-packages\pip\_vendor\pkg_resources\__init__.py
_warn_on_replacement,E:\football_v\.venv\Lib\site-packages\pip\_vendor\pkg_resources\__init__.py
get_metadata_lines,E:\football_v\.venv\Lib\site-packages\pip\_vendor\pkg_resources\__init__.py
__init__,E:\football_v\.venv\Lib\site-packages\pip\_vendor\pkg_resources\__init__.py
__init__,E:\football_v\.venv\Lib\site-packages\pip\_vendor\pkg_resources\__init__.py
__bool__,E:\football_v\.venv\Lib\site-packages\pip\_vendor\pkg_resources\__init__.py
__call__,E:\football_v\.venv\Lib\site-packages\pip\_vendor\pkg_resources\__init__.py
safe_sys_path_index,E:\football_v\.venv\Lib\site-packages\pip\_vendor\pkg_resources\__init__.py
position_in_sys_path,E:\football_v\.venv\Lib\site-packages\pip\_vendor\pkg_resources\__init__.py
_normalize_cached,E:\football_v\.venv\Lib\site-packages\pip\_vendor\pkg_resources\__init__.py
_normalize_cached,E:\football_v\.venv\Lib\site-packages\pip\_vendor\pkg_resources\__init__.py
_normalize_cached,E:\football_v\.venv\Lib\site-packages\pip\_vendor\pkg_resources\__init__.py
_normalize_cached,E:\football_v\.venv\Lib\site-packages\pip\_vendor\pkg_resources\__init__.py
__init__,E:\football_v\.venv\Lib\site-packages\pip\_vendor\pkg_resources\__init__.py
__str__,E:\football_v\.venv\Lib\site-packages\pip\_vendor\pkg_resources\__init__.py
__repr__,E:\football_v\.venv\Lib\site-packages\pip\_vendor\pkg_resources\__init__.py
load,E:\football_v\.venv\Lib\site-packages\pip\_vendor\pkg_resources\__init__.py
load,E:\football_v\.venv\Lib\site-packages\pip\_vendor\pkg_resources\__init__.py
load,E:\football_v\.venv\Lib\site-packages\pip\_vendor\pkg_resources\__init__.py
resolve,E:\football_v\.venv\Lib\site-packages\pip\_vendor\pkg_resources\__init__.py
require,E:\football_v\.venv\Lib\site-packages\pip\_vendor\pkg_resources\__init__.py
parse,E:\football_v\.venv\Lib\site-packages\pip\_vendor\pkg_resources\__init__.py
_parse_extras,E:\football_v\.venv\Lib\site-packages\pip\_vendor\pkg_resources\__init__.py
parse_group,E:\football_v\.venv\Lib\site-packages\pip\_vendor\pkg_resources\__init__.py
parse_map,E:\football_v\.venv\Lib\site-packages\pip\_vendor\pkg_resources\__init__.py
is_version_line,E:\football_v\.venv\Lib\site-packages\pip\_vendor\pkg_resources\__init__.py
__init__,E:\football_v\.venv\Lib\site-packages\pip\_vendor\pkg_resources\__init__.py
from_location,E:\football_v\.venv\Lib\site-packages\pip\_vendor\pkg_resources\__init__.py
_reload_version,E:\football_v\.venv\Lib\site-packages\pip\_vendor\pkg_resources\__init__.py
hashcmp,E:\football_v\.venv\Lib\site-packages\pip\_vendor\pkg_resources\__init__.py
__hash__,E:\football_v\.venv\Lib\site-packages\pip\_vendor\pkg_resources\__init__.py
__lt__,E:\football_v\.venv\Lib\site-packages\pip\_vendor\pkg_resources\__init__.py
__le__,E:\football_v\.venv\Lib\site-packages\pip\_vendor\pkg_resources\__init__.py
__gt__,E:\football_v\.venv\Lib\site-packages\pip\_vendor\pkg_resources\__init__.py
__ge__,E:\football_v\.venv\Lib\site-packages\pip\_vendor\pkg_resources\__init__.py
__eq__,E:\football_v\.venv\Lib\site-packages\pip\_vendor\pkg_resources\__init__.py
__ne__,E:\football_v\.venv\Lib\site-packages\pip\_vendor\pkg_resources\__init__.py
key,E:\football_v\.venv\Lib\site-packages\pip\_vendor\pkg_resources\__init__.py
parsed_version,E:\football_v\.venv\Lib\site-packages\pip\_vendor\pkg_resources\__init__.py
_forgiving_parsed_version,E:\football_v\.venv\Lib\site-packages\pip\_vendor\pkg_resources\__init__.py
version,E:\football_v\.venv\Lib\site-packages\pip\_vendor\pkg_resources\__init__.py
_dep_map,E:\football_v\.venv\Lib\site-packages\pip\_vendor\pkg_resources\__init__.py
_filter_extras,E:\football_v\.venv\Lib\site-packages\pip\_vendor\pkg_resources\__init__.py
_build_dep_map,E:\football_v\.venv\Lib\site-packages\pip\_vendor\pkg_resources\__init__.py
requires,E:\football_v\.venv\Lib\site-packages\pip\_vendor\pkg_resources\__init__.py
_get_metadata_path_for_display,E:\football_v\.venv\Lib\site-packages\pip\_vendor\pkg_resources\__init__.py
_get_metadata,E:\football_v\.venv\Lib\site-packages\pip\_vendor\pkg_resources\__init__.py
_get_version,E:\football_v\.venv\Lib\site-packages\pip\_vendor\pkg_resources\__init__.py
activate,E:\football_v\.venv\Lib\site-packages\pip\_vendor\pkg_resources\__init__.py
egg_name,E:\football_v\.venv\Lib\site-packages\pip\_vendor\pkg_resources\__init__.py
__repr__,E:\football_v\.venv\Lib\site-packages\pip\_vendor\pkg_resources\__init__.py
__str__,E:\football_v\.venv\Lib\site-packages\pip\_vendor\pkg_resources\__init__.py
__getattr__,E:\football_v\.venv\Lib\site-packages\pip\_vendor\pkg_resources\__init__.py
__dir__,E:\football_v\.venv\Lib\site-packages\pip\_vendor\pkg_resources\__init__.py
from_filename,E:\football_v\.venv\Lib\site-packages\pip\_vendor\pkg_resources\__init__.py
as_requirement,E:\football_v\.venv\Lib\site-packages\pip\_vendor\pkg_resources\__init__.py
load_entry_point,E:\football_v\.venv\Lib\site-packages\pip\_vendor\pkg_resources\__init__.py
get_entry_map,E:\football_v\.venv\Lib\site-packages\pip\_vendor\pkg_resources\__init__.py
get_entry_map,E:\football_v\.venv\Lib\site-packages\pip\_vendor\pkg_resources\__init__.py
get_entry_map,E:\football_v\.venv\Lib\site-packages\pip\_vendor\pkg_resources\__init__.py
get_entry_info,E:\football_v\.venv\Lib\site-packages\pip\_vendor\pkg_resources\__init__.py
insert_on,E:\football_v\.venv\Lib\site-packages\pip\_vendor\pkg_resources\__init__.py
check_version_conflict,E:\football_v\.venv\Lib\site-packages\pip\_vendor\pkg_resources\__init__.py
has_version,E:\football_v\.venv\Lib\site-packages\pip\_vendor\pkg_resources\__init__.py
clone,E:\football_v\.venv\Lib\site-packages\pip\_vendor\pkg_resources\__init__.py
extras,E:\football_v\.venv\Lib\site-packages\pip\_vendor\pkg_resources\__init__.py
_reload_version,E:\football_v\.venv\Lib\site-packages\pip\_vendor\pkg_resources\__init__.py
_parsed_pkg_info,E:\football_v\.venv\Lib\site-packages\pip\_vendor\pkg_resources\__init__.py
_dep_map,E:\football_v\.venv\Lib\site-packages\pip\_vendor\pkg_resources\__init__.py
_compute_dependencies,E:\football_v\.venv\Lib\site-packages\pip\_vendor\pkg_resources\__init__.py
__init__,E:\football_v\.venv\Lib\site-packages\pip\_vendor\pkg_resources\__init__.py
__eq__,E:\football_v\.venv\Lib\site-packages\pip\_vendor\pkg_resources\__init__.py
__ne__,E:\football_v\.venv\Lib\site-packages\pip\_vendor\pkg_resources\__init__.py
__contains__,E:\football_v\.venv\Lib\site-packages\pip\_vendor\pkg_resources\__init__.py
__hash__,E:\football_v\.venv\Lib\site-packages\pip\_vendor\pkg_resources\__init__.py
__repr__,E:\football_v\.venv\Lib\site-packages\pip\_vendor\pkg_resources\__init__.py
parse,E:\football_v\.venv\Lib\site-packages\pip\_vendor\pkg_resources\__init__.py
reqs_for_extra,E:\football_v\.venv\Lib\site-packages\pip\_vendor\pkg_resources\__init__.py
_android_folder,E:\football_v\.venv\Lib\site-packages\pip\_vendor\platformdirs\android.py
_android_documents_folder,E:\football_v\.venv\Lib\site-packages\pip\_vendor\platformdirs\android.py
_android_downloads_folder,E:\football_v\.venv\Lib\site-packages\pip\_vendor\platformdirs\android.py
_android_pictures_folder,E:\football_v\.venv\Lib\site-packages\pip\_vendor\platformdirs\android.py
_android_videos_folder,E:\football_v\.venv\Lib\site-packages\pip\_vendor\platformdirs\android.py
_android_music_folder,E:\football_v\.venv\Lib\site-packages\pip\_vendor\platformdirs\android.py
user_data_dir,E:\football_v\.venv\Lib\site-packages\pip\_vendor\platformdirs\android.py
site_data_dir,E:\football_v\.venv\Lib\site-packages\pip\_vendor\platformdirs\android.py
user_config_dir,E:\football_v\.venv\Lib\site-packages\pip\_vendor\platformdirs\android.py
site_config_dir,E:\football_v\.venv\Lib\site-packages\pip\_vendor\platformdirs\android.py
user_cache_dir,E:\football_v\.venv\Lib\site-packages\pip\_vendor\platformdirs\android.py
site_cache_dir,E:\football_v\.venv\Lib\site-packages\pip\_vendor\platformdirs\android.py
user_state_dir,E:\football_v\.venv\Lib\site-packages\pip\_vendor\platformdirs\android.py
user_log_dir,E:\football_v\.venv\Lib\site-packages\pip\_vendor\platformdirs\android.py
user_documents_dir,E:\football_v\.venv\Lib\site-packages\pip\_vendor\platformdirs\android.py
user_downloads_dir,E:\football_v\.venv\Lib\site-packages\pip\_vendor\platformdirs\android.py
user_pictures_dir,E:\football_v\.venv\Lib\site-packages\pip\_vendor\platformdirs\android.py
user_videos_dir,E:\football_v\.venv\Lib\site-packages\pip\_vendor\platformdirs\android.py
user_music_dir,E:\football_v\.venv\Lib\site-packages\pip\_vendor\platformdirs\android.py
user_desktop_dir,E:\football_v\.venv\Lib\site-packages\pip\_vendor\platformdirs\android.py
user_runtime_dir,E:\football_v\.venv\Lib\site-packages\pip\_vendor\platformdirs\android.py
site_runtime_dir,E:\football_v\.venv\Lib\site-packages\pip\_vendor\platformdirs\android.py
__init__,E:\football_v\.venv\Lib\site-packages\pip\_vendor\platformdirs\api.py
_append_app_name_and_version,E:\football_v\.venv\Lib\site-packages\pip\_vendor\platformdirs\api.py
_optionally_create_directory,E:\football_v\.venv\Lib\site-packages\pip\_vendor\platformdirs\api.py
_first_item_as_path_if_multipath,E:\football_v\.venv\Lib\site-packages\pip\_vendor\platformdirs\api.py
user_data_dir,E:\football_v\.venv\Lib\site-packages\pip\_vendor\platformdirs\api.py
site_data_dir,E:\football_v\.venv\Lib\site-packages\pip\_vendor\platformdirs\api.py
user_config_dir,E:\football_v\.venv\Lib\site-packages\pip\_vendor\platformdirs\api.py
site_config_dir,E:\football_v\.venv\Lib\site-packages\pip\_vendor\platformdirs\api.py
user_cache_dir,E:\football_v\.venv\Lib\site-packages\pip\_vendor\platformdirs\api.py
site_cache_dir,E:\football_v\.venv\Lib\site-packages\pip\_vendor\platformdirs\api.py
user_state_dir,E:\football_v\.venv\Lib\site-packages\pip\_vendor\platformdirs\api.py
user_log_dir,E:\football_v\.venv\Lib\site-packages\pip\_vendor\platformdirs\api.py
user_documents_dir,E:\football_v\.venv\Lib\site-packages\pip\_vendor\platformdirs\api.py
user_downloads_dir,E:\football_v\.venv\Lib\site-packages\pip\_vendor\platformdirs\api.py
user_pictures_dir,E:\football_v\.venv\Lib\site-packages\pip\_vendor\platformdirs\api.py
user_videos_dir,E:\football_v\.venv\Lib\site-packages\pip\_vendor\platformdirs\api.py
user_music_dir,E:\football_v\.venv\Lib\site-packages\pip\_vendor\platformdirs\api.py
user_desktop_dir,E:\football_v\.venv\Lib\site-packages\pip\_vendor\platformdirs\api.py
user_runtime_dir,E:\football_v\.venv\Lib\site-packages\pip\_vendor\platformdirs\api.py
site_runtime_dir,E:\football_v\.venv\Lib\site-packages\pip\_vendor\platformdirs\api.py
user_data_path,E:\football_v\.venv\Lib\site-packages\pip\_vendor\platformdirs\api.py
site_data_path,E:\football_v\.venv\Lib\site-packages\pip\_vendor\platformdirs\api.py
user_config_path,E:\football_v\.venv\Lib\site-packages\pip\_vendor\platformdirs\api.py
site_config_path,E:\football_v\.venv\Lib\site-packages\pip\_vendor\platformdirs\api.py
user_cache_path,E:\football_v\.venv\Lib\site-packages\pip\_vendor\platformdirs\api.py
site_cache_path,E:\football_v\.venv\Lib\site-packages\pip\_vendor\platformdirs\api.py
user_state_path,E:\football_v\.venv\Lib\site-packages\pip\_vendor\platformdirs\api.py
user_log_path,E:\football_v\.venv\Lib\site-packages\pip\_vendor\platformdirs\api.py
user_documents_path,E:\football_v\.venv\Lib\site-packages\pip\_vendor\platformdirs\api.py
user_downloads_path,E:\football_v\.venv\Lib\site-packages\pip\_vendor\platformdirs\api.py
user_pictures_path,E:\football_v\.venv\Lib\site-packages\pip\_vendor\platformdirs\api.py
user_videos_path,E:\football_v\.venv\Lib\site-packages\pip\_vendor\platformdirs\api.py
user_music_path,E:\football_v\.venv\Lib\site-packages\pip\_vendor\platformdirs\api.py
user_desktop_path,E:\football_v\.venv\Lib\site-packages\pip\_vendor\platformdirs\api.py
user_runtime_path,E:\football_v\.venv\Lib\site-packages\pip\_vendor\platformdirs\api.py
site_runtime_path,E:\football_v\.venv\Lib\site-packages\pip\_vendor\platformdirs\api.py
iter_config_dirs,E:\football_v\.venv\Lib\site-packages\pip\_vendor\platformdirs\api.py
iter_data_dirs,E:\football_v\.venv\Lib\site-packages\pip\_vendor\platformdirs\api.py
iter_cache_dirs,E:\football_v\.venv\Lib\site-packages\pip\_vendor\platformdirs\api.py
iter_runtime_dirs,E:\football_v\.venv\Lib\site-packages\pip\_vendor\platformdirs\api.py
iter_config_paths,E:\football_v\.venv\Lib\site-packages\pip\_vendor\platformdirs\api.py
iter_data_paths,E:\football_v\.venv\Lib\site-packages\pip\_vendor\platformdirs\api.py
iter_cache_paths,E:\football_v\.venv\Lib\site-packages\pip\_vendor\platformdirs\api.py
iter_runtime_paths,E:\football_v\.venv\Lib\site-packages\pip\_vendor\platformdirs\api.py
user_data_dir,E:\football_v\.venv\Lib\site-packages\pip\_vendor\platformdirs\macos.py
site_data_dir,E:\football_v\.venv\Lib\site-packages\pip\_vendor\platformdirs\macos.py
site_data_path,E:\football_v\.venv\Lib\site-packages\pip\_vendor\platformdirs\macos.py
user_config_dir,E:\football_v\.venv\Lib\site-packages\pip\_vendor\platformdirs\macos.py
site_config_dir,E:\football_v\.venv\Lib\site-packages\pip\_vendor\platformdirs\macos.py
user_cache_dir,E:\football_v\.venv\Lib\site-packages\pip\_vendor\platformdirs\macos.py
site_cache_dir,E:\football_v\.venv\Lib\site-packages\pip\_vendor\platformdirs\macos.py
site_cache_path,E:\football_v\.venv\Lib\site-packages\pip\_vendor\platformdirs\macos.py
user_state_dir,E:\football_v\.venv\Lib\site-packages\pip\_vendor\platformdirs\macos.py
user_log_dir,E:\football_v\.venv\Lib\site-packages\pip\_vendor\platformdirs\macos.py
user_documents_dir,E:\football_v\.venv\Lib\site-packages\pip\_vendor\platformdirs\macos.py
user_downloads_dir,E:\football_v\.venv\Lib\site-packages\pip\_vendor\platformdirs\macos.py
user_pictures_dir,E:\football_v\.venv\Lib\site-packages\pip\_vendor\platformdirs\macos.py
user_videos_dir,E:\football_v\.venv\Lib\site-packages\pip\_vendor\platformdirs\macos.py
user_music_dir,E:\football_v\.venv\Lib\site-packages\pip\_vendor\platformdirs\macos.py
user_desktop_dir,E:\football_v\.venv\Lib\site-packages\pip\_vendor\platformdirs\macos.py
user_runtime_dir,E:\football_v\.venv\Lib\site-packages\pip\_vendor\platformdirs\macos.py
site_runtime_dir,E:\football_v\.venv\Lib\site-packages\pip\_vendor\platformdirs\macos.py
_get_user_media_dir,E:\football_v\.venv\Lib\site-packages\pip\_vendor\platformdirs\unix.py
_get_user_dirs_folder,E:\football_v\.venv\Lib\site-packages\pip\_vendor\platformdirs\unix.py
getuid,E:\football_v\.venv\Lib\site-packages\pip\_vendor\platformdirs\unix.py
user_data_dir,E:\football_v\.venv\Lib\site-packages\pip\_vendor\platformdirs\unix.py
_site_data_dirs,E:\football_v\.venv\Lib\site-packages\pip\_vendor\platformdirs\unix.py
site_data_dir,E:\football_v\.venv\Lib\site-packages\pip\_vendor\platformdirs\unix.py
user_config_dir,E:\football_v\.venv\Lib\site-packages\pip\_vendor\platformdirs\unix.py
_site_config_dirs,E:\football_v\.venv\Lib\site-packages\pip\_vendor\platformdirs\unix.py
site_config_dir,E:\football_v\.venv\Lib\site-packages\pip\_vendor\platformdirs\unix.py
user_cache_dir,E:\football_v\.venv\Lib\site-packages\pip\_vendor\platformdirs\unix.py
site_cache_dir,E:\football_v\.venv\Lib\site-packages\pip\_vendor\platformdirs\unix.py
user_state_dir,E:\football_v\.venv\Lib\site-packages\pip\_vendor\platformdirs\unix.py
user_log_dir,E:\football_v\.venv\Lib\site-packages\pip\_vendor\platformdirs\unix.py
user_documents_dir,E:\football_v\.venv\Lib\site-packages\pip\_vendor\platformdirs\unix.py
user_downloads_dir,E:\football_v\.venv\Lib\site-packages\pip\_vendor\platformdirs\unix.py
user_pictures_dir,E:\football_v\.venv\Lib\site-packages\pip\_vendor\platformdirs\unix.py
user_videos_dir,E:\football_v\.venv\Lib\site-packages\pip\_vendor\platformdirs\unix.py
user_music_dir,E:\football_v\.venv\Lib\site-packages\pip\_vendor\platformdirs\unix.py
user_desktop_dir,E:\football_v\.venv\Lib\site-packages\pip\_vendor\platformdirs\unix.py
user_runtime_dir,E:\football_v\.venv\Lib\site-packages\pip\_vendor\platformdirs\unix.py
site_runtime_dir,E:\football_v\.venv\Lib\site-packages\pip\_vendor\platformdirs\unix.py
site_data_path,E:\football_v\.venv\Lib\site-packages\pip\_vendor\platformdirs\unix.py
site_config_path,E:\football_v\.venv\Lib\site-packages\pip\_vendor\platformdirs\unix.py
site_cache_path,E:\football_v\.venv\Lib\site-packages\pip\_vendor\platformdirs\unix.py
iter_config_dirs,E:\football_v\.venv\Lib\site-packages\pip\_vendor\platformdirs\unix.py
iter_data_dirs,E:\football_v\.venv\Lib\site-packages\pip\_vendor\platformdirs\unix.py
get_win_folder_from_env_vars,E:\football_v\.venv\Lib\site-packages\pip\_vendor\platformdirs\windows.py
get_win_folder_if_csidl_name_not_env_var,E:\football_v\.venv\Lib\site-packages\pip\_vendor\platformdirs\windows.py
get_win_folder_from_registry,E:\football_v\.venv\Lib\site-packages\pip\_vendor\platformdirs\windows.py
get_win_folder_via_ctypes,E:\football_v\.venv\Lib\site-packages\pip\_vendor\platformdirs\windows.py
_pick_get_win_folder,E:\football_v\.venv\Lib\site-packages\pip\_vendor\platformdirs\windows.py
user_data_dir,E:\football_v\.venv\Lib\site-packages\pip\_vendor\platformdirs\windows.py
_append_parts,E:\football_v\.venv\Lib\site-packages\pip\_vendor\platformdirs\windows.py
site_data_dir,E:\football_v\.venv\Lib\site-packages\pip\_vendor\platformdirs\windows.py
user_config_dir,E:\football_v\.venv\Lib\site-packages\pip\_vendor\platformdirs\windows.py
site_config_dir,E:\football_v\.venv\Lib\site-packages\pip\_vendor\platformdirs\windows.py
user_cache_dir,E:\football_v\.venv\Lib\site-packages\pip\_vendor\platformdirs\windows.py
site_cache_dir,E:\football_v\.venv\Lib\site-packages\pip\_vendor\platformdirs\windows.py
user_state_dir,E:\football_v\.venv\Lib\site-packages\pip\_vendor\platformdirs\windows.py
user_log_dir,E:\football_v\.venv\Lib\site-packages\pip\_vendor\platformdirs\windows.py
user_documents_dir,E:\football_v\.venv\Lib\site-packages\pip\_vendor\platformdirs\windows.py
user_downloads_dir,E:\football_v\.venv\Lib\site-packages\pip\_vendor\platformdirs\windows.py
user_pictures_dir,E:\football_v\.venv\Lib\site-packages\pip\_vendor\platformdirs\windows.py
user_videos_dir,E:\football_v\.venv\Lib\site-packages\pip\_vendor\platformdirs\windows.py
user_music_dir,E:\football_v\.venv\Lib\site-packages\pip\_vendor\platformdirs\windows.py
user_desktop_dir,E:\football_v\.venv\Lib\site-packages\pip\_vendor\platformdirs\windows.py
user_runtime_dir,E:\football_v\.venv\Lib\site-packages\pip\_vendor\platformdirs\windows.py
site_runtime_dir,E:\football_v\.venv\Lib\site-packages\pip\_vendor\platformdirs\windows.py
_set_platform_dir_class,E:\football_v\.venv\Lib\site-packages\pip\_vendor\platformdirs\__init__.py
user_data_dir,E:\football_v\.venv\Lib\site-packages\pip\_vendor\platformdirs\__init__.py
site_data_dir,E:\football_v\.venv\Lib\site-packages\pip\_vendor\platformdirs\__init__.py
user_config_dir,E:\football_v\.venv\Lib\site-packages\pip\_vendor\platformdirs\__init__.py
site_config_dir,E:\football_v\.venv\Lib\site-packages\pip\_vendor\platformdirs\__init__.py
user_cache_dir,E:\football_v\.venv\Lib\site-packages\pip\_vendor\platformdirs\__init__.py
site_cache_dir,E:\football_v\.venv\Lib\site-packages\pip\_vendor\platformdirs\__init__.py
user_state_dir,E:\football_v\.venv\Lib\site-packages\pip\_vendor\platformdirs\__init__.py
user_log_dir,E:\football_v\.venv\Lib\site-packages\pip\_vendor\platformdirs\__init__.py
user_documents_dir,E:\football_v\.venv\Lib\site-packages\pip\_vendor\platformdirs\__init__.py
user_downloads_dir,E:\football_v\.venv\Lib\site-packages\pip\_vendor\platformdirs\__init__.py
user_pictures_dir,E:\football_v\.venv\Lib\site-packages\pip\_vendor\platformdirs\__init__.py
user_videos_dir,E:\football_v\.venv\Lib\site-packages\pip\_vendor\platformdirs\__init__.py
user_music_dir,E:\football_v\.venv\Lib\site-packages\pip\_vendor\platformdirs\__init__.py
user_desktop_dir,E:\football_v\.venv\Lib\site-packages\pip\_vendor\platformdirs\__init__.py
user_runtime_dir,E:\football_v\.venv\Lib\site-packages\pip\_vendor\platformdirs\__init__.py
site_runtime_dir,E:\football_v\.venv\Lib\site-packages\pip\_vendor\platformdirs\__init__.py
user_data_path,E:\football_v\.venv\Lib\site-packages\pip\_vendor\platformdirs\__init__.py
site_data_path,E:\football_v\.venv\Lib\site-packages\pip\_vendor\platformdirs\__init__.py
user_config_path,E:\football_v\.venv\Lib\site-packages\pip\_vendor\platformdirs\__init__.py
site_config_path,E:\football_v\.venv\Lib\site-packages\pip\_vendor\platformdirs\__init__.py
site_cache_path,E:\football_v\.venv\Lib\site-packages\pip\_vendor\platformdirs\__init__.py
user_cache_path,E:\football_v\.venv\Lib\site-packages\pip\_vendor\platformdirs\__init__.py
user_state_path,E:\football_v\.venv\Lib\site-packages\pip\_vendor\platformdirs\__init__.py
user_log_path,E:\football_v\.venv\Lib\site-packages\pip\_vendor\platformdirs\__init__.py
user_documents_path,E:\football_v\.venv\Lib\site-packages\pip\_vendor\platformdirs\__init__.py
user_downloads_path,E:\football_v\.venv\Lib\site-packages\pip\_vendor\platformdirs\__init__.py
user_pictures_path,E:\football_v\.venv\Lib\site-packages\pip\_vendor\platformdirs\__init__.py
user_videos_path,E:\football_v\.venv\Lib\site-packages\pip\_vendor\platformdirs\__init__.py
user_music_path,E:\football_v\.venv\Lib\site-packages\pip\_vendor\platformdirs\__init__.py
user_desktop_path,E:\football_v\.venv\Lib\site-packages\pip\_vendor\platformdirs\__init__.py
user_runtime_path,E:\football_v\.venv\Lib\site-packages\pip\_vendor\platformdirs\__init__.py
site_runtime_path,E:\football_v\.venv\Lib\site-packages\pip\_vendor\platformdirs\__init__.py
main,E:\football_v\.venv\Lib\site-packages\pip\_vendor\platformdirs\__main__.py
_parse_options,E:\football_v\.venv\Lib\site-packages\pip\_vendor\pygments\cmdline.py
_parse_filters,E:\football_v\.venv\Lib\site-packages\pip\_vendor\pygments\cmdline.py
_print_help,E:\football_v\.venv\Lib\site-packages\pip\_vendor\pygments\cmdline.py
_print_list,E:\football_v\.venv\Lib\site-packages\pip\_vendor\pygments\cmdline.py
_print_list_as_json,E:\football_v\.venv\Lib\site-packages\pip\_vendor\pygments\cmdline.py
main_inner,E:\football_v\.venv\Lib\site-packages\pip\_vendor\pygments\cmdline.py
main,E:\football_v\.venv\Lib\site-packages\pip\_vendor\pygments\cmdline.py
is_only_option,E:\football_v\.venv\Lib\site-packages\pip\_vendor\pygments\cmdline.py
__init__,E:\football_v\.venv\Lib\site-packages\pip\_vendor\pygments\cmdline.py
reset_color,E:\football_v\.venv\Lib\site-packages\pip\_vendor\pygments\console.py
colorize,E:\football_v\.venv\Lib\site-packages\pip\_vendor\pygments\console.py
ansiformat,E:\football_v\.venv\Lib\site-packages\pip\_vendor\pygments\console.py
apply_filters,E:\football_v\.venv\Lib\site-packages\pip\_vendor\pygments\filter.py
simplefilter,E:\football_v\.venv\Lib\site-packages\pip\_vendor\pygments\filter.py
_apply,E:\football_v\.venv\Lib\site-packages\pip\_vendor\pygments\filter.py
__init__,E:\football_v\.venv\Lib\site-packages\pip\_vendor\pygments\filter.py
filter,E:\football_v\.venv\Lib\site-packages\pip\_vendor\pygments\filter.py
__init__,E:\football_v\.venv\Lib\site-packages\pip\_vendor\pygments\filter.py
filter,E:\football_v\.venv\Lib\site-packages\pip\_vendor\pygments\filter.py
_lookup_style,E:\football_v\.venv\Lib\site-packages\pip\_vendor\pygments\formatter.py
__init__,E:\football_v\.venv\Lib\site-packages\pip\_vendor\pygments\formatter.py
get_style_defs,E:\football_v\.venv\Lib\site-packages\pip\_vendor\pygments\formatter.py
format,E:\football_v\.venv\Lib\site-packages\pip\_vendor\pygments\formatter.py
__class_getitem__,E:\football_v\.venv\Lib\site-packages\pip\_vendor\pygments\formatter.py
bygroups,E:\football_v\.venv\Lib\site-packages\pip\_vendor\pygments\lexer.py
using,E:\football_v\.venv\Lib\site-packages\pip\_vendor\pygments\lexer.py
do_insertions,E:\football_v\.venv\Lib\site-packages\pip\_vendor\pygments\lexer.py
__new__,E:\football_v\.venv\Lib\site-packages\pip\_vendor\pygments\lexer.py
__init__,E:\football_v\.venv\Lib\site-packages\pip\_vendor\pygments\lexer.py
__repr__,E:\football_v\.venv\Lib\site-packages\pip\_vendor\pygments\lexer.py
add_filter,E:\football_v\.venv\Lib\site-packages\pip\_vendor\pygments\lexer.py
analyse_text,E:\football_v\.venv\Lib\site-packages\pip\_vendor\pygments\lexer.py
_preprocess_lexer_input,E:\football_v\.venv\Lib\site-packages\pip\_vendor\pygments\lexer.py
get_tokens,E:\football_v\.venv\Lib\site-packages\pip\_vendor\pygments\lexer.py
get_tokens_unprocessed,E:\football_v\.venv\Lib\site-packages\pip\_vendor\pygments\lexer.py
__init__,E:\football_v\.venv\Lib\site-packages\pip\_vendor\pygments\lexer.py
get_tokens_unprocessed,E:\football_v\.venv\Lib\site-packages\pip\_vendor\pygments\lexer.py
__repr__,E:\football_v\.venv\Lib\site-packages\pip\_vendor\pygments\lexer.py
__new__,E:\football_v\.venv\Lib\site-packages\pip\_vendor\pygments\lexer.py
__init__,E:\football_v\.venv\Lib\site-packages\pip\_vendor\pygments\lexer.py
__init__,E:\football_v\.venv\Lib\site-packages\pip\_vendor\pygments\lexer.py
start,E:\football_v\.venv\Lib\site-packages\pip\_vendor\pygments\lexer.py
end,E:\football_v\.venv\Lib\site-packages\pip\_vendor\pygments\lexer.py
group,E:\football_v\.venv\Lib\site-packages\pip\_vendor\pygments\lexer.py
groups,E:\football_v\.venv\Lib\site-packages\pip\_vendor\pygments\lexer.py
groupdict,E:\football_v\.venv\Lib\site-packages\pip\_vendor\pygments\lexer.py
callback,E:\football_v\.venv\Lib\site-packages\pip\_vendor\pygments\lexer.py
__init__,E:\football_v\.venv\Lib\site-packages\pip\_vendor\pygments\lexer.py
__init__,E:\football_v\.venv\Lib\site-packages\pip\_vendor\pygments\lexer.py
get,E:\football_v\.venv\Lib\site-packages\pip\_vendor\pygments\lexer.py
_process_regex,E:\football_v\.venv\Lib\site-packages\pip\_vendor\pygments\lexer.py
_process_token,E:\football_v\.venv\Lib\site-packages\pip\_vendor\pygments\lexer.py
_process_new_state,E:\football_v\.venv\Lib\site-packages\pip\_vendor\pygments\lexer.py
_process_state,E:\football_v\.venv\Lib\site-packages\pip\_vendor\pygments\lexer.py
process_tokendef,E:\football_v\.venv\Lib\site-packages\pip\_vendor\pygments\lexer.py
get_tokendefs,E:\football_v\.venv\Lib\site-packages\pip\_vendor\pygments\lexer.py
__call__,E:\football_v\.venv\Lib\site-packages\pip\_vendor\pygments\lexer.py
get_tokens_unprocessed,E:\football_v\.venv\Lib\site-packages\pip\_vendor\pygments\lexer.py
__init__,E:\football_v\.venv\Lib\site-packages\pip\_vendor\pygments\lexer.py
__repr__,E:\football_v\.venv\Lib\site-packages\pip\_vendor\pygments\lexer.py
get_tokens_unprocessed,E:\football_v\.venv\Lib\site-packages\pip\_vendor\pygments\lexer.py
_process_regex,E:\football_v\.venv\Lib\site-packages\pip\_vendor\pygments\lexer.py
get_tokens_unprocessed,E:\football_v\.venv\Lib\site-packages\pip\_vendor\pygments\lexer.py
streamer,E:\football_v\.venv\Lib\site-packages\pip\_vendor\pygments\lexer.py
callback,E:\football_v\.venv\Lib\site-packages\pip\_vendor\pygments\lexer.py
callback,E:\football_v\.venv\Lib\site-packages\pip\_vendor\pygments\lexer.py
match_func,E:\football_v\.venv\Lib\site-packages\pip\_vendor\pygments\lexer.py
get_filetype_from_line,E:\football_v\.venv\Lib\site-packages\pip\_vendor\pygments\modeline.py
get_filetype_from_buffer,E:\football_v\.venv\Lib\site-packages\pip\_vendor\pygments\modeline.py
iter_entry_points,E:\football_v\.venv\Lib\site-packages\pip\_vendor\pygments\plugin.py
find_plugin_lexers,E:\football_v\.venv\Lib\site-packages\pip\_vendor\pygments\plugin.py
find_plugin_formatters,E:\football_v\.venv\Lib\site-packages\pip\_vendor\pygments\plugin.py
find_plugin_styles,E:\football_v\.venv\Lib\site-packages\pip\_vendor\pygments\plugin.py
find_plugin_filters,E:\football_v\.venv\Lib\site-packages\pip\_vendor\pygments\plugin.py
make_charset,E:\football_v\.venv\Lib\site-packages\pip\_vendor\pygments\regexopt.py
regex_opt_inner,E:\football_v\.venv\Lib\site-packages\pip\_vendor\pygments\regexopt.py
regex_opt,E:\football_v\.venv\Lib\site-packages\pip\_vendor\pygments\regexopt.py
__init__,E:\football_v\.venv\Lib\site-packages\pip\_vendor\pygments\scanner.py
eos,E:\football_v\.venv\Lib\site-packages\pip\_vendor\pygments\scanner.py
check,E:\football_v\.venv\Lib\site-packages\pip\_vendor\pygments\scanner.py
test,E:\football_v\.venv\Lib\site-packages\pip\_vendor\pygments\scanner.py
scan,E:\football_v\.venv\Lib\site-packages\pip\_vendor\pygments\scanner.py
get_char,E:\football_v\.venv\Lib\site-packages\pip\_vendor\pygments\scanner.py
__repr__,E:\football_v\.venv\Lib\site-packages\pip\_vendor\pygments\scanner.py
setup,E:\football_v\.venv\Lib\site-packages\pip\_vendor\pygments\sphinxext.py
run,E:\football_v\.venv\Lib\site-packages\pip\_vendor\pygments\sphinxext.py
document_lexers_overview,E:\football_v\.venv\Lib\site-packages\pip\_vendor\pygments\sphinxext.py
document_lexers,E:\football_v\.venv\Lib\site-packages\pip\_vendor\pygments\sphinxext.py
document_formatters,E:\football_v\.venv\Lib\site-packages\pip\_vendor\pygments\sphinxext.py
document_filters,E:\football_v\.venv\Lib\site-packages\pip\_vendor\pygments\sphinxext.py
format_link,E:\football_v\.venv\Lib\site-packages\pip\_vendor\pygments\sphinxext.py
write_row,E:\football_v\.venv\Lib\site-packages\pip\_vendor\pygments\sphinxext.py
write_seperator,E:\football_v\.venv\Lib\site-packages\pip\_vendor\pygments\sphinxext.py
__new__,E:\football_v\.venv\Lib\site-packages\pip\_vendor\pygments\style.py
style_for_token,E:\football_v\.venv\Lib\site-packages\pip\_vendor\pygments\style.py
list_styles,E:\football_v\.venv\Lib\site-packages\pip\_vendor\pygments\style.py
styles_token,E:\football_v\.venv\Lib\site-packages\pip\_vendor\pygments\style.py
__iter__,E:\football_v\.venv\Lib\site-packages\pip\_vendor\pygments\style.py
__len__,E:\football_v\.venv\Lib\site-packages\pip\_vendor\pygments\style.py
colorformat,E:\football_v\.venv\Lib\site-packages\pip\_vendor\pygments\style.py
is_token_subtype,E:\football_v\.venv\Lib\site-packages\pip\_vendor\pygments\token.py
string_to_tokentype,E:\football_v\.venv\Lib\site-packages\pip\_vendor\pygments\token.py
split,E:\football_v\.venv\Lib\site-packages\pip\_vendor\pygments\token.py
__init__,E:\football_v\.venv\Lib\site-packages\pip\_vendor\pygments\token.py
__contains__,E:\football_v\.venv\Lib\site-packages\pip\_vendor\pygments\token.py
__getattr__,E:\football_v\.venv\Lib\site-packages\pip\_vendor\pygments\token.py
__repr__,E:\football_v\.venv\Lib\site-packages\pip\_vendor\pygments\token.py
__copy__,E:\football_v\.venv\Lib\site-packages\pip\_vendor\pygments\token.py
__deepcopy__,E:\football_v\.venv\Lib\site-packages\pip\_vendor\pygments\token.py
combine,E:\football_v\.venv\Lib\site-packages\pip\_vendor\pygments\unistring.py
allexcept,E:\football_v\.venv\Lib\site-packages\pip\_vendor\pygments\unistring.py
_handle_runs,E:\football_v\.venv\Lib\site-packages\pip\_vendor\pygments\unistring.py
get_choice_opt,E:\football_v\.venv\Lib\site-packages\pip\_vendor\pygments\util.py
get_bool_opt,E:\football_v\.venv\Lib\site-packages\pip\_vendor\pygments\util.py
get_int_opt,E:\football_v\.venv\Lib\site-packages\pip\_vendor\pygments\util.py
get_list_opt,E:\football_v\.venv\Lib\site-packages\pip\_vendor\pygments\util.py
docstring_headline,E:\football_v\.venv\Lib\site-packages\pip\_vendor\pygments\util.py
make_analysator,E:\football_v\.venv\Lib\site-packages\pip\_vendor\pygments\util.py
shebang_matches,E:\football_v\.venv\Lib\site-packages\pip\_vendor\pygments\util.py
doctype_matches,E:\football_v\.venv\Lib\site-packages\pip\_vendor\pygments\util.py
html_doctype_matches,E:\football_v\.venv\Lib\site-packages\pip\_vendor\pygments\util.py
looks_like_xml,E:\football_v\.venv\Lib\site-packages\pip\_vendor\pygments\util.py
surrogatepair,E:\football_v\.venv\Lib\site-packages\pip\_vendor\pygments\util.py
format_lines,E:\football_v\.venv\Lib\site-packages\pip\_vendor\pygments\util.py
duplicates_removed,E:\football_v\.venv\Lib\site-packages\pip\_vendor\pygments\util.py
guess_decode,E:\football_v\.venv\Lib\site-packages\pip\_vendor\pygments\util.py
guess_decode_from_terminal,E:\football_v\.venv\Lib\site-packages\pip\_vendor\pygments\util.py
terminal_encoding,E:\football_v\.venv\Lib\site-packages\pip\_vendor\pygments\util.py
text_analyse,E:\football_v\.venv\Lib\site-packages\pip\_vendor\pygments\util.py
get,E:\football_v\.venv\Lib\site-packages\pip\_vendor\pygments\util.py
close,E:\football_v\.venv\Lib\site-packages\pip\_vendor\pygments\util.py
lex,E:\football_v\.venv\Lib\site-packages\pip\_vendor\pygments\__init__.py
format,E:\football_v\.venv\Lib\site-packages\pip\_vendor\pygments\__init__.py
highlight,E:\football_v\.venv\Lib\site-packages\pip\_vendor\pygments\__init__.py
find_filter_class,E:\football_v\.venv\Lib\site-packages\pip\_vendor\pygments\filters\__init__.py
get_filter_by_name,E:\football_v\.venv\Lib\site-packages\pip\_vendor\pygments\filters\__init__.py
get_all_filters,E:\football_v\.venv\Lib\site-packages\pip\_vendor\pygments\filters\__init__.py
_replace_special,E:\football_v\.venv\Lib\site-packages\pip\_vendor\pygments\filters\__init__.py
__init__,E:\football_v\.venv\Lib\site-packages\pip\_vendor\pygments\filters\__init__.py
filter,E:\football_v\.venv\Lib\site-packages\pip\_vendor\pygments\filters\__init__.py
__init__,E:\football_v\.venv\Lib\site-packages\pip\_vendor\pygments\filters\__init__.py
filter,E:\football_v\.venv\Lib\site-packages\pip\_vendor\pygments\filters\__init__.py
__init__,E:\football_v\.venv\Lib\site-packages\pip\_vendor\pygments\filters\__init__.py
filter,E:\football_v\.venv\Lib\site-packages\pip\_vendor\pygments\filters\__init__.py
__init__,E:\football_v\.venv\Lib\site-packages\pip\_vendor\pygments\filters\__init__.py
filter,E:\football_v\.venv\Lib\site-packages\pip\_vendor\pygments\filters\__init__.py
__init__,E:\football_v\.venv\Lib\site-packages\pip\_vendor\pygments\filters\__init__.py
filter,E:\football_v\.venv\Lib\site-packages\pip\_vendor\pygments\filters\__init__.py
__init__,E:\football_v\.venv\Lib\site-packages\pip\_vendor\pygments\filters\__init__.py
filter,E:\football_v\.venv\Lib\site-packages\pip\_vendor\pygments\filters\__init__.py
__init__,E:\football_v\.venv\Lib\site-packages\pip\_vendor\pygments\filters\__init__.py
gobble,E:\football_v\.venv\Lib\site-packages\pip\_vendor\pygments\filters\__init__.py
filter,E:\football_v\.venv\Lib\site-packages\pip\_vendor\pygments\filters\__init__.py
__init__,E:\football_v\.venv\Lib\site-packages\pip\_vendor\pygments\filters\__init__.py
filter,E:\football_v\.venv\Lib\site-packages\pip\_vendor\pygments\filters\__init__.py
replacefunc,E:\football_v\.venv\Lib\site-packages\pip\_vendor\pygments\filters\__init__.py
__init__,E:\football_v\.venv\Lib\site-packages\pip\_vendor\pygments\formatters\bbcode.py
_make_styles,E:\football_v\.venv\Lib\site-packages\pip\_vendor\pygments\formatters\bbcode.py
format_unencoded,E:\football_v\.venv\Lib\site-packages\pip\_vendor\pygments\formatters\bbcode.py
__init__,E:\football_v\.venv\Lib\site-packages\pip\_vendor\pygments\formatters\groff.py
_make_styles,E:\football_v\.venv\Lib\site-packages\pip\_vendor\pygments\formatters\groff.py
_define_colors,E:\football_v\.venv\Lib\site-packages\pip\_vendor\pygments\formatters\groff.py
_write_lineno,E:\football_v\.venv\Lib\site-packages\pip\_vendor\pygments\formatters\groff.py
_wrap_line,E:\football_v\.venv\Lib\site-packages\pip\_vendor\pygments\formatters\groff.py
_escape_chars,E:\football_v\.venv\Lib\site-packages\pip\_vendor\pygments\formatters\groff.py
format_unencoded,E:\football_v\.venv\Lib\site-packages\pip\_vendor\pygments\formatters\groff.py
escape_html,E:\football_v\.venv\Lib\site-packages\pip\_vendor\pygments\formatters\html.py
webify,E:\football_v\.venv\Lib\site-packages\pip\_vendor\pygments\formatters\html.py
_get_ttype_class,E:\football_v\.venv\Lib\site-packages\pip\_vendor\pygments\formatters\html.py
__init__,E:\football_v\.venv\Lib\site-packages\pip\_vendor\pygments\formatters\html.py
_get_css_class,E:\football_v\.venv\Lib\site-packages\pip\_vendor\pygments\formatters\html.py
_get_css_classes,E:\football_v\.venv\Lib\site-packages\pip\_vendor\pygments\formatters\html.py
_get_css_inline_styles,E:\football_v\.venv\Lib\site-packages\pip\_vendor\pygments\formatters\html.py
_create_stylesheet,E:\football_v\.venv\Lib\site-packages\pip\_vendor\pygments\formatters\html.py
get_style_defs,E:\football_v\.venv\Lib\site-packages\pip\_vendor\pygments\formatters\html.py
get_token_style_defs,E:\football_v\.venv\Lib\site-packages\pip\_vendor\pygments\formatters\html.py
get_background_style_defs,E:\football_v\.venv\Lib\site-packages\pip\_vendor\pygments\formatters\html.py
get_linenos_style_defs,E:\football_v\.venv\Lib\site-packages\pip\_vendor\pygments\formatters\html.py
get_css_prefix,E:\football_v\.venv\Lib\site-packages\pip\_vendor\pygments\formatters\html.py
_pre_style,E:\football_v\.venv\Lib\site-packages\pip\_vendor\pygments\formatters\html.py
_linenos_style,E:\football_v\.venv\Lib\site-packages\pip\_vendor\pygments\formatters\html.py
_linenos_special_style,E:\football_v\.venv\Lib\site-packages\pip\_vendor\pygments\formatters\html.py
_decodeifneeded,E:\football_v\.venv\Lib\site-packages\pip\_vendor\pygments\formatters\html.py
_wrap_full,E:\football_v\.venv\Lib\site-packages\pip\_vendor\pygments\formatters\html.py
_wrap_tablelinenos,E:\football_v\.venv\Lib\site-packages\pip\_vendor\pygments\formatters\html.py
_wrap_inlinelinenos,E:\football_v\.venv\Lib\site-packages\pip\_vendor\pygments\formatters\html.py
_wrap_lineanchors,E:\football_v\.venv\Lib\site-packages\pip\_vendor\pygments\formatters\html.py
_wrap_linespans,E:\football_v\.venv\Lib\site-packages\pip\_vendor\pygments\formatters\html.py
_wrap_div,E:\football_v\.venv\Lib\site-packages\pip\_vendor\pygments\formatters\html.py
_wrap_pre,E:\football_v\.venv\Lib\site-packages\pip\_vendor\pygments\formatters\html.py
_wrap_code,E:\football_v\.venv\Lib\site-packages\pip\_vendor\pygments\formatters\html.py
_translate_parts,E:\football_v\.venv\Lib\site-packages\pip\_vendor\pygments\formatters\html.py
_format_lines,E:\football_v\.venv\Lib\site-packages\pip\_vendor\pygments\formatters\html.py
_lookup_ctag,E:\football_v\.venv\Lib\site-packages\pip\_vendor\pygments\formatters\html.py
_highlight_lines,E:\football_v\.venv\Lib\site-packages\pip\_vendor\pygments\formatters\html.py
wrap,E:\football_v\.venv\Lib\site-packages\pip\_vendor\pygments\formatters\html.py
format_unencoded,E:\football_v\.venv\Lib\site-packages\pip\_vendor\pygments\formatters\html.py
prefix,E:\football_v\.venv\Lib\site-packages\pip\_vendor\pygments\formatters\html.py
__init__,E:\football_v\.venv\Lib\site-packages\pip\_vendor\pygments\formatters\img.py
_get_nix_font_path,E:\football_v\.venv\Lib\site-packages\pip\_vendor\pygments\formatters\img.py
_create_nix,E:\football_v\.venv\Lib\site-packages\pip\_vendor\pygments\formatters\img.py
_get_mac_font_path,E:\football_v\.venv\Lib\site-packages\pip\_vendor\pygments\formatters\img.py
_create_mac,E:\football_v\.venv\Lib\site-packages\pip\_vendor\pygments\formatters\img.py
_lookup_win,E:\football_v\.venv\Lib\site-packages\pip\_vendor\pygments\formatters\img.py
_create_win,E:\football_v\.venv\Lib\site-packages\pip\_vendor\pygments\formatters\img.py
get_char_size,E:\football_v\.venv\Lib\site-packages\pip\_vendor\pygments\formatters\img.py
get_text_size,E:\football_v\.venv\Lib\site-packages\pip\_vendor\pygments\formatters\img.py
get_font,E:\football_v\.venv\Lib\site-packages\pip\_vendor\pygments\formatters\img.py
get_style,E:\football_v\.venv\Lib\site-packages\pip\_vendor\pygments\formatters\img.py
__init__,E:\football_v\.venv\Lib\site-packages\pip\_vendor\pygments\formatters\img.py
get_style_defs,E:\football_v\.venv\Lib\site-packages\pip\_vendor\pygments\formatters\img.py
_get_line_height,E:\football_v\.venv\Lib\site-packages\pip\_vendor\pygments\formatters\img.py
_get_line_y,E:\football_v\.venv\Lib\site-packages\pip\_vendor\pygments\formatters\img.py
_get_char_width,E:\football_v\.venv\Lib\site-packages\pip\_vendor\pygments\formatters\img.py
_get_char_x,E:\football_v\.venv\Lib\site-packages\pip\_vendor\pygments\formatters\img.py
_get_text_pos,E:\football_v\.venv\Lib\site-packages\pip\_vendor\pygments\formatters\img.py
_get_linenumber_pos,E:\football_v\.venv\Lib\site-packages\pip\_vendor\pygments\formatters\img.py
_get_text_color,E:\football_v\.venv\Lib\site-packages\pip\_vendor\pygments\formatters\img.py
_get_text_bg_color,E:\football_v\.venv\Lib\site-packages\pip\_vendor\pygments\formatters\img.py
_get_style_font,E:\football_v\.venv\Lib\site-packages\pip\_vendor\pygments\formatters\img.py
_get_image_size,E:\football_v\.venv\Lib\site-packages\pip\_vendor\pygments\formatters\img.py
_draw_linenumber,E:\football_v\.venv\Lib\site-packages\pip\_vendor\pygments\formatters\img.py
_draw_text,E:\football_v\.venv\Lib\site-packages\pip\_vendor\pygments\formatters\img.py
_create_drawables,E:\football_v\.venv\Lib\site-packages\pip\_vendor\pygments\formatters\img.py
_draw_line_numbers,E:\football_v\.venv\Lib\site-packages\pip\_vendor\pygments\formatters\img.py
_paint_line_number_bg,E:\football_v\.venv\Lib\site-packages\pip\_vendor\pygments\formatters\img.py
format,E:\football_v\.venv\Lib\site-packages\pip\_vendor\pygments\formatters\img.py
ircformat,E:\football_v\.venv\Lib\site-packages\pip\_vendor\pygments\formatters\irc.py
__init__,E:\football_v\.venv\Lib\site-packages\pip\_vendor\pygments\formatters\irc.py
_write_lineno,E:\football_v\.venv\Lib\site-packages\pip\_vendor\pygments\formatters\irc.py
format_unencoded,E:\football_v\.venv\Lib\site-packages\pip\_vendor\pygments\formatters\irc.py
escape_tex,E:\football_v\.venv\Lib\site-packages\pip\_vendor\pygments\formatters\latex.py
_get_ttype_name,E:\football_v\.venv\Lib\site-packages\pip\_vendor\pygments\formatters\latex.py
__init__,E:\football_v\.venv\Lib\site-packages\pip\_vendor\pygments\formatters\latex.py
_create_stylesheet,E:\football_v\.venv\Lib\site-packages\pip\_vendor\pygments\formatters\latex.py
get_style_defs,E:\football_v\.venv\Lib\site-packages\pip\_vendor\pygments\formatters\latex.py
format_unencoded,E:\football_v\.venv\Lib\site-packages\pip\_vendor\pygments\formatters\latex.py
__init__,E:\football_v\.venv\Lib\site-packages\pip\_vendor\pygments\formatters\latex.py
get_tokens_unprocessed,E:\football_v\.venv\Lib\site-packages\pip\_vendor\pygments\formatters\latex.py
_find_safe_escape_tokens,E:\football_v\.venv\Lib\site-packages\pip\_vendor\pygments\formatters\latex.py
_filter_to,E:\football_v\.venv\Lib\site-packages\pip\_vendor\pygments\formatters\latex.py
_find_escape_tokens,E:\football_v\.venv\Lib\site-packages\pip\_vendor\pygments\formatters\latex.py
rgbcolor,E:\football_v\.venv\Lib\site-packages\pip\_vendor\pygments\formatters\latex.py
format,E:\football_v\.venv\Lib\site-packages\pip\_vendor\pygments\formatters\other.py
__init__,E:\football_v\.venv\Lib\site-packages\pip\_vendor\pygments\formatters\other.py
format,E:\football_v\.venv\Lib\site-packages\pip\_vendor\pygments\formatters\other.py
__init__,E:\football_v\.venv\Lib\site-packages\pip\_vendor\pygments\formatters\other.py
format,E:\football_v\.venv\Lib\site-packages\pip\_vendor\pygments\formatters\other.py
write,E:\football_v\.venv\Lib\site-packages\pip\_vendor\pygments\formatters\other.py
flush,E:\football_v\.venv\Lib\site-packages\pip\_vendor\pygments\formatters\other.py
escape_special_chars,E:\football_v\.venv\Lib\site-packages\pip\_vendor\pygments\formatters\pangomarkup.py
__init__,E:\football_v\.venv\Lib\site-packages\pip\_vendor\pygments\formatters\pangomarkup.py
format_unencoded,E:\football_v\.venv\Lib\site-packages\pip\_vendor\pygments\formatters\pangomarkup.py
__init__,E:\football_v\.venv\Lib\site-packages\pip\_vendor\pygments\formatters\rtf.py
_escape,E:\football_v\.venv\Lib\site-packages\pip\_vendor\pygments\formatters\rtf.py
_escape_text,E:\football_v\.venv\Lib\site-packages\pip\_vendor\pygments\formatters\rtf.py
hex_to_rtf_color,E:\football_v\.venv\Lib\site-packages\pip\_vendor\pygments\formatters\rtf.py
_split_tokens_on_newlines,E:\football_v\.venv\Lib\site-packages\pip\_vendor\pygments\formatters\rtf.py
_create_color_mapping,E:\football_v\.venv\Lib\site-packages\pip\_vendor\pygments\formatters\rtf.py
_lineno_template,E:\football_v\.venv\Lib\site-packages\pip\_vendor\pygments\formatters\rtf.py
_hl_open_str,E:\football_v\.venv\Lib\site-packages\pip\_vendor\pygments\formatters\rtf.py
_rtf_header,E:\football_v\.venv\Lib\site-packages\pip\_vendor\pygments\formatters\rtf.py
format_unencoded,E:\football_v\.venv\Lib\site-packages\pip\_vendor\pygments\formatters\rtf.py
escape_html,E:\football_v\.venv\Lib\site-packages\pip\_vendor\pygments\formatters\svg.py
__init__,E:\football_v\.venv\Lib\site-packages\pip\_vendor\pygments\formatters\svg.py
format_unencoded,E:\football_v\.venv\Lib\site-packages\pip\_vendor\pygments\formatters\svg.py
_get_style,E:\football_v\.venv\Lib\site-packages\pip\_vendor\pygments\formatters\svg.py
__init__,E:\football_v\.venv\Lib\site-packages\pip\_vendor\pygments\formatters\terminal.py
format,E:\football_v\.venv\Lib\site-packages\pip\_vendor\pygments\formatters\terminal.py
_write_lineno,E:\football_v\.venv\Lib\site-packages\pip\_vendor\pygments\formatters\terminal.py
_get_color,E:\football_v\.venv\Lib\site-packages\pip\_vendor\pygments\formatters\terminal.py
format_unencoded,E:\football_v\.venv\Lib\site-packages\pip\_vendor\pygments\formatters\terminal.py
__init__,E:\football_v\.venv\Lib\site-packages\pip\_vendor\pygments\formatters\terminal256.py
escape,E:\football_v\.venv\Lib\site-packages\pip\_vendor\pygments\formatters\terminal256.py
color_string,E:\football_v\.venv\Lib\site-packages\pip\_vendor\pygments\formatters\terminal256.py
true_color_string,E:\football_v\.venv\Lib\site-packages\pip\_vendor\pygments\formatters\terminal256.py
reset_string,E:\football_v\.venv\Lib\site-packages\pip\_vendor\pygments\formatters\terminal256.py
__init__,E:\football_v\.venv\Lib\site-packages\pip\_vendor\pygments\formatters\terminal256.py
_build_color_table,E:\football_v\.venv\Lib\site-packages\pip\_vendor\pygments\formatters\terminal256.py
_closest_color,E:\football_v\.venv\Lib\site-packages\pip\_vendor\pygments\formatters\terminal256.py
_color_index,E:\football_v\.venv\Lib\site-packages\pip\_vendor\pygments\formatters\terminal256.py
_setup_styles,E:\football_v\.venv\Lib\site-packages\pip\_vendor\pygments\formatters\terminal256.py
_write_lineno,E:\football_v\.venv\Lib\site-packages\pip\_vendor\pygments\formatters\terminal256.py
format,E:\football_v\.venv\Lib\site-packages\pip\_vendor\pygments\formatters\terminal256.py
format_unencoded,E:\football_v\.venv\Lib\site-packages\pip\_vendor\pygments\formatters\terminal256.py
_build_color_table,E:\football_v\.venv\Lib\site-packages\pip\_vendor\pygments\formatters\terminal256.py
_color_tuple,E:\football_v\.venv\Lib\site-packages\pip\_vendor\pygments\formatters\terminal256.py
_setup_styles,E:\football_v\.venv\Lib\site-packages\pip\_vendor\pygments\formatters\terminal256.py
_fn_matches,E:\football_v\.venv\Lib\site-packages\pip\_vendor\pygments\formatters\__init__.py
_load_formatters,E:\football_v\.venv\Lib\site-packages\pip\_vendor\pygments\formatters\__init__.py
get_all_formatters,E:\football_v\.venv\Lib\site-packages\pip\_vendor\pygments\formatters\__init__.py
find_formatter_class,E:\football_v\.venv\Lib\site-packages\pip\_vendor\pygments\formatters\__init__.py
get_formatter_by_name,E:\football_v\.venv\Lib\site-packages\pip\_vendor\pygments\formatters\__init__.py
load_formatter_from_file,E:\football_v\.venv\Lib\site-packages\pip\_vendor\pygments\formatters\__init__.py
get_formatter_for_filename,E:\football_v\.venv\Lib\site-packages\pip\_vendor\pygments\formatters\__init__.py
__getattr__,E:\football_v\.venv\Lib\site-packages\pip\_vendor\pygments\formatters\__init__.py
innerstring_rules,E:\football_v\.venv\Lib\site-packages\pip\_vendor\pygments\lexers\python.py
fstring_rules,E:\football_v\.venv\Lib\site-packages\pip\_vendor\pygments\lexers\python.py
analyse_text,E:\football_v\.venv\Lib\site-packages\pip\_vendor\pygments\lexers\python.py
innerstring_rules,E:\football_v\.venv\Lib\site-packages\pip\_vendor\pygments\lexers\python.py
analyse_text,E:\football_v\.venv\Lib\site-packages\pip\_vendor\pygments\lexers\python.py
__init__,E:\football_v\.venv\Lib\site-packages\pip\_vendor\pygments\lexers\python.py
get_tokens_unprocessed,E:\football_v\.venv\Lib\site-packages\pip\_vendor\pygments\lexers\python.py
analyse_text,E:\football_v\.venv\Lib\site-packages\pip\_vendor\pygments\lexers\python.py
__init__,E:\football_v\.venv\Lib\site-packages\pip\_vendor\pygments\lexers\python.py
_fn_matches,E:\football_v\.venv\Lib\site-packages\pip\_vendor\pygments\lexers\__init__.py
_load_lexers,E:\football_v\.venv\Lib\site-packages\pip\_vendor\pygments\lexers\__init__.py
get_all_lexers,E:\football_v\.venv\Lib\site-packages\pip\_vendor\pygments\lexers\__init__.py
find_lexer_class,E:\football_v\.venv\Lib\site-packages\pip\_vendor\pygments\lexers\__init__.py
find_lexer_class_by_name,E:\football_v\.venv\Lib\site-packages\pip\_vendor\pygments\lexers\__init__.py
get_lexer_by_name,E:\football_v\.venv\Lib\site-packages\pip\_vendor\pygments\lexers\__init__.py
load_lexer_from_file,E:\football_v\.venv\Lib\site-packages\pip\_vendor\pygments\lexers\__init__.py
find_lexer_class_for_filename,E:\football_v\.venv\Lib\site-packages\pip\_vendor\pygments\lexers\__init__.py
get_lexer_for_filename,E:\football_v\.venv\Lib\site-packages\pip\_vendor\pygments\lexers\__init__.py
get_lexer_for_mimetype,E:\football_v\.venv\Lib\site-packages\pip\_vendor\pygments\lexers\__init__.py
_iter_lexerclasses,E:\football_v\.venv\Lib\site-packages\pip\_vendor\pygments\lexers\__init__.py
guess_lexer_for_filename,E:\football_v\.venv\Lib\site-packages\pip\_vendor\pygments\lexers\__init__.py
guess_lexer,E:\football_v\.venv\Lib\site-packages\pip\_vendor\pygments\lexers\__init__.py
get_rating,E:\football_v\.venv\Lib\site-packages\pip\_vendor\pygments\lexers\__init__.py
type_sort,E:\football_v\.venv\Lib\site-packages\pip\_vendor\pygments\lexers\__init__.py
__getattr__,E:\football_v\.venv\Lib\site-packages\pip\_vendor\pygments\lexers\__init__.py
get_style_by_name,E:\football_v\.venv\Lib\site-packages\pip\_vendor\pygments\styles\__init__.py
get_all_styles,E:\football_v\.venv\Lib\site-packages\pip\_vendor\pygments\styles\__init__.py
write_json,E:\football_v\.venv\Lib\site-packages\pip\_vendor\pyproject_hooks\_impl.py
read_json,E:\football_v\.venv\Lib\site-packages\pip\_vendor\pyproject_hooks\_impl.py
default_subprocess_runner,E:\football_v\.venv\Lib\site-packages\pip\_vendor\pyproject_hooks\_impl.py
quiet_subprocess_runner,E:\football_v\.venv\Lib\site-packages\pip\_vendor\pyproject_hooks\_impl.py
norm_and_check,E:\football_v\.venv\Lib\site-packages\pip\_vendor\pyproject_hooks\_impl.py
__init__,E:\football_v\.venv\Lib\site-packages\pip\_vendor\pyproject_hooks\_impl.py
__init__,E:\football_v\.venv\Lib\site-packages\pip\_vendor\pyproject_hooks\_impl.py
__init__,E:\football_v\.venv\Lib\site-packages\pip\_vendor\pyproject_hooks\_impl.py
__init__,E:\football_v\.venv\Lib\site-packages\pip\_vendor\pyproject_hooks\_impl.py
subprocess_runner,E:\football_v\.venv\Lib\site-packages\pip\_vendor\pyproject_hooks\_impl.py
_supported_features,E:\football_v\.venv\Lib\site-packages\pip\_vendor\pyproject_hooks\_impl.py
get_requires_for_build_wheel,E:\football_v\.venv\Lib\site-packages\pip\_vendor\pyproject_hooks\_impl.py
prepare_metadata_for_build_wheel,E:\football_v\.venv\Lib\site-packages\pip\_vendor\pyproject_hooks\_impl.py
build_wheel,E:\football_v\.venv\Lib\site-packages\pip\_vendor\pyproject_hooks\_impl.py
get_requires_for_build_editable,E:\football_v\.venv\Lib\site-packages\pip\_vendor\pyproject_hooks\_impl.py
prepare_metadata_for_build_editable,E:\football_v\.venv\Lib\site-packages\pip\_vendor\pyproject_hooks\_impl.py
build_editable,E:\football_v\.venv\Lib\site-packages\pip\_vendor\pyproject_hooks\_impl.py
get_requires_for_build_sdist,E:\football_v\.venv\Lib\site-packages\pip\_vendor\pyproject_hooks\_impl.py
build_sdist,E:\football_v\.venv\Lib\site-packages\pip\_vendor\pyproject_hooks\_impl.py
_call_hook,E:\football_v\.venv\Lib\site-packages\pip\_vendor\pyproject_hooks\_impl.py
__call__,E:\football_v\.venv\Lib\site-packages\pip\_vendor\pyproject_hooks\_impl.py
write_json,E:\football_v\.venv\Lib\site-packages\pip\_vendor\pyproject_hooks\_in_process\_in_process.py
read_json,E:\football_v\.venv\Lib\site-packages\pip\_vendor\pyproject_hooks\_in_process\_in_process.py
_build_backend,E:\football_v\.venv\Lib\site-packages\pip\_vendor\pyproject_hooks\_in_process\_in_process.py
_supported_features,E:\football_v\.venv\Lib\site-packages\pip\_vendor\pyproject_hooks\_in_process\_in_process.py
get_requires_for_build_wheel,E:\football_v\.venv\Lib\site-packages\pip\_vendor\pyproject_hooks\_in_process\_in_process.py
get_requires_for_build_editable,E:\football_v\.venv\Lib\site-packages\pip\_vendor\pyproject_hooks\_in_process\_in_process.py
prepare_metadata_for_build_wheel,E:\football_v\.venv\Lib\site-packages\pip\_vendor\pyproject_hooks\_in_process\_in_process.py
prepare_metadata_for_build_editable,E:\football_v\.venv\Lib\site-packages\pip\_vendor\pyproject_hooks\_in_process\_in_process.py
_dist_info_files,E:\football_v\.venv\Lib\site-packages\pip\_vendor\pyproject_hooks\_in_process\_in_process.py
_get_wheel_metadata_from_wheel,E:\football_v\.venv\Lib\site-packages\pip\_vendor\pyproject_hooks\_in_process\_in_process.py
_find_already_built_wheel,E:\football_v\.venv\Lib\site-packages\pip\_vendor\pyproject_hooks\_in_process\_in_process.py
build_wheel,E:\football_v\.venv\Lib\site-packages\pip\_vendor\pyproject_hooks\_in_process\_in_process.py
build_editable,E:\football_v\.venv\Lib\site-packages\pip\_vendor\pyproject_hooks\_in_process\_in_process.py
get_requires_for_build_sdist,E:\football_v\.venv\Lib\site-packages\pip\_vendor\pyproject_hooks\_in_process\_in_process.py
build_sdist,E:\football_v\.venv\Lib\site-packages\pip\_vendor\pyproject_hooks\_in_process\_in_process.py
main,E:\football_v\.venv\Lib\site-packages\pip\_vendor\pyproject_hooks\_in_process\_in_process.py
__init__,E:\football_v\.venv\Lib\site-packages\pip\_vendor\pyproject_hooks\_in_process\_in_process.py
__init__,E:\football_v\.venv\Lib\site-packages\pip\_vendor\pyproject_hooks\_in_process\_in_process.py
__init__,E:\football_v\.venv\Lib\site-packages\pip\_vendor\pyproject_hooks\_in_process\_in_process.py
find_spec,E:\football_v\.venv\Lib\site-packages\pip\_vendor\pyproject_hooks\_in_process\_in_process.py
__init__,E:\football_v\.venv\Lib\site-packages\pip\_vendor\pyproject_hooks\_in_process\_in_process.py
find_distributions,E:\football_v\.venv\Lib\site-packages\pip\_vendor\pyproject_hooks\_in_process\_in_process.py
_in_proc_script_path,E:\football_v\.venv\Lib\site-packages\pip\_vendor\pyproject_hooks\_in_process\__init__.py
_in_proc_script_path,E:\football_v\.venv\Lib\site-packages\pip\_vendor\pyproject_hooks\_in_process\__init__.py
_urllib3_request_context,E:\football_v\.venv\Lib\site-packages\pip\_vendor\requests\adapters.py
__init__,E:\football_v\.venv\Lib\site-packages\pip\_vendor\requests\adapters.py
send,E:\football_v\.venv\Lib\site-packages\pip\_vendor\requests\adapters.py
close,E:\football_v\.venv\Lib\site-packages\pip\_vendor\requests\adapters.py
__init__,E:\football_v\.venv\Lib\site-packages\pip\_vendor\requests\adapters.py
__getstate__,E:\football_v\.venv\Lib\site-packages\pip\_vendor\requests\adapters.py
__setstate__,E:\football_v\.venv\Lib\site-packages\pip\_vendor\requests\adapters.py
init_poolmanager,E:\football_v\.venv\Lib\site-packages\pip\_vendor\requests\adapters.py
proxy_manager_for,E:\football_v\.venv\Lib\site-packages\pip\_vendor\requests\adapters.py
cert_verify,E:\football_v\.venv\Lib\site-packages\pip\_vendor\requests\adapters.py
build_response,E:\football_v\.venv\Lib\site-packages\pip\_vendor\requests\adapters.py
build_connection_pool_key_attributes,E:\football_v\.venv\Lib\site-packages\pip\_vendor\requests\adapters.py
get_connection_with_tls_context,E:\football_v\.venv\Lib\site-packages\pip\_vendor\requests\adapters.py
get_connection,E:\football_v\.venv\Lib\site-packages\pip\_vendor\requests\adapters.py
close,E:\football_v\.venv\Lib\site-packages\pip\_vendor\requests\adapters.py
request_url,E:\football_v\.venv\Lib\site-packages\pip\_vendor\requests\adapters.py
add_headers,E:\football_v\.venv\Lib\site-packages\pip\_vendor\requests\adapters.py
proxy_headers,E:\football_v\.venv\Lib\site-packages\pip\_vendor\requests\adapters.py
send,E:\football_v\.venv\Lib\site-packages\pip\_vendor\requests\adapters.py
SOCKSProxyManager,E:\football_v\.venv\Lib\site-packages\pip\_vendor\requests\adapters.py
request,E:\football_v\.venv\Lib\site-packages\pip\_vendor\requests\api.py
get,E:\football_v\.venv\Lib\site-packages\pip\_vendor\requests\api.py
options,E:\football_v\.venv\Lib\site-packages\pip\_vendor\requests\api.py
head,E:\football_v\.venv\Lib\site-packages\pip\_vendor\requests\api.py
post,E:\football_v\.venv\Lib\site-packages\pip\_vendor\requests\api.py
put,E:\football_v\.venv\Lib\site-packages\pip\_vendor\requests\api.py
patch,E:\football_v\.venv\Lib\site-packages\pip\_vendor\requests\api.py
delete,E:\football_v\.venv\Lib\site-packages\pip\_vendor\requests\api.py
_basic_auth_str,E:\football_v\.venv\Lib\site-packages\pip\_vendor\requests\auth.py
__call__,E:\football_v\.venv\Lib\site-packages\pip\_vendor\requests\auth.py
__init__,E:\football_v\.venv\Lib\site-packages\pip\_vendor\requests\auth.py
__eq__,E:\football_v\.venv\Lib\site-packages\pip\_vendor\requests\auth.py
__ne__,E:\football_v\.venv\Lib\site-packages\pip\_vendor\requests\auth.py
__call__,E:\football_v\.venv\Lib\site-packages\pip\_vendor\requests\auth.py
__call__,E:\football_v\.venv\Lib\site-packages\pip\_vendor\requests\auth.py
__init__,E:\football_v\.venv\Lib\site-packages\pip\_vendor\requests\auth.py
init_per_thread_state,E:\football_v\.venv\Lib\site-packages\pip\_vendor\requests\auth.py
build_digest_header,E:\football_v\.venv\Lib\site-packages\pip\_vendor\requests\auth.py
handle_redirect,E:\football_v\.venv\Lib\site-packages\pip\_vendor\requests\auth.py
handle_401,E:\football_v\.venv\Lib\site-packages\pip\_vendor\requests\auth.py
__call__,E:\football_v\.venv\Lib\site-packages\pip\_vendor\requests\auth.py
__eq__,E:\football_v\.venv\Lib\site-packages\pip\_vendor\requests\auth.py
__ne__,E:\football_v\.venv\Lib\site-packages\pip\_vendor\requests\auth.py
md5_utf8,E:\football_v\.venv\Lib\site-packages\pip\_vendor\requests\auth.py
sha_utf8,E:\football_v\.venv\Lib\site-packages\pip\_vendor\requests\auth.py
sha256_utf8,E:\football_v\.venv\Lib\site-packages\pip\_vendor\requests\auth.py
sha512_utf8,E:\football_v\.venv\Lib\site-packages\pip\_vendor\requests\auth.py
_resolve_char_detection,E:\football_v\.venv\Lib\site-packages\pip\_vendor\requests\compat.py
extract_cookies_to_jar,E:\football_v\.venv\Lib\site-packages\pip\_vendor\requests\cookies.py
get_cookie_header,E:\football_v\.venv\Lib\site-packages\pip\_vendor\requests\cookies.py
remove_cookie_by_name,E:\football_v\.venv\Lib\site-packages\pip\_vendor\requests\cookies.py
_copy_cookie_jar,E:\football_v\.venv\Lib\site-packages\pip\_vendor\requests\cookies.py
create_cookie,E:\football_v\.venv\Lib\site-packages\pip\_vendor\requests\cookies.py
morsel_to_cookie,E:\football_v\.venv\Lib\site-packages\pip\_vendor\requests\cookies.py
cookiejar_from_dict,E:\football_v\.venv\Lib\site-packages\pip\_vendor\requests\cookies.py
merge_cookies,E:\football_v\.venv\Lib\site-packages\pip\_vendor\requests\cookies.py
__init__,E:\football_v\.venv\Lib\site-packages\pip\_vendor\requests\cookies.py
get_type,E:\football_v\.venv\Lib\site-packages\pip\_vendor\requests\cookies.py
get_host,E:\football_v\.venv\Lib\site-packages\pip\_vendor\requests\cookies.py
get_origin_req_host,E:\football_v\.venv\Lib\site-packages\pip\_vendor\requests\cookies.py
get_full_url,E:\football_v\.venv\Lib\site-packages\pip\_vendor\requests\cookies.py
is_unverifiable,E:\football_v\.venv\Lib\site-packages\pip\_vendor\requests\cookies.py
has_header,E:\football_v\.venv\Lib\site-packages\pip\_vendor\requests\cookies.py
get_header,E:\football_v\.venv\Lib\site-packages\pip\_vendor\requests\cookies.py
add_header,E:\football_v\.venv\Lib\site-packages\pip\_vendor\requests\cookies.py
add_unredirected_header,E:\football_v\.venv\Lib\site-packages\pip\_vendor\requests\cookies.py
get_new_headers,E:\football_v\.venv\Lib\site-packages\pip\_vendor\requests\cookies.py
unverifiable,E:\football_v\.venv\Lib\site-packages\pip\_vendor\requests\cookies.py
origin_req_host,E:\football_v\.venv\Lib\site-packages\pip\_vendor\requests\cookies.py
host,E:\football_v\.venv\Lib\site-packages\pip\_vendor\requests\cookies.py
__init__,E:\football_v\.venv\Lib\site-packages\pip\_vendor\requests\cookies.py
info,E:\football_v\.venv\Lib\site-packages\pip\_vendor\requests\cookies.py
getheaders,E:\football_v\.venv\Lib\site-packages\pip\_vendor\requests\cookies.py
get,E:\football_v\.venv\Lib\site-packages\pip\_vendor\requests\cookies.py
set,E:\football_v\.venv\Lib\site-packages\pip\_vendor\requests\cookies.py
iterkeys,E:\football_v\.venv\Lib\site-packages\pip\_vendor\requests\cookies.py
keys,E:\football_v\.venv\Lib\site-packages\pip\_vendor\requests\cookies.py
itervalues,E:\football_v\.venv\Lib\site-packages\pip\_vendor\requests\cookies.py
values,E:\football_v\.venv\Lib\site-packages\pip\_vendor\requests\cookies.py
iteritems,E:\football_v\.venv\Lib\site-packages\pip\_vendor\requests\cookies.py
items,E:\football_v\.venv\Lib\site-packages\pip\_vendor\requests\cookies.py
list_domains,E:\football_v\.venv\Lib\site-packages\pip\_vendor\requests\cookies.py
list_paths,E:\football_v\.venv\Lib\site-packages\pip\_vendor\requests\cookies.py
multiple_domains,E:\football_v\.venv\Lib\site-packages\pip\_vendor\requests\cookies.py
get_dict,E:\football_v\.venv\Lib\site-packages\pip\_vendor\requests\cookies.py
__contains__,E:\football_v\.venv\Lib\site-packages\pip\_vendor\requests\cookies.py
__getitem__,E:\football_v\.venv\Lib\site-packages\pip\_vendor\requests\cookies.py
__setitem__,E:\football_v\.venv\Lib\site-packages\pip\_vendor\requests\cookies.py
__delitem__,E:\football_v\.venv\Lib\site-packages\pip\_vendor\requests\cookies.py
set_cookie,E:\football_v\.venv\Lib\site-packages\pip\_vendor\requests\cookies.py
update,E:\football_v\.venv\Lib\site-packages\pip\_vendor\requests\cookies.py
_find,E:\football_v\.venv\Lib\site-packages\pip\_vendor\requests\cookies.py
_find_no_duplicates,E:\football_v\.venv\Lib\site-packages\pip\_vendor\requests\cookies.py
__getstate__,E:\football_v\.venv\Lib\site-packages\pip\_vendor\requests\cookies.py
__setstate__,E:\football_v\.venv\Lib\site-packages\pip\_vendor\requests\cookies.py
copy,E:\football_v\.venv\Lib\site-packages\pip\_vendor\requests\cookies.py
get_policy,E:\football_v\.venv\Lib\site-packages\pip\_vendor\requests\cookies.py
__init__,E:\football_v\.venv\Lib\site-packages\pip\_vendor\requests\exceptions.py
__init__,E:\football_v\.venv\Lib\site-packages\pip\_vendor\requests\exceptions.py
__reduce__,E:\football_v\.venv\Lib\site-packages\pip\_vendor\requests\exceptions.py
_implementation,E:\football_v\.venv\Lib\site-packages\pip\_vendor\requests\help.py
info,E:\football_v\.venv\Lib\site-packages\pip\_vendor\requests\help.py
main,E:\football_v\.venv\Lib\site-packages\pip\_vendor\requests\help.py
default_hooks,E:\football_v\.venv\Lib\site-packages\pip\_vendor\requests\hooks.py
dispatch_hook,E:\football_v\.venv\Lib\site-packages\pip\_vendor\requests\hooks.py
path_url,E:\football_v\.venv\Lib\site-packages\pip\_vendor\requests\models.py
_encode_params,E:\football_v\.venv\Lib\site-packages\pip\_vendor\requests\models.py
_encode_files,E:\football_v\.venv\Lib\site-packages\pip\_vendor\requests\models.py
register_hook,E:\football_v\.venv\Lib\site-packages\pip\_vendor\requests\models.py
deregister_hook,E:\football_v\.venv\Lib\site-packages\pip\_vendor\requests\models.py
__init__,E:\football_v\.venv\Lib\site-packages\pip\_vendor\requests\models.py
__repr__,E:\football_v\.venv\Lib\site-packages\pip\_vendor\requests\models.py
prepare,E:\football_v\.venv\Lib\site-packages\pip\_vendor\requests\models.py
__init__,E:\football_v\.venv\Lib\site-packages\pip\_vendor\requests\models.py
prepare,E:\football_v\.venv\Lib\site-packages\pip\_vendor\requests\models.py
__repr__,E:\football_v\.venv\Lib\site-packages\pip\_vendor\requests\models.py
copy,E:\football_v\.venv\Lib\site-packages\pip\_vendor\requests\models.py
prepare_method,E:\football_v\.venv\Lib\site-packages\pip\_vendor\requests\models.py
_get_idna_encoded_host,E:\football_v\.venv\Lib\site-packages\pip\_vendor\requests\models.py
prepare_url,E:\football_v\.venv\Lib\site-packages\pip\_vendor\requests\models.py
prepare_headers,E:\football_v\.venv\Lib\site-packages\pip\_vendor\requests\models.py
prepare_body,E:\football_v\.venv\Lib\site-packages\pip\_vendor\requests\models.py
prepare_content_length,E:\football_v\.venv\Lib\site-packages\pip\_vendor\requests\models.py
prepare_auth,E:\football_v\.venv\Lib\site-packages\pip\_vendor\requests\models.py
prepare_cookies,E:\football_v\.venv\Lib\site-packages\pip\_vendor\requests\models.py
prepare_hooks,E:\football_v\.venv\Lib\site-packages\pip\_vendor\requests\models.py
__init__,E:\football_v\.venv\Lib\site-packages\pip\_vendor\requests\models.py
__enter__,E:\football_v\.venv\Lib\site-packages\pip\_vendor\requests\models.py
__exit__,E:\football_v\.venv\Lib\site-packages\pip\_vendor\requests\models.py
__getstate__,E:\football_v\.venv\Lib\site-packages\pip\_vendor\requests\models.py
__setstate__,E:\football_v\.venv\Lib\site-packages\pip\_vendor\requests\models.py
__repr__,E:\football_v\.venv\Lib\site-packages\pip\_vendor\requests\models.py
__bool__,E:\football_v\.venv\Lib\site-packages\pip\_vendor\requests\models.py
__nonzero__,E:\football_v\.venv\Lib\site-packages\pip\_vendor\requests\models.py
__iter__,E:\football_v\.venv\Lib\site-packages\pip\_vendor\requests\models.py
ok,E:\football_v\.venv\Lib\site-packages\pip\_vendor\requests\models.py
is_redirect,E:\football_v\.venv\Lib\site-packages\pip\_vendor\requests\models.py
is_permanent_redirect,E:\football_v\.venv\Lib\site-packages\pip\_vendor\requests\models.py
next,E:\football_v\.venv\Lib\site-packages\pip\_vendor\requests\models.py
apparent_encoding,E:\football_v\.venv\Lib\site-packages\pip\_vendor\requests\models.py
iter_content,E:\football_v\.venv\Lib\site-packages\pip\_vendor\requests\models.py
iter_lines,E:\football_v\.venv\Lib\site-packages\pip\_vendor\requests\models.py
content,E:\football_v\.venv\Lib\site-packages\pip\_vendor\requests\models.py
text,E:\football_v\.venv\Lib\site-packages\pip\_vendor\requests\models.py
json,E:\football_v\.venv\Lib\site-packages\pip\_vendor\requests\models.py
links,E:\football_v\.venv\Lib\site-packages\pip\_vendor\requests\models.py
raise_for_status,E:\football_v\.venv\Lib\site-packages\pip\_vendor\requests\models.py
close,E:\football_v\.venv\Lib\site-packages\pip\_vendor\requests\models.py
generate,E:\football_v\.venv\Lib\site-packages\pip\_vendor\requests\models.py
merge_setting,E:\football_v\.venv\Lib\site-packages\pip\_vendor\requests\sessions.py
merge_hooks,E:\football_v\.venv\Lib\site-packages\pip\_vendor\requests\sessions.py
session,E:\football_v\.venv\Lib\site-packages\pip\_vendor\requests\sessions.py
get_redirect_target,E:\football_v\.venv\Lib\site-packages\pip\_vendor\requests\sessions.py
should_strip_auth,E:\football_v\.venv\Lib\site-packages\pip\_vendor\requests\sessions.py
resolve_redirects,E:\football_v\.venv\Lib\site-packages\pip\_vendor\requests\sessions.py
rebuild_auth,E:\football_v\.venv\Lib\site-packages\pip\_vendor\requests\sessions.py
rebuild_proxies,E:\football_v\.venv\Lib\site-packages\pip\_vendor\requests\sessions.py
rebuild_method,E:\football_v\.venv\Lib\site-packages\pip\_vendor\requests\sessions.py
__init__,E:\football_v\.venv\Lib\site-packages\pip\_vendor\requests\sessions.py
__enter__,E:\football_v\.venv\Lib\site-packages\pip\_vendor\requests\sessions.py
__exit__,E:\football_v\.venv\Lib\site-packages\pip\_vendor\requests\sessions.py
prepare_request,E:\football_v\.venv\Lib\site-packages\pip\_vendor\requests\sessions.py
request,E:\football_v\.venv\Lib\site-packages\pip\_vendor\requests\sessions.py
get,E:\football_v\.venv\Lib\site-packages\pip\_vendor\requests\sessions.py
options,E:\football_v\.venv\Lib\site-packages\pip\_vendor\requests\sessions.py
head,E:\football_v\.venv\Lib\site-packages\pip\_vendor\requests\sessions.py
post,E:\football_v\.venv\Lib\site-packages\pip\_vendor\requests\sessions.py
put,E:\football_v\.venv\Lib\site-packages\pip\_vendor\requests\sessions.py
patch,E:\football_v\.venv\Lib\site-packages\pip\_vendor\requests\sessions.py
delete,E:\football_v\.venv\Lib\site-packages\pip\_vendor\requests\sessions.py
send,E:\football_v\.venv\Lib\site-packages\pip\_vendor\requests\sessions.py
merge_environment_settings,E:\football_v\.venv\Lib\site-packages\pip\_vendor\requests\sessions.py
get_adapter,E:\football_v\.venv\Lib\site-packages\pip\_vendor\requests\sessions.py
close,E:\football_v\.venv\Lib\site-packages\pip\_vendor\requests\sessions.py
mount,E:\football_v\.venv\Lib\site-packages\pip\_vendor\requests\sessions.py
__getstate__,E:\football_v\.venv\Lib\site-packages\pip\_vendor\requests\sessions.py
__setstate__,E:\football_v\.venv\Lib\site-packages\pip\_vendor\requests\sessions.py
_init,E:\football_v\.venv\Lib\site-packages\pip\_vendor\requests\status_codes.py
doc,E:\football_v\.venv\Lib\site-packages\pip\_vendor\requests\status_codes.py
__init__,E:\football_v\.venv\Lib\site-packages\pip\_vendor\requests\structures.py
__setitem__,E:\football_v\.venv\Lib\site-packages\pip\_vendor\requests\structures.py
__getitem__,E:\football_v\.venv\Lib\site-packages\pip\_vendor\requests\structures.py
__delitem__,E:\football_v\.venv\Lib\site-packages\pip\_vendor\requests\structures.py
__iter__,E:\football_v\.venv\Lib\site-packages\pip\_vendor\requests\structures.py
__len__,E:\football_v\.venv\Lib\site-packages\pip\_vendor\requests\structures.py
lower_items,E:\football_v\.venv\Lib\site-packages\pip\_vendor\requests\structures.py
__eq__,E:\football_v\.venv\Lib\site-packages\pip\_vendor\requests\structures.py
copy,E:\football_v\.venv\Lib\site-packages\pip\_vendor\requests\structures.py
__repr__,E:\football_v\.venv\Lib\site-packages\pip\_vendor\requests\structures.py
__init__,E:\football_v\.venv\Lib\site-packages\pip\_vendor\requests\structures.py
__repr__,E:\football_v\.venv\Lib\site-packages\pip\_vendor\requests\structures.py
__getitem__,E:\football_v\.venv\Lib\site-packages\pip\_vendor\requests\structures.py
get,E:\football_v\.venv\Lib\site-packages\pip\_vendor\requests\structures.py
dict_to_sequence,E:\football_v\.venv\Lib\site-packages\pip\_vendor\requests\utils.py
super_len,E:\football_v\.venv\Lib\site-packages\pip\_vendor\requests\utils.py
get_netrc_auth,E:\football_v\.venv\Lib\site-packages\pip\_vendor\requests\utils.py
guess_filename,E:\football_v\.venv\Lib\site-packages\pip\_vendor\requests\utils.py
extract_zipped_paths,E:\football_v\.venv\Lib\site-packages\pip\_vendor\requests\utils.py
atomic_open,E:\football_v\.venv\Lib\site-packages\pip\_vendor\requests\utils.py
from_key_val_list,E:\football_v\.venv\Lib\site-packages\pip\_vendor\requests\utils.py
to_key_val_list,E:\football_v\.venv\Lib\site-packages\pip\_vendor\requests\utils.py
parse_list_header,E:\football_v\.venv\Lib\site-packages\pip\_vendor\requests\utils.py
parse_dict_header,E:\football_v\.venv\Lib\site-packages\pip\_vendor\requests\utils.py
unquote_header_value,E:\football_v\.venv\Lib\site-packages\pip\_vendor\requests\utils.py
dict_from_cookiejar,E:\football_v\.venv\Lib\site-packages\pip\_vendor\requests\utils.py
add_dict_to_cookiejar,E:\football_v\.venv\Lib\site-packages\pip\_vendor\requests\utils.py
get_encodings_from_content,E:\football_v\.venv\Lib\site-packages\pip\_vendor\requests\utils.py
_parse_content_type_header,E:\football_v\.venv\Lib\site-packages\pip\_vendor\requests\utils.py
get_encoding_from_headers,E:\football_v\.venv\Lib\site-packages\pip\_vendor\requests\utils.py
stream_decode_response_unicode,E:\football_v\.venv\Lib\site-packages\pip\_vendor\requests\utils.py
iter_slices,E:\football_v\.venv\Lib\site-packages\pip\_vendor\requests\utils.py
get_unicode_from_response,E:\football_v\.venv\Lib\site-packages\pip\_vendor\requests\utils.py
unquote_unreserved,E:\football_v\.venv\Lib\site-packages\pip\_vendor\requests\utils.py
requote_uri,E:\football_v\.venv\Lib\site-packages\pip\_vendor\requests\utils.py
address_in_network,E:\football_v\.venv\Lib\site-packages\pip\_vendor\requests\utils.py
dotted_netmask,E:\football_v\.venv\Lib\site-packages\pip\_vendor\requests\utils.py
is_ipv4_address,E:\football_v\.venv\Lib\site-packages\pip\_vendor\requests\utils.py
is_valid_cidr,E:\football_v\.venv\Lib\site-packages\pip\_vendor\requests\utils.py
set_environ,E:\football_v\.venv\Lib\site-packages\pip\_vendor\requests\utils.py
should_bypass_proxies,E:\football_v\.venv\Lib\site-packages\pip\_vendor\requests\utils.py
get_environ_proxies,E:\football_v\.venv\Lib\site-packages\pip\_vendor\requests\utils.py
select_proxy,E:\football_v\.venv\Lib\site-packages\pip\_vendor\requests\utils.py
resolve_proxies,E:\football_v\.venv\Lib\site-packages\pip\_vendor\requests\utils.py
default_user_agent,E:\football_v\.venv\Lib\site-packages\pip\_vendor\requests\utils.py
default_headers,E:\football_v\.venv\Lib\site-packages\pip\_vendor\requests\utils.py
parse_header_links,E:\football_v\.venv\Lib\site-packages\pip\_vendor\requests\utils.py
guess_json_utf,E:\football_v\.venv\Lib\site-packages\pip\_vendor\requests\utils.py
prepend_scheme_if_needed,E:\football_v\.venv\Lib\site-packages\pip\_vendor\requests\utils.py
get_auth_from_url,E:\football_v\.venv\Lib\site-packages\pip\_vendor\requests\utils.py
check_header_validity,E:\football_v\.venv\Lib\site-packages\pip\_vendor\requests\utils.py
_validate_header_part,E:\football_v\.venv\Lib\site-packages\pip\_vendor\requests\utils.py
urldefragauth,E:\football_v\.venv\Lib\site-packages\pip\_vendor\requests\utils.py
rewind_body,E:\football_v\.venv\Lib\site-packages\pip\_vendor\requests\utils.py
proxy_bypass_registry,E:\football_v\.venv\Lib\site-packages\pip\_vendor\requests\utils.py
proxy_bypass,E:\football_v\.venv\Lib\site-packages\pip\_vendor\requests\utils.py
get_proxy,E:\football_v\.venv\Lib\site-packages\pip\_vendor\requests\utils.py
to_native_string,E:\football_v\.venv\Lib\site-packages\pip\_vendor\requests\_internal_utils.py
unicode_is_ascii,E:\football_v\.venv\Lib\site-packages\pip\_vendor\requests\_internal_utils.py
check_compatibility,E:\football_v\.venv\Lib\site-packages\pip\_vendor\requests\__init__.py
_check_cryptography,E:\football_v\.venv\Lib\site-packages\pip\_vendor\requests\__init__.py
identify,E:\football_v\.venv\Lib\site-packages\pip\_vendor\resolvelib\providers.py
get_preference,E:\football_v\.venv\Lib\site-packages\pip\_vendor\resolvelib\providers.py
find_matches,E:\football_v\.venv\Lib\site-packages\pip\_vendor\resolvelib\providers.py
is_satisfied_by,E:\football_v\.venv\Lib\site-packages\pip\_vendor\resolvelib\providers.py
get_dependencies,E:\football_v\.venv\Lib\site-packages\pip\_vendor\resolvelib\providers.py
__init__,E:\football_v\.venv\Lib\site-packages\pip\_vendor\resolvelib\providers.py
resolve,E:\football_v\.venv\Lib\site-packages\pip\_vendor\resolvelib\providers.py
starting,E:\football_v\.venv\Lib\site-packages\pip\_vendor\resolvelib\reporters.py
starting_round,E:\football_v\.venv\Lib\site-packages\pip\_vendor\resolvelib\reporters.py
ending_round,E:\football_v\.venv\Lib\site-packages\pip\_vendor\resolvelib\reporters.py
ending,E:\football_v\.venv\Lib\site-packages\pip\_vendor\resolvelib\reporters.py
adding_requirement,E:\football_v\.venv\Lib\site-packages\pip\_vendor\resolvelib\reporters.py
resolving_conflicts,E:\football_v\.venv\Lib\site-packages\pip\_vendor\resolvelib\reporters.py
rejecting_candidate,E:\football_v\.venv\Lib\site-packages\pip\_vendor\resolvelib\reporters.py
pinning,E:\football_v\.venv\Lib\site-packages\pip\_vendor\resolvelib\reporters.py
_has_route_to_root,E:\football_v\.venv\Lib\site-packages\pip\_vendor\resolvelib\resolvers.py
_build_result,E:\football_v\.venv\Lib\site-packages\pip\_vendor\resolvelib\resolvers.py
__init__,E:\football_v\.venv\Lib\site-packages\pip\_vendor\resolvelib\resolvers.py
__str__,E:\football_v\.venv\Lib\site-packages\pip\_vendor\resolvelib\resolvers.py
__init__,E:\football_v\.venv\Lib\site-packages\pip\_vendor\resolvelib\resolvers.py
__str__,E:\football_v\.venv\Lib\site-packages\pip\_vendor\resolvelib\resolvers.py
__init__,E:\football_v\.venv\Lib\site-packages\pip\_vendor\resolvelib\resolvers.py
__repr__,E:\football_v\.venv\Lib\site-packages\pip\_vendor\resolvelib\resolvers.py
iter_requirement,E:\football_v\.venv\Lib\site-packages\pip\_vendor\resolvelib\resolvers.py
iter_parent,E:\football_v\.venv\Lib\site-packages\pip\_vendor\resolvelib\resolvers.py
__init__,E:\football_v\.venv\Lib\site-packages\pip\_vendor\resolvelib\resolvers.py
__init__,E:\football_v\.venv\Lib\site-packages\pip\_vendor\resolvelib\resolvers.py
__init__,E:\football_v\.venv\Lib\site-packages\pip\_vendor\resolvelib\resolvers.py
state,E:\football_v\.venv\Lib\site-packages\pip\_vendor\resolvelib\resolvers.py
_push_new_state,E:\football_v\.venv\Lib\site-packages\pip\_vendor\resolvelib\resolvers.py
_add_to_criteria,E:\football_v\.venv\Lib\site-packages\pip\_vendor\resolvelib\resolvers.py
_remove_information_from_criteria,E:\football_v\.venv\Lib\site-packages\pip\_vendor\resolvelib\resolvers.py
_get_preference,E:\football_v\.venv\Lib\site-packages\pip\_vendor\resolvelib\resolvers.py
_is_current_pin_satisfying,E:\football_v\.venv\Lib\site-packages\pip\_vendor\resolvelib\resolvers.py
_get_updated_criteria,E:\football_v\.venv\Lib\site-packages\pip\_vendor\resolvelib\resolvers.py
_attempt_to_pin_criterion,E:\football_v\.venv\Lib\site-packages\pip\_vendor\resolvelib\resolvers.py
_backjump,E:\football_v\.venv\Lib\site-packages\pip\_vendor\resolvelib\resolvers.py
resolve,E:\football_v\.venv\Lib\site-packages\pip\_vendor\resolvelib\resolvers.py
resolve,E:\football_v\.venv\Lib\site-packages\pip\_vendor\resolvelib\resolvers.py
_patch_criteria,E:\football_v\.venv\Lib\site-packages\pip\_vendor\resolvelib\resolvers.py
build_iter_view,E:\football_v\.venv\Lib\site-packages\pip\_vendor\resolvelib\structs.py
__init__,E:\football_v\.venv\Lib\site-packages\pip\_vendor\resolvelib\structs.py
__iter__,E:\football_v\.venv\Lib\site-packages\pip\_vendor\resolvelib\structs.py
__len__,E:\football_v\.venv\Lib\site-packages\pip\_vendor\resolvelib\structs.py
__contains__,E:\football_v\.venv\Lib\site-packages\pip\_vendor\resolvelib\structs.py
copy,E:\football_v\.venv\Lib\site-packages\pip\_vendor\resolvelib\structs.py
add,E:\football_v\.venv\Lib\site-packages\pip\_vendor\resolvelib\structs.py
remove,E:\football_v\.venv\Lib\site-packages\pip\_vendor\resolvelib\structs.py
connected,E:\football_v\.venv\Lib\site-packages\pip\_vendor\resolvelib\structs.py
connect,E:\football_v\.venv\Lib\site-packages\pip\_vendor\resolvelib\structs.py
iter_edges,E:\football_v\.venv\Lib\site-packages\pip\_vendor\resolvelib\structs.py
iter_children,E:\football_v\.venv\Lib\site-packages\pip\_vendor\resolvelib\structs.py
iter_parents,E:\football_v\.venv\Lib\site-packages\pip\_vendor\resolvelib\structs.py
__init__,E:\football_v\.venv\Lib\site-packages\pip\_vendor\resolvelib\structs.py
__repr__,E:\football_v\.venv\Lib\site-packages\pip\_vendor\resolvelib\structs.py
__bool__,E:\football_v\.venv\Lib\site-packages\pip\_vendor\resolvelib\structs.py
__contains__,E:\football_v\.venv\Lib\site-packages\pip\_vendor\resolvelib\structs.py
__getitem__,E:\football_v\.venv\Lib\site-packages\pip\_vendor\resolvelib\structs.py
__iter__,E:\football_v\.venv\Lib\site-packages\pip\_vendor\resolvelib\structs.py
__len__,E:\football_v\.venv\Lib\site-packages\pip\_vendor\resolvelib\structs.py
__init__,E:\football_v\.venv\Lib\site-packages\pip\_vendor\resolvelib\structs.py
__repr__,E:\football_v\.venv\Lib\site-packages\pip\_vendor\resolvelib\structs.py
__bool__,E:\football_v\.venv\Lib\site-packages\pip\_vendor\resolvelib\structs.py
__iter__,E:\football_v\.venv\Lib\site-packages\pip\_vendor\resolvelib\structs.py
__init__,E:\football_v\.venv\Lib\site-packages\pip\_vendor\resolvelib\structs.py
__repr__,E:\football_v\.venv\Lib\site-packages\pip\_vendor\resolvelib\structs.py
__bool__,E:\football_v\.venv\Lib\site-packages\pip\_vendor\resolvelib\structs.py
__iter__,E:\football_v\.venv\Lib\site-packages\pip\_vendor\resolvelib\structs.py
__subclasshook__,E:\football_v\.venv\Lib\site-packages\pip\_vendor\rich\abc.py
__init__,E:\football_v\.venv\Lib\site-packages\pip\_vendor\rich\align.py
__repr__,E:\football_v\.venv\Lib\site-packages\pip\_vendor\rich\align.py
left,E:\football_v\.venv\Lib\site-packages\pip\_vendor\rich\align.py
center,E:\football_v\.venv\Lib\site-packages\pip\_vendor\rich\align.py
right,E:\football_v\.venv\Lib\site-packages\pip\_vendor\rich\align.py
__rich_console__,E:\football_v\.venv\Lib\site-packages\pip\_vendor\rich\align.py
__rich_measure__,E:\football_v\.venv\Lib\site-packages\pip\_vendor\rich\align.py
__init__,E:\football_v\.venv\Lib\site-packages\pip\_vendor\rich\align.py
__repr__,E:\football_v\.venv\Lib\site-packages\pip\_vendor\rich\align.py
__rich_console__,E:\football_v\.venv\Lib\site-packages\pip\_vendor\rich\align.py
__rich_measure__,E:\football_v\.venv\Lib\site-packages\pip\_vendor\rich\align.py
generate_segments,E:\football_v\.venv\Lib\site-packages\pip\_vendor\rich\align.py
blank_lines,E:\football_v\.venv\Lib\site-packages\pip\_vendor\rich\align.py
blank_lines,E:\football_v\.venv\Lib\site-packages\pip\_vendor\rich\align.py
_ansi_tokenize,E:\football_v\.venv\Lib\site-packages\pip\_vendor\rich\ansi.py
__init__,E:\football_v\.venv\Lib\site-packages\pip\_vendor\rich\ansi.py
decode,E:\football_v\.venv\Lib\site-packages\pip\_vendor\rich\ansi.py
decode_line,E:\football_v\.venv\Lib\site-packages\pip\_vendor\rich\ansi.py
read,E:\football_v\.venv\Lib\site-packages\pip\_vendor\rich\ansi.py
__init__,E:\football_v\.venv\Lib\site-packages\pip\_vendor\rich\bar.py
__repr__,E:\football_v\.venv\Lib\site-packages\pip\_vendor\rich\bar.py
__rich_console__,E:\football_v\.venv\Lib\site-packages\pip\_vendor\rich\bar.py
__rich_measure__,E:\football_v\.venv\Lib\site-packages\pip\_vendor\rich\bar.py
__init__,E:\football_v\.venv\Lib\site-packages\pip\_vendor\rich\box.py
__repr__,E:\football_v\.venv\Lib\site-packages\pip\_vendor\rich\box.py
__str__,E:\football_v\.venv\Lib\site-packages\pip\_vendor\rich\box.py
substitute,E:\football_v\.venv\Lib\site-packages\pip\_vendor\rich\box.py
get_plain_headed_box,E:\football_v\.venv\Lib\site-packages\pip\_vendor\rich\box.py
get_top,E:\football_v\.venv\Lib\site-packages\pip\_vendor\rich\box.py
get_row,E:\football_v\.venv\Lib\site-packages\pip\_vendor\rich\box.py
get_bottom,E:\football_v\.venv\Lib\site-packages\pip\_vendor\rich\box.py
cached_cell_len,E:\football_v\.venv\Lib\site-packages\pip\_vendor\rich\cells.py
cell_len,E:\football_v\.venv\Lib\site-packages\pip\_vendor\rich\cells.py
get_character_cell_size,E:\football_v\.venv\Lib\site-packages\pip\_vendor\rich\cells.py
set_cell_size,E:\football_v\.venv\Lib\site-packages\pip\_vendor\rich\cells.py
chop_cells,E:\football_v\.venv\Lib\site-packages\pip\_vendor\rich\cells.py
parse_rgb_hex,E:\football_v\.venv\Lib\site-packages\pip\_vendor\rich\color.py
blend_rgb,E:\football_v\.venv\Lib\site-packages\pip\_vendor\rich\color.py
__repr__,E:\football_v\.venv\Lib\site-packages\pip\_vendor\rich\color.py
__str__,E:\football_v\.venv\Lib\site-packages\pip\_vendor\rich\color.py
__repr__,E:\football_v\.venv\Lib\site-packages\pip\_vendor\rich\color.py
__rich__,E:\football_v\.venv\Lib\site-packages\pip\_vendor\rich\color.py
__rich_repr__,E:\football_v\.venv\Lib\site-packages\pip\_vendor\rich\color.py
system,E:\football_v\.venv\Lib\site-packages\pip\_vendor\rich\color.py
is_system_defined,E:\football_v\.venv\Lib\site-packages\pip\_vendor\rich\color.py
is_default,E:\football_v\.venv\Lib\site-packages\pip\_vendor\rich\color.py
get_truecolor,E:\football_v\.venv\Lib\site-packages\pip\_vendor\rich\color.py
from_ansi,E:\football_v\.venv\Lib\site-packages\pip\_vendor\rich\color.py
from_triplet,E:\football_v\.venv\Lib\site-packages\pip\_vendor\rich\color.py
from_rgb,E:\football_v\.venv\Lib\site-packages\pip\_vendor\rich\color.py
default,E:\football_v\.venv\Lib\site-packages\pip\_vendor\rich\color.py
parse,E:\football_v\.venv\Lib\site-packages\pip\_vendor\rich\color.py
get_ansi_codes,E:\football_v\.venv\Lib\site-packages\pip\_vendor\rich\color.py
downgrade,E:\football_v\.venv\Lib\site-packages\pip\_vendor\rich\color.py
hex,E:\football_v\.venv\Lib\site-packages\pip\_vendor\rich\color_triplet.py
rgb,E:\football_v\.venv\Lib\site-packages\pip\_vendor\rich\color_triplet.py
normalized,E:\football_v\.venv\Lib\site-packages\pip\_vendor\rich\color_triplet.py
__init__,E:\football_v\.venv\Lib\site-packages\pip\_vendor\rich\columns.py
add_renderable,E:\football_v\.venv\Lib\site-packages\pip\_vendor\rich\columns.py
__rich_console__,E:\football_v\.venv\Lib\site-packages\pip\_vendor\rich\columns.py
iter_renderables,E:\football_v\.venv\Lib\site-packages\pip\_vendor\rich\columns.py
group,E:\football_v\.venv\Lib\site-packages\pip\_vendor\rich\console.py
_is_jupyter,E:\football_v\.venv\Lib\site-packages\pip\_vendor\rich\console.py
get_windows_console_features,E:\football_v\.venv\Lib\site-packages\pip\_vendor\rich\console.py
detect_legacy_windows,E:\football_v\.venv\Lib\site-packages\pip\_vendor\rich\console.py
_svg_hash,E:\football_v\.venv\Lib\site-packages\pip\_vendor\rich\console.py
ascii_only,E:\football_v\.venv\Lib\site-packages\pip\_vendor\rich\console.py
copy,E:\football_v\.venv\Lib\site-packages\pip\_vendor\rich\console.py
update,E:\football_v\.venv\Lib\site-packages\pip\_vendor\rich\console.py
update_width,E:\football_v\.venv\Lib\site-packages\pip\_vendor\rich\console.py
update_height,E:\football_v\.venv\Lib\site-packages\pip\_vendor\rich\console.py
reset_height,E:\football_v\.venv\Lib\site-packages\pip\_vendor\rich\console.py
update_dimensions,E:\football_v\.venv\Lib\site-packages\pip\_vendor\rich\console.py
__rich__,E:\football_v\.venv\Lib\site-packages\pip\_vendor\rich\console.py
__rich_console__,E:\football_v\.venv\Lib\site-packages\pip\_vendor\rich\console.py
__init__,E:\football_v\.venv\Lib\site-packages\pip\_vendor\rich\console.py
__rich_console__,E:\football_v\.venv\Lib\site-packages\pip\_vendor\rich\console.py
__init__,E:\football_v\.venv\Lib\site-packages\pip\_vendor\rich\console.py
__rich_console__,E:\football_v\.venv\Lib\site-packages\pip\_vendor\rich\console.py
__init__,E:\football_v\.venv\Lib\site-packages\pip\_vendor\rich\console.py
__enter__,E:\football_v\.venv\Lib\site-packages\pip\_vendor\rich\console.py
__exit__,E:\football_v\.venv\Lib\site-packages\pip\_vendor\rich\console.py
get,E:\football_v\.venv\Lib\site-packages\pip\_vendor\rich\console.py
__init__,E:\football_v\.venv\Lib\site-packages\pip\_vendor\rich\console.py
__enter__,E:\football_v\.venv\Lib\site-packages\pip\_vendor\rich\console.py
__exit__,E:\football_v\.venv\Lib\site-packages\pip\_vendor\rich\console.py
__init__,E:\football_v\.venv\Lib\site-packages\pip\_vendor\rich\console.py
__enter__,E:\football_v\.venv\Lib\site-packages\pip\_vendor\rich\console.py
__exit__,E:\football_v\.venv\Lib\site-packages\pip\_vendor\rich\console.py
__init__,E:\football_v\.venv\Lib\site-packages\pip\_vendor\rich\console.py
update,E:\football_v\.venv\Lib\site-packages\pip\_vendor\rich\console.py
__enter__,E:\football_v\.venv\Lib\site-packages\pip\_vendor\rich\console.py
__exit__,E:\football_v\.venv\Lib\site-packages\pip\_vendor\rich\console.py
__init__,E:\football_v\.venv\Lib\site-packages\pip\_vendor\rich\console.py
renderables,E:\football_v\.venv\Lib\site-packages\pip\_vendor\rich\console.py
__rich_measure__,E:\football_v\.venv\Lib\site-packages\pip\_vendor\rich\console.py
__rich_console__,E:\football_v\.venv\Lib\site-packages\pip\_vendor\rich\console.py
decorator,E:\football_v\.venv\Lib\site-packages\pip\_vendor\rich\console.py
process_renderables,E:\football_v\.venv\Lib\site-packages\pip\_vendor\rich\console.py
__init__,E:\football_v\.venv\Lib\site-packages\pip\_vendor\rich\console.py
__repr__,E:\football_v\.venv\Lib\site-packages\pip\_vendor\rich\console.py
file,E:\football_v\.venv\Lib\site-packages\pip\_vendor\rich\console.py
file,E:\football_v\.venv\Lib\site-packages\pip\_vendor\rich\console.py
_buffer,E:\football_v\.venv\Lib\site-packages\pip\_vendor\rich\console.py
_buffer_index,E:\football_v\.venv\Lib\site-packages\pip\_vendor\rich\console.py
_buffer_index,E:\football_v\.venv\Lib\site-packages\pip\_vendor\rich\console.py
_theme_stack,E:\football_v\.venv\Lib\site-packages\pip\_vendor\rich\console.py
_detect_color_system,E:\football_v\.venv\Lib\site-packages\pip\_vendor\rich\console.py
_enter_buffer,E:\football_v\.venv\Lib\site-packages\pip\_vendor\rich\console.py
_exit_buffer,E:\football_v\.venv\Lib\site-packages\pip\_vendor\rich\console.py
set_live,E:\football_v\.venv\Lib\site-packages\pip\_vendor\rich\console.py
clear_live,E:\football_v\.venv\Lib\site-packages\pip\_vendor\rich\console.py
push_render_hook,E:\football_v\.venv\Lib\site-packages\pip\_vendor\rich\console.py
pop_render_hook,E:\football_v\.venv\Lib\site-packages\pip\_vendor\rich\console.py
__enter__,E:\football_v\.venv\Lib\site-packages\pip\_vendor\rich\console.py
__exit__,E:\football_v\.venv\Lib\site-packages\pip\_vendor\rich\console.py
begin_capture,E:\football_v\.venv\Lib\site-packages\pip\_vendor\rich\console.py
end_capture,E:\football_v\.venv\Lib\site-packages\pip\_vendor\rich\console.py
push_theme,E:\football_v\.venv\Lib\site-packages\pip\_vendor\rich\console.py
pop_theme,E:\football_v\.venv\Lib\site-packages\pip\_vendor\rich\console.py
use_theme,E:\football_v\.venv\Lib\site-packages\pip\_vendor\rich\console.py
color_system,E:\football_v\.venv\Lib\site-packages\pip\_vendor\rich\console.py
encoding,E:\football_v\.venv\Lib\site-packages\pip\_vendor\rich\console.py
is_terminal,E:\football_v\.venv\Lib\site-packages\pip\_vendor\rich\console.py
is_dumb_terminal,E:\football_v\.venv\Lib\site-packages\pip\_vendor\rich\console.py
options,E:\football_v\.venv\Lib\site-packages\pip\_vendor\rich\console.py
size,E:\football_v\.venv\Lib\site-packages\pip\_vendor\rich\console.py
size,E:\football_v\.venv\Lib\site-packages\pip\_vendor\rich\console.py
width,E:\football_v\.venv\Lib\site-packages\pip\_vendor\rich\console.py
width,E:\football_v\.venv\Lib\site-packages\pip\_vendor\rich\console.py
height,E:\football_v\.venv\Lib\site-packages\pip\_vendor\rich\console.py
height,E:\football_v\.venv\Lib\site-packages\pip\_vendor\rich\console.py
bell,E:\football_v\.venv\Lib\site-packages\pip\_vendor\rich\console.py
capture,E:\football_v\.venv\Lib\site-packages\pip\_vendor\rich\console.py
pager,E:\football_v\.venv\Lib\site-packages\pip\_vendor\rich\console.py
line,E:\football_v\.venv\Lib\site-packages\pip\_vendor\rich\console.py
clear,E:\football_v\.venv\Lib\site-packages\pip\_vendor\rich\console.py
status,E:\football_v\.venv\Lib\site-packages\pip\_vendor\rich\console.py
show_cursor,E:\football_v\.venv\Lib\site-packages\pip\_vendor\rich\console.py
set_alt_screen,E:\football_v\.venv\Lib\site-packages\pip\_vendor\rich\console.py
is_alt_screen,E:\football_v\.venv\Lib\site-packages\pip\_vendor\rich\console.py
set_window_title,E:\football_v\.venv\Lib\site-packages\pip\_vendor\rich\console.py
screen,E:\football_v\.venv\Lib\site-packages\pip\_vendor\rich\console.py
measure,E:\football_v\.venv\Lib\site-packages\pip\_vendor\rich\console.py
render,E:\football_v\.venv\Lib\site-packages\pip\_vendor\rich\console.py
render_lines,E:\football_v\.venv\Lib\site-packages\pip\_vendor\rich\console.py
render_str,E:\football_v\.venv\Lib\site-packages\pip\_vendor\rich\console.py
get_style,E:\football_v\.venv\Lib\site-packages\pip\_vendor\rich\console.py
_collect_renderables,E:\football_v\.venv\Lib\site-packages\pip\_vendor\rich\console.py
rule,E:\football_v\.venv\Lib\site-packages\pip\_vendor\rich\console.py
control,E:\football_v\.venv\Lib\site-packages\pip\_vendor\rich\console.py
out,E:\football_v\.venv\Lib\site-packages\pip\_vendor\rich\console.py
print,E:\football_v\.venv\Lib\site-packages\pip\_vendor\rich\console.py
print_json,E:\football_v\.venv\Lib\site-packages\pip\_vendor\rich\console.py
update_screen,E:\football_v\.venv\Lib\site-packages\pip\_vendor\rich\console.py
update_screen_lines,E:\football_v\.venv\Lib\site-packages\pip\_vendor\rich\console.py
print_exception,E:\football_v\.venv\Lib\site-packages\pip\_vendor\rich\console.py
_caller_frame_info,E:\football_v\.venv\Lib\site-packages\pip\_vendor\rich\console.py
log,E:\football_v\.venv\Lib\site-packages\pip\_vendor\rich\console.py
on_broken_pipe,E:\football_v\.venv\Lib\site-packages\pip\_vendor\rich\console.py
_check_buffer,E:\football_v\.venv\Lib\site-packages\pip\_vendor\rich\console.py
_write_buffer,E:\football_v\.venv\Lib\site-packages\pip\_vendor\rich\console.py
_render_buffer,E:\football_v\.venv\Lib\site-packages\pip\_vendor\rich\console.py
input,E:\football_v\.venv\Lib\site-packages\pip\_vendor\rich\console.py
export_text,E:\football_v\.venv\Lib\site-packages\pip\_vendor\rich\console.py
save_text,E:\football_v\.venv\Lib\site-packages\pip\_vendor\rich\console.py
export_html,E:\football_v\.venv\Lib\site-packages\pip\_vendor\rich\console.py
save_html,E:\football_v\.venv\Lib\site-packages\pip\_vendor\rich\console.py
export_svg,E:\football_v\.venv\Lib\site-packages\pip\_vendor\rich\console.py
save_svg,E:\football_v\.venv\Lib\site-packages\pip\_vendor\rich\console.py
_replace,E:\football_v\.venv\Lib\site-packages\pip\_vendor\rich\console.py
check_text,E:\football_v\.venv\Lib\site-packages\pip\_vendor\rich\console.py
get_svg_style,E:\football_v\.venv\Lib\site-packages\pip\_vendor\rich\console.py
escape_text,E:\football_v\.venv\Lib\site-packages\pip\_vendor\rich\console.py
make_tag,E:\football_v\.venv\Lib\site-packages\pip\_vendor\rich\console.py
align_append,E:\football_v\.venv\Lib\site-packages\pip\_vendor\rich\console.py
stringify,E:\football_v\.venv\Lib\site-packages\pip\_vendor\rich\console.py
__init__,E:\football_v\.venv\Lib\site-packages\pip\_vendor\rich\constrain.py
__rich_console__,E:\football_v\.venv\Lib\site-packages\pip\_vendor\rich\constrain.py
__rich_measure__,E:\football_v\.venv\Lib\site-packages\pip\_vendor\rich\constrain.py
__init__,E:\football_v\.venv\Lib\site-packages\pip\_vendor\rich\containers.py
__rich_console__,E:\football_v\.venv\Lib\site-packages\pip\_vendor\rich\containers.py
__rich_measure__,E:\football_v\.venv\Lib\site-packages\pip\_vendor\rich\containers.py
append,E:\football_v\.venv\Lib\site-packages\pip\_vendor\rich\containers.py
__iter__,E:\football_v\.venv\Lib\site-packages\pip\_vendor\rich\containers.py
__init__,E:\football_v\.venv\Lib\site-packages\pip\_vendor\rich\containers.py
__repr__,E:\football_v\.venv\Lib\site-packages\pip\_vendor\rich\containers.py
__iter__,E:\football_v\.venv\Lib\site-packages\pip\_vendor\rich\containers.py
__getitem__,E:\football_v\.venv\Lib\site-packages\pip\_vendor\rich\containers.py
__getitem__,E:\football_v\.venv\Lib\site-packages\pip\_vendor\rich\containers.py
__getitem__,E:\football_v\.venv\Lib\site-packages\pip\_vendor\rich\containers.py
__setitem__,E:\football_v\.venv\Lib\site-packages\pip\_vendor\rich\containers.py
__len__,E:\football_v\.venv\Lib\site-packages\pip\_vendor\rich\containers.py
__rich_console__,E:\football_v\.venv\Lib\site-packages\pip\_vendor\rich\containers.py
append,E:\football_v\.venv\Lib\site-packages\pip\_vendor\rich\containers.py
extend,E:\football_v\.venv\Lib\site-packages\pip\_vendor\rich\containers.py
pop,E:\football_v\.venv\Lib\site-packages\pip\_vendor\rich\containers.py
justify,E:\football_v\.venv\Lib\site-packages\pip\_vendor\rich\containers.py
strip_control_codes,E:\football_v\.venv\Lib\site-packages\pip\_vendor\rich\control.py
escape_control_codes,E:\football_v\.venv\Lib\site-packages\pip\_vendor\rich\control.py
__init__,E:\football_v\.venv\Lib\site-packages\pip\_vendor\rich\control.py
bell,E:\football_v\.venv\Lib\site-packages\pip\_vendor\rich\control.py
home,E:\football_v\.venv\Lib\site-packages\pip\_vendor\rich\control.py
move,E:\football_v\.venv\Lib\site-packages\pip\_vendor\rich\control.py
move_to_column,E:\football_v\.venv\Lib\site-packages\pip\_vendor\rich\control.py
move_to,E:\football_v\.venv\Lib\site-packages\pip\_vendor\rich\control.py
clear,E:\football_v\.venv\Lib\site-packages\pip\_vendor\rich\control.py
show_cursor,E:\football_v\.venv\Lib\site-packages\pip\_vendor\rich\control.py
alt_screen,E:\football_v\.venv\Lib\site-packages\pip\_vendor\rich\control.py
title,E:\football_v\.venv\Lib\site-packages\pip\_vendor\rich\control.py
__str__,E:\football_v\.venv\Lib\site-packages\pip\_vendor\rich\control.py
__rich_console__,E:\football_v\.venv\Lib\site-packages\pip\_vendor\rich\control.py
get_codes,E:\football_v\.venv\Lib\site-packages\pip\_vendor\rich\control.py
report,E:\football_v\.venv\Lib\site-packages\pip\_vendor\rich\diagnose.py
__init__,E:\football_v\.venv\Lib\site-packages\pip\_vendor\rich\emoji.py
replace,E:\football_v\.venv\Lib\site-packages\pip\_vendor\rich\emoji.py
__repr__,E:\football_v\.venv\Lib\site-packages\pip\_vendor\rich\emoji.py
__str__,E:\football_v\.venv\Lib\site-packages\pip\_vendor\rich\emoji.py
__rich_console__,E:\football_v\.venv\Lib\site-packages\pip\_vendor\rich\emoji.py
_to_str,E:\football_v\.venv\Lib\site-packages\pip\_vendor\rich\filesize.py
pick_unit_and_suffix,E:\football_v\.venv\Lib\site-packages\pip\_vendor\rich\filesize.py
decimal,E:\football_v\.venv\Lib\site-packages\pip\_vendor\rich\filesize.py
__init__,E:\football_v\.venv\Lib\site-packages\pip\_vendor\rich\file_proxy.py
rich_proxied_file,E:\football_v\.venv\Lib\site-packages\pip\_vendor\rich\file_proxy.py
__getattr__,E:\football_v\.venv\Lib\site-packages\pip\_vendor\rich\file_proxy.py
write,E:\football_v\.venv\Lib\site-packages\pip\_vendor\rich\file_proxy.py
flush,E:\football_v\.venv\Lib\site-packages\pip\_vendor\rich\file_proxy.py
fileno,E:\football_v\.venv\Lib\site-packages\pip\_vendor\rich\file_proxy.py
_combine_regex,E:\football_v\.venv\Lib\site-packages\pip\_vendor\rich\highlighter.py
__call__,E:\football_v\.venv\Lib\site-packages\pip\_vendor\rich\highlighter.py
highlight,E:\football_v\.venv\Lib\site-packages\pip\_vendor\rich\highlighter.py
highlight,E:\football_v\.venv\Lib\site-packages\pip\_vendor\rich\highlighter.py
highlight,E:\football_v\.venv\Lib\site-packages\pip\_vendor\rich\highlighter.py
highlight,E:\football_v\.venv\Lib\site-packages\pip\_vendor\rich\highlighter.py
__init__,E:\football_v\.venv\Lib\site-packages\pip\_vendor\rich\json.py
from_data,E:\football_v\.venv\Lib\site-packages\pip\_vendor\rich\json.py
__rich__,E:\football_v\.venv\Lib\site-packages\pip\_vendor\rich\json.py
_render_segments,E:\football_v\.venv\Lib\site-packages\pip\_vendor\rich\jupyter.py
display,E:\football_v\.venv\Lib\site-packages\pip\_vendor\rich\jupyter.py
print,E:\football_v\.venv\Lib\site-packages\pip\_vendor\rich\jupyter.py
__init__,E:\football_v\.venv\Lib\site-packages\pip\_vendor\rich\jupyter.py
_repr_mimebundle_,E:\football_v\.venv\Lib\site-packages\pip\_vendor\rich\jupyter.py
_repr_mimebundle_,E:\football_v\.venv\Lib\site-packages\pip\_vendor\rich\jupyter.py
escape,E:\football_v\.venv\Lib\site-packages\pip\_vendor\rich\jupyter.py
__init__,E:\football_v\.venv\Lib\site-packages\pip\_vendor\rich\layout.py
__rich_console__,E:\football_v\.venv\Lib\site-packages\pip\_vendor\rich\layout.py
get_tree_icon,E:\football_v\.venv\Lib\site-packages\pip\_vendor\rich\layout.py
divide,E:\football_v\.venv\Lib\site-packages\pip\_vendor\rich\layout.py
get_tree_icon,E:\football_v\.venv\Lib\site-packages\pip\_vendor\rich\layout.py
divide,E:\football_v\.venv\Lib\site-packages\pip\_vendor\rich\layout.py
get_tree_icon,E:\football_v\.venv\Lib\site-packages\pip\_vendor\rich\layout.py
divide,E:\football_v\.venv\Lib\site-packages\pip\_vendor\rich\layout.py
__init__,E:\football_v\.venv\Lib\site-packages\pip\_vendor\rich\layout.py
__rich_repr__,E:\football_v\.venv\Lib\site-packages\pip\_vendor\rich\layout.py
renderable,E:\football_v\.venv\Lib\site-packages\pip\_vendor\rich\layout.py
children,E:\football_v\.venv\Lib\site-packages\pip\_vendor\rich\layout.py
map,E:\football_v\.venv\Lib\site-packages\pip\_vendor\rich\layout.py
get,E:\football_v\.venv\Lib\site-packages\pip\_vendor\rich\layout.py
__getitem__,E:\football_v\.venv\Lib\site-packages\pip\_vendor\rich\layout.py
tree,E:\football_v\.venv\Lib\site-packages\pip\_vendor\rich\layout.py
split,E:\football_v\.venv\Lib\site-packages\pip\_vendor\rich\layout.py
add_split,E:\football_v\.venv\Lib\site-packages\pip\_vendor\rich\layout.py
split_row,E:\football_v\.venv\Lib\site-packages\pip\_vendor\rich\layout.py
split_column,E:\football_v\.venv\Lib\site-packages\pip\_vendor\rich\layout.py
unsplit,E:\football_v\.venv\Lib\site-packages\pip\_vendor\rich\layout.py
update,E:\football_v\.venv\Lib\site-packages\pip\_vendor\rich\layout.py
refresh_screen,E:\football_v\.venv\Lib\site-packages\pip\_vendor\rich\layout.py
_make_region_map,E:\football_v\.venv\Lib\site-packages\pip\_vendor\rich\layout.py
render,E:\football_v\.venv\Lib\site-packages\pip\_vendor\rich\layout.py
__rich_console__,E:\football_v\.venv\Lib\site-packages\pip\_vendor\rich\layout.py
summary,E:\football_v\.venv\Lib\site-packages\pip\_vendor\rich\layout.py
recurse,E:\football_v\.venv\Lib\site-packages\pip\_vendor\rich\layout.py
__init__,E:\football_v\.venv\Lib\site-packages\pip\_vendor\rich\live.py
stop,E:\football_v\.venv\Lib\site-packages\pip\_vendor\rich\live.py
run,E:\football_v\.venv\Lib\site-packages\pip\_vendor\rich\live.py
__init__,E:\football_v\.venv\Lib\site-packages\pip\_vendor\rich\live.py
is_started,E:\football_v\.venv\Lib\site-packages\pip\_vendor\rich\live.py
get_renderable,E:\football_v\.venv\Lib\site-packages\pip\_vendor\rich\live.py
start,E:\football_v\.venv\Lib\site-packages\pip\_vendor\rich\live.py
stop,E:\football_v\.venv\Lib\site-packages\pip\_vendor\rich\live.py
__enter__,E:\football_v\.venv\Lib\site-packages\pip\_vendor\rich\live.py
__exit__,E:\football_v\.venv\Lib\site-packages\pip\_vendor\rich\live.py
_enable_redirect_io,E:\football_v\.venv\Lib\site-packages\pip\_vendor\rich\live.py
_disable_redirect_io,E:\football_v\.venv\Lib\site-packages\pip\_vendor\rich\live.py
renderable,E:\football_v\.venv\Lib\site-packages\pip\_vendor\rich\live.py
update,E:\football_v\.venv\Lib\site-packages\pip\_vendor\rich\live.py
refresh,E:\football_v\.venv\Lib\site-packages\pip\_vendor\rich\live.py
process_renderables,E:\football_v\.venv\Lib\site-packages\pip\_vendor\rich\live.py
__init__,E:\football_v\.venv\Lib\site-packages\pip\_vendor\rich\live_render.py
set_renderable,E:\football_v\.venv\Lib\site-packages\pip\_vendor\rich\live_render.py
position_cursor,E:\football_v\.venv\Lib\site-packages\pip\_vendor\rich\live_render.py
restore_cursor,E:\football_v\.venv\Lib\site-packages\pip\_vendor\rich\live_render.py
__rich_console__,E:\football_v\.venv\Lib\site-packages\pip\_vendor\rich\live_render.py
__init__,E:\football_v\.venv\Lib\site-packages\pip\_vendor\rich\logging.py
get_level_text,E:\football_v\.venv\Lib\site-packages\pip\_vendor\rich\logging.py
emit,E:\football_v\.venv\Lib\site-packages\pip\_vendor\rich\logging.py
render_message,E:\football_v\.venv\Lib\site-packages\pip\_vendor\rich\logging.py
render,E:\football_v\.venv\Lib\site-packages\pip\_vendor\rich\logging.py
divide,E:\football_v\.venv\Lib\site-packages\pip\_vendor\rich\logging.py
escape,E:\football_v\.venv\Lib\site-packages\pip\_vendor\rich\markup.py
_parse,E:\football_v\.venv\Lib\site-packages\pip\_vendor\rich\markup.py
render,E:\football_v\.venv\Lib\site-packages\pip\_vendor\rich\markup.py
__str__,E:\football_v\.venv\Lib\site-packages\pip\_vendor\rich\markup.py
markup,E:\football_v\.venv\Lib\site-packages\pip\_vendor\rich\markup.py
escape_backslashes,E:\football_v\.venv\Lib\site-packages\pip\_vendor\rich\markup.py
pop_style,E:\football_v\.venv\Lib\site-packages\pip\_vendor\rich\markup.py
measure_renderables,E:\football_v\.venv\Lib\site-packages\pip\_vendor\rich\measure.py
span,E:\football_v\.venv\Lib\site-packages\pip\_vendor\rich\measure.py
normalize,E:\football_v\.venv\Lib\site-packages\pip\_vendor\rich\measure.py
with_maximum,E:\football_v\.venv\Lib\site-packages\pip\_vendor\rich\measure.py
with_minimum,E:\football_v\.venv\Lib\site-packages\pip\_vendor\rich\measure.py
clamp,E:\football_v\.venv\Lib\site-packages\pip\_vendor\rich\measure.py
get,E:\football_v\.venv\Lib\site-packages\pip\_vendor\rich\measure.py
__init__,E:\football_v\.venv\Lib\site-packages\pip\_vendor\rich\padding.py
indent,E:\football_v\.venv\Lib\site-packages\pip\_vendor\rich\padding.py
unpack,E:\football_v\.venv\Lib\site-packages\pip\_vendor\rich\padding.py
__repr__,E:\football_v\.venv\Lib\site-packages\pip\_vendor\rich\padding.py
__rich_console__,E:\football_v\.venv\Lib\site-packages\pip\_vendor\rich\padding.py
__rich_measure__,E:\football_v\.venv\Lib\site-packages\pip\_vendor\rich\padding.py
show,E:\football_v\.venv\Lib\site-packages\pip\_vendor\rich\pager.py
_pager,E:\football_v\.venv\Lib\site-packages\pip\_vendor\rich\pager.py
show,E:\football_v\.venv\Lib\site-packages\pip\_vendor\rich\pager.py
__init__,E:\football_v\.venv\Lib\site-packages\pip\_vendor\rich\palette.py
__getitem__,E:\football_v\.venv\Lib\site-packages\pip\_vendor\rich\palette.py
__rich__,E:\football_v\.venv\Lib\site-packages\pip\_vendor\rich\palette.py
match,E:\football_v\.venv\Lib\site-packages\pip\_vendor\rich\palette.py
get_color_distance,E:\football_v\.venv\Lib\site-packages\pip\_vendor\rich\palette.py
__rich_console__,E:\football_v\.venv\Lib\site-packages\pip\_vendor\rich\palette.py
__init__,E:\football_v\.venv\Lib\site-packages\pip\_vendor\rich\panel.py
fit,E:\football_v\.venv\Lib\site-packages\pip\_vendor\rich\panel.py
_title,E:\football_v\.venv\Lib\site-packages\pip\_vendor\rich\panel.py
_subtitle,E:\football_v\.venv\Lib\site-packages\pip\_vendor\rich\panel.py
__rich_console__,E:\football_v\.venv\Lib\site-packages\pip\_vendor\rich\panel.py
__rich_measure__,E:\football_v\.venv\Lib\site-packages\pip\_vendor\rich\panel.py
align_text,E:\football_v\.venv\Lib\site-packages\pip\_vendor\rich\panel.py
_is_attr_object,E:\football_v\.venv\Lib\site-packages\pip\_vendor\rich\pretty.py
_get_attr_fields,E:\football_v\.venv\Lib\site-packages\pip\_vendor\rich\pretty.py
_is_dataclass_repr,E:\football_v\.venv\Lib\site-packages\pip\_vendor\rich\pretty.py
_has_default_namedtuple_repr,E:\football_v\.venv\Lib\site-packages\pip\_vendor\rich\pretty.py
_ipy_display_hook,E:\football_v\.venv\Lib\site-packages\pip\_vendor\rich\pretty.py
_safe_isinstance,E:\football_v\.venv\Lib\site-packages\pip\_vendor\rich\pretty.py
install,E:\football_v\.venv\Lib\site-packages\pip\_vendor\rich\pretty.py
_get_braces_for_defaultdict,E:\football_v\.venv\Lib\site-packages\pip\_vendor\rich\pretty.py
_get_braces_for_deque,E:\football_v\.venv\Lib\site-packages\pip\_vendor\rich\pretty.py
_get_braces_for_array,E:\football_v\.venv\Lib\site-packages\pip\_vendor\rich\pretty.py
is_expandable,E:\football_v\.venv\Lib\site-packages\pip\_vendor\rich\pretty.py
_is_namedtuple,E:\football_v\.venv\Lib\site-packages\pip\_vendor\rich\pretty.py
traverse,E:\football_v\.venv\Lib\site-packages\pip\_vendor\rich\pretty.py
pretty_repr,E:\football_v\.venv\Lib\site-packages\pip\_vendor\rich\pretty.py
pprint,E:\football_v\.venv\Lib\site-packages\pip\_vendor\rich\pretty.py
display_hook,E:\football_v\.venv\Lib\site-packages\pip\_vendor\rich\pretty.py
__init__,E:\football_v\.venv\Lib\site-packages\pip\_vendor\rich\pretty.py
__rich_console__,E:\football_v\.venv\Lib\site-packages\pip\_vendor\rich\pretty.py
__rich_measure__,E:\football_v\.venv\Lib\site-packages\pip\_vendor\rich\pretty.py
iter_tokens,E:\football_v\.venv\Lib\site-packages\pip\_vendor\rich\pretty.py
check_length,E:\football_v\.venv\Lib\site-packages\pip\_vendor\rich\pretty.py
__str__,E:\football_v\.venv\Lib\site-packages\pip\_vendor\rich\pretty.py
render,E:\football_v\.venv\Lib\site-packages\pip\_vendor\rich\pretty.py
expandable,E:\football_v\.venv\Lib\site-packages\pip\_vendor\rich\pretty.py
check_length,E:\football_v\.venv\Lib\site-packages\pip\_vendor\rich\pretty.py
expand,E:\football_v\.venv\Lib\site-packages\pip\_vendor\rich\pretty.py
__str__,E:\football_v\.venv\Lib\site-packages\pip\_vendor\rich\pretty.py
to_repr,E:\football_v\.venv\Lib\site-packages\pip\_vendor\rich\pretty.py
_traverse,E:\football_v\.venv\Lib\site-packages\pip\_vendor\rich\pretty.py
iter_rich_args,E:\football_v\.venv\Lib\site-packages\pip\_vendor\rich\pretty.py
__repr__,E:\football_v\.venv\Lib\site-packages\pip\_vendor\rich\pretty.py
__repr__,E:\football_v\.venv\Lib\site-packages\pip\_vendor\rich\pretty.py
__call__,E:\football_v\.venv\Lib\site-packages\pip\_vendor\rich\pretty.py
iter_attrs,E:\football_v\.venv\Lib\site-packages\pip\_vendor\rich\pretty.py
track,E:\football_v\.venv\Lib\site-packages\pip\_vendor\rich\progress.py
wrap_file,E:\football_v\.venv\Lib\site-packages\pip\_vendor\rich\progress.py
open,E:\football_v\.venv\Lib\site-packages\pip\_vendor\rich\progress.py
open,E:\football_v\.venv\Lib\site-packages\pip\_vendor\rich\progress.py
open,E:\football_v\.venv\Lib\site-packages\pip\_vendor\rich\progress.py
__init__,E:\football_v\.venv\Lib\site-packages\pip\_vendor\rich\progress.py
run,E:\football_v\.venv\Lib\site-packages\pip\_vendor\rich\progress.py
__enter__,E:\football_v\.venv\Lib\site-packages\pip\_vendor\rich\progress.py
__exit__,E:\football_v\.venv\Lib\site-packages\pip\_vendor\rich\progress.py
__init__,E:\football_v\.venv\Lib\site-packages\pip\_vendor\rich\progress.py
__enter__,E:\football_v\.venv\Lib\site-packages\pip\_vendor\rich\progress.py
__exit__,E:\football_v\.venv\Lib\site-packages\pip\_vendor\rich\progress.py
__iter__,E:\football_v\.venv\Lib\site-packages\pip\_vendor\rich\progress.py
__next__,E:\football_v\.venv\Lib\site-packages\pip\_vendor\rich\progress.py
closed,E:\football_v\.venv\Lib\site-packages\pip\_vendor\rich\progress.py
fileno,E:\football_v\.venv\Lib\site-packages\pip\_vendor\rich\progress.py
isatty,E:\football_v\.venv\Lib\site-packages\pip\_vendor\rich\progress.py
mode,E:\football_v\.venv\Lib\site-packages\pip\_vendor\rich\progress.py
name,E:\football_v\.venv\Lib\site-packages\pip\_vendor\rich\progress.py
readable,E:\football_v\.venv\Lib\site-packages\pip\_vendor\rich\progress.py
seekable,E:\football_v\.venv\Lib\site-packages\pip\_vendor\rich\progress.py
writable,E:\football_v\.venv\Lib\site-packages\pip\_vendor\rich\progress.py
read,E:\football_v\.venv\Lib\site-packages\pip\_vendor\rich\progress.py
readinto,E:\football_v\.venv\Lib\site-packages\pip\_vendor\rich\progress.py
readline,E:\football_v\.venv\Lib\site-packages\pip\_vendor\rich\progress.py
readlines,E:\football_v\.venv\Lib\site-packages\pip\_vendor\rich\progress.py
close,E:\football_v\.venv\Lib\site-packages\pip\_vendor\rich\progress.py
seek,E:\football_v\.venv\Lib\site-packages\pip\_vendor\rich\progress.py
tell,E:\football_v\.venv\Lib\site-packages\pip\_vendor\rich\progress.py
write,E:\football_v\.venv\Lib\site-packages\pip\_vendor\rich\progress.py
writelines,E:\football_v\.venv\Lib\site-packages\pip\_vendor\rich\progress.py
__init__,E:\football_v\.venv\Lib\site-packages\pip\_vendor\rich\progress.py
__enter__,E:\football_v\.venv\Lib\site-packages\pip\_vendor\rich\progress.py
__exit__,E:\football_v\.venv\Lib\site-packages\pip\_vendor\rich\progress.py
__init__,E:\football_v\.venv\Lib\site-packages\pip\_vendor\rich\progress.py
get_table_column,E:\football_v\.venv\Lib\site-packages\pip\_vendor\rich\progress.py
__call__,E:\football_v\.venv\Lib\site-packages\pip\_vendor\rich\progress.py
render,E:\football_v\.venv\Lib\site-packages\pip\_vendor\rich\progress.py
__init__,E:\football_v\.venv\Lib\site-packages\pip\_vendor\rich\progress.py
render,E:\football_v\.venv\Lib\site-packages\pip\_vendor\rich\progress.py
__init__,E:\football_v\.venv\Lib\site-packages\pip\_vendor\rich\progress.py
set_spinner,E:\football_v\.venv\Lib\site-packages\pip\_vendor\rich\progress.py
render,E:\football_v\.venv\Lib\site-packages\pip\_vendor\rich\progress.py
__init__,E:\football_v\.venv\Lib\site-packages\pip\_vendor\rich\progress.py
render,E:\football_v\.venv\Lib\site-packages\pip\_vendor\rich\progress.py
__init__,E:\football_v\.venv\Lib\site-packages\pip\_vendor\rich\progress.py
render,E:\football_v\.venv\Lib\site-packages\pip\_vendor\rich\progress.py
render,E:\football_v\.venv\Lib\site-packages\pip\_vendor\rich\progress.py
__init__,E:\football_v\.venv\Lib\site-packages\pip\_vendor\rich\progress.py
render_speed,E:\football_v\.venv\Lib\site-packages\pip\_vendor\rich\progress.py
render,E:\football_v\.venv\Lib\site-packages\pip\_vendor\rich\progress.py
__init__,E:\football_v\.venv\Lib\site-packages\pip\_vendor\rich\progress.py
render,E:\football_v\.venv\Lib\site-packages\pip\_vendor\rich\progress.py
render,E:\football_v\.venv\Lib\site-packages\pip\_vendor\rich\progress.py
render,E:\football_v\.venv\Lib\site-packages\pip\_vendor\rich\progress.py
__init__,E:\football_v\.venv\Lib\site-packages\pip\_vendor\rich\progress.py
render,E:\football_v\.venv\Lib\site-packages\pip\_vendor\rich\progress.py
__init__,E:\football_v\.venv\Lib\site-packages\pip\_vendor\rich\progress.py
render,E:\football_v\.venv\Lib\site-packages\pip\_vendor\rich\progress.py
render,E:\football_v\.venv\Lib\site-packages\pip\_vendor\rich\progress.py
get_time,E:\football_v\.venv\Lib\site-packages\pip\_vendor\rich\progress.py
started,E:\football_v\.venv\Lib\site-packages\pip\_vendor\rich\progress.py
remaining,E:\football_v\.venv\Lib\site-packages\pip\_vendor\rich\progress.py
elapsed,E:\football_v\.venv\Lib\site-packages\pip\_vendor\rich\progress.py
finished,E:\football_v\.venv\Lib\site-packages\pip\_vendor\rich\progress.py
percentage,E:\football_v\.venv\Lib\site-packages\pip\_vendor\rich\progress.py
speed,E:\football_v\.venv\Lib\site-packages\pip\_vendor\rich\progress.py
time_remaining,E:\football_v\.venv\Lib\site-packages\pip\_vendor\rich\progress.py
_reset,E:\football_v\.venv\Lib\site-packages\pip\_vendor\rich\progress.py
__init__,E:\football_v\.venv\Lib\site-packages\pip\_vendor\rich\progress.py
get_default_columns,E:\football_v\.venv\Lib\site-packages\pip\_vendor\rich\progress.py
console,E:\football_v\.venv\Lib\site-packages\pip\_vendor\rich\progress.py
tasks,E:\football_v\.venv\Lib\site-packages\pip\_vendor\rich\progress.py
task_ids,E:\football_v\.venv\Lib\site-packages\pip\_vendor\rich\progress.py
finished,E:\football_v\.venv\Lib\site-packages\pip\_vendor\rich\progress.py
start,E:\football_v\.venv\Lib\site-packages\pip\_vendor\rich\progress.py
stop,E:\football_v\.venv\Lib\site-packages\pip\_vendor\rich\progress.py
__enter__,E:\football_v\.venv\Lib\site-packages\pip\_vendor\rich\progress.py
__exit__,E:\football_v\.venv\Lib\site-packages\pip\_vendor\rich\progress.py
track,E:\football_v\.venv\Lib\site-packages\pip\_vendor\rich\progress.py
wrap_file,E:\football_v\.venv\Lib\site-packages\pip\_vendor\rich\progress.py
open,E:\football_v\.venv\Lib\site-packages\pip\_vendor\rich\progress.py
open,E:\football_v\.venv\Lib\site-packages\pip\_vendor\rich\progress.py
open,E:\football_v\.venv\Lib\site-packages\pip\_vendor\rich\progress.py
start_task,E:\football_v\.venv\Lib\site-packages\pip\_vendor\rich\progress.py
stop_task,E:\football_v\.venv\Lib\site-packages\pip\_vendor\rich\progress.py
update,E:\football_v\.venv\Lib\site-packages\pip\_vendor\rich\progress.py
reset,E:\football_v\.venv\Lib\site-packages\pip\_vendor\rich\progress.py
advance,E:\football_v\.venv\Lib\site-packages\pip\_vendor\rich\progress.py
refresh,E:\football_v\.venv\Lib\site-packages\pip\_vendor\rich\progress.py
get_renderable,E:\football_v\.venv\Lib\site-packages\pip\_vendor\rich\progress.py
get_renderables,E:\football_v\.venv\Lib\site-packages\pip\_vendor\rich\progress.py
make_tasks_table,E:\football_v\.venv\Lib\site-packages\pip\_vendor\rich\progress.py
__rich__,E:\football_v\.venv\Lib\site-packages\pip\_vendor\rich\progress.py
add_task,E:\football_v\.venv\Lib\site-packages\pip\_vendor\rich\progress.py
remove_task,E:\football_v\.venv\Lib\site-packages\pip\_vendor\rich\progress.py
__init__,E:\football_v\.venv\Lib\site-packages\pip\_vendor\rich\progress_bar.py
__repr__,E:\football_v\.venv\Lib\site-packages\pip\_vendor\rich\progress_bar.py
percentage_completed,E:\football_v\.venv\Lib\site-packages\pip\_vendor\rich\progress_bar.py
_get_pulse_segments,E:\football_v\.venv\Lib\site-packages\pip\_vendor\rich\progress_bar.py
update,E:\football_v\.venv\Lib\site-packages\pip\_vendor\rich\progress_bar.py
_render_pulse,E:\football_v\.venv\Lib\site-packages\pip\_vendor\rich\progress_bar.py
__rich_console__,E:\football_v\.venv\Lib\site-packages\pip\_vendor\rich\progress_bar.py
__rich_measure__,E:\football_v\.venv\Lib\site-packages\pip\_vendor\rich\progress_bar.py
__init__,E:\football_v\.venv\Lib\site-packages\pip\_vendor\rich\prompt.py
__rich__,E:\football_v\.venv\Lib\site-packages\pip\_vendor\rich\prompt.py
__init__,E:\football_v\.venv\Lib\site-packages\pip\_vendor\rich\prompt.py
ask,E:\football_v\.venv\Lib\site-packages\pip\_vendor\rich\prompt.py
ask,E:\football_v\.venv\Lib\site-packages\pip\_vendor\rich\prompt.py
ask,E:\football_v\.venv\Lib\site-packages\pip\_vendor\rich\prompt.py
render_default,E:\football_v\.venv\Lib\site-packages\pip\_vendor\rich\prompt.py
make_prompt,E:\football_v\.venv\Lib\site-packages\pip\_vendor\rich\prompt.py
get_input,E:\football_v\.venv\Lib\site-packages\pip\_vendor\rich\prompt.py
check_choice,E:\football_v\.venv\Lib\site-packages\pip\_vendor\rich\prompt.py
process_response,E:\football_v\.venv\Lib\site-packages\pip\_vendor\rich\prompt.py
on_validate_error,E:\football_v\.venv\Lib\site-packages\pip\_vendor\rich\prompt.py
pre_prompt,E:\football_v\.venv\Lib\site-packages\pip\_vendor\rich\prompt.py
__call__,E:\football_v\.venv\Lib\site-packages\pip\_vendor\rich\prompt.py
__call__,E:\football_v\.venv\Lib\site-packages\pip\_vendor\rich\prompt.py
__call__,E:\football_v\.venv\Lib\site-packages\pip\_vendor\rich\prompt.py
render_default,E:\football_v\.venv\Lib\site-packages\pip\_vendor\rich\prompt.py
process_response,E:\football_v\.venv\Lib\site-packages\pip\_vendor\rich\prompt.py
is_renderable,E:\football_v\.venv\Lib\site-packages\pip\_vendor\rich\protocol.py
rich_cast,E:\football_v\.venv\Lib\site-packages\pip\_vendor\rich\protocol.py
auto,E:\football_v\.venv\Lib\site-packages\pip\_vendor\rich\repr.py
auto,E:\football_v\.venv\Lib\site-packages\pip\_vendor\rich\repr.py
auto,E:\football_v\.venv\Lib\site-packages\pip\_vendor\rich\repr.py
rich_repr,E:\football_v\.venv\Lib\site-packages\pip\_vendor\rich\repr.py
rich_repr,E:\football_v\.venv\Lib\site-packages\pip\_vendor\rich\repr.py
rich_repr,E:\football_v\.venv\Lib\site-packages\pip\_vendor\rich\repr.py
do_replace,E:\football_v\.venv\Lib\site-packages\pip\_vendor\rich\repr.py
auto_repr,E:\football_v\.venv\Lib\site-packages\pip\_vendor\rich\repr.py
auto_rich_repr,E:\football_v\.venv\Lib\site-packages\pip\_vendor\rich\repr.py
__rich_repr__,E:\football_v\.venv\Lib\site-packages\pip\_vendor\rich\repr.py
__init__,E:\football_v\.venv\Lib\site-packages\pip\_vendor\rich\rule.py
__repr__,E:\football_v\.venv\Lib\site-packages\pip\_vendor\rich\rule.py
__rich_console__,E:\football_v\.venv\Lib\site-packages\pip\_vendor\rich\rule.py
_rule_line,E:\football_v\.venv\Lib\site-packages\pip\_vendor\rich\rule.py
__rich_measure__,E:\football_v\.venv\Lib\site-packages\pip\_vendor\rich\rule.py
render_scope,E:\football_v\.venv\Lib\site-packages\pip\_vendor\rich\scope.py
sort_items,E:\football_v\.venv\Lib\site-packages\pip\_vendor\rich\scope.py
test,E:\football_v\.venv\Lib\site-packages\pip\_vendor\rich\scope.py
__init__,E:\football_v\.venv\Lib\site-packages\pip\_vendor\rich\screen.py
__rich_console__,E:\football_v\.venv\Lib\site-packages\pip\_vendor\rich\screen.py
cell_length,E:\football_v\.venv\Lib\site-packages\pip\_vendor\rich\segment.py
__rich_repr__,E:\football_v\.venv\Lib\site-packages\pip\_vendor\rich\segment.py
__bool__,E:\football_v\.venv\Lib\site-packages\pip\_vendor\rich\segment.py
is_control,E:\football_v\.venv\Lib\site-packages\pip\_vendor\rich\segment.py
_split_cells,E:\football_v\.venv\Lib\site-packages\pip\_vendor\rich\segment.py
split_cells,E:\football_v\.venv\Lib\site-packages\pip\_vendor\rich\segment.py
line,E:\football_v\.venv\Lib\site-packages\pip\_vendor\rich\segment.py
apply_style,E:\football_v\.venv\Lib\site-packages\pip\_vendor\rich\segment.py
filter_control,E:\football_v\.venv\Lib\site-packages\pip\_vendor\rich\segment.py
split_lines,E:\football_v\.venv\Lib\site-packages\pip\_vendor\rich\segment.py
split_and_crop_lines,E:\football_v\.venv\Lib\site-packages\pip\_vendor\rich\segment.py
adjust_line_length,E:\football_v\.venv\Lib\site-packages\pip\_vendor\rich\segment.py
get_line_length,E:\football_v\.venv\Lib\site-packages\pip\_vendor\rich\segment.py
get_shape,E:\football_v\.venv\Lib\site-packages\pip\_vendor\rich\segment.py
set_shape,E:\football_v\.venv\Lib\site-packages\pip\_vendor\rich\segment.py
align_top,E:\football_v\.venv\Lib\site-packages\pip\_vendor\rich\segment.py
align_bottom,E:\football_v\.venv\Lib\site-packages\pip\_vendor\rich\segment.py
align_middle,E:\football_v\.venv\Lib\site-packages\pip\_vendor\rich\segment.py
simplify,E:\football_v\.venv\Lib\site-packages\pip\_vendor\rich\segment.py
strip_links,E:\football_v\.venv\Lib\site-packages\pip\_vendor\rich\segment.py
strip_styles,E:\football_v\.venv\Lib\site-packages\pip\_vendor\rich\segment.py
remove_color,E:\football_v\.venv\Lib\site-packages\pip\_vendor\rich\segment.py
divide,E:\football_v\.venv\Lib\site-packages\pip\_vendor\rich\segment.py
__init__,E:\football_v\.venv\Lib\site-packages\pip\_vendor\rich\segment.py
__rich_console__,E:\football_v\.venv\Lib\site-packages\pip\_vendor\rich\segment.py
__init__,E:\football_v\.venv\Lib\site-packages\pip\_vendor\rich\segment.py
__rich_console__,E:\football_v\.venv\Lib\site-packages\pip\_vendor\rich\segment.py
__init__,E:\football_v\.venv\Lib\site-packages\pip\_vendor\rich\spinner.py
__rich_console__,E:\football_v\.venv\Lib\site-packages\pip\_vendor\rich\spinner.py
__rich_measure__,E:\football_v\.venv\Lib\site-packages\pip\_vendor\rich\spinner.py
render,E:\football_v\.venv\Lib\site-packages\pip\_vendor\rich\spinner.py
update,E:\football_v\.venv\Lib\site-packages\pip\_vendor\rich\spinner.py
__init__,E:\football_v\.venv\Lib\site-packages\pip\_vendor\rich\status.py
renderable,E:\football_v\.venv\Lib\site-packages\pip\_vendor\rich\status.py
console,E:\football_v\.venv\Lib\site-packages\pip\_vendor\rich\status.py
update,E:\football_v\.venv\Lib\site-packages\pip\_vendor\rich\status.py
start,E:\football_v\.venv\Lib\site-packages\pip\_vendor\rich\status.py
stop,E:\football_v\.venv\Lib\site-packages\pip\_vendor\rich\status.py
__rich__,E:\football_v\.venv\Lib\site-packages\pip\_vendor\rich\status.py
__enter__,E:\football_v\.venv\Lib\site-packages\pip\_vendor\rich\status.py
__exit__,E:\football_v\.venv\Lib\site-packages\pip\_vendor\rich\status.py
__init__,E:\football_v\.venv\Lib\site-packages\pip\_vendor\rich\style.py
__get__,E:\football_v\.venv\Lib\site-packages\pip\_vendor\rich\style.py
__init__,E:\football_v\.venv\Lib\site-packages\pip\_vendor\rich\style.py
null,E:\football_v\.venv\Lib\site-packages\pip\_vendor\rich\style.py
from_color,E:\football_v\.venv\Lib\site-packages\pip\_vendor\rich\style.py
from_meta,E:\football_v\.venv\Lib\site-packages\pip\_vendor\rich\style.py
on,E:\football_v\.venv\Lib\site-packages\pip\_vendor\rich\style.py
link_id,E:\football_v\.venv\Lib\site-packages\pip\_vendor\rich\style.py
__str__,E:\football_v\.venv\Lib\site-packages\pip\_vendor\rich\style.py
__bool__,E:\football_v\.venv\Lib\site-packages\pip\_vendor\rich\style.py
_make_ansi_codes,E:\football_v\.venv\Lib\site-packages\pip\_vendor\rich\style.py
normalize,E:\football_v\.venv\Lib\site-packages\pip\_vendor\rich\style.py
pick_first,E:\football_v\.venv\Lib\site-packages\pip\_vendor\rich\style.py
__rich_repr__,E:\football_v\.venv\Lib\site-packages\pip\_vendor\rich\style.py
__eq__,E:\football_v\.venv\Lib\site-packages\pip\_vendor\rich\style.py
__ne__,E:\football_v\.venv\Lib\site-packages\pip\_vendor\rich\style.py
__hash__,E:\football_v\.venv\Lib\site-packages\pip\_vendor\rich\style.py
color,E:\football_v\.venv\Lib\site-packages\pip\_vendor\rich\style.py
bgcolor,E:\football_v\.venv\Lib\site-packages\pip\_vendor\rich\style.py
link,E:\football_v\.venv\Lib\site-packages\pip\_vendor\rich\style.py
transparent_background,E:\football_v\.venv\Lib\site-packages\pip\_vendor\rich\style.py
background_style,E:\football_v\.venv\Lib\site-packages\pip\_vendor\rich\style.py
meta,E:\football_v\.venv\Lib\site-packages\pip\_vendor\rich\style.py
without_color,E:\football_v\.venv\Lib\site-packages\pip\_vendor\rich\style.py
parse,E:\football_v\.venv\Lib\site-packages\pip\_vendor\rich\style.py
get_html_style,E:\football_v\.venv\Lib\site-packages\pip\_vendor\rich\style.py
combine,E:\football_v\.venv\Lib\site-packages\pip\_vendor\rich\style.py
chain,E:\football_v\.venv\Lib\site-packages\pip\_vendor\rich\style.py
copy,E:\football_v\.venv\Lib\site-packages\pip\_vendor\rich\style.py
clear_meta_and_links,E:\football_v\.venv\Lib\site-packages\pip\_vendor\rich\style.py
update_link,E:\football_v\.venv\Lib\site-packages\pip\_vendor\rich\style.py
render,E:\football_v\.venv\Lib\site-packages\pip\_vendor\rich\style.py
test,E:\football_v\.venv\Lib\site-packages\pip\_vendor\rich\style.py
_add,E:\football_v\.venv\Lib\site-packages\pip\_vendor\rich\style.py
__add__,E:\football_v\.venv\Lib\site-packages\pip\_vendor\rich\style.py
__init__,E:\football_v\.venv\Lib\site-packages\pip\_vendor\rich\style.py
__repr__,E:\football_v\.venv\Lib\site-packages\pip\_vendor\rich\style.py
current,E:\football_v\.venv\Lib\site-packages\pip\_vendor\rich\style.py
push,E:\football_v\.venv\Lib\site-packages\pip\_vendor\rich\style.py
pop,E:\football_v\.venv\Lib\site-packages\pip\_vendor\rich\style.py
_make_color,E:\football_v\.venv\Lib\site-packages\pip\_vendor\rich\style.py
__init__,E:\football_v\.venv\Lib\site-packages\pip\_vendor\rich\styled.py
__rich_console__,E:\football_v\.venv\Lib\site-packages\pip\_vendor\rich\styled.py
__rich_measure__,E:\football_v\.venv\Lib\site-packages\pip\_vendor\rich\styled.py
_get_code_index_for_syntax_position,E:\football_v\.venv\Lib\site-packages\pip\_vendor\rich\syntax.py
get_style_for_token,E:\football_v\.venv\Lib\site-packages\pip\_vendor\rich\syntax.py
get_background_style,E:\football_v\.venv\Lib\site-packages\pip\_vendor\rich\syntax.py
__init__,E:\football_v\.venv\Lib\site-packages\pip\_vendor\rich\syntax.py
get_style_for_token,E:\football_v\.venv\Lib\site-packages\pip\_vendor\rich\syntax.py
get_background_style,E:\football_v\.venv\Lib\site-packages\pip\_vendor\rich\syntax.py
__init__,E:\football_v\.venv\Lib\site-packages\pip\_vendor\rich\syntax.py
get_style_for_token,E:\football_v\.venv\Lib\site-packages\pip\_vendor\rich\syntax.py
get_background_style,E:\football_v\.venv\Lib\site-packages\pip\_vendor\rich\syntax.py
get_theme,E:\football_v\.venv\Lib\site-packages\pip\_vendor\rich\syntax.py
__init__,E:\football_v\.venv\Lib\site-packages\pip\_vendor\rich\syntax.py
from_path,E:\football_v\.venv\Lib\site-packages\pip\_vendor\rich\syntax.py
guess_lexer,E:\football_v\.venv\Lib\site-packages\pip\_vendor\rich\syntax.py
_get_base_style,E:\football_v\.venv\Lib\site-packages\pip\_vendor\rich\syntax.py
_get_token_color,E:\football_v\.venv\Lib\site-packages\pip\_vendor\rich\syntax.py
lexer,E:\football_v\.venv\Lib\site-packages\pip\_vendor\rich\syntax.py
default_lexer,E:\football_v\.venv\Lib\site-packages\pip\_vendor\rich\syntax.py
highlight,E:\football_v\.venv\Lib\site-packages\pip\_vendor\rich\syntax.py
stylize_range,E:\football_v\.venv\Lib\site-packages\pip\_vendor\rich\syntax.py
_get_line_numbers_color,E:\football_v\.venv\Lib\site-packages\pip\_vendor\rich\syntax.py
_numbers_column_width,E:\football_v\.venv\Lib\site-packages\pip\_vendor\rich\syntax.py
_get_number_styles,E:\football_v\.venv\Lib\site-packages\pip\_vendor\rich\syntax.py
__rich_measure__,E:\football_v\.venv\Lib\site-packages\pip\_vendor\rich\syntax.py
__rich_console__,E:\football_v\.venv\Lib\site-packages\pip\_vendor\rich\syntax.py
_get_syntax,E:\football_v\.venv\Lib\site-packages\pip\_vendor\rich\syntax.py
_apply_stylized_ranges,E:\football_v\.venv\Lib\site-packages\pip\_vendor\rich\syntax.py
_process_code,E:\football_v\.venv\Lib\site-packages\pip\_vendor\rich\syntax.py
line_tokenize,E:\football_v\.venv\Lib\site-packages\pip\_vendor\rich\syntax.py
tokens_to_spans,E:\football_v\.venv\Lib\site-packages\pip\_vendor\rich\syntax.py
copy,E:\football_v\.venv\Lib\site-packages\pip\_vendor\rich\table.py
cells,E:\football_v\.venv\Lib\site-packages\pip\_vendor\rich\table.py
flexible,E:\football_v\.venv\Lib\site-packages\pip\_vendor\rich\table.py
__init__,E:\football_v\.venv\Lib\site-packages\pip\_vendor\rich\table.py
grid,E:\football_v\.venv\Lib\site-packages\pip\_vendor\rich\table.py
expand,E:\football_v\.venv\Lib\site-packages\pip\_vendor\rich\table.py
expand,E:\football_v\.venv\Lib\site-packages\pip\_vendor\rich\table.py
_extra_width,E:\football_v\.venv\Lib\site-packages\pip\_vendor\rich\table.py
row_count,E:\football_v\.venv\Lib\site-packages\pip\_vendor\rich\table.py
get_row_style,E:\football_v\.venv\Lib\site-packages\pip\_vendor\rich\table.py
__rich_measure__,E:\football_v\.venv\Lib\site-packages\pip\_vendor\rich\table.py
padding,E:\football_v\.venv\Lib\site-packages\pip\_vendor\rich\table.py
padding,E:\football_v\.venv\Lib\site-packages\pip\_vendor\rich\table.py
add_column,E:\football_v\.venv\Lib\site-packages\pip\_vendor\rich\table.py
add_row,E:\football_v\.venv\Lib\site-packages\pip\_vendor\rich\table.py
add_section,E:\football_v\.venv\Lib\site-packages\pip\_vendor\rich\table.py
__rich_console__,E:\football_v\.venv\Lib\site-packages\pip\_vendor\rich\table.py
_calculate_column_widths,E:\football_v\.venv\Lib\site-packages\pip\_vendor\rich\table.py
_collapse_widths,E:\football_v\.venv\Lib\site-packages\pip\_vendor\rich\table.py
_get_cells,E:\football_v\.venv\Lib\site-packages\pip\_vendor\rich\table.py
_get_padding_width,E:\football_v\.venv\Lib\site-packages\pip\_vendor\rich\table.py
_measure_column,E:\football_v\.venv\Lib\site-packages\pip\_vendor\rich\table.py
_render,E:\football_v\.venv\Lib\site-packages\pip\_vendor\rich\table.py
add_cell,E:\football_v\.venv\Lib\site-packages\pip\_vendor\rich\table.py
render_annotation,E:\football_v\.venv\Lib\site-packages\pip\_vendor\rich\table.py
get_padding,E:\football_v\.venv\Lib\site-packages\pip\_vendor\rich\table.py
header,E:\football_v\.venv\Lib\site-packages\pip\_vendor\rich\table.py
align_cell,E:\football_v\.venv\Lib\site-packages\pip\_vendor\rich\table.py
__init__,E:\football_v\.venv\Lib\site-packages\pip\_vendor\rich\terminal_theme.py
__repr__,E:\football_v\.venv\Lib\site-packages\pip\_vendor\rich\text.py
__bool__,E:\football_v\.venv\Lib\site-packages\pip\_vendor\rich\text.py
split,E:\football_v\.venv\Lib\site-packages\pip\_vendor\rich\text.py
move,E:\football_v\.venv\Lib\site-packages\pip\_vendor\rich\text.py
right_crop,E:\football_v\.venv\Lib\site-packages\pip\_vendor\rich\text.py
extend,E:\football_v\.venv\Lib\site-packages\pip\_vendor\rich\text.py
__init__,E:\football_v\.venv\Lib\site-packages\pip\_vendor\rich\text.py
__len__,E:\football_v\.venv\Lib\site-packages\pip\_vendor\rich\text.py
__bool__,E:\football_v\.venv\Lib\site-packages\pip\_vendor\rich\text.py
__str__,E:\football_v\.venv\Lib\site-packages\pip\_vendor\rich\text.py
__repr__,E:\football_v\.venv\Lib\site-packages\pip\_vendor\rich\text.py
__add__,E:\football_v\.venv\Lib\site-packages\pip\_vendor\rich\text.py
__eq__,E:\football_v\.venv\Lib\site-packages\pip\_vendor\rich\text.py
__contains__,E:\football_v\.venv\Lib\site-packages\pip\_vendor\rich\text.py
__getitem__,E:\football_v\.venv\Lib\site-packages\pip\_vendor\rich\text.py
cell_len,E:\football_v\.venv\Lib\site-packages\pip\_vendor\rich\text.py
markup,E:\football_v\.venv\Lib\site-packages\pip\_vendor\rich\text.py
from_markup,E:\football_v\.venv\Lib\site-packages\pip\_vendor\rich\text.py
from_ansi,E:\football_v\.venv\Lib\site-packages\pip\_vendor\rich\text.py
styled,E:\football_v\.venv\Lib\site-packages\pip\_vendor\rich\text.py
assemble,E:\football_v\.venv\Lib\site-packages\pip\_vendor\rich\text.py
plain,E:\football_v\.venv\Lib\site-packages\pip\_vendor\rich\text.py
plain,E:\football_v\.venv\Lib\site-packages\pip\_vendor\rich\text.py
spans,E:\football_v\.venv\Lib\site-packages\pip\_vendor\rich\text.py
spans,E:\football_v\.venv\Lib\site-packages\pip\_vendor\rich\text.py
blank_copy,E:\football_v\.venv\Lib\site-packages\pip\_vendor\rich\text.py
copy,E:\football_v\.venv\Lib\site-packages\pip\_vendor\rich\text.py
stylize,E:\football_v\.venv\Lib\site-packages\pip\_vendor\rich\text.py
stylize_before,E:\football_v\.venv\Lib\site-packages\pip\_vendor\rich\text.py
apply_meta,E:\football_v\.venv\Lib\site-packages\pip\_vendor\rich\text.py
on,E:\football_v\.venv\Lib\site-packages\pip\_vendor\rich\text.py
remove_suffix,E:\football_v\.venv\Lib\site-packages\pip\_vendor\rich\text.py
get_style_at_offset,E:\football_v\.venv\Lib\site-packages\pip\_vendor\rich\text.py
extend_style,E:\football_v\.venv\Lib\site-packages\pip\_vendor\rich\text.py
highlight_regex,E:\football_v\.venv\Lib\site-packages\pip\_vendor\rich\text.py
highlight_words,E:\football_v\.venv\Lib\site-packages\pip\_vendor\rich\text.py
rstrip,E:\football_v\.venv\Lib\site-packages\pip\_vendor\rich\text.py
rstrip_end,E:\football_v\.venv\Lib\site-packages\pip\_vendor\rich\text.py
set_length,E:\football_v\.venv\Lib\site-packages\pip\_vendor\rich\text.py
__rich_console__,E:\football_v\.venv\Lib\site-packages\pip\_vendor\rich\text.py
__rich_measure__,E:\football_v\.venv\Lib\site-packages\pip\_vendor\rich\text.py
render,E:\football_v\.venv\Lib\site-packages\pip\_vendor\rich\text.py
join,E:\football_v\.venv\Lib\site-packages\pip\_vendor\rich\text.py
expand_tabs,E:\football_v\.venv\Lib\site-packages\pip\_vendor\rich\text.py
truncate,E:\football_v\.venv\Lib\site-packages\pip\_vendor\rich\text.py
_trim_spans,E:\football_v\.venv\Lib\site-packages\pip\_vendor\rich\text.py
pad,E:\football_v\.venv\Lib\site-packages\pip\_vendor\rich\text.py
pad_left,E:\football_v\.venv\Lib\site-packages\pip\_vendor\rich\text.py
pad_right,E:\football_v\.venv\Lib\site-packages\pip\_vendor\rich\text.py
align,E:\football_v\.venv\Lib\site-packages\pip\_vendor\rich\text.py
append,E:\football_v\.venv\Lib\site-packages\pip\_vendor\rich\text.py
append_text,E:\football_v\.venv\Lib\site-packages\pip\_vendor\rich\text.py
append_tokens,E:\football_v\.venv\Lib\site-packages\pip\_vendor\rich\text.py
copy_styles,E:\football_v\.venv\Lib\site-packages\pip\_vendor\rich\text.py
split,E:\football_v\.venv\Lib\site-packages\pip\_vendor\rich\text.py
divide,E:\football_v\.venv\Lib\site-packages\pip\_vendor\rich\text.py
right_crop,E:\football_v\.venv\Lib\site-packages\pip\_vendor\rich\text.py
wrap,E:\football_v\.venv\Lib\site-packages\pip\_vendor\rich\text.py
fit,E:\football_v\.venv\Lib\site-packages\pip\_vendor\rich\text.py
detect_indentation,E:\football_v\.venv\Lib\site-packages\pip\_vendor\rich\text.py
with_indent_guides,E:\football_v\.venv\Lib\site-packages\pip\_vendor\rich\text.py
get_text_at,E:\football_v\.venv\Lib\site-packages\pip\_vendor\rich\text.py
get_current_style,E:\football_v\.venv\Lib\site-packages\pip\_vendor\rich\text.py
iter_text,E:\football_v\.venv\Lib\site-packages\pip\_vendor\rich\text.py
flatten_spans,E:\football_v\.venv\Lib\site-packages\pip\_vendor\rich\text.py
__init__,E:\football_v\.venv\Lib\site-packages\pip\_vendor\rich\theme.py
config,E:\football_v\.venv\Lib\site-packages\pip\_vendor\rich\theme.py
from_file,E:\football_v\.venv\Lib\site-packages\pip\_vendor\rich\theme.py
read,E:\football_v\.venv\Lib\site-packages\pip\_vendor\rich\theme.py
__init__,E:\football_v\.venv\Lib\site-packages\pip\_vendor\rich\theme.py
push_theme,E:\football_v\.venv\Lib\site-packages\pip\_vendor\rich\theme.py
pop_theme,E:\football_v\.venv\Lib\site-packages\pip\_vendor\rich\theme.py
install,E:\football_v\.venv\Lib\site-packages\pip\_vendor\rich\traceback.py
excepthook,E:\football_v\.venv\Lib\site-packages\pip\_vendor\rich\traceback.py
ipy_excepthook_closure,E:\football_v\.venv\Lib\site-packages\pip\_vendor\rich\traceback.py
__init__,E:\football_v\.venv\Lib\site-packages\pip\_vendor\rich\traceback.py
from_exception,E:\football_v\.venv\Lib\site-packages\pip\_vendor\rich\traceback.py
extract,E:\football_v\.venv\Lib\site-packages\pip\_vendor\rich\traceback.py
__rich_console__,E:\football_v\.venv\Lib\site-packages\pip\_vendor\rich\traceback.py
_render_syntax_error,E:\football_v\.venv\Lib\site-packages\pip\_vendor\rich\traceback.py
_guess_lexer,E:\football_v\.venv\Lib\site-packages\pip\_vendor\rich\traceback.py
_render_stack,E:\football_v\.venv\Lib\site-packages\pip\_vendor\rich\traceback.py
bar,E:\football_v\.venv\Lib\site-packages\pip\_vendor\rich\traceback.py
foo,E:\football_v\.venv\Lib\site-packages\pip\_vendor\rich\traceback.py
error,E:\football_v\.venv\Lib\site-packages\pip\_vendor\rich\traceback.py
ipy_show_traceback,E:\football_v\.venv\Lib\site-packages\pip\_vendor\rich\traceback.py
ipy_display_traceback,E:\football_v\.venv\Lib\site-packages\pip\_vendor\rich\traceback.py
safe_str,E:\football_v\.venv\Lib\site-packages\pip\_vendor\rich\traceback.py
read_code,E:\football_v\.venv\Lib\site-packages\pip\_vendor\rich\traceback.py
render_locals,E:\football_v\.venv\Lib\site-packages\pip\_vendor\rich\traceback.py
get_locals,E:\football_v\.venv\Lib\site-packages\pip\_vendor\rich\traceback.py
__init__,E:\football_v\.venv\Lib\site-packages\pip\_vendor\rich\tree.py
add,E:\football_v\.venv\Lib\site-packages\pip\_vendor\rich\tree.py
__rich_console__,E:\football_v\.venv\Lib\site-packages\pip\_vendor\rich\tree.py
__rich_measure__,E:\football_v\.venv\Lib\site-packages\pip\_vendor\rich\tree.py
make_guide,E:\football_v\.venv\Lib\site-packages\pip\_vendor\rich\tree.py
_emoji_replace,E:\football_v\.venv\Lib\site-packages\pip\_vendor\rich\_emoji_replace.py
do_replace,E:\football_v\.venv\Lib\site-packages\pip\_vendor\rich\_emoji_replace.py
load_ipython_extension,E:\football_v\.venv\Lib\site-packages\pip\_vendor\rich\_extension.py
get_fileno,E:\football_v\.venv\Lib\site-packages\pip\_vendor\rich\_fileno.py
_first_paragraph,E:\football_v\.venv\Lib\site-packages\pip\_vendor\rich\_inspect.py
get_object_types_mro,E:\football_v\.venv\Lib\site-packages\pip\_vendor\rich\_inspect.py
get_object_types_mro_as_strings,E:\football_v\.venv\Lib\site-packages\pip\_vendor\rich\_inspect.py
is_object_one_of_types,E:\football_v\.venv\Lib\site-packages\pip\_vendor\rich\_inspect.py
__init__,E:\football_v\.venv\Lib\site-packages\pip\_vendor\rich\_inspect.py
_make_title,E:\football_v\.venv\Lib\site-packages\pip\_vendor\rich\_inspect.py
__rich__,E:\football_v\.venv\Lib\site-packages\pip\_vendor\rich\_inspect.py
_get_signature,E:\football_v\.venv\Lib\site-packages\pip\_vendor\rich\_inspect.py
_render,E:\football_v\.venv\Lib\site-packages\pip\_vendor\rich\_inspect.py
_get_formatted_doc,E:\football_v\.venv\Lib\site-packages\pip\_vendor\rich\_inspect.py
sort_items,E:\football_v\.venv\Lib\site-packages\pip\_vendor\rich\_inspect.py
safe_getattr,E:\football_v\.venv\Lib\site-packages\pip\_vendor\rich\_inspect.py
__init__,E:\football_v\.venv\Lib\site-packages\pip\_vendor\rich\_log_render.py
__call__,E:\football_v\.venv\Lib\site-packages\pip\_vendor\rich\_log_render.py
loop_first,E:\football_v\.venv\Lib\site-packages\pip\_vendor\rich\_loop.py
loop_last,E:\football_v\.venv\Lib\site-packages\pip\_vendor\rich\_loop.py
loop_first_last,E:\football_v\.venv\Lib\site-packages\pip\_vendor\rich\_loop.py
close,E:\football_v\.venv\Lib\site-packages\pip\_vendor\rich\_null_file.py
isatty,E:\football_v\.venv\Lib\site-packages\pip\_vendor\rich\_null_file.py
read,E:\football_v\.venv\Lib\site-packages\pip\_vendor\rich\_null_file.py
readable,E:\football_v\.venv\Lib\site-packages\pip\_vendor\rich\_null_file.py
readline,E:\football_v\.venv\Lib\site-packages\pip\_vendor\rich\_null_file.py
readlines,E:\football_v\.venv\Lib\site-packages\pip\_vendor\rich\_null_file.py
seek,E:\football_v\.venv\Lib\site-packages\pip\_vendor\rich\_null_file.py
seekable,E:\football_v\.venv\Lib\site-packages\pip\_vendor\rich\_null_file.py
tell,E:\football_v\.venv\Lib\site-packages\pip\_vendor\rich\_null_file.py
truncate,E:\football_v\.venv\Lib\site-packages\pip\_vendor\rich\_null_file.py
writable,E:\football_v\.venv\Lib\site-packages\pip\_vendor\rich\_null_file.py
writelines,E:\football_v\.venv\Lib\site-packages\pip\_vendor\rich\_null_file.py
__next__,E:\football_v\.venv\Lib\site-packages\pip\_vendor\rich\_null_file.py
__iter__,E:\football_v\.venv\Lib\site-packages\pip\_vendor\rich\_null_file.py
__enter__,E:\football_v\.venv\Lib\site-packages\pip\_vendor\rich\_null_file.py
__exit__,E:\football_v\.venv\Lib\site-packages\pip\_vendor\rich\_null_file.py
write,E:\football_v\.venv\Lib\site-packages\pip\_vendor\rich\_null_file.py
flush,E:\football_v\.venv\Lib\site-packages\pip\_vendor\rich\_null_file.py
fileno,E:\football_v\.venv\Lib\site-packages\pip\_vendor\rich\_null_file.py
pick_bool,E:\football_v\.venv\Lib\site-packages\pip\_vendor\rich\_pick.py
ratio_resolve,E:\football_v\.venv\Lib\site-packages\pip\_vendor\rich\_ratio.py
ratio_reduce,E:\football_v\.venv\Lib\site-packages\pip\_vendor\rich\_ratio.py
ratio_distribute,E:\football_v\.venv\Lib\site-packages\pip\_vendor\rich\_ratio.py
top,E:\football_v\.venv\Lib\site-packages\pip\_vendor\rich\_stack.py
push,E:\football_v\.venv\Lib\site-packages\pip\_vendor\rich\_stack.py
timer,E:\football_v\.venv\Lib\site-packages\pip\_vendor\rich\_timer.py
GetStdHandle,E:\football_v\.venv\Lib\site-packages\pip\_vendor\rich\_win32_console.py
GetConsoleMode,E:\football_v\.venv\Lib\site-packages\pip\_vendor\rich\_win32_console.py
FillConsoleOutputCharacter,E:\football_v\.venv\Lib\site-packages\pip\_vendor\rich\_win32_console.py
FillConsoleOutputAttribute,E:\football_v\.venv\Lib\site-packages\pip\_vendor\rich\_win32_console.py
SetConsoleTextAttribute,E:\football_v\.venv\Lib\site-packages\pip\_vendor\rich\_win32_console.py
GetConsoleScreenBufferInfo,E:\football_v\.venv\Lib\site-packages\pip\_vendor\rich\_win32_console.py
SetConsoleCursorPosition,E:\football_v\.venv\Lib\site-packages\pip\_vendor\rich\_win32_console.py
GetConsoleCursorInfo,E:\football_v\.venv\Lib\site-packages\pip\_vendor\rich\_win32_console.py
SetConsoleCursorInfo,E:\football_v\.venv\Lib\site-packages\pip\_vendor\rich\_win32_console.py
SetConsoleTitle,E:\football_v\.venv\Lib\site-packages\pip\_vendor\rich\_win32_console.py
from_param,E:\football_v\.venv\Lib\site-packages\pip\_vendor\rich\_win32_console.py
__init__,E:\football_v\.venv\Lib\site-packages\pip\_vendor\rich\_win32_console.py
cursor_position,E:\football_v\.venv\Lib\site-packages\pip\_vendor\rich\_win32_console.py
screen_size,E:\football_v\.venv\Lib\site-packages\pip\_vendor\rich\_win32_console.py
write_text,E:\football_v\.venv\Lib\site-packages\pip\_vendor\rich\_win32_console.py
write_styled,E:\football_v\.venv\Lib\site-packages\pip\_vendor\rich\_win32_console.py
move_cursor_to,E:\football_v\.venv\Lib\site-packages\pip\_vendor\rich\_win32_console.py
erase_line,E:\football_v\.venv\Lib\site-packages\pip\_vendor\rich\_win32_console.py
erase_end_of_line,E:\football_v\.venv\Lib\site-packages\pip\_vendor\rich\_win32_console.py
erase_start_of_line,E:\football_v\.venv\Lib\site-packages\pip\_vendor\rich\_win32_console.py
move_cursor_up,E:\football_v\.venv\Lib\site-packages\pip\_vendor\rich\_win32_console.py
move_cursor_down,E:\football_v\.venv\Lib\site-packages\pip\_vendor\rich\_win32_console.py
move_cursor_forward,E:\football_v\.venv\Lib\site-packages\pip\_vendor\rich\_win32_console.py
move_cursor_to_column,E:\football_v\.venv\Lib\site-packages\pip\_vendor\rich\_win32_console.py
move_cursor_backward,E:\football_v\.venv\Lib\site-packages\pip\_vendor\rich\_win32_console.py
hide_cursor,E:\football_v\.venv\Lib\site-packages\pip\_vendor\rich\_win32_console.py
show_cursor,E:\football_v\.venv\Lib\site-packages\pip\_vendor\rich\_win32_console.py
set_title,E:\football_v\.venv\Lib\site-packages\pip\_vendor\rich\_win32_console.py
_get_cursor_size,E:\football_v\.venv\Lib\site-packages\pip\_vendor\rich\_win32_console.py
get_windows_console_features,E:\football_v\.venv\Lib\site-packages\pip\_vendor\rich\_windows.py
get_windows_console_features,E:\football_v\.venv\Lib\site-packages\pip\_vendor\rich\_windows.py
legacy_windows_render,E:\football_v\.venv\Lib\site-packages\pip\_vendor\rich\_windows_renderer.py
words,E:\football_v\.venv\Lib\site-packages\pip\_vendor\rich\_wrap.py
divide_line,E:\football_v\.venv\Lib\site-packages\pip\_vendor\rich\_wrap.py
get_console,E:\football_v\.venv\Lib\site-packages\pip\_vendor\rich\__init__.py
reconfigure,E:\football_v\.venv\Lib\site-packages\pip\_vendor\rich\__init__.py
print,E:\football_v\.venv\Lib\site-packages\pip\_vendor\rich\__init__.py
print_json,E:\football_v\.venv\Lib\site-packages\pip\_vendor\rich\__init__.py
inspect,E:\football_v\.venv\Lib\site-packages\pip\_vendor\rich\__init__.py
make_test_card,E:\football_v\.venv\Lib\site-packages\pip\_vendor\rich\__main__.py
__rich_console__,E:\football_v\.venv\Lib\site-packages\pip\_vendor\rich\__main__.py
__rich_measure__,E:\football_v\.venv\Lib\site-packages\pip\_vendor\rich\__main__.py
comparison,E:\football_v\.venv\Lib\site-packages\pip\_vendor\rich\__main__.py
load,E:\football_v\.venv\Lib\site-packages\pip\_vendor\tomli\_parser.py
loads,E:\football_v\.venv\Lib\site-packages\pip\_vendor\tomli\_parser.py
skip_chars,E:\football_v\.venv\Lib\site-packages\pip\_vendor\tomli\_parser.py
skip_until,E:\football_v\.venv\Lib\site-packages\pip\_vendor\tomli\_parser.py
skip_comment,E:\football_v\.venv\Lib\site-packages\pip\_vendor\tomli\_parser.py
skip_comments_and_array_ws,E:\football_v\.venv\Lib\site-packages\pip\_vendor\tomli\_parser.py
create_dict_rule,E:\football_v\.venv\Lib\site-packages\pip\_vendor\tomli\_parser.py
create_list_rule,E:\football_v\.venv\Lib\site-packages\pip\_vendor\tomli\_parser.py
key_value_rule,E:\football_v\.venv\Lib\site-packages\pip\_vendor\tomli\_parser.py
parse_key_value_pair,E:\football_v\.venv\Lib\site-packages\pip\_vendor\tomli\_parser.py
parse_key,E:\football_v\.venv\Lib\site-packages\pip\_vendor\tomli\_parser.py
parse_key_part,E:\football_v\.venv\Lib\site-packages\pip\_vendor\tomli\_parser.py
parse_one_line_basic_str,E:\football_v\.venv\Lib\site-packages\pip\_vendor\tomli\_parser.py
parse_array,E:\football_v\.venv\Lib\site-packages\pip\_vendor\tomli\_parser.py
parse_inline_table,E:\football_v\.venv\Lib\site-packages\pip\_vendor\tomli\_parser.py
parse_basic_str_escape,E:\football_v\.venv\Lib\site-packages\pip\_vendor\tomli\_parser.py
parse_basic_str_escape_multiline,E:\football_v\.venv\Lib\site-packages\pip\_vendor\tomli\_parser.py
parse_hex_char,E:\football_v\.venv\Lib\site-packages\pip\_vendor\tomli\_parser.py
parse_literal_str,E:\football_v\.venv\Lib\site-packages\pip\_vendor\tomli\_parser.py
parse_multiline_str,E:\football_v\.venv\Lib\site-packages\pip\_vendor\tomli\_parser.py
parse_basic_str,E:\football_v\.venv\Lib\site-packages\pip\_vendor\tomli\_parser.py
parse_value,E:\football_v\.venv\Lib\site-packages\pip\_vendor\tomli\_parser.py
is_unicode_scalar_value,E:\football_v\.venv\Lib\site-packages\pip\_vendor\tomli\_parser.py
make_safe_parse_float,E:\football_v\.venv\Lib\site-packages\pip\_vendor\tomli\_parser.py
__init__,E:\football_v\.venv\Lib\site-packages\pip\_vendor\tomli\_parser.py
__init__,E:\football_v\.venv\Lib\site-packages\pip\_vendor\tomli\_parser.py
add_pending,E:\football_v\.venv\Lib\site-packages\pip\_vendor\tomli\_parser.py
finalize_pending,E:\football_v\.venv\Lib\site-packages\pip\_vendor\tomli\_parser.py
unset_all,E:\football_v\.venv\Lib\site-packages\pip\_vendor\tomli\_parser.py
set,E:\football_v\.venv\Lib\site-packages\pip\_vendor\tomli\_parser.py
is_,E:\football_v\.venv\Lib\site-packages\pip\_vendor\tomli\_parser.py
__init__,E:\football_v\.venv\Lib\site-packages\pip\_vendor\tomli\_parser.py
get_or_create_nest,E:\football_v\.venv\Lib\site-packages\pip\_vendor\tomli\_parser.py
append_nest_to_list,E:\football_v\.venv\Lib\site-packages\pip\_vendor\tomli\_parser.py
safe_parse_float,E:\football_v\.venv\Lib\site-packages\pip\_vendor\tomli\_parser.py
match_to_datetime,E:\football_v\.venv\Lib\site-packages\pip\_vendor\tomli\_re.py
cached_tz,E:\football_v\.venv\Lib\site-packages\pip\_vendor\tomli\_re.py
match_to_localtime,E:\football_v\.venv\Lib\site-packages\pip\_vendor\tomli\_re.py
match_to_number,E:\football_v\.venv\Lib\site-packages\pip\_vendor\tomli\_re.py
inject_into_ssl,E:\football_v\.venv\Lib\site-packages\pip\_vendor\truststore\_api.py
extract_from_ssl,E:\football_v\.venv\Lib\site-packages\pip\_vendor\truststore\_api.py
_verify_peercerts,E:\football_v\.venv\Lib\site-packages\pip\_vendor\truststore\_api.py
__class__,E:\football_v\.venv\Lib\site-packages\pip\_vendor\truststore\_api.py
__init__,E:\football_v\.venv\Lib\site-packages\pip\_vendor\truststore\_api.py
wrap_socket,E:\football_v\.venv\Lib\site-packages\pip\_vendor\truststore\_api.py
wrap_bio,E:\football_v\.venv\Lib\site-packages\pip\_vendor\truststore\_api.py
load_verify_locations,E:\football_v\.venv\Lib\site-packages\pip\_vendor\truststore\_api.py
load_cert_chain,E:\football_v\.venv\Lib\site-packages\pip\_vendor\truststore\_api.py
load_default_certs,E:\football_v\.venv\Lib\site-packages\pip\_vendor\truststore\_api.py
set_alpn_protocols,E:\football_v\.venv\Lib\site-packages\pip\_vendor\truststore\_api.py
set_npn_protocols,E:\football_v\.venv\Lib\site-packages\pip\_vendor\truststore\_api.py
set_ciphers,E:\football_v\.venv\Lib\site-packages\pip\_vendor\truststore\_api.py
get_ciphers,E:\football_v\.venv\Lib\site-packages\pip\_vendor\truststore\_api.py
session_stats,E:\football_v\.venv\Lib\site-packages\pip\_vendor\truststore\_api.py
cert_store_stats,E:\football_v\.venv\Lib\site-packages\pip\_vendor\truststore\_api.py
set_default_verify_paths,E:\football_v\.venv\Lib\site-packages\pip\_vendor\truststore\_api.py
get_ca_certs,E:\football_v\.venv\Lib\site-packages\pip\_vendor\truststore\_api.py
get_ca_certs,E:\football_v\.venv\Lib\site-packages\pip\_vendor\truststore\_api.py
get_ca_certs,E:\football_v\.venv\Lib\site-packages\pip\_vendor\truststore\_api.py
get_ca_certs,E:\football_v\.venv\Lib\site-packages\pip\_vendor\truststore\_api.py
check_hostname,E:\football_v\.venv\Lib\site-packages\pip\_vendor\truststore\_api.py
check_hostname,E:\football_v\.venv\Lib\site-packages\pip\_vendor\truststore\_api.py
hostname_checks_common_name,E:\football_v\.venv\Lib\site-packages\pip\_vendor\truststore\_api.py
hostname_checks_common_name,E:\football_v\.venv\Lib\site-packages\pip\_vendor\truststore\_api.py
keylog_filename,E:\football_v\.venv\Lib\site-packages\pip\_vendor\truststore\_api.py
keylog_filename,E:\football_v\.venv\Lib\site-packages\pip\_vendor\truststore\_api.py
maximum_version,E:\football_v\.venv\Lib\site-packages\pip\_vendor\truststore\_api.py
maximum_version,E:\football_v\.venv\Lib\site-packages\pip\_vendor\truststore\_api.py
minimum_version,E:\football_v\.venv\Lib\site-packages\pip\_vendor\truststore\_api.py
minimum_version,E:\football_v\.venv\Lib\site-packages\pip\_vendor\truststore\_api.py
options,E:\football_v\.venv\Lib\site-packages\pip\_vendor\truststore\_api.py
options,E:\football_v\.venv\Lib\site-packages\pip\_vendor\truststore\_api.py
post_handshake_auth,E:\football_v\.venv\Lib\site-packages\pip\_vendor\truststore\_api.py
post_handshake_auth,E:\football_v\.venv\Lib\site-packages\pip\_vendor\truststore\_api.py
protocol,E:\football_v\.venv\Lib\site-packages\pip\_vendor\truststore\_api.py
security_level,E:\football_v\.venv\Lib\site-packages\pip\_vendor\truststore\_api.py
verify_flags,E:\football_v\.venv\Lib\site-packages\pip\_vendor\truststore\_api.py
verify_flags,E:\football_v\.venv\Lib\site-packages\pip\_vendor\truststore\_api.py
verify_mode,E:\football_v\.venv\Lib\site-packages\pip\_vendor\truststore\_api.py
verify_mode,E:\football_v\.venv\Lib\site-packages\pip\_vendor\truststore\_api.py
_get_unverified_chain_bytes,E:\football_v\.venv\Lib\site-packages\pip\_vendor\truststore\_api.py
_get_unverified_chain_bytes,E:\football_v\.venv\Lib\site-packages\pip\_vendor\truststore\_api.py
do_handshake,E:\football_v\.venv\Lib\site-packages\pip\_vendor\truststore\_api.py
_load_cdll,E:\football_v\.venv\Lib\site-packages\pip\_vendor\truststore\_macos.py
_handle_osstatus,E:\football_v\.venv\Lib\site-packages\pip\_vendor\truststore\_macos.py
_bytes_to_cf_data_ref,E:\football_v\.venv\Lib\site-packages\pip\_vendor\truststore\_macos.py
_bytes_to_cf_string,E:\football_v\.venv\Lib\site-packages\pip\_vendor\truststore\_macos.py
_cf_string_ref_to_str,E:\football_v\.venv\Lib\site-packages\pip\_vendor\truststore\_macos.py
_der_certs_to_cf_cert_array,E:\football_v\.venv\Lib\site-packages\pip\_vendor\truststore\_macos.py
_configure_context,E:\football_v\.venv\Lib\site-packages\pip\_vendor\truststore\_macos.py
_verify_peercerts_impl,E:\football_v\.venv\Lib\site-packages\pip\_vendor\truststore\_macos.py
_verify_peercerts_impl_macos_10_13,E:\football_v\.venv\Lib\site-packages\pip\_vendor\truststore\_macos.py
_verify_peercerts_impl_macos_10_14,E:\football_v\.venv\Lib\site-packages\pip\_vendor\truststore\_macos.py
_configure_context,E:\football_v\.venv\Lib\site-packages\pip\_vendor\truststore\_openssl.py
_capath_contains_certs,E:\football_v\.venv\Lib\site-packages\pip\_vendor\truststore\_openssl.py
_verify_peercerts_impl,E:\football_v\.venv\Lib\site-packages\pip\_vendor\truststore\_openssl.py
_set_ssl_context_verify_mode,E:\football_v\.venv\Lib\site-packages\pip\_vendor\truststore\_ssl_constants.py
_handle_win_error,E:\football_v\.venv\Lib\site-packages\pip\_vendor\truststore\_windows.py
_verify_peercerts_impl,E:\football_v\.venv\Lib\site-packages\pip\_vendor\truststore\_windows.py
_get_and_verify_cert_chain,E:\football_v\.venv\Lib\site-packages\pip\_vendor\truststore\_windows.py
_verify_using_custom_ca_certs,E:\football_v\.venv\Lib\site-packages\pip\_vendor\truststore\_windows.py
_configure_context,E:\football_v\.venv\Lib\site-packages\pip\_vendor\truststore\_windows.py
_match_hostname,E:\football_v\.venv\Lib\site-packages\pip\_vendor\urllib3\connection.py
_get_default_user_agent,E:\football_v\.venv\Lib\site-packages\pip\_vendor\urllib3\connection.py
__init__,E:\football_v\.venv\Lib\site-packages\pip\_vendor\urllib3\connection.py
host,E:\football_v\.venv\Lib\site-packages\pip\_vendor\urllib3\connection.py
host,E:\football_v\.venv\Lib\site-packages\pip\_vendor\urllib3\connection.py
_new_conn,E:\football_v\.venv\Lib\site-packages\pip\_vendor\urllib3\connection.py
_is_using_tunnel,E:\football_v\.venv\Lib\site-packages\pip\_vendor\urllib3\connection.py
_prepare_conn,E:\football_v\.venv\Lib\site-packages\pip\_vendor\urllib3\connection.py
connect,E:\football_v\.venv\Lib\site-packages\pip\_vendor\urllib3\connection.py
putrequest,E:\football_v\.venv\Lib\site-packages\pip\_vendor\urllib3\connection.py
putheader,E:\football_v\.venv\Lib\site-packages\pip\_vendor\urllib3\connection.py
request,E:\football_v\.venv\Lib\site-packages\pip\_vendor\urllib3\connection.py
request_chunked,E:\football_v\.venv\Lib\site-packages\pip\_vendor\urllib3\connection.py
__init__,E:\football_v\.venv\Lib\site-packages\pip\_vendor\urllib3\connection.py
set_cert,E:\football_v\.venv\Lib\site-packages\pip\_vendor\urllib3\connection.py
connect,E:\football_v\.venv\Lib\site-packages\pip\_vendor\urllib3\connection.py
_connect_tls_proxy,E:\football_v\.venv\Lib\site-packages\pip\_vendor\urllib3\connection.py
connection_from_url,E:\football_v\.venv\Lib\site-packages\pip\_vendor\urllib3\connectionpool.py
_normalize_host,E:\football_v\.venv\Lib\site-packages\pip\_vendor\urllib3\connectionpool.py
_close_pool_connections,E:\football_v\.venv\Lib\site-packages\pip\_vendor\urllib3\connectionpool.py
__init__,E:\football_v\.venv\Lib\site-packages\pip\_vendor\urllib3\connectionpool.py
__str__,E:\football_v\.venv\Lib\site-packages\pip\_vendor\urllib3\connectionpool.py
__enter__,E:\football_v\.venv\Lib\site-packages\pip\_vendor\urllib3\connectionpool.py
__exit__,E:\football_v\.venv\Lib\site-packages\pip\_vendor\urllib3\connectionpool.py
close,E:\football_v\.venv\Lib\site-packages\pip\_vendor\urllib3\connectionpool.py
__init__,E:\football_v\.venv\Lib\site-packages\pip\_vendor\urllib3\connectionpool.py
_new_conn,E:\football_v\.venv\Lib\site-packages\pip\_vendor\urllib3\connectionpool.py
_get_conn,E:\football_v\.venv\Lib\site-packages\pip\_vendor\urllib3\connectionpool.py
_put_conn,E:\football_v\.venv\Lib\site-packages\pip\_vendor\urllib3\connectionpool.py
_validate_conn,E:\football_v\.venv\Lib\site-packages\pip\_vendor\urllib3\connectionpool.py
_prepare_proxy,E:\football_v\.venv\Lib\site-packages\pip\_vendor\urllib3\connectionpool.py
_get_timeout,E:\football_v\.venv\Lib\site-packages\pip\_vendor\urllib3\connectionpool.py
_raise_timeout,E:\football_v\.venv\Lib\site-packages\pip\_vendor\urllib3\connectionpool.py
_make_request,E:\football_v\.venv\Lib\site-packages\pip\_vendor\urllib3\connectionpool.py
_absolute_url,E:\football_v\.venv\Lib\site-packages\pip\_vendor\urllib3\connectionpool.py
close,E:\football_v\.venv\Lib\site-packages\pip\_vendor\urllib3\connectionpool.py
is_same_host,E:\football_v\.venv\Lib\site-packages\pip\_vendor\urllib3\connectionpool.py
urlopen,E:\football_v\.venv\Lib\site-packages\pip\_vendor\urllib3\connectionpool.py
__init__,E:\football_v\.venv\Lib\site-packages\pip\_vendor\urllib3\connectionpool.py
_prepare_conn,E:\football_v\.venv\Lib\site-packages\pip\_vendor\urllib3\connectionpool.py
_prepare_proxy,E:\football_v\.venv\Lib\site-packages\pip\_vendor\urllib3\connectionpool.py
_new_conn,E:\football_v\.venv\Lib\site-packages\pip\_vendor\urllib3\connectionpool.py
_validate_conn,E:\football_v\.venv\Lib\site-packages\pip\_vendor\urllib3\connectionpool.py
_is_ssl_error_message_from_http_proxy,E:\football_v\.venv\Lib\site-packages\pip\_vendor\urllib3\connectionpool.py
__init__,E:\football_v\.venv\Lib\site-packages\pip\_vendor\urllib3\exceptions.py
__reduce__,E:\football_v\.venv\Lib\site-packages\pip\_vendor\urllib3\exceptions.py
__init__,E:\football_v\.venv\Lib\site-packages\pip\_vendor\urllib3\exceptions.py
__reduce__,E:\football_v\.venv\Lib\site-packages\pip\_vendor\urllib3\exceptions.py
__init__,E:\football_v\.venv\Lib\site-packages\pip\_vendor\urllib3\exceptions.py
__init__,E:\football_v\.venv\Lib\site-packages\pip\_vendor\urllib3\exceptions.py
__init__,E:\football_v\.venv\Lib\site-packages\pip\_vendor\urllib3\exceptions.py
__init__,E:\football_v\.venv\Lib\site-packages\pip\_vendor\urllib3\exceptions.py
__init__,E:\football_v\.venv\Lib\site-packages\pip\_vendor\urllib3\exceptions.py
__init__,E:\football_v\.venv\Lib\site-packages\pip\_vendor\urllib3\exceptions.py
__repr__,E:\football_v\.venv\Lib\site-packages\pip\_vendor\urllib3\exceptions.py
__init__,E:\football_v\.venv\Lib\site-packages\pip\_vendor\urllib3\exceptions.py
__repr__,E:\football_v\.venv\Lib\site-packages\pip\_vendor\urllib3\exceptions.py
__init__,E:\football_v\.venv\Lib\site-packages\pip\_vendor\urllib3\exceptions.py
__init__,E:\football_v\.venv\Lib\site-packages\pip\_vendor\urllib3\exceptions.py
guess_content_type,E:\football_v\.venv\Lib\site-packages\pip\_vendor\urllib3\fields.py
format_header_param_rfc2231,E:\football_v\.venv\Lib\site-packages\pip\_vendor\urllib3\fields.py
_replace_multiple,E:\football_v\.venv\Lib\site-packages\pip\_vendor\urllib3\fields.py
format_header_param_html5,E:\football_v\.venv\Lib\site-packages\pip\_vendor\urllib3\fields.py
replacer,E:\football_v\.venv\Lib\site-packages\pip\_vendor\urllib3\fields.py
__init__,E:\football_v\.venv\Lib\site-packages\pip\_vendor\urllib3\fields.py
from_tuples,E:\football_v\.venv\Lib\site-packages\pip\_vendor\urllib3\fields.py
_render_part,E:\football_v\.venv\Lib\site-packages\pip\_vendor\urllib3\fields.py
_render_parts,E:\football_v\.venv\Lib\site-packages\pip\_vendor\urllib3\fields.py
render_headers,E:\football_v\.venv\Lib\site-packages\pip\_vendor\urllib3\fields.py
make_multipart,E:\football_v\.venv\Lib\site-packages\pip\_vendor\urllib3\fields.py
choose_boundary,E:\football_v\.venv\Lib\site-packages\pip\_vendor\urllib3\filepost.py
iter_field_objects,E:\football_v\.venv\Lib\site-packages\pip\_vendor\urllib3\filepost.py
iter_fields,E:\football_v\.venv\Lib\site-packages\pip\_vendor\urllib3\filepost.py
encode_multipart_formdata,E:\football_v\.venv\Lib\site-packages\pip\_vendor\urllib3\filepost.py
_default_key_normalizer,E:\football_v\.venv\Lib\site-packages\pip\_vendor\urllib3\poolmanager.py
proxy_from_url,E:\football_v\.venv\Lib\site-packages\pip\_vendor\urllib3\poolmanager.py
__init__,E:\football_v\.venv\Lib\site-packages\pip\_vendor\urllib3\poolmanager.py
__enter__,E:\football_v\.venv\Lib\site-packages\pip\_vendor\urllib3\poolmanager.py
__exit__,E:\football_v\.venv\Lib\site-packages\pip\_vendor\urllib3\poolmanager.py
_new_pool,E:\football_v\.venv\Lib\site-packages\pip\_vendor\urllib3\poolmanager.py
clear,E:\football_v\.venv\Lib\site-packages\pip\_vendor\urllib3\poolmanager.py
connection_from_host,E:\football_v\.venv\Lib\site-packages\pip\_vendor\urllib3\poolmanager.py
connection_from_context,E:\football_v\.venv\Lib\site-packages\pip\_vendor\urllib3\poolmanager.py
connection_from_pool_key,E:\football_v\.venv\Lib\site-packages\pip\_vendor\urllib3\poolmanager.py
connection_from_url,E:\football_v\.venv\Lib\site-packages\pip\_vendor\urllib3\poolmanager.py
_merge_pool_kwargs,E:\football_v\.venv\Lib\site-packages\pip\_vendor\urllib3\poolmanager.py
_proxy_requires_url_absolute_form,E:\football_v\.venv\Lib\site-packages\pip\_vendor\urllib3\poolmanager.py
_validate_proxy_scheme_url_selection,E:\football_v\.venv\Lib\site-packages\pip\_vendor\urllib3\poolmanager.py
urlopen,E:\football_v\.venv\Lib\site-packages\pip\_vendor\urllib3\poolmanager.py
__init__,E:\football_v\.venv\Lib\site-packages\pip\_vendor\urllib3\poolmanager.py
connection_from_host,E:\football_v\.venv\Lib\site-packages\pip\_vendor\urllib3\poolmanager.py
_set_proxy_headers,E:\football_v\.venv\Lib\site-packages\pip\_vendor\urllib3\poolmanager.py
urlopen,E:\football_v\.venv\Lib\site-packages\pip\_vendor\urllib3\poolmanager.py
__init__,E:\football_v\.venv\Lib\site-packages\pip\_vendor\urllib3\request.py
urlopen,E:\football_v\.venv\Lib\site-packages\pip\_vendor\urllib3\request.py
request,E:\football_v\.venv\Lib\site-packages\pip\_vendor\urllib3\request.py
request_encode_url,E:\football_v\.venv\Lib\site-packages\pip\_vendor\urllib3\request.py
request_encode_body,E:\football_v\.venv\Lib\site-packages\pip\_vendor\urllib3\request.py
__call__,E:\football_v\.venv\Lib\site-packages\pip\_vendor\urllib3\request.py
_get_decoder,E:\football_v\.venv\Lib\site-packages\pip\_vendor\urllib3\response.py
__init__,E:\football_v\.venv\Lib\site-packages\pip\_vendor\urllib3\response.py
__getattr__,E:\football_v\.venv\Lib\site-packages\pip\_vendor\urllib3\response.py
decompress,E:\football_v\.venv\Lib\site-packages\pip\_vendor\urllib3\response.py
__init__,E:\football_v\.venv\Lib\site-packages\pip\_vendor\urllib3\response.py
__getattr__,E:\football_v\.venv\Lib\site-packages\pip\_vendor\urllib3\response.py
decompress,E:\football_v\.venv\Lib\site-packages\pip\_vendor\urllib3\response.py
__init__,E:\football_v\.venv\Lib\site-packages\pip\_vendor\urllib3\response.py
flush,E:\football_v\.venv\Lib\site-packages\pip\_vendor\urllib3\response.py
decompress,E:\football_v\.venv\Lib\site-packages\pip\_vendor\urllib3\response.py
__init__,E:\football_v\.venv\Lib\site-packages\pip\_vendor\urllib3\response.py
get_redirect_location,E:\football_v\.venv\Lib\site-packages\pip\_vendor\urllib3\response.py
release_conn,E:\football_v\.venv\Lib\site-packages\pip\_vendor\urllib3\response.py
drain_conn,E:\football_v\.venv\Lib\site-packages\pip\_vendor\urllib3\response.py
data,E:\football_v\.venv\Lib\site-packages\pip\_vendor\urllib3\response.py
connection,E:\football_v\.venv\Lib\site-packages\pip\_vendor\urllib3\response.py
isclosed,E:\football_v\.venv\Lib\site-packages\pip\_vendor\urllib3\response.py
tell,E:\football_v\.venv\Lib\site-packages\pip\_vendor\urllib3\response.py
_init_length,E:\football_v\.venv\Lib\site-packages\pip\_vendor\urllib3\response.py
_init_decoder,E:\football_v\.venv\Lib\site-packages\pip\_vendor\urllib3\response.py
_decode,E:\football_v\.venv\Lib\site-packages\pip\_vendor\urllib3\response.py
_flush_decoder,E:\football_v\.venv\Lib\site-packages\pip\_vendor\urllib3\response.py
_error_catcher,E:\football_v\.venv\Lib\site-packages\pip\_vendor\urllib3\response.py
_fp_read,E:\football_v\.venv\Lib\site-packages\pip\_vendor\urllib3\response.py
read,E:\football_v\.venv\Lib\site-packages\pip\_vendor\urllib3\response.py
stream,E:\football_v\.venv\Lib\site-packages\pip\_vendor\urllib3\response.py
from_httplib,E:\football_v\.venv\Lib\site-packages\pip\_vendor\urllib3\response.py
getheaders,E:\football_v\.venv\Lib\site-packages\pip\_vendor\urllib3\response.py
getheader,E:\football_v\.venv\Lib\site-packages\pip\_vendor\urllib3\response.py
info,E:\football_v\.venv\Lib\site-packages\pip\_vendor\urllib3\response.py
close,E:\football_v\.venv\Lib\site-packages\pip\_vendor\urllib3\response.py
closed,E:\football_v\.venv\Lib\site-packages\pip\_vendor\urllib3\response.py
fileno,E:\football_v\.venv\Lib\site-packages\pip\_vendor\urllib3\response.py
flush,E:\football_v\.venv\Lib\site-packages\pip\_vendor\urllib3\response.py
readable,E:\football_v\.venv\Lib\site-packages\pip\_vendor\urllib3\response.py
readinto,E:\football_v\.venv\Lib\site-packages\pip\_vendor\urllib3\response.py
supports_chunked_reads,E:\football_v\.venv\Lib\site-packages\pip\_vendor\urllib3\response.py
_update_chunk_length,E:\football_v\.venv\Lib\site-packages\pip\_vendor\urllib3\response.py
_handle_chunk,E:\football_v\.venv\Lib\site-packages\pip\_vendor\urllib3\response.py
read_chunked,E:\football_v\.venv\Lib\site-packages\pip\_vendor\urllib3\response.py
geturl,E:\football_v\.venv\Lib\site-packages\pip\_vendor\urllib3\response.py
__iter__,E:\football_v\.venv\Lib\site-packages\pip\_vendor\urllib3\response.py
__init__,E:\football_v\.venv\Lib\site-packages\pip\_vendor\urllib3\response.py
flush,E:\football_v\.venv\Lib\site-packages\pip\_vendor\urllib3\response.py
__init__,E:\football_v\.venv\Lib\site-packages\pip\_vendor\urllib3\_collections.py
__getitem__,E:\football_v\.venv\Lib\site-packages\pip\_vendor\urllib3\_collections.py
__setitem__,E:\football_v\.venv\Lib\site-packages\pip\_vendor\urllib3\_collections.py
__delitem__,E:\football_v\.venv\Lib\site-packages\pip\_vendor\urllib3\_collections.py
__len__,E:\football_v\.venv\Lib\site-packages\pip\_vendor\urllib3\_collections.py
__iter__,E:\football_v\.venv\Lib\site-packages\pip\_vendor\urllib3\_collections.py
clear,E:\football_v\.venv\Lib\site-packages\pip\_vendor\urllib3\_collections.py
keys,E:\football_v\.venv\Lib\site-packages\pip\_vendor\urllib3\_collections.py
__init__,E:\football_v\.venv\Lib\site-packages\pip\_vendor\urllib3\_collections.py
__setitem__,E:\football_v\.venv\Lib\site-packages\pip\_vendor\urllib3\_collections.py
__getitem__,E:\football_v\.venv\Lib\site-packages\pip\_vendor\urllib3\_collections.py
__delitem__,E:\football_v\.venv\Lib\site-packages\pip\_vendor\urllib3\_collections.py
__contains__,E:\football_v\.venv\Lib\site-packages\pip\_vendor\urllib3\_collections.py
__eq__,E:\football_v\.venv\Lib\site-packages\pip\_vendor\urllib3\_collections.py
__ne__,E:\football_v\.venv\Lib\site-packages\pip\_vendor\urllib3\_collections.py
__len__,E:\football_v\.venv\Lib\site-packages\pip\_vendor\urllib3\_collections.py
__iter__,E:\football_v\.venv\Lib\site-packages\pip\_vendor\urllib3\_collections.py
pop,E:\football_v\.venv\Lib\site-packages\pip\_vendor\urllib3\_collections.py
discard,E:\football_v\.venv\Lib\site-packages\pip\_vendor\urllib3\_collections.py
add,E:\football_v\.venv\Lib\site-packages\pip\_vendor\urllib3\_collections.py
extend,E:\football_v\.venv\Lib\site-packages\pip\_vendor\urllib3\_collections.py
getlist,E:\football_v\.venv\Lib\site-packages\pip\_vendor\urllib3\_collections.py
_prepare_for_method_change,E:\football_v\.venv\Lib\site-packages\pip\_vendor\urllib3\_collections.py
__repr__,E:\football_v\.venv\Lib\site-packages\pip\_vendor\urllib3\_collections.py
_copy_from,E:\football_v\.venv\Lib\site-packages\pip\_vendor\urllib3\_collections.py
copy,E:\football_v\.venv\Lib\site-packages\pip\_vendor\urllib3\_collections.py
iteritems,E:\football_v\.venv\Lib\site-packages\pip\_vendor\urllib3\_collections.py
itermerged,E:\football_v\.venv\Lib\site-packages\pip\_vendor\urllib3\_collections.py
items,E:\football_v\.venv\Lib\site-packages\pip\_vendor\urllib3\_collections.py
from_httplib,E:\football_v\.venv\Lib\site-packages\pip\_vendor\urllib3\_collections.py
__enter__,E:\football_v\.venv\Lib\site-packages\pip\_vendor\urllib3\_collections.py
__exit__,E:\football_v\.venv\Lib\site-packages\pip\_vendor\urllib3\_collections.py
add_stderr_logger,E:\football_v\.venv\Lib\site-packages\pip\_vendor\urllib3\__init__.py
disable_warnings,E:\football_v\.venv\Lib\site-packages\pip\_vendor\urllib3\__init__.py
__init__,E:\football_v\.venv\Lib\site-packages\pip\_vendor\urllib3\contrib\appengine.py
__enter__,E:\football_v\.venv\Lib\site-packages\pip\_vendor\urllib3\contrib\appengine.py
__exit__,E:\football_v\.venv\Lib\site-packages\pip\_vendor\urllib3\contrib\appengine.py
urlopen,E:\football_v\.venv\Lib\site-packages\pip\_vendor\urllib3\contrib\appengine.py
_urlfetch_response_to_http_response,E:\football_v\.venv\Lib\site-packages\pip\_vendor\urllib3\contrib\appengine.py
_get_absolute_timeout,E:\football_v\.venv\Lib\site-packages\pip\_vendor\urllib3\contrib\appengine.py
_get_retries,E:\football_v\.venv\Lib\site-packages\pip\_vendor\urllib3\contrib\appengine.py
__init__,E:\football_v\.venv\Lib\site-packages\pip\_vendor\urllib3\contrib\ntlmpool.py
_new_conn,E:\football_v\.venv\Lib\site-packages\pip\_vendor\urllib3\contrib\ntlmpool.py
urlopen,E:\football_v\.venv\Lib\site-packages\pip\_vendor\urllib3\contrib\ntlmpool.py
inject_into_urllib3,E:\football_v\.venv\Lib\site-packages\pip\_vendor\urllib3\contrib\pyopenssl.py
extract_from_urllib3,E:\football_v\.venv\Lib\site-packages\pip\_vendor\urllib3\contrib\pyopenssl.py
_validate_dependencies_met,E:\football_v\.venv\Lib\site-packages\pip\_vendor\urllib3\contrib\pyopenssl.py
_dnsname_to_stdlib,E:\football_v\.venv\Lib\site-packages\pip\_vendor\urllib3\contrib\pyopenssl.py
get_subj_alt_name,E:\football_v\.venv\Lib\site-packages\pip\_vendor\urllib3\contrib\pyopenssl.py
_verify_callback,E:\football_v\.venv\Lib\site-packages\pip\_vendor\urllib3\contrib\pyopenssl.py
idna_encode,E:\football_v\.venv\Lib\site-packages\pip\_vendor\urllib3\contrib\pyopenssl.py
__init__,E:\football_v\.venv\Lib\site-packages\pip\_vendor\urllib3\contrib\pyopenssl.py
fileno,E:\football_v\.venv\Lib\site-packages\pip\_vendor\urllib3\contrib\pyopenssl.py
_decref_socketios,E:\football_v\.venv\Lib\site-packages\pip\_vendor\urllib3\contrib\pyopenssl.py
recv,E:\football_v\.venv\Lib\site-packages\pip\_vendor\urllib3\contrib\pyopenssl.py
recv_into,E:\football_v\.venv\Lib\site-packages\pip\_vendor\urllib3\contrib\pyopenssl.py
settimeout,E:\football_v\.venv\Lib\site-packages\pip\_vendor\urllib3\contrib\pyopenssl.py
_send_until_done,E:\football_v\.venv\Lib\site-packages\pip\_vendor\urllib3\contrib\pyopenssl.py
sendall,E:\football_v\.venv\Lib\site-packages\pip\_vendor\urllib3\contrib\pyopenssl.py
shutdown,E:\football_v\.venv\Lib\site-packages\pip\_vendor\urllib3\contrib\pyopenssl.py
close,E:\football_v\.venv\Lib\site-packages\pip\_vendor\urllib3\contrib\pyopenssl.py
getpeercert,E:\football_v\.venv\Lib\site-packages\pip\_vendor\urllib3\contrib\pyopenssl.py
version,E:\football_v\.venv\Lib\site-packages\pip\_vendor\urllib3\contrib\pyopenssl.py
_reuse,E:\football_v\.venv\Lib\site-packages\pip\_vendor\urllib3\contrib\pyopenssl.py
_drop,E:\football_v\.venv\Lib\site-packages\pip\_vendor\urllib3\contrib\pyopenssl.py
makefile,E:\football_v\.venv\Lib\site-packages\pip\_vendor\urllib3\contrib\pyopenssl.py
__init__,E:\football_v\.venv\Lib\site-packages\pip\_vendor\urllib3\contrib\pyopenssl.py
options,E:\football_v\.venv\Lib\site-packages\pip\_vendor\urllib3\contrib\pyopenssl.py
options,E:\football_v\.venv\Lib\site-packages\pip\_vendor\urllib3\contrib\pyopenssl.py
verify_mode,E:\football_v\.venv\Lib\site-packages\pip\_vendor\urllib3\contrib\pyopenssl.py
verify_mode,E:\football_v\.venv\Lib\site-packages\pip\_vendor\urllib3\contrib\pyopenssl.py
set_default_verify_paths,E:\football_v\.venv\Lib\site-packages\pip\_vendor\urllib3\contrib\pyopenssl.py
set_ciphers,E:\football_v\.venv\Lib\site-packages\pip\_vendor\urllib3\contrib\pyopenssl.py
load_verify_locations,E:\football_v\.venv\Lib\site-packages\pip\_vendor\urllib3\contrib\pyopenssl.py
load_cert_chain,E:\football_v\.venv\Lib\site-packages\pip\_vendor\urllib3\contrib\pyopenssl.py
set_alpn_protocols,E:\football_v\.venv\Lib\site-packages\pip\_vendor\urllib3\contrib\pyopenssl.py
wrap_socket,E:\football_v\.venv\Lib\site-packages\pip\_vendor\urllib3\contrib\pyopenssl.py
inject_into_urllib3,E:\football_v\.venv\Lib\site-packages\pip\_vendor\urllib3\contrib\securetransport.py
extract_from_urllib3,E:\football_v\.venv\Lib\site-packages\pip\_vendor\urllib3\contrib\securetransport.py
_read_callback,E:\football_v\.venv\Lib\site-packages\pip\_vendor\urllib3\contrib\securetransport.py
_write_callback,E:\football_v\.venv\Lib\site-packages\pip\_vendor\urllib3\contrib\securetransport.py
__init__,E:\football_v\.venv\Lib\site-packages\pip\_vendor\urllib3\contrib\securetransport.py
_raise_on_error,E:\football_v\.venv\Lib\site-packages\pip\_vendor\urllib3\contrib\securetransport.py
_set_ciphers,E:\football_v\.venv\Lib\site-packages\pip\_vendor\urllib3\contrib\securetransport.py
_set_alpn_protocols,E:\football_v\.venv\Lib\site-packages\pip\_vendor\urllib3\contrib\securetransport.py
_custom_validate,E:\football_v\.venv\Lib\site-packages\pip\_vendor\urllib3\contrib\securetransport.py
_evaluate_trust,E:\football_v\.venv\Lib\site-packages\pip\_vendor\urllib3\contrib\securetransport.py
handshake,E:\football_v\.venv\Lib\site-packages\pip\_vendor\urllib3\contrib\securetransport.py
fileno,E:\football_v\.venv\Lib\site-packages\pip\_vendor\urllib3\contrib\securetransport.py
_decref_socketios,E:\football_v\.venv\Lib\site-packages\pip\_vendor\urllib3\contrib\securetransport.py
recv,E:\football_v\.venv\Lib\site-packages\pip\_vendor\urllib3\contrib\securetransport.py
recv_into,E:\football_v\.venv\Lib\site-packages\pip\_vendor\urllib3\contrib\securetransport.py
settimeout,E:\football_v\.venv\Lib\site-packages\pip\_vendor\urllib3\contrib\securetransport.py
gettimeout,E:\football_v\.venv\Lib\site-packages\pip\_vendor\urllib3\contrib\securetransport.py
send,E:\football_v\.venv\Lib\site-packages\pip\_vendor\urllib3\contrib\securetransport.py
sendall,E:\football_v\.venv\Lib\site-packages\pip\_vendor\urllib3\contrib\securetransport.py
shutdown,E:\football_v\.venv\Lib\site-packages\pip\_vendor\urllib3\contrib\securetransport.py
close,E:\football_v\.venv\Lib\site-packages\pip\_vendor\urllib3\contrib\securetransport.py
getpeercert,E:\football_v\.venv\Lib\site-packages\pip\_vendor\urllib3\contrib\securetransport.py
version,E:\football_v\.venv\Lib\site-packages\pip\_vendor\urllib3\contrib\securetransport.py
_reuse,E:\football_v\.venv\Lib\site-packages\pip\_vendor\urllib3\contrib\securetransport.py
_drop,E:\football_v\.venv\Lib\site-packages\pip\_vendor\urllib3\contrib\securetransport.py
makefile,E:\football_v\.venv\Lib\site-packages\pip\_vendor\urllib3\contrib\securetransport.py
makefile,E:\football_v\.venv\Lib\site-packages\pip\_vendor\urllib3\contrib\securetransport.py
__init__,E:\football_v\.venv\Lib\site-packages\pip\_vendor\urllib3\contrib\securetransport.py
check_hostname,E:\football_v\.venv\Lib\site-packages\pip\_vendor\urllib3\contrib\securetransport.py
check_hostname,E:\football_v\.venv\Lib\site-packages\pip\_vendor\urllib3\contrib\securetransport.py
options,E:\football_v\.venv\Lib\site-packages\pip\_vendor\urllib3\contrib\securetransport.py
options,E:\football_v\.venv\Lib\site-packages\pip\_vendor\urllib3\contrib\securetransport.py
verify_mode,E:\football_v\.venv\Lib\site-packages\pip\_vendor\urllib3\contrib\securetransport.py
verify_mode,E:\football_v\.venv\Lib\site-packages\pip\_vendor\urllib3\contrib\securetransport.py
set_default_verify_paths,E:\football_v\.venv\Lib\site-packages\pip\_vendor\urllib3\contrib\securetransport.py
load_default_certs,E:\football_v\.venv\Lib\site-packages\pip\_vendor\urllib3\contrib\securetransport.py
set_ciphers,E:\football_v\.venv\Lib\site-packages\pip\_vendor\urllib3\contrib\securetransport.py
load_verify_locations,E:\football_v\.venv\Lib\site-packages\pip\_vendor\urllib3\contrib\securetransport.py
load_cert_chain,E:\football_v\.venv\Lib\site-packages\pip\_vendor\urllib3\contrib\securetransport.py
set_alpn_protocols,E:\football_v\.venv\Lib\site-packages\pip\_vendor\urllib3\contrib\securetransport.py
wrap_socket,E:\football_v\.venv\Lib\site-packages\pip\_vendor\urllib3\contrib\securetransport.py
__init__,E:\football_v\.venv\Lib\site-packages\pip\_vendor\urllib3\contrib\socks.py
_new_conn,E:\football_v\.venv\Lib\site-packages\pip\_vendor\urllib3\contrib\socks.py
__init__,E:\football_v\.venv\Lib\site-packages\pip\_vendor\urllib3\contrib\socks.py
is_appengine,E:\football_v\.venv\Lib\site-packages\pip\_vendor\urllib3\contrib\_appengine_environ.py
is_appengine_sandbox,E:\football_v\.venv\Lib\site-packages\pip\_vendor\urllib3\contrib\_appengine_environ.py
is_local_appengine,E:\football_v\.venv\Lib\site-packages\pip\_vendor\urllib3\contrib\_appengine_environ.py
is_prod_appengine,E:\football_v\.venv\Lib\site-packages\pip\_vendor\urllib3\contrib\_appengine_environ.py
is_prod_appengine_mvms,E:\football_v\.venv\Lib\site-packages\pip\_vendor\urllib3\contrib\_appengine_environ.py
load_cdll,E:\football_v\.venv\Lib\site-packages\pip\_vendor\urllib3\contrib\_securetransport\bindings.py
_cf_data_from_bytes,E:\football_v\.venv\Lib\site-packages\pip\_vendor\urllib3\contrib\_securetransport\low_level.py
_cf_dictionary_from_tuples,E:\football_v\.venv\Lib\site-packages\pip\_vendor\urllib3\contrib\_securetransport\low_level.py
_cfstr,E:\football_v\.venv\Lib\site-packages\pip\_vendor\urllib3\contrib\_securetransport\low_level.py
_create_cfstring_array,E:\football_v\.venv\Lib\site-packages\pip\_vendor\urllib3\contrib\_securetransport\low_level.py
_cf_string_to_unicode,E:\football_v\.venv\Lib\site-packages\pip\_vendor\urllib3\contrib\_securetransport\low_level.py
_assert_no_error,E:\football_v\.venv\Lib\site-packages\pip\_vendor\urllib3\contrib\_securetransport\low_level.py
_cert_array_from_pem,E:\football_v\.venv\Lib\site-packages\pip\_vendor\urllib3\contrib\_securetransport\low_level.py
_is_cert,E:\football_v\.venv\Lib\site-packages\pip\_vendor\urllib3\contrib\_securetransport\low_level.py
_is_identity,E:\football_v\.venv\Lib\site-packages\pip\_vendor\urllib3\contrib\_securetransport\low_level.py
_temporary_keychain,E:\football_v\.venv\Lib\site-packages\pip\_vendor\urllib3\contrib\_securetransport\low_level.py
_load_items_from_file,E:\football_v\.venv\Lib\site-packages\pip\_vendor\urllib3\contrib\_securetransport\low_level.py
_load_client_cert_chain,E:\football_v\.venv\Lib\site-packages\pip\_vendor\urllib3\contrib\_securetransport\low_level.py
_build_tls_unknown_ca_alert,E:\football_v\.venv\Lib\site-packages\pip\_vendor\urllib3\contrib\_securetransport\low_level.py
_add_doc,E:\football_v\.venv\Lib\site-packages\pip\_vendor\urllib3\packages\six.py
_import_module,E:\football_v\.venv\Lib\site-packages\pip\_vendor\urllib3\packages\six.py
add_move,E:\football_v\.venv\Lib\site-packages\pip\_vendor\urllib3\packages\six.py
remove_move,E:\football_v\.venv\Lib\site-packages\pip\_vendor\urllib3\packages\six.py
assertCountEqual,E:\football_v\.venv\Lib\site-packages\pip\_vendor\urllib3\packages\six.py
assertRaisesRegex,E:\football_v\.venv\Lib\site-packages\pip\_vendor\urllib3\packages\six.py
assertRegex,E:\football_v\.venv\Lib\site-packages\pip\_vendor\urllib3\packages\six.py
assertNotRegex,E:\football_v\.venv\Lib\site-packages\pip\_vendor\urllib3\packages\six.py
with_metaclass,E:\football_v\.venv\Lib\site-packages\pip\_vendor\urllib3\packages\six.py
add_metaclass,E:\football_v\.venv\Lib\site-packages\pip\_vendor\urllib3\packages\six.py
ensure_binary,E:\football_v\.venv\Lib\site-packages\pip\_vendor\urllib3\packages\six.py
ensure_str,E:\football_v\.venv\Lib\site-packages\pip\_vendor\urllib3\packages\six.py
ensure_text,E:\football_v\.venv\Lib\site-packages\pip\_vendor\urllib3\packages\six.py
python_2_unicode_compatible,E:\football_v\.venv\Lib\site-packages\pip\_vendor\urllib3\packages\six.py
__init__,E:\football_v\.venv\Lib\site-packages\pip\_vendor\urllib3\packages\six.py
__get__,E:\football_v\.venv\Lib\site-packages\pip\_vendor\urllib3\packages\six.py
__init__,E:\football_v\.venv\Lib\site-packages\pip\_vendor\urllib3\packages\six.py
_resolve,E:\football_v\.venv\Lib\site-packages\pip\_vendor\urllib3\packages\six.py
__getattr__,E:\football_v\.venv\Lib\site-packages\pip\_vendor\urllib3\packages\six.py
__init__,E:\football_v\.venv\Lib\site-packages\pip\_vendor\urllib3\packages\six.py
__dir__,E:\football_v\.venv\Lib\site-packages\pip\_vendor\urllib3\packages\six.py
__init__,E:\football_v\.venv\Lib\site-packages\pip\_vendor\urllib3\packages\six.py
_resolve,E:\football_v\.venv\Lib\site-packages\pip\_vendor\urllib3\packages\six.py
__init__,E:\football_v\.venv\Lib\site-packages\pip\_vendor\urllib3\packages\six.py
_add_module,E:\football_v\.venv\Lib\site-packages\pip\_vendor\urllib3\packages\six.py
_get_module,E:\football_v\.venv\Lib\site-packages\pip\_vendor\urllib3\packages\six.py
find_module,E:\football_v\.venv\Lib\site-packages\pip\_vendor\urllib3\packages\six.py
find_spec,E:\football_v\.venv\Lib\site-packages\pip\_vendor\urllib3\packages\six.py
__get_module,E:\football_v\.venv\Lib\site-packages\pip\_vendor\urllib3\packages\six.py
load_module,E:\football_v\.venv\Lib\site-packages\pip\_vendor\urllib3\packages\six.py
is_package,E:\football_v\.venv\Lib\site-packages\pip\_vendor\urllib3\packages\six.py
get_code,E:\football_v\.venv\Lib\site-packages\pip\_vendor\urllib3\packages\six.py
create_module,E:\football_v\.venv\Lib\site-packages\pip\_vendor\urllib3\packages\six.py
exec_module,E:\football_v\.venv\Lib\site-packages\pip\_vendor\urllib3\packages\six.py
__dir__,E:\football_v\.venv\Lib\site-packages\pip\_vendor\urllib3\packages\six.py
get_unbound_function,E:\football_v\.venv\Lib\site-packages\pip\_vendor\urllib3\packages\six.py
create_unbound_method,E:\football_v\.venv\Lib\site-packages\pip\_vendor\urllib3\packages\six.py
get_unbound_function,E:\football_v\.venv\Lib\site-packages\pip\_vendor\urllib3\packages\six.py
create_bound_method,E:\football_v\.venv\Lib\site-packages\pip\_vendor\urllib3\packages\six.py
create_unbound_method,E:\football_v\.venv\Lib\site-packages\pip\_vendor\urllib3\packages\six.py
iterkeys,E:\football_v\.venv\Lib\site-packages\pip\_vendor\urllib3\packages\six.py
itervalues,E:\football_v\.venv\Lib\site-packages\pip\_vendor\urllib3\packages\six.py
iteritems,E:\football_v\.venv\Lib\site-packages\pip\_vendor\urllib3\packages\six.py
iterlists,E:\football_v\.venv\Lib\site-packages\pip\_vendor\urllib3\packages\six.py
iterkeys,E:\football_v\.venv\Lib\site-packages\pip\_vendor\urllib3\packages\six.py
itervalues,E:\football_v\.venv\Lib\site-packages\pip\_vendor\urllib3\packages\six.py
iteritems,E:\football_v\.venv\Lib\site-packages\pip\_vendor\urllib3\packages\six.py
iterlists,E:\football_v\.venv\Lib\site-packages\pip\_vendor\urllib3\packages\six.py
b,E:\football_v\.venv\Lib\site-packages\pip\_vendor\urllib3\packages\six.py
u,E:\football_v\.venv\Lib\site-packages\pip\_vendor\urllib3\packages\six.py
b,E:\football_v\.venv\Lib\site-packages\pip\_vendor\urllib3\packages\six.py
u,E:\football_v\.venv\Lib\site-packages\pip\_vendor\urllib3\packages\six.py
byte2int,E:\football_v\.venv\Lib\site-packages\pip\_vendor\urllib3\packages\six.py
indexbytes,E:\football_v\.venv\Lib\site-packages\pip\_vendor\urllib3\packages\six.py
reraise,E:\football_v\.venv\Lib\site-packages\pip\_vendor\urllib3\packages\six.py
exec_,E:\football_v\.venv\Lib\site-packages\pip\_vendor\urllib3\packages\six.py
raise_from,E:\football_v\.venv\Lib\site-packages\pip\_vendor\urllib3\packages\six.py
print_,E:\football_v\.venv\Lib\site-packages\pip\_vendor\urllib3\packages\six.py
print_,E:\football_v\.venv\Lib\site-packages\pip\_vendor\urllib3\packages\six.py
_update_wrapper,E:\football_v\.venv\Lib\site-packages\pip\_vendor\urllib3\packages\six.py
wraps,E:\football_v\.venv\Lib\site-packages\pip\_vendor\urllib3\packages\six.py
wrapper,E:\football_v\.venv\Lib\site-packages\pip\_vendor\urllib3\packages\six.py
advance_iterator,E:\football_v\.venv\Lib\site-packages\pip\_vendor\urllib3\packages\six.py
callable,E:\football_v\.venv\Lib\site-packages\pip\_vendor\urllib3\packages\six.py
next,E:\football_v\.venv\Lib\site-packages\pip\_vendor\urllib3\packages\six.py
write,E:\football_v\.venv\Lib\site-packages\pip\_vendor\urllib3\packages\six.py
__new__,E:\football_v\.venv\Lib\site-packages\pip\_vendor\urllib3\packages\six.py
__prepare__,E:\football_v\.venv\Lib\site-packages\pip\_vendor\urllib3\packages\six.py
__len__,E:\football_v\.venv\Lib\site-packages\pip\_vendor\urllib3\packages\six.py
backport_makefile,E:\football_v\.venv\Lib\site-packages\pip\_vendor\urllib3\packages\backports\makefile.py
__init__,E:\football_v\.venv\Lib\site-packages\pip\_vendor\urllib3\packages\backports\weakref_finalize.py
__call__,E:\football_v\.venv\Lib\site-packages\pip\_vendor\urllib3\packages\backports\weakref_finalize.py
detach,E:\football_v\.venv\Lib\site-packages\pip\_vendor\urllib3\packages\backports\weakref_finalize.py
peek,E:\football_v\.venv\Lib\site-packages\pip\_vendor\urllib3\packages\backports\weakref_finalize.py
alive,E:\football_v\.venv\Lib\site-packages\pip\_vendor\urllib3\packages\backports\weakref_finalize.py
atexit,E:\football_v\.venv\Lib\site-packages\pip\_vendor\urllib3\packages\backports\weakref_finalize.py
atexit,E:\football_v\.venv\Lib\site-packages\pip\_vendor\urllib3\packages\backports\weakref_finalize.py
__repr__,E:\football_v\.venv\Lib\site-packages\pip\_vendor\urllib3\packages\backports\weakref_finalize.py
_select_for_exit,E:\football_v\.venv\Lib\site-packages\pip\_vendor\urllib3\packages\backports\weakref_finalize.py
_exitfunc,E:\football_v\.venv\Lib\site-packages\pip\_vendor\urllib3\packages\backports\weakref_finalize.py
is_connection_dropped,E:\football_v\.venv\Lib\site-packages\pip\_vendor\urllib3\util\connection.py
create_connection,E:\football_v\.venv\Lib\site-packages\pip\_vendor\urllib3\util\connection.py
_set_socket_options,E:\football_v\.venv\Lib\site-packages\pip\_vendor\urllib3\util\connection.py
allowed_gai_family,E:\football_v\.venv\Lib\site-packages\pip\_vendor\urllib3\util\connection.py
_has_ipv6,E:\football_v\.venv\Lib\site-packages\pip\_vendor\urllib3\util\connection.py
connection_requires_http_tunnel,E:\football_v\.venv\Lib\site-packages\pip\_vendor\urllib3\util\proxy.py
create_proxy_ssl_context,E:\football_v\.venv\Lib\site-packages\pip\_vendor\urllib3\util\proxy.py
_init,E:\football_v\.venv\Lib\site-packages\pip\_vendor\urllib3\util\queue.py
_qsize,E:\football_v\.venv\Lib\site-packages\pip\_vendor\urllib3\util\queue.py
_put,E:\football_v\.venv\Lib\site-packages\pip\_vendor\urllib3\util\queue.py
_get,E:\football_v\.venv\Lib\site-packages\pip\_vendor\urllib3\util\queue.py
make_headers,E:\football_v\.venv\Lib\site-packages\pip\_vendor\urllib3\util\request.py
set_file_position,E:\football_v\.venv\Lib\site-packages\pip\_vendor\urllib3\util\request.py
rewind_body,E:\football_v\.venv\Lib\site-packages\pip\_vendor\urllib3\util\request.py
is_fp_closed,E:\football_v\.venv\Lib\site-packages\pip\_vendor\urllib3\util\response.py
assert_header_parsing,E:\football_v\.venv\Lib\site-packages\pip\_vendor\urllib3\util\response.py
is_response_to_head,E:\football_v\.venv\Lib\site-packages\pip\_vendor\urllib3\util\response.py
DEFAULT_METHOD_WHITELIST,E:\football_v\.venv\Lib\site-packages\pip\_vendor\urllib3\util\retry.py
DEFAULT_METHOD_WHITELIST,E:\football_v\.venv\Lib\site-packages\pip\_vendor\urllib3\util\retry.py
DEFAULT_REDIRECT_HEADERS_BLACKLIST,E:\football_v\.venv\Lib\site-packages\pip\_vendor\urllib3\util\retry.py
DEFAULT_REDIRECT_HEADERS_BLACKLIST,E:\football_v\.venv\Lib\site-packages\pip\_vendor\urllib3\util\retry.py
BACKOFF_MAX,E:\football_v\.venv\Lib\site-packages\pip\_vendor\urllib3\util\retry.py
BACKOFF_MAX,E:\football_v\.venv\Lib\site-packages\pip\_vendor\urllib3\util\retry.py
__init__,E:\football_v\.venv\Lib\site-packages\pip\_vendor\urllib3\util\retry.py
new,E:\football_v\.venv\Lib\site-packages\pip\_vendor\urllib3\util\retry.py
from_int,E:\football_v\.venv\Lib\site-packages\pip\_vendor\urllib3\util\retry.py
get_backoff_time,E:\football_v\.venv\Lib\site-packages\pip\_vendor\urllib3\util\retry.py
parse_retry_after,E:\football_v\.venv\Lib\site-packages\pip\_vendor\urllib3\util\retry.py
get_retry_after,E:\football_v\.venv\Lib\site-packages\pip\_vendor\urllib3\util\retry.py
sleep_for_retry,E:\football_v\.venv\Lib\site-packages\pip\_vendor\urllib3\util\retry.py
_sleep_backoff,E:\football_v\.venv\Lib\site-packages\pip\_vendor\urllib3\util\retry.py
sleep,E:\football_v\.venv\Lib\site-packages\pip\_vendor\urllib3\util\retry.py
_is_connection_error,E:\football_v\.venv\Lib\site-packages\pip\_vendor\urllib3\util\retry.py
_is_read_error,E:\football_v\.venv\Lib\site-packages\pip\_vendor\urllib3\util\retry.py
_is_method_retryable,E:\football_v\.venv\Lib\site-packages\pip\_vendor\urllib3\util\retry.py
is_retry,E:\football_v\.venv\Lib\site-packages\pip\_vendor\urllib3\util\retry.py
is_exhausted,E:\football_v\.venv\Lib\site-packages\pip\_vendor\urllib3\util\retry.py
increment,E:\football_v\.venv\Lib\site-packages\pip\_vendor\urllib3\util\retry.py
__repr__,E:\football_v\.venv\Lib\site-packages\pip\_vendor\urllib3\util\retry.py
__getattr__,E:\football_v\.venv\Lib\site-packages\pip\_vendor\urllib3\util\retry.py
_validate_ssl_context_for_tls_in_tls,E:\football_v\.venv\Lib\site-packages\pip\_vendor\urllib3\util\ssltransport.py
__init__,E:\football_v\.venv\Lib\site-packages\pip\_vendor\urllib3\util\ssltransport.py
__enter__,E:\football_v\.venv\Lib\site-packages\pip\_vendor\urllib3\util\ssltransport.py
__exit__,E:\football_v\.venv\Lib\site-packages\pip\_vendor\urllib3\util\ssltransport.py
fileno,E:\football_v\.venv\Lib\site-packages\pip\_vendor\urllib3\util\ssltransport.py
read,E:\football_v\.venv\Lib\site-packages\pip\_vendor\urllib3\util\ssltransport.py
recv,E:\football_v\.venv\Lib\site-packages\pip\_vendor\urllib3\util\ssltransport.py
recv_into,E:\football_v\.venv\Lib\site-packages\pip\_vendor\urllib3\util\ssltransport.py
sendall,E:\football_v\.venv\Lib\site-packages\pip\_vendor\urllib3\util\ssltransport.py
send,E:\football_v\.venv\Lib\site-packages\pip\_vendor\urllib3\util\ssltransport.py
makefile,E:\football_v\.venv\Lib\site-packages\pip\_vendor\urllib3\util\ssltransport.py
unwrap,E:\football_v\.venv\Lib\site-packages\pip\_vendor\urllib3\util\ssltransport.py
close,E:\football_v\.venv\Lib\site-packages\pip\_vendor\urllib3\util\ssltransport.py
getpeercert,E:\football_v\.venv\Lib\site-packages\pip\_vendor\urllib3\util\ssltransport.py
version,E:\football_v\.venv\Lib\site-packages\pip\_vendor\urllib3\util\ssltransport.py
cipher,E:\football_v\.venv\Lib\site-packages\pip\_vendor\urllib3\util\ssltransport.py
selected_alpn_protocol,E:\football_v\.venv\Lib\site-packages\pip\_vendor\urllib3\util\ssltransport.py
selected_npn_protocol,E:\football_v\.venv\Lib\site-packages\pip\_vendor\urllib3\util\ssltransport.py
shared_ciphers,E:\football_v\.venv\Lib\site-packages\pip\_vendor\urllib3\util\ssltransport.py
compression,E:\football_v\.venv\Lib\site-packages\pip\_vendor\urllib3\util\ssltransport.py
settimeout,E:\football_v\.venv\Lib\site-packages\pip\_vendor\urllib3\util\ssltransport.py
gettimeout,E:\football_v\.venv\Lib\site-packages\pip\_vendor\urllib3\util\ssltransport.py
_decref_socketios,E:\football_v\.venv\Lib\site-packages\pip\_vendor\urllib3\util\ssltransport.py
_wrap_ssl_read,E:\football_v\.venv\Lib\site-packages\pip\_vendor\urllib3\util\ssltransport.py
_ssl_io_loop,E:\football_v\.venv\Lib\site-packages\pip\_vendor\urllib3\util\ssltransport.py
_const_compare_digest_backport,E:\football_v\.venv\Lib\site-packages\pip\_vendor\urllib3\util\ssl_.py
assert_fingerprint,E:\football_v\.venv\Lib\site-packages\pip\_vendor\urllib3\util\ssl_.py
resolve_cert_reqs,E:\football_v\.venv\Lib\site-packages\pip\_vendor\urllib3\util\ssl_.py
resolve_ssl_version,E:\football_v\.venv\Lib\site-packages\pip\_vendor\urllib3\util\ssl_.py
create_urllib3_context,E:\football_v\.venv\Lib\site-packages\pip\_vendor\urllib3\util\ssl_.py
ssl_wrap_socket,E:\football_v\.venv\Lib\site-packages\pip\_vendor\urllib3\util\ssl_.py
is_ipaddress,E:\football_v\.venv\Lib\site-packages\pip\_vendor\urllib3\util\ssl_.py
_is_key_file_encrypted,E:\football_v\.venv\Lib\site-packages\pip\_vendor\urllib3\util\ssl_.py
_ssl_wrap_socket_impl,E:\football_v\.venv\Lib\site-packages\pip\_vendor\urllib3\util\ssl_.py
disable_check_hostname,E:\football_v\.venv\Lib\site-packages\pip\_vendor\urllib3\util\ssl_.py
__init__,E:\football_v\.venv\Lib\site-packages\pip\_vendor\urllib3\util\ssl_.py
load_cert_chain,E:\football_v\.venv\Lib\site-packages\pip\_vendor\urllib3\util\ssl_.py
load_verify_locations,E:\football_v\.venv\Lib\site-packages\pip\_vendor\urllib3\util\ssl_.py
set_ciphers,E:\football_v\.venv\Lib\site-packages\pip\_vendor\urllib3\util\ssl_.py
wrap_socket,E:\football_v\.venv\Lib\site-packages\pip\_vendor\urllib3\util\ssl_.py
_dnsname_match,E:\football_v\.venv\Lib\site-packages\pip\_vendor\urllib3\util\ssl_match_hostname.py
_to_unicode,E:\football_v\.venv\Lib\site-packages\pip\_vendor\urllib3\util\ssl_match_hostname.py
_ipaddress_match,E:\football_v\.venv\Lib\site-packages\pip\_vendor\urllib3\util\ssl_match_hostname.py
match_hostname,E:\football_v\.venv\Lib\site-packages\pip\_vendor\urllib3\util\ssl_match_hostname.py
__init__,E:\football_v\.venv\Lib\site-packages\pip\_vendor\urllib3\util\timeout.py
__repr__,E:\football_v\.venv\Lib\site-packages\pip\_vendor\urllib3\util\timeout.py
resolve_default_timeout,E:\football_v\.venv\Lib\site-packages\pip\_vendor\urllib3\util\timeout.py
_validate_timeout,E:\football_v\.venv\Lib\site-packages\pip\_vendor\urllib3\util\timeout.py
from_float,E:\football_v\.venv\Lib\site-packages\pip\_vendor\urllib3\util\timeout.py
clone,E:\football_v\.venv\Lib\site-packages\pip\_vendor\urllib3\util\timeout.py
start_connect,E:\football_v\.venv\Lib\site-packages\pip\_vendor\urllib3\util\timeout.py
get_connect_duration,E:\football_v\.venv\Lib\site-packages\pip\_vendor\urllib3\util\timeout.py
connect_timeout,E:\football_v\.venv\Lib\site-packages\pip\_vendor\urllib3\util\timeout.py
read_timeout,E:\football_v\.venv\Lib\site-packages\pip\_vendor\urllib3\util\timeout.py
split_first,E:\football_v\.venv\Lib\site-packages\pip\_vendor\urllib3\util\url.py
_encode_invalid_chars,E:\football_v\.venv\Lib\site-packages\pip\_vendor\urllib3\util\url.py
_remove_path_dot_segments,E:\football_v\.venv\Lib\site-packages\pip\_vendor\urllib3\util\url.py
_normalize_host,E:\football_v\.venv\Lib\site-packages\pip\_vendor\urllib3\util\url.py
_idna_encode,E:\football_v\.venv\Lib\site-packages\pip\_vendor\urllib3\util\url.py
_encode_target,E:\football_v\.venv\Lib\site-packages\pip\_vendor\urllib3\util\url.py
parse_url,E:\football_v\.venv\Lib\site-packages\pip\_vendor\urllib3\util\url.py
get_host,E:\football_v\.venv\Lib\site-packages\pip\_vendor\urllib3\util\url.py
__new__,E:\football_v\.venv\Lib\site-packages\pip\_vendor\urllib3\util\url.py
hostname,E:\football_v\.venv\Lib\site-packages\pip\_vendor\urllib3\util\url.py
request_uri,E:\football_v\.venv\Lib\site-packages\pip\_vendor\urllib3\util\url.py
netloc,E:\football_v\.venv\Lib\site-packages\pip\_vendor\urllib3\util\url.py
url,E:\football_v\.venv\Lib\site-packages\pip\_vendor\urllib3\util\url.py
__str__,E:\football_v\.venv\Lib\site-packages\pip\_vendor\urllib3\util\url.py
ensure_type,E:\football_v\.venv\Lib\site-packages\pip\_vendor\urllib3\util\url.py
select_wait_for_socket,E:\football_v\.venv\Lib\site-packages\pip\_vendor\urllib3\util\wait.py
poll_wait_for_socket,E:\football_v\.venv\Lib\site-packages\pip\_vendor\urllib3\util\wait.py
null_wait_for_socket,E:\football_v\.venv\Lib\site-packages\pip\_vendor\urllib3\util\wait.py
_have_working_poll,E:\football_v\.venv\Lib\site-packages\pip\_vendor\urllib3\util\wait.py
wait_for_socket,E:\football_v\.venv\Lib\site-packages\pip\_vendor\urllib3\util\wait.py
wait_for_read,E:\football_v\.venv\Lib\site-packages\pip\_vendor\urllib3\util\wait.py
wait_for_write,E:\football_v\.venv\Lib\site-packages\pip\_vendor\urllib3\util\wait.py
_retry_on_intr,E:\football_v\.venv\Lib\site-packages\pip\_vendor\urllib3\util\wait.py
_retry_on_intr,E:\football_v\.venv\Lib\site-packages\pip\_vendor\urllib3\util\wait.py
do_poll,E:\football_v\.venv\Lib\site-packages\pip\_vendor\urllib3\util\wait.py
startup_check,E:\football_v\00_System_OS\01_DATA_LAYER\main.py
import_test,E:\football_v\00_System_OS\01_DATA_LAYER\main.py
system_status,E:\football_v\00_System_OS\01_DATA_LAYER\main.py
main,E:\football_v\00_System_OS\01_DATA_LAYER\main.py
write_log,E:\football_v\00_System_OS\01_DATA_LAYER\core\logger\compatibility.py
__init__,E:\football_v\00_System_OS\01_DATA_LAYER\core\logger\formatter.py
create_file_handler,E:\football_v\00_System_OS\01_DATA_LAYER\core\logger\handlers.py
create_console_handler,E:\football_v\00_System_OS\01_DATA_LAYER\core\logger\handlers.py
load_config,E:\football_v\00_System_OS\01_DATA_LAYER\core\logger\logger.py
get_logger,E:\football_v\00_System_OS\01_DATA_LAYER\core\logger\logger.py
write_log,E:\football_v\00_System_OS\01_DATA_LAYER\core\logger\logger.py
validate_exists,E:\football_v\00_System_OS\01_DATA_LAYER\core\validator\data_validator.py
validate_size,E:\football_v\00_System_OS\01_DATA_LAYER\core\validator\data_validator.py
validate_file,E:\football_v\00_System_OS\01_DATA_LAYER\core\validator\data_validator.py
archive_file,E:\football_v\00_System_OS\01_DATA_LAYER\import_pipeline\archive_manager.py
check_duplicate,E:\football_v\00_System_OS\01_DATA_LAYER\import_pipeline\duplicate_checker.py
import_file,E:\football_v\00_System_OS\01_DATA_LAYER\import_pipeline\importer.py
scan_folder,E:\football_v\00_System_OS\01_DATA_LAYER\import_pipeline\scanner.py
validate_file,E:\football_v\00_System_OS\01_DATA_LAYER\import_pipeline\validator.py
register_bookmakers,E:\football_v\00_System_OS\01_DATA_LAYER\market\bookmaker_manager.py
init_market_types,E:\football_v\00_System_OS\01_DATA_LAYER\market\market_type_manager.py
save_odds,E:\football_v\00_System_OS\01_DATA_LAYER\market\odds_manager.py
check_required_fields,E:\football_v\00_System_OS\01_DATA_LAYER\quality\quality_checker.py
calculate_hash,E:\football_v\00_System_OS\01_DATA_LAYER\quality\quality_checker.py
check_duplicate_hash,E:\football_v\00_System_OS\01_DATA_LAYER\quality\quality_checker.py
run_basic_check,E:\football_v\00_System_OS\01_DATA_LAYER\quality\quality_checker.py
calculate_level,E:\football_v\00_System_OS\01_DATA_LAYER\quality\quality_engine.py
save_quality_score,E:\football_v\00_System_OS\01_DATA_LAYER\quality\quality_engine.py
save_alert,E:\football_v\00_System_OS\01_DATA_LAYER\quality\quality_engine.py
evaluate_data,E:\football_v\00_System_OS\01_DATA_LAYER\quality\quality_engine.py
get_quality_report,E:\football_v\00_System_OS\01_DATA_LAYER\quality\quality_report.py
add_lineage,E:\football_v\00_System_OS\01_DATA_LAYER\registry\data_lineage.py
record_import,E:\football_v\00_System_OS\01_DATA_LAYER\registry\import_tracker.py
save_quality,E:\football_v\00_System_OS\01_DATA_LAYER\registry\quality_score.py
create_data_id,E:\football_v\00_System_OS\01_DATA_LAYER\registry\registry_manager.py
register_data,E:\football_v\00_System_OS\01_DATA_LAYER\registry\registry_manager.py
upgrade,E:\football_v\00_System_OS\01_DATA_LAYER\scripts\database_quality_alert_upgrade.py
create_quality_rules,E:\football_v\00_System_OS\01_DATA_LAYER\scripts\database_quality_init.py
create_quality_scores,E:\football_v\00_System_OS\01_DATA_LAYER\scripts\database_quality_init.py
create_quality_alerts,E:\football_v\00_System_OS\01_DATA_LAYER\scripts\database_quality_init.py
init_quality_database,E:\football_v\00_System_OS\01_DATA_LAYER\scripts\database_quality_init.py
upgrade_data_tasks,E:\football_v\00_System_OS\01_DATA_LAYER\scripts\database_task_table_upgrade.py
init_quality_rules,E:\football_v\00_System_OS\01_DATA_LAYER\scripts\quality_rule_init.py
init_registry_tables,E:\football_v\00_System_OS\01_DATA_LAYER\scripts\registry_init.py
init_task_table,E:\football_v\00_System_OS\01_DATA_LAYER\scripts\task_queue_init.py
run_test,E:\football_v\00_System_OS\01_DATA_LAYER\scripts\test_registry_flow.py
run_test,E:\football_v\00_System_OS\01_DATA_LAYER\scripts\test_retry_logger.py
run_test,E:\football_v\00_System_OS\01_DATA_LAYER\scripts\test_scheduler_reliability.py
run_test,E:\football_v\00_System_OS\01_DATA_LAYER\scripts\test_task_history.py
test,E:\football_v\00_System_OS\01_DATA_LAYER\scripts\test_task_queue.py
run_test,E:\football_v\00_System_OS\01_DATA_LAYER\scripts\test_task_reliability_full.py
require_manual,E:\football_v\00_System_OS\01_DATA_LAYER\task_queue\manual_task.py
get_retry_policy,E:\football_v\00_System_OS\01_DATA_LAYER\task_queue\retry_engine.py
get_task_info,E:\football_v\00_System_OS\01_DATA_LAYER\task_queue\retry_engine.py
update_task_status,E:\football_v\00_System_OS\01_DATA_LAYER\task_queue\retry_engine.py
retry_task,E:\football_v\00_System_OS\01_DATA_LAYER\task_queue\retry_engine.py
add_retry_record,E:\football_v\00_System_OS\01_DATA_LAYER\task_queue\retry_logger.py
get_retry_records,E:\football_v\00_System_OS\01_DATA_LAYER\task_queue\retry_logger.py
get_failed_retry_count,E:\football_v\00_System_OS\01_DATA_LAYER\task_queue\retry_logger.py
get_pending_tasks,E:\football_v\00_System_OS\01_DATA_LAYER\task_queue\scheduler.py
start_task,E:\football_v\00_System_OS\01_DATA_LAYER\task_queue\scheduler.py
finish_task,E:\football_v\00_System_OS\01_DATA_LAYER\task_queue\scheduler.py
process_queue,E:\football_v\00_System_OS\01_DATA_LAYER\task_queue\scheduler.py
add_history,E:\football_v\00_System_OS\01_DATA_LAYER\task_queue\task_history.py
get_history,E:\football_v\00_System_OS\01_DATA_LAYER\task_queue\task_history.py
get_all_history,E:\football_v\00_System_OS\01_DATA_LAYER\task_queue\task_history.py
generate_task_id,E:\football_v\00_System_OS\01_DATA_LAYER\task_queue\task_manager.py
create_task,E:\football_v\00_System_OS\01_DATA_LAYER\task_queue\task_manager.py
get_task,E:\football_v\00_System_OS\01_DATA_LAYER\task_queue\task_manager.py
update_task_error,E:\football_v\00_System_OS\01_DATA_LAYER\task_queue\task_manager.py
get_task,E:\football_v\00_System_OS\01_DATA_LAYER\task_queue\task_query.py
classify,E:\football_v\00_System_OS\ARCHITECTURE_CLEANUP\architecture_classifier\architecture_classifier_V1.0.py
scan,E:\football_v\00_System_OS\ARCHITECTURE_CLEANUP\architecture_scanner\architecture_scanner_V1.0.py
load_config,E:\football_v\00_System_OS\Automation\scheduler\scheduler_manager.py
write_log,E:\football_v\00_System_OS\Automation\scheduler\scheduler_manager.py
run,E:\football_v\00_System_OS\Automation\scheduler\scheduler_manager.py
check_environment,E:\football_v\00_System_OS\Bootstrap\bootstrap.py
build_structure,E:\football_v\00_System_OS\Bootstrap\bootstrap.py
initialize_modules,E:\football_v\00_System_OS\Bootstrap\bootstrap.py
generate_report,E:\football_v\00_System_OS\Bootstrap\bootstrap.py
main,E:\football_v\00_System_OS\Bootstrap\bootstrap.py
generate,E:\football_v\00_System_OS\Bootstrap\config_generator.py
write_log,E:\football_v\00_System_OS\Bootstrap\deploy_system.py
run,E:\football_v\00_System_OS\Bootstrap\deploy_system.py
create_structure,E:\football_v\00_System_OS\Bootstrap\setup_system.py
check_python,E:\football_v\00_System_OS\Bootstrap\system_check.py
check_path,E:\football_v\00_System_OS\Bootstrap\system_check.py
check_scheduler,E:\football_v\00_System_OS\Bootstrap\system_check.py
run_check,E:\football_v\00_System_OS\Bootstrap\system_check.py
check,E:\football_v\00_System_OS\DEPLOYMENT_QUALITY_CHECKER\deployment_quality_checker_V1.0.py
load_index,E:\football_v\00_System_OS\File_Manager\archive\archive_manager.py
save_index,E:\football_v\00_System_OS\File_Manager\archive\archive_manager.py
create_archive_record,E:\football_v\00_System_OS\File_Manager\archive\archive_manager.py
archive_test_file,E:\football_v\00_System_OS\File_Manager\archive\archive_manager.py
load_json,E:\football_v\00_System_OS\File_Manager\archive\archive_manager_v11.py
save_json,E:\football_v\00_System_OS\File_Manager\archive\archive_manager_v11.py
get_target_folder,E:\football_v\00_System_OS\File_Manager\archive\archive_manager_v11.py
run,E:\football_v\00_System_OS\File_Manager\archive\archive_manager_v11.py
load_json,E:\football_v\00_System_OS\File_Manager\duplicate\duplicate_detector_v11.py
save_json,E:\football_v\00_System_OS\File_Manager\duplicate\duplicate_detector_v11.py
compare_assets,E:\football_v\00_System_OS\File_Manager\duplicate\duplicate_detector_v11.py
run,E:\football_v\00_System_OS\File_Manager\duplicate\duplicate_detector_v11.py
load_registry,E:\football_v\00_System_OS\File_Manager\hash\duplicate_detector.py
detect_duplicates,E:\football_v\00_System_OS\File_Manager\hash\duplicate_detector.py
save_report,E:\football_v\00_System_OS\File_Manager\hash\duplicate_detector.py
load_json,E:\football_v\00_System_OS\File_Manager\lifecycle\lifecycle_engine.py
save_json,E:\football_v\00_System_OS\File_Manager\lifecycle\lifecycle_engine.py
process_asset,E:\football_v\00_System_OS\File_Manager\lifecycle\lifecycle_engine.py
run,E:\football_v\00_System_OS\File_Manager\lifecycle\lifecycle_engine.py
load_registry,E:\football_v\00_System_OS\File_Manager\lifecycle\lifecycle_manager.py
update_lifecycle,E:\football_v\00_System_OS\File_Manager\lifecycle\lifecycle_manager.py
save_report,E:\football_v\00_System_OS\File_Manager\lifecycle\lifecycle_manager.py
load_registry,E:\football_v\00_System_OS\File_Manager\registry\file_registry_v11.py
upgrade_asset,E:\football_v\00_System_OS\File_Manager\registry\file_registry_v11.py
upgrade,E:\football_v\00_System_OS\File_Manager\registry\file_registry_v11.py
calculate_hash,E:\football_v\00_System_OS\File_Manager\scanner\file_scanner.py
classify_file,E:\football_v\00_System_OS\File_Manager\scanner\file_scanner.py
scan_files,E:\football_v\00_System_OS\File_Manager\scanner\file_scanner.py
save_results,E:\football_v\00_System_OS\File_Manager\scanner\file_scanner.py
load_json,E:\football_v\00_System_OS\File_Manager\version\version_manager.py
save_json,E:\football_v\00_System_OS\File_Manager\version\version_manager.py
create_version,E:\football_v\00_System_OS\File_Manager\version\version_manager.py
run,E:\football_v\00_System_OS\File_Manager\version\version_manager.py
load_json,E:\football_v\00_System_OS\Monitor\monitor_service.py
save_json,E:\football_v\00_System_OS\Monitor\monitor_service.py
check_system,E:\football_v\00_System_OS\Monitor\monitor_service.py
load_json,E:\football_v\00_System_OS\Recovery\recovery_controller.py
save_json,E:\football_v\00_System_OS\Recovery\recovery_controller.py
main,E:\football_v\00_System_OS\Recovery\recovery_controller.py
load_json,E:\football_v\00_System_OS\Recovery\recovery_service.py
save_json,E:\football_v\00_System_OS\Recovery\recovery_service.py
recovery_check,E:\football_v\00_System_OS\Recovery\recovery_service.py
load,E:\football_v\00_System_OS\registry\dependency_engine.py
resolve,E:\football_v\00_System_OS\registry\dependency_engine.py
visit,E:\football_v\00_System_OS\registry\dependency_engine.py
load_modules,E:\football_v\00_System_OS\registry\registry_api.py
get_module,E:\football_v\00_System_OS\registry\registry_api.py
list_modules,E:\football_v\00_System_OS\registry\registry_api.py
save,E:\football_v\00_System_OS\registry\registry_manager.py
load,E:\football_v\00_System_OS\registry\registry_manager.py
register,E:\football_v\00_System_OS\registry\registry_manager.py
load,E:\football_v\00_System_OS\registry\registry_scanner.py
save,E:\football_v\00_System_OS\registry\registry_scanner.py
scan,E:\football_v\00_System_OS\registry\registry_scanner.py
run,E:\football_v\00_System_OS\RELEASE_VALIDATION\dependency_checker\dependency_checker_V1.0.py
run,E:\football_v\00_System_OS\RELEASE_VALIDATION\integrity_checker\integrity_checker_V1.0.py
scan,E:\football_v\00_System_OS\RELEASE_VALIDATION\module_scanner\module_scanner_V1.0.py
create_directory,E:\football_v\00_System_OS\scripts\framework_initializer.py
create_file,E:\football_v\00_System_OS\scripts\framework_initializer.py
save_report,E:\football_v\00_System_OS\scripts\framework_initializer.py
main,E:\football_v\00_System_OS\scripts\framework_initializer.py
write_file,E:\football_v\00_SYSTEM_TOOLS\deploy_scripts\deploy_phase3_2_memory_bridge.py
main,E:\football_v\00_SYSTEM_TOOLS\deploy_scripts\deploy_phase3_2_memory_bridge.py
create,E:\football_v\00_SYSTEM_TOOLS\deploy_scripts\deploy_v15_phase1.py
deploy,E:\football_v\00_SYSTEM_TOOLS\deploy_scripts\deploy_v15_phase2.py
run,E:\football_v\00_SYSTEM_TOOLS\Module_Deployment_Tool\core\deployment_engine.py
check,E:\football_v\00_SYSTEM_TOOLS\Module_Deployment_Tool\core\encoding_validator.py
check,E:\football_v\00_SYSTEM_TOOLS\Module_Deployment_Tool\core\json_validator.py
check,E:\football_v\00_SYSTEM_TOOLS\Module_Deployment_Tool\core\path_validator.py
check,E:\football_v\00_SYSTEM_TOOLS\Module_Deployment_Tool\core\syntax_validator.py
create_dir,E:\football_v\00_SYSTEM_TOOLS\Module_Deployment_Tool\modules\deploy_ai_autonomous_engine_HIL_V1.0_V1.4.py
write_file,E:\football_v\00_SYSTEM_TOOLS\Module_Deployment_Tool\modules\deploy_ai_autonomous_engine_HIL_V1.0_V1.4.py
write_json,E:\football_v\00_SYSTEM_TOOLS\Module_Deployment_Tool\modules\deploy_ai_autonomous_engine_HIL_V1.0_V1.4.py
deploy,E:\football_v\00_SYSTEM_TOOLS\Module_Deployment_Tool\modules\deploy_ai_autonomous_engine_HIL_V1.0_V1.4.py
create_folder,E:\football_v\00_SYSTEM_TOOLS\Module_Deployment_Tool\modules\deploy_ai_autonomous_engine_HIL_V1.2.py
create_file,E:\football_v\00_SYSTEM_TOOLS\Module_Deployment_Tool\modules\deploy_ai_autonomous_engine_HIL_V1.2.py
create_json,E:\football_v\00_SYSTEM_TOOLS\Module_Deployment_Tool\modules\deploy_ai_autonomous_engine_HIL_V1.2.py
deploy,E:\football_v\00_SYSTEM_TOOLS\Module_Deployment_Tool\modules\deploy_ai_autonomous_engine_HIL_V1.2.py
create_folder,E:\football_v\00_SYSTEM_TOOLS\Module_Deployment_Tool\modules\deploy_ai_autonomous_engine_HIL_V1.3_V1.4.py
create_file,E:\football_v\00_SYSTEM_TOOLS\Module_Deployment_Tool\modules\deploy_ai_autonomous_engine_HIL_V1.3_V1.4.py
create_json,E:\football_v\00_SYSTEM_TOOLS\Module_Deployment_Tool\modules\deploy_ai_autonomous_engine_HIL_V1.3_V1.4.py
deploy_start,E:\football_v\00_SYSTEM_TOOLS\Module_Deployment_Tool\modules\deploy_ai_autonomous_engine_HIL_V1.3_V1.4.py
create_auto_upgrade_manager,E:\football_v\00_SYSTEM_TOOLS\Module_Deployment_Tool\modules\deploy_ai_autonomous_engine_HIL_V1.3_V1.4.py
create_optimization_history,E:\football_v\00_SYSTEM_TOOLS\Module_Deployment_Tool\modules\deploy_ai_autonomous_engine_HIL_V1.3_V1.4.py
create_rollback_manager,E:\football_v\00_SYSTEM_TOOLS\Module_Deployment_Tool\modules\deploy_ai_autonomous_engine_HIL_V1.3_V1.4.py
create_release_validator,E:\football_v\00_SYSTEM_TOOLS\Module_Deployment_Tool\modules\deploy_ai_autonomous_engine_HIL_V1.3_V1.4.py
create_evolution_memory,E:\football_v\00_SYSTEM_TOOLS\Module_Deployment_Tool\modules\deploy_ai_autonomous_engine_HIL_V1.3_V1.4.py
create_upgrade_history_repository,E:\football_v\00_SYSTEM_TOOLS\Module_Deployment_Tool\modules\deploy_ai_autonomous_engine_HIL_V1.3_V1.4.py
create_model_change_tracker,E:\football_v\00_SYSTEM_TOOLS\Module_Deployment_Tool\modules\deploy_ai_autonomous_engine_HIL_V1.3_V1.4.py
create_knowledge_snapshot,E:\football_v\00_SYSTEM_TOOLS\Module_Deployment_Tool\modules\deploy_ai_autonomous_engine_HIL_V1.3_V1.4.py
create_upgrade_config,E:\football_v\00_SYSTEM_TOOLS\Module_Deployment_Tool\modules\deploy_ai_autonomous_engine_HIL_V1.3_V1.4.py
create_autonomous_test,E:\football_v\00_SYSTEM_TOOLS\Module_Deployment_Tool\modules\deploy_ai_autonomous_engine_HIL_V1.3_V1.4.py
create_checkpoint,E:\football_v\00_SYSTEM_TOOLS\Module_Deployment_Tool\modules\deploy_ai_autonomous_engine_HIL_V1.3_V1.4.py
deploy,E:\football_v\00_SYSTEM_TOOLS\Module_Deployment_Tool\modules\deploy_ai_autonomous_engine_HIL_V1.3_V1.4.py
create_folder,E:\football_v\00_SYSTEM_TOOLS\Module_Deployment_Tool\modules\deploy_ai_autonomous_engine_HIL_V1.5_V1.6.py
create_file,E:\football_v\00_SYSTEM_TOOLS\Module_Deployment_Tool\modules\deploy_ai_autonomous_engine_HIL_V1.5_V1.6.py
create_json,E:\football_v\00_SYSTEM_TOOLS\Module_Deployment_Tool\modules\deploy_ai_autonomous_engine_HIL_V1.5_V1.6.py
deploy_start,E:\football_v\00_SYSTEM_TOOLS\Module_Deployment_Tool\modules\deploy_ai_autonomous_engine_HIL_V1.5_V1.6.py
create_adaptive_parameter_learning,E:\football_v\00_SYSTEM_TOOLS\Module_Deployment_Tool\modules\deploy_ai_autonomous_engine_HIL_V1.5_V1.6.py
create_parameter_effect_analyzer,E:\football_v\00_SYSTEM_TOOLS\Module_Deployment_Tool\modules\deploy_ai_autonomous_engine_HIL_V1.5_V1.6.py
create_dynamic_weight_adjuster,E:\football_v\00_SYSTEM_TOOLS\Module_Deployment_Tool\modules\deploy_ai_autonomous_engine_HIL_V1.5_V1.6.py
create_learning_cycle_manager,E:\football_v\00_SYSTEM_TOOLS\Module_Deployment_Tool\modules\deploy_ai_autonomous_engine_HIL_V1.5_V1.6.py
create_evolution_controller,E:\football_v\00_SYSTEM_TOOLS\Module_Deployment_Tool\modules\deploy_ai_autonomous_engine_HIL_V1.5_V1.6.py
create_upgrade_policy_manager,E:\football_v\00_SYSTEM_TOOLS\Module_Deployment_Tool\modules\deploy_ai_autonomous_engine_HIL_V1.5_V1.6.py
create_risk_gate,E:\football_v\00_SYSTEM_TOOLS\Module_Deployment_Tool\modules\deploy_ai_autonomous_engine_HIL_V1.5_V1.6.py
create_human_dashboard_api,E:\football_v\00_SYSTEM_TOOLS\Module_Deployment_Tool\modules\deploy_ai_autonomous_engine_HIL_V1.5_V1.6.py
create_evolution_upgrade_config,E:\football_v\00_SYSTEM_TOOLS\Module_Deployment_Tool\modules\deploy_ai_autonomous_engine_HIL_V1.5_V1.6.py
create_evolution_full_test,E:\football_v\00_SYSTEM_TOOLS\Module_Deployment_Tool\modules\deploy_ai_autonomous_engine_HIL_V1.5_V1.6.py
create_v16_checkpoint,E:\football_v\00_SYSTEM_TOOLS\Module_Deployment_Tool\modules\deploy_ai_autonomous_engine_HIL_V1.5_V1.6.py
deploy,E:\football_v\00_SYSTEM_TOOLS\Module_Deployment_Tool\modules\deploy_ai_autonomous_engine_HIL_V1.5_V1.6.py
create_folder,E:\football_v\00_SYSTEM_TOOLS\Module_Deployment_Tool\modules\deploy_ai_autonomous_engine_HIL_V1.7_V1.8.py
create_file,E:\football_v\00_SYSTEM_TOOLS\Module_Deployment_Tool\modules\deploy_ai_autonomous_engine_HIL_V1.7_V1.8.py
create_json,E:\football_v\00_SYSTEM_TOOLS\Module_Deployment_Tool\modules\deploy_ai_autonomous_engine_HIL_V1.7_V1.8.py
deploy_start,E:\football_v\00_SYSTEM_TOOLS\Module_Deployment_Tool\modules\deploy_ai_autonomous_engine_HIL_V1.7_V1.8.py
create_multi_cycle_learning_engine,E:\football_v\00_SYSTEM_TOOLS\Module_Deployment_Tool\modules\deploy_ai_autonomous_engine_HIL_V1.7_V1.8.py
create_weekly_evolution_analyzer,E:\football_v\00_SYSTEM_TOOLS\Module_Deployment_Tool\modules\deploy_ai_autonomous_engine_HIL_V1.7_V1.8.py
create_monthly_performance_analyzer,E:\football_v\00_SYSTEM_TOOLS\Module_Deployment_Tool\modules\deploy_ai_autonomous_engine_HIL_V1.7_V1.8.py
create_learning_effect_tracker,E:\football_v\00_SYSTEM_TOOLS\Module_Deployment_Tool\modules\deploy_ai_autonomous_engine_HIL_V1.7_V1.8.py
create_evolution_intelligence_engine,E:\football_v\00_SYSTEM_TOOLS\Module_Deployment_Tool\modules\deploy_ai_autonomous_engine_HIL_V1.7_V1.8.py
create_strategy_evolution_manager,E:\football_v\00_SYSTEM_TOOLS\Module_Deployment_Tool\modules\deploy_ai_autonomous_engine_HIL_V1.7_V1.8.py
create_knowledge_graph_builder,E:\football_v\00_SYSTEM_TOOLS\Module_Deployment_Tool\modules\deploy_ai_autonomous_engine_HIL_V1.7_V1.8.py
create_evolution_report_generator,E:\football_v\00_SYSTEM_TOOLS\Module_Deployment_Tool\modules\deploy_ai_autonomous_engine_HIL_V1.7_V1.8.py
create_evolution_intelligence_config,E:\football_v\00_SYSTEM_TOOLS\Module_Deployment_Tool\modules\deploy_ai_autonomous_engine_HIL_V1.7_V1.8.py
create_v18_full_test,E:\football_v\00_SYSTEM_TOOLS\Module_Deployment_Tool\modules\deploy_ai_autonomous_engine_HIL_V1.7_V1.8.py
create_v18_checkpoint,E:\football_v\00_SYSTEM_TOOLS\Module_Deployment_Tool\modules\deploy_ai_autonomous_engine_HIL_V1.7_V1.8.py
deploy,E:\football_v\00_SYSTEM_TOOLS\Module_Deployment_Tool\modules\deploy_ai_autonomous_engine_HIL_V1.7_V1.8.py
create_evolution_governance_manager,E:\football_v\00_SYSTEM_TOOLS\Module_Deployment_Tool\modules\deploy_ai_autonomous_engine_HIL_V1.9_V2.0.py
create_model_evolution_audit,E:\football_v\00_SYSTEM_TOOLS\Module_Deployment_Tool\modules\deploy_ai_autonomous_engine_HIL_V1.9_V2.0.py
create_change_approval_center,E:\football_v\00_SYSTEM_TOOLS\Module_Deployment_Tool\modules\deploy_ai_autonomous_engine_HIL_V1.9_V2.0.py
create_evolution_compliance_checker,E:\football_v\00_SYSTEM_TOOLS\Module_Deployment_Tool\modules\deploy_ai_autonomous_engine_HIL_V1.9_V2.0.py
create_ai_evolution_supervisor,E:\football_v\00_SYSTEM_TOOLS\Module_Deployment_Tool\modules\deploy_ai_autonomous_engine_HIL_V1.9_V2.0.py
create_system_evolution_dashboard,E:\football_v\00_SYSTEM_TOOLS\Module_Deployment_Tool\modules\deploy_ai_autonomous_engine_HIL_V1.9_V2.0.py
create_evolution_strategy_optimizer,E:\football_v\00_SYSTEM_TOOLS\Module_Deployment_Tool\modules\deploy_ai_autonomous_engine_HIL_V1.9_V2.0.py
create_evolution_supervisor_config,E:\football_v\00_SYSTEM_TOOLS\Module_Deployment_Tool\modules\deploy_ai_autonomous_engine_HIL_V1.9_V2.0.py
create_v20_full_test,E:\football_v\00_SYSTEM_TOOLS\Module_Deployment_Tool\modules\deploy_ai_autonomous_engine_HIL_V1.9_V2.0.py
create_evolution_supervisor_report,E:\football_v\00_SYSTEM_TOOLS\Module_Deployment_Tool\modules\deploy_ai_autonomous_engine_HIL_V1.9_V2.0.py
create_v20_checkpoint,E:\football_v\00_SYSTEM_TOOLS\Module_Deployment_Tool\modules\deploy_ai_autonomous_engine_HIL_V1.9_V2.0.py
deploy,E:\football_v\00_SYSTEM_TOOLS\Module_Deployment_Tool\modules\deploy_ai_autonomous_engine_HIL_V1.9_V2.0.py
create_folder,E:\football_v\00_SYSTEM_TOOLS\Module_Deployment_Tool\modules\deploy_ai_autonomous_engine_HIL_V2.1_V2.2_BATCH.py
create_file,E:\football_v\00_SYSTEM_TOOLS\Module_Deployment_Tool\modules\deploy_ai_autonomous_engine_HIL_V2.1_V2.2_BATCH.py
create_json,E:\football_v\00_SYSTEM_TOOLS\Module_Deployment_Tool\modules\deploy_ai_autonomous_engine_HIL_V2.1_V2.2_BATCH.py
deploy_start,E:\football_v\00_SYSTEM_TOOLS\Module_Deployment_Tool\modules\deploy_ai_autonomous_engine_HIL_V2.1_V2.2_BATCH.py
create_v21_modules,E:\football_v\00_SYSTEM_TOOLS\Module_Deployment_Tool\modules\deploy_ai_autonomous_engine_HIL_V2.1_V2.2_BATCH.py
create_v22_modules,E:\football_v\00_SYSTEM_TOOLS\Module_Deployment_Tool\modules\deploy_ai_autonomous_engine_HIL_V2.1_V2.2_BATCH.py
create_v21_v22_config,E:\football_v\00_SYSTEM_TOOLS\Module_Deployment_Tool\modules\deploy_ai_autonomous_engine_HIL_V2.1_V2.2_BATCH.py
create_batch_test,E:\football_v\00_SYSTEM_TOOLS\Module_Deployment_Tool\modules\deploy_ai_autonomous_engine_HIL_V2.1_V2.2_BATCH.py
create_report,E:\football_v\00_SYSTEM_TOOLS\Module_Deployment_Tool\modules\deploy_ai_autonomous_engine_HIL_V2.1_V2.2_BATCH.py
create_checkpoint,E:\football_v\00_SYSTEM_TOOLS\Module_Deployment_Tool\modules\deploy_ai_autonomous_engine_HIL_V2.1_V2.2_BATCH.py
deploy,E:\football_v\00_SYSTEM_TOOLS\Module_Deployment_Tool\modules\deploy_ai_autonomous_engine_HIL_V2.1_V2.2_BATCH.py
create_folder,E:\football_v\00_SYSTEM_TOOLS\Module_Deployment_Tool\modules\deploy_ai_autonomous_engine_HIL_V2.3_V2.4_BATCH.py
create_file,E:\football_v\00_SYSTEM_TOOLS\Module_Deployment_Tool\modules\deploy_ai_autonomous_engine_HIL_V2.3_V2.4_BATCH.py
create_json,E:\football_v\00_SYSTEM_TOOLS\Module_Deployment_Tool\modules\deploy_ai_autonomous_engine_HIL_V2.3_V2.4_BATCH.py
deploy_start,E:\football_v\00_SYSTEM_TOOLS\Module_Deployment_Tool\modules\deploy_ai_autonomous_engine_HIL_V2.3_V2.4_BATCH.py
create_v23_modules,E:\football_v\00_SYSTEM_TOOLS\Module_Deployment_Tool\modules\deploy_ai_autonomous_engine_HIL_V2.3_V2.4_BATCH.py
create_v24_modules,E:\football_v\00_SYSTEM_TOOLS\Module_Deployment_Tool\modules\deploy_ai_autonomous_engine_HIL_V2.3_V2.4_BATCH.py
create_config,E:\football_v\00_SYSTEM_TOOLS\Module_Deployment_Tool\modules\deploy_ai_autonomous_engine_HIL_V2.3_V2.4_BATCH.py
create_report,E:\football_v\00_SYSTEM_TOOLS\Module_Deployment_Tool\modules\deploy_ai_autonomous_engine_HIL_V2.3_V2.4_BATCH.py
create_checkpoint,E:\football_v\00_SYSTEM_TOOLS\Module_Deployment_Tool\modules\deploy_ai_autonomous_engine_HIL_V2.3_V2.4_BATCH.py
create_test,E:\football_v\00_SYSTEM_TOOLS\Module_Deployment_Tool\modules\deploy_ai_autonomous_engine_HIL_V2.3_V2.4_BATCH.py
deploy,E:\football_v\00_SYSTEM_TOOLS\Module_Deployment_Tool\modules\deploy_ai_autonomous_engine_HIL_V2.3_V2.4_BATCH.py
create_folder,E:\football_v\00_SYSTEM_TOOLS\Module_Deployment_Tool\modules\deploy_ai_autonomous_engine_HIL_V2.5_V2.6_BATCH.py
create_file,E:\football_v\00_SYSTEM_TOOLS\Module_Deployment_Tool\modules\deploy_ai_autonomous_engine_HIL_V2.5_V2.6_BATCH.py
create_json,E:\football_v\00_SYSTEM_TOOLS\Module_Deployment_Tool\modules\deploy_ai_autonomous_engine_HIL_V2.5_V2.6_BATCH.py
deploy_start,E:\football_v\00_SYSTEM_TOOLS\Module_Deployment_Tool\modules\deploy_ai_autonomous_engine_HIL_V2.5_V2.6_BATCH.py
create_v25_modules,E:\football_v\00_SYSTEM_TOOLS\Module_Deployment_Tool\modules\deploy_ai_autonomous_engine_HIL_V2.5_V2.6_BATCH.py
create_v26_modules,E:\football_v\00_SYSTEM_TOOLS\Module_Deployment_Tool\modules\deploy_ai_autonomous_engine_HIL_V2.5_V2.6_BATCH.py
create_config,E:\football_v\00_SYSTEM_TOOLS\Module_Deployment_Tool\modules\deploy_ai_autonomous_engine_HIL_V2.5_V2.6_BATCH.py
create_report,E:\football_v\00_SYSTEM_TOOLS\Module_Deployment_Tool\modules\deploy_ai_autonomous_engine_HIL_V2.5_V2.6_BATCH.py
create_checkpoint,E:\football_v\00_SYSTEM_TOOLS\Module_Deployment_Tool\modules\deploy_ai_autonomous_engine_HIL_V2.5_V2.6_BATCH.py
create_test,E:\football_v\00_SYSTEM_TOOLS\Module_Deployment_Tool\modules\deploy_ai_autonomous_engine_HIL_V2.5_V2.6_BATCH.py
deploy,E:\football_v\00_SYSTEM_TOOLS\Module_Deployment_Tool\modules\deploy_ai_autonomous_engine_HIL_V2.5_V2.6_BATCH.py
ensure_dir,E:\football_v\00_SYSTEM_TOOLS\Module_Deployment_Tool\modules\deploy_ai_autonomous_engine_HIL_V2.7_V2.8_BATCH.py
write_file,E:\football_v\00_SYSTEM_TOOLS\Module_Deployment_Tool\modules\deploy_ai_autonomous_engine_HIL_V2.7_V2.8_BATCH.py
write_json,E:\football_v\00_SYSTEM_TOOLS\Module_Deployment_Tool\modules\deploy_ai_autonomous_engine_HIL_V2.7_V2.8_BATCH.py
deploy_start,E:\football_v\00_SYSTEM_TOOLS\Module_Deployment_Tool\modules\deploy_ai_autonomous_engine_HIL_V2.7_V2.8_BATCH.py
deploy_v27,E:\football_v\00_SYSTEM_TOOLS\Module_Deployment_Tool\modules\deploy_ai_autonomous_engine_HIL_V2.7_V2.8_BATCH.py
deploy_v28,E:\football_v\00_SYSTEM_TOOLS\Module_Deployment_Tool\modules\deploy_ai_autonomous_engine_HIL_V2.7_V2.8_BATCH.py
deploy_human_approval_gate,E:\football_v\00_SYSTEM_TOOLS\Module_Deployment_Tool\modules\deploy_ai_autonomous_engine_HIL_V2.7_V2.8_BATCH.py
create_configs,E:\football_v\00_SYSTEM_TOOLS\Module_Deployment_Tool\modules\deploy_ai_autonomous_engine_HIL_V2.7_V2.8_BATCH.py
create_test_file,E:\football_v\00_SYSTEM_TOOLS\Module_Deployment_Tool\modules\deploy_ai_autonomous_engine_HIL_V2.7_V2.8_BATCH.py
create_checkpoint,E:\football_v\00_SYSTEM_TOOLS\Module_Deployment_Tool\modules\deploy_ai_autonomous_engine_HIL_V2.7_V2.8_BATCH.py
create_report,E:\football_v\00_SYSTEM_TOOLS\Module_Deployment_Tool\modules\deploy_ai_autonomous_engine_HIL_V2.7_V2.8_BATCH.py
run_test,E:\football_v\00_SYSTEM_TOOLS\Module_Deployment_Tool\modules\deploy_ai_autonomous_engine_HIL_V2.7_V2.8_BATCH.py
show_tree,E:\football_v\00_SYSTEM_TOOLS\Module_Deployment_Tool\modules\deploy_ai_autonomous_engine_HIL_V2.7_V2.8_BATCH.py
deploy,E:\football_v\00_SYSTEM_TOOLS\Module_Deployment_Tool\modules\deploy_ai_autonomous_engine_HIL_V2.7_V2.8_BATCH.py
ensure_dir,E:\football_v\00_SYSTEM_TOOLS\Module_Deployment_Tool\modules\deploy_ai_autonomous_engine_HIL_V2.9_V3.0_BATCH.py
write_file,E:\football_v\00_SYSTEM_TOOLS\Module_Deployment_Tool\modules\deploy_ai_autonomous_engine_HIL_V2.9_V3.0_BATCH.py
write_json,E:\football_v\00_SYSTEM_TOOLS\Module_Deployment_Tool\modules\deploy_ai_autonomous_engine_HIL_V2.9_V3.0_BATCH.py
self_validation,E:\football_v\00_SYSTEM_TOOLS\Module_Deployment_Tool\modules\deploy_ai_autonomous_engine_HIL_V2.9_V3.0_BATCH.py
deploy_start,E:\football_v\00_SYSTEM_TOOLS\Module_Deployment_Tool\modules\deploy_ai_autonomous_engine_HIL_V2.9_V3.0_BATCH.py
deploy_v29,E:\football_v\00_SYSTEM_TOOLS\Module_Deployment_Tool\modules\deploy_ai_autonomous_engine_HIL_V2.9_V3.0_BATCH.py
deploy_v30,E:\football_v\00_SYSTEM_TOOLS\Module_Deployment_Tool\modules\deploy_ai_autonomous_engine_HIL_V2.9_V3.0_BATCH.py
create_configs,E:\football_v\00_SYSTEM_TOOLS\Module_Deployment_Tool\modules\deploy_ai_autonomous_engine_HIL_V2.9_V3.0_BATCH.py
create_test,E:\football_v\00_SYSTEM_TOOLS\Module_Deployment_Tool\modules\deploy_ai_autonomous_engine_HIL_V2.9_V3.0_BATCH.py
compile_check,E:\football_v\00_SYSTEM_TOOLS\Module_Deployment_Tool\modules\deploy_ai_autonomous_engine_HIL_V2.9_V3.0_BATCH.py
create_checkpoint,E:\football_v\00_SYSTEM_TOOLS\Module_Deployment_Tool\modules\deploy_ai_autonomous_engine_HIL_V2.9_V3.0_BATCH.py
create_report,E:\football_v\00_SYSTEM_TOOLS\Module_Deployment_Tool\modules\deploy_ai_autonomous_engine_HIL_V2.9_V3.0_BATCH.py
run_test,E:\football_v\00_SYSTEM_TOOLS\Module_Deployment_Tool\modules\deploy_ai_autonomous_engine_HIL_V2.9_V3.0_BATCH.py
show_tree,E:\football_v\00_SYSTEM_TOOLS\Module_Deployment_Tool\modules\deploy_ai_autonomous_engine_HIL_V2.9_V3.0_BATCH.py
human_gate,E:\football_v\00_SYSTEM_TOOLS\Module_Deployment_Tool\modules\deploy_ai_autonomous_engine_HIL_V2.9_V3.0_BATCH.py
deploy,E:\football_v\00_SYSTEM_TOOLS\Module_Deployment_Tool\modules\deploy_ai_autonomous_engine_HIL_V2.9_V3.0_BATCH.py
create_dir,E:\football_v\00_SYSTEM_TOOLS\Module_Deployment_Tool\modules\deploy_ai_autonomous_engine_V1.0_V1.3.py
write_file,E:\football_v\00_SYSTEM_TOOLS\Module_Deployment_Tool\modules\deploy_ai_autonomous_engine_V1.0_V1.3.py
write_json,E:\football_v\00_SYSTEM_TOOLS\Module_Deployment_Tool\modules\deploy_ai_autonomous_engine_V1.0_V1.3.py
deploy,E:\football_v\00_SYSTEM_TOOLS\Module_Deployment_Tool\modules\deploy_ai_autonomous_engine_V1.0_V1.3.py
add_test,E:\football_v\00_SYSTEM_TOOLS\Module_Deployment_Tool\modules\deploy_ai_intelligence_layer_test_V1.0.py
create_dir,E:\football_v\00_SYSTEM_TOOLS\Module_Deployment_Tool\modules\deploy_ai_orchestration_layer_V1.0_V1.3.py
write_file,E:\football_v\00_SYSTEM_TOOLS\Module_Deployment_Tool\modules\deploy_ai_orchestration_layer_V1.0_V1.3.py
write_json,E:\football_v\00_SYSTEM_TOOLS\Module_Deployment_Tool\modules\deploy_ai_orchestration_layer_V1.0_V1.3.py
deploy,E:\football_v\00_SYSTEM_TOOLS\Module_Deployment_Tool\modules\deploy_ai_orchestration_layer_V1.0_V1.3.py
create_dir,E:\football_v\00_SYSTEM_TOOLS\Module_Deployment_Tool\modules\deploy_backtest_system_V1.0_V1.3.py
write_file,E:\football_v\00_SYSTEM_TOOLS\Module_Deployment_Tool\modules\deploy_backtest_system_V1.0_V1.3.py
write_json,E:\football_v\00_SYSTEM_TOOLS\Module_Deployment_Tool\modules\deploy_backtest_system_V1.0_V1.3.py
deploy,E:\football_v\00_SYSTEM_TOOLS\Module_Deployment_Tool\modules\deploy_backtest_system_V1.0_V1.3.py
add_test,E:\football_v\00_SYSTEM_TOOLS\Module_Deployment_Tool\modules\deploy_data_intelligence_test_V1.0.py
create_dir,E:\football_v\00_SYSTEM_TOOLS\Module_Deployment_Tool\modules\deploy_decision_engine_V1.0_V1.3.py
write_file,E:\football_v\00_SYSTEM_TOOLS\Module_Deployment_Tool\modules\deploy_decision_engine_V1.0_V1.3.py
write_json,E:\football_v\00_SYSTEM_TOOLS\Module_Deployment_Tool\modules\deploy_decision_engine_V1.0_V1.3.py
deploy,E:\football_v\00_SYSTEM_TOOLS\Module_Deployment_Tool\modules\deploy_decision_engine_V1.0_V1.3.py
add,E:\football_v\00_SYSTEM_TOOLS\Module_Deployment_Tool\modules\deploy_dynamic_feature_weight_test_V1.0.py
create_dir,E:\football_v\00_SYSTEM_TOOLS\Module_Deployment_Tool\modules\deploy_feature_store_V1.0.py
write_file,E:\football_v\00_SYSTEM_TOOLS\Module_Deployment_Tool\modules\deploy_feature_store_V1.0.py
write_json,E:\football_v\00_SYSTEM_TOOLS\Module_Deployment_Tool\modules\deploy_feature_store_V1.0.py
deploy,E:\football_v\00_SYSTEM_TOOLS\Module_Deployment_Tool\modules\deploy_feature_store_V1.0.py
create_dir,E:\football_v\00_SYSTEM_TOOLS\Module_Deployment_Tool\modules\deploy_feature_store_V1.1.py
write_file,E:\football_v\00_SYSTEM_TOOLS\Module_Deployment_Tool\modules\deploy_feature_store_V1.1.py
write_json,E:\football_v\00_SYSTEM_TOOLS\Module_Deployment_Tool\modules\deploy_feature_store_V1.1.py
deploy,E:\football_v\00_SYSTEM_TOOLS\Module_Deployment_Tool\modules\deploy_feature_store_V1.1.py
create_dir,E:\football_v\00_SYSTEM_TOOLS\Module_Deployment_Tool\modules\deploy_feature_store_V1.2.py
write_file,E:\football_v\00_SYSTEM_TOOLS\Module_Deployment_Tool\modules\deploy_feature_store_V1.2.py
write_json,E:\football_v\00_SYSTEM_TOOLS\Module_Deployment_Tool\modules\deploy_feature_store_V1.2.py
deploy,E:\football_v\00_SYSTEM_TOOLS\Module_Deployment_Tool\modules\deploy_feature_store_V1.2.py
create_dir,E:\football_v\00_SYSTEM_TOOLS\Module_Deployment_Tool\modules\deploy_feature_store_V1.3.py
write_file,E:\football_v\00_SYSTEM_TOOLS\Module_Deployment_Tool\modules\deploy_feature_store_V1.3.py
write_json,E:\football_v\00_SYSTEM_TOOLS\Module_Deployment_Tool\modules\deploy_feature_store_V1.3.py
deploy,E:\football_v\00_SYSTEM_TOOLS\Module_Deployment_Tool\modules\deploy_feature_store_V1.3.py
create_dir,E:\football_v\00_SYSTEM_TOOLS\Module_Deployment_Tool\modules\deploy_feature_store_V1.4.py
write_file,E:\football_v\00_SYSTEM_TOOLS\Module_Deployment_Tool\modules\deploy_feature_store_V1.4.py
write_json,E:\football_v\00_SYSTEM_TOOLS\Module_Deployment_Tool\modules\deploy_feature_store_V1.4.py
deploy,E:\football_v\00_SYSTEM_TOOLS\Module_Deployment_Tool\modules\deploy_feature_store_V1.4.py
create_dir,E:\football_v\00_SYSTEM_TOOLS\Module_Deployment_Tool\modules\deploy_feature_store_V1.5.py
write_file,E:\football_v\00_SYSTEM_TOOLS\Module_Deployment_Tool\modules\deploy_feature_store_V1.5.py
write_json,E:\football_v\00_SYSTEM_TOOLS\Module_Deployment_Tool\modules\deploy_feature_store_V1.5.py
deploy,E:\football_v\00_SYSTEM_TOOLS\Module_Deployment_Tool\modules\deploy_feature_store_V1.5.py
create_dir,E:\football_v\00_SYSTEM_TOOLS\Module_Deployment_Tool\modules\deploy_feature_store_V1.6.py
write_file,E:\football_v\00_SYSTEM_TOOLS\Module_Deployment_Tool\modules\deploy_feature_store_V1.6.py
write_json,E:\football_v\00_SYSTEM_TOOLS\Module_Deployment_Tool\modules\deploy_feature_store_V1.6.py
deploy,E:\football_v\00_SYSTEM_TOOLS\Module_Deployment_Tool\modules\deploy_feature_store_V1.6.py
create_dir,E:\football_v\00_SYSTEM_TOOLS\Module_Deployment_Tool\modules\deploy_feature_store_V1.7.py
write_file,E:\football_v\00_SYSTEM_TOOLS\Module_Deployment_Tool\modules\deploy_feature_store_V1.7.py
write_json,E:\football_v\00_SYSTEM_TOOLS\Module_Deployment_Tool\modules\deploy_feature_store_V1.7.py
deploy,E:\football_v\00_SYSTEM_TOOLS\Module_Deployment_Tool\modules\deploy_feature_store_V1.7.py
create_dir,E:\football_v\00_SYSTEM_TOOLS\Module_Deployment_Tool\modules\deploy_feature_store_V1.8.py
write_file,E:\football_v\00_SYSTEM_TOOLS\Module_Deployment_Tool\modules\deploy_feature_store_V1.8.py
write_json,E:\football_v\00_SYSTEM_TOOLS\Module_Deployment_Tool\modules\deploy_feature_store_V1.8.py
deploy,E:\football_v\00_SYSTEM_TOOLS\Module_Deployment_Tool\modules\deploy_feature_store_V1.8.py
create_dir,E:\football_v\00_SYSTEM_TOOLS\Module_Deployment_Tool\modules\deploy_feature_store_V1.9.py
write_file,E:\football_v\00_SYSTEM_TOOLS\Module_Deployment_Tool\modules\deploy_feature_store_V1.9.py
write_json,E:\football_v\00_SYSTEM_TOOLS\Module_Deployment_Tool\modules\deploy_feature_store_V1.9.py
deploy,E:\football_v\00_SYSTEM_TOOLS\Module_Deployment_Tool\modules\deploy_feature_store_V1.9.py
create_dir,E:\football_v\00_SYSTEM_TOOLS\Module_Deployment_Tool\modules\deploy_feature_store_V2.0.py
write_file,E:\football_v\00_SYSTEM_TOOLS\Module_Deployment_Tool\modules\deploy_feature_store_V2.0.py
write_json,E:\football_v\00_SYSTEM_TOOLS\Module_Deployment_Tool\modules\deploy_feature_store_V2.0.py
deploy,E:\football_v\00_SYSTEM_TOOLS\Module_Deployment_Tool\modules\deploy_feature_store_V2.0.py
create_dir,E:\football_v\00_SYSTEM_TOOLS\Module_Deployment_Tool\modules\deploy_feature_store_V2.1.py
write_file,E:\football_v\00_SYSTEM_TOOLS\Module_Deployment_Tool\modules\deploy_feature_store_V2.1.py
write_json,E:\football_v\00_SYSTEM_TOOLS\Module_Deployment_Tool\modules\deploy_feature_store_V2.1.py
deploy,E:\football_v\00_SYSTEM_TOOLS\Module_Deployment_Tool\modules\deploy_feature_store_V2.1.py
create_dir,E:\football_v\00_SYSTEM_TOOLS\Module_Deployment_Tool\modules\deploy_feature_store_V2.2.py
write_file,E:\football_v\00_SYSTEM_TOOLS\Module_Deployment_Tool\modules\deploy_feature_store_V2.2.py
write_json,E:\football_v\00_SYSTEM_TOOLS\Module_Deployment_Tool\modules\deploy_feature_store_V2.2.py
deploy,E:\football_v\00_SYSTEM_TOOLS\Module_Deployment_Tool\modules\deploy_feature_store_V2.2.py
create_dir,E:\football_v\00_SYSTEM_TOOLS\Module_Deployment_Tool\modules\deploy_feature_store_V2.3.py
write_file,E:\football_v\00_SYSTEM_TOOLS\Module_Deployment_Tool\modules\deploy_feature_store_V2.3.py
write_json,E:\football_v\00_SYSTEM_TOOLS\Module_Deployment_Tool\modules\deploy_feature_store_V2.3.py
deploy,E:\football_v\00_SYSTEM_TOOLS\Module_Deployment_Tool\modules\deploy_feature_store_V2.3.py
create_dir,E:\football_v\00_SYSTEM_TOOLS\Module_Deployment_Tool\modules\deploy_feature_store_V2.4_V2.6.py
write_file,E:\football_v\00_SYSTEM_TOOLS\Module_Deployment_Tool\modules\deploy_feature_store_V2.4_V2.6.py
write_json,E:\football_v\00_SYSTEM_TOOLS\Module_Deployment_Tool\modules\deploy_feature_store_V2.4_V2.6.py
deploy,E:\football_v\00_SYSTEM_TOOLS\Module_Deployment_Tool\modules\deploy_feature_store_V2.4_V2.6.py
create_dir,E:\football_v\00_SYSTEM_TOOLS\Module_Deployment_Tool\modules\deploy_feature_store_V2.7_V3.0.py
write_file,E:\football_v\00_SYSTEM_TOOLS\Module_Deployment_Tool\modules\deploy_feature_store_V2.7_V3.0.py
write_json,E:\football_v\00_SYSTEM_TOOLS\Module_Deployment_Tool\modules\deploy_feature_store_V2.7_V3.0.py
deploy,E:\football_v\00_SYSTEM_TOOLS\Module_Deployment_Tool\modules\deploy_feature_store_V2.7_V3.0.py
create_dir,E:\football_v\00_SYSTEM_TOOLS\Module_Deployment_Tool\modules\deploy_model_layer_V1.0_V1.3.py
write_file,E:\football_v\00_SYSTEM_TOOLS\Module_Deployment_Tool\modules\deploy_model_layer_V1.0_V1.3.py
write_json,E:\football_v\00_SYSTEM_TOOLS\Module_Deployment_Tool\modules\deploy_model_layer_V1.0_V1.3.py
deploy,E:\football_v\00_SYSTEM_TOOLS\Module_Deployment_Tool\modules\deploy_model_layer_V1.0_V1.3.py
add_test,E:\football_v\00_SYSTEM_TOOLS\Module_Deployment_Tool\modules\deploy_module_deployment_tool_test_V1.1.py
load_module,E:\football_v\00_SYSTEM_TOOLS\Module_Deployment_Tool\modules\deploy_module_deployment_tool_test_V1.1.py
add,E:\football_v\00_SYSTEM_TOOLS\Module_Deployment_Tool\modules\deploy_prediction_engine_batch_test_V1.0.py
load,E:\football_v\00_SYSTEM_TOOLS\Module_Deployment_Tool\modules\deploy_prediction_engine_batch_test_V1.0.py
create_dir,E:\football_v\00_SYSTEM_TOOLS\Module_Deployment_Tool\modules\deploy_prediction_engine_V1.0_V1.3.py
write_file,E:\football_v\00_SYSTEM_TOOLS\Module_Deployment_Tool\modules\deploy_prediction_engine_V1.0_V1.3.py
write_json,E:\football_v\00_SYSTEM_TOOLS\Module_Deployment_Tool\modules\deploy_prediction_engine_V1.0_V1.3.py
deploy,E:\football_v\00_SYSTEM_TOOLS\Module_Deployment_Tool\modules\deploy_prediction_engine_V1.0_V1.3.py
add_test,E:\football_v\00_SYSTEM_TOOLS\Module_Deployment_Tool\modules\deploy_prediction_intelligence_test_V1.0.py
load_module,E:\football_v\00_SYSTEM_TOOLS\Module_Deployment_Tool\modules\deploy_prediction_intelligence_test_V1.0.py
check_files,E:\football_v\01_Data_Source\acceptance\acceptance_check.py
generate_report,E:\football_v\01_Data_Source\acceptance\acceptance_check.py
__init__,E:\football_v\01_Data_Source\download\data_downloader.py
load_history,E:\football_v\01_Data_Source\download\data_downloader.py
calculate_hash,E:\football_v\01_Data_Source\download\data_downloader.py
scan_files,E:\football_v\01_Data_Source\download\data_downloader.py
record,E:\football_v\01_Data_Source\download\data_downloader.py
save,E:\football_v\01_Data_Source\download\data_downloader.py
__init__,E:\football_v\01_Data_Source\monitor\source_monitor.py
load_registry,E:\football_v\01_Data_Source\monitor\source_monitor.py
check_download_folder,E:\football_v\01_Data_Source\monitor\source_monitor.py
run,E:\football_v\01_Data_Source\monitor\source_monitor.py
save,E:\football_v\01_Data_Source\monitor\source_monitor.py
__init__,E:\football_v\01_Data_Source\pipeline\source_scanner.py
scan,E:\football_v\01_Data_Source\pipeline\source_scanner.py
validate,E:\football_v\01_Data_Source\pipeline\source_validator.py
load_registry,E:\football_v\01_Data_Source\registry\source_registry.py
list_sources,E:\football_v\01_Data_Source\registry\source_registry.py
get_source,E:\football_v\01_Data_Source\registry\source_registry.py
source_summary,E:\football_v\01_Data_Source\registry\source_registry.py
scan_raw,E:\football_v\02_Data_Platform\data_loader\data_loader.py
load_report,E:\football_v\02_Data_Platform\data_loader\data_loader.py
__init__,E:\football_v\02_Data_Platform\data_loader\engine\loader_engine.py
scan,E:\football_v\02_Data_Platform\data_loader\engine\loader_engine.py
report,E:\football_v\02_Data_Platform\data_loader\engine\loader_engine.py
load_csv,E:\football_v\02_Data_Platform\data_loader\formats\csv_loader.py
__init__,E:\football_v\02_Data_Platform\data_manager\dataset_manager.py
get_datasets,E:\football_v\02_Data_Platform\data_manager\dataset_manager.py
__init__,E:\football_v\02_Data_Platform\data_manager\dataset_registry.py
create,E:\football_v\02_Data_Platform\data_manager\dataset_registry.py
load,E:\football_v\02_Data_Platform\data_manager\dataset_registry.py
__init__,E:\football_v\02_Data_Platform\data_manager\data_manager.py
status,E:\football_v\02_Data_Platform\data_manager\data_manager.py
__init__,E:\football_v\02_Data_Platform\integration\platform_bootstrap.py
check_file,E:\football_v\02_Data_Platform\integration\platform_bootstrap.py
health_check,E:\football_v\02_Data_Platform\integration\platform_bootstrap.py
__init__,E:\football_v\02_Data_Platform\metadata\metadata_manager.py
load,E:\football_v\02_Data_Platform\metadata\metadata_manager.py
list_datasets,E:\football_v\02_Data_Platform\metadata\metadata_manager.py
status,E:\football_v\02_Data_Platform\metadata\metadata_manager.py
validate,E:\football_v\02_Data_Platform\metadata\metadata_schema.py
__init__,E:\football_v\02_Data_Platform\metadata\lineage\data_lineage.py
create,E:\football_v\02_Data_Platform\metadata\lineage\data_lineage.py
load,E:\football_v\02_Data_Platform\metadata\lineage\data_lineage.py
register,E:\football_v\02_Data_Platform\metadata\lineage\data_lineage.py
status,E:\football_v\02_Data_Platform\metadata\lineage\data_lineage.py
__init__,E:\football_v\02_Data_Platform\pipeline\data_pipeline.py
run,E:\football_v\02_Data_Platform\pipeline\data_pipeline.py
__init__,E:\football_v\02_Data_Platform\raw\raw_manager.py
execute,E:\football_v\02_Data_Platform\raw\raw_manager.py
load,E:\football_v\02_Data_Platform\raw\raw_registry.py
register,E:\football_v\02_Data_Platform\raw\raw_registry.py
__init__,E:\football_v\02_Data_Platform\raw\raw_scanner.py
scan,E:\football_v\02_Data_Platform\raw\raw_scanner.py
load,E:\football_v\02_Data_Platform\registry\data_platform_registry.py
save,E:\football_v\02_Data_Platform\registry\data_platform_registry.py
activate,E:\football_v\02_Data_Platform\registry\data_platform_registry.py
scan_folder,E:\football_v\02_Data_Platform\storage_engine\storage_manager.py
build_registry,E:\football_v\02_Data_Platform\storage_engine\storage_manager.py
score,E:\football_v\03_MODEL_LAYER\confidence_model\confidence_engine_V2.0.py
predict,E:\football_v\03_MODEL_LAYER\fusion_engine\fusion_engine_V2.3.py
score,E:\football_v\03_MODEL_LAYER\market_model\market_value_model_V1.0.py
score,E:\football_v\03_MODEL_LAYER\risk_model\risk_engine_V2.0.py
__init__,E:\football_v\04_Data_Processing_AI\data_intelligence_engine\data_intelligence_engine.py
analyze,E:\football_v\04_Data_Processing_AI\data_intelligence_engine\data_intelligence_engine.py
route,E:\football_v\04_Data_Processing_AI\data_intelligence_engine\data_router.py
select,E:\football_v\04_Data_Processing_AI\data_intelligence_engine\feature_selector.py
process,E:\football_v\04_Data_Processing_AI\data_intelligence_engine\intelligence_service.py
available_models,E:\football_v\04_Data_Processing_AI\data_intelligence_engine\model_interface.py
analyze,E:\football_v\04_Data_Processing_AI\dynamic_feature_weight_engine\feature_weight_manager.py
list_models,E:\football_v\04_Data_Processing_AI\dynamic_feature_weight_engine\model_weight_manager.py
calculate_model_weight,E:\football_v\04_Data_Processing_AI\dynamic_feature_weight_engine\weight_calculator.py
calculate,E:\football_v\04_Data_Processing_AI\dynamic_feature_weight_engine\weight_engine.py
prepare,E:\football_v\04_Data_Processing_AI\feature_store\backtest_dataset_manager.py
__init__,E:\football_v\04_Data_Processing_AI\feature_store\database_connection_pool.py
acquire,E:\football_v\04_Data_Processing_AI\feature_store\database_connection_pool.py
release,E:\football_v\04_Data_Processing_AI\feature_store\database_connection_pool.py
__init__,E:\football_v\04_Data_Processing_AI\feature_store\database_connector.py
connect,E:\football_v\04_Data_Processing_AI\feature_store\database_connector.py
close,E:\football_v\04_Data_Processing_AI\feature_store\database_connector.py
check,E:\football_v\04_Data_Processing_AI\feature_store\database_health_monitor.py
get_version,E:\football_v\04_Data_Processing_AI\feature_store\database_migration_manager.py
migrate,E:\football_v\04_Data_Processing_AI\feature_store\database_migration_manager.py
split,E:\football_v\04_Data_Processing_AI\feature_store\dataset_split_manager.py
can_promote,E:\football_v\04_Data_Processing_AI\feature_store\data_promotion_service.py
get_sources,E:\football_v\04_Data_Processing_AI\feature_store\data_source_registry.py
calculate,E:\football_v\04_Data_Processing_AI\feature_store\elo_history_feature_engine.py
list_environments,E:\football_v\04_Data_Processing_AI\feature_store\environment_manager.py
check_environment,E:\football_v\04_Data_Processing_AI\feature_store\environment_manager.py
detect,E:\football_v\04_Data_Processing_AI\feature_store\feature_anomaly_detector.py
get_feature,E:\football_v\04_Data_Processing_AI\feature_store\feature_api_service.py
log,E:\football_v\04_Data_Processing_AI\feature_store\feature_audit_logger.py
generate,E:\football_v\04_Data_Processing_AI\feature_store\feature_auto_generator.py
__init__,E:\football_v\04_Data_Processing_AI\feature_store\feature_cache_manager.py
set,E:\football_v\04_Data_Processing_AI\feature_store\feature_cache_manager.py
get,E:\football_v\04_Data_Processing_AI\feature_store\feature_cache_manager.py
build,E:\football_v\04_Data_Processing_AI\feature_store\feature_context_builder.py
create,E:\football_v\04_Data_Processing_AI\feature_store\feature_crud_service.py
read,E:\football_v\04_Data_Processing_AI\feature_store\feature_crud_service.py
update,E:\football_v\04_Data_Processing_AI\feature_store\feature_crud_service.py
delete,E:\football_v\04_Data_Processing_AI\feature_store\feature_crud_service.py
__init__,E:\football_v\04_Data_Processing_AI\feature_store\feature_database_connector.py
connect,E:\football_v\04_Data_Processing_AI\feature_store\feature_database_connector.py
check,E:\football_v\04_Data_Processing_AI\feature_store\feature_database_health_check.py
__init__,E:\football_v\04_Data_Processing_AI\feature_store\feature_database_reader.py
connect,E:\football_v\04_Data_Processing_AI\feature_store\feature_database_reader.py
__init__,E:\football_v\04_Data_Processing_AI\feature_store\feature_database_service.py
check_database,E:\football_v\04_Data_Processing_AI\feature_store\feature_database_service.py
connect,E:\football_v\04_Data_Processing_AI\feature_store\feature_database_service.py
__init__,E:\football_v\04_Data_Processing_AI\feature_store\feature_database_session.py
connect,E:\football_v\04_Data_Processing_AI\feature_store\feature_database_session.py
build,E:\football_v\04_Data_Processing_AI\feature_store\feature_dataset_builder.py
build,E:\football_v\04_Data_Processing_AI\feature_store\feature_dataset_builder_v2.py
export,E:\football_v\04_Data_Processing_AI\feature_store\feature_dataset_exporter.py
generate,E:\football_v\04_Data_Processing_AI\feature_store\feature_dataset_generator.py
report,E:\football_v\04_Data_Processing_AI\feature_store\feature_dataset_reporter.py
validate,E:\football_v\04_Data_Processing_AI\feature_store\feature_dataset_schema_validator.py
version,E:\football_v\04_Data_Processing_AI\feature_store\feature_dataset_version_manager.py
ingest,E:\football_v\04_Data_Processing_AI\feature_store\feature_data_ingestion.py
load,E:\football_v\04_Data_Processing_AI\feature_store\feature_data_loader.py
detect,E:\football_v\04_Data_Processing_AI\feature_store\feature_drift_detector.py
generate,E:\football_v\04_Data_Processing_AI\feature_store\feature_feature_generator.py
optimize,E:\football_v\04_Data_Processing_AI\feature_store\feature_feedback_optimizer.py
analyze,E:\football_v\04_Data_Processing_AI\feature_store\feature_importance_analyzer.py
schedule,E:\football_v\04_Data_Processing_AI\feature_store\feature_ingestion_scheduler.py
create_interaction,E:\football_v\04_Data_Processing_AI\feature_store\feature_interaction_engine.py
track,E:\football_v\04_Data_Processing_AI\feature_store\feature_lineage_tracker.py
load,E:\football_v\04_Data_Processing_AI\feature_store\feature_loader.py
load,E:\football_v\04_Data_Processing_AI\feature_store\feature_loader_service.py
__init__,E:\football_v\04_Data_Processing_AI\feature_store\feature_match_reader.py
read_json,E:\football_v\04_Data_Processing_AI\feature_store\feature_match_reader.py
get_common_features,E:\football_v\04_Data_Processing_AI\feature_store\feature_model_adapter.py
get_elo_features,E:\football_v\04_Data_Processing_AI\feature_store\feature_model_adapter.py
get_poisson_features,E:\football_v\04_Data_Processing_AI\feature_store\feature_model_adapter.py
get_xgb_features,E:\football_v\04_Data_Processing_AI\feature_store\feature_model_adapter.py
prepare,E:\football_v\04_Data_Processing_AI\feature_store\feature_model_interface.py
list_models,E:\football_v\04_Data_Processing_AI\feature_store\feature_model_registry.py
optimize,E:\football_v\04_Data_Processing_AI\feature_store\feature_optimizer.py
mine,E:\football_v\04_Data_Processing_AI\feature_store\feature_pattern_miner.py
__init__,E:\football_v\04_Data_Processing_AI\feature_store\feature_pipeline.py
run,E:\football_v\04_Data_Processing_AI\feature_store\feature_pipeline.py
__init__,E:\football_v\04_Data_Processing_AI\feature_store\feature_pipeline_runner.py
run,E:\football_v\04_Data_Processing_AI\feature_store\feature_pipeline_runner.py
create,E:\football_v\04_Data_Processing_AI\feature_store\feature_probability_schema.py
monitor,E:\football_v\04_Data_Processing_AI\feature_store\feature_quality_monitor.py
report,E:\football_v\04_Data_Processing_AI\feature_store\feature_quality_reporter.py
get_rules,E:\football_v\04_Data_Processing_AI\feature_store\feature_quality_rules.py
recent_matches,E:\football_v\04_Data_Processing_AI\feature_store\feature_query_engine.py
query_team_feature,E:\football_v\04_Data_Processing_AI\feature_store\feature_query_service.py
reduce,E:\football_v\04_Data_Processing_AI\feature_store\feature_reduction_engine.py
route,E:\football_v\04_Data_Processing_AI\feature_store\feature_request_router.py
format,E:\football_v\04_Data_Processing_AI\feature_store\feature_response_formatter.py
__init__,E:\football_v\04_Data_Processing_AI\feature_store\feature_schema.py
load,E:\football_v\04_Data_Processing_AI\feature_store\feature_schema.py
select,E:\football_v\04_Data_Processing_AI\feature_store\feature_selector_ai.py
load_features,E:\football_v\04_Data_Processing_AI\feature_store\feature_service.py
check,E:\football_v\04_Data_Processing_AI\feature_store\feature_service_health.py
create_snapshot,E:\football_v\04_Data_Processing_AI\feature_store\feature_snapshot_manager.py
__init__,E:\football_v\04_Data_Processing_AI\feature_store\feature_store.py
status,E:\football_v\04_Data_Processing_AI\feature_store\feature_store.py
__init__,E:\football_v\04_Data_Processing_AI\feature_store\feature_table_mapper.py
convert,E:\football_v\04_Data_Processing_AI\feature_store\feature_table_mapper.py
validate_time_order,E:\football_v\04_Data_Processing_AI\feature_store\feature_time_series_manager.py
validate,E:\football_v\04_Data_Processing_AI\feature_store\feature_validation_service.py
validate,E:\football_v\04_Data_Processing_AI\feature_store\feature_validator.py
__init__,E:\football_v\04_Data_Processing_AI\feature_store\feature_version_manager.py
get_version,E:\football_v\04_Data_Processing_AI\feature_store\feature_version_manager.py
register_feature,E:\football_v\04_Data_Processing_AI\feature_store\feature_version_manager.py
build,E:\football_v\04_Data_Processing_AI\feature_store\historical_feature_builder.py
__init__,E:\football_v\04_Data_Processing_AI\feature_store\historical_feature_database.py
connect,E:\football_v\04_Data_Processing_AI\feature_store\historical_feature_database.py
list_features,E:\football_v\04_Data_Processing_AI\feature_store\historical_feature_registry.py
save_feature,E:\football_v\04_Data_Processing_AI\feature_store\historical_feature_repository.py
load_feature,E:\football_v\04_Data_Processing_AI\feature_store\historical_feature_repository.py
save,E:\football_v\04_Data_Processing_AI\feature_store\historical_feature_repository_v2.py
query,E:\football_v\04_Data_Processing_AI\feature_store\historical_feature_repository_v2.py
list_tables,E:\football_v\04_Data_Processing_AI\feature_store\historical_feature_table_creator.py
calculate,E:\football_v\04_Data_Processing_AI\feature_store\home_away_feature_engine.py
learn,E:\football_v\04_Data_Processing_AI\feature_store\intelligent_feature_store.py
collect,E:\football_v\04_Data_Processing_AI\feature_store\model_feedback_collector.py
export,E:\football_v\04_Data_Processing_AI\feature_store\model_training_exporter.py
analyze,E:\football_v\04_Data_Processing_AI\feature_store\prediction_error_analyzer.py
check,E:\football_v\04_Data_Processing_AI\feature_store\production_release_checker.py
calculate,E:\football_v\04_Data_Processing_AI\feature_store\team_form_feature_engine.py
build,E:\football_v\04_Data_Processing_AI\feature_store\training_dataset_builder.py
check,E:\football_v\04_Data_Processing_AI\feature_store\validation_dataset_checker.py
switch,E:\football_v\04_Data_Processing_AI\feature_store\validation_production_switch.py
transform,E:\football_v\04_Data_Processing_AI\feature_store\adapters\dixon_coles_adapter.py
get_dixon_coles_features,E:\football_v\04_Data_Processing_AI\feature_store\adapters\dixon_coles_feature_adapter.py
transform,E:\football_v\04_Data_Processing_AI\feature_store\adapters\elo_adapter.py
get_elo_features,E:\football_v\04_Data_Processing_AI\feature_store\adapters\elo_feature_adapter.py
transform,E:\football_v\04_Data_Processing_AI\feature_store\adapters\fusion_adapter.py
combine,E:\football_v\04_Data_Processing_AI\feature_store\adapters\fusion_feature_adapter.py
transform,E:\football_v\04_Data_Processing_AI\feature_store\adapters\poisson_adapter.py
get_poisson_features,E:\football_v\04_Data_Processing_AI\feature_store\adapters\poisson_feature_adapter.py
transform,E:\football_v\04_Data_Processing_AI\feature_store\adapters\xgboost_adapter.py
get_xgb_features,E:\football_v\04_Data_Processing_AI\feature_store\adapters\xgboost_feature_adapter.py
test,E:\football_v\04_Data_Processing_AI\feature_store\tests\ai_feature_dataset_test.py
test,E:\football_v\04_Data_Processing_AI\feature_store\tests\environment_flow_test.py
test,E:\football_v\04_Data_Processing_AI\feature_store\tests\feature_database_health_test.py
test,E:\football_v\04_Data_Processing_AI\feature_store\tests\feature_database_integration_test.py
test,E:\football_v\04_Data_Processing_AI\feature_store\tests\feature_dataset_generation_test.py
test,E:\football_v\04_Data_Processing_AI\feature_store\tests\feature_ingestion_test.py
test,E:\football_v\04_Data_Processing_AI\feature_store\tests\feature_store_data_test.py
test,E:\football_v\04_Data_Processing_AI\feature_store\tests\feature_store_pipeline_test.py
test,E:\football_v\04_Data_Processing_AI\feature_store\tests\feature_store_test.py
test,E:\football_v\04_Data_Processing_AI\feature_store\tests\feature_store_v2.6_full_test.py
test,E:\football_v\04_Data_Processing_AI\feature_store\tests\historical_feature_database_test.py
test,E:\football_v\04_Data_Processing_AI\feature_store\tests\historical_feature_store_test.py
test,E:\football_v\04_Data_Processing_AI\feature_store\tests\model_feature_adapter_test.py
test,E:\football_v\04_Data_Processing_AI\feature_store\tests\postgres_runtime_test.py
test,E:\football_v\04_Data_Processing_AI\feature_store\tests\training_dataset_pipeline_test.py
decide,E:\football_v\05_AI_Intelligence_Layer\FUSION_DECISION_ENGINE\decision_manager.py
combine,E:\football_v\05_AI_Intelligence_Layer\FUSION_DECISION_ENGINE\fusion_engine.py
train,E:\football_v\05_AI_Intelligence_Layer\MODEL_ADAPTER_FRAMEWORK\adapter_base.py
predict,E:\football_v\05_AI_Intelligence_Layer\MODEL_ADAPTER_FRAMEWORK\adapter_base.py
evaluate,E:\football_v\05_AI_Intelligence_Layer\MODEL_ADAPTER_FRAMEWORK\adapter_base.py
add,E:\football_v\05_AI_Intelligence_Layer\MODEL_ADAPTER_FRAMEWORK\adapter_manager.py
analyze,E:\football_v\05_AI_Intelligence_Layer\MODEL_EVALUATION_ENGINE\error_analyzer.py
evaluate,E:\football_v\05_AI_Intelligence_Layer\MODEL_EVALUATION_ENGINE\evaluator.py
catalog,E:\football_v\05_AI_Intelligence_Layer\MODEL_REGISTRY\model_catalog.py
__init__,E:\football_v\05_AI_Intelligence_Layer\MODEL_REGISTRY\model_registry.py
register,E:\football_v\05_AI_Intelligence_Layer\MODEL_REGISTRY\model_registry.py
list_models,E:\football_v\05_AI_Intelligence_Layer\MODEL_REGISTRY\model_registry.py
status,E:\football_v\05_AI_Intelligence_Layer\MODEL_REGISTRY\model_status_manager.py
get_version,E:\football_v\05_AI_Intelligence_Layer\MODEL_REGISTRY\model_version_manager.py
save,E:\football_v\05_AI_Intelligence_Layer\SELF_REFLECTION_ENGINE\experience_manager.py
reflect,E:\football_v\05_AI_Intelligence_Layer\SELF_REFLECTION_ENGINE\reflection_engine.py
get_features,E:\football_v\05_MODEL_AI\MODEL_LAYER\feature_store_connector.py
train,E:\football_v\05_MODEL_AI\MODEL_LAYER\model_interface.py
predict,E:\football_v\05_MODEL_AI\MODEL_LAYER\model_interface.py
evaluate,E:\football_v\05_MODEL_AI\MODEL_LAYER\model_interface.py
save,E:\football_v\05_MODEL_AI\MODEL_LAYER\model_interface.py
load,E:\football_v\05_MODEL_AI\MODEL_LAYER\model_interface.py
load_model,E:\football_v\05_MODEL_AI\MODEL_LAYER\model_loader.py
__init__,E:\football_v\05_MODEL_AI\MODEL_LAYER\model_registry.py
register,E:\football_v\05_MODEL_AI\MODEL_LAYER\model_registry.py
get,E:\football_v\05_MODEL_AI\MODEL_LAYER\model_registry.py
list_models,E:\football_v\05_MODEL_AI\MODEL_LAYER\model_registry.py
__init__,E:\football_v\05_MODEL_AI\MODEL_LAYER\model_runtime.py
start,E:\football_v\05_MODEL_AI\MODEL_LAYER\model_runtime.py
stop,E:\football_v\05_MODEL_AI\MODEL_LAYER\model_runtime.py
run,E:\football_v\05_MODEL_AI\MODEL_LAYER\backtest\backtest_engine.py
generate,E:\football_v\05_MODEL_AI\MODEL_LAYER\backtest\model_accuracy_report.py
record,E:\football_v\05_MODEL_AI\MODEL_LAYER\backtest\prediction_tracker.py
calculate,E:\football_v\05_MODEL_AI\MODEL_LAYER\backtest\roi_analyzer.py
__init__,E:\football_v\05_MODEL_AI\MODEL_LAYER\fusion\fusion_engine.py
fuse,E:\football_v\05_MODEL_AI\MODEL_LAYER\fusion\fusion_engine.py
normalize,E:\football_v\05_MODEL_AI\MODEL_LAYER\fusion\probability_calculator.py
__init__,E:\football_v\05_MODEL_AI\MODEL_LAYER\models\dixon_coles_model.py
train,E:\football_v\05_MODEL_AI\MODEL_LAYER\models\dixon_coles_model.py
predict,E:\football_v\05_MODEL_AI\MODEL_LAYER\models\dixon_coles_model.py
__init__,E:\football_v\05_MODEL_AI\MODEL_LAYER\models\elo_model.py
train,E:\football_v\05_MODEL_AI\MODEL_LAYER\models\elo_model.py
predict,E:\football_v\05_MODEL_AI\MODEL_LAYER\models\elo_model.py
__init__,E:\football_v\05_MODEL_AI\MODEL_LAYER\models\poisson_model.py
train,E:\football_v\05_MODEL_AI\MODEL_LAYER\models\poisson_model.py
predict,E:\football_v\05_MODEL_AI\MODEL_LAYER\models\poisson_model.py
__init__,E:\football_v\05_MODEL_AI\MODEL_LAYER\models\xgboost_model.py
train,E:\football_v\05_MODEL_AI\MODEL_LAYER\models\xgboost_model.py
predict,E:\football_v\05_MODEL_AI\MODEL_LAYER\models\xgboost_model.py
calculate,E:\football_v\06_PREDICTION_ENGINE\confidence_calculator.py
rank,E:\football_v\06_PREDICTION_ENGINE\correct_score_calculator.py
top_scores,E:\football_v\06_PREDICTION_ENGINE\correct_score_calculator.py
poisson,E:\football_v\06_PREDICTION_ENGINE\goal_distribution.py
generate,E:\football_v\06_PREDICTION_ENGINE\goal_distribution.py
compare,E:\football_v\06_PREDICTION_ENGINE\market_probability_compare.py
predict,E:\football_v\06_PREDICTION_ENGINE\prediction_interface.py
generate_report,E:\football_v\06_PREDICTION_ENGINE\prediction_interface.py
__init__,E:\football_v\06_PREDICTION_ENGINE\prediction_registry.py
register,E:\football_v\06_PREDICTION_ENGINE\prediction_registry.py
get,E:\football_v\06_PREDICTION_ENGINE\prediction_registry.py
list,E:\football_v\06_PREDICTION_ENGINE\prediction_registry.py
__init__,E:\football_v\06_PREDICTION_ENGINE\prediction_runtime.py
start,E:\football_v\06_PREDICTION_ENGINE\prediction_runtime.py
stop,E:\football_v\06_PREDICTION_ENGINE\prediction_runtime.py
health_check,E:\football_v\06_PREDICTION_ENGINE\prediction_runtime.py
__init__,E:\football_v\06_PREDICTION_ENGINE\prediction_service.py
predict,E:\football_v\06_PREDICTION_ENGINE\prediction_service.py
status,E:\football_v\06_PREDICTION_ENGINE\prediction_service.py
calibrate,E:\football_v\06_PREDICTION_ENGINE\probability_calibrator.py
__init__,E:\football_v\06_PREDICTION_ENGINE\probability_engine.py
calculate,E:\football_v\06_PREDICTION_ENGINE\probability_engine.py
compare_market,E:\football_v\06_PREDICTION_ENGINE\probability_engine.py
analyze,E:\football_v\06_PREDICTION_ENGINE\risk_engine.py
__init__,E:\football_v\06_PREDICTION_ENGINE\score_prediction_engine.py
predict,E:\football_v\06_PREDICTION_ENGINE\score_prediction_engine.py
calculate,E:\football_v\06_PREDICTION_ENGINE\value_analyzer.py
list_models,E:\football_v\06_PREDICTION_INTELLIGENCE_ENGINE\advanced_model_connector\connector_manager.py
connect,E:\football_v\06_PREDICTION_INTELLIGENCE_ENGINE\advanced_model_connector\dixon_coles_connector.py
connect,E:\football_v\06_PREDICTION_INTELLIGENCE_ENGINE\advanced_model_connector\elo_connector.py
connect,E:\football_v\06_PREDICTION_INTELLIGENCE_ENGINE\advanced_model_connector\poisson_connector.py
connect,E:\football_v\06_PREDICTION_INTELLIGENCE_ENGINE\advanced_model_connector\xgboost_connector.py
calibrate,E:\football_v\06_PREDICTION_INTELLIGENCE_ENGINE\confidence_calibration\calibration_engine.py
check,E:\football_v\06_PREDICTION_INTELLIGENCE_ENGINE\confidence_calibration\reliability.py
calculate,E:\football_v\06_PREDICTION_INTELLIGENCE_ENGINE\confidence_engine\confidence_manager.py
calculate,E:\football_v\06_PREDICTION_INTELLIGENCE_ENGINE\knockout_extension\knockout_engine.py
connect,E:\football_v\06_PREDICTION_INTELLIGENCE_ENGINE\model_connector\model_connector.py
request,E:\football_v\06_PREDICTION_INTELLIGENCE_ENGINE\prediction_api\api_service.py
calculate,E:\football_v\06_PREDICTION_INTELLIGENCE_ENGINE\probability_engine\probability_fusion.py
calculate,E:\football_v\06_PREDICTION_INTELLIGENCE_ENGINE\real_probability_engine\fusion_calculator.py
run,E:\football_v\06_PREDICTION_INTELLIGENCE_ENGINE\real_probability_engine\probability_service.py
predict,E:\football_v\06_PREDICTION_INTELLIGENCE_ENGINE\regular_time_prediction\prediction_engine.py
evaluate,E:\football_v\06_PREDICTION_INTELLIGENCE_ENGINE\risk_engine\risk_manager.py
analyze,E:\football_v\06_PREDICTION_INTELLIGENCE_ENGINE\risk_intelligence_engine\model_conflict.py
detect,E:\football_v\06_PREDICTION_INTELLIGENCE_ENGINE\risk_intelligence_engine\upset_detector.py
predict,E:\football_v\06_PREDICTION_INTELLIGENCE_ENGINE\score_prediction\score_predictor.py
calculate,E:\football_v\06_PREDICTION_INTELLIGENCE_ENGINE\score_probability_engine\score_distribution.py
run,E:\football_v\06_PREDICTION_INTELLIGENCE_ENGINE\score_probability_engine\score_service.py
process,E:\football_v\07_AI_ORCHESTRATION_LAYER\data_pipeline\feature_pipeline.py
load,E:\football_v\07_AI_ORCHESTRATION_LAYER\data_pipeline\input_manager.py
output,E:\football_v\07_AI_ORCHESTRATION_LAYER\data_pipeline\output_pipeline.py
decide,E:\football_v\07_AI_ORCHESTRATION_LAYER\decision_interface\decision_service.py
receive,E:\football_v\07_AI_ORCHESTRATION_LAYER\learning_hook\backup_feedback_receiver_V1.0.py
connect,E:\football_v\07_AI_ORCHESTRATION_LAYER\learning_hook\experience_connector.py
select,E:\football_v\07_AI_ORCHESTRATION_LAYER\model_router\model_selector.py
route,E:\football_v\07_AI_ORCHESTRATION_LAYER\model_router\router.py
execute,E:\football_v\07_AI_ORCHESTRATION_LAYER\orchestration_core\orchestrator.py
run,E:\football_v\07_AI_ORCHESTRATION_LAYER\orchestration_core\pipeline_manager.py
schedule,E:\football_v\07_AI_ORCHESTRATION_LAYER\orchestration_core\task_scheduler.py
generate,E:\football_v\07_AI_ORCHESTRATION_LAYER\report_engine\report_generator.py
check,E:\football_v\07_AI_ORCHESTRATION_LAYER\workflow_monitor\monitor.py
track,E:\football_v\07_AI_ORCHESTRATION_LAYER\workflow_monitor\status_tracker.py
calculate,E:\football_v\07_BACKTEST_AI\accuracy_evaluator.py
evaluate,E:\football_v\07_BACKTEST_AI\backtest_engine.py
run,E:\football_v\07_BACKTEST_AI\backtest_engine.py
__init__,E:\football_v\07_BACKTEST_AI\backtest_runner.py
execute,E:\football_v\07_BACKTEST_AI\backtest_runner.py
analyze,E:\football_v\07_BACKTEST_AI\betting_result_analyzer.py
win_rate,E:\football_v\07_BACKTEST_AI\betting_result_analyzer.py
evaluate,E:\football_v\07_BACKTEST_AI\confidence_evaluator.py
score,E:\football_v\07_BACKTEST_AI\confidence_evaluator.py
analyze,E:\football_v\07_BACKTEST_AI\feature_feedback.py
suggest,E:\football_v\07_BACKTEST_AI\feature_feedback.py
load,E:\football_v\07_BACKTEST_AI\historical_match_loader.py
count,E:\football_v\07_BACKTEST_AI\historical_match_loader.py
analyze_error,E:\football_v\07_BACKTEST_AI\model_feedback.py
generate_feedback,E:\football_v\07_BACKTEST_AI\model_feedback.py
__init__,E:\football_v\07_BACKTEST_AI\optimization_scheduler.py
schedule,E:\football_v\07_BACKTEST_AI\optimization_scheduler.py
upgrade,E:\football_v\07_BACKTEST_AI\optimization_scheduler.py
load,E:\football_v\07_BACKTEST_AI\prediction_result_loader.py
evaluate,E:\football_v\07_BACKTEST_AI\probability_evaluator.py
calibration_score,E:\football_v\07_BACKTEST_AI\probability_evaluator.py
__init__,E:\football_v\07_BACKTEST_AI\roi_tracker.py
add_record,E:\football_v\07_BACKTEST_AI\roi_tracker.py
calculate,E:\football_v\07_BACKTEST_AI\roi_tracker.py
evaluate,E:\football_v\07_BACKTEST_AI\strategy_performance.py
compare,E:\football_v\07_BACKTEST_AI\strategy_performance.py
run,E:\football_v\07_BACKTEST_SYSTEM\backtest_engine\backtest_engine.py
run,E:\football_v\07_BACKTEST_SYSTEM\metrics\classification_metrics.py
run,E:\football_v\07_BACKTEST_SYSTEM\metrics\probability_metrics.py
calculate,E:\football_v\07_BACKTEST_SYSTEM\metrics\risk_metrics.py
compare,E:\football_v\07_BACKTEST_SYSTEM\model_comparison\comparison_engine.py
check,E:\football_v\07_BACKTEST_SYSTEM\model_evaluation\calibration.py
calculate,E:\football_v\07_BACKTEST_SYSTEM\model_evaluation\model_accuracy.py
calculate,E:\football_v\07_BACKTEST_SYSTEM\model_evaluation\probability_score.py
run,E:\football_v\07_BACKTEST_SYSTEM\tests\backtest_system_test.py
__init__,E:\football_v\08_DECISION_ENGINE\bankroll_manager.py
update,E:\football_v\08_DECISION_ENGINE\bankroll_manager.py
balance,E:\football_v\08_DECISION_ENGINE\bankroll_manager.py
__init__,E:\football_v\08_DECISION_ENGINE\bet_selection_engine.py
select,E:\football_v\08_DECISION_ENGINE\bet_selection_engine.py
__init__,E:\football_v\08_DECISION_ENGINE\decision_engine.py
decide,E:\football_v\08_DECISION_ENGINE\decision_engine.py
health,E:\football_v\08_DECISION_ENGINE\decision_engine.py
decide,E:\football_v\08_DECISION_ENGINE\decision_interface.py
report,E:\football_v\08_DECISION_ENGINE\decision_interface.py
__init__,E:\football_v\08_DECISION_ENGINE\decision_registry.py
register,E:\football_v\08_DECISION_ENGINE\decision_registry.py
get,E:\football_v\08_DECISION_ENGINE\decision_registry.py
list,E:\football_v\08_DECISION_ENGINE\decision_registry.py
__init__,E:\football_v\08_DECISION_ENGINE\decision_runtime.py
start,E:\football_v\08_DECISION_ENGINE\decision_runtime.py
stop,E:\football_v\08_DECISION_ENGINE\decision_runtime.py
health_check,E:\football_v\08_DECISION_ENGINE\decision_runtime.py
generate,E:\football_v\08_DECISION_ENGINE\final_decision_report.py
summary,E:\football_v\08_DECISION_ENGINE\final_decision_report.py
allocate,E:\football_v\08_DECISION_ENGINE\portfolio_strategy.py
risk_adjust,E:\football_v\08_DECISION_ENGINE\portfolio_strategy.py
analyze,E:\football_v\08_DECISION_ENGINE\risk_control_engine.py
calculate,E:\football_v\08_DECISION_ENGINE\stake_calculator.py
calculate_value,E:\football_v\08_DECISION_ENGINE\value_filter_engine.py
check_value,E:\football_v\08_DECISION_ENGINE\value_filter_engine.py
decide,E:\football_v\08_DECISION_INTELLIGENCE_LAYER\decision_core\decision_engine.py
explain,E:\football_v\08_DECISION_INTELLIGENCE_LAYER\explanation_engine\explanation_manager.py
explain,E:\football_v\08_DECISION_INTELLIGENCE_LAYER\explanation_engine\fusion_explainer.py
explain,E:\football_v\08_DECISION_INTELLIGENCE_LAYER\explanation_engine\model_explainer.py
feedback,E:\football_v\08_DECISION_INTELLIGENCE_LAYER\feedback_interface\backup\feedback_connector_V0.1_backup.py
analyze,E:\football_v\08_DECISION_INTELLIGENCE_LAYER\fusion_analysis\fusion_analyzer.py
connect,E:\football_v\08_DECISION_INTELLIGENCE_LAYER\handicap_interface\handicap_adapter.py
connect,E:\football_v\08_DECISION_INTELLIGENCE_LAYER\handicap_interface\handicap_connector.py
connect,E:\football_v\08_DECISION_INTELLIGENCE_LAYER\market_risk_interface\market_risk_adapter.py
connect,E:\football_v\08_DECISION_INTELLIGENCE_LAYER\market_risk_interface\market_risk_connector.py
collect,E:\football_v\08_DECISION_INTELLIGENCE_LAYER\raw_output_engine\raw_output_manager.py
generate,E:\football_v\08_DECISION_INTELLIGENCE_LAYER\recommendation_engine\recommendation.py
generate,E:\football_v\08_DECISION_INTELLIGENCE_LAYER\recommendation_engine\recommendation_manager.py
generate,E:\football_v\08_DECISION_INTELLIGENCE_LAYER\report_generator\decision_report.py
evaluate,E:\football_v\08_DECISION_LAYER\engine\decision_engine_V2.4.py
recommend,E:\football_v\08_DECISION_LAYER\engine\recommendation_engine.py
check,E:\football_v\08_DECISION_LAYER\monitor\decision_monitor.py
run,E:\football_v\08_DECISION_LAYER\service\decision_service.py
__init__,E:\football_v\09_AI_ORCHESTRATION_LAYER\auto_report_generator.py
create_match_report,E:\football_v\09_AI_ORCHESTRATION_LAYER\auto_report_generator.py
create_model_report,E:\football_v\09_AI_ORCHESTRATION_LAYER\auto_report_generator.py
create_roi_report,E:\football_v\09_AI_ORCHESTRATION_LAYER\auto_report_generator.py
export,E:\football_v\09_AI_ORCHESTRATION_LAYER\auto_report_generator.py
summary,E:\football_v\09_AI_ORCHESTRATION_LAYER\auto_report_generator.py
__init__,E:\football_v\09_AI_ORCHESTRATION_LAYER\model_router.py
register_model,E:\football_v\09_AI_ORCHESTRATION_LAYER\model_router.py
route,E:\football_v\09_AI_ORCHESTRATION_LAYER\model_router.py
list_models,E:\football_v\09_AI_ORCHESTRATION_LAYER\model_router.py
execute,E:\football_v\09_AI_ORCHESTRATION_LAYER\orchestration_interface.py
status,E:\football_v\09_AI_ORCHESTRATION_LAYER\orchestration_interface.py
__init__,E:\football_v\09_AI_ORCHESTRATION_LAYER\pipeline_controller.py
add_module,E:\football_v\09_AI_ORCHESTRATION_LAYER\pipeline_controller.py
execute,E:\football_v\09_AI_ORCHESTRATION_LAYER\pipeline_controller.py
info,E:\football_v\09_AI_ORCHESTRATION_LAYER\pipeline_controller.py
__init__,E:\football_v\09_AI_ORCHESTRATION_LAYER\system_health_monitor.py
register,E:\football_v\09_AI_ORCHESTRATION_LAYER\system_health_monitor.py
check,E:\football_v\09_AI_ORCHESTRATION_LAYER\system_health_monitor.py
overall_status,E:\football_v\09_AI_ORCHESTRATION_LAYER\system_health_monitor.py
__init__,E:\football_v\09_AI_ORCHESTRATION_LAYER\task_scheduler.py
register,E:\football_v\09_AI_ORCHESTRATION_LAYER\task_scheduler.py
schedule,E:\football_v\09_AI_ORCHESTRATION_LAYER\task_scheduler.py
__init__,E:\football_v\09_AI_ORCHESTRATION_LAYER\workflow_engine.py
add_step,E:\football_v\09_AI_ORCHESTRATION_LAYER\workflow_engine.py
run,E:\football_v\09_AI_ORCHESTRATION_LAYER\workflow_engine.py
decision,E:\football_v\09_APPLICATION_LAYER\api\decision_api.py
predict,E:\football_v\09_APPLICATION_LAYER\api\prediction_api.py
analyze,E:\football_v\09_APPLICATION_LAYER\interface\match_analysis.py
run,E:\football_v\09_APPLICATION_LAYER\service\football_ai_service.py
explain,E:\football_v\09_MODEL_EXPLANATION_ENGINE\dixon_coles_explainer\dixon_coles_explainer.py
explain,E:\football_v\09_MODEL_EXPLANATION_ENGINE\elo_explainer\elo_explainer.py
generate,E:\football_v\09_MODEL_EXPLANATION_ENGINE\explanation_report\report_generator.py
explain,E:\football_v\09_MODEL_EXPLANATION_ENGINE\fusion_explainer\fusion_explainer.py
explain,E:\football_v\09_MODEL_EXPLANATION_ENGINE\poisson_explainer\poisson_explainer.py
explain,E:\football_v\09_MODEL_EXPLANATION_ENGINE\xgboost_explainer\xgboost_explainer.py
adapt,E:\football_v\09_Prediction_System\model_result_adapter.py
__init__,E:\football_v\09_Prediction_System\prediction_history.py
save,E:\football_v\09_Prediction_System\prediction_history.py
check,E:\football_v\09_Prediction_System\prediction_monitor.py
run,E:\football_v\09_Prediction_System\prediction_pipeline.py
generate,E:\football_v\09_Prediction_System\prediction_report_generator.py
execute,E:\football_v\09_Prediction_System\prediction_service_adapter.py
normalize,E:\football_v\09_Prediction_System\probability_adapter.py
calculate,E:\football_v\09_Prediction_System\score_adapter.py
test_adapter,E:\football_v\09_Prediction_System\tests\test_phase2_adapter.py
test_prediction,E:\football_v\09_Prediction_System\tests\test_prediction_system.py
generate_suggestion,E:\football_v\10_AI_AUTONOMOUS_ENGINE\adaptive_parameter_learning.py
select,E:\football_v\10_AI_AUTONOMOUS_ENGINE\adaptive_strategy_selector.py
analyze,E:\football_v\10_AI_AUTONOMOUS_ENGINE\ai_strategy_reasoning_engine.py
update,E:\football_v\10_AI_AUTONOMOUS_ENGINE\approval_workflow.py
check,E:\football_v\10_AI_AUTONOMOUS_ENGINE\architecture_health_checker.py
__init__,E:\football_v\10_AI_AUTONOMOUS_ENGINE\autonomous_engine_v2.py
run,E:\football_v\10_AI_AUTONOMOUS_ENGINE\autonomous_engine_v2.py
run,E:\football_v\10_AI_AUTONOMOUS_ENGINE\auto_experiment_engine.py
recover,E:\football_v\10_AI_AUTONOMOUS_ENGINE\auto_recovery_manager.py
create_upgrade_candidate,E:\football_v\10_AI_AUTONOMOUS_ENGINE\auto_upgrade_manager.py
submit_validation,E:\football_v\10_AI_AUTONOMOUS_ENGINE\auto_upgrade_manager.py
release,E:\football_v\10_AI_AUTONOMOUS_ENGINE\auto_upgrade_manager.py
assess,E:\football_v\10_AI_AUTONOMOUS_ENGINE\change_risk_assessor.py
improve,E:\football_v\10_AI_AUTONOMOUS_ENGINE\continuous_improvement_engine.py
log,E:\football_v\10_AI_AUTONOMOUS_ENGINE\decision_logger.py
analyze,E:\football_v\10_AI_AUTONOMOUS_ENGINE\decision_quality_analyzer.py
validate,E:\football_v\10_AI_AUTONOMOUS_ENGINE\dependency_validator.py
calculate,E:\football_v\10_AI_AUTONOMOUS_ENGINE\dynamic_weight_adjuster.py
analyze,E:\football_v\10_AI_AUTONOMOUS_ENGINE\error_analysis_engine.py
calculate_error,E:\football_v\10_AI_AUTONOMOUS_ENGINE\error_analysis_engine.py
generate_report,E:\football_v\10_AI_AUTONOMOUS_ENGINE\error_analysis_engine.py
calculate,E:\football_v\10_AI_AUTONOMOUS_ENGINE\error_rate_calculator.py
detect,E:\football_v\10_AI_AUTONOMOUS_ENGINE\error_trend_detector.py
__init__,E:\football_v\10_AI_AUTONOMOUS_ENGINE\evolution_controller.py
start_evolution,E:\football_v\10_AI_AUTONOMOUS_ENGINE\evolution_controller.py
finish,E:\football_v\10_AI_AUTONOMOUS_ENGINE\evolution_controller.py
decide,E:\football_v\10_AI_AUTONOMOUS_ENGINE\evolution_decision_brain.py
__init__,E:\football_v\10_AI_AUTONOMOUS_ENGINE\evolution_governance_manager.py
submit_upgrade,E:\football_v\10_AI_AUTONOMOUS_ENGINE\evolution_governance_manager.py
approve,E:\football_v\10_AI_AUTONOMOUS_ENGINE\evolution_governance_manager.py
__init__,E:\football_v\10_AI_AUTONOMOUS_ENGINE\evolution_intelligence_engine.py
analyze,E:\football_v\10_AI_AUTONOMOUS_ENGINE\evolution_intelligence_engine.py
get_history,E:\football_v\10_AI_AUTONOMOUS_ENGINE\evolution_intelligence_engine.py
reason,E:\football_v\10_AI_AUTONOMOUS_ENGINE\evolution_knowledge_reasoner.py
__init__,E:\football_v\10_AI_AUTONOMOUS_ENGINE\evolution_memory.py
store,E:\football_v\10_AI_AUTONOMOUS_ENGINE\evolution_memory.py
query,E:\football_v\10_AI_AUTONOMOUS_ENGINE\evolution_memory.py
__init__,E:\football_v\10_AI_AUTONOMOUS_ENGINE\evolution_memory_index.py
add_record,E:\football_v\10_AI_AUTONOMOUS_ENGINE\evolution_memory_index.py
search,E:\football_v\10_AI_AUTONOMOUS_ENGINE\evolution_memory_index.py
analyze,E:\football_v\10_AI_AUTONOMOUS_ENGINE\evolution_pattern_analyzer.py
generate,E:\football_v\10_AI_AUTONOMOUS_ENGINE\evolution_report_generator.py
mine,E:\football_v\10_AI_AUTONOMOUS_ENGINE\experience_pattern_miner.py
__init__,E:\football_v\10_AI_AUTONOMOUS_ENGINE\experience_repository.py
save,E:\football_v\10_AI_AUTONOMOUS_ENGINE\experience_repository.py
all,E:\football_v\10_AI_AUTONOMOUS_ENGINE\experience_repository.py
predict,E:\football_v\10_AI_AUTONOMOUS_ENGINE\failure_prediction_engine.py
analyze,E:\football_v\10_AI_AUTONOMOUS_ENGINE\feature_self_optimizer.py
reason,E:\football_v\10_AI_AUTONOMOUS_ENGINE\football_reasoning_core.py
predict,E:\football_v\10_AI_AUTONOMOUS_ENGINE\future_risk_simulator.py
analyze,E:\football_v\10_AI_AUTONOMOUS_ENGINE\historical_case_analyzer.py
check,E:\football_v\10_AI_AUTONOMOUS_ENGINE\human_approval_gate_v2.py
create_request,E:\football_v\10_AI_AUTONOMOUS_ENGINE\human_approval_manager.py
approve,E:\football_v\10_AI_AUTONOMOUS_ENGINE\human_approval_manager.py
reject,E:\football_v\10_AI_AUTONOMOUS_ENGINE\human_approval_manager.py
__init__,E:\football_v\10_AI_AUTONOMOUS_ENGINE\human_approval_v1.py
check,E:\football_v\10_AI_AUTONOMOUS_ENGINE\human_approval_v1.py
get_status,E:\football_v\10_AI_AUTONOMOUS_ENGINE\human_dashboard_api.py
get_pending_tasks,E:\football_v\10_AI_AUTONOMOUS_ENGINE\human_dashboard_api.py
feedback,E:\football_v\10_AI_AUTONOMOUS_ENGINE\intelligence_connector.py
allocate,E:\football_v\10_AI_AUTONOMOUS_ENGINE\intelligent_task_allocator.py
__init__,E:\football_v\10_AI_AUTONOMOUS_ENGINE\knowledge_graph_builder.py
add_node,E:\football_v\10_AI_AUTONOMOUS_ENGINE\knowledge_graph_builder.py
graph,E:\football_v\10_AI_AUTONOMOUS_ENGINE\knowledge_graph_builder.py
connect,E:\football_v\10_AI_AUTONOMOUS_ENGINE\knowledge_relation_engine.py
retrieve,E:\football_v\10_AI_AUTONOMOUS_ENGINE\knowledge_retrieval_engine.py
create,E:\football_v\10_AI_AUTONOMOUS_ENGINE\knowledge_snapshot.py
__init__,E:\football_v\10_AI_AUTONOMOUS_ENGINE\learning_cycle_manager.py
create_cycle,E:\football_v\10_AI_AUTONOMOUS_ENGINE\learning_cycle_manager.py
history,E:\football_v\10_AI_AUTONOMOUS_ENGINE\learning_cycle_manager.py
__init__,E:\football_v\10_AI_AUTONOMOUS_ENGINE\learning_effect_tracker.py
track,E:\football_v\10_AI_AUTONOMOUS_ENGINE\learning_effect_tracker.py
history,E:\football_v\10_AI_AUTONOMOUS_ENGINE\learning_effect_tracker.py
analyze,E:\football_v\10_AI_AUTONOMOUS_ENGINE\market_reasoning_engine.py
__init__,E:\football_v\10_AI_AUTONOMOUS_ENGINE\model_change_tracker.py
record,E:\football_v\10_AI_AUTONOMOUS_ENGINE\model_change_tracker.py
history,E:\football_v\10_AI_AUTONOMOUS_ENGINE\model_change_tracker.py
analyze,E:\football_v\10_AI_AUTONOMOUS_ENGINE\model_self_optimizer.py
check,E:\football_v\10_AI_AUTONOMOUS_ENGINE\module_consistency_checker.py
analyze,E:\football_v\10_AI_AUTONOMOUS_ENGINE\monthly_performance_analyzer.py
__init__,E:\football_v\10_AI_AUTONOMOUS_ENGINE\multi_cycle_learning_engine.py
add_learning_result,E:\football_v\10_AI_AUTONOMOUS_ENGINE\multi_cycle_learning_engine.py
analyze_cycle,E:\football_v\10_AI_AUTONOMOUS_ENGINE\multi_cycle_learning_engine.py
__init__,E:\football_v\10_AI_AUTONOMOUS_ENGINE\optimization_history.py
add_record,E:\football_v\10_AI_AUTONOMOUS_ENGINE\optimization_history.py
get_history,E:\football_v\10_AI_AUTONOMOUS_ENGINE\optimization_history.py
rank,E:\football_v\10_AI_AUTONOMOUS_ENGINE\optimization_priority_engine.py
predict,E:\football_v\10_AI_AUTONOMOUS_ENGINE\optimization_result_predictor.py
generate,E:\football_v\10_AI_AUTONOMOUS_ENGINE\optimization_strategy_generator.py
generate,E:\football_v\10_AI_AUTONOMOUS_ENGINE\optimization_suggestion_engine.py
__init__,E:\football_v\10_AI_AUTONOMOUS_ENGINE\optimization_suggestion_v1.py
generate,E:\football_v\10_AI_AUTONOMOUS_ENGINE\optimization_suggestion_v1.py
analyze,E:\football_v\10_AI_AUTONOMOUS_ENGINE\parameter_effect_analyzer.py
generate,E:\football_v\10_AI_AUTONOMOUS_ENGINE\parameter_tuner.py
explain,E:\football_v\10_AI_AUTONOMOUS_ENGINE\prediction_explanation_engine.py
validate,E:\football_v\10_AI_AUTONOMOUS_ENGINE\release_validator.py
evaluate,E:\football_v\10_AI_AUTONOMOUS_ENGINE\risk_gate.py
__init__,E:\football_v\10_AI_AUTONOMOUS_ENGINE\rollback_manager.py
save_version,E:\football_v\10_AI_AUTONOMOUS_ENGINE\rollback_manager.py
rollback,E:\football_v\10_AI_AUTONOMOUS_ENGINE\rollback_manager.py
execute,E:\football_v\10_AI_AUTONOMOUS_ENGINE\safe_upgrade_executor.py
generate,E:\football_v\10_AI_AUTONOMOUS_ENGINE\scenario_test_generator.py
audit,E:\football_v\10_AI_AUTONOMOUS_ENGINE\self_audit_engine.py
evaluate,E:\football_v\10_AI_AUTONOMOUS_ENGINE\strategy_confidence_evaluator.py
__init__,E:\football_v\10_AI_AUTONOMOUS_ENGINE\strategy_evolution_manager.py
evaluate,E:\football_v\10_AI_AUTONOMOUS_ENGINE\strategy_evolution_manager.py
recommend,E:\football_v\10_AI_AUTONOMOUS_ENGINE\strategy_evolution_manager.py
select,E:\football_v\10_AI_AUTONOMOUS_ENGINE\strategy_selection_engine.py
restore,E:\football_v\10_AI_AUTONOMOUS_ENGINE\system_restore_manager.py
analyze,E:\football_v\10_AI_AUTONOMOUS_ENGINE\tactical_reasoning_engine.py
analyze,E:\football_v\10_AI_AUTONOMOUS_ENGINE\time_window_analyzer.py
decide,E:\football_v\10_AI_AUTONOMOUS_ENGINE\upgrade_decision_engine.py
__init__,E:\football_v\10_AI_AUTONOMOUS_ENGINE\upgrade_history_repository.py
save,E:\football_v\10_AI_AUTONOMOUS_ENGINE\upgrade_history_repository.py
all,E:\football_v\10_AI_AUTONOMOUS_ENGINE\upgrade_history_repository.py
check_policy,E:\football_v\10_AI_AUTONOMOUS_ENGINE\upgrade_policy_manager.py
simulate,E:\football_v\10_AI_AUTONOMOUS_ENGINE\upgrade_simulation_engine.py
__init__,E:\football_v\10_AI_AUTONOMOUS_ENGINE\version_control_manager.py
save_version,E:\football_v\10_AI_AUTONOMOUS_ENGINE\version_control_manager.py
history,E:\football_v\10_AI_AUTONOMOUS_ENGINE\version_control_manager.py
validate,E:\football_v\10_AI_AUTONOMOUS_ENGINE\virtual_validation_engine.py
analyze,E:\football_v\10_AI_AUTONOMOUS_ENGINE\weekly_evolution_analyzer.py
calculate_error,E:\football_v\10_AI_AUTONOMOUS_ENGINE\weekly_evolution_analyzer.py
check_file,E:\football_v\10_AI_AUTONOMOUS_ENGINE\tests\autonomous_engine_hil_v1_0_full_test.py
run_test,E:\football_v\10_AI_AUTONOMOUS_ENGINE\tests\autonomous_engine_hil_v1_0_full_test.py
pytest_collect_file,E:\football_v\10_AI_AUTONOMOUS_ENGINE\tests\conftest.py
check,E:\football_v\10_AI_AUTONOMOUS_ENGINE\tests\human_approval_v1_2_full_test.py
check,E:\football_v\10_AI_AUTONOMOUS_ENGINE\tests\optimization_suggestion_v1_1_full_test.py
test,E:\football_v\10_AI_AUTONOMOUS_ENGINE\tests\optimization_suggestion_v1_1_full_test.py
test_autonomous_v2,E:\football_v\10_AI_AUTONOMOUS_ENGINE\tests\test_autonomous_compatibility.py
test_autonomous_v3,E:\football_v\10_AI_AUTONOMOUS_ENGINE\tests\test_autonomous_compatibility.py
test_human,E:\football_v\10_AI_AUTONOMOUS_ENGINE\tests\test_autonomous_compatibility.py
test_optimizer,E:\football_v\10_AI_AUTONOMOUS_ENGINE\tests\test_autonomous_compatibility.py
test_connector,E:\football_v\10_AI_AUTONOMOUS_ENGINE\tests\test_phase2_connection.py
health,E:\football_v\10_INTEGRATION_LAYER\service\integration_service.py
analyze,E:\football_v\10_MARKET_INTELLIGENCE_LAYER\handicap_model\handicap_engine.py
generate,E:\football_v\10_MARKET_INTELLIGENCE_LAYER\market_report\market_report.py
analyze,E:\football_v\10_MARKET_INTELLIGENCE_LAYER\market_risk_model\risk_engine.py
analyze,E:\football_v\10_MARKET_INTELLIGENCE_LAYER\market_sentiment_engine\sentiment.py
analyze,E:\football_v\10_MARKET_INTELLIGENCE_LAYER\money_flow_engine\money_flow.py
analyze,E:\football_v\10_MARKET_INTELLIGENCE_LAYER\odds_analysis\odds_analyzer.py
adjust,E:\football_v\10_MARKET_INTELLIGENCE_LAYER\risk_adjustment_engine\risk_adjuster.py
receive,E:\football_v\11_AI_ORCHESTRATION_LAYER\api_gateway\gateway.py
route,E:\football_v\11_AI_ORCHESTRATION_LAYER\data_router\data_router.py
route,E:\football_v\11_AI_ORCHESTRATION_LAYER\decision_router\decision_router.py
write,E:\football_v\11_AI_ORCHESTRATION_LAYER\logging_center\logger.py
schedule,E:\football_v\11_AI_ORCHESTRATION_LAYER\model_scheduler\scheduler.py
run,E:\football_v\11_AI_ORCHESTRATION_LAYER\orchestrator_core\orchestrator.py
execute,E:\football_v\11_AI_ORCHESTRATION_LAYER\pipeline_manager\pipeline.py
start,E:\football_v\11_AI_ORCHESTRATION_LAYER\workflow_engine\workflow.py
generate,E:\football_v\11_System_Intelligence\accuracy_report.py
analyze,E:\football_v\11_System_Intelligence\adaptive_feedback.py
fuse,E:\football_v\11_System_Intelligence\agent_fusion_engine.py
__init__,E:\football_v\11_System_Intelligence\agent_manager.py
register,E:\football_v\11_System_Intelligence\agent_manager.py
run,E:\football_v\11_System_Intelligence\agent_manager.py
run,E:\football_v\11_System_Intelligence\ai_prediction_os.py
run,E:\football_v\11_System_Intelligence\backtest_engine.py
manage,E:\football_v\11_System_Intelligence\bankroll_manager.py
analyze,E:\football_v\11_System_Intelligence\beidan_engine.py
recommend,E:\football_v\11_System_Intelligence\betting_recommendation_engine.py
decide,E:\football_v\11_System_Intelligence\bet_strategy_engine.py
analyze,E:\football_v\11_System_Intelligence\capital_flow_engine.py
analyze,E:\football_v\11_System_Intelligence\capital_sentiment.py
calibrate,E:\football_v\11_System_Intelligence\confidence_calibrator.py
calculate,E:\football_v\11_System_Intelligence\confidence_engine.py
__init__,E:\football_v\11_System_Intelligence\confidence_tracker.py
add,E:\football_v\11_System_Intelligence\confidence_tracker.py
execute,E:\football_v\11_System_Intelligence\decision_api.py
__init__,E:\football_v\11_System_Intelligence\decision_context.py
update,E:\football_v\11_System_Intelligence\decision_context.py
get,E:\football_v\11_System_Intelligence\decision_context.py
__init__,E:\football_v\11_System_Intelligence\decision_fusion.py
calculate,E:\football_v\11_System_Intelligence\decision_fusion.py
__init__,E:\football_v\11_System_Intelligence\decision_memory.py
save,E:\football_v\11_System_Intelligence\decision_memory.py
history,E:\football_v\11_System_Intelligence\decision_memory.py
__init__,E:\football_v\11_System_Intelligence\decision_reasoner.py
decide,E:\football_v\11_System_Intelligence\decision_reasoner.py
adjust,E:\football_v\11_System_Intelligence\dixon_coles_model.py
train,E:\football_v\11_System_Intelligence\dixon_coles_trainer.py
update,E:\football_v\11_System_Intelligence\dynamic_weight_engine.py
calculate,E:\football_v\11_System_Intelligence\elo_engine.py
train,E:\football_v\11_System_Intelligence\elo_trainer.py
analyze,E:\football_v\11_System_Intelligence\error_analysis_engine.py
__init__,E:\football_v\11_System_Intelligence\evolution_engine.py
evolve,E:\football_v\11_System_Intelligence\evolution_engine.py
__init__,E:\football_v\11_System_Intelligence\evolution_memory.py
store,E:\football_v\11_System_Intelligence\evolution_memory.py
latest,E:\football_v\11_System_Intelligence\evolution_memory.py
calculate,E:\football_v\11_System_Intelligence\fatigue_engine.py
build,E:\football_v\11_System_Intelligence\feature_engineering.py
__init__,E:\football_v\11_System_Intelligence\feedback_memory.py
add,E:\football_v\11_System_Intelligence\feedback_memory.py
count,E:\football_v\11_System_Intelligence\feedback_memory.py
create,E:\football_v\11_System_Intelligence\football_ai_report.py
start,E:\football_v\11_System_Intelligence\football_ai_runtime.py
analyze,E:\football_v\11_System_Intelligence\form_analysis_engine.py
detect,E:\football_v\11_System_Intelligence\handicap_trap_detector.py
load,E:\football_v\11_System_Intelligence\historical_match_loader.py
analyze,E:\football_v\11_System_Intelligence\home_away_engine.py
analyze,E:\football_v\11_System_Intelligence\injury_engine.py
__init__,E:\football_v\11_System_Intelligence\intelligence_feedback_loop.py
record,E:\football_v\11_System_Intelligence\intelligence_feedback_loop.py
size,E:\football_v\11_System_Intelligence\intelligence_feedback_loop.py
fuse,E:\football_v\11_System_Intelligence\intelligence_fusion_engine.py
__init__,E:\football_v\11_System_Intelligence\intelligence_memory.py
save,E:\football_v\11_System_Intelligence\intelligence_memory.py
generate,E:\football_v\11_System_Intelligence\intelligence_report.py
route,E:\football_v\11_System_Intelligence\intelligence_router.py
__init__,E:\football_v\11_System_Intelligence\intelligence_scheduler.py
register,E:\football_v\11_System_Intelligence\intelligence_scheduler.py
run,E:\football_v\11_System_Intelligence\intelligence_scheduler.py
__init__,E:\football_v\11_System_Intelligence\intelligence_weight_manager.py
update,E:\football_v\11_System_Intelligence\intelligence_weight_manager.py
get,E:\football_v\11_System_Intelligence\intelligence_weight_manager.py
encode,E:\football_v\11_System_Intelligence\knowledge_embedding.py
search,E:\football_v\11_System_Intelligence\knowledge_engine.py
build,E:\football_v\11_System_Intelligence\knowledge_graph.py
__init__,E:\football_v\11_System_Intelligence\knowledge_memory_bridge.py
store_memory,E:\football_v\11_System_Intelligence\knowledge_memory_bridge.py
retrieve_memory,E:\football_v\11_System_Intelligence\knowledge_memory_bridge.py
analyze_feedback,E:\football_v\11_System_Intelligence\knowledge_memory_bridge.py
__init__,E:\football_v\11_System_Intelligence\knowledge_node.py
add_attribute,E:\football_v\11_System_Intelligence\knowledge_node.py
export,E:\football_v\11_System_Intelligence\knowledge_node.py
optimize,E:\football_v\11_System_Intelligence\knowledge_optimizer.py
build,E:\football_v\11_System_Intelligence\knowledge_profile.py
query,E:\football_v\11_System_Intelligence\knowledge_query_engine.py
analyze,E:\football_v\11_System_Intelligence\knowledge_reasoner.py
__init__,E:\football_v\11_System_Intelligence\knowledge_relation.py
add,E:\football_v\11_System_Intelligence\knowledge_relation.py
get,E:\football_v\11_System_Intelligence\knowledge_relation.py
relate,E:\football_v\11_System_Intelligence\knowledge_relation_engine.py
update,E:\football_v\11_System_Intelligence\knowledge_update_engine.py
__init__,E:\football_v\11_System_Intelligence\learning_memory.py
save,E:\football_v\11_System_Intelligence\learning_memory.py
recall,E:\football_v\11_System_Intelligence\learning_memory.py
__init__,E:\football_v\11_System_Intelligence\learning_scheduler.py
add,E:\football_v\11_System_Intelligence\learning_scheduler.py
run,E:\football_v\11_System_Intelligence\learning_scheduler.py
calculate,E:\football_v\11_System_Intelligence\les_advanced.py
calculate,E:\football_v\11_System_Intelligence\les_engine.py
analyze,E:\football_v\11_System_Intelligence\lineup_engine.py
analyze,E:\football_v\11_System_Intelligence\market_agent.py
analyze,E:\football_v\11_System_Intelligence\market_engine.py
__init__,E:\football_v\11_System_Intelligence\match_feature_store.py
save,E:\football_v\11_System_Intelligence\match_feature_store.py
predict,E:\football_v\11_System_Intelligence\match_prediction_engine.py
run,E:\football_v\11_System_Intelligence\match_simulator.py
adapt,E:\football_v\11_System_Intelligence\memory_adapter.py
__init__,E:\football_v\11_System_Intelligence\model_accuracy_memory.py
save,E:\football_v\11_System_Intelligence\model_accuracy_memory.py
adjust,E:\football_v\11_System_Intelligence\model_adjustment_engine.py
detect,E:\football_v\11_System_Intelligence\model_conflict_detector.py
fuse,E:\football_v\11_System_Intelligence\model_fusion_core.py
observe,E:\football_v\11_System_Intelligence\model_observer.py
__init__,E:\football_v\11_System_Intelligence\model_optimizer.py
optimize,E:\football_v\11_System_Intelligence\model_optimizer.py
optimize,E:\football_v\11_System_Intelligence\model_weight_optimizer.py
simulate,E:\football_v\11_System_Intelligence\monte_carlo_engine.py
detect,E:\football_v\11_System_Intelligence\odds_movement.py
run,E:\football_v\11_System_Intelligence\parlay_strategy.py
__init__,E:\football_v\11_System_Intelligence\performance_tracker.py
add,E:\football_v\11_System_Intelligence\performance_tracker.py
average,E:\football_v\11_System_Intelligence\performance_tracker.py
probability,E:\football_v\11_System_Intelligence\poisson_model.py
train,E:\football_v\11_System_Intelligence\poisson_trainer.py
analyze,E:\football_v\11_System_Intelligence\prediction_agent.py
evaluate,E:\football_v\11_System_Intelligence\prediction_evaluator.py
generate,E:\football_v\11_System_Intelligence\prediction_report.py
generate,E:\football_v\11_System_Intelligence\prediction_report_generator.py
fuse,E:\football_v\11_System_Intelligence\probability_fusion_engine.py
__init__,E:\football_v\11_System_Intelligence\probability_memory.py
save,E:\football_v\11_System_Intelligence\probability_memory.py
__init__,E:\football_v\11_System_Intelligence\profit_tracker.py
add,E:\football_v\11_System_Intelligence\profit_tracker.py
analyze,E:\football_v\11_System_Intelligence\reasoning_agent.py
__init__,E:\football_v\11_System_Intelligence\reasoning_context.py
update,E:\football_v\11_System_Intelligence\reasoning_context.py
add_history,E:\football_v\11_System_Intelligence\reasoning_context.py
snapshot,E:\football_v\11_System_Intelligence\reasoning_context.py
__init__,E:\football_v\11_System_Intelligence\reasoning_engine.py
reason,E:\football_v\11_System_Intelligence\reasoning_engine.py
__init__,E:\football_v\11_System_Intelligence\reasoning_memory.py
store,E:\football_v\11_System_Intelligence\reasoning_memory.py
query,E:\football_v\11_System_Intelligence\reasoning_memory.py
latest,E:\football_v\11_System_Intelligence\reasoning_memory.py
evaluate,E:\football_v\11_System_Intelligence\reasoning_rules.py
collect,E:\football_v\11_System_Intelligence\result_collector.py
analyze,E:\football_v\11_System_Intelligence\risk_agent.py
detect,E:\football_v\11_System_Intelligence\risk_detector.py
calculate,E:\football_v\11_System_Intelligence\risk_engine.py
__init__,E:\football_v\11_System_Intelligence\risk_memory.py
save,E:\football_v\11_System_Intelligence\risk_memory.py
generate,E:\football_v\11_System_Intelligence\risk_report.py
optimize,E:\football_v\11_System_Intelligence\rule_optimizer.py
calculate,E:\football_v\11_System_Intelligence\score_distribution_engine.py
predict,E:\football_v\11_System_Intelligence\score_prediction_engine.py
generate,E:\football_v\11_System_Intelligence\score_probability_table.py
run,E:\football_v\11_System_Intelligence\single_strategy.py
calculate,E:\football_v\11_System_Intelligence\sp_probability_engine.py
analyze,E:\football_v\11_System_Intelligence\strategy_agent.py
mutate,E:\football_v\11_System_Intelligence\strategy_mutator.py
analyze,E:\football_v\11_System_Intelligence\system_analyzer.py
status,E:\football_v\11_System_Intelligence\system_brain.py
export,E:\football_v\11_System_Intelligence\system_exporter.py
build,E:\football_v\11_System_Intelligence\team_feature_builder.py
evaluate,E:\football_v\11_System_Intelligence\team_strength_engine.py
calculate,E:\football_v\11_System_Intelligence\true_probability_calculator.py
detect,E:\football_v\11_System_Intelligence\value_detector.py
learn,E:\football_v\11_System_Intelligence\weight_learning_engine.py
predict,E:\football_v\11_System_Intelligence\xgboost_predictor.py
train,E:\football_v\11_System_Intelligence\xgboost_trainer.py
test_brain,E:\football_v\11_System_Intelligence\tests\test_intelligence.py
test_system,E:\football_v\11_System_Intelligence\tests\test_phase2_intelligence.py
test_confidence,E:\football_v\11_System_Intelligence\tests\test_phase3_10_confidence.py
test_knowledge_graph,E:\football_v\11_System_Intelligence\tests\test_phase3_11_knowledge_graph.py
test_relation,E:\football_v\11_System_Intelligence\tests\test_phase3_11_knowledge_graph.py
test_embedding,E:\football_v\11_System_Intelligence\tests\test_phase3_11_knowledge_graph.py
test_query,E:\football_v\11_System_Intelligence\tests\test_phase3_11_knowledge_graph.py
test_probability,E:\football_v\11_System_Intelligence\tests\test_phase3_12_probability.py
test_les,E:\football_v\11_System_Intelligence\tests\test_phase3_13_market.py
test_prediction,E:\football_v\11_System_Intelligence\tests\test_phase3_14_prediction.py
test_runtime,E:\football_v\11_System_Intelligence\tests\test_phase3_15_runtime.py
test_memory_bridge,E:\football_v\11_System_Intelligence\tests\test_phase3_2_memory_bridge.py
test_memory_adapter,E:\football_v\11_System_Intelligence\tests\test_phase3_2_memory_bridge.py
test_feedback_memory,E:\football_v\11_System_Intelligence\tests\test_phase3_2_memory_bridge.py
test_reasoning_engine,E:\football_v\11_System_Intelligence\tests\test_phase3_3_reasoning.py
test_decision_reasoner,E:\football_v\11_System_Intelligence\tests\test_phase3_3_reasoning.py
test_decision_fusion,E:\football_v\11_System_Intelligence\tests\test_phase3_4_decision_fusion.py
test_controller_upgrade,E:\football_v\11_System_Intelligence\tests\test_phase3_5_controller_upgrade.py
test_router,E:\football_v\11_System_Intelligence\tests\test_phase3_5_controller_upgrade.py
test_weight,E:\football_v\11_System_Intelligence\tests\test_phase3_5_controller_upgrade.py
test_feedback,E:\football_v\11_System_Intelligence\tests\test_phase3_5_controller_upgrade.py
test_self_learning,E:\football_v\11_System_Intelligence\tests\test_phase3_6_self_learning.py
test_optimizer,E:\football_v\11_System_Intelligence\tests\test_phase3_6_self_learning.py
test_evolution_engine,E:\football_v\11_System_Intelligence\tests\test_phase3_7_evolution.py
test_evolution_rule,E:\football_v\11_System_Intelligence\tests\test_phase3_7_evolution.py
test_knowledge,E:\football_v\11_System_Intelligence\tests\test_phase3_8_knowledge.py
test_risk,E:\football_v\11_System_Intelligence\tests\test_phase3_9_risk.py
test_controller_health,E:\football_v\11_System_Intelligence\tests\test_phase3_system_intelligence.py
test_controller_execute,E:\football_v\11_System_Intelligence\tests\test_phase3_system_intelligence.py
test_les,E:\football_v\11_System_Intelligence\tests\test_phase4_market_core.py
test_elo,E:\football_v\11_System_Intelligence\tests\test_phase4_prediction_core.py
test_fusion,E:\football_v\11_System_Intelligence\tests\test_phase4_prediction_core.py
test_agents,E:\football_v\11_System_Intelligence\tests\test_phase5_1_agents.py
test_weight,E:\football_v\11_System_Intelligence\tests\test_phase5_2_weight.py
test_simulation,E:\football_v\11_System_Intelligence\tests\test_phase5_3_simulation.py
test_strategy,E:\football_v\11_System_Intelligence\tests\test_phase5_4_strategy.py
test_backtest,E:\football_v\11_System_Intelligence\tests\test_phase6_backtest.py
test_adjust,E:\football_v\11_System_Intelligence\tests\test_phase6_feedback.py
test_training,E:\football_v\11_System_Intelligence\tests\test_phase6_training.py
analyze,E:\football_v\12_AUTONOMOUS_LEARNING_ENGINE\error_analysis\error_analyzer.py
save,E:\football_v\12_AUTONOMOUS_LEARNING_ENGINE\experience_database\experience_manager.py
analyze,E:\football_v\12_AUTONOMOUS_LEARNING_ENGINE\feature_optimizer\feature_optimizer.py
collect,E:\football_v\12_AUTONOMOUS_LEARNING_ENGINE\feedback_collector\collector.py
suggest,E:\football_v\12_AUTONOMOUS_LEARNING_ENGINE\improvement_engine\improvement.py
learn,E:\football_v\12_AUTONOMOUS_LEARNING_ENGINE\model_learning\learning_engine.py
reflect,E:\football_v\12_AUTONOMOUS_LEARNING_ENGINE\self_reflection\reflection_engine.py
optimize,E:\football_v\12_AUTONOMOUS_LEARNING_ENGINE\weight_optimizer\optimizer.py
health,E:\football_v\131_USER_INTERFACE_LAYER\module.py
health,E:\football_v\132_NATURAL_LANGUAGE_ENGINE\module.py
health,E:\football_v\133_CONVERSATION_MEMORY_LAYER\module.py
health,E:\football_v\134_COMMAND_ROUTER_ENGINE\module.py
health,E:\football_v\135_API_GATEWAY_CONNECTOR\module.py
health,E:\football_v\136_MODULE_DISPATCH_ENGINE\module.py
health,E:\football_v\137_REPORT_PRESENTATION_LAYER\module.py
health,E:\football_v\138_LOCAL_CHAT_RUNTIME\module.py
health,E:\football_v\139_SYSTEM_HEALTH_INTERFACE\module.py
export,E:\football_v\13_REPORT_INTELLIGENCE_LAYER\export_engine\exporter.py
generate,E:\football_v\13_REPORT_INTELLIGENCE_LAYER\market_report\market_report.py
generate,E:\football_v\13_REPORT_INTELLIGENCE_LAYER\match_report_generator\match_report.py
generate,E:\football_v\13_REPORT_INTELLIGENCE_LAYER\model_report\model_report.py
generate,E:\football_v\13_REPORT_INTELLIGENCE_LAYER\post_match_report\post_match.py
generate,E:\football_v\13_REPORT_INTELLIGENCE_LAYER\probability_report\probability_report.py
generate,E:\football_v\13_REPORT_INTELLIGENCE_LAYER\risk_report\risk_report.py
create,E:\football_v\13_REPORT_INTELLIGENCE_LAYER\visualization_engine\visualizer.py
health,E:\football_v\140_FINAL_INTERFACE_VALIDATION\module.py
check,E:\football_v\141_REAL_CHAT_EXECUTION_ENGINE\module.py
check,E:\football_v\142_DATABASE_QUERY_RUNTIME\module.py
check,E:\football_v\143_MODEL_CALL_ORCHESTRATOR\module.py
check,E:\football_v\144_MATCH_ANALYSIS_EXECUTOR\module.py
check,E:\football_v\145_REPORT_GENERATION_RUNTIME\module.py
check,E:\football_v\146_HISTORY_CONVERSATION_STORE\module.py
check,E:\football_v\147_TASK_SCHEDULER_ENGINE\module.py
check,E:\football_v\148_RUNTIME_ERROR_HANDLER\module.py
check,E:\football_v\149_SYSTEM_LOG_MANAGER\module.py
alert,E:\football_v\14_SYSTEM_MONITORING_LAYER\alert_engine\alert_manager.py
show,E:\football_v\14_SYSTEM_MONITORING_LAYER\dashboard\system_dashboard.py
check,E:\football_v\14_SYSTEM_MONITORING_LAYER\database_monitor\database_checker.py
collect,E:\football_v\14_SYSTEM_MONITORING_LAYER\error_monitor\error_collector.py
check,E:\football_v\14_SYSTEM_MONITORING_LAYER\health_monitor\health_checker.py
check,E:\football_v\14_SYSTEM_MONITORING_LAYER\model_monitor\model_checker.py
check,E:\football_v\14_SYSTEM_MONITORING_LAYER\performance_monitor\performance_checker.py
check,E:\football_v\14_SYSTEM_MONITORING_LAYER\resource_monitor\resource_checker.py
check,E:\football_v\150_FINAL_RUNTIME_VALIDATION\module.py
run,E:\football_v\15_API_INTEGRATION_LAYER\api_scheduler\scheduler.py
sync,E:\football_v\15_API_INTEGRATION_LAYER\data_sync_engine\sync_manager.py
fetch,E:\football_v\15_API_INTEGRATION_LAYER\football_data_api\football_data_client.py
fetch,E:\football_v\15_API_INTEGRATION_LAYER\injury_api\injury_client.py
fetch,E:\football_v\15_API_INTEGRATION_LAYER\news_api\news_client.py
fetch,E:\football_v\15_API_INTEGRATION_LAYER\odds_api\odds_client.py
fetch,E:\football_v\15_API_INTEGRATION_LAYER\stats_api\stats_client.py
fetch,E:\football_v\15_API_INTEGRATION_LAYER\weather_api\weather_client.py
health,E:\football_v\16_DATABASE_GOVERNANCE_LAYER\audit_logger.py
status,E:\football_v\16_DATABASE_GOVERNANCE_LAYER\module.py
run,E:\football_v\16_DATABASE_GOVERNANCE_LAYER\backup_engine\backup_engine_V1.0.py
run,E:\football_v\16_DATABASE_GOVERNANCE_LAYER\database_initializer\database_initializer_V1.0.py
run,E:\football_v\16_DATABASE_GOVERNANCE_LAYER\restore_engine\restore_engine_V1.0.py
run,E:\football_v\16_DATABASE_GOVERNANCE_LAYER\version_control_engine\version_control_engine_V1.0.py
health,E:\football_v\17_MODEL_STORE_LAYER\model_loader.py
load_models,E:\football_v\17_MODEL_STORE_LAYER\module.py
add,E:\football_v\17_MODEL_STORE_LAYER\model_cache_manager\model_cache_manager_V1.0.py
deploy,E:\football_v\17_MODEL_STORE_LAYER\model_deployment_manager\model_deployment_manager_V1.0.py
load_models,E:\football_v\17_MODEL_STORE_LAYER\model_loader\model_loader_V1.0.py
run,E:\football_v\17_MODEL_STORE_LAYER\model_registry\model_registry_V1.0.py
validate,E:\football_v\17_MODEL_STORE_LAYER\model_validator\model_validator_V1.0.py
health,E:\football_v\18_MODEL_EXECUTION_ENGINE\fusion_engine.py
predict,E:\football_v\18_MODEL_EXECUTION_ENGINE\module.py
load_features,E:\football_v\18_MODEL_EXECUTION_ENGINE\feature_loader\feature_loader_V1.0.py
fusion,E:\football_v\18_MODEL_EXECUTION_ENGINE\fusion_engine\fusion_engine_V1.0.py
load_models,E:\football_v\18_MODEL_EXECUTION_ENGINE\model_loader\model_loader_V1.0.py
predict,E:\football_v\18_MODEL_EXECUTION_ENGINE\prediction_pipeline\prediction_pipeline_V1.0.py
health,E:\football_v\19_API_LAYER\health_api.py
health,E:\football_v\19_API_LAYER\module.py
health,E:\football_v\20_DASHBOARD_LAYER\dashboard.py
dashboard,E:\football_v\20_DASHBOARD_LAYER\module.py
release,E:\football_v\21_PRODUCT_PACKAGE\module.py
health,E:\football_v\21_PRODUCT_PACKAGE\startup.py
health_check,E:\football_v\22_AI_FEATURE_STORE_LAYER\feature_builder.py
health_check,E:\football_v\22_AI_FEATURE_STORE_LAYER\feature_pipeline.py
health_check,E:\football_v\22_AI_FEATURE_STORE_LAYER\feature_registry.py
health_check,E:\football_v\22_AI_FEATURE_STORE_LAYER\module.py
health_check,E:\football_v\23_MODEL_TRAINING_ENGINE\dixon_coles_trainer.py
health_check,E:\football_v\23_MODEL_TRAINING_ENGINE\elo_trainer.py
health_check,E:\football_v\23_MODEL_TRAINING_ENGINE\fusion_trainer.py
health_check,E:\football_v\23_MODEL_TRAINING_ENGINE\module.py
health_check,E:\football_v\23_MODEL_TRAINING_ENGINE\poisson_trainer.py
health_check,E:\football_v\23_MODEL_TRAINING_ENGINE\xgboost_trainer.py
connect,E:\football_v\23_MODEL_TRAINING_ENGINE\backtest_connector\backtest_connector_V2.0.py
load,E:\football_v\23_MODEL_TRAINING_ENGINE\dataset_manager\dataset_manager_V2.0.py
evaluate,E:\football_v\23_MODEL_TRAINING_ENGINE\evaluation_engine\evaluation_engine_V2.0.py
load,E:\football_v\23_MODEL_TRAINING_ENGINE\feature_loader\feature_loader_V2.0.py
train,E:\football_v\23_MODEL_TRAINING_ENGINE\model_trainer\model_trainer_V2.0.py
test_training,E:\football_v\23_MODEL_TRAINING_ENGINE\tests\test_training_engine_V2.0.py
run,E:\football_v\23_MODEL_TRAINING_ENGINE\training_pipeline\training_pipeline_V2.0.py
health_check,E:\football_v\24_PREDICTION_INTELLIGENCE_LAYER\handicap_engine.py
health_check,E:\football_v\24_PREDICTION_INTELLIGENCE_LAYER\kelly_optimizer.py
health_check,E:\football_v\24_PREDICTION_INTELLIGENCE_LAYER\market_risk_engine.py
health_check,E:\football_v\24_PREDICTION_INTELLIGENCE_LAYER\module.py
health_check,E:\football_v\24_PREDICTION_INTELLIGENCE_LAYER\probability_engine.py
health_check,E:\football_v\24_PREDICTION_INTELLIGENCE_LAYER\score_prediction_engine.py
detect,E:\football_v\24_PREDICTION_INTELLIGENCE_LAYER\market_intelligence\capital_flow_detector.py
analyze,E:\football_v\24_PREDICTION_INTELLIGENCE_LAYER\market_intelligence\market_sentiment_engine.py
track,E:\football_v\24_PREDICTION_INTELLIGENCE_LAYER\market_intelligence\odds_tracker.py
generate,E:\football_v\24_PREDICTION_INTELLIGENCE_LAYER\output_engine\prediction_report.py
check,E:\football_v\24_PREDICTION_INTELLIGENCE_LAYER\output_engine\risk_filter.py
predict,E:\football_v\24_PREDICTION_INTELLIGENCE_LAYER\prediction_core\predictor.py
predict,E:\football_v\24_PREDICTION_INTELLIGENCE_LAYER\prediction_models\dixon_coles_predictor.py
predict,E:\football_v\24_PREDICTION_INTELLIGENCE_LAYER\prediction_models\elo_predictor.py
predict,E:\football_v\24_PREDICTION_INTELLIGENCE_LAYER\prediction_models\poisson_predictor.py
predict,E:\football_v\24_PREDICTION_INTELLIGENCE_LAYER\prediction_models\xgboost_predictor.py
load,E:\football_v\24_PREDICTION_INTELLIGENCE_LAYER\prediction_pipeline\feature_pipeline.py
run,E:\football_v\24_PREDICTION_INTELLIGENCE_LAYER\prediction_pipeline\prediction_pipeline.py
test_prediction,E:\football_v\24_PREDICTION_INTELLIGENCE_LAYER\tests\test_prediction_engine_V2.0.py
health_check,E:\football_v\25_BACKTEST_ENGINE\historical_runner.py
health_check,E:\football_v\25_BACKTEST_ENGINE\module.py
health_check,E:\football_v\25_BACKTEST_ENGINE\performance_report.py
health_check,E:\football_v\25_BACKTEST_ENGINE\roi_calculator.py
run,E:\football_v\25_BACKTEST_ENGINE\backtest_pipeline\backtest_pipeline_V2.0.py
split,E:\football_v\25_BACKTEST_ENGINE\data_split_engine\data_split_engine_V2.0.py
run,E:\football_v\25_BACKTEST_ENGINE\historical_runner\historical_runner_V2.0.py
analyze,E:\football_v\25_BACKTEST_ENGINE\kelly_analyzer\kelly_analyzer_V2.0.py
calculate,E:\football_v\25_BACKTEST_ENGINE\roi_calculator\roi_calculator_V2.0.py
health_check,E:\football_v\26_AUTOMATION_LAYER\data_scheduler.py
health_check,E:\football_v\26_AUTOMATION_LAYER\model_scheduler.py
health_check,E:\football_v\26_AUTOMATION_LAYER\module.py
health_check,E:\football_v\26_AUTOMATION_LAYER\monitoring_engine.py
refresh,E:\football_v\26_AUTOMATION_LAYER\data_refresh\data_refresh_V2.0.py
execute,E:\football_v\26_AUTOMATION_LAYER\prediction_job\prediction_job_V2.0.py
generate,E:\football_v\26_AUTOMATION_LAYER\report_generator\report_generator_V2.0.py
run,E:\football_v\26_AUTOMATION_LAYER\scheduler\scheduler_V2.0.py
score,E:\football_v\27_MODEL_FUSION_ENGINE\confidence_engine.py
run,E:\football_v\27_MODEL_FUSION_ENGINE\fusion_engine_V2.1.py
calculate,E:\football_v\27_MODEL_FUSION_ENGINE\model_weight_engine.py
calibrate,E:\football_v\28_PROBABILITY_CALIBRATION_ENGINE\calibration_engine.py
run,E:\football_v\28_PROBABILITY_CALIBRATION_ENGINE\odds_calibrator.py
decide,E:\football_v\29_DECISION_ENGINE\decision_engine.py
calculate,E:\football_v\29_DECISION_ENGINE\kelly_decision.py
detect,E:\football_v\30_MARKET_GAME_ENGINE\capital_flow.py
analyze,E:\football_v\30_MARKET_GAME_ENGINE\market_engine.py
learn,E:\football_v\31_SELF_LEARNING_ENGINE\feedback_engine.py
update,E:\football_v\31_SELF_LEARNING_ENGINE\model_update_engine.py
start,E:\football_v\32_PRODUCTION_ORCHESTRATOR\pipeline_controller.py
run,E:\football_v\32_PRODUCTION_ORCHESTRATOR\production_runner.py
run,E:\football_v\37_MODEL_INTELLIGENCE_CONNECTOR\dixon_coles_loader.py
run,E:\football_v\40_MODEL_TRAINING_PIPELINE\trainer\dixon_coles_trainer_V4.0.py
run,E:\football_v\40_MODEL_TRAINING_PIPELINE\trainer\fusion_trainer_V4.0.py
run,E:\football_v\40_MODEL_TRAINING_PIPELINE\trainer\poisson_trainer_V4.0.py
run,E:\football_v\40_MODEL_TRAINING_PIPELINE\trainer\xgboost_trainer_V4.0.py
run_test,E:\football_v\97_TESTS\integration_test\run_integration_test_V1.5.py
run,E:\football_v\99_DOCUMENTATION\architecture_cleanup\FINAL_CLEANUP_V3.0\DEPRECATED_ARCHIVE\capital_detector.py
write_log,E:\football_v\99_DOCUMENTATION\architecture_cleanup\FINAL_CLEANUP_V3.0\DEPRECATED_ARCHIVE\compatibility.py
health,E:\football_v\99_DOCUMENTATION\architecture_cleanup\FINAL_CLEANUP_V3.0\DEPRECATED_ARCHIVE\database_governance_engine.py
health,E:\football_v\99_DOCUMENTATION\architecture_cleanup\FINAL_CLEANUP_V3.0\DEPRECATED_ARCHIVE\data_lineage_engine.py
health,E:\football_v\99_DOCUMENTATION\architecture_cleanup\FINAL_CLEANUP_V3.0\DEPRECATED_ARCHIVE\data_quality_engine.py
validate_exists,E:\football_v\99_DOCUMENTATION\architecture_cleanup\FINAL_CLEANUP_V3.0\DEPRECATED_ARCHIVE\data_validator.py
validate_size,E:\football_v\99_DOCUMENTATION\architecture_cleanup\FINAL_CLEANUP_V3.0\DEPRECATED_ARCHIVE\data_validator.py
validate_file,E:\football_v\99_DOCUMENTATION\architecture_cleanup\FINAL_CLEANUP_V3.0\DEPRECATED_ARCHIVE\data_validator.py
run,E:\football_v\99_DOCUMENTATION\architecture_cleanup\FINAL_CLEANUP_V3.0\DEPRECATED_ARCHIVE\elo_loader.py
__init__,E:\football_v\99_DOCUMENTATION\architecture_cleanup\FINAL_CLEANUP_V3.0\DEPRECATED_ARCHIVE\formatter.py
run,E:\football_v\99_DOCUMENTATION\architecture_cleanup\FINAL_CLEANUP_V3.0\DEPRECATED_ARCHIVE\handicap_value.py
create_file_handler,E:\football_v\99_DOCUMENTATION\architecture_cleanup\FINAL_CLEANUP_V3.0\DEPRECATED_ARCHIVE\handlers.py
create_console_handler,E:\football_v\99_DOCUMENTATION\architecture_cleanup\FINAL_CLEANUP_V3.0\DEPRECATED_ARCHIVE\handlers.py
health,E:\football_v\99_DOCUMENTATION\architecture_cleanup\FINAL_CLEANUP_V3.0\DEPRECATED_ARCHIVE\kelly_engine.py
write_log,E:\football_v\99_DOCUMENTATION\architecture_cleanup\FINAL_CLEANUP_V3.0\DEPRECATED_ARCHIVE\logger.py
run,E:\football_v\99_DOCUMENTATION\architecture_cleanup\FINAL_CLEANUP_V3.0\DEPRECATED_ARCHIVE\market_sentiment.py
run,E:\football_v\99_DOCUMENTATION\architecture_cleanup\FINAL_CLEANUP_V3.0\DEPRECATED_ARCHIVE\match_predictor.py
health,E:\football_v\99_DOCUMENTATION\architecture_cleanup\FINAL_CLEANUP_V3.0\DEPRECATED_ARCHIVE\model_api.py
run,E:\football_v\99_DOCUMENTATION\architecture_cleanup\FINAL_CLEANUP_V3.0\DEPRECATED_ARCHIVE\model_connector.py
health,E:\football_v\99_DOCUMENTATION\architecture_cleanup\FINAL_CLEANUP_V3.0\DEPRECATED_ARCHIVE\model_registry.py
health,E:\football_v\99_DOCUMENTATION\architecture_cleanup\FINAL_CLEANUP_V3.0\DEPRECATED_ARCHIVE\model_status.py
health,E:\football_v\99_DOCUMENTATION\architecture_cleanup\FINAL_CLEANUP_V3.0\DEPRECATED_ARCHIVE\model_version_manager.py
health,E:\football_v\99_DOCUMENTATION\architecture_cleanup\FINAL_CLEANUP_V3.0\DEPRECATED_ARCHIVE\performance.py
run,E:\football_v\99_DOCUMENTATION\architecture_cleanup\FINAL_CLEANUP_V3.0\DEPRECATED_ARCHIVE\poisson_loader.py
health,E:\football_v\99_DOCUMENTATION\architecture_cleanup\FINAL_CLEANUP_V3.0\DEPRECATED_ARCHIVE\prediction.py
health,E:\football_v\99_DOCUMENTATION\architecture_cleanup\FINAL_CLEANUP_V3.0\DEPRECATED_ARCHIVE\prediction_api.py
health,E:\football_v\99_DOCUMENTATION\architecture_cleanup\FINAL_CLEANUP_V3.0\DEPRECATED_ARCHIVE\prediction_engine.py
health,E:\football_v\99_DOCUMENTATION\architecture_cleanup\FINAL_CLEANUP_V3.0\DEPRECATED_ARCHIVE\report_api.py
health,E:\football_v\99_DOCUMENTATION\architecture_cleanup\FINAL_CLEANUP_V3.0\DEPRECATED_ARCHIVE\report_generator.py
run,E:\football_v\99_DOCUMENTATION\architecture_cleanup\FINAL_CLEANUP_V3.0\DEPRECATED_ARCHIVE\risk_detector.py
health,E:\football_v\99_DOCUMENTATION\architecture_cleanup\FINAL_CLEANUP_V3.0\DEPRECATED_ARCHIVE\risk_engine.py
run,E:\football_v\99_DOCUMENTATION\architecture_cleanup\FINAL_CLEANUP_V3.0\DEPRECATED_ARCHIVE\score_predictor.py
health,E:\football_v\99_DOCUMENTATION\architecture_cleanup\FINAL_CLEANUP_V3.0\DEPRECATED_ARCHIVE\test_api.py
health,E:\football_v\99_DOCUMENTATION\architecture_cleanup\FINAL_CLEANUP_V3.0\DEPRECATED_ARCHIVE\test_dashboard.py
health,E:\football_v\99_DOCUMENTATION\architecture_cleanup\FINAL_CLEANUP_V3.0\DEPRECATED_ARCHIVE\test_database_governance.py
health,E:\football_v\99_DOCUMENTATION\architecture_cleanup\FINAL_CLEANUP_V3.0\DEPRECATED_ARCHIVE\test_execution_engine.py
health,E:\football_v\99_DOCUMENTATION\architecture_cleanup\FINAL_CLEANUP_V3.0\DEPRECATED_ARCHIVE\test_model_store.py
run,E:\football_v\99_DOCUMENTATION\architecture_cleanup\FINAL_CLEANUP_V3.0\DEPRECATED_ARCHIVE\value_calculator.py
run,E:\football_v\99_DOCUMENTATION\architecture_cleanup\FINAL_CLEANUP_V3.0\DEPRECATED_ARCHIVE\xgboost_loader.py
write_log,E:\football_v\99_DOCUMENTATION\backup\Core_Backup_V1.2\core\logger.py
__init__,E:\football_v\99_DOCUMENTATION\backup\Storage_Merge_V1.0\storage_manager.py
scan_files,E:\football_v\99_DOCUMENTATION\backup\Storage_Merge_V1.0\storage_manager.py
calculate_hash,E:\football_v\99_DOCUMENTATION\backup\Storage_Merge_V1.0\storage_manager.py
create_inventory,E:\football_v\99_DOCUMENTATION\backup\Storage_Merge_V1.0\storage_manager.py
ensure_folder,E:\football_v\99_DOCUMENTATION\checkpoints\file_service_backup_v11\file_service_backup.py
move_file,E:\football_v\99_DOCUMENTATION\checkpoints\file_service_backup_v11\file_service_backup.py
file_exists,E:\football_v\99_DOCUMENTATION\checkpoints\file_service_backup_v11\file_service_backup.py
calculate_hash,E:\football_v\99_DOCUMENTATION\checkpoints\hash_service_backup_v11\hash_service_backup.py
generate_version_name,E:\football_v\99_DOCUMENTATION\checkpoints\version_service_backup_v11\version_service_backup.py
save_checkpoint,E:\football_v\99_DOCUMENTATION\tools\save_checkpoint.py
generate,E:\football_v\AI_RUNTIME\report.py
run,E:\football_v\AI_RUNTIME\runtime.py
write_file,E:\football_v\deploy\deploy_v15_phase3_11_knowledge_graph.py
write_file,E:\football_v\deploy\deploy_v15_phase3_6.py
write_file,E:\football_v\deploy\deploy_v15_phase3_7_real.py
write,E:\football_v\deploy\deploy_v15_phase5_core.py
write,E:\football_v\deploy\deploy_v15_phase6_training.py
write_files,E:\football_v\deployment_scripts\deploy_remaining_batch_V1.5.py
create_reports,E:\football_v\deployment_scripts\deploy_remaining_batch_V1.5.py
call_system,E:\football_v\USER_INTERFACE_LAYER\api_connector.py
process,E:\football_v\USER_INTERFACE_LAYER\chat_runtime.py
route,E:\football_v\USER_INTERFACE_LAYER\command_router.py
