dependency,file
pytest,E:\football_v\conftest.py
pathlib,E:\football_v\conftest.py
os,E:\football_v\deploy_frozen_v15_completion.py
json,E:\football_v\deploy_frozen_v15_completion.py
datetime,E:\football_v\deploy_frozen_v15_completion.py
os,E:\football_v\deploy_local_console_v1.py
json,E:\football_v\deploy_local_console_v1.py
datetime,E:\football_v\deploy_local_console_v1.py
os,E:\football_v\deploy_phase11.py
json,E:\football_v\deploy_phase11.py
datetime,E:\football_v\deploy_phase11.py
os,E:\football_v\deploy_phase12.py
json,E:\football_v\deploy_phase12.py
datetime,E:\football_v\deploy_phase12.py
os,E:\football_v\deploy_phase13.py
json,E:\football_v\deploy_phase13.py
datetime,E:\football_v\deploy_phase13.py
os,E:\football_v\deploy_phase14.py
json,E:\football_v\deploy_phase14.py
datetime,E:\football_v\deploy_phase14.py
os,E:\football_v\deploy_phase15.py
json,E:\football_v\deploy_phase15.py
datetime,E:\football_v\deploy_phase15.py
os,E:\football_v\deploy_phase16.py
json,E:\football_v\deploy_phase16.py
datetime,E:\football_v\deploy_phase16.py
os,E:\football_v\deploy_phase17.py
json,E:\football_v\deploy_phase17.py
datetime,E:\football_v\deploy_phase17.py
os,E:\football_v\deploy_phase18_20.py
json,E:\football_v\deploy_phase18_20.py
datetime,E:\football_v\deploy_phase18_20.py
os,E:\football_v\deploy_phase21_25.py
json,E:\football_v\deploy_phase21_25.py
datetime,E:\football_v\deploy_phase21_25.py
os,E:\football_v\deploy_phase26_30.py
json,E:\football_v\deploy_phase26_30.py
datetime,E:\football_v\deploy_phase26_30.py
os,E:\football_v\deploy_phase31_35.py
json,E:\football_v\deploy_phase31_35.py
datetime,E:\football_v\deploy_phase31_35.py
os,E:\football_v\deploy_phase36_40.py
json,E:\football_v\deploy_phase36_40.py
datetime,E:\football_v\deploy_phase36_40.py
os,E:\football_v\deploy_remaining_modules_V1.5_FINAL.py
json,E:\football_v\deploy_remaining_modules_V1.5_FINAL.py
datetime,E:\football_v\deploy_remaining_modules_V1.5_FINAL.py
os,E:\football_v\deploy_v15_phase2_patch3.py
os,E:\football_v\final_acceptance_test.py
json,E:\football_v\final_acceptance_test.py
datetime,E:\football_v\final_acceptance_test.py
json,E:\football_v\phase12_test.py
datetime,E:\football_v\phase12_test.py
os,E:\football_v\phase12_test.py
json,E:\football_v\phase13_test.py
datetime,E:\football_v\phase13_test.py
os,E:\football_v\phase13_test.py
json,E:\football_v\phase14_test.py
datetime,E:\football_v\phase14_test.py
os,E:\football_v\phase14_test.py
json,E:\football_v\phase15_test.py
datetime,E:\football_v\phase15_test.py
json,E:\football_v\phase16_test.py
datetime,E:\football_v\phase16_test.py
json,E:\football_v\phase17_test.py
datetime,E:\football_v\phase17_test.py
json,E:\football_v\phase21_25_test.py
datetime,E:\football_v\phase21_25_test.py
json,E:\football_v\phase26_30_test.py
datetime,E:\football_v\phase26_30_test.py
os,E:\football_v\phase36_40_deploy.py
json,E:\football_v\phase36_40_deploy.py
datetime,E:\football_v\phase36_40_deploy.py
os,E:\football_v\phase36_40_deploy_test.py
json,E:\football_v\phase36_40_deploy_test.py
datetime,E:\football_v\phase36_40_deploy_test.py
json,E:\football_v\phase36_40_test.py
datetime,E:\football_v\phase36_40_test.py
os,E:\football_v\phase41_45_deploy_test.py
json,E:\football_v\phase41_45_deploy_test.py
datetime,E:\football_v\phase41_45_deploy_test.py
os,E:\football_v\phase46_50_deploy_test.py
json,E:\football_v\phase46_50_deploy_test.py
datetime,E:\football_v\phase46_50_deploy_test.py
os,E:\football_v\phase51_55_final_validation.py
json,E:\football_v\phase51_55_final_validation.py
datetime,E:\football_v\phase51_55_final_validation.py
os,E:\football_v\phase51_validation.py
json,E:\football_v\phase51_validation.py
datetime,E:\football_v\phase51_validation.py
os,E:\football_v\phase52_backtest.py
json,E:\football_v\phase52_backtest.py
datetime,E:\football_v\phase52_backtest.py
AI_RUNTIME.console,E:\football_v\start_ai_os.py
typing,E:\football_v\.venv\Lib\site-packages\pip\__init__.py
pip._internal.utils.entrypoints,E:\football_v\.venv\Lib\site-packages\pip\__init__.py
os,E:\football_v\.venv\Lib\site-packages\pip\__main__.py
sys,E:\football_v\.venv\Lib\site-packages\pip\__main__.py
pip._internal.cli.main,E:\football_v\.venv\Lib\site-packages\pip\__main__.py
sys,E:\football_v\.venv\Lib\site-packages\pip\__pip-runner__.py
runpy,E:\football_v\.venv\Lib\site-packages\pip\__pip-runner__.py
importlib.machinery,E:\football_v\.venv\Lib\site-packages\pip\__pip-runner__.py
os.path,E:\football_v\.venv\Lib\site-packages\pip\__pip-runner__.py
logging,E:\football_v\.venv\Lib\site-packages\pip\_internal\build_env.py
os,E:\football_v\.venv\Lib\site-packages\pip\_internal\build_env.py
pathlib,E:\football_v\.venv\Lib\site-packages\pip\_internal\build_env.py
site,E:\football_v\.venv\Lib\site-packages\pip\_internal\build_env.py
sys,E:\football_v\.venv\Lib\site-packages\pip\_internal\build_env.py
textwrap,E:\football_v\.venv\Lib\site-packages\pip\_internal\build_env.py
collections,E:\football_v\.venv\Lib\site-packages\pip\_internal\build_env.py
types,E:\football_v\.venv\Lib\site-packages\pip\_internal\build_env.py
typing,E:\football_v\.venv\Lib\site-packages\pip\_internal\build_env.py
pip._vendor.packaging.version,E:\football_v\.venv\Lib\site-packages\pip\_internal\build_env.py
pip,E:\football_v\.venv\Lib\site-packages\pip\_internal\build_env.py
pip._internal.cli.spinners,E:\football_v\.venv\Lib\site-packages\pip\_internal\build_env.py
pip._internal.locations,E:\football_v\.venv\Lib\site-packages\pip\_internal\build_env.py
pip._internal.metadata,E:\football_v\.venv\Lib\site-packages\pip\_internal\build_env.py
pip._internal.utils.logging,E:\football_v\.venv\Lib\site-packages\pip\_internal\build_env.py
pip._internal.utils.packaging,E:\football_v\.venv\Lib\site-packages\pip\_internal\build_env.py
pip._internal.utils.subprocess,E:\football_v\.venv\Lib\site-packages\pip\_internal\build_env.py
pip._internal.utils.temp_dir,E:\football_v\.venv\Lib\site-packages\pip\_internal\build_env.py
pip._internal.index.package_finder,E:\football_v\.venv\Lib\site-packages\pip\_internal\build_env.py
hashlib,E:\football_v\.venv\Lib\site-packages\pip\_internal\cache.py
json,E:\football_v\.venv\Lib\site-packages\pip\_internal\cache.py
logging,E:\football_v\.venv\Lib\site-packages\pip\_internal\cache.py
os,E:\football_v\.venv\Lib\site-packages\pip\_internal\cache.py
pathlib,E:\football_v\.venv\Lib\site-packages\pip\_internal\cache.py
typing,E:\football_v\.venv\Lib\site-packages\pip\_internal\cache.py
pip._vendor.packaging.tags,E:\football_v\.venv\Lib\site-packages\pip\_internal\cache.py
pip._vendor.packaging.utils,E:\football_v\.venv\Lib\site-packages\pip\_internal\cache.py
pip._internal.exceptions,E:\football_v\.venv\Lib\site-packages\pip\_internal\cache.py
pip._internal.models.direct_url,E:\football_v\.venv\Lib\site-packages\pip\_internal\cache.py
pip._internal.models.link,E:\football_v\.venv\Lib\site-packages\pip\_internal\cache.py
pip._internal.models.wheel,E:\football_v\.venv\Lib\site-packages\pip\_internal\cache.py
pip._internal.utils.temp_dir,E:\football_v\.venv\Lib\site-packages\pip\_internal\cache.py
pip._internal.utils.urls,E:\football_v\.venv\Lib\site-packages\pip\_internal\cache.py
configparser,E:\football_v\.venv\Lib\site-packages\pip\_internal\configuration.py
locale,E:\football_v\.venv\Lib\site-packages\pip\_internal\configuration.py
os,E:\football_v\.venv\Lib\site-packages\pip\_internal\configuration.py
sys,E:\football_v\.venv\Lib\site-packages\pip\_internal\configuration.py
typing,E:\football_v\.venv\Lib\site-packages\pip\_internal\configuration.py
pip._internal.exceptions,E:\football_v\.venv\Lib\site-packages\pip\_internal\configuration.py
pip._internal.utils,E:\football_v\.venv\Lib\site-packages\pip\_internal\configuration.py
pip._internal.utils.compat,E:\football_v\.venv\Lib\site-packages\pip\_internal\configuration.py
pip._internal.utils.logging,E:\football_v\.venv\Lib\site-packages\pip\_internal\configuration.py
pip._internal.utils.misc,E:\football_v\.venv\Lib\site-packages\pip\_internal\configuration.py
configparser,E:\football_v\.venv\Lib\site-packages\pip\_internal\exceptions.py
contextlib,E:\football_v\.venv\Lib\site-packages\pip\_internal\exceptions.py
locale,E:\football_v\.venv\Lib\site-packages\pip\_internal\exceptions.py
logging,E:\football_v\.venv\Lib\site-packages\pip\_internal\exceptions.py
pathlib,E:\football_v\.venv\Lib\site-packages\pip\_internal\exceptions.py
re,E:\football_v\.venv\Lib\site-packages\pip\_internal\exceptions.py
sys,E:\football_v\.venv\Lib\site-packages\pip\_internal\exceptions.py
itertools,E:\football_v\.venv\Lib\site-packages\pip\_internal\exceptions.py
typing,E:\football_v\.venv\Lib\site-packages\pip\_internal\exceptions.py
pip._vendor.packaging.requirements,E:\football_v\.venv\Lib\site-packages\pip\_internal\exceptions.py
pip._vendor.packaging.version,E:\football_v\.venv\Lib\site-packages\pip\_internal\exceptions.py
pip._vendor.rich.console,E:\football_v\.venv\Lib\site-packages\pip\_internal\exceptions.py
pip._vendor.rich.markup,E:\football_v\.venv\Lib\site-packages\pip\_internal\exceptions.py
pip._vendor.rich.text,E:\football_v\.venv\Lib\site-packages\pip\_internal\exceptions.py
hashlib,E:\football_v\.venv\Lib\site-packages\pip\_internal\exceptions.py
pip._vendor.requests.models,E:\football_v\.venv\Lib\site-packages\pip\_internal\exceptions.py
pip._internal.metadata,E:\football_v\.venv\Lib\site-packages\pip\_internal\exceptions.py
pip._internal.req.req_install,E:\football_v\.venv\Lib\site-packages\pip\_internal\exceptions.py
pip._internal.utils.hashes,E:\football_v\.venv\Lib\site-packages\pip\_internal\exceptions.py
pip._internal.utils._log,E:\football_v\.venv\Lib\site-packages\pip\_internal\exceptions.py
typing,E:\football_v\.venv\Lib\site-packages\pip\_internal\main.py
pip._internal.utils.entrypoints,E:\football_v\.venv\Lib\site-packages\pip\_internal\main.py
importlib.util,E:\football_v\.venv\Lib\site-packages\pip\_internal\pyproject.py
os,E:\football_v\.venv\Lib\site-packages\pip\_internal\pyproject.py
sys,E:\football_v\.venv\Lib\site-packages\pip\_internal\pyproject.py
collections,E:\football_v\.venv\Lib\site-packages\pip\_internal\pyproject.py
typing,E:\football_v\.venv\Lib\site-packages\pip\_internal\pyproject.py
pip._vendor.packaging.requirements,E:\football_v\.venv\Lib\site-packages\pip\_internal\pyproject.py
pip._internal.exceptions,E:\football_v\.venv\Lib\site-packages\pip\_internal\pyproject.py
pip._internal.utils.packaging,E:\football_v\.venv\Lib\site-packages\pip\_internal\pyproject.py
tomllib,E:\football_v\.venv\Lib\site-packages\pip\_internal\pyproject.py
pip._vendor,E:\football_v\.venv\Lib\site-packages\pip\_internal\pyproject.py
datetime,E:\football_v\.venv\Lib\site-packages\pip\_internal\self_outdated_check.py
functools,E:\football_v\.venv\Lib\site-packages\pip\_internal\self_outdated_check.py
hashlib,E:\football_v\.venv\Lib\site-packages\pip\_internal\self_outdated_check.py
json,E:\football_v\.venv\Lib\site-packages\pip\_internal\self_outdated_check.py
logging,E:\football_v\.venv\Lib\site-packages\pip\_internal\self_outdated_check.py
optparse,E:\football_v\.venv\Lib\site-packages\pip\_internal\self_outdated_check.py
os.path,E:\football_v\.venv\Lib\site-packages\pip\_internal\self_outdated_check.py
sys,E:\football_v\.venv\Lib\site-packages\pip\_internal\self_outdated_check.py
dataclasses,E:\football_v\.venv\Lib\site-packages\pip\_internal\self_outdated_check.py
typing,E:\football_v\.venv\Lib\site-packages\pip\_internal\self_outdated_check.py
pip._vendor.packaging.version,E:\football_v\.venv\Lib\site-packages\pip\_internal\self_outdated_check.py
pip._vendor.packaging.version,E:\football_v\.venv\Lib\site-packages\pip\_internal\self_outdated_check.py
pip._vendor.rich.console,E:\football_v\.venv\Lib\site-packages\pip\_internal\self_outdated_check.py
pip._vendor.rich.markup,E:\football_v\.venv\Lib\site-packages\pip\_internal\self_outdated_check.py
pip._vendor.rich.text,E:\football_v\.venv\Lib\site-packages\pip\_internal\self_outdated_check.py
pip._internal.index.collector,E:\football_v\.venv\Lib\site-packages\pip\_internal\self_outdated_check.py
pip._internal.index.package_finder,E:\football_v\.venv\Lib\site-packages\pip\_internal\self_outdated_check.py
pip._internal.metadata,E:\football_v\.venv\Lib\site-packages\pip\_internal\self_outdated_check.py
pip._internal.models.selection_prefs,E:\football_v\.venv\Lib\site-packages\pip\_internal\self_outdated_check.py
pip._internal.network.session,E:\football_v\.venv\Lib\site-packages\pip\_internal\self_outdated_check.py
pip._internal.utils.compat,E:\football_v\.venv\Lib\site-packages\pip\_internal\self_outdated_check.py
pip._internal.utils.entrypoints,E:\football_v\.venv\Lib\site-packages\pip\_internal\self_outdated_check.py
pip._internal.utils.filesystem,E:\football_v\.venv\Lib\site-packages\pip\_internal\self_outdated_check.py
pip._internal.utils.misc,E:\football_v\.venv\Lib\site-packages\pip\_internal\self_outdated_check.py
logging,E:\football_v\.venv\Lib\site-packages\pip\_internal\wheel_builder.py
os.path,E:\football_v\.venv\Lib\site-packages\pip\_internal\wheel_builder.py
re,E:\football_v\.venv\Lib\site-packages\pip\_internal\wheel_builder.py
shutil,E:\football_v\.venv\Lib\site-packages\pip\_internal\wheel_builder.py
typing,E:\football_v\.venv\Lib\site-packages\pip\_internal\wheel_builder.py
pip._vendor.packaging.utils,E:\football_v\.venv\Lib\site-packages\pip\_internal\wheel_builder.py
pip._vendor.packaging.version,E:\football_v\.venv\Lib\site-packages\pip\_internal\wheel_builder.py
pip._internal.cache,E:\football_v\.venv\Lib\site-packages\pip\_internal\wheel_builder.py
pip._internal.exceptions,E:\football_v\.venv\Lib\site-packages\pip\_internal\wheel_builder.py
pip._internal.metadata,E:\football_v\.venv\Lib\site-packages\pip\_internal\wheel_builder.py
pip._internal.models.link,E:\football_v\.venv\Lib\site-packages\pip\_internal\wheel_builder.py
pip._internal.models.wheel,E:\football_v\.venv\Lib\site-packages\pip\_internal\wheel_builder.py
pip._internal.operations.build.wheel,E:\football_v\.venv\Lib\site-packages\pip\_internal\wheel_builder.py
pip._internal.operations.build.wheel_editable,E:\football_v\.venv\Lib\site-packages\pip\_internal\wheel_builder.py
pip._internal.operations.build.wheel_legacy,E:\football_v\.venv\Lib\site-packages\pip\_internal\wheel_builder.py
pip._internal.req.req_install,E:\football_v\.venv\Lib\site-packages\pip\_internal\wheel_builder.py
pip._internal.utils.logging,E:\football_v\.venv\Lib\site-packages\pip\_internal\wheel_builder.py
pip._internal.utils.misc,E:\football_v\.venv\Lib\site-packages\pip\_internal\wheel_builder.py
pip._internal.utils.setuptools_build,E:\football_v\.venv\Lib\site-packages\pip\_internal\wheel_builder.py
pip._internal.utils.subprocess,E:\football_v\.venv\Lib\site-packages\pip\_internal\wheel_builder.py
pip._internal.utils.temp_dir,E:\football_v\.venv\Lib\site-packages\pip\_internal\wheel_builder.py
pip._internal.utils.urls,E:\football_v\.venv\Lib\site-packages\pip\_internal\wheel_builder.py
pip._internal.vcs,E:\football_v\.venv\Lib\site-packages\pip\_internal\wheel_builder.py
typing,E:\football_v\.venv\Lib\site-packages\pip\_internal\__init__.py
pip._internal.utils,E:\football_v\.venv\Lib\site-packages\pip\_internal\__init__.py
pip._internal.utils.entrypoints,E:\football_v\.venv\Lib\site-packages\pip\_internal\__init__.py
optparse,E:\football_v\.venv\Lib\site-packages\pip\_internal\cli\autocompletion.py
os,E:\football_v\.venv\Lib\site-packages\pip\_internal\cli\autocompletion.py
sys,E:\football_v\.venv\Lib\site-packages\pip\_internal\cli\autocompletion.py
itertools,E:\football_v\.venv\Lib\site-packages\pip\_internal\cli\autocompletion.py
typing,E:\football_v\.venv\Lib\site-packages\pip\_internal\cli\autocompletion.py
pip._internal.cli.main_parser,E:\football_v\.venv\Lib\site-packages\pip\_internal\cli\autocompletion.py
pip._internal.commands,E:\football_v\.venv\Lib\site-packages\pip\_internal\cli\autocompletion.py
pip._internal.metadata,E:\football_v\.venv\Lib\site-packages\pip\_internal\cli\autocompletion.py
logging,E:\football_v\.venv\Lib\site-packages\pip\_internal\cli\base_command.py
logging.config,E:\football_v\.venv\Lib\site-packages\pip\_internal\cli\base_command.py
optparse,E:\football_v\.venv\Lib\site-packages\pip\_internal\cli\base_command.py
os,E:\football_v\.venv\Lib\site-packages\pip\_internal\cli\base_command.py
sys,E:\football_v\.venv\Lib\site-packages\pip\_internal\cli\base_command.py
traceback,E:\football_v\.venv\Lib\site-packages\pip\_internal\cli\base_command.py
optparse,E:\football_v\.venv\Lib\site-packages\pip\_internal\cli\base_command.py
typing,E:\football_v\.venv\Lib\site-packages\pip\_internal\cli\base_command.py
pip._vendor.rich,E:\football_v\.venv\Lib\site-packages\pip\_internal\cli\base_command.py
pip._vendor.rich,E:\football_v\.venv\Lib\site-packages\pip\_internal\cli\base_command.py
pip._internal.cli,E:\football_v\.venv\Lib\site-packages\pip\_internal\cli\base_command.py
pip._internal.cli.command_context,E:\football_v\.venv\Lib\site-packages\pip\_internal\cli\base_command.py
pip._internal.cli.parser,E:\football_v\.venv\Lib\site-packages\pip\_internal\cli\base_command.py
pip._internal.cli.status_codes,E:\football_v\.venv\Lib\site-packages\pip\_internal\cli\base_command.py
pip._internal.exceptions,E:\football_v\.venv\Lib\site-packages\pip\_internal\cli\base_command.py
pip._internal.utils.deprecation,E:\football_v\.venv\Lib\site-packages\pip\_internal\cli\base_command.py
pip._internal.utils.filesystem,E:\football_v\.venv\Lib\site-packages\pip\_internal\cli\base_command.py
pip._internal.utils.logging,E:\football_v\.venv\Lib\site-packages\pip\_internal\cli\base_command.py
pip._internal.utils.misc,E:\football_v\.venv\Lib\site-packages\pip\_internal\cli\base_command.py
pip._internal.utils.temp_dir,E:\football_v\.venv\Lib\site-packages\pip\_internal\cli\base_command.py
pip._internal.utils.temp_dir,E:\football_v\.venv\Lib\site-packages\pip\_internal\cli\base_command.py
pip._internal.utils.virtualenv,E:\football_v\.venv\Lib\site-packages\pip\_internal\cli\base_command.py
importlib.util,E:\football_v\.venv\Lib\site-packages\pip\_internal\cli\cmdoptions.py
logging,E:\football_v\.venv\Lib\site-packages\pip\_internal\cli\cmdoptions.py
os,E:\football_v\.venv\Lib\site-packages\pip\_internal\cli\cmdoptions.py
textwrap,E:\football_v\.venv\Lib\site-packages\pip\_internal\cli\cmdoptions.py
functools,E:\football_v\.venv\Lib\site-packages\pip\_internal\cli\cmdoptions.py
optparse,E:\football_v\.venv\Lib\site-packages\pip\_internal\cli\cmdoptions.py
textwrap,E:\football_v\.venv\Lib\site-packages\pip\_internal\cli\cmdoptions.py
typing,E:\football_v\.venv\Lib\site-packages\pip\_internal\cli\cmdoptions.py
pip._vendor.packaging.utils,E:\football_v\.venv\Lib\site-packages\pip\_internal\cli\cmdoptions.py
pip._internal.cli.parser,E:\football_v\.venv\Lib\site-packages\pip\_internal\cli\cmdoptions.py
pip._internal.exceptions,E:\football_v\.venv\Lib\site-packages\pip\_internal\cli\cmdoptions.py
pip._internal.locations,E:\football_v\.venv\Lib\site-packages\pip\_internal\cli\cmdoptions.py
pip._internal.models.format_control,E:\football_v\.venv\Lib\site-packages\pip\_internal\cli\cmdoptions.py
pip._internal.models.index,E:\football_v\.venv\Lib\site-packages\pip\_internal\cli\cmdoptions.py
pip._internal.models.target_python,E:\football_v\.venv\Lib\site-packages\pip\_internal\cli\cmdoptions.py
pip._internal.utils.hashes,E:\football_v\.venv\Lib\site-packages\pip\_internal\cli\cmdoptions.py
pip._internal.utils.misc,E:\football_v\.venv\Lib\site-packages\pip\_internal\cli\cmdoptions.py
contextlib,E:\football_v\.venv\Lib\site-packages\pip\_internal\cli\command_context.py
typing,E:\football_v\.venv\Lib\site-packages\pip\_internal\cli\command_context.py
logging,E:\football_v\.venv\Lib\site-packages\pip\_internal\cli\index_command.py
os,E:\football_v\.venv\Lib\site-packages\pip\_internal\cli\index_command.py
sys,E:\football_v\.venv\Lib\site-packages\pip\_internal\cli\index_command.py
optparse,E:\football_v\.venv\Lib\site-packages\pip\_internal\cli\index_command.py
typing,E:\football_v\.venv\Lib\site-packages\pip\_internal\cli\index_command.py
pip._vendor,E:\football_v\.venv\Lib\site-packages\pip\_internal\cli\index_command.py
pip._internal.cli.base_command,E:\football_v\.venv\Lib\site-packages\pip\_internal\cli\index_command.py
pip._internal.cli.command_context,E:\football_v\.venv\Lib\site-packages\pip\_internal\cli\index_command.py
ssl,E:\football_v\.venv\Lib\site-packages\pip\_internal\cli\index_command.py
pip._internal.network.session,E:\football_v\.venv\Lib\site-packages\pip\_internal\cli\index_command.py
pip._internal.self_outdated_check,E:\football_v\.venv\Lib\site-packages\pip\_internal\cli\index_command.py
ssl,E:\football_v\.venv\Lib\site-packages\pip\_internal\cli\index_command.py
pip._vendor,E:\football_v\.venv\Lib\site-packages\pip\_internal\cli\index_command.py
pip._internal.network.session,E:\football_v\.venv\Lib\site-packages\pip\_internal\cli\index_command.py
locale,E:\football_v\.venv\Lib\site-packages\pip\_internal\cli\main.py
logging,E:\football_v\.venv\Lib\site-packages\pip\_internal\cli\main.py
os,E:\football_v\.venv\Lib\site-packages\pip\_internal\cli\main.py
sys,E:\football_v\.venv\Lib\site-packages\pip\_internal\cli\main.py
warnings,E:\football_v\.venv\Lib\site-packages\pip\_internal\cli\main.py
typing,E:\football_v\.venv\Lib\site-packages\pip\_internal\cli\main.py
pip._internal.cli.autocompletion,E:\football_v\.venv\Lib\site-packages\pip\_internal\cli\main.py
pip._internal.cli.main_parser,E:\football_v\.venv\Lib\site-packages\pip\_internal\cli\main.py
pip._internal.commands,E:\football_v\.venv\Lib\site-packages\pip\_internal\cli\main.py
pip._internal.exceptions,E:\football_v\.venv\Lib\site-packages\pip\_internal\cli\main.py
pip._internal.utils,E:\football_v\.venv\Lib\site-packages\pip\_internal\cli\main.py
os,E:\football_v\.venv\Lib\site-packages\pip\_internal\cli\main_parser.py
subprocess,E:\football_v\.venv\Lib\site-packages\pip\_internal\cli\main_parser.py
sys,E:\football_v\.venv\Lib\site-packages\pip\_internal\cli\main_parser.py
typing,E:\football_v\.venv\Lib\site-packages\pip\_internal\cli\main_parser.py
pip._internal.build_env,E:\football_v\.venv\Lib\site-packages\pip\_internal\cli\main_parser.py
pip._internal.cli,E:\football_v\.venv\Lib\site-packages\pip\_internal\cli\main_parser.py
pip._internal.cli.parser,E:\football_v\.venv\Lib\site-packages\pip\_internal\cli\main_parser.py
pip._internal.commands,E:\football_v\.venv\Lib\site-packages\pip\_internal\cli\main_parser.py
pip._internal.exceptions,E:\football_v\.venv\Lib\site-packages\pip\_internal\cli\main_parser.py
pip._internal.utils.misc,E:\football_v\.venv\Lib\site-packages\pip\_internal\cli\main_parser.py
logging,E:\football_v\.venv\Lib\site-packages\pip\_internal\cli\parser.py
optparse,E:\football_v\.venv\Lib\site-packages\pip\_internal\cli\parser.py
shutil,E:\football_v\.venv\Lib\site-packages\pip\_internal\cli\parser.py
sys,E:\football_v\.venv\Lib\site-packages\pip\_internal\cli\parser.py
textwrap,E:\football_v\.venv\Lib\site-packages\pip\_internal\cli\parser.py
contextlib,E:\football_v\.venv\Lib\site-packages\pip\_internal\cli\parser.py
typing,E:\football_v\.venv\Lib\site-packages\pip\_internal\cli\parser.py
pip._internal.cli.status_codes,E:\football_v\.venv\Lib\site-packages\pip\_internal\cli\parser.py
pip._internal.configuration,E:\football_v\.venv\Lib\site-packages\pip\_internal\cli\parser.py
pip._internal.utils.misc,E:\football_v\.venv\Lib\site-packages\pip\_internal\cli\parser.py
functools,E:\football_v\.venv\Lib\site-packages\pip\_internal\cli\progress_bars.py
sys,E:\football_v\.venv\Lib\site-packages\pip\_internal\cli\progress_bars.py
typing,E:\football_v\.venv\Lib\site-packages\pip\_internal\cli\progress_bars.py
pip._vendor.rich.progress,E:\football_v\.venv\Lib\site-packages\pip\_internal\cli\progress_bars.py
pip._internal.cli.spinners,E:\football_v\.venv\Lib\site-packages\pip\_internal\cli\progress_bars.py
pip._internal.utils.logging,E:\football_v\.venv\Lib\site-packages\pip\_internal\cli\progress_bars.py
logging,E:\football_v\.venv\Lib\site-packages\pip\_internal\cli\req_command.py
functools,E:\football_v\.venv\Lib\site-packages\pip\_internal\cli\req_command.py
optparse,E:\football_v\.venv\Lib\site-packages\pip\_internal\cli\req_command.py
typing,E:\football_v\.venv\Lib\site-packages\pip\_internal\cli\req_command.py
pip._internal.cache,E:\football_v\.venv\Lib\site-packages\pip\_internal\cli\req_command.py
pip._internal.cli,E:\football_v\.venv\Lib\site-packages\pip\_internal\cli\req_command.py
pip._internal.cli.index_command,E:\football_v\.venv\Lib\site-packages\pip\_internal\cli\req_command.py
pip._internal.cli.index_command,E:\football_v\.venv\Lib\site-packages\pip\_internal\cli\req_command.py
pip._internal.exceptions,E:\football_v\.venv\Lib\site-packages\pip\_internal\cli\req_command.py
pip._internal.index.collector,E:\football_v\.venv\Lib\site-packages\pip\_internal\cli\req_command.py
pip._internal.index.package_finder,E:\football_v\.venv\Lib\site-packages\pip\_internal\cli\req_command.py
pip._internal.models.selection_prefs,E:\football_v\.venv\Lib\site-packages\pip\_internal\cli\req_command.py
pip._internal.models.target_python,E:\football_v\.venv\Lib\site-packages\pip\_internal\cli\req_command.py
pip._internal.network.session,E:\football_v\.venv\Lib\site-packages\pip\_internal\cli\req_command.py
pip._internal.operations.build.build_tracker,E:\football_v\.venv\Lib\site-packages\pip\_internal\cli\req_command.py
pip._internal.operations.prepare,E:\football_v\.venv\Lib\site-packages\pip\_internal\cli\req_command.py
pip._internal.req.constructors,E:\football_v\.venv\Lib\site-packages\pip\_internal\cli\req_command.py
pip._internal.req.req_file,E:\football_v\.venv\Lib\site-packages\pip\_internal\cli\req_command.py
pip._internal.req.req_install,E:\football_v\.venv\Lib\site-packages\pip\_internal\cli\req_command.py
pip._internal.resolution.base,E:\football_v\.venv\Lib\site-packages\pip\_internal\cli\req_command.py
pip._internal.utils.temp_dir,E:\football_v\.venv\Lib\site-packages\pip\_internal\cli\req_command.py
pip._internal.resolution.legacy.resolver,E:\football_v\.venv\Lib\site-packages\pip\_internal\cli\req_command.py
pip._internal.resolution.resolvelib.resolver,E:\football_v\.venv\Lib\site-packages\pip\_internal\cli\req_command.py
contextlib,E:\football_v\.venv\Lib\site-packages\pip\_internal\cli\spinners.py
itertools,E:\football_v\.venv\Lib\site-packages\pip\_internal\cli\spinners.py
logging,E:\football_v\.venv\Lib\site-packages\pip\_internal\cli\spinners.py
sys,E:\football_v\.venv\Lib\site-packages\pip\_internal\cli\spinners.py
time,E:\football_v\.venv\Lib\site-packages\pip\_internal\cli\spinners.py
typing,E:\football_v\.venv\Lib\site-packages\pip\_internal\cli\spinners.py
pip._internal.utils.compat,E:\football_v\.venv\Lib\site-packages\pip\_internal\cli\spinners.py
pip._internal.utils.logging,E:\football_v\.venv\Lib\site-packages\pip\_internal\cli\spinners.py
os,E:\football_v\.venv\Lib\site-packages\pip\_internal\commands\cache.py
textwrap,E:\football_v\.venv\Lib\site-packages\pip\_internal\commands\cache.py
optparse,E:\football_v\.venv\Lib\site-packages\pip\_internal\commands\cache.py
typing,E:\football_v\.venv\Lib\site-packages\pip\_internal\commands\cache.py
pip._internal.cli.base_command,E:\football_v\.venv\Lib\site-packages\pip\_internal\commands\cache.py
pip._internal.cli.status_codes,E:\football_v\.venv\Lib\site-packages\pip\_internal\commands\cache.py
pip._internal.exceptions,E:\football_v\.venv\Lib\site-packages\pip\_internal\commands\cache.py
pip._internal.utils,E:\football_v\.venv\Lib\site-packages\pip\_internal\commands\cache.py
pip._internal.utils.logging,E:\football_v\.venv\Lib\site-packages\pip\_internal\commands\cache.py
pip._internal.utils.misc,E:\football_v\.venv\Lib\site-packages\pip\_internal\commands\cache.py
logging,E:\football_v\.venv\Lib\site-packages\pip\_internal\commands\check.py
optparse,E:\football_v\.venv\Lib\site-packages\pip\_internal\commands\check.py
typing,E:\football_v\.venv\Lib\site-packages\pip\_internal\commands\check.py
pip._internal.cli.base_command,E:\football_v\.venv\Lib\site-packages\pip\_internal\commands\check.py
pip._internal.cli.status_codes,E:\football_v\.venv\Lib\site-packages\pip\_internal\commands\check.py
pip._internal.metadata,E:\football_v\.venv\Lib\site-packages\pip\_internal\commands\check.py
pip._internal.operations.check,E:\football_v\.venv\Lib\site-packages\pip\_internal\commands\check.py
pip._internal.utils.compatibility_tags,E:\football_v\.venv\Lib\site-packages\pip\_internal\commands\check.py
pip._internal.utils.misc,E:\football_v\.venv\Lib\site-packages\pip\_internal\commands\check.py
sys,E:\football_v\.venv\Lib\site-packages\pip\_internal\commands\completion.py
textwrap,E:\football_v\.venv\Lib\site-packages\pip\_internal\commands\completion.py
optparse,E:\football_v\.venv\Lib\site-packages\pip\_internal\commands\completion.py
typing,E:\football_v\.venv\Lib\site-packages\pip\_internal\commands\completion.py
pip._internal.cli.base_command,E:\football_v\.venv\Lib\site-packages\pip\_internal\commands\completion.py
pip._internal.cli.status_codes,E:\football_v\.venv\Lib\site-packages\pip\_internal\commands\completion.py
pip._internal.utils.misc,E:\football_v\.venv\Lib\site-packages\pip\_internal\commands\completion.py
logging,E:\football_v\.venv\Lib\site-packages\pip\_internal\commands\configuration.py
os,E:\football_v\.venv\Lib\site-packages\pip\_internal\commands\configuration.py
subprocess,E:\football_v\.venv\Lib\site-packages\pip\_internal\commands\configuration.py
optparse,E:\football_v\.venv\Lib\site-packages\pip\_internal\commands\configuration.py
typing,E:\football_v\.venv\Lib\site-packages\pip\_internal\commands\configuration.py
pip._internal.cli.base_command,E:\football_v\.venv\Lib\site-packages\pip\_internal\commands\configuration.py
pip._internal.cli.status_codes,E:\football_v\.venv\Lib\site-packages\pip\_internal\commands\configuration.py
pip._internal.configuration,E:\football_v\.venv\Lib\site-packages\pip\_internal\commands\configuration.py
pip._internal.exceptions,E:\football_v\.venv\Lib\site-packages\pip\_internal\commands\configuration.py
pip._internal.utils.logging,E:\football_v\.venv\Lib\site-packages\pip\_internal\commands\configuration.py
pip._internal.utils.misc,E:\football_v\.venv\Lib\site-packages\pip\_internal\commands\configuration.py
locale,E:\football_v\.venv\Lib\site-packages\pip\_internal\commands\debug.py
logging,E:\football_v\.venv\Lib\site-packages\pip\_internal\commands\debug.py
os,E:\football_v\.venv\Lib\site-packages\pip\_internal\commands\debug.py
sys,E:\football_v\.venv\Lib\site-packages\pip\_internal\commands\debug.py
optparse,E:\football_v\.venv\Lib\site-packages\pip\_internal\commands\debug.py
types,E:\football_v\.venv\Lib\site-packages\pip\_internal\commands\debug.py
typing,E:\football_v\.venv\Lib\site-packages\pip\_internal\commands\debug.py
pip._vendor,E:\football_v\.venv\Lib\site-packages\pip\_internal\commands\debug.py
pip._vendor.certifi,E:\football_v\.venv\Lib\site-packages\pip\_internal\commands\debug.py
pip._vendor.packaging.version,E:\football_v\.venv\Lib\site-packages\pip\_internal\commands\debug.py
pip._internal.cli,E:\football_v\.venv\Lib\site-packages\pip\_internal\commands\debug.py
pip._internal.cli.base_command,E:\football_v\.venv\Lib\site-packages\pip\_internal\commands\debug.py
pip._internal.cli.cmdoptions,E:\football_v\.venv\Lib\site-packages\pip\_internal\commands\debug.py
pip._internal.cli.status_codes,E:\football_v\.venv\Lib\site-packages\pip\_internal\commands\debug.py
pip._internal.configuration,E:\football_v\.venv\Lib\site-packages\pip\_internal\commands\debug.py
pip._internal.metadata,E:\football_v\.venv\Lib\site-packages\pip\_internal\commands\debug.py
pip._internal.utils.compat,E:\football_v\.venv\Lib\site-packages\pip\_internal\commands\debug.py
pip._internal.utils.logging,E:\football_v\.venv\Lib\site-packages\pip\_internal\commands\debug.py
pip._internal.utils.misc,E:\football_v\.venv\Lib\site-packages\pip\_internal\commands\debug.py
logging,E:\football_v\.venv\Lib\site-packages\pip\_internal\commands\download.py
os,E:\football_v\.venv\Lib\site-packages\pip\_internal\commands\download.py
optparse,E:\football_v\.venv\Lib\site-packages\pip\_internal\commands\download.py
typing,E:\football_v\.venv\Lib\site-packages\pip\_internal\commands\download.py
pip._internal.cli,E:\football_v\.venv\Lib\site-packages\pip\_internal\commands\download.py
pip._internal.cli.cmdoptions,E:\football_v\.venv\Lib\site-packages\pip\_internal\commands\download.py
pip._internal.cli.req_command,E:\football_v\.venv\Lib\site-packages\pip\_internal\commands\download.py
pip._internal.cli.status_codes,E:\football_v\.venv\Lib\site-packages\pip\_internal\commands\download.py
pip._internal.operations.build.build_tracker,E:\football_v\.venv\Lib\site-packages\pip\_internal\commands\download.py
pip._internal.req.req_install,E:\football_v\.venv\Lib\site-packages\pip\_internal\commands\download.py
pip._internal.utils.misc,E:\football_v\.venv\Lib\site-packages\pip\_internal\commands\download.py
pip._internal.utils.temp_dir,E:\football_v\.venv\Lib\site-packages\pip\_internal\commands\download.py
sys,E:\football_v\.venv\Lib\site-packages\pip\_internal\commands\freeze.py
optparse,E:\football_v\.venv\Lib\site-packages\pip\_internal\commands\freeze.py
typing,E:\football_v\.venv\Lib\site-packages\pip\_internal\commands\freeze.py
pip._internal.cli,E:\football_v\.venv\Lib\site-packages\pip\_internal\commands\freeze.py
pip._internal.cli.base_command,E:\football_v\.venv\Lib\site-packages\pip\_internal\commands\freeze.py
pip._internal.cli.status_codes,E:\football_v\.venv\Lib\site-packages\pip\_internal\commands\freeze.py
pip._internal.operations.freeze,E:\football_v\.venv\Lib\site-packages\pip\_internal\commands\freeze.py
pip._internal.utils.compat,E:\football_v\.venv\Lib\site-packages\pip\_internal\commands\freeze.py
hashlib,E:\football_v\.venv\Lib\site-packages\pip\_internal\commands\hash.py
logging,E:\football_v\.venv\Lib\site-packages\pip\_internal\commands\hash.py
sys,E:\football_v\.venv\Lib\site-packages\pip\_internal\commands\hash.py
optparse,E:\football_v\.venv\Lib\site-packages\pip\_internal\commands\hash.py
typing,E:\football_v\.venv\Lib\site-packages\pip\_internal\commands\hash.py
pip._internal.cli.base_command,E:\football_v\.venv\Lib\site-packages\pip\_internal\commands\hash.py
pip._internal.cli.status_codes,E:\football_v\.venv\Lib\site-packages\pip\_internal\commands\hash.py
pip._internal.utils.hashes,E:\football_v\.venv\Lib\site-packages\pip\_internal\commands\hash.py
pip._internal.utils.misc,E:\football_v\.venv\Lib\site-packages\pip\_internal\commands\hash.py
optparse,E:\football_v\.venv\Lib\site-packages\pip\_internal\commands\help.py
typing,E:\football_v\.venv\Lib\site-packages\pip\_internal\commands\help.py
pip._internal.cli.base_command,E:\football_v\.venv\Lib\site-packages\pip\_internal\commands\help.py
pip._internal.cli.status_codes,E:\football_v\.venv\Lib\site-packages\pip\_internal\commands\help.py
pip._internal.exceptions,E:\football_v\.venv\Lib\site-packages\pip\_internal\commands\help.py
pip._internal.commands,E:\football_v\.venv\Lib\site-packages\pip\_internal\commands\help.py
logging,E:\football_v\.venv\Lib\site-packages\pip\_internal\commands\index.py
optparse,E:\football_v\.venv\Lib\site-packages\pip\_internal\commands\index.py
typing,E:\football_v\.venv\Lib\site-packages\pip\_internal\commands\index.py
pip._vendor.packaging.version,E:\football_v\.venv\Lib\site-packages\pip\_internal\commands\index.py
pip._internal.cli,E:\football_v\.venv\Lib\site-packages\pip\_internal\commands\index.py
pip._internal.cli.req_command,E:\football_v\.venv\Lib\site-packages\pip\_internal\commands\index.py
pip._internal.cli.status_codes,E:\football_v\.venv\Lib\site-packages\pip\_internal\commands\index.py
pip._internal.commands.search,E:\football_v\.venv\Lib\site-packages\pip\_internal\commands\index.py
pip._internal.exceptions,E:\football_v\.venv\Lib\site-packages\pip\_internal\commands\index.py
pip._internal.index.collector,E:\football_v\.venv\Lib\site-packages\pip\_internal\commands\index.py
pip._internal.index.package_finder,E:\football_v\.venv\Lib\site-packages\pip\_internal\commands\index.py
pip._internal.models.selection_prefs,E:\football_v\.venv\Lib\site-packages\pip\_internal\commands\index.py
pip._internal.models.target_python,E:\football_v\.venv\Lib\site-packages\pip\_internal\commands\index.py
pip._internal.network.session,E:\football_v\.venv\Lib\site-packages\pip\_internal\commands\index.py
pip._internal.utils.misc,E:\football_v\.venv\Lib\site-packages\pip\_internal\commands\index.py
logging,E:\football_v\.venv\Lib\site-packages\pip\_internal\commands\inspect.py
optparse,E:\football_v\.venv\Lib\site-packages\pip\_internal\commands\inspect.py
typing,E:\football_v\.venv\Lib\site-packages\pip\_internal\commands\inspect.py
pip._vendor.packaging.markers,E:\football_v\.venv\Lib\site-packages\pip\_internal\commands\inspect.py
pip._vendor.rich,E:\football_v\.venv\Lib\site-packages\pip\_internal\commands\inspect.py
pip,E:\football_v\.venv\Lib\site-packages\pip\_internal\commands\inspect.py
pip._internal.cli,E:\football_v\.venv\Lib\site-packages\pip\_internal\commands\inspect.py
pip._internal.cli.base_command,E:\football_v\.venv\Lib\site-packages\pip\_internal\commands\inspect.py
pip._internal.cli.status_codes,E:\football_v\.venv\Lib\site-packages\pip\_internal\commands\inspect.py
pip._internal.metadata,E:\football_v\.venv\Lib\site-packages\pip\_internal\commands\inspect.py
pip._internal.utils.compat,E:\football_v\.venv\Lib\site-packages\pip\_internal\commands\inspect.py
pip._internal.utils.urls,E:\football_v\.venv\Lib\site-packages\pip\_internal\commands\inspect.py
errno,E:\football_v\.venv\Lib\site-packages\pip\_internal\commands\install.py
json,E:\football_v\.venv\Lib\site-packages\pip\_internal\commands\install.py
operator,E:\football_v\.venv\Lib\site-packages\pip\_internal\commands\install.py
os,E:\football_v\.venv\Lib\site-packages\pip\_internal\commands\install.py
shutil,E:\football_v\.venv\Lib\site-packages\pip\_internal\commands\install.py
site,E:\football_v\.venv\Lib\site-packages\pip\_internal\commands\install.py
optparse,E:\football_v\.venv\Lib\site-packages\pip\_internal\commands\install.py
typing,E:\football_v\.venv\Lib\site-packages\pip\_internal\commands\install.py
pip._vendor.packaging.utils,E:\football_v\.venv\Lib\site-packages\pip\_internal\commands\install.py
pip._vendor.rich,E:\football_v\.venv\Lib\site-packages\pip\_internal\commands\install.py
pip._internal.self_outdated_check,E:\football_v\.venv\Lib\site-packages\pip\_internal\commands\install.py
pip._internal.cache,E:\football_v\.venv\Lib\site-packages\pip\_internal\commands\install.py
pip._internal.cli,E:\football_v\.venv\Lib\site-packages\pip\_internal\commands\install.py
pip._internal.cli.cmdoptions,E:\football_v\.venv\Lib\site-packages\pip\_internal\commands\install.py
pip._internal.cli.req_command,E:\football_v\.venv\Lib\site-packages\pip\_internal\commands\install.py
pip._internal.cli.status_codes,E:\football_v\.venv\Lib\site-packages\pip\_internal\commands\install.py
pip._internal.exceptions,E:\football_v\.venv\Lib\site-packages\pip\_internal\commands\install.py
pip._internal.locations,E:\football_v\.venv\Lib\site-packages\pip\_internal\commands\install.py
pip._internal.metadata,E:\football_v\.venv\Lib\site-packages\pip\_internal\commands\install.py
pip._internal.models.installation_report,E:\football_v\.venv\Lib\site-packages\pip\_internal\commands\install.py
pip._internal.operations.build.build_tracker,E:\football_v\.venv\Lib\site-packages\pip\_internal\commands\install.py
pip._internal.operations.check,E:\football_v\.venv\Lib\site-packages\pip\_internal\commands\install.py
pip._internal.req,E:\football_v\.venv\Lib\site-packages\pip\_internal\commands\install.py
pip._internal.req.req_install,E:\football_v\.venv\Lib\site-packages\pip\_internal\commands\install.py
pip._internal.utils.compat,E:\football_v\.venv\Lib\site-packages\pip\_internal\commands\install.py
pip._internal.utils.filesystem,E:\football_v\.venv\Lib\site-packages\pip\_internal\commands\install.py
pip._internal.utils.logging,E:\football_v\.venv\Lib\site-packages\pip\_internal\commands\install.py
pip._internal.utils.misc,E:\football_v\.venv\Lib\site-packages\pip\_internal\commands\install.py
pip._internal.utils.temp_dir,E:\football_v\.venv\Lib\site-packages\pip\_internal\commands\install.py
pip._internal.utils.virtualenv,E:\football_v\.venv\Lib\site-packages\pip\_internal\commands\install.py
pip._internal.wheel_builder,E:\football_v\.venv\Lib\site-packages\pip\_internal\commands\install.py
json,E:\football_v\.venv\Lib\site-packages\pip\_internal\commands\list.py
logging,E:\football_v\.venv\Lib\site-packages\pip\_internal\commands\list.py
optparse,E:\football_v\.venv\Lib\site-packages\pip\_internal\commands\list.py
typing,E:\football_v\.venv\Lib\site-packages\pip\_internal\commands\list.py
pip._vendor.packaging.utils,E:\football_v\.venv\Lib\site-packages\pip\_internal\commands\list.py
pip._vendor.packaging.version,E:\football_v\.venv\Lib\site-packages\pip\_internal\commands\list.py
pip._internal.cli,E:\football_v\.venv\Lib\site-packages\pip\_internal\commands\list.py
pip._internal.cli.index_command,E:\football_v\.venv\Lib\site-packages\pip\_internal\commands\list.py
pip._internal.cli.status_codes,E:\football_v\.venv\Lib\site-packages\pip\_internal\commands\list.py
pip._internal.exceptions,E:\football_v\.venv\Lib\site-packages\pip\_internal\commands\list.py
pip._internal.metadata,E:\football_v\.venv\Lib\site-packages\pip\_internal\commands\list.py
pip._internal.models.selection_prefs,E:\football_v\.venv\Lib\site-packages\pip\_internal\commands\list.py
pip._internal.utils.compat,E:\football_v\.venv\Lib\site-packages\pip\_internal\commands\list.py
pip._internal.utils.misc,E:\football_v\.venv\Lib\site-packages\pip\_internal\commands\list.py
pip._internal.index.package_finder,E:\football_v\.venv\Lib\site-packages\pip\_internal\commands\list.py
pip._internal.network.session,E:\football_v\.venv\Lib\site-packages\pip\_internal\commands\list.py
pip._internal.index.collector,E:\football_v\.venv\Lib\site-packages\pip\_internal\commands\list.py
pip._internal.index.package_finder,E:\football_v\.venv\Lib\site-packages\pip\_internal\commands\list.py
logging,E:\football_v\.venv\Lib\site-packages\pip\_internal\commands\search.py
shutil,E:\football_v\.venv\Lib\site-packages\pip\_internal\commands\search.py
sys,E:\football_v\.venv\Lib\site-packages\pip\_internal\commands\search.py
textwrap,E:\football_v\.venv\Lib\site-packages\pip\_internal\commands\search.py
xmlrpc.client,E:\football_v\.venv\Lib\site-packages\pip\_internal\commands\search.py
collections,E:\football_v\.venv\Lib\site-packages\pip\_internal\commands\search.py
optparse,E:\football_v\.venv\Lib\site-packages\pip\_internal\commands\search.py
typing,E:\football_v\.venv\Lib\site-packages\pip\_internal\commands\search.py
pip._vendor.packaging.version,E:\football_v\.venv\Lib\site-packages\pip\_internal\commands\search.py
pip._internal.cli.base_command,E:\football_v\.venv\Lib\site-packages\pip\_internal\commands\search.py
pip._internal.cli.req_command,E:\football_v\.venv\Lib\site-packages\pip\_internal\commands\search.py
pip._internal.cli.status_codes,E:\football_v\.venv\Lib\site-packages\pip\_internal\commands\search.py
pip._internal.exceptions,E:\football_v\.venv\Lib\site-packages\pip\_internal\commands\search.py
pip._internal.metadata,E:\football_v\.venv\Lib\site-packages\pip\_internal\commands\search.py
pip._internal.models.index,E:\football_v\.venv\Lib\site-packages\pip\_internal\commands\search.py
pip._internal.network.xmlrpc,E:\football_v\.venv\Lib\site-packages\pip\_internal\commands\search.py
pip._internal.utils.logging,E:\football_v\.venv\Lib\site-packages\pip\_internal\commands\search.py
pip._internal.utils.misc,E:\football_v\.venv\Lib\site-packages\pip\_internal\commands\search.py
logging,E:\football_v\.venv\Lib\site-packages\pip\_internal\commands\show.py
optparse,E:\football_v\.venv\Lib\site-packages\pip\_internal\commands\show.py
typing,E:\football_v\.venv\Lib\site-packages\pip\_internal\commands\show.py
pip._vendor.packaging.requirements,E:\football_v\.venv\Lib\site-packages\pip\_internal\commands\show.py
pip._vendor.packaging.utils,E:\football_v\.venv\Lib\site-packages\pip\_internal\commands\show.py
pip._internal.cli.base_command,E:\football_v\.venv\Lib\site-packages\pip\_internal\commands\show.py
pip._internal.cli.status_codes,E:\football_v\.venv\Lib\site-packages\pip\_internal\commands\show.py
pip._internal.metadata,E:\football_v\.venv\Lib\site-packages\pip\_internal\commands\show.py
pip._internal.utils.misc,E:\football_v\.venv\Lib\site-packages\pip\_internal\commands\show.py
logging,E:\football_v\.venv\Lib\site-packages\pip\_internal\commands\uninstall.py
optparse,E:\football_v\.venv\Lib\site-packages\pip\_internal\commands\uninstall.py
typing,E:\football_v\.venv\Lib\site-packages\pip\_internal\commands\uninstall.py
pip._vendor.packaging.utils,E:\football_v\.venv\Lib\site-packages\pip\_internal\commands\uninstall.py
pip._internal.cli,E:\football_v\.venv\Lib\site-packages\pip\_internal\commands\uninstall.py
pip._internal.cli.base_command,E:\football_v\.venv\Lib\site-packages\pip\_internal\commands\uninstall.py
pip._internal.cli.index_command,E:\football_v\.venv\Lib\site-packages\pip\_internal\commands\uninstall.py
pip._internal.cli.status_codes,E:\football_v\.venv\Lib\site-packages\pip\_internal\commands\uninstall.py
pip._internal.exceptions,E:\football_v\.venv\Lib\site-packages\pip\_internal\commands\uninstall.py
pip._internal.req,E:\football_v\.venv\Lib\site-packages\pip\_internal\commands\uninstall.py
pip._internal.req.constructors,E:\football_v\.venv\Lib\site-packages\pip\_internal\commands\uninstall.py
pip._internal.utils.misc,E:\football_v\.venv\Lib\site-packages\pip\_internal\commands\uninstall.py
logging,E:\football_v\.venv\Lib\site-packages\pip\_internal\commands\wheel.py
os,E:\football_v\.venv\Lib\site-packages\pip\_internal\commands\wheel.py
shutil,E:\football_v\.venv\Lib\site-packages\pip\_internal\commands\wheel.py
optparse,E:\football_v\.venv\Lib\site-packages\pip\_internal\commands\wheel.py
typing,E:\football_v\.venv\Lib\site-packages\pip\_internal\commands\wheel.py
pip._internal.cache,E:\football_v\.venv\Lib\site-packages\pip\_internal\commands\wheel.py
pip._internal.cli,E:\football_v\.venv\Lib\site-packages\pip\_internal\commands\wheel.py
pip._internal.cli.req_command,E:\football_v\.venv\Lib\site-packages\pip\_internal\commands\wheel.py
pip._internal.cli.status_codes,E:\football_v\.venv\Lib\site-packages\pip\_internal\commands\wheel.py
pip._internal.exceptions,E:\football_v\.venv\Lib\site-packages\pip\_internal\commands\wheel.py
pip._internal.operations.build.build_tracker,E:\football_v\.venv\Lib\site-packages\pip\_internal\commands\wheel.py
pip._internal.req.req_install,E:\football_v\.venv\Lib\site-packages\pip\_internal\commands\wheel.py
pip._internal.utils.misc,E:\football_v\.venv\Lib\site-packages\pip\_internal\commands\wheel.py
pip._internal.utils.temp_dir,E:\football_v\.venv\Lib\site-packages\pip\_internal\commands\wheel.py
pip._internal.wheel_builder,E:\football_v\.venv\Lib\site-packages\pip\_internal\commands\wheel.py
importlib,E:\football_v\.venv\Lib\site-packages\pip\_internal\commands\__init__.py
collections,E:\football_v\.venv\Lib\site-packages\pip\_internal\commands\__init__.py
typing,E:\football_v\.venv\Lib\site-packages\pip\_internal\commands\__init__.py
pip._internal.cli.base_command,E:\football_v\.venv\Lib\site-packages\pip\_internal\commands\__init__.py
difflib,E:\football_v\.venv\Lib\site-packages\pip\_internal\commands\__init__.py
abc,E:\football_v\.venv\Lib\site-packages\pip\_internal\distributions\base.py
typing,E:\football_v\.venv\Lib\site-packages\pip\_internal\distributions\base.py
pip._internal.metadata.base,E:\football_v\.venv\Lib\site-packages\pip\_internal\distributions\base.py
pip._internal.req,E:\football_v\.venv\Lib\site-packages\pip\_internal\distributions\base.py
pip._internal.index.package_finder,E:\football_v\.venv\Lib\site-packages\pip\_internal\distributions\base.py
typing,E:\football_v\.venv\Lib\site-packages\pip\_internal\distributions\installed.py
pip._internal.distributions.base,E:\football_v\.venv\Lib\site-packages\pip\_internal\distributions\installed.py
pip._internal.index.package_finder,E:\football_v\.venv\Lib\site-packages\pip\_internal\distributions\installed.py
pip._internal.metadata,E:\football_v\.venv\Lib\site-packages\pip\_internal\distributions\installed.py
logging,E:\football_v\.venv\Lib\site-packages\pip\_internal\distributions\sdist.py
typing,E:\football_v\.venv\Lib\site-packages\pip\_internal\distributions\sdist.py
pip._internal.build_env,E:\football_v\.venv\Lib\site-packages\pip\_internal\distributions\sdist.py
pip._internal.distributions.base,E:\football_v\.venv\Lib\site-packages\pip\_internal\distributions\sdist.py
pip._internal.exceptions,E:\football_v\.venv\Lib\site-packages\pip\_internal\distributions\sdist.py
pip._internal.metadata,E:\football_v\.venv\Lib\site-packages\pip\_internal\distributions\sdist.py
pip._internal.utils.subprocess,E:\football_v\.venv\Lib\site-packages\pip\_internal\distributions\sdist.py
pip._internal.index.package_finder,E:\football_v\.venv\Lib\site-packages\pip\_internal\distributions\sdist.py
typing,E:\football_v\.venv\Lib\site-packages\pip\_internal\distributions\wheel.py
pip._vendor.packaging.utils,E:\football_v\.venv\Lib\site-packages\pip\_internal\distributions\wheel.py
pip._internal.distributions.base,E:\football_v\.venv\Lib\site-packages\pip\_internal\distributions\wheel.py
pip._internal.metadata,E:\football_v\.venv\Lib\site-packages\pip\_internal\distributions\wheel.py
pip._internal.index.package_finder,E:\football_v\.venv\Lib\site-packages\pip\_internal\distributions\wheel.py
pip._internal.distributions.base,E:\football_v\.venv\Lib\site-packages\pip\_internal\distributions\__init__.py
pip._internal.distributions.sdist,E:\football_v\.venv\Lib\site-packages\pip\_internal\distributions\__init__.py
pip._internal.distributions.wheel,E:\football_v\.venv\Lib\site-packages\pip\_internal\distributions\__init__.py
pip._internal.req.req_install,E:\football_v\.venv\Lib\site-packages\pip\_internal\distributions\__init__.py
collections,E:\football_v\.venv\Lib\site-packages\pip\_internal\index\collector.py
email.message,E:\football_v\.venv\Lib\site-packages\pip\_internal\index\collector.py
functools,E:\football_v\.venv\Lib\site-packages\pip\_internal\index\collector.py
itertools,E:\football_v\.venv\Lib\site-packages\pip\_internal\index\collector.py
json,E:\football_v\.venv\Lib\site-packages\pip\_internal\index\collector.py
logging,E:\football_v\.venv\Lib\site-packages\pip\_internal\index\collector.py
os,E:\football_v\.venv\Lib\site-packages\pip\_internal\index\collector.py
urllib.parse,E:\football_v\.venv\Lib\site-packages\pip\_internal\index\collector.py
urllib.request,E:\football_v\.venv\Lib\site-packages\pip\_internal\index\collector.py
dataclasses,E:\football_v\.venv\Lib\site-packages\pip\_internal\index\collector.py
html.parser,E:\football_v\.venv\Lib\site-packages\pip\_internal\index\collector.py
optparse,E:\football_v\.venv\Lib\site-packages\pip\_internal\index\collector.py
typing,E:\football_v\.venv\Lib\site-packages\pip\_internal\index\collector.py
pip._vendor,E:\football_v\.venv\Lib\site-packages\pip\_internal\index\collector.py
pip._vendor.requests,E:\football_v\.venv\Lib\site-packages\pip\_internal\index\collector.py
pip._vendor.requests.exceptions,E:\football_v\.venv\Lib\site-packages\pip\_internal\index\collector.py
pip._internal.exceptions,E:\football_v\.venv\Lib\site-packages\pip\_internal\index\collector.py
pip._internal.models.link,E:\football_v\.venv\Lib\site-packages\pip\_internal\index\collector.py
pip._internal.models.search_scope,E:\football_v\.venv\Lib\site-packages\pip\_internal\index\collector.py
pip._internal.network.session,E:\football_v\.venv\Lib\site-packages\pip\_internal\index\collector.py
pip._internal.network.utils,E:\football_v\.venv\Lib\site-packages\pip\_internal\index\collector.py
pip._internal.utils.filetypes,E:\football_v\.venv\Lib\site-packages\pip\_internal\index\collector.py
pip._internal.utils.misc,E:\football_v\.venv\Lib\site-packages\pip\_internal\index\collector.py
pip._internal.vcs,E:\football_v\.venv\Lib\site-packages\pip\_internal\index\collector.py
sources,E:\football_v\.venv\Lib\site-packages\pip\_internal\index\collector.py
enum,E:\football_v\.venv\Lib\site-packages\pip\_internal\index\package_finder.py
functools,E:\football_v\.venv\Lib\site-packages\pip\_internal\index\package_finder.py
itertools,E:\football_v\.venv\Lib\site-packages\pip\_internal\index\package_finder.py
logging,E:\football_v\.venv\Lib\site-packages\pip\_internal\index\package_finder.py
re,E:\football_v\.venv\Lib\site-packages\pip\_internal\index\package_finder.py
dataclasses,E:\football_v\.venv\Lib\site-packages\pip\_internal\index\package_finder.py
typing,E:\football_v\.venv\Lib\site-packages\pip\_internal\index\package_finder.py
pip._vendor.packaging,E:\football_v\.venv\Lib\site-packages\pip\_internal\index\package_finder.py
pip._vendor.packaging.tags,E:\football_v\.venv\Lib\site-packages\pip\_internal\index\package_finder.py
pip._vendor.packaging.utils,E:\football_v\.venv\Lib\site-packages\pip\_internal\index\package_finder.py
pip._vendor.packaging.version,E:\football_v\.venv\Lib\site-packages\pip\_internal\index\package_finder.py
pip._vendor.packaging.version,E:\football_v\.venv\Lib\site-packages\pip\_internal\index\package_finder.py
pip._internal.exceptions,E:\football_v\.venv\Lib\site-packages\pip\_internal\index\package_finder.py
pip._internal.index.collector,E:\football_v\.venv\Lib\site-packages\pip\_internal\index\package_finder.py
pip._internal.models.candidate,E:\football_v\.venv\Lib\site-packages\pip\_internal\index\package_finder.py
pip._internal.models.format_control,E:\football_v\.venv\Lib\site-packages\pip\_internal\index\package_finder.py
pip._internal.models.link,E:\football_v\.venv\Lib\site-packages\pip\_internal\index\package_finder.py
pip._internal.models.search_scope,E:\football_v\.venv\Lib\site-packages\pip\_internal\index\package_finder.py
pip._internal.models.selection_prefs,E:\football_v\.venv\Lib\site-packages\pip\_internal\index\package_finder.py
pip._internal.models.target_python,E:\football_v\.venv\Lib\site-packages\pip\_internal\index\package_finder.py
pip._internal.models.wheel,E:\football_v\.venv\Lib\site-packages\pip\_internal\index\package_finder.py
pip._internal.req,E:\football_v\.venv\Lib\site-packages\pip\_internal\index\package_finder.py
pip._internal.utils._log,E:\football_v\.venv\Lib\site-packages\pip\_internal\index\package_finder.py
pip._internal.utils.filetypes,E:\football_v\.venv\Lib\site-packages\pip\_internal\index\package_finder.py
pip._internal.utils.hashes,E:\football_v\.venv\Lib\site-packages\pip\_internal\index\package_finder.py
pip._internal.utils.logging,E:\football_v\.venv\Lib\site-packages\pip\_internal\index\package_finder.py
pip._internal.utils.misc,E:\football_v\.venv\Lib\site-packages\pip\_internal\index\package_finder.py
pip._internal.utils.packaging,E:\football_v\.venv\Lib\site-packages\pip\_internal\index\package_finder.py
pip._internal.utils.unpacking,E:\football_v\.venv\Lib\site-packages\pip\_internal\index\package_finder.py
pip._vendor.typing_extensions,E:\football_v\.venv\Lib\site-packages\pip\_internal\index\package_finder.py
logging,E:\football_v\.venv\Lib\site-packages\pip\_internal\index\sources.py
mimetypes,E:\football_v\.venv\Lib\site-packages\pip\_internal\index\sources.py
os,E:\football_v\.venv\Lib\site-packages\pip\_internal\index\sources.py
collections,E:\football_v\.venv\Lib\site-packages\pip\_internal\index\sources.py
typing,E:\football_v\.venv\Lib\site-packages\pip\_internal\index\sources.py
pip._vendor.packaging.utils,E:\football_v\.venv\Lib\site-packages\pip\_internal\index\sources.py
pip._internal.models.candidate,E:\football_v\.venv\Lib\site-packages\pip\_internal\index\sources.py
pip._internal.models.link,E:\football_v\.venv\Lib\site-packages\pip\_internal\index\sources.py
pip._internal.utils.urls,E:\football_v\.venv\Lib\site-packages\pip\_internal\index\sources.py
pip._internal.vcs,E:\football_v\.venv\Lib\site-packages\pip\_internal\index\sources.py
functools,E:\football_v\.venv\Lib\site-packages\pip\_internal\locations\base.py
os,E:\football_v\.venv\Lib\site-packages\pip\_internal\locations\base.py
site,E:\football_v\.venv\Lib\site-packages\pip\_internal\locations\base.py
sys,E:\football_v\.venv\Lib\site-packages\pip\_internal\locations\base.py
sysconfig,E:\football_v\.venv\Lib\site-packages\pip\_internal\locations\base.py
typing,E:\football_v\.venv\Lib\site-packages\pip\_internal\locations\base.py
pip._internal.exceptions,E:\football_v\.venv\Lib\site-packages\pip\_internal\locations\base.py
pip._internal.utils,E:\football_v\.venv\Lib\site-packages\pip\_internal\locations\base.py
pip._internal.utils.virtualenv,E:\football_v\.venv\Lib\site-packages\pip\_internal\locations\base.py
logging,E:\football_v\.venv\Lib\site-packages\pip\_internal\locations\_distutils.py
os,E:\football_v\.venv\Lib\site-packages\pip\_internal\locations\_distutils.py
sys,E:\football_v\.venv\Lib\site-packages\pip\_internal\locations\_distutils.py
distutils.cmd,E:\football_v\.venv\Lib\site-packages\pip\_internal\locations\_distutils.py
distutils.command.install,E:\football_v\.venv\Lib\site-packages\pip\_internal\locations\_distutils.py
distutils.command.install,E:\football_v\.venv\Lib\site-packages\pip\_internal\locations\_distutils.py
distutils.sysconfig,E:\football_v\.venv\Lib\site-packages\pip\_internal\locations\_distutils.py
typing,E:\football_v\.venv\Lib\site-packages\pip\_internal\locations\_distutils.py
pip._internal.models.scheme,E:\football_v\.venv\Lib\site-packages\pip\_internal\locations\_distutils.py
pip._internal.utils.compat,E:\football_v\.venv\Lib\site-packages\pip\_internal\locations\_distutils.py
pip._internal.utils.virtualenv,E:\football_v\.venv\Lib\site-packages\pip\_internal\locations\_distutils.py
base,E:\football_v\.venv\Lib\site-packages\pip\_internal\locations\_distutils.py
distutils.dist,E:\football_v\.venv\Lib\site-packages\pip\_internal\locations\_distutils.py
logging,E:\football_v\.venv\Lib\site-packages\pip\_internal\locations\_sysconfig.py
os,E:\football_v\.venv\Lib\site-packages\pip\_internal\locations\_sysconfig.py
sys,E:\football_v\.venv\Lib\site-packages\pip\_internal\locations\_sysconfig.py
sysconfig,E:\football_v\.venv\Lib\site-packages\pip\_internal\locations\_sysconfig.py
typing,E:\football_v\.venv\Lib\site-packages\pip\_internal\locations\_sysconfig.py
pip._internal.exceptions,E:\football_v\.venv\Lib\site-packages\pip\_internal\locations\_sysconfig.py
pip._internal.models.scheme,E:\football_v\.venv\Lib\site-packages\pip\_internal\locations\_sysconfig.py
pip._internal.utils.virtualenv,E:\football_v\.venv\Lib\site-packages\pip\_internal\locations\_sysconfig.py
base,E:\football_v\.venv\Lib\site-packages\pip\_internal\locations\_sysconfig.py
functools,E:\football_v\.venv\Lib\site-packages\pip\_internal\locations\__init__.py
logging,E:\football_v\.venv\Lib\site-packages\pip\_internal\locations\__init__.py
os,E:\football_v\.venv\Lib\site-packages\pip\_internal\locations\__init__.py
pathlib,E:\football_v\.venv\Lib\site-packages\pip\_internal\locations\__init__.py
sys,E:\football_v\.venv\Lib\site-packages\pip\_internal\locations\__init__.py
sysconfig,E:\football_v\.venv\Lib\site-packages\pip\_internal\locations\__init__.py
typing,E:\football_v\.venv\Lib\site-packages\pip\_internal\locations\__init__.py
pip._internal.models.scheme,E:\football_v\.venv\Lib\site-packages\pip\_internal\locations\__init__.py
pip._internal.utils.compat,E:\football_v\.venv\Lib\site-packages\pip\_internal\locations\__init__.py
pip._internal.utils.deprecation,E:\football_v\.venv\Lib\site-packages\pip\_internal\locations\__init__.py
pip._internal.utils.virtualenv,E:\football_v\.venv\Lib\site-packages\pip\_internal\locations\__init__.py
base,E:\football_v\.venv\Lib\site-packages\pip\_internal\locations\__init__.py
distutils.command.install,E:\football_v\.venv\Lib\site-packages\pip\_internal\locations\__init__.py
distutils.command.install,E:\football_v\.venv\Lib\site-packages\pip\_internal\locations\__init__.py
distutils.command.install,E:\football_v\.venv\Lib\site-packages\pip\_internal\locations\__init__.py
distutils.command.install,E:\football_v\.venv\Lib\site-packages\pip\_internal\locations\__init__.py
distutils.dist,E:\football_v\.venv\Lib\site-packages\pip\_internal\locations\__init__.py
csv,E:\football_v\.venv\Lib\site-packages\pip\_internal\metadata\base.py
email.message,E:\football_v\.venv\Lib\site-packages\pip\_internal\metadata\base.py
functools,E:\football_v\.venv\Lib\site-packages\pip\_internal\metadata\base.py
json,E:\football_v\.venv\Lib\site-packages\pip\_internal\metadata\base.py
logging,E:\football_v\.venv\Lib\site-packages\pip\_internal\metadata\base.py
pathlib,E:\football_v\.venv\Lib\site-packages\pip\_internal\metadata\base.py
re,E:\football_v\.venv\Lib\site-packages\pip\_internal\metadata\base.py
zipfile,E:\football_v\.venv\Lib\site-packages\pip\_internal\metadata\base.py
typing,E:\football_v\.venv\Lib\site-packages\pip\_internal\metadata\base.py
pip._vendor.packaging.requirements,E:\football_v\.venv\Lib\site-packages\pip\_internal\metadata\base.py
pip._vendor.packaging.specifiers,E:\football_v\.venv\Lib\site-packages\pip\_internal\metadata\base.py
pip._vendor.packaging.utils,E:\football_v\.venv\Lib\site-packages\pip\_internal\metadata\base.py
pip._vendor.packaging.version,E:\football_v\.venv\Lib\site-packages\pip\_internal\metadata\base.py
pip._internal.exceptions,E:\football_v\.venv\Lib\site-packages\pip\_internal\metadata\base.py
pip._internal.locations,E:\football_v\.venv\Lib\site-packages\pip\_internal\metadata\base.py
pip._internal.models.direct_url,E:\football_v\.venv\Lib\site-packages\pip\_internal\metadata\base.py
pip._internal.utils.compat,E:\football_v\.venv\Lib\site-packages\pip\_internal\metadata\base.py
pip._internal.utils.egg_link,E:\football_v\.venv\Lib\site-packages\pip\_internal\metadata\base.py
pip._internal.utils.misc,E:\football_v\.venv\Lib\site-packages\pip\_internal\metadata\base.py
pip._internal.utils.urls,E:\football_v\.venv\Lib\site-packages\pip\_internal\metadata\base.py
_json,E:\football_v\.venv\Lib\site-packages\pip\_internal\metadata\base.py
email.message,E:\football_v\.venv\Lib\site-packages\pip\_internal\metadata\pkg_resources.py
email.parser,E:\football_v\.venv\Lib\site-packages\pip\_internal\metadata\pkg_resources.py
logging,E:\football_v\.venv\Lib\site-packages\pip\_internal\metadata\pkg_resources.py
os,E:\football_v\.venv\Lib\site-packages\pip\_internal\metadata\pkg_resources.py
zipfile,E:\football_v\.venv\Lib\site-packages\pip\_internal\metadata\pkg_resources.py
typing,E:\football_v\.venv\Lib\site-packages\pip\_internal\metadata\pkg_resources.py
pip._vendor,E:\football_v\.venv\Lib\site-packages\pip\_internal\metadata\pkg_resources.py
pip._vendor.packaging.requirements,E:\football_v\.venv\Lib\site-packages\pip\_internal\metadata\pkg_resources.py
pip._vendor.packaging.utils,E:\football_v\.venv\Lib\site-packages\pip\_internal\metadata\pkg_resources.py
pip._vendor.packaging.version,E:\football_v\.venv\Lib\site-packages\pip\_internal\metadata\pkg_resources.py
pip._vendor.packaging.version,E:\football_v\.venv\Lib\site-packages\pip\_internal\metadata\pkg_resources.py
pip._internal.exceptions,E:\football_v\.venv\Lib\site-packages\pip\_internal\metadata\pkg_resources.py
pip._internal.utils.egg_link,E:\football_v\.venv\Lib\site-packages\pip\_internal\metadata\pkg_resources.py
pip._internal.utils.misc,E:\football_v\.venv\Lib\site-packages\pip\_internal\metadata\pkg_resources.py
pip._internal.utils.wheel,E:\football_v\.venv\Lib\site-packages\pip\_internal\metadata\pkg_resources.py
base,E:\football_v\.venv\Lib\site-packages\pip\_internal\metadata\pkg_resources.py
email.header,E:\football_v\.venv\Lib\site-packages\pip\_internal\metadata\_json.py
email.message,E:\football_v\.venv\Lib\site-packages\pip\_internal\metadata\_json.py
typing,E:\football_v\.venv\Lib\site-packages\pip\_internal\metadata\_json.py
contextlib,E:\football_v\.venv\Lib\site-packages\pip\_internal\metadata\__init__.py
functools,E:\football_v\.venv\Lib\site-packages\pip\_internal\metadata\__init__.py
os,E:\football_v\.venv\Lib\site-packages\pip\_internal\metadata\__init__.py
sys,E:\football_v\.venv\Lib\site-packages\pip\_internal\metadata\__init__.py
typing,E:\football_v\.venv\Lib\site-packages\pip\_internal\metadata\__init__.py
pip._internal.utils.misc,E:\football_v\.venv\Lib\site-packages\pip\_internal\metadata\__init__.py
base,E:\football_v\.venv\Lib\site-packages\pip\_internal\metadata\__init__.py
typing,E:\football_v\.venv\Lib\site-packages\pip\_internal\metadata\__init__.py
importlib.metadata,E:\football_v\.venv\Lib\site-packages\pip\_internal\metadata\__init__.py
importlib.metadata,E:\football_v\.venv\Lib\site-packages\pip\_internal\metadata\importlib\_compat.py
os,E:\football_v\.venv\Lib\site-packages\pip\_internal\metadata\importlib\_compat.py
typing,E:\football_v\.venv\Lib\site-packages\pip\_internal\metadata\importlib\_compat.py
pip._vendor.packaging.utils,E:\football_v\.venv\Lib\site-packages\pip\_internal\metadata\importlib\_compat.py
email.message,E:\football_v\.venv\Lib\site-packages\pip\_internal\metadata\importlib\_dists.py
importlib.metadata,E:\football_v\.venv\Lib\site-packages\pip\_internal\metadata\importlib\_dists.py
pathlib,E:\football_v\.venv\Lib\site-packages\pip\_internal\metadata\importlib\_dists.py
zipfile,E:\football_v\.venv\Lib\site-packages\pip\_internal\metadata\importlib\_dists.py
os,E:\football_v\.venv\Lib\site-packages\pip\_internal\metadata\importlib\_dists.py
typing,E:\football_v\.venv\Lib\site-packages\pip\_internal\metadata\importlib\_dists.py
pip._vendor.packaging.requirements,E:\football_v\.venv\Lib\site-packages\pip\_internal\metadata\importlib\_dists.py
pip._vendor.packaging.utils,E:\football_v\.venv\Lib\site-packages\pip\_internal\metadata\importlib\_dists.py
pip._vendor.packaging.version,E:\football_v\.venv\Lib\site-packages\pip\_internal\metadata\importlib\_dists.py
pip._vendor.packaging.version,E:\football_v\.venv\Lib\site-packages\pip\_internal\metadata\importlib\_dists.py
pip._internal.exceptions,E:\football_v\.venv\Lib\site-packages\pip\_internal\metadata\importlib\_dists.py
pip._internal.metadata.base,E:\football_v\.venv\Lib\site-packages\pip\_internal\metadata\importlib\_dists.py
pip._internal.utils.misc,E:\football_v\.venv\Lib\site-packages\pip\_internal\metadata\importlib\_dists.py
pip._internal.utils.packaging,E:\football_v\.venv\Lib\site-packages\pip\_internal\metadata\importlib\_dists.py
pip._internal.utils.temp_dir,E:\football_v\.venv\Lib\site-packages\pip\_internal\metadata\importlib\_dists.py
pip._internal.utils.wheel,E:\football_v\.venv\Lib\site-packages\pip\_internal\metadata\importlib\_dists.py
_compat,E:\football_v\.venv\Lib\site-packages\pip\_internal\metadata\importlib\_dists.py
functools,E:\football_v\.venv\Lib\site-packages\pip\_internal\metadata\importlib\_envs.py
importlib.metadata,E:\football_v\.venv\Lib\site-packages\pip\_internal\metadata\importlib\_envs.py
logging,E:\football_v\.venv\Lib\site-packages\pip\_internal\metadata\importlib\_envs.py
os,E:\football_v\.venv\Lib\site-packages\pip\_internal\metadata\importlib\_envs.py
pathlib,E:\football_v\.venv\Lib\site-packages\pip\_internal\metadata\importlib\_envs.py
sys,E:\football_v\.venv\Lib\site-packages\pip\_internal\metadata\importlib\_envs.py
zipfile,E:\football_v\.venv\Lib\site-packages\pip\_internal\metadata\importlib\_envs.py
zipimport,E:\football_v\.venv\Lib\site-packages\pip\_internal\metadata\importlib\_envs.py
typing,E:\football_v\.venv\Lib\site-packages\pip\_internal\metadata\importlib\_envs.py
pip._vendor.packaging.utils,E:\football_v\.venv\Lib\site-packages\pip\_internal\metadata\importlib\_envs.py
pip._internal.metadata.base,E:\football_v\.venv\Lib\site-packages\pip\_internal\metadata\importlib\_envs.py
pip._internal.models.wheel,E:\football_v\.venv\Lib\site-packages\pip\_internal\metadata\importlib\_envs.py
pip._internal.utils.deprecation,E:\football_v\.venv\Lib\site-packages\pip\_internal\metadata\importlib\_envs.py
pip._internal.utils.filetypes,E:\football_v\.venv\Lib\site-packages\pip\_internal\metadata\importlib\_envs.py
_compat,E:\football_v\.venv\Lib\site-packages\pip\_internal\metadata\importlib\_envs.py
_dists,E:\football_v\.venv\Lib\site-packages\pip\_internal\metadata\importlib\_envs.py
pip._vendor.pkg_resources,E:\football_v\.venv\Lib\site-packages\pip\_internal\metadata\importlib\_envs.py
pip._internal.metadata,E:\football_v\.venv\Lib\site-packages\pip\_internal\metadata\importlib\_envs.py
pip._vendor.pkg_resources,E:\football_v\.venv\Lib\site-packages\pip\_internal\metadata\importlib\_envs.py
pip._internal.metadata,E:\football_v\.venv\Lib\site-packages\pip\_internal\metadata\importlib\_envs.py
_dists,E:\football_v\.venv\Lib\site-packages\pip\_internal\metadata\importlib\__init__.py
_envs,E:\football_v\.venv\Lib\site-packages\pip\_internal\metadata\importlib\__init__.py
dataclasses,E:\football_v\.venv\Lib\site-packages\pip\_internal\models\candidate.py
pip._vendor.packaging.version,E:\football_v\.venv\Lib\site-packages\pip\_internal\models\candidate.py
pip._vendor.packaging.version,E:\football_v\.venv\Lib\site-packages\pip\_internal\models\candidate.py
pip._internal.models.link,E:\football_v\.venv\Lib\site-packages\pip\_internal\models\candidate.py
json,E:\football_v\.venv\Lib\site-packages\pip\_internal\models\direct_url.py
re,E:\football_v\.venv\Lib\site-packages\pip\_internal\models\direct_url.py
urllib.parse,E:\football_v\.venv\Lib\site-packages\pip\_internal\models\direct_url.py
dataclasses,E:\football_v\.venv\Lib\site-packages\pip\_internal\models\direct_url.py
typing,E:\football_v\.venv\Lib\site-packages\pip\_internal\models\direct_url.py
typing,E:\football_v\.venv\Lib\site-packages\pip\_internal\models\format_control.py
pip._vendor.packaging.utils,E:\football_v\.venv\Lib\site-packages\pip\_internal\models\format_control.py
pip._internal.exceptions,E:\football_v\.venv\Lib\site-packages\pip\_internal\models\format_control.py
urllib.parse,E:\football_v\.venv\Lib\site-packages\pip\_internal\models\index.py
typing,E:\football_v\.venv\Lib\site-packages\pip\_internal\models\installation_report.py
pip._vendor.packaging.markers,E:\football_v\.venv\Lib\site-packages\pip\_internal\models\installation_report.py
pip,E:\football_v\.venv\Lib\site-packages\pip\_internal\models\installation_report.py
pip._internal.req.req_install,E:\football_v\.venv\Lib\site-packages\pip\_internal\models\installation_report.py
functools,E:\football_v\.venv\Lib\site-packages\pip\_internal\models\link.py
itertools,E:\football_v\.venv\Lib\site-packages\pip\_internal\models\link.py
logging,E:\football_v\.venv\Lib\site-packages\pip\_internal\models\link.py
os,E:\football_v\.venv\Lib\site-packages\pip\_internal\models\link.py
posixpath,E:\football_v\.venv\Lib\site-packages\pip\_internal\models\link.py
re,E:\football_v\.venv\Lib\site-packages\pip\_internal\models\link.py
urllib.parse,E:\football_v\.venv\Lib\site-packages\pip\_internal\models\link.py
dataclasses,E:\football_v\.venv\Lib\site-packages\pip\_internal\models\link.py
typing,E:\football_v\.venv\Lib\site-packages\pip\_internal\models\link.py
pip._internal.utils.deprecation,E:\football_v\.venv\Lib\site-packages\pip\_internal\models\link.py
pip._internal.utils.filetypes,E:\football_v\.venv\Lib\site-packages\pip\_internal\models\link.py
pip._internal.utils.hashes,E:\football_v\.venv\Lib\site-packages\pip\_internal\models\link.py
pip._internal.utils.misc,E:\football_v\.venv\Lib\site-packages\pip\_internal\models\link.py
pip._internal.utils.urls,E:\football_v\.venv\Lib\site-packages\pip\_internal\models\link.py
pip._internal.index.collector,E:\football_v\.venv\Lib\site-packages\pip\_internal\models\link.py
pip._internal.vcs,E:\football_v\.venv\Lib\site-packages\pip\_internal\models\link.py
dataclasses,E:\football_v\.venv\Lib\site-packages\pip\_internal\models\scheme.py
itertools,E:\football_v\.venv\Lib\site-packages\pip\_internal\models\search_scope.py
logging,E:\football_v\.venv\Lib\site-packages\pip\_internal\models\search_scope.py
os,E:\football_v\.venv\Lib\site-packages\pip\_internal\models\search_scope.py
posixpath,E:\football_v\.venv\Lib\site-packages\pip\_internal\models\search_scope.py
urllib.parse,E:\football_v\.venv\Lib\site-packages\pip\_internal\models\search_scope.py
dataclasses,E:\football_v\.venv\Lib\site-packages\pip\_internal\models\search_scope.py
typing,E:\football_v\.venv\Lib\site-packages\pip\_internal\models\search_scope.py
pip._vendor.packaging.utils,E:\football_v\.venv\Lib\site-packages\pip\_internal\models\search_scope.py
pip._internal.models.index,E:\football_v\.venv\Lib\site-packages\pip\_internal\models\search_scope.py
pip._internal.utils.compat,E:\football_v\.venv\Lib\site-packages\pip\_internal\models\search_scope.py
pip._internal.utils.misc,E:\football_v\.venv\Lib\site-packages\pip\_internal\models\search_scope.py
typing,E:\football_v\.venv\Lib\site-packages\pip\_internal\models\selection_prefs.py
pip._internal.models.format_control,E:\football_v\.venv\Lib\site-packages\pip\_internal\models\selection_prefs.py
sys,E:\football_v\.venv\Lib\site-packages\pip\_internal\models\target_python.py
typing,E:\football_v\.venv\Lib\site-packages\pip\_internal\models\target_python.py
pip._vendor.packaging.tags,E:\football_v\.venv\Lib\site-packages\pip\_internal\models\target_python.py
pip._internal.utils.compatibility_tags,E:\football_v\.venv\Lib\site-packages\pip\_internal\models\target_python.py
pip._internal.utils.misc,E:\football_v\.venv\Lib\site-packages\pip\_internal\models\target_python.py
re,E:\football_v\.venv\Lib\site-packages\pip\_internal\models\wheel.py
typing,E:\football_v\.venv\Lib\site-packages\pip\_internal\models\wheel.py
pip._vendor.packaging.tags,E:\football_v\.venv\Lib\site-packages\pip\_internal\models\wheel.py
pip._vendor.packaging.utils,E:\football_v\.venv\Lib\site-packages\pip\_internal\models\wheel.py
pip._vendor.packaging.utils,E:\football_v\.venv\Lib\site-packages\pip\_internal\models\wheel.py
pip._internal.exceptions,E:\football_v\.venv\Lib\site-packages\pip\_internal\models\wheel.py
pip._internal.utils.deprecation,E:\football_v\.venv\Lib\site-packages\pip\_internal\models\wheel.py
logging,E:\football_v\.venv\Lib\site-packages\pip\_internal\network\auth.py
os,E:\football_v\.venv\Lib\site-packages\pip\_internal\network\auth.py
shutil,E:\football_v\.venv\Lib\site-packages\pip\_internal\network\auth.py
subprocess,E:\football_v\.venv\Lib\site-packages\pip\_internal\network\auth.py
sysconfig,E:\football_v\.venv\Lib\site-packages\pip\_internal\network\auth.py
typing,E:\football_v\.venv\Lib\site-packages\pip\_internal\network\auth.py
urllib.parse,E:\football_v\.venv\Lib\site-packages\pip\_internal\network\auth.py
abc,E:\football_v\.venv\Lib\site-packages\pip\_internal\network\auth.py
functools,E:\football_v\.venv\Lib\site-packages\pip\_internal\network\auth.py
os.path,E:\football_v\.venv\Lib\site-packages\pip\_internal\network\auth.py
pathlib,E:\football_v\.venv\Lib\site-packages\pip\_internal\network\auth.py
typing,E:\football_v\.venv\Lib\site-packages\pip\_internal\network\auth.py
pip._vendor.requests.auth,E:\football_v\.venv\Lib\site-packages\pip\_internal\network\auth.py
pip._vendor.requests.models,E:\football_v\.venv\Lib\site-packages\pip\_internal\network\auth.py
pip._vendor.requests.utils,E:\football_v\.venv\Lib\site-packages\pip\_internal\network\auth.py
pip._internal.utils.logging,E:\football_v\.venv\Lib\site-packages\pip\_internal\network\auth.py
pip._internal.utils.misc,E:\football_v\.venv\Lib\site-packages\pip\_internal\network\auth.py
pip._internal.vcs.versioncontrol,E:\football_v\.venv\Lib\site-packages\pip\_internal\network\auth.py
keyring,E:\football_v\.venv\Lib\site-packages\pip\_internal\network\auth.py
os,E:\football_v\.venv\Lib\site-packages\pip\_internal\network\cache.py
contextlib,E:\football_v\.venv\Lib\site-packages\pip\_internal\network\cache.py
datetime,E:\football_v\.venv\Lib\site-packages\pip\_internal\network\cache.py
typing,E:\football_v\.venv\Lib\site-packages\pip\_internal\network\cache.py
pip._vendor.cachecontrol.cache,E:\football_v\.venv\Lib\site-packages\pip\_internal\network\cache.py
pip._vendor.cachecontrol.caches,E:\football_v\.venv\Lib\site-packages\pip\_internal\network\cache.py
pip._vendor.requests.models,E:\football_v\.venv\Lib\site-packages\pip\_internal\network\cache.py
pip._internal.utils.filesystem,E:\football_v\.venv\Lib\site-packages\pip\_internal\network\cache.py
pip._internal.utils.misc,E:\football_v\.venv\Lib\site-packages\pip\_internal\network\cache.py
email.message,E:\football_v\.venv\Lib\site-packages\pip\_internal\network\download.py
logging,E:\football_v\.venv\Lib\site-packages\pip\_internal\network\download.py
mimetypes,E:\football_v\.venv\Lib\site-packages\pip\_internal\network\download.py
os,E:\football_v\.venv\Lib\site-packages\pip\_internal\network\download.py
typing,E:\football_v\.venv\Lib\site-packages\pip\_internal\network\download.py
pip._vendor.requests.models,E:\football_v\.venv\Lib\site-packages\pip\_internal\network\download.py
pip._internal.cli.progress_bars,E:\football_v\.venv\Lib\site-packages\pip\_internal\network\download.py
pip._internal.exceptions,E:\football_v\.venv\Lib\site-packages\pip\_internal\network\download.py
pip._internal.models.index,E:\football_v\.venv\Lib\site-packages\pip\_internal\network\download.py
pip._internal.models.link,E:\football_v\.venv\Lib\site-packages\pip\_internal\network\download.py
pip._internal.network.cache,E:\football_v\.venv\Lib\site-packages\pip\_internal\network\download.py
pip._internal.network.session,E:\football_v\.venv\Lib\site-packages\pip\_internal\network\download.py
pip._internal.network.utils,E:\football_v\.venv\Lib\site-packages\pip\_internal\network\download.py
pip._internal.utils.misc,E:\football_v\.venv\Lib\site-packages\pip\_internal\network\download.py
bisect,E:\football_v\.venv\Lib\site-packages\pip\_internal\network\lazy_wheel.py
contextlib,E:\football_v\.venv\Lib\site-packages\pip\_internal\network\lazy_wheel.py
tempfile,E:\football_v\.venv\Lib\site-packages\pip\_internal\network\lazy_wheel.py
typing,E:\football_v\.venv\Lib\site-packages\pip\_internal\network\lazy_wheel.py
zipfile,E:\football_v\.venv\Lib\site-packages\pip\_internal\network\lazy_wheel.py
pip._vendor.packaging.utils,E:\football_v\.venv\Lib\site-packages\pip\_internal\network\lazy_wheel.py
pip._vendor.requests.models,E:\football_v\.venv\Lib\site-packages\pip\_internal\network\lazy_wheel.py
pip._internal.metadata,E:\football_v\.venv\Lib\site-packages\pip\_internal\network\lazy_wheel.py
pip._internal.network.session,E:\football_v\.venv\Lib\site-packages\pip\_internal\network\lazy_wheel.py
pip._internal.network.utils,E:\football_v\.venv\Lib\site-packages\pip\_internal\network\lazy_wheel.py
email.utils,E:\football_v\.venv\Lib\site-packages\pip\_internal\network\session.py
functools,E:\football_v\.venv\Lib\site-packages\pip\_internal\network\session.py
io,E:\football_v\.venv\Lib\site-packages\pip\_internal\network\session.py
ipaddress,E:\football_v\.venv\Lib\site-packages\pip\_internal\network\session.py
json,E:\football_v\.venv\Lib\site-packages\pip\_internal\network\session.py
logging,E:\football_v\.venv\Lib\site-packages\pip\_internal\network\session.py
mimetypes,E:\football_v\.venv\Lib\site-packages\pip\_internal\network\session.py
os,E:\football_v\.venv\Lib\site-packages\pip\_internal\network\session.py
platform,E:\football_v\.venv\Lib\site-packages\pip\_internal\network\session.py
shutil,E:\football_v\.venv\Lib\site-packages\pip\_internal\network\session.py
subprocess,E:\football_v\.venv\Lib\site-packages\pip\_internal\network\session.py
sys,E:\football_v\.venv\Lib\site-packages\pip\_internal\network\session.py
urllib.parse,E:\football_v\.venv\Lib\site-packages\pip\_internal\network\session.py
warnings,E:\football_v\.venv\Lib\site-packages\pip\_internal\network\session.py
typing,E:\football_v\.venv\Lib\site-packages\pip\_internal\network\session.py
pip._vendor,E:\football_v\.venv\Lib\site-packages\pip\_internal\network\session.py
pip._vendor.cachecontrol,E:\football_v\.venv\Lib\site-packages\pip\_internal\network\session.py
pip._vendor.requests.adapters,E:\football_v\.venv\Lib\site-packages\pip\_internal\network\session.py
pip._vendor.requests.adapters,E:\football_v\.venv\Lib\site-packages\pip\_internal\network\session.py
pip._vendor.requests.models,E:\football_v\.venv\Lib\site-packages\pip\_internal\network\session.py
pip._vendor.requests.structures,E:\football_v\.venv\Lib\site-packages\pip\_internal\network\session.py
pip._vendor.urllib3.connectionpool,E:\football_v\.venv\Lib\site-packages\pip\_internal\network\session.py
pip._vendor.urllib3.exceptions,E:\football_v\.venv\Lib\site-packages\pip\_internal\network\session.py
pip,E:\football_v\.venv\Lib\site-packages\pip\_internal\network\session.py
pip._internal.metadata,E:\football_v\.venv\Lib\site-packages\pip\_internal\network\session.py
pip._internal.models.link,E:\football_v\.venv\Lib\site-packages\pip\_internal\network\session.py
pip._internal.network.auth,E:\football_v\.venv\Lib\site-packages\pip\_internal\network\session.py
pip._internal.network.cache,E:\football_v\.venv\Lib\site-packages\pip\_internal\network\session.py
pip._internal.utils.compat,E:\football_v\.venv\Lib\site-packages\pip\_internal\network\session.py
pip._internal.utils.glibc,E:\football_v\.venv\Lib\site-packages\pip\_internal\network\session.py
pip._internal.utils.misc,E:\football_v\.venv\Lib\site-packages\pip\_internal\network\session.py
pip._internal.utils.urls,E:\football_v\.venv\Lib\site-packages\pip\_internal\network\session.py
ssl,E:\football_v\.venv\Lib\site-packages\pip\_internal\network\session.py
pip._vendor.urllib3.poolmanager,E:\football_v\.venv\Lib\site-packages\pip\_internal\network\session.py
pip._vendor,E:\football_v\.venv\Lib\site-packages\pip\_internal\network\session.py
_ssl,E:\football_v\.venv\Lib\site-packages\pip\_internal\network\session.py
typing,E:\football_v\.venv\Lib\site-packages\pip\_internal\network\utils.py
pip._vendor.requests.models,E:\football_v\.venv\Lib\site-packages\pip\_internal\network\utils.py
pip._internal.exceptions,E:\football_v\.venv\Lib\site-packages\pip\_internal\network\utils.py
logging,E:\football_v\.venv\Lib\site-packages\pip\_internal\network\xmlrpc.py
urllib.parse,E:\football_v\.venv\Lib\site-packages\pip\_internal\network\xmlrpc.py
xmlrpc.client,E:\football_v\.venv\Lib\site-packages\pip\_internal\network\xmlrpc.py
typing,E:\football_v\.venv\Lib\site-packages\pip\_internal\network\xmlrpc.py
pip._internal.exceptions,E:\football_v\.venv\Lib\site-packages\pip\_internal\network\xmlrpc.py
pip._internal.network.session,E:\football_v\.venv\Lib\site-packages\pip\_internal\network\xmlrpc.py
pip._internal.network.utils,E:\football_v\.venv\Lib\site-packages\pip\_internal\network\xmlrpc.py
xmlrpc.client,E:\football_v\.venv\Lib\site-packages\pip\_internal\network\xmlrpc.py
_typeshed,E:\football_v\.venv\Lib\site-packages\pip\_internal\network\xmlrpc.py
logging,E:\football_v\.venv\Lib\site-packages\pip\_internal\operations\check.py
contextlib,E:\football_v\.venv\Lib\site-packages\pip\_internal\operations\check.py
email.parser,E:\football_v\.venv\Lib\site-packages\pip\_internal\operations\check.py
functools,E:\football_v\.venv\Lib\site-packages\pip\_internal\operations\check.py
typing,E:\football_v\.venv\Lib\site-packages\pip\_internal\operations\check.py
pip._vendor.packaging.requirements,E:\football_v\.venv\Lib\site-packages\pip\_internal\operations\check.py
pip._vendor.packaging.tags,E:\football_v\.venv\Lib\site-packages\pip\_internal\operations\check.py
pip._vendor.packaging.utils,E:\football_v\.venv\Lib\site-packages\pip\_internal\operations\check.py
pip._vendor.packaging.version,E:\football_v\.venv\Lib\site-packages\pip\_internal\operations\check.py
pip._internal.distributions,E:\football_v\.venv\Lib\site-packages\pip\_internal\operations\check.py
pip._internal.metadata,E:\football_v\.venv\Lib\site-packages\pip\_internal\operations\check.py
pip._internal.metadata.base,E:\football_v\.venv\Lib\site-packages\pip\_internal\operations\check.py
pip._internal.req.req_install,E:\football_v\.venv\Lib\site-packages\pip\_internal\operations\check.py
collections,E:\football_v\.venv\Lib\site-packages\pip\_internal\operations\freeze.py
logging,E:\football_v\.venv\Lib\site-packages\pip\_internal\operations\freeze.py
os,E:\football_v\.venv\Lib\site-packages\pip\_internal\operations\freeze.py
dataclasses,E:\football_v\.venv\Lib\site-packages\pip\_internal\operations\freeze.py
typing,E:\football_v\.venv\Lib\site-packages\pip\_internal\operations\freeze.py
pip._vendor.packaging.utils,E:\football_v\.venv\Lib\site-packages\pip\_internal\operations\freeze.py
pip._vendor.packaging.version,E:\football_v\.venv\Lib\site-packages\pip\_internal\operations\freeze.py
pip._internal.exceptions,E:\football_v\.venv\Lib\site-packages\pip\_internal\operations\freeze.py
pip._internal.metadata,E:\football_v\.venv\Lib\site-packages\pip\_internal\operations\freeze.py
pip._internal.req.constructors,E:\football_v\.venv\Lib\site-packages\pip\_internal\operations\freeze.py
pip._internal.req.req_file,E:\football_v\.venv\Lib\site-packages\pip\_internal\operations\freeze.py
pip._internal.utils.direct_url_helpers,E:\football_v\.venv\Lib\site-packages\pip\_internal\operations\freeze.py
pip._internal.vcs,E:\football_v\.venv\Lib\site-packages\pip\_internal\operations\freeze.py
mimetypes,E:\football_v\.venv\Lib\site-packages\pip\_internal\operations\prepare.py
os,E:\football_v\.venv\Lib\site-packages\pip\_internal\operations\prepare.py
shutil,E:\football_v\.venv\Lib\site-packages\pip\_internal\operations\prepare.py
dataclasses,E:\football_v\.venv\Lib\site-packages\pip\_internal\operations\prepare.py
pathlib,E:\football_v\.venv\Lib\site-packages\pip\_internal\operations\prepare.py
typing,E:\football_v\.venv\Lib\site-packages\pip\_internal\operations\prepare.py
pip._vendor.packaging.utils,E:\football_v\.venv\Lib\site-packages\pip\_internal\operations\prepare.py
pip._internal.distributions,E:\football_v\.venv\Lib\site-packages\pip\_internal\operations\prepare.py
pip._internal.distributions.installed,E:\football_v\.venv\Lib\site-packages\pip\_internal\operations\prepare.py
pip._internal.exceptions,E:\football_v\.venv\Lib\site-packages\pip\_internal\operations\prepare.py
pip._internal.index.package_finder,E:\football_v\.venv\Lib\site-packages\pip\_internal\operations\prepare.py
pip._internal.metadata,E:\football_v\.venv\Lib\site-packages\pip\_internal\operations\prepare.py
pip._internal.models.direct_url,E:\football_v\.venv\Lib\site-packages\pip\_internal\operations\prepare.py
pip._internal.models.link,E:\football_v\.venv\Lib\site-packages\pip\_internal\operations\prepare.py
pip._internal.models.wheel,E:\football_v\.venv\Lib\site-packages\pip\_internal\operations\prepare.py
pip._internal.network.download,E:\football_v\.venv\Lib\site-packages\pip\_internal\operations\prepare.py
pip._internal.network.lazy_wheel,E:\football_v\.venv\Lib\site-packages\pip\_internal\operations\prepare.py
pip._internal.network.session,E:\football_v\.venv\Lib\site-packages\pip\_internal\operations\prepare.py
pip._internal.operations.build.build_tracker,E:\football_v\.venv\Lib\site-packages\pip\_internal\operations\prepare.py
pip._internal.req.req_install,E:\football_v\.venv\Lib\site-packages\pip\_internal\operations\prepare.py
pip._internal.utils._log,E:\football_v\.venv\Lib\site-packages\pip\_internal\operations\prepare.py
pip._internal.utils.direct_url_helpers,E:\football_v\.venv\Lib\site-packages\pip\_internal\operations\prepare.py
pip._internal.utils.hashes,E:\football_v\.venv\Lib\site-packages\pip\_internal\operations\prepare.py
pip._internal.utils.logging,E:\football_v\.venv\Lib\site-packages\pip\_internal\operations\prepare.py
pip._internal.utils.misc,E:\football_v\.venv\Lib\site-packages\pip\_internal\operations\prepare.py
pip._internal.utils.temp_dir,E:\football_v\.venv\Lib\site-packages\pip\_internal\operations\prepare.py
pip._internal.utils.unpacking,E:\football_v\.venv\Lib\site-packages\pip\_internal\operations\prepare.py
pip._internal.vcs,E:\football_v\.venv\Lib\site-packages\pip\_internal\operations\prepare.py
contextlib,E:\football_v\.venv\Lib\site-packages\pip\_internal\operations\build\build_tracker.py
hashlib,E:\football_v\.venv\Lib\site-packages\pip\_internal\operations\build\build_tracker.py
logging,E:\football_v\.venv\Lib\site-packages\pip\_internal\operations\build\build_tracker.py
os,E:\football_v\.venv\Lib\site-packages\pip\_internal\operations\build\build_tracker.py
types,E:\football_v\.venv\Lib\site-packages\pip\_internal\operations\build\build_tracker.py
typing,E:\football_v\.venv\Lib\site-packages\pip\_internal\operations\build\build_tracker.py
pip._internal.req.req_install,E:\football_v\.venv\Lib\site-packages\pip\_internal\operations\build\build_tracker.py
pip._internal.utils.temp_dir,E:\football_v\.venv\Lib\site-packages\pip\_internal\operations\build\build_tracker.py
os,E:\football_v\.venv\Lib\site-packages\pip\_internal\operations\build\metadata.py
pip._vendor.pyproject_hooks,E:\football_v\.venv\Lib\site-packages\pip\_internal\operations\build\metadata.py
pip._internal.build_env,E:\football_v\.venv\Lib\site-packages\pip\_internal\operations\build\metadata.py
pip._internal.exceptions,E:\football_v\.venv\Lib\site-packages\pip\_internal\operations\build\metadata.py
pip._internal.utils.subprocess,E:\football_v\.venv\Lib\site-packages\pip\_internal\operations\build\metadata.py
pip._internal.utils.temp_dir,E:\football_v\.venv\Lib\site-packages\pip\_internal\operations\build\metadata.py
os,E:\football_v\.venv\Lib\site-packages\pip\_internal\operations\build\metadata_editable.py
pip._vendor.pyproject_hooks,E:\football_v\.venv\Lib\site-packages\pip\_internal\operations\build\metadata_editable.py
pip._internal.build_env,E:\football_v\.venv\Lib\site-packages\pip\_internal\operations\build\metadata_editable.py
pip._internal.exceptions,E:\football_v\.venv\Lib\site-packages\pip\_internal\operations\build\metadata_editable.py
pip._internal.utils.subprocess,E:\football_v\.venv\Lib\site-packages\pip\_internal\operations\build\metadata_editable.py
pip._internal.utils.temp_dir,E:\football_v\.venv\Lib\site-packages\pip\_internal\operations\build\metadata_editable.py
logging,E:\football_v\.venv\Lib\site-packages\pip\_internal\operations\build\metadata_legacy.py
os,E:\football_v\.venv\Lib\site-packages\pip\_internal\operations\build\metadata_legacy.py
pip._internal.build_env,E:\football_v\.venv\Lib\site-packages\pip\_internal\operations\build\metadata_legacy.py
pip._internal.cli.spinners,E:\football_v\.venv\Lib\site-packages\pip\_internal\operations\build\metadata_legacy.py
pip._internal.exceptions,E:\football_v\.venv\Lib\site-packages\pip\_internal\operations\build\metadata_legacy.py
pip._internal.utils.setuptools_build,E:\football_v\.venv\Lib\site-packages\pip\_internal\operations\build\metadata_legacy.py
pip._internal.utils.subprocess,E:\football_v\.venv\Lib\site-packages\pip\_internal\operations\build\metadata_legacy.py
pip._internal.utils.temp_dir,E:\football_v\.venv\Lib\site-packages\pip\_internal\operations\build\metadata_legacy.py
logging,E:\football_v\.venv\Lib\site-packages\pip\_internal\operations\build\wheel.py
os,E:\football_v\.venv\Lib\site-packages\pip\_internal\operations\build\wheel.py
typing,E:\football_v\.venv\Lib\site-packages\pip\_internal\operations\build\wheel.py
pip._vendor.pyproject_hooks,E:\football_v\.venv\Lib\site-packages\pip\_internal\operations\build\wheel.py
pip._internal.utils.subprocess,E:\football_v\.venv\Lib\site-packages\pip\_internal\operations\build\wheel.py
logging,E:\football_v\.venv\Lib\site-packages\pip\_internal\operations\build\wheel_editable.py
os,E:\football_v\.venv\Lib\site-packages\pip\_internal\operations\build\wheel_editable.py
typing,E:\football_v\.venv\Lib\site-packages\pip\_internal\operations\build\wheel_editable.py
pip._vendor.pyproject_hooks,E:\football_v\.venv\Lib\site-packages\pip\_internal\operations\build\wheel_editable.py
pip._internal.utils.subprocess,E:\football_v\.venv\Lib\site-packages\pip\_internal\operations\build\wheel_editable.py
logging,E:\football_v\.venv\Lib\site-packages\pip\_internal\operations\build\wheel_legacy.py
os.path,E:\football_v\.venv\Lib\site-packages\pip\_internal\operations\build\wheel_legacy.py
typing,E:\football_v\.venv\Lib\site-packages\pip\_internal\operations\build\wheel_legacy.py
pip._internal.cli.spinners,E:\football_v\.venv\Lib\site-packages\pip\_internal\operations\build\wheel_legacy.py
pip._internal.utils.setuptools_build,E:\football_v\.venv\Lib\site-packages\pip\_internal\operations\build\wheel_legacy.py
pip._internal.utils.subprocess,E:\football_v\.venv\Lib\site-packages\pip\_internal\operations\build\wheel_legacy.py
logging,E:\football_v\.venv\Lib\site-packages\pip\_internal\operations\install\editable_legacy.py
typing,E:\football_v\.venv\Lib\site-packages\pip\_internal\operations\install\editable_legacy.py
pip._internal.build_env,E:\football_v\.venv\Lib\site-packages\pip\_internal\operations\install\editable_legacy.py
pip._internal.utils.logging,E:\football_v\.venv\Lib\site-packages\pip\_internal\operations\install\editable_legacy.py
pip._internal.utils.setuptools_build,E:\football_v\.venv\Lib\site-packages\pip\_internal\operations\install\editable_legacy.py
pip._internal.utils.subprocess,E:\football_v\.venv\Lib\site-packages\pip\_internal\operations\install\editable_legacy.py
collections,E:\football_v\.venv\Lib\site-packages\pip\_internal\operations\install\wheel.py
compileall,E:\football_v\.venv\Lib\site-packages\pip\_internal\operations\install\wheel.py
contextlib,E:\football_v\.venv\Lib\site-packages\pip\_internal\operations\install\wheel.py
csv,E:\football_v\.venv\Lib\site-packages\pip\_internal\operations\install\wheel.py
importlib,E:\football_v\.venv\Lib\site-packages\pip\_internal\operations\install\wheel.py
logging,E:\football_v\.venv\Lib\site-packages\pip\_internal\operations\install\wheel.py
os.path,E:\football_v\.venv\Lib\site-packages\pip\_internal\operations\install\wheel.py
re,E:\football_v\.venv\Lib\site-packages\pip\_internal\operations\install\wheel.py
shutil,E:\football_v\.venv\Lib\site-packages\pip\_internal\operations\install\wheel.py
sys,E:\football_v\.venv\Lib\site-packages\pip\_internal\operations\install\wheel.py
warnings,E:\football_v\.venv\Lib\site-packages\pip\_internal\operations\install\wheel.py
base64,E:\football_v\.venv\Lib\site-packages\pip\_internal\operations\install\wheel.py
email.message,E:\football_v\.venv\Lib\site-packages\pip\_internal\operations\install\wheel.py
itertools,E:\football_v\.venv\Lib\site-packages\pip\_internal\operations\install\wheel.py
typing,E:\football_v\.venv\Lib\site-packages\pip\_internal\operations\install\wheel.py
zipfile,E:\football_v\.venv\Lib\site-packages\pip\_internal\operations\install\wheel.py
pip._vendor.distlib.scripts,E:\football_v\.venv\Lib\site-packages\pip\_internal\operations\install\wheel.py
pip._vendor.distlib.util,E:\football_v\.venv\Lib\site-packages\pip\_internal\operations\install\wheel.py
pip._vendor.packaging.utils,E:\football_v\.venv\Lib\site-packages\pip\_internal\operations\install\wheel.py
pip._internal.exceptions,E:\football_v\.venv\Lib\site-packages\pip\_internal\operations\install\wheel.py
pip._internal.locations,E:\football_v\.venv\Lib\site-packages\pip\_internal\operations\install\wheel.py
pip._internal.metadata,E:\football_v\.venv\Lib\site-packages\pip\_internal\operations\install\wheel.py
pip._internal.models.direct_url,E:\football_v\.venv\Lib\site-packages\pip\_internal\operations\install\wheel.py
pip._internal.models.scheme,E:\football_v\.venv\Lib\site-packages\pip\_internal\operations\install\wheel.py
pip._internal.utils.filesystem,E:\football_v\.venv\Lib\site-packages\pip\_internal\operations\install\wheel.py
pip._internal.utils.misc,E:\football_v\.venv\Lib\site-packages\pip\_internal\operations\install\wheel.py
pip._internal.utils.unpacking,E:\football_v\.venv\Lib\site-packages\pip\_internal\operations\install\wheel.py
pip._internal.utils.wheel,E:\football_v\.venv\Lib\site-packages\pip\_internal\operations\install\wheel.py
copy,E:\football_v\.venv\Lib\site-packages\pip\_internal\req\constructors.py
logging,E:\football_v\.venv\Lib\site-packages\pip\_internal\req\constructors.py
os,E:\football_v\.venv\Lib\site-packages\pip\_internal\req\constructors.py
re,E:\football_v\.venv\Lib\site-packages\pip\_internal\req\constructors.py
dataclasses,E:\football_v\.venv\Lib\site-packages\pip\_internal\req\constructors.py
typing,E:\football_v\.venv\Lib\site-packages\pip\_internal\req\constructors.py
pip._vendor.packaging.markers,E:\football_v\.venv\Lib\site-packages\pip\_internal\req\constructors.py
pip._vendor.packaging.requirements,E:\football_v\.venv\Lib\site-packages\pip\_internal\req\constructors.py
pip._vendor.packaging.specifiers,E:\football_v\.venv\Lib\site-packages\pip\_internal\req\constructors.py
pip._internal.exceptions,E:\football_v\.venv\Lib\site-packages\pip\_internal\req\constructors.py
pip._internal.models.index,E:\football_v\.venv\Lib\site-packages\pip\_internal\req\constructors.py
pip._internal.models.link,E:\football_v\.venv\Lib\site-packages\pip\_internal\req\constructors.py
pip._internal.models.wheel,E:\football_v\.venv\Lib\site-packages\pip\_internal\req\constructors.py
pip._internal.req.req_file,E:\football_v\.venv\Lib\site-packages\pip\_internal\req\constructors.py
pip._internal.req.req_install,E:\football_v\.venv\Lib\site-packages\pip\_internal\req\constructors.py
pip._internal.utils.filetypes,E:\football_v\.venv\Lib\site-packages\pip\_internal\req\constructors.py
pip._internal.utils.misc,E:\football_v\.venv\Lib\site-packages\pip\_internal\req\constructors.py
pip._internal.utils.packaging,E:\football_v\.venv\Lib\site-packages\pip\_internal\req\constructors.py
pip._internal.utils.urls,E:\football_v\.venv\Lib\site-packages\pip\_internal\req\constructors.py
pip._internal.vcs,E:\football_v\.venv\Lib\site-packages\pip\_internal\req\constructors.py
codecs,E:\football_v\.venv\Lib\site-packages\pip\_internal\req\req_file.py
locale,E:\football_v\.venv\Lib\site-packages\pip\_internal\req\req_file.py
logging,E:\football_v\.venv\Lib\site-packages\pip\_internal\req\req_file.py
optparse,E:\football_v\.venv\Lib\site-packages\pip\_internal\req\req_file.py
os,E:\football_v\.venv\Lib\site-packages\pip\_internal\req\req_file.py
re,E:\football_v\.venv\Lib\site-packages\pip\_internal\req\req_file.py
shlex,E:\football_v\.venv\Lib\site-packages\pip\_internal\req\req_file.py
sys,E:\football_v\.venv\Lib\site-packages\pip\_internal\req\req_file.py
urllib.parse,E:\football_v\.venv\Lib\site-packages\pip\_internal\req\req_file.py
dataclasses,E:\football_v\.venv\Lib\site-packages\pip\_internal\req\req_file.py
optparse,E:\football_v\.venv\Lib\site-packages\pip\_internal\req\req_file.py
typing,E:\football_v\.venv\Lib\site-packages\pip\_internal\req\req_file.py
pip._internal.cli,E:\football_v\.venv\Lib\site-packages\pip\_internal\req\req_file.py
pip._internal.exceptions,E:\football_v\.venv\Lib\site-packages\pip\_internal\req\req_file.py
pip._internal.models.search_scope,E:\football_v\.venv\Lib\site-packages\pip\_internal\req\req_file.py
pip._internal.index.package_finder,E:\football_v\.venv\Lib\site-packages\pip\_internal\req\req_file.py
pip._internal.network.session,E:\football_v\.venv\Lib\site-packages\pip\_internal\req\req_file.py
pip._internal.network.utils,E:\football_v\.venv\Lib\site-packages\pip\_internal\req\req_file.py
functools,E:\football_v\.venv\Lib\site-packages\pip\_internal\req\req_install.py
logging,E:\football_v\.venv\Lib\site-packages\pip\_internal\req\req_install.py
os,E:\football_v\.venv\Lib\site-packages\pip\_internal\req\req_install.py
shutil,E:\football_v\.venv\Lib\site-packages\pip\_internal\req\req_install.py
sys,E:\football_v\.venv\Lib\site-packages\pip\_internal\req\req_install.py
uuid,E:\football_v\.venv\Lib\site-packages\pip\_internal\req\req_install.py
zipfile,E:\football_v\.venv\Lib\site-packages\pip\_internal\req\req_install.py
optparse,E:\football_v\.venv\Lib\site-packages\pip\_internal\req\req_install.py
pathlib,E:\football_v\.venv\Lib\site-packages\pip\_internal\req\req_install.py
typing,E:\football_v\.venv\Lib\site-packages\pip\_internal\req\req_install.py
pip._vendor.packaging.markers,E:\football_v\.venv\Lib\site-packages\pip\_internal\req\req_install.py
pip._vendor.packaging.requirements,E:\football_v\.venv\Lib\site-packages\pip\_internal\req\req_install.py
pip._vendor.packaging.specifiers,E:\football_v\.venv\Lib\site-packages\pip\_internal\req\req_install.py
pip._vendor.packaging.utils,E:\football_v\.venv\Lib\site-packages\pip\_internal\req\req_install.py
pip._vendor.packaging.version,E:\football_v\.venv\Lib\site-packages\pip\_internal\req\req_install.py
pip._vendor.packaging.version,E:\football_v\.venv\Lib\site-packages\pip\_internal\req\req_install.py
pip._vendor.pyproject_hooks,E:\football_v\.venv\Lib\site-packages\pip\_internal\req\req_install.py
pip._internal.build_env,E:\football_v\.venv\Lib\site-packages\pip\_internal\req\req_install.py
pip._internal.exceptions,E:\football_v\.venv\Lib\site-packages\pip\_internal\req\req_install.py
pip._internal.locations,E:\football_v\.venv\Lib\site-packages\pip\_internal\req\req_install.py
pip._internal.metadata,E:\football_v\.venv\Lib\site-packages\pip\_internal\req\req_install.py
pip._internal.metadata.base,E:\football_v\.venv\Lib\site-packages\pip\_internal\req\req_install.py
pip._internal.models.direct_url,E:\football_v\.venv\Lib\site-packages\pip\_internal\req\req_install.py
pip._internal.models.link,E:\football_v\.venv\Lib\site-packages\pip\_internal\req\req_install.py
pip._internal.operations.build.metadata,E:\football_v\.venv\Lib\site-packages\pip\_internal\req\req_install.py
pip._internal.operations.build.metadata_editable,E:\football_v\.venv\Lib\site-packages\pip\_internal\req\req_install.py
pip._internal.operations.build.metadata_legacy,E:\football_v\.venv\Lib\site-packages\pip\_internal\req\req_install.py
pip._internal.operations.install.editable_legacy,E:\football_v\.venv\Lib\site-packages\pip\_internal\req\req_install.py
pip._internal.operations.install.wheel,E:\football_v\.venv\Lib\site-packages\pip\_internal\req\req_install.py
pip._internal.pyproject,E:\football_v\.venv\Lib\site-packages\pip\_internal\req\req_install.py
pip._internal.req.req_uninstall,E:\football_v\.venv\Lib\site-packages\pip\_internal\req\req_install.py
pip._internal.utils.deprecation,E:\football_v\.venv\Lib\site-packages\pip\_internal\req\req_install.py
pip._internal.utils.hashes,E:\football_v\.venv\Lib\site-packages\pip\_internal\req\req_install.py
pip._internal.utils.misc,E:\football_v\.venv\Lib\site-packages\pip\_internal\req\req_install.py
pip._internal.utils.packaging,E:\football_v\.venv\Lib\site-packages\pip\_internal\req\req_install.py
pip._internal.utils.subprocess,E:\football_v\.venv\Lib\site-packages\pip\_internal\req\req_install.py
pip._internal.utils.temp_dir,E:\football_v\.venv\Lib\site-packages\pip\_internal\req\req_install.py
pip._internal.utils.unpacking,E:\football_v\.venv\Lib\site-packages\pip\_internal\req\req_install.py
pip._internal.utils.virtualenv,E:\football_v\.venv\Lib\site-packages\pip\_internal\req\req_install.py
pip._internal.vcs,E:\football_v\.venv\Lib\site-packages\pip\_internal\req\req_install.py
logging,E:\football_v\.venv\Lib\site-packages\pip\_internal\req\req_set.py
collections,E:\football_v\.venv\Lib\site-packages\pip\_internal\req\req_set.py
typing,E:\football_v\.venv\Lib\site-packages\pip\_internal\req\req_set.py
pip._vendor.packaging.utils,E:\football_v\.venv\Lib\site-packages\pip\_internal\req\req_set.py
pip._internal.req.req_install,E:\football_v\.venv\Lib\site-packages\pip\_internal\req\req_set.py
functools,E:\football_v\.venv\Lib\site-packages\pip\_internal\req\req_uninstall.py
os,E:\football_v\.venv\Lib\site-packages\pip\_internal\req\req_uninstall.py
sys,E:\football_v\.venv\Lib\site-packages\pip\_internal\req\req_uninstall.py
sysconfig,E:\football_v\.venv\Lib\site-packages\pip\_internal\req\req_uninstall.py
importlib.util,E:\football_v\.venv\Lib\site-packages\pip\_internal\req\req_uninstall.py
typing,E:\football_v\.venv\Lib\site-packages\pip\_internal\req\req_uninstall.py
pip._internal.exceptions,E:\football_v\.venv\Lib\site-packages\pip\_internal\req\req_uninstall.py
pip._internal.locations,E:\football_v\.venv\Lib\site-packages\pip\_internal\req\req_uninstall.py
pip._internal.metadata,E:\football_v\.venv\Lib\site-packages\pip\_internal\req\req_uninstall.py
pip._internal.utils.compat,E:\football_v\.venv\Lib\site-packages\pip\_internal\req\req_uninstall.py
pip._internal.utils.egg_link,E:\football_v\.venv\Lib\site-packages\pip\_internal\req\req_uninstall.py
pip._internal.utils.logging,E:\football_v\.venv\Lib\site-packages\pip\_internal\req\req_uninstall.py
pip._internal.utils.misc,E:\football_v\.venv\Lib\site-packages\pip\_internal\req\req_uninstall.py
pip._internal.utils.temp_dir,E:\football_v\.venv\Lib\site-packages\pip\_internal\req\req_uninstall.py
pip._internal.utils.virtualenv,E:\football_v\.venv\Lib\site-packages\pip\_internal\req\req_uninstall.py
collections,E:\football_v\.venv\Lib\site-packages\pip\_internal\req\__init__.py
logging,E:\football_v\.venv\Lib\site-packages\pip\_internal\req\__init__.py
dataclasses,E:\football_v\.venv\Lib\site-packages\pip\_internal\req\__init__.py
typing,E:\football_v\.venv\Lib\site-packages\pip\_internal\req\__init__.py
pip._internal.utils.logging,E:\football_v\.venv\Lib\site-packages\pip\_internal\req\__init__.py
req_file,E:\football_v\.venv\Lib\site-packages\pip\_internal\req\__init__.py
req_install,E:\football_v\.venv\Lib\site-packages\pip\_internal\req\__init__.py
req_set,E:\football_v\.venv\Lib\site-packages\pip\_internal\req\__init__.py
typing,E:\football_v\.venv\Lib\site-packages\pip\_internal\resolution\base.py
pip._internal.req.req_install,E:\football_v\.venv\Lib\site-packages\pip\_internal\resolution\base.py
pip._internal.req.req_set,E:\football_v\.venv\Lib\site-packages\pip\_internal\resolution\base.py
logging,E:\football_v\.venv\Lib\site-packages\pip\_internal\resolution\legacy\resolver.py
sys,E:\football_v\.venv\Lib\site-packages\pip\_internal\resolution\legacy\resolver.py
collections,E:\football_v\.venv\Lib\site-packages\pip\_internal\resolution\legacy\resolver.py
itertools,E:\football_v\.venv\Lib\site-packages\pip\_internal\resolution\legacy\resolver.py
typing,E:\football_v\.venv\Lib\site-packages\pip\_internal\resolution\legacy\resolver.py
pip._vendor.packaging,E:\football_v\.venv\Lib\site-packages\pip\_internal\resolution\legacy\resolver.py
pip._vendor.packaging.requirements,E:\football_v\.venv\Lib\site-packages\pip\_internal\resolution\legacy\resolver.py
pip._internal.cache,E:\football_v\.venv\Lib\site-packages\pip\_internal\resolution\legacy\resolver.py
pip._internal.exceptions,E:\football_v\.venv\Lib\site-packages\pip\_internal\resolution\legacy\resolver.py
pip._internal.index.package_finder,E:\football_v\.venv\Lib\site-packages\pip\_internal\resolution\legacy\resolver.py
pip._internal.metadata,E:\football_v\.venv\Lib\site-packages\pip\_internal\resolution\legacy\resolver.py
pip._internal.models.link,E:\football_v\.venv\Lib\site-packages\pip\_internal\resolution\legacy\resolver.py
pip._internal.models.wheel,E:\football_v\.venv\Lib\site-packages\pip\_internal\resolution\legacy\resolver.py
pip._internal.operations.prepare,E:\football_v\.venv\Lib\site-packages\pip\_internal\resolution\legacy\resolver.py
pip._internal.req.req_install,E:\football_v\.venv\Lib\site-packages\pip\_internal\resolution\legacy\resolver.py
pip._internal.req.req_set,E:\football_v\.venv\Lib\site-packages\pip\_internal\resolution\legacy\resolver.py
pip._internal.resolution.base,E:\football_v\.venv\Lib\site-packages\pip\_internal\resolution\legacy\resolver.py
pip._internal.utils,E:\football_v\.venv\Lib\site-packages\pip\_internal\resolution\legacy\resolver.py
pip._internal.utils.compatibility_tags,E:\football_v\.venv\Lib\site-packages\pip\_internal\resolution\legacy\resolver.py
pip._internal.utils.direct_url_helpers,E:\football_v\.venv\Lib\site-packages\pip\_internal\resolution\legacy\resolver.py
pip._internal.utils.logging,E:\football_v\.venv\Lib\site-packages\pip\_internal\resolution\legacy\resolver.py
pip._internal.utils.misc,E:\football_v\.venv\Lib\site-packages\pip\_internal\resolution\legacy\resolver.py
pip._internal.utils.packaging,E:\football_v\.venv\Lib\site-packages\pip\_internal\resolution\legacy\resolver.py
dataclasses,E:\football_v\.venv\Lib\site-packages\pip\_internal\resolution\resolvelib\base.py
typing,E:\football_v\.venv\Lib\site-packages\pip\_internal\resolution\resolvelib\base.py
pip._vendor.packaging.specifiers,E:\football_v\.venv\Lib\site-packages\pip\_internal\resolution\resolvelib\base.py
pip._vendor.packaging.utils,E:\football_v\.venv\Lib\site-packages\pip\_internal\resolution\resolvelib\base.py
pip._vendor.packaging.version,E:\football_v\.venv\Lib\site-packages\pip\_internal\resolution\resolvelib\base.py
pip._internal.models.link,E:\football_v\.venv\Lib\site-packages\pip\_internal\resolution\resolvelib\base.py
pip._internal.req.req_install,E:\football_v\.venv\Lib\site-packages\pip\_internal\resolution\resolvelib\base.py
pip._internal.utils.hashes,E:\football_v\.venv\Lib\site-packages\pip\_internal\resolution\resolvelib\base.py
logging,E:\football_v\.venv\Lib\site-packages\pip\_internal\resolution\resolvelib\candidates.py
sys,E:\football_v\.venv\Lib\site-packages\pip\_internal\resolution\resolvelib\candidates.py
typing,E:\football_v\.venv\Lib\site-packages\pip\_internal\resolution\resolvelib\candidates.py
pip._vendor.packaging.requirements,E:\football_v\.venv\Lib\site-packages\pip\_internal\resolution\resolvelib\candidates.py
pip._vendor.packaging.utils,E:\football_v\.venv\Lib\site-packages\pip\_internal\resolution\resolvelib\candidates.py
pip._vendor.packaging.version,E:\football_v\.venv\Lib\site-packages\pip\_internal\resolution\resolvelib\candidates.py
pip._internal.exceptions,E:\football_v\.venv\Lib\site-packages\pip\_internal\resolution\resolvelib\candidates.py
pip._internal.metadata,E:\football_v\.venv\Lib\site-packages\pip\_internal\resolution\resolvelib\candidates.py
pip._internal.models.link,E:\football_v\.venv\Lib\site-packages\pip\_internal\resolution\resolvelib\candidates.py
pip._internal.models.wheel,E:\football_v\.venv\Lib\site-packages\pip\_internal\resolution\resolvelib\candidates.py
pip._internal.req.constructors,E:\football_v\.venv\Lib\site-packages\pip\_internal\resolution\resolvelib\candidates.py
pip._internal.req.req_install,E:\football_v\.venv\Lib\site-packages\pip\_internal\resolution\resolvelib\candidates.py
pip._internal.utils.direct_url_helpers,E:\football_v\.venv\Lib\site-packages\pip\_internal\resolution\resolvelib\candidates.py
pip._internal.utils.misc,E:\football_v\.venv\Lib\site-packages\pip\_internal\resolution\resolvelib\candidates.py
base,E:\football_v\.venv\Lib\site-packages\pip\_internal\resolution\resolvelib\candidates.py
factory,E:\football_v\.venv\Lib\site-packages\pip\_internal\resolution\resolvelib\candidates.py
contextlib,E:\football_v\.venv\Lib\site-packages\pip\_internal\resolution\resolvelib\factory.py
functools,E:\football_v\.venv\Lib\site-packages\pip\_internal\resolution\resolvelib\factory.py
logging,E:\football_v\.venv\Lib\site-packages\pip\_internal\resolution\resolvelib\factory.py
typing,E:\football_v\.venv\Lib\site-packages\pip\_internal\resolution\resolvelib\factory.py
pip._vendor.packaging.requirements,E:\football_v\.venv\Lib\site-packages\pip\_internal\resolution\resolvelib\factory.py
pip._vendor.packaging.specifiers,E:\football_v\.venv\Lib\site-packages\pip\_internal\resolution\resolvelib\factory.py
pip._vendor.packaging.utils,E:\football_v\.venv\Lib\site-packages\pip\_internal\resolution\resolvelib\factory.py
pip._vendor.packaging.version,E:\football_v\.venv\Lib\site-packages\pip\_internal\resolution\resolvelib\factory.py
pip._vendor.resolvelib,E:\football_v\.venv\Lib\site-packages\pip\_internal\resolution\resolvelib\factory.py
pip._internal.cache,E:\football_v\.venv\Lib\site-packages\pip\_internal\resolution\resolvelib\factory.py
pip._internal.exceptions,E:\football_v\.venv\Lib\site-packages\pip\_internal\resolution\resolvelib\factory.py
pip._internal.index.package_finder,E:\football_v\.venv\Lib\site-packages\pip\_internal\resolution\resolvelib\factory.py
pip._internal.metadata,E:\football_v\.venv\Lib\site-packages\pip\_internal\resolution\resolvelib\factory.py
pip._internal.models.link,E:\football_v\.venv\Lib\site-packages\pip\_internal\resolution\resolvelib\factory.py
pip._internal.models.wheel,E:\football_v\.venv\Lib\site-packages\pip\_internal\resolution\resolvelib\factory.py
pip._internal.operations.prepare,E:\football_v\.venv\Lib\site-packages\pip\_internal\resolution\resolvelib\factory.py
pip._internal.req.constructors,E:\football_v\.venv\Lib\site-packages\pip\_internal\resolution\resolvelib\factory.py
pip._internal.req.req_install,E:\football_v\.venv\Lib\site-packages\pip\_internal\resolution\resolvelib\factory.py
pip._internal.resolution.base,E:\football_v\.venv\Lib\site-packages\pip\_internal\resolution\resolvelib\factory.py
pip._internal.utils.compatibility_tags,E:\football_v\.venv\Lib\site-packages\pip\_internal\resolution\resolvelib\factory.py
pip._internal.utils.hashes,E:\football_v\.venv\Lib\site-packages\pip\_internal\resolution\resolvelib\factory.py
pip._internal.utils.packaging,E:\football_v\.venv\Lib\site-packages\pip\_internal\resolution\resolvelib\factory.py
pip._internal.utils.virtualenv,E:\football_v\.venv\Lib\site-packages\pip\_internal\resolution\resolvelib\factory.py
base,E:\football_v\.venv\Lib\site-packages\pip\_internal\resolution\resolvelib\factory.py
candidates,E:\football_v\.venv\Lib\site-packages\pip\_internal\resolution\resolvelib\factory.py
found_candidates,E:\football_v\.venv\Lib\site-packages\pip\_internal\resolution\resolvelib\factory.py
requirements,E:\football_v\.venv\Lib\site-packages\pip\_internal\resolution\resolvelib\factory.py
functools,E:\football_v\.venv\Lib\site-packages\pip\_internal\resolution\resolvelib\found_candidates.py
logging,E:\football_v\.venv\Lib\site-packages\pip\_internal\resolution\resolvelib\found_candidates.py
collections.abc,E:\football_v\.venv\Lib\site-packages\pip\_internal\resolution\resolvelib\found_candidates.py
typing,E:\football_v\.venv\Lib\site-packages\pip\_internal\resolution\resolvelib\found_candidates.py
pip._vendor.packaging.version,E:\football_v\.venv\Lib\site-packages\pip\_internal\resolution\resolvelib\found_candidates.py
pip._internal.exceptions,E:\football_v\.venv\Lib\site-packages\pip\_internal\resolution\resolvelib\found_candidates.py
base,E:\football_v\.venv\Lib\site-packages\pip\_internal\resolution\resolvelib\found_candidates.py
collections,E:\football_v\.venv\Lib\site-packages\pip\_internal\resolution\resolvelib\provider.py
math,E:\football_v\.venv\Lib\site-packages\pip\_internal\resolution\resolvelib\provider.py
functools,E:\football_v\.venv\Lib\site-packages\pip\_internal\resolution\resolvelib\provider.py
typing,E:\football_v\.venv\Lib\site-packages\pip\_internal\resolution\resolvelib\provider.py
pip._vendor.resolvelib.providers,E:\football_v\.venv\Lib\site-packages\pip\_internal\resolution\resolvelib\provider.py
base,E:\football_v\.venv\Lib\site-packages\pip\_internal\resolution\resolvelib\provider.py
candidates,E:\football_v\.venv\Lib\site-packages\pip\_internal\resolution\resolvelib\provider.py
factory,E:\football_v\.venv\Lib\site-packages\pip\_internal\resolution\resolvelib\provider.py
pip._vendor.resolvelib.providers,E:\football_v\.venv\Lib\site-packages\pip\_internal\resolution\resolvelib\provider.py
pip._vendor.resolvelib.resolvers,E:\football_v\.venv\Lib\site-packages\pip\_internal\resolution\resolvelib\provider.py
collections,E:\football_v\.venv\Lib\site-packages\pip\_internal\resolution\resolvelib\reporter.py
logging,E:\football_v\.venv\Lib\site-packages\pip\_internal\resolution\resolvelib\reporter.py
typing,E:\football_v\.venv\Lib\site-packages\pip\_internal\resolution\resolvelib\reporter.py
pip._vendor.resolvelib.reporters,E:\football_v\.venv\Lib\site-packages\pip\_internal\resolution\resolvelib\reporter.py
base,E:\football_v\.venv\Lib\site-packages\pip\_internal\resolution\resolvelib\reporter.py
typing,E:\football_v\.venv\Lib\site-packages\pip\_internal\resolution\resolvelib\requirements.py
pip._vendor.packaging.specifiers,E:\football_v\.venv\Lib\site-packages\pip\_internal\resolution\resolvelib\requirements.py
pip._vendor.packaging.utils,E:\football_v\.venv\Lib\site-packages\pip\_internal\resolution\resolvelib\requirements.py
pip._internal.req.constructors,E:\football_v\.venv\Lib\site-packages\pip\_internal\resolution\resolvelib\requirements.py
pip._internal.req.req_install,E:\football_v\.venv\Lib\site-packages\pip\_internal\resolution\resolvelib\requirements.py
base,E:\football_v\.venv\Lib\site-packages\pip\_internal\resolution\resolvelib\requirements.py
contextlib,E:\football_v\.venv\Lib\site-packages\pip\_internal\resolution\resolvelib\resolver.py
functools,E:\football_v\.venv\Lib\site-packages\pip\_internal\resolution\resolvelib\resolver.py
logging,E:\football_v\.venv\Lib\site-packages\pip\_internal\resolution\resolvelib\resolver.py
os,E:\football_v\.venv\Lib\site-packages\pip\_internal\resolution\resolvelib\resolver.py
typing,E:\football_v\.venv\Lib\site-packages\pip\_internal\resolution\resolvelib\resolver.py
pip._vendor.packaging.utils,E:\football_v\.venv\Lib\site-packages\pip\_internal\resolution\resolvelib\resolver.py
pip._vendor.resolvelib,E:\football_v\.venv\Lib\site-packages\pip\_internal\resolution\resolvelib\resolver.py
pip._vendor.resolvelib,E:\football_v\.venv\Lib\site-packages\pip\_internal\resolution\resolvelib\resolver.py
pip._vendor.resolvelib.structs,E:\football_v\.venv\Lib\site-packages\pip\_internal\resolution\resolvelib\resolver.py
pip._internal.cache,E:\football_v\.venv\Lib\site-packages\pip\_internal\resolution\resolvelib\resolver.py
pip._internal.index.package_finder,E:\football_v\.venv\Lib\site-packages\pip\_internal\resolution\resolvelib\resolver.py
pip._internal.operations.prepare,E:\football_v\.venv\Lib\site-packages\pip\_internal\resolution\resolvelib\resolver.py
pip._internal.req.constructors,E:\football_v\.venv\Lib\site-packages\pip\_internal\resolution\resolvelib\resolver.py
pip._internal.req.req_install,E:\football_v\.venv\Lib\site-packages\pip\_internal\resolution\resolvelib\resolver.py
pip._internal.req.req_set,E:\football_v\.venv\Lib\site-packages\pip\_internal\resolution\resolvelib\resolver.py
pip._internal.resolution.base,E:\football_v\.venv\Lib\site-packages\pip\_internal\resolution\resolvelib\resolver.py
pip._internal.resolution.resolvelib.provider,E:\football_v\.venv\Lib\site-packages\pip\_internal\resolution\resolvelib\resolver.py
pip._internal.resolution.resolvelib.reporter,E:\football_v\.venv\Lib\site-packages\pip\_internal\resolution\resolvelib\resolver.py
pip._internal.utils.packaging,E:\football_v\.venv\Lib\site-packages\pip\_internal\resolution\resolvelib\resolver.py
base,E:\football_v\.venv\Lib\site-packages\pip\_internal\resolution\resolvelib\resolver.py
factory,E:\football_v\.venv\Lib\site-packages\pip\_internal\resolution\resolvelib\resolver.py
pip._vendor.resolvelib.resolvers,E:\football_v\.venv\Lib\site-packages\pip\_internal\resolution\resolvelib\resolver.py
os,E:\football_v\.venv\Lib\site-packages\pip\_internal\utils\appdirs.py
sys,E:\football_v\.venv\Lib\site-packages\pip\_internal\utils\appdirs.py
typing,E:\football_v\.venv\Lib\site-packages\pip\_internal\utils\appdirs.py
pip._vendor,E:\football_v\.venv\Lib\site-packages\pip\_internal\utils\appdirs.py
importlib.resources,E:\football_v\.venv\Lib\site-packages\pip\_internal\utils\compat.py
logging,E:\football_v\.venv\Lib\site-packages\pip\_internal\utils\compat.py
os,E:\football_v\.venv\Lib\site-packages\pip\_internal\utils\compat.py
sys,E:\football_v\.venv\Lib\site-packages\pip\_internal\utils\compat.py
typing,E:\football_v\.venv\Lib\site-packages\pip\_internal\utils\compat.py
pip._vendor.urllib3.util,E:\football_v\.venv\Lib\site-packages\pip\_internal\utils\compat.py
_ssl,E:\football_v\.venv\Lib\site-packages\pip\_internal\utils\compat.py
re,E:\football_v\.venv\Lib\site-packages\pip\_internal\utils\compatibility_tags.py
typing,E:\football_v\.venv\Lib\site-packages\pip\_internal\utils\compatibility_tags.py
pip._vendor.packaging.tags,E:\football_v\.venv\Lib\site-packages\pip\_internal\utils\compatibility_tags.py
datetime,E:\football_v\.venv\Lib\site-packages\pip\_internal\utils\datetime.py
logging,E:\football_v\.venv\Lib\site-packages\pip\_internal\utils\deprecation.py
warnings,E:\football_v\.venv\Lib\site-packages\pip\_internal\utils\deprecation.py
typing,E:\football_v\.venv\Lib\site-packages\pip\_internal\utils\deprecation.py
pip._vendor.packaging.version,E:\football_v\.venv\Lib\site-packages\pip\_internal\utils\deprecation.py
pip,E:\football_v\.venv\Lib\site-packages\pip\_internal\utils\deprecation.py
typing,E:\football_v\.venv\Lib\site-packages\pip\_internal\utils\direct_url_helpers.py
pip._internal.models.direct_url,E:\football_v\.venv\Lib\site-packages\pip\_internal\utils\direct_url_helpers.py
pip._internal.models.link,E:\football_v\.venv\Lib\site-packages\pip\_internal\utils\direct_url_helpers.py
pip._internal.utils.urls,E:\football_v\.venv\Lib\site-packages\pip\_internal\utils\direct_url_helpers.py
pip._internal.vcs,E:\football_v\.venv\Lib\site-packages\pip\_internal\utils\direct_url_helpers.py
os,E:\football_v\.venv\Lib\site-packages\pip\_internal\utils\egg_link.py
re,E:\football_v\.venv\Lib\site-packages\pip\_internal\utils\egg_link.py
sys,E:\football_v\.venv\Lib\site-packages\pip\_internal\utils\egg_link.py
typing,E:\football_v\.venv\Lib\site-packages\pip\_internal\utils\egg_link.py
pip._internal.locations,E:\football_v\.venv\Lib\site-packages\pip\_internal\utils\egg_link.py
pip._internal.utils.virtualenv,E:\football_v\.venv\Lib\site-packages\pip\_internal\utils\egg_link.py
itertools,E:\football_v\.venv\Lib\site-packages\pip\_internal\utils\entrypoints.py
os,E:\football_v\.venv\Lib\site-packages\pip\_internal\utils\entrypoints.py
shutil,E:\football_v\.venv\Lib\site-packages\pip\_internal\utils\entrypoints.py
sys,E:\football_v\.venv\Lib\site-packages\pip\_internal\utils\entrypoints.py
typing,E:\football_v\.venv\Lib\site-packages\pip\_internal\utils\entrypoints.py
pip._internal.cli.main,E:\football_v\.venv\Lib\site-packages\pip\_internal\utils\entrypoints.py
pip._internal.utils.compat,E:\football_v\.venv\Lib\site-packages\pip\_internal\utils\entrypoints.py
fnmatch,E:\football_v\.venv\Lib\site-packages\pip\_internal\utils\filesystem.py
os,E:\football_v\.venv\Lib\site-packages\pip\_internal\utils\filesystem.py
os.path,E:\football_v\.venv\Lib\site-packages\pip\_internal\utils\filesystem.py
random,E:\football_v\.venv\Lib\site-packages\pip\_internal\utils\filesystem.py
sys,E:\football_v\.venv\Lib\site-packages\pip\_internal\utils\filesystem.py
contextlib,E:\football_v\.venv\Lib\site-packages\pip\_internal\utils\filesystem.py
tempfile,E:\football_v\.venv\Lib\site-packages\pip\_internal\utils\filesystem.py
typing,E:\football_v\.venv\Lib\site-packages\pip\_internal\utils\filesystem.py
pip._internal.utils.compat,E:\football_v\.venv\Lib\site-packages\pip\_internal\utils\filesystem.py
pip._internal.utils.misc,E:\football_v\.venv\Lib\site-packages\pip\_internal\utils\filesystem.py
pip._internal.utils.retry,E:\football_v\.venv\Lib\site-packages\pip\_internal\utils\filesystem.py
typing,E:\football_v\.venv\Lib\site-packages\pip\_internal\utils\filetypes.py
pip._internal.utils.misc,E:\football_v\.venv\Lib\site-packages\pip\_internal\utils\filetypes.py
os,E:\football_v\.venv\Lib\site-packages\pip\_internal\utils\glibc.py
sys,E:\football_v\.venv\Lib\site-packages\pip\_internal\utils\glibc.py
typing,E:\football_v\.venv\Lib\site-packages\pip\_internal\utils\glibc.py
ctypes,E:\football_v\.venv\Lib\site-packages\pip\_internal\utils\glibc.py
hashlib,E:\football_v\.venv\Lib\site-packages\pip\_internal\utils\hashes.py
typing,E:\football_v\.venv\Lib\site-packages\pip\_internal\utils\hashes.py
pip._internal.exceptions,E:\football_v\.venv\Lib\site-packages\pip\_internal\utils\hashes.py
pip._internal.utils.misc,E:\football_v\.venv\Lib\site-packages\pip\_internal\utils\hashes.py
hashlib,E:\football_v\.venv\Lib\site-packages\pip\_internal\utils\hashes.py
contextlib,E:\football_v\.venv\Lib\site-packages\pip\_internal\utils\logging.py
errno,E:\football_v\.venv\Lib\site-packages\pip\_internal\utils\logging.py
logging,E:\football_v\.venv\Lib\site-packages\pip\_internal\utils\logging.py
logging.handlers,E:\football_v\.venv\Lib\site-packages\pip\_internal\utils\logging.py
os,E:\football_v\.venv\Lib\site-packages\pip\_internal\utils\logging.py
sys,E:\football_v\.venv\Lib\site-packages\pip\_internal\utils\logging.py
threading,E:\football_v\.venv\Lib\site-packages\pip\_internal\utils\logging.py
dataclasses,E:\football_v\.venv\Lib\site-packages\pip\_internal\utils\logging.py
io,E:\football_v\.venv\Lib\site-packages\pip\_internal\utils\logging.py
logging,E:\football_v\.venv\Lib\site-packages\pip\_internal\utils\logging.py
typing,E:\football_v\.venv\Lib\site-packages\pip\_internal\utils\logging.py
pip._vendor.rich.console,E:\football_v\.venv\Lib\site-packages\pip\_internal\utils\logging.py
pip._vendor.rich.highlighter,E:\football_v\.venv\Lib\site-packages\pip\_internal\utils\logging.py
pip._vendor.rich.logging,E:\football_v\.venv\Lib\site-packages\pip\_internal\utils\logging.py
pip._vendor.rich.segment,E:\football_v\.venv\Lib\site-packages\pip\_internal\utils\logging.py
pip._vendor.rich.style,E:\football_v\.venv\Lib\site-packages\pip\_internal\utils\logging.py
pip._internal.utils._log,E:\football_v\.venv\Lib\site-packages\pip\_internal\utils\logging.py
pip._internal.utils.compat,E:\football_v\.venv\Lib\site-packages\pip\_internal\utils\logging.py
pip._internal.utils.deprecation,E:\football_v\.venv\Lib\site-packages\pip\_internal\utils\logging.py
pip._internal.utils.misc,E:\football_v\.venv\Lib\site-packages\pip\_internal\utils\logging.py
errno,E:\football_v\.venv\Lib\site-packages\pip\_internal\utils\misc.py
getpass,E:\football_v\.venv\Lib\site-packages\pip\_internal\utils\misc.py
hashlib,E:\football_v\.venv\Lib\site-packages\pip\_internal\utils\misc.py
logging,E:\football_v\.venv\Lib\site-packages\pip\_internal\utils\misc.py
os,E:\football_v\.venv\Lib\site-packages\pip\_internal\utils\misc.py
posixpath,E:\football_v\.venv\Lib\site-packages\pip\_internal\utils\misc.py
shutil,E:\football_v\.venv\Lib\site-packages\pip\_internal\utils\misc.py
stat,E:\football_v\.venv\Lib\site-packages\pip\_internal\utils\misc.py
sys,E:\football_v\.venv\Lib\site-packages\pip\_internal\utils\misc.py
sysconfig,E:\football_v\.venv\Lib\site-packages\pip\_internal\utils\misc.py
urllib.parse,E:\football_v\.venv\Lib\site-packages\pip\_internal\utils\misc.py
dataclasses,E:\football_v\.venv\Lib\site-packages\pip\_internal\utils\misc.py
functools,E:\football_v\.venv\Lib\site-packages\pip\_internal\utils\misc.py
io,E:\football_v\.venv\Lib\site-packages\pip\_internal\utils\misc.py
itertools,E:\football_v\.venv\Lib\site-packages\pip\_internal\utils\misc.py
pathlib,E:\football_v\.venv\Lib\site-packages\pip\_internal\utils\misc.py
types,E:\football_v\.venv\Lib\site-packages\pip\_internal\utils\misc.py
typing,E:\football_v\.venv\Lib\site-packages\pip\_internal\utils\misc.py
pip._vendor.packaging.requirements,E:\football_v\.venv\Lib\site-packages\pip\_internal\utils\misc.py
pip._vendor.pyproject_hooks,E:\football_v\.venv\Lib\site-packages\pip\_internal\utils\misc.py
pip,E:\football_v\.venv\Lib\site-packages\pip\_internal\utils\misc.py
pip._internal.exceptions,E:\football_v\.venv\Lib\site-packages\pip\_internal\utils\misc.py
pip._internal.locations,E:\football_v\.venv\Lib\site-packages\pip\_internal\utils\misc.py
pip._internal.utils.compat,E:\football_v\.venv\Lib\site-packages\pip\_internal\utils\misc.py
pip._internal.utils.retry,E:\football_v\.venv\Lib\site-packages\pip\_internal\utils\misc.py
pip._internal.utils.virtualenv,E:\football_v\.venv\Lib\site-packages\pip\_internal\utils\misc.py
functools,E:\football_v\.venv\Lib\site-packages\pip\_internal\utils\packaging.py
logging,E:\football_v\.venv\Lib\site-packages\pip\_internal\utils\packaging.py
re,E:\football_v\.venv\Lib\site-packages\pip\_internal\utils\packaging.py
typing,E:\football_v\.venv\Lib\site-packages\pip\_internal\utils\packaging.py
pip._vendor.packaging,E:\football_v\.venv\Lib\site-packages\pip\_internal\utils\packaging.py
pip._vendor.packaging.requirements,E:\football_v\.venv\Lib\site-packages\pip\_internal\utils\packaging.py
functools,E:\football_v\.venv\Lib\site-packages\pip\_internal\utils\retry.py
time,E:\football_v\.venv\Lib\site-packages\pip\_internal\utils\retry.py
typing,E:\football_v\.venv\Lib\site-packages\pip\_internal\utils\retry.py
pip._vendor.typing_extensions,E:\football_v\.venv\Lib\site-packages\pip\_internal\utils\retry.py
sys,E:\football_v\.venv\Lib\site-packages\pip\_internal\utils\setuptools_build.py
textwrap,E:\football_v\.venv\Lib\site-packages\pip\_internal\utils\setuptools_build.py
typing,E:\football_v\.venv\Lib\site-packages\pip\_internal\utils\setuptools_build.py
logging,E:\football_v\.venv\Lib\site-packages\pip\_internal\utils\subprocess.py
os,E:\football_v\.venv\Lib\site-packages\pip\_internal\utils\subprocess.py
shlex,E:\football_v\.venv\Lib\site-packages\pip\_internal\utils\subprocess.py
subprocess,E:\football_v\.venv\Lib\site-packages\pip\_internal\utils\subprocess.py
typing,E:\football_v\.venv\Lib\site-packages\pip\_internal\utils\subprocess.py
pip._vendor.rich.markup,E:\football_v\.venv\Lib\site-packages\pip\_internal\utils\subprocess.py
pip._internal.cli.spinners,E:\football_v\.venv\Lib\site-packages\pip\_internal\utils\subprocess.py
pip._internal.exceptions,E:\football_v\.venv\Lib\site-packages\pip\_internal\utils\subprocess.py
pip._internal.utils.logging,E:\football_v\.venv\Lib\site-packages\pip\_internal\utils\subprocess.py
pip._internal.utils.misc,E:\football_v\.venv\Lib\site-packages\pip\_internal\utils\subprocess.py
errno,E:\football_v\.venv\Lib\site-packages\pip\_internal\utils\temp_dir.py
itertools,E:\football_v\.venv\Lib\site-packages\pip\_internal\utils\temp_dir.py
logging,E:\football_v\.venv\Lib\site-packages\pip\_internal\utils\temp_dir.py
os.path,E:\football_v\.venv\Lib\site-packages\pip\_internal\utils\temp_dir.py
tempfile,E:\football_v\.venv\Lib\site-packages\pip\_internal\utils\temp_dir.py
traceback,E:\football_v\.venv\Lib\site-packages\pip\_internal\utils\temp_dir.py
contextlib,E:\football_v\.venv\Lib\site-packages\pip\_internal\utils\temp_dir.py
pathlib,E:\football_v\.venv\Lib\site-packages\pip\_internal\utils\temp_dir.py
typing,E:\football_v\.venv\Lib\site-packages\pip\_internal\utils\temp_dir.py
pip._internal.utils.misc,E:\football_v\.venv\Lib\site-packages\pip\_internal\utils\temp_dir.py
logging,E:\football_v\.venv\Lib\site-packages\pip\_internal\utils\unpacking.py
os,E:\football_v\.venv\Lib\site-packages\pip\_internal\utils\unpacking.py
shutil,E:\football_v\.venv\Lib\site-packages\pip\_internal\utils\unpacking.py
stat,E:\football_v\.venv\Lib\site-packages\pip\_internal\utils\unpacking.py
sys,E:\football_v\.venv\Lib\site-packages\pip\_internal\utils\unpacking.py
tarfile,E:\football_v\.venv\Lib\site-packages\pip\_internal\utils\unpacking.py
zipfile,E:\football_v\.venv\Lib\site-packages\pip\_internal\utils\unpacking.py
typing,E:\football_v\.venv\Lib\site-packages\pip\_internal\utils\unpacking.py
zipfile,E:\football_v\.venv\Lib\site-packages\pip\_internal\utils\unpacking.py
pip._internal.exceptions,E:\football_v\.venv\Lib\site-packages\pip\_internal\utils\unpacking.py
pip._internal.utils.filetypes,E:\football_v\.venv\Lib\site-packages\pip\_internal\utils\unpacking.py
pip._internal.utils.misc,E:\football_v\.venv\Lib\site-packages\pip\_internal\utils\unpacking.py
bz2,E:\football_v\.venv\Lib\site-packages\pip\_internal\utils\unpacking.py
lzma,E:\football_v\.venv\Lib\site-packages\pip\_internal\utils\unpacking.py
os,E:\football_v\.venv\Lib\site-packages\pip\_internal\utils\urls.py
string,E:\football_v\.venv\Lib\site-packages\pip\_internal\utils\urls.py
urllib.parse,E:\football_v\.venv\Lib\site-packages\pip\_internal\utils\urls.py
urllib.request,E:\football_v\.venv\Lib\site-packages\pip\_internal\utils\urls.py
compat,E:\football_v\.venv\Lib\site-packages\pip\_internal\utils\urls.py
logging,E:\football_v\.venv\Lib\site-packages\pip\_internal\utils\virtualenv.py
os,E:\football_v\.venv\Lib\site-packages\pip\_internal\utils\virtualenv.py
re,E:\football_v\.venv\Lib\site-packages\pip\_internal\utils\virtualenv.py
site,E:\football_v\.venv\Lib\site-packages\pip\_internal\utils\virtualenv.py
sys,E:\football_v\.venv\Lib\site-packages\pip\_internal\utils\virtualenv.py
typing,E:\football_v\.venv\Lib\site-packages\pip\_internal\utils\virtualenv.py
logging,E:\football_v\.venv\Lib\site-packages\pip\_internal\utils\wheel.py
email.message,E:\football_v\.venv\Lib\site-packages\pip\_internal\utils\wheel.py
email.parser,E:\football_v\.venv\Lib\site-packages\pip\_internal\utils\wheel.py
typing,E:\football_v\.venv\Lib\site-packages\pip\_internal\utils\wheel.py
zipfile,E:\football_v\.venv\Lib\site-packages\pip\_internal\utils\wheel.py
pip._vendor.packaging.utils,E:\football_v\.venv\Lib\site-packages\pip\_internal\utils\wheel.py
pip._internal.exceptions,E:\football_v\.venv\Lib\site-packages\pip\_internal\utils\wheel.py
functools,E:\football_v\.venv\Lib\site-packages\pip\_internal\utils\_jaraco_text.py
itertools,E:\football_v\.venv\Lib\site-packages\pip\_internal\utils\_jaraco_text.py
logging,E:\football_v\.venv\Lib\site-packages\pip\_internal\utils\_log.py
typing,E:\football_v\.venv\Lib\site-packages\pip\_internal\utils\_log.py
logging,E:\football_v\.venv\Lib\site-packages\pip\_internal\vcs\bazaar.py
typing,E:\football_v\.venv\Lib\site-packages\pip\_internal\vcs\bazaar.py
pip._internal.utils.misc,E:\football_v\.venv\Lib\site-packages\pip\_internal\vcs\bazaar.py
pip._internal.utils.subprocess,E:\football_v\.venv\Lib\site-packages\pip\_internal\vcs\bazaar.py
pip._internal.utils.urls,E:\football_v\.venv\Lib\site-packages\pip\_internal\vcs\bazaar.py
pip._internal.vcs.versioncontrol,E:\football_v\.venv\Lib\site-packages\pip\_internal\vcs\bazaar.py
logging,E:\football_v\.venv\Lib\site-packages\pip\_internal\vcs\git.py
os.path,E:\football_v\.venv\Lib\site-packages\pip\_internal\vcs\git.py
pathlib,E:\football_v\.venv\Lib\site-packages\pip\_internal\vcs\git.py
re,E:\football_v\.venv\Lib\site-packages\pip\_internal\vcs\git.py
urllib.parse,E:\football_v\.venv\Lib\site-packages\pip\_internal\vcs\git.py
urllib.request,E:\football_v\.venv\Lib\site-packages\pip\_internal\vcs\git.py
dataclasses,E:\football_v\.venv\Lib\site-packages\pip\_internal\vcs\git.py
typing,E:\football_v\.venv\Lib\site-packages\pip\_internal\vcs\git.py
pip._internal.exceptions,E:\football_v\.venv\Lib\site-packages\pip\_internal\vcs\git.py
pip._internal.utils.misc,E:\football_v\.venv\Lib\site-packages\pip\_internal\vcs\git.py
pip._internal.utils.subprocess,E:\football_v\.venv\Lib\site-packages\pip\_internal\vcs\git.py
pip._internal.vcs.versioncontrol,E:\football_v\.venv\Lib\site-packages\pip\_internal\vcs\git.py
configparser,E:\football_v\.venv\Lib\site-packages\pip\_internal\vcs\mercurial.py
logging,E:\football_v\.venv\Lib\site-packages\pip\_internal\vcs\mercurial.py
os,E:\football_v\.venv\Lib\site-packages\pip\_internal\vcs\mercurial.py
typing,E:\football_v\.venv\Lib\site-packages\pip\_internal\vcs\mercurial.py
pip._internal.exceptions,E:\football_v\.venv\Lib\site-packages\pip\_internal\vcs\mercurial.py
pip._internal.utils.misc,E:\football_v\.venv\Lib\site-packages\pip\_internal\vcs\mercurial.py
pip._internal.utils.subprocess,E:\football_v\.venv\Lib\site-packages\pip\_internal\vcs\mercurial.py
pip._internal.utils.urls,E:\football_v\.venv\Lib\site-packages\pip\_internal\vcs\mercurial.py
pip._internal.vcs.versioncontrol,E:\football_v\.venv\Lib\site-packages\pip\_internal\vcs\mercurial.py
logging,E:\football_v\.venv\Lib\site-packages\pip\_internal\vcs\subversion.py
os,E:\football_v\.venv\Lib\site-packages\pip\_internal\vcs\subversion.py
re,E:\football_v\.venv\Lib\site-packages\pip\_internal\vcs\subversion.py
typing,E:\football_v\.venv\Lib\site-packages\pip\_internal\vcs\subversion.py
pip._internal.utils.misc,E:\football_v\.venv\Lib\site-packages\pip\_internal\vcs\subversion.py
pip._internal.utils.subprocess,E:\football_v\.venv\Lib\site-packages\pip\_internal\vcs\subversion.py
pip._internal.vcs.versioncontrol,E:\football_v\.venv\Lib\site-packages\pip\_internal\vcs\subversion.py
pip._internal.exceptions,E:\football_v\.venv\Lib\site-packages\pip\_internal\vcs\subversion.py
logging,E:\football_v\.venv\Lib\site-packages\pip\_internal\vcs\versioncontrol.py
os,E:\football_v\.venv\Lib\site-packages\pip\_internal\vcs\versioncontrol.py
shutil,E:\football_v\.venv\Lib\site-packages\pip\_internal\vcs\versioncontrol.py
sys,E:\football_v\.venv\Lib\site-packages\pip\_internal\vcs\versioncontrol.py
urllib.parse,E:\football_v\.venv\Lib\site-packages\pip\_internal\vcs\versioncontrol.py
dataclasses,E:\football_v\.venv\Lib\site-packages\pip\_internal\vcs\versioncontrol.py
typing,E:\football_v\.venv\Lib\site-packages\pip\_internal\vcs\versioncontrol.py
pip._internal.cli.spinners,E:\football_v\.venv\Lib\site-packages\pip\_internal\vcs\versioncontrol.py
pip._internal.exceptions,E:\football_v\.venv\Lib\site-packages\pip\_internal\vcs\versioncontrol.py
pip._internal.utils.misc,E:\football_v\.venv\Lib\site-packages\pip\_internal\vcs\versioncontrol.py
pip._internal.utils.subprocess,E:\football_v\.venv\Lib\site-packages\pip\_internal\vcs\versioncontrol.py
pip._internal.vcs.bazaar,E:\football_v\.venv\Lib\site-packages\pip\_internal\vcs\__init__.py
pip._internal.vcs.git,E:\football_v\.venv\Lib\site-packages\pip\_internal\vcs\__init__.py
pip._internal.vcs.mercurial,E:\football_v\.venv\Lib\site-packages\pip\_internal\vcs\__init__.py
pip._internal.vcs.subversion,E:\football_v\.venv\Lib\site-packages\pip\_internal\vcs\__init__.py
pip._internal.vcs.versioncontrol,E:\football_v\.venv\Lib\site-packages\pip\_internal\vcs\__init__.py
abc,E:\football_v\.venv\Lib\site-packages\pip\_vendor\typing_extensions.py
collections,E:\football_v\.venv\Lib\site-packages\pip\_vendor\typing_extensions.py
collections.abc,E:\football_v\.venv\Lib\site-packages\pip\_vendor\typing_extensions.py
contextlib,E:\football_v\.venv\Lib\site-packages\pip\_vendor\typing_extensions.py
functools,E:\football_v\.venv\Lib\site-packages\pip\_vendor\typing_extensions.py
inspect,E:\football_v\.venv\Lib\site-packages\pip\_vendor\typing_extensions.py
operator,E:\football_v\.venv\Lib\site-packages\pip\_vendor\typing_extensions.py
sys,E:\football_v\.venv\Lib\site-packages\pip\_vendor\typing_extensions.py
types,E:\football_v\.venv\Lib\site-packages\pip\_vendor\typing_extensions.py
typing,E:\football_v\.venv\Lib\site-packages\pip\_vendor\typing_extensions.py
warnings,E:\football_v\.venv\Lib\site-packages\pip\_vendor\typing_extensions.py
typing,E:\football_v\.venv\Lib\site-packages\pip\_vendor\typing_extensions.py
typing,E:\football_v\.venv\Lib\site-packages\pip\_vendor\typing_extensions.py
typing,E:\football_v\.venv\Lib\site-packages\pip\_vendor\typing_extensions.py
typing,E:\football_v\.venv\Lib\site-packages\pip\_vendor\typing_extensions.py
typing,E:\football_v\.venv\Lib\site-packages\pip\_vendor\typing_extensions.py
typing,E:\football_v\.venv\Lib\site-packages\pip\_vendor\typing_extensions.py
typing,E:\football_v\.venv\Lib\site-packages\pip\_vendor\typing_extensions.py
_socket,E:\football_v\.venv\Lib\site-packages\pip\_vendor\typing_extensions.py
functools,E:\football_v\.venv\Lib\site-packages\pip\_vendor\typing_extensions.py
types,E:\football_v\.venv\Lib\site-packages\pip\_vendor\typing_extensions.py
functools,E:\football_v\.venv\Lib\site-packages\pip\_vendor\typing_extensions.py
__future__,E:\football_v\.venv\Lib\site-packages\pip\_vendor\__init__.py
glob,E:\football_v\.venv\Lib\site-packages\pip\_vendor\__init__.py
os.path,E:\football_v\.venv\Lib\site-packages\pip\_vendor\__init__.py
sys,E:\football_v\.venv\Lib\site-packages\pip\_vendor\__init__.py
__future__,E:\football_v\.venv\Lib\site-packages\pip\_vendor\cachecontrol\adapter.py
functools,E:\football_v\.venv\Lib\site-packages\pip\_vendor\cachecontrol\adapter.py
types,E:\football_v\.venv\Lib\site-packages\pip\_vendor\cachecontrol\adapter.py
zlib,E:\football_v\.venv\Lib\site-packages\pip\_vendor\cachecontrol\adapter.py
typing,E:\football_v\.venv\Lib\site-packages\pip\_vendor\cachecontrol\adapter.py
pip._vendor.requests.adapters,E:\football_v\.venv\Lib\site-packages\pip\_vendor\cachecontrol\adapter.py
pip._vendor.cachecontrol.cache,E:\football_v\.venv\Lib\site-packages\pip\_vendor\cachecontrol\adapter.py
pip._vendor.cachecontrol.controller,E:\football_v\.venv\Lib\site-packages\pip\_vendor\cachecontrol\adapter.py
pip._vendor.cachecontrol.filewrapper,E:\football_v\.venv\Lib\site-packages\pip\_vendor\cachecontrol\adapter.py
pip._vendor.requests,E:\football_v\.venv\Lib\site-packages\pip\_vendor\cachecontrol\adapter.py
pip._vendor.urllib3,E:\football_v\.venv\Lib\site-packages\pip\_vendor\cachecontrol\adapter.py
pip._vendor.cachecontrol.cache,E:\football_v\.venv\Lib\site-packages\pip\_vendor\cachecontrol\adapter.py
pip._vendor.cachecontrol.heuristics,E:\football_v\.venv\Lib\site-packages\pip\_vendor\cachecontrol\adapter.py
pip._vendor.cachecontrol.serialize,E:\football_v\.venv\Lib\site-packages\pip\_vendor\cachecontrol\adapter.py
__future__,E:\football_v\.venv\Lib\site-packages\pip\_vendor\cachecontrol\cache.py
threading,E:\football_v\.venv\Lib\site-packages\pip\_vendor\cachecontrol\cache.py
typing,E:\football_v\.venv\Lib\site-packages\pip\_vendor\cachecontrol\cache.py
datetime,E:\football_v\.venv\Lib\site-packages\pip\_vendor\cachecontrol\cache.py
__future__,E:\football_v\.venv\Lib\site-packages\pip\_vendor\cachecontrol\controller.py
calendar,E:\football_v\.venv\Lib\site-packages\pip\_vendor\cachecontrol\controller.py
logging,E:\football_v\.venv\Lib\site-packages\pip\_vendor\cachecontrol\controller.py
re,E:\football_v\.venv\Lib\site-packages\pip\_vendor\cachecontrol\controller.py
time,E:\football_v\.venv\Lib\site-packages\pip\_vendor\cachecontrol\controller.py
email.utils,E:\football_v\.venv\Lib\site-packages\pip\_vendor\cachecontrol\controller.py
typing,E:\football_v\.venv\Lib\site-packages\pip\_vendor\cachecontrol\controller.py
pip._vendor.requests.structures,E:\football_v\.venv\Lib\site-packages\pip\_vendor\cachecontrol\controller.py
pip._vendor.cachecontrol.cache,E:\football_v\.venv\Lib\site-packages\pip\_vendor\cachecontrol\controller.py
pip._vendor.cachecontrol.serialize,E:\football_v\.venv\Lib\site-packages\pip\_vendor\cachecontrol\controller.py
typing,E:\football_v\.venv\Lib\site-packages\pip\_vendor\cachecontrol\controller.py
pip._vendor.requests,E:\football_v\.venv\Lib\site-packages\pip\_vendor\cachecontrol\controller.py
pip._vendor.urllib3,E:\football_v\.venv\Lib\site-packages\pip\_vendor\cachecontrol\controller.py
pip._vendor.cachecontrol.cache,E:\football_v\.venv\Lib\site-packages\pip\_vendor\cachecontrol\controller.py
__future__,E:\football_v\.venv\Lib\site-packages\pip\_vendor\cachecontrol\filewrapper.py
mmap,E:\football_v\.venv\Lib\site-packages\pip\_vendor\cachecontrol\filewrapper.py
tempfile,E:\football_v\.venv\Lib\site-packages\pip\_vendor\cachecontrol\filewrapper.py
typing,E:\football_v\.venv\Lib\site-packages\pip\_vendor\cachecontrol\filewrapper.py
http.client,E:\football_v\.venv\Lib\site-packages\pip\_vendor\cachecontrol\filewrapper.py
__future__,E:\football_v\.venv\Lib\site-packages\pip\_vendor\cachecontrol\heuristics.py
calendar,E:\football_v\.venv\Lib\site-packages\pip\_vendor\cachecontrol\heuristics.py
time,E:\football_v\.venv\Lib\site-packages\pip\_vendor\cachecontrol\heuristics.py
datetime,E:\football_v\.venv\Lib\site-packages\pip\_vendor\cachecontrol\heuristics.py
email.utils,E:\football_v\.venv\Lib\site-packages\pip\_vendor\cachecontrol\heuristics.py
typing,E:\football_v\.venv\Lib\site-packages\pip\_vendor\cachecontrol\heuristics.py
pip._vendor.urllib3,E:\football_v\.venv\Lib\site-packages\pip\_vendor\cachecontrol\heuristics.py
__future__,E:\football_v\.venv\Lib\site-packages\pip\_vendor\cachecontrol\serialize.py
io,E:\football_v\.venv\Lib\site-packages\pip\_vendor\cachecontrol\serialize.py
typing,E:\football_v\.venv\Lib\site-packages\pip\_vendor\cachecontrol\serialize.py
pip._vendor,E:\football_v\.venv\Lib\site-packages\pip\_vendor\cachecontrol\serialize.py
pip._vendor.requests.structures,E:\football_v\.venv\Lib\site-packages\pip\_vendor\cachecontrol\serialize.py
pip._vendor.urllib3,E:\football_v\.venv\Lib\site-packages\pip\_vendor\cachecontrol\serialize.py
pip._vendor.requests,E:\football_v\.venv\Lib\site-packages\pip\_vendor\cachecontrol\serialize.py
__future__,E:\football_v\.venv\Lib\site-packages\pip\_vendor\cachecontrol\wrapper.py
typing,E:\football_v\.venv\Lib\site-packages\pip\_vendor\cachecontrol\wrapper.py
pip._vendor.cachecontrol.adapter,E:\football_v\.venv\Lib\site-packages\pip\_vendor\cachecontrol\wrapper.py
pip._vendor.cachecontrol.cache,E:\football_v\.venv\Lib\site-packages\pip\_vendor\cachecontrol\wrapper.py
pip._vendor,E:\football_v\.venv\Lib\site-packages\pip\_vendor\cachecontrol\wrapper.py
pip._vendor.cachecontrol.cache,E:\football_v\.venv\Lib\site-packages\pip\_vendor\cachecontrol\wrapper.py
pip._vendor.cachecontrol.controller,E:\football_v\.venv\Lib\site-packages\pip\_vendor\cachecontrol\wrapper.py
pip._vendor.cachecontrol.heuristics,E:\football_v\.venv\Lib\site-packages\pip\_vendor\cachecontrol\wrapper.py
pip._vendor.cachecontrol.serialize,E:\football_v\.venv\Lib\site-packages\pip\_vendor\cachecontrol\wrapper.py
__future__,E:\football_v\.venv\Lib\site-packages\pip\_vendor\cachecontrol\_cmd.py
logging,E:\football_v\.venv\Lib\site-packages\pip\_vendor\cachecontrol\_cmd.py
argparse,E:\football_v\.venv\Lib\site-packages\pip\_vendor\cachecontrol\_cmd.py
typing,E:\football_v\.venv\Lib\site-packages\pip\_vendor\cachecontrol\_cmd.py
pip._vendor,E:\football_v\.venv\Lib\site-packages\pip\_vendor\cachecontrol\_cmd.py
pip._vendor.cachecontrol.adapter,E:\football_v\.venv\Lib\site-packages\pip\_vendor\cachecontrol\_cmd.py
pip._vendor.cachecontrol.cache,E:\football_v\.venv\Lib\site-packages\pip\_vendor\cachecontrol\_cmd.py
pip._vendor.cachecontrol.controller,E:\football_v\.venv\Lib\site-packages\pip\_vendor\cachecontrol\_cmd.py
argparse,E:\football_v\.venv\Lib\site-packages\pip\_vendor\cachecontrol\_cmd.py
pip._vendor.cachecontrol.controller,E:\football_v\.venv\Lib\site-packages\pip\_vendor\cachecontrol\_cmd.py
pip._vendor.cachecontrol.adapter,E:\football_v\.venv\Lib\site-packages\pip\_vendor\cachecontrol\__init__.py
pip._vendor.cachecontrol.controller,E:\football_v\.venv\Lib\site-packages\pip\_vendor\cachecontrol\__init__.py
pip._vendor.cachecontrol.wrapper,E:\football_v\.venv\Lib\site-packages\pip\_vendor\cachecontrol\__init__.py
logging,E:\football_v\.venv\Lib\site-packages\pip\_vendor\cachecontrol\__init__.py
__future__,E:\football_v\.venv\Lib\site-packages\pip\_vendor\cachecontrol\caches\file_cache.py
hashlib,E:\football_v\.venv\Lib\site-packages\pip\_vendor\cachecontrol\caches\file_cache.py
os,E:\football_v\.venv\Lib\site-packages\pip\_vendor\cachecontrol\caches\file_cache.py
textwrap,E:\football_v\.venv\Lib\site-packages\pip\_vendor\cachecontrol\caches\file_cache.py
typing,E:\football_v\.venv\Lib\site-packages\pip\_vendor\cachecontrol\caches\file_cache.py
pathlib,E:\football_v\.venv\Lib\site-packages\pip\_vendor\cachecontrol\caches\file_cache.py
pip._vendor.cachecontrol.cache,E:\football_v\.venv\Lib\site-packages\pip\_vendor\cachecontrol\caches\file_cache.py
pip._vendor.cachecontrol.controller,E:\football_v\.venv\Lib\site-packages\pip\_vendor\cachecontrol\caches\file_cache.py
datetime,E:\football_v\.venv\Lib\site-packages\pip\_vendor\cachecontrol\caches\file_cache.py
filelock,E:\football_v\.venv\Lib\site-packages\pip\_vendor\cachecontrol\caches\file_cache.py
filelock,E:\football_v\.venv\Lib\site-packages\pip\_vendor\cachecontrol\caches\file_cache.py
__future__,E:\football_v\.venv\Lib\site-packages\pip\_vendor\cachecontrol\caches\redis_cache.py
datetime,E:\football_v\.venv\Lib\site-packages\pip\_vendor\cachecontrol\caches\redis_cache.py
typing,E:\football_v\.venv\Lib\site-packages\pip\_vendor\cachecontrol\caches\redis_cache.py
pip._vendor.cachecontrol.cache,E:\football_v\.venv\Lib\site-packages\pip\_vendor\cachecontrol\caches\redis_cache.py
redis,E:\football_v\.venv\Lib\site-packages\pip\_vendor\cachecontrol\caches\redis_cache.py
pip._vendor.cachecontrol.caches.file_cache,E:\football_v\.venv\Lib\site-packages\pip\_vendor\cachecontrol\caches\__init__.py
pip._vendor.cachecontrol.caches.redis_cache,E:\football_v\.venv\Lib\site-packages\pip\_vendor\cachecontrol\caches\__init__.py
sys,E:\football_v\.venv\Lib\site-packages\pip\_vendor\certifi\core.py
atexit,E:\football_v\.venv\Lib\site-packages\pip\_vendor\certifi\core.py
importlib.resources,E:\football_v\.venv\Lib\site-packages\pip\_vendor\certifi\core.py
importlib.resources,E:\football_v\.venv\Lib\site-packages\pip\_vendor\certifi\core.py
os,E:\football_v\.venv\Lib\site-packages\pip\_vendor\certifi\core.py
types,E:\football_v\.venv\Lib\site-packages\pip\_vendor\certifi\core.py
typing,E:\football_v\.venv\Lib\site-packages\pip\_vendor\certifi\core.py
core,E:\football_v\.venv\Lib\site-packages\pip\_vendor\certifi\__init__.py
argparse,E:\football_v\.venv\Lib\site-packages\pip\_vendor\certifi\__main__.py
pip._vendor.certifi,E:\football_v\.venv\Lib\site-packages\pip\_vendor\certifi\__main__.py
__future__,E:\football_v\.venv\Lib\site-packages\pip\_vendor\distlib\compat.py
os,E:\football_v\.venv\Lib\site-packages\pip\_vendor\distlib\compat.py
re,E:\football_v\.venv\Lib\site-packages\pip\_vendor\distlib\compat.py
shutil,E:\football_v\.venv\Lib\site-packages\pip\_vendor\distlib\compat.py
sys,E:\football_v\.venv\Lib\site-packages\pip\_vendor\distlib\compat.py
zipfile,E:\football_v\.venv\Lib\site-packages\pip\_vendor\distlib\compat.py
sysconfig,E:\football_v\.venv\Lib\site-packages\pip\_vendor\distlib\compat.py
ssl,E:\football_v\.venv\Lib\site-packages\pip\_vendor\distlib\compat.py
StringIO,E:\football_v\.venv\Lib\site-packages\pip\_vendor\distlib\compat.py
types,E:\football_v\.venv\Lib\site-packages\pip\_vendor\distlib\compat.py
__builtin__,E:\football_v\.venv\Lib\site-packages\pip\_vendor\distlib\compat.py
ConfigParser,E:\football_v\.venv\Lib\site-packages\pip\_vendor\distlib\compat.py
urlparse,E:\football_v\.venv\Lib\site-packages\pip\_vendor\distlib\compat.py
urllib,E:\football_v\.venv\Lib\site-packages\pip\_vendor\distlib\compat.py
urllib2,E:\football_v\.venv\Lib\site-packages\pip\_vendor\distlib\compat.py
urllib2,E:\football_v\.venv\Lib\site-packages\pip\_vendor\distlib\compat.py
httplib,E:\football_v\.venv\Lib\site-packages\pip\_vendor\distlib\compat.py
xmlrpclib,E:\football_v\.venv\Lib\site-packages\pip\_vendor\distlib\compat.py
Queue,E:\football_v\.venv\Lib\site-packages\pip\_vendor\distlib\compat.py
HTMLParser,E:\football_v\.venv\Lib\site-packages\pip\_vendor\distlib\compat.py
htmlentitydefs,E:\football_v\.venv\Lib\site-packages\pip\_vendor\distlib\compat.py
itertools,E:\football_v\.venv\Lib\site-packages\pip\_vendor\distlib\compat.py
itertools,E:\football_v\.venv\Lib\site-packages\pip\_vendor\distlib\compat.py
io,E:\football_v\.venv\Lib\site-packages\pip\_vendor\distlib\compat.py
io,E:\football_v\.venv\Lib\site-packages\pip\_vendor\distlib\compat.py
builtins,E:\football_v\.venv\Lib\site-packages\pip\_vendor\distlib\compat.py
configparser,E:\football_v\.venv\Lib\site-packages\pip\_vendor\distlib\compat.py
urllib.parse,E:\football_v\.venv\Lib\site-packages\pip\_vendor\distlib\compat.py
urllib.request,E:\football_v\.venv\Lib\site-packages\pip\_vendor\distlib\compat.py
urllib.error,E:\football_v\.venv\Lib\site-packages\pip\_vendor\distlib\compat.py
http.client,E:\football_v\.venv\Lib\site-packages\pip\_vendor\distlib\compat.py
urllib.request,E:\football_v\.venv\Lib\site-packages\pip\_vendor\distlib\compat.py
xmlrpc.client,E:\football_v\.venv\Lib\site-packages\pip\_vendor\distlib\compat.py
queue,E:\football_v\.venv\Lib\site-packages\pip\_vendor\distlib\compat.py
html.parser,E:\football_v\.venv\Lib\site-packages\pip\_vendor\distlib\compat.py
html.entities,E:\football_v\.venv\Lib\site-packages\pip\_vendor\distlib\compat.py
itertools,E:\football_v\.venv\Lib\site-packages\pip\_vendor\distlib\compat.py
ssl,E:\football_v\.venv\Lib\site-packages\pip\_vendor\distlib\compat.py
types,E:\football_v\.venv\Lib\site-packages\pip\_vendor\distlib\compat.py
shutil,E:\football_v\.venv\Lib\site-packages\pip\_vendor\distlib\compat.py
zipfile,E:\football_v\.venv\Lib\site-packages\pip\_vendor\distlib\compat.py
platform,E:\football_v\.venv\Lib\site-packages\pip\_vendor\distlib\compat.py
tokenize,E:\football_v\.venv\Lib\site-packages\pip\_vendor\distlib\compat.py
html,E:\football_v\.venv\Lib\site-packages\pip\_vendor\distlib\compat.py
html,E:\football_v\.venv\Lib\site-packages\pip\_vendor\distlib\compat.py
collections,E:\football_v\.venv\Lib\site-packages\pip\_vendor\distlib\compat.py
importlib.util,E:\football_v\.venv\Lib\site-packages\pip\_vendor\distlib\compat.py
collections,E:\football_v\.venv\Lib\site-packages\pip\_vendor\distlib\compat.py
logging.config,E:\football_v\.venv\Lib\site-packages\pip\_vendor\distlib\compat.py
urllib2,E:\football_v\.venv\Lib\site-packages\pip\_vendor\distlib\compat.py
urllib.request,E:\football_v\.venv\Lib\site-packages\pip\_vendor\distlib\compat.py
collections.abc,E:\football_v\.venv\Lib\site-packages\pip\_vendor\distlib\compat.py
codecs,E:\football_v\.venv\Lib\site-packages\pip\_vendor\distlib\compat.py
cgi,E:\football_v\.venv\Lib\site-packages\pip\_vendor\distlib\compat.py
collections,E:\football_v\.venv\Lib\site-packages\pip\_vendor\distlib\compat.py
reprlib,E:\football_v\.venv\Lib\site-packages\pip\_vendor\distlib\compat.py
thread,E:\football_v\.venv\Lib\site-packages\pip\_vendor\distlib\compat.py
_abcoll,E:\football_v\.venv\Lib\site-packages\pip\_vendor\distlib\compat.py
dummy_thread,E:\football_v\.venv\Lib\site-packages\pip\_vendor\distlib\compat.py
__future__,E:\football_v\.venv\Lib\site-packages\pip\_vendor\distlib\database.py
base64,E:\football_v\.venv\Lib\site-packages\pip\_vendor\distlib\database.py
codecs,E:\football_v\.venv\Lib\site-packages\pip\_vendor\distlib\database.py
contextlib,E:\football_v\.venv\Lib\site-packages\pip\_vendor\distlib\database.py
hashlib,E:\football_v\.venv\Lib\site-packages\pip\_vendor\distlib\database.py
logging,E:\football_v\.venv\Lib\site-packages\pip\_vendor\distlib\database.py
os,E:\football_v\.venv\Lib\site-packages\pip\_vendor\distlib\database.py
posixpath,E:\football_v\.venv\Lib\site-packages\pip\_vendor\distlib\database.py
sys,E:\football_v\.venv\Lib\site-packages\pip\_vendor\distlib\database.py
zipimport,E:\football_v\.venv\Lib\site-packages\pip\_vendor\distlib\database.py
compat,E:\football_v\.venv\Lib\site-packages\pip\_vendor\distlib\database.py
version,E:\football_v\.venv\Lib\site-packages\pip\_vendor\distlib\database.py
metadata,E:\football_v\.venv\Lib\site-packages\pip\_vendor\distlib\database.py
util,E:\football_v\.venv\Lib\site-packages\pip\_vendor\distlib\database.py
warnings,E:\football_v\.venv\Lib\site-packages\pip\_vendor\distlib\database.py
hashlib,E:\football_v\.venv\Lib\site-packages\pip\_vendor\distlib\index.py
logging,E:\football_v\.venv\Lib\site-packages\pip\_vendor\distlib\index.py
os,E:\football_v\.venv\Lib\site-packages\pip\_vendor\distlib\index.py
shutil,E:\football_v\.venv\Lib\site-packages\pip\_vendor\distlib\index.py
subprocess,E:\football_v\.venv\Lib\site-packages\pip\_vendor\distlib\index.py
tempfile,E:\football_v\.venv\Lib\site-packages\pip\_vendor\distlib\index.py
compat,E:\football_v\.venv\Lib\site-packages\pip\_vendor\distlib\index.py
util,E:\football_v\.venv\Lib\site-packages\pip\_vendor\distlib\index.py
threading,E:\football_v\.venv\Lib\site-packages\pip\_vendor\distlib\index.py
dummy_threading,E:\football_v\.venv\Lib\site-packages\pip\_vendor\distlib\index.py
util,E:\football_v\.venv\Lib\site-packages\pip\_vendor\distlib\index.py
util,E:\football_v\.venv\Lib\site-packages\pip\_vendor\distlib\index.py
util,E:\football_v\.venv\Lib\site-packages\pip\_vendor\distlib\index.py
gzip,E:\football_v\.venv\Lib\site-packages\pip\_vendor\distlib\locators.py
io,E:\football_v\.venv\Lib\site-packages\pip\_vendor\distlib\locators.py
json,E:\football_v\.venv\Lib\site-packages\pip\_vendor\distlib\locators.py
logging,E:\football_v\.venv\Lib\site-packages\pip\_vendor\distlib\locators.py
os,E:\football_v\.venv\Lib\site-packages\pip\_vendor\distlib\locators.py
posixpath,E:\football_v\.venv\Lib\site-packages\pip\_vendor\distlib\locators.py
re,E:\football_v\.venv\Lib\site-packages\pip\_vendor\distlib\locators.py
zlib,E:\football_v\.venv\Lib\site-packages\pip\_vendor\distlib\locators.py
compat,E:\football_v\.venv\Lib\site-packages\pip\_vendor\distlib\locators.py
database,E:\football_v\.venv\Lib\site-packages\pip\_vendor\distlib\locators.py
metadata,E:\football_v\.venv\Lib\site-packages\pip\_vendor\distlib\locators.py
util,E:\football_v\.venv\Lib\site-packages\pip\_vendor\distlib\locators.py
version,E:\football_v\.venv\Lib\site-packages\pip\_vendor\distlib\locators.py
wheel,E:\football_v\.venv\Lib\site-packages\pip\_vendor\distlib\locators.py
threading,E:\football_v\.venv\Lib\site-packages\pip\_vendor\distlib\locators.py
dummy_threading,E:\football_v\.venv\Lib\site-packages\pip\_vendor\distlib\locators.py
fnmatch,E:\football_v\.venv\Lib\site-packages\pip\_vendor\distlib\manifest.py
logging,E:\football_v\.venv\Lib\site-packages\pip\_vendor\distlib\manifest.py
os,E:\football_v\.venv\Lib\site-packages\pip\_vendor\distlib\manifest.py
re,E:\football_v\.venv\Lib\site-packages\pip\_vendor\distlib\manifest.py
sys,E:\football_v\.venv\Lib\site-packages\pip\_vendor\distlib\manifest.py
compat,E:\football_v\.venv\Lib\site-packages\pip\_vendor\distlib\manifest.py
util,E:\football_v\.venv\Lib\site-packages\pip\_vendor\distlib\manifest.py
stat,E:\football_v\.venv\Lib\site-packages\pip\_vendor\distlib\manifest.py
os,E:\football_v\.venv\Lib\site-packages\pip\_vendor\distlib\markers.py
re,E:\football_v\.venv\Lib\site-packages\pip\_vendor\distlib\markers.py
sys,E:\football_v\.venv\Lib\site-packages\pip\_vendor\distlib\markers.py
platform,E:\football_v\.venv\Lib\site-packages\pip\_vendor\distlib\markers.py
compat,E:\football_v\.venv\Lib\site-packages\pip\_vendor\distlib\markers.py
util,E:\football_v\.venv\Lib\site-packages\pip\_vendor\distlib\markers.py
version,E:\football_v\.venv\Lib\site-packages\pip\_vendor\distlib\markers.py
__future__,E:\football_v\.venv\Lib\site-packages\pip\_vendor\distlib\metadata.py
codecs,E:\football_v\.venv\Lib\site-packages\pip\_vendor\distlib\metadata.py
email,E:\football_v\.venv\Lib\site-packages\pip\_vendor\distlib\metadata.py
json,E:\football_v\.venv\Lib\site-packages\pip\_vendor\distlib\metadata.py
logging,E:\football_v\.venv\Lib\site-packages\pip\_vendor\distlib\metadata.py
re,E:\football_v\.venv\Lib\site-packages\pip\_vendor\distlib\metadata.py
compat,E:\football_v\.venv\Lib\site-packages\pip\_vendor\distlib\metadata.py
markers,E:\football_v\.venv\Lib\site-packages\pip\_vendor\distlib\metadata.py
util,E:\football_v\.venv\Lib\site-packages\pip\_vendor\distlib\metadata.py
version,E:\football_v\.venv\Lib\site-packages\pip\_vendor\distlib\metadata.py
__future__,E:\football_v\.venv\Lib\site-packages\pip\_vendor\distlib\resources.py
bisect,E:\football_v\.venv\Lib\site-packages\pip\_vendor\distlib\resources.py
io,E:\football_v\.venv\Lib\site-packages\pip\_vendor\distlib\resources.py
logging,E:\football_v\.venv\Lib\site-packages\pip\_vendor\distlib\resources.py
os,E:\football_v\.venv\Lib\site-packages\pip\_vendor\distlib\resources.py
pkgutil,E:\football_v\.venv\Lib\site-packages\pip\_vendor\distlib\resources.py
sys,E:\football_v\.venv\Lib\site-packages\pip\_vendor\distlib\resources.py
types,E:\football_v\.venv\Lib\site-packages\pip\_vendor\distlib\resources.py
zipimport,E:\football_v\.venv\Lib\site-packages\pip\_vendor\distlib\resources.py
util,E:\football_v\.venv\Lib\site-packages\pip\_vendor\distlib\resources.py
_frozen_importlib_external,E:\football_v\.venv\Lib\site-packages\pip\_vendor\distlib\resources.py
_frozen_importlib,E:\football_v\.venv\Lib\site-packages\pip\_vendor\distlib\resources.py
io,E:\football_v\.venv\Lib\site-packages\pip\_vendor\distlib\scripts.py
logging,E:\football_v\.venv\Lib\site-packages\pip\_vendor\distlib\scripts.py
os,E:\football_v\.venv\Lib\site-packages\pip\_vendor\distlib\scripts.py
re,E:\football_v\.venv\Lib\site-packages\pip\_vendor\distlib\scripts.py
struct,E:\football_v\.venv\Lib\site-packages\pip\_vendor\distlib\scripts.py
sys,E:\football_v\.venv\Lib\site-packages\pip\_vendor\distlib\scripts.py
time,E:\football_v\.venv\Lib\site-packages\pip\_vendor\distlib\scripts.py
zipfile,E:\football_v\.venv\Lib\site-packages\pip\_vendor\distlib\scripts.py
compat,E:\football_v\.venv\Lib\site-packages\pip\_vendor\distlib\scripts.py
resources,E:\football_v\.venv\Lib\site-packages\pip\_vendor\distlib\scripts.py
util,E:\football_v\.venv\Lib\site-packages\pip\_vendor\distlib\scripts.py
java,E:\football_v\.venv\Lib\site-packages\pip\_vendor\distlib\scripts.py
codecs,E:\football_v\.venv\Lib\site-packages\pip\_vendor\distlib\util.py
collections,E:\football_v\.venv\Lib\site-packages\pip\_vendor\distlib\util.py
contextlib,E:\football_v\.venv\Lib\site-packages\pip\_vendor\distlib\util.py
csv,E:\football_v\.venv\Lib\site-packages\pip\_vendor\distlib\util.py
glob,E:\football_v\.venv\Lib\site-packages\pip\_vendor\distlib\util.py
io,E:\football_v\.venv\Lib\site-packages\pip\_vendor\distlib\util.py
json,E:\football_v\.venv\Lib\site-packages\pip\_vendor\distlib\util.py
logging,E:\football_v\.venv\Lib\site-packages\pip\_vendor\distlib\util.py
os,E:\football_v\.venv\Lib\site-packages\pip\_vendor\distlib\util.py
py_compile,E:\football_v\.venv\Lib\site-packages\pip\_vendor\distlib\util.py
re,E:\football_v\.venv\Lib\site-packages\pip\_vendor\distlib\util.py
socket,E:\football_v\.venv\Lib\site-packages\pip\_vendor\distlib\util.py
subprocess,E:\football_v\.venv\Lib\site-packages\pip\_vendor\distlib\util.py
sys,E:\football_v\.venv\Lib\site-packages\pip\_vendor\distlib\util.py
tarfile,E:\football_v\.venv\Lib\site-packages\pip\_vendor\distlib\util.py
tempfile,E:\football_v\.venv\Lib\site-packages\pip\_vendor\distlib\util.py
textwrap,E:\football_v\.venv\Lib\site-packages\pip\_vendor\distlib\util.py
time,E:\football_v\.venv\Lib\site-packages\pip\_vendor\distlib\util.py
compat,E:\football_v\.venv\Lib\site-packages\pip\_vendor\distlib\util.py
ssl,E:\football_v\.venv\Lib\site-packages\pip\_vendor\distlib\util.py
threading,E:\football_v\.venv\Lib\site-packages\pip\_vendor\distlib\util.py
compat,E:\football_v\.venv\Lib\site-packages\pip\_vendor\distlib\util.py
dummy_threading,E:\football_v\.venv\Lib\site-packages\pip\_vendor\distlib\util.py
_aix_support,E:\football_v\.venv\Lib\site-packages\pip\_vendor\distlib\util.py
_osx_support,E:\football_v\.venv\Lib\site-packages\pip\_vendor\distlib\util.py
distutils,E:\football_v\.venv\Lib\site-packages\pip\_vendor\distlib\util.py
sysconfig,E:\football_v\.venv\Lib\site-packages\pip\_vendor\distlib\util.py
logging,E:\football_v\.venv\Lib\site-packages\pip\_vendor\distlib\version.py
re,E:\football_v\.venv\Lib\site-packages\pip\_vendor\distlib\version.py
compat,E:\football_v\.venv\Lib\site-packages\pip\_vendor\distlib\version.py
util,E:\football_v\.venv\Lib\site-packages\pip\_vendor\distlib\version.py
__future__,E:\football_v\.venv\Lib\site-packages\pip\_vendor\distlib\wheel.py
base64,E:\football_v\.venv\Lib\site-packages\pip\_vendor\distlib\wheel.py
codecs,E:\football_v\.venv\Lib\site-packages\pip\_vendor\distlib\wheel.py
datetime,E:\football_v\.venv\Lib\site-packages\pip\_vendor\distlib\wheel.py
email,E:\football_v\.venv\Lib\site-packages\pip\_vendor\distlib\wheel.py
hashlib,E:\football_v\.venv\Lib\site-packages\pip\_vendor\distlib\wheel.py
json,E:\football_v\.venv\Lib\site-packages\pip\_vendor\distlib\wheel.py
logging,E:\football_v\.venv\Lib\site-packages\pip\_vendor\distlib\wheel.py
os,E:\football_v\.venv\Lib\site-packages\pip\_vendor\distlib\wheel.py
posixpath,E:\football_v\.venv\Lib\site-packages\pip\_vendor\distlib\wheel.py
re,E:\football_v\.venv\Lib\site-packages\pip\_vendor\distlib\wheel.py
shutil,E:\football_v\.venv\Lib\site-packages\pip\_vendor\distlib\wheel.py
sys,E:\football_v\.venv\Lib\site-packages\pip\_vendor\distlib\wheel.py
tempfile,E:\football_v\.venv\Lib\site-packages\pip\_vendor\distlib\wheel.py
zipfile,E:\football_v\.venv\Lib\site-packages\pip\_vendor\distlib\wheel.py
compat,E:\football_v\.venv\Lib\site-packages\pip\_vendor\distlib\wheel.py
database,E:\football_v\.venv\Lib\site-packages\pip\_vendor\distlib\wheel.py
metadata,E:\football_v\.venv\Lib\site-packages\pip\_vendor\distlib\wheel.py
util,E:\football_v\.venv\Lib\site-packages\pip\_vendor\distlib\wheel.py
version,E:\football_v\.venv\Lib\site-packages\pip\_vendor\distlib\wheel.py
imp,E:\football_v\.venv\Lib\site-packages\pip\_vendor\distlib\wheel.py
importlib.machinery,E:\football_v\.venv\Lib\site-packages\pip\_vendor\distlib\wheel.py
importlib.util,E:\football_v\.venv\Lib\site-packages\pip\_vendor\distlib\wheel.py
platform,E:\football_v\.venv\Lib\site-packages\pip\_vendor\distlib\wheel.py
logging,E:\football_v\.venv\Lib\site-packages\pip\_vendor\distlib\__init__.py
logging,E:\football_v\.venv\Lib\site-packages\pip\_vendor\distlib\__init__.py
argparse,E:\football_v\.venv\Lib\site-packages\pip\_vendor\distro\distro.py
json,E:\football_v\.venv\Lib\site-packages\pip\_vendor\distro\distro.py
logging,E:\football_v\.venv\Lib\site-packages\pip\_vendor\distro\distro.py
os,E:\football_v\.venv\Lib\site-packages\pip\_vendor\distro\distro.py
re,E:\football_v\.venv\Lib\site-packages\pip\_vendor\distro\distro.py
shlex,E:\football_v\.venv\Lib\site-packages\pip\_vendor\distro\distro.py
subprocess,E:\football_v\.venv\Lib\site-packages\pip\_vendor\distro\distro.py
sys,E:\football_v\.venv\Lib\site-packages\pip\_vendor\distro\distro.py
warnings,E:\football_v\.venv\Lib\site-packages\pip\_vendor\distro\distro.py
typing,E:\football_v\.venv\Lib\site-packages\pip\_vendor\distro\distro.py
typing,E:\football_v\.venv\Lib\site-packages\pip\_vendor\distro\distro.py
functools,E:\football_v\.venv\Lib\site-packages\pip\_vendor\distro\distro.py
distro,E:\football_v\.venv\Lib\site-packages\pip\_vendor\distro\__init__.py
distro,E:\football_v\.venv\Lib\site-packages\pip\_vendor\distro\__main__.py
codecs,E:\football_v\.venv\Lib\site-packages\pip\_vendor\idna\codec.py
re,E:\football_v\.venv\Lib\site-packages\pip\_vendor\idna\codec.py
typing,E:\football_v\.venv\Lib\site-packages\pip\_vendor\idna\codec.py
core,E:\football_v\.venv\Lib\site-packages\pip\_vendor\idna\codec.py
typing,E:\football_v\.venv\Lib\site-packages\pip\_vendor\idna\compat.py
core,E:\football_v\.venv\Lib\site-packages\pip\_vendor\idna\compat.py
bisect,E:\football_v\.venv\Lib\site-packages\pip\_vendor\idna\core.py
re,E:\football_v\.venv\Lib\site-packages\pip\_vendor\idna\core.py
unicodedata,E:\football_v\.venv\Lib\site-packages\pip\_vendor\idna\core.py
typing,E:\football_v\.venv\Lib\site-packages\pip\_vendor\idna\core.py
intranges,E:\football_v\.venv\Lib\site-packages\pip\_vendor\idna\core.py
uts46data,E:\football_v\.venv\Lib\site-packages\pip\_vendor\idna\core.py
bisect,E:\football_v\.venv\Lib\site-packages\pip\_vendor\idna\intranges.py
typing,E:\football_v\.venv\Lib\site-packages\pip\_vendor\idna\intranges.py
typing,E:\football_v\.venv\Lib\site-packages\pip\_vendor\idna\uts46data.py
core,E:\football_v\.venv\Lib\site-packages\pip\_vendor\idna\__init__.py
intranges,E:\football_v\.venv\Lib\site-packages\pip\_vendor\idna\__init__.py
package_data,E:\football_v\.venv\Lib\site-packages\pip\_vendor\idna\__init__.py
datetime,E:\football_v\.venv\Lib\site-packages\pip\_vendor\msgpack\ext.py
struct,E:\football_v\.venv\Lib\site-packages\pip\_vendor\msgpack\ext.py
collections,E:\football_v\.venv\Lib\site-packages\pip\_vendor\msgpack\ext.py
struct,E:\football_v\.venv\Lib\site-packages\pip\_vendor\msgpack\fallback.py
sys,E:\football_v\.venv\Lib\site-packages\pip\_vendor\msgpack\fallback.py
datetime,E:\football_v\.venv\Lib\site-packages\pip\_vendor\msgpack\fallback.py
exceptions,E:\football_v\.venv\Lib\site-packages\pip\_vendor\msgpack\fallback.py
ext,E:\football_v\.venv\Lib\site-packages\pip\_vendor\msgpack\fallback.py
__pypy__,E:\football_v\.venv\Lib\site-packages\pip\_vendor\msgpack\fallback.py
__pypy__.builders,E:\football_v\.venv\Lib\site-packages\pip\_vendor\msgpack\fallback.py
io,E:\football_v\.venv\Lib\site-packages\pip\_vendor\msgpack\fallback.py
os,E:\football_v\.venv\Lib\site-packages\pip\_vendor\msgpack\__init__.py
exceptions,E:\football_v\.venv\Lib\site-packages\pip\_vendor\msgpack\__init__.py
ext,E:\football_v\.venv\Lib\site-packages\pip\_vendor\msgpack\__init__.py
fallback,E:\football_v\.venv\Lib\site-packages\pip\_vendor\msgpack\__init__.py
_cmsgpack,E:\football_v\.venv\Lib\site-packages\pip\_vendor\msgpack\__init__.py
fallback,E:\football_v\.venv\Lib\site-packages\pip\_vendor\msgpack\__init__.py
__future__,E:\football_v\.venv\Lib\site-packages\pip\_vendor\packaging\markers.py
operator,E:\football_v\.venv\Lib\site-packages\pip\_vendor\packaging\markers.py
os,E:\football_v\.venv\Lib\site-packages\pip\_vendor\packaging\markers.py
platform,E:\football_v\.venv\Lib\site-packages\pip\_vendor\packaging\markers.py
sys,E:\football_v\.venv\Lib\site-packages\pip\_vendor\packaging\markers.py
typing,E:\football_v\.venv\Lib\site-packages\pip\_vendor\packaging\markers.py
_parser,E:\football_v\.venv\Lib\site-packages\pip\_vendor\packaging\markers.py
_parser,E:\football_v\.venv\Lib\site-packages\pip\_vendor\packaging\markers.py
_tokenizer,E:\football_v\.venv\Lib\site-packages\pip\_vendor\packaging\markers.py
specifiers,E:\football_v\.venv\Lib\site-packages\pip\_vendor\packaging\markers.py
utils,E:\football_v\.venv\Lib\site-packages\pip\_vendor\packaging\markers.py
__future__,E:\football_v\.venv\Lib\site-packages\pip\_vendor\packaging\metadata.py
email.feedparser,E:\football_v\.venv\Lib\site-packages\pip\_vendor\packaging\metadata.py
email.header,E:\football_v\.venv\Lib\site-packages\pip\_vendor\packaging\metadata.py
email.message,E:\football_v\.venv\Lib\site-packages\pip\_vendor\packaging\metadata.py
email.parser,E:\football_v\.venv\Lib\site-packages\pip\_vendor\packaging\metadata.py
email.policy,E:\football_v\.venv\Lib\site-packages\pip\_vendor\packaging\metadata.py
pathlib,E:\football_v\.venv\Lib\site-packages\pip\_vendor\packaging\metadata.py
sys,E:\football_v\.venv\Lib\site-packages\pip\_vendor\packaging\metadata.py
typing,E:\football_v\.venv\Lib\site-packages\pip\_vendor\packaging\metadata.py
typing,E:\football_v\.venv\Lib\site-packages\pip\_vendor\packaging\metadata.py
licenses,E:\football_v\.venv\Lib\site-packages\pip\_vendor\packaging\metadata.py
__future__,E:\football_v\.venv\Lib\site-packages\pip\_vendor\packaging\requirements.py
typing,E:\football_v\.venv\Lib\site-packages\pip\_vendor\packaging\requirements.py
_parser,E:\football_v\.venv\Lib\site-packages\pip\_vendor\packaging\requirements.py
_tokenizer,E:\football_v\.venv\Lib\site-packages\pip\_vendor\packaging\requirements.py
markers,E:\football_v\.venv\Lib\site-packages\pip\_vendor\packaging\requirements.py
specifiers,E:\football_v\.venv\Lib\site-packages\pip\_vendor\packaging\requirements.py
utils,E:\football_v\.venv\Lib\site-packages\pip\_vendor\packaging\requirements.py
__future__,E:\football_v\.venv\Lib\site-packages\pip\_vendor\packaging\specifiers.py
abc,E:\football_v\.venv\Lib\site-packages\pip\_vendor\packaging\specifiers.py
itertools,E:\football_v\.venv\Lib\site-packages\pip\_vendor\packaging\specifiers.py
re,E:\football_v\.venv\Lib\site-packages\pip\_vendor\packaging\specifiers.py
typing,E:\football_v\.venv\Lib\site-packages\pip\_vendor\packaging\specifiers.py
utils,E:\football_v\.venv\Lib\site-packages\pip\_vendor\packaging\specifiers.py
version,E:\football_v\.venv\Lib\site-packages\pip\_vendor\packaging\specifiers.py
__future__,E:\football_v\.venv\Lib\site-packages\pip\_vendor\packaging\tags.py
logging,E:\football_v\.venv\Lib\site-packages\pip\_vendor\packaging\tags.py
platform,E:\football_v\.venv\Lib\site-packages\pip\_vendor\packaging\tags.py
re,E:\football_v\.venv\Lib\site-packages\pip\_vendor\packaging\tags.py
struct,E:\football_v\.venv\Lib\site-packages\pip\_vendor\packaging\tags.py
subprocess,E:\football_v\.venv\Lib\site-packages\pip\_vendor\packaging\tags.py
sys,E:\football_v\.venv\Lib\site-packages\pip\_vendor\packaging\tags.py
sysconfig,E:\football_v\.venv\Lib\site-packages\pip\_vendor\packaging\tags.py
importlib.machinery,E:\football_v\.venv\Lib\site-packages\pip\_vendor\packaging\tags.py
typing,E:\football_v\.venv\Lib\site-packages\pip\_vendor\packaging\tags.py
__future__,E:\football_v\.venv\Lib\site-packages\pip\_vendor\packaging\utils.py
functools,E:\football_v\.venv\Lib\site-packages\pip\_vendor\packaging\utils.py
re,E:\football_v\.venv\Lib\site-packages\pip\_vendor\packaging\utils.py
typing,E:\football_v\.venv\Lib\site-packages\pip\_vendor\packaging\utils.py
tags,E:\football_v\.venv\Lib\site-packages\pip\_vendor\packaging\utils.py
version,E:\football_v\.venv\Lib\site-packages\pip\_vendor\packaging\utils.py
__future__,E:\football_v\.venv\Lib\site-packages\pip\_vendor\packaging\version.py
itertools,E:\football_v\.venv\Lib\site-packages\pip\_vendor\packaging\version.py
re,E:\football_v\.venv\Lib\site-packages\pip\_vendor\packaging\version.py
typing,E:\football_v\.venv\Lib\site-packages\pip\_vendor\packaging\version.py
_structures,E:\football_v\.venv\Lib\site-packages\pip\_vendor\packaging\version.py
__future__,E:\football_v\.venv\Lib\site-packages\pip\_vendor\packaging\_elffile.py
enum,E:\football_v\.venv\Lib\site-packages\pip\_vendor\packaging\_elffile.py
os,E:\football_v\.venv\Lib\site-packages\pip\_vendor\packaging\_elffile.py
struct,E:\football_v\.venv\Lib\site-packages\pip\_vendor\packaging\_elffile.py
typing,E:\football_v\.venv\Lib\site-packages\pip\_vendor\packaging\_elffile.py
__future__,E:\football_v\.venv\Lib\site-packages\pip\_vendor\packaging\_manylinux.py
collections,E:\football_v\.venv\Lib\site-packages\pip\_vendor\packaging\_manylinux.py
contextlib,E:\football_v\.venv\Lib\site-packages\pip\_vendor\packaging\_manylinux.py
functools,E:\football_v\.venv\Lib\site-packages\pip\_vendor\packaging\_manylinux.py
os,E:\football_v\.venv\Lib\site-packages\pip\_vendor\packaging\_manylinux.py
re,E:\football_v\.venv\Lib\site-packages\pip\_vendor\packaging\_manylinux.py
sys,E:\football_v\.venv\Lib\site-packages\pip\_vendor\packaging\_manylinux.py
warnings,E:\football_v\.venv\Lib\site-packages\pip\_vendor\packaging\_manylinux.py
typing,E:\football_v\.venv\Lib\site-packages\pip\_vendor\packaging\_manylinux.py
_elffile,E:\football_v\.venv\Lib\site-packages\pip\_vendor\packaging\_manylinux.py
ctypes,E:\football_v\.venv\Lib\site-packages\pip\_vendor\packaging\_manylinux.py
_manylinux,E:\football_v\.venv\Lib\site-packages\pip\_vendor\packaging\_manylinux.py
__future__,E:\football_v\.venv\Lib\site-packages\pip\_vendor\packaging\_musllinux.py
functools,E:\football_v\.venv\Lib\site-packages\pip\_vendor\packaging\_musllinux.py
re,E:\football_v\.venv\Lib\site-packages\pip\_vendor\packaging\_musllinux.py
subprocess,E:\football_v\.venv\Lib\site-packages\pip\_vendor\packaging\_musllinux.py
sys,E:\football_v\.venv\Lib\site-packages\pip\_vendor\packaging\_musllinux.py
typing,E:\football_v\.venv\Lib\site-packages\pip\_vendor\packaging\_musllinux.py
_elffile,E:\football_v\.venv\Lib\site-packages\pip\_vendor\packaging\_musllinux.py
sysconfig,E:\football_v\.venv\Lib\site-packages\pip\_vendor\packaging\_musllinux.py
__future__,E:\football_v\.venv\Lib\site-packages\pip\_vendor\packaging\_parser.py
ast,E:\football_v\.venv\Lib\site-packages\pip\_vendor\packaging\_parser.py
typing,E:\football_v\.venv\Lib\site-packages\pip\_vendor\packaging\_parser.py
_tokenizer,E:\football_v\.venv\Lib\site-packages\pip\_vendor\packaging\_parser.py
__future__,E:\football_v\.venv\Lib\site-packages\pip\_vendor\packaging\_tokenizer.py
contextlib,E:\football_v\.venv\Lib\site-packages\pip\_vendor\packaging\_tokenizer.py
re,E:\football_v\.venv\Lib\site-packages\pip\_vendor\packaging\_tokenizer.py
dataclasses,E:\football_v\.venv\Lib\site-packages\pip\_vendor\packaging\_tokenizer.py
typing,E:\football_v\.venv\Lib\site-packages\pip\_vendor\packaging\_tokenizer.py
specifiers,E:\football_v\.venv\Lib\site-packages\pip\_vendor\packaging\_tokenizer.py
__future__,E:\football_v\.venv\Lib\site-packages\pip\_vendor\packaging\licenses\_spdx.py
typing,E:\football_v\.venv\Lib\site-packages\pip\_vendor\packaging\licenses\_spdx.py
__future__,E:\football_v\.venv\Lib\site-packages\pip\_vendor\packaging\licenses\__init__.py
re,E:\football_v\.venv\Lib\site-packages\pip\_vendor\packaging\licenses\__init__.py
typing,E:\football_v\.venv\Lib\site-packages\pip\_vendor\packaging\licenses\__init__.py
pip._vendor.packaging.licenses._spdx,E:\football_v\.venv\Lib\site-packages\pip\_vendor\packaging\licenses\__init__.py
__future__,E:\football_v\.venv\Lib\site-packages\pip\_vendor\pkg_resources\__init__.py
sys,E:\football_v\.venv\Lib\site-packages\pip\_vendor\pkg_resources\__init__.py
os,E:\football_v\.venv\Lib\site-packages\pip\_vendor\pkg_resources\__init__.py
io,E:\football_v\.venv\Lib\site-packages\pip\_vendor\pkg_resources\__init__.py
time,E:\football_v\.venv\Lib\site-packages\pip\_vendor\pkg_resources\__init__.py
re,E:\football_v\.venv\Lib\site-packages\pip\_vendor\pkg_resources\__init__.py
types,E:\football_v\.venv\Lib\site-packages\pip\_vendor\pkg_resources\__init__.py
typing,E:\football_v\.venv\Lib\site-packages\pip\_vendor\pkg_resources\__init__.py
zipfile,E:\football_v\.venv\Lib\site-packages\pip\_vendor\pkg_resources\__init__.py
zipimport,E:\football_v\.venv\Lib\site-packages\pip\_vendor\pkg_resources\__init__.py
warnings,E:\football_v\.venv\Lib\site-packages\pip\_vendor\pkg_resources\__init__.py
stat,E:\football_v\.venv\Lib\site-packages\pip\_vendor\pkg_resources\__init__.py
functools,E:\football_v\.venv\Lib\site-packages\pip\_vendor\pkg_resources\__init__.py
pkgutil,E:\football_v\.venv\Lib\site-packages\pip\_vendor\pkg_resources\__init__.py
operator,E:\football_v\.venv\Lib\site-packages\pip\_vendor\pkg_resources\__init__.py
platform,E:\football_v\.venv\Lib\site-packages\pip\_vendor\pkg_resources\__init__.py
collections,E:\football_v\.venv\Lib\site-packages\pip\_vendor\pkg_resources\__init__.py
plistlib,E:\football_v\.venv\Lib\site-packages\pip\_vendor\pkg_resources\__init__.py
email.parser,E:\football_v\.venv\Lib\site-packages\pip\_vendor\pkg_resources\__init__.py
errno,E:\football_v\.venv\Lib\site-packages\pip\_vendor\pkg_resources\__init__.py
tempfile,E:\football_v\.venv\Lib\site-packages\pip\_vendor\pkg_resources\__init__.py
textwrap,E:\football_v\.venv\Lib\site-packages\pip\_vendor\pkg_resources\__init__.py
inspect,E:\football_v\.venv\Lib\site-packages\pip\_vendor\pkg_resources\__init__.py
ntpath,E:\football_v\.venv\Lib\site-packages\pip\_vendor\pkg_resources\__init__.py
posixpath,E:\football_v\.venv\Lib\site-packages\pip\_vendor\pkg_resources\__init__.py
importlib,E:\football_v\.venv\Lib\site-packages\pip\_vendor\pkg_resources\__init__.py
importlib.abc,E:\football_v\.venv\Lib\site-packages\pip\_vendor\pkg_resources\__init__.py
importlib.machinery,E:\football_v\.venv\Lib\site-packages\pip\_vendor\pkg_resources\__init__.py
pkgutil,E:\football_v\.venv\Lib\site-packages\pip\_vendor\pkg_resources\__init__.py
_imp,E:\football_v\.venv\Lib\site-packages\pip\_vendor\pkg_resources\__init__.py
os,E:\football_v\.venv\Lib\site-packages\pip\_vendor\pkg_resources\__init__.py
os,E:\football_v\.venv\Lib\site-packages\pip\_vendor\pkg_resources\__init__.py
os.path,E:\football_v\.venv\Lib\site-packages\pip\_vendor\pkg_resources\__init__.py
pip._internal.utils._jaraco_text,E:\football_v\.venv\Lib\site-packages\pip\_vendor\pkg_resources\__init__.py
pip._vendor.packaging,E:\football_v\.venv\Lib\site-packages\pip\_vendor\pkg_resources\__init__.py
pip._vendor.packaging,E:\football_v\.venv\Lib\site-packages\pip\_vendor\pkg_resources\__init__.py
pip._vendor.packaging,E:\football_v\.venv\Lib\site-packages\pip\_vendor\pkg_resources\__init__.py
pip._vendor.packaging,E:\football_v\.venv\Lib\site-packages\pip\_vendor\pkg_resources\__init__.py
pip._vendor.platformdirs,E:\football_v\.venv\Lib\site-packages\pip\_vendor\pkg_resources\__init__.py
os,E:\football_v\.venv\Lib\site-packages\pip\_vendor\pkg_resources\__init__.py
_typeshed,E:\football_v\.venv\Lib\site-packages\pip\_vendor\pkg_resources\__init__.py
pip._vendor.typing_extensions,E:\football_v\.venv\Lib\site-packages\pip\_vendor\pkg_resources\__init__.py
sysconfig,E:\football_v\.venv\Lib\site-packages\pip\_vendor\pkg_resources\__init__.py
__main__,E:\football_v\.venv\Lib\site-packages\pip\_vendor\pkg_resources\__init__.py
linecache,E:\football_v\.venv\Lib\site-packages\pip\_vendor\pkg_resources\__init__.py
__future__,E:\football_v\.venv\Lib\site-packages\pip\_vendor\platformdirs\android.py
os,E:\football_v\.venv\Lib\site-packages\pip\_vendor\platformdirs\android.py
re,E:\football_v\.venv\Lib\site-packages\pip\_vendor\platformdirs\android.py
sys,E:\football_v\.venv\Lib\site-packages\pip\_vendor\platformdirs\android.py
functools,E:\football_v\.venv\Lib\site-packages\pip\_vendor\platformdirs\android.py
typing,E:\football_v\.venv\Lib\site-packages\pip\_vendor\platformdirs\android.py
api,E:\football_v\.venv\Lib\site-packages\pip\_vendor\platformdirs\android.py
jnius,E:\football_v\.venv\Lib\site-packages\pip\_vendor\platformdirs\android.py
jnius,E:\football_v\.venv\Lib\site-packages\pip\_vendor\platformdirs\android.py
jnius,E:\football_v\.venv\Lib\site-packages\pip\_vendor\platformdirs\android.py
jnius,E:\football_v\.venv\Lib\site-packages\pip\_vendor\platformdirs\android.py
jnius,E:\football_v\.venv\Lib\site-packages\pip\_vendor\platformdirs\android.py
android,E:\football_v\.venv\Lib\site-packages\pip\_vendor\platformdirs\android.py
jnius,E:\football_v\.venv\Lib\site-packages\pip\_vendor\platformdirs\android.py
__future__,E:\football_v\.venv\Lib\site-packages\pip\_vendor\platformdirs\api.py
os,E:\football_v\.venv\Lib\site-packages\pip\_vendor\platformdirs\api.py
abc,E:\football_v\.venv\Lib\site-packages\pip\_vendor\platformdirs\api.py
pathlib,E:\football_v\.venv\Lib\site-packages\pip\_vendor\platformdirs\api.py
typing,E:\football_v\.venv\Lib\site-packages\pip\_vendor\platformdirs\api.py
typing,E:\football_v\.venv\Lib\site-packages\pip\_vendor\platformdirs\api.py
__future__,E:\football_v\.venv\Lib\site-packages\pip\_vendor\platformdirs\macos.py
os.path,E:\football_v\.venv\Lib\site-packages\pip\_vendor\platformdirs\macos.py
sys,E:\football_v\.venv\Lib\site-packages\pip\_vendor\platformdirs\macos.py
typing,E:\football_v\.venv\Lib\site-packages\pip\_vendor\platformdirs\macos.py
api,E:\football_v\.venv\Lib\site-packages\pip\_vendor\platformdirs\macos.py
pathlib,E:\football_v\.venv\Lib\site-packages\pip\_vendor\platformdirs\macos.py
__future__,E:\football_v\.venv\Lib\site-packages\pip\_vendor\platformdirs\unix.py
os,E:\football_v\.venv\Lib\site-packages\pip\_vendor\platformdirs\unix.py
sys,E:\football_v\.venv\Lib\site-packages\pip\_vendor\platformdirs\unix.py
configparser,E:\football_v\.venv\Lib\site-packages\pip\_vendor\platformdirs\unix.py
pathlib,E:\football_v\.venv\Lib\site-packages\pip\_vendor\platformdirs\unix.py
typing,E:\football_v\.venv\Lib\site-packages\pip\_vendor\platformdirs\unix.py
api,E:\football_v\.venv\Lib\site-packages\pip\_vendor\platformdirs\unix.py
os,E:\football_v\.venv\Lib\site-packages\pip\_vendor\platformdirs\unix.py
typing,E:\football_v\.venv\Lib\site-packages\pip\_vendor\platformdirs\version.py
__future__,E:\football_v\.venv\Lib\site-packages\pip\_vendor\platformdirs\windows.py
os,E:\football_v\.venv\Lib\site-packages\pip\_vendor\platformdirs\windows.py
sys,E:\football_v\.venv\Lib\site-packages\pip\_vendor\platformdirs\windows.py
functools,E:\football_v\.venv\Lib\site-packages\pip\_vendor\platformdirs\windows.py
typing,E:\football_v\.venv\Lib\site-packages\pip\_vendor\platformdirs\windows.py
api,E:\football_v\.venv\Lib\site-packages\pip\_vendor\platformdirs\windows.py
collections.abc,E:\football_v\.venv\Lib\site-packages\pip\_vendor\platformdirs\windows.py
winreg,E:\football_v\.venv\Lib\site-packages\pip\_vendor\platformdirs\windows.py
ctypes,E:\football_v\.venv\Lib\site-packages\pip\_vendor\platformdirs\windows.py
ctypes,E:\football_v\.venv\Lib\site-packages\pip\_vendor\platformdirs\windows.py
winreg,E:\football_v\.venv\Lib\site-packages\pip\_vendor\platformdirs\windows.py
__future__,E:\football_v\.venv\Lib\site-packages\pip\_vendor\platformdirs\__init__.py
os,E:\football_v\.venv\Lib\site-packages\pip\_vendor\platformdirs\__init__.py
sys,E:\football_v\.venv\Lib\site-packages\pip\_vendor\platformdirs\__init__.py
typing,E:\football_v\.venv\Lib\site-packages\pip\_vendor\platformdirs\__init__.py
api,E:\football_v\.venv\Lib\site-packages\pip\_vendor\platformdirs\__init__.py
version,E:\football_v\.venv\Lib\site-packages\pip\_vendor\platformdirs\__init__.py
version,E:\football_v\.venv\Lib\site-packages\pip\_vendor\platformdirs\__init__.py
pathlib,E:\football_v\.venv\Lib\site-packages\pip\_vendor\platformdirs\__init__.py
typing,E:\football_v\.venv\Lib\site-packages\pip\_vendor\platformdirs\__init__.py
pip._vendor.platformdirs.windows,E:\football_v\.venv\Lib\site-packages\pip\_vendor\platformdirs\__init__.py
pip._vendor.platformdirs.macos,E:\football_v\.venv\Lib\site-packages\pip\_vendor\platformdirs\__init__.py
pip._vendor.platformdirs.unix,E:\football_v\.venv\Lib\site-packages\pip\_vendor\platformdirs\__init__.py
pip._vendor.platformdirs.android,E:\football_v\.venv\Lib\site-packages\pip\_vendor\platformdirs\__init__.py
pip._vendor.platformdirs.android,E:\football_v\.venv\Lib\site-packages\pip\_vendor\platformdirs\__init__.py
__future__,E:\football_v\.venv\Lib\site-packages\pip\_vendor\platformdirs\__main__.py
pip._vendor.platformdirs,E:\football_v\.venv\Lib\site-packages\pip\_vendor\platformdirs\__main__.py
os,E:\football_v\.venv\Lib\site-packages\pip\_vendor\pygments\cmdline.py
sys,E:\football_v\.venv\Lib\site-packages\pip\_vendor\pygments\cmdline.py
shutil,E:\football_v\.venv\Lib\site-packages\pip\_vendor\pygments\cmdline.py
argparse,E:\football_v\.venv\Lib\site-packages\pip\_vendor\pygments\cmdline.py
textwrap,E:\football_v\.venv\Lib\site-packages\pip\_vendor\pygments\cmdline.py
pip._vendor.pygments,E:\football_v\.venv\Lib\site-packages\pip\_vendor\pygments\cmdline.py
pip._vendor.pygments.util,E:\football_v\.venv\Lib\site-packages\pip\_vendor\pygments\cmdline.py
pip._vendor.pygments.lexers,E:\football_v\.venv\Lib\site-packages\pip\_vendor\pygments\cmdline.py
pip._vendor.pygments.lexers.special,E:\football_v\.venv\Lib\site-packages\pip\_vendor\pygments\cmdline.py
pip._vendor.pygments.formatters.latex,E:\football_v\.venv\Lib\site-packages\pip\_vendor\pygments\cmdline.py
pip._vendor.pygments.formatters,E:\football_v\.venv\Lib\site-packages\pip\_vendor\pygments\cmdline.py
pip._vendor.pygments.formatters.terminal,E:\football_v\.venv\Lib\site-packages\pip\_vendor\pygments\cmdline.py
pip._vendor.pygments.formatters.terminal256,E:\football_v\.venv\Lib\site-packages\pip\_vendor\pygments\cmdline.py
pip._vendor.pygments.filters,E:\football_v\.venv\Lib\site-packages\pip\_vendor\pygments\cmdline.py
pip._vendor.pygments.styles,E:\football_v\.venv\Lib\site-packages\pip\_vendor\pygments\cmdline.py
json,E:\football_v\.venv\Lib\site-packages\pip\_vendor\pygments\cmdline.py
colorama.initialise,E:\football_v\.venv\Lib\site-packages\pip\_vendor\pygments\cmdline.py
traceback,E:\football_v\.venv\Lib\site-packages\pip\_vendor\pygments\cmdline.py
codecs,E:\football_v\.venv\Lib\site-packages\pip\_vendor\pygments\formatter.py
pip._vendor.pygments.util,E:\football_v\.venv\Lib\site-packages\pip\_vendor\pygments\formatter.py
pip._vendor.pygments.styles,E:\football_v\.venv\Lib\site-packages\pip\_vendor\pygments\formatter.py
re,E:\football_v\.venv\Lib\site-packages\pip\_vendor\pygments\lexer.py
sys,E:\football_v\.venv\Lib\site-packages\pip\_vendor\pygments\lexer.py
time,E:\football_v\.venv\Lib\site-packages\pip\_vendor\pygments\lexer.py
pip._vendor.pygments.filter,E:\football_v\.venv\Lib\site-packages\pip\_vendor\pygments\lexer.py
pip._vendor.pygments.filters,E:\football_v\.venv\Lib\site-packages\pip\_vendor\pygments\lexer.py
pip._vendor.pygments.token,E:\football_v\.venv\Lib\site-packages\pip\_vendor\pygments\lexer.py
pip._vendor.pygments.util,E:\football_v\.venv\Lib\site-packages\pip\_vendor\pygments\lexer.py
pip._vendor.pygments.regexopt,E:\football_v\.venv\Lib\site-packages\pip\_vendor\pygments\lexer.py
re,E:\football_v\.venv\Lib\site-packages\pip\_vendor\pygments\modeline.py
importlib.metadata,E:\football_v\.venv\Lib\site-packages\pip\_vendor\pygments\plugin.py
re,E:\football_v\.venv\Lib\site-packages\pip\_vendor\pygments\regexopt.py
re,E:\football_v\.venv\Lib\site-packages\pip\_vendor\pygments\regexopt.py
os.path,E:\football_v\.venv\Lib\site-packages\pip\_vendor\pygments\regexopt.py
itertools,E:\football_v\.venv\Lib\site-packages\pip\_vendor\pygments\regexopt.py
operator,E:\football_v\.venv\Lib\site-packages\pip\_vendor\pygments\regexopt.py
re,E:\football_v\.venv\Lib\site-packages\pip\_vendor\pygments\scanner.py
sys,E:\football_v\.venv\Lib\site-packages\pip\_vendor\pygments\sphinxext.py
docutils,E:\football_v\.venv\Lib\site-packages\pip\_vendor\pygments\sphinxext.py
docutils.statemachine,E:\football_v\.venv\Lib\site-packages\pip\_vendor\pygments\sphinxext.py
docutils.parsers.rst,E:\football_v\.venv\Lib\site-packages\pip\_vendor\pygments\sphinxext.py
sphinx.util.nodes,E:\football_v\.venv\Lib\site-packages\pip\_vendor\pygments\sphinxext.py
pip._vendor.pygments.lexers._mapping,E:\football_v\.venv\Lib\site-packages\pip\_vendor\pygments\sphinxext.py
pip._vendor.pygments.lexers,E:\football_v\.venv\Lib\site-packages\pip\_vendor\pygments\sphinxext.py
pip._vendor.pygments.lexers._mapping,E:\football_v\.venv\Lib\site-packages\pip\_vendor\pygments\sphinxext.py
pip._vendor,E:\football_v\.venv\Lib\site-packages\pip\_vendor\pygments\sphinxext.py
inspect,E:\football_v\.venv\Lib\site-packages\pip\_vendor\pygments\sphinxext.py
pathlib,E:\football_v\.venv\Lib\site-packages\pip\_vendor\pygments\sphinxext.py
pip._vendor.pygments.formatters,E:\football_v\.venv\Lib\site-packages\pip\_vendor\pygments\sphinxext.py
pip._vendor.pygments.filters,E:\football_v\.venv\Lib\site-packages\pip\_vendor\pygments\sphinxext.py
pip._vendor.pygments.token,E:\football_v\.venv\Lib\site-packages\pip\_vendor\pygments\style.py
unicodedata,E:\football_v\.venv\Lib\site-packages\pip\_vendor\pygments\unistring.py
re,E:\football_v\.venv\Lib\site-packages\pip\_vendor\pygments\util.py
io,E:\football_v\.venv\Lib\site-packages\pip\_vendor\pygments\util.py
locale,E:\football_v\.venv\Lib\site-packages\pip\_vendor\pygments\util.py
locale,E:\football_v\.venv\Lib\site-packages\pip\_vendor\pygments\util.py
io,E:\football_v\.venv\Lib\site-packages\pip\_vendor\pygments\__init__.py
pip._vendor.pygments.lexer,E:\football_v\.venv\Lib\site-packages\pip\_vendor\pygments\__init__.py
pip._vendor.pygments.formatter,E:\football_v\.venv\Lib\site-packages\pip\_vendor\pygments\__init__.py
sys,E:\football_v\.venv\Lib\site-packages\pip\_vendor\pygments\__main__.py
pip._vendor.pygments.cmdline,E:\football_v\.venv\Lib\site-packages\pip\_vendor\pygments\__main__.py
re,E:\football_v\.venv\Lib\site-packages\pip\_vendor\pygments\filters\__init__.py
pip._vendor.pygments.token,E:\football_v\.venv\Lib\site-packages\pip\_vendor\pygments\filters\__init__.py
pip._vendor.pygments.filter,E:\football_v\.venv\Lib\site-packages\pip\_vendor\pygments\filters\__init__.py
pip._vendor.pygments.util,E:\football_v\.venv\Lib\site-packages\pip\_vendor\pygments\filters\__init__.py
pip._vendor.pygments.plugin,E:\football_v\.venv\Lib\site-packages\pip\_vendor\pygments\filters\__init__.py
pip._vendor.pygments.formatter,E:\football_v\.venv\Lib\site-packages\pip\_vendor\pygments\formatters\bbcode.py
pip._vendor.pygments.util,E:\football_v\.venv\Lib\site-packages\pip\_vendor\pygments\formatters\bbcode.py
math,E:\football_v\.venv\Lib\site-packages\pip\_vendor\pygments\formatters\groff.py
pip._vendor.pygments.formatter,E:\football_v\.venv\Lib\site-packages\pip\_vendor\pygments\formatters\groff.py
pip._vendor.pygments.util,E:\football_v\.venv\Lib\site-packages\pip\_vendor\pygments\formatters\groff.py
functools,E:\football_v\.venv\Lib\site-packages\pip\_vendor\pygments\formatters\html.py
os,E:\football_v\.venv\Lib\site-packages\pip\_vendor\pygments\formatters\html.py
sys,E:\football_v\.venv\Lib\site-packages\pip\_vendor\pygments\formatters\html.py
os.path,E:\football_v\.venv\Lib\site-packages\pip\_vendor\pygments\formatters\html.py
io,E:\football_v\.venv\Lib\site-packages\pip\_vendor\pygments\formatters\html.py
pip._vendor.pygments.formatter,E:\football_v\.venv\Lib\site-packages\pip\_vendor\pygments\formatters\html.py
pip._vendor.pygments.token,E:\football_v\.venv\Lib\site-packages\pip\_vendor\pygments\formatters\html.py
pip._vendor.pygments.util,E:\football_v\.venv\Lib\site-packages\pip\_vendor\pygments\formatters\html.py
ctags,E:\football_v\.venv\Lib\site-packages\pip\_vendor\pygments\formatters\html.py
os,E:\football_v\.venv\Lib\site-packages\pip\_vendor\pygments\formatters\img.py
sys,E:\football_v\.venv\Lib\site-packages\pip\_vendor\pygments\formatters\img.py
pip._vendor.pygments.formatter,E:\football_v\.venv\Lib\site-packages\pip\_vendor\pygments\formatters\img.py
pip._vendor.pygments.util,E:\football_v\.venv\Lib\site-packages\pip\_vendor\pygments\formatters\img.py
subprocess,E:\football_v\.venv\Lib\site-packages\pip\_vendor\pygments\formatters\img.py
PIL,E:\football_v\.venv\Lib\site-packages\pip\_vendor\pygments\formatters\img.py
_winreg,E:\football_v\.venv\Lib\site-packages\pip\_vendor\pygments\formatters\img.py
winreg,E:\football_v\.venv\Lib\site-packages\pip\_vendor\pygments\formatters\img.py
pip._vendor.pygments.formatter,E:\football_v\.venv\Lib\site-packages\pip\_vendor\pygments\formatters\irc.py
pip._vendor.pygments.token,E:\football_v\.venv\Lib\site-packages\pip\_vendor\pygments\formatters\irc.py
pip._vendor.pygments.util,E:\football_v\.venv\Lib\site-packages\pip\_vendor\pygments\formatters\irc.py
io,E:\football_v\.venv\Lib\site-packages\pip\_vendor\pygments\formatters\latex.py
pip._vendor.pygments.formatter,E:\football_v\.venv\Lib\site-packages\pip\_vendor\pygments\formatters\latex.py
pip._vendor.pygments.lexer,E:\football_v\.venv\Lib\site-packages\pip\_vendor\pygments\formatters\latex.py
pip._vendor.pygments.token,E:\football_v\.venv\Lib\site-packages\pip\_vendor\pygments\formatters\latex.py
pip._vendor.pygments.util,E:\football_v\.venv\Lib\site-packages\pip\_vendor\pygments\formatters\latex.py
pip._vendor.pygments.formatter,E:\football_v\.venv\Lib\site-packages\pip\_vendor\pygments\formatters\other.py
pip._vendor.pygments.util,E:\football_v\.venv\Lib\site-packages\pip\_vendor\pygments\formatters\other.py
pip._vendor.pygments.token,E:\football_v\.venv\Lib\site-packages\pip\_vendor\pygments\formatters\other.py
pip._vendor.pygments.console,E:\football_v\.venv\Lib\site-packages\pip\_vendor\pygments\formatters\other.py
gzip,E:\football_v\.venv\Lib\site-packages\pip\_vendor\pygments\formatters\other.py
bz2,E:\football_v\.venv\Lib\site-packages\pip\_vendor\pygments\formatters\other.py
pip._vendor.pygments.formatter,E:\football_v\.venv\Lib\site-packages\pip\_vendor\pygments\formatters\pangomarkup.py
collections,E:\football_v\.venv\Lib\site-packages\pip\_vendor\pygments\formatters\rtf.py
pip._vendor.pygments.formatter,E:\football_v\.venv\Lib\site-packages\pip\_vendor\pygments\formatters\rtf.py
pip._vendor.pygments.style,E:\football_v\.venv\Lib\site-packages\pip\_vendor\pygments\formatters\rtf.py
pip._vendor.pygments.util,E:\football_v\.venv\Lib\site-packages\pip\_vendor\pygments\formatters\rtf.py
pip._vendor.pygments.formatter,E:\football_v\.venv\Lib\site-packages\pip\_vendor\pygments\formatters\svg.py
pip._vendor.pygments.token,E:\football_v\.venv\Lib\site-packages\pip\_vendor\pygments\formatters\svg.py
pip._vendor.pygments.util,E:\football_v\.venv\Lib\site-packages\pip\_vendor\pygments\formatters\svg.py
pip._vendor.pygments.formatter,E:\football_v\.venv\Lib\site-packages\pip\_vendor\pygments\formatters\terminal.py
pip._vendor.pygments.token,E:\football_v\.venv\Lib\site-packages\pip\_vendor\pygments\formatters\terminal.py
pip._vendor.pygments.console,E:\football_v\.venv\Lib\site-packages\pip\_vendor\pygments\formatters\terminal.py
pip._vendor.pygments.util,E:\football_v\.venv\Lib\site-packages\pip\_vendor\pygments\formatters\terminal.py
pip._vendor.pygments.formatter,E:\football_v\.venv\Lib\site-packages\pip\_vendor\pygments\formatters\terminal256.py
pip._vendor.pygments.console,E:\football_v\.venv\Lib\site-packages\pip\_vendor\pygments\formatters\terminal256.py
pip._vendor.pygments.style,E:\football_v\.venv\Lib\site-packages\pip\_vendor\pygments\formatters\terminal256.py
re,E:\football_v\.venv\Lib\site-packages\pip\_vendor\pygments\formatters\__init__.py
sys,E:\football_v\.venv\Lib\site-packages\pip\_vendor\pygments\formatters\__init__.py
types,E:\football_v\.venv\Lib\site-packages\pip\_vendor\pygments\formatters\__init__.py
fnmatch,E:\football_v\.venv\Lib\site-packages\pip\_vendor\pygments\formatters\__init__.py
os.path,E:\football_v\.venv\Lib\site-packages\pip\_vendor\pygments\formatters\__init__.py
pip._vendor.pygments.formatters._mapping,E:\football_v\.venv\Lib\site-packages\pip\_vendor\pygments\formatters\__init__.py
pip._vendor.pygments.plugin,E:\football_v\.venv\Lib\site-packages\pip\_vendor\pygments\formatters\__init__.py
pip._vendor.pygments.util,E:\football_v\.venv\Lib\site-packages\pip\_vendor\pygments\formatters\__init__.py
keyword,E:\football_v\.venv\Lib\site-packages\pip\_vendor\pygments\lexers\python.py
pip._vendor.pygments.lexer,E:\football_v\.venv\Lib\site-packages\pip\_vendor\pygments\lexers\python.py
pip._vendor.pygments.util,E:\football_v\.venv\Lib\site-packages\pip\_vendor\pygments\lexers\python.py
pip._vendor.pygments.token,E:\football_v\.venv\Lib\site-packages\pip\_vendor\pygments\lexers\python.py
pip._vendor.pygments,E:\football_v\.venv\Lib\site-packages\pip\_vendor\pygments\lexers\python.py
re,E:\football_v\.venv\Lib\site-packages\pip\_vendor\pygments\lexers\__init__.py
sys,E:\football_v\.venv\Lib\site-packages\pip\_vendor\pygments\lexers\__init__.py
types,E:\football_v\.venv\Lib\site-packages\pip\_vendor\pygments\lexers\__init__.py
fnmatch,E:\football_v\.venv\Lib\site-packages\pip\_vendor\pygments\lexers\__init__.py
os.path,E:\football_v\.venv\Lib\site-packages\pip\_vendor\pygments\lexers\__init__.py
pip._vendor.pygments.lexers._mapping,E:\football_v\.venv\Lib\site-packages\pip\_vendor\pygments\lexers\__init__.py
pip._vendor.pygments.modeline,E:\football_v\.venv\Lib\site-packages\pip\_vendor\pygments\lexers\__init__.py
pip._vendor.pygments.plugin,E:\football_v\.venv\Lib\site-packages\pip\_vendor\pygments\lexers\__init__.py
pip._vendor.pygments.util,E:\football_v\.venv\Lib\site-packages\pip\_vendor\pygments\lexers\__init__.py
pip._vendor.pygments.plugin,E:\football_v\.venv\Lib\site-packages\pip\_vendor\pygments\styles\__init__.py
pip._vendor.pygments.util,E:\football_v\.venv\Lib\site-packages\pip\_vendor\pygments\styles\__init__.py
pip._vendor.pygments.styles._mapping,E:\football_v\.venv\Lib\site-packages\pip\_vendor\pygments\styles\__init__.py
json,E:\football_v\.venv\Lib\site-packages\pip\_vendor\pyproject_hooks\_impl.py
os,E:\football_v\.venv\Lib\site-packages\pip\_vendor\pyproject_hooks\_impl.py
sys,E:\football_v\.venv\Lib\site-packages\pip\_vendor\pyproject_hooks\_impl.py
tempfile,E:\football_v\.venv\Lib\site-packages\pip\_vendor\pyproject_hooks\_impl.py
contextlib,E:\football_v\.venv\Lib\site-packages\pip\_vendor\pyproject_hooks\_impl.py
os.path,E:\football_v\.venv\Lib\site-packages\pip\_vendor\pyproject_hooks\_impl.py
os.path,E:\football_v\.venv\Lib\site-packages\pip\_vendor\pyproject_hooks\_impl.py
subprocess,E:\football_v\.venv\Lib\site-packages\pip\_vendor\pyproject_hooks\_impl.py
typing,E:\football_v\.venv\Lib\site-packages\pip\_vendor\pyproject_hooks\_impl.py
_in_process,E:\football_v\.venv\Lib\site-packages\pip\_vendor\pyproject_hooks\_impl.py
typing,E:\football_v\.venv\Lib\site-packages\pip\_vendor\pyproject_hooks\_impl.py
typing,E:\football_v\.venv\Lib\site-packages\pip\_vendor\pyproject_hooks\__init__.py
_impl,E:\football_v\.venv\Lib\site-packages\pip\_vendor\pyproject_hooks\__init__.py
_impl,E:\football_v\.venv\Lib\site-packages\pip\_vendor\pyproject_hooks\__init__.py
json,E:\football_v\.venv\Lib\site-packages\pip\_vendor\pyproject_hooks\_in_process\_in_process.py
os,E:\football_v\.venv\Lib\site-packages\pip\_vendor\pyproject_hooks\_in_process\_in_process.py
os.path,E:\football_v\.venv\Lib\site-packages\pip\_vendor\pyproject_hooks\_in_process\_in_process.py
re,E:\football_v\.venv\Lib\site-packages\pip\_vendor\pyproject_hooks\_in_process\_in_process.py
shutil,E:\football_v\.venv\Lib\site-packages\pip\_vendor\pyproject_hooks\_in_process\_in_process.py
sys,E:\football_v\.venv\Lib\site-packages\pip\_vendor\pyproject_hooks\_in_process\_in_process.py
traceback,E:\football_v\.venv\Lib\site-packages\pip\_vendor\pyproject_hooks\_in_process\_in_process.py
glob,E:\football_v\.venv\Lib\site-packages\pip\_vendor\pyproject_hooks\_in_process\_in_process.py
importlib,E:\football_v\.venv\Lib\site-packages\pip\_vendor\pyproject_hooks\_in_process\_in_process.py
importlib.machinery,E:\football_v\.venv\Lib\site-packages\pip\_vendor\pyproject_hooks\_in_process\_in_process.py
os.path,E:\football_v\.venv\Lib\site-packages\pip\_vendor\pyproject_hooks\_in_process\_in_process.py
zipfile,E:\football_v\.venv\Lib\site-packages\pip\_vendor\pyproject_hooks\_in_process\_in_process.py
importlib.metadata,E:\football_v\.venv\Lib\site-packages\pip\_vendor\pyproject_hooks\_in_process\_in_process.py
importlib.resources,E:\football_v\.venv\Lib\site-packages\pip\_vendor\pyproject_hooks\_in_process\__init__.py
os.path,E:\football_v\.venv\Lib\site-packages\pip\_vendor\requests\adapters.py
socket,E:\football_v\.venv\Lib\site-packages\pip\_vendor\requests\adapters.py
typing,E:\football_v\.venv\Lib\site-packages\pip\_vendor\requests\adapters.py
warnings,E:\football_v\.venv\Lib\site-packages\pip\_vendor\requests\adapters.py
pip._vendor.urllib3.exceptions,E:\football_v\.venv\Lib\site-packages\pip\_vendor\requests\adapters.py
pip._vendor.urllib3.exceptions,E:\football_v\.venv\Lib\site-packages\pip\_vendor\requests\adapters.py
pip._vendor.urllib3.exceptions,E:\football_v\.venv\Lib\site-packages\pip\_vendor\requests\adapters.py
pip._vendor.urllib3.exceptions,E:\football_v\.venv\Lib\site-packages\pip\_vendor\requests\adapters.py
pip._vendor.urllib3.exceptions,E:\football_v\.venv\Lib\site-packages\pip\_vendor\requests\adapters.py
pip._vendor.urllib3.exceptions,E:\football_v\.venv\Lib\site-packages\pip\_vendor\requests\adapters.py
pip._vendor.urllib3.exceptions,E:\football_v\.venv\Lib\site-packages\pip\_vendor\requests\adapters.py
pip._vendor.urllib3.poolmanager,E:\football_v\.venv\Lib\site-packages\pip\_vendor\requests\adapters.py
pip._vendor.urllib3.util,E:\football_v\.venv\Lib\site-packages\pip\_vendor\requests\adapters.py
pip._vendor.urllib3.util,E:\football_v\.venv\Lib\site-packages\pip\_vendor\requests\adapters.py
pip._vendor.urllib3.util.retry,E:\football_v\.venv\Lib\site-packages\pip\_vendor\requests\adapters.py
pip._vendor.urllib3.util.ssl_,E:\football_v\.venv\Lib\site-packages\pip\_vendor\requests\adapters.py
auth,E:\football_v\.venv\Lib\site-packages\pip\_vendor\requests\adapters.py
compat,E:\football_v\.venv\Lib\site-packages\pip\_vendor\requests\adapters.py
cookies,E:\football_v\.venv\Lib\site-packages\pip\_vendor\requests\adapters.py
exceptions,E:\football_v\.venv\Lib\site-packages\pip\_vendor\requests\adapters.py
models,E:\football_v\.venv\Lib\site-packages\pip\_vendor\requests\adapters.py
structures,E:\football_v\.venv\Lib\site-packages\pip\_vendor\requests\adapters.py
utils,E:\football_v\.venv\Lib\site-packages\pip\_vendor\requests\adapters.py
pip._vendor.urllib3.contrib.socks,E:\football_v\.venv\Lib\site-packages\pip\_vendor\requests\adapters.py
models,E:\football_v\.venv\Lib\site-packages\pip\_vendor\requests\adapters.py
ssl,E:\football_v\.venv\Lib\site-packages\pip\_vendor\requests\adapters.py
hashlib,E:\football_v\.venv\Lib\site-packages\pip\_vendor\requests\auth.py
os,E:\football_v\.venv\Lib\site-packages\pip\_vendor\requests\auth.py
re,E:\football_v\.venv\Lib\site-packages\pip\_vendor\requests\auth.py
threading,E:\football_v\.venv\Lib\site-packages\pip\_vendor\requests\auth.py
time,E:\football_v\.venv\Lib\site-packages\pip\_vendor\requests\auth.py
warnings,E:\football_v\.venv\Lib\site-packages\pip\_vendor\requests\auth.py
base64,E:\football_v\.venv\Lib\site-packages\pip\_vendor\requests\auth.py
_internal_utils,E:\football_v\.venv\Lib\site-packages\pip\_vendor\requests\auth.py
compat,E:\football_v\.venv\Lib\site-packages\pip\_vendor\requests\auth.py
cookies,E:\football_v\.venv\Lib\site-packages\pip\_vendor\requests\auth.py
utils,E:\football_v\.venv\Lib\site-packages\pip\_vendor\requests\auth.py
pip._vendor.certifi,E:\football_v\.venv\Lib\site-packages\pip\_vendor\requests\certs.py
sys,E:\football_v\.venv\Lib\site-packages\pip\_vendor\requests\compat.py
json,E:\football_v\.venv\Lib\site-packages\pip\_vendor\requests\compat.py
json,E:\football_v\.venv\Lib\site-packages\pip\_vendor\requests\compat.py
collections,E:\football_v\.venv\Lib\site-packages\pip\_vendor\requests\compat.py
collections.abc,E:\football_v\.venv\Lib\site-packages\pip\_vendor\requests\compat.py
http,E:\football_v\.venv\Lib\site-packages\pip\_vendor\requests\compat.py
http.cookies,E:\football_v\.venv\Lib\site-packages\pip\_vendor\requests\compat.py
io,E:\football_v\.venv\Lib\site-packages\pip\_vendor\requests\compat.py
urllib.parse,E:\football_v\.venv\Lib\site-packages\pip\_vendor\requests\compat.py
urllib.request,E:\football_v\.venv\Lib\site-packages\pip\_vendor\requests\compat.py
calendar,E:\football_v\.venv\Lib\site-packages\pip\_vendor\requests\cookies.py
copy,E:\football_v\.venv\Lib\site-packages\pip\_vendor\requests\cookies.py
time,E:\football_v\.venv\Lib\site-packages\pip\_vendor\requests\cookies.py
_internal_utils,E:\football_v\.venv\Lib\site-packages\pip\_vendor\requests\cookies.py
compat,E:\football_v\.venv\Lib\site-packages\pip\_vendor\requests\cookies.py
threading,E:\football_v\.venv\Lib\site-packages\pip\_vendor\requests\cookies.py
dummy_threading,E:\football_v\.venv\Lib\site-packages\pip\_vendor\requests\cookies.py
pip._vendor.urllib3.exceptions,E:\football_v\.venv\Lib\site-packages\pip\_vendor\requests\exceptions.py
compat,E:\football_v\.venv\Lib\site-packages\pip\_vendor\requests\exceptions.py
json,E:\football_v\.venv\Lib\site-packages\pip\_vendor\requests\help.py
platform,E:\football_v\.venv\Lib\site-packages\pip\_vendor\requests\help.py
ssl,E:\football_v\.venv\Lib\site-packages\pip\_vendor\requests\help.py
sys,E:\football_v\.venv\Lib\site-packages\pip\_vendor\requests\help.py
pip._vendor,E:\football_v\.venv\Lib\site-packages\pip\_vendor\requests\help.py
pip._vendor,E:\football_v\.venv\Lib\site-packages\pip\_vendor\requests\help.py
pip._vendor.urllib3.contrib,E:\football_v\.venv\Lib\site-packages\pip\_vendor\requests\help.py
cryptography,E:\football_v\.venv\Lib\site-packages\pip\_vendor\requests\help.py
OpenSSL,E:\football_v\.venv\Lib\site-packages\pip\_vendor\requests\help.py
datetime,E:\football_v\.venv\Lib\site-packages\pip\_vendor\requests\models.py
encodings.idna,E:\football_v\.venv\Lib\site-packages\pip\_vendor\requests\models.py
io,E:\football_v\.venv\Lib\site-packages\pip\_vendor\requests\models.py
pip._vendor.urllib3.exceptions,E:\football_v\.venv\Lib\site-packages\pip\_vendor\requests\models.py
pip._vendor.urllib3.fields,E:\football_v\.venv\Lib\site-packages\pip\_vendor\requests\models.py
pip._vendor.urllib3.filepost,E:\football_v\.venv\Lib\site-packages\pip\_vendor\requests\models.py
pip._vendor.urllib3.util,E:\football_v\.venv\Lib\site-packages\pip\_vendor\requests\models.py
_internal_utils,E:\football_v\.venv\Lib\site-packages\pip\_vendor\requests\models.py
auth,E:\football_v\.venv\Lib\site-packages\pip\_vendor\requests\models.py
compat,E:\football_v\.venv\Lib\site-packages\pip\_vendor\requests\models.py
compat,E:\football_v\.venv\Lib\site-packages\pip\_vendor\requests\models.py
compat,E:\football_v\.venv\Lib\site-packages\pip\_vendor\requests\models.py
cookies,E:\football_v\.venv\Lib\site-packages\pip\_vendor\requests\models.py
exceptions,E:\football_v\.venv\Lib\site-packages\pip\_vendor\requests\models.py
exceptions,E:\football_v\.venv\Lib\site-packages\pip\_vendor\requests\models.py
exceptions,E:\football_v\.venv\Lib\site-packages\pip\_vendor\requests\models.py
exceptions,E:\football_v\.venv\Lib\site-packages\pip\_vendor\requests\models.py
exceptions,E:\football_v\.venv\Lib\site-packages\pip\_vendor\requests\models.py
hooks,E:\football_v\.venv\Lib\site-packages\pip\_vendor\requests\models.py
status_codes,E:\football_v\.venv\Lib\site-packages\pip\_vendor\requests\models.py
structures,E:\football_v\.venv\Lib\site-packages\pip\_vendor\requests\models.py
utils,E:\football_v\.venv\Lib\site-packages\pip\_vendor\requests\models.py
pip._vendor,E:\football_v\.venv\Lib\site-packages\pip\_vendor\requests\models.py
sys,E:\football_v\.venv\Lib\site-packages\pip\_vendor\requests\packages.py
compat,E:\football_v\.venv\Lib\site-packages\pip\_vendor\requests\packages.py
os,E:\football_v\.venv\Lib\site-packages\pip\_vendor\requests\sessions.py
sys,E:\football_v\.venv\Lib\site-packages\pip\_vendor\requests\sessions.py
time,E:\football_v\.venv\Lib\site-packages\pip\_vendor\requests\sessions.py
collections,E:\football_v\.venv\Lib\site-packages\pip\_vendor\requests\sessions.py
datetime,E:\football_v\.venv\Lib\site-packages\pip\_vendor\requests\sessions.py
_internal_utils,E:\football_v\.venv\Lib\site-packages\pip\_vendor\requests\sessions.py
adapters,E:\football_v\.venv\Lib\site-packages\pip\_vendor\requests\sessions.py
auth,E:\football_v\.venv\Lib\site-packages\pip\_vendor\requests\sessions.py
compat,E:\football_v\.venv\Lib\site-packages\pip\_vendor\requests\sessions.py
cookies,E:\football_v\.venv\Lib\site-packages\pip\_vendor\requests\sessions.py
exceptions,E:\football_v\.venv\Lib\site-packages\pip\_vendor\requests\sessions.py
hooks,E:\football_v\.venv\Lib\site-packages\pip\_vendor\requests\sessions.py
models,E:\football_v\.venv\Lib\site-packages\pip\_vendor\requests\sessions.py
status_codes,E:\football_v\.venv\Lib\site-packages\pip\_vendor\requests\sessions.py
structures,E:\football_v\.venv\Lib\site-packages\pip\_vendor\requests\sessions.py
utils,E:\football_v\.venv\Lib\site-packages\pip\_vendor\requests\sessions.py
structures,E:\football_v\.venv\Lib\site-packages\pip\_vendor\requests\status_codes.py
collections,E:\football_v\.venv\Lib\site-packages\pip\_vendor\requests\structures.py
compat,E:\football_v\.venv\Lib\site-packages\pip\_vendor\requests\structures.py
codecs,E:\football_v\.venv\Lib\site-packages\pip\_vendor\requests\utils.py
contextlib,E:\football_v\.venv\Lib\site-packages\pip\_vendor\requests\utils.py
io,E:\football_v\.venv\Lib\site-packages\pip\_vendor\requests\utils.py
os,E:\football_v\.venv\Lib\site-packages\pip\_vendor\requests\utils.py
re,E:\football_v\.venv\Lib\site-packages\pip\_vendor\requests\utils.py
socket,E:\football_v\.venv\Lib\site-packages\pip\_vendor\requests\utils.py
struct,E:\football_v\.venv\Lib\site-packages\pip\_vendor\requests\utils.py
sys,E:\football_v\.venv\Lib\site-packages\pip\_vendor\requests\utils.py
tempfile,E:\football_v\.venv\Lib\site-packages\pip\_vendor\requests\utils.py
warnings,E:\football_v\.venv\Lib\site-packages\pip\_vendor\requests\utils.py
zipfile,E:\football_v\.venv\Lib\site-packages\pip\_vendor\requests\utils.py
collections,E:\football_v\.venv\Lib\site-packages\pip\_vendor\requests\utils.py
pip._vendor.urllib3.util,E:\football_v\.venv\Lib\site-packages\pip\_vendor\requests\utils.py
__version__,E:\football_v\.venv\Lib\site-packages\pip\_vendor\requests\utils.py
_internal_utils,E:\football_v\.venv\Lib\site-packages\pip\_vendor\requests\utils.py
compat,E:\football_v\.venv\Lib\site-packages\pip\_vendor\requests\utils.py
compat,E:\football_v\.venv\Lib\site-packages\pip\_vendor\requests\utils.py
compat,E:\football_v\.venv\Lib\site-packages\pip\_vendor\requests\utils.py
cookies,E:\football_v\.venv\Lib\site-packages\pip\_vendor\requests\utils.py
exceptions,E:\football_v\.venv\Lib\site-packages\pip\_vendor\requests\utils.py
structures,E:\football_v\.venv\Lib\site-packages\pip\_vendor\requests\utils.py
netrc,E:\football_v\.venv\Lib\site-packages\pip\_vendor\requests\utils.py
winreg,E:\football_v\.venv\Lib\site-packages\pip\_vendor\requests\utils.py
re,E:\football_v\.venv\Lib\site-packages\pip\_vendor\requests\_internal_utils.py
compat,E:\football_v\.venv\Lib\site-packages\pip\_vendor\requests\_internal_utils.py
warnings,E:\football_v\.venv\Lib\site-packages\pip\_vendor\requests\__init__.py
pip._vendor,E:\football_v\.venv\Lib\site-packages\pip\_vendor\requests\__init__.py
exceptions,E:\football_v\.venv\Lib\site-packages\pip\_vendor\requests\__init__.py
pip._vendor.urllib3.exceptions,E:\football_v\.venv\Lib\site-packages\pip\_vendor\requests\__init__.py
logging,E:\football_v\.venv\Lib\site-packages\pip\_vendor\requests\__init__.py
logging,E:\football_v\.venv\Lib\site-packages\pip\_vendor\requests\__init__.py
__version__,E:\football_v\.venv\Lib\site-packages\pip\_vendor\requests\__init__.py
api,E:\football_v\.venv\Lib\site-packages\pip\_vendor\requests\__init__.py
exceptions,E:\football_v\.venv\Lib\site-packages\pip\_vendor\requests\__init__.py
models,E:\football_v\.venv\Lib\site-packages\pip\_vendor\requests\__init__.py
sessions,E:\football_v\.venv\Lib\site-packages\pip\_vendor\requests\__init__.py
status_codes,E:\football_v\.venv\Lib\site-packages\pip\_vendor\requests\__init__.py
pip._internal.utils.compat,E:\football_v\.venv\Lib\site-packages\pip\_vendor\requests\__init__.py
ssl,E:\football_v\.venv\Lib\site-packages\pip\_vendor\requests\__init__.py
pip._vendor.urllib3.contrib,E:\football_v\.venv\Lib\site-packages\pip\_vendor\requests\__init__.py
cryptography,E:\football_v\.venv\Lib\site-packages\pip\_vendor\requests\__init__.py
collections,E:\football_v\.venv\Lib\site-packages\pip\_vendor\resolvelib\resolvers.py
itertools,E:\football_v\.venv\Lib\site-packages\pip\_vendor\resolvelib\resolvers.py
operator,E:\football_v\.venv\Lib\site-packages\pip\_vendor\resolvelib\resolvers.py
providers,E:\football_v\.venv\Lib\site-packages\pip\_vendor\resolvelib\resolvers.py
structs,E:\football_v\.venv\Lib\site-packages\pip\_vendor\resolvelib\resolvers.py
itertools,E:\football_v\.venv\Lib\site-packages\pip\_vendor\resolvelib\structs.py
compat,E:\football_v\.venv\Lib\site-packages\pip\_vendor\resolvelib\structs.py
providers,E:\football_v\.venv\Lib\site-packages\pip\_vendor\resolvelib\__init__.py
reporters,E:\football_v\.venv\Lib\site-packages\pip\_vendor\resolvelib\__init__.py
resolvers,E:\football_v\.venv\Lib\site-packages\pip\_vendor\resolvelib\__init__.py
collections.abc,E:\football_v\.venv\Lib\site-packages\pip\_vendor\resolvelib\compat\collections_abc.py
collections,E:\football_v\.venv\Lib\site-packages\pip\_vendor\resolvelib\compat\collections_abc.py
abc,E:\football_v\.venv\Lib\site-packages\pip\_vendor\rich\abc.py
pip._vendor.rich.text,E:\football_v\.venv\Lib\site-packages\pip\_vendor\rich\abc.py
sys,E:\football_v\.venv\Lib\site-packages\pip\_vendor\rich\align.py
itertools,E:\football_v\.venv\Lib\site-packages\pip\_vendor\rich\align.py
typing,E:\football_v\.venv\Lib\site-packages\pip\_vendor\rich\align.py
constrain,E:\football_v\.venv\Lib\site-packages\pip\_vendor\rich\align.py
jupyter,E:\football_v\.venv\Lib\site-packages\pip\_vendor\rich\align.py
measure,E:\football_v\.venv\Lib\site-packages\pip\_vendor\rich\align.py
segment,E:\football_v\.venv\Lib\site-packages\pip\_vendor\rich\align.py
style,E:\football_v\.venv\Lib\site-packages\pip\_vendor\rich\align.py
typing,E:\football_v\.venv\Lib\site-packages\pip\_vendor\rich\align.py
pip._vendor.typing_extensions,E:\football_v\.venv\Lib\site-packages\pip\_vendor\rich\align.py
console,E:\football_v\.venv\Lib\site-packages\pip\_vendor\rich\align.py
pip._vendor.rich.console,E:\football_v\.venv\Lib\site-packages\pip\_vendor\rich\align.py
pip._vendor.rich.highlighter,E:\football_v\.venv\Lib\site-packages\pip\_vendor\rich\align.py
pip._vendor.rich.panel,E:\football_v\.venv\Lib\site-packages\pip\_vendor\rich\align.py
re,E:\football_v\.venv\Lib\site-packages\pip\_vendor\rich\ansi.py
sys,E:\football_v\.venv\Lib\site-packages\pip\_vendor\rich\ansi.py
contextlib,E:\football_v\.venv\Lib\site-packages\pip\_vendor\rich\ansi.py
typing,E:\football_v\.venv\Lib\site-packages\pip\_vendor\rich\ansi.py
color,E:\football_v\.venv\Lib\site-packages\pip\_vendor\rich\ansi.py
style,E:\football_v\.venv\Lib\site-packages\pip\_vendor\rich\ansi.py
text,E:\football_v\.venv\Lib\site-packages\pip\_vendor\rich\ansi.py
io,E:\football_v\.venv\Lib\site-packages\pip\_vendor\rich\ansi.py
os,E:\football_v\.venv\Lib\site-packages\pip\_vendor\rich\ansi.py
pty,E:\football_v\.venv\Lib\site-packages\pip\_vendor\rich\ansi.py
sys,E:\football_v\.venv\Lib\site-packages\pip\_vendor\rich\ansi.py
console,E:\football_v\.venv\Lib\site-packages\pip\_vendor\rich\ansi.py
typing,E:\football_v\.venv\Lib\site-packages\pip\_vendor\rich\bar.py
color,E:\football_v\.venv\Lib\site-packages\pip\_vendor\rich\bar.py
console,E:\football_v\.venv\Lib\site-packages\pip\_vendor\rich\bar.py
jupyter,E:\football_v\.venv\Lib\site-packages\pip\_vendor\rich\bar.py
measure,E:\football_v\.venv\Lib\site-packages\pip\_vendor\rich\bar.py
segment,E:\football_v\.venv\Lib\site-packages\pip\_vendor\rich\bar.py
style,E:\football_v\.venv\Lib\site-packages\pip\_vendor\rich\bar.py
sys,E:\football_v\.venv\Lib\site-packages\pip\_vendor\rich\box.py
typing,E:\football_v\.venv\Lib\site-packages\pip\_vendor\rich\box.py
_loop,E:\football_v\.venv\Lib\site-packages\pip\_vendor\rich\box.py
typing,E:\football_v\.venv\Lib\site-packages\pip\_vendor\rich\box.py
pip._vendor.typing_extensions,E:\football_v\.venv\Lib\site-packages\pip\_vendor\rich\box.py
pip._vendor.rich.console,E:\football_v\.venv\Lib\site-packages\pip\_vendor\rich\box.py
pip._vendor.rich.columns,E:\football_v\.venv\Lib\site-packages\pip\_vendor\rich\box.py
pip._vendor.rich.panel,E:\football_v\.venv\Lib\site-packages\pip\_vendor\rich\box.py
console,E:\football_v\.venv\Lib\site-packages\pip\_vendor\rich\box.py
table,E:\football_v\.venv\Lib\site-packages\pip\_vendor\rich\box.py
text,E:\football_v\.venv\Lib\site-packages\pip\_vendor\rich\box.py
__future__,E:\football_v\.venv\Lib\site-packages\pip\_vendor\rich\cells.py
functools,E:\football_v\.venv\Lib\site-packages\pip\_vendor\rich\cells.py
typing,E:\football_v\.venv\Lib\site-packages\pip\_vendor\rich\cells.py
_cell_widths,E:\football_v\.venv\Lib\site-packages\pip\_vendor\rich\cells.py
re,E:\football_v\.venv\Lib\site-packages\pip\_vendor\rich\color.py
sys,E:\football_v\.venv\Lib\site-packages\pip\_vendor\rich\color.py
colorsys,E:\football_v\.venv\Lib\site-packages\pip\_vendor\rich\color.py
enum,E:\football_v\.venv\Lib\site-packages\pip\_vendor\rich\color.py
functools,E:\football_v\.venv\Lib\site-packages\pip\_vendor\rich\color.py
typing,E:\football_v\.venv\Lib\site-packages\pip\_vendor\rich\color.py
_palettes,E:\football_v\.venv\Lib\site-packages\pip\_vendor\rich\color.py
color_triplet,E:\football_v\.venv\Lib\site-packages\pip\_vendor\rich\color.py
repr,E:\football_v\.venv\Lib\site-packages\pip\_vendor\rich\color.py
terminal_theme,E:\football_v\.venv\Lib\site-packages\pip\_vendor\rich\color.py
terminal_theme,E:\football_v\.venv\Lib\site-packages\pip\_vendor\rich\color.py
text,E:\football_v\.venv\Lib\site-packages\pip\_vendor\rich\color.py
console,E:\football_v\.venv\Lib\site-packages\pip\_vendor\rich\color.py
table,E:\football_v\.venv\Lib\site-packages\pip\_vendor\rich\color.py
text,E:\football_v\.venv\Lib\site-packages\pip\_vendor\rich\color.py
style,E:\football_v\.venv\Lib\site-packages\pip\_vendor\rich\color.py
text,E:\football_v\.venv\Lib\site-packages\pip\_vendor\rich\color.py
typing,E:\football_v\.venv\Lib\site-packages\pip\_vendor\rich\color_triplet.py
collections,E:\football_v\.venv\Lib\site-packages\pip\_vendor\rich\columns.py
itertools,E:\football_v\.venv\Lib\site-packages\pip\_vendor\rich\columns.py
operator,E:\football_v\.venv\Lib\site-packages\pip\_vendor\rich\columns.py
typing,E:\football_v\.venv\Lib\site-packages\pip\_vendor\rich\columns.py
align,E:\football_v\.venv\Lib\site-packages\pip\_vendor\rich\columns.py
console,E:\football_v\.venv\Lib\site-packages\pip\_vendor\rich\columns.py
constrain,E:\football_v\.venv\Lib\site-packages\pip\_vendor\rich\columns.py
measure,E:\football_v\.venv\Lib\site-packages\pip\_vendor\rich\columns.py
padding,E:\football_v\.venv\Lib\site-packages\pip\_vendor\rich\columns.py
table,E:\football_v\.venv\Lib\site-packages\pip\_vendor\rich\columns.py
text,E:\football_v\.venv\Lib\site-packages\pip\_vendor\rich\columns.py
jupyter,E:\football_v\.venv\Lib\site-packages\pip\_vendor\rich\columns.py
os,E:\football_v\.venv\Lib\site-packages\pip\_vendor\rich\columns.py
inspect,E:\football_v\.venv\Lib\site-packages\pip\_vendor\rich\console.py
os,E:\football_v\.venv\Lib\site-packages\pip\_vendor\rich\console.py
sys,E:\football_v\.venv\Lib\site-packages\pip\_vendor\rich\console.py
threading,E:\football_v\.venv\Lib\site-packages\pip\_vendor\rich\console.py
zlib,E:\football_v\.venv\Lib\site-packages\pip\_vendor\rich\console.py
abc,E:\football_v\.venv\Lib\site-packages\pip\_vendor\rich\console.py
dataclasses,E:\football_v\.venv\Lib\site-packages\pip\_vendor\rich\console.py
datetime,E:\football_v\.venv\Lib\site-packages\pip\_vendor\rich\console.py
functools,E:\football_v\.venv\Lib\site-packages\pip\_vendor\rich\console.py
getpass,E:\football_v\.venv\Lib\site-packages\pip\_vendor\rich\console.py
html,E:\football_v\.venv\Lib\site-packages\pip\_vendor\rich\console.py
inspect,E:\football_v\.venv\Lib\site-packages\pip\_vendor\rich\console.py
itertools,E:\football_v\.venv\Lib\site-packages\pip\_vendor\rich\console.py
math,E:\football_v\.venv\Lib\site-packages\pip\_vendor\rich\console.py
time,E:\football_v\.venv\Lib\site-packages\pip\_vendor\rich\console.py
types,E:\football_v\.venv\Lib\site-packages\pip\_vendor\rich\console.py
typing,E:\football_v\.venv\Lib\site-packages\pip\_vendor\rich\console.py
pip._vendor.rich._null_file,E:\football_v\.venv\Lib\site-packages\pip\_vendor\rich\console.py
_emoji_replace,E:\football_v\.venv\Lib\site-packages\pip\_vendor\rich\console.py
_export_format,E:\football_v\.venv\Lib\site-packages\pip\_vendor\rich\console.py
_fileno,E:\football_v\.venv\Lib\site-packages\pip\_vendor\rich\console.py
_log_render,E:\football_v\.venv\Lib\site-packages\pip\_vendor\rich\console.py
align,E:\football_v\.venv\Lib\site-packages\pip\_vendor\rich\console.py
color,E:\football_v\.venv\Lib\site-packages\pip\_vendor\rich\console.py
control,E:\football_v\.venv\Lib\site-packages\pip\_vendor\rich\console.py
emoji,E:\football_v\.venv\Lib\site-packages\pip\_vendor\rich\console.py
highlighter,E:\football_v\.venv\Lib\site-packages\pip\_vendor\rich\console.py
markup,E:\football_v\.venv\Lib\site-packages\pip\_vendor\rich\console.py
measure,E:\football_v\.venv\Lib\site-packages\pip\_vendor\rich\console.py
pager,E:\football_v\.venv\Lib\site-packages\pip\_vendor\rich\console.py
pretty,E:\football_v\.venv\Lib\site-packages\pip\_vendor\rich\console.py
protocol,E:\football_v\.venv\Lib\site-packages\pip\_vendor\rich\console.py
region,E:\football_v\.venv\Lib\site-packages\pip\_vendor\rich\console.py
scope,E:\football_v\.venv\Lib\site-packages\pip\_vendor\rich\console.py
screen,E:\football_v\.venv\Lib\site-packages\pip\_vendor\rich\console.py
segment,E:\football_v\.venv\Lib\site-packages\pip\_vendor\rich\console.py
style,E:\football_v\.venv\Lib\site-packages\pip\_vendor\rich\console.py
styled,E:\football_v\.venv\Lib\site-packages\pip\_vendor\rich\console.py
terminal_theme,E:\football_v\.venv\Lib\site-packages\pip\_vendor\rich\console.py
text,E:\football_v\.venv\Lib\site-packages\pip\_vendor\rich\console.py
theme,E:\football_v\.venv\Lib\site-packages\pip\_vendor\rich\console.py
typing,E:\football_v\.venv\Lib\site-packages\pip\_vendor\rich\console.py
pip._vendor.typing_extensions,E:\football_v\.venv\Lib\site-packages\pip\_vendor\rich\console.py
_windows,E:\football_v\.venv\Lib\site-packages\pip\_vendor\rich\console.py
live,E:\football_v\.venv\Lib\site-packages\pip\_vendor\rich\console.py
status,E:\football_v\.venv\Lib\site-packages\pip\_vendor\rich\console.py
_windows,E:\football_v\.venv\Lib\site-packages\pip\_vendor\rich\console.py
status,E:\football_v\.venv\Lib\site-packages\pip\_vendor\rich\console.py
rule,E:\football_v\.venv\Lib\site-packages\pip\_vendor\rich\console.py
pip._vendor.rich.json,E:\football_v\.venv\Lib\site-packages\pip\_vendor\rich\console.py
traceback,E:\football_v\.venv\Lib\site-packages\pip\_vendor\rich\console.py
pip._vendor.rich.cells,E:\football_v\.venv\Lib\site-packages\pip\_vendor\rich\console.py
jupyter,E:\football_v\.venv\Lib\site-packages\pip\_vendor\rich\console.py
pip._vendor.rich._win32_console,E:\football_v\.venv\Lib\site-packages\pip\_vendor\rich\console.py
pip._vendor.rich._windows_renderer,E:\football_v\.venv\Lib\site-packages\pip\_vendor\rich\console.py
typing,E:\football_v\.venv\Lib\site-packages\pip\_vendor\rich\constrain.py
jupyter,E:\football_v\.venv\Lib\site-packages\pip\_vendor\rich\constrain.py
measure,E:\football_v\.venv\Lib\site-packages\pip\_vendor\rich\constrain.py
console,E:\football_v\.venv\Lib\site-packages\pip\_vendor\rich\constrain.py
itertools,E:\football_v\.venv\Lib\site-packages\pip\_vendor\rich\containers.py
typing,E:\football_v\.venv\Lib\site-packages\pip\_vendor\rich\containers.py
cells,E:\football_v\.venv\Lib\site-packages\pip\_vendor\rich\containers.py
measure,E:\football_v\.venv\Lib\site-packages\pip\_vendor\rich\containers.py
console,E:\football_v\.venv\Lib\site-packages\pip\_vendor\rich\containers.py
text,E:\football_v\.venv\Lib\site-packages\pip\_vendor\rich\containers.py
text,E:\football_v\.venv\Lib\site-packages\pip\_vendor\rich\containers.py
sys,E:\football_v\.venv\Lib\site-packages\pip\_vendor\rich\control.py
time,E:\football_v\.venv\Lib\site-packages\pip\_vendor\rich\control.py
typing,E:\football_v\.venv\Lib\site-packages\pip\_vendor\rich\control.py
segment,E:\football_v\.venv\Lib\site-packages\pip\_vendor\rich\control.py
typing,E:\football_v\.venv\Lib\site-packages\pip\_vendor\rich\control.py
pip._vendor.typing_extensions,E:\football_v\.venv\Lib\site-packages\pip\_vendor\rich\control.py
console,E:\football_v\.venv\Lib\site-packages\pip\_vendor\rich\control.py
pip._vendor.rich.console,E:\football_v\.venv\Lib\site-packages\pip\_vendor\rich\control.py
typing,E:\football_v\.venv\Lib\site-packages\pip\_vendor\rich\default_styles.py
style,E:\football_v\.venv\Lib\site-packages\pip\_vendor\rich\default_styles.py
argparse,E:\football_v\.venv\Lib\site-packages\pip\_vendor\rich\default_styles.py
io,E:\football_v\.venv\Lib\site-packages\pip\_vendor\rich\default_styles.py
pip._vendor.rich.console,E:\football_v\.venv\Lib\site-packages\pip\_vendor\rich\default_styles.py
pip._vendor.rich.table,E:\football_v\.venv\Lib\site-packages\pip\_vendor\rich\default_styles.py
pip._vendor.rich.text,E:\football_v\.venv\Lib\site-packages\pip\_vendor\rich\default_styles.py
os,E:\football_v\.venv\Lib\site-packages\pip\_vendor\rich\diagnose.py
platform,E:\football_v\.venv\Lib\site-packages\pip\_vendor\rich\diagnose.py
pip._vendor.rich,E:\football_v\.venv\Lib\site-packages\pip\_vendor\rich\diagnose.py
pip._vendor.rich.console,E:\football_v\.venv\Lib\site-packages\pip\_vendor\rich\diagnose.py
pip._vendor.rich.panel,E:\football_v\.venv\Lib\site-packages\pip\_vendor\rich\diagnose.py
pip._vendor.rich.pretty,E:\football_v\.venv\Lib\site-packages\pip\_vendor\rich\diagnose.py
sys,E:\football_v\.venv\Lib\site-packages\pip\_vendor\rich\emoji.py
typing,E:\football_v\.venv\Lib\site-packages\pip\_vendor\rich\emoji.py
jupyter,E:\football_v\.venv\Lib\site-packages\pip\_vendor\rich\emoji.py
segment,E:\football_v\.venv\Lib\site-packages\pip\_vendor\rich\emoji.py
style,E:\football_v\.venv\Lib\site-packages\pip\_vendor\rich\emoji.py
_emoji_codes,E:\football_v\.venv\Lib\site-packages\pip\_vendor\rich\emoji.py
_emoji_replace,E:\football_v\.venv\Lib\site-packages\pip\_vendor\rich\emoji.py
typing,E:\football_v\.venv\Lib\site-packages\pip\_vendor\rich\emoji.py
pip._vendor.typing_extensions,E:\football_v\.venv\Lib\site-packages\pip\_vendor\rich\emoji.py
console,E:\football_v\.venv\Lib\site-packages\pip\_vendor\rich\emoji.py
sys,E:\football_v\.venv\Lib\site-packages\pip\_vendor\rich\emoji.py
pip._vendor.rich.columns,E:\football_v\.venv\Lib\site-packages\pip\_vendor\rich\emoji.py
pip._vendor.rich.console,E:\football_v\.venv\Lib\site-packages\pip\_vendor\rich\emoji.py
typing,E:\football_v\.venv\Lib\site-packages\pip\_vendor\rich\filesize.py
io,E:\football_v\.venv\Lib\site-packages\pip\_vendor\rich\file_proxy.py
typing,E:\football_v\.venv\Lib\site-packages\pip\_vendor\rich\file_proxy.py
ansi,E:\football_v\.venv\Lib\site-packages\pip\_vendor\rich\file_proxy.py
text,E:\football_v\.venv\Lib\site-packages\pip\_vendor\rich\file_proxy.py
console,E:\football_v\.venv\Lib\site-packages\pip\_vendor\rich\file_proxy.py
re,E:\football_v\.venv\Lib\site-packages\pip\_vendor\rich\highlighter.py
abc,E:\football_v\.venv\Lib\site-packages\pip\_vendor\rich\highlighter.py
typing,E:\football_v\.venv\Lib\site-packages\pip\_vendor\rich\highlighter.py
text,E:\football_v\.venv\Lib\site-packages\pip\_vendor\rich\highlighter.py
console,E:\football_v\.venv\Lib\site-packages\pip\_vendor\rich\highlighter.py
json,E:\football_v\.venv\Lib\site-packages\pip\_vendor\rich\highlighter.py
pathlib,E:\football_v\.venv\Lib\site-packages\pip\_vendor\rich\json.py
json,E:\football_v\.venv\Lib\site-packages\pip\_vendor\rich\json.py
typing,E:\football_v\.venv\Lib\site-packages\pip\_vendor\rich\json.py
text,E:\football_v\.venv\Lib\site-packages\pip\_vendor\rich\json.py
highlighter,E:\football_v\.venv\Lib\site-packages\pip\_vendor\rich\json.py
argparse,E:\football_v\.venv\Lib\site-packages\pip\_vendor\rich\json.py
sys,E:\football_v\.venv\Lib\site-packages\pip\_vendor\rich\json.py
pip._vendor.rich.console,E:\football_v\.venv\Lib\site-packages\pip\_vendor\rich\json.py
typing,E:\football_v\.venv\Lib\site-packages\pip\_vendor\rich\jupyter.py
segment,E:\football_v\.venv\Lib\site-packages\pip\_vendor\rich\jupyter.py
terminal_theme,E:\football_v\.venv\Lib\site-packages\pip\_vendor\rich\jupyter.py
pip._vendor.rich.console,E:\football_v\.venv\Lib\site-packages\pip\_vendor\rich\jupyter.py
pip._vendor.rich.console,E:\football_v\.venv\Lib\site-packages\pip\_vendor\rich\jupyter.py
IPython.display,E:\football_v\.venv\Lib\site-packages\pip\_vendor\rich\jupyter.py
abc,E:\football_v\.venv\Lib\site-packages\pip\_vendor\rich\layout.py
itertools,E:\football_v\.venv\Lib\site-packages\pip\_vendor\rich\layout.py
operator,E:\football_v\.venv\Lib\site-packages\pip\_vendor\rich\layout.py
threading,E:\football_v\.venv\Lib\site-packages\pip\_vendor\rich\layout.py
typing,E:\football_v\.venv\Lib\site-packages\pip\_vendor\rich\layout.py
_ratio,E:\football_v\.venv\Lib\site-packages\pip\_vendor\rich\layout.py
align,E:\football_v\.venv\Lib\site-packages\pip\_vendor\rich\layout.py
console,E:\football_v\.venv\Lib\site-packages\pip\_vendor\rich\layout.py
highlighter,E:\football_v\.venv\Lib\site-packages\pip\_vendor\rich\layout.py
panel,E:\football_v\.venv\Lib\site-packages\pip\_vendor\rich\layout.py
pretty,E:\football_v\.venv\Lib\site-packages\pip\_vendor\rich\layout.py
region,E:\football_v\.venv\Lib\site-packages\pip\_vendor\rich\layout.py
repr,E:\football_v\.venv\Lib\site-packages\pip\_vendor\rich\layout.py
segment,E:\football_v\.venv\Lib\site-packages\pip\_vendor\rich\layout.py
style,E:\football_v\.venv\Lib\site-packages\pip\_vendor\rich\layout.py
pip._vendor.rich.tree,E:\football_v\.venv\Lib\site-packages\pip\_vendor\rich\layout.py
pip._vendor.rich.console,E:\football_v\.venv\Lib\site-packages\pip\_vendor\rich\layout.py
pip._vendor.rich.styled,E:\football_v\.venv\Lib\site-packages\pip\_vendor\rich\layout.py
pip._vendor.rich.table,E:\football_v\.venv\Lib\site-packages\pip\_vendor\rich\layout.py
pip._vendor.rich.tree,E:\football_v\.venv\Lib\site-packages\pip\_vendor\rich\layout.py
sys,E:\football_v\.venv\Lib\site-packages\pip\_vendor\rich\live.py
threading,E:\football_v\.venv\Lib\site-packages\pip\_vendor\rich\live.py
types,E:\football_v\.venv\Lib\site-packages\pip\_vendor\rich\live.py
typing,E:\football_v\.venv\Lib\site-packages\pip\_vendor\rich\live.py
console,E:\football_v\.venv\Lib\site-packages\pip\_vendor\rich\live.py
control,E:\football_v\.venv\Lib\site-packages\pip\_vendor\rich\live.py
file_proxy,E:\football_v\.venv\Lib\site-packages\pip\_vendor\rich\live.py
jupyter,E:\football_v\.venv\Lib\site-packages\pip\_vendor\rich\live.py
live_render,E:\football_v\.venv\Lib\site-packages\pip\_vendor\rich\live.py
screen,E:\football_v\.venv\Lib\site-packages\pip\_vendor\rich\live.py
text,E:\football_v\.venv\Lib\site-packages\pip\_vendor\rich\live.py
random,E:\football_v\.venv\Lib\site-packages\pip\_vendor\rich\live.py
time,E:\football_v\.venv\Lib\site-packages\pip\_vendor\rich\live.py
itertools,E:\football_v\.venv\Lib\site-packages\pip\_vendor\rich\live.py
typing,E:\football_v\.venv\Lib\site-packages\pip\_vendor\rich\live.py
align,E:\football_v\.venv\Lib\site-packages\pip\_vendor\rich\live.py
console,E:\football_v\.venv\Lib\site-packages\pip\_vendor\rich\live.py
live,E:\football_v\.venv\Lib\site-packages\pip\_vendor\rich\live.py
panel,E:\football_v\.venv\Lib\site-packages\pip\_vendor\rich\live.py
rule,E:\football_v\.venv\Lib\site-packages\pip\_vendor\rich\live.py
syntax,E:\football_v\.venv\Lib\site-packages\pip\_vendor\rich\live.py
table,E:\football_v\.venv\Lib\site-packages\pip\_vendor\rich\live.py
IPython.display,E:\football_v\.venv\Lib\site-packages\pip\_vendor\rich\live.py
ipywidgets,E:\football_v\.venv\Lib\site-packages\pip\_vendor\rich\live.py
warnings,E:\football_v\.venv\Lib\site-packages\pip\_vendor\rich\live.py
sys,E:\football_v\.venv\Lib\site-packages\pip\_vendor\rich\live_render.py
typing,E:\football_v\.venv\Lib\site-packages\pip\_vendor\rich\live_render.py
_loop,E:\football_v\.venv\Lib\site-packages\pip\_vendor\rich\live_render.py
console,E:\football_v\.venv\Lib\site-packages\pip\_vendor\rich\live_render.py
control,E:\football_v\.venv\Lib\site-packages\pip\_vendor\rich\live_render.py
segment,E:\football_v\.venv\Lib\site-packages\pip\_vendor\rich\live_render.py
style,E:\football_v\.venv\Lib\site-packages\pip\_vendor\rich\live_render.py
text,E:\football_v\.venv\Lib\site-packages\pip\_vendor\rich\live_render.py
typing,E:\football_v\.venv\Lib\site-packages\pip\_vendor\rich\live_render.py
pip._vendor.typing_extensions,E:\football_v\.venv\Lib\site-packages\pip\_vendor\rich\live_render.py
logging,E:\football_v\.venv\Lib\site-packages\pip\_vendor\rich\logging.py
datetime,E:\football_v\.venv\Lib\site-packages\pip\_vendor\rich\logging.py
logging,E:\football_v\.venv\Lib\site-packages\pip\_vendor\rich\logging.py
pathlib,E:\football_v\.venv\Lib\site-packages\pip\_vendor\rich\logging.py
types,E:\football_v\.venv\Lib\site-packages\pip\_vendor\rich\logging.py
typing,E:\football_v\.venv\Lib\site-packages\pip\_vendor\rich\logging.py
pip._vendor.rich._null_file,E:\football_v\.venv\Lib\site-packages\pip\_vendor\rich\logging.py
_log_render,E:\football_v\.venv\Lib\site-packages\pip\_vendor\rich\logging.py
console,E:\football_v\.venv\Lib\site-packages\pip\_vendor\rich\logging.py
highlighter,E:\football_v\.venv\Lib\site-packages\pip\_vendor\rich\logging.py
text,E:\football_v\.venv\Lib\site-packages\pip\_vendor\rich\logging.py
traceback,E:\football_v\.venv\Lib\site-packages\pip\_vendor\rich\logging.py
time,E:\football_v\.venv\Lib\site-packages\pip\_vendor\rich\logging.py
re,E:\football_v\.venv\Lib\site-packages\pip\_vendor\rich\markup.py
ast,E:\football_v\.venv\Lib\site-packages\pip\_vendor\rich\markup.py
operator,E:\football_v\.venv\Lib\site-packages\pip\_vendor\rich\markup.py
typing,E:\football_v\.venv\Lib\site-packages\pip\_vendor\rich\markup.py
_emoji_replace,E:\football_v\.venv\Lib\site-packages\pip\_vendor\rich\markup.py
emoji,E:\football_v\.venv\Lib\site-packages\pip\_vendor\rich\markup.py
errors,E:\football_v\.venv\Lib\site-packages\pip\_vendor\rich\markup.py
style,E:\football_v\.venv\Lib\site-packages\pip\_vendor\rich\markup.py
text,E:\football_v\.venv\Lib\site-packages\pip\_vendor\rich\markup.py
pip._vendor.rich,E:\football_v\.venv\Lib\site-packages\pip\_vendor\rich\markup.py
pip._vendor.rich.table,E:\football_v\.venv\Lib\site-packages\pip\_vendor\rich\markup.py
operator,E:\football_v\.venv\Lib\site-packages\pip\_vendor\rich\measure.py
typing,E:\football_v\.venv\Lib\site-packages\pip\_vendor\rich\measure.py
protocol,E:\football_v\.venv\Lib\site-packages\pip\_vendor\rich\measure.py
console,E:\football_v\.venv\Lib\site-packages\pip\_vendor\rich\measure.py
typing,E:\football_v\.venv\Lib\site-packages\pip\_vendor\rich\padding.py
jupyter,E:\football_v\.venv\Lib\site-packages\pip\_vendor\rich\padding.py
measure,E:\football_v\.venv\Lib\site-packages\pip\_vendor\rich\padding.py
segment,E:\football_v\.venv\Lib\site-packages\pip\_vendor\rich\padding.py
style,E:\football_v\.venv\Lib\site-packages\pip\_vendor\rich\padding.py
console,E:\football_v\.venv\Lib\site-packages\pip\_vendor\rich\padding.py
pip._vendor.rich,E:\football_v\.venv\Lib\site-packages\pip\_vendor\rich\padding.py
abc,E:\football_v\.venv\Lib\site-packages\pip\_vendor\rich\pager.py
typing,E:\football_v\.venv\Lib\site-packages\pip\_vendor\rich\pager.py
__main__,E:\football_v\.venv\Lib\site-packages\pip\_vendor\rich\pager.py
console,E:\football_v\.venv\Lib\site-packages\pip\_vendor\rich\pager.py
math,E:\football_v\.venv\Lib\site-packages\pip\_vendor\rich\palette.py
functools,E:\football_v\.venv\Lib\site-packages\pip\_vendor\rich\palette.py
typing,E:\football_v\.venv\Lib\site-packages\pip\_vendor\rich\palette.py
color_triplet,E:\football_v\.venv\Lib\site-packages\pip\_vendor\rich\palette.py
pip._vendor.rich.table,E:\football_v\.venv\Lib\site-packages\pip\_vendor\rich\palette.py
colorsys,E:\football_v\.venv\Lib\site-packages\pip\_vendor\rich\palette.py
typing,E:\football_v\.venv\Lib\site-packages\pip\_vendor\rich\palette.py
pip._vendor.rich.color,E:\football_v\.venv\Lib\site-packages\pip\_vendor\rich\palette.py
pip._vendor.rich.console,E:\football_v\.venv\Lib\site-packages\pip\_vendor\rich\palette.py
pip._vendor.rich.segment,E:\football_v\.venv\Lib\site-packages\pip\_vendor\rich\palette.py
pip._vendor.rich.style,E:\football_v\.venv\Lib\site-packages\pip\_vendor\rich\palette.py
pip._vendor.rich.color,E:\football_v\.venv\Lib\site-packages\pip\_vendor\rich\palette.py
pip._vendor.rich.style,E:\football_v\.venv\Lib\site-packages\pip\_vendor\rich\palette.py
pip._vendor.rich.text,E:\football_v\.venv\Lib\site-packages\pip\_vendor\rich\palette.py
pip._vendor.rich.table,E:\football_v\.venv\Lib\site-packages\pip\_vendor\rich\palette.py
typing,E:\football_v\.venv\Lib\site-packages\pip\_vendor\rich\panel.py
align,E:\football_v\.venv\Lib\site-packages\pip\_vendor\rich\panel.py
box,E:\football_v\.venv\Lib\site-packages\pip\_vendor\rich\panel.py
cells,E:\football_v\.venv\Lib\site-packages\pip\_vendor\rich\panel.py
jupyter,E:\football_v\.venv\Lib\site-packages\pip\_vendor\rich\panel.py
measure,E:\football_v\.venv\Lib\site-packages\pip\_vendor\rich\panel.py
padding,E:\football_v\.venv\Lib\site-packages\pip\_vendor\rich\panel.py
segment,E:\football_v\.venv\Lib\site-packages\pip\_vendor\rich\panel.py
style,E:\football_v\.venv\Lib\site-packages\pip\_vendor\rich\panel.py
text,E:\football_v\.venv\Lib\site-packages\pip\_vendor\rich\panel.py
console,E:\football_v\.venv\Lib\site-packages\pip\_vendor\rich\panel.py
console,E:\football_v\.venv\Lib\site-packages\pip\_vendor\rich\panel.py
box,E:\football_v\.venv\Lib\site-packages\pip\_vendor\rich\panel.py
padding,E:\football_v\.venv\Lib\site-packages\pip\_vendor\rich\panel.py
builtins,E:\football_v\.venv\Lib\site-packages\pip\_vendor\rich\pretty.py
collections,E:\football_v\.venv\Lib\site-packages\pip\_vendor\rich\pretty.py
dataclasses,E:\football_v\.venv\Lib\site-packages\pip\_vendor\rich\pretty.py
inspect,E:\football_v\.venv\Lib\site-packages\pip\_vendor\rich\pretty.py
os,E:\football_v\.venv\Lib\site-packages\pip\_vendor\rich\pretty.py
reprlib,E:\football_v\.venv\Lib\site-packages\pip\_vendor\rich\pretty.py
sys,E:\football_v\.venv\Lib\site-packages\pip\_vendor\rich\pretty.py
array,E:\football_v\.venv\Lib\site-packages\pip\_vendor\rich\pretty.py
collections,E:\football_v\.venv\Lib\site-packages\pip\_vendor\rich\pretty.py
dataclasses,E:\football_v\.venv\Lib\site-packages\pip\_vendor\rich\pretty.py
inspect,E:\football_v\.venv\Lib\site-packages\pip\_vendor\rich\pretty.py
itertools,E:\football_v\.venv\Lib\site-packages\pip\_vendor\rich\pretty.py
types,E:\football_v\.venv\Lib\site-packages\pip\_vendor\rich\pretty.py
typing,E:\football_v\.venv\Lib\site-packages\pip\_vendor\rich\pretty.py
pip._vendor.rich.repr,E:\football_v\.venv\Lib\site-packages\pip\_vendor\rich\pretty.py
_loop,E:\football_v\.venv\Lib\site-packages\pip\_vendor\rich\pretty.py
_pick,E:\football_v\.venv\Lib\site-packages\pip\_vendor\rich\pretty.py
abc,E:\football_v\.venv\Lib\site-packages\pip\_vendor\rich\pretty.py
cells,E:\football_v\.venv\Lib\site-packages\pip\_vendor\rich\pretty.py
highlighter,E:\football_v\.venv\Lib\site-packages\pip\_vendor\rich\pretty.py
jupyter,E:\football_v\.venv\Lib\site-packages\pip\_vendor\rich\pretty.py
measure,E:\football_v\.venv\Lib\site-packages\pip\_vendor\rich\pretty.py
text,E:\football_v\.venv\Lib\site-packages\pip\_vendor\rich\pretty.py
attr,E:\football_v\.venv\Lib\site-packages\pip\_vendor\rich\pretty.py
console,E:\football_v\.venv\Lib\site-packages\pip\_vendor\rich\pretty.py
console,E:\football_v\.venv\Lib\site-packages\pip\_vendor\rich\pretty.py
pip._vendor.rich,E:\football_v\.venv\Lib\site-packages\pip\_vendor\rich\pretty.py
typing,E:\football_v\.venv\Lib\site-packages\pip\_vendor\rich\pretty.py
pip._vendor.rich,E:\football_v\.venv\Lib\site-packages\pip\_vendor\rich\pretty.py
IPython.core.formatters,E:\football_v\.venv\Lib\site-packages\pip\_vendor\rich\pretty.py
io,E:\football_v\.venv\Lib\site-packages\pip\_vendor\rich\progress.py
sys,E:\football_v\.venv\Lib\site-packages\pip\_vendor\rich\progress.py
typing,E:\football_v\.venv\Lib\site-packages\pip\_vendor\rich\progress.py
warnings,E:\football_v\.venv\Lib\site-packages\pip\_vendor\rich\progress.py
abc,E:\football_v\.venv\Lib\site-packages\pip\_vendor\rich\progress.py
collections,E:\football_v\.venv\Lib\site-packages\pip\_vendor\rich\progress.py
dataclasses,E:\football_v\.venv\Lib\site-packages\pip\_vendor\rich\progress.py
datetime,E:\football_v\.venv\Lib\site-packages\pip\_vendor\rich\progress.py
io,E:\football_v\.venv\Lib\site-packages\pip\_vendor\rich\progress.py
math,E:\football_v\.venv\Lib\site-packages\pip\_vendor\rich\progress.py
mmap,E:\football_v\.venv\Lib\site-packages\pip\_vendor\rich\progress.py
operator,E:\football_v\.venv\Lib\site-packages\pip\_vendor\rich\progress.py
os,E:\football_v\.venv\Lib\site-packages\pip\_vendor\rich\progress.py
threading,E:\football_v\.venv\Lib\site-packages\pip\_vendor\rich\progress.py
types,E:\football_v\.venv\Lib\site-packages\pip\_vendor\rich\progress.py
typing,E:\football_v\.venv\Lib\site-packages\pip\_vendor\rich\progress.py
console,E:\football_v\.venv\Lib\site-packages\pip\_vendor\rich\progress.py
highlighter,E:\football_v\.venv\Lib\site-packages\pip\_vendor\rich\progress.py
jupyter,E:\football_v\.venv\Lib\site-packages\pip\_vendor\rich\progress.py
live,E:\football_v\.venv\Lib\site-packages\pip\_vendor\rich\progress.py
progress_bar,E:\football_v\.venv\Lib\site-packages\pip\_vendor\rich\progress.py
spinner,E:\football_v\.venv\Lib\site-packages\pip\_vendor\rich\progress.py
style,E:\football_v\.venv\Lib\site-packages\pip\_vendor\rich\progress.py
table,E:\football_v\.venv\Lib\site-packages\pip\_vendor\rich\progress.py
text,E:\football_v\.venv\Lib\site-packages\pip\_vendor\rich\progress.py
typing,E:\football_v\.venv\Lib\site-packages\pip\_vendor\rich\progress.py
pip._vendor.typing_extensions,E:\football_v\.venv\Lib\site-packages\pip\_vendor\rich\progress.py
typing,E:\football_v\.venv\Lib\site-packages\pip\_vendor\rich\progress.py
pip._vendor.typing_extensions,E:\football_v\.venv\Lib\site-packages\pip\_vendor\rich\progress.py
random,E:\football_v\.venv\Lib\site-packages\pip\_vendor\rich\progress.py
time,E:\football_v\.venv\Lib\site-packages\pip\_vendor\rich\progress.py
panel,E:\football_v\.venv\Lib\site-packages\pip\_vendor\rich\progress.py
rule,E:\football_v\.venv\Lib\site-packages\pip\_vendor\rich\progress.py
syntax,E:\football_v\.venv\Lib\site-packages\pip\_vendor\rich\progress.py
table,E:\football_v\.venv\Lib\site-packages\pip\_vendor\rich\progress.py
itertools,E:\football_v\.venv\Lib\site-packages\pip\_vendor\rich\progress.py
math,E:\football_v\.venv\Lib\site-packages\pip\_vendor\rich\progress_bar.py
functools,E:\football_v\.venv\Lib\site-packages\pip\_vendor\rich\progress_bar.py
time,E:\football_v\.venv\Lib\site-packages\pip\_vendor\rich\progress_bar.py
typing,E:\football_v\.venv\Lib\site-packages\pip\_vendor\rich\progress_bar.py
color,E:\football_v\.venv\Lib\site-packages\pip\_vendor\rich\progress_bar.py
color_triplet,E:\football_v\.venv\Lib\site-packages\pip\_vendor\rich\progress_bar.py
console,E:\football_v\.venv\Lib\site-packages\pip\_vendor\rich\progress_bar.py
jupyter,E:\football_v\.venv\Lib\site-packages\pip\_vendor\rich\progress_bar.py
measure,E:\football_v\.venv\Lib\site-packages\pip\_vendor\rich\progress_bar.py
segment,E:\football_v\.venv\Lib\site-packages\pip\_vendor\rich\progress_bar.py
style,E:\football_v\.venv\Lib\site-packages\pip\_vendor\rich\progress_bar.py
time,E:\football_v\.venv\Lib\site-packages\pip\_vendor\rich\progress_bar.py
typing,E:\football_v\.venv\Lib\site-packages\pip\_vendor\rich\prompt.py
console,E:\football_v\.venv\Lib\site-packages\pip\_vendor\rich\prompt.py
text,E:\football_v\.venv\Lib\site-packages\pip\_vendor\rich\prompt.py
pip._vendor.rich,E:\football_v\.venv\Lib\site-packages\pip\_vendor\rich\prompt.py
typing,E:\football_v\.venv\Lib\site-packages\pip\_vendor\rich\protocol.py
inspect,E:\football_v\.venv\Lib\site-packages\pip\_vendor\rich\protocol.py
pip._vendor.rich.console,E:\football_v\.venv\Lib\site-packages\pip\_vendor\rich\protocol.py
pip._vendor.rich.console,E:\football_v\.venv\Lib\site-packages\pip\_vendor\rich\protocol.py
typing,E:\football_v\.venv\Lib\site-packages\pip\_vendor\rich\region.py
inspect,E:\football_v\.venv\Lib\site-packages\pip\_vendor\rich\repr.py
functools,E:\football_v\.venv\Lib\site-packages\pip\_vendor\rich\repr.py
typing,E:\football_v\.venv\Lib\site-packages\pip\_vendor\rich\repr.py
pip._vendor.rich.console,E:\football_v\.venv\Lib\site-packages\pip\_vendor\rich\repr.py
typing,E:\football_v\.venv\Lib\site-packages\pip\_vendor\rich\rule.py
align,E:\football_v\.venv\Lib\site-packages\pip\_vendor\rich\rule.py
cells,E:\football_v\.venv\Lib\site-packages\pip\_vendor\rich\rule.py
console,E:\football_v\.venv\Lib\site-packages\pip\_vendor\rich\rule.py
jupyter,E:\football_v\.venv\Lib\site-packages\pip\_vendor\rich\rule.py
measure,E:\football_v\.venv\Lib\site-packages\pip\_vendor\rich\rule.py
style,E:\football_v\.venv\Lib\site-packages\pip\_vendor\rich\rule.py
text,E:\football_v\.venv\Lib\site-packages\pip\_vendor\rich\rule.py
sys,E:\football_v\.venv\Lib\site-packages\pip\_vendor\rich\rule.py
pip._vendor.rich.console,E:\football_v\.venv\Lib\site-packages\pip\_vendor\rich\rule.py
collections.abc,E:\football_v\.venv\Lib\site-packages\pip\_vendor\rich\scope.py
typing,E:\football_v\.venv\Lib\site-packages\pip\_vendor\rich\scope.py
highlighter,E:\football_v\.venv\Lib\site-packages\pip\_vendor\rich\scope.py
panel,E:\football_v\.venv\Lib\site-packages\pip\_vendor\rich\scope.py
pretty,E:\football_v\.venv\Lib\site-packages\pip\_vendor\rich\scope.py
table,E:\football_v\.venv\Lib\site-packages\pip\_vendor\rich\scope.py
text,E:\football_v\.venv\Lib\site-packages\pip\_vendor\rich\scope.py
console,E:\football_v\.venv\Lib\site-packages\pip\_vendor\rich\scope.py
pip._vendor.rich,E:\football_v\.venv\Lib\site-packages\pip\_vendor\rich\scope.py
typing,E:\football_v\.venv\Lib\site-packages\pip\_vendor\rich\screen.py
segment,E:\football_v\.venv\Lib\site-packages\pip\_vendor\rich\screen.py
style,E:\football_v\.venv\Lib\site-packages\pip\_vendor\rich\screen.py
_loop,E:\football_v\.venv\Lib\site-packages\pip\_vendor\rich\screen.py
console,E:\football_v\.venv\Lib\site-packages\pip\_vendor\rich\screen.py
pip._vendor.rich.console,E:\football_v\.venv\Lib\site-packages\pip\_vendor\rich\screen.py
enum,E:\football_v\.venv\Lib\site-packages\pip\_vendor\rich\segment.py
functools,E:\football_v\.venv\Lib\site-packages\pip\_vendor\rich\segment.py
itertools,E:\football_v\.venv\Lib\site-packages\pip\_vendor\rich\segment.py
logging,E:\football_v\.venv\Lib\site-packages\pip\_vendor\rich\segment.py
operator,E:\football_v\.venv\Lib\site-packages\pip\_vendor\rich\segment.py
typing,E:\football_v\.venv\Lib\site-packages\pip\_vendor\rich\segment.py
cells,E:\football_v\.venv\Lib\site-packages\pip\_vendor\rich\segment.py
repr,E:\football_v\.venv\Lib\site-packages\pip\_vendor\rich\segment.py
style,E:\football_v\.venv\Lib\site-packages\pip\_vendor\rich\segment.py
console,E:\football_v\.venv\Lib\site-packages\pip\_vendor\rich\segment.py
pip._vendor.rich.console,E:\football_v\.venv\Lib\site-packages\pip\_vendor\rich\segment.py
pip._vendor.rich.syntax,E:\football_v\.venv\Lib\site-packages\pip\_vendor\rich\segment.py
pip._vendor.rich.text,E:\football_v\.venv\Lib\site-packages\pip\_vendor\rich\segment.py
typing,E:\football_v\.venv\Lib\site-packages\pip\_vendor\rich\spinner.py
_spinners,E:\football_v\.venv\Lib\site-packages\pip\_vendor\rich\spinner.py
measure,E:\football_v\.venv\Lib\site-packages\pip\_vendor\rich\spinner.py
table,E:\football_v\.venv\Lib\site-packages\pip\_vendor\rich\spinner.py
text,E:\football_v\.venv\Lib\site-packages\pip\_vendor\rich\spinner.py
console,E:\football_v\.venv\Lib\site-packages\pip\_vendor\rich\spinner.py
style,E:\football_v\.venv\Lib\site-packages\pip\_vendor\rich\spinner.py
time,E:\football_v\.venv\Lib\site-packages\pip\_vendor\rich\spinner.py
columns,E:\football_v\.venv\Lib\site-packages\pip\_vendor\rich\spinner.py
panel,E:\football_v\.venv\Lib\site-packages\pip\_vendor\rich\spinner.py
live,E:\football_v\.venv\Lib\site-packages\pip\_vendor\rich\spinner.py
types,E:\football_v\.venv\Lib\site-packages\pip\_vendor\rich\status.py
typing,E:\football_v\.venv\Lib\site-packages\pip\_vendor\rich\status.py
console,E:\football_v\.venv\Lib\site-packages\pip\_vendor\rich\status.py
jupyter,E:\football_v\.venv\Lib\site-packages\pip\_vendor\rich\status.py
live,E:\football_v\.venv\Lib\site-packages\pip\_vendor\rich\status.py
spinner,E:\football_v\.venv\Lib\site-packages\pip\_vendor\rich\status.py
style,E:\football_v\.venv\Lib\site-packages\pip\_vendor\rich\status.py
time,E:\football_v\.venv\Lib\site-packages\pip\_vendor\rich\status.py
console,E:\football_v\.venv\Lib\site-packages\pip\_vendor\rich\status.py
sys,E:\football_v\.venv\Lib\site-packages\pip\_vendor\rich\style.py
functools,E:\football_v\.venv\Lib\site-packages\pip\_vendor\rich\style.py
marshal,E:\football_v\.venv\Lib\site-packages\pip\_vendor\rich\style.py
random,E:\football_v\.venv\Lib\site-packages\pip\_vendor\rich\style.py
typing,E:\football_v\.venv\Lib\site-packages\pip\_vendor\rich\style.py
color,E:\football_v\.venv\Lib\site-packages\pip\_vendor\rich\style.py
repr,E:\football_v\.venv\Lib\site-packages\pip\_vendor\rich\style.py
terminal_theme,E:\football_v\.venv\Lib\site-packages\pip\_vendor\rich\style.py
typing,E:\football_v\.venv\Lib\site-packages\pip\_vendor\rich\styled.py
measure,E:\football_v\.venv\Lib\site-packages\pip\_vendor\rich\styled.py
segment,E:\football_v\.venv\Lib\site-packages\pip\_vendor\rich\styled.py
style,E:\football_v\.venv\Lib\site-packages\pip\_vendor\rich\styled.py
console,E:\football_v\.venv\Lib\site-packages\pip\_vendor\rich\styled.py
pip._vendor.rich,E:\football_v\.venv\Lib\site-packages\pip\_vendor\rich\styled.py
pip._vendor.rich.panel,E:\football_v\.venv\Lib\site-packages\pip\_vendor\rich\styled.py
os.path,E:\football_v\.venv\Lib\site-packages\pip\_vendor\rich\syntax.py
re,E:\football_v\.venv\Lib\site-packages\pip\_vendor\rich\syntax.py
sys,E:\football_v\.venv\Lib\site-packages\pip\_vendor\rich\syntax.py
textwrap,E:\football_v\.venv\Lib\site-packages\pip\_vendor\rich\syntax.py
abc,E:\football_v\.venv\Lib\site-packages\pip\_vendor\rich\syntax.py
pathlib,E:\football_v\.venv\Lib\site-packages\pip\_vendor\rich\syntax.py
typing,E:\football_v\.venv\Lib\site-packages\pip\_vendor\rich\syntax.py
pip._vendor.pygments.lexer,E:\football_v\.venv\Lib\site-packages\pip\_vendor\rich\syntax.py
pip._vendor.pygments.lexers,E:\football_v\.venv\Lib\site-packages\pip\_vendor\rich\syntax.py
pip._vendor.pygments.style,E:\football_v\.venv\Lib\site-packages\pip\_vendor\rich\syntax.py
pip._vendor.pygments.styles,E:\football_v\.venv\Lib\site-packages\pip\_vendor\rich\syntax.py
pip._vendor.pygments.token,E:\football_v\.venv\Lib\site-packages\pip\_vendor\rich\syntax.py
pip._vendor.pygments.util,E:\football_v\.venv\Lib\site-packages\pip\_vendor\rich\syntax.py
pip._vendor.rich.containers,E:\football_v\.venv\Lib\site-packages\pip\_vendor\rich\syntax.py
pip._vendor.rich.padding,E:\football_v\.venv\Lib\site-packages\pip\_vendor\rich\syntax.py
_loop,E:\football_v\.venv\Lib\site-packages\pip\_vendor\rich\syntax.py
cells,E:\football_v\.venv\Lib\site-packages\pip\_vendor\rich\syntax.py
color,E:\football_v\.venv\Lib\site-packages\pip\_vendor\rich\syntax.py
console,E:\football_v\.venv\Lib\site-packages\pip\_vendor\rich\syntax.py
jupyter,E:\football_v\.venv\Lib\site-packages\pip\_vendor\rich\syntax.py
measure,E:\football_v\.venv\Lib\site-packages\pip\_vendor\rich\syntax.py
segment,E:\football_v\.venv\Lib\site-packages\pip\_vendor\rich\syntax.py
style,E:\football_v\.venv\Lib\site-packages\pip\_vendor\rich\syntax.py
text,E:\football_v\.venv\Lib\site-packages\pip\_vendor\rich\syntax.py
argparse,E:\football_v\.venv\Lib\site-packages\pip\_vendor\rich\syntax.py
sys,E:\football_v\.venv\Lib\site-packages\pip\_vendor\rich\syntax.py
pip._vendor.rich.console,E:\football_v\.venv\Lib\site-packages\pip\_vendor\rich\syntax.py
dataclasses,E:\football_v\.venv\Lib\site-packages\pip\_vendor\rich\table.py
typing,E:\football_v\.venv\Lib\site-packages\pip\_vendor\rich\table.py
_loop,E:\football_v\.venv\Lib\site-packages\pip\_vendor\rich\table.py
_pick,E:\football_v\.venv\Lib\site-packages\pip\_vendor\rich\table.py
_ratio,E:\football_v\.venv\Lib\site-packages\pip\_vendor\rich\table.py
align,E:\football_v\.venv\Lib\site-packages\pip\_vendor\rich\table.py
jupyter,E:\football_v\.venv\Lib\site-packages\pip\_vendor\rich\table.py
measure,E:\football_v\.venv\Lib\site-packages\pip\_vendor\rich\table.py
padding,E:\football_v\.venv\Lib\site-packages\pip\_vendor\rich\table.py
protocol,E:\football_v\.venv\Lib\site-packages\pip\_vendor\rich\table.py
segment,E:\football_v\.venv\Lib\site-packages\pip\_vendor\rich\table.py
style,E:\football_v\.venv\Lib\site-packages\pip\_vendor\rich\table.py
text,E:\football_v\.venv\Lib\site-packages\pip\_vendor\rich\table.py
console,E:\football_v\.venv\Lib\site-packages\pip\_vendor\rich\table.py
pip._vendor.rich.console,E:\football_v\.venv\Lib\site-packages\pip\_vendor\rich\table.py
pip._vendor.rich.highlighter,E:\football_v\.venv\Lib\site-packages\pip\_vendor\rich\table.py
pip._vendor.rich.table,E:\football_v\.venv\Lib\site-packages\pip\_vendor\rich\table.py
_timer,E:\football_v\.venv\Lib\site-packages\pip\_vendor\rich\table.py
typing,E:\football_v\.venv\Lib\site-packages\pip\_vendor\rich\terminal_theme.py
color_triplet,E:\football_v\.venv\Lib\site-packages\pip\_vendor\rich\terminal_theme.py
palette,E:\football_v\.venv\Lib\site-packages\pip\_vendor\rich\terminal_theme.py
re,E:\football_v\.venv\Lib\site-packages\pip\_vendor\rich\text.py
functools,E:\football_v\.venv\Lib\site-packages\pip\_vendor\rich\text.py
math,E:\football_v\.venv\Lib\site-packages\pip\_vendor\rich\text.py
operator,E:\football_v\.venv\Lib\site-packages\pip\_vendor\rich\text.py
typing,E:\football_v\.venv\Lib\site-packages\pip\_vendor\rich\text.py
_loop,E:\football_v\.venv\Lib\site-packages\pip\_vendor\rich\text.py
_pick,E:\football_v\.venv\Lib\site-packages\pip\_vendor\rich\text.py
_wrap,E:\football_v\.venv\Lib\site-packages\pip\_vendor\rich\text.py
align,E:\football_v\.venv\Lib\site-packages\pip\_vendor\rich\text.py
cells,E:\football_v\.venv\Lib\site-packages\pip\_vendor\rich\text.py
containers,E:\football_v\.venv\Lib\site-packages\pip\_vendor\rich\text.py
control,E:\football_v\.venv\Lib\site-packages\pip\_vendor\rich\text.py
emoji,E:\football_v\.venv\Lib\site-packages\pip\_vendor\rich\text.py
jupyter,E:\football_v\.venv\Lib\site-packages\pip\_vendor\rich\text.py
measure,E:\football_v\.venv\Lib\site-packages\pip\_vendor\rich\text.py
segment,E:\football_v\.venv\Lib\site-packages\pip\_vendor\rich\text.py
style,E:\football_v\.venv\Lib\site-packages\pip\_vendor\rich\text.py
console,E:\football_v\.venv\Lib\site-packages\pip\_vendor\rich\text.py
pip._vendor.rich.console,E:\football_v\.venv\Lib\site-packages\pip\_vendor\rich\text.py
markup,E:\football_v\.venv\Lib\site-packages\pip\_vendor\rich\text.py
markup,E:\football_v\.venv\Lib\site-packages\pip\_vendor\rich\text.py
ansi,E:\football_v\.venv\Lib\site-packages\pip\_vendor\rich\text.py
configparser,E:\football_v\.venv\Lib\site-packages\pip\_vendor\rich\theme.py
typing,E:\football_v\.venv\Lib\site-packages\pip\_vendor\rich\theme.py
default_styles,E:\football_v\.venv\Lib\site-packages\pip\_vendor\rich\theme.py
style,E:\football_v\.venv\Lib\site-packages\pip\_vendor\rich\theme.py
default_styles,E:\football_v\.venv\Lib\site-packages\pip\_vendor\rich\themes.py
theme,E:\football_v\.venv\Lib\site-packages\pip\_vendor\rich\themes.py
inspect,E:\football_v\.venv\Lib\site-packages\pip\_vendor\rich\traceback.py
linecache,E:\football_v\.venv\Lib\site-packages\pip\_vendor\rich\traceback.py
os,E:\football_v\.venv\Lib\site-packages\pip\_vendor\rich\traceback.py
sys,E:\football_v\.venv\Lib\site-packages\pip\_vendor\rich\traceback.py
dataclasses,E:\football_v\.venv\Lib\site-packages\pip\_vendor\rich\traceback.py
itertools,E:\football_v\.venv\Lib\site-packages\pip\_vendor\rich\traceback.py
traceback,E:\football_v\.venv\Lib\site-packages\pip\_vendor\rich\traceback.py
types,E:\football_v\.venv\Lib\site-packages\pip\_vendor\rich\traceback.py
typing,E:\football_v\.venv\Lib\site-packages\pip\_vendor\rich\traceback.py
pip._vendor.pygments.lexers,E:\football_v\.venv\Lib\site-packages\pip\_vendor\rich\traceback.py
pip._vendor.pygments.token,E:\football_v\.venv\Lib\site-packages\pip\_vendor\rich\traceback.py
pip._vendor.pygments.token,E:\football_v\.venv\Lib\site-packages\pip\_vendor\rich\traceback.py
pip._vendor.pygments.token,E:\football_v\.venv\Lib\site-packages\pip\_vendor\rich\traceback.py
pip._vendor.pygments.util,E:\football_v\.venv\Lib\site-packages\pip\_vendor\rich\traceback.py
_loop,E:\football_v\.venv\Lib\site-packages\pip\_vendor\rich\traceback.py
columns,E:\football_v\.venv\Lib\site-packages\pip\_vendor\rich\traceback.py
console,E:\football_v\.venv\Lib\site-packages\pip\_vendor\rich\traceback.py
constrain,E:\football_v\.venv\Lib\site-packages\pip\_vendor\rich\traceback.py
highlighter,E:\football_v\.venv\Lib\site-packages\pip\_vendor\rich\traceback.py
panel,E:\football_v\.venv\Lib\site-packages\pip\_vendor\rich\traceback.py
scope,E:\football_v\.venv\Lib\site-packages\pip\_vendor\rich\traceback.py
style,E:\football_v\.venv\Lib\site-packages\pip\_vendor\rich\traceback.py
syntax,E:\football_v\.venv\Lib\site-packages\pip\_vendor\rich\traceback.py
text,E:\football_v\.venv\Lib\site-packages\pip\_vendor\rich\traceback.py
theme,E:\football_v\.venv\Lib\site-packages\pip\_vendor\rich\traceback.py
sys,E:\football_v\.venv\Lib\site-packages\pip\_vendor\rich\traceback.py
pip._vendor.rich,E:\football_v\.venv\Lib\site-packages\pip\_vendor\rich\traceback.py
typing,E:\football_v\.venv\Lib\site-packages\pip\_vendor\rich\tree.py
_loop,E:\football_v\.venv\Lib\site-packages\pip\_vendor\rich\tree.py
console,E:\football_v\.venv\Lib\site-packages\pip\_vendor\rich\tree.py
jupyter,E:\football_v\.venv\Lib\site-packages\pip\_vendor\rich\tree.py
measure,E:\football_v\.venv\Lib\site-packages\pip\_vendor\rich\tree.py
segment,E:\football_v\.venv\Lib\site-packages\pip\_vendor\rich\tree.py
style,E:\football_v\.venv\Lib\site-packages\pip\_vendor\rich\tree.py
styled,E:\football_v\.venv\Lib\site-packages\pip\_vendor\rich\tree.py
pip._vendor.rich.console,E:\football_v\.venv\Lib\site-packages\pip\_vendor\rich\tree.py
pip._vendor.rich.markdown,E:\football_v\.venv\Lib\site-packages\pip\_vendor\rich\tree.py
pip._vendor.rich.panel,E:\football_v\.venv\Lib\site-packages\pip\_vendor\rich\tree.py
pip._vendor.rich.syntax,E:\football_v\.venv\Lib\site-packages\pip\_vendor\rich\tree.py
pip._vendor.rich.table,E:\football_v\.venv\Lib\site-packages\pip\_vendor\rich\tree.py
typing,E:\football_v\.venv\Lib\site-packages\pip\_vendor\rich\_emoji_replace.py
re,E:\football_v\.venv\Lib\site-packages\pip\_vendor\rich\_emoji_replace.py
_emoji_codes,E:\football_v\.venv\Lib\site-packages\pip\_vendor\rich\_emoji_replace.py
typing,E:\football_v\.venv\Lib\site-packages\pip\_vendor\rich\_extension.py
pip._vendor.rich.pretty,E:\football_v\.venv\Lib\site-packages\pip\_vendor\rich\_extension.py
pip._vendor.rich.traceback,E:\football_v\.venv\Lib\site-packages\pip\_vendor\rich\_extension.py
__future__,E:\football_v\.venv\Lib\site-packages\pip\_vendor\rich\_fileno.py
typing,E:\football_v\.venv\Lib\site-packages\pip\_vendor\rich\_fileno.py
inspect,E:\football_v\.venv\Lib\site-packages\pip\_vendor\rich\_inspect.py
inspect,E:\football_v\.venv\Lib\site-packages\pip\_vendor\rich\_inspect.py
typing,E:\football_v\.venv\Lib\site-packages\pip\_vendor\rich\_inspect.py
console,E:\football_v\.venv\Lib\site-packages\pip\_vendor\rich\_inspect.py
control,E:\football_v\.venv\Lib\site-packages\pip\_vendor\rich\_inspect.py
highlighter,E:\football_v\.venv\Lib\site-packages\pip\_vendor\rich\_inspect.py
jupyter,E:\football_v\.venv\Lib\site-packages\pip\_vendor\rich\_inspect.py
panel,E:\football_v\.venv\Lib\site-packages\pip\_vendor\rich\_inspect.py
pretty,E:\football_v\.venv\Lib\site-packages\pip\_vendor\rich\_inspect.py
table,E:\football_v\.venv\Lib\site-packages\pip\_vendor\rich\_inspect.py
text,E:\football_v\.venv\Lib\site-packages\pip\_vendor\rich\_inspect.py
datetime,E:\football_v\.venv\Lib\site-packages\pip\_vendor\rich\_log_render.py
typing,E:\football_v\.venv\Lib\site-packages\pip\_vendor\rich\_log_render.py
text,E:\football_v\.venv\Lib\site-packages\pip\_vendor\rich\_log_render.py
console,E:\football_v\.venv\Lib\site-packages\pip\_vendor\rich\_log_render.py
table,E:\football_v\.venv\Lib\site-packages\pip\_vendor\rich\_log_render.py
pip._vendor.rich.console,E:\football_v\.venv\Lib\site-packages\pip\_vendor\rich\_log_render.py
containers,E:\football_v\.venv\Lib\site-packages\pip\_vendor\rich\_log_render.py
table,E:\football_v\.venv\Lib\site-packages\pip\_vendor\rich\_log_render.py
typing,E:\football_v\.venv\Lib\site-packages\pip\_vendor\rich\_loop.py
types,E:\football_v\.venv\Lib\site-packages\pip\_vendor\rich\_null_file.py
typing,E:\football_v\.venv\Lib\site-packages\pip\_vendor\rich\_null_file.py
palette,E:\football_v\.venv\Lib\site-packages\pip\_vendor\rich\_palettes.py
typing,E:\football_v\.venv\Lib\site-packages\pip\_vendor\rich\_pick.py
sys,E:\football_v\.venv\Lib\site-packages\pip\_vendor\rich\_ratio.py
fractions,E:\football_v\.venv\Lib\site-packages\pip\_vendor\rich\_ratio.py
math,E:\football_v\.venv\Lib\site-packages\pip\_vendor\rich\_ratio.py
typing,E:\football_v\.venv\Lib\site-packages\pip\_vendor\rich\_ratio.py
typing,E:\football_v\.venv\Lib\site-packages\pip\_vendor\rich\_ratio.py
pip._vendor.typing_extensions,E:\football_v\.venv\Lib\site-packages\pip\_vendor\rich\_ratio.py
dataclasses,E:\football_v\.venv\Lib\site-packages\pip\_vendor\rich\_ratio.py
typing,E:\football_v\.venv\Lib\site-packages\pip\_vendor\rich\_stack.py
time,E:\football_v\.venv\Lib\site-packages\pip\_vendor\rich\_timer.py
contextlib,E:\football_v\.venv\Lib\site-packages\pip\_vendor\rich\_timer.py
typing,E:\football_v\.venv\Lib\site-packages\pip\_vendor\rich\_timer.py
ctypes,E:\football_v\.venv\Lib\site-packages\pip\_vendor\rich\_win32_console.py
sys,E:\football_v\.venv\Lib\site-packages\pip\_vendor\rich\_win32_console.py
typing,E:\football_v\.venv\Lib\site-packages\pip\_vendor\rich\_win32_console.py
time,E:\football_v\.venv\Lib\site-packages\pip\_vendor\rich\_win32_console.py
ctypes,E:\football_v\.venv\Lib\site-packages\pip\_vendor\rich\_win32_console.py
typing,E:\football_v\.venv\Lib\site-packages\pip\_vendor\rich\_win32_console.py
pip._vendor.rich.color,E:\football_v\.venv\Lib\site-packages\pip\_vendor\rich\_win32_console.py
pip._vendor.rich.style,E:\football_v\.venv\Lib\site-packages\pip\_vendor\rich\_win32_console.py
pip._vendor.rich.console,E:\football_v\.venv\Lib\site-packages\pip\_vendor\rich\_win32_console.py
sys,E:\football_v\.venv\Lib\site-packages\pip\_vendor\rich\_windows.py
dataclasses,E:\football_v\.venv\Lib\site-packages\pip\_vendor\rich\_windows.py
ctypes,E:\football_v\.venv\Lib\site-packages\pip\_vendor\rich\_windows.py
ctypes,E:\football_v\.venv\Lib\site-packages\pip\_vendor\rich\_windows.py
pip._vendor.rich._win32_console,E:\football_v\.venv\Lib\site-packages\pip\_vendor\rich\_windows.py
platform,E:\football_v\.venv\Lib\site-packages\pip\_vendor\rich\_windows.py
pip._vendor.rich,E:\football_v\.venv\Lib\site-packages\pip\_vendor\rich\_windows.py
typing,E:\football_v\.venv\Lib\site-packages\pip\_vendor\rich\_windows_renderer.py
pip._vendor.rich._win32_console,E:\football_v\.venv\Lib\site-packages\pip\_vendor\rich\_windows_renderer.py
pip._vendor.rich.segment,E:\football_v\.venv\Lib\site-packages\pip\_vendor\rich\_windows_renderer.py
__future__,E:\football_v\.venv\Lib\site-packages\pip\_vendor\rich\_wrap.py
re,E:\football_v\.venv\Lib\site-packages\pip\_vendor\rich\_wrap.py
typing,E:\football_v\.venv\Lib\site-packages\pip\_vendor\rich\_wrap.py
_loop,E:\football_v\.venv\Lib\site-packages\pip\_vendor\rich\_wrap.py
cells,E:\football_v\.venv\Lib\site-packages\pip\_vendor\rich\_wrap.py
console,E:\football_v\.venv\Lib\site-packages\pip\_vendor\rich\_wrap.py
os,E:\football_v\.venv\Lib\site-packages\pip\_vendor\rich\__init__.py
typing,E:\football_v\.venv\Lib\site-packages\pip\_vendor\rich\__init__.py
_extension,E:\football_v\.venv\Lib\site-packages\pip\_vendor\rich\__init__.py
console,E:\football_v\.venv\Lib\site-packages\pip\_vendor\rich\__init__.py
pip._vendor.rich.console,E:\football_v\.venv\Lib\site-packages\pip\_vendor\rich\__init__.py
console,E:\football_v\.venv\Lib\site-packages\pip\_vendor\rich\__init__.py
pip._vendor.rich._inspect,E:\football_v\.venv\Lib\site-packages\pip\_vendor\rich\__init__.py
console,E:\football_v\.venv\Lib\site-packages\pip\_vendor\rich\__init__.py
colorsys,E:\football_v\.venv\Lib\site-packages\pip\_vendor\rich\__main__.py
io,E:\football_v\.venv\Lib\site-packages\pip\_vendor\rich\__main__.py
time,E:\football_v\.venv\Lib\site-packages\pip\_vendor\rich\__main__.py
pip._vendor.rich,E:\football_v\.venv\Lib\site-packages\pip\_vendor\rich\__main__.py
pip._vendor.rich.color,E:\football_v\.venv\Lib\site-packages\pip\_vendor\rich\__main__.py
pip._vendor.rich.console,E:\football_v\.venv\Lib\site-packages\pip\_vendor\rich\__main__.py
pip._vendor.rich.markdown,E:\football_v\.venv\Lib\site-packages\pip\_vendor\rich\__main__.py
pip._vendor.rich.measure,E:\football_v\.venv\Lib\site-packages\pip\_vendor\rich\__main__.py
pip._vendor.rich.pretty,E:\football_v\.venv\Lib\site-packages\pip\_vendor\rich\__main__.py
pip._vendor.rich.segment,E:\football_v\.venv\Lib\site-packages\pip\_vendor\rich\__main__.py
pip._vendor.rich.style,E:\football_v\.venv\Lib\site-packages\pip\_vendor\rich\__main__.py
pip._vendor.rich.syntax,E:\football_v\.venv\Lib\site-packages\pip\_vendor\rich\__main__.py
pip._vendor.rich.table,E:\football_v\.venv\Lib\site-packages\pip\_vendor\rich\__main__.py
pip._vendor.rich.text,E:\football_v\.venv\Lib\site-packages\pip\_vendor\rich\__main__.py
pip._vendor.rich.panel,E:\football_v\.venv\Lib\site-packages\pip\_vendor\rich\__main__.py
__future__,E:\football_v\.venv\Lib\site-packages\pip\_vendor\tomli\_parser.py
collections.abc,E:\football_v\.venv\Lib\site-packages\pip\_vendor\tomli\_parser.py
string,E:\football_v\.venv\Lib\site-packages\pip\_vendor\tomli\_parser.py
sys,E:\football_v\.venv\Lib\site-packages\pip\_vendor\tomli\_parser.py
types,E:\football_v\.venv\Lib\site-packages\pip\_vendor\tomli\_parser.py
typing,E:\football_v\.venv\Lib\site-packages\pip\_vendor\tomli\_parser.py
warnings,E:\football_v\.venv\Lib\site-packages\pip\_vendor\tomli\_parser.py
_re,E:\football_v\.venv\Lib\site-packages\pip\_vendor\tomli\_parser.py
_types,E:\football_v\.venv\Lib\site-packages\pip\_vendor\tomli\_parser.py
__future__,E:\football_v\.venv\Lib\site-packages\pip\_vendor\tomli\_re.py
datetime,E:\football_v\.venv\Lib\site-packages\pip\_vendor\tomli\_re.py
functools,E:\football_v\.venv\Lib\site-packages\pip\_vendor\tomli\_re.py
re,E:\football_v\.venv\Lib\site-packages\pip\_vendor\tomli\_re.py
typing,E:\football_v\.venv\Lib\site-packages\pip\_vendor\tomli\_re.py
_types,E:\football_v\.venv\Lib\site-packages\pip\_vendor\tomli\_re.py
typing,E:\football_v\.venv\Lib\site-packages\pip\_vendor\tomli\_types.py
_parser,E:\football_v\.venv\Lib\site-packages\pip\_vendor\tomli\__init__.py
os,E:\football_v\.venv\Lib\site-packages\pip\_vendor\truststore\_api.py
platform,E:\football_v\.venv\Lib\site-packages\pip\_vendor\truststore\_api.py
socket,E:\football_v\.venv\Lib\site-packages\pip\_vendor\truststore\_api.py
ssl,E:\football_v\.venv\Lib\site-packages\pip\_vendor\truststore\_api.py
sys,E:\football_v\.venv\Lib\site-packages\pip\_vendor\truststore\_api.py
typing,E:\football_v\.venv\Lib\site-packages\pip\_vendor\truststore\_api.py
_ssl,E:\football_v\.venv\Lib\site-packages\pip\_vendor\truststore\_api.py
_ssl_constants,E:\football_v\.venv\Lib\site-packages\pip\_vendor\truststore\_api.py
_windows,E:\football_v\.venv\Lib\site-packages\pip\_vendor\truststore\_api.py
pip._vendor.typing_extensions,E:\football_v\.venv\Lib\site-packages\pip\_vendor\truststore\_api.py
_macos,E:\football_v\.venv\Lib\site-packages\pip\_vendor\truststore\_api.py
_openssl,E:\football_v\.venv\Lib\site-packages\pip\_vendor\truststore\_api.py
pip._vendor.urllib3.util.ssl_,E:\football_v\.venv\Lib\site-packages\pip\_vendor\truststore\_api.py
pip._vendor.urllib3.util.ssl_,E:\football_v\.venv\Lib\site-packages\pip\_vendor\truststore\_api.py
contextlib,E:\football_v\.venv\Lib\site-packages\pip\_vendor\truststore\_macos.py
ctypes,E:\football_v\.venv\Lib\site-packages\pip\_vendor\truststore\_macos.py
platform,E:\football_v\.venv\Lib\site-packages\pip\_vendor\truststore\_macos.py
ssl,E:\football_v\.venv\Lib\site-packages\pip\_vendor\truststore\_macos.py
typing,E:\football_v\.venv\Lib\site-packages\pip\_vendor\truststore\_macos.py
ctypes,E:\football_v\.venv\Lib\site-packages\pip\_vendor\truststore\_macos.py
ctypes.util,E:\football_v\.venv\Lib\site-packages\pip\_vendor\truststore\_macos.py
_ssl_constants,E:\football_v\.venv\Lib\site-packages\pip\_vendor\truststore\_macos.py
contextlib,E:\football_v\.venv\Lib\site-packages\pip\_vendor\truststore\_openssl.py
os,E:\football_v\.venv\Lib\site-packages\pip\_vendor\truststore\_openssl.py
re,E:\football_v\.venv\Lib\site-packages\pip\_vendor\truststore\_openssl.py
ssl,E:\football_v\.venv\Lib\site-packages\pip\_vendor\truststore\_openssl.py
typing,E:\football_v\.venv\Lib\site-packages\pip\_vendor\truststore\_openssl.py
ssl,E:\football_v\.venv\Lib\site-packages\pip\_vendor\truststore\_ssl_constants.py
sys,E:\football_v\.venv\Lib\site-packages\pip\_vendor\truststore\_ssl_constants.py
typing,E:\football_v\.venv\Lib\site-packages\pip\_vendor\truststore\_ssl_constants.py
contextlib,E:\football_v\.venv\Lib\site-packages\pip\_vendor\truststore\_windows.py
ssl,E:\football_v\.venv\Lib\site-packages\pip\_vendor\truststore\_windows.py
typing,E:\football_v\.venv\Lib\site-packages\pip\_vendor\truststore\_windows.py
ctypes,E:\football_v\.venv\Lib\site-packages\pip\_vendor\truststore\_windows.py
ctypes,E:\football_v\.venv\Lib\site-packages\pip\_vendor\truststore\_windows.py
ctypes,E:\football_v\.venv\Lib\site-packages\pip\_vendor\truststore\_windows.py
ctypes.wintypes,E:\football_v\.venv\Lib\site-packages\pip\_vendor\truststore\_windows.py
typing,E:\football_v\.venv\Lib\site-packages\pip\_vendor\truststore\_windows.py
_ssl_constants,E:\football_v\.venv\Lib\site-packages\pip\_vendor\truststore\_windows.py
sys,E:\football_v\.venv\Lib\site-packages\pip\_vendor\truststore\__init__.py
_api,E:\football_v\.venv\Lib\site-packages\pip\_vendor\truststore\__init__.py
ssl,E:\football_v\.venv\Lib\site-packages\pip\_vendor\truststore\__init__.py
__future__,E:\football_v\.venv\Lib\site-packages\pip\_vendor\urllib3\connection.py
datetime,E:\football_v\.venv\Lib\site-packages\pip\_vendor\urllib3\connection.py
logging,E:\football_v\.venv\Lib\site-packages\pip\_vendor\urllib3\connection.py
os,E:\football_v\.venv\Lib\site-packages\pip\_vendor\urllib3\connection.py
re,E:\football_v\.venv\Lib\site-packages\pip\_vendor\urllib3\connection.py
socket,E:\football_v\.venv\Lib\site-packages\pip\_vendor\urllib3\connection.py
warnings,E:\football_v\.venv\Lib\site-packages\pip\_vendor\urllib3\connection.py
socket,E:\football_v\.venv\Lib\site-packages\pip\_vendor\urllib3\connection.py
socket,E:\football_v\.venv\Lib\site-packages\pip\_vendor\urllib3\connection.py
packages,E:\football_v\.venv\Lib\site-packages\pip\_vendor\urllib3\connection.py
packages.six.moves.http_client,E:\football_v\.venv\Lib\site-packages\pip\_vendor\urllib3\connection.py
packages.six.moves.http_client,E:\football_v\.venv\Lib\site-packages\pip\_vendor\urllib3\connection.py
util.proxy,E:\football_v\.venv\Lib\site-packages\pip\_vendor\urllib3\connection.py
_collections,E:\football_v\.venv\Lib\site-packages\pip\_vendor\urllib3\connection.py
_version,E:\football_v\.venv\Lib\site-packages\pip\_vendor\urllib3\connection.py
exceptions,E:\football_v\.venv\Lib\site-packages\pip\_vendor\urllib3\connection.py
util,E:\football_v\.venv\Lib\site-packages\pip\_vendor\urllib3\connection.py
util.ssl_,E:\football_v\.venv\Lib\site-packages\pip\_vendor\urllib3\connection.py
util.ssl_match_hostname,E:\football_v\.venv\Lib\site-packages\pip\_vendor\urllib3\connection.py
ssl,E:\football_v\.venv\Lib\site-packages\pip\_vendor\urllib3\connection.py
__future__,E:\football_v\.venv\Lib\site-packages\pip\_vendor\urllib3\connectionpool.py
errno,E:\football_v\.venv\Lib\site-packages\pip\_vendor\urllib3\connectionpool.py
logging,E:\football_v\.venv\Lib\site-packages\pip\_vendor\urllib3\connectionpool.py
re,E:\football_v\.venv\Lib\site-packages\pip\_vendor\urllib3\connectionpool.py
socket,E:\football_v\.venv\Lib\site-packages\pip\_vendor\urllib3\connectionpool.py
sys,E:\football_v\.venv\Lib\site-packages\pip\_vendor\urllib3\connectionpool.py
warnings,E:\football_v\.venv\Lib\site-packages\pip\_vendor\urllib3\connectionpool.py
socket,E:\football_v\.venv\Lib\site-packages\pip\_vendor\urllib3\connectionpool.py
socket,E:\football_v\.venv\Lib\site-packages\pip\_vendor\urllib3\connectionpool.py
_collections,E:\football_v\.venv\Lib\site-packages\pip\_vendor\urllib3\connectionpool.py
connection,E:\football_v\.venv\Lib\site-packages\pip\_vendor\urllib3\connectionpool.py
exceptions,E:\football_v\.venv\Lib\site-packages\pip\_vendor\urllib3\connectionpool.py
packages,E:\football_v\.venv\Lib\site-packages\pip\_vendor\urllib3\connectionpool.py
packages.six.moves,E:\football_v\.venv\Lib\site-packages\pip\_vendor\urllib3\connectionpool.py
request,E:\football_v\.venv\Lib\site-packages\pip\_vendor\urllib3\connectionpool.py
response,E:\football_v\.venv\Lib\site-packages\pip\_vendor\urllib3\connectionpool.py
util.connection,E:\football_v\.venv\Lib\site-packages\pip\_vendor\urllib3\connectionpool.py
util.proxy,E:\football_v\.venv\Lib\site-packages\pip\_vendor\urllib3\connectionpool.py
util.queue,E:\football_v\.venv\Lib\site-packages\pip\_vendor\urllib3\connectionpool.py
util.request,E:\football_v\.venv\Lib\site-packages\pip\_vendor\urllib3\connectionpool.py
util.response,E:\football_v\.venv\Lib\site-packages\pip\_vendor\urllib3\connectionpool.py
util.retry,E:\football_v\.venv\Lib\site-packages\pip\_vendor\urllib3\connectionpool.py
util.ssl_match_hostname,E:\football_v\.venv\Lib\site-packages\pip\_vendor\urllib3\connectionpool.py
util.timeout,E:\football_v\.venv\Lib\site-packages\pip\_vendor\urllib3\connectionpool.py
util.url,E:\football_v\.venv\Lib\site-packages\pip\_vendor\urllib3\connectionpool.py
util.url,E:\football_v\.venv\Lib\site-packages\pip\_vendor\urllib3\connectionpool.py
util.url,E:\football_v\.venv\Lib\site-packages\pip\_vendor\urllib3\connectionpool.py
weakref,E:\football_v\.venv\Lib\site-packages\pip\_vendor\urllib3\connectionpool.py
packages.backports.weakref_finalize,E:\football_v\.venv\Lib\site-packages\pip\_vendor\urllib3\connectionpool.py
__future__,E:\football_v\.venv\Lib\site-packages\pip\_vendor\urllib3\exceptions.py
packages.six.moves.http_client,E:\football_v\.venv\Lib\site-packages\pip\_vendor\urllib3\exceptions.py
__future__,E:\football_v\.venv\Lib\site-packages\pip\_vendor\urllib3\fields.py
email.utils,E:\football_v\.venv\Lib\site-packages\pip\_vendor\urllib3\fields.py
mimetypes,E:\football_v\.venv\Lib\site-packages\pip\_vendor\urllib3\fields.py
re,E:\football_v\.venv\Lib\site-packages\pip\_vendor\urllib3\fields.py
packages,E:\football_v\.venv\Lib\site-packages\pip\_vendor\urllib3\fields.py
__future__,E:\football_v\.venv\Lib\site-packages\pip\_vendor\urllib3\filepost.py
binascii,E:\football_v\.venv\Lib\site-packages\pip\_vendor\urllib3\filepost.py
codecs,E:\football_v\.venv\Lib\site-packages\pip\_vendor\urllib3\filepost.py
os,E:\football_v\.venv\Lib\site-packages\pip\_vendor\urllib3\filepost.py
io,E:\football_v\.venv\Lib\site-packages\pip\_vendor\urllib3\filepost.py
fields,E:\football_v\.venv\Lib\site-packages\pip\_vendor\urllib3\filepost.py
packages,E:\football_v\.venv\Lib\site-packages\pip\_vendor\urllib3\filepost.py
packages.six,E:\football_v\.venv\Lib\site-packages\pip\_vendor\urllib3\filepost.py
__future__,E:\football_v\.venv\Lib\site-packages\pip\_vendor\urllib3\poolmanager.py
collections,E:\football_v\.venv\Lib\site-packages\pip\_vendor\urllib3\poolmanager.py
functools,E:\football_v\.venv\Lib\site-packages\pip\_vendor\urllib3\poolmanager.py
logging,E:\football_v\.venv\Lib\site-packages\pip\_vendor\urllib3\poolmanager.py
_collections,E:\football_v\.venv\Lib\site-packages\pip\_vendor\urllib3\poolmanager.py
connectionpool,E:\football_v\.venv\Lib\site-packages\pip\_vendor\urllib3\poolmanager.py
exceptions,E:\football_v\.venv\Lib\site-packages\pip\_vendor\urllib3\poolmanager.py
packages,E:\football_v\.venv\Lib\site-packages\pip\_vendor\urllib3\poolmanager.py
packages.six.moves.urllib.parse,E:\football_v\.venv\Lib\site-packages\pip\_vendor\urllib3\poolmanager.py
request,E:\football_v\.venv\Lib\site-packages\pip\_vendor\urllib3\poolmanager.py
util.proxy,E:\football_v\.venv\Lib\site-packages\pip\_vendor\urllib3\poolmanager.py
util.retry,E:\football_v\.venv\Lib\site-packages\pip\_vendor\urllib3\poolmanager.py
util.url,E:\football_v\.venv\Lib\site-packages\pip\_vendor\urllib3\poolmanager.py
__future__,E:\football_v\.venv\Lib\site-packages\pip\_vendor\urllib3\request.py
sys,E:\football_v\.venv\Lib\site-packages\pip\_vendor\urllib3\request.py
filepost,E:\football_v\.venv\Lib\site-packages\pip\_vendor\urllib3\request.py
packages,E:\football_v\.venv\Lib\site-packages\pip\_vendor\urllib3\request.py
packages.six.moves.urllib.parse,E:\football_v\.venv\Lib\site-packages\pip\_vendor\urllib3\request.py
__future__,E:\football_v\.venv\Lib\site-packages\pip\_vendor\urllib3\response.py
io,E:\football_v\.venv\Lib\site-packages\pip\_vendor\urllib3\response.py
logging,E:\football_v\.venv\Lib\site-packages\pip\_vendor\urllib3\response.py
sys,E:\football_v\.venv\Lib\site-packages\pip\_vendor\urllib3\response.py
warnings,E:\football_v\.venv\Lib\site-packages\pip\_vendor\urllib3\response.py
zlib,E:\football_v\.venv\Lib\site-packages\pip\_vendor\urllib3\response.py
contextlib,E:\football_v\.venv\Lib\site-packages\pip\_vendor\urllib3\response.py
socket,E:\football_v\.venv\Lib\site-packages\pip\_vendor\urllib3\response.py
socket,E:\football_v\.venv\Lib\site-packages\pip\_vendor\urllib3\response.py
_collections,E:\football_v\.venv\Lib\site-packages\pip\_vendor\urllib3\response.py
connection,E:\football_v\.venv\Lib\site-packages\pip\_vendor\urllib3\response.py
exceptions,E:\football_v\.venv\Lib\site-packages\pip\_vendor\urllib3\response.py
packages,E:\football_v\.venv\Lib\site-packages\pip\_vendor\urllib3\response.py
util.response,E:\football_v\.venv\Lib\site-packages\pip\_vendor\urllib3\response.py
__future__,E:\football_v\.venv\Lib\site-packages\pip\_vendor\urllib3\_collections.py
collections,E:\football_v\.venv\Lib\site-packages\pip\_vendor\urllib3\_collections.py
exceptions,E:\football_v\.venv\Lib\site-packages\pip\_vendor\urllib3\_collections.py
packages,E:\football_v\.venv\Lib\site-packages\pip\_vendor\urllib3\_collections.py
packages.six,E:\football_v\.venv\Lib\site-packages\pip\_vendor\urllib3\_collections.py
collections.abc,E:\football_v\.venv\Lib\site-packages\pip\_vendor\urllib3\_collections.py
threading,E:\football_v\.venv\Lib\site-packages\pip\_vendor\urllib3\_collections.py
collections,E:\football_v\.venv\Lib\site-packages\pip\_vendor\urllib3\_collections.py
__future__,E:\football_v\.venv\Lib\site-packages\pip\_vendor\urllib3\__init__.py
logging,E:\football_v\.venv\Lib\site-packages\pip\_vendor\urllib3\__init__.py
warnings,E:\football_v\.venv\Lib\site-packages\pip\_vendor\urllib3\__init__.py
logging,E:\football_v\.venv\Lib\site-packages\pip\_vendor\urllib3\__init__.py
_version,E:\football_v\.venv\Lib\site-packages\pip\_vendor\urllib3\__init__.py
connectionpool,E:\football_v\.venv\Lib\site-packages\pip\_vendor\urllib3\__init__.py
filepost,E:\football_v\.venv\Lib\site-packages\pip\_vendor\urllib3\__init__.py
poolmanager,E:\football_v\.venv\Lib\site-packages\pip\_vendor\urllib3\__init__.py
response,E:\football_v\.venv\Lib\site-packages\pip\_vendor\urllib3\__init__.py
util.request,E:\football_v\.venv\Lib\site-packages\pip\_vendor\urllib3\__init__.py
util.retry,E:\football_v\.venv\Lib\site-packages\pip\_vendor\urllib3\__init__.py
util.timeout,E:\football_v\.venv\Lib\site-packages\pip\_vendor\urllib3\__init__.py
util.url,E:\football_v\.venv\Lib\site-packages\pip\_vendor\urllib3\__init__.py
urllib3_secure_extra,E:\football_v\.venv\Lib\site-packages\pip\_vendor\urllib3\__init__.py
__future__,E:\football_v\.venv\Lib\site-packages\pip\_vendor\urllib3\contrib\appengine.py
io,E:\football_v\.venv\Lib\site-packages\pip\_vendor\urllib3\contrib\appengine.py
logging,E:\football_v\.venv\Lib\site-packages\pip\_vendor\urllib3\contrib\appengine.py
warnings,E:\football_v\.venv\Lib\site-packages\pip\_vendor\urllib3\contrib\appengine.py
exceptions,E:\football_v\.venv\Lib\site-packages\pip\_vendor\urllib3\contrib\appengine.py
packages.six.moves.urllib.parse,E:\football_v\.venv\Lib\site-packages\pip\_vendor\urllib3\contrib\appengine.py
request,E:\football_v\.venv\Lib\site-packages\pip\_vendor\urllib3\contrib\appengine.py
response,E:\football_v\.venv\Lib\site-packages\pip\_vendor\urllib3\contrib\appengine.py
util.retry,E:\football_v\.venv\Lib\site-packages\pip\_vendor\urllib3\contrib\appengine.py
util.timeout,E:\football_v\.venv\Lib\site-packages\pip\_vendor\urllib3\contrib\appengine.py
google.appengine.api,E:\football_v\.venv\Lib\site-packages\pip\_vendor\urllib3\contrib\appengine.py
__future__,E:\football_v\.venv\Lib\site-packages\pip\_vendor\urllib3\contrib\ntlmpool.py
warnings,E:\football_v\.venv\Lib\site-packages\pip\_vendor\urllib3\contrib\ntlmpool.py
logging,E:\football_v\.venv\Lib\site-packages\pip\_vendor\urllib3\contrib\ntlmpool.py
ntlm,E:\football_v\.venv\Lib\site-packages\pip\_vendor\urllib3\contrib\ntlmpool.py
packages.six.moves.http_client,E:\football_v\.venv\Lib\site-packages\pip\_vendor\urllib3\contrib\ntlmpool.py
__future__,E:\football_v\.venv\Lib\site-packages\pip\_vendor\urllib3\contrib\pyopenssl.py
OpenSSL.crypto,E:\football_v\.venv\Lib\site-packages\pip\_vendor\urllib3\contrib\pyopenssl.py
OpenSSL.SSL,E:\football_v\.venv\Lib\site-packages\pip\_vendor\urllib3\contrib\pyopenssl.py
cryptography,E:\football_v\.venv\Lib\site-packages\pip\_vendor\urllib3\contrib\pyopenssl.py
cryptography.hazmat.backends.openssl,E:\football_v\.venv\Lib\site-packages\pip\_vendor\urllib3\contrib\pyopenssl.py
io,E:\football_v\.venv\Lib\site-packages\pip\_vendor\urllib3\contrib\pyopenssl.py
socket,E:\football_v\.venv\Lib\site-packages\pip\_vendor\urllib3\contrib\pyopenssl.py
socket,E:\football_v\.venv\Lib\site-packages\pip\_vendor\urllib3\contrib\pyopenssl.py
logging,E:\football_v\.venv\Lib\site-packages\pip\_vendor\urllib3\contrib\pyopenssl.py
ssl,E:\football_v\.venv\Lib\site-packages\pip\_vendor\urllib3\contrib\pyopenssl.py
sys,E:\football_v\.venv\Lib\site-packages\pip\_vendor\urllib3\contrib\pyopenssl.py
warnings,E:\football_v\.venv\Lib\site-packages\pip\_vendor\urllib3\contrib\pyopenssl.py
packages,E:\football_v\.venv\Lib\site-packages\pip\_vendor\urllib3\contrib\pyopenssl.py
util.ssl_,E:\football_v\.venv\Lib\site-packages\pip\_vendor\urllib3\contrib\pyopenssl.py
cryptography.x509,E:\football_v\.venv\Lib\site-packages\pip\_vendor\urllib3\contrib\pyopenssl.py
socket,E:\football_v\.venv\Lib\site-packages\pip\_vendor\urllib3\contrib\pyopenssl.py
cryptography.x509.extensions,E:\football_v\.venv\Lib\site-packages\pip\_vendor\urllib3\contrib\pyopenssl.py
OpenSSL.crypto,E:\football_v\.venv\Lib\site-packages\pip\_vendor\urllib3\contrib\pyopenssl.py
packages.backports.makefile,E:\football_v\.venv\Lib\site-packages\pip\_vendor\urllib3\contrib\pyopenssl.py
pip._vendor,E:\football_v\.venv\Lib\site-packages\pip\_vendor\urllib3\contrib\pyopenssl.py
__future__,E:\football_v\.venv\Lib\site-packages\pip\_vendor\urllib3\contrib\securetransport.py
contextlib,E:\football_v\.venv\Lib\site-packages\pip\_vendor\urllib3\contrib\securetransport.py
ctypes,E:\football_v\.venv\Lib\site-packages\pip\_vendor\urllib3\contrib\securetransport.py
errno,E:\football_v\.venv\Lib\site-packages\pip\_vendor\urllib3\contrib\securetransport.py
os.path,E:\football_v\.venv\Lib\site-packages\pip\_vendor\urllib3\contrib\securetransport.py
shutil,E:\football_v\.venv\Lib\site-packages\pip\_vendor\urllib3\contrib\securetransport.py
socket,E:\football_v\.venv\Lib\site-packages\pip\_vendor\urllib3\contrib\securetransport.py
ssl,E:\football_v\.venv\Lib\site-packages\pip\_vendor\urllib3\contrib\securetransport.py
struct,E:\football_v\.venv\Lib\site-packages\pip\_vendor\urllib3\contrib\securetransport.py
threading,E:\football_v\.venv\Lib\site-packages\pip\_vendor\urllib3\contrib\securetransport.py
weakref,E:\football_v\.venv\Lib\site-packages\pip\_vendor\urllib3\contrib\securetransport.py
packages,E:\football_v\.venv\Lib\site-packages\pip\_vendor\urllib3\contrib\securetransport.py
util.ssl_,E:\football_v\.venv\Lib\site-packages\pip\_vendor\urllib3\contrib\securetransport.py
_securetransport.bindings,E:\football_v\.venv\Lib\site-packages\pip\_vendor\urllib3\contrib\securetransport.py
_securetransport.low_level,E:\football_v\.venv\Lib\site-packages\pip\_vendor\urllib3\contrib\securetransport.py
socket,E:\football_v\.venv\Lib\site-packages\pip\_vendor\urllib3\contrib\securetransport.py
packages.backports.makefile,E:\football_v\.venv\Lib\site-packages\pip\_vendor\urllib3\contrib\securetransport.py
__future__,E:\football_v\.venv\Lib\site-packages\pip\_vendor\urllib3\contrib\socks.py
socket,E:\football_v\.venv\Lib\site-packages\pip\_vendor\urllib3\contrib\socks.py
socket,E:\football_v\.venv\Lib\site-packages\pip\_vendor\urllib3\contrib\socks.py
connection,E:\football_v\.venv\Lib\site-packages\pip\_vendor\urllib3\contrib\socks.py
connectionpool,E:\football_v\.venv\Lib\site-packages\pip\_vendor\urllib3\contrib\socks.py
exceptions,E:\football_v\.venv\Lib\site-packages\pip\_vendor\urllib3\contrib\socks.py
poolmanager,E:\football_v\.venv\Lib\site-packages\pip\_vendor\urllib3\contrib\socks.py
util.url,E:\football_v\.venv\Lib\site-packages\pip\_vendor\urllib3\contrib\socks.py
socks,E:\football_v\.venv\Lib\site-packages\pip\_vendor\urllib3\contrib\socks.py
ssl,E:\football_v\.venv\Lib\site-packages\pip\_vendor\urllib3\contrib\socks.py
warnings,E:\football_v\.venv\Lib\site-packages\pip\_vendor\urllib3\contrib\socks.py
exceptions,E:\football_v\.venv\Lib\site-packages\pip\_vendor\urllib3\contrib\socks.py
os,E:\football_v\.venv\Lib\site-packages\pip\_vendor\urllib3\contrib\_appengine_environ.py
__future__,E:\football_v\.venv\Lib\site-packages\pip\_vendor\urllib3\contrib\_securetransport\bindings.py
platform,E:\football_v\.venv\Lib\site-packages\pip\_vendor\urllib3\contrib\_securetransport\bindings.py
ctypes,E:\football_v\.venv\Lib\site-packages\pip\_vendor\urllib3\contrib\_securetransport\bindings.py
ctypes.util,E:\football_v\.venv\Lib\site-packages\pip\_vendor\urllib3\contrib\_securetransport\bindings.py
packages.six,E:\football_v\.venv\Lib\site-packages\pip\_vendor\urllib3\contrib\_securetransport\bindings.py
base64,E:\football_v\.venv\Lib\site-packages\pip\_vendor\urllib3\contrib\_securetransport\low_level.py
ctypes,E:\football_v\.venv\Lib\site-packages\pip\_vendor\urllib3\contrib\_securetransport\low_level.py
itertools,E:\football_v\.venv\Lib\site-packages\pip\_vendor\urllib3\contrib\_securetransport\low_level.py
os,E:\football_v\.venv\Lib\site-packages\pip\_vendor\urllib3\contrib\_securetransport\low_level.py
re,E:\football_v\.venv\Lib\site-packages\pip\_vendor\urllib3\contrib\_securetransport\low_level.py
ssl,E:\football_v\.venv\Lib\site-packages\pip\_vendor\urllib3\contrib\_securetransport\low_level.py
struct,E:\football_v\.venv\Lib\site-packages\pip\_vendor\urllib3\contrib\_securetransport\low_level.py
tempfile,E:\football_v\.venv\Lib\site-packages\pip\_vendor\urllib3\contrib\_securetransport\low_level.py
bindings,E:\football_v\.venv\Lib\site-packages\pip\_vendor\urllib3\contrib\_securetransport\low_level.py
__future__,E:\football_v\.venv\Lib\site-packages\pip\_vendor\urllib3\packages\six.py
functools,E:\football_v\.venv\Lib\site-packages\pip\_vendor\urllib3\packages\six.py
itertools,E:\football_v\.venv\Lib\site-packages\pip\_vendor\urllib3\packages\six.py
operator,E:\football_v\.venv\Lib\site-packages\pip\_vendor\urllib3\packages\six.py
sys,E:\football_v\.venv\Lib\site-packages\pip\_vendor\urllib3\packages\six.py
types,E:\football_v\.venv\Lib\site-packages\pip\_vendor\urllib3\packages\six.py
importlib.util,E:\football_v\.venv\Lib\site-packages\pip\_vendor\urllib3\packages\six.py
struct,E:\football_v\.venv\Lib\site-packages\pip\_vendor\urllib3\packages\six.py
io,E:\football_v\.venv\Lib\site-packages\pip\_vendor\urllib3\packages\six.py
StringIO,E:\football_v\.venv\Lib\site-packages\pip\_vendor\urllib3\packages\six.py
io,E:\football_v\.venv\Lib\site-packages\pip\_vendor\urllib3\packages\backports\makefile.py
socket,E:\football_v\.venv\Lib\site-packages\pip\_vendor\urllib3\packages\backports\makefile.py
__future__,E:\football_v\.venv\Lib\site-packages\pip\_vendor\urllib3\packages\backports\weakref_finalize.py
itertools,E:\football_v\.venv\Lib\site-packages\pip\_vendor\urllib3\packages\backports\weakref_finalize.py
sys,E:\football_v\.venv\Lib\site-packages\pip\_vendor\urllib3\packages\backports\weakref_finalize.py
weakref,E:\football_v\.venv\Lib\site-packages\pip\_vendor\urllib3\packages\backports\weakref_finalize.py
atexit,E:\football_v\.venv\Lib\site-packages\pip\_vendor\urllib3\packages\backports\weakref_finalize.py
gc,E:\football_v\.venv\Lib\site-packages\pip\_vendor\urllib3\packages\backports\weakref_finalize.py
__future__,E:\football_v\.venv\Lib\site-packages\pip\_vendor\urllib3\util\connection.py
socket,E:\football_v\.venv\Lib\site-packages\pip\_vendor\urllib3\util\connection.py
contrib,E:\football_v\.venv\Lib\site-packages\pip\_vendor\urllib3\util\connection.py
exceptions,E:\football_v\.venv\Lib\site-packages\pip\_vendor\urllib3\util\connection.py
packages,E:\football_v\.venv\Lib\site-packages\pip\_vendor\urllib3\util\connection.py
wait,E:\football_v\.venv\Lib\site-packages\pip\_vendor\urllib3\util\connection.py
ssl_,E:\football_v\.venv\Lib\site-packages\pip\_vendor\urllib3\util\proxy.py
collections,E:\football_v\.venv\Lib\site-packages\pip\_vendor\urllib3\util\queue.py
packages,E:\football_v\.venv\Lib\site-packages\pip\_vendor\urllib3\util\queue.py
packages.six.moves,E:\football_v\.venv\Lib\site-packages\pip\_vendor\urllib3\util\queue.py
Queue,E:\football_v\.venv\Lib\site-packages\pip\_vendor\urllib3\util\queue.py
__future__,E:\football_v\.venv\Lib\site-packages\pip\_vendor\urllib3\util\request.py
base64,E:\football_v\.venv\Lib\site-packages\pip\_vendor\urllib3\util\request.py
exceptions,E:\football_v\.venv\Lib\site-packages\pip\_vendor\urllib3\util\request.py
packages.six,E:\football_v\.venv\Lib\site-packages\pip\_vendor\urllib3\util\request.py
__future__,E:\football_v\.venv\Lib\site-packages\pip\_vendor\urllib3\util\response.py
email.errors,E:\football_v\.venv\Lib\site-packages\pip\_vendor\urllib3\util\response.py
exceptions,E:\football_v\.venv\Lib\site-packages\pip\_vendor\urllib3\util\response.py
packages.six.moves,E:\football_v\.venv\Lib\site-packages\pip\_vendor\urllib3\util\response.py
__future__,E:\football_v\.venv\Lib\site-packages\pip\_vendor\urllib3\util\retry.py
email,E:\football_v\.venv\Lib\site-packages\pip\_vendor\urllib3\util\retry.py
logging,E:\football_v\.venv\Lib\site-packages\pip\_vendor\urllib3\util\retry.py
re,E:\football_v\.venv\Lib\site-packages\pip\_vendor\urllib3\util\retry.py
time,E:\football_v\.venv\Lib\site-packages\pip\_vendor\urllib3\util\retry.py
warnings,E:\football_v\.venv\Lib\site-packages\pip\_vendor\urllib3\util\retry.py
collections,E:\football_v\.venv\Lib\site-packages\pip\_vendor\urllib3\util\retry.py
itertools,E:\football_v\.venv\Lib\site-packages\pip\_vendor\urllib3\util\retry.py
exceptions,E:\football_v\.venv\Lib\site-packages\pip\_vendor\urllib3\util\retry.py
packages,E:\football_v\.venv\Lib\site-packages\pip\_vendor\urllib3\util\retry.py
io,E:\football_v\.venv\Lib\site-packages\pip\_vendor\urllib3\util\ssltransport.py
socket,E:\football_v\.venv\Lib\site-packages\pip\_vendor\urllib3\util\ssltransport.py
ssl,E:\football_v\.venv\Lib\site-packages\pip\_vendor\urllib3\util\ssltransport.py
exceptions,E:\football_v\.venv\Lib\site-packages\pip\_vendor\urllib3\util\ssltransport.py
packages,E:\football_v\.venv\Lib\site-packages\pip\_vendor\urllib3\util\ssltransport.py
__future__,E:\football_v\.venv\Lib\site-packages\pip\_vendor\urllib3\util\ssl_.py
hashlib,E:\football_v\.venv\Lib\site-packages\pip\_vendor\urllib3\util\ssl_.py
hmac,E:\football_v\.venv\Lib\site-packages\pip\_vendor\urllib3\util\ssl_.py
os,E:\football_v\.venv\Lib\site-packages\pip\_vendor\urllib3\util\ssl_.py
sys,E:\football_v\.venv\Lib\site-packages\pip\_vendor\urllib3\util\ssl_.py
warnings,E:\football_v\.venv\Lib\site-packages\pip\_vendor\urllib3\util\ssl_.py
binascii,E:\football_v\.venv\Lib\site-packages\pip\_vendor\urllib3\util\ssl_.py
exceptions,E:\football_v\.venv\Lib\site-packages\pip\_vendor\urllib3\util\ssl_.py
packages,E:\football_v\.venv\Lib\site-packages\pip\_vendor\urllib3\util\ssl_.py
url,E:\football_v\.venv\Lib\site-packages\pip\_vendor\urllib3\util\ssl_.py
ssl,E:\football_v\.venv\Lib\site-packages\pip\_vendor\urllib3\util\ssl_.py
ssl,E:\football_v\.venv\Lib\site-packages\pip\_vendor\urllib3\util\ssl_.py
ssl,E:\football_v\.venv\Lib\site-packages\pip\_vendor\urllib3\util\ssl_.py
ssltransport,E:\football_v\.venv\Lib\site-packages\pip\_vendor\urllib3\util\ssl_.py
ssl,E:\football_v\.venv\Lib\site-packages\pip\_vendor\urllib3\util\ssl_.py
ssl,E:\football_v\.venv\Lib\site-packages\pip\_vendor\urllib3\util\ssl_.py
ssl,E:\football_v\.venv\Lib\site-packages\pip\_vendor\urllib3\util\ssl_.py
ssl,E:\football_v\.venv\Lib\site-packages\pip\_vendor\urllib3\util\ssl_.py
ssl,E:\football_v\.venv\Lib\site-packages\pip\_vendor\urllib3\util\ssl_.py
ssl,E:\football_v\.venv\Lib\site-packages\pip\_vendor\urllib3\util\ssl_.py
re,E:\football_v\.venv\Lib\site-packages\pip\_vendor\urllib3\util\ssl_match_hostname.py
sys,E:\football_v\.venv\Lib\site-packages\pip\_vendor\urllib3\util\ssl_match_hostname.py
ipaddress,E:\football_v\.venv\Lib\site-packages\pip\_vendor\urllib3\util\ssl_match_hostname.py
__future__,E:\football_v\.venv\Lib\site-packages\pip\_vendor\urllib3\util\timeout.py
time,E:\football_v\.venv\Lib\site-packages\pip\_vendor\urllib3\util\timeout.py
socket,E:\football_v\.venv\Lib\site-packages\pip\_vendor\urllib3\util\timeout.py
exceptions,E:\football_v\.venv\Lib\site-packages\pip\_vendor\urllib3\util\timeout.py
__future__,E:\football_v\.venv\Lib\site-packages\pip\_vendor\urllib3\util\url.py
re,E:\football_v\.venv\Lib\site-packages\pip\_vendor\urllib3\util\url.py
collections,E:\football_v\.venv\Lib\site-packages\pip\_vendor\urllib3\util\url.py
exceptions,E:\football_v\.venv\Lib\site-packages\pip\_vendor\urllib3\util\url.py
packages,E:\football_v\.venv\Lib\site-packages\pip\_vendor\urllib3\util\url.py
pip._vendor,E:\football_v\.venv\Lib\site-packages\pip\_vendor\urllib3\util\url.py
errno,E:\football_v\.venv\Lib\site-packages\pip\_vendor\urllib3\util\wait.py
select,E:\football_v\.venv\Lib\site-packages\pip\_vendor\urllib3\util\wait.py
sys,E:\football_v\.venv\Lib\site-packages\pip\_vendor\urllib3\util\wait.py
functools,E:\football_v\.venv\Lib\site-packages\pip\_vendor\urllib3\util\wait.py
time,E:\football_v\.venv\Lib\site-packages\pip\_vendor\urllib3\util\wait.py
time,E:\football_v\.venv\Lib\site-packages\pip\_vendor\urllib3\util\wait.py
__future__,E:\football_v\.venv\Lib\site-packages\pip\_vendor\urllib3\util\__init__.py
connection,E:\football_v\.venv\Lib\site-packages\pip\_vendor\urllib3\util\__init__.py
request,E:\football_v\.venv\Lib\site-packages\pip\_vendor\urllib3\util\__init__.py
response,E:\football_v\.venv\Lib\site-packages\pip\_vendor\urllib3\util\__init__.py
retry,E:\football_v\.venv\Lib\site-packages\pip\_vendor\urllib3\util\__init__.py
ssl_,E:\football_v\.venv\Lib\site-packages\pip\_vendor\urllib3\util\__init__.py
timeout,E:\football_v\.venv\Lib\site-packages\pip\_vendor\urllib3\util\__init__.py
url,E:\football_v\.venv\Lib\site-packages\pip\_vendor\urllib3\util\__init__.py
wait,E:\football_v\.venv\Lib\site-packages\pip\_vendor\urllib3\util\__init__.py
os,E:\football_v\00_System_OS\01_DATA_LAYER\main.py
json,E:\football_v\00_System_OS\01_DATA_LAYER\main.py
core.db_connection,E:\football_v\00_System_OS\01_DATA_LAYER\main.py
core.logger,E:\football_v\00_System_OS\01_DATA_LAYER\main.py
import_pipeline.importer,E:\football_v\00_System_OS\01_DATA_LAYER\main.py
logger,E:\football_v\00_System_OS\01_DATA_LAYER\core\logger\compatibility.py
logging,E:\football_v\00_System_OS\01_DATA_LAYER\core\logger\formatter.py
logging,E:\football_v\00_System_OS\01_DATA_LAYER\core\logger\handlers.py
os,E:\football_v\00_System_OS\01_DATA_LAYER\core\logger\handlers.py
formatter,E:\football_v\00_System_OS\01_DATA_LAYER\core\logger\handlers.py
logging,E:\football_v\00_System_OS\01_DATA_LAYER\core\logger\logger.py
json,E:\football_v\00_System_OS\01_DATA_LAYER\core\logger\logger.py
os,E:\football_v\00_System_OS\01_DATA_LAYER\core\logger\logger.py
handlers,E:\football_v\00_System_OS\01_DATA_LAYER\core\logger\logger.py
logger,E:\football_v\00_System_OS\01_DATA_LAYER\core\logger\__init__.py
os,E:\football_v\00_System_OS\01_DATA_LAYER\core\validator\data_validator.py
validation_result,E:\football_v\00_System_OS\01_DATA_LAYER\core\validator\data_validator.py
shutil,E:\football_v\00_System_OS\01_DATA_LAYER\import_pipeline\archive_manager.py
os,E:\football_v\00_System_OS\01_DATA_LAYER\import_pipeline\archive_manager.py
core.db_connection,E:\football_v\00_System_OS\01_DATA_LAYER\import_pipeline\duplicate_checker.py
os,E:\football_v\00_System_OS\01_DATA_LAYER\import_pipeline\importer.py
core.hash_service,E:\football_v\00_System_OS\01_DATA_LAYER\import_pipeline\importer.py
registry.registry_manager,E:\football_v\00_System_OS\01_DATA_LAYER\import_pipeline\importer.py
import_pipeline.duplicate_checker,E:\football_v\00_System_OS\01_DATA_LAYER\import_pipeline\importer.py
import_pipeline.validator,E:\football_v\00_System_OS\01_DATA_LAYER\import_pipeline\importer.py
os,E:\football_v\00_System_OS\01_DATA_LAYER\import_pipeline\scanner.py
os,E:\football_v\00_System_OS\01_DATA_LAYER\import_pipeline\validator.py
sqlite3,E:\football_v\00_System_OS\01_DATA_LAYER\market\bookmaker_manager.py
sqlite3,E:\football_v\00_System_OS\01_DATA_LAYER\market\market_type_manager.py
sqlite3,E:\football_v\00_System_OS\01_DATA_LAYER\market\odds_manager.py
datetime,E:\football_v\00_System_OS\01_DATA_LAYER\market\odds_manager.py
os,E:\football_v\00_System_OS\01_DATA_LAYER\quality\quality_checker.py
sys,E:\football_v\00_System_OS\01_DATA_LAYER\quality\quality_checker.py
hashlib,E:\football_v\00_System_OS\01_DATA_LAYER\quality\quality_checker.py
core.db_connection,E:\football_v\00_System_OS\01_DATA_LAYER\quality\quality_checker.py
os,E:\football_v\00_System_OS\01_DATA_LAYER\quality\quality_engine.py
sys,E:\football_v\00_System_OS\01_DATA_LAYER\quality\quality_engine.py
json,E:\football_v\00_System_OS\01_DATA_LAYER\quality\quality_engine.py
datetime,E:\football_v\00_System_OS\01_DATA_LAYER\quality\quality_engine.py
core.db_connection,E:\football_v\00_System_OS\01_DATA_LAYER\quality\quality_engine.py
quality.quality_checker,E:\football_v\00_System_OS\01_DATA_LAYER\quality\quality_engine.py
core.db_connection,E:\football_v\00_System_OS\01_DATA_LAYER\quality\quality_report.py
datetime,E:\football_v\00_System_OS\01_DATA_LAYER\registry\data_lineage.py
core.db_connection,E:\football_v\00_System_OS\01_DATA_LAYER\registry\data_lineage.py
datetime,E:\football_v\00_System_OS\01_DATA_LAYER\registry\import_tracker.py
core.db_connection,E:\football_v\00_System_OS\01_DATA_LAYER\registry\import_tracker.py
core.db_connection,E:\football_v\00_System_OS\01_DATA_LAYER\registry\quality_score.py
datetime,E:\football_v\00_System_OS\01_DATA_LAYER\registry\registry_manager.py
uuid,E:\football_v\00_System_OS\01_DATA_LAYER\registry\registry_manager.py
core.db_connection,E:\football_v\00_System_OS\01_DATA_LAYER\registry\registry_manager.py
os,E:\football_v\00_System_OS\01_DATA_LAYER\scripts\database_quality_alert_upgrade.py
sys,E:\football_v\00_System_OS\01_DATA_LAYER\scripts\database_quality_alert_upgrade.py
sqlite3,E:\football_v\00_System_OS\01_DATA_LAYER\scripts\database_quality_alert_upgrade.py
config.database_config,E:\football_v\00_System_OS\01_DATA_LAYER\scripts\database_quality_alert_upgrade.py
os,E:\football_v\00_System_OS\01_DATA_LAYER\scripts\database_quality_init.py
sys,E:\football_v\00_System_OS\01_DATA_LAYER\scripts\database_quality_init.py
sqlite3,E:\football_v\00_System_OS\01_DATA_LAYER\scripts\database_quality_init.py
config.database_config,E:\football_v\00_System_OS\01_DATA_LAYER\scripts\database_quality_init.py
os,E:\football_v\00_System_OS\01_DATA_LAYER\scripts\database_task_table_upgrade.py
sys,E:\football_v\00_System_OS\01_DATA_LAYER\scripts\database_task_table_upgrade.py
sqlite3,E:\football_v\00_System_OS\01_DATA_LAYER\scripts\database_task_table_upgrade.py
datetime,E:\football_v\00_System_OS\01_DATA_LAYER\scripts\database_task_table_upgrade.py
config.database_config,E:\football_v\00_System_OS\01_DATA_LAYER\scripts\database_task_table_upgrade.py
os,E:\football_v\00_System_OS\01_DATA_LAYER\scripts\quality_rule_init.py
sys,E:\football_v\00_System_OS\01_DATA_LAYER\scripts\quality_rule_init.py
datetime,E:\football_v\00_System_OS\01_DATA_LAYER\scripts\quality_rule_init.py
core.db_connection,E:\football_v\00_System_OS\01_DATA_LAYER\scripts\quality_rule_init.py
sqlite3,E:\football_v\00_System_OS\01_DATA_LAYER\scripts\registry_init.py
os,E:\football_v\00_System_OS\01_DATA_LAYER\scripts\registry_init.py
sys,E:\football_v\00_System_OS\01_DATA_LAYER\scripts\registry_init.py
core.db_connection,E:\football_v\00_System_OS\01_DATA_LAYER\scripts\registry_init.py
os,E:\football_v\00_System_OS\01_DATA_LAYER\scripts\task_queue_init.py
sys,E:\football_v\00_System_OS\01_DATA_LAYER\scripts\task_queue_init.py
core.db_connection,E:\football_v\00_System_OS\01_DATA_LAYER\scripts\task_queue_init.py
os,E:\football_v\00_System_OS\01_DATA_LAYER\scripts\test_registry_flow.py
sys,E:\football_v\00_System_OS\01_DATA_LAYER\scripts\test_registry_flow.py
core.hash_service,E:\football_v\00_System_OS\01_DATA_LAYER\scripts\test_registry_flow.py
registry.registry_manager,E:\football_v\00_System_OS\01_DATA_LAYER\scripts\test_registry_flow.py
registry.data_lineage,E:\football_v\00_System_OS\01_DATA_LAYER\scripts\test_registry_flow.py
registry.import_tracker,E:\football_v\00_System_OS\01_DATA_LAYER\scripts\test_registry_flow.py
registry.quality_score,E:\football_v\00_System_OS\01_DATA_LAYER\scripts\test_registry_flow.py
os,E:\football_v\00_System_OS\01_DATA_LAYER\scripts\test_retry_logger.py
sys,E:\football_v\00_System_OS\01_DATA_LAYER\scripts\test_retry_logger.py
task_queue.retry_logger,E:\football_v\00_System_OS\01_DATA_LAYER\scripts\test_retry_logger.py
os,E:\football_v\00_System_OS\01_DATA_LAYER\scripts\test_scheduler_reliability.py
sys,E:\football_v\00_System_OS\01_DATA_LAYER\scripts\test_scheduler_reliability.py
task_queue.task_manager,E:\football_v\00_System_OS\01_DATA_LAYER\scripts\test_scheduler_reliability.py
task_queue.scheduler,E:\football_v\00_System_OS\01_DATA_LAYER\scripts\test_scheduler_reliability.py
task_queue.task_manager,E:\football_v\00_System_OS\01_DATA_LAYER\scripts\test_scheduler_reliability.py
task_queue.task_history,E:\football_v\00_System_OS\01_DATA_LAYER\scripts\test_scheduler_reliability.py
os,E:\football_v\00_System_OS\01_DATA_LAYER\scripts\test_task_history.py
sys,E:\football_v\00_System_OS\01_DATA_LAYER\scripts\test_task_history.py
task_queue.task_history,E:\football_v\00_System_OS\01_DATA_LAYER\scripts\test_task_history.py
os,E:\football_v\00_System_OS\01_DATA_LAYER\scripts\test_task_queue.py
sys,E:\football_v\00_System_OS\01_DATA_LAYER\scripts\test_task_queue.py
task_queue.task_manager,E:\football_v\00_System_OS\01_DATA_LAYER\scripts\test_task_queue.py
task_queue.task_query,E:\football_v\00_System_OS\01_DATA_LAYER\scripts\test_task_queue.py
os,E:\football_v\00_System_OS\01_DATA_LAYER\scripts\test_task_reliability_full.py
sys,E:\football_v\00_System_OS\01_DATA_LAYER\scripts\test_task_reliability_full.py
time,E:\football_v\00_System_OS\01_DATA_LAYER\scripts\test_task_reliability_full.py
task_queue.task_manager,E:\football_v\00_System_OS\01_DATA_LAYER\scripts\test_task_reliability_full.py
task_queue.scheduler,E:\football_v\00_System_OS\01_DATA_LAYER\scripts\test_task_reliability_full.py
task_queue.retry_engine,E:\football_v\00_System_OS\01_DATA_LAYER\scripts\test_task_reliability_full.py
task_queue.task_history,E:\football_v\00_System_OS\01_DATA_LAYER\scripts\test_task_reliability_full.py
task_queue.retry_logger,E:\football_v\00_System_OS\01_DATA_LAYER\scripts\test_task_reliability_full.py
datetime,E:\football_v\00_System_OS\01_DATA_LAYER\task_queue\manual_task.py
core.db_connection,E:\football_v\00_System_OS\01_DATA_LAYER\task_queue\manual_task.py
os,E:\football_v\00_System_OS\01_DATA_LAYER\task_queue\retry_engine.py
sys,E:\football_v\00_System_OS\01_DATA_LAYER\task_queue\retry_engine.py
datetime,E:\football_v\00_System_OS\01_DATA_LAYER\task_queue\retry_engine.py
core.db_connection,E:\football_v\00_System_OS\01_DATA_LAYER\task_queue\retry_engine.py
task_queue.task_history,E:\football_v\00_System_OS\01_DATA_LAYER\task_queue\retry_engine.py
task_queue.retry_logger,E:\football_v\00_System_OS\01_DATA_LAYER\task_queue\retry_engine.py
os,E:\football_v\00_System_OS\01_DATA_LAYER\task_queue\retry_logger.py
sys,E:\football_v\00_System_OS\01_DATA_LAYER\task_queue\retry_logger.py
datetime,E:\football_v\00_System_OS\01_DATA_LAYER\task_queue\retry_logger.py
core.db_connection,E:\football_v\00_System_OS\01_DATA_LAYER\task_queue\retry_logger.py
os,E:\football_v\00_System_OS\01_DATA_LAYER\task_queue\scheduler.py
sys,E:\football_v\00_System_OS\01_DATA_LAYER\task_queue\scheduler.py
datetime,E:\football_v\00_System_OS\01_DATA_LAYER\task_queue\scheduler.py
core.db_connection,E:\football_v\00_System_OS\01_DATA_LAYER\task_queue\scheduler.py
task_queue.task_history,E:\football_v\00_System_OS\01_DATA_LAYER\task_queue\scheduler.py
task_queue.retry_engine,E:\football_v\00_System_OS\01_DATA_LAYER\task_queue\scheduler.py
os,E:\football_v\00_System_OS\01_DATA_LAYER\task_queue\task_history.py
sys,E:\football_v\00_System_OS\01_DATA_LAYER\task_queue\task_history.py
datetime,E:\football_v\00_System_OS\01_DATA_LAYER\task_queue\task_history.py
core.db_connection,E:\football_v\00_System_OS\01_DATA_LAYER\task_queue\task_history.py
os,E:\football_v\00_System_OS\01_DATA_LAYER\task_queue\task_manager.py
sys,E:\football_v\00_System_OS\01_DATA_LAYER\task_queue\task_manager.py
uuid,E:\football_v\00_System_OS\01_DATA_LAYER\task_queue\task_manager.py
datetime,E:\football_v\00_System_OS\01_DATA_LAYER\task_queue\task_manager.py
core.db_connection,E:\football_v\00_System_OS\01_DATA_LAYER\task_queue\task_manager.py
task_queue.task_history,E:\football_v\00_System_OS\01_DATA_LAYER\task_queue\task_manager.py
core.db_connection,E:\football_v\00_System_OS\01_DATA_LAYER\task_queue\task_query.py
os,E:\football_v\00_System_OS\ARCHITECTURE_CLEANUP\architecture_classifier\architecture_classifier_V1.0.py
json,E:\football_v\00_System_OS\ARCHITECTURE_CLEANUP\architecture_classifier\architecture_classifier_V1.0.py
os,E:\football_v\00_System_OS\ARCHITECTURE_CLEANUP\architecture_scanner\architecture_scanner_V1.0.py
json,E:\football_v\00_System_OS\ARCHITECTURE_CLEANUP\architecture_scanner\architecture_scanner_V1.0.py
os,E:\football_v\00_System_OS\ARCHITECTURE_CLEANUP\tests\test_architecture_cleanup_V1.0.py
json,E:\football_v\00_System_OS\ARCHITECTURE_CLEANUP\tests\test_architecture_cleanup_V1.0.py
datetime,E:\football_v\00_System_OS\ARCHITECTURE_CLEANUP\tests\test_architecture_cleanup_V1.0.py
json,E:\football_v\00_System_OS\Automation\scheduler\scheduler_manager.py
os,E:\football_v\00_System_OS\Automation\scheduler\scheduler_manager.py
datetime,E:\football_v\00_System_OS\Automation\scheduler\scheduler_manager.py
os,E:\football_v\00_System_OS\Bootstrap\bootstrap.py
json,E:\football_v\00_System_OS\Bootstrap\bootstrap.py
datetime,E:\football_v\00_System_OS\Bootstrap\bootstrap.py
os,E:\football_v\00_System_OS\Bootstrap\config_generator.py
json,E:\football_v\00_System_OS\Bootstrap\config_generator.py
datetime,E:\football_v\00_System_OS\Bootstrap\config_generator.py
os,E:\football_v\00_System_OS\Bootstrap\deploy_system.py
subprocess,E:\football_v\00_System_OS\Bootstrap\deploy_system.py
datetime,E:\football_v\00_System_OS\Bootstrap\deploy_system.py
os,E:\football_v\00_System_OS\Bootstrap\setup_system.py
json,E:\football_v\00_System_OS\Bootstrap\setup_system.py
datetime,E:\football_v\00_System_OS\Bootstrap\setup_system.py
os,E:\football_v\00_System_OS\Bootstrap\system_check.py
sys,E:\football_v\00_System_OS\Bootstrap\system_check.py
json,E:\football_v\00_System_OS\Bootstrap\system_check.py
subprocess,E:\football_v\00_System_OS\Bootstrap\system_check.py
datetime,E:\football_v\00_System_OS\Bootstrap\system_check.py
os,E:\football_v\00_System_OS\DEPLOYMENT_QUALITY_CHECKER\deployment_quality_checker_V1.0.py
json,E:\football_v\00_System_OS\DEPLOYMENT_QUALITY_CHECKER\deployment_quality_checker_V1.0.py
datetime,E:\football_v\00_System_OS\DEPLOYMENT_QUALITY_CHECKER\deployment_quality_checker_V1.0.py
sys,E:\football_v\00_System_OS\ENVIRONMENT_CHECKER\environment_checker_V1.0.py
json,E:\football_v\00_System_OS\ENVIRONMENT_CHECKER\environment_checker_V1.0.py
datetime,E:\football_v\00_System_OS\ENVIRONMENT_CHECKER\environment_checker_V1.0.py
os,E:\football_v\00_System_OS\File_Manager\archive\archive_manager.py
json,E:\football_v\00_System_OS\File_Manager\archive\archive_manager.py
shutil,E:\football_v\00_System_OS\File_Manager\archive\archive_manager.py
datetime,E:\football_v\00_System_OS\File_Manager\archive\archive_manager.py
json,E:\football_v\00_System_OS\File_Manager\archive\archive_manager_v11.py
os,E:\football_v\00_System_OS\File_Manager\archive\archive_manager_v11.py
shutil,E:\football_v\00_System_OS\File_Manager\archive\archive_manager_v11.py
datetime,E:\football_v\00_System_OS\File_Manager\archive\archive_manager_v11.py
json,E:\football_v\00_System_OS\File_Manager\duplicate\duplicate_detector_v11.py
os,E:\football_v\00_System_OS\File_Manager\duplicate\duplicate_detector_v11.py
datetime,E:\football_v\00_System_OS\File_Manager\duplicate\duplicate_detector_v11.py
json,E:\football_v\00_System_OS\File_Manager\hash\duplicate_detector.py
csv,E:\football_v\00_System_OS\File_Manager\hash\duplicate_detector.py
collections,E:\football_v\00_System_OS\File_Manager\hash\duplicate_detector.py
json,E:\football_v\00_System_OS\File_Manager\lifecycle\lifecycle_engine.py
datetime,E:\football_v\00_System_OS\File_Manager\lifecycle\lifecycle_engine.py
json,E:\football_v\00_System_OS\File_Manager\lifecycle\lifecycle_manager.py
csv,E:\football_v\00_System_OS\File_Manager\lifecycle\lifecycle_manager.py
datetime,E:\football_v\00_System_OS\File_Manager\lifecycle\lifecycle_manager.py
json,E:\football_v\00_System_OS\File_Manager\registry\file_registry_v11.py
datetime,E:\football_v\00_System_OS\File_Manager\registry\file_registry_v11.py
os,E:\football_v\00_System_OS\File_Manager\scanner\file_scanner.py
hashlib,E:\football_v\00_System_OS\File_Manager\scanner\file_scanner.py
json,E:\football_v\00_System_OS\File_Manager\scanner\file_scanner.py
csv,E:\football_v\00_System_OS\File_Manager\scanner\file_scanner.py
datetime,E:\football_v\00_System_OS\File_Manager\scanner\file_scanner.py
json,E:\football_v\00_System_OS\File_Manager\version\version_manager.py
os,E:\football_v\00_System_OS\File_Manager\version\version_manager.py
datetime,E:\football_v\00_System_OS\File_Manager\version\version_manager.py
json,E:\football_v\00_System_OS\FINAL_RELEASE_GATE\final_release_gate_V1.0.py
datetime,E:\football_v\00_System_OS\FINAL_RELEASE_GATE\final_release_gate_V1.0.py
os,E:\football_v\00_System_OS\integration_test\test_database_connection.py
json,E:\football_v\00_System_OS\Monitor\monitor_service.py
os,E:\football_v\00_System_OS\Monitor\monitor_service.py
datetime,E:\football_v\00_System_OS\Monitor\monitor_service.py
json,E:\football_v\00_System_OS\Recovery\recovery_controller.py
os,E:\football_v\00_System_OS\Recovery\recovery_controller.py
subprocess,E:\football_v\00_System_OS\Recovery\recovery_controller.py
datetime,E:\football_v\00_System_OS\Recovery\recovery_controller.py
json,E:\football_v\00_System_OS\Recovery\recovery_service.py
os,E:\football_v\00_System_OS\Recovery\recovery_service.py
datetime,E:\football_v\00_System_OS\Recovery\recovery_service.py
json,E:\football_v\00_System_OS\registry\dependency_engine.py
os,E:\football_v\00_System_OS\registry\dependency_engine.py
json,E:\football_v\00_System_OS\registry\registry_api.py
os,E:\football_v\00_System_OS\registry\registry_api.py
json,E:\football_v\00_System_OS\registry\registry_manager.py
os,E:\football_v\00_System_OS\registry\registry_manager.py
datetime,E:\football_v\00_System_OS\registry\registry_manager.py
os,E:\football_v\00_System_OS\registry\registry_scanner.py
json,E:\football_v\00_System_OS\registry\registry_scanner.py
datetime,E:\football_v\00_System_OS\registry\registry_scanner.py
json,E:\football_v\00_System_OS\RELEASE_VALIDATION\dependency_checker\dependency_checker_V1.0.py
json,E:\football_v\00_System_OS\RELEASE_VALIDATION\integrity_checker\integrity_checker_V1.0.py
os,E:\football_v\00_System_OS\RELEASE_VALIDATION\module_scanner\module_scanner_V1.0.py
os,E:\football_v\00_System_OS\scripts\framework_initializer.py
json,E:\football_v\00_System_OS\scripts\framework_initializer.py
datetime,E:\football_v\00_System_OS\scripts\framework_initializer.py
json,E:\football_v\00_System_OS\SYSTEM_HEALTH_MONITOR\system_health_monitor_V1.0.py
datetime,E:\football_v\00_System_OS\SYSTEM_HEALTH_MONITOR\system_health_monitor_V1.0.py
os,E:\football_v\00_SYSTEM_TOOLS\deploy_scripts\deploy_phase3_2_memory_bridge.py
json,E:\football_v\00_SYSTEM_TOOLS\deploy_scripts\deploy_phase3_2_memory_bridge.py
datetime,E:\football_v\00_SYSTEM_TOOLS\deploy_scripts\deploy_phase3_2_memory_bridge.py
os,E:\football_v\00_SYSTEM_TOOLS\deploy_scripts\deploy_v15_phase1.py
pathlib,E:\football_v\00_SYSTEM_TOOLS\deploy_scripts\deploy_v15_phase1.py
pathlib,E:\football_v\00_SYSTEM_TOOLS\deploy_scripts\deploy_v15_phase1_patch.py
pathlib,E:\football_v\00_SYSTEM_TOOLS\deploy_scripts\deploy_v15_phase2.py
json,E:\football_v\00_SYSTEM_TOOLS\Module_Deployment_Tool\core\json_validator.py
os,E:\football_v\00_SYSTEM_TOOLS\Module_Deployment_Tool\core\path_validator.py
ast,E:\football_v\00_SYSTEM_TOOLS\Module_Deployment_Tool\core\syntax_validator.py
os,E:\football_v\00_SYSTEM_TOOLS\Module_Deployment_Tool\modules\deploy_ai_autonomous_engine_HIL_V1.0_V1.4.py
json,E:\football_v\00_SYSTEM_TOOLS\Module_Deployment_Tool\modules\deploy_ai_autonomous_engine_HIL_V1.0_V1.4.py
os,E:\football_v\00_SYSTEM_TOOLS\Module_Deployment_Tool\modules\deploy_ai_autonomous_engine_HIL_V1.2.py
json,E:\football_v\00_SYSTEM_TOOLS\Module_Deployment_Tool\modules\deploy_ai_autonomous_engine_HIL_V1.2.py
datetime,E:\football_v\00_SYSTEM_TOOLS\Module_Deployment_Tool\modules\deploy_ai_autonomous_engine_HIL_V1.2.py
os,E:\football_v\00_SYSTEM_TOOLS\Module_Deployment_Tool\modules\deploy_ai_autonomous_engine_HIL_V1.3_V1.4.py
json,E:\football_v\00_SYSTEM_TOOLS\Module_Deployment_Tool\modules\deploy_ai_autonomous_engine_HIL_V1.3_V1.4.py
datetime,E:\football_v\00_SYSTEM_TOOLS\Module_Deployment_Tool\modules\deploy_ai_autonomous_engine_HIL_V1.3_V1.4.py
os,E:\football_v\00_SYSTEM_TOOLS\Module_Deployment_Tool\modules\deploy_ai_autonomous_engine_HIL_V1.5_V1.6.py
json,E:\football_v\00_SYSTEM_TOOLS\Module_Deployment_Tool\modules\deploy_ai_autonomous_engine_HIL_V1.5_V1.6.py
datetime,E:\football_v\00_SYSTEM_TOOLS\Module_Deployment_Tool\modules\deploy_ai_autonomous_engine_HIL_V1.5_V1.6.py
os,E:\football_v\00_SYSTEM_TOOLS\Module_Deployment_Tool\modules\deploy_ai_autonomous_engine_HIL_V1.7_V1.8.py
json,E:\football_v\00_SYSTEM_TOOLS\Module_Deployment_Tool\modules\deploy_ai_autonomous_engine_HIL_V1.7_V1.8.py
datetime,E:\football_v\00_SYSTEM_TOOLS\Module_Deployment_Tool\modules\deploy_ai_autonomous_engine_HIL_V1.7_V1.8.py
os,E:\football_v\00_SYSTEM_TOOLS\Module_Deployment_Tool\modules\deploy_ai_autonomous_engine_HIL_V2.1_V2.2_BATCH.py
json,E:\football_v\00_SYSTEM_TOOLS\Module_Deployment_Tool\modules\deploy_ai_autonomous_engine_HIL_V2.1_V2.2_BATCH.py
os,E:\football_v\00_SYSTEM_TOOLS\Module_Deployment_Tool\modules\deploy_ai_autonomous_engine_HIL_V2.3_V2.4_BATCH.py
json,E:\football_v\00_SYSTEM_TOOLS\Module_Deployment_Tool\modules\deploy_ai_autonomous_engine_HIL_V2.3_V2.4_BATCH.py
shutil,E:\football_v\00_SYSTEM_TOOLS\Module_Deployment_Tool\modules\deploy_ai_autonomous_engine_HIL_V2.3_V2.4_BATCH.py
datetime,E:\football_v\00_SYSTEM_TOOLS\Module_Deployment_Tool\modules\deploy_ai_autonomous_engine_HIL_V2.3_V2.4_BATCH.py
os,E:\football_v\00_SYSTEM_TOOLS\Module_Deployment_Tool\modules\deploy_ai_autonomous_engine_HIL_V2.5_V2.6_BATCH.py
json,E:\football_v\00_SYSTEM_TOOLS\Module_Deployment_Tool\modules\deploy_ai_autonomous_engine_HIL_V2.5_V2.6_BATCH.py
datetime,E:\football_v\00_SYSTEM_TOOLS\Module_Deployment_Tool\modules\deploy_ai_autonomous_engine_HIL_V2.5_V2.6_BATCH.py
os,E:\football_v\00_SYSTEM_TOOLS\Module_Deployment_Tool\modules\deploy_ai_autonomous_engine_HIL_V2.7_V2.8_BATCH.py
json,E:\football_v\00_SYSTEM_TOOLS\Module_Deployment_Tool\modules\deploy_ai_autonomous_engine_HIL_V2.7_V2.8_BATCH.py
subprocess,E:\football_v\00_SYSTEM_TOOLS\Module_Deployment_Tool\modules\deploy_ai_autonomous_engine_HIL_V2.7_V2.8_BATCH.py
datetime,E:\football_v\00_SYSTEM_TOOLS\Module_Deployment_Tool\modules\deploy_ai_autonomous_engine_HIL_V2.7_V2.8_BATCH.py
os,E:\football_v\00_SYSTEM_TOOLS\Module_Deployment_Tool\modules\deploy_ai_autonomous_engine_HIL_V2.9_V3.0_BATCH.py
json,E:\football_v\00_SYSTEM_TOOLS\Module_Deployment_Tool\modules\deploy_ai_autonomous_engine_HIL_V2.9_V3.0_BATCH.py
subprocess,E:\football_v\00_SYSTEM_TOOLS\Module_Deployment_Tool\modules\deploy_ai_autonomous_engine_HIL_V2.9_V3.0_BATCH.py
ast,E:\football_v\00_SYSTEM_TOOLS\Module_Deployment_Tool\modules\deploy_ai_autonomous_engine_HIL_V2.9_V3.0_BATCH.py
datetime,E:\football_v\00_SYSTEM_TOOLS\Module_Deployment_Tool\modules\deploy_ai_autonomous_engine_HIL_V2.9_V3.0_BATCH.py
os,E:\football_v\00_SYSTEM_TOOLS\Module_Deployment_Tool\modules\deploy_ai_autonomous_engine_V1.0_V1.3.py
json,E:\football_v\00_SYSTEM_TOOLS\Module_Deployment_Tool\modules\deploy_ai_autonomous_engine_V1.0_V1.3.py
os,E:\football_v\00_SYSTEM_TOOLS\Module_Deployment_Tool\modules\deploy_ai_intelligence_layer_core_V1.0.py
json,E:\football_v\00_SYSTEM_TOOLS\Module_Deployment_Tool\modules\deploy_ai_intelligence_layer_core_V1.0.py
datetime,E:\football_v\00_SYSTEM_TOOLS\Module_Deployment_Tool\modules\deploy_ai_intelligence_layer_core_V1.0.py
os,E:\football_v\00_SYSTEM_TOOLS\Module_Deployment_Tool\modules\deploy_ai_intelligence_layer_test_V1.0.py
json,E:\football_v\00_SYSTEM_TOOLS\Module_Deployment_Tool\modules\deploy_ai_intelligence_layer_test_V1.0.py
importlib.util,E:\football_v\00_SYSTEM_TOOLS\Module_Deployment_Tool\modules\deploy_ai_intelligence_layer_test_V1.0.py
datetime,E:\football_v\00_SYSTEM_TOOLS\Module_Deployment_Tool\modules\deploy_ai_intelligence_layer_test_V1.0.py
os,E:\football_v\00_SYSTEM_TOOLS\Module_Deployment_Tool\modules\deploy_ai_orchestration_layer_batch_V1.0.py
json,E:\football_v\00_SYSTEM_TOOLS\Module_Deployment_Tool\modules\deploy_ai_orchestration_layer_batch_V1.0.py
datetime,E:\football_v\00_SYSTEM_TOOLS\Module_Deployment_Tool\modules\deploy_ai_orchestration_layer_batch_V1.0.py
os,E:\football_v\00_SYSTEM_TOOLS\Module_Deployment_Tool\modules\deploy_ai_orchestration_layer_V1.0_V1.3.py
json,E:\football_v\00_SYSTEM_TOOLS\Module_Deployment_Tool\modules\deploy_ai_orchestration_layer_V1.0_V1.3.py
os,E:\football_v\00_SYSTEM_TOOLS\Module_Deployment_Tool\modules\deploy_backtest_system_V1.0_V1.3.py
json,E:\football_v\00_SYSTEM_TOOLS\Module_Deployment_Tool\modules\deploy_backtest_system_V1.0_V1.3.py
os,E:\football_v\00_SYSTEM_TOOLS\Module_Deployment_Tool\modules\deploy_data_intelligence_checkpoint_V1.0.py
json,E:\football_v\00_SYSTEM_TOOLS\Module_Deployment_Tool\modules\deploy_data_intelligence_checkpoint_V1.0.py
datetime,E:\football_v\00_SYSTEM_TOOLS\Module_Deployment_Tool\modules\deploy_data_intelligence_checkpoint_V1.0.py
os,E:\football_v\00_SYSTEM_TOOLS\Module_Deployment_Tool\modules\deploy_data_intelligence_engine_V1.0.py
json,E:\football_v\00_SYSTEM_TOOLS\Module_Deployment_Tool\modules\deploy_data_intelligence_engine_V1.0.py
datetime,E:\football_v\00_SYSTEM_TOOLS\Module_Deployment_Tool\modules\deploy_data_intelligence_engine_V1.0.py
os,E:\football_v\00_SYSTEM_TOOLS\Module_Deployment_Tool\modules\deploy_data_intelligence_test_V1.0.py
json,E:\football_v\00_SYSTEM_TOOLS\Module_Deployment_Tool\modules\deploy_data_intelligence_test_V1.0.py
importlib.util,E:\football_v\00_SYSTEM_TOOLS\Module_Deployment_Tool\modules\deploy_data_intelligence_test_V1.0.py
datetime,E:\football_v\00_SYSTEM_TOOLS\Module_Deployment_Tool\modules\deploy_data_intelligence_test_V1.0.py
os,E:\football_v\00_SYSTEM_TOOLS\Module_Deployment_Tool\modules\deploy_decision_engine_V1.0_V1.3.py
json,E:\football_v\00_SYSTEM_TOOLS\Module_Deployment_Tool\modules\deploy_decision_engine_V1.0_V1.3.py
os,E:\football_v\00_SYSTEM_TOOLS\Module_Deployment_Tool\modules\deploy_dynamic_feature_weight_checkpoint_V1.0.py
json,E:\football_v\00_SYSTEM_TOOLS\Module_Deployment_Tool\modules\deploy_dynamic_feature_weight_checkpoint_V1.0.py
datetime,E:\football_v\00_SYSTEM_TOOLS\Module_Deployment_Tool\modules\deploy_dynamic_feature_weight_checkpoint_V1.0.py
os,E:\football_v\00_SYSTEM_TOOLS\Module_Deployment_Tool\modules\deploy_dynamic_feature_weight_engine_V1.0.py
json,E:\football_v\00_SYSTEM_TOOLS\Module_Deployment_Tool\modules\deploy_dynamic_feature_weight_engine_V1.0.py
datetime,E:\football_v\00_SYSTEM_TOOLS\Module_Deployment_Tool\modules\deploy_dynamic_feature_weight_engine_V1.0.py
os,E:\football_v\00_SYSTEM_TOOLS\Module_Deployment_Tool\modules\deploy_dynamic_feature_weight_test_V1.0.py
json,E:\football_v\00_SYSTEM_TOOLS\Module_Deployment_Tool\modules\deploy_dynamic_feature_weight_test_V1.0.py
importlib.util,E:\football_v\00_SYSTEM_TOOLS\Module_Deployment_Tool\modules\deploy_dynamic_feature_weight_test_V1.0.py
datetime,E:\football_v\00_SYSTEM_TOOLS\Module_Deployment_Tool\modules\deploy_dynamic_feature_weight_test_V1.0.py
os,E:\football_v\00_SYSTEM_TOOLS\Module_Deployment_Tool\modules\deploy_feature_store_adapter_V1.0.py
json,E:\football_v\00_SYSTEM_TOOLS\Module_Deployment_Tool\modules\deploy_feature_store_adapter_V1.0.py
datetime,E:\football_v\00_SYSTEM_TOOLS\Module_Deployment_Tool\modules\deploy_feature_store_adapter_V1.0.py
os,E:\football_v\00_SYSTEM_TOOLS\Module_Deployment_Tool\modules\deploy_feature_store_core_V1.0.py
json,E:\football_v\00_SYSTEM_TOOLS\Module_Deployment_Tool\modules\deploy_feature_store_core_V1.0.py
datetime,E:\football_v\00_SYSTEM_TOOLS\Module_Deployment_Tool\modules\deploy_feature_store_core_V1.0.py
os,E:\football_v\00_SYSTEM_TOOLS\Module_Deployment_Tool\modules\deploy_feature_store_V1.0.py
json,E:\football_v\00_SYSTEM_TOOLS\Module_Deployment_Tool\modules\deploy_feature_store_V1.0.py
datetime,E:\football_v\00_SYSTEM_TOOLS\Module_Deployment_Tool\modules\deploy_feature_store_V1.0.py
os,E:\football_v\00_SYSTEM_TOOLS\Module_Deployment_Tool\modules\deploy_feature_store_V1.1.py
json,E:\football_v\00_SYSTEM_TOOLS\Module_Deployment_Tool\modules\deploy_feature_store_V1.1.py
datetime,E:\football_v\00_SYSTEM_TOOLS\Module_Deployment_Tool\modules\deploy_feature_store_V1.1.py
os,E:\football_v\00_SYSTEM_TOOLS\Module_Deployment_Tool\modules\deploy_feature_store_V1.2.py
json,E:\football_v\00_SYSTEM_TOOLS\Module_Deployment_Tool\modules\deploy_feature_store_V1.2.py
os,E:\football_v\00_SYSTEM_TOOLS\Module_Deployment_Tool\modules\deploy_feature_store_V1.3.py
json,E:\football_v\00_SYSTEM_TOOLS\Module_Deployment_Tool\modules\deploy_feature_store_V1.3.py
os,E:\football_v\00_SYSTEM_TOOLS\Module_Deployment_Tool\modules\deploy_feature_store_V1.4.py
json,E:\football_v\00_SYSTEM_TOOLS\Module_Deployment_Tool\modules\deploy_feature_store_V1.4.py
os,E:\football_v\00_SYSTEM_TOOLS\Module_Deployment_Tool\modules\deploy_feature_store_V1.5.py
json,E:\football_v\00_SYSTEM_TOOLS\Module_Deployment_Tool\modules\deploy_feature_store_V1.5.py
os,E:\football_v\00_SYSTEM_TOOLS\Module_Deployment_Tool\modules\deploy_feature_store_V1.6.py
json,E:\football_v\00_SYSTEM_TOOLS\Module_Deployment_Tool\modules\deploy_feature_store_V1.6.py
os,E:\football_v\00_SYSTEM_TOOLS\Module_Deployment_Tool\modules\deploy_feature_store_V1.7.py
json,E:\football_v\00_SYSTEM_TOOLS\Module_Deployment_Tool\modules\deploy_feature_store_V1.7.py
os,E:\football_v\00_SYSTEM_TOOLS\Module_Deployment_Tool\modules\deploy_feature_store_V1.8.py
json,E:\football_v\00_SYSTEM_TOOLS\Module_Deployment_Tool\modules\deploy_feature_store_V1.8.py
os,E:\football_v\00_SYSTEM_TOOLS\Module_Deployment_Tool\modules\deploy_feature_store_V1.9.py
json,E:\football_v\00_SYSTEM_TOOLS\Module_Deployment_Tool\modules\deploy_feature_store_V1.9.py
os,E:\football_v\00_SYSTEM_TOOLS\Module_Deployment_Tool\modules\deploy_feature_store_V2.0.py
json,E:\football_v\00_SYSTEM_TOOLS\Module_Deployment_Tool\modules\deploy_feature_store_V2.0.py
os,E:\football_v\00_SYSTEM_TOOLS\Module_Deployment_Tool\modules\deploy_feature_store_V2.1.py
json,E:\football_v\00_SYSTEM_TOOLS\Module_Deployment_Tool\modules\deploy_feature_store_V2.1.py
os,E:\football_v\00_SYSTEM_TOOLS\Module_Deployment_Tool\modules\deploy_feature_store_V2.2.py
json,E:\football_v\00_SYSTEM_TOOLS\Module_Deployment_Tool\modules\deploy_feature_store_V2.2.py
os,E:\football_v\00_SYSTEM_TOOLS\Module_Deployment_Tool\modules\deploy_feature_store_V2.3.py
json,E:\football_v\00_SYSTEM_TOOLS\Module_Deployment_Tool\modules\deploy_feature_store_V2.3.py
os,E:\football_v\00_SYSTEM_TOOLS\Module_Deployment_Tool\modules\deploy_feature_store_V2.4_V2.6.py
json,E:\football_v\00_SYSTEM_TOOLS\Module_Deployment_Tool\modules\deploy_feature_store_V2.4_V2.6.py
os,E:\football_v\00_SYSTEM_TOOLS\Module_Deployment_Tool\modules\deploy_feature_store_V2.7_V3.0.py
json,E:\football_v\00_SYSTEM_TOOLS\Module_Deployment_Tool\modules\deploy_feature_store_V2.7_V3.0.py
os,E:\football_v\00_SYSTEM_TOOLS\Module_Deployment_Tool\modules\deploy_model_layer_V1.0_V1.3.py
json,E:\football_v\00_SYSTEM_TOOLS\Module_Deployment_Tool\modules\deploy_model_layer_V1.0_V1.3.py
os,E:\football_v\00_SYSTEM_TOOLS\Module_Deployment_Tool\modules\deploy_module_deployment_tool_test_V1.1.py
json,E:\football_v\00_SYSTEM_TOOLS\Module_Deployment_Tool\modules\deploy_module_deployment_tool_test_V1.1.py
importlib.util,E:\football_v\00_SYSTEM_TOOLS\Module_Deployment_Tool\modules\deploy_module_deployment_tool_test_V1.1.py
datetime,E:\football_v\00_SYSTEM_TOOLS\Module_Deployment_Tool\modules\deploy_module_deployment_tool_test_V1.1.py
os,E:\football_v\00_SYSTEM_TOOLS\Module_Deployment_Tool\modules\deploy_module_deployment_tool_V1.1.py
json,E:\football_v\00_SYSTEM_TOOLS\Module_Deployment_Tool\modules\deploy_module_deployment_tool_V1.1.py
ast,E:\football_v\00_SYSTEM_TOOLS\Module_Deployment_Tool\modules\deploy_module_deployment_tool_V1.1.py
datetime,E:\football_v\00_SYSTEM_TOOLS\Module_Deployment_Tool\modules\deploy_module_deployment_tool_V1.1.py
os,E:\football_v\00_SYSTEM_TOOLS\Module_Deployment_Tool\modules\deploy_prediction_engine_batch_test_V1.0.py
json,E:\football_v\00_SYSTEM_TOOLS\Module_Deployment_Tool\modules\deploy_prediction_engine_batch_test_V1.0.py
importlib.util,E:\football_v\00_SYSTEM_TOOLS\Module_Deployment_Tool\modules\deploy_prediction_engine_batch_test_V1.0.py
datetime,E:\football_v\00_SYSTEM_TOOLS\Module_Deployment_Tool\modules\deploy_prediction_engine_batch_test_V1.0.py
os,E:\football_v\00_SYSTEM_TOOLS\Module_Deployment_Tool\modules\deploy_prediction_engine_batch_V1.0.py
json,E:\football_v\00_SYSTEM_TOOLS\Module_Deployment_Tool\modules\deploy_prediction_engine_batch_V1.0.py
datetime,E:\football_v\00_SYSTEM_TOOLS\Module_Deployment_Tool\modules\deploy_prediction_engine_batch_V1.0.py
os,E:\football_v\00_SYSTEM_TOOLS\Module_Deployment_Tool\modules\deploy_prediction_engine_V1.0_V1.3.py
json,E:\football_v\00_SYSTEM_TOOLS\Module_Deployment_Tool\modules\deploy_prediction_engine_V1.0_V1.3.py
os,E:\football_v\00_SYSTEM_TOOLS\Module_Deployment_Tool\modules\deploy_prediction_intelligence_engine_V1.0.py
json,E:\football_v\00_SYSTEM_TOOLS\Module_Deployment_Tool\modules\deploy_prediction_intelligence_engine_V1.0.py
datetime,E:\football_v\00_SYSTEM_TOOLS\Module_Deployment_Tool\modules\deploy_prediction_intelligence_engine_V1.0.py
os,E:\football_v\00_SYSTEM_TOOLS\Module_Deployment_Tool\modules\deploy_prediction_intelligence_test_V1.0.py
json,E:\football_v\00_SYSTEM_TOOLS\Module_Deployment_Tool\modules\deploy_prediction_intelligence_test_V1.0.py
importlib.util,E:\football_v\00_SYSTEM_TOOLS\Module_Deployment_Tool\modules\deploy_prediction_intelligence_test_V1.0.py
datetime,E:\football_v\00_SYSTEM_TOOLS\Module_Deployment_Tool\modules\deploy_prediction_intelligence_test_V1.0.py
os,E:\football_v\01_Data_Source\acceptance\acceptance_check.py
json,E:\football_v\01_Data_Source\acceptance\acceptance_check.py
datetime,E:\football_v\01_Data_Source\acceptance\acceptance_check.py
os,E:\football_v\01_Data_Source\download\data_downloader.py
json,E:\football_v\01_Data_Source\download\data_downloader.py
hashlib,E:\football_v\01_Data_Source\download\data_downloader.py
datetime,E:\football_v\01_Data_Source\download\data_downloader.py
os,E:\football_v\01_Data_Source\monitor\source_monitor.py
json,E:\football_v\01_Data_Source\monitor\source_monitor.py
datetime,E:\football_v\01_Data_Source\monitor\source_monitor.py
json,E:\football_v\01_Data_Source\pipeline\pipeline_runner.py
source_scanner,E:\football_v\01_Data_Source\pipeline\pipeline_runner.py
source_validator,E:\football_v\01_Data_Source\pipeline\pipeline_runner.py
os,E:\football_v\01_Data_Source\pipeline\source_scanner.py
json,E:\football_v\01_Data_Source\registry\source_registry.py
os,E:\football_v\01_Data_Source\registry\source_registry.py
datetime,E:\football_v\01_Data_Source\registry\source_registry.py
os,E:\football_v\02_Data_Platform\data_loader\data_loader.py
json,E:\football_v\02_Data_Platform\data_loader\data_loader.py
datetime,E:\football_v\02_Data_Platform\data_loader\data_loader.py
engine.loader_engine,E:\football_v\02_Data_Platform\data_loader\__init__.py
os,E:\football_v\02_Data_Platform\data_loader\engine\loader_engine.py
json,E:\football_v\02_Data_Platform\data_loader\engine\loader_engine.py
datetime,E:\football_v\02_Data_Platform\data_loader\engine\loader_engine.py
csv,E:\football_v\02_Data_Platform\data_loader\formats\csv_loader.py
dataset_registry,E:\football_v\02_Data_Platform\data_manager\dataset_manager.py
os,E:\football_v\02_Data_Platform\data_manager\dataset_registry.py
json,E:\football_v\02_Data_Platform\data_manager\dataset_registry.py
datetime,E:\football_v\02_Data_Platform\data_manager\dataset_registry.py
dataset_manager,E:\football_v\02_Data_Platform\data_manager\data_manager.py
data_manager,E:\football_v\02_Data_Platform\data_manager\__init__.py
dataset_manager,E:\football_v\02_Data_Platform\data_manager\__init__.py
dataset_registry,E:\football_v\02_Data_Platform\data_manager\__init__.py
sys,E:\football_v\02_Data_Platform\data_manager\__main__.py
os,E:\football_v\02_Data_Platform\data_manager\__main__.py
data_manager,E:\football_v\02_Data_Platform\data_manager\__main__.py
os,E:\football_v\02_Data_Platform\integration\platform_bootstrap.py
json,E:\football_v\02_Data_Platform\integration\platform_bootstrap.py
datetime,E:\football_v\02_Data_Platform\integration\platform_bootstrap.py
json,E:\football_v\02_Data_Platform\metadata\metadata_manager.py
os,E:\football_v\02_Data_Platform\metadata\metadata_manager.py
json,E:\football_v\02_Data_Platform\metadata\lineage\data_lineage.py
os,E:\football_v\02_Data_Platform\metadata\lineage\data_lineage.py
datetime,E:\football_v\02_Data_Platform\metadata\lineage\data_lineage.py
datetime,E:\football_v\02_Data_Platform\pipeline\data_pipeline.py
json,E:\football_v\02_Data_Platform\raw\raw_manager.py
raw_scanner,E:\football_v\02_Data_Platform\raw\raw_manager.py
raw_registry,E:\football_v\02_Data_Platform\raw\raw_manager.py
json,E:\football_v\02_Data_Platform\raw\raw_registry.py
os,E:\football_v\02_Data_Platform\raw\raw_registry.py
os,E:\football_v\02_Data_Platform\raw\raw_scanner.py
json,E:\football_v\02_Data_Platform\registry\data_platform_registry.py
os,E:\football_v\02_Data_Platform\registry\data_platform_registry.py
os,E:\football_v\02_Data_Platform\storage_engine\storage_manager.py
json,E:\football_v\02_Data_Platform\storage_engine\storage_manager.py
datetime,E:\football_v\02_Data_Platform\storage_engine\storage_manager.py
sqlite3,E:\football_v\04_Data_Processing_AI\feature_store\feature_database_connector.py
os,E:\football_v\04_Data_Processing_AI\feature_store\feature_database_connector.py
os,E:\football_v\04_Data_Processing_AI\feature_store\feature_database_reader.py
sqlite3,E:\football_v\04_Data_Processing_AI\feature_store\feature_database_reader.py
os,E:\football_v\04_Data_Processing_AI\feature_store\feature_database_service.py
sqlite3,E:\football_v\04_Data_Processing_AI\feature_store\feature_database_service.py
json,E:\football_v\04_Data_Processing_AI\feature_store\feature_dataset_exporter.py
json,E:\football_v\04_Data_Processing_AI\feature_store\feature_dataset_generator.py
json,E:\football_v\04_Data_Processing_AI\feature_store\feature_dataset_reporter.py
os,E:\football_v\04_Data_Processing_AI\feature_store\feature_match_reader.py
json,E:\football_v\04_Data_Processing_AI\feature_store\feature_match_reader.py
feature_validator,E:\football_v\04_Data_Processing_AI\feature_store\feature_pipeline.py
feature_dataset_builder,E:\football_v\04_Data_Processing_AI\feature_store\feature_pipeline.py
feature_data_loader,E:\football_v\04_Data_Processing_AI\feature_store\feature_pipeline_runner.py
feature_dataset_exporter,E:\football_v\04_Data_Processing_AI\feature_store\feature_pipeline_runner.py
json,E:\football_v\04_Data_Processing_AI\feature_store\feature_registry.py
os,E:\football_v\04_Data_Processing_AI\feature_store\feature_registry.py
json,E:\football_v\04_Data_Processing_AI\feature_store\feature_schema.py
os,E:\football_v\04_Data_Processing_AI\feature_store\feature_schema.py
json,E:\football_v\04_Data_Processing_AI\feature_store\model_training_exporter.py
os,E:\football_v\04_Data_Processing_AI\feature_store\tests\ai_feature_dataset_test.py
json,E:\football_v\04_Data_Processing_AI\feature_store\tests\ai_feature_dataset_test.py
os,E:\football_v\04_Data_Processing_AI\feature_store\tests\environment_flow_test.py
json,E:\football_v\04_Data_Processing_AI\feature_store\tests\environment_flow_test.py
os,E:\football_v\04_Data_Processing_AI\feature_store\tests\feature_database_health_test.py
json,E:\football_v\04_Data_Processing_AI\feature_store\tests\feature_database_health_test.py
os,E:\football_v\04_Data_Processing_AI\feature_store\tests\feature_database_integration_test.py
json,E:\football_v\04_Data_Processing_AI\feature_store\tests\feature_database_integration_test.py
os,E:\football_v\04_Data_Processing_AI\feature_store\tests\feature_dataset_generation_test.py
json,E:\football_v\04_Data_Processing_AI\feature_store\tests\feature_dataset_generation_test.py
os,E:\football_v\04_Data_Processing_AI\feature_store\tests\feature_ingestion_test.py
json,E:\football_v\04_Data_Processing_AI\feature_store\tests\feature_ingestion_test.py
os,E:\football_v\04_Data_Processing_AI\feature_store\tests\feature_store_data_test.py
json,E:\football_v\04_Data_Processing_AI\feature_store\tests\feature_store_data_test.py
os,E:\football_v\04_Data_Processing_AI\feature_store\tests\feature_store_pipeline_test.py
json,E:\football_v\04_Data_Processing_AI\feature_store\tests\feature_store_pipeline_test.py
os,E:\football_v\04_Data_Processing_AI\feature_store\tests\feature_store_test.py
json,E:\football_v\04_Data_Processing_AI\feature_store\tests\feature_store_test.py
os,E:\football_v\04_Data_Processing_AI\feature_store\tests\feature_store_v2.6_full_test.py
json,E:\football_v\04_Data_Processing_AI\feature_store\tests\feature_store_v2.6_full_test.py
os,E:\football_v\04_Data_Processing_AI\feature_store\tests\feature_store_v3.0_full_test.py
json,E:\football_v\04_Data_Processing_AI\feature_store\tests\feature_store_v3.0_full_test.py
os,E:\football_v\04_Data_Processing_AI\feature_store\tests\historical_feature_database_test.py
json,E:\football_v\04_Data_Processing_AI\feature_store\tests\historical_feature_database_test.py
os,E:\football_v\04_Data_Processing_AI\feature_store\tests\historical_feature_store_test.py
json,E:\football_v\04_Data_Processing_AI\feature_store\tests\historical_feature_store_test.py
os,E:\football_v\04_Data_Processing_AI\feature_store\tests\model_feature_adapter_test.py
json,E:\football_v\04_Data_Processing_AI\feature_store\tests\model_feature_adapter_test.py
os,E:\football_v\04_Data_Processing_AI\feature_store\tests\postgres_runtime_test.py
json,E:\football_v\04_Data_Processing_AI\feature_store\tests\postgres_runtime_test.py
os,E:\football_v\04_Data_Processing_AI\feature_store\tests\training_dataset_pipeline_test.py
json,E:\football_v\04_Data_Processing_AI\feature_store\tests\training_dataset_pipeline_test.py
abc,E:\football_v\05_MODEL_AI\MODEL_LAYER\model_interface.py
os,E:\football_v\05_MODEL_AI\MODEL_LAYER\tests\model_layer_v1.3_full_test.py
json,E:\football_v\05_MODEL_AI\MODEL_LAYER\tests\model_layer_v1.3_full_test.py
math,E:\football_v\06_PREDICTION_ENGINE\goal_distribution.py
abc,E:\football_v\06_PREDICTION_ENGINE\prediction_interface.py
goal_distribution,E:\football_v\06_PREDICTION_ENGINE\score_prediction_engine.py
correct_score_calculator,E:\football_v\06_PREDICTION_ENGINE\score_prediction_engine.py
os,E:\football_v\06_PREDICTION_ENGINE\tests\prediction_engine_v1.3_full_test.py
json,E:\football_v\06_PREDICTION_ENGINE\tests\prediction_engine_v1.3_full_test.py
os,E:\football_v\07_BACKTEST_AI\tests\backtest_system_v1.3_full_test.py
json,E:\football_v\07_BACKTEST_AI\tests\backtest_system_v1.3_full_test.py
value_filter_engine,E:\football_v\08_DECISION_ENGINE\bet_selection_engine.py
risk_control_engine,E:\football_v\08_DECISION_ENGINE\bet_selection_engine.py
abc,E:\football_v\08_DECISION_ENGINE\decision_interface.py
os,E:\football_v\08_DECISION_ENGINE\tests\decision_engine_v1.3_full_test.py
json,E:\football_v\08_DECISION_ENGINE\tests\decision_engine_v1.3_full_test.py
json,E:\football_v\09_AI_ORCHESTRATION_LAYER\auto_report_generator.py
datetime,E:\football_v\09_AI_ORCHESTRATION_LAYER\auto_report_generator.py
abc,E:\football_v\09_AI_ORCHESTRATION_LAYER\orchestration_interface.py
os,E:\football_v\09_AI_ORCHESTRATION_LAYER\tests\orchestration_layer_v1.3_full_test.py
json,E:\football_v\09_AI_ORCHESTRATION_LAYER\tests\orchestration_layer_v1.3_full_test.py
model_result_adapter,E:\football_v\09_Prediction_System\tests\test_phase2_adapter.py
sys,E:\football_v\09_Prediction_System\tests\test_prediction_system.py
pathlib,E:\football_v\09_Prediction_System\tests\test_prediction_system.py
prediction_pipeline,E:\football_v\09_Prediction_System\tests\test_prediction_system.py
evolution_controller,E:\football_v\10_AI_AUTONOMOUS_ENGINE\autonomous_engine_v2.py
football_reasoning_core,E:\football_v\10_AI_AUTONOMOUS_ENGINE\autonomous_engine_v2.py
datetime,E:\football_v\10_AI_AUTONOMOUS_ENGINE\decision_logger.py
json,E:\football_v\10_AI_AUTONOMOUS_ENGINE\evolution_report_generator.py
human_approval_manager,E:\football_v\10_AI_AUTONOMOUS_ENGINE\human_approval_v1.py
datetime,E:\football_v\10_AI_AUTONOMOUS_ENGINE\knowledge_snapshot.py
optimization_suggestion_engine,E:\football_v\10_AI_AUTONOMOUS_ENGINE\optimization_suggestion_v1.py
autonomous_engine_v3,E:\football_v\10_AI_AUTONOMOUS_ENGINE\autonomous_engine_hil_v1\__init__.py
os,E:\football_v\10_AI_AUTONOMOUS_ENGINE\tests\autonomous_engine_hil_v1_0_full_test.py
json,E:\football_v\10_AI_AUTONOMOUS_ENGINE\tests\autonomous_engine_hil_v1_0_full_test.py
sys,E:\football_v\10_AI_AUTONOMOUS_ENGINE\tests\autonomous_engine_hil_v1_0_full_test.py
os,E:\football_v\10_AI_AUTONOMOUS_ENGINE\tests\autonomous_engine_v1_4_full_test.py
json,E:\football_v\10_AI_AUTONOMOUS_ENGINE\tests\autonomous_engine_v1_4_full_test.py
os,E:\football_v\10_AI_AUTONOMOUS_ENGINE\tests\autonomous_engine_v1_6_full_test.py
json,E:\football_v\10_AI_AUTONOMOUS_ENGINE\tests\autonomous_engine_v1_6_full_test.py
os,E:\football_v\10_AI_AUTONOMOUS_ENGINE\tests\autonomous_engine_v1_8_full_test.py
json,E:\football_v\10_AI_AUTONOMOUS_ENGINE\tests\autonomous_engine_v1_8_full_test.py
os,E:\football_v\10_AI_AUTONOMOUS_ENGINE\tests\autonomous_engine_v2_2_batch_full_test.py
json,E:\football_v\10_AI_AUTONOMOUS_ENGINE\tests\autonomous_engine_v2_2_batch_full_test.py
os,E:\football_v\10_AI_AUTONOMOUS_ENGINE\tests\autonomous_engine_v2_4_batch_full_test.py
json,E:\football_v\10_AI_AUTONOMOUS_ENGINE\tests\autonomous_engine_v2_4_batch_full_test.py
os,E:\football_v\10_AI_AUTONOMOUS_ENGINE\tests\autonomous_engine_v2_6_batch_full_test.py
json,E:\football_v\10_AI_AUTONOMOUS_ENGINE\tests\autonomous_engine_v2_6_batch_full_test.py
os,E:\football_v\10_AI_AUTONOMOUS_ENGINE\tests\autonomous_engine_v2_8_batch_full_test.py
json,E:\football_v\10_AI_AUTONOMOUS_ENGINE\tests\autonomous_engine_v2_8_batch_full_test.py
os,E:\football_v\10_AI_AUTONOMOUS_ENGINE\tests\autonomous_engine_v3_0_batch_full_test.py
json,E:\football_v\10_AI_AUTONOMOUS_ENGINE\tests\autonomous_engine_v3_0_batch_full_test.py
os,E:\football_v\10_AI_AUTONOMOUS_ENGINE\tests\compile_check.py
ast,E:\football_v\10_AI_AUTONOMOUS_ENGINE\tests\compile_check.py
pytest,E:\football_v\10_AI_AUTONOMOUS_ENGINE\tests\conftest.py
os,E:\football_v\10_AI_AUTONOMOUS_ENGINE\tests\human_approval_v1_2_full_test.py
json,E:\football_v\10_AI_AUTONOMOUS_ENGINE\tests\human_approval_v1_2_full_test.py
os,E:\football_v\10_AI_AUTONOMOUS_ENGINE\tests\optimization_suggestion_v1_1_full_test.py
json,E:\football_v\10_AI_AUTONOMOUS_ENGINE\tests\optimization_suggestion_v1_1_full_test.py
sys,E:\football_v\10_AI_AUTONOMOUS_ENGINE\tests\test_autonomous_compatibility.py
pathlib,E:\football_v\10_AI_AUTONOMOUS_ENGINE\tests\test_autonomous_compatibility.py
autonomous_engine_v3,E:\football_v\10_AI_AUTONOMOUS_ENGINE\tests\test_autonomous_compatibility.py
autonomous_engine_v3,E:\football_v\10_AI_AUTONOMOUS_ENGINE\tests\test_autonomous_compatibility.py
human_approval_v1,E:\football_v\10_AI_AUTONOMOUS_ENGINE\tests\test_autonomous_compatibility.py
optimization_suggestion_v1,E:\football_v\10_AI_AUTONOMOUS_ENGINE\tests\test_autonomous_compatibility.py
intelligence_connector,E:\football_v\10_AI_AUTONOMOUS_ENGINE\tests\test_phase2_connection.py
intelligence_fusion_engine,E:\football_v\11_System_Intelligence\decision_fusion.py
reasoning_engine,E:\football_v\11_System_Intelligence\decision_reasoner.py
evolution_memory,E:\football_v\11_System_Intelligence\evolution_engine.py
performance_tracker,E:\football_v\11_System_Intelligence\evolution_engine.py
rule_optimizer,E:\football_v\11_System_Intelligence\evolution_engine.py
strategy_mutator,E:\football_v\11_System_Intelligence\evolution_engine.py
json,E:\football_v\11_System_Intelligence\intelligence_report.py
os,E:\football_v\11_System_Intelligence\intelligence_report.py
math,E:\football_v\11_System_Intelligence\poisson_model.py
reasoning_rules,E:\football_v\11_System_Intelligence\reasoning_engine.py
sys,E:\football_v\11_System_Intelligence\tests\test_intelligence.py
pathlib,E:\football_v\11_System_Intelligence\tests\test_intelligence.py
system_brain,E:\football_v\11_System_Intelligence\tests\test_intelligence.py
system_analyzer,E:\football_v\11_System_Intelligence\tests\test_phase2_intelligence.py
confidence_engine,E:\football_v\11_System_Intelligence\tests\test_phase3_10_confidence.py
knowledge_node,E:\football_v\11_System_Intelligence\tests\test_phase3_11_knowledge_graph.py
knowledge_relation,E:\football_v\11_System_Intelligence\tests\test_phase3_11_knowledge_graph.py
knowledge_embedding,E:\football_v\11_System_Intelligence\tests\test_phase3_11_knowledge_graph.py
knowledge_query_engine,E:\football_v\11_System_Intelligence\tests\test_phase3_11_knowledge_graph.py
probability_fusion_engine,E:\football_v\11_System_Intelligence\tests\test_phase3_12_probability.py
les_engine,E:\football_v\11_System_Intelligence\tests\test_phase3_13_market.py
match_prediction_engine,E:\football_v\11_System_Intelligence\tests\test_phase3_14_prediction.py
football_ai_runtime,E:\football_v\11_System_Intelligence\tests\test_phase3_15_runtime.py
knowledge_memory_bridge,E:\football_v\11_System_Intelligence\tests\test_phase3_2_memory_bridge.py
memory_adapter,E:\football_v\11_System_Intelligence\tests\test_phase3_2_memory_bridge.py
feedback_memory,E:\football_v\11_System_Intelligence\tests\test_phase3_2_memory_bridge.py
reasoning_engine,E:\football_v\11_System_Intelligence\tests\test_phase3_3_reasoning.py
decision_reasoner,E:\football_v\11_System_Intelligence\tests\test_phase3_3_reasoning.py
decision_fusion,E:\football_v\11_System_Intelligence\tests\test_phase3_4_decision_fusion.py
intelligence_scheduler,E:\football_v\11_System_Intelligence\tests\test_phase3_5_controller_upgrade.py
intelligence_router,E:\football_v\11_System_Intelligence\tests\test_phase3_5_controller_upgrade.py
intelligence_weight_manager,E:\football_v\11_System_Intelligence\tests\test_phase3_5_controller_upgrade.py
intelligence_feedback_loop,E:\football_v\11_System_Intelligence\tests\test_phase3_5_controller_upgrade.py
self_learning_engine,E:\football_v\11_System_Intelligence\tests\test_phase3_6_self_learning.py
model_optimizer,E:\football_v\11_System_Intelligence\tests\test_phase3_6_self_learning.py
evolution_engine,E:\football_v\11_System_Intelligence\tests\test_phase3_7_evolution.py
knowledge_reasoner,E:\football_v\11_System_Intelligence\tests\test_phase3_8_knowledge.py
risk_engine,E:\football_v\11_System_Intelligence\tests\test_phase3_9_risk.py
intelligence_controller,E:\football_v\11_System_Intelligence\tests\test_phase3_system_intelligence.py
les_advanced,E:\football_v\11_System_Intelligence\tests\test_phase4_market_core.py
elo_engine,E:\football_v\11_System_Intelligence\tests\test_phase4_prediction_core.py
model_fusion_core,E:\football_v\11_System_Intelligence\tests\test_phase4_prediction_core.py
agent_manager,E:\football_v\11_System_Intelligence\tests\test_phase5_1_agents.py
dynamic_weight_engine,E:\football_v\11_System_Intelligence\tests\test_phase5_2_weight.py
monte_carlo_engine,E:\football_v\11_System_Intelligence\tests\test_phase5_3_simulation.py
single_strategy,E:\football_v\11_System_Intelligence\tests\test_phase5_4_strategy.py
backtest_engine,E:\football_v\11_System_Intelligence\tests\test_phase6_backtest.py
model_adjustment_engine,E:\football_v\11_System_Intelligence\tests\test_phase6_feedback.py
elo_trainer,E:\football_v\11_System_Intelligence\tests\test_phase6_training.py
os,E:\football_v\16_DATABASE_GOVERNANCE_LAYER\backup_engine\backup_engine_V1.0.py
shutil,E:\football_v\16_DATABASE_GOVERNANCE_LAYER\backup_engine\backup_engine_V1.0.py
datetime,E:\football_v\16_DATABASE_GOVERNANCE_LAYER\backup_engine\backup_engine_V1.0.py
os,E:\football_v\16_DATABASE_GOVERNANCE_LAYER\database_initializer\database_initializer_V1.0.py
sqlite3,E:\football_v\16_DATABASE_GOVERNANCE_LAYER\database_initializer\database_initializer_V1.0.py
json,E:\football_v\16_DATABASE_GOVERNANCE_LAYER\database_initializer\database_initializer_V1.0.py
datetime,E:\football_v\16_DATABASE_GOVERNANCE_LAYER\database_initializer\database_initializer_V1.0.py
os,E:\football_v\16_DATABASE_GOVERNANCE_LAYER\restore_engine\restore_engine_V1.0.py
shutil,E:\football_v\16_DATABASE_GOVERNANCE_LAYER\restore_engine\restore_engine_V1.0.py
json,E:\football_v\16_DATABASE_GOVERNANCE_LAYER\restore_engine\restore_engine_V1.0.py
datetime,E:\football_v\16_DATABASE_GOVERNANCE_LAYER\restore_engine\restore_engine_V1.0.py
json,E:\football_v\16_DATABASE_GOVERNANCE_LAYER\version_control_engine\version_control_engine_V1.0.py
os,E:\football_v\16_DATABASE_GOVERNANCE_LAYER\version_control_engine\version_control_engine_V1.0.py
datetime,E:\football_v\16_DATABASE_GOVERNANCE_LAYER\version_control_engine\version_control_engine_V1.0.py
json,E:\football_v\17_MODEL_STORE_LAYER\model_loader\model_loader_V1.0.py
json,E:\football_v\17_MODEL_STORE_LAYER\model_registry\model_registry_V1.0.py
os,E:\football_v\17_MODEL_STORE_LAYER\model_registry\model_registry_V1.0.py
datetime,E:\football_v\17_MODEL_STORE_LAYER\model_registry\model_registry_V1.0.py
json,E:\football_v\17_MODEL_STORE_LAYER\model_version_manager\model_version_manager_V1.0.py
datetime,E:\football_v\17_MODEL_STORE_LAYER\model_version_manager\model_version_manager_V1.0.py
json,E:\football_v\18_MODEL_EXECUTION_ENGINE\feature_loader\feature_loader_V1.0.py
json,E:\football_v\18_MODEL_EXECUTION_ENGINE\output_manager\output_manager_V1.0.py
os,E:\football_v\97_TESTS\integration_test\run_integration_test_V1.5.py
json,E:\football_v\97_TESTS\integration_test\run_integration_test_V1.5.py
datetime,E:\football_v\97_TESTS\integration_test\run_integration_test_V1.5.py
logger,E:\football_v\99_DOCUMENTATION\architecture_cleanup\FINAL_CLEANUP_V3.0\DEPRECATED_ARCHIVE\compatibility.py
os,E:\football_v\99_DOCUMENTATION\architecture_cleanup\FINAL_CLEANUP_V3.0\DEPRECATED_ARCHIVE\data_validator.py
validation_result,E:\football_v\99_DOCUMENTATION\architecture_cleanup\FINAL_CLEANUP_V3.0\DEPRECATED_ARCHIVE\data_validator.py
logging,E:\football_v\99_DOCUMENTATION\architecture_cleanup\FINAL_CLEANUP_V3.0\DEPRECATED_ARCHIVE\formatter.py
logging,E:\football_v\99_DOCUMENTATION\architecture_cleanup\FINAL_CLEANUP_V3.0\DEPRECATED_ARCHIVE\handlers.py
os,E:\football_v\99_DOCUMENTATION\architecture_cleanup\FINAL_CLEANUP_V3.0\DEPRECATED_ARCHIVE\handlers.py
formatter,E:\football_v\99_DOCUMENTATION\architecture_cleanup\FINAL_CLEANUP_V3.0\DEPRECATED_ARCHIVE\handlers.py
os,E:\football_v\99_DOCUMENTATION\architecture_cleanup\FINAL_CLEANUP_V3.0\DEPRECATED_ARCHIVE\logger.py
datetime,E:\football_v\99_DOCUMENTATION\architecture_cleanup\FINAL_CLEANUP_V3.0\DEPRECATED_ARCHIVE\logger.py
os,E:\football_v\99_DOCUMENTATION\backup\Core_Backup_V1.2\core\logger.py
datetime,E:\football_v\99_DOCUMENTATION\backup\Core_Backup_V1.2\core\logger.py
os,E:\football_v\99_DOCUMENTATION\backup\Storage_Merge_V1.0\storage_manager.py
hashlib,E:\football_v\99_DOCUMENTATION\backup\Storage_Merge_V1.0\storage_manager.py
datetime,E:\football_v\99_DOCUMENTATION\backup\Storage_Merge_V1.0\storage_manager.py
os,E:\football_v\99_DOCUMENTATION\checkpoints\file_service_backup_v11\file_service_backup.py
shutil,E:\football_v\99_DOCUMENTATION\checkpoints\file_service_backup_v11\file_service_backup.py
hashlib,E:\football_v\99_DOCUMENTATION\checkpoints\hash_service_backup_v11\hash_service_backup.py
os,E:\football_v\99_DOCUMENTATION\checkpoints\version_service_backup_v11\version_service_backup.py
os,E:\football_v\99_DOCUMENTATION\tools\save_checkpoint.py
datetime,E:\football_v\99_DOCUMENTATION\tools\save_checkpoint.py
os,E:\football_v\archive\logger_migration\setup_logger_module.py
json,E:\football_v\archive\logger_migration\setup_logger_module.py
pathlib,E:\football_v\deploy\deploy_v15_phase2_patch3.py
os,E:\football_v\deploy\deploy_v15_phase3_11_knowledge_graph.py
json,E:\football_v\deploy\deploy_v15_phase3_11_knowledge_graph.py
os,E:\football_v\deploy\deploy_v15_phase3_3_reasoning.py
json,E:\football_v\deploy\deploy_v15_phase3_3_reasoning.py
os,E:\football_v\deploy\deploy_v15_phase3_4.py
json,E:\football_v\deploy\deploy_v15_phase3_4.py
os,E:\football_v\deploy\deploy_v15_phase3_5.py
json,E:\football_v\deploy\deploy_v15_phase3_5.py
os,E:\football_v\deploy\deploy_v15_phase3_6.py
json,E:\football_v\deploy\deploy_v15_phase3_6.py
os,E:\football_v\deploy\deploy_v15_phase3_7_real.py
json,E:\football_v\deploy\deploy_v15_phase3_7_real.py
os,E:\football_v\deploy\deploy_v15_phase5_core.py
json,E:\football_v\deploy\deploy_v15_phase5_core.py
os,E:\football_v\deploy\deploy_v15_phase6_training.py
json,E:\football_v\deploy\deploy_v15_phase6_training.py
os,E:\football_v\deployment_scripts\deploy_remaining_batch_V1.5.py
json,E:\football_v\deployment_scripts\deploy_remaining_batch_V1.5.py
datetime,E:\football_v\deployment_scripts\deploy_remaining_batch_V1.5.py
command_router,E:\football_v\USER_INTERFACE_LAYER\chat_runtime.py
api_connector,E:\football_v\USER_INTERFACE_LAYER\chat_runtime.py
