called_function,file,error
,E:\football_v\check_db_tables.py,"invalid non-printable character U+FEFF (<unknown>, line 1)"
,E:\football_v\database_inspector.py,"invalid non-printable character U+FEFF (<unknown>, line 1)"
,E:\football_v\database_migration_engine_V1.0.py,"invalid non-printable character U+FEFF (<unknown>, line 1)"
,E:\football_v\deploy_ai_intelligence_V2.0.py,"invalid non-printable character U+FEFF (<unknown>, line 1)"
,E:\football_v\deploy_console_v1_1.py,"invalid non-printable character U+FEFF (<unknown>, line 1)"
,E:\football_v\deploy_integration_test_V1.5.py,"invalid non-printable character U+FEFF (<unknown>, line 1)"
,E:\football_v\deploy_integration_validation_V1.5.py,"invalid non-printable character U+FEFF (<unknown>, line 1)"
,E:\football_v\deploy_phase51_55.py,"invalid non-printable character U+FEFF (<unknown>, line 1)"
,E:\football_v\deploy_phase56_60.py,"invalid non-printable character U+FEFF (<unknown>, line 1)"
open,E:\football_v\deploy_remaining_modules_V1.5_FINAL.py,
write_file,E:\football_v\deploy_remaining_modules_V1.5_FINAL.py,
str,E:\football_v\deploy_remaining_modules_V1.5_FINAL.py,
open,E:\football_v\deploy_remaining_modules_V1.5_FINAL.py,
list,E:\football_v\deploy_remaining_modules_V1.5_FINAL.py,
str,E:\football_v\deploy_remaining_modules_V1.5_FINAL.py,
open,E:\football_v\deploy_remaining_modules_V1.5_FINAL.py,
print,E:\football_v\deploy_v15_phase2_patch3.py,
open,E:\football_v\deploy_v15_phase2_patch3.py,
,E:\football_v\final_deploy.py,"invalid non-printable character U+FEFF (<unknown>, line 1)"
,E:\football_v\fix_integration_report_schema_V1.5.py,"invalid non-printable character U+FEFF (<unknown>, line 1)"
,E:\football_v\legacy_delete_check.py,"invalid non-printable character U+FEFF (<unknown>, line 1)"
,E:\football_v\migration_test.py,"invalid non-printable character U+FEFF (<unknown>, line 1)"
,E:\football_v\phase1_python_asset_scan.py,"invalid non-printable character U+FEFF (<unknown>, line 1)"
,E:\football_v\phase2_function_scan.py,"invalid non-printable character U+FEFF (<unknown>, line 1)"
,E:\football_v\phase3_call_graph_scan.py,"invalid non-printable character U+FEFF (<unknown>, line 1)"
,E:\football_v\release_final_patch_V2.0.1.py,"invalid non-printable character U+FEFF (<unknown>, line 1)"
,E:\football_v\release_integration_V2.0.py,"invalid non-printable character U+FEFF (<unknown>, line 1)"
,E:\football_v\release_validation_V1.5.py,"invalid non-printable character U+FEFF (<unknown>, line 1)"
,E:\football_v\test_ai_intelligence_V2.0.py,"invalid non-printable character U+FEFF (<unknown>, line 1)"
,E:\football_v\validate_release_V2.0.py,"invalid non-printable character U+FEFF (<unknown>, line 1)"
_wrapper,E:\football_v\.venv\Lib\site-packages\pip\__init__.py,
str,E:\football_v\.venv\Lib\site-packages\pip\__pip-runner__.py,
str,E:\football_v\.venv\Lib\site-packages\pip\_internal\build_env.py,
hasattr,E:\football_v\.venv\Lib\site-packages\pip\_internal\build_env.py,
get_purelib,E:\football_v\.venv\Lib\site-packages\pip\_internal\build_env.py,
get_platlib,E:\football_v\.venv\Lib\site-packages\pip\_internal\build_env.py,
get_scheme,E:\football_v\.venv\Lib\site-packages\pip\_internal\build_env.py,
_dedup,E:\football_v\.venv\Lib\site-packages\pip\_internal\build_env.py,
TempDirectory,E:\football_v\.venv\Lib\site-packages\pip\_internal\build_env.py,
OrderedDict,E:\football_v\.venv\Lib\site-packages\pip\_internal\build_env.py,
reversed,E:\football_v\.venv\Lib\site-packages\pip\_internal\build_env.py,
_get_system_sitepackages,E:\football_v\.venv\Lib\site-packages\pip\_internal\build_env.py,
list,E:\football_v\.venv\Lib\site-packages\pip\_internal\build_env.py,
open,E:\football_v\.venv\Lib\site-packages\pip\_internal\build_env.py,
_Prefix,E:\football_v\.venv\Lib\site-packages\pip\_internal\build_env.py,
set,E:\football_v\.venv\Lib\site-packages\pip\_internal\build_env.py,
set,E:\football_v\.venv\Lib\site-packages\pip\_internal\build_env.py,
hasattr,E:\football_v\.venv\Lib\site-packages\pip\_internal\build_env.py,
get_environment,E:\football_v\.venv\Lib\site-packages\pip\_internal\build_env.py,
get_default_environment,E:\football_v\.venv\Lib\site-packages\pip\_internal\build_env.py,
get_requirement,E:\football_v\.venv\Lib\site-packages\pip\_internal\build_env.py,
isinstance,E:\football_v\.venv\Lib\site-packages\pip\_internal\build_env.py,
get_runnable_pip,E:\football_v\.venv\Lib\site-packages\pip\_internal\build_env.py,
getattr,E:\football_v\.venv\Lib\site-packages\pip\_internal\build_env.py,
open_spinner,E:\football_v\.venv\Lib\site-packages\pip\_internal\build_env.py,
call_subprocess,E:\football_v\.venv\Lib\site-packages\pip\_internal\build_env.py,
sorted,E:\football_v\.venv\Lib\site-packages\pip\_internal\build_env.py,
NotImplementedError,E:\football_v\.venv\Lib\site-packages\pip\_internal\build_env.py,
super,E:\football_v\.venv\Lib\site-packages\pip\_internal\cache.py,
interpreter_name,E:\football_v\.venv\Lib\site-packages\pip\_internal\cache.py,
interpreter_version,E:\football_v\.venv\Lib\site-packages\pip\_internal\cache.py,
_hash_dict,E:\football_v\.venv\Lib\site-packages\pip\_internal\cache.py,
NotImplementedError,E:\football_v\.venv\Lib\site-packages\pip\_internal\cache.py,
NotImplementedError,E:\football_v\.venv\Lib\site-packages\pip\_internal\cache.py,
super,E:\football_v\.venv\Lib\site-packages\pip\_internal\cache.py,
canonicalize_name,E:\football_v\.venv\Lib\site-packages\pip\_internal\cache.py,
min,E:\football_v\.venv\Lib\site-packages\pip\_internal\cache.py,
Link,E:\football_v\.venv\Lib\site-packages\pip\_internal\cache.py,
path_to_url,E:\football_v\.venv\Lib\site-packages\pip\_internal\cache.py,
Wheel,E:\football_v\.venv\Lib\site-packages\pip\_internal\cache.py,
canonicalize_name,E:\football_v\.venv\Lib\site-packages\pip\_internal\cache.py,
TempDirectory,E:\football_v\.venv\Lib\site-packages\pip\_internal\cache.py,
super,E:\football_v\.venv\Lib\site-packages\pip\_internal\cache.py,
Path,E:\football_v\.venv\Lib\site-packages\pip\_internal\cache.py,
SimpleWheelCache,E:\football_v\.venv\Lib\site-packages\pip\_internal\cache.py,
EphemWheelCache,E:\football_v\.venv\Lib\site-packages\pip\_internal\cache.py,
super,E:\football_v\.venv\Lib\site-packages\pip\_internal\cache.py,
CacheEntry,E:\football_v\.venv\Lib\site-packages\pip\_internal\cache.py,
CacheEntry,E:\football_v\.venv\Lib\site-packages\pip\_internal\cache.py,
Path,E:\football_v\.venv\Lib\site-packages\pip\_internal\cache.py,
ConfigurationError,E:\football_v\.venv\Lib\site-packages\pip\_internal\configuration.py,
ConfigurationError,E:\football_v\.venv\Lib\site-packages\pip\_internal\configuration.py,
super,E:\football_v\.venv\Lib\site-packages\pip\_internal\configuration.py,
map,E:\football_v\.venv\Lib\site-packages\pip\_internal\configuration.py,
_normalize_name,E:\football_v\.venv\Lib\site-packages\pip\_internal\configuration.py,
_disassemble_key,E:\football_v\.venv\Lib\site-packages\pip\_internal\configuration.py,
ConfigurationError,E:\football_v\.venv\Lib\site-packages\pip\_internal\configuration.py,
_normalize_name,E:\football_v\.venv\Lib\site-packages\pip\_internal\configuration.py,
_disassemble_key,E:\football_v\.venv\Lib\site-packages\pip\_internal\configuration.py,
_normalize_name,E:\football_v\.venv\Lib\site-packages\pip\_internal\configuration.py,
ConfigurationError,E:\football_v\.venv\Lib\site-packages\pip\_internal\configuration.py,
_disassemble_key,E:\football_v\.venv\Lib\site-packages\pip\_internal\configuration.py,
ConfigurationError,E:\football_v\.venv\Lib\site-packages\pip\_internal\configuration.py,
ensure_dir,E:\football_v\.venv\Lib\site-packages\pip\_internal\configuration.py,
open,E:\football_v\.venv\Lib\site-packages\pip\_internal\configuration.py,
ConfigurationError,E:\football_v\.venv\Lib\site-packages\pip\_internal\configuration.py,
ConfigurationError,E:\football_v\.venv\Lib\site-packages\pip\_internal\configuration.py,
dict,E:\football_v\.venv\Lib\site-packages\pip\_internal\configuration.py,
ConfigurationFileCouldNotBeLoaded,E:\football_v\.venv\Lib\site-packages\pip\_internal\configuration.py,
ConfigurationFileCouldNotBeLoaded,E:\football_v\.venv\Lib\site-packages\pip\_internal\configuration.py,
_normalize_name,E:\football_v\.venv\Lib\site-packages\pip\_internal\configuration.py,
get_configuration_files,E:\football_v\.venv\Lib\site-packages\pip\_internal\configuration.py,
ConfigurationError,E:\football_v\.venv\Lib\site-packages\pip\_internal\configuration.py,
isinstance,E:\football_v\.venv\Lib\site-packages\pip\_internal\exceptions.py,
_is_kebab_case,E:\football_v\.venv\Lib\site-packages\pip\_internal\exceptions.py,
hasattr,E:\football_v\.venv\Lib\site-packages\pip\_internal\exceptions.py,
super,E:\football_v\.venv\Lib\site-packages\pip\_internal\exceptions.py,
_prefix_with_indent,E:\football_v\.venv\Lib\site-packages\pip\_internal\exceptions.py,
_prefix_with_indent,E:\football_v\.venv\Lib\site-packages\pip\_internal\exceptions.py,
_prefix_with_indent,E:\football_v\.venv\Lib\site-packages\pip\_internal\exceptions.py,
_prefix_with_indent,E:\football_v\.venv\Lib\site-packages\pip\_internal\exceptions.py,
_prefix_with_indent,E:\football_v\.venv\Lib\site-packages\pip\_internal\exceptions.py,
super,E:\football_v\.venv\Lib\site-packages\pip\_internal\exceptions.py,
Text,E:\football_v\.venv\Lib\site-packages\pip\_internal\exceptions.py,
Text,E:\football_v\.venv\Lib\site-packages\pip\_internal\exceptions.py,
escape,E:\football_v\.venv\Lib\site-packages\pip\_internal\exceptions.py,
super,E:\football_v\.venv\Lib\site-packages\pip\_internal\exceptions.py,
Text,E:\football_v\.venv\Lib\site-packages\pip\_internal\exceptions.py,
Text,E:\football_v\.venv\Lib\site-packages\pip\_internal\exceptions.py,
escape,E:\football_v\.venv\Lib\site-packages\pip\_internal\exceptions.py,
str,E:\football_v\.venv\Lib\site-packages\pip\_internal\exceptions.py,
hasattr,E:\football_v\.venv\Lib\site-packages\pip\_internal\exceptions.py,
super,E:\football_v\.venv\Lib\site-packages\pip\_internal\exceptions.py,
str,E:\football_v\.venv\Lib\site-packages\pip\_internal\exceptions.py,
Text,E:\football_v\.venv\Lib\site-packages\pip\_internal\exceptions.py,
super,E:\football_v\.venv\Lib\site-packages\pip\_internal\exceptions.py,
Text,E:\football_v\.venv\Lib\site-packages\pip\_internal\exceptions.py,
escape,E:\football_v\.venv\Lib\site-packages\pip\_internal\exceptions.py,
len,E:\football_v\.venv\Lib\site-packages\pip\_internal\exceptions.py,
super,E:\football_v\.venv\Lib\site-packages\pip\_internal\exceptions.py,
escape,E:\football_v\.venv\Lib\site-packages\pip\_internal\exceptions.py,
groupby,E:\football_v\.venv\Lib\site-packages\pip\_internal\exceptions.py,
bool,E:\football_v\.venv\Lib\site-packages\pip\_internal\exceptions.py,
str,E:\football_v\.venv\Lib\site-packages\pip\_internal\exceptions.py,
getattr,E:\football_v\.venv\Lib\site-packages\pip\_internal\exceptions.py,
chain,E:\football_v\.venv\Lib\site-packages\pip\_internal\exceptions.py,
hash_then_or,E:\football_v\.venv\Lib\site-packages\pip\_internal\exceptions.py,
repeat,E:\football_v\.venv\Lib\site-packages\pip\_internal\exceptions.py,
next,E:\football_v\.venv\Lib\site-packages\pip\_internal\exceptions.py,
super,E:\football_v\.venv\Lib\site-packages\pip\_internal\exceptions.py,
Text,E:\football_v\.venv\Lib\site-packages\pip\_internal\exceptions.py,
Text,E:\football_v\.venv\Lib\site-packages\pip\_internal\exceptions.py,
super,E:\football_v\.venv\Lib\site-packages\pip\_internal\exceptions.py,
Text,E:\football_v\.venv\Lib\site-packages\pip\_internal\exceptions.py,
cls,E:\football_v\.venv\Lib\site-packages\pip\_internal\exceptions.py,
cls,E:\football_v\.venv\Lib\site-packages\pip\_internal\exceptions.py,
Text,E:\football_v\.venv\Lib\site-packages\pip\_internal\exceptions.py,
super,E:\football_v\.venv\Lib\site-packages\pip\_internal\exceptions.py,
Text,E:\football_v\.venv\Lib\site-packages\pip\_internal\exceptions.py,
super,E:\football_v\.venv\Lib\site-packages\pip\_internal\exceptions.py,
Text,E:\football_v\.venv\Lib\site-packages\pip\_internal\exceptions.py,
isinstance,E:\football_v\.venv\Lib\site-packages\pip\_internal\exceptions.py,
super,E:\football_v\.venv\Lib\site-packages\pip\_internal\exceptions.py,
Text,E:\football_v\.venv\Lib\site-packages\pip\_internal\exceptions.py,
chain,E:\football_v\.venv\Lib\site-packages\pip\_internal\exceptions.py,
repeat,E:\football_v\.venv\Lib\site-packages\pip\_internal\exceptions.py,
_wrapper,E:\football_v\.venv\Lib\site-packages\pip\_internal\main.py,
isinstance,E:\football_v\.venv\Lib\site-packages\pip\_internal\pyproject.py,
all,E:\football_v\.venv\Lib\site-packages\pip\_internal\pyproject.py,
isinstance,E:\football_v\.venv\Lib\site-packages\pip\_internal\pyproject.py,
BuildSystemDetails,E:\football_v\.venv\Lib\site-packages\pip\_internal\pyproject.py,
InstallationError,E:\football_v\.venv\Lib\site-packages\pip\_internal\pyproject.py,
MissingPyProjectBuildRequires,E:\football_v\.venv\Lib\site-packages\pip\_internal\pyproject.py,
_is_list_of_str,E:\football_v\.venv\Lib\site-packages\pip\_internal\pyproject.py,
InvalidPyProjectBuildRequires,E:\football_v\.venv\Lib\site-packages\pip\_internal\pyproject.py,
open,E:\football_v\.venv\Lib\site-packages\pip\_internal\pyproject.py,
InstallationError,E:\football_v\.venv\Lib\site-packages\pip\_internal\pyproject.py,
get_requirement,E:\football_v\.venv\Lib\site-packages\pip\_internal\pyproject.py,
InstallationError,E:\football_v\.venv\Lib\site-packages\pip\_internal\pyproject.py,
InvalidPyProjectBuildRequires,E:\football_v\.venv\Lib\site-packages\pip\_internal\pyproject.py,
get_default_environment,E:\football_v\.venv\Lib\site-packages\pip\_internal\self_outdated_check.py,
SelectionPreferences,E:\football_v\.venv\Lib\site-packages\pip\_internal\self_outdated_check.py,
str,E:\football_v\.venv\Lib\site-packages\pip\_internal\self_outdated_check.py,
parse_version,E:\football_v\.venv\Lib\site-packages\pip\_internal\self_outdated_check.py,
was_installed_by_pip,E:\football_v\.venv\Lib\site-packages\pip\_internal\self_outdated_check.py,
get_remote_version,E:\football_v\.venv\Lib\site-packages\pip\_internal\self_outdated_check.py,
UpgradePrompt,E:\football_v\.venv\Lib\site-packages\pip\_internal\self_outdated_check.py,
str,E:\football_v\.venv\Lib\site-packages\pip\_internal\self_outdated_check.py,
_self_version_check_logic,E:\football_v\.venv\Lib\site-packages\pip\_internal\self_outdated_check.py,
check_externally_managed,E:\football_v\.venv\Lib\site-packages\pip\_internal\self_outdated_check.py,
get_default_environment,E:\football_v\.venv\Lib\site-packages\pip\_internal\self_outdated_check.py,
SelfCheckState,E:\football_v\.venv\Lib\site-packages\pip\_internal\self_outdated_check.py,
_get_statefile_name,E:\football_v\.venv\Lib\site-packages\pip\_internal\self_outdated_check.py,
open,E:\football_v\.venv\Lib\site-packages\pip\_internal\self_outdated_check.py,
_convert_date,E:\football_v\.venv\Lib\site-packages\pip\_internal\self_outdated_check.py,
ensure_dir,E:\football_v\.venv\Lib\site-packages\pip\_internal\self_outdated_check.py,
check_path_owner,E:\football_v\.venv\Lib\site-packages\pip\_internal\self_outdated_check.py,
adjacent_tmp_file,E:\football_v\.venv\Lib\site-packages\pip\_internal\self_outdated_check.py,
replace,E:\football_v\.venv\Lib\site-packages\pip\_internal\self_outdated_check.py,
Group,E:\football_v\.venv\Lib\site-packages\pip\_internal\self_outdated_check.py,
get_best_invocation_for_this_pip,E:\football_v\.venv\Lib\site-packages\pip\_internal\self_outdated_check.py,
Text,E:\football_v\.venv\Lib\site-packages\pip\_internal\self_outdated_check.py,
get_best_invocation_for_this_python,E:\football_v\.venv\Lib\site-packages\pip\_internal\self_outdated_check.py,
escape,E:\football_v\.venv\Lib\site-packages\pip\_internal\self_outdated_check.py,
bool,E:\football_v\.venv\Lib\site-packages\pip\_internal\wheel_builder.py,
_should_build,E:\football_v\.venv\Lib\site-packages\pip\_internal\wheel_builder.py,
_should_build,E:\football_v\.venv\Lib\site-packages\pip\_internal\wheel_builder.py,
_contains_egg_info,E:\football_v\.venv\Lib\site-packages\pip\_internal\wheel_builder.py,
bool,E:\football_v\.venv\Lib\site-packages\pip\_internal\wheel_builder.py,
_should_cache,E:\football_v\.venv\Lib\site-packages\pip\_internal\wheel_builder.py,
canonicalize_name,E:\football_v\.venv\Lib\site-packages\pip\_internal\wheel_builder.py,
Wheel,E:\football_v\.venv\Lib\site-packages\pip\_internal\wheel_builder.py,
get_wheel_distribution,E:\football_v\.venv\Lib\site-packages\pip\_internal\wheel_builder.py,
str,E:\football_v\.venv\Lib\site-packages\pip\_internal\wheel_builder.py,
canonicalize_name,E:\football_v\.venv\Lib\site-packages\pip\_internal\wheel_builder.py,
InvalidWheelFilename,E:\football_v\.venv\Lib\site-packages\pip\_internal\wheel_builder.py,
FilesystemWheel,E:\football_v\.venv\Lib\site-packages\pip\_internal\wheel_builder.py,
canonicalize_version,E:\football_v\.venv\Lib\site-packages\pip\_internal\wheel_builder.py,
canonicalize_version,E:\football_v\.venv\Lib\site-packages\pip\_internal\wheel_builder.py,
InvalidWheelFilename,E:\football_v\.venv\Lib\site-packages\pip\_internal\wheel_builder.py,
UnsupportedWheel,E:\football_v\.venv\Lib\site-packages\pip\_internal\wheel_builder.py,
Version,E:\football_v\.venv\Lib\site-packages\pip\_internal\wheel_builder.py,
UnsupportedWheel,E:\football_v\.venv\Lib\site-packages\pip\_internal\wheel_builder.py,
UnsupportedWheel,E:\football_v\.venv\Lib\site-packages\pip\_internal\wheel_builder.py,
Version,E:\football_v\.venv\Lib\site-packages\pip\_internal\wheel_builder.py,
isinstance,E:\football_v\.venv\Lib\site-packages\pip\_internal\wheel_builder.py,
ensure_dir,E:\football_v\.venv\Lib\site-packages\pip\_internal\wheel_builder.py,
_build_one_inside_env,E:\football_v\.venv\Lib\site-packages\pip\_internal\wheel_builder.py,
_verify_one,E:\football_v\.venv\Lib\site-packages\pip\_internal\wheel_builder.py,
TempDirectory,E:\football_v\.venv\Lib\site-packages\pip\_internal\wheel_builder.py,
build_wheel_legacy,E:\football_v\.venv\Lib\site-packages\pip\_internal\wheel_builder.py,
_clean_one_legacy,E:\football_v\.venv\Lib\site-packages\pip\_internal\wheel_builder.py,
build_wheel_editable,E:\football_v\.venv\Lib\site-packages\pip\_internal\wheel_builder.py,
build_wheel_pep517,E:\football_v\.venv\Lib\site-packages\pip\_internal\wheel_builder.py,
hash_file,E:\football_v\.venv\Lib\site-packages\pip\_internal\wheel_builder.py,
make_setuptools_clean_args,E:\football_v\.venv\Lib\site-packages\pip\_internal\wheel_builder.py,
call_subprocess,E:\football_v\.venv\Lib\site-packages\pip\_internal\wheel_builder.py,
indent_log,E:\football_v\.venv\Lib\site-packages\pip\_internal\wheel_builder.py,
_get_cache_dir,E:\football_v\.venv\Lib\site-packages\pip\_internal\wheel_builder.py,
_build_one,E:\football_v\.venv\Lib\site-packages\pip\_internal\wheel_builder.py,
Link,E:\football_v\.venv\Lib\site-packages\pip\_internal\wheel_builder.py,
path_to_url,E:\football_v\.venv\Lib\site-packages\pip\_internal\wheel_builder.py,
_wrapper,E:\football_v\.venv\Lib\site-packages\pip\_internal\__init__.py,
int,E:\football_v\.venv\Lib\site-packages\pip\_internal\cli\autocompletion.py,
create_main_parser,E:\football_v\.venv\Lib\site-packages\pip\_internal\cli\autocompletion.py,
list,E:\football_v\.venv\Lib\site-packages\pip\_internal\cli\autocompletion.py,
create_command,E:\football_v\.venv\Lib\site-packages\pip\_internal\cli\autocompletion.py,
get_path_completion_type,E:\football_v\.venv\Lib\site-packages\pip\_internal\cli\autocompletion.py,
print,E:\football_v\.venv\Lib\site-packages\pip\_internal\cli\autocompletion.py,
get_default_environment,E:\football_v\.venv\Lib\site-packages\pip\_internal\cli\autocompletion.py,
auto_complete_paths,E:\football_v\.venv\Lib\site-packages\pip\_internal\cli\autocompletion.py,
auto_complete_paths,E:\football_v\.venv\Lib\site-packages\pip\_internal\cli\autocompletion.py,
print,E:\football_v\.venv\Lib\site-packages\pip\_internal\cli\autocompletion.py,
get_path_completion_type,E:\football_v\.venv\Lib\site-packages\pip\_internal\cli\autocompletion.py,
print,E:\football_v\.venv\Lib\site-packages\pip\_internal\cli\autocompletion.py,
list,E:\football_v\.venv\Lib\site-packages\pip\_internal\cli\autocompletion.py,
print,E:\football_v\.venv\Lib\site-packages\pip\_internal\cli\autocompletion.py,
auto_complete_paths,E:\football_v\.venv\Lib\site-packages\pip\_internal\cli\autocompletion.py,
str,E:\football_v\.venv\Lib\site-packages\pip\_internal\cli\autocompletion.py,
any,E:\football_v\.venv\Lib\site-packages\pip\_internal\cli\autocompletion.py,
ConfigOptionParser,E:\football_v\.venv\Lib\site-packages\pip\_internal\cli\base_command.py,
super,E:\football_v\.venv\Lib\site-packages\pip\_internal\cli\base_command.py,
UpdatingDefaultsHelpFormatter,E:\football_v\.venv\Lib\site-packages\pip\_internal\cli\base_command.py,
get_prog,E:\football_v\.venv\Lib\site-packages\pip\_internal\cli\base_command.py,
hasattr,E:\football_v\.venv\Lib\site-packages\pip\_internal\cli\base_command.py,
_inner_run,E:\football_v\.venv\Lib\site-packages\pip\_internal\cli\base_command.py,
_inner_run,E:\football_v\.venv\Lib\site-packages\pip\_internal\cli\base_command.py,
isinstance,E:\football_v\.venv\Lib\site-packages\pip\_internal\cli\base_command.py,
print,E:\football_v\.venv\Lib\site-packages\pip\_internal\cli\base_command.py,
str,E:\football_v\.venv\Lib\site-packages\pip\_internal\cli\base_command.py,
str,E:\football_v\.venv\Lib\site-packages\pip\_internal\cli\base_command.py,
reconfigure,E:\football_v\.venv\Lib\site-packages\pip\_internal\cli\base_command.py,
setup_logging,E:\football_v\.venv\Lib\site-packages\pip\_internal\cli\base_command.py,
tempdir_registry,E:\football_v\.venv\Lib\site-packages\pip\_internal\cli\base_command.py,
global_tempdir_manager,E:\football_v\.venv\Lib\site-packages\pip\_internal\cli\base_command.py,
set,E:\football_v\.venv\Lib\site-packages\pip\_internal\cli\base_command.py,
set,E:\football_v\.venv\Lib\site-packages\pip\_internal\cli\base_command.py,
normalize_path,E:\football_v\.venv\Lib\site-packages\pip\_internal\cli\base_command.py,
deprecated,E:\football_v\.venv\Lib\site-packages\pip\_internal\cli\base_command.py,
running_under_virtualenv,E:\football_v\.venv\Lib\site-packages\pip\_internal\cli\base_command.py,
check_path_owner,E:\football_v\.venv\Lib\site-packages\pip\_internal\cli\base_command.py,
sorted,E:\football_v\.venv\Lib\site-packages\pip\_internal\cli\base_command.py,
OptionGroup,E:\football_v\.venv\Lib\site-packages\pip\_internal\cli\cmdoptions.py,
option,E:\football_v\.venv\Lib\site-packages\pip\_internal\cli\cmdoptions.py,
any,E:\football_v\.venv\Lib\site-packages\pip\_internal\cli\cmdoptions.py,
FormatControl,E:\football_v\.venv\Lib\site-packages\pip\_internal\cli\cmdoptions.py,
set,E:\football_v\.venv\Lib\site-packages\pip\_internal\cli\cmdoptions.py,
CommandError,E:\football_v\.venv\Lib\site-packages\pip\_internal\cli\cmdoptions.py,
CommandError,E:\football_v\.venv\Lib\site-packages\pip\_internal\cli\cmdoptions.py,
canonicalize_name,E:\football_v\.venv\Lib\site-packages\pip\_internal\cli\cmdoptions.py,
Option,E:\football_v\.venv\Lib\site-packages\pip\_internal\cli\cmdoptions.py,
Option,E:\football_v\.venv\Lib\site-packages\pip\_internal\cli\cmdoptions.py,
Option,E:\football_v\.venv\Lib\site-packages\pip\_internal\cli\cmdoptions.py,
Option,E:\football_v\.venv\Lib\site-packages\pip\_internal\cli\cmdoptions.py,
Option,E:\football_v\.venv\Lib\site-packages\pip\_internal\cli\cmdoptions.py,
Option,E:\football_v\.venv\Lib\site-packages\pip\_internal\cli\cmdoptions.py,
Option,E:\football_v\.venv\Lib\site-packages\pip\_internal\cli\cmdoptions.py,
setattr,E:\football_v\.venv\Lib\site-packages\pip\_internal\cli\cmdoptions.py,
getattr,E:\football_v\.venv\Lib\site-packages\pip\_internal\cli\cmdoptions.py,
_get_format_control,E:\football_v\.venv\Lib\site-packages\pip\_internal\cli\cmdoptions.py,
_get_format_control,E:\football_v\.venv\Lib\site-packages\pip\_internal\cli\cmdoptions.py,
FormatControl,E:\football_v\.venv\Lib\site-packages\pip\_internal\cli\cmdoptions.py,
Option,E:\football_v\.venv\Lib\site-packages\pip\_internal\cli\cmdoptions.py,
set,E:\football_v\.venv\Lib\site-packages\pip\_internal\cli\cmdoptions.py,
set,E:\football_v\.venv\Lib\site-packages\pip\_internal\cli\cmdoptions.py,
FormatControl,E:\football_v\.venv\Lib\site-packages\pip\_internal\cli\cmdoptions.py,
Option,E:\football_v\.venv\Lib\site-packages\pip\_internal\cli\cmdoptions.py,
set,E:\football_v\.venv\Lib\site-packages\pip\_internal\cli\cmdoptions.py,
set,E:\football_v\.venv\Lib\site-packages\pip\_internal\cli\cmdoptions.py,
len,E:\football_v\.venv\Lib\site-packages\pip\_internal\cli\cmdoptions.py,
len,E:\football_v\.venv\Lib\site-packages\pip\_internal\cli\cmdoptions.py,
tuple,E:\football_v\.venv\Lib\site-packages\pip\_internal\cli\cmdoptions.py,
len,E:\football_v\.venv\Lib\site-packages\pip\_internal\cli\cmdoptions.py,
int,E:\football_v\.venv\Lib\site-packages\pip\_internal\cli\cmdoptions.py,
_convert_python_version,E:\football_v\.venv\Lib\site-packages\pip\_internal\cli\cmdoptions.py,
raise_option_error,E:\football_v\.venv\Lib\site-packages\pip\_internal\cli\cmdoptions.py,
platforms,E:\football_v\.venv\Lib\site-packages\pip\_internal\cli\cmdoptions.py,
python_version,E:\football_v\.venv\Lib\site-packages\pip\_internal\cli\cmdoptions.py,
implementation,E:\football_v\.venv\Lib\site-packages\pip\_internal\cli\cmdoptions.py,
abis,E:\football_v\.venv\Lib\site-packages\pip\_internal\cli\cmdoptions.py,
TargetPython,E:\football_v\.venv\Lib\site-packages\pip\_internal\cli\cmdoptions.py,
Option,E:\football_v\.venv\Lib\site-packages\pip\_internal\cli\cmdoptions.py,
strtobool,E:\football_v\.venv\Lib\site-packages\pip\_internal\cli\cmdoptions.py,
raise_option_error,E:\football_v\.venv\Lib\site-packages\pip\_internal\cli\cmdoptions.py,
str,E:\football_v\.venv\Lib\site-packages\pip\_internal\cli\cmdoptions.py,
raise_option_error,E:\football_v\.venv\Lib\site-packages\pip\_internal\cli\cmdoptions.py,
all,E:\football_v\.venv\Lib\site-packages\pip\_internal\cli\cmdoptions.py,
raise_option_error,E:\football_v\.venv\Lib\site-packages\pip\_internal\cli\cmdoptions.py,
getattr,E:\football_v\.venv\Lib\site-packages\pip\_internal\cli\cmdoptions.py,
setattr,E:\football_v\.venv\Lib\site-packages\pip\_internal\cli\cmdoptions.py,
isinstance,E:\football_v\.venv\Lib\site-packages\pip\_internal\cli\cmdoptions.py,
CommandError,E:\football_v\.venv\Lib\site-packages\pip\_internal\cli\cmdoptions.py,
ExitStack,E:\football_v\.venv\Lib\site-packages\pip\_internal\cli\command_context.py,
super,E:\football_v\.venv\Lib\site-packages\pip\_internal\cli\command_context.py,
check,E:\football_v\.venv\Lib\site-packages\pip\_internal\cli\index_command.py,
super,E:\football_v\.venv\Lib\site-packages\pip\_internal\cli\index_command.py,
getattr,E:\football_v\.venv\Lib\site-packages\pip\_internal\cli\index_command.py,
getattr,E:\football_v\.venv\Lib\site-packages\pip\_internal\cli\index_command.py,
getattr,E:\football_v\.venv\Lib\site-packages\pip\_internal\cli\index_command.py,
PipSession,E:\football_v\.venv\Lib\site-packages\pip\_internal\cli\index_command.py,
_create_truststore_ssl_context,E:\football_v\.venv\Lib\site-packages\pip\_internal\cli\index_command.py,
hasattr,E:\football_v\.venv\Lib\site-packages\pip\_internal\cli\index_command.py,
_pip_self_version_check,E:\football_v\.venv\Lib\site-packages\pip\_internal\cli\index_command.py,
min,E:\football_v\.venv\Lib\site-packages\pip\_internal\cli\index_command.py,
autocomplete,E:\football_v\.venv\Lib\site-packages\pip\_internal\cli\main.py,
create_command,E:\football_v\.venv\Lib\site-packages\pip\_internal\cli\main.py,
parse_command,E:\football_v\.venv\Lib\site-packages\pip\_internal\cli\main.py,
ConfigOptionParser,E:\football_v\.venv\Lib\site-packages\pip\_internal\cli\main_parser.py,
get_pip_version,E:\football_v\.venv\Lib\site-packages\pip\_internal\cli\main_parser.py,
UpdatingDefaultsHelpFormatter,E:\football_v\.venv\Lib\site-packages\pip\_internal\cli\main_parser.py,
get_prog,E:\football_v\.venv\Lib\site-packages\pip\_internal\cli\main_parser.py,
create_main_parser,E:\football_v\.venv\Lib\site-packages\pip\_internal\cli\main_parser.py,
identify_python_interpreter,E:\football_v\.venv\Lib\site-packages\pip\_internal\cli\main_parser.py,
get_similar_commands,E:\football_v\.venv\Lib\site-packages\pip\_internal\cli\main_parser.py,
CommandError,E:\football_v\.venv\Lib\site-packages\pip\_internal\cli\main_parser.py,
CommandError,E:\football_v\.venv\Lib\site-packages\pip\_internal\cli\main_parser.py,
get_runnable_pip,E:\football_v\.venv\Lib\site-packages\pip\_internal\cli\main_parser.py,
CommandError,E:\football_v\.venv\Lib\site-packages\pip\_internal\cli\main_parser.py,
len,E:\football_v\.venv\Lib\site-packages\pip\_internal\cli\main_parser.py,
super,E:\football_v\.venv\Lib\site-packages\pip\_internal\cli\parser.py,
len,E:\football_v\.venv\Lib\site-packages\pip\_internal\cli\parser.py,
hasattr,E:\football_v\.venv\Lib\site-packages\pip\_internal\cli\parser.py,
isinstance,E:\football_v\.venv\Lib\site-packages\pip\_internal\cli\parser.py,
isinstance,E:\football_v\.venv\Lib\site-packages\pip\_internal\cli\parser.py,
super,E:\football_v\.venv\Lib\site-packages\pip\_internal\cli\parser.py,
isinstance,E:\football_v\.venv\Lib\site-packages\pip\_internal\cli\parser.py,
redact_auth_from_url,E:\football_v\.venv\Lib\site-packages\pip\_internal\cli\parser.py,
Configuration,E:\football_v\.venv\Lib\site-packages\pip\_internal\cli\parser.py,
super,E:\football_v\.venv\Lib\site-packages\pip\_internal\cli\parser.py,
print,E:\football_v\.venv\Lib\site-packages\pip\_internal\cli\parser.py,
set,E:\football_v\.venv\Lib\site-packages\pip\_internal\cli\parser.py,
getattr,E:\football_v\.venv\Lib\site-packages\pip\_internal\cli\parser.py,
strtobool,E:\football_v\.venv\Lib\site-packages\pip\_internal\cli\parser.py,
suppress,E:\football_v\.venv\Lib\site-packages\pip\_internal\cli\parser.py,
strtobool,E:\football_v\.venv\Lib\site-packages\pip\_internal\cli\parser.py,
suppress,E:\football_v\.venv\Lib\site-packages\pip\_internal\cli\parser.py,
int,E:\football_v\.venv\Lib\site-packages\pip\_internal\cli\parser.py,
isinstance,E:\football_v\.venv\Lib\site-packages\pip\_internal\cli\parser.py,
isinstance,E:\football_v\.venv\Lib\site-packages\pip\_internal\cli\parser.py,
str,E:\football_v\.venv\Lib\site-packages\pip\_internal\cli\parser.py,
Progress,E:\football_v\.venv\Lib\site-packages\pip\_internal\cli\progress_bars.py,
float,E:\football_v\.venv\Lib\site-packages\pip\_internal\cli\progress_bars.py,
TextColumn,E:\football_v\.venv\Lib\site-packages\pip\_internal\cli\progress_bars.py,
SpinnerColumn,E:\football_v\.venv\Lib\site-packages\pip\_internal\cli\progress_bars.py,
FileSizeColumn,E:\football_v\.venv\Lib\site-packages\pip\_internal\cli\progress_bars.py,
TransferSpeedColumn,E:\football_v\.venv\Lib\site-packages\pip\_internal\cli\progress_bars.py,
TimeElapsedColumn,E:\football_v\.venv\Lib\site-packages\pip\_internal\cli\progress_bars.py,
TextColumn,E:\football_v\.venv\Lib\site-packages\pip\_internal\cli\progress_bars.py,
BarColumn,E:\football_v\.venv\Lib\site-packages\pip\_internal\cli\progress_bars.py,
DownloadColumn,E:\football_v\.venv\Lib\site-packages\pip\_internal\cli\progress_bars.py,
TransferSpeedColumn,E:\football_v\.venv\Lib\site-packages\pip\_internal\cli\progress_bars.py,
TextColumn,E:\football_v\.venv\Lib\site-packages\pip\_internal\cli\progress_bars.py,
TimeRemainingColumn,E:\football_v\.venv\Lib\site-packages\pip\_internal\cli\progress_bars.py,
get_indentation,E:\football_v\.venv\Lib\site-packages\pip\_internal\cli\progress_bars.py,
len,E:\football_v\.venv\Lib\site-packages\pip\_internal\cli\progress_bars.py,
RateLimiter,E:\football_v\.venv\Lib\site-packages\pip\_internal\cli\progress_bars.py,
write_progress,E:\football_v\.venv\Lib\site-packages\pip\_internal\cli\progress_bars.py,
len,E:\football_v\.venv\Lib\site-packages\pip\_internal\cli\progress_bars.py,
write_progress,E:\football_v\.venv\Lib\site-packages\pip\_internal\cli\progress_bars.py,
configure_tempdir_registry,E:\football_v\.venv\Lib\site-packages\pip\_internal\cli\req_command.py,
func,E:\football_v\.venv\Lib\site-packages\pip\_internal\cli\req_command.py,
configure_tempdir_registry,E:\football_v\.venv\Lib\site-packages\pip\_internal\cli\req_command.py,
configure_tempdir_registry,E:\football_v\.venv\Lib\site-packages\pip\_internal\cli\req_command.py,
func,E:\football_v\.venv\Lib\site-packages\pip\_internal\cli\req_command.py,
configure_tempdir_registry,E:\football_v\.venv\Lib\site-packages\pip\_internal\cli\req_command.py,
super,E:\football_v\.venv\Lib\site-packages\pip\_internal\cli\req_command.py,
RequirementPreparer,E:\football_v\.venv\Lib\site-packages\pip\_internal\cli\req_command.py,
partial,E:\football_v\.venv\Lib\site-packages\pip\_internal\cli\req_command.py,
any,E:\football_v\.venv\Lib\site-packages\pip\_internal\cli\req_command.py,
parse_requirements,E:\football_v\.venv\Lib\site-packages\pip\_internal\cli\req_command.py,
install_req_from_line,E:\football_v\.venv\Lib\site-packages\pip\_internal\cli\req_command.py,
install_req_from_editable,E:\football_v\.venv\Lib\site-packages\pip\_internal\cli\req_command.py,
parse_requirements,E:\football_v\.venv\Lib\site-packages\pip\_internal\cli\req_command.py,
install_req_from_parsed_requirement,E:\football_v\.venv\Lib\site-packages\pip\_internal\cli\req_command.py,
install_req_from_parsed_requirement,E:\football_v\.venv\Lib\site-packages\pip\_internal\cli\req_command.py,
CommandError,E:\football_v\.venv\Lib\site-packages\pip\_internal\cli\req_command.py,
CommandError,E:\football_v\.venv\Lib\site-packages\pip\_internal\cli\req_command.py,
getattr,E:\football_v\.venv\Lib\site-packages\pip\_internal\cli\req_command.py,
getattr,E:\football_v\.venv\Lib\site-packages\pip\_internal\cli\req_command.py,
dict,E:\football_v\.venv\Lib\site-packages\pip\_internal\cli\req_command.py,
SelectionPreferences,E:\football_v\.venv\Lib\site-packages\pip\_internal\cli\req_command.py,
InteractiveSpinner,E:\football_v\.venv\Lib\site-packages\pip\_internal\cli\spinners.py,
NonInteractiveSpinner,E:\football_v\.venv\Lib\site-packages\pip\_internal\cli\spinners.py,
hidden_cursor,E:\football_v\.venv\Lib\site-packages\pip\_internal\cli\spinners.py,
NotImplementedError,E:\football_v\.venv\Lib\site-packages\pip\_internal\cli\spinners.py,
NotImplementedError,E:\football_v\.venv\Lib\site-packages\pip\_internal\cli\spinners.py,
RateLimiter,E:\football_v\.venv\Lib\site-packages\pip\_internal\cli\spinners.py,
get_indentation,E:\football_v\.venv\Lib\site-packages\pip\_internal\cli\spinners.py,
len,E:\football_v\.venv\Lib\site-packages\pip\_internal\cli\spinners.py,
next,E:\football_v\.venv\Lib\site-packages\pip\_internal\cli\spinners.py,
RateLimiter,E:\football_v\.venv\Lib\site-packages\pip\_internal\cli\spinners.py,
sorted,E:\football_v\.venv\Lib\site-packages\pip\_internal\commands\cache.py,
CommandError,E:\football_v\.venv\Lib\site-packages\pip\_internal\commands\cache.py,
len,E:\football_v\.venv\Lib\site-packages\pip\_internal\commands\cache.py,
len,E:\football_v\.venv\Lib\site-packages\pip\_internal\commands\cache.py,
CommandError,E:\football_v\.venv\Lib\site-packages\pip\_internal\commands\cache.py,
len,E:\football_v\.venv\Lib\site-packages\pip\_internal\commands\cache.py,
CommandError,E:\football_v\.venv\Lib\site-packages\pip\_internal\commands\cache.py,
sorted,E:\football_v\.venv\Lib\site-packages\pip\_internal\commands\cache.py,
sorted,E:\football_v\.venv\Lib\site-packages\pip\_internal\commands\cache.py,
len,E:\football_v\.venv\Lib\site-packages\pip\_internal\commands\cache.py,
CommandError,E:\football_v\.venv\Lib\site-packages\pip\_internal\commands\cache.py,
CommandError,E:\football_v\.venv\Lib\site-packages\pip\_internal\commands\cache.py,
len,E:\football_v\.venv\Lib\site-packages\pip\_internal\commands\cache.py,
format_size,E:\football_v\.venv\Lib\site-packages\pip\_internal\commands\cache.py,
CommandError,E:\football_v\.venv\Lib\site-packages\pip\_internal\commands\cache.py,
create_package_set_from_installed,E:\football_v\.venv\Lib\site-packages\pip\_internal\commands\check.py,
check_package_set,E:\football_v\.venv\Lib\site-packages\pip\_internal\commands\check.py,
list,E:\football_v\.venv\Lib\site-packages\pip\_internal\commands\check.py,
check_unsupported,E:\football_v\.venv\Lib\site-packages\pip\_internal\commands\check.py,
write_output,E:\football_v\.venv\Lib\site-packages\pip\_internal\commands\check.py,
write_output,E:\football_v\.venv\Lib\site-packages\pip\_internal\commands\check.py,
get_supported,E:\football_v\.venv\Lib\site-packages\pip\_internal\commands\check.py,
write_output,E:\football_v\.venv\Lib\site-packages\pip\_internal\commands\check.py,
write_output,E:\football_v\.venv\Lib\site-packages\pip\_internal\commands\check.py,
get_default_environment,E:\football_v\.venv\Lib\site-packages\pip\_internal\commands\check.py,
print,E:\football_v\.venv\Lib\site-packages\pip\_internal\commands\completion.py,
sorted,E:\football_v\.venv\Lib\site-packages\pip\_internal\commands\completion.py,
get_prog,E:\football_v\.venv\Lib\site-packages\pip\_internal\commands\completion.py,
Configuration,E:\football_v\.venv\Lib\site-packages\pip\_internal\commands\configuration.py,
sorted,E:\football_v\.venv\Lib\site-packages\pip\_internal\commands\configuration.py,
PipError,E:\football_v\.venv\Lib\site-packages\pip\_internal\commands\configuration.py,
any,E:\football_v\.venv\Lib\site-packages\pip\_internal\commands\configuration.py,
len,E:\football_v\.venv\Lib\site-packages\pip\_internal\commands\configuration.py,
get_configuration_files,E:\football_v\.venv\Lib\site-packages\pip\_internal\commands\configuration.py,
sorted,E:\football_v\.venv\Lib\site-packages\pip\_internal\commands\configuration.py,
write_output,E:\football_v\.venv\Lib\site-packages\pip\_internal\commands\configuration.py,
write_output,E:\football_v\.venv\Lib\site-packages\pip\_internal\commands\configuration.py,
sorted,E:\football_v\.venv\Lib\site-packages\pip\_internal\commands\configuration.py,
write_output,E:\football_v\.venv\Lib\site-packages\pip\_internal\commands\configuration.py,
indent_log,E:\football_v\.venv\Lib\site-packages\pip\_internal\commands\configuration.py,
write_output,E:\football_v\.venv\Lib\site-packages\pip\_internal\commands\configuration.py,
indent_log,E:\football_v\.venv\Lib\site-packages\pip\_internal\commands\configuration.py,
write_output,E:\football_v\.venv\Lib\site-packages\pip\_internal\commands\configuration.py,
write_output,E:\football_v\.venv\Lib\site-packages\pip\_internal\commands\configuration.py,
indent_log,E:\football_v\.venv\Lib\site-packages\pip\_internal\commands\configuration.py,
sorted,E:\football_v\.venv\Lib\site-packages\pip\_internal\commands\configuration.py,
write_output,E:\football_v\.venv\Lib\site-packages\pip\_internal\commands\configuration.py,
PipError,E:\football_v\.venv\Lib\site-packages\pip\_internal\commands\configuration.py,
PipError,E:\football_v\.venv\Lib\site-packages\pip\_internal\commands\configuration.py,
PipError,E:\football_v\.venv\Lib\site-packages\pip\_internal\commands\configuration.py,
len,E:\football_v\.venv\Lib\site-packages\pip\_internal\commands\configuration.py,
PipError,E:\football_v\.venv\Lib\site-packages\pip\_internal\commands\configuration.py,
get_prog,E:\football_v\.venv\Lib\site-packages\pip\_internal\commands\configuration.py,
PipError,E:\football_v\.venv\Lib\site-packages\pip\_internal\commands\configuration.py,
PipError,E:\football_v\.venv\Lib\site-packages\pip\_internal\commands\configuration.py,
indent_log,E:\football_v\.venv\Lib\site-packages\pip\_internal\commands\debug.py,
show_value,E:\football_v\.venv\Lib\site-packages\pip\_internal\commands\debug.py,
dict,E:\football_v\.venv\Lib\site-packages\pip\_internal\commands\debug.py,
open_text_resource,E:\football_v\.venv\Lib\site-packages\pip\_internal\commands\debug.py,
__import__,E:\football_v\.venv\Lib\site-packages\pip\_internal\commands\debug.py,
getattr,E:\football_v\.venv\Lib\site-packages\pip\_internal\commands\debug.py,
globals,E:\football_v\.venv\Lib\site-packages\pip\_internal\commands\debug.py,
locals,E:\football_v\.venv\Lib\site-packages\pip\_internal\commands\debug.py,
get_module_from_module_name,E:\football_v\.venv\Lib\site-packages\pip\_internal\commands\debug.py,
getattr,E:\football_v\.venv\Lib\site-packages\pip\_internal\commands\debug.py,
get_environment,E:\football_v\.venv\Lib\site-packages\pip\_internal\commands\debug.py,
str,E:\football_v\.venv\Lib\site-packages\pip\_internal\commands\debug.py,
get_vendor_version_from_module,E:\football_v\.venv\Lib\site-packages\pip\_internal\commands\debug.py,
parse_version,E:\football_v\.venv\Lib\site-packages\pip\_internal\commands\debug.py,
parse_version,E:\football_v\.venv\Lib\site-packages\pip\_internal\commands\debug.py,
create_vendor_txt_map,E:\football_v\.venv\Lib\site-packages\pip\_internal\commands\debug.py,
indent_log,E:\football_v\.venv\Lib\site-packages\pip\_internal\commands\debug.py,
show_actual_vendor_versions,E:\football_v\.venv\Lib\site-packages\pip\_internal\commands\debug.py,
make_target_python,E:\football_v\.venv\Lib\site-packages\pip\_internal\commands\debug.py,
indent_log,E:\football_v\.venv\Lib\site-packages\pip\_internal\commands\debug.py,
len,E:\football_v\.venv\Lib\site-packages\pip\_internal\commands\debug.py,
len,E:\football_v\.venv\Lib\site-packages\pip\_internal\commands\debug.py,
str,E:\football_v\.venv\Lib\site-packages\pip\_internal\commands\debug.py,
show_value,E:\football_v\.venv\Lib\site-packages\pip\_internal\commands\debug.py,
show_value,E:\football_v\.venv\Lib\site-packages\pip\_internal\commands\debug.py,
show_value,E:\football_v\.venv\Lib\site-packages\pip\_internal\commands\debug.py,
show_value,E:\football_v\.venv\Lib\site-packages\pip\_internal\commands\debug.py,
show_value,E:\football_v\.venv\Lib\site-packages\pip\_internal\commands\debug.py,
show_value,E:\football_v\.venv\Lib\site-packages\pip\_internal\commands\debug.py,
show_value,E:\football_v\.venv\Lib\site-packages\pip\_internal\commands\debug.py,
show_sys_implementation,E:\football_v\.venv\Lib\site-packages\pip\_internal\commands\debug.py,
show_value,E:\football_v\.venv\Lib\site-packages\pip\_internal\commands\debug.py,
show_value,E:\football_v\.venv\Lib\site-packages\pip\_internal\commands\debug.py,
show_value,E:\football_v\.venv\Lib\site-packages\pip\_internal\commands\debug.py,
show_value,E:\football_v\.venv\Lib\site-packages\pip\_internal\commands\debug.py,
show_value,E:\football_v\.venv\Lib\site-packages\pip\_internal\commands\debug.py,
show_vendor_versions,E:\football_v\.venv\Lib\site-packages\pip\_internal\commands\debug.py,
show_tags,E:\football_v\.venv\Lib\site-packages\pip\_internal\commands\debug.py,
get_pip_version,E:\football_v\.venv\Lib\site-packages\pip\_internal\commands\debug.py,
ca_bundle_info,E:\football_v\.venv\Lib\site-packages\pip\_internal\commands\debug.py,
where,E:\football_v\.venv\Lib\site-packages\pip\_internal\commands\debug.py,
normalize_path,E:\football_v\.venv\Lib\site-packages\pip\_internal\commands\download.py,
ensure_dir,E:\football_v\.venv\Lib\site-packages\pip\_internal\commands\download.py,
make_target_python,E:\football_v\.venv\Lib\site-packages\pip\_internal\commands\download.py,
TempDirectory,E:\football_v\.venv\Lib\site-packages\pip\_internal\commands\download.py,
check_legacy_setup_py_options,E:\football_v\.venv\Lib\site-packages\pip\_internal\commands\download.py,
get_build_tracker,E:\football_v\.venv\Lib\site-packages\pip\_internal\commands\download.py,
write_output,E:\football_v\.venv\Lib\site-packages\pip\_internal\commands\download.py,
_should_suppress_build_backends,E:\football_v\.venv\Lib\site-packages\pip\_internal\commands\freeze.py,
_dev_pkgs,E:\football_v\.venv\Lib\site-packages\pip\_internal\commands\freeze.py,
set,E:\football_v\.venv\Lib\site-packages\pip\_internal\commands\freeze.py,
freeze,E:\football_v\.venv\Lib\site-packages\pip\_internal\commands\freeze.py,
_dev_pkgs,E:\football_v\.venv\Lib\site-packages\pip\_internal\commands\freeze.py,
open,E:\football_v\.venv\Lib\site-packages\pip\_internal\commands\hash.py,
read_chunks,E:\football_v\.venv\Lib\site-packages\pip\_internal\commands\hash.py,
write_output,E:\football_v\.venv\Lib\site-packages\pip\_internal\commands\hash.py,
_hash_of_file,E:\football_v\.venv\Lib\site-packages\pip\_internal\commands\hash.py,
create_command,E:\football_v\.venv\Lib\site-packages\pip\_internal\commands\help.py,
get_similar_commands,E:\football_v\.venv\Lib\site-packages\pip\_internal\commands\help.py,
CommandError,E:\football_v\.venv\Lib\site-packages\pip\_internal\commands\help.py,
sorted,E:\football_v\.venv\Lib\site-packages\pip\_internal\commands\index.py,
SelectionPreferences,E:\football_v\.venv\Lib\site-packages\pip\_internal\commands\index.py,
write_output,E:\football_v\.venv\Lib\site-packages\pip\_internal\commands\index.py,
write_output,E:\football_v\.venv\Lib\site-packages\pip\_internal\commands\index.py,
print_dist_installation_info,E:\football_v\.venv\Lib\site-packages\pip\_internal\commands\index.py,
len,E:\football_v\.venv\Lib\site-packages\pip\_internal\commands\index.py,
CommandError,E:\football_v\.venv\Lib\site-packages\pip\_internal\commands\index.py,
set,E:\football_v\.venv\Lib\site-packages\pip\_internal\commands\index.py,
DistributionNotFound,E:\football_v\.venv\Lib\site-packages\pip\_internal\commands\index.py,
str,E:\football_v\.venv\Lib\site-packages\pip\_internal\commands\index.py,
sorted,E:\football_v\.venv\Lib\site-packages\pip\_internal\commands\index.py,
print_json,E:\football_v\.venv\Lib\site-packages\pip\_internal\commands\inspect.py,
default_environment,E:\football_v\.venv\Lib\site-packages\pip\_internal\commands\inspect.py,
get_environment,E:\football_v\.venv\Lib\site-packages\pip\_internal\commands\inspect.py,
set,E:\football_v\.venv\Lib\site-packages\pip\_internal\commands\inspect.py,
path_to_url,E:\football_v\.venv\Lib\site-packages\pip\_internal\commands\inspect.py,
get_scheme,E:\football_v\.venv\Lib\site-packages\pip\_internal\commands\install.py,
all,E:\football_v\.venv\Lib\site-packages\pip\_internal\commands\install.py,
test_writable_dir,E:\football_v\.venv\Lib\site-packages\pip\_internal\commands\install.py,
set,E:\football_v\.venv\Lib\site-packages\pip\_internal\commands\install.py,
get_lib_location_guesses,E:\football_v\.venv\Lib\site-packages\pip\_internal\commands\install.py,
site_packages_writable,E:\football_v\.venv\Lib\site-packages\pip\_internal\commands\install.py,
virtualenv_no_global,E:\football_v\.venv\Lib\site-packages\pip\_internal\commands\install.py,
CommandError,E:\football_v\.venv\Lib\site-packages\pip\_internal\commands\install.py,
InstallationError,E:\football_v\.venv\Lib\site-packages\pip\_internal\commands\install.py,
str,E:\football_v\.venv\Lib\site-packages\pip\_internal\commands\install.py,
len,E:\football_v\.venv\Lib\site-packages\pip\_internal\commands\install.py,
running_under_virtualenv,E:\football_v\.venv\Lib\site-packages\pip\_internal\commands\install.py,
decide_user_install,E:\football_v\.venv\Lib\site-packages\pip\_internal\commands\install.py,
make_target_python,E:\football_v\.venv\Lib\site-packages\pip\_internal\commands\install.py,
TempDirectory,E:\football_v\.venv\Lib\site-packages\pip\_internal\commands\install.py,
CommandError,E:\football_v\.venv\Lib\site-packages\pip\_internal\commands\install.py,
check_externally_managed,E:\football_v\.venv\Lib\site-packages\pip\_internal\commands\install.py,
get_pip_version,E:\football_v\.venv\Lib\site-packages\pip\_internal\commands\install.py,
TempDirectory,E:\football_v\.venv\Lib\site-packages\pip\_internal\commands\install.py,
get_build_tracker,E:\football_v\.venv\Lib\site-packages\pip\_internal\commands\install.py,
check_legacy_setup_py_options,E:\football_v\.venv\Lib\site-packages\pip\_internal\commands\install.py,
WheelCache,E:\football_v\.venv\Lib\site-packages\pip\_internal\commands\install.py,
protect_pip_from_modification_on_windows,E:\football_v\.venv\Lib\site-packages\pip\_internal\commands\install.py,
build,E:\football_v\.venv\Lib\site-packages\pip\_internal\commands\install.py,
install_given_reqs,E:\football_v\.venv\Lib\site-packages\pip\_internal\commands\install.py,
get_lib_location_guesses,E:\football_v\.venv\Lib\site-packages\pip\_internal\commands\install.py,
get_environment,E:\football_v\.venv\Lib\site-packages\pip\_internal\commands\install.py,
warn_if_run_as_root,E:\football_v\.venv\Lib\site-packages\pip\_internal\commands\install.py,
CommandError,E:\football_v\.venv\Lib\site-packages\pip\_internal\commands\install.py,
InstallationReport,E:\football_v\.venv\Lib\site-packages\pip\_internal\commands\install.py,
sorted,E:\football_v\.venv\Lib\site-packages\pip\_internal\commands\install.py,
InstallationError,E:\football_v\.venv\Lib\site-packages\pip\_internal\commands\install.py,
write_output,E:\football_v\.venv\Lib\site-packages\pip\_internal\commands\install.py,
create_os_error_message,E:\football_v\.venv\Lib\site-packages\pip\_internal\commands\install.py,
print_json,E:\football_v\.venv\Lib\site-packages\pip\_internal\commands\install.py,
write_output,E:\football_v\.venv\Lib\site-packages\pip\_internal\commands\install.py,
should_build_for_install_command,E:\football_v\.venv\Lib\site-packages\pip\_internal\commands\install.py,
canonicalize_name,E:\football_v\.venv\Lib\site-packages\pip\_internal\commands\install.py,
open,E:\football_v\.venv\Lib\site-packages\pip\_internal\commands\install.py,
ensure_dir,E:\football_v\.venv\Lib\site-packages\pip\_internal\commands\install.py,
get_scheme,E:\football_v\.venv\Lib\site-packages\pip\_internal\commands\install.py,
any,E:\football_v\.venv\Lib\site-packages\pip\_internal\commands\install.py,
check_install_conflicts,E:\football_v\.venv\Lib\site-packages\pip\_internal\commands\install.py,
any,E:\football_v\.venv\Lib\site-packages\pip\_internal\commands\list.py,
str,E:\football_v\.venv\Lib\site-packages\pip\_internal\commands\list.py,
str,E:\football_v\.venv\Lib\site-packages\pip\_internal\commands\list.py,
str,E:\football_v\.venv\Lib\site-packages\pip\_internal\commands\list.py,
super,E:\football_v\.venv\Lib\site-packages\pip\_internal\commands\list.py,
SelectionPreferences,E:\football_v\.venv\Lib\site-packages\pip\_internal\commands\list.py,
set,E:\football_v\.venv\Lib\site-packages\pip\_internal\commands\list.py,
CommandError,E:\football_v\.venv\Lib\site-packages\pip\_internal\commands\list.py,
CommandError,E:\football_v\.venv\Lib\site-packages\pip\_internal\commands\list.py,
cast,E:\football_v\.venv\Lib\site-packages\pip\_internal\commands\list.py,
canonicalize_name,E:\football_v\.venv\Lib\site-packages\pip\_internal\commands\list.py,
get_environment,E:\football_v\.venv\Lib\site-packages\pip\_internal\commands\list.py,
list,E:\football_v\.venv\Lib\site-packages\pip\_internal\commands\list.py,
canonicalize_name,E:\football_v\.venv\Lib\site-packages\pip\_internal\commands\list.py,
map,E:\football_v\.venv\Lib\site-packages\pip\_internal\commands\list.py,
sorted,E:\football_v\.venv\Lib\site-packages\pip\_internal\commands\list.py,
format_for_columns,E:\football_v\.venv\Lib\site-packages\pip\_internal\commands\list.py,
write_output,E:\football_v\.venv\Lib\site-packages\pip\_internal\commands\list.py,
write_output,E:\football_v\.venv\Lib\site-packages\pip\_internal\commands\list.py,
write_output,E:\football_v\.venv\Lib\site-packages\pip\_internal\commands\list.py,
format_for_json,E:\football_v\.venv\Lib\site-packages\pip\_internal\commands\list.py,
tabulate,E:\football_v\.venv\Lib\site-packages\pip\_internal\commands\list.py,
len,E:\football_v\.venv\Lib\site-packages\pip\_internal\commands\list.py,
len,E:\football_v\.venv\Lib\site-packages\pip\_internal\commands\list.py,
write_output,E:\football_v\.venv\Lib\site-packages\pip\_internal\commands\list.py,
OrderedDict,E:\football_v\.venv\Lib\site-packages\pip\_internal\commands\search.py,
list,E:\football_v\.venv\Lib\site-packages\pip\_internal\commands\search.py,
highest_version,E:\football_v\.venv\Lib\site-packages\pip\_internal\commands\search.py,
get_default_environment,E:\football_v\.venv\Lib\site-packages\pip\_internal\commands\search.py,
indent_log,E:\football_v\.venv\Lib\site-packages\pip\_internal\commands\search.py,
write_output,E:\football_v\.venv\Lib\site-packages\pip\_internal\commands\search.py,
write_output,E:\football_v\.venv\Lib\site-packages\pip\_internal\commands\search.py,
parse_version,E:\football_v\.venv\Lib\site-packages\pip\_internal\commands\search.py,
write_output,E:\football_v\.venv\Lib\site-packages\pip\_internal\commands\search.py,
write_output,E:\football_v\.venv\Lib\site-packages\pip\_internal\commands\search.py,
highest_version,E:\football_v\.venv\Lib\site-packages\pip\_internal\commands\search.py,
max,E:\football_v\.venv\Lib\site-packages\pip\_internal\commands\search.py,
write_output,E:\football_v\.venv\Lib\site-packages\pip\_internal\commands\search.py,
print_dist_installation_info,E:\football_v\.venv\Lib\site-packages\pip\_internal\commands\search.py,
len,E:\football_v\.venv\Lib\site-packages\pip\_internal\commands\search.py,
len,E:\football_v\.venv\Lib\site-packages\pip\_internal\commands\search.py,
highest_version,E:\football_v\.venv\Lib\site-packages\pip\_internal\commands\search.py,
max,E:\football_v\.venv\Lib\site-packages\pip\_internal\commands\search.py,
transform_hits,E:\football_v\.venv\Lib\site-packages\pip\_internal\commands\search.py,
print_results,E:\football_v\.venv\Lib\site-packages\pip\_internal\commands\search.py,
CommandError,E:\football_v\.venv\Lib\site-packages\pip\_internal\commands\search.py,
PipXmlrpcTransport,E:\football_v\.venv\Lib\site-packages\pip\_internal\commands\search.py,
isinstance,E:\football_v\.venv\Lib\site-packages\pip\_internal\commands\search.py,
CommandError,E:\football_v\.venv\Lib\site-packages\pip\_internal\commands\search.py,
get_default_environment,E:\football_v\.venv\Lib\site-packages\pip\_internal\commands\show.py,
sorted,E:\football_v\.venv\Lib\site-packages\pip\_internal\commands\show.py,
canonicalize_name,E:\football_v\.venv\Lib\site-packages\pip\_internal\commands\show.py,
sorted,E:\football_v\.venv\Lib\site-packages\pip\_internal\commands\show.py,
sorted,E:\football_v\.venv\Lib\site-packages\pip\_internal\commands\show.py,
sorted,E:\football_v\.venv\Lib\site-packages\pip\_internal\commands\show.py,
_PackageInfo,E:\football_v\.venv\Lib\site-packages\pip\_internal\commands\show.py,
zip,E:\football_v\.venv\Lib\site-packages\pip\_internal\commands\show.py,
sorted,E:\football_v\.venv\Lib\site-packages\pip\_internal\commands\show.py,
_get_requiring_packages,E:\football_v\.venv\Lib\site-packages\pip\_internal\commands\show.py,
canonicalize_name,E:\football_v\.venv\Lib\site-packages\pip\_internal\commands\show.py,
enumerate,E:\football_v\.venv\Lib\site-packages\pip\_internal\commands\show.py,
tuple,E:\football_v\.venv\Lib\site-packages\pip\_internal\commands\show.py,
write_output,E:\football_v\.venv\Lib\site-packages\pip\_internal\commands\show.py,
write_output,E:\football_v\.venv\Lib\site-packages\pip\_internal\commands\show.py,
write_output,E:\football_v\.venv\Lib\site-packages\pip\_internal\commands\show.py,
write_output,E:\football_v\.venv\Lib\site-packages\pip\_internal\commands\show.py,
write_output,E:\football_v\.venv\Lib\site-packages\pip\_internal\commands\show.py,
write_output,E:\football_v\.venv\Lib\site-packages\pip\_internal\commands\show.py,
write_output,E:\football_v\.venv\Lib\site-packages\pip\_internal\commands\show.py,
write_output,E:\football_v\.venv\Lib\site-packages\pip\_internal\commands\show.py,
write_output,E:\football_v\.venv\Lib\site-packages\pip\_internal\commands\show.py,
write_output,E:\football_v\.venv\Lib\site-packages\pip\_internal\commands\show.py,
map,E:\football_v\.venv\Lib\site-packages\pip\_internal\commands\show.py,
write_output,E:\football_v\.venv\Lib\site-packages\pip\_internal\commands\show.py,
write_output,E:\football_v\.venv\Lib\site-packages\pip\_internal\commands\show.py,
write_output,E:\football_v\.venv\Lib\site-packages\pip\_internal\commands\show.py,
write_output,E:\football_v\.venv\Lib\site-packages\pip\_internal\commands\show.py,
write_output,E:\football_v\.venv\Lib\site-packages\pip\_internal\commands\show.py,
write_output,E:\football_v\.venv\Lib\site-packages\pip\_internal\commands\show.py,
write_output,E:\football_v\.venv\Lib\site-packages\pip\_internal\commands\show.py,
write_output,E:\football_v\.venv\Lib\site-packages\pip\_internal\commands\show.py,
write_output,E:\football_v\.venv\Lib\site-packages\pip\_internal\commands\show.py,
write_output,E:\football_v\.venv\Lib\site-packages\pip\_internal\commands\show.py,
write_output,E:\football_v\.venv\Lib\site-packages\pip\_internal\commands\show.py,
write_output,E:\football_v\.venv\Lib\site-packages\pip\_internal\commands\show.py,
write_output,E:\football_v\.venv\Lib\site-packages\pip\_internal\commands\show.py,
write_output,E:\football_v\.venv\Lib\site-packages\pip\_internal\commands\show.py,
search_packages_info,E:\football_v\.venv\Lib\site-packages\pip\_internal\commands\show.py,
print_results,E:\football_v\.venv\Lib\site-packages\pip\_internal\commands\show.py,
canonicalize_name,E:\football_v\.venv\Lib\site-packages\pip\_internal\commands\show.py,
protect_pip_from_modification_on_windows,E:\football_v\.venv\Lib\site-packages\pip\_internal\commands\uninstall.py,
install_req_from_line,E:\football_v\.venv\Lib\site-packages\pip\_internal\commands\uninstall.py,
parse_requirements,E:\football_v\.venv\Lib\site-packages\pip\_internal\commands\uninstall.py,
InstallationError,E:\football_v\.venv\Lib\site-packages\pip\_internal\commands\uninstall.py,
check_externally_managed,E:\football_v\.venv\Lib\site-packages\pip\_internal\commands\uninstall.py,
warn_if_run_as_root,E:\football_v\.venv\Lib\site-packages\pip\_internal\commands\uninstall.py,
install_req_from_parsed_requirement,E:\football_v\.venv\Lib\site-packages\pip\_internal\commands\uninstall.py,
canonicalize_name,E:\football_v\.venv\Lib\site-packages\pip\_internal\commands\uninstall.py,
canonicalize_name,E:\football_v\.venv\Lib\site-packages\pip\_internal\commands\uninstall.py,
normalize_path,E:\football_v\.venv\Lib\site-packages\pip\_internal\commands\wheel.py,
ensure_dir,E:\football_v\.venv\Lib\site-packages\pip\_internal\commands\wheel.py,
TempDirectory,E:\football_v\.venv\Lib\site-packages\pip\_internal\commands\wheel.py,
check_legacy_setup_py_options,E:\football_v\.venv\Lib\site-packages\pip\_internal\commands\wheel.py,
WheelCache,E:\football_v\.venv\Lib\site-packages\pip\_internal\commands\wheel.py,
build,E:\football_v\.venv\Lib\site-packages\pip\_internal\commands\wheel.py,
get_build_tracker,E:\football_v\.venv\Lib\site-packages\pip\_internal\commands\wheel.py,
len,E:\football_v\.venv\Lib\site-packages\pip\_internal\commands\wheel.py,
CommandError,E:\football_v\.venv\Lib\site-packages\pip\_internal\commands\wheel.py,
should_build_for_wheel_command,E:\football_v\.venv\Lib\site-packages\pip\_internal\commands\wheel.py,
getattr,E:\football_v\.venv\Lib\site-packages\pip\_internal\commands\__init__.py,
command_class,E:\football_v\.venv\Lib\site-packages\pip\_internal\commands\__init__.py,
get_close_matches,E:\football_v\.venv\Lib\site-packages\pip\_internal\commands\__init__.py,
super,E:\football_v\.venv\Lib\site-packages\pip\_internal\distributions\base.py,
NotImplementedError,E:\football_v\.venv\Lib\site-packages\pip\_internal\distributions\base.py,
NotImplementedError,E:\football_v\.venv\Lib\site-packages\pip\_internal\distributions\base.py,
NotImplementedError,E:\football_v\.venv\Lib\site-packages\pip\_internal\distributions\base.py,
BuildEnvironment,E:\football_v\.venv\Lib\site-packages\pip\_internal\distributions\sdist.py,
map,E:\football_v\.venv\Lib\site-packages\pip\_internal\distributions\sdist.py,
sorted,E:\football_v\.venv\Lib\site-packages\pip\_internal\distributions\sdist.py,
runner_with_spinner_message,E:\football_v\.venv\Lib\site-packages\pip\_internal\distributions\sdist.py,
runner_with_spinner_message,E:\football_v\.venv\Lib\site-packages\pip\_internal\distributions\sdist.py,
InstallationError,E:\football_v\.venv\Lib\site-packages\pip\_internal\distributions\sdist.py,
sorted,E:\football_v\.venv\Lib\site-packages\pip\_internal\distributions\sdist.py,
InstallationError,E:\football_v\.venv\Lib\site-packages\pip\_internal\distributions\sdist.py,
map,E:\football_v\.venv\Lib\site-packages\pip\_internal\distributions\sdist.py,
sorted,E:\football_v\.venv\Lib\site-packages\pip\_internal\distributions\sdist.py,
FilesystemWheel,E:\football_v\.venv\Lib\site-packages\pip\_internal\distributions\wheel.py,
get_wheel_distribution,E:\football_v\.venv\Lib\site-packages\pip\_internal\distributions\wheel.py,
canonicalize_name,E:\football_v\.venv\Lib\site-packages\pip\_internal\distributions\wheel.py,
SourceDistribution,E:\football_v\.venv\Lib\site-packages\pip\_internal\distributions\__init__.py,
SourceDistribution,E:\football_v\.venv\Lib\site-packages\pip\_internal\distributions\__init__.py,
WheelDistribution,E:\football_v\.venv\Lib\site-packages\pip\_internal\distributions\__init__.py,
len,E:\football_v\.venv\Lib\site-packages\pip\_internal\index\collector.py,
_NotAPIContent,E:\football_v\.venv\Lib\site-packages\pip\_internal\index\collector.py,
raise_for_status,E:\football_v\.venv\Lib\site-packages\pip\_internal\index\collector.py,
_ensure_api_header,E:\football_v\.venv\Lib\site-packages\pip\_internal\index\collector.py,
_NotHTTP,E:\football_v\.venv\Lib\site-packages\pip\_internal\index\collector.py,
is_archive_file,E:\football_v\.venv\Lib\site-packages\pip\_internal\index\collector.py,
raise_for_status,E:\football_v\.venv\Lib\site-packages\pip\_internal\index\collector.py,
_ensure_api_header,E:\football_v\.venv\Lib\site-packages\pip\_internal\index\collector.py,
_ensure_api_response,E:\football_v\.venv\Lib\site-packages\pip\_internal\index\collector.py,
redact_auth_from_url,E:\football_v\.venv\Lib\site-packages\pip\_internal\index\collector.py,
redact_auth_from_url,E:\football_v\.venv\Lib\site-packages\pip\_internal\index\collector.py,
Link,E:\football_v\.venv\Lib\site-packages\pip\_internal\index\collector.py,
str,E:\football_v\.venv\Lib\site-packages\pip\_internal\index\collector.py,
list,E:\football_v\.venv\Lib\site-packages\pip\_internal\index\collector.py,
list,E:\football_v\.venv\Lib\site-packages\pip\_internal\index\collector.py,
fn,E:\football_v\.venv\Lib\site-packages\pip\_internal\index\collector.py,
wrapper,E:\football_v\.venv\Lib\site-packages\pip\_internal\index\collector.py,
fn,E:\football_v\.venv\Lib\site-packages\pip\_internal\index\collector.py,
CacheablePageContent,E:\football_v\.venv\Lib\site-packages\pip\_internal\index\collector.py,
HTMLLinkParser,E:\football_v\.venv\Lib\site-packages\pip\_internal\index\collector.py,
meth,E:\football_v\.venv\Lib\site-packages\pip\_internal\index\collector.py,
_get_encoding_from_headers,E:\football_v\.venv\Lib\site-packages\pip\_internal\index\collector.py,
IndexContent,E:\football_v\.venv\Lib\site-packages\pip\_internal\index\collector.py,
_match_vcs_scheme,E:\football_v\.venv\Lib\site-packages\pip\_internal\index\collector.py,
_get_simple_response,E:\football_v\.venv\Lib\site-packages\pip\_internal\index\collector.py,
_make_index_content,E:\football_v\.venv\Lib\site-packages\pip\_internal\index\collector.py,
_handle_get_simple_fail,E:\football_v\.venv\Lib\site-packages\pip\_internal\index\collector.py,
_handle_get_simple_fail,E:\football_v\.venv\Lib\site-packages\pip\_internal\index\collector.py,
str,E:\football_v\.venv\Lib\site-packages\pip\_internal\index\collector.py,
_handle_get_simple_fail,E:\football_v\.venv\Lib\site-packages\pip\_internal\index\collector.py,
_handle_get_simple_fail,E:\football_v\.venv\Lib\site-packages\pip\_internal\index\collector.py,
_handle_get_simple_fail,E:\football_v\.venv\Lib\site-packages\pip\_internal\index\collector.py,
super,E:\football_v\.venv\Lib\site-packages\pip\_internal\index\collector.py,
isinstance,E:\football_v\.venv\Lib\site-packages\pip\_internal\index\collector.py,
type,E:\football_v\.venv\Lib\site-packages\pip\_internal\index\collector.py,
hash,E:\football_v\.venv\Lib\site-packages\pip\_internal\index\collector.py,
list,E:\football_v\.venv\Lib\site-packages\pip\_internal\index\collector.py,
fn,E:\football_v\.venv\Lib\site-packages\pip\_internal\index\collector.py,
list,E:\football_v\.venv\Lib\site-packages\pip\_internal\index\collector.py,
wrapper,E:\football_v\.venv\Lib\site-packages\pip\_internal\index\collector.py,
fn,E:\football_v\.venv\Lib\site-packages\pip\_internal\index\collector.py,
CacheablePageContent,E:\football_v\.venv\Lib\site-packages\pip\_internal\index\collector.py,
redact_auth_from_url,E:\football_v\.venv\Lib\site-packages\pip\_internal\index\collector.py,
super,E:\football_v\.venv\Lib\site-packages\pip\_internal\index\collector.py,
dict,E:\football_v\.venv\Lib\site-packages\pip\_internal\index\collector.py,
LinkCollector,E:\football_v\.venv\Lib\site-packages\pip\_internal\index\collector.py,
redact_auth_from_url,E:\football_v\.venv\Lib\site-packages\pip\_internal\index\collector.py,
_get_index_content,E:\football_v\.venv\Lib\site-packages\pip\_internal\index\collector.py,
CollectedSources,E:\football_v\.venv\Lib\site-packages\pip\_internal\index\collector.py,
list,E:\football_v\.venv\Lib\site-packages\pip\_internal\index\collector.py,
list,E:\football_v\.venv\Lib\site-packages\pip\_internal\index\collector.py,
build_source,E:\football_v\.venv\Lib\site-packages\pip\_internal\index\collector.py,
build_source,E:\football_v\.venv\Lib\site-packages\pip\_internal\index\collector.py,
len,E:\football_v\.venv\Lib\site-packages\pip\_internal\index\collector.py,
check_requires_python,E:\football_v\.venv\Lib\site-packages\pip\_internal\index\package_finder.py,
map,E:\football_v\.venv\Lib\site-packages\pip\_internal\index\package_finder.py,
list,E:\football_v\.venv\Lib\site-packages\pip\_internal\index\package_finder.py,
list,E:\football_v\.venv\Lib\site-packages\pip\_internal\index\package_finder.py,
len,E:\football_v\.venv\Lib\site-packages\pip\_internal\index\package_finder.py,
len,E:\football_v\.venv\Lib\site-packages\pip\_internal\index\package_finder.py,
len,E:\football_v\.venv\Lib\site-packages\pip\_internal\index\package_finder.py,
len,E:\football_v\.venv\Lib\site-packages\pip\_internal\index\package_finder.py,
len,E:\football_v\.venv\Lib\site-packages\pip\_internal\index\package_finder.py,
len,E:\football_v\.venv\Lib\site-packages\pip\_internal\index\package_finder.py,
str,E:\football_v\.venv\Lib\site-packages\pip\_internal\index\package_finder.py,
enumerate,E:\football_v\.venv\Lib\site-packages\pip\_internal\index\package_finder.py,
ValueError,E:\football_v\.venv\Lib\site-packages\pip\_internal\index\package_finder.py,
canonicalize_name,E:\football_v\.venv\Lib\site-packages\pip\_internal\index\package_finder.py,
_find_name_version_sep,E:\football_v\.venv\Lib\site-packages\pip\_internal\index\package_finder.py,
_check_link_requires_python,E:\football_v\.venv\Lib\site-packages\pip\_internal\index\package_finder.py,
_extract_version_from_fragment,E:\football_v\.venv\Lib\site-packages\pip\_internal\index\package_finder.py,
Wheel,E:\football_v\.venv\Lib\site-packages\pip\_internal\index\package_finder.py,
canonicalize_name,E:\football_v\.venv\Lib\site-packages\pip\_internal\index\package_finder.py,
set,E:\football_v\.venv\Lib\site-packages\pip\_internal\index\package_finder.py,
set,E:\football_v\.venv\Lib\site-packages\pip\_internal\index\package_finder.py,
cls,E:\football_v\.venv\Lib\site-packages\pip\_internal\index\package_finder.py,
TargetPython,E:\football_v\.venv\Lib\site-packages\pip\_internal\index\package_finder.py,
enumerate,E:\football_v\.venv\Lib\site-packages\pip\_internal\index\package_finder.py,
set,E:\football_v\.venv\Lib\site-packages\pip\_internal\index\package_finder.py,
filter_unallowed_hashes,E:\football_v\.venv\Lib\site-packages\pip\_internal\index\package_finder.py,
sorted,E:\football_v\.venv\Lib\site-packages\pip\_internal\index\package_finder.py,
str,E:\football_v\.venv\Lib\site-packages\pip\_internal\index\package_finder.py,
len,E:\football_v\.venv\Lib\site-packages\pip\_internal\index\package_finder.py,
int,E:\football_v\.venv\Lib\site-packages\pip\_internal\index\package_finder.py,
Wheel,E:\football_v\.venv\Lib\site-packages\pip\_internal\index\package_finder.py,
int,E:\football_v\.venv\Lib\site-packages\pip\_internal\index\package_finder.py,
UnsupportedWheel,E:\football_v\.venv\Lib\site-packages\pip\_internal\index\package_finder.py,
int,E:\football_v\.venv\Lib\site-packages\pip\_internal\index\package_finder.py,
max,E:\football_v\.venv\Lib\site-packages\pip\_internal\index\package_finder.py,
BestCandidateResult,E:\football_v\.venv\Lib\site-packages\pip\_internal\index\package_finder.py,
set,E:\football_v\.venv\Lib\site-packages\pip\_internal\index\package_finder.py,
CandidatePreferences,E:\football_v\.venv\Lib\site-packages\pip\_internal\index\package_finder.py,
FormatControl,E:\football_v\.venv\Lib\site-packages\pip\_internal\index\package_finder.py,
set,E:\football_v\.venv\Lib\site-packages\pip\_internal\index\package_finder.py,
set,E:\football_v\.venv\Lib\site-packages\pip\_internal\index\package_finder.py,
CandidatePreferences,E:\football_v\.venv\Lib\site-packages\pip\_internal\index\package_finder.py,
cls,E:\football_v\.venv\Lib\site-packages\pip\_internal\index\package_finder.py,
TargetPython,E:\football_v\.venv\Lib\site-packages\pip\_internal\index\package_finder.py,
build_netloc,E:\football_v\.venv\Lib\site-packages\pip\_internal\index\package_finder.py,
isinstance,E:\football_v\.venv\Lib\site-packages\pip\_internal\index\package_finder.py,
isinstance,E:\football_v\.venv\Lib\site-packages\pip\_internal\index\package_finder.py,
sorted,E:\football_v\.venv\Lib\site-packages\pip\_internal\index\package_finder.py,
canonicalize_name,E:\football_v\.venv\Lib\site-packages\pip\_internal\index\package_finder.py,
LinkEvaluator,E:\football_v\.venv\Lib\site-packages\pip\_internal\index\package_finder.py,
set,E:\football_v\.venv\Lib\site-packages\pip\_internal\index\package_finder.py,
InstallationCandidate,E:\football_v\.venv\Lib\site-packages\pip\_internal\index\package_finder.py,
list,E:\football_v\.venv\Lib\site-packages\pip\_internal\index\package_finder.py,
parse_links,E:\football_v\.venv\Lib\site-packages\pip\_internal\index\package_finder.py,
indent_log,E:\football_v\.venv\Lib\site-packages\pip\_internal\index\package_finder.py,
list,E:\football_v\.venv\Lib\site-packages\pip\_internal\index\package_finder.py,
sorted,E:\football_v\.venv\Lib\site-packages\pip\_internal\index\package_finder.py,
_should_install_candidate,E:\football_v\.venv\Lib\site-packages\pip\_internal\index\package_finder.py,
DistributionNotFound,E:\football_v\.venv\Lib\site-packages\pip\_internal\index\package_finder.py,
_should_install_candidate,E:\football_v\.venv\Lib\site-packages\pip\_internal\index\package_finder.py,
_format_versions,E:\football_v\.venv\Lib\site-packages\pip\_internal\index\package_finder.py,
_format_versions,E:\football_v\.venv\Lib\site-packages\pip\_internal\index\package_finder.py,
_format_versions,E:\football_v\.venv\Lib\site-packages\pip\_internal\index\package_finder.py,
sorted,E:\football_v\.venv\Lib\site-packages\pip\_internal\index\package_finder.py,
str,E:\football_v\.venv\Lib\site-packages\pip\_internal\index\package_finder.py,
sorted,E:\football_v\.venv\Lib\site-packages\pip\_internal\index\package_finder.py,
str,E:\football_v\.venv\Lib\site-packages\pip\_internal\index\package_finder.py,
path_to_url,E:\football_v\.venv\Lib\site-packages\pip\_internal\index\sources.py,
_RemoteFileSource,E:\football_v\.venv\Lib\site-packages\pip\_internal\index\sources.py,
url_to_path,E:\football_v\.venv\Lib\site-packages\pip\_internal\index\sources.py,
is_url,E:\football_v\.venv\Lib\site-packages\pip\_internal\index\sources.py,
_FlatDirectorySource,E:\football_v\.venv\Lib\site-packages\pip\_internal\index\sources.py,
_IndexDirectorySource,E:\football_v\.venv\Lib\site-packages\pip\_internal\index\sources.py,
_LocalFileSource,E:\football_v\.venv\Lib\site-packages\pip\_internal\index\sources.py,
Link,E:\football_v\.venv\Lib\site-packages\pip\_internal\index\sources.py,
Link,E:\football_v\.venv\Lib\site-packages\pip\_internal\index\sources.py,
Link,E:\football_v\.venv\Lib\site-packages\pip\_internal\index\sources.py,
NotImplementedError,E:\football_v\.venv\Lib\site-packages\pip\_internal\index\sources.py,
NotImplementedError,E:\football_v\.venv\Lib\site-packages\pip\_internal\index\sources.py,
NotImplementedError,E:\football_v\.venv\Lib\site-packages\pip\_internal\index\sources.py,
defaultdict,E:\football_v\.venv\Lib\site-packages\pip\_internal\index\sources.py,
path_to_url,E:\football_v\.venv\Lib\site-packages\pip\_internal\index\sources.py,
_is_html_file,E:\football_v\.venv\Lib\site-packages\pip\_internal\index\sources.py,
parse_wheel_filename,E:\football_v\.venv\Lib\site-packages\pip\_internal\index\sources.py,
parse_sdist_filename,E:\football_v\.venv\Lib\site-packages\pip\_internal\index\sources.py,
canonicalize_name,E:\football_v\.venv\Lib\site-packages\pip\_internal\index\sources.py,
_FlatDirectoryToUrls,E:\football_v\.venv\Lib\site-packages\pip\_internal\index\sources.py,
Link,E:\football_v\.venv\Lib\site-packages\pip\_internal\index\sources.py,
Link,E:\football_v\.venv\Lib\site-packages\pip\_internal\index\sources.py,
_is_html_file,E:\football_v\.venv\Lib\site-packages\pip\_internal\index\sources.py,
_is_html_file,E:\football_v\.venv\Lib\site-packages\pip\_internal\index\sources.py,
InstallationError,E:\football_v\.venv\Lib\site-packages\pip\_internal\locations\base.py,
running_under_virtualenv,E:\football_v\.venv\Lib\site-packages\pip\_internal\locations\base.py,
bool,E:\football_v\.venv\Lib\site-packages\pip\_internal\locations\base.py,
Distribution,E:\football_v\.venv\Lib\site-packages\pip\_internal\locations\_distutils.py,
running_under_virtualenv,E:\football_v\.venv\Lib\site-packages\pip\_internal\locations\_distutils.py,
getattr,E:\football_v\.venv\Lib\site-packages\pip\_internal\locations\_distutils.py,
get_major_minor_version,E:\football_v\.venv\Lib\site-packages\pip\_internal\locations\_distutils.py,
distutils_scheme,E:\football_v\.venv\Lib\site-packages\pip\_internal\locations\_distutils.py,
Scheme,E:\football_v\.venv\Lib\site-packages\pip\_internal\locations\_distutils.py,
get_python_lib,E:\football_v\.venv\Lib\site-packages\pip\_internal\locations\_distutils.py,
get_python_lib,E:\football_v\.venv\Lib\site-packages\pip\_internal\locations\_distutils.py,
is_osx_framework,E:\football_v\.venv\Lib\site-packages\pip\_internal\locations\_sysconfig.py,
running_under_virtualenv,E:\football_v\.venv\Lib\site-packages\pip\_internal\locations\_sysconfig.py,
_should_use_osx_framework_prefix,E:\football_v\.venv\Lib\site-packages\pip\_internal\locations\_sysconfig.py,
_PREFERRED_SCHEME_API,E:\football_v\.venv\Lib\site-packages\pip\_internal\locations\_sysconfig.py,
_PREFERRED_SCHEME_API,E:\football_v\.venv\Lib\site-packages\pip\_internal\locations\_sysconfig.py,
is_osx_framework,E:\football_v\.venv\Lib\site-packages\pip\_internal\locations\_sysconfig.py,
UserInstallationInvalid,E:\football_v\.venv\Lib\site-packages\pip\_internal\locations\_sysconfig.py,
running_under_virtualenv,E:\football_v\.venv\Lib\site-packages\pip\_internal\locations\_sysconfig.py,
_PREFERRED_SCHEME_API,E:\football_v\.venv\Lib\site-packages\pip\_internal\locations\_sysconfig.py,
running_under_virtualenv,E:\football_v\.venv\Lib\site-packages\pip\_internal\locations\_sysconfig.py,
Scheme,E:\football_v\.venv\Lib\site-packages\pip\_internal\locations\_sysconfig.py,
InvalidSchemeCombination,E:\football_v\.venv\Lib\site-packages\pip\_internal\locations\_sysconfig.py,
InvalidSchemeCombination,E:\football_v\.venv\Lib\site-packages\pip\_internal\locations\_sysconfig.py,
_infer_home,E:\football_v\.venv\Lib\site-packages\pip\_internal\locations\_sysconfig.py,
Scheme,E:\football_v\.venv\Lib\site-packages\pip\_internal\locations\_sysconfig.py,
_infer_user,E:\football_v\.venv\Lib\site-packages\pip\_internal\locations\_sysconfig.py,
_infer_prefix,E:\football_v\.venv\Lib\site-packages\pip\_internal\locations\_sysconfig.py,
change_root,E:\football_v\.venv\Lib\site-packages\pip\_internal\locations\_sysconfig.py,
get_major_minor_version,E:\football_v\.venv\Lib\site-packages\pip\_internal\locations\_sysconfig.py,
getattr,E:\football_v\.venv\Lib\site-packages\pip\_internal\locations\_sysconfig.py,
bool,E:\football_v\.venv\Lib\site-packages\pip\_internal\locations\__init__.py,
getattr,E:\football_v\.venv\Lib\site-packages\pip\_internal\locations\__init__.py,
all,E:\football_v\.venv\Lib\site-packages\pip\_internal\locations\__init__.py,
_looks_like_red_hat_patched_platlib_purelib,E:\football_v\.venv\Lib\site-packages\pip\_internal\locations\__init__.py,
install,E:\football_v\.venv\Lib\site-packages\pip\_internal\locations\__init__.py,
Distribution,E:\football_v\.venv\Lib\site-packages\pip\_internal\locations\__init__.py,
all,E:\football_v\.venv\Lib\site-packages\pip\_internal\locations\__init__.py,
getattr,E:\football_v\.venv\Lib\site-packages\pip\_internal\locations\__init__.py,
len,E:\football_v\.venv\Lib\site-packages\pip\_internal\locations\__init__.py,
_warn_mismatched,E:\football_v\.venv\Lib\site-packages\pip\_internal\locations\__init__.py,
any,E:\football_v\.venv\Lib\site-packages\pip\_internal\locations\__init__.py,
_log_context,E:\football_v\.venv\Lib\site-packages\pip\_internal\locations\__init__.py,
deprecated,E:\football_v\.venv\Lib\site-packages\pip\_internal\locations\__init__.py,
_warn_mismatched,E:\football_v\.venv\Lib\site-packages\pip\_internal\locations\__init__.py,
getattr,E:\football_v\.venv\Lib\site-packages\pip\_internal\locations\__init__.py,
getattr,E:\football_v\.venv\Lib\site-packages\pip\_internal\locations\__init__.py,
is_osx_framework,E:\football_v\.venv\Lib\site-packages\pip\_internal\locations\__init__.py,
_looks_like_red_hat_lib,E:\football_v\.venv\Lib\site-packages\pip\_internal\locations\__init__.py,
_looks_like_bpo_44860,E:\football_v\.venv\Lib\site-packages\pip\_internal\locations\__init__.py,
_looks_like_slackware_scheme,E:\football_v\.venv\Lib\site-packages\pip\_internal\locations\__init__.py,
_looks_like_msys2_mingw_scheme,E:\football_v\.venv\Lib\site-packages\pip\_internal\locations\__init__.py,
len,E:\football_v\.venv\Lib\site-packages\pip\_internal\locations\__init__.py,
_looks_like_red_hat_scheme,E:\football_v\.venv\Lib\site-packages\pip\_internal\locations\__init__.py,
_looks_like_debian_scheme,E:\football_v\.venv\Lib\site-packages\pip\_internal\locations\__init__.py,
getattr,E:\football_v\.venv\Lib\site-packages\pip\_internal\locations\__init__.py,
running_under_virtualenv,E:\football_v\.venv\Lib\site-packages\pip\_internal\locations\__init__.py,
len,E:\football_v\.venv\Lib\site-packages\pip\_internal\locations\__init__.py,
_warn_if_mismatch,E:\football_v\.venv\Lib\site-packages\pip\_internal\locations\__init__.py,
_log_context,E:\football_v\.venv\Lib\site-packages\pip\_internal\locations\__init__.py,
_looks_like_debian_scheme,E:\football_v\.venv\Lib\site-packages\pip\_internal\locations\__init__.py,
_looks_like_deb_system_dist_packages,E:\football_v\.venv\Lib\site-packages\pip\_internal\locations\__init__.py,
_warn_if_mismatch,E:\football_v\.venv\Lib\site-packages\pip\_internal\locations\__init__.py,
_log_context,E:\football_v\.venv\Lib\site-packages\pip\_internal\locations\__init__.py,
_looks_like_deb_system_dist_packages,E:\football_v\.venv\Lib\site-packages\pip\_internal\locations\__init__.py,
_warn_if_mismatch,E:\football_v\.venv\Lib\site-packages\pip\_internal\locations\__init__.py,
_log_context,E:\football_v\.venv\Lib\site-packages\pip\_internal\locations\__init__.py,
str,E:\football_v\.venv\Lib\site-packages\pip\_internal\metadata\base.py,
NotImplementedError,E:\football_v\.venv\Lib\site-packages\pip\_internal\metadata\base.py,
NotImplementedError,E:\football_v\.venv\Lib\site-packages\pip\_internal\metadata\base.py,
NotImplementedError,E:\football_v\.venv\Lib\site-packages\pip\_internal\metadata\base.py,
NotImplementedError,E:\football_v\.venv\Lib\site-packages\pip\_internal\metadata\base.py,
NotImplementedError,E:\football_v\.venv\Lib\site-packages\pip\_internal\metadata\base.py,
NotImplementedError,E:\football_v\.venv\Lib\site-packages\pip\_internal\metadata\base.py,
NotImplementedError,E:\football_v\.venv\Lib\site-packages\pip\_internal\metadata\base.py,
egg_link_path_from_sys_path,E:\football_v\.venv\Lib\site-packages\pip\_internal\metadata\base.py,
url_to_path,E:\football_v\.venv\Lib\site-packages\pip\_internal\metadata\base.py,
NotImplementedError,E:\football_v\.venv\Lib\site-packages\pip\_internal\metadata\base.py,
NotImplementedError,E:\football_v\.venv\Lib\site-packages\pip\_internal\metadata\base.py,
NotImplementedError,E:\football_v\.venv\Lib\site-packages\pip\_internal\metadata\base.py,
NotImplementedError,E:\football_v\.venv\Lib\site-packages\pip\_internal\metadata\base.py,
NotImplementedError,E:\football_v\.venv\Lib\site-packages\pip\_internal\metadata\base.py,
bool,E:\football_v\.venv\Lib\site-packages\pip\_internal\metadata\base.py,
is_local,E:\football_v\.venv\Lib\site-packages\pip\_internal\metadata\base.py,
normalize_path,E:\football_v\.venv\Lib\site-packages\pip\_internal\metadata\base.py,
normalize_path,E:\football_v\.venv\Lib\site-packages\pip\_internal\metadata\base.py,
NotImplementedError,E:\football_v\.venv\Lib\site-packages\pip\_internal\metadata\base.py,
NotImplementedError,E:\football_v\.venv\Lib\site-packages\pip\_internal\metadata\base.py,
NotImplementedError,E:\football_v\.venv\Lib\site-packages\pip\_internal\metadata\base.py,
NotImplementedError,E:\football_v\.venv\Lib\site-packages\pip\_internal\metadata\base.py,
NotImplementedError,E:\football_v\.venv\Lib\site-packages\pip\_internal\metadata\base.py,
msg_to_json,E:\football_v\.venv\Lib\site-packages\pip\_internal\metadata\base.py,
SpecifierSet,E:\football_v\.venv\Lib\site-packages\pip\_internal\metadata\base.py,
SpecifierSet,E:\football_v\.venv\Lib\site-packages\pip\_internal\metadata\base.py,
str,E:\football_v\.venv\Lib\site-packages\pip\_internal\metadata\base.py,
SpecifierSet,E:\football_v\.venv\Lib\site-packages\pip\_internal\metadata\base.py,
NotImplementedError,E:\football_v\.venv\Lib\site-packages\pip\_internal\metadata\base.py,
NotImplementedError,E:\football_v\.venv\Lib\site-packages\pip\_internal\metadata\base.py,
str,E:\football_v\.venv\Lib\site-packages\pip\_internal\metadata\base.py,
_convert_installed_files_path,E:\football_v\.venv\Lib\site-packages\pip\_internal\metadata\base.py,
RequiresEntry,E:\football_v\.venv\Lib\site-packages\pip\_internal\metadata\base.py,
canonicalize_name,E:\football_v\.venv\Lib\site-packages\pip\_internal\metadata\base.py,
canonicalize_name,E:\football_v\.venv\Lib\site-packages\pip\_internal\metadata\base.py,
NotImplementedError,E:\football_v\.venv\Lib\site-packages\pip\_internal\metadata\base.py,
NotImplementedError,E:\football_v\.venv\Lib\site-packages\pip\_internal\metadata\base.py,
NotImplementedError,E:\football_v\.venv\Lib\site-packages\pip\_internal\metadata\base.py,
NotImplementedError,E:\football_v\.venv\Lib\site-packages\pip\_internal\metadata\base.py,
NotImplementedError,E:\football_v\.venv\Lib\site-packages\pip\_internal\metadata\base.py,
UnsupportedWheel,E:\football_v\.venv\Lib\site-packages\pip\_internal\metadata\pkg_resources.py,
canonicalize_name,E:\football_v\.venv\Lib\site-packages\pip\_internal\metadata\pkg_resources.py,
dist_cls,E:\football_v\.venv\Lib\site-packages\pip\_internal\metadata\pkg_resources.py,
cls,E:\football_v\.venv\Lib\site-packages\pip\_internal\metadata\pkg_resources.py,
cls,E:\football_v\.venv\Lib\site-packages\pip\_internal\metadata\pkg_resources.py,
InMemoryMetadata,E:\football_v\.venv\Lib\site-packages\pip\_internal\metadata\pkg_resources.py,
cls,E:\football_v\.venv\Lib\site-packages\pip\_internal\metadata\pkg_resources.py,
parse_wheel,E:\football_v\.venv\Lib\site-packages\pip\_internal\metadata\pkg_resources.py,
InvalidWheel,E:\football_v\.venv\Lib\site-packages\pip\_internal\metadata\pkg_resources.py,
UnsupportedWheel,E:\football_v\.venv\Lib\site-packages\pip\_internal\metadata\pkg_resources.py,
InMemoryMetadata,E:\football_v\.venv\Lib\site-packages\pip\_internal\metadata\pkg_resources.py,
read_wheel_metadata_file,E:\football_v\.venv\Lib\site-packages\pip\_internal\metadata\pkg_resources.py,
egg_link_path_from_location,E:\football_v\.venv\Lib\site-packages\pip\_internal\metadata\pkg_resources.py,
normalize_path,E:\football_v\.venv\Lib\site-packages\pip\_internal\metadata\pkg_resources.py,
bool,E:\football_v\.venv\Lib\site-packages\pip\_internal\metadata\pkg_resources.py,
canonicalize_name,E:\football_v\.venv\Lib\site-packages\pip\_internal\metadata\pkg_resources.py,
parse_version,E:\football_v\.venv\Lib\site-packages\pip\_internal\metadata\pkg_resources.py,
str,E:\football_v\.venv\Lib\site-packages\pip\_internal\metadata\pkg_resources.py,
str,E:\football_v\.venv\Lib\site-packages\pip\_internal\metadata\pkg_resources.py,
FileNotFoundError,E:\football_v\.venv\Lib\site-packages\pip\_internal\metadata\pkg_resources.py,
NoneMetadataError,E:\football_v\.venv\Lib\site-packages\pip\_internal\metadata\pkg_resources.py,
EntryPoint,E:\football_v\.venv\Lib\site-packages\pip\_internal\metadata\pkg_resources.py,
str,E:\football_v\.venv\Lib\site-packages\pip\_internal\metadata\pkg_resources.py,
isinstance,E:\football_v\.venv\Lib\site-packages\pip\_internal\metadata\pkg_resources.py,
display_path,E:\football_v\.venv\Lib\site-packages\pip\_internal\metadata\pkg_resources.py,
repr,E:\football_v\.venv\Lib\site-packages\pip\_internal\metadata\pkg_resources.py,
set,E:\football_v\.venv\Lib\site-packages\pip\_internal\metadata\pkg_resources.py,
set,E:\football_v\.venv\Lib\site-packages\pip\_internal\metadata\pkg_resources.py,
map,E:\football_v\.venv\Lib\site-packages\pip\_internal\metadata\pkg_resources.py,
cls,E:\football_v\.venv\Lib\site-packages\pip\_internal\metadata\pkg_resources.py,
cls,E:\football_v\.venv\Lib\site-packages\pip\_internal\metadata\pkg_resources.py,
Distribution,E:\football_v\.venv\Lib\site-packages\pip\_internal\metadata\pkg_resources.py,
canonicalize_name,E:\football_v\.venv\Lib\site-packages\pip\_internal\metadata\pkg_resources.py,
cast,E:\football_v\.venv\Lib\site-packages\pip\_internal\metadata\_json.py,
isinstance,E:\football_v\.venv\Lib\site-packages\pip\_internal\metadata\_json.py,
str,E:\football_v\.venv\Lib\site-packages\pip\_internal\metadata\_json.py,
json_name,E:\football_v\.venv\Lib\site-packages\pip\_internal\metadata\_json.py,
decode_header,E:\football_v\.venv\Lib\site-packages\pip\_internal\metadata\_json.py,
str,E:\football_v\.venv\Lib\site-packages\pip\_internal\metadata\_json.py,
sanitise_header,E:\football_v\.venv\Lib\site-packages\pip\_internal\metadata\_json.py,
make_header,E:\football_v\.venv\Lib\site-packages\pip\_internal\metadata\_json.py,
sanitise_header,E:\football_v\.venv\Lib\site-packages\pip\_internal\metadata\_json.py,
isinstance,E:\football_v\.venv\Lib\site-packages\pip\_internal\metadata\_json.py,
str,E:\football_v\.venv\Lib\site-packages\pip\_internal\metadata\_json.py,
decode_header,E:\football_v\.venv\Lib\site-packages\pip\_internal\metadata\_json.py,
str,E:\football_v\.venv\Lib\site-packages\pip\_internal\metadata\_json.py,
make_header,E:\football_v\.venv\Lib\site-packages\pip\_internal\metadata\_json.py,
bool,E:\football_v\.venv\Lib\site-packages\pip\_internal\metadata\__init__.py,
bool,E:\football_v\.venv\Lib\site-packages\pip\_internal\metadata\__init__.py,
getattr,E:\football_v\.venv\Lib\site-packages\pip\_internal\metadata\__init__.py,
strtobool,E:\football_v\.venv\Lib\site-packages\pip\_internal\metadata\__init__.py,
_should_use_importlib_metadata,E:\football_v\.venv\Lib\site-packages\pip\_internal\metadata\__init__.py,
cast,E:\football_v\.venv\Lib\site-packages\pip\_internal\metadata\__init__.py,
cast,E:\football_v\.venv\Lib\site-packages\pip\_internal\metadata\__init__.py,
select_backend,E:\football_v\.venv\Lib\site-packages\pip\_internal\metadata\__init__.py,
select_backend,E:\football_v\.venv\Lib\site-packages\pip\_internal\metadata\__init__.py,
select_backend,E:\football_v\.venv\Lib\site-packages\pip\_internal\metadata\__init__.py,
select_backend,E:\football_v\.venv\Lib\site-packages\pip\_internal\metadata\__init__.py,
select_backend,E:\football_v\.venv\Lib\site-packages\pip\_internal\metadata\__init__.py,
getattr,E:\football_v\.venv\Lib\site-packages\pip\_internal\metadata\importlib\_compat.py,
get_info_location,E:\football_v\.venv\Lib\site-packages\pip\_internal\metadata\importlib\_compat.py,
canonicalize_name,E:\football_v\.venv\Lib\site-packages\pip\_internal\metadata\importlib\_compat.py,
canonicalize_name,E:\football_v\.venv\Lib\site-packages\pip\_internal\metadata\importlib\_compat.py,
cast,E:\football_v\.venv\Lib\site-packages\pip\_internal\metadata\importlib\_compat.py,
isinstance,E:\football_v\.venv\Lib\site-packages\pip\_internal\metadata\importlib\_compat.py,
BadMetadata,E:\football_v\.venv\Lib\site-packages\pip\_internal\metadata\importlib\_compat.py,
parse_name_and_version_from_info_directory,E:\football_v\.venv\Lib\site-packages\pip\_internal\metadata\importlib\_compat.py,
NotImplementedError,E:\football_v\.venv\Lib\site-packages\pip\_internal\metadata\importlib\_compat.py,
NotImplementedError,E:\football_v\.venv\Lib\site-packages\pip\_internal\metadata\importlib\_compat.py,
parse_wheel,E:\football_v\.venv\Lib\site-packages\pip\_internal\metadata\importlib\_dists.py,
cls,E:\football_v\.venv\Lib\site-packages\pip\_internal\metadata\importlib\_dists.py,
read_wheel_metadata_file,E:\football_v\.venv\Lib\site-packages\pip\_internal\metadata\importlib\_dists.py,
FileNotFoundError,E:\football_v\.venv\Lib\site-packages\pip\_internal\metadata\importlib\_dists.py,
iter,E:\football_v\.venv\Lib\site-packages\pip\_internal\metadata\importlib\_dists.py,
str,E:\football_v\.venv\Lib\site-packages\pip\_internal\metadata\importlib\_dists.py,
UnsupportedWheel,E:\football_v\.venv\Lib\site-packages\pip\_internal\metadata\importlib\_dists.py,
cls,E:\football_v\.venv\Lib\site-packages\pip\_internal\metadata\importlib\_dists.py,
cls,E:\football_v\.venv\Lib\site-packages\pip\_internal\metadata\importlib\_dists.py,
TempDirectory,E:\football_v\.venv\Lib\site-packages\pip\_internal\metadata\importlib\_dists.py,
cls,E:\football_v\.venv\Lib\site-packages\pip\_internal\metadata\importlib\_dists.py,
InvalidWheel,E:\football_v\.venv\Lib\site-packages\pip\_internal\metadata\importlib\_dists.py,
str,E:\football_v\.venv\Lib\site-packages\pip\_internal\metadata\importlib\_dists.py,
str,E:\football_v\.venv\Lib\site-packages\pip\_internal\metadata\importlib\_dists.py,
normalize_path,E:\football_v\.venv\Lib\site-packages\pip\_internal\metadata\importlib\_dists.py,
str,E:\football_v\.venv\Lib\site-packages\pip\_internal\metadata\importlib\_dists.py,
get_dist_canonical_name,E:\football_v\.venv\Lib\site-packages\pip\_internal\metadata\importlib\_dists.py,
parse_version,E:\football_v\.venv\Lib\site-packages\pip\_internal\metadata\importlib\_dists.py,
parse_version,E:\football_v\.venv\Lib\site-packages\pip\_internal\metadata\importlib\_dists.py,
parse_name_and_version_from_info_directory,E:\football_v\.venv\Lib\site-packages\pip\_internal\metadata\importlib\_dists.py,
str,E:\football_v\.venv\Lib\site-packages\pip\_internal\metadata\importlib\_dists.py,
isinstance,E:\football_v\.venv\Lib\site-packages\pip\_internal\metadata\importlib\_dists.py,
str,E:\football_v\.venv\Lib\site-packages\pip\_internal\metadata\importlib\_dists.py,
FileNotFoundError,E:\football_v\.venv\Lib\site-packages\pip\_internal\metadata\importlib\_dists.py,
cast,E:\football_v\.venv\Lib\site-packages\pip\_internal\metadata\importlib\_dists.py,
canonicalize_name,E:\football_v\.venv\Lib\site-packages\pip\_internal\metadata\importlib\_dists.py,
get_requirement,E:\football_v\.venv\Lib\site-packages\pip\_internal\metadata\importlib\_dists.py,
any,E:\football_v\.venv\Lib\site-packages\pip\_internal\metadata\importlib\_dists.py,
deprecated,E:\football_v\.venv\Lib\site-packages\pip\_internal\metadata\importlib\_envs.py,
set,E:\football_v\.venv\Lib\site-packages\pip\_internal\metadata\importlib\_envs.py,
_looks_like_wheel,E:\football_v\.venv\Lib\site-packages\pip\_internal\metadata\importlib\_envs.py,
get_info_location,E:\football_v\.venv\Lib\site-packages\pip\_internal\metadata\importlib\_envs.py,
get_dist_canonical_name,E:\football_v\.venv\Lib\site-packages\pip\_internal\metadata\importlib\_envs.py,
Distribution,E:\football_v\.venv\Lib\site-packages\pip\_internal\metadata\importlib\_envs.py,
str,E:\football_v\.venv\Lib\site-packages\pip\_internal\metadata\importlib\_envs.py,
next,E:\football_v\.venv\Lib\site-packages\pip\_internal\metadata\importlib\_envs.py,
Distribution,E:\football_v\.venv\Lib\site-packages\pip\_internal\metadata\importlib\_envs.py,
find_distributions,E:\football_v\.venv\Lib\site-packages\pip\_internal\metadata\importlib\_envs.py,
find_eggs_in_zip,E:\football_v\.venv\Lib\site-packages\pip\_internal\metadata\importlib\_envs.py,
cls,E:\football_v\.venv\Lib\site-packages\pip\_internal\metadata\importlib\_envs.py,
cls,E:\football_v\.venv\Lib\site-packages\pip\_internal\metadata\importlib\_envs.py,
cls,E:\football_v\.venv\Lib\site-packages\pip\_internal\metadata\importlib\_envs.py,
_DistributionFinder,E:\football_v\.venv\Lib\site-packages\pip\_internal\metadata\importlib\_envs.py,
_emit_egg_deprecation,E:\football_v\.venv\Lib\site-packages\pip\_internal\metadata\importlib\_envs.py,
canonicalize_name,E:\football_v\.venv\Lib\site-packages\pip\_internal\metadata\importlib\_envs.py,
next,E:\football_v\.venv\Lib\site-packages\pip\_internal\metadata\importlib\_envs.py,
parse_version,E:\football_v\.venv\Lib\site-packages\pip\_internal\models\candidate.py,
isinstance,E:\football_v\.venv\Lib\site-packages\pip\_internal\models\direct_url.py,
DirectUrlValidationError,E:\football_v\.venv\Lib\site-packages\pip\_internal\models\direct_url.py,
_get,E:\football_v\.venv\Lib\site-packages\pip\_internal\models\direct_url.py,
DirectUrlValidationError,E:\football_v\.venv\Lib\site-packages\pip\_internal\models\direct_url.py,
DirectUrlValidationError,E:\football_v\.venv\Lib\site-packages\pip\_internal\models\direct_url.py,
len,E:\football_v\.venv\Lib\site-packages\pip\_internal\models\direct_url.py,
DirectUrlValidationError,E:\football_v\.venv\Lib\site-packages\pip\_internal\models\direct_url.py,
cls,E:\football_v\.venv\Lib\site-packages\pip\_internal\models\direct_url.py,
_get_required,E:\football_v\.venv\Lib\site-packages\pip\_internal\models\direct_url.py,
_get_required,E:\football_v\.venv\Lib\site-packages\pip\_internal\models\direct_url.py,
_get,E:\football_v\.venv\Lib\site-packages\pip\_internal\models\direct_url.py,
_filter_none,E:\football_v\.venv\Lib\site-packages\pip\_internal\models\direct_url.py,
DirectUrlValidationError,E:\football_v\.venv\Lib\site-packages\pip\_internal\models\direct_url.py,
cls,E:\football_v\.venv\Lib\site-packages\pip\_internal\models\direct_url.py,
_get,E:\football_v\.venv\Lib\site-packages\pip\_internal\models\direct_url.py,
_get,E:\football_v\.venv\Lib\site-packages\pip\_internal\models\direct_url.py,
_filter_none,E:\football_v\.venv\Lib\site-packages\pip\_internal\models\direct_url.py,
cls,E:\football_v\.venv\Lib\site-packages\pip\_internal\models\direct_url.py,
_get_required,E:\football_v\.venv\Lib\site-packages\pip\_internal\models\direct_url.py,
_filter_none,E:\football_v\.venv\Lib\site-packages\pip\_internal\models\direct_url.py,
isinstance,E:\football_v\.venv\Lib\site-packages\pip\_internal\models\direct_url.py,
DirectUrl,E:\football_v\.venv\Lib\site-packages\pip\_internal\models\direct_url.py,
_get_required,E:\football_v\.venv\Lib\site-packages\pip\_internal\models\direct_url.py,
_get,E:\football_v\.venv\Lib\site-packages\pip\_internal\models\direct_url.py,
_exactly_one_of,E:\football_v\.venv\Lib\site-packages\pip\_internal\models\direct_url.py,
_get,E:\football_v\.venv\Lib\site-packages\pip\_internal\models\direct_url.py,
_get,E:\football_v\.venv\Lib\site-packages\pip\_internal\models\direct_url.py,
_get,E:\football_v\.venv\Lib\site-packages\pip\_internal\models\direct_url.py,
_filter_none,E:\football_v\.venv\Lib\site-packages\pip\_internal\models\direct_url.py,
isinstance,E:\football_v\.venv\Lib\site-packages\pip\_internal\models\direct_url.py,
set,E:\football_v\.venv\Lib\site-packages\pip\_internal\models\format_control.py,
set,E:\football_v\.venv\Lib\site-packages\pip\_internal\models\format_control.py,
all,E:\football_v\.venv\Lib\site-packages\pip\_internal\models\format_control.py,
isinstance,E:\football_v\.venv\Lib\site-packages\pip\_internal\models\format_control.py,
getattr,E:\football_v\.venv\Lib\site-packages\pip\_internal\models\format_control.py,
getattr,E:\football_v\.venv\Lib\site-packages\pip\_internal\models\format_control.py,
CommandError,E:\football_v\.venv\Lib\site-packages\pip\_internal\models\format_control.py,
canonicalize_name,E:\football_v\.venv\Lib\site-packages\pip\_internal\models\format_control.py,
frozenset,E:\football_v\.venv\Lib\site-packages\pip\_internal\models\format_control.py,
super,E:\football_v\.venv\Lib\site-packages\pip\_internal\models\index.py,
sorted,E:\football_v\.venv\Lib\site-packages\pip\_internal\models\installation_report.py,
default_environment,E:\football_v\.venv\Lib\site-packages\pip\_internal\models\installation_report.py,
pairwise,E:\football_v\.venv\Lib\site-packages\pip\_internal\models\link.py,
clean_func,E:\football_v\.venv\Lib\site-packages\pip\_internal\models\link.py,
_clean_url_path,E:\football_v\.venv\Lib\site-packages\pip\_internal\models\link.py,
_CleanResult,E:\football_v\.venv\Lib\site-packages\pip\_internal\models\link.py,
_clean_link,E:\football_v\.venv\Lib\site-packages\pip\_internal\models\link.py,
_clean_link,E:\football_v\.venv\Lib\site-packages\pip\_internal\models\link.py,
cls,E:\football_v\.venv\Lib\site-packages\pip\_internal\models\link.py,
Hashes,E:\football_v\.venv\Lib\site-packages\pip\_internal\models\link.py,
all,E:\football_v\.venv\Lib\site-packages\pip\_internal\models\link.py,
path_to_url,E:\football_v\.venv\Lib\site-packages\pip\_internal\models\link.py,
_ensure_quoted_url,E:\football_v\.venv\Lib\site-packages\pip\_internal\models\link.py,
isinstance,E:\football_v\.venv\Lib\site-packages\pip\_internal\models\link.py,
cls,E:\football_v\.venv\Lib\site-packages\pip\_internal\models\link.py,
_absolute_link_url,E:\football_v\.venv\Lib\site-packages\pip\_internal\models\link.py,
MetadataFile,E:\football_v\.venv\Lib\site-packages\pip\_internal\models\link.py,
supported_hashes,E:\football_v\.venv\Lib\site-packages\pip\_internal\models\link.py,
MetadataFile,E:\football_v\.venv\Lib\site-packages\pip\_internal\models\link.py,
isinstance,E:\football_v\.venv\Lib\site-packages\pip\_internal\models\link.py,
_ensure_quoted_url,E:\football_v\.venv\Lib\site-packages\pip\_internal\models\link.py,
cls,E:\football_v\.venv\Lib\site-packages\pip\_internal\models\link.py,
_absolute_link_url,E:\football_v\.venv\Lib\site-packages\pip\_internal\models\link.py,
MetadataFile,E:\football_v\.venv\Lib\site-packages\pip\_internal\models\link.py,
MetadataFile,E:\football_v\.venv\Lib\site-packages\pip\_internal\models\link.py,
MetadataFile,E:\football_v\.venv\Lib\site-packages\pip\_internal\models\link.py,
supported_hashes,E:\football_v\.venv\Lib\site-packages\pip\_internal\models\link.py,
redact_auth_from_url,E:\football_v\.venv\Lib\site-packages\pip\_internal\models\link.py,
str,E:\football_v\.venv\Lib\site-packages\pip\_internal\models\link.py,
redact_auth_from_url,E:\football_v\.venv\Lib\site-packages\pip\_internal\models\link.py,
hash,E:\football_v\.venv\Lib\site-packages\pip\_internal\models\link.py,
isinstance,E:\football_v\.venv\Lib\site-packages\pip\_internal\models\link.py,
isinstance,E:\football_v\.venv\Lib\site-packages\pip\_internal\models\link.py,
split_auth_from_netloc,E:\football_v\.venv\Lib\site-packages\pip\_internal\models\link.py,
url_to_path,E:\football_v\.venv\Lib\site-packages\pip\_internal\models\link.py,
splitext,E:\football_v\.venv\Lib\site-packages\pip\_internal\models\link.py,
deprecated,E:\football_v\.venv\Lib\site-packages\pip\_internal\models\link.py,
Link,E:\football_v\.venv\Lib\site-packages\pip\_internal\models\link.py,
Link,E:\football_v\.venv\Lib\site-packages\pip\_internal\models\link.py,
Hashes,E:\football_v\.venv\Lib\site-packages\pip\_internal\models\link.py,
next,E:\football_v\.venv\Lib\site-packages\pip\_internal\models\link.py,
iter,E:\football_v\.venv\Lib\site-packages\pip\_internal\models\link.py,
next,E:\football_v\.venv\Lib\site-packages\pip\_internal\models\link.py,
iter,E:\football_v\.venv\Lib\site-packages\pip\_internal\models\link.py,
bool,E:\football_v\.venv\Lib\site-packages\pip\_internal\models\link.py,
any,E:\football_v\.venv\Lib\site-packages\pip\_internal\models\link.py,
cls,E:\football_v\.venv\Lib\site-packages\pip\_internal\models\search_scope.py,
has_tls,E:\football_v\.venv\Lib\site-packages\pip\_internal\models\search_scope.py,
normalize_path,E:\football_v\.venv\Lib\site-packages\pip\_internal\models\search_scope.py,
redact_auth_from_url,E:\football_v\.venv\Lib\site-packages\pip\_internal\models\search_scope.py,
redact_auth_from_url,E:\football_v\.venv\Lib\site-packages\pip\_internal\models\search_scope.py,
mkurl_pypi_url,E:\football_v\.venv\Lib\site-packages\pip\_internal\models\search_scope.py,
canonicalize_name,E:\football_v\.venv\Lib\site-packages\pip\_internal\models\search_scope.py,
canonicalize_name,E:\football_v\.venv\Lib\site-packages\pip\_internal\models\search_scope.py,
normalize_version_info,E:\football_v\.venv\Lib\site-packages\pip\_internal\models\target_python.py,
map,E:\football_v\.venv\Lib\site-packages\pip\_internal\models\target_python.py,
str,E:\football_v\.venv\Lib\site-packages\pip\_internal\models\target_python.py,
get_supported,E:\football_v\.venv\Lib\site-packages\pip\_internal\models\target_python.py,
version_info_to_nodot,E:\football_v\.venv\Lib\site-packages\pip\_internal\models\target_python.py,
set,E:\football_v\.venv\Lib\site-packages\pip\_internal\models\target_python.py,
InvalidWheelFilename,E:\football_v\.venv\Lib\site-packages\pip\_internal\models\wheel.py,
Tag,E:\football_v\.venv\Lib\site-packages\pip\_internal\models\wheel.py,
parse_wheel_filename,E:\football_v\.venv\Lib\site-packages\pip\_internal\models\wheel.py,
deprecated,E:\football_v\.venv\Lib\site-packages\pip\_internal\models\wheel.py,
sorted,E:\football_v\.venv\Lib\site-packages\pip\_internal\models\wheel.py,
str,E:\football_v\.venv\Lib\site-packages\pip\_internal\models\wheel.py,
next,E:\football_v\.venv\Lib\site-packages\pip\_internal\models\wheel.py,
ValueError,E:\football_v\.venv\Lib\site-packages\pip\_internal\models\wheel.py,
enumerate,E:\football_v\.venv\Lib\site-packages\pip\_internal\models\wheel.py,
min,E:\football_v\.venv\Lib\site-packages\pip\_internal\models\wheel.py,
lru_cache,E:\football_v\.venv\Lib\site-packages\pip\_internal\network\auth.py,
KeyRingNullProvider,E:\football_v\.venv\Lib\site-packages\pip\_internal\network\auth.py,
KeyRingPythonProvider,E:\football_v\.venv\Lib\site-packages\pip\_internal\network\auth.py,
Path,E:\football_v\.venv\Lib\site-packages\pip\_internal\network\auth.py,
KeyRingCliProvider,E:\football_v\.venv\Lib\site-packages\pip\_internal\network\auth.py,
Path,E:\football_v\.venv\Lib\site-packages\pip\_internal\network\auth.py,
PATH_as_shutil_which_determines_it,E:\football_v\.venv\Lib\site-packages\pip\_internal\network\auth.py,
hasattr,E:\football_v\.venv\Lib\site-packages\pip\_internal\network\auth.py,
get_keyring_provider,E:\football_v\.venv\Lib\site-packages\pip\_internal\network\auth.py,
str,E:\football_v\.venv\Lib\site-packages\pip\_internal\network\auth.py,
remove_auth_from_url,E:\football_v\.venv\Lib\site-packages\pip\_internal\network\auth.py,
remove_auth_from_url,E:\football_v\.venv\Lib\site-packages\pip\_internal\network\auth.py,
commonprefix,E:\football_v\.venv\Lib\site-packages\pip\_internal\network\auth.py,
split_auth_netloc_from_url,E:\football_v\.venv\Lib\site-packages\pip\_internal\network\auth.py,
split_auth_netloc_from_url,E:\football_v\.venv\Lib\site-packages\pip\_internal\network\auth.py,
get_netrc_auth,E:\football_v\.venv\Lib\site-packages\pip\_internal\network\auth.py,
split_auth_netloc_from_url,E:\football_v\.venv\Lib\site-packages\pip\_internal\network\auth.py,
HTTPBasicAuth,E:\football_v\.venv\Lib\site-packages\pip\_internal\network\auth.py,
ask_password,E:\football_v\.venv\Lib\site-packages\pip\_internal\network\auth.py,
ask_input,E:\football_v\.venv\Lib\site-packages\pip\_internal\network\auth.py,
ask,E:\football_v\.venv\Lib\site-packages\pip\_internal\network\auth.py,
HTTPBasicAuth,E:\football_v\.venv\Lib\site-packages\pip\_internal\network\auth.py,
Credentials,E:\football_v\.venv\Lib\site-packages\pip\_internal\network\auth.py,
getattr,E:\football_v\.venv\Lib\site-packages\pip\_internal\network\cache.py,
super,E:\football_v\.venv\Lib\site-packages\pip\_internal\network\cache.py,
list,E:\football_v\.venv\Lib\site-packages\pip\_internal\network\cache.py,
suppressed_cache_errors,E:\football_v\.venv\Lib\site-packages\pip\_internal\network\cache.py,
open,E:\football_v\.venv\Lib\site-packages\pip\_internal\network\cache.py,
suppressed_cache_errors,E:\football_v\.venv\Lib\site-packages\pip\_internal\network\cache.py,
ensure_dir,E:\football_v\.venv\Lib\site-packages\pip\_internal\network\cache.py,
replace,E:\football_v\.venv\Lib\site-packages\pip\_internal\network\cache.py,
adjacent_tmp_file,E:\football_v\.venv\Lib\site-packages\pip\_internal\network\cache.py,
suppressed_cache_errors,E:\football_v\.venv\Lib\site-packages\pip\_internal\network\cache.py,
suppressed_cache_errors,E:\football_v\.venv\Lib\site-packages\pip\_internal\network\cache.py,
suppressed_cache_errors,E:\football_v\.venv\Lib\site-packages\pip\_internal\network\cache.py,
open,E:\football_v\.venv\Lib\site-packages\pip\_internal\network\cache.py,
int,E:\football_v\.venv\Lib\site-packages\pip\_internal\network\download.py,
_get_http_response_size,E:\football_v\.venv\Lib\site-packages\pip\_internal\network\download.py,
redact_auth_from_url,E:\football_v\.venv\Lib\site-packages\pip\_internal\network\download.py,
is_from_cache,E:\football_v\.venv\Lib\site-packages\pip\_internal\network\download.py,
response_chunks,E:\football_v\.venv\Lib\site-packages\pip\_internal\network\download.py,
get_download_progress_renderer,E:\football_v\.venv\Lib\site-packages\pip\_internal\network\download.py,
renderer,E:\football_v\.venv\Lib\site-packages\pip\_internal\network\download.py,
is_from_cache,E:\football_v\.venv\Lib\site-packages\pip\_internal\network\download.py,
format_size,E:\football_v\.venv\Lib\site-packages\pip\_internal\network\download.py,
sanitize_content_filename,E:\football_v\.venv\Lib\site-packages\pip\_internal\network\download.py,
str,E:\football_v\.venv\Lib\site-packages\pip\_internal\network\download.py,
parse_content_disposition,E:\football_v\.venv\Lib\site-packages\pip\_internal\network\download.py,
splitext,E:\football_v\.venv\Lib\site-packages\pip\_internal\network\download.py,
raise_for_status,E:\football_v\.venv\Lib\site-packages\pip\_internal\network\download.py,
_get_http_response_filename,E:\football_v\.venv\Lib\site-packages\pip\_internal\network\download.py,
_prepare_download,E:\football_v\.venv\Lib\site-packages\pip\_internal\network\download.py,
_http_get_download,E:\football_v\.venv\Lib\site-packages\pip\_internal\network\download.py,
open,E:\football_v\.venv\Lib\site-packages\pip\_internal\network\download.py,
_get_http_response_filename,E:\football_v\.venv\Lib\site-packages\pip\_internal\network\download.py,
_prepare_download,E:\football_v\.venv\Lib\site-packages\pip\_internal\network\download.py,
_http_get_download,E:\football_v\.venv\Lib\site-packages\pip\_internal\network\download.py,
open,E:\football_v\.venv\Lib\site-packages\pip\_internal\network\download.py,
LazyZipOverHTTP,E:\football_v\.venv\Lib\site-packages\pip\_internal\network\lazy_wheel.py,
MemoryWheel,E:\football_v\.venv\Lib\site-packages\pip\_internal\network\lazy_wheel.py,
get_wheel_distribution,E:\football_v\.venv\Lib\site-packages\pip\_internal\network\lazy_wheel.py,
canonicalize_name,E:\football_v\.venv\Lib\site-packages\pip\_internal\network\lazy_wheel.py,
raise_for_status,E:\football_v\.venv\Lib\site-packages\pip\_internal\network\lazy_wheel.py,
int,E:\football_v\.venv\Lib\site-packages\pip\_internal\network\lazy_wheel.py,
NamedTemporaryFile,E:\football_v\.venv\Lib\site-packages\pip\_internal\network\lazy_wheel.py,
HTTPRangeRequestUnsupported,E:\football_v\.venv\Lib\site-packages\pip\_internal\network\lazy_wheel.py,
max,E:\football_v\.venv\Lib\site-packages\pip\_internal\network\lazy_wheel.py,
max,E:\football_v\.venv\Lib\site-packages\pip\_internal\network\lazy_wheel.py,
min,E:\football_v\.venv\Lib\site-packages\pip\_internal\network\lazy_wheel.py,
reversed,E:\football_v\.venv\Lib\site-packages\pip\_internal\network\lazy_wheel.py,
range,E:\football_v\.venv\Lib\site-packages\pip\_internal\network\lazy_wheel.py,
ZipFile,E:\football_v\.venv\Lib\site-packages\pip\_internal\network\lazy_wheel.py,
min,E:\football_v\.venv\Lib\site-packages\pip\_internal\network\lazy_wheel.py,
max,E:\football_v\.venv\Lib\site-packages\pip\_internal\network\lazy_wheel.py,
zip,E:\football_v\.venv\Lib\site-packages\pip\_internal\network\lazy_wheel.py,
bisect_left,E:\football_v\.venv\Lib\site-packages\pip\_internal\network\lazy_wheel.py,
bisect_right,E:\football_v\.venv\Lib\site-packages\pip\_internal\network\lazy_wheel.py,
response_chunks,E:\football_v\.venv\Lib\site-packages\pip\_internal\network\lazy_wheel.py,
any,E:\football_v\.venv\Lib\site-packages\pip\_internal\network\session.py,
has_tls,E:\football_v\.venv\Lib\site-packages\pip\_internal\network\session.py,
dict,E:\football_v\.venv\Lib\site-packages\pip\_internal\network\session.py,
dict,E:\football_v\.venv\Lib\site-packages\pip\_internal\network\session.py,
str,E:\football_v\.venv\Lib\site-packages\pip\_internal\network\session.py,
looks_like_ci,E:\football_v\.venv\Lib\site-packages\pip\_internal\network\session.py,
filter,E:\football_v\.venv\Lib\site-packages\pip\_internal\network\session.py,
filter,E:\football_v\.venv\Lib\site-packages\pip\_internal\network\session.py,
get_default_environment,E:\football_v\.venv\Lib\site-packages\pip\_internal\network\session.py,
zip,E:\football_v\.venv\Lib\site-packages\pip\_internal\network\session.py,
zip,E:\football_v\.venv\Lib\site-packages\pip\_internal\network\session.py,
str,E:\football_v\.venv\Lib\site-packages\pip\_internal\network\session.py,
libc_ver,E:\football_v\.venv\Lib\site-packages\pip\_internal\network\session.py,
url_to_path,E:\football_v\.venv\Lib\site-packages\pip\_internal\network\session.py,
Response,E:\football_v\.venv\Lib\site-packages\pip\_internal\network\session.py,
CaseInsensitiveDict,E:\football_v\.venv\Lib\site-packages\pip\_internal\network\session.py,
open,E:\football_v\.venv\Lib\site-packages\pip\_internal\network\session.py,
type,E:\football_v\.venv\Lib\site-packages\pip\_internal\network\session.py,
super,E:\football_v\.venv\Lib\site-packages\pip\_internal\network\session.py,
super,E:\football_v\.venv\Lib\site-packages\pip\_internal\network\session.py,
super,E:\football_v\.venv\Lib\site-packages\pip\_internal\network\session.py,
super,E:\football_v\.venv\Lib\site-packages\pip\_internal\network\session.py,
user_agent,E:\football_v\.venv\Lib\site-packages\pip\_internal\network\session.py,
MultiDomainBasicAuth,E:\football_v\.venv\Lib\site-packages\pip\_internal\network\session.py,
InsecureHTTPAdapter,E:\football_v\.venv\Lib\site-packages\pip\_internal\network\session.py,
CacheControlAdapter,E:\football_v\.venv\Lib\site-packages\pip\_internal\network\session.py,
InsecureCacheControlAdapter,E:\football_v\.venv\Lib\site-packages\pip\_internal\network\session.py,
HTTPAdapter,E:\football_v\.venv\Lib\site-packages\pip\_internal\network\session.py,
LocalFSAdapter,E:\football_v\.venv\Lib\site-packages\pip\_internal\network\session.py,
super,E:\football_v\.venv\Lib\site-packages\pip\_internal\network\session.py,
SafeFileCache,E:\football_v\.venv\Lib\site-packages\pip\_internal\network\session.py,
SafeFileCache,E:\football_v\.venv\Lib\site-packages\pip\_internal\network\session.py,
parse_netloc,E:\football_v\.venv\Lib\site-packages\pip\_internal\network\session.py,
ValueError,E:\football_v\.venv\Lib\site-packages\pip\_internal\network\session.py,
build_url_from_netloc,E:\football_v\.venv\Lib\site-packages\pip\_internal\network\session.py,
build_url_from_netloc,E:\football_v\.venv\Lib\site-packages\pip\_internal\network\session.py,
build_url_from_netloc,E:\football_v\.venv\Lib\site-packages\pip\_internal\network\session.py,
build_url_from_netloc,E:\football_v\.venv\Lib\site-packages\pip\_internal\network\session.py,
str,E:\football_v\.venv\Lib\site-packages\pip\_internal\network\session.py,
super,E:\football_v\.venv\Lib\site-packages\pip\_internal\network\session.py,
isinstance,E:\football_v\.venv\Lib\site-packages\pip\_internal\network\utils.py,
NetworkConnectionError,E:\football_v\.venv\Lib\site-packages\pip\_internal\network\utils.py,
super,E:\football_v\.venv\Lib\site-packages\pip\_internal\network\xmlrpc.py,
isinstance,E:\football_v\.venv\Lib\site-packages\pip\_internal\network\xmlrpc.py,
raise_for_status,E:\football_v\.venv\Lib\site-packages\pip\_internal\network\xmlrpc.py,
get_default_environment,E:\football_v\.venv\Lib\site-packages\pip\_internal\operations\check.py,
list,E:\football_v\.venv\Lib\site-packages\pip\_internal\operations\check.py,
PackageDetails,E:\football_v\.venv\Lib\site-packages\pip\_internal\operations\check.py,
set,E:\football_v\.venv\Lib\site-packages\pip\_internal\operations\check.py,
set,E:\football_v\.venv\Lib\site-packages\pip\_internal\operations\check.py,
should_ignore,E:\football_v\.venv\Lib\site-packages\pip\_internal\operations\check.py,
canonicalize_name,E:\football_v\.venv\Lib\site-packages\pip\_internal\operations\check.py,
sorted,E:\football_v\.venv\Lib\site-packages\pip\_internal\operations\check.py,
sorted,E:\football_v\.venv\Lib\site-packages\pip\_internal\operations\check.py,
create_package_set_from_installed,E:\football_v\.venv\Lib\site-packages\pip\_internal\operations\check.py,
_simulate_installation_of,E:\football_v\.venv\Lib\site-packages\pip\_internal\operations\check.py,
_create_whitelist,E:\football_v\.venv\Lib\site-packages\pip\_internal\operations\check.py,
check_package_set,E:\football_v\.venv\Lib\site-packages\pip\_internal\operations\check.py,
suppress,E:\football_v\.venv\Lib\site-packages\pip\_internal\operations\check.py,
reduce,E:\football_v\.venv\Lib\site-packages\pip\_internal\operations\check.py,
map,E:\football_v\.venv\Lib\site-packages\pip\_internal\operations\check.py,
frozenset,E:\football_v\.venv\Lib\site-packages\pip\_internal\operations\check.py,
Parser,E:\football_v\.venv\Lib\site-packages\pip\_internal\operations\check.py,
set,E:\football_v\.venv\Lib\site-packages\pip\_internal\operations\check.py,
make_distribution_for_install_requirement,E:\football_v\.venv\Lib\site-packages\pip\_internal\operations\check.py,
PackageDetails,E:\football_v\.venv\Lib\site-packages\pip\_internal\operations\check.py,
list,E:\football_v\.venv\Lib\site-packages\pip\_internal\operations\check.py,
set,E:\football_v\.venv\Lib\site-packages\pip\_internal\operations\check.py,
canonicalize_name,E:\football_v\.venv\Lib\site-packages\pip\_internal\operations\check.py,
sorted,E:\football_v\.venv\Lib\site-packages\pip\_internal\operations\freeze.py,
set,E:\football_v\.venv\Lib\site-packages\pip\_internal\operations\freeze.py,
get_environment,E:\football_v\.venv\Lib\site-packages\pip\_internal\operations\freeze.py,
open,E:\football_v\.venv\Lib\site-packages\pip\_internal\operations\freeze.py,
len,E:\football_v\.venv\Lib\site-packages\pip\_internal\operations\freeze.py,
install_req_from_editable,E:\football_v\.venv\Lib\site-packages\pip\_internal\operations\freeze.py,
install_req_from_line,E:\football_v\.venv\Lib\site-packages\pip\_internal\operations\freeze.py,
canonicalize_name,E:\football_v\.venv\Lib\site-packages\pip\_internal\operations\freeze.py,
sorted,E:\football_v\.venv\Lib\site-packages\pip\_internal\operations\freeze.py,
str,E:\football_v\.venv\Lib\site-packages\pip\_internal\operations\freeze.py,
set,E:\football_v\.venv\Lib\site-packages\pip\_internal\operations\freeze.py,
str,E:\football_v\.venv\Lib\site-packages\pip\_internal\operations\freeze.py,
len,E:\football_v\.venv\Lib\site-packages\pip\_internal\operations\freeze.py,
_EditableInfo,E:\football_v\.venv\Lib\site-packages\pip\_internal\operations\freeze.py,
_format_as_name_version,E:\football_v\.venv\Lib\site-packages\pip\_internal\operations\freeze.py,
_EditableInfo,E:\football_v\.venv\Lib\site-packages\pip\_internal\operations\freeze.py,
type,E:\football_v\.venv\Lib\site-packages\pip\_internal\operations\freeze.py,
_EditableInfo,E:\football_v\.venv\Lib\site-packages\pip\_internal\operations\freeze.py,
_format_as_name_version,E:\football_v\.venv\Lib\site-packages\pip\_internal\operations\freeze.py,
_EditableInfo,E:\football_v\.venv\Lib\site-packages\pip\_internal\operations\freeze.py,
_format_as_name_version,E:\football_v\.venv\Lib\site-packages\pip\_internal\operations\freeze.py,
_EditableInfo,E:\football_v\.venv\Lib\site-packages\pip\_internal\operations\freeze.py,
_EditableInfo,E:\football_v\.venv\Lib\site-packages\pip\_internal\operations\freeze.py,
canonicalize_name,E:\football_v\.venv\Lib\site-packages\pip\_internal\operations\freeze.py,
cls,E:\football_v\.venv\Lib\site-packages\pip\_internal\operations\freeze.py,
_get_editable_info,E:\football_v\.venv\Lib\site-packages\pip\_internal\operations\freeze.py,
direct_url_as_pep440_direct_reference,E:\football_v\.venv\Lib\site-packages\pip\_internal\operations\freeze.py,
_format_as_name_version,E:\football_v\.venv\Lib\site-packages\pip\_internal\operations\freeze.py,
list,E:\football_v\.venv\Lib\site-packages\pip\_internal\operations\freeze.py,
str,E:\football_v\.venv\Lib\site-packages\pip\_internal\operations\freeze.py,
make_distribution_for_install_requirement,E:\football_v\.venv\Lib\site-packages\pip\_internal\operations\prepare.py,
hide_url,E:\football_v\.venv\Lib\site-packages\pip\_internal\operations\prepare.py,
TempDirectory,E:\football_v\.venv\Lib\site-packages\pip\_internal\operations\prepare.py,
File,E:\football_v\.venv\Lib\site-packages\pip\_internal\operations\prepare.py,
_check_download_dir,E:\football_v\.venv\Lib\site-packages\pip\_internal\operations\prepare.py,
download,E:\football_v\.venv\Lib\site-packages\pip\_internal\operations\prepare.py,
File,E:\football_v\.venv\Lib\site-packages\pip\_internal\operations\prepare.py,
_check_download_dir,E:\football_v\.venv\Lib\site-packages\pip\_internal\operations\prepare.py,
unpack_vcs_link,E:\football_v\.venv\Lib\site-packages\pip\_internal\operations\prepare.py,
get_file_url,E:\football_v\.venv\Lib\site-packages\pip\_internal\operations\prepare.py,
get_http_url,E:\football_v\.venv\Lib\site-packages\pip\_internal\operations\prepare.py,
unpack_file,E:\football_v\.venv\Lib\site-packages\pip\_internal\operations\prepare.py,
Downloader,E:\football_v\.venv\Lib\site-packages\pip\_internal\operations\prepare.py,
BatchDownloader,E:\football_v\.venv\Lib\site-packages\pip\_internal\operations\prepare.py,
super,E:\football_v\.venv\Lib\site-packages\pip\_internal\operations\prepare.py,
str,E:\football_v\.venv\Lib\site-packages\pip\_internal\operations\prepare.py,
isinstance,E:\football_v\.venv\Lib\site-packages\pip\_internal\operations\prepare.py,
display_path,E:\football_v\.venv\Lib\site-packages\pip\_internal\operations\prepare.py,
redact_auth_from_requirement,E:\football_v\.venv\Lib\site-packages\pip\_internal\operations\prepare.py,
str,E:\football_v\.venv\Lib\site-packages\pip\_internal\operations\prepare.py,
indent_log,E:\football_v\.venv\Lib\site-packages\pip\_internal\operations\prepare.py,
VcsHashUnsupported,E:\football_v\.venv\Lib\site-packages\pip\_internal\operations\prepare.py,
DirectoryUrlHashUnsupported,E:\football_v\.venv\Lib\site-packages\pip\_internal\operations\prepare.py,
HashUnpinned,E:\football_v\.venv\Lib\site-packages\pip\_internal\operations\prepare.py,
MissingHashes,E:\football_v\.venv\Lib\site-packages\pip\_internal\operations\prepare.py,
get_http_url,E:\football_v\.venv\Lib\site-packages\pip\_internal\operations\prepare.py,
get_metadata_distribution,E:\football_v\.venv\Lib\site-packages\pip\_internal\operations\prepare.py,
open,E:\football_v\.venv\Lib\site-packages\pip\_internal\operations\prepare.py,
canonicalize_name,E:\football_v\.venv\Lib\site-packages\pip\_internal\operations\prepare.py,
canonicalize_name,E:\football_v\.venv\Lib\site-packages\pip\_internal\operations\prepare.py,
MetadataInconsistent,E:\football_v\.venv\Lib\site-packages\pip\_internal\operations\prepare.py,
Wheel,E:\football_v\.venv\Lib\site-packages\pip\_internal\operations\prepare.py,
canonicalize_name,E:\football_v\.venv\Lib\site-packages\pip\_internal\operations\prepare.py,
dist_from_wheel_url,E:\football_v\.venv\Lib\site-packages\pip\_internal\operations\prepare.py,
TempDirectory,E:\football_v\.venv\Lib\site-packages\pip\_internal\operations\prepare.py,
Path,E:\football_v\.venv\Lib\site-packages\pip\_internal\operations\prepare.py,
indent_log,E:\football_v\.venv\Lib\site-packages\pip\_internal\operations\prepare.py,
_check_download_dir,E:\football_v\.venv\Lib\site-packages\pip\_internal\operations\prepare.py,
_check_download_dir,E:\football_v\.venv\Lib\site-packages\pip\_internal\operations\prepare.py,
_get_prepared_distribution,E:\football_v\.venv\Lib\site-packages\pip\_internal\operations\prepare.py,
direct_url_from_link,E:\football_v\.venv\Lib\site-packages\pip\_internal\operations\prepare.py,
isinstance,E:\football_v\.venv\Lib\site-packages\pip\_internal\operations\prepare.py,
File,E:\football_v\.venv\Lib\site-packages\pip\_internal\operations\prepare.py,
isinstance,E:\football_v\.venv\Lib\site-packages\pip\_internal\operations\prepare.py,
unpack_url,E:\football_v\.venv\Lib\site-packages\pip\_internal\operations\prepare.py,
InstallationError,E:\football_v\.venv\Lib\site-packages\pip\_internal\operations\prepare.py,
hash_file,E:\football_v\.venv\Lib\site-packages\pip\_internal\operations\prepare.py,
display_path,E:\football_v\.venv\Lib\site-packages\pip\_internal\operations\prepare.py,
indent_log,E:\football_v\.venv\Lib\site-packages\pip\_internal\operations\prepare.py,
direct_url_for_editable,E:\football_v\.venv\Lib\site-packages\pip\_internal\operations\prepare.py,
_get_prepared_distribution,E:\football_v\.venv\Lib\site-packages\pip\_internal\operations\prepare.py,
InstallationError,E:\football_v\.venv\Lib\site-packages\pip\_internal\operations\prepare.py,
indent_log,E:\football_v\.venv\Lib\site-packages\pip\_internal\operations\prepare.py,
InstalledDistribution,E:\football_v\.venv\Lib\site-packages\pip\_internal\operations\prepare.py,
object,E:\football_v\.venv\Lib\site-packages\pip\_internal\operations\build\build_tracker.py,
isinstance,E:\football_v\.venv\Lib\site-packages\pip\_internal\operations\build\build_tracker.py,
BuildTracker,E:\football_v\.venv\Lib\site-packages\pip\_internal\operations\build\build_tracker.py,
update_env_context_manager,E:\football_v\.venv\Lib\site-packages\pip\_internal\operations\build\build_tracker.py,
TempDirectory,E:\football_v\.venv\Lib\site-packages\pip\_internal\operations\build\build_tracker.py,
LookupError,E:\football_v\.venv\Lib\site-packages\pip\_internal\operations\build\build_tracker.py,
open,E:\football_v\.venv\Lib\site-packages\pip\_internal\operations\build\build_tracker.py,
open,E:\football_v\.venv\Lib\site-packages\pip\_internal\operations\build\build_tracker.py,
str,E:\football_v\.venv\Lib\site-packages\pip\_internal\operations\build\build_tracker.py,
list,E:\football_v\.venv\Lib\site-packages\pip\_internal\operations\build\build_tracker.py,
TrackerId,E:\football_v\.venv\Lib\site-packages\pip\_internal\operations\build\build_tracker.py,
TempDirectory,E:\football_v\.venv\Lib\site-packages\pip\_internal\operations\build\metadata.py,
runner_with_spinner_message,E:\football_v\.venv\Lib\site-packages\pip\_internal\operations\build\metadata.py,
MetadataGenerationFailed,E:\football_v\.venv\Lib\site-packages\pip\_internal\operations\build\metadata.py,
TempDirectory,E:\football_v\.venv\Lib\site-packages\pip\_internal\operations\build\metadata_editable.py,
runner_with_spinner_message,E:\football_v\.venv\Lib\site-packages\pip\_internal\operations\build\metadata_editable.py,
MetadataGenerationFailed,E:\football_v\.venv\Lib\site-packages\pip\_internal\operations\build\metadata_editable.py,
InstallationError,E:\football_v\.venv\Lib\site-packages\pip\_internal\operations\build\metadata_legacy.py,
len,E:\football_v\.venv\Lib\site-packages\pip\_internal\operations\build\metadata_legacy.py,
InstallationError,E:\football_v\.venv\Lib\site-packages\pip\_internal\operations\build\metadata_legacy.py,
make_setuptools_egg_info_args,E:\football_v\.venv\Lib\site-packages\pip\_internal\operations\build\metadata_legacy.py,
_find_egg_info,E:\football_v\.venv\Lib\site-packages\pip\_internal\operations\build\metadata_legacy.py,
TempDirectory,E:\football_v\.venv\Lib\site-packages\pip\_internal\operations\build\metadata_legacy.py,
open_spinner,E:\football_v\.venv\Lib\site-packages\pip\_internal\operations\build\metadata_legacy.py,
call_subprocess,E:\football_v\.venv\Lib\site-packages\pip\_internal\operations\build\metadata_legacy.py,
MetadataGenerationFailed,E:\football_v\.venv\Lib\site-packages\pip\_internal\operations\build\metadata_legacy.py,
runner_with_spinner_message,E:\football_v\.venv\Lib\site-packages\pip\_internal\operations\build\wheel.py,
runner_with_spinner_message,E:\football_v\.venv\Lib\site-packages\pip\_internal\operations\build\wheel_editable.py,
format_command_args,E:\football_v\.venv\Lib\site-packages\pip\_internal\operations\build\wheel_legacy.py,
sorted,E:\football_v\.venv\Lib\site-packages\pip\_internal\operations\build\wheel_legacy.py,
format_command_result,E:\football_v\.venv\Lib\site-packages\pip\_internal\operations\build\wheel_legacy.py,
len,E:\football_v\.venv\Lib\site-packages\pip\_internal\operations\build\wheel_legacy.py,
format_command_result,E:\football_v\.venv\Lib\site-packages\pip\_internal\operations\build\wheel_legacy.py,
make_setuptools_bdist_wheel_args,E:\football_v\.venv\Lib\site-packages\pip\_internal\operations\build\wheel_legacy.py,
open_spinner,E:\football_v\.venv\Lib\site-packages\pip\_internal\operations\build\wheel_legacy.py,
get_legacy_build_wheel_path,E:\football_v\.venv\Lib\site-packages\pip\_internal\operations\build\wheel_legacy.py,
call_subprocess,E:\football_v\.venv\Lib\site-packages\pip\_internal\operations\build\wheel_legacy.py,
make_setuptools_develop_args,E:\football_v\.venv\Lib\site-packages\pip\_internal\operations\install\editable_legacy.py,
indent_log,E:\football_v\.venv\Lib\site-packages\pip\_internal\operations\install\editable_legacy.py,
call_subprocess,E:\football_v\.venv\Lib\site-packages\pip\_internal\operations\install\editable_legacy.py,
hash_file,E:\football_v\.venv\Lib\site-packages\pip\_internal\operations\install\wheel.py,
str,E:\football_v\.venv\Lib\site-packages\pip\_internal\operations\install\wheel.py,
urlsafe_b64encode,E:\football_v\.venv\Lib\site-packages\pip\_internal\operations\install\wheel.py,
open,E:\football_v\.venv\Lib\site-packages\pip\_internal\operations\install\wheel.py,
open,E:\football_v\.venv\Lib\site-packages\pip\_internal\operations\install\wheel.py,
any,E:\football_v\.venv\Lib\site-packages\pip\_internal\operations\install\wheel.py,
sorted,E:\football_v\.venv\Lib\site-packages\pip\_internal\operations\install\wheel.py,
len,E:\football_v\.venv\Lib\site-packages\pip\_internal\operations\install\wheel.py,
len,E:\football_v\.venv\Lib\site-packages\pip\_internal\operations\install\wheel.py,
sorted,E:\football_v\.venv\Lib\site-packages\pip\_internal\operations\install\wheel.py,
str,E:\football_v\.venv\Lib\site-packages\pip\_internal\operations\install\wheel.py,
cast,E:\football_v\.venv\Lib\site-packages\pip\_internal\operations\install\wheel.py,
cast,E:\football_v\.venv\Lib\site-packages\pip\_internal\operations\install\wheel.py,
_fs_to_record_path,E:\football_v\.venv\Lib\site-packages\pip\_internal\operations\install\wheel.py,
rehash,E:\football_v\.venv\Lib\site-packages\pip\_internal\operations\install\wheel.py,
len,E:\football_v\.venv\Lib\site-packages\pip\_internal\operations\install\wheel.py,
rehash,E:\football_v\.venv\Lib\site-packages\pip\_internal\operations\install\wheel.py,
_record_to_fs_path,E:\football_v\.venv\Lib\site-packages\pip\_internal\operations\install\wheel.py,
len,E:\football_v\.venv\Lib\site-packages\pip\_internal\operations\install\wheel.py,
len,E:\football_v\.venv\Lib\site-packages\pip\_internal\operations\install\wheel.py,
starmap,E:\football_v\.venv\Lib\site-packages\pip\_internal\operations\install\wheel.py,
get_major_minor_version,E:\football_v\.venv\Lib\site-packages\pip\_internal\operations\install\wheel.py,
get_major_minor_version,E:\football_v\.venv\Lib\site-packages\pip\_internal\operations\install\wheel.py,
get_export_entry,E:\football_v\.venv\Lib\site-packages\pip\_internal\operations\install\wheel.py,
MissingCallableSuffix,E:\football_v\.venv\Lib\site-packages\pip\_internal\operations\install\wheel.py,
str,E:\football_v\.venv\Lib\site-packages\pip\_internal\operations\install\wheel.py,
parse_wheel,E:\football_v\.venv\Lib\site-packages\pip\_internal\operations\install\wheel.py,
wheel_root_is_purelib,E:\football_v\.venv\Lib\site-packages\pip\_internal\operations\install\wheel.py,
set,E:\football_v\.venv\Lib\site-packages\pip\_internal\operations\install\wheel.py,
cast,E:\football_v\.venv\Lib\site-packages\pip\_internal\operations\install\wheel.py,
filterfalse,E:\football_v\.venv\Lib\site-packages\pip\_internal\operations\install\wheel.py,
partition,E:\football_v\.venv\Lib\site-packages\pip\_internal\operations\install\wheel.py,
root_scheme_file_maker,E:\football_v\.venv\Lib\site-packages\pip\_internal\operations\install\wheel.py,
map,E:\football_v\.venv\Lib\site-packages\pip\_internal\operations\install\wheel.py,
partition,E:\football_v\.venv\Lib\site-packages\pip\_internal\operations\install\wheel.py,
data_scheme_file_maker,E:\football_v\.venv\Lib\site-packages\pip\_internal\operations\install\wheel.py,
map,E:\football_v\.venv\Lib\site-packages\pip\_internal\operations\install\wheel.py,
chain,E:\football_v\.venv\Lib\site-packages\pip\_internal\operations\install\wheel.py,
get_wheel_distribution,E:\football_v\.venv\Lib\site-packages\pip\_internal\operations\install\wheel.py,
get_entrypoints,E:\football_v\.venv\Lib\site-packages\pip\_internal\operations\install\wheel.py,
map,E:\football_v\.venv\Lib\site-packages\pip\_internal\operations\install\wheel.py,
filterfalse,E:\football_v\.venv\Lib\site-packages\pip\_internal\operations\install\wheel.py,
map,E:\football_v\.venv\Lib\site-packages\pip\_internal\operations\install\wheel.py,
chain,E:\football_v\.venv\Lib\site-packages\pip\_internal\operations\install\wheel.py,
set,E:\football_v\.venv\Lib\site-packages\pip\_internal\operations\install\wheel.py,
PipScriptMaker,E:\football_v\.venv\Lib\site-packages\pip\_internal\operations\install\wheel.py,
get_console_script_specs,E:\football_v\.venv\Lib\site-packages\pip\_internal\operations\install\wheel.py,
list,E:\football_v\.venv\Lib\site-packages\pip\_internal\operations\install\wheel.py,
list,E:\football_v\.venv\Lib\site-packages\pip\_internal\operations\install\wheel.py,
get_csv_rows_for_installed,E:\football_v\.venv\Lib\site-packages\pip\_internal\operations\install\wheel.py,
_fs_to_record_path,E:\football_v\.venv\Lib\site-packages\pip\_internal\operations\install\wheel.py,
FilesystemWheel,E:\football_v\.venv\Lib\site-packages\pip\_internal\operations\install\wheel.py,
canonicalize_name,E:\football_v\.venv\Lib\site-packages\pip\_internal\operations\install\wheel.py,
record_installed,E:\football_v\.venv\Lib\site-packages\pip\_internal\operations\install\wheel.py,
sorted,E:\football_v\.venv\Lib\site-packages\pip\_internal\operations\install\wheel.py,
starmap,E:\football_v\.venv\Lib\site-packages\pip\_internal\operations\install\wheel.py,
message_about_scripts_not_on_PATH,E:\football_v\.venv\Lib\site-packages\pip\_internal\operations\install\wheel.py,
replace,E:\football_v\.venv\Lib\site-packages\pip\_internal\operations\install\wheel.py,
_generate_file,E:\football_v\.venv\Lib\site-packages\pip\_internal\operations\install\wheel.py,
_generate_file,E:\football_v\.venv\Lib\site-packages\pip\_internal\operations\install\wheel.py,
is_within_directory,E:\football_v\.venv\Lib\site-packages\pip\_internal\operations\install\wheel.py,
InstallationError,E:\football_v\.venv\Lib\site-packages\pip\_internal\operations\install\wheel.py,
assert_no_path_traversal,E:\football_v\.venv\Lib\site-packages\pip\_internal\operations\install\wheel.py,
ZipBackedFile,E:\football_v\.venv\Lib\site-packages\pip\_internal\operations\install\wheel.py,
getattr,E:\football_v\.venv\Lib\site-packages\pip\_internal\operations\install\wheel.py,
assert_no_path_traversal,E:\football_v\.venv\Lib\site-packages\pip\_internal\operations\install\wheel.py,
ZipBackedFile,E:\football_v\.venv\Lib\site-packages\pip\_internal\operations\install\wheel.py,
ensure_dir,E:\football_v\.venv\Lib\site-packages\pip\_internal\operations\install\wheel.py,
set,E:\football_v\.venv\Lib\site-packages\pip\_internal\operations\install\wheel.py,
current_umask,E:\football_v\.venv\Lib\site-packages\pip\_internal\operations\install\wheel.py,
adjacent_tmp_file,E:\football_v\.venv\Lib\site-packages\pip\_internal\operations\install\wheel.py,
_generate_file,E:\football_v\.venv\Lib\site-packages\pip\_internal\operations\install\wheel.py,
open,E:\football_v\.venv\Lib\site-packages\pip\_internal\operations\install\wheel.py,
cast,E:\football_v\.venv\Lib\site-packages\pip\_internal\operations\install\wheel.py,
_normalized_outrows,E:\football_v\.venv\Lib\site-packages\pip\_internal\operations\install\wheel.py,
len,E:\football_v\.venv\Lib\site-packages\pip\_internal\operations\install\wheel.py,
pyc_source_file_paths,E:\football_v\.venv\Lib\site-packages\pip\_internal\operations\install\wheel.py,
csv_io_kwargs,E:\football_v\.venv\Lib\site-packages\pip\_internal\operations\install\wheel.py,
InstallationError,E:\football_v\.venv\Lib\site-packages\pip\_internal\operations\install\wheel.py,
InstallationError,E:\football_v\.venv\Lib\site-packages\pip\_internal\operations\install\wheel.py,
sorted,E:\football_v\.venv\Lib\site-packages\pip\_internal\operations\install\wheel.py,
pyc_output_path,E:\football_v\.venv\Lib\site-packages\pip\_internal\operations\install\wheel.py,
cast,E:\football_v\.venv\Lib\site-packages\pip\_internal\operations\install\wheel.py,
record_installed,E:\football_v\.venv\Lib\site-packages\pip\_internal\operations\install\wheel.py,
InstallationError,E:\football_v\.venv\Lib\site-packages\pip\_internal\operations\install\wheel.py,
ZipFile,E:\football_v\.venv\Lib\site-packages\pip\_internal\operations\install\wheel.py,
req_error_context,E:\football_v\.venv\Lib\site-packages\pip\_internal\operations\install\wheel.py,
_install_wheel,E:\football_v\.venv\Lib\site-packages\pip\_internal\operations\install\wheel.py,
zip_item_is_executable,E:\football_v\.venv\Lib\site-packages\pip\_internal\operations\install\wheel.py,
open,E:\football_v\.venv\Lib\site-packages\pip\_internal\operations\install\wheel.py,
set_extracted_file_to_default_mode_plus_executable,E:\football_v\.venv\Lib\site-packages\pip\_internal\operations\install\wheel.py,
min,E:\football_v\.venv\Lib\site-packages\pip\_internal\operations\install\wheel.py,
fix_script,E:\football_v\.venv\Lib\site-packages\pip\_internal\operations\install\wheel.py,
super,E:\football_v\.venv\Lib\site-packages\pip\_internal\operations\install\wheel.py,
_raise_for_invalid_entrypoint,E:\football_v\.venv\Lib\site-packages\pip\_internal\operations\install\wheel.py,
super,E:\football_v\.venv\Lib\site-packages\pip\_internal\operations\install\wheel.py,
_fs_to_record_path,E:\football_v\.venv\Lib\site-packages\pip\_internal\operations\install\wheel.py,
is_within_directory,E:\football_v\.venv\Lib\site-packages\pip\_internal\operations\install\wheel.py,
InstallationError,E:\football_v\.venv\Lib\site-packages\pip\_internal\operations\install\wheel.py,
assert_no_path_traversal,E:\football_v\.venv\Lib\site-packages\pip\_internal\operations\install\wheel.py,
ZipBackedFile,E:\football_v\.venv\Lib\site-packages\pip\_internal\operations\install\wheel.py,
getattr,E:\football_v\.venv\Lib\site-packages\pip\_internal\operations\install\wheel.py,
assert_no_path_traversal,E:\football_v\.venv\Lib\site-packages\pip\_internal\operations\install\wheel.py,
ZipBackedFile,E:\football_v\.venv\Lib\site-packages\pip\_internal\operations\install\wheel.py,
InstallationError,E:\football_v\.venv\Lib\site-packages\pip\_internal\operations\install\wheel.py,
InstallationError,E:\football_v\.venv\Lib\site-packages\pip\_internal\operations\install\wheel.py,
sorted,E:\football_v\.venv\Lib\site-packages\pip\_internal\operations\install\wheel.py,
len,E:\football_v\.venv\Lib\site-packages\pip\_internal\operations\install\wheel.py,
sorted,E:\football_v\.venv\Lib\site-packages\pip\_internal\operations\install\wheel.py,
set,E:\football_v\.venv\Lib\site-packages\pip\_internal\operations\install\wheel.py,
replace,E:\football_v\.venv\Lib\site-packages\pip\_internal\operations\install\wheel.py,
adjacent_tmp_file,E:\football_v\.venv\Lib\site-packages\pip\_internal\operations\install\wheel.py,
assert_no_path_traversal,E:\football_v\.venv\Lib\site-packages\pip\_internal\operations\install\wheel.py,
ZipBackedFile,E:\football_v\.venv\Lib\site-packages\pip\_internal\operations\install\wheel.py,
assert_no_path_traversal,E:\football_v\.venv\Lib\site-packages\pip\_internal\operations\install\wheel.py,
ZipBackedFile,E:\football_v\.venv\Lib\site-packages\pip\_internal\operations\install\wheel.py,
InstallationError,E:\football_v\.venv\Lib\site-packages\pip\_internal\operations\install\wheel.py,
InstallationError,E:\football_v\.venv\Lib\site-packages\pip\_internal\operations\install\wheel.py,
sorted,E:\football_v\.venv\Lib\site-packages\pip\_internal\operations\install\wheel.py,
set,E:\football_v\.venv\Lib\site-packages\pip\_internal\req\constructors.py,
get_requirement,E:\football_v\.venv\Lib\site-packages\pip\_internal\req\constructors.py,
get_requirement,E:\football_v\.venv\Lib\site-packages\pip\_internal\req\constructors.py,
str,E:\football_v\.venv\Lib\site-packages\pip\_internal\req\constructors.py,
sorted,E:\football_v\.venv\Lib\site-packages\pip\_internal\req\constructors.py,
_strip_extras,E:\football_v\.venv\Lib\site-packages\pip\_internal\req\constructors.py,
Link,E:\football_v\.venv\Lib\site-packages\pip\_internal\req\constructors.py,
path_to_url,E:\football_v\.venv\Lib\site-packages\pip\_internal\req\constructors.py,
InstallationError,E:\football_v\.venv\Lib\site-packages\pip\_internal\req\constructors.py,
InstallationError,E:\football_v\.venv\Lib\site-packages\pip\_internal\req\constructors.py,
set,E:\football_v\.venv\Lib\site-packages\pip\_internal\req\constructors.py,
Link,E:\football_v\.venv\Lib\site-packages\pip\_internal\req\constructors.py,
set,E:\football_v\.venv\Lib\site-packages\pip\_internal\req\constructors.py,
get_requirement,E:\football_v\.venv\Lib\site-packages\pip\_internal\req\constructors.py,
open,E:\football_v\.venv\Lib\site-packages\pip\_internal\req\constructors.py,
get_requirement,E:\football_v\.venv\Lib\site-packages\pip\_internal\req\constructors.py,
next,E:\football_v\.venv\Lib\site-packages\pip\_internal\req\constructors.py,
check_first_requirement_in_file,E:\football_v\.venv\Lib\site-packages\pip\_internal\req\constructors.py,
parse_editable,E:\football_v\.venv\Lib\site-packages\pip\_internal\req\constructors.py,
Link,E:\football_v\.venv\Lib\site-packages\pip\_internal\req\constructors.py,
RequirementParts,E:\football_v\.venv\Lib\site-packages\pip\_internal\req\constructors.py,
get_requirement,E:\football_v\.venv\Lib\site-packages\pip\_internal\req\constructors.py,
InstallationError,E:\football_v\.venv\Lib\site-packages\pip\_internal\req\constructors.py,
parse_req_from_editable,E:\football_v\.venv\Lib\site-packages\pip\_internal\req\constructors.py,
InstallRequirement,E:\football_v\.venv\Lib\site-packages\pip\_internal\req\constructors.py,
path_to_url,E:\football_v\.venv\Lib\site-packages\pip\_internal\req\constructors.py,
_looks_like_path,E:\football_v\.venv\Lib\site-packages\pip\_internal\req\constructors.py,
is_installable_dir,E:\football_v\.venv\Lib\site-packages\pip\_internal\req\constructors.py,
InstallationError,E:\football_v\.venv\Lib\site-packages\pip\_internal\req\constructors.py,
is_archive_file,E:\football_v\.venv\Lib\site-packages\pip\_internal\req\constructors.py,
path_to_url,E:\football_v\.venv\Lib\site-packages\pip\_internal\req\constructors.py,
path_to_url,E:\football_v\.venv\Lib\site-packages\pip\_internal\req\constructors.py,
len,E:\football_v\.venv\Lib\site-packages\pip\_internal\req\constructors.py,
_looks_like_path,E:\football_v\.venv\Lib\site-packages\pip\_internal\req\constructors.py,
is_url,E:\football_v\.venv\Lib\site-packages\pip\_internal\req\constructors.py,
is_url,E:\football_v\.venv\Lib\site-packages\pip\_internal\req\constructors.py,
convert_extras,E:\football_v\.venv\Lib\site-packages\pip\_internal\req\constructors.py,
RequirementParts,E:\football_v\.venv\Lib\site-packages\pip\_internal\req\constructors.py,
Link,E:\football_v\.venv\Lib\site-packages\pip\_internal\req\constructors.py,
_strip_extras,E:\football_v\.venv\Lib\site-packages\pip\_internal\req\constructors.py,
_get_url_from_path,E:\football_v\.venv\Lib\site-packages\pip\_internal\req\constructors.py,
_parse_req_string,E:\football_v\.venv\Lib\site-packages\pip\_internal\req\constructors.py,
Marker,E:\football_v\.venv\Lib\site-packages\pip\_internal\req\constructors.py,
Link,E:\football_v\.venv\Lib\site-packages\pip\_internal\req\constructors.py,
Link,E:\football_v\.venv\Lib\site-packages\pip\_internal\req\constructors.py,
Wheel,E:\football_v\.venv\Lib\site-packages\pip\_internal\req\constructors.py,
get_requirement,E:\football_v\.venv\Lib\site-packages\pip\_internal\req\constructors.py,
path_to_url,E:\football_v\.venv\Lib\site-packages\pip\_internal\req\constructors.py,
with_source,E:\football_v\.venv\Lib\site-packages\pip\_internal\req\constructors.py,
InstallationError,E:\football_v\.venv\Lib\site-packages\pip\_internal\req\constructors.py,
deduce_helpful_msg,E:\football_v\.venv\Lib\site-packages\pip\_internal\req\constructors.py,
any,E:\football_v\.venv\Lib\site-packages\pip\_internal\req\constructors.py,
parse_req_from_line,E:\football_v\.venv\Lib\site-packages\pip\_internal\req\constructors.py,
InstallRequirement,E:\football_v\.venv\Lib\site-packages\pip\_internal\req\constructors.py,
InstallRequirement,E:\football_v\.venv\Lib\site-packages\pip\_internal\req\constructors.py,
get_requirement,E:\football_v\.venv\Lib\site-packages\pip\_internal\req\constructors.py,
InstallationError,E:\football_v\.venv\Lib\site-packages\pip\_internal\req\constructors.py,
InstallationError,E:\football_v\.venv\Lib\site-packages\pip\_internal\req\constructors.py,
install_req_from_editable,E:\football_v\.venv\Lib\site-packages\pip\_internal\req\constructors.py,
install_req_from_line,E:\football_v\.venv\Lib\site-packages\pip\_internal\req\constructors.py,
InstallRequirement,E:\football_v\.venv\Lib\site-packages\pip\_internal\req\constructors.py,
InstallRequirement,E:\football_v\.venv\Lib\site-packages\pip\_internal\req\constructors.py,
_set_requirement_extras,E:\football_v\.venv\Lib\site-packages\pip\_internal\req\constructors.py,
set,E:\football_v\.venv\Lib\site-packages\pip\_internal\req\constructors.py,
_set_requirement_extras,E:\football_v\.venv\Lib\site-packages\pip\_internal\req\constructors.py,
get_requirement,E:\football_v\.venv\Lib\site-packages\pip\_internal\req\constructors.py,
with_source,E:\football_v\.venv\Lib\site-packages\pip\_internal\req\constructors.py,
InstallationError,E:\football_v\.venv\Lib\site-packages\pip\_internal\req\constructors.py,
deduce_helpful_msg,E:\football_v\.venv\Lib\site-packages\pip\_internal\req\constructors.py,
any,E:\football_v\.venv\Lib\site-packages\pip\_internal\req\constructors.py,
get_line_parser,E:\football_v\.venv\Lib\site-packages\pip\_internal\req\req_file.py,
RequirementsFileParser,E:\football_v\.venv\Lib\site-packages\pip\_internal\req\req_file.py,
handle_line,E:\football_v\.venv\Lib\site-packages\pip\_internal\req\req_file.py,
enumerate,E:\football_v\.venv\Lib\site-packages\pip\_internal\req\req_file.py,
join_lines,E:\football_v\.venv\Lib\site-packages\pip\_internal\req\req_file.py,
ignore_comments,E:\football_v\.venv\Lib\site-packages\pip\_internal\req\req_file.py,
expand_env_variables,E:\football_v\.venv\Lib\site-packages\pip\_internal\req\req_file.py,
ParsedRequirement,E:\football_v\.venv\Lib\site-packages\pip\_internal\req\req_file.py,
SearchScope,E:\football_v\.venv\Lib\site-packages\pip\_internal\req\req_file.py,
handle_requirement_line,E:\football_v\.venv\Lib\site-packages\pip\_internal\req\req_file.py,
handle_option_line,E:\football_v\.venv\Lib\site-packages\pip\_internal\req\req_file.py,
build_parser,E:\football_v\.venv\Lib\site-packages\pip\_internal\req\req_file.py,
break_args_options,E:\football_v\.venv\Lib\site-packages\pip\_internal\req\req_file.py,
OptionParsingError,E:\football_v\.venv\Lib\site-packages\pip\_internal\req\req_file.py,
option_factory,E:\football_v\.venv\Lib\site-packages\pip\_internal\req\req_file.py,
OptionParsingError,E:\football_v\.venv\Lib\site-packages\pip\_internal\req\req_file.py,
_decode_req_file,E:\football_v\.venv\Lib\site-packages\pip\_internal\req\req_file.py,
raise_for_status,E:\football_v\.venv\Lib\site-packages\pip\_internal\req\req_file.py,
open,E:\football_v\.venv\Lib\site-packages\pip\_internal\req\req_file.py,
InstallationError,E:\football_v\.venv\Lib\site-packages\pip\_internal\req\req_file.py,
len,E:\football_v\.venv\Lib\site-packages\pip\_internal\req\req_file.py,
bool,E:\football_v\.venv\Lib\site-packages\pip\_internal\req\req_file.py,
RequirementsFileParseError,E:\football_v\.venv\Lib\site-packages\pip\_internal\req\req_file.py,
get_file_content,E:\football_v\.venv\Lib\site-packages\pip\_internal\req\req_file.py,
preprocess,E:\football_v\.venv\Lib\site-packages\pip\_internal\req\req_file.py,
ParsedLine,E:\football_v\.venv\Lib\site-packages\pip\_internal\req\req_file.py,
RequirementsFileParseError,E:\football_v\.venv\Lib\site-packages\pip\_internal\req\req_file.py,
build_parser,E:\football_v\.venv\Lib\site-packages\pip\_internal\req\req_file.py,
break_args_options,E:\football_v\.venv\Lib\site-packages\pip\_internal\req\req_file.py,
OptionParsingError,E:\football_v\.venv\Lib\site-packages\pip\_internal\req\req_file.py,
OptionParsingError,E:\football_v\.venv\Lib\site-packages\pip\_internal\req\req_file.py,
deprecated,E:\football_v\.venv\Lib\site-packages\pip\_internal\req\req_install.py,
getattr,E:\football_v\.venv\Lib\site-packages\pip\_internal\req\req_install.py,
getattr,E:\football_v\.venv\Lib\site-packages\pip\_internal\req\req_install.py,
_has_option,E:\football_v\.venv\Lib\site-packages\pip\_internal\req\req_install.py,
_has_option,E:\football_v\.venv\Lib\site-packages\pip\_internal\req\req_install.py,
deprecated,E:\football_v\.venv\Lib\site-packages\pip\_internal\req\req_install.py,
NoOpBuildEnvironment,E:\football_v\.venv\Lib\site-packages\pip\_internal\req\req_install.py,
isinstance,E:\football_v\.venv\Lib\site-packages\pip\_internal\req\req_install.py,
Link,E:\football_v\.venv\Lib\site-packages\pip\_internal\req\req_install.py,
set,E:\football_v\.venv\Lib\site-packages\pip\_internal\req\req_install.py,
redact_auth_from_requirement,E:\football_v\.venv\Lib\site-packages\pip\_internal\req\req_install.py,
isinstance,E:\football_v\.venv\Lib\site-packages\pip\_internal\req\req_install.py,
redact_auth_from_url,E:\football_v\.venv\Lib\site-packages\pip\_internal\req\req_install.py,
display_path,E:\football_v\.venv\Lib\site-packages\pip\_internal\req\req_install.py,
redact_auth_from_url,E:\football_v\.venv\Lib\site-packages\pip\_internal\req\req_install.py,
str,E:\football_v\.venv\Lib\site-packages\pip\_internal\req\req_install.py,
vars,E:\football_v\.venv\Lib\site-packages\pip\_internal\req\req_install.py,
sorted,E:\football_v\.venv\Lib\site-packages\pip\_internal\req\req_install.py,
sorted,E:\football_v\.venv\Lib\site-packages\pip\_internal\req\req_install.py,
runner_with_spinner_message,E:\football_v\.venv\Lib\site-packages\pip\_internal\req\req_install.py,
len,E:\football_v\.venv\Lib\site-packages\pip\_internal\req\req_install.py,
next,E:\football_v\.venv\Lib\site-packages\pip\_internal\req\req_install.py,
iter,E:\football_v\.venv\Lib\site-packages\pip\_internal\req\req_install.py,
any,E:\football_v\.venv\Lib\site-packages\pip\_internal\req\req_install.py,
bool,E:\football_v\.venv\Lib\site-packages\pip\_internal\req\req_install.py,
Hashes,E:\football_v\.venv\Lib\site-packages\pip\_internal\req\req_install.py,
str,E:\football_v\.venv\Lib\site-packages\pip\_internal\req\req_install.py,
isinstance,E:\football_v\.venv\Lib\site-packages\pip\_internal\req\req_install.py,
canonicalize_name,E:\football_v\.venv\Lib\site-packages\pip\_internal\req\req_install.py,
TempDirectory,E:\football_v\.venv\Lib\site-packages\pip\_internal\req\req_install.py,
TempDirectory,E:\football_v\.venv\Lib\site-packages\pip\_internal\req\req_install.py,
isinstance,E:\football_v\.venv\Lib\site-packages\pip\_internal\req\req_install.py,
get_requirement,E:\football_v\.venv\Lib\site-packages\pip\_internal\req\req_install.py,
parse_version,E:\football_v\.venv\Lib\site-packages\pip\_internal\req\req_install.py,
canonicalize_name,E:\football_v\.venv\Lib\site-packages\pip\_internal\req\req_install.py,
get_requirement,E:\football_v\.venv\Lib\site-packages\pip\_internal\req\req_install.py,
canonicalize_name,E:\football_v\.venv\Lib\site-packages\pip\_internal\req\req_install.py,
get_default_environment,E:\football_v\.venv\Lib\site-packages\pip\_internal\req\req_install.py,
running_under_virtualenv,E:\football_v\.venv\Lib\site-packages\pip\_internal\req\req_install.py,
InstallationError,E:\football_v\.venv\Lib\site-packages\pip\_internal\req\req_install.py,
make_pyproject_path,E:\football_v\.venv\Lib\site-packages\pip\_internal\req\req_install.py,
load_pyproject_toml,E:\football_v\.venv\Lib\site-packages\pip\_internal\req\req_install.py,
ConfiguredBuildBackendHookCaller,E:\football_v\.venv\Lib\site-packages\pip\_internal\req\req_install.py,
str,E:\football_v\.venv\Lib\site-packages\pip\_internal\req\req_install.py,
InstallationError,E:\football_v\.venv\Lib\site-packages\pip\_internal\req\req_install.py,
generate_metadata_legacy,E:\football_v\.venv\Lib\site-packages\pip\_internal\req\req_install.py,
generate_editable_metadata,E:\football_v\.venv\Lib\site-packages\pip\_internal\req\req_install.py,
generate_metadata,E:\football_v\.venv\Lib\site-packages\pip\_internal\req\req_install.py,
hasattr,E:\football_v\.venv\Lib\site-packages\pip\_internal\req\req_install.py,
AssertionError,E:\football_v\.venv\Lib\site-packages\pip\_internal\req\req_install.py,
get_directory_distribution,E:\football_v\.venv\Lib\site-packages\pip\_internal\req\req_install.py,
get_wheel_distribution,E:\football_v\.venv\Lib\site-packages\pip\_internal\req\req_install.py,
FilesystemWheel,E:\football_v\.venv\Lib\site-packages\pip\_internal\req\req_install.py,
canonicalize_name,E:\football_v\.venv\Lib\site-packages\pip\_internal\req\req_install.py,
display_path,E:\football_v\.venv\Lib\site-packages\pip\_internal\req\req_install.py,
unpack_file,E:\football_v\.venv\Lib\site-packages\pip\_internal\req\req_install.py,
is_installable_dir,E:\football_v\.venv\Lib\site-packages\pip\_internal\req\req_install.py,
str,E:\football_v\.venv\Lib\site-packages\pip\_internal\req\req_install.py,
PreviousBuildDirError,E:\football_v\.venv\Lib\site-packages\pip\_internal\req\req_install.py,
hide_url,E:\football_v\.venv\Lib\site-packages\pip\_internal\req\req_install.py,
get_default_environment,E:\football_v\.venv\Lib\site-packages\pip\_internal\req\req_install.py,
_clean_zip_name,E:\football_v\.venv\Lib\site-packages\pip\_internal\req\req_install.py,
len,E:\football_v\.venv\Lib\site-packages\pip\_internal\req\req_install.py,
ask_path_exists,E:\football_v\.venv\Lib\site-packages\pip\_internal\req\req_install.py,
display_path,E:\football_v\.venv\Lib\site-packages\pip\_internal\req\req_install.py,
display_path,E:\football_v\.venv\Lib\site-packages\pip\_internal\req\req_install.py,
display_path,E:\football_v\.venv\Lib\site-packages\pip\_internal\req\req_install.py,
backup_dir,E:\football_v\.venv\Lib\site-packages\pip\_internal\req\req_install.py,
display_path,E:\football_v\.venv\Lib\site-packages\pip\_internal\req\req_install.py,
display_path,E:\football_v\.venv\Lib\site-packages\pip\_internal\req\req_install.py,
get_scheme,E:\football_v\.venv\Lib\site-packages\pip\_internal\req\req_install.py,
install_wheel,E:\football_v\.venv\Lib\site-packages\pip\_internal\req\req_install.py,
deprecated,E:\football_v\.venv\Lib\site-packages\pip\_internal\req\req_install.py,
install_editable_legacy,E:\football_v\.venv\Lib\site-packages\pip\_internal\req\req_install.py,
str,E:\football_v\.venv\Lib\site-packages\pip\_internal\req\req_install.py,
len,E:\football_v\.venv\Lib\site-packages\pip\_internal\req\req_install.py,
OrderedDict,E:\football_v\.venv\Lib\site-packages\pip\_internal\req\req_set.py,
sorted,E:\football_v\.venv\Lib\site-packages\pip\_internal\req\req_set.py,
str,E:\football_v\.venv\Lib\site-packages\pip\_internal\req\req_set.py,
canonicalize_name,E:\football_v\.venv\Lib\site-packages\pip\_internal\req\req_set.py,
sorted,E:\football_v\.venv\Lib\site-packages\pip\_internal\req\req_set.py,
len,E:\football_v\.venv\Lib\site-packages\pip\_internal\req\req_set.py,
canonicalize_name,E:\football_v\.venv\Lib\site-packages\pip\_internal\req\req_set.py,
str,E:\football_v\.venv\Lib\site-packages\pip\_internal\req\req_set.py,
canonicalize_name,E:\football_v\.venv\Lib\site-packages\pip\_internal\req\req_set.py,
canonicalize_name,E:\football_v\.venv\Lib\site-packages\pip\_internal\req\req_set.py,
canonicalize_name,E:\football_v\.venv\Lib\site-packages\pip\_internal\req\req_set.py,
KeyError,E:\football_v\.venv\Lib\site-packages\pip\_internal\req\req_set.py,
list,E:\football_v\.venv\Lib\site-packages\pip\_internal\req\req_set.py,
set,E:\football_v\.venv\Lib\site-packages\pip\_internal\req\req_uninstall.py,
fn,E:\football_v\.venv\Lib\site-packages\pip\_internal\req\req_uninstall.py,
UninstallMissingRecord,E:\football_v\.venv\Lib\site-packages\pip\_internal\req\req_uninstall.py,
set,E:\football_v\.venv\Lib\site-packages\pip\_internal\req\req_uninstall.py,
sorted,E:\football_v\.venv\Lib\site-packages\pip\_internal\req\req_uninstall.py,
any,E:\football_v\.venv\Lib\site-packages\pip\_internal\req\req_uninstall.py,
len,E:\football_v\.venv\Lib\site-packages\pip\_internal\req\req_uninstall.py,
set,E:\football_v\.venv\Lib\site-packages\pip\_internal\req\req_uninstall.py,
sorted,E:\football_v\.venv\Lib\site-packages\pip\_internal\req\req_uninstall.py,
set,E:\football_v\.venv\Lib\site-packages\pip\_internal\req\req_uninstall.py,
any,E:\football_v\.venv\Lib\site-packages\pip\_internal\req\req_uninstall.py,
set,E:\football_v\.venv\Lib\site-packages\pip\_internal\req\req_uninstall.py,
set,E:\football_v\.venv\Lib\site-packages\pip\_internal\req\req_uninstall.py,
set,E:\football_v\.venv\Lib\site-packages\pip\_internal\req\req_uninstall.py,
map,E:\football_v\.venv\Lib\site-packages\pip\_internal\req\req_uninstall.py,
norm_join,E:\football_v\.venv\Lib\site-packages\pip\_internal\req\req_uninstall.py,
norm_join,E:\football_v\.venv\Lib\site-packages\pip\_internal\req\req_uninstall.py,
set,E:\football_v\.venv\Lib\site-packages\pip\_internal\req\req_uninstall.py,
set,E:\football_v\.venv\Lib\site-packages\pip\_internal\req\req_uninstall.py,
set,E:\football_v\.venv\Lib\site-packages\pip\_internal\req\req_uninstall.py,
set,E:\football_v\.venv\Lib\site-packages\pip\_internal\req\req_uninstall.py,
set,E:\football_v\.venv\Lib\site-packages\pip\_internal\req\req_uninstall.py,
compact,E:\football_v\.venv\Lib\site-packages\pip\_internal\req\req_uninstall.py,
map,E:\football_v\.venv\Lib\site-packages\pip\_internal\req\req_uninstall.py,
set,E:\football_v\.venv\Lib\site-packages\pip\_internal\req\req_uninstall.py,
fn,E:\football_v\.venv\Lib\site-packages\pip\_internal\req\req_uninstall.py,
AdjacentTempDirectory,E:\football_v\.venv\Lib\site-packages\pip\_internal\req\req_uninstall.py,
TempDirectory,E:\football_v\.venv\Lib\site-packages\pip\_internal\req\req_uninstall.py,
TempDirectory,E:\football_v\.venv\Lib\site-packages\pip\_internal\req\req_uninstall.py,
renames,E:\football_v\.venv\Lib\site-packages\pip\_internal\req\req_uninstall.py,
renames,E:\football_v\.venv\Lib\site-packages\pip\_internal\req\req_uninstall.py,
rmtree,E:\football_v\.venv\Lib\site-packages\pip\_internal\req\req_uninstall.py,
bool,E:\football_v\.venv\Lib\site-packages\pip\_internal\req\req_uninstall.py,
set,E:\football_v\.venv\Lib\site-packages\pip\_internal\req\req_uninstall.py,
set,E:\football_v\.venv\Lib\site-packages\pip\_internal\req\req_uninstall.py,
StashedUninstallPathSet,E:\football_v\.venv\Lib\site-packages\pip\_internal\req\req_uninstall.py,
running_under_virtualenv,E:\football_v\.venv\Lib\site-packages\pip\_internal\req\req_uninstall.py,
cache_from_source,E:\football_v\.venv\Lib\site-packages\pip\_internal\req\req_uninstall.py,
UninstallPthEntries,E:\football_v\.venv\Lib\site-packages\pip\_internal\req\req_uninstall.py,
indent_log,E:\football_v\.venv\Lib\site-packages\pip\_internal\req\req_uninstall.py,
compress_for_rename,E:\football_v\.venv\Lib\site-packages\pip\_internal\req\req_uninstall.py,
sorted,E:\football_v\.venv\Lib\site-packages\pip\_internal\req\req_uninstall.py,
compact,E:\football_v\.venv\Lib\site-packages\pip\_internal\req\req_uninstall.py,
_display,E:\football_v\.venv\Lib\site-packages\pip\_internal\req\req_uninstall.py,
_display,E:\football_v\.venv\Lib\site-packages\pip\_internal\req\req_uninstall.py,
_display,E:\football_v\.venv\Lib\site-packages\pip\_internal\req\req_uninstall.py,
compress_for_output_listing,E:\football_v\.venv\Lib\site-packages\pip\_internal\req\req_uninstall.py,
set,E:\football_v\.venv\Lib\site-packages\pip\_internal\req\req_uninstall.py,
set,E:\football_v\.venv\Lib\site-packages\pip\_internal\req\req_uninstall.py,
_display,E:\football_v\.venv\Lib\site-packages\pip\_internal\req\req_uninstall.py,
ask,E:\football_v\.venv\Lib\site-packages\pip\_internal\req\req_uninstall.py,
indent_log,E:\football_v\.venv\Lib\site-packages\pip\_internal\req\req_uninstall.py,
sorted,E:\football_v\.venv\Lib\site-packages\pip\_internal\req\req_uninstall.py,
compress_for_rename,E:\football_v\.venv\Lib\site-packages\pip\_internal\req\req_uninstall.py,
compact,E:\football_v\.venv\Lib\site-packages\pip\_internal\req\req_uninstall.py,
normalize_path,E:\football_v\.venv\Lib\site-packages\pip\_internal\req\req_uninstall.py,
cls,E:\football_v\.venv\Lib\site-packages\pip\_internal\req\req_uninstall.py,
egg_link_path_from_location,E:\football_v\.venv\Lib\site-packages\pip\_internal\req\req_uninstall.py,
iter_scripts_to_remove,E:\football_v\.venv\Lib\site-packages\pip\_internal\req\req_uninstall.py,
cls,E:\football_v\.venv\Lib\site-packages\pip\_internal\req\req_uninstall.py,
cls,E:\football_v\.venv\Lib\site-packages\pip\_internal\req\req_uninstall.py,
cls,E:\football_v\.venv\Lib\site-packages\pip\_internal\req\req_uninstall.py,
get_bin_user,E:\football_v\.venv\Lib\site-packages\pip\_internal\req\req_uninstall.py,
get_bin_prefix,E:\football_v\.venv\Lib\site-packages\pip\_internal\req\req_uninstall.py,
LegacyDistutilsInstall,E:\football_v\.venv\Lib\site-packages\pip\_internal\req\req_uninstall.py,
uninstallation_paths,E:\football_v\.venv\Lib\site-packages\pip\_internal\req\req_uninstall.py,
_script_names,E:\football_v\.venv\Lib\site-packages\pip\_internal\req\req_uninstall.py,
_script_names,E:\football_v\.venv\Lib\site-packages\pip\_internal\req\req_uninstall.py,
open,E:\football_v\.venv\Lib\site-packages\pip\_internal\req\req_uninstall.py,
set,E:\football_v\.venv\Lib\site-packages\pip\_internal\req\req_uninstall.py,
any,E:\football_v\.venv\Lib\site-packages\pip\_internal\req\req_uninstall.py,
open,E:\football_v\.venv\Lib\site-packages\pip\_internal\req\req_uninstall.py,
open,E:\football_v\.venv\Lib\site-packages\pip\_internal\req\req_uninstall.py,
open,E:\football_v\.venv\Lib\site-packages\pip\_internal\req\req_uninstall.py,
indent_log,E:\football_v\.venv\Lib\site-packages\pip\_internal\req\req_uninstall.py,
sorted,E:\football_v\.venv\Lib\site-packages\pip\_internal\req\req_uninstall.py,
compact,E:\football_v\.venv\Lib\site-packages\pip\_internal\req\req_uninstall.py,
_script_names,E:\football_v\.venv\Lib\site-packages\pip\_internal\req\req_uninstall.py,
_script_names,E:\football_v\.venv\Lib\site-packages\pip\_internal\req\req_uninstall.py,
_validate_requirements,E:\football_v\.venv\Lib\site-packages\pip\_internal\req\__init__.py,
indent_log,E:\football_v\.venv\Lib\site-packages\pip\_internal\req\__init__.py,
InstallationResult,E:\football_v\.venv\Lib\site-packages\pip\_internal\req\__init__.py,
indent_log,E:\football_v\.venv\Lib\site-packages\pip\_internal\req\__init__.py,
NotImplementedError,E:\football_v\.venv\Lib\site-packages\pip\_internal\resolution\base.py,
NotImplementedError,E:\football_v\.venv\Lib\site-packages\pip\_internal\resolution\base.py,
UnsupportedPythonVersion,E:\football_v\.venv\Lib\site-packages\pip\_internal\resolution\legacy\resolver.py,
str,E:\football_v\.venv\Lib\site-packages\pip\_internal\resolution\legacy\resolver.py,
check_requires_python,E:\football_v\.venv\Lib\site-packages\pip\_internal\resolution\legacy\resolver.py,
map,E:\football_v\.venv\Lib\site-packages\pip\_internal\resolution\legacy\resolver.py,
NoneMetadataError,E:\football_v\.venv\Lib\site-packages\pip\_internal\resolution\legacy\resolver.py,
str,E:\football_v\.venv\Lib\site-packages\pip\_internal\resolution\legacy\resolver.py,
defaultdict,E:\football_v\.venv\Lib\site-packages\pip\_internal\resolution\legacy\resolver.py,
normalize_version_info,E:\football_v\.venv\Lib\site-packages\pip\_internal\resolution\legacy\resolver.py,
super,E:\football_v\.venv\Lib\site-packages\pip\_internal\resolution\legacy\resolver.py,
RequirementSet,E:\football_v\.venv\Lib\site-packages\pip\_internal\resolution\legacy\resolver.py,
HashErrors,E:\football_v\.venv\Lib\site-packages\pip\_internal\resolution\legacy\resolver.py,
chain,E:\football_v\.venv\Lib\site-packages\pip\_internal\resolution\legacy\resolver.py,
check_invalid_constraint_type,E:\football_v\.venv\Lib\site-packages\pip\_internal\resolution\legacy\resolver.py,
tuple,E:\football_v\.venv\Lib\site-packages\pip\_internal\resolution\legacy\resolver.py,
Wheel,E:\football_v\.venv\Lib\site-packages\pip\_internal\resolution\legacy\resolver.py,
InstallationError,E:\football_v\.venv\Lib\site-packages\pip\_internal\resolution\legacy\resolver.py,
InstallationError,E:\football_v\.venv\Lib\site-packages\pip\_internal\resolution\legacy\resolver.py,
sorted,E:\football_v\.venv\Lib\site-packages\pip\_internal\resolution\legacy\resolver.py,
InstallationError,E:\football_v\.venv\Lib\site-packages\pip\_internal\resolution\legacy\resolver.py,
set,E:\football_v\.venv\Lib\site-packages\pip\_internal\resolution\legacy\resolver.py,
set,E:\football_v\.venv\Lib\site-packages\pip\_internal\resolution\legacy\resolver.py,
get_supported,E:\football_v\.venv\Lib\site-packages\pip\_internal\resolution\legacy\resolver.py,
direct_url_from_link,E:\football_v\.venv\Lib\site-packages\pip\_internal\resolution\legacy\resolver.py,
_check_dist_requires_python,E:\football_v\.venv\Lib\site-packages\pip\_internal\resolution\legacy\resolver.py,
indent_log,E:\football_v\.venv\Lib\site-packages\pip\_internal\resolution\legacy\resolver.py,
str,E:\football_v\.venv\Lib\site-packages\pip\_internal\resolution\legacy\resolver.py,
sorted,E:\football_v\.venv\Lib\site-packages\pip\_internal\resolution\legacy\resolver.py,
sorted,E:\football_v\.venv\Lib\site-packages\pip\_internal\resolution\legacy\resolver.py,
add_req,E:\football_v\.venv\Lib\site-packages\pip\_internal\resolution\legacy\resolver.py,
set,E:\football_v\.venv\Lib\site-packages\pip\_internal\resolution\legacy\resolver.py,
set,E:\football_v\.venv\Lib\site-packages\pip\_internal\resolution\legacy\resolver.py,
set,E:\football_v\.venv\Lib\site-packages\pip\_internal\resolution\legacy\resolver.py,
set,E:\football_v\.venv\Lib\site-packages\pip\_internal\resolution\legacy\resolver.py,
set,E:\football_v\.venv\Lib\site-packages\pip\_internal\resolution\legacy\resolver.py,
schedule,E:\football_v\.venv\Lib\site-packages\pip\_internal\resolution\legacy\resolver.py,
schedule,E:\football_v\.venv\Lib\site-packages\pip\_internal\resolution\legacy\resolver.py,
str,E:\football_v\.venv\Lib\site-packages\pip\_internal\resolution\legacy\resolver.py,
schedule,E:\football_v\.venv\Lib\site-packages\pip\_internal\resolution\legacy\resolver.py,
sorted,E:\football_v\.venv\Lib\site-packages\pip\_internal\resolution\resolvelib\base.py,
links_equivalent,E:\football_v\.venv\Lib\site-packages\pip\_internal\resolution\resolvelib\base.py,
Constraint,E:\football_v\.venv\Lib\site-packages\pip\_internal\resolution\resolvelib\base.py,
SpecifierSet,E:\football_v\.venv\Lib\site-packages\pip\_internal\resolution\resolvelib\base.py,
Hashes,E:\football_v\.venv\Lib\site-packages\pip\_internal\resolution\resolvelib\base.py,
frozenset,E:\football_v\.venv\Lib\site-packages\pip\_internal\resolution\resolvelib\base.py,
Constraint,E:\football_v\.venv\Lib\site-packages\pip\_internal\resolution\resolvelib\base.py,
frozenset,E:\football_v\.venv\Lib\site-packages\pip\_internal\resolution\resolvelib\base.py,
frozenset,E:\football_v\.venv\Lib\site-packages\pip\_internal\resolution\resolvelib\base.py,
bool,E:\football_v\.venv\Lib\site-packages\pip\_internal\resolution\resolvelib\base.py,
bool,E:\football_v\.venv\Lib\site-packages\pip\_internal\resolution\resolvelib\base.py,
bool,E:\football_v\.venv\Lib\site-packages\pip\_internal\resolution\resolvelib\base.py,
Constraint,E:\football_v\.venv\Lib\site-packages\pip\_internal\resolution\resolvelib\base.py,
isinstance,E:\football_v\.venv\Lib\site-packages\pip\_internal\resolution\resolvelib\base.py,
all,E:\football_v\.venv\Lib\site-packages\pip\_internal\resolution\resolvelib\base.py,
_match_link,E:\football_v\.venv\Lib\site-packages\pip\_internal\resolution\resolvelib\base.py,
NotImplementedError,E:\football_v\.venv\Lib\site-packages\pip\_internal\resolution\resolvelib\base.py,
NotImplementedError,E:\football_v\.venv\Lib\site-packages\pip\_internal\resolution\resolvelib\base.py,
NotImplementedError,E:\football_v\.venv\Lib\site-packages\pip\_internal\resolution\resolvelib\base.py,
NotImplementedError,E:\football_v\.venv\Lib\site-packages\pip\_internal\resolution\resolvelib\base.py,
NotImplementedError,E:\football_v\.venv\Lib\site-packages\pip\_internal\resolution\resolvelib\base.py,
NotImplementedError,E:\football_v\.venv\Lib\site-packages\pip\_internal\resolution\resolvelib\base.py,
NotImplementedError,E:\football_v\.venv\Lib\site-packages\pip\_internal\resolution\resolvelib\base.py,
NotImplementedError,E:\football_v\.venv\Lib\site-packages\pip\_internal\resolution\resolvelib\base.py,
NotImplementedError,E:\football_v\.venv\Lib\site-packages\pip\_internal\resolution\resolvelib\base.py,
NotImplementedError,E:\football_v\.venv\Lib\site-packages\pip\_internal\resolution\resolvelib\base.py,
NotImplementedError,E:\football_v\.venv\Lib\site-packages\pip\_internal\resolution\resolvelib\base.py,
NotImplementedError,E:\football_v\.venv\Lib\site-packages\pip\_internal\resolution\resolvelib\base.py,
NotImplementedError,E:\football_v\.venv\Lib\site-packages\pip\_internal\resolution\resolvelib\base.py,
isinstance,E:\football_v\.venv\Lib\site-packages\pip\_internal\resolution\resolvelib\candidates.py,
install_req_from_line,E:\football_v\.venv\Lib\site-packages\pip\_internal\resolution\resolvelib\candidates.py,
str,E:\football_v\.venv\Lib\site-packages\pip\_internal\resolution\resolvelib\candidates.py,
install_req_from_editable,E:\football_v\.venv\Lib\site-packages\pip\_internal\resolution\resolvelib\candidates.py,
install_req_from_line,E:\football_v\.venv\Lib\site-packages\pip\_internal\resolution\resolvelib\candidates.py,
str,E:\football_v\.venv\Lib\site-packages\pip\_internal\resolution\resolvelib\candidates.py,
str,E:\football_v\.venv\Lib\site-packages\pip\_internal\resolution\resolvelib\candidates.py,
hash,E:\football_v\.venv\Lib\site-packages\pip\_internal\resolution\resolvelib\candidates.py,
isinstance,E:\football_v\.venv\Lib\site-packages\pip\_internal\resolution\resolvelib\candidates.py,
links_equivalent,E:\football_v\.venv\Lib\site-packages\pip\_internal\resolution\resolvelib\candidates.py,
NotImplementedError,E:\football_v\.venv\Lib\site-packages\pip\_internal\resolution\resolvelib\candidates.py,
MetadataInconsistent,E:\football_v\.venv\Lib\site-packages\pip\_internal\resolution\resolvelib\candidates.py,
MetadataInconsistent,E:\football_v\.venv\Lib\site-packages\pip\_internal\resolution\resolvelib\candidates.py,
list,E:\football_v\.venv\Lib\site-packages\pip\_internal\resolution\resolvelib\candidates.py,
str,E:\football_v\.venv\Lib\site-packages\pip\_internal\resolution\resolvelib\candidates.py,
str,E:\football_v\.venv\Lib\site-packages\pip\_internal\resolution\resolvelib\candidates.py,
MetadataInvalid,E:\football_v\.venv\Lib\site-packages\pip\_internal\resolution\resolvelib\candidates.py,
list,E:\football_v\.venv\Lib\site-packages\pip\_internal\resolution\resolvelib\candidates.py,
str,E:\football_v\.venv\Lib\site-packages\pip\_internal\resolution\resolvelib\candidates.py,
str,E:\football_v\.venv\Lib\site-packages\pip\_internal\resolution\resolvelib\candidates.py,
make_install_req_from_link,E:\football_v\.venv\Lib\site-packages\pip\_internal\resolution\resolvelib\candidates.py,
Wheel,E:\football_v\.venv\Lib\site-packages\pip\_internal\resolution\resolvelib\candidates.py,
canonicalize_name,E:\football_v\.venv\Lib\site-packages\pip\_internal\resolution\resolvelib\candidates.py,
Version,E:\football_v\.venv\Lib\site-packages\pip\_internal\resolution\resolvelib\candidates.py,
direct_url_from_link,E:\football_v\.venv\Lib\site-packages\pip\_internal\resolution\resolvelib\candidates.py,
super,E:\football_v\.venv\Lib\site-packages\pip\_internal\resolution\resolvelib\candidates.py,
super,E:\football_v\.venv\Lib\site-packages\pip\_internal\resolution\resolvelib\candidates.py,
make_install_req_from_editable,E:\football_v\.venv\Lib\site-packages\pip\_internal\resolution\resolvelib\candidates.py,
_make_install_req_from_dist,E:\football_v\.venv\Lib\site-packages\pip\_internal\resolution\resolvelib\candidates.py,
str,E:\football_v\.venv\Lib\site-packages\pip\_internal\resolution\resolvelib\candidates.py,
isinstance,E:\football_v\.venv\Lib\site-packages\pip\_internal\resolution\resolvelib\candidates.py,
hash,E:\football_v\.venv\Lib\site-packages\pip\_internal\resolution\resolvelib\candidates.py,
InvalidInstalledPackage,E:\football_v\.venv\Lib\site-packages\pip\_internal\resolution\resolvelib\candidates.py,
str,E:\football_v\.venv\Lib\site-packages\pip\_internal\resolution\resolvelib\candidates.py,
frozenset,E:\football_v\.venv\Lib\site-packages\pip\_internal\resolution\resolvelib\candidates.py,
canonicalize_name,E:\football_v\.venv\Lib\site-packages\pip\_internal\resolution\resolvelib\candidates.py,
str,E:\football_v\.venv\Lib\site-packages\pip\_internal\resolution\resolvelib\candidates.py,
hash,E:\football_v\.venv\Lib\site-packages\pip\_internal\resolution\resolvelib\candidates.py,
isinstance,E:\football_v\.venv\Lib\site-packages\pip\_internal\resolution\resolvelib\candidates.py,
format_name,E:\football_v\.venv\Lib\site-packages\pip\_internal\resolution\resolvelib\candidates.py,
sorted,E:\football_v\.venv\Lib\site-packages\pip\_internal\resolution\resolvelib\candidates.py,
sorted,E:\football_v\.venv\Lib\site-packages\pip\_internal\resolution\resolvelib\candidates.py,
str,E:\football_v\.venv\Lib\site-packages\pip\_internal\resolution\resolvelib\candidates.py,
Version,E:\football_v\.venv\Lib\site-packages\pip\_internal\resolution\resolvelib\candidates.py,
normalize_version_info,E:\football_v\.venv\Lib\site-packages\pip\_internal\resolution\resolvelib\candidates.py,
str,E:\football_v\.venv\Lib\site-packages\pip\_internal\resolution\resolvelib\candidates.py,
RequiresPythonCandidate,E:\football_v\.venv\Lib\site-packages\pip\_internal\resolution\resolvelib\factory.py,
get_supported,E:\football_v\.venv\Lib\site-packages\pip\_internal\resolution\resolvelib\factory.py,
get_default_environment,E:\football_v\.venv\Lib\site-packages\pip\_internal\resolution\resolvelib\factory.py,
Wheel,E:\football_v\.venv\Lib\site-packages\pip\_internal\resolution\resolvelib\factory.py,
UnsupportedWheel,E:\football_v\.venv\Lib\site-packages\pip\_internal\resolution\resolvelib\factory.py,
id,E:\football_v\.venv\Lib\site-packages\pip\_internal\resolution\resolvelib\factory.py,
frozenset,E:\football_v\.venv\Lib\site-packages\pip\_internal\resolution\resolvelib\factory.py,
ExtrasCandidate,E:\football_v\.venv\Lib\site-packages\pip\_internal\resolution\resolvelib\factory.py,
canonicalize_name,E:\football_v\.venv\Lib\site-packages\pip\_internal\resolution\resolvelib\factory.py,
AlreadyInstalledCandidate,E:\football_v\.venv\Lib\site-packages\pip\_internal\resolution\resolvelib\factory.py,
EditableCandidate,E:\football_v\.venv\Lib\site-packages\pip\_internal\resolution\resolvelib\factory.py,
LinkCandidate,E:\football_v\.venv\Lib\site-packages\pip\_internal\resolution\resolvelib\factory.py,
canonicalize_name,E:\football_v\.venv\Lib\site-packages\pip\_internal\resolution\resolvelib\factory.py,
frozenset,E:\football_v\.venv\Lib\site-packages\pip\_internal\resolution\resolvelib\factory.py,
FoundCandidates,E:\football_v\.venv\Lib\site-packages\pip\_internal\resolution\resolvelib\factory.py,
frozenset,E:\football_v\.venv\Lib\site-packages\pip\_internal\resolution\resolvelib\factory.py,
all,E:\football_v\.venv\Lib\site-packages\pip\_internal\resolution\resolvelib\factory.py,
is_pinned,E:\football_v\.venv\Lib\site-packages\pip\_internal\resolution\resolvelib\factory.py,
reversed,E:\football_v\.venv\Lib\site-packages\pip\_internal\resolution\resolvelib\factory.py,
_get_installed_candidate,E:\football_v\.venv\Lib\site-packages\pip\_internal\resolution\resolvelib\factory.py,
id,E:\football_v\.venv\Lib\site-packages\pip\_internal\resolution\resolvelib\factory.py,
InvalidInstalledPackage,E:\football_v\.venv\Lib\site-packages\pip\_internal\resolution\resolvelib\factory.py,
as_base_candidate,E:\football_v\.venv\Lib\site-packages\pip\_internal\resolution\resolvelib\factory.py,
install_req_from_link_and_ireq,E:\football_v\.venv\Lib\site-packages\pip\_internal\resolution\resolvelib\factory.py,
canonicalize_name,E:\football_v\.venv\Lib\site-packages\pip\_internal\resolution\resolvelib\factory.py,
set,E:\football_v\.venv\Lib\site-packages\pip\_internal\resolution\resolvelib\factory.py,
get_requirement,E:\football_v\.venv\Lib\site-packages\pip\_internal\resolution\resolvelib\factory.py,
id,E:\football_v\.venv\Lib\site-packages\pip\_internal\resolution\resolvelib\factory.py,
all,E:\football_v\.venv\Lib\site-packages\pip\_internal\resolution\resolvelib\factory.py,
frozenset,E:\football_v\.venv\Lib\site-packages\pip\_internal\resolution\resolvelib\factory.py,
id,E:\football_v\.venv\Lib\site-packages\pip\_internal\resolution\resolvelib\factory.py,
is_satisfied_by,E:\football_v\.venv\Lib\site-packages\pip\_internal\resolution\resolvelib\factory.py,
SpecifierRequirement,E:\football_v\.venv\Lib\site-packages\pip\_internal\resolution\resolvelib\factory.py,
SpecifierWithoutExtrasRequirement,E:\football_v\.venv\Lib\site-packages\pip\_internal\resolution\resolvelib\factory.py,
UnsatisfiableRequirement,E:\football_v\.venv\Lib\site-packages\pip\_internal\resolution\resolvelib\factory.py,
install_req_drop_extras,E:\football_v\.venv\Lib\site-packages\pip\_internal\resolution\resolvelib\factory.py,
canonicalize_name,E:\football_v\.venv\Lib\site-packages\pip\_internal\resolution\resolvelib\factory.py,
canonicalize_name,E:\football_v\.venv\Lib\site-packages\pip\_internal\resolution\resolvelib\factory.py,
frozenset,E:\football_v\.venv\Lib\site-packages\pip\_internal\resolution\resolvelib\factory.py,
CollectedRootRequirements,E:\football_v\.venv\Lib\site-packages\pip\_internal\resolution\resolvelib\factory.py,
enumerate,E:\football_v\.venv\Lib\site-packages\pip\_internal\resolution\resolvelib\factory.py,
check_invalid_constraint_type,E:\football_v\.venv\Lib\site-packages\pip\_internal\resolution\resolvelib\factory.py,
canonicalize_name,E:\football_v\.venv\Lib\site-packages\pip\_internal\resolution\resolvelib\factory.py,
list,E:\football_v\.venv\Lib\site-packages\pip\_internal\resolution\resolvelib\factory.py,
InstallationError,E:\football_v\.venv\Lib\site-packages\pip\_internal\resolution\resolvelib\factory.py,
ExplicitRequirement,E:\football_v\.venv\Lib\site-packages\pip\_internal\resolution\resolvelib\factory.py,
RequiresPythonRequirement,E:\football_v\.venv\Lib\site-packages\pip\_internal\resolution\resolvelib\factory.py,
str,E:\football_v\.venv\Lib\site-packages\pip\_internal\resolution\resolvelib\factory.py,
running_under_virtualenv,E:\football_v\.venv\Lib\site-packages\pip\_internal\resolution\resolvelib\factory.py,
InstallationError,E:\football_v\.venv\Lib\site-packages\pip\_internal\resolution\resolvelib\factory.py,
UnsupportedPythonVersion,E:\football_v\.venv\Lib\site-packages\pip\_internal\resolution\resolvelib\factory.py,
len,E:\football_v\.venv\Lib\site-packages\pip\_internal\resolution\resolvelib\factory.py,
str,E:\football_v\.venv\Lib\site-packages\pip\_internal\resolution\resolvelib\factory.py,
UnsupportedPythonVersion,E:\football_v\.venv\Lib\site-packages\pip\_internal\resolution\resolvelib\factory.py,
str,E:\football_v\.venv\Lib\site-packages\pip\_internal\resolution\resolvelib\factory.py,
set,E:\football_v\.venv\Lib\site-packages\pip\_internal\resolution\resolvelib\factory.py,
set,E:\football_v\.venv\Lib\site-packages\pip\_internal\resolution\resolvelib\factory.py,
DistributionNotFound,E:\football_v\.venv\Lib\site-packages\pip\_internal\resolution\resolvelib\factory.py,
str,E:\football_v\.venv\Lib\site-packages\pip\_internal\resolution\resolvelib\factory.py,
str,E:\football_v\.venv\Lib\site-packages\pip\_internal\resolution\resolvelib\factory.py,
str,E:\football_v\.venv\Lib\site-packages\pip\_internal\resolution\resolvelib\factory.py,
str,E:\football_v\.venv\Lib\site-packages\pip\_internal\resolution\resolvelib\factory.py,
sorted,E:\football_v\.venv\Lib\site-packages\pip\_internal\resolution\resolvelib\factory.py,
sorted,E:\football_v\.venv\Lib\site-packages\pip\_internal\resolution\resolvelib\factory.py,
set,E:\football_v\.venv\Lib\site-packages\pip\_internal\resolution\resolvelib\factory.py,
set,E:\football_v\.venv\Lib\site-packages\pip\_internal\resolution\resolvelib\factory.py,
DistributionNotFound,E:\football_v\.venv\Lib\site-packages\pip\_internal\resolution\resolvelib\factory.py,
len,E:\football_v\.venv\Lib\site-packages\pip\_internal\resolution\resolvelib\factory.py,
isinstance,E:\football_v\.venv\Lib\site-packages\pip\_internal\resolution\resolvelib\factory.py,
str,E:\football_v\.venv\Lib\site-packages\pip\_internal\resolution\resolvelib\factory.py,
text_join,E:\football_v\.venv\Lib\site-packages\pip\_internal\resolution\resolvelib\factory.py,
cast,E:\football_v\.venv\Lib\site-packages\pip\_internal\resolution\resolvelib\factory.py,
len,E:\football_v\.venv\Lib\site-packages\pip\_internal\resolution\resolvelib\factory.py,
str,E:\football_v\.venv\Lib\site-packages\pip\_internal\resolution\resolvelib\factory.py,
describe_trigger,E:\football_v\.venv\Lib\site-packages\pip\_internal\resolution\resolvelib\factory.py,
sorted,E:\football_v\.venv\Lib\site-packages\pip\_internal\resolution\resolvelib\factory.py,
isinstance,E:\football_v\.venv\Lib\site-packages\pip\_internal\resolution\resolvelib\factory.py,
id,E:\football_v\.venv\Lib\site-packages\pip\_internal\resolution\resolvelib\factory.py,
InvalidInstalledPackage,E:\football_v\.venv\Lib\site-packages\pip\_internal\resolution\resolvelib\factory.py,
all,E:\football_v\.venv\Lib\site-packages\pip\_internal\resolution\resolvelib\factory.py,
is_pinned,E:\football_v\.venv\Lib\site-packages\pip\_internal\resolution\resolvelib\factory.py,
reversed,E:\football_v\.venv\Lib\site-packages\pip\_internal\resolution\resolvelib\factory.py,
len,E:\football_v\.venv\Lib\site-packages\pip\_internal\resolution\resolvelib\factory.py,
isinstance,E:\football_v\.venv\Lib\site-packages\pip\_internal\resolution\resolvelib\factory.py,
str,E:\football_v\.venv\Lib\site-packages\pip\_internal\resolution\resolvelib\factory.py,
str,E:\football_v\.venv\Lib\site-packages\pip\_internal\resolution\resolvelib\factory.py,
set,E:\football_v\.venv\Lib\site-packages\pip\_internal\resolution\resolvelib\found_candidates.py,
func,E:\football_v\.venv\Lib\site-packages\pip\_internal\resolution\resolvelib\found_candidates.py,
func,E:\football_v\.venv\Lib\site-packages\pip\_internal\resolution\resolvelib\found_candidates.py,
set,E:\football_v\.venv\Lib\site-packages\pip\_internal\resolution\resolvelib\found_candidates.py,
func,E:\football_v\.venv\Lib\site-packages\pip\_internal\resolution\resolvelib\found_candidates.py,
NotImplementedError,E:\football_v\.venv\Lib\site-packages\pip\_internal\resolution\resolvelib\found_candidates.py,
_iter_built,E:\football_v\.venv\Lib\site-packages\pip\_internal\resolution\resolvelib\found_candidates.py,
_iter_built_with_prepended,E:\football_v\.venv\Lib\site-packages\pip\_internal\resolution\resolvelib\found_candidates.py,
_iter_built_with_inserted,E:\football_v\.venv\Lib\site-packages\pip\_internal\resolution\resolvelib\found_candidates.py,
id,E:\football_v\.venv\Lib\site-packages\pip\_internal\resolution\resolvelib\found_candidates.py,
NotImplementedError,E:\football_v\.venv\Lib\site-packages\pip\_internal\resolution\resolvelib\found_candidates.py,
any,E:\football_v\.venv\Lib\site-packages\pip\_internal\resolution\resolvelib\found_candidates.py,
any,E:\football_v\.venv\Lib\site-packages\pip\_internal\resolution\resolvelib\provider.py,
bool,E:\football_v\.venv\Lib\site-packages\pip\_internal\resolution\resolvelib\provider.py,
next,E:\football_v\.venv\Lib\site-packages\pip\_internal\resolution\resolvelib\provider.py,
zip,E:\football_v\.venv\Lib\site-packages\pip\_internal\resolution\resolvelib\provider.py,
iter,E:\football_v\.venv\Lib\site-packages\pip\_internal\resolution\resolvelib\provider.py,
min,E:\football_v\.venv\Lib\site-packages\pip\_internal\resolution\resolvelib\provider.py,
_get_with_identifier,E:\football_v\.venv\Lib\site-packages\pip\_internal\resolution\resolvelib\provider.py,
_get_with_identifier,E:\football_v\.venv\Lib\site-packages\pip\_internal\resolution\resolvelib\provider.py,
_eligible_for_upgrade,E:\football_v\.venv\Lib\site-packages\pip\_internal\resolution\resolvelib\provider.py,
lru_cache,E:\football_v\.venv\Lib\site-packages\pip\_internal\resolution\resolvelib\provider.py,
_get_with_identifier,E:\football_v\.venv\Lib\site-packages\pip\_internal\resolution\resolvelib\provider.py,
defaultdict,E:\football_v\.venv\Lib\site-packages\pip\_internal\resolution\resolvelib\reporter.py,
str,E:\football_v\.venv\Lib\site-packages\pip\_internal\resolution\resolvelib\requirements.py,
hash,E:\football_v\.venv\Lib\site-packages\pip\_internal\resolution\resolvelib\requirements.py,
isinstance,E:\football_v\.venv\Lib\site-packages\pip\_internal\resolution\resolvelib\requirements.py,
frozenset,E:\football_v\.venv\Lib\site-packages\pip\_internal\resolution\resolvelib\requirements.py,
canonicalize_name,E:\football_v\.venv\Lib\site-packages\pip\_internal\resolution\resolvelib\requirements.py,
str,E:\football_v\.venv\Lib\site-packages\pip\_internal\resolution\resolvelib\requirements.py,
str,E:\football_v\.venv\Lib\site-packages\pip\_internal\resolution\resolvelib\requirements.py,
str,E:\football_v\.venv\Lib\site-packages\pip\_internal\resolution\resolvelib\requirements.py,
isinstance,E:\football_v\.venv\Lib\site-packages\pip\_internal\resolution\resolvelib\requirements.py,
hash,E:\football_v\.venv\Lib\site-packages\pip\_internal\resolution\resolvelib\requirements.py,
canonicalize_name,E:\football_v\.venv\Lib\site-packages\pip\_internal\resolution\resolvelib\requirements.py,
format_name,E:\football_v\.venv\Lib\site-packages\pip\_internal\resolution\resolvelib\requirements.py,
len,E:\football_v\.venv\Lib\site-packages\pip\_internal\resolution\resolvelib\requirements.py,
len,E:\football_v\.venv\Lib\site-packages\pip\_internal\resolution\resolvelib\requirements.py,
str,E:\football_v\.venv\Lib\site-packages\pip\_internal\resolution\resolvelib\requirements.py,
install_req_drop_extras,E:\football_v\.venv\Lib\site-packages\pip\_internal\resolution\resolvelib\requirements.py,
frozenset,E:\football_v\.venv\Lib\site-packages\pip\_internal\resolution\resolvelib\requirements.py,
canonicalize_name,E:\football_v\.venv\Lib\site-packages\pip\_internal\resolution\resolvelib\requirements.py,
str,E:\football_v\.venv\Lib\site-packages\pip\_internal\resolution\resolvelib\requirements.py,
isinstance,E:\football_v\.venv\Lib\site-packages\pip\_internal\resolution\resolvelib\requirements.py,
hash,E:\football_v\.venv\Lib\site-packages\pip\_internal\resolution\resolvelib\requirements.py,
str,E:\football_v\.venv\Lib\site-packages\pip\_internal\resolution\resolvelib\requirements.py,
str,E:\football_v\.venv\Lib\site-packages\pip\_internal\resolution\resolvelib\requirements.py,
hash,E:\football_v\.venv\Lib\site-packages\pip\_internal\resolution\resolvelib\requirements.py,
isinstance,E:\football_v\.venv\Lib\site-packages\pip\_internal\resolution\resolvelib\requirements.py,
str,E:\football_v\.venv\Lib\site-packages\pip\_internal\resolution\resolvelib\requirements.py,
str,E:\football_v\.venv\Lib\site-packages\pip\_internal\resolution\resolvelib\requirements.py,
isinstance,E:\football_v\.venv\Lib\site-packages\pip\_internal\resolution\resolvelib\requirements.py,
hash,E:\football_v\.venv\Lib\site-packages\pip\_internal\resolution\resolvelib\requirements.py,
str,E:\football_v\.venv\Lib\site-packages\pip\_internal\resolution\resolvelib\requirements.py,
set,E:\football_v\.venv\Lib\site-packages\pip\_internal\resolution\resolvelib\resolver.py,
visit,E:\football_v\.venv\Lib\site-packages\pip\_internal\resolution\resolvelib\resolver.py,
max,E:\football_v\.venv\Lib\site-packages\pip\_internal\resolution\resolvelib\resolver.py,
set,E:\football_v\.venv\Lib\site-packages\pip\_internal\resolution\resolvelib\resolver.py,
visit,E:\football_v\.venv\Lib\site-packages\pip\_internal\resolution\resolvelib\resolver.py,
len,E:\football_v\.venv\Lib\site-packages\pip\_internal\resolution\resolvelib\resolver.py,
len,E:\football_v\.venv\Lib\site-packages\pip\_internal\resolution\resolvelib\resolver.py,
set,E:\football_v\.venv\Lib\site-packages\pip\_internal\resolution\resolvelib\resolver.py,
canonicalize_name,E:\football_v\.venv\Lib\site-packages\pip\_internal\resolution\resolvelib\resolver.py,
Factory,E:\football_v\.venv\Lib\site-packages\pip\_internal\resolution\resolvelib\resolver.py,
super,E:\football_v\.venv\Lib\site-packages\pip\_internal\resolution\resolvelib\resolver.py,
PipProvider,E:\football_v\.venv\Lib\site-packages\pip\_internal\resolution\resolvelib\resolver.py,
RLResolver,E:\football_v\.venv\Lib\site-packages\pip\_internal\resolution\resolvelib\resolver.py,
RequirementSet,E:\football_v\.venv\Lib\site-packages\pip\_internal\resolution\resolvelib\resolver.py,
sorted,E:\football_v\.venv\Lib\site-packages\pip\_internal\resolution\resolvelib\resolver.py,
PipDebuggingReporter,E:\football_v\.venv\Lib\site-packages\pip\_internal\resolution\resolvelib\resolver.py,
PipReporter,E:\football_v\.venv\Lib\site-packages\pip\_internal\resolution\resolvelib\resolver.py,
cast,E:\football_v\.venv\Lib\site-packages\pip\_internal\resolution\resolvelib\resolver.py,
install_req_extend_extras,E:\football_v\.venv\Lib\site-packages\pip\_internal\resolution\resolvelib\resolver.py,
get_requirement,E:\football_v\.venv\Lib\site-packages\pip\_internal\resolution\resolvelib\resolver.py,
get_topological_weights,E:\football_v\.venv\Lib\site-packages\pip\_internal\resolution\resolvelib\resolver.py,
sorted,E:\football_v\.venv\Lib\site-packages\pip\_internal\resolution\resolvelib\resolver.py,
set,E:\football_v\.venv\Lib\site-packages\pip\_internal\resolution\resolvelib\resolver.py,
max,E:\football_v\.venv\Lib\site-packages\pip\_internal\resolution\resolvelib\resolver.py,
visit,E:\football_v\.venv\Lib\site-packages\pip\_internal\resolution\resolvelib\resolver.py,
len,E:\football_v\.venv\Lib\site-packages\pip\_internal\resolution\resolvelib\resolver.py,
_macos_user_config_dir,E:\football_v\.venv\Lib\site-packages\pip\_internal\utils\appdirs.py,
hasattr,E:\football_v\.venv\Lib\site-packages\pip\_internal\utils\compat.py,
OSError,E:\football_v\.venv\Lib\site-packages\pip\_internal\utils\compat.py,
map,E:\football_v\.venv\Lib\site-packages\pip\_internal\utils\compatibility_tags.py,
int,E:\football_v\.venv\Lib\site-packages\pip\_internal\utils\compatibility_tags.py,
int,E:\football_v\.venv\Lib\site-packages\pip\_internal\utils\compatibility_tags.py,
mac_platforms,E:\football_v\.venv\Lib\site-packages\pip\_internal\utils\compatibility_tags.py,
len,E:\football_v\.venv\Lib\site-packages\pip\_internal\utils\compatibility_tags.py,
int,E:\football_v\.venv\Lib\site-packages\pip\_internal\utils\compatibility_tags.py,
int,E:\football_v\.venv\Lib\site-packages\pip\_internal\utils\compatibility_tags.py,
ios_platforms,E:\football_v\.venv\Lib\site-packages\pip\_internal\utils\compatibility_tags.py,
len,E:\football_v\.venv\Lib\site-packages\pip\_internal\utils\compatibility_tags.py,
_mac_platforms,E:\football_v\.venv\Lib\site-packages\pip\_internal\utils\compatibility_tags.py,
_ios_platforms,E:\football_v\.venv\Lib\site-packages\pip\_internal\utils\compatibility_tags.py,
_custom_manylinux_platforms,E:\football_v\.venv\Lib\site-packages\pip\_internal\utils\compatibility_tags.py,
set,E:\football_v\.venv\Lib\site-packages\pip\_internal\utils\compatibility_tags.py,
_get_custom_platforms,E:\football_v\.venv\Lib\site-packages\pip\_internal\utils\compatibility_tags.py,
len,E:\football_v\.venv\Lib\site-packages\pip\_internal\utils\compatibility_tags.py,
int,E:\football_v\.venv\Lib\site-packages\pip\_internal\utils\compatibility_tags.py,
int,E:\football_v\.venv\Lib\site-packages\pip\_internal\utils\compatibility_tags.py,
int,E:\football_v\.venv\Lib\site-packages\pip\_internal\utils\compatibility_tags.py,
interpreter_name,E:\football_v\.venv\Lib\site-packages\pip\_internal\utils\compatibility_tags.py,
interpreter_version,E:\football_v\.venv\Lib\site-packages\pip\_internal\utils\compatibility_tags.py,
_get_custom_interpreter,E:\football_v\.venv\Lib\site-packages\pip\_internal\utils\compatibility_tags.py,
_expand_allowed_platforms,E:\football_v\.venv\Lib\site-packages\pip\_internal\utils\compatibility_tags.py,
_get_python_version,E:\football_v\.venv\Lib\site-packages\pip\_internal\utils\compatibility_tags.py,
compatible_tags,E:\football_v\.venv\Lib\site-packages\pip\_internal\utils\compatibility_tags.py,
interpreter_name,E:\football_v\.venv\Lib\site-packages\pip\_internal\utils\compatibility_tags.py,
cpython_tags,E:\football_v\.venv\Lib\site-packages\pip\_internal\utils\compatibility_tags.py,
generic_tags,E:\football_v\.venv\Lib\site-packages\pip\_internal\utils\compatibility_tags.py,
issubclass,E:\football_v\.venv\Lib\site-packages\pip\_internal\utils\deprecation.py,
_original_showwarning,E:\football_v\.venv\Lib\site-packages\pip\_internal\utils\deprecation.py,
_original_showwarning,E:\football_v\.venv\Lib\site-packages\pip\_internal\utils\deprecation.py,
PipDeprecationWarning,E:\football_v\.venv\Lib\site-packages\pip\_internal\utils\deprecation.py,
parse,E:\football_v\.venv\Lib\site-packages\pip\_internal\utils\deprecation.py,
parse,E:\football_v\.venv\Lib\site-packages\pip\_internal\utils\deprecation.py,
isinstance,E:\football_v\.venv\Lib\site-packages\pip\_internal\utils\direct_url_helpers.py,
isinstance,E:\football_v\.venv\Lib\site-packages\pip\_internal\utils\direct_url_helpers.py,
isinstance,E:\football_v\.venv\Lib\site-packages\pip\_internal\utils\direct_url_helpers.py,
DirectUrl,E:\football_v\.venv\Lib\site-packages\pip\_internal\utils\direct_url_helpers.py,
path_to_url,E:\football_v\.venv\Lib\site-packages\pip\_internal\utils\direct_url_helpers.py,
DirInfo,E:\football_v\.venv\Lib\site-packages\pip\_internal\utils\direct_url_helpers.py,
DirectUrl,E:\football_v\.venv\Lib\site-packages\pip\_internal\utils\direct_url_helpers.py,
DirectUrl,E:\football_v\.venv\Lib\site-packages\pip\_internal\utils\direct_url_helpers.py,
DirectUrl,E:\football_v\.venv\Lib\site-packages\pip\_internal\utils\direct_url_helpers.py,
VcsInfo,E:\football_v\.venv\Lib\site-packages\pip\_internal\utils\direct_url_helpers.py,
DirInfo,E:\football_v\.venv\Lib\site-packages\pip\_internal\utils\direct_url_helpers.py,
ArchiveInfo,E:\football_v\.venv\Lib\site-packages\pip\_internal\utils\direct_url_helpers.py,
_egg_link_names,E:\football_v\.venv\Lib\site-packages\pip\_internal\utils\egg_link.py,
running_under_virtualenv,E:\football_v\.venv\Lib\site-packages\pip\_internal\utils\egg_link.py,
_egg_link_names,E:\football_v\.venv\Lib\site-packages\pip\_internal\utils\egg_link.py,
virtualenv_no_global,E:\football_v\.venv\Lib\site-packages\pip\_internal\utils\egg_link.py,
main,E:\football_v\.venv\Lib\site-packages\pip\_internal\utils\entrypoints.py,
get_best_invocation_for_this_python,E:\football_v\.venv\Lib\site-packages\pip\_internal\utils\entrypoints.py,
hasattr,E:\football_v\.venv\Lib\site-packages\pip\_internal\utils\filesystem.py,
get_path_uid,E:\football_v\.venv\Lib\site-packages\pip\_internal\utils\filesystem.py,
NamedTemporaryFile,E:\football_v\.venv\Lib\site-packages\pip\_internal\utils\filesystem.py,
cast,E:\football_v\.venv\Lib\site-packages\pip\_internal\utils\filesystem.py,
_test_writable_dir_win,E:\football_v\.venv\Lib\site-packages\pip\_internal\utils\filesystem.py,
range,E:\football_v\.venv\Lib\site-packages\pip\_internal\utils\filesystem.py,
OSError,E:\football_v\.venv\Lib\site-packages\pip\_internal\utils\filesystem.py,
range,E:\football_v\.venv\Lib\site-packages\pip\_internal\utils\filesystem.py,
format_size,E:\football_v\.venv\Lib\site-packages\pip\_internal\utils\filesystem.py,
file_size,E:\football_v\.venv\Lib\site-packages\pip\_internal\utils\filesystem.py,
file_size,E:\football_v\.venv\Lib\site-packages\pip\_internal\utils\filesystem.py,
format_size,E:\football_v\.venv\Lib\site-packages\pip\_internal\utils\filesystem.py,
directory_size,E:\football_v\.venv\Lib\site-packages\pip\_internal\utils\filesystem.py,
splitext,E:\football_v\.venv\Lib\site-packages\pip\_internal\utils\filetypes.py,
glibc_version_string_confstr,E:\football_v\.venv\Lib\site-packages\pip\_internal\utils\glibc.py,
glibc_version_string_ctypes,E:\football_v\.venv\Lib\site-packages\pip\_internal\utils\glibc.py,
gnu_get_libc_version,E:\football_v\.venv\Lib\site-packages\pip\_internal\utils\glibc.py,
isinstance,E:\football_v\.venv\Lib\site-packages\pip\_internal\utils\glibc.py,
glibc_version_string,E:\football_v\.venv\Lib\site-packages\pip\_internal\utils\glibc.py,
sorted,E:\football_v\.venv\Lib\site-packages\pip\_internal\utils\hashes.py,
Hashes,E:\football_v\.venv\Lib\site-packages\pip\_internal\utils\hashes.py,
isinstance,E:\football_v\.venv\Lib\site-packages\pip\_internal\utils\hashes.py,
sum,E:\football_v\.venv\Lib\site-packages\pip\_internal\utils\hashes.py,
len,E:\football_v\.venv\Lib\site-packages\pip\_internal\utils\hashes.py,
InstallationError,E:\football_v\.venv\Lib\site-packages\pip\_internal\utils\hashes.py,
HashMismatch,E:\football_v\.venv\Lib\site-packages\pip\_internal\utils\hashes.py,
read_chunks,E:\football_v\.venv\Lib\site-packages\pip\_internal\utils\hashes.py,
open,E:\football_v\.venv\Lib\site-packages\pip\_internal\utils\hashes.py,
bool,E:\football_v\.venv\Lib\site-packages\pip\_internal\utils\hashes.py,
isinstance,E:\football_v\.venv\Lib\site-packages\pip\_internal\utils\hashes.py,
hash,E:\football_v\.venv\Lib\site-packages\pip\_internal\utils\hashes.py,
sorted,E:\football_v\.venv\Lib\site-packages\pip\_internal\utils\hashes.py,
super,E:\football_v\.venv\Lib\site-packages\pip\_internal\utils\hashes.py,
HashMissing,E:\football_v\.venv\Lib\site-packages\pip\_internal\utils\hashes.py,
isinstance,E:\football_v\.venv\Lib\site-packages\pip\_internal\utils\logging.py,
get_indentation,E:\football_v\.venv\Lib\site-packages\pip\_internal\utils\logging.py,
getattr,E:\football_v\.venv\Lib\site-packages\pip\_internal\utils\logging.py,
super,E:\football_v\.venv\Lib\site-packages\pip\_internal\utils\logging.py,
get_indentation,E:\football_v\.venv\Lib\site-packages\pip\_internal\utils\logging.py,
super,E:\football_v\.venv\Lib\site-packages\pip\_internal\utils\logging.py,
Segment,E:\football_v\.venv\Lib\site-packages\pip\_internal\utils\logging.py,
Segment,E:\football_v\.venv\Lib\site-packages\pip\_internal\utils\logging.py,
BrokenPipeError,E:\football_v\.venv\Lib\site-packages\pip\_internal\utils\logging.py,
super,E:\football_v\.venv\Lib\site-packages\pip\_internal\utils\logging.py,
PipConsole,E:\football_v\.venv\Lib\site-packages\pip\_internal\utils\logging.py,
NullHighlighter,E:\football_v\.venv\Lib\site-packages\pip\_internal\utils\logging.py,
getattr,E:\football_v\.venv\Lib\site-packages\pip\_internal\utils\logging.py,
isinstance,E:\football_v\.venv\Lib\site-packages\pip\_internal\utils\logging.py,
isinstance,E:\football_v\.venv\Lib\site-packages\pip\_internal\utils\logging.py,
IndentedRenderable,E:\football_v\.venv\Lib\site-packages\pip\_internal\utils\logging.py,
get_indentation,E:\football_v\.venv\Lib\site-packages\pip\_internal\utils\logging.py,
Style,E:\football_v\.venv\Lib\site-packages\pip\_internal\utils\logging.py,
Style,E:\football_v\.venv\Lib\site-packages\pip\_internal\utils\logging.py,
_is_broken_pipe_error,E:\football_v\.venv\Lib\site-packages\pip\_internal\utils\logging.py,
BrokenStdoutLoggingError,E:\football_v\.venv\Lib\site-packages\pip\_internal\utils\logging.py,
super,E:\football_v\.venv\Lib\site-packages\pip\_internal\utils\logging.py,
ensure_dir,E:\football_v\.venv\Lib\site-packages\pip\_internal\utils\logging.py,
super,E:\football_v\.venv\Lib\site-packages\pip\_internal\utils\logging.py,
super,E:\football_v\.venv\Lib\site-packages\pip\_internal\utils\logging.py,
get_major_minor_version,E:\football_v\.venv\Lib\site-packages\pip\_internal\utils\misc.py,
cast,E:\football_v\.venv\Lib\site-packages\pip\_internal\utils\misc.py,
len,E:\football_v\.venv\Lib\site-packages\pip\_internal\utils\misc.py,
len,E:\football_v\.venv\Lib\site-packages\pip\_internal\utils\misc.py,
len,E:\football_v\.venv\Lib\site-packages\pip\_internal\utils\misc.py,
retry,E:\football_v\.venv\Lib\site-packages\pip\_internal\utils\misc.py,
partial,E:\football_v\.venv\Lib\site-packages\pip\_internal\utils\misc.py,
onexc,E:\football_v\.venv\Lib\site-packages\pip\_internal\utils\misc.py,
isinstance,E:\football_v\.venv\Lib\site-packages\pip\_internal\utils\misc.py,
func,E:\football_v\.venv\Lib\site-packages\pip\_internal\utils\misc.py,
len,E:\football_v\.venv\Lib\site-packages\pip\_internal\utils\misc.py,
str,E:\football_v\.venv\Lib\site-packages\pip\_internal\utils\misc.py,
ask,E:\football_v\.venv\Lib\site-packages\pip\_internal\utils\misc.py,
Exception,E:\football_v\.venv\Lib\site-packages\pip\_internal\utils\misc.py,
_check_no_input,E:\football_v\.venv\Lib\site-packages\pip\_internal\utils\misc.py,
input,E:\football_v\.venv\Lib\site-packages\pip\_internal\utils\misc.py,
print,E:\football_v\.venv\Lib\site-packages\pip\_internal\utils\misc.py,
_check_no_input,E:\football_v\.venv\Lib\site-packages\pip\_internal\utils\misc.py,
input,E:\football_v\.venv\Lib\site-packages\pip\_internal\utils\misc.py,
_check_no_input,E:\football_v\.venv\Lib\site-packages\pip\_internal\utils\misc.py,
ValueError,E:\football_v\.venv\Lib\site-packages\pip\_internal\utils\misc.py,
int,E:\football_v\.venv\Lib\site-packages\pip\_internal\utils\misc.py,
int,E:\football_v\.venv\Lib\site-packages\pip\_internal\utils\misc.py,
tuple,E:\football_v\.venv\Lib\site-packages\pip\_internal\utils\misc.py,
max,E:\football_v\.venv\Lib\site-packages\pip\_internal\utils\misc.py,
map,E:\football_v\.venv\Lib\site-packages\pip\_internal\utils\misc.py,
map,E:\football_v\.venv\Lib\site-packages\pip\_internal\utils\misc.py,
zip_longest,E:\football_v\.venv\Lib\site-packages\pip\_internal\utils\misc.py,
map,E:\football_v\.venv\Lib\site-packages\pip\_internal\utils\misc.py,
running_under_virtualenv,E:\football_v\.venv\Lib\site-packages\pip\_internal\utils\misc.py,
normalize_path,E:\football_v\.venv\Lib\site-packages\pip\_internal\utils\misc.py,
dict,E:\football_v\.venv\Lib\site-packages\pip\_internal\utils\misc.py,
type,E:\football_v\.venv\Lib\site-packages\pip\_internal\utils\misc.py,
zip,E:\football_v\.venv\Lib\site-packages\pip\_internal\utils\misc.py,
range,E:\football_v\.venv\Lib\site-packages\pip\_internal\utils\misc.py,
len,E:\football_v\.venv\Lib\site-packages\pip\_internal\utils\misc.py,
build_url_from_netloc,E:\football_v\.venv\Lib\site-packages\pip\_internal\utils\misc.py,
split_auth_from_netloc,E:\football_v\.venv\Lib\site-packages\pip\_internal\utils\misc.py,
transform_netloc,E:\football_v\.venv\Lib\site-packages\pip\_internal\utils\misc.py,
cast,E:\football_v\.venv\Lib\site-packages\pip\_internal\utils\misc.py,
split_auth_from_netloc,E:\football_v\.venv\Lib\site-packages\pip\_internal\utils\misc.py,
redact_netloc,E:\football_v\.venv\Lib\site-packages\pip\_internal\utils\misc.py,
_transform_url,E:\football_v\.venv\Lib\site-packages\pip\_internal\utils\misc.py,
_transform_url,E:\football_v\.venv\Lib\site-packages\pip\_internal\utils\misc.py,
_transform_url,E:\football_v\.venv\Lib\site-packages\pip\_internal\utils\misc.py,
str,E:\football_v\.venv\Lib\site-packages\pip\_internal\utils\misc.py,
redact_auth_from_url,E:\football_v\.venv\Lib\site-packages\pip\_internal\utils\misc.py,
str,E:\football_v\.venv\Lib\site-packages\pip\_internal\utils\misc.py,
HiddenText,E:\football_v\.venv\Lib\site-packages\pip\_internal\utils\misc.py,
redact_auth_from_url,E:\football_v\.venv\Lib\site-packages\pip\_internal\utils\misc.py,
HiddenText,E:\football_v\.venv\Lib\site-packages\pip\_internal\utils\misc.py,
CommandError,E:\football_v\.venv\Lib\site-packages\pip\_internal\utils\misc.py,
running_under_virtualenv,E:\football_v\.venv\Lib\site-packages\pip\_internal\utils\misc.py,
open,E:\football_v\.venv\Lib\site-packages\pip\_internal\utils\misc.py,
read_chunks,E:\football_v\.venv\Lib\site-packages\pip\_internal\utils\misc.py,
len,E:\football_v\.venv\Lib\site-packages\pip\_internal\utils\misc.py,
iter,E:\football_v\.venv\Lib\site-packages\pip\_internal\utils\misc.py,
zip_longest,E:\football_v\.venv\Lib\site-packages\pip\_internal\utils\misc.py,
tee,E:\football_v\.venv\Lib\site-packages\pip\_internal\utils\misc.py,
filterfalse,E:\football_v\.venv\Lib\site-packages\pip\_internal\utils\misc.py,
filter,E:\football_v\.venv\Lib\site-packages\pip\_internal\utils\misc.py,
running_under_virtualenv,E:\football_v\.venv\Lib\site-packages\pip\_internal\utils\misc.py,
hasattr,E:\football_v\.venv\Lib\site-packages\pip\_internal\utils\misc.py,
cls,E:\football_v\.venv\Lib\site-packages\pip\_internal\utils\misc.py,
str,E:\football_v\.venv\Lib\site-packages\pip\_internal\utils\misc.py,
type,E:\football_v\.venv\Lib\site-packages\pip\_internal\utils\misc.py,
type,E:\football_v\.venv\Lib\site-packages\pip\_internal\utils\misc.py,
super,E:\football_v\.venv\Lib\site-packages\pip\_internal\utils\misc.py,
super,E:\football_v\.venv\Lib\site-packages\pip\_internal\utils\misc.py,
super,E:\football_v\.venv\Lib\site-packages\pip\_internal\utils\misc.py,
super,E:\football_v\.venv\Lib\site-packages\pip\_internal\utils\misc.py,
super,E:\football_v\.venv\Lib\site-packages\pip\_internal\utils\misc.py,
super,E:\football_v\.venv\Lib\site-packages\pip\_internal\utils\misc.py,
super,E:\football_v\.venv\Lib\site-packages\pip\_internal\utils\misc.py,
super,E:\football_v\.venv\Lib\site-packages\pip\_internal\utils\misc.py,
super,E:\football_v\.venv\Lib\site-packages\pip\_internal\utils\misc.py,
map,E:\football_v\.venv\Lib\site-packages\pip\_internal\utils\packaging.py,
Requirement,E:\football_v\.venv\Lib\site-packages\pip\_internal\utils\packaging.py,
cast,E:\football_v\.venv\Lib\site-packages\pip\_internal\utils\packaging.py,
perf_counter,E:\football_v\.venv\Lib\site-packages\pip\_internal\utils\retry.py,
func,E:\football_v\.venv\Lib\site-packages\pip\_internal\utils\retry.py,
sleep,E:\football_v\.venv\Lib\site-packages\pip\_internal\utils\retry.py,
perf_counter,E:\football_v\.venv\Lib\site-packages\pip\_internal\utils\retry.py,
perf_counter,E:\football_v\.venv\Lib\site-packages\pip\_internal\utils\retry.py,
func,E:\football_v\.venv\Lib\site-packages\pip\_internal\utils\retry.py,
sleep,E:\football_v\.venv\Lib\site-packages\pip\_internal\utils\retry.py,
perf_counter,E:\football_v\.venv\Lib\site-packages\pip\_internal\utils\retry.py,
perf_counter,E:\football_v\.venv\Lib\site-packages\pip\_internal\utils\retry.py,
func,E:\football_v\.venv\Lib\site-packages\pip\_internal\utils\retry.py,
sleep,E:\football_v\.venv\Lib\site-packages\pip\_internal\utils\retry.py,
perf_counter,E:\football_v\.venv\Lib\site-packages\pip\_internal\utils\retry.py,
make_setuptools_shim_args,E:\football_v\.venv\Lib\site-packages\pip\_internal\utils\setuptools_build.py,
make_setuptools_shim_args,E:\football_v\.venv\Lib\site-packages\pip\_internal\utils\setuptools_build.py,
make_setuptools_shim_args,E:\football_v\.venv\Lib\site-packages\pip\_internal\utils\setuptools_build.py,
make_setuptools_shim_args,E:\football_v\.venv\Lib\site-packages\pip\_internal\utils\setuptools_build.py,
isinstance,E:\football_v\.venv\Lib\site-packages\pip\_internal\utils\subprocess.py,
isinstance,E:\football_v\.venv\Lib\site-packages\pip\_internal\utils\subprocess.py,
str,E:\football_v\.venv\Lib\site-packages\pip\_internal\utils\subprocess.py,
isinstance,E:\football_v\.venv\Lib\site-packages\pip\_internal\utils\subprocess.py,
log_subprocess,E:\football_v\.venv\Lib\site-packages\pip\_internal\utils\subprocess.py,
reveal_command_args,E:\football_v\.venv\Lib\site-packages\pip\_internal\utils\subprocess.py,
log_subprocess,E:\football_v\.venv\Lib\site-packages\pip\_internal\utils\subprocess.py,
log_subprocess,E:\football_v\.venv\Lib\site-packages\pip\_internal\utils\subprocess.py,
log_subprocess,E:\football_v\.venv\Lib\site-packages\pip\_internal\utils\subprocess.py,
InstallationSubprocessError,E:\football_v\.venv\Lib\site-packages\pip\_internal\utils\subprocess.py,
escape,E:\football_v\.venv\Lib\site-packages\pip\_internal\utils\subprocess.py,
escape,E:\football_v\.venv\Lib\site-packages\pip\_internal\utils\subprocess.py,
ValueError,E:\football_v\.venv\Lib\site-packages\pip\_internal\utils\subprocess.py,
format_command_args,E:\football_v\.venv\Lib\site-packages\pip\_internal\utils\subprocess.py,
open_spinner,E:\football_v\.venv\Lib\site-packages\pip\_internal\utils\subprocess.py,
call_subprocess,E:\football_v\.venv\Lib\site-packages\pip\_internal\utils\subprocess.py,
open_spinner,E:\football_v\.venv\Lib\site-packages\pip\_internal\utils\subprocess.py,
call_subprocess,E:\football_v\.venv\Lib\site-packages\pip\_internal\utils\subprocess.py,
ExitStack,E:\football_v\.venv\Lib\site-packages\pip\_internal\utils\temp_dir.py,
TempDirectoryTypeRegistry,E:\football_v\.venv\Lib\site-packages\pip\_internal\utils\temp_dir.py,
super,E:\football_v\.venv\Lib\site-packages\pip\_internal\utils\temp_dir.py,
rmtree,E:\football_v\.venv\Lib\site-packages\pip\_internal\utils\temp_dir.py,
rmtree,E:\football_v\.venv\Lib\site-packages\pip\_internal\utils\temp_dir.py,
type,E:\football_v\.venv\Lib\site-packages\pip\_internal\utils\temp_dir.py,
rmtree,E:\football_v\.venv\Lib\site-packages\pip\_internal\utils\temp_dir.py,
super,E:\football_v\.venv\Lib\site-packages\pip\_internal\utils\temp_dir.py,
range,E:\football_v\.venv\Lib\site-packages\pip\_internal\utils\temp_dir.py,
range,E:\football_v\.venv\Lib\site-packages\pip\_internal\utils\temp_dir.py,
len,E:\football_v\.venv\Lib\site-packages\pip\_internal\utils\temp_dir.py,
len,E:\football_v\.venv\Lib\site-packages\pip\_internal\utils\temp_dir.py,
type,E:\football_v\.venv\Lib\site-packages\pip\_internal\utils\temp_dir.py,
split_leading_dir,E:\football_v\.venv\Lib\site-packages\pip\_internal\utils\unpacking.py,
current_umask,E:\football_v\.venv\Lib\site-packages\pip\_internal\utils\unpacking.py,
_get_default_mode_plus_executable,E:\football_v\.venv\Lib\site-packages\pip\_internal\utils\unpacking.py,
bool,E:\football_v\.venv\Lib\site-packages\pip\_internal\utils\unpacking.py,
ensure_dir,E:\football_v\.venv\Lib\site-packages\pip\_internal\utils\unpacking.py,
open,E:\football_v\.venv\Lib\site-packages\pip\_internal\utils\unpacking.py,
has_leading_dir,E:\football_v\.venv\Lib\site-packages\pip\_internal\utils\unpacking.py,
is_within_directory,E:\football_v\.venv\Lib\site-packages\pip\_internal\utils\unpacking.py,
InstallationError,E:\football_v\.venv\Lib\site-packages\pip\_internal\utils\unpacking.py,
ensure_dir,E:\football_v\.venv\Lib\site-packages\pip\_internal\utils\unpacking.py,
ensure_dir,E:\football_v\.venv\Lib\site-packages\pip\_internal\utils\unpacking.py,
split_leading_dir,E:\football_v\.venv\Lib\site-packages\pip\_internal\utils\unpacking.py,
zip_item_is_executable,E:\football_v\.venv\Lib\site-packages\pip\_internal\utils\unpacking.py,
open,E:\football_v\.venv\Lib\site-packages\pip\_internal\utils\unpacking.py,
set_extracted_file_to_default_mode_plus_executable,E:\football_v\.venv\Lib\site-packages\pip\_internal\utils\unpacking.py,
ensure_dir,E:\football_v\.venv\Lib\site-packages\pip\_internal\utils\unpacking.py,
has_leading_dir,E:\football_v\.venv\Lib\site-packages\pip\_internal\utils\unpacking.py,
_get_default_mode_plus_executable,E:\football_v\.venv\Lib\site-packages\pip\_internal\utils\unpacking.py,
_untar_without_filter,E:\football_v\.venv\Lib\site-packages\pip\_internal\utils\unpacking.py,
split_leading_dir,E:\football_v\.venv\Lib\site-packages\pip\_internal\utils\unpacking.py,
split_leading_dir,E:\football_v\.venv\Lib\site-packages\pip\_internal\utils\unpacking.py,
data_filter,E:\football_v\.venv\Lib\site-packages\pip\_internal\utils\unpacking.py,
InstallationError,E:\football_v\.venv\Lib\site-packages\pip\_internal\utils\unpacking.py,
is_within_directory,E:\football_v\.venv\Lib\site-packages\pip\_internal\utils\unpacking.py,
InstallationError,E:\football_v\.venv\Lib\site-packages\pip\_internal\utils\unpacking.py,
ensure_dir,E:\football_v\.venv\Lib\site-packages\pip\_internal\utils\unpacking.py,
split_leading_dir,E:\football_v\.venv\Lib\site-packages\pip\_internal\utils\unpacking.py,
ensure_dir,E:\football_v\.venv\Lib\site-packages\pip\_internal\utils\unpacking.py,
open,E:\football_v\.venv\Lib\site-packages\pip\_internal\utils\unpacking.py,
set_extracted_file_to_default_mode_plus_executable,E:\football_v\.venv\Lib\site-packages\pip\_internal\utils\unpacking.py,
unzip_file,E:\football_v\.venv\Lib\site-packages\pip\_internal\utils\unpacking.py,
untar_file,E:\football_v\.venv\Lib\site-packages\pip\_internal\utils\unpacking.py,
InstallationError,E:\football_v\.venv\Lib\site-packages\pip\_internal\utils\unpacking.py,
data_filter,E:\football_v\.venv\Lib\site-packages\pip\_internal\utils\unpacking.py,
InstallationError,E:\football_v\.venv\Lib\site-packages\pip\_internal\utils\unpacking.py,
ValueError,E:\football_v\.venv\Lib\site-packages\pip\_internal\utils\urls.py,
len,E:\football_v\.venv\Lib\site-packages\pip\_internal\utils\urls.py,
getattr,E:\football_v\.venv\Lib\site-packages\pip\_internal\utils\virtualenv.py,
hasattr,E:\football_v\.venv\Lib\site-packages\pip\_internal\utils\virtualenv.py,
_running_under_venv,E:\football_v\.venv\Lib\site-packages\pip\_internal\utils\virtualenv.py,
_running_under_legacy_virtualenv,E:\football_v\.venv\Lib\site-packages\pip\_internal\utils\virtualenv.py,
open,E:\football_v\.venv\Lib\site-packages\pip\_internal\utils\virtualenv.py,
_get_pyvenv_cfg_lines,E:\football_v\.venv\Lib\site-packages\pip\_internal\utils\virtualenv.py,
_running_under_venv,E:\football_v\.venv\Lib\site-packages\pip\_internal\utils\virtualenv.py,
_running_under_legacy_virtualenv,E:\football_v\.venv\Lib\site-packages\pip\_internal\utils\virtualenv.py,
_no_global_under_venv,E:\football_v\.venv\Lib\site-packages\pip\_internal\utils\virtualenv.py,
_no_global_under_legacy_virtualenv,E:\football_v\.venv\Lib\site-packages\pip\_internal\utils\virtualenv.py,
check_compatibility,E:\football_v\.venv\Lib\site-packages\pip\_internal\utils\wheel.py,
wheel_dist_info_dir,E:\football_v\.venv\Lib\site-packages\pip\_internal\utils\wheel.py,
wheel_metadata,E:\football_v\.venv\Lib\site-packages\pip\_internal\utils\wheel.py,
wheel_version,E:\football_v\.venv\Lib\site-packages\pip\_internal\utils\wheel.py,
UnsupportedWheel,E:\football_v\.venv\Lib\site-packages\pip\_internal\utils\wheel.py,
canonicalize_name,E:\football_v\.venv\Lib\site-packages\pip\_internal\utils\wheel.py,
canonicalize_name,E:\football_v\.venv\Lib\site-packages\pip\_internal\utils\wheel.py,
UnsupportedWheel,E:\football_v\.venv\Lib\site-packages\pip\_internal\utils\wheel.py,
len,E:\football_v\.venv\Lib\site-packages\pip\_internal\utils\wheel.py,
UnsupportedWheel,E:\football_v\.venv\Lib\site-packages\pip\_internal\utils\wheel.py,
UnsupportedWheel,E:\football_v\.venv\Lib\site-packages\pip\_internal\utils\wheel.py,
UnsupportedWheel,E:\football_v\.venv\Lib\site-packages\pip\_internal\utils\wheel.py,
read_wheel_metadata_file,E:\football_v\.venv\Lib\site-packages\pip\_internal\utils\wheel.py,
UnsupportedWheel,E:\football_v\.venv\Lib\site-packages\pip\_internal\utils\wheel.py,
Parser,E:\football_v\.venv\Lib\site-packages\pip\_internal\utils\wheel.py,
UnsupportedWheel,E:\football_v\.venv\Lib\site-packages\pip\_internal\utils\wheel.py,
tuple,E:\football_v\.venv\Lib\site-packages\pip\_internal\utils\wheel.py,
map,E:\football_v\.venv\Lib\site-packages\pip\_internal\utils\wheel.py,
UnsupportedWheel,E:\football_v\.venv\Lib\site-packages\pip\_internal\utils\wheel.py,
UnsupportedWheel,E:\football_v\.venv\Lib\site-packages\pip\_internal\utils\wheel.py,
map,E:\football_v\.venv\Lib\site-packages\pip\_internal\utils\wheel.py,
map,E:\football_v\.venv\Lib\site-packages\pip\_internal\utils\wheel.py,
map,E:\football_v\.venv\Lib\site-packages\pip\_internal\utils\_jaraco_text.py,
filter,E:\football_v\.venv\Lib\site-packages\pip\_internal\utils\_jaraco_text.py,
map,E:\football_v\.venv\Lib\site-packages\pip\_internal\utils\_jaraco_text.py,
iter,E:\football_v\.venv\Lib\site-packages\pip\_internal\utils\_jaraco_text.py,
next,E:\football_v\.venv\Lib\site-packages\pip\_internal\utils\_jaraco_text.py,
cast,E:\football_v\.venv\Lib\site-packages\pip\_internal\utils\_log.py,
make_command,E:\football_v\.venv\Lib\site-packages\pip\_internal\vcs\bazaar.py,
display_path,E:\football_v\.venv\Lib\site-packages\pip\_internal\vcs\bazaar.py,
make_command,E:\football_v\.venv\Lib\site-packages\pip\_internal\vcs\bazaar.py,
make_command,E:\football_v\.venv\Lib\site-packages\pip\_internal\vcs\bazaar.py,
make_command,E:\football_v\.venv\Lib\site-packages\pip\_internal\vcs\bazaar.py,
make_command,E:\football_v\.venv\Lib\site-packages\pip\_internal\vcs\bazaar.py,
super,E:\football_v\.venv\Lib\site-packages\pip\_internal\vcs\bazaar.py,
path_to_url,E:\football_v\.venv\Lib\site-packages\pip\_internal\vcs\bazaar.py,
bool,E:\football_v\.venv\Lib\site-packages\pip\_internal\vcs\git.py,
bool,E:\football_v\.venv\Lib\site-packages\pip\_internal\vcs\git.py,
hide_url,E:\football_v\.venv\Lib\site-packages\pip\_internal\vcs\git.py,
int,E:\football_v\.venv\Lib\site-packages\pip\_internal\vcs\git.py,
int,E:\football_v\.venv\Lib\site-packages\pip\_internal\vcs\git.py,
len,E:\football_v\.venv\Lib\site-packages\pip\_internal\vcs\git.py,
ValueError,E:\football_v\.venv\Lib\site-packages\pip\_internal\vcs\git.py,
looks_like_hash,E:\football_v\.venv\Lib\site-packages\pip\_internal\vcs\git.py,
replace,E:\football_v\.venv\Lib\site-packages\pip\_internal\vcs\git.py,
looks_like_hash,E:\football_v\.venv\Lib\site-packages\pip\_internal\vcs\git.py,
make_command,E:\football_v\.venv\Lib\site-packages\pip\_internal\vcs\git.py,
display_path,E:\football_v\.venv\Lib\site-packages\pip\_internal\vcs\git.py,
getattr,E:\football_v\.venv\Lib\site-packages\pip\_internal\vcs\git.py,
make_command,E:\football_v\.venv\Lib\site-packages\pip\_internal\vcs\git.py,
make_command,E:\football_v\.venv\Lib\site-packages\pip\_internal\vcs\git.py,
make_command,E:\football_v\.venv\Lib\site-packages\pip\_internal\vcs\git.py,
make_command,E:\football_v\.venv\Lib\site-packages\pip\_internal\vcs\git.py,
make_command,E:\football_v\.venv\Lib\site-packages\pip\_internal\vcs\git.py,
make_command,E:\football_v\.venv\Lib\site-packages\pip\_internal\vcs\git.py,
RemoteNotValidError,E:\football_v\.venv\Lib\site-packages\pip\_internal\vcs\git.py,
find_path_to_project_root_from_repo_root,E:\football_v\.venv\Lib\site-packages\pip\_internal\vcs\git.py,
urlsplit,E:\football_v\.venv\Lib\site-packages\pip\_internal\vcs\git.py,
urlunsplit,E:\football_v\.venv\Lib\site-packages\pip\_internal\vcs\git.py,
super,E:\football_v\.venv\Lib\site-packages\pip\_internal\vcs\git.py,
super,E:\football_v\.venv\Lib\site-packages\pip\_internal\vcs\git.py,
len,E:\football_v\.venv\Lib\site-packages\pip\_internal\vcs\git.py,
super,E:\football_v\.venv\Lib\site-packages\pip\_internal\vcs\git.py,
display_path,E:\football_v\.venv\Lib\site-packages\pip\_internal\vcs\mercurial.py,
make_command,E:\football_v\.venv\Lib\site-packages\pip\_internal\vcs\mercurial.py,
make_command,E:\football_v\.venv\Lib\site-packages\pip\_internal\vcs\mercurial.py,
make_command,E:\football_v\.venv\Lib\site-packages\pip\_internal\vcs\mercurial.py,
open,E:\football_v\.venv\Lib\site-packages\pip\_internal\vcs\mercurial.py,
make_command,E:\football_v\.venv\Lib\site-packages\pip\_internal\vcs\mercurial.py,
path_to_url,E:\football_v\.venv\Lib\site-packages\pip\_internal\vcs\mercurial.py,
find_path_to_project_root_from_repo_root,E:\football_v\.venv\Lib\site-packages\pip\_internal\vcs\mercurial.py,
super,E:\football_v\.venv\Lib\site-packages\pip\_internal\vcs\mercurial.py,
str,E:\football_v\.venv\Lib\site-packages\pip\_internal\vcs\subversion.py,
max,E:\football_v\.venv\Lib\site-packages\pip\_internal\vcs\subversion.py,
split_auth_from_netloc,E:\football_v\.venv\Lib\site-packages\pip\_internal\vcs\subversion.py,
super,E:\football_v\.venv\Lib\site-packages\pip\_internal\vcs\subversion.py,
super,E:\football_v\.venv\Lib\site-packages\pip\_internal\vcs\subversion.py,
is_installable_dir,E:\football_v\.venv\Lib\site-packages\pip\_internal\vcs\subversion.py,
list,E:\football_v\.venv\Lib\site-packages\pip\_internal\vcs\subversion.py,
max,E:\football_v\.venv\Lib\site-packages\pip\_internal\vcs\subversion.py,
open,E:\football_v\.venv\Lib\site-packages\pip\_internal\vcs\subversion.py,
map,E:\football_v\.venv\Lib\site-packages\pip\_internal\vcs\subversion.py,
int,E:\football_v\.venv\Lib\site-packages\pip\_internal\vcs\subversion.py,
ValueError,E:\football_v\.venv\Lib\site-packages\pip\_internal\vcs\subversion.py,
int,E:\football_v\.venv\Lib\site-packages\pip\_internal\vcs\subversion.py,
int,E:\football_v\.venv\Lib\site-packages\pip\_internal\vcs\subversion.py,
len,E:\football_v\.venv\Lib\site-packages\pip\_internal\vcs\subversion.py,
is_console_interactive,E:\football_v\.venv\Lib\site-packages\pip\_internal\vcs\subversion.py,
super,E:\football_v\.venv\Lib\site-packages\pip\_internal\vcs\subversion.py,
tuple,E:\football_v\.venv\Lib\site-packages\pip\_internal\vcs\subversion.py,
map,E:\football_v\.venv\Lib\site-packages\pip\_internal\vcs\subversion.py,
len,E:\football_v\.venv\Lib\site-packages\pip\_internal\vcs\subversion.py,
make_command,E:\football_v\.venv\Lib\site-packages\pip\_internal\vcs\subversion.py,
display_path,E:\football_v\.venv\Lib\site-packages\pip\_internal\vcs\subversion.py,
make_command,E:\football_v\.venv\Lib\site-packages\pip\_internal\vcs\subversion.py,
make_command,E:\football_v\.venv\Lib\site-packages\pip\_internal\vcs\subversion.py,
is_installable_dir,E:\football_v\.venv\Lib\site-packages\pip\_internal\vcs\versioncontrol.py,
super,E:\football_v\.venv\Lib\site-packages\pip\_internal\vcs\versioncontrol.py,
super,E:\football_v\.venv\Lib\site-packages\pip\_internal\vcs\versioncontrol.py,
list,E:\football_v\.venv\Lib\site-packages\pip\_internal\vcs\versioncontrol.py,
hasattr,E:\football_v\.venv\Lib\site-packages\pip\_internal\vcs\versioncontrol.py,
cls,E:\football_v\.venv\Lib\site-packages\pip\_internal\vcs\versioncontrol.py,
max,E:\football_v\.venv\Lib\site-packages\pip\_internal\vcs\versioncontrol.py,
make_vcs_requirement_url,E:\football_v\.venv\Lib\site-packages\pip\_internal\vcs\versioncontrol.py,
RevOptions,E:\football_v\.venv\Lib\site-packages\pip\_internal\vcs\versioncontrol.py,
bool,E:\football_v\.venv\Lib\site-packages\pip\_internal\vcs\versioncontrol.py,
ValueError,E:\football_v\.venv\Lib\site-packages\pip\_internal\vcs\versioncontrol.py,
InstallationError,E:\football_v\.venv\Lib\site-packages\pip\_internal\vcs\versioncontrol.py,
hide_value,E:\football_v\.venv\Lib\site-packages\pip\_internal\vcs\versioncontrol.py,
hide_url,E:\football_v\.venv\Lib\site-packages\pip\_internal\vcs\versioncontrol.py,
ask_path_exists,E:\football_v\.venv\Lib\site-packages\pip\_internal\vcs\versioncontrol.py,
rmtree,E:\football_v\.venv\Lib\site-packages\pip\_internal\vcs\versioncontrol.py,
backup_dir,E:\football_v\.venv\Lib\site-packages\pip\_internal\vcs\versioncontrol.py,
display_path,E:\football_v\.venv\Lib\site-packages\pip\_internal\vcs\versioncontrol.py,
display_path,E:\football_v\.venv\Lib\site-packages\pip\_internal\vcs\versioncontrol.py,
display_path,E:\football_v\.venv\Lib\site-packages\pip\_internal\vcs\versioncontrol.py,
display_path,E:\football_v\.venv\Lib\site-packages\pip\_internal\vcs\versioncontrol.py,
display_path,E:\football_v\.venv\Lib\site-packages\pip\_internal\vcs\versioncontrol.py,
display_path,E:\football_v\.venv\Lib\site-packages\pip\_internal\vcs\versioncontrol.py,
rmtree,E:\football_v\.venv\Lib\site-packages\pip\_internal\vcs\versioncontrol.py,
make_command,E:\football_v\.venv\Lib\site-packages\pip\_internal\vcs\versioncontrol.py,
format_command_args,E:\football_v\.venv\Lib\site-packages\pip\_internal\vcs\versioncontrol.py,
call_subprocess,E:\football_v\.venv\Lib\site-packages\pip\_internal\vcs\versioncontrol.py,
BadCommand,E:\football_v\.venv\Lib\site-packages\pip\_internal\vcs\versioncontrol.py,
BadCommand,E:\football_v\.venv\Lib\site-packages\pip\_internal\vcs\versioncontrol.py,
BadCommand,E:\football_v\.venv\Lib\site-packages\pip\_internal\vcs\versioncontrol.py,
set,E:\football_v\.venv\Lib\site-packages\pip\_vendor\typing_extensions.py,
getattr,E:\football_v\.venv\Lib\site-packages\pip\_vendor\typing_extensions.py,
type,E:\football_v\.venv\Lib\site-packages\pip\_vendor\typing_extensions.py,
staticmethod,E:\football_v\.venv\Lib\site-packages\pip\_vendor\typing_extensions.py,
staticmethod,E:\football_v\.venv\Lib\site-packages\pip\_vendor\typing_extensions.py,
t,E:\football_v\.venv\Lib\site-packages\pip\_vendor\typing_extensions.py,
_caller,E:\football_v\.venv\Lib\site-packages\pip\_vendor\typing_extensions.py,
tuple,E:\football_v\.venv\Lib\site-packages\pip\_vendor\typing_extensions.py,
_ConcatenateGenericAlias,E:\football_v\.venv\Lib\site-packages\pip\_vendor\typing_extensions.py,
TypeError,E:\football_v\.venv\Lib\site-packages\pip\_vendor\typing_extensions.py,
isinstance,E:\football_v\.venv\Lib\site-packages\pip\_vendor\typing_extensions.py,
isinstance,E:\football_v\.venv\Lib\site-packages\pip\_vendor\typing_extensions.py,
TypeError,E:\football_v\.venv\Lib\site-packages\pip\_vendor\typing_extensions.py,
get_args,E:\football_v\.venv\Lib\site-packages\pip\_vendor\typing_extensions.py,
get_origin,E:\football_v\.venv\Lib\site-packages\pip\_vendor\typing_extensions.py,
bool,E:\football_v\.venv\Lib\site-packages\pip\_vendor\typing_extensions.py,
len,E:\football_v\.venv\Lib\site-packages\pip\_vendor\typing_extensions.py,
type,E:\football_v\.venv\Lib\site-packages\pip\_vendor\typing_extensions.py,
isinstance,E:\football_v\.venv\Lib\site-packages\pip\_vendor\typing_extensions.py,
tuple,E:\football_v\.venv\Lib\site-packages\pip\_vendor\typing_extensions.py,
isinstance,E:\football_v\.venv\Lib\site-packages\pip\_vendor\typing_extensions.py,
type,E:\football_v\.venv\Lib\site-packages\pip\_vendor\typing_extensions.py,
getattr,E:\football_v\.venv\Lib\site-packages\pip\_vendor\typing_extensions.py,
getattr,E:\football_v\.venv\Lib\site-packages\pip\_vendor\typing_extensions.py,
list,E:\football_v\.venv\Lib\site-packages\pip\_vendor\typing_extensions.py,
_caller,E:\football_v\.venv\Lib\site-packages\pip\_vendor\typing_extensions.py,
type,E:\football_v\.venv\Lib\site-packages\pip\_vendor\typing_extensions.py,
TypeError,E:\football_v\.venv\Lib\site-packages\pip\_vendor\typing_extensions.py,
isinstance,E:\football_v\.venv\Lib\site-packages\pip\_vendor\typing_extensions.py,
TypeError,E:\football_v\.venv\Lib\site-packages\pip\_vendor\typing_extensions.py,
getattr,E:\football_v\.venv\Lib\site-packages\pip\_vendor\typing_extensions.py,
isinstance,E:\football_v\.venv\Lib\site-packages\pip\_vendor\typing_extensions.py,
is_protocol,E:\football_v\.venv\Lib\site-packages\pip\_vendor\typing_extensions.py,
TypeError,E:\football_v\.venv\Lib\site-packages\pip\_vendor\typing_extensions.py,
isinstance,E:\football_v\.venv\Lib\site-packages\pip\_vendor\typing_extensions.py,
set,E:\football_v\.venv\Lib\site-packages\pip\_vendor\typing_extensions.py,
issubclass,E:\football_v\.venv\Lib\site-packages\pip\_vendor\typing_extensions.py,
getattr,E:\football_v\.venv\Lib\site-packages\pip\_vendor\typing_extensions.py,
callable,E:\football_v\.venv\Lib\site-packages\pip\_vendor\typing_extensions.py,
getattr,E:\football_v\.venv\Lib\site-packages\pip\_vendor\typing_extensions.py,
TypeError,E:\football_v\.venv\Lib\site-packages\pip\_vendor\typing_extensions.py,
type,E:\football_v\.venv\Lib\site-packages\pip\_vendor\typing_extensions.py,
staticmethod,E:\football_v\.venv\Lib\site-packages\pip\_vendor\typing_extensions.py,
staticmethod,E:\football_v\.venv\Lib\site-packages\pip\_vendor\typing_extensions.py,
t,E:\football_v\.venv\Lib\site-packages\pip\_vendor\typing_extensions.py,
get_origin,E:\football_v\.venv\Lib\site-packages\pip\_vendor\typing_extensions.py,
get_args,E:\football_v\.venv\Lib\site-packages\pip\_vendor\typing_extensions.py,
get_args,E:\football_v\.venv\Lib\site-packages\pip\_vendor\typing_extensions.py,
get_args,E:\football_v\.venv\Lib\site-packages\pip\_vendor\typing_extensions.py,
get_args,E:\football_v\.venv\Lib\site-packages\pip\_vendor\typing_extensions.py,
_ensure_subclassable,E:\football_v\.venv\Lib\site-packages\pip\_vendor\typing_extensions.py,
_caller,E:\football_v\.venv\Lib\site-packages\pip\_vendor\typing_extensions.py,
_TypedDictMeta,E:\football_v\.venv\Lib\site-packages\pip\_vendor\typing_extensions.py,
dict,E:\football_v\.venv\Lib\site-packages\pip\_vendor\typing_extensions.py,
TypeError,E:\football_v\.venv\Lib\site-packages\pip\_vendor\typing_extensions.py,
TypeError,E:\football_v\.venv\Lib\site-packages\pip\_vendor\typing_extensions.py,
isinstance,E:\football_v\.venv\Lib\site-packages\pip\_vendor\typing_extensions.py,
hasattr,E:\football_v\.venv\Lib\site-packages\pip\_vendor\typing_extensions.py,
isinstance,E:\football_v\.venv\Lib\site-packages\pip\_vendor\typing_extensions.py,
isinstance,E:\football_v\.venv\Lib\site-packages\pip\_vendor\typing_extensions.py,
_strip_extras,E:\football_v\.venv\Lib\site-packages\pip\_vendor\typing_extensions.py,
hasattr,E:\football_v\.venv\Lib\site-packages\pip\_vendor\typing_extensions.py,
_strip_extras,E:\football_v\.venv\Lib\site-packages\pip\_vendor\typing_extensions.py,
tuple,E:\football_v\.venv\Lib\site-packages\pip\_vendor\typing_extensions.py,
hasattr,E:\football_v\.venv\Lib\site-packages\pip\_vendor\typing_extensions.py,
isinstance,E:\football_v\.venv\Lib\site-packages\pip\_vendor\typing_extensions.py,
tuple,E:\football_v\.venv\Lib\site-packages\pip\_vendor\typing_extensions.py,
hasattr,E:\football_v\.venv\Lib\site-packages\pip\_vendor\typing_extensions.py,
isinstance,E:\football_v\.venv\Lib\site-packages\pip\_vendor\typing_extensions.py,
tuple,E:\football_v\.venv\Lib\site-packages\pip\_vendor\typing_extensions.py,
_strip_extras,E:\football_v\.venv\Lib\site-packages\pip\_vendor\typing_extensions.py,
_strip_extras,E:\football_v\.venv\Lib\site-packages\pip\_vendor\typing_extensions.py,
_strip_extras,E:\football_v\.venv\Lib\site-packages\pip\_vendor\typing_extensions.py,
hasattr,E:\football_v\.venv\Lib\site-packages\pip\_vendor\typing_extensions.py,
_strip_extras,E:\football_v\.venv\Lib\site-packages\pip\_vendor\typing_extensions.py,
isinstance,E:\football_v\.venv\Lib\site-packages\pip\_vendor\typing_extensions.py,
isinstance,E:\football_v\.venv\Lib\site-packages\pip\_vendor\typing_extensions.py,
isinstance,E:\football_v\.venv\Lib\site-packages\pip\_vendor\typing_extensions.py,
isinstance,E:\football_v\.venv\Lib\site-packages\pip\_vendor\typing_extensions.py,
getattr,E:\football_v\.venv\Lib\site-packages\pip\_vendor\typing_extensions.py,
get_origin,E:\football_v\.venv\Lib\site-packages\pip\_vendor\typing_extensions.py,
list,E:\football_v\.venv\Lib\site-packages\pip\_vendor\typing_extensions.py,
isinstance,E:\football_v\.venv\Lib\site-packages\pip\_vendor\typing_extensions.py,
AttributeError,E:\football_v\.venv\Lib\site-packages\pip\_vendor\typing_extensions.py,
TypeError,E:\football_v\.venv\Lib\site-packages\pip\_vendor\typing_extensions.py,
TypeError,E:\football_v\.venv\Lib\site-packages\pip\_vendor\typing_extensions.py,
TypeError,E:\football_v\.venv\Lib\site-packages\pip\_vendor\typing_extensions.py,
TypeError,E:\football_v\.venv\Lib\site-packages\pip\_vendor\typing_extensions.py,
TypeError,E:\football_v\.venv\Lib\site-packages\pip\_vendor\typing_extensions.py,
TypeError,E:\football_v\.venv\Lib\site-packages\pip\_vendor\typing_extensions.py,
TypeError,E:\football_v\.venv\Lib\site-packages\pip\_vendor\typing_extensions.py,
get_origin,E:\football_v\.venv\Lib\site-packages\pip\_vendor\typing_extensions.py,
print,E:\football_v\.venv\Lib\site-packages\pip\_vendor\typing_extensions.py,
type,E:\football_v\.venv\Lib\site-packages\pip\_vendor\typing_extensions.py,
repr,E:\football_v\.venv\Lib\site-packages\pip\_vendor\typing_extensions.py,
AssertionError,E:\football_v\.venv\Lib\site-packages\pip\_vendor\typing_extensions.py,
len,E:\football_v\.venv\Lib\site-packages\pip\_vendor\typing_extensions.py,
len,E:\football_v\.venv\Lib\site-packages\pip\_vendor\typing_extensions.py,
TypeError,E:\football_v\.venv\Lib\site-packages\pip\_vendor\typing_extensions.py,
len,E:\football_v\.venv\Lib\site-packages\pip\_vendor\typing_extensions.py,
hasattr,E:\football_v\.venv\Lib\site-packages\pip\_vendor\typing_extensions.py,
TypeError,E:\football_v\.venv\Lib\site-packages\pip\_vendor\typing_extensions.py,
TypeError,E:\football_v\.venv\Lib\site-packages\pip\_vendor\typing_extensions.py,
sum,E:\football_v\.venv\Lib\site-packages\pip\_vendor\typing_extensions.py,
hasattr,E:\football_v\.venv\Lib\site-packages\pip\_vendor\typing_extensions.py,
sum,E:\football_v\.venv\Lib\site-packages\pip\_vendor\typing_extensions.py,
isinstance,E:\football_v\.venv\Lib\site-packages\pip\_vendor\typing_extensions.py,
getattr,E:\football_v\.venv\Lib\site-packages\pip\_vendor\typing_extensions.py,
_is_unpack,E:\football_v\.venv\Lib\site-packages\pip\_vendor\typing_extensions.py,
getattr,E:\football_v\.venv\Lib\site-packages\pip\_vendor\typing_extensions.py,
len,E:\football_v\.venv\Lib\site-packages\pip\_vendor\typing_extensions.py,
TypeError,E:\football_v\.venv\Lib\site-packages\pip\_vendor\typing_extensions.py,
hasattr,E:\football_v\.venv\Lib\site-packages\pip\_vendor\typing_extensions.py,
TypeError,E:\football_v\.venv\Lib\site-packages\pip\_vendor\typing_extensions.py,
sum,E:\football_v\.venv\Lib\site-packages\pip\_vendor\typing_extensions.py,
getattr,E:\football_v\.venv\Lib\site-packages\pip\_vendor\typing_extensions.py,
_is_unpack,E:\football_v\.venv\Lib\site-packages\pip\_vendor\typing_extensions.py,
getattr,E:\football_v\.venv\Lib\site-packages\pip\_vendor\typing_extensions.py,
_has_generic_or_protocol_as_origin,E:\football_v\.venv\Lib\site-packages\pip\_vendor\typing_extensions.py,
tuple,E:\football_v\.venv\Lib\site-packages\pip\_vendor\typing_extensions.py,
_is_unpacked_typevartuple,E:\football_v\.venv\Lib\site-packages\pip\_vendor\typing_extensions.py,
_should_collect_from_parameters,E:\football_v\.venv\Lib\site-packages\pip\_vendor\typing_extensions.py,
isinstance,E:\football_v\.venv\Lib\site-packages\pip\_vendor\typing_extensions.py,
getattr,E:\football_v\.venv\Lib\site-packages\pip\_vendor\typing_extensions.py,
TypeError,E:\football_v\.venv\Lib\site-packages\pip\_vendor\typing_extensions.py,
TypeError,E:\football_v\.venv\Lib\site-packages\pip\_vendor\typing_extensions.py,
_has_generic_or_protocol_as_origin,E:\football_v\.venv\Lib\site-packages\pip\_vendor\typing_extensions.py,
tuple,E:\football_v\.venv\Lib\site-packages\pip\_vendor\typing_extensions.py,
isinstance,E:\football_v\.venv\Lib\site-packages\pip\_vendor\typing_extensions.py,
isinstance,E:\football_v\.venv\Lib\site-packages\pip\_vendor\typing_extensions.py,
hasattr,E:\football_v\.venv\Lib\site-packages\pip\_vendor\typing_extensions.py,
_collect_parameters,E:\football_v\.venv\Lib\site-packages\pip\_vendor\typing_extensions.py,
_is_unpacked_typevartuple,E:\football_v\.venv\Lib\site-packages\pip\_vendor\typing_extensions.py,
getattr,E:\football_v\.venv\Lib\site-packages\pip\_vendor\typing_extensions.py,
getattr,E:\football_v\.venv\Lib\site-packages\pip\_vendor\typing_extensions.py,
TypeError,E:\football_v\.venv\Lib\site-packages\pip\_vendor\typing_extensions.py,
TypeError,E:\football_v\.venv\Lib\site-packages\pip\_vendor\typing_extensions.py,
_ensure_subclassable,E:\football_v\.venv\Lib\site-packages\pip\_vendor\typing_extensions.py,
_make_nmtuple,E:\football_v\.venv\Lib\site-packages\pip\_vendor\typing_extensions.py,
_caller,E:\football_v\.venv\Lib\site-packages\pip\_vendor\typing_extensions.py,
TypeError,E:\football_v\.venv\Lib\site-packages\pip\_vendor\typing_extensions.py,
TypeError,E:\football_v\.venv\Lib\site-packages\pip\_vendor\typing_extensions.py,
TypeError,E:\football_v\.venv\Lib\site-packages\pip\_vendor\typing_extensions.py,
type,E:\football_v\.venv\Lib\site-packages\pip\_vendor\typing_extensions.py,
isinstance,E:\football_v\.venv\Lib\site-packages\pip\_vendor\typing_extensions.py,
isinstance,E:\football_v\.venv\Lib\site-packages\pip\_vendor\typing_extensions.py,
getattr,E:\football_v\.venv\Lib\site-packages\pip\_vendor\typing_extensions.py,
hasattr,E:\football_v\.venv\Lib\site-packages\pip\_vendor\typing_extensions.py,
frozenset,E:\football_v\.venv\Lib\site-packages\pip\_vendor\typing_extensions.py,
is_protocol,E:\football_v\.venv\Lib\site-packages\pip\_vendor\typing_extensions.py,
TypeError,E:\football_v\.venv\Lib\site-packages\pip\_vendor\typing_extensions.py,
frozenset,E:\football_v\.venv\Lib\site-packages\pip\_vendor\typing_extensions.py,
_get_protocol_attrs,E:\football_v\.venv\Lib\site-packages\pip\_vendor\typing_extensions.py,
isinstance,E:\football_v\.venv\Lib\site-packages\pip\_vendor\typing_extensions.py,
isinstance,E:\football_v\.venv\Lib\site-packages\pip\_vendor\typing_extensions.py,
TypeError,E:\football_v\.venv\Lib\site-packages\pip\_vendor\typing_extensions.py,
super,E:\football_v\.venv\Lib\site-packages\pip\_vendor\typing_extensions.py,
super,E:\football_v\.venv\Lib\site-packages\pip\_vendor\typing_extensions.py,
TypeError,E:\football_v\.venv\Lib\site-packages\pip\_vendor\typing_extensions.py,
super,E:\football_v\.venv\Lib\site-packages\pip\_vendor\typing_extensions.py,
set,E:\football_v\.venv\Lib\site-packages\pip\_vendor\typing_extensions.py,
set,E:\football_v\.venv\Lib\site-packages\pip\_vendor\typing_extensions.py,
isinstance,E:\football_v\.venv\Lib\site-packages\pip\_vendor\typing_extensions.py,
_value_and_type_iter,E:\football_v\.venv\Lib\site-packages\pip\_vendor\typing_extensions.py,
_value_and_type_iter,E:\football_v\.venv\Lib\site-packages\pip\_vendor\typing_extensions.py,
hash,E:\football_v\.venv\Lib\site-packages\pip\_vendor\typing_extensions.py,
frozenset,E:\football_v\.venv\Lib\site-packages\pip\_vendor\typing_extensions.py,
_value_and_type_iter,E:\football_v\.venv\Lib\site-packages\pip\_vendor\typing_extensions.py,
_flatten_literal_params,E:\football_v\.venv\Lib\site-packages\pip\_vendor\typing_extensions.py,
list,E:\football_v\.venv\Lib\site-packages\pip\_vendor\typing_extensions.py,
_LiteralGenericAlias,E:\football_v\.venv\Lib\site-packages\pip\_vendor\typing_extensions.py,
isinstance,E:\football_v\.venv\Lib\site-packages\pip\_vendor\typing_extensions.py,
_value_and_type_iter,E:\football_v\.venv\Lib\site-packages\pip\_vendor\typing_extensions.py,
set,E:\football_v\.venv\Lib\site-packages\pip\_vendor\typing_extensions.py,
len,E:\football_v\.venv\Lib\site-packages\pip\_vendor\typing_extensions.py,
len,E:\football_v\.venv\Lib\site-packages\pip\_vendor\typing_extensions.py,
tuple,E:\football_v\.venv\Lib\site-packages\pip\_vendor\typing_extensions.py,
super,E:\football_v\.venv\Lib\site-packages\pip\_vendor\typing_extensions.py,
super,E:\football_v\.venv\Lib\site-packages\pip\_vendor\typing_extensions.py,
_is_dunder,E:\football_v\.venv\Lib\site-packages\pip\_vendor\typing_extensions.py,
setattr,E:\football_v\.venv\Lib\site-packages\pip\_vendor\typing_extensions.py,
tuple,E:\football_v\.venv\Lib\site-packages\pip\_vendor\typing_extensions.py,
len,E:\football_v\.venv\Lib\site-packages\pip\_vendor\typing_extensions.py,
isinstance,E:\football_v\.venv\Lib\site-packages\pip\_vendor\typing_extensions.py,
TypeError,E:\football_v\.venv\Lib\site-packages\pip\_vendor\typing_extensions.py,
len,E:\football_v\.venv\Lib\site-packages\pip\_vendor\typing_extensions.py,
str,E:\football_v\.venv\Lib\site-packages\pip\_vendor\typing_extensions.py,
TypeError,E:\football_v\.venv\Lib\site-packages\pip\_vendor\typing_extensions.py,
len,E:\football_v\.venv\Lib\site-packages\pip\_vendor\typing_extensions.py,
len,E:\football_v\.venv\Lib\site-packages\pip\_vendor\typing_extensions.py,
len,E:\football_v\.venv\Lib\site-packages\pip\_vendor\typing_extensions.py,
len,E:\football_v\.venv\Lib\site-packages\pip\_vendor\typing_extensions.py,
len,E:\football_v\.venv\Lib\site-packages\pip\_vendor\typing_extensions.py,
set,E:\football_v\.venv\Lib\site-packages\pip\_vendor\typing_extensions.py,
TypeError,E:\football_v\.venv\Lib\site-packages\pip\_vendor\typing_extensions.py,
is_protocol,E:\football_v\.venv\Lib\site-packages\pip\_vendor\typing_extensions.py,
getattr,E:\football_v\.venv\Lib\site-packages\pip\_vendor\typing_extensions.py,
_get_protocol_attrs,E:\football_v\.venv\Lib\site-packages\pip\_vendor\typing_extensions.py,
getattr,E:\football_v\.venv\Lib\site-packages\pip\_vendor\typing_extensions.py,
_allow_reckless_class_checks,E:\football_v\.venv\Lib\site-packages\pip\_vendor\typing_extensions.py,
getattr,E:\football_v\.venv\Lib\site-packages\pip\_vendor\typing_extensions.py,
_type_check_issubclass_arg_1,E:\football_v\.venv\Lib\site-packages\pip\_vendor\typing_extensions.py,
TypeError,E:\football_v\.venv\Lib\site-packages\pip\_vendor\typing_extensions.py,
_type_check_issubclass_arg_1,E:\football_v\.venv\Lib\site-packages\pip\_vendor\typing_extensions.py,
sorted,E:\football_v\.venv\Lib\site-packages\pip\_vendor\typing_extensions.py,
TypeError,E:\football_v\.venv\Lib\site-packages\pip\_vendor\typing_extensions.py,
str,E:\football_v\.venv\Lib\site-packages\pip\_vendor\typing_extensions.py,
getattr,E:\football_v\.venv\Lib\site-packages\pip\_vendor\typing_extensions.py,
TypeError,E:\football_v\.venv\Lib\site-packages\pip\_vendor\typing_extensions.py,
getattr,E:\football_v\.venv\Lib\site-packages\pip\_vendor\typing_extensions.py,
_allow_reckless_class_checks,E:\football_v\.venv\Lib\site-packages\pip\_vendor\typing_extensions.py,
any,E:\football_v\.venv\Lib\site-packages\pip\_vendor\typing_extensions.py,
super,E:\football_v\.venv\Lib\site-packages\pip\_vendor\typing_extensions.py,
any,E:\football_v\.venv\Lib\site-packages\pip\_vendor\typing_extensions.py,
set,E:\football_v\.venv\Lib\site-packages\pip\_vendor\typing_extensions.py,
set,E:\football_v\.venv\Lib\site-packages\pip\_vendor\typing_extensions.py,
set,E:\football_v\.venv\Lib\site-packages\pip\_vendor\typing_extensions.py,
set,E:\football_v\.venv\Lib\site-packages\pip\_vendor\typing_extensions.py,
frozenset,E:\football_v\.venv\Lib\site-packages\pip\_vendor\typing_extensions.py,
frozenset,E:\football_v\.venv\Lib\site-packages\pip\_vendor\typing_extensions.py,
frozenset,E:\football_v\.venv\Lib\site-packages\pip\_vendor\typing_extensions.py,
frozenset,E:\football_v\.venv\Lib\site-packages\pip\_vendor\typing_extensions.py,
hasattr,E:\football_v\.venv\Lib\site-packages\pip\_vendor\typing_extensions.py,
set,E:\football_v\.venv\Lib\site-packages\pip\_vendor\typing_extensions.py,
set,E:\football_v\.venv\Lib\site-packages\pip\_vendor\typing_extensions.py,
hasattr,E:\football_v\.venv\Lib\site-packages\pip\_vendor\typing_extensions.py,
TypeError,E:\football_v\.venv\Lib\site-packages\pip\_vendor\typing_extensions.py,
issubclass,E:\football_v\.venv\Lib\site-packages\pip\_vendor\typing_extensions.py,
_get_typeddict_qualifiers,E:\football_v\.venv\Lib\site-packages\pip\_vendor\typing_extensions.py,
TypeError,E:\football_v\.venv\Lib\site-packages\pip\_vendor\typing_extensions.py,
TypeError,E:\football_v\.venv\Lib\site-packages\pip\_vendor\typing_extensions.py,
_get_typeddict_qualifiers,E:\football_v\.venv\Lib\site-packages\pip\_vendor\typing_extensions.py,
type,E:\football_v\.venv\Lib\site-packages\pip\_vendor\typing_extensions.py,
TypeError,E:\football_v\.venv\Lib\site-packages\pip\_vendor\typing_extensions.py,
isinstance,E:\football_v\.venv\Lib\site-packages\pip\_vendor\typing_extensions.py,
super,E:\football_v\.venv\Lib\site-packages\pip\_vendor\typing_extensions.py,
_AnnotatedAlias,E:\football_v\.venv\Lib\site-packages\pip\_vendor\typing_extensions.py,
len,E:\football_v\.venv\Lib\site-packages\pip\_vendor\typing_extensions.py,
repr,E:\football_v\.venv\Lib\site-packages\pip\_vendor\typing_extensions.py,
isinstance,E:\football_v\.venv\Lib\site-packages\pip\_vendor\typing_extensions.py,
hash,E:\football_v\.venv\Lib\site-packages\pip\_vendor\typing_extensions.py,
TypeError,E:\football_v\.venv\Lib\site-packages\pip\_vendor\typing_extensions.py,
tuple,E:\football_v\.venv\Lib\site-packages\pip\_vendor\typing_extensions.py,
_AnnotatedAlias,E:\football_v\.venv\Lib\site-packages\pip\_vendor\typing_extensions.py,
TypeError,E:\football_v\.venv\Lib\site-packages\pip\_vendor\typing_extensions.py,
get_origin,E:\football_v\.venv\Lib\site-packages\pip\_vendor\typing_extensions.py,
isinstance,E:\football_v\.venv\Lib\site-packages\pip\_vendor\typing_extensions.py,
len,E:\football_v\.venv\Lib\site-packages\pip\_vendor\typing_extensions.py,
TypeError,E:\football_v\.venv\Lib\site-packages\pip\_vendor\typing_extensions.py,
TypeError,E:\football_v\.venv\Lib\site-packages\pip\_vendor\typing_extensions.py,
TypeError,E:\football_v\.venv\Lib\site-packages\pip\_vendor\typing_extensions.py,
globals,E:\football_v\.venv\Lib\site-packages\pip\_vendor\typing_extensions.py,
hasattr,E:\football_v\.venv\Lib\site-packages\pip\_vendor\typing_extensions.py,
_set_default,E:\football_v\.venv\Lib\site-packages\pip\_vendor\typing_extensions.py,
_set_module,E:\football_v\.venv\Lib\site-packages\pip\_vendor\typing_extensions.py,
ValueError,E:\football_v\.venv\Lib\site-packages\pip\_vendor\typing_extensions.py,
len,E:\football_v\.venv\Lib\site-packages\pip\_vendor\typing_extensions.py,
TypeError,E:\football_v\.venv\Lib\site-packages\pip\_vendor\typing_extensions.py,
isinstance,E:\football_v\.venv\Lib\site-packages\pip\_vendor\typing_extensions.py,
isinstance,E:\football_v\.venv\Lib\site-packages\pip\_vendor\typing_extensions.py,
super,E:\football_v\.venv\Lib\site-packages\pip\_vendor\typing_extensions.py,
_type_repr,E:\football_v\.venv\Lib\site-packages\pip\_vendor\typing_extensions.py,
_type_repr,E:\football_v\.venv\Lib\site-packages\pip\_vendor\typing_extensions.py,
hash,E:\football_v\.venv\Lib\site-packages\pip\_vendor\typing_extensions.py,
tuple,E:\football_v\.venv\Lib\site-packages\pip\_vendor\typing_extensions.py,
isinstance,E:\football_v\.venv\Lib\site-packages\pip\_vendor\typing_extensions.py,
_concatenate_getitem,E:\football_v\.venv\Lib\site-packages\pip\_vendor\typing_extensions.py,
_UnpackAlias,E:\football_v\.venv\Lib\site-packages\pip\_vendor\typing_extensions.py,
isinstance,E:\football_v\.venv\Lib\site-packages\pip\_vendor\typing_extensions.py,
isinstance,E:\football_v\.venv\Lib\site-packages\pip\_vendor\typing_extensions.py,
getattr,E:\football_v\.venv\Lib\site-packages\pip\_vendor\typing_extensions.py,
isinstance,E:\football_v\.venv\Lib\site-packages\pip\_vendor\typing_extensions.py,
TypeError,E:\football_v\.venv\Lib\site-packages\pip\_vendor\typing_extensions.py,
type,E:\football_v\.venv\Lib\site-packages\pip\_vendor\typing_extensions.py,
isinstance,E:\football_v\.venv\Lib\site-packages\pip\_vendor\typing_extensions.py,
staticmethod,E:\football_v\.venv\Lib\site-packages\pip\_vendor\typing_extensions.py,
isinstance,E:\football_v\.venv\Lib\site-packages\pip\_vendor\typing_extensions.py,
callable,E:\football_v\.venv\Lib\site-packages\pip\_vendor\typing_extensions.py,
classmethod,E:\football_v\.venv\Lib\site-packages\pip\_vendor\typing_extensions.py,
TypeError,E:\football_v\.venv\Lib\site-packages\pip\_vendor\typing_extensions.py,
original_new,E:\football_v\.venv\Lib\site-packages\pip\_vendor\typing_extensions.py,
original_init_subclass,E:\football_v\.venv\Lib\site-packages\pip\_vendor\typing_extensions.py,
original_init_subclass,E:\football_v\.venv\Lib\site-packages\pip\_vendor\typing_extensions.py,
arg,E:\football_v\.venv\Lib\site-packages\pip\_vendor\typing_extensions.py,
TypeError,E:\football_v\.venv\Lib\site-packages\pip\_vendor\typing_extensions.py,
original_new,E:\football_v\.venv\Lib\site-packages\pip\_vendor\typing_extensions.py,
tuple,E:\football_v\.venv\Lib\site-packages\pip\_vendor\typing_extensions.py,
_make_nmtuple,E:\football_v\.venv\Lib\site-packages\pip\_vendor\typing_extensions.py,
hasattr,E:\football_v\.venv\Lib\site-packages\pip\_vendor\typing_extensions.py,
TypeError,E:\football_v\.venv\Lib\site-packages\pip\_vendor\typing_extensions.py,
classmethod,E:\football_v\.venv\Lib\site-packages\pip\_vendor\typing_extensions.py,
classmethod,E:\football_v\.venv\Lib\site-packages\pip\_vendor\typing_extensions.py,
AttributeError,E:\football_v\.venv\Lib\site-packages\pip\_vendor\typing_extensions.py,
TypeError,E:\football_v\.venv\Lib\site-packages\pip\_vendor\typing_extensions.py,
setattr,E:\football_v\.venv\Lib\site-packages\pip\_vendor\typing_extensions.py,
type,E:\football_v\.venv\Lib\site-packages\pip\_vendor\typing_extensions.py,
set_name,E:\football_v\.venv\Lib\site-packages\pip\_vendor\typing_extensions.py,
RuntimeError,E:\football_v\.venv\Lib\site-packages\pip\_vendor\typing_extensions.py,
len,E:\football_v\.venv\Lib\site-packages\pip\_vendor\typing_extensions.py,
type,E:\football_v\.venv\Lib\site-packages\pip\_vendor\typing_extensions.py,
_caller,E:\football_v\.venv\Lib\site-packages\pip\_vendor\typing_extensions.py,
TypeError,E:\football_v\.venv\Lib\site-packages\pip\_vendor\typing_extensions.py,
tuple,E:\football_v\.venv\Lib\site-packages\pip\_vendor\typing_extensions.py,
_caller,E:\football_v\.venv\Lib\site-packages\pip\_vendor\typing_extensions.py,
isinstance,E:\football_v\.venv\Lib\site-packages\pip\_vendor\typing_extensions.py,
TypeError,E:\football_v\.venv\Lib\site-packages\pip\_vendor\typing_extensions.py,
isinstance,E:\football_v\.venv\Lib\site-packages\pip\_vendor\typing_extensions.py,
hasattr,E:\football_v\.venv\Lib\site-packages\pip\_vendor\typing_extensions.py,
super,E:\football_v\.venv\Lib\site-packages\pip\_vendor\typing_extensions.py,
AttributeError,E:\football_v\.venv\Lib\site-packages\pip\_vendor\typing_extensions.py,
AttributeError,E:\football_v\.venv\Lib\site-packages\pip\_vendor\typing_extensions.py,
AttributeError,E:\football_v\.venv\Lib\site-packages\pip\_vendor\typing_extensions.py,
isinstance,E:\football_v\.venv\Lib\site-packages\pip\_vendor\typing_extensions.py,
tuple,E:\football_v\.venv\Lib\site-packages\pip\_vendor\typing_extensions.py,
TypeError,E:\football_v\.venv\Lib\site-packages\pip\_vendor\typing_extensions.py,
TypeError,E:\football_v\.venv\Lib\site-packages\pip\_vendor\typing_extensions.py,
hash,E:\football_v\.venv\Lib\site-packages\pip\_vendor\typing_extensions.py,
isinstance,E:\football_v\.venv\Lib\site-packages\pip\_vendor\typing_extensions.py,
len,E:\football_v\.venv\Lib\site-packages\pip\_vendor\typing_extensions.py,
hasattr,E:\football_v\.venv\Lib\site-packages\pip\_vendor\typing_extensions.py,
_set_default,E:\football_v\.venv\Lib\site-packages\pip\_vendor\typing_extensions.py,
_set_module,E:\football_v\.venv\Lib\site-packages\pip\_vendor\typing_extensions.py,
len,E:\football_v\.venv\Lib\site-packages\pip\_vendor\typing_extensions.py,
TypeError,E:\football_v\.venv\Lib\site-packages\pip\_vendor\typing_extensions.py,
isinstance,E:\football_v\.venv\Lib\site-packages\pip\_vendor\typing_extensions.py,
len,E:\football_v\.venv\Lib\site-packages\pip\_vendor\typing_extensions.py,
len,E:\football_v\.venv\Lib\site-packages\pip\_vendor\typing_extensions.py,
tuple,E:\football_v\.venv\Lib\site-packages\pip\_vendor\typing_extensions.py,
TypeError,E:\football_v\.venv\Lib\site-packages\pip\_vendor\typing_extensions.py,
ParamSpecArgs,E:\football_v\.venv\Lib\site-packages\pip\_vendor\typing_extensions.py,
ParamSpecKwargs,E:\football_v\.venv\Lib\site-packages\pip\_vendor\typing_extensions.py,
bool,E:\football_v\.venv\Lib\site-packages\pip\_vendor\typing_extensions.py,
bool,E:\football_v\.venv\Lib\site-packages\pip\_vendor\typing_extensions.py,
bool,E:\football_v\.venv\Lib\site-packages\pip\_vendor\typing_extensions.py,
_caller,E:\football_v\.venv\Lib\site-packages\pip\_vendor\typing_extensions.py,
_concatenate_getitem,E:\football_v\.venv\Lib\site-packages\pip\_vendor\typing_extensions.py,
super,E:\football_v\.venv\Lib\site-packages\pip\_vendor\typing_extensions.py,
isinstance,E:\football_v\.venv\Lib\site-packages\pip\_vendor\typing_extensions.py,
len,E:\football_v\.venv\Lib\site-packages\pip\_vendor\typing_extensions.py,
TypeError,E:\football_v\.venv\Lib\site-packages\pip\_vendor\typing_extensions.py,
_UnpackAlias,E:\football_v\.venv\Lib\site-packages\pip\_vendor\typing_extensions.py,
_set_default,E:\football_v\.venv\Lib\site-packages\pip\_vendor\typing_extensions.py,
_set_module,E:\football_v\.venv\Lib\site-packages\pip\_vendor\typing_extensions.py,
len,E:\football_v\.venv\Lib\site-packages\pip\_vendor\typing_extensions.py,
len,E:\football_v\.venv\Lib\site-packages\pip\_vendor\typing_extensions.py,
enumerate,E:\football_v\.venv\Lib\site-packages\pip\_vendor\typing_extensions.py,
isinstance,E:\football_v\.venv\Lib\site-packages\pip\_vendor\typing_extensions.py,
min,E:\football_v\.venv\Lib\site-packages\pip\_vendor\typing_extensions.py,
min,E:\football_v\.venv\Lib\site-packages\pip\_vendor\typing_extensions.py,
_unpack_args,E:\football_v\.venv\Lib\site-packages\pip\_vendor\typing_extensions.py,
TypeError,E:\football_v\.venv\Lib\site-packages\pip\_vendor\typing_extensions.py,
isinstance,E:\football_v\.venv\Lib\site-packages\pip\_vendor\typing_extensions.py,
getattr,E:\football_v\.venv\Lib\site-packages\pip\_vendor\typing_extensions.py,
TypeError,E:\football_v\.venv\Lib\site-packages\pip\_vendor\typing_extensions.py,
len,E:\football_v\.venv\Lib\site-packages\pip\_vendor\typing_extensions.py,
TypeError,E:\football_v\.venv\Lib\site-packages\pip\_vendor\typing_extensions.py,
TypeError,E:\football_v\.venv\Lib\site-packages\pip\_vendor\typing_extensions.py,
_caller,E:\football_v\.venv\Lib\site-packages\pip\_vendor\typing_extensions.py,
TypeError,E:\football_v\.venv\Lib\site-packages\pip\_vendor\typing_extensions.py,
_is_unionable,E:\football_v\.venv\Lib\site-packages\pip\_vendor\typing_extensions.py,
_is_unionable,E:\football_v\.venv\Lib\site-packages\pip\_vendor\typing_extensions.py,
len,E:\football_v\.venv\Lib\site-packages\pip\_vendor\typing_extensions.py,
TypeError,E:\football_v\.venv\Lib\site-packages\pip\_vendor\typing_extensions.py,
isinstance,E:\football_v\.venv\Lib\site-packages\pip\_vendor\typing_extensions.py,
len,E:\football_v\.venv\Lib\site-packages\pip\_vendor\typing_extensions.py,
len,E:\football_v\.venv\Lib\site-packages\pip\_vendor\typing_extensions.py,
tuple,E:\football_v\.venv\Lib\site-packages\pip\_vendor\typing_extensions.py,
len,E:\football_v\.venv\Lib\site-packages\pip\_vendor\typing_extensions.py,
len,E:\football_v\.venv\Lib\site-packages\pip\_vendor\typing_extensions.py,
enumerate,E:\football_v\.venv\Lib\site-packages\pip\_vendor\typing_extensions.py,
isinstance,E:\football_v\.venv\Lib\site-packages\pip\_vendor\typing_extensions.py,
min,E:\football_v\.venv\Lib\site-packages\pip\_vendor\typing_extensions.py,
min,E:\football_v\.venv\Lib\site-packages\pip\_vendor\typing_extensions.py,
_unpack_args,E:\football_v\.venv\Lib\site-packages\pip\_vendor\typing_extensions.py,
TypeError,E:\football_v\.venv\Lib\site-packages\pip\_vendor\typing_extensions.py,
isinstance,E:\football_v\.venv\Lib\site-packages\pip\_vendor\typing_extensions.py,
getattr,E:\football_v\.venv\Lib\site-packages\pip\_vendor\typing_extensions.py,
TypeError,E:\football_v\.venv\Lib\site-packages\pip\_vendor\typing_extensions.py,
len,E:\football_v\.venv\Lib\site-packages\pip\_vendor\typing_extensions.py,
TypeError,E:\football_v\.venv\Lib\site-packages\pip\_vendor\typing_extensions.py,
TypeError,E:\football_v\.venv\Lib\site-packages\pip\_vendor\typing_extensions.py,
original_new,E:\football_v\.venv\Lib\site-packages\pip\_vendor\typing_extensions.py,
TypeError,E:\football_v\.venv\Lib\site-packages\pip\_vendor\typing_extensions.py,
original_new,E:\football_v\.venv\Lib\site-packages\pip\_vendor\typing_extensions.py,
original_init_subclass,E:\football_v\.venv\Lib\site-packages\pip\_vendor\typing_extensions.py,
original_init_subclass,E:\football_v\.venv\Lib\site-packages\pip\_vendor\typing_extensions.py,
arg,E:\football_v\.venv\Lib\site-packages\pip\_vendor\typing_extensions.py,
__import__,E:\football_v\.venv\Lib\site-packages\pip\_vendor\__init__.py,
setattr,E:\football_v\.venv\Lib\site-packages\pip\_vendor\__init__.py,
globals,E:\football_v\.venv\Lib\site-packages\pip\_vendor\__init__.py,
locals,E:\football_v\.venv\Lib\site-packages\pip\_vendor\__init__.py,
controller_factory,E:\football_v\.venv\Lib\site-packages\pip\_vendor\cachecontrol\adapter.py,
DictCache,E:\football_v\.venv\Lib\site-packages\pip\_vendor\cachecontrol\adapter.py,
super,E:\football_v\.venv\Lib\site-packages\pip\_vendor\cachecontrol\adapter.py,
super,E:\football_v\.venv\Lib\site-packages\pip\_vendor\cachecontrol\adapter.py,
super,E:\football_v\.venv\Lib\site-packages\pip\_vendor\cachecontrol\adapter.py,
int,E:\football_v\.venv\Lib\site-packages\pip\_vendor\cachecontrol\adapter.py,
CallbackFileWrapper,E:\football_v\.venv\Lib\site-packages\pip\_vendor\cachecontrol\adapter.py,
super_update_chunk_length,E:\football_v\.venv\Lib\site-packages\pip\_vendor\cachecontrol\adapter.py,
super,E:\football_v\.venv\Lib\site-packages\pip\_vendor\cachecontrol\adapter.py,
super_update_chunk_length,E:\football_v\.venv\Lib\site-packages\pip\_vendor\cachecontrol\adapter.py,
NotImplementedError,E:\football_v\.venv\Lib\site-packages\pip\_vendor\cachecontrol\cache.py,
NotImplementedError,E:\football_v\.venv\Lib\site-packages\pip\_vendor\cachecontrol\cache.py,
NotImplementedError,E:\football_v\.venv\Lib\site-packages\pip\_vendor\cachecontrol\cache.py,
Lock,E:\football_v\.venv\Lib\site-packages\pip\_vendor\cachecontrol\cache.py,
NotImplementedError,E:\football_v\.venv\Lib\site-packages\pip\_vendor\cachecontrol\cache.py,
NotImplementedError,E:\football_v\.venv\Lib\site-packages\pip\_vendor\cachecontrol\cache.py,
DictCache,E:\football_v\.venv\Lib\site-packages\pip\_vendor\cachecontrol\controller.py,
Serializer,E:\football_v\.venv\Lib\site-packages\pip\_vendor\cachecontrol\controller.py,
parse_uri,E:\football_v\.venv\Lib\site-packages\pip\_vendor\cachecontrol\controller.py,
Exception,E:\football_v\.venv\Lib\site-packages\pip\_vendor\cachecontrol\controller.py,
typ,E:\football_v\.venv\Lib\site-packages\pip\_vendor\cachecontrol\controller.py,
isinstance,E:\football_v\.venv\Lib\site-packages\pip\_vendor\cachecontrol\controller.py,
CaseInsensitiveDict,E:\football_v\.venv\Lib\site-packages\pip\_vendor\cachecontrol\controller.py,
parsedate_tz,E:\football_v\.venv\Lib\site-packages\pip\_vendor\cachecontrol\controller.py,
max,E:\football_v\.venv\Lib\site-packages\pip\_vendor\cachecontrol\controller.py,
int,E:\football_v\.venv\Lib\site-packages\pip\_vendor\cachecontrol\controller.py,
parsedate_tz,E:\football_v\.venv\Lib\site-packages\pip\_vendor\cachecontrol\controller.py,
max,E:\football_v\.venv\Lib\site-packages\pip\_vendor\cachecontrol\controller.py,
CaseInsensitiveDict,E:\football_v\.venv\Lib\site-packages\pip\_vendor\cachecontrol\controller.py,
isinstance,E:\football_v\.venv\Lib\site-packages\pip\_vendor\cachecontrol\controller.py,
CaseInsensitiveDict,E:\football_v\.venv\Lib\site-packages\pip\_vendor\cachecontrol\controller.py,
parsedate_tz,E:\football_v\.venv\Lib\site-packages\pip\_vendor\cachecontrol\controller.py,
max,E:\football_v\.venv\Lib\site-packages\pip\_vendor\cachecontrol\controller.py,
int,E:\football_v\.venv\Lib\site-packages\pip\_vendor\cachecontrol\controller.py,
len,E:\football_v\.venv\Lib\site-packages\pip\_vendor\cachecontrol\controller.py,
parsedate_tz,E:\football_v\.venv\Lib\site-packages\pip\_vendor\cachecontrol\controller.py,
int,E:\football_v\.venv\Lib\site-packages\pip\_vendor\cachecontrol\controller.py,
parsedate_tz,E:\football_v\.venv\Lib\site-packages\pip\_vendor\cachecontrol\controller.py,
parsedate_tz,E:\football_v\.venv\Lib\site-packages\pip\_vendor\cachecontrol\controller.py,
NamedTemporaryFile,E:\football_v\.venv\Lib\site-packages\pip\_vendor\cachecontrol\filewrapper.py,
getattr,E:\football_v\.venv\Lib\site-packages\pip\_vendor\cachecontrol\filewrapper.py,
memoryview,E:\football_v\.venv\Lib\site-packages\pip\_vendor\cachecontrol\filewrapper.py,
formatdate,E:\football_v\.venv\Lib\site-packages\pip\_vendor\cachecontrol\heuristics.py,
parsedate,E:\football_v\.venv\Lib\site-packages\pip\_vendor\cachecontrol\heuristics.py,
expire_after,E:\football_v\.venv\Lib\site-packages\pip\_vendor\cachecontrol\heuristics.py,
datetime_to_header,E:\football_v\.venv\Lib\site-packages\pip\_vendor\cachecontrol\heuristics.py,
timedelta,E:\football_v\.venv\Lib\site-packages\pip\_vendor\cachecontrol\heuristics.py,
datetime,E:\football_v\.venv\Lib\site-packages\pip\_vendor\cachecontrol\heuristics.py,
timedelta,E:\football_v\.venv\Lib\site-packages\pip\_vendor\cachecontrol\heuristics.py,
expire_after,E:\football_v\.venv\Lib\site-packages\pip\_vendor\cachecontrol\heuristics.py,
datetime_to_header,E:\football_v\.venv\Lib\site-packages\pip\_vendor\cachecontrol\heuristics.py,
parsedate_tz,E:\football_v\.venv\Lib\site-packages\pip\_vendor\cachecontrol\heuristics.py,
parsedate,E:\football_v\.venv\Lib\site-packages\pip\_vendor\cachecontrol\heuristics.py,
max,E:\football_v\.venv\Lib\site-packages\pip\_vendor\cachecontrol\heuristics.py,
max,E:\football_v\.venv\Lib\site-packages\pip\_vendor\cachecontrol\heuristics.py,
min,E:\football_v\.venv\Lib\site-packages\pip\_vendor\cachecontrol\heuristics.py,
CaseInsensitiveDict,E:\football_v\.venv\Lib\site-packages\pip\_vendor\cachecontrol\serialize.py,
len,E:\football_v\.venv\Lib\site-packages\pip\_vendor\cachecontrol\serialize.py,
str,E:\football_v\.venv\Lib\site-packages\pip\_vendor\cachecontrol\serialize.py,
str,E:\football_v\.venv\Lib\site-packages\pip\_vendor\cachecontrol\serialize.py,
str,E:\football_v\.venv\Lib\site-packages\pip\_vendor\cachecontrol\serialize.py,
str,E:\football_v\.venv\Lib\site-packages\pip\_vendor\cachecontrol\serialize.py,
str,E:\football_v\.venv\Lib\site-packages\pip\_vendor\cachecontrol\serialize.py,
cast,E:\football_v\.venv\Lib\site-packages\pip\_vendor\cachecontrol\serialize.py,
CaseInsensitiveDict,E:\football_v\.venv\Lib\site-packages\pip\_vendor\cachecontrol\serialize.py,
HTTPResponse,E:\football_v\.venv\Lib\site-packages\pip\_vendor\cachecontrol\serialize.py,
adapter_class,E:\football_v\.venv\Lib\site-packages\pip\_vendor\cachecontrol\wrapper.py,
DictCache,E:\football_v\.venv\Lib\site-packages\pip\_vendor\cachecontrol\wrapper.py,
CacheControlAdapter,E:\football_v\.venv\Lib\site-packages\pip\_vendor\cachecontrol\_cmd.py,
DictCache,E:\football_v\.venv\Lib\site-packages\pip\_vendor\cachecontrol\_cmd.py,
ArgumentParser,E:\football_v\.venv\Lib\site-packages\pip\_vendor\cachecontrol\_cmd.py,
get_args,E:\football_v\.venv\Lib\site-packages\pip\_vendor\cachecontrol\_cmd.py,
get_session,E:\football_v\.venv\Lib\site-packages\pip\_vendor\cachecontrol\_cmd.py,
setup_logging,E:\football_v\.venv\Lib\site-packages\pip\_vendor\cachecontrol\_cmd.py,
print,E:\football_v\.venv\Lib\site-packages\pip\_vendor\cachecontrol\_cmd.py,
print,E:\football_v\.venv\Lib\site-packages\pip\_vendor\cachecontrol\_cmd.py,
hasattr,E:\football_v\.venv\Lib\site-packages\pip\_vendor\cachecontrol\caches\file_cache.py,
hasattr,E:\football_v\.venv\Lib\site-packages\pip\_vendor\cachecontrol\caches\file_cache.py,
dedent,E:\football_v\.venv\Lib\site-packages\pip\_vendor\cachecontrol\caches\file_cache.py,
ImportError,E:\football_v\.venv\Lib\site-packages\pip\_vendor\cachecontrol\caches\file_cache.py,
list,E:\football_v\.venv\Lib\site-packages\pip\_vendor\cachecontrol\caches\file_cache.py,
open,E:\football_v\.venv\Lib\site-packages\pip\_vendor\cachecontrol\caches\file_cache.py,
_secure_open_write,E:\football_v\.venv\Lib\site-packages\pip\_vendor\cachecontrol\caches\file_cache.py,
open,E:\football_v\.venv\Lib\site-packages\pip\_vendor\cachecontrol\caches\file_cache.py,
isinstance,E:\football_v\.venv\Lib\site-packages\pip\_vendor\cachecontrol\caches\redis_cache.py,
int,E:\football_v\.venv\Lib\site-packages\pip\_vendor\cachecontrol\caches\redis_cache.py,
as_file,E:\football_v\.venv\Lib\site-packages\pip\_vendor\certifi\core.py,
str,E:\football_v\.venv\Lib\site-packages\pip\_vendor\certifi\core.py,
files,E:\football_v\.venv\Lib\site-packages\pip\_vendor\certifi\core.py,
files,E:\football_v\.venv\Lib\site-packages\pip\_vendor\certifi\core.py,
get_path,E:\football_v\.venv\Lib\site-packages\pip\_vendor\certifi\core.py,
str,E:\football_v\.venv\Lib\site-packages\pip\_vendor\certifi\core.py,
read_text,E:\football_v\.venv\Lib\site-packages\pip\_vendor\certifi\core.py,
open,E:\football_v\.venv\Lib\site-packages\pip\_vendor\certifi\core.py,
where,E:\football_v\.venv\Lib\site-packages\pip\_vendor\certifi\core.py,
read_text,E:\football_v\.venv\Lib\site-packages\pip\_vendor\certifi\core.py,
isinstance,E:\football_v\.venv\Lib\site-packages\pip\_vendor\distlib\compat.py,
_quote,E:\football_v\.venv\Lib\site-packages\pip\_vendor\distlib\compat.py,
CertificateError,E:\football_v\.venv\Lib\site-packages\pip\_vendor\distlib\compat.py,
repr,E:\football_v\.venv\Lib\site-packages\pip\_vendor\distlib\compat.py,
ValueError,E:\football_v\.venv\Lib\site-packages\pip\_vendor\distlib\compat.py,
len,E:\football_v\.venv\Lib\site-packages\pip\_vendor\distlib\compat.py,
CertificateError,E:\football_v\.venv\Lib\site-packages\pip\_vendor\distlib\compat.py,
_dnsname_match,E:\football_v\.venv\Lib\site-packages\pip\_vendor\distlib\compat.py,
len,E:\football_v\.venv\Lib\site-packages\pip\_vendor\distlib\compat.py,
CertificateError,E:\football_v\.venv\Lib\site-packages\pip\_vendor\distlib\compat.py,
CertificateError,E:\football_v\.venv\Lib\site-packages\pip\_vendor\distlib\compat.py,
_dnsname_match,E:\football_v\.venv\Lib\site-packages\pip\_vendor\distlib\compat.py,
map,E:\football_v\.venv\Lib\site-packages\pip\_vendor\distlib\compat.py,
set,E:\football_v\.venv\Lib\site-packages\pip\_vendor\distlib\compat.py,
_access_check,E:\football_v\.venv\Lib\site-packages\pip\_vendor\distlib\compat.py,
any,E:\football_v\.venv\Lib\site-packages\pip\_vendor\distlib\compat.py,
_access_check,E:\football_v\.venv\Lib\site-packages\pip\_vendor\distlib\compat.py,
ZipExtFile,E:\football_v\.venv\Lib\site-packages\pip\_vendor\distlib\compat.py,
isinstance,E:\football_v\.venv\Lib\site-packages\pip\_vendor\distlib\compat.py,
isinstance,E:\football_v\.venv\Lib\site-packages\pip\_vendor\distlib\compat.py,
isinstance,E:\football_v\.venv\Lib\site-packages\pip\_vendor\distlib\compat.py,
TypeError,E:\football_v\.venv\Lib\site-packages\pip\_vendor\distlib\compat.py,
type,E:\football_v\.venv\Lib\site-packages\pip\_vendor\distlib\compat.py,
isinstance,E:\football_v\.venv\Lib\site-packages\pip\_vendor\distlib\compat.py,
isinstance,E:\football_v\.venv\Lib\site-packages\pip\_vendor\distlib\compat.py,
TypeError,E:\football_v\.venv\Lib\site-packages\pip\_vendor\distlib\compat.py,
type,E:\football_v\.venv\Lib\site-packages\pip\_vendor\distlib\compat.py,
read_or_stop,E:\football_v\.venv\Lib\site-packages\pip\_vendor\distlib\compat.py,
find_cookie,E:\football_v\.venv\Lib\site-packages\pip\_vendor\distlib\compat.py,
read_or_stop,E:\football_v\.venv\Lib\site-packages\pip\_vendor\distlib\compat.py,
find_cookie,E:\football_v\.venv\Lib\site-packages\pip\_vendor\distlib\compat.py,
_get_normal_name,E:\football_v\.venv\Lib\site-packages\pip\_vendor\distlib\compat.py,
readline,E:\football_v\.venv\Lib\site-packages\pip\_vendor\distlib\compat.py,
lookup,E:\football_v\.venv\Lib\site-packages\pip\_vendor\distlib\compat.py,
SyntaxError,E:\football_v\.venv\Lib\site-packages\pip\_vendor\distlib\compat.py,
SyntaxError,E:\football_v\.venv\Lib\site-packages\pip\_vendor\distlib\compat.py,
SyntaxError,E:\football_v\.venv\Lib\site-packages\pip\_vendor\distlib\compat.py,
ValueError,E:\football_v\.venv\Lib\site-packages\pip\_vendor\distlib\compat.py,
type,E:\football_v\.venv\Lib\site-packages\pip\_vendor\distlib\compat.py,
readline,E:\football_v\.venv\Lib\site-packages\pip\_vendor\distlib\compat.py,
_get_normal_name,E:\football_v\.venv\Lib\site-packages\pip\_vendor\distlib\compat.py,
lookup,E:\football_v\.venv\Lib\site-packages\pip\_vendor\distlib\compat.py,
SyntaxError,E:\football_v\.venv\Lib\site-packages\pip\_vendor\distlib\compat.py,
SyntaxError,E:\football_v\.venv\Lib\site-packages\pip\_vendor\distlib\compat.py,
SyntaxError,E:\football_v\.venv\Lib\site-packages\pip\_vendor\distlib\compat.py,
list,E:\football_v\.venv\Lib\site-packages\pip\_vendor\distlib\compat.py,
KeyError,E:\football_v\.venv\Lib\site-packages\pip\_vendor\distlib\compat.py,
len,E:\football_v\.venv\Lib\site-packages\pip\_vendor\distlib\compat.py,
set,E:\football_v\.venv\Lib\site-packages\pip\_vendor\distlib\compat.py,
iter,E:\football_v\.venv\Lib\site-packages\pip\_vendor\distlib\compat.py,
set,E:\football_v\.venv\Lib\site-packages\pip\_vendor\distlib\compat.py,
any,E:\football_v\.venv\Lib\site-packages\pip\_vendor\distlib\compat.py,
any,E:\football_v\.venv\Lib\site-packages\pip\_vendor\distlib\compat.py,
_recursive_repr,E:\football_v\.venv\Lib\site-packages\pip\_vendor\distlib\compat.py,
map,E:\football_v\.venv\Lib\site-packages\pip\_vendor\distlib\compat.py,
cls,E:\football_v\.venv\Lib\site-packages\pip\_vendor\distlib\compat.py,
KeyError,E:\football_v\.venv\Lib\site-packages\pip\_vendor\distlib\compat.py,
KeyError,E:\football_v\.venv\Lib\site-packages\pip\_vendor\distlib\compat.py,
KeyError,E:\football_v\.venv\Lib\site-packages\pip\_vendor\distlib\compat.py,
len,E:\football_v\.venv\Lib\site-packages\pip\_vendor\distlib\compat.py,
TypeError,E:\football_v\.venv\Lib\site-packages\pip\_vendor\distlib\compat.py,
len,E:\football_v\.venv\Lib\site-packages\pip\_vendor\distlib\compat.py,
dict_setitem,E:\football_v\.venv\Lib\site-packages\pip\_vendor\distlib\compat.py,
dict_delitem,E:\football_v\.venv\Lib\site-packages\pip\_vendor\distlib\compat.py,
KeyError,E:\football_v\.venv\Lib\site-packages\pip\_vendor\distlib\compat.py,
list,E:\football_v\.venv\Lib\site-packages\pip\_vendor\distlib\compat.py,
iter,E:\football_v\.venv\Lib\site-packages\pip\_vendor\distlib\compat.py,
isinstance,E:\football_v\.venv\Lib\site-packages\pip\_vendor\distlib\compat.py,
len,E:\football_v\.venv\Lib\site-packages\pip\_vendor\distlib\compat.py,
TypeError,E:\football_v\.venv\Lib\site-packages\pip\_vendor\distlib\compat.py,
len,E:\football_v\.venv\Lib\site-packages\pip\_vendor\distlib\compat.py,
hasattr,E:\football_v\.venv\Lib\site-packages\pip\_vendor\distlib\compat.py,
TypeError,E:\football_v\.venv\Lib\site-packages\pip\_vendor\distlib\compat.py,
len,E:\football_v\.venv\Lib\site-packages\pip\_vendor\distlib\compat.py,
KeyError,E:\football_v\.venv\Lib\site-packages\pip\_vendor\distlib\compat.py,
id,E:\football_v\.venv\Lib\site-packages\pip\_vendor\distlib\compat.py,
_get_ident,E:\football_v\.venv\Lib\site-packages\pip\_vendor\distlib\compat.py,
vars,E:\football_v\.venv\Lib\site-packages\pip\_vendor\distlib\compat.py,
OrderedDict,E:\football_v\.venv\Lib\site-packages\pip\_vendor\distlib\compat.py,
vars,E:\football_v\.venv\Lib\site-packages\pip\_vendor\distlib\compat.py,
cls,E:\football_v\.venv\Lib\site-packages\pip\_vendor\distlib\compat.py,
isinstance,E:\football_v\.venv\Lib\site-packages\pip\_vendor\distlib\compat.py,
len,E:\football_v\.venv\Lib\site-packages\pip\_vendor\distlib\compat.py,
len,E:\football_v\.venv\Lib\site-packages\pip\_vendor\distlib\compat.py,
KeysView,E:\football_v\.venv\Lib\site-packages\pip\_vendor\distlib\compat.py,
ValuesView,E:\football_v\.venv\Lib\site-packages\pip\_vendor\distlib\compat.py,
ItemsView,E:\football_v\.venv\Lib\site-packages\pip\_vendor\distlib\compat.py,
type,E:\football_v\.venv\Lib\site-packages\pip\_vendor\distlib\compat.py,
type,E:\football_v\.venv\Lib\site-packages\pip\_vendor\distlib\compat.py,
type,E:\football_v\.venv\Lib\site-packages\pip\_vendor\distlib\compat.py,
type,E:\football_v\.venv\Lib\site-packages\pip\_vendor\distlib\compat.py,
type,E:\football_v\.venv\Lib\site-packages\pip\_vendor\distlib\compat.py,
ConvertingDict,E:\football_v\.venv\Lib\site-packages\pip\_vendor\distlib\compat.py,
ValueError,E:\football_v\.venv\Lib\site-packages\pip\_vendor\distlib\compat.py,
getattr,E:\football_v\.venv\Lib\site-packages\pip\_vendor\distlib\compat.py,
getattr,E:\football_v\.venv\Lib\site-packages\pip\_vendor\distlib\compat.py,
ValueError,E:\football_v\.venv\Lib\site-packages\pip\_vendor\distlib\compat.py,
ValueError,E:\football_v\.venv\Lib\site-packages\pip\_vendor\distlib\compat.py,
int,E:\football_v\.venv\Lib\site-packages\pip\_vendor\distlib\compat.py,
isinstance,E:\football_v\.venv\Lib\site-packages\pip\_vendor\distlib\compat.py,
ConvertingDict,E:\football_v\.venv\Lib\site-packages\pip\_vendor\distlib\compat.py,
isinstance,E:\football_v\.venv\Lib\site-packages\pip\_vendor\distlib\compat.py,
isinstance,E:\football_v\.venv\Lib\site-packages\pip\_vendor\distlib\compat.py,
ConvertingList,E:\football_v\.venv\Lib\site-packages\pip\_vendor\distlib\compat.py,
isinstance,E:\football_v\.venv\Lib\site-packages\pip\_vendor\distlib\compat.py,
isinstance,E:\football_v\.venv\Lib\site-packages\pip\_vendor\distlib\compat.py,
ConvertingTuple,E:\football_v\.venv\Lib\site-packages\pip\_vendor\distlib\compat.py,
isinstance,E:\football_v\.venv\Lib\site-packages\pip\_vendor\distlib\compat.py,
isinstance,E:\football_v\.venv\Lib\site-packages\pip\_vendor\distlib\compat.py,
getattr,E:\football_v\.venv\Lib\site-packages\pip\_vendor\distlib\compat.py,
converter,E:\football_v\.venv\Lib\site-packages\pip\_vendor\distlib\compat.py,
dict,E:\football_v\.venv\Lib\site-packages\pip\_vendor\distlib\compat.py,
c,E:\football_v\.venv\Lib\site-packages\pip\_vendor\distlib\compat.py,
callable,E:\football_v\.venv\Lib\site-packages\pip\_vendor\distlib\compat.py,
setattr,E:\football_v\.venv\Lib\site-packages\pip\_vendor\distlib\compat.py,
valid_ident,E:\football_v\.venv\Lib\site-packages\pip\_vendor\distlib\compat.py,
isinstance,E:\football_v\.venv\Lib\site-packages\pip\_vendor\distlib\compat.py,
tuple,E:\football_v\.venv\Lib\site-packages\pip\_vendor\distlib\compat.py,
set,E:\football_v\.venv\Lib\site-packages\pip\_vendor\distlib\compat.py,
getattr,E:\football_v\.venv\Lib\site-packages\pip\_vendor\distlib\compat.py,
getattr,E:\football_v\.venv\Lib\site-packages\pip\_vendor\distlib\compat.py,
getattr,E:\football_v\.venv\Lib\site-packages\pip\_vendor\distlib\compat.py,
getattr,E:\football_v\.venv\Lib\site-packages\pip\_vendor\distlib\compat.py,
id,E:\football_v\.venv\Lib\site-packages\pip\_vendor\distlib\compat.py,
get_ident,E:\football_v\.venv\Lib\site-packages\pip\_vendor\distlib\compat.py,
user_function,E:\football_v\.venv\Lib\site-packages\pip\_vendor\distlib\compat.py,
set,E:\football_v\.venv\Lib\site-packages\pip\_vendor\distlib\compat.py,
getattr,E:\football_v\.venv\Lib\site-packages\pip\_vendor\distlib\compat.py,
getattr,E:\football_v\.venv\Lib\site-packages\pip\_vendor\distlib\compat.py,
getattr,E:\football_v\.venv\Lib\site-packages\pip\_vendor\distlib\compat.py,
getattr,E:\football_v\.venv\Lib\site-packages\pip\_vendor\distlib\compat.py,
id,E:\football_v\.venv\Lib\site-packages\pip\_vendor\distlib\compat.py,
get_ident,E:\football_v\.venv\Lib\site-packages\pip\_vendor\distlib\compat.py,
user_function,E:\football_v\.venv\Lib\site-packages\pip\_vendor\distlib\compat.py,
id,E:\football_v\.venv\Lib\site-packages\pip\_vendor\distlib\compat.py,
get_ident,E:\football_v\.venv\Lib\site-packages\pip\_vendor\distlib\compat.py,
user_function,E:\football_v\.venv\Lib\site-packages\pip\_vendor\distlib\compat.py,
get_scheme,E:\football_v\.venv\Lib\site-packages\pip\_vendor\distlib\database.py,
DependencyGraph,E:\football_v\.venv\Lib\site-packages\pip\_vendor\distlib\database.py,
parse_name_and_version,E:\football_v\.venv\Lib\site-packages\pip\_vendor\distlib\database.py,
make_graph,E:\football_v\.venv\Lib\site-packages\pip\_vendor\distlib\database.py,
DistlibException,E:\football_v\.venv\Lib\site-packages\pip\_vendor\distlib\database.py,
make_graph,E:\football_v\.venv\Lib\site-packages\pip\_vendor\distlib\database.py,
set,E:\football_v\.venv\Lib\site-packages\pip\_vendor\distlib\database.py,
set,E:\football_v\.venv\Lib\site-packages\pip\_vendor\distlib\database.py,
DistlibException,E:\football_v\.venv\Lib\site-packages\pip\_vendor\distlib\database.py,
Metadata,E:\football_v\.venv\Lib\site-packages\pip\_vendor\distlib\database.py,
Distribution,E:\football_v\.venv\Lib\site-packages\pip\_vendor\distlib\database.py,
_Cache,E:\football_v\.venv\Lib\site-packages\pip\_vendor\distlib\database.py,
_Cache,E:\football_v\.venv\Lib\site-packages\pip\_vendor\distlib\database.py,
get_scheme,E:\football_v\.venv\Lib\site-packages\pip\_vendor\distlib\database.py,
set,E:\football_v\.venv\Lib\site-packages\pip\_vendor\distlib\database.py,
sorted,E:\football_v\.venv\Lib\site-packages\pip\_vendor\distlib\database.py,
Metadata,E:\football_v\.venv\Lib\site-packages\pip\_vendor\distlib\database.py,
new_dist_class,E:\football_v\.venv\Lib\site-packages\pip\_vendor\distlib\database.py,
old_dist_class,E:\football_v\.venv\Lib\site-packages\pip\_vendor\distlib\database.py,
isinstance,E:\football_v\.venv\Lib\site-packages\pip\_vendor\distlib\database.py,
hasattr,E:\football_v\.venv\Lib\site-packages\pip\_vendor\distlib\database.py,
DistlibException,E:\football_v\.venv\Lib\site-packages\pip\_vendor\distlib\database.py,
parse_name_and_version,E:\football_v\.venv\Lib\site-packages\pip\_vendor\distlib\database.py,
LookupError,E:\football_v\.venv\Lib\site-packages\pip\_vendor\distlib\database.py,
set,E:\football_v\.venv\Lib\site-packages\pip\_vendor\distlib\database.py,
getattr,E:\football_v\.venv\Lib\site-packages\pip\_vendor\distlib\database.py,
set,E:\football_v\.venv\Lib\site-packages\pip\_vendor\distlib\database.py,
parse_requirement,E:\football_v\.venv\Lib\site-packages\pip\_vendor\distlib\database.py,
get_scheme,E:\football_v\.venv\Lib\site-packages\pip\_vendor\distlib\database.py,
parse_name_and_version,E:\football_v\.venv\Lib\site-packages\pip\_vendor\distlib\database.py,
type,E:\football_v\.venv\Lib\site-packages\pip\_vendor\distlib\database.py,
type,E:\football_v\.venv\Lib\site-packages\pip\_vendor\distlib\database.py,
hash,E:\football_v\.venv\Lib\site-packages\pip\_vendor\distlib\database.py,
hash,E:\football_v\.venv\Lib\site-packages\pip\_vendor\distlib\database.py,
hash,E:\football_v\.venv\Lib\site-packages\pip\_vendor\distlib\database.py,
super,E:\football_v\.venv\Lib\site-packages\pip\_vendor\distlib\database.py,
getattr,E:\football_v\.venv\Lib\site-packages\pip\_vendor\distlib\database.py,
hasher,E:\football_v\.venv\Lib\site-packages\pip\_vendor\distlib\database.py,
ValueError,E:\football_v\.venv\Lib\site-packages\pip\_vendor\distlib\database.py,
super,E:\football_v\.venv\Lib\site-packages\pip\_vendor\distlib\database.py,
open,E:\football_v\.venv\Lib\site-packages\pip\_vendor\distlib\database.py,
ValueError,E:\football_v\.venv\Lib\site-packages\pip\_vendor\distlib\database.py,
Metadata,E:\football_v\.venv\Lib\site-packages\pip\_vendor\distlib\database.py,
CSVReader,E:\football_v\.venv\Lib\site-packages\pip\_vendor\distlib\database.py,
range,E:\football_v\.venv\Lib\site-packages\pip\_vendor\distlib\database.py,
len,E:\football_v\.venv\Lib\site-packages\pip\_vendor\distlib\database.py,
read_exports,E:\football_v\.venv\Lib\site-packages\pip\_vendor\distlib\database.py,
open,E:\football_v\.venv\Lib\site-packages\pip\_vendor\distlib\database.py,
write_exports,E:\football_v\.venv\Lib\site-packages\pip\_vendor\distlib\database.py,
KeyError,E:\football_v\.venv\Lib\site-packages\pip\_vendor\distlib\database.py,
CSVReader,E:\football_v\.venv\Lib\site-packages\pip\_vendor\distlib\database.py,
CSVWriter,E:\football_v\.venv\Lib\site-packages\pip\_vendor\distlib\database.py,
open,E:\football_v\.venv\Lib\site-packages\pip\_vendor\distlib\database.py,
str,E:\football_v\.venv\Lib\site-packages\pip\_vendor\distlib\database.py,
open,E:\football_v\.venv\Lib\site-packages\pip\_vendor\distlib\database.py,
DistlibException,E:\football_v\.venv\Lib\site-packages\pip\_vendor\distlib\database.py,
DistlibException,E:\football_v\.venv\Lib\site-packages\pip\_vendor\distlib\database.py,
DistlibException,E:\football_v\.venv\Lib\site-packages\pip\_vendor\distlib\database.py,
DistlibException,E:\football_v\.venv\Lib\site-packages\pip\_vendor\distlib\database.py,
isinstance,E:\football_v\.venv\Lib\site-packages\pip\_vendor\distlib\database.py,
set_name_and_version,E:\football_v\.venv\Lib\site-packages\pip\_vendor\distlib\database.py,
set_name_and_version,E:\football_v\.venv\Lib\site-packages\pip\_vendor\distlib\database.py,
super,E:\football_v\.venv\Lib\site-packages\pip\_vendor\distlib\database.py,
parse_requirement,E:\football_v\.venv\Lib\site-packages\pip\_vendor\distlib\database.py,
Metadata,E:\football_v\.venv\Lib\site-packages\pip\_vendor\distlib\database.py,
parse_requires_path,E:\football_v\.venv\Lib\site-packages\pip\_vendor\distlib\database.py,
StringIO,E:\football_v\.venv\Lib\site-packages\pip\_vendor\distlib\database.py,
Metadata,E:\football_v\.venv\Lib\site-packages\pip\_vendor\distlib\database.py,
Metadata,E:\football_v\.venv\Lib\site-packages\pip\_vendor\distlib\database.py,
DistlibException,E:\football_v\.venv\Lib\site-packages\pip\_vendor\distlib\database.py,
parse_requires_data,E:\football_v\.venv\Lib\site-packages\pip\_vendor\distlib\database.py,
parse_requires_data,E:\football_v\.venv\Lib\site-packages\pip\_vendor\distlib\database.py,
parse_requires_path,E:\football_v\.venv\Lib\site-packages\pip\_vendor\distlib\database.py,
open,E:\football_v\.venv\Lib\site-packages\pip\_vendor\distlib\database.py,
open,E:\football_v\.venv\Lib\site-packages\pip\_vendor\distlib\database.py,
_md5,E:\football_v\.venv\Lib\site-packages\pip\_vendor\distlib\database.py,
_size,E:\football_v\.venv\Lib\site-packages\pip\_vendor\distlib\database.py,
isinstance,E:\football_v\.venv\Lib\site-packages\pip\_vendor\distlib\database.py,
str,E:\football_v\.venv\Lib\site-packages\pip\_vendor\distlib\database.py,
len,E:\football_v\.venv\Lib\site-packages\pip\_vendor\distlib\database.py,
len,E:\football_v\.venv\Lib\site-packages\pip\_vendor\distlib\database.py,
list,E:\football_v\.venv\Lib\site-packages\pip\_vendor\distlib\database.py,
list,E:\football_v\.venv\Lib\site-packages\pip\_vendor\distlib\database.py,
parse_requirement,E:\football_v\.venv\Lib\site-packages\pip\_vendor\distlib\database.py,
parse_requires_data,E:\football_v\.venv\Lib\site-packages\pip\_vendor\distlib\database.py,
open,E:\football_v\.venv\Lib\site-packages\pip\_vendor\distlib\database.py,
urlparse,E:\football_v\.venv\Lib\site-packages\pip\_vendor\distlib\index.py,
DistlibException,E:\football_v\.venv\Lib\site-packages\pip\_vendor\distlib\index.py,
open,E:\football_v\.venv\Lib\site-packages\pip\_vendor\distlib\index.py,
cmd,E:\football_v\.venv\Lib\site-packages\pip\_vendor\distlib\index.py,
_load_pypirc,E:\football_v\.venv\Lib\site-packages\pip\_vendor\distlib\index.py,
_store_pypirc,E:\football_v\.venv\Lib\site-packages\pip\_vendor\distlib\index.py,
HTTPPasswordMgr,E:\football_v\.venv\Lib\site-packages\pip\_vendor\distlib\index.py,
urlparse,E:\football_v\.venv\Lib\site-packages\pip\_vendor\distlib\index.py,
HTTPBasicAuthHandler,E:\football_v\.venv\Lib\site-packages\pip\_vendor\distlib\index.py,
DistlibException,E:\football_v\.venv\Lib\site-packages\pip\_vendor\distlib\index.py,
Thread,E:\football_v\.venv\Lib\site-packages\pip\_vendor\distlib\index.py,
Thread,E:\football_v\.venv\Lib\site-packages\pip\_vendor\distlib\index.py,
DistlibException,E:\football_v\.venv\Lib\site-packages\pip\_vendor\distlib\index.py,
DistlibException,E:\football_v\.venv\Lib\site-packages\pip\_vendor\distlib\index.py,
open,E:\football_v\.venv\Lib\site-packages\pip\_vendor\distlib\index.py,
open,E:\football_v\.venv\Lib\site-packages\pip\_vendor\distlib\index.py,
DistlibException,E:\football_v\.venv\Lib\site-packages\pip\_vendor\distlib\index.py,
DistlibException,E:\football_v\.venv\Lib\site-packages\pip\_vendor\distlib\index.py,
zip_dir,E:\football_v\.venv\Lib\site-packages\pip\_vendor\distlib\index.py,
DistlibException,E:\football_v\.venv\Lib\site-packages\pip\_vendor\distlib\index.py,
DistlibException,E:\football_v\.venv\Lib\site-packages\pip\_vendor\distlib\index.py,
isinstance,E:\football_v\.venv\Lib\site-packages\pip\_vendor\distlib\index.py,
open,E:\football_v\.venv\Lib\site-packages\pip\_vendor\distlib\index.py,
DistlibException,E:\football_v\.venv\Lib\site-packages\pip\_vendor\distlib\index.py,
getattr,E:\football_v\.venv\Lib\site-packages\pip\_vendor\distlib\index.py,
Request,E:\football_v\.venv\Lib\site-packages\pip\_vendor\distlib\index.py,
DistlibException,E:\football_v\.venv\Lib\site-packages\pip\_vendor\distlib\index.py,
int,E:\football_v\.venv\Lib\site-packages\pip\_vendor\distlib\index.py,
reporthook,E:\football_v\.venv\Lib\site-packages\pip\_vendor\distlib\index.py,
len,E:\football_v\.venv\Lib\site-packages\pip\_vendor\distlib\index.py,
reporthook,E:\football_v\.venv\Lib\site-packages\pip\_vendor\distlib\index.py,
build_opener,E:\football_v\.venv\Lib\site-packages\pip\_vendor\distlib\index.py,
Request,E:\football_v\.venv\Lib\site-packages\pip\_vendor\distlib\index.py,
str,E:\football_v\.venv\Lib\site-packages\pip\_vendor\distlib\index.py,
isinstance,E:\football_v\.venv\Lib\site-packages\pip\_vendor\distlib\index.py,
len,E:\football_v\.venv\Lib\site-packages\pip\_vendor\distlib\index.py,
isinstance,E:\football_v\.venv\Lib\site-packages\pip\_vendor\distlib\index.py,
ServerProxy,E:\football_v\.venv\Lib\site-packages\pip\_vendor\distlib\index.py,
rpc_proxy,E:\football_v\.venv\Lib\site-packages\pip\_vendor\distlib\index.py,
ServerProxy,E:\football_v\.venv\Lib\site-packages\pip\_vendor\distlib\locators.py,
client,E:\football_v\.venv\Lib\site-packages\pip\_vendor\distlib\locators.py,
urlparse,E:\football_v\.venv\Lib\site-packages\pip\_vendor\distlib\locators.py,
urljoin,E:\football_v\.venv\Lib\site-packages\pip\_vendor\distlib\locators.py,
hasattr,E:\football_v\.venv\Lib\site-packages\pip\_vendor\distlib\locators.py,
build_opener,E:\football_v\.venv\Lib\site-packages\pip\_vendor\distlib\locators.py,
RedirectHandler,E:\football_v\.venv\Lib\site-packages\pip\_vendor\distlib\locators.py,
NotImplementedError,E:\football_v\.venv\Lib\site-packages\pip\_vendor\distlib\locators.py,
NotImplementedError,E:\football_v\.venv\Lib\site-packages\pip\_vendor\distlib\locators.py,
urlparse,E:\football_v\.venv\Lib\site-packages\pip\_vendor\distlib\locators.py,
is_compatible,E:\football_v\.venv\Lib\site-packages\pip\_vendor\distlib\locators.py,
Wheel,E:\football_v\.venv\Lib\site-packages\pip\_vendor\distlib\locators.py,
split_filename,E:\football_v\.venv\Lib\site-packages\pip\_vendor\distlib\locators.py,
urlparse,E:\football_v\.venv\Lib\site-packages\pip\_vendor\distlib\locators.py,
normalize_name,E:\football_v\.venv\Lib\site-packages\pip\_vendor\distlib\locators.py,
normalize_name,E:\football_v\.venv\Lib\site-packages\pip\_vendor\distlib\locators.py,
Wheel,E:\football_v\.venv\Lib\site-packages\pip\_vendor\distlib\locators.py,
is_compatible,E:\football_v\.venv\Lib\site-packages\pip\_vendor\distlib\locators.py,
same_project,E:\football_v\.venv\Lib\site-packages\pip\_vendor\distlib\locators.py,
urlunparse,E:\football_v\.venv\Lib\site-packages\pip\_vendor\distlib\locators.py,
same_project,E:\football_v\.venv\Lib\site-packages\pip\_vendor\distlib\locators.py,
len,E:\football_v\.venv\Lib\site-packages\pip\_vendor\distlib\locators.py,
urlunparse,E:\football_v\.venv\Lib\site-packages\pip\_vendor\distlib\locators.py,
list,E:\football_v\.venv\Lib\site-packages\pip\_vendor\distlib\locators.py,
make_dist,E:\football_v\.venv\Lib\site-packages\pip\_vendor\distlib\locators.py,
set,E:\football_v\.venv\Lib\site-packages\pip\_vendor\distlib\locators.py,
parse_requirement,E:\football_v\.venv\Lib\site-packages\pip\_vendor\distlib\locators.py,
get_scheme,E:\football_v\.venv\Lib\site-packages\pip\_vendor\distlib\locators.py,
DistlibException,E:\football_v\.venv\Lib\site-packages\pip\_vendor\distlib\locators.py,
len,E:\football_v\.venv\Lib\site-packages\pip\_vendor\distlib\locators.py,
type,E:\football_v\.venv\Lib\site-packages\pip\_vendor\distlib\locators.py,
len,E:\football_v\.venv\Lib\site-packages\pip\_vendor\distlib\locators.py,
sorted,E:\football_v\.venv\Lib\site-packages\pip\_vendor\distlib\locators.py,
set,E:\football_v\.venv\Lib\site-packages\pip\_vendor\distlib\locators.py,
vcls,E:\football_v\.venv\Lib\site-packages\pip\_vendor\distlib\locators.py,
ServerProxy,E:\football_v\.venv\Lib\site-packages\pip\_vendor\distlib\locators.py,
super,E:\football_v\.venv\Lib\site-packages\pip\_vendor\distlib\locators.py,
set,E:\football_v\.venv\Lib\site-packages\pip\_vendor\distlib\locators.py,
Metadata,E:\football_v\.venv\Lib\site-packages\pip\_vendor\distlib\locators.py,
Distribution,E:\football_v\.venv\Lib\site-packages\pip\_vendor\distlib\locators.py,
set,E:\football_v\.venv\Lib\site-packages\pip\_vendor\distlib\locators.py,
ensure_slash,E:\football_v\.venv\Lib\site-packages\pip\_vendor\distlib\locators.py,
super,E:\football_v\.venv\Lib\site-packages\pip\_vendor\distlib\locators.py,
NotImplementedError,E:\football_v\.venv\Lib\site-packages\pip\_vendor\distlib\locators.py,
urljoin,E:\football_v\.venv\Lib\site-packages\pip\_vendor\distlib\locators.py,
Metadata,E:\football_v\.venv\Lib\site-packages\pip\_vendor\distlib\locators.py,
Distribution,E:\football_v\.venv\Lib\site-packages\pip\_vendor\distlib\locators.py,
quote,E:\football_v\.venv\Lib\site-packages\pip\_vendor\distlib\locators.py,
Metadata,E:\football_v\.venv\Lib\site-packages\pip\_vendor\distlib\locators.py,
Distribution,E:\football_v\.venv\Lib\site-packages\pip\_vendor\distlib\locators.py,
text_type,E:\football_v\.venv\Lib\site-packages\pip\_vendor\distlib\locators.py,
set,E:\football_v\.venv\Lib\site-packages\pip\_vendor\distlib\locators.py,
set,E:\football_v\.venv\Lib\site-packages\pip\_vendor\distlib\locators.py,
set,E:\football_v\.venv\Lib\site-packages\pip\_vendor\distlib\locators.py,
sorted,E:\football_v\.venv\Lib\site-packages\pip\_vendor\distlib\locators.py,
urlparse,E:\football_v\.venv\Lib\site-packages\pip\_vendor\distlib\locators.py,
urlunparse,E:\football_v\.venv\Lib\site-packages\pip\_vendor\distlib\locators.py,
urljoin,E:\football_v\.venv\Lib\site-packages\pip\_vendor\distlib\locators.py,
unescape,E:\football_v\.venv\Lib\site-packages\pip\_vendor\distlib\locators.py,
quote,E:\football_v\.venv\Lib\site-packages\pip\_vendor\distlib\locators.py,
ord,E:\football_v\.venv\Lib\site-packages\pip\_vendor\distlib\locators.py,
ensure_slash,E:\football_v\.venv\Lib\site-packages\pip\_vendor\distlib\locators.py,
set,E:\football_v\.venv\Lib\site-packages\pip\_vendor\distlib\locators.py,
set,E:\football_v\.venv\Lib\site-packages\pip\_vendor\distlib\locators.py,
super,E:\football_v\.venv\Lib\site-packages\pip\_vendor\distlib\locators.py,
range,E:\football_v\.venv\Lib\site-packages\pip\_vendor\distlib\locators.py,
urljoin,E:\football_v\.venv\Lib\site-packages\pip\_vendor\distlib\locators.py,
quote,E:\football_v\.venv\Lib\site-packages\pip\_vendor\distlib\locators.py,
urlparse,E:\football_v\.venv\Lib\site-packages\pip\_vendor\distlib\locators.py,
text_type,E:\football_v\.venv\Lib\site-packages\pip\_vendor\distlib\locators.py,
urlparse,E:\football_v\.venv\Lib\site-packages\pip\_vendor\distlib\locators.py,
urljoin,E:\football_v\.venv\Lib\site-packages\pip\_vendor\distlib\locators.py,
url2pathname,E:\football_v\.venv\Lib\site-packages\pip\_vendor\distlib\locators.py,
ensure_slash,E:\football_v\.venv\Lib\site-packages\pip\_vendor\distlib\locators.py,
Request,E:\football_v\.venv\Lib\site-packages\pip\_vendor\distlib\locators.py,
Page,E:\football_v\.venv\Lib\site-packages\pip\_vendor\distlib\locators.py,
decoder,E:\football_v\.venv\Lib\site-packages\pip\_vendor\distlib\locators.py,
set,E:\football_v\.venv\Lib\site-packages\pip\_vendor\distlib\locators.py,
DistlibException,E:\football_v\.venv\Lib\site-packages\pip\_vendor\distlib\locators.py,
DistlibException,E:\football_v\.venv\Lib\site-packages\pip\_vendor\distlib\locators.py,
super,E:\football_v\.venv\Lib\site-packages\pip\_vendor\distlib\locators.py,
urlunparse,E:\football_v\.venv\Lib\site-packages\pip\_vendor\distlib\locators.py,
pathname2url,E:\football_v\.venv\Lib\site-packages\pip\_vendor\distlib\locators.py,
set,E:\football_v\.venv\Lib\site-packages\pip\_vendor\distlib\locators.py,
urlunparse,E:\football_v\.venv\Lib\site-packages\pip\_vendor\distlib\locators.py,
pathname2url,E:\football_v\.venv\Lib\site-packages\pip\_vendor\distlib\locators.py,
NotImplementedError,E:\football_v\.venv\Lib\site-packages\pip\_vendor\distlib\locators.py,
get_project_data,E:\football_v\.venv\Lib\site-packages\pip\_vendor\distlib\locators.py,
make_dist,E:\football_v\.venv\Lib\site-packages\pip\_vendor\distlib\locators.py,
set,E:\football_v\.venv\Lib\site-packages\pip\_vendor\distlib\locators.py,
isinstance,E:\football_v\.venv\Lib\site-packages\pip\_vendor\distlib\locators.py,
super,E:\football_v\.venv\Lib\site-packages\pip\_vendor\distlib\locators.py,
set,E:\football_v\.venv\Lib\site-packages\pip\_vendor\distlib\locators.py,
set,E:\football_v\.venv\Lib\site-packages\pip\_vendor\distlib\locators.py,
super,E:\football_v\.venv\Lib\site-packages\pip\_vendor\distlib\locators.py,
super,E:\football_v\.venv\Lib\site-packages\pip\_vendor\distlib\locators.py,
set,E:\football_v\.venv\Lib\site-packages\pip\_vendor\distlib\locators.py,
get_scheme,E:\football_v\.venv\Lib\site-packages\pip\_vendor\distlib\locators.py,
parse_name_and_version,E:\football_v\.venv\Lib\site-packages\pip\_vendor\distlib\locators.py,
set,E:\football_v\.venv\Lib\site-packages\pip\_vendor\distlib\locators.py,
parse_name_and_version,E:\football_v\.venv\Lib\site-packages\pip\_vendor\distlib\locators.py,
set,E:\football_v\.venv\Lib\site-packages\pip\_vendor\distlib\locators.py,
set,E:\football_v\.venv\Lib\site-packages\pip\_vendor\distlib\locators.py,
frozenset,E:\football_v\.venv\Lib\site-packages\pip\_vendor\distlib\locators.py,
set,E:\football_v\.venv\Lib\site-packages\pip\_vendor\distlib\locators.py,
set,E:\football_v\.venv\Lib\site-packages\pip\_vendor\distlib\locators.py,
isinstance,E:\football_v\.venv\Lib\site-packages\pip\_vendor\distlib\locators.py,
set,E:\football_v\.venv\Lib\site-packages\pip\_vendor\distlib\locators.py,
set,E:\football_v\.venv\Lib\site-packages\pip\_vendor\distlib\locators.py,
set,E:\football_v\.venv\Lib\site-packages\pip\_vendor\distlib\locators.py,
set,E:\football_v\.venv\Lib\site-packages\pip\_vendor\distlib\locators.py,
set,E:\football_v\.venv\Lib\site-packages\pip\_vendor\distlib\locators.py,
set,E:\football_v\.venv\Lib\site-packages\pip\_vendor\distlib\locators.py,
DistlibException,E:\football_v\.venv\Lib\site-packages\pip\_vendor\distlib\locators.py,
getattr,E:\football_v\.venv\Lib\site-packages\pip\_vendor\distlib\locators.py,
set,E:\football_v\.venv\Lib\site-packages\pip\_vendor\distlib\locators.py,
normalize_name,E:\football_v\.venv\Lib\site-packages\pip\_vendor\distlib\locators.py,
normalize_name,E:\football_v\.venv\Lib\site-packages\pip\_vendor\distlib\locators.py,
urlparse,E:\football_v\.venv\Lib\site-packages\pip\_vendor\distlib\locators.py,
urlunparse,E:\football_v\.venv\Lib\site-packages\pip\_vendor\distlib\locators.py,
quote,E:\football_v\.venv\Lib\site-packages\pip\_vendor\distlib\locators.py,
set,E:\football_v\.venv\Lib\site-packages\pip\_vendor\distlib\manifest.py,
pop,E:\football_v\.venv\Lib\site-packages\pip\_vendor\distlib\manifest.py,
S_ISREG,E:\football_v\.venv\Lib\site-packages\pip\_vendor\distlib\manifest.py,
fsdecode,E:\football_v\.venv\Lib\site-packages\pip\_vendor\distlib\manifest.py,
S_ISDIR,E:\football_v\.venv\Lib\site-packages\pip\_vendor\distlib\manifest.py,
push,E:\football_v\.venv\Lib\site-packages\pip\_vendor\distlib\manifest.py,
S_ISLNK,E:\football_v\.venv\Lib\site-packages\pip\_vendor\distlib\manifest.py,
set,E:\football_v\.venv\Lib\site-packages\pip\_vendor\distlib\manifest.py,
set,E:\football_v\.venv\Lib\site-packages\pip\_vendor\distlib\manifest.py,
add_dir,E:\football_v\.venv\Lib\site-packages\pip\_vendor\distlib\manifest.py,
add_dir,E:\football_v\.venv\Lib\site-packages\pip\_vendor\distlib\manifest.py,
sorted,E:\football_v\.venv\Lib\site-packages\pip\_vendor\distlib\manifest.py,
set,E:\football_v\.venv\Lib\site-packages\pip\_vendor\distlib\manifest.py,
DistlibException,E:\football_v\.venv\Lib\site-packages\pip\_vendor\distlib\manifest.py,
len,E:\football_v\.venv\Lib\site-packages\pip\_vendor\distlib\manifest.py,
len,E:\football_v\.venv\Lib\site-packages\pip\_vendor\distlib\manifest.py,
DistlibException,E:\football_v\.venv\Lib\site-packages\pip\_vendor\distlib\manifest.py,
convert_path,E:\football_v\.venv\Lib\site-packages\pip\_vendor\distlib\manifest.py,
convert_path,E:\football_v\.venv\Lib\site-packages\pip\_vendor\distlib\manifest.py,
len,E:\football_v\.venv\Lib\site-packages\pip\_vendor\distlib\manifest.py,
DistlibException,E:\football_v\.venv\Lib\site-packages\pip\_vendor\distlib\manifest.py,
convert_path,E:\football_v\.venv\Lib\site-packages\pip\_vendor\distlib\manifest.py,
convert_path,E:\football_v\.venv\Lib\site-packages\pip\_vendor\distlib\manifest.py,
DistlibException,E:\football_v\.venv\Lib\site-packages\pip\_vendor\distlib\manifest.py,
len,E:\football_v\.venv\Lib\site-packages\pip\_vendor\distlib\manifest.py,
DistlibException,E:\football_v\.venv\Lib\site-packages\pip\_vendor\distlib\manifest.py,
list,E:\football_v\.venv\Lib\site-packages\pip\_vendor\distlib\manifest.py,
isinstance,E:\football_v\.venv\Lib\site-packages\pip\_vendor\distlib\manifest.py,
len,E:\football_v\.venv\Lib\site-packages\pip\_vendor\distlib\manifest.py,
len,E:\football_v\.venv\Lib\site-packages\pip\_vendor\distlib\manifest.py,
len,E:\football_v\.venv\Lib\site-packages\pip\_vendor\distlib\manifest.py,
len,E:\football_v\.venv\Lib\site-packages\pip\_vendor\distlib\manifest.py,
len,E:\football_v\.venv\Lib\site-packages\pip\_vendor\distlib\manifest.py,
len,E:\football_v\.venv\Lib\site-packages\pip\_vendor\distlib\manifest.py,
len,E:\football_v\.venv\Lib\site-packages\pip\_vendor\distlib\manifest.py,
len,E:\football_v\.venv\Lib\site-packages\pip\_vendor\distlib\manifest.py,
add_dir,E:\football_v\.venv\Lib\site-packages\pip\_vendor\distlib\manifest.py,
isinstance,E:\football_v\.venv\Lib\site-packages\pip\_vendor\distlib\markers.py,
isinstance,E:\football_v\.venv\Lib\site-packages\pip\_vendor\distlib\markers.py,
LV,E:\football_v\.venv\Lib\site-packages\pip\_vendor\distlib\markers.py,
hasattr,E:\football_v\.venv\Lib\site-packages\pip\_vendor\distlib\markers.py,
format_full_version,E:\football_v\.venv\Lib\site-packages\pip\_vendor\distlib\markers.py,
str,E:\football_v\.venv\Lib\site-packages\pip\_vendor\distlib\markers.py,
in_venv,E:\football_v\.venv\Lib\site-packages\pip\_vendor\distlib\markers.py,
str,E:\football_v\.venv\Lib\site-packages\pip\_vendor\distlib\markers.py,
dict,E:\football_v\.venv\Lib\site-packages\pip\_vendor\distlib\markers.py,
parse_marker,E:\football_v\.venv\Lib\site-packages\pip\_vendor\distlib\markers.py,
SyntaxError,E:\football_v\.venv\Lib\site-packages\pip\_vendor\distlib\markers.py,
SyntaxError,E:\football_v\.venv\Lib\site-packages\pip\_vendor\distlib\markers.py,
isinstance,E:\football_v\.venv\Lib\site-packages\pip\_vendor\distlib\markers.py,
isinstance,E:\football_v\.venv\Lib\site-packages\pip\_vendor\distlib\markers.py,
NotImplementedError,E:\football_v\.venv\Lib\site-packages\pip\_vendor\distlib\markers.py,
_is_literal,E:\football_v\.venv\Lib\site-packages\pip\_vendor\distlib\markers.py,
_is_literal,E:\football_v\.venv\Lib\site-packages\pip\_vendor\distlib\markers.py,
SyntaxError,E:\football_v\.venv\Lib\site-packages\pip\_vendor\distlib\markers.py,
LV,E:\football_v\.venv\Lib\site-packages\pip\_vendor\distlib\markers.py,
LV,E:\football_v\.venv\Lib\site-packages\pip\_vendor\distlib\markers.py,
SyntaxError,E:\football_v\.venv\Lib\site-packages\pip\_vendor\distlib\markers.py,
_is_version_marker,E:\football_v\.venv\Lib\site-packages\pip\_vendor\distlib\markers.py,
_is_version_marker,E:\football_v\.venv\Lib\site-packages\pip\_vendor\distlib\markers.py,
_is_version_marker,E:\football_v\.venv\Lib\site-packages\pip\_vendor\distlib\markers.py,
LV,E:\football_v\.venv\Lib\site-packages\pip\_vendor\distlib\markers.py,
_get_versions,E:\football_v\.venv\Lib\site-packages\pip\_vendor\distlib\markers.py,
str,E:\football_v\.venv\Lib\site-packages\pip\_vendor\distlib\markers.py,
MetadataUnrecognizedVersionError,E:\football_v\.venv\Lib\site-packages\pip\_vendor\distlib\metadata.py,
tuple,E:\football_v\.venv\Lib\site-packages\pip\_vendor\distlib\metadata.py,
ValueError,E:\football_v\.venv\Lib\site-packages\pip\_vendor\distlib\metadata.py,
any,E:\football_v\.venv\Lib\site-packages\pip\_vendor\distlib\metadata.py,
len,E:\football_v\.venv\Lib\site-packages\pip\_vendor\distlib\metadata.py,
_has_marker,E:\football_v\.venv\Lib\site-packages\pip\_vendor\distlib\metadata.py,
_has_marker,E:\football_v\.venv\Lib\site-packages\pip\_vendor\distlib\metadata.py,
_has_marker,E:\football_v\.venv\Lib\site-packages\pip\_vendor\distlib\metadata.py,
_has_marker,E:\football_v\.venv\Lib\site-packages\pip\_vendor\distlib\metadata.py,
MetadataConflictError,E:\football_v\.venv\Lib\site-packages\pip\_vendor\distlib\metadata.py,
len,E:\football_v\.venv\Lib\site-packages\pip\_vendor\distlib\metadata.py,
MetadataConflictError,E:\football_v\.venv\Lib\site-packages\pip\_vendor\distlib\metadata.py,
int,E:\football_v\.venv\Lib\site-packages\pip\_vendor\distlib\metadata.py,
int,E:\football_v\.venv\Lib\site-packages\pip\_vendor\distlib\metadata.py,
int,E:\football_v\.venv\Lib\site-packages\pip\_vendor\distlib\metadata.py,
int,E:\football_v\.venv\Lib\site-packages\pip\_vendor\distlib\metadata.py,
any,E:\football_v\.venv\Lib\site-packages\pip\_vendor\distlib\metadata.py,
TypeError,E:\football_v\.venv\Lib\site-packages\pip\_vendor\distlib\metadata.py,
_best_version,E:\football_v\.venv\Lib\site-packages\pip\_vendor\distlib\metadata.py,
KeyError,E:\football_v\.venv\Lib\site-packages\pip\_vendor\distlib\metadata.py,
AttributeError,E:\football_v\.venv\Lib\site-packages\pip\_vendor\distlib\metadata.py,
_get_name_and_version,E:\football_v\.venv\Lib\site-packages\pip\_vendor\distlib\metadata.py,
message_from_file,E:\football_v\.venv\Lib\site-packages\pip\_vendor\distlib\metadata.py,
tuple,E:\football_v\.venv\Lib\site-packages\pip\_vendor\distlib\metadata.py,
_version2fieldlist,E:\football_v\.venv\Lib\site-packages\pip\_vendor\distlib\metadata.py,
hasattr,E:\football_v\.venv\Lib\site-packages\pip\_vendor\distlib\metadata.py,
_set,E:\football_v\.venv\Lib\site-packages\pip\_vendor\distlib\metadata.py,
_set,E:\football_v\.venv\Lib\site-packages\pip\_vendor\distlib\metadata.py,
_set,E:\football_v\.venv\Lib\site-packages\pip\_vendor\distlib\metadata.py,
isinstance,E:\football_v\.venv\Lib\site-packages\pip\_vendor\distlib\metadata.py,
get_scheme,E:\football_v\.venv\Lib\site-packages\pip\_vendor\distlib\metadata.py,
isinstance,E:\football_v\.venv\Lib\site-packages\pip\_vendor\distlib\metadata.py,
isinstance,E:\football_v\.venv\Lib\site-packages\pip\_vendor\distlib\metadata.py,
isinstance,E:\football_v\.venv\Lib\site-packages\pip\_vendor\distlib\metadata.py,
isinstance,E:\football_v\.venv\Lib\site-packages\pip\_vendor\distlib\metadata.py,
get_scheme,E:\football_v\.venv\Lib\site-packages\pip\_vendor\distlib\metadata.py,
MetadataMissingError,E:\football_v\.venv\Lib\site-packages\pip\_vendor\distlib\metadata.py,
controller,E:\football_v\.venv\Lib\site-packages\pip\_vendor\distlib\metadata.py,
_version2fieldlist,E:\football_v\.venv\Lib\site-packages\pip\_vendor\distlib\metadata.py,
list,E:\football_v\.venv\Lib\site-packages\pip\_vendor\distlib\metadata.py,
_version2fieldlist,E:\football_v\.venv\Lib\site-packages\pip\_vendor\distlib\metadata.py,
TypeError,E:\football_v\.venv\Lib\site-packages\pip\_vendor\distlib\metadata.py,
LegacyMetadata,E:\football_v\.venv\Lib\site-packages\pip\_vendor\distlib\metadata.py,
open,E:\football_v\.venv\Lib\site-packages\pip\_vendor\distlib\metadata.py,
isinstance,E:\football_v\.venv\Lib\site-packages\pip\_vendor\distlib\metadata.py,
LegacyMetadata,E:\football_v\.venv\Lib\site-packages\pip\_vendor\distlib\metadata.py,
StringIO,E:\football_v\.venv\Lib\site-packages\pip\_vendor\distlib\metadata.py,
maker,E:\football_v\.venv\Lib\site-packages\pip\_vendor\distlib\metadata.py,
object,E:\football_v\.venv\Lib\site-packages\pip\_vendor\distlib\metadata.py,
maker,E:\football_v\.venv\Lib\site-packages\pip\_vendor\distlib\metadata.py,
MetadataInvalidError,E:\football_v\.venv\Lib\site-packages\pip\_vendor\distlib\metadata.py,
isinstance,E:\football_v\.venv\Lib\site-packages\pip\_vendor\distlib\metadata.py,
_get_name_and_version,E:\football_v\.venv\Lib\site-packages\pip\_vendor\distlib\metadata.py,
get_extras,E:\football_v\.venv\Lib\site-packages\pip\_vendor\distlib\metadata.py,
interpret,E:\football_v\.venv\Lib\site-packages\pip\_vendor\distlib\metadata.py,
extract_by_key,E:\football_v\.venv\Lib\site-packages\pip\_vendor\distlib\metadata.py,
MetadataUnrecognizedVersionError,E:\football_v\.venv\Lib\site-packages\pip\_vendor\distlib\metadata.py,
MetadataMissingError,E:\football_v\.venv\Lib\site-packages\pip\_vendor\distlib\metadata.py,
extract_by_key,E:\football_v\.venv\Lib\site-packages\pip\_vendor\distlib\metadata.py,
LegacyMetadata,E:\football_v\.venv\Lib\site-packages\pip\_vendor\distlib\metadata.py,
process_entries,E:\football_v\.venv\Lib\site-packages\pip\_vendor\distlib\metadata.py,
process_entries,E:\football_v\.venv\Lib\site-packages\pip\_vendor\distlib\metadata.py,
sorted,E:\football_v\.venv\Lib\site-packages\pip\_vendor\distlib\metadata.py,
sorted,E:\football_v\.venv\Lib\site-packages\pip\_vendor\distlib\metadata.py,
set,E:\football_v\.venv\Lib\site-packages\pip\_vendor\distlib\metadata.py,
sorted,E:\football_v\.venv\Lib\site-packages\pip\_vendor\distlib\metadata.py,
isinstance,E:\football_v\.venv\Lib\site-packages\pip\_vendor\distlib\metadata.py,
ValueError,E:\football_v\.venv\Lib\site-packages\pip\_vendor\distlib\metadata.py,
sorted,E:\football_v\.venv\Lib\site-packages\pip\_vendor\distlib\metadata.py,
set,E:\football_v\.venv\Lib\site-packages\pip\_vendor\distlib\metadata.py,
set,E:\football_v\.venv\Lib\site-packages\pip\_vendor\distlib\metadata.py,
set,E:\football_v\.venv\Lib\site-packages\pip\_vendor\distlib\metadata.py,
type,E:\football_v\.venv\Lib\site-packages\pip\_vendor\distlib\resources.py,
getattr,E:\football_v\.venv\Lib\site-packages\pip\_vendor\distlib\resources.py,
getattr,E:\football_v\.venv\Lib\site-packages\pip\_vendor\distlib\resources.py,
finder_maker,E:\football_v\.venv\Lib\site-packages\pip\_vendor\distlib\resources.py,
__import__,E:\football_v\.venv\Lib\site-packages\pip\_vendor\distlib\resources.py,
DistlibException,E:\football_v\.venv\Lib\site-packages\pip\_vendor\distlib\resources.py,
type,E:\football_v\.venv\Lib\site-packages\pip\_vendor\distlib\resources.py,
DistlibException,E:\football_v\.venv\Lib\site-packages\pip\_vendor\distlib\resources.py,
type,E:\football_v\.venv\Lib\site-packages\pip\_vendor\distlib\resources.py,
finder,E:\football_v\.venv\Lib\site-packages\pip\_vendor\distlib\resources.py,
get_cache_base,E:\football_v\.venv\Lib\site-packages\pip\_vendor\distlib\resources.py,
str,E:\football_v\.venv\Lib\site-packages\pip\_vendor\distlib\resources.py,
super,E:\football_v\.venv\Lib\site-packages\pip\_vendor\distlib\resources.py,
open,E:\football_v\.venv\Lib\site-packages\pip\_vendor\distlib\resources.py,
ResourceCache,E:\football_v\.venv\Lib\site-packages\pip\_vendor\distlib\resources.py,
getattr,E:\football_v\.venv\Lib\site-packages\pip\_vendor\distlib\resources.py,
getattr,E:\football_v\.venv\Lib\site-packages\pip\_vendor\distlib\resources.py,
isinstance,E:\football_v\.venv\Lib\site-packages\pip\_vendor\distlib\resources.py,
ResourceContainer,E:\football_v\.venv\Lib\site-packages\pip\_vendor\distlib\resources.py,
Resource,E:\football_v\.venv\Lib\site-packages\pip\_vendor\distlib\resources.py,
open,E:\football_v\.venv\Lib\site-packages\pip\_vendor\distlib\resources.py,
open,E:\football_v\.venv\Lib\site-packages\pip\_vendor\distlib\resources.py,
set,E:\football_v\.venv\Lib\site-packages\pip\_vendor\distlib\resources.py,
allowed,E:\football_v\.venv\Lib\site-packages\pip\_vendor\distlib\resources.py,
hasattr,E:\football_v\.venv\Lib\site-packages\pip\_vendor\distlib\resources.py,
sorted,E:\football_v\.venv\Lib\site-packages\pip\_vendor\distlib\resources.py,
len,E:\football_v\.venv\Lib\site-packages\pip\_vendor\distlib\resources.py,
super,E:\football_v\.venv\Lib\site-packages\pip\_vendor\distlib\resources.py,
len,E:\football_v\.venv\Lib\site-packages\pip\_vendor\distlib\resources.py,
len,E:\football_v\.venv\Lib\site-packages\pip\_vendor\distlib\resources.py,
set,E:\football_v\.venv\Lib\site-packages\pip\_vendor\distlib\resources.py,
len,E:\football_v\.venv\Lib\site-packages\pip\_vendor\distlib\resources.py,
set,E:\football_v\.venv\Lib\site-packages\pip\_vendor\distlib\scripts.py,
FileOperator,E:\football_v\.venv\Lib\site-packages\pip\_vendor\distlib\scripts.py,
getattr,E:\football_v\.venv\Lib\site-packages\pip\_vendor\distlib\scripts.py,
len,E:\football_v\.venv\Lib\site-packages\pip\_vendor\distlib\scripts.py,
len,E:\football_v\.venv\Lib\site-packages\pip\_vendor\distlib\scripts.py,
enquote_executable,E:\football_v\.venv\Lib\site-packages\pip\_vendor\distlib\scripts.py,
get_executable,E:\football_v\.venv\Lib\site-packages\pip\_vendor\distlib\scripts.py,
in_venv,E:\football_v\.venv\Lib\site-packages\pip\_vendor\distlib\scripts.py,
ValueError,E:\football_v\.venv\Lib\site-packages\pip\_vendor\distlib\scripts.py,
ValueError,E:\football_v\.venv\Lib\site-packages\pip\_vendor\distlib\scripts.py,
dict,E:\football_v\.venv\Lib\site-packages\pip\_vendor\distlib\scripts.py,
BytesIO,E:\football_v\.venv\Lib\site-packages\pip\_vendor\distlib\scripts.py,
ZipFile,E:\football_v\.venv\Lib\site-packages\pip\_vendor\distlib\scripts.py,
ZipInfo,E:\football_v\.venv\Lib\site-packages\pip\_vendor\distlib\scripts.py,
int,E:\football_v\.venv\Lib\site-packages\pip\_vendor\distlib\scripts.py,
set,E:\football_v\.venv\Lib\site-packages\pip\_vendor\distlib\scripts.py,
convert_path,E:\football_v\.venv\Lib\site-packages\pip\_vendor\distlib\scripts.py,
open,E:\football_v\.venv\Lib\site-packages\pip\_vendor\distlib\scripts.py,
detect_encoding,E:\football_v\.venv\Lib\site-packages\pip\_vendor\distlib\scripts.py,
get_export_entry,E:\football_v\.venv\Lib\site-packages\pip\_vendor\distlib\scripts.py,
open,E:\football_v\.venv\Lib\site-packages\pip\_vendor\distlib\scripts.py,
ValueError,E:\football_v\.venv\Lib\site-packages\pip\_vendor\distlib\scripts.py,
get_platform,E:\football_v\.venv\Lib\site-packages\pip\_vendor\distlib\scripts.py,
marker,E:\football_v\.venv\Lib\site-packages\pip\_vendor\distlib\util.py,
marker_expr,E:\football_v\.venv\Lib\site-packages\pip\_vendor\distlib\util.py,
marker_and,E:\football_v\.venv\Lib\site-packages\pip\_vendor\distlib\util.py,
marker,E:\football_v\.venv\Lib\site-packages\pip\_vendor\distlib\util.py,
marker_var,E:\football_v\.venv\Lib\site-packages\pip\_vendor\distlib\util.py,
marker_expr,E:\football_v\.venv\Lib\site-packages\pip\_vendor\distlib\util.py,
marker_and,E:\football_v\.venv\Lib\site-packages\pip\_vendor\distlib\util.py,
SyntaxError,E:\football_v\.venv\Lib\site-packages\pip\_vendor\distlib\util.py,
SyntaxError,E:\football_v\.venv\Lib\site-packages\pip\_vendor\distlib\util.py,
marker_var,E:\football_v\.venv\Lib\site-packages\pip\_vendor\distlib\util.py,
SyntaxError,E:\football_v\.venv\Lib\site-packages\pip\_vendor\distlib\util.py,
SyntaxError,E:\football_v\.venv\Lib\site-packages\pip\_vendor\distlib\util.py,
SyntaxError,E:\football_v\.venv\Lib\site-packages\pip\_vendor\distlib\util.py,
Container,E:\football_v\.venv\Lib\site-packages\pip\_vendor\distlib\util.py,
SyntaxError,E:\football_v\.venv\Lib\site-packages\pip\_vendor\distlib\util.py,
parse_marker,E:\football_v\.venv\Lib\site-packages\pip\_vendor\distlib\util.py,
SyntaxError,E:\football_v\.venv\Lib\site-packages\pip\_vendor\distlib\util.py,
SyntaxError,E:\football_v\.venv\Lib\site-packages\pip\_vendor\distlib\util.py,
urlparse,E:\football_v\.venv\Lib\site-packages\pip\_vendor\distlib\util.py,
SyntaxError,E:\football_v\.venv\Lib\site-packages\pip\_vendor\distlib\util.py,
SyntaxError,E:\football_v\.venv\Lib\site-packages\pip\_vendor\distlib\util.py,
SyntaxError,E:\football_v\.venv\Lib\site-packages\pip\_vendor\distlib\util.py,
SyntaxError,E:\football_v\.venv\Lib\site-packages\pip\_vendor\distlib\util.py,
SyntaxError,E:\football_v\.venv\Lib\site-packages\pip\_vendor\distlib\util.py,
get_versions,E:\football_v\.venv\Lib\site-packages\pip\_vendor\distlib\util.py,
SyntaxError,E:\football_v\.venv\Lib\site-packages\pip\_vendor\distlib\util.py,
get_versions,E:\football_v\.venv\Lib\site-packages\pip\_vendor\distlib\util.py,
SyntaxError,E:\football_v\.venv\Lib\site-packages\pip\_vendor\distlib\util.py,
SyntaxError,E:\football_v\.venv\Lib\site-packages\pip\_vendor\distlib\util.py,
SyntaxError,E:\football_v\.venv\Lib\site-packages\pip\_vendor\distlib\util.py,
SyntaxError,E:\football_v\.venv\Lib\site-packages\pip\_vendor\distlib\util.py,
iglob,E:\football_v\.venv\Lib\site-packages\pip\_vendor\distlib\util.py,
iglob,E:\football_v\.venv\Lib\site-packages\pip\_vendor\distlib\util.py,
get_rel_path,E:\football_v\.venv\Lib\site-packages\pip\_vendor\distlib\util.py,
get_rel_path,E:\football_v\.venv\Lib\site-packages\pip\_vendor\distlib\util.py,
len,E:\football_v\.venv\Lib\site-packages\pip\_vendor\distlib\util.py,
hasattr,E:\football_v\.venv\Lib\site-packages\pip\_vendor\distlib\util.py,
getattr,E:\football_v\.venv\Lib\site-packages\pip\_vendor\distlib\util.py,
isinstance,E:\football_v\.venv\Lib\site-packages\pip\_vendor\distlib\util.py,
fsdecode,E:\football_v\.venv\Lib\site-packages\pip\_vendor\distlib\util.py,
raw_input,E:\football_v\.venv\Lib\site-packages\pip\_vendor\distlib\util.py,
isinstance,E:\football_v\.venv\Lib\site-packages\pip\_vendor\distlib\util.py,
StringIO,E:\football_v\.venv\Lib\site-packages\pip\_vendor\distlib\util.py,
hasattr,E:\football_v\.venv\Lib\site-packages\pip\_vendor\distlib\util.py,
read_stream,E:\football_v\.venv\Lib\site-packages\pip\_vendor\distlib\util.py,
StringIO,E:\football_v\.venv\Lib\site-packages\pip\_vendor\distlib\util.py,
read_stream,E:\football_v\.venv\Lib\site-packages\pip\_vendor\distlib\util.py,
get_export_entry,E:\football_v\.venv\Lib\site-packages\pip\_vendor\distlib\util.py,
get_export_entry,E:\football_v\.venv\Lib\site-packages\pip\_vendor\distlib\util.py,
ValueError,E:\football_v\.venv\Lib\site-packages\pip\_vendor\distlib\util.py,
ValueError,E:\football_v\.venv\Lib\site-packages\pip\_vendor\distlib\util.py,
__import__,E:\football_v\.venv\Lib\site-packages\pip\_vendor\distlib\util.py,
getattr,E:\football_v\.venv\Lib\site-packages\pip\_vendor\distlib\util.py,
getattr,E:\football_v\.venv\Lib\site-packages\pip\_vendor\distlib\util.py,
ExportEntry,E:\football_v\.venv\Lib\site-packages\pip\_vendor\distlib\util.py,
DistlibException,E:\football_v\.venv\Lib\site-packages\pip\_vendor\distlib\util.py,
DistlibException,E:\football_v\.venv\Lib\site-packages\pip\_vendor\distlib\util.py,
DistlibException,E:\football_v\.venv\Lib\site-packages\pip\_vendor\distlib\util.py,
unquote,E:\football_v\.venv\Lib\site-packages\pip\_vendor\distlib\util.py,
unquote,E:\football_v\.venv\Lib\site-packages\pip\_vendor\distlib\util.py,
enumerate,E:\football_v\.venv\Lib\site-packages\pip\_vendor\distlib\util.py,
isinstance,E:\football_v\.venv\Lib\site-packages\pip\_vendor\distlib\util.py,
unquote,E:\football_v\.venv\Lib\site-packages\pip\_vendor\distlib\util.py,
len,E:\football_v\.venv\Lib\site-packages\pip\_vendor\distlib\util.py,
len,E:\football_v\.venv\Lib\site-packages\pip\_vendor\distlib\util.py,
DistlibException,E:\football_v\.venv\Lib\site-packages\pip\_vendor\distlib\util.py,
set,E:\football_v\.venv\Lib\site-packages\pip\_vendor\distlib\util.py,
set,E:\football_v\.venv\Lib\site-packages\pip\_vendor\distlib\util.py,
set,E:\football_v\.venv\Lib\site-packages\pip\_vendor\distlib\util.py,
urlopen,E:\football_v\.venv\Lib\site-packages\pip\_vendor\distlib\util.py,
urljoin,E:\football_v\.venv\Lib\site-packages\pip\_vendor\distlib\util.py,
_get_external_data,E:\football_v\.venv\Lib\site-packages\pip\_vendor\distlib\util.py,
urljoin,E:\football_v\.venv\Lib\site-packages\pip\_vendor\distlib\util.py,
_get_external_data,E:\football_v\.venv\Lib\site-packages\pip\_vendor\distlib\util.py,
len,E:\football_v\.venv\Lib\site-packages\pip\_vendor\distlib\util.py,
isinstance,E:\football_v\.venv\Lib\site-packages\pip\_vendor\distlib\util.py,
ValueError,E:\football_v\.venv\Lib\site-packages\pip\_vendor\distlib\util.py,
ZipFile,E:\football_v\.venv\Lib\site-packages\pip\_vendor\distlib\util.py,
check_path,E:\football_v\.venv\Lib\site-packages\pip\_vendor\distlib\util.py,
check_path,E:\football_v\.venv\Lib\site-packages\pip\_vendor\distlib\util.py,
isinstance,E:\football_v\.venv\Lib\site-packages\pip\_vendor\distlib\util.py,
ValueError,E:\football_v\.venv\Lib\site-packages\pip\_vendor\distlib\util.py,
ValueError,E:\football_v\.venv\Lib\site-packages\pip\_vendor\distlib\util.py,
str,E:\football_v\.venv\Lib\site-packages\pip\_vendor\distlib\util.py,
len,E:\football_v\.venv\Lib\site-packages\pip\_vendor\distlib\util.py,
ZipFile,E:\football_v\.venv\Lib\site-packages\pip\_vendor\distlib\util.py,
_iglob,E:\football_v\.venv\Lib\site-packages\pip\_vendor\distlib\util.py,
ValueError,E:\football_v\.venv\Lib\site-packages\pip\_vendor\distlib\util.py,
ValueError,E:\football_v\.venv\Lib\site-packages\pip\_vendor\distlib\util.py,
len,E:\football_v\.venv\Lib\site-packages\pip\_vendor\distlib\util.py,
len,E:\football_v\.venv\Lib\site-packages\pip\_vendor\distlib\util.py,
_iglob,E:\football_v\.venv\Lib\site-packages\pip\_vendor\distlib\util.py,
std_iglob,E:\football_v\.venv\Lib\site-packages\pip\_vendor\distlib\util.py,
_iglob,E:\football_v\.venv\Lib\site-packages\pip\_vendor\distlib\util.py,
open,E:\football_v\.venv\Lib\site-packages\pip\_vendor\distlib\util.py,
PyPIRCFile,E:\football_v\.venv\Lib\site-packages\pip\_vendor\distlib\util.py,
PyPIRCFile,E:\football_v\.venv\Lib\site-packages\pip\_vendor\distlib\util.py,
hasattr,E:\football_v\.venv\Lib\site-packages\pip\_vendor\distlib\util.py,
aix_platform,E:\football_v\.venv\Lib\site-packages\pip\_vendor\distlib\util.py,
int,E:\football_v\.venv\Lib\site-packages\pip\_vendor\distlib\util.py,
get_host_platform,E:\football_v\.venv\Lib\site-packages\pip\_vendor\distlib\util.py,
get_host_platform,E:\football_v\.venv\Lib\site-packages\pip\_vendor\distlib\util.py,
SyntaxError,E:\football_v\.venv\Lib\site-packages\pip\_vendor\distlib\util.py,
SyntaxError,E:\football_v\.venv\Lib\site-packages\pip\_vendor\distlib\util.py,
SyntaxError,E:\football_v\.venv\Lib\site-packages\pip\_vendor\distlib\util.py,
SyntaxError,E:\football_v\.venv\Lib\site-packages\pip\_vendor\distlib\util.py,
marker,E:\football_v\.venv\Lib\site-packages\pip\_vendor\distlib\util.py,
marker_var,E:\football_v\.venv\Lib\site-packages\pip\_vendor\distlib\util.py,
SyntaxError,E:\football_v\.venv\Lib\site-packages\pip\_vendor\distlib\util.py,
marker_var,E:\football_v\.venv\Lib\site-packages\pip\_vendor\distlib\util.py,
marker_expr,E:\football_v\.venv\Lib\site-packages\pip\_vendor\distlib\util.py,
marker_expr,E:\football_v\.venv\Lib\site-packages\pip\_vendor\distlib\util.py,
marker_and,E:\football_v\.venv\Lib\site-packages\pip\_vendor\distlib\util.py,
marker_and,E:\football_v\.venv\Lib\site-packages\pip\_vendor\distlib\util.py,
len,E:\football_v\.venv\Lib\site-packages\pip\_vendor\distlib\util.py,
hasattr,E:\football_v\.venv\Lib\site-packages\pip\_vendor\distlib\util.py,
set,E:\football_v\.venv\Lib\site-packages\pip\_vendor\distlib\util.py,
set,E:\football_v\.venv\Lib\site-packages\pip\_vendor\distlib\util.py,
set,E:\football_v\.venv\Lib\site-packages\pip\_vendor\distlib\util.py,
DistlibException,E:\football_v\.venv\Lib\site-packages\pip\_vendor\distlib\util.py,
ValueError,E:\football_v\.venv\Lib\site-packages\pip\_vendor\distlib\util.py,
open,E:\football_v\.venv\Lib\site-packages\pip\_vendor\distlib\util.py,
open,E:\football_v\.venv\Lib\site-packages\pip\_vendor\distlib\util.py,
cache_from_source,E:\football_v\.venv\Lib\site-packages\pip\_vendor\distlib\util.py,
hasattr,E:\football_v\.venv\Lib\site-packages\pip\_vendor\distlib\util.py,
isinstance,E:\football_v\.venv\Lib\site-packages\pip\_vendor\distlib\util.py,
len,E:\football_v\.venv\Lib\site-packages\pip\_vendor\distlib\util.py,
list,E:\football_v\.venv\Lib\site-packages\pip\_vendor\distlib\util.py,
sorted,E:\football_v\.venv\Lib\site-packages\pip\_vendor\distlib\util.py,
resolve,E:\football_v\.venv\Lib\site-packages\pip\_vendor\distlib\util.py,
isinstance,E:\football_v\.venv\Lib\site-packages\pip\_vendor\distlib\util.py,
path_to_cache_dir,E:\football_v\.venv\Lib\site-packages\pip\_vendor\distlib\util.py,
deque,E:\football_v\.venv\Lib\site-packages\pip\_vendor\distlib\util.py,
ValueError,E:\football_v\.venv\Lib\site-packages\pip\_vendor\distlib\util.py,
iter,E:\football_v\.venv\Lib\site-packages\pip\_vendor\distlib\util.py,
subscriber,E:\football_v\.venv\Lib\site-packages\pip\_vendor\distlib\util.py,
set,E:\football_v\.venv\Lib\site-packages\pip\_vendor\distlib\util.py,
set,E:\football_v\.venv\Lib\site-packages\pip\_vendor\distlib\util.py,
set,E:\football_v\.venv\Lib\site-packages\pip\_vendor\distlib\util.py,
list,E:\football_v\.venv\Lib\site-packages\pip\_vendor\distlib\util.py,
list,E:\football_v\.venv\Lib\site-packages\pip\_vendor\distlib\util.py,
set,E:\football_v\.venv\Lib\site-packages\pip\_vendor\distlib\util.py,
set,E:\football_v\.venv\Lib\site-packages\pip\_vendor\distlib\util.py,
ValueError,E:\football_v\.venv\Lib\site-packages\pip\_vendor\distlib\util.py,
ValueError,E:\football_v\.venv\Lib\site-packages\pip\_vendor\distlib\util.py,
set,E:\football_v\.venv\Lib\site-packages\pip\_vendor\distlib\util.py,
reversed,E:\football_v\.venv\Lib\site-packages\pip\_vendor\distlib\util.py,
ValueError,E:\football_v\.venv\Lib\site-packages\pip\_vendor\distlib\util.py,
tuple,E:\football_v\.venv\Lib\site-packages\pip\_vendor\distlib\util.py,
strongconnect,E:\football_v\.venv\Lib\site-packages\pip\_vendor\distlib\util.py,
strongconnect,E:\football_v\.venv\Lib\site-packages\pip\_vendor\distlib\util.py,
min,E:\football_v\.venv\Lib\site-packages\pip\_vendor\distlib\util.py,
min,E:\football_v\.venv\Lib\site-packages\pip\_vendor\distlib\util.py,
isinstance,E:\football_v\.venv\Lib\site-packages\pip\_vendor\distlib\util.py,
ValueError,E:\football_v\.venv\Lib\site-packages\pip\_vendor\distlib\util.py,
float,E:\football_v\.venv\Lib\site-packages\pip\_vendor\distlib\util.py,
tcls,E:\football_v\.venv\Lib\site-packages\pip\_vendor\distlib\util.py,
urlparse,E:\football_v\.venv\Lib\site-packages\pip\_vendor\distlib\util.py,
_csv_open,E:\football_v\.venv\Lib\site-packages\pip\_vendor\distlib\util.py,
next,E:\football_v\.venv\Lib\site-packages\pip\_vendor\distlib\util.py,
enumerate,E:\football_v\.venv\Lib\site-packages\pip\_vendor\distlib\util.py,
isinstance,E:\football_v\.venv\Lib\site-packages\pip\_vendor\distlib\util.py,
_csv_open,E:\football_v\.venv\Lib\site-packages\pip\_vendor\distlib\util.py,
isinstance,E:\football_v\.venv\Lib\site-packages\pip\_vendor\distlib\util.py,
super,E:\football_v\.venv\Lib\site-packages\pip\_vendor\distlib\util.py,
dict,E:\football_v\.venv\Lib\site-packages\pip\_vendor\distlib\util.py,
c,E:\football_v\.venv\Lib\site-packages\pip\_vendor\distlib\util.py,
isinstance,E:\football_v\.venv\Lib\site-packages\pip\_vendor\distlib\util.py,
callable,E:\football_v\.venv\Lib\site-packages\pip\_vendor\distlib\util.py,
tuple,E:\football_v\.venv\Lib\site-packages\pip\_vendor\distlib\util.py,
isinstance,E:\football_v\.venv\Lib\site-packages\pip\_vendor\distlib\util.py,
convert,E:\football_v\.venv\Lib\site-packages\pip\_vendor\distlib\util.py,
valid_ident,E:\football_v\.venv\Lib\site-packages\pip\_vendor\distlib\util.py,
setattr,E:\football_v\.venv\Lib\site-packages\pip\_vendor\distlib\util.py,
type,E:\football_v\.venv\Lib\site-packages\pip\_vendor\distlib\util.py,
convert,E:\football_v\.venv\Lib\site-packages\pip\_vendor\distlib\util.py,
convert,E:\football_v\.venv\Lib\site-packages\pip\_vendor\distlib\util.py,
convert,E:\football_v\.venv\Lib\site-packages\pip\_vendor\distlib\util.py,
convert,E:\football_v\.venv\Lib\site-packages\pip\_vendor\distlib\util.py,
isinstance,E:\football_v\.venv\Lib\site-packages\pip\_vendor\distlib\util.py,
progress,E:\football_v\.venv\Lib\site-packages\pip\_vendor\distlib\util.py,
open,E:\football_v\.venv\Lib\site-packages\pip\_vendor\distlib\util.py,
tuple,E:\football_v\.venv\Lib\site-packages\pip\_vendor\distlib\util.py,
strongconnect,E:\football_v\.venv\Lib\site-packages\pip\_vendor\distlib\util.py,
min,E:\football_v\.venv\Lib\site-packages\pip\_vendor\distlib\util.py,
min,E:\football_v\.venv\Lib\site-packages\pip\_vendor\distlib\util.py,
ValueError,E:\football_v\.venv\Lib\site-packages\pip\_vendor\distlib\util.py,
str,E:\football_v\.venv\Lib\site-packages\pip\_vendor\distlib\util.py,
getattr,E:\football_v\.venv\Lib\site-packages\pip\_vendor\distlib\util.py,
hasattr,E:\football_v\.venv\Lib\site-packages\pip\_vendor\distlib\util.py,
getattr,E:\football_v\.venv\Lib\site-packages\pip\_vendor\distlib\util.py,
getattr,E:\football_v\.venv\Lib\site-packages\pip\_vendor\distlib\util.py,
match_hostname,E:\football_v\.venv\Lib\site-packages\pip\_vendor\distlib\util.py,
HTTPSConnection,E:\football_v\.venv\Lib\site-packages\pip\_vendor\distlib\util.py,
str,E:\football_v\.venv\Lib\site-packages\pip\_vendor\distlib\util.py,
CertificateError,E:\football_v\.venv\Lib\site-packages\pip\_vendor\distlib\util.py,
URLError,E:\football_v\.venv\Lib\site-packages\pip\_vendor\distlib\util.py,
isinstance,E:\football_v\.venv\Lib\site-packages\pip\_vendor\distlib\util.py,
isinstance,E:\football_v\.venv\Lib\site-packages\pip\_vendor\distlib\util.py,
type,E:\football_v\.venv\Lib\site-packages\pip\_vendor\distlib\util.py,
convert,E:\football_v\.venv\Lib\site-packages\pip\_vendor\distlib\util.py,
convert,E:\football_v\.venv\Lib\site-packages\pip\_vendor\distlib\util.py,
SyntaxError,E:\football_v\.venv\Lib\site-packages\pip\_vendor\distlib\util.py,
SyntaxError,E:\football_v\.venv\Lib\site-packages\pip\_vendor\distlib\util.py,
tuple,E:\football_v\.venv\Lib\site-packages\pip\_vendor\distlib\version.py,
UnsupportedVersionError,E:\football_v\.venv\Lib\site-packages\pip\_vendor\distlib\version.py,
int,E:\football_v\.venv\Lib\site-packages\pip\_vendor\distlib\version.py,
tuple,E:\football_v\.venv\Lib\site-packages\pip\_vendor\distlib\version.py,
int,E:\football_v\.venv\Lib\site-packages\pip\_vendor\distlib\version.py,
len,E:\football_v\.venv\Lib\site-packages\pip\_vendor\distlib\version.py,
int,E:\football_v\.venv\Lib\site-packages\pip\_vendor\distlib\version.py,
int,E:\football_v\.venv\Lib\site-packages\pip\_vendor\distlib\version.py,
int,E:\football_v\.venv\Lib\site-packages\pip\_vendor\distlib\version.py,
int,E:\football_v\.venv\Lib\site-packages\pip\_vendor\distlib\version.py,
str,E:\football_v\.venv\Lib\site-packages\pip\_vendor\distlib\version.py,
str,E:\football_v\.venv\Lib\site-packages\pip\_vendor\distlib\version.py,
len,E:\football_v\.venv\Lib\site-packages\pip\_vendor\distlib\version.py,
is_semver,E:\football_v\.venv\Lib\site-packages\pip\_vendor\distlib\version.py,
int,E:\football_v\.venv\Lib\site-packages\pip\_vendor\distlib\version.py,
len,E:\football_v\.venv\Lib\site-packages\pip\_vendor\distlib\version.py,
len,E:\football_v\.venv\Lib\site-packages\pip\_vendor\distlib\version.py,
str,E:\football_v\.venv\Lib\site-packages\pip\_vendor\distlib\version.py,
str,E:\football_v\.venv\Lib\site-packages\pip\_vendor\distlib\version.py,
_normalized_key,E:\football_v\.venv\Lib\site-packages\pip\_vendor\distlib\version.py,
_normalized_key,E:\football_v\.venv\Lib\site-packages\pip\_vendor\distlib\version.py,
get_parts,E:\football_v\.venv\Lib\site-packages\pip\_vendor\distlib\version.py,
tuple,E:\football_v\.venv\Lib\site-packages\pip\_vendor\distlib\version.py,
is_semver,E:\football_v\.venv\Lib\site-packages\pip\_vendor\distlib\version.py,
UnsupportedVersionError,E:\football_v\.venv\Lib\site-packages\pip\_vendor\distlib\version.py,
int,E:\football_v\.venv\Lib\site-packages\pip\_vendor\distlib\version.py,
make_tuple,E:\football_v\.venv\Lib\site-packages\pip\_vendor\distlib\version.py,
make_tuple,E:\football_v\.venv\Lib\site-packages\pip\_vendor\distlib\version.py,
tuple,E:\football_v\.venv\Lib\site-packages\pip\_vendor\distlib\version.py,
ValueError,E:\football_v\.venv\Lib\site-packages\pip\_vendor\distlib\version.py,
isinstance,E:\football_v\.venv\Lib\site-packages\pip\_vendor\distlib\version.py,
len,E:\football_v\.venv\Lib\site-packages\pip\_vendor\distlib\version.py,
NotImplementedError,E:\football_v\.venv\Lib\site-packages\pip\_vendor\distlib\version.py,
type,E:\football_v\.venv\Lib\site-packages\pip\_vendor\distlib\version.py,
type,E:\football_v\.venv\Lib\site-packages\pip\_vendor\distlib\version.py,
TypeError,E:\football_v\.venv\Lib\site-packages\pip\_vendor\distlib\version.py,
hash,E:\football_v\.venv\Lib\site-packages\pip\_vendor\distlib\version.py,
NotImplementedError,E:\football_v\.venv\Lib\site-packages\pip\_vendor\distlib\version.py,
parse_requirement,E:\football_v\.venv\Lib\site-packages\pip\_vendor\distlib\version.py,
tuple,E:\football_v\.venv\Lib\site-packages\pip\_vendor\distlib\version.py,
ValueError,E:\football_v\.venv\Lib\site-packages\pip\_vendor\distlib\version.py,
ValueError,E:\football_v\.venv\Lib\site-packages\pip\_vendor\distlib\version.py,
ValueError,E:\football_v\.venv\Lib\site-packages\pip\_vendor\distlib\version.py,
isinstance,E:\football_v\.venv\Lib\site-packages\pip\_vendor\distlib\version.py,
isinstance,E:\football_v\.venv\Lib\site-packages\pip\_vendor\distlib\version.py,
getattr,E:\football_v\.venv\Lib\site-packages\pip\_vendor\distlib\version.py,
NotImplementedError,E:\football_v\.venv\Lib\site-packages\pip\_vendor\distlib\version.py,
f,E:\football_v\.venv\Lib\site-packages\pip\_vendor\distlib\version.py,
len,E:\football_v\.venv\Lib\site-packages\pip\_vendor\distlib\version.py,
TypeError,E:\football_v\.venv\Lib\site-packages\pip\_vendor\distlib\version.py,
type,E:\football_v\.venv\Lib\site-packages\pip\_vendor\distlib\version.py,
type,E:\football_v\.venv\Lib\site-packages\pip\_vendor\distlib\version.py,
hash,E:\football_v\.venv\Lib\site-packages\pip\_vendor\distlib\version.py,
hash,E:\football_v\.venv\Lib\site-packages\pip\_vendor\distlib\version.py,
_normalized_key,E:\football_v\.venv\Lib\site-packages\pip\_vendor\distlib\version.py,
tuple,E:\football_v\.venv\Lib\site-packages\pip\_vendor\distlib\version.py,
int,E:\football_v\.venv\Lib\site-packages\pip\_vendor\distlib\version.py,
any,E:\football_v\.venv\Lib\site-packages\pip\_vendor\distlib\version.py,
_match_prefix,E:\football_v\.venv\Lib\site-packages\pip\_vendor\distlib\version.py,
str,E:\football_v\.venv\Lib\site-packages\pip\_vendor\distlib\version.py,
_match_prefix,E:\football_v\.venv\Lib\site-packages\pip\_vendor\distlib\version.py,
str,E:\football_v\.venv\Lib\site-packages\pip\_vendor\distlib\version.py,
_match_prefix,E:\football_v\.venv\Lib\site-packages\pip\_vendor\distlib\version.py,
str,E:\football_v\.venv\Lib\site-packages\pip\_vendor\distlib\version.py,
str,E:\football_v\.venv\Lib\site-packages\pip\_vendor\distlib\version.py,
_match_prefix,E:\football_v\.venv\Lib\site-packages\pip\_vendor\distlib\version.py,
_match_prefix,E:\football_v\.venv\Lib\site-packages\pip\_vendor\distlib\version.py,
len,E:\football_v\.venv\Lib\site-packages\pip\_vendor\distlib\version.py,
str,E:\football_v\.venv\Lib\site-packages\pip\_vendor\distlib\version.py,
_legacy_key,E:\football_v\.venv\Lib\site-packages\pip\_vendor\distlib\version.py,
isinstance,E:\football_v\.venv\Lib\site-packages\pip\_vendor\distlib\version.py,
_match_prefix,E:\football_v\.venv\Lib\site-packages\pip\_vendor\distlib\version.py,
str,E:\football_v\.venv\Lib\site-packages\pip\_vendor\distlib\version.py,
tuple,E:\football_v\.venv\Lib\site-packages\pip\_vendor\distlib\version.py,
_semantic_key,E:\football_v\.venv\Lib\site-packages\pip\_vendor\distlib\version.py,
tuple,E:\football_v\.venv\Lib\site-packages\pip\_vendor\distlib\wheel.py,
int,E:\football_v\.venv\Lib\site-packages\pip\_vendor\distlib\wheel.py,
_get_suffixes,E:\football_v\.venv\Lib\site-packages\pip\_vendor\distlib\wheel.py,
enumerate,E:\football_v\.venv\Lib\site-packages\pip\_vendor\distlib\wheel.py,
enumerate,E:\football_v\.venv\Lib\site-packages\pip\_vendor\distlib\wheel.py,
enumerate,E:\football_v\.venv\Lib\site-packages\pip\_vendor\distlib\wheel.py,
set,E:\football_v\.venv\Lib\site-packages\pip\_vendor\distlib\wheel.py,
_Version,E:\football_v\.venv\Lib\site-packages\pip\_vendor\distlib\wheel.py,
str,E:\football_v\.venv\Lib\site-packages\pip\_vendor\distlib\wheel.py,
str,E:\football_v\.venv\Lib\site-packages\pip\_vendor\distlib\wheel.py,
str,E:\football_v\.venv\Lib\site-packages\pip\_vendor\distlib\wheel.py,
range,E:\football_v\.venv\Lib\site-packages\pip\_vendor\distlib\wheel.py,
int,E:\football_v\.venv\Lib\site-packages\pip\_vendor\distlib\wheel.py,
str,E:\football_v\.venv\Lib\site-packages\pip\_vendor\distlib\wheel.py,
str,E:\football_v\.venv\Lib\site-packages\pip\_vendor\distlib\wheel.py,
str,E:\football_v\.venv\Lib\site-packages\pip\_vendor\distlib\wheel.py,
_get_glibc_version,E:\football_v\.venv\Lib\site-packages\pip\_vendor\distlib\wheel.py,
len,E:\football_v\.venv\Lib\site-packages\pip\_vendor\distlib\wheel.py,
isinstance,E:\football_v\.venv\Lib\site-packages\pip\_vendor\distlib\wheel.py,
Wheel,E:\football_v\.venv\Lib\site-packages\pip\_vendor\distlib\wheel.py,
_load_dynamic,E:\football_v\.venv\Lib\site-packages\pip\_vendor\distlib\wheel.py,
ImportError,E:\football_v\.venv\Lib\site-packages\pip\_vendor\distlib\wheel.py,
len,E:\football_v\.venv\Lib\site-packages\pip\_vendor\distlib\wheel.py,
DistlibException,E:\football_v\.venv\Lib\site-packages\pip\_vendor\distlib\wheel.py,
ZipFile,E:\football_v\.venv\Lib\site-packages\pip\_vendor\distlib\wheel.py,
ValueError,E:\football_v\.venv\Lib\site-packages\pip\_vendor\distlib\wheel.py,
wrapper,E:\football_v\.venv\Lib\site-packages\pip\_vendor\distlib\wheel.py,
Metadata,E:\football_v\.venv\Lib\site-packages\pip\_vendor\distlib\wheel.py,
dict,E:\football_v\.venv\Lib\site-packages\pip\_vendor\distlib\wheel.py,
message_from_file,E:\football_v\.venv\Lib\site-packages\pip\_vendor\distlib\wheel.py,
ZipFile,E:\football_v\.venv\Lib\site-packages\pip\_vendor\distlib\wheel.py,
getattr,E:\football_v\.venv\Lib\site-packages\pip\_vendor\distlib\wheel.py,
DistlibException,E:\football_v\.venv\Lib\site-packages\pip\_vendor\distlib\wheel.py,
hasher,E:\football_v\.venv\Lib\site-packages\pip\_vendor\distlib\wheel.py,
list,E:\football_v\.venv\Lib\site-packages\pip\_vendor\distlib\wheel.py,
CSVWriter,E:\football_v\.venv\Lib\site-packages\pip\_vendor\distlib\wheel.py,
to_posix,E:\football_v\.venv\Lib\site-packages\pip\_vendor\distlib\wheel.py,
open,E:\football_v\.venv\Lib\site-packages\pip\_vendor\distlib\wheel.py,
ZipFile,E:\football_v\.venv\Lib\site-packages\pip\_vendor\distlib\wheel.py,
to_posix,E:\football_v\.venv\Lib\site-packages\pip\_vendor\distlib\wheel.py,
sorted,E:\football_v\.venv\Lib\site-packages\pip\_vendor\distlib\wheel.py,
list,E:\football_v\.venv\Lib\site-packages\pip\_vendor\distlib\wheel.py,
open,E:\football_v\.venv\Lib\site-packages\pip\_vendor\distlib\wheel.py,
filter,E:\football_v\.venv\Lib\site-packages\pip\_vendor\distlib\wheel.py,
enumerate,E:\football_v\.venv\Lib\site-packages\pip\_vendor\distlib\wheel.py,
to_posix,E:\football_v\.venv\Lib\site-packages\pip\_vendor\distlib\wheel.py,
fsdecode,E:\football_v\.venv\Lib\site-packages\pip\_vendor\distlib\wheel.py,
to_posix,E:\football_v\.venv\Lib\site-packages\pip\_vendor\distlib\wheel.py,
fsdecode,E:\football_v\.venv\Lib\site-packages\pip\_vendor\distlib\wheel.py,
fsdecode,E:\football_v\.venv\Lib\site-packages\pip\_vendor\distlib\wheel.py,
to_posix,E:\football_v\.venv\Lib\site-packages\pip\_vendor\distlib\wheel.py,
fsdecode,E:\football_v\.venv\Lib\site-packages\pip\_vendor\distlib\wheel.py,
open,E:\football_v\.venv\Lib\site-packages\pip\_vendor\distlib\wheel.py,
open,E:\football_v\.venv\Lib\site-packages\pip\_vendor\distlib\wheel.py,
ZipFile,E:\football_v\.venv\Lib\site-packages\pip\_vendor\distlib\wheel.py,
tuple,E:\football_v\.venv\Lib\site-packages\pip\_vendor\distlib\wheel.py,
FileOperator,E:\football_v\.venv\Lib\site-packages\pip\_vendor\distlib\wheel.py,
wrapper,E:\football_v\.venv\Lib\site-packages\pip\_vendor\distlib\wheel.py,
message_from_file,E:\football_v\.venv\Lib\site-packages\pip\_vendor\distlib\wheel.py,
warner,E:\football_v\.venv\Lib\site-packages\pip\_vendor\distlib\wheel.py,
int,E:\football_v\.venv\Lib\site-packages\pip\_vendor\distlib\wheel.py,
CSVReader,E:\football_v\.venv\Lib\site-packages\pip\_vendor\distlib\wheel.py,
isinstance,E:\football_v\.venv\Lib\site-packages\pip\_vendor\distlib\wheel.py,
InstalledDistribution,E:\football_v\.venv\Lib\site-packages\pip\_vendor\distlib\wheel.py,
dict,E:\football_v\.venv\Lib\site-packages\pip\_vendor\distlib\wheel.py,
DistlibException,E:\football_v\.venv\Lib\site-packages\pip\_vendor\distlib\wheel.py,
str,E:\football_v\.venv\Lib\site-packages\pip\_vendor\distlib\wheel.py,
DistlibException,E:\football_v\.venv\Lib\site-packages\pip\_vendor\distlib\wheel.py,
convert_path,E:\football_v\.venv\Lib\site-packages\pip\_vendor\distlib\wheel.py,
convert_path,E:\football_v\.venv\Lib\site-packages\pip\_vendor\distlib\wheel.py,
convert_path,E:\football_v\.venv\Lib\site-packages\pip\_vendor\distlib\wheel.py,
open,E:\football_v\.venv\Lib\site-packages\pip\_vendor\distlib\wheel.py,
read_exports,E:\football_v\.venv\Lib\site-packages\pip\_vendor\distlib\wheel.py,
wrapper,E:\football_v\.venv\Lib\site-packages\pip\_vendor\distlib\wheel.py,
ValueError,E:\football_v\.venv\Lib\site-packages\pip\_vendor\distlib\wheel.py,
DistlibException,E:\football_v\.venv\Lib\site-packages\pip\_vendor\distlib\wheel.py,
Cache,E:\football_v\.venv\Lib\site-packages\pip\_vendor\distlib\wheel.py,
get_cache_base,E:\football_v\.venv\Lib\site-packages\pip\_vendor\distlib\wheel.py,
str,E:\football_v\.venv\Lib\site-packages\pip\_vendor\distlib\wheel.py,
ZipFile,E:\football_v\.venv\Lib\site-packages\pip\_vendor\distlib\wheel.py,
wrapper,E:\football_v\.venv\Lib\site-packages\pip\_vendor\distlib\wheel.py,
convert_path,E:\football_v\.venv\Lib\site-packages\pip\_vendor\distlib\wheel.py,
is_compatible,E:\football_v\.venv\Lib\site-packages\pip\_vendor\distlib\wheel.py,
DistlibException,E:\football_v\.venv\Lib\site-packages\pip\_vendor\distlib\wheel.py,
DistlibException,E:\football_v\.venv\Lib\site-packages\pip\_vendor\distlib\wheel.py,
ZipFile,E:\football_v\.venv\Lib\site-packages\pip\_vendor\distlib\wheel.py,
wrapper,E:\football_v\.venv\Lib\site-packages\pip\_vendor\distlib\wheel.py,
message_from_file,E:\football_v\.venv\Lib\site-packages\pip\_vendor\distlib\wheel.py,
isinstance,E:\football_v\.venv\Lib\site-packages\pip\_vendor\distlib\wheel.py,
CSVReader,E:\football_v\.venv\Lib\site-packages\pip\_vendor\distlib\wheel.py,
DistlibException,E:\football_v\.venv\Lib\site-packages\pip\_vendor\distlib\wheel.py,
DistlibException,E:\football_v\.venv\Lib\site-packages\pip\_vendor\distlib\wheel.py,
str,E:\football_v\.venv\Lib\site-packages\pip\_vendor\distlib\wheel.py,
DistlibException,E:\football_v\.venv\Lib\site-packages\pip\_vendor\distlib\wheel.py,
tempdir,E:\football_v\.venv\Lib\site-packages\pip\_vendor\distlib\wheel.py,
get_version,E:\football_v\.venv\Lib\site-packages\pip\_vendor\distlib\wheel.py,
modifier,E:\football_v\.venv\Lib\site-packages\pip\_vendor\distlib\wheel.py,
NormalizedVersion,E:\football_v\.venv\Lib\site-packages\pip\_vendor\distlib\wheel.py,
Metadata,E:\football_v\.venv\Lib\site-packages\pip\_vendor\distlib\wheel.py,
ZipFile,E:\football_v\.venv\Lib\site-packages\pip\_vendor\distlib\wheel.py,
get_version,E:\football_v\.venv\Lib\site-packages\pip\_vendor\distlib\wheel.py,
list,E:\football_v\.venv\Lib\site-packages\pip\_vendor\distlib\wheel.py,
Metadata,E:\football_v\.venv\Lib\site-packages\pip\_vendor\distlib\wheel.py,
isinstance,E:\football_v\.venv\Lib\site-packages\pip\_vendor\distlib\wheel.py,
update_version,E:\football_v\.venv\Lib\site-packages\pip\_vendor\distlib\wheel.py,
int,E:\football_v\.venv\Lib\site-packages\pip\_vendor\distlib\wheel.py,
DistlibException,E:\football_v\.venv\Lib\site-packages\pip\_vendor\distlib\wheel.py,
convert_path,E:\football_v\.venv\Lib\site-packages\pip\_vendor\distlib\wheel.py,
DistlibException,E:\football_v\.venv\Lib\site-packages\pip\_vendor\distlib\wheel.py,
str,E:\football_v\.venv\Lib\site-packages\pip\_vendor\distlib\wheel.py,
Metadata,E:\football_v\.venv\Lib\site-packages\pip\_vendor\distlib\wheel.py,
NormalizedVersion,E:\football_v\.venv\Lib\site-packages\pip\_vendor\distlib\wheel.py,
Metadata,E:\football_v\.venv\Lib\site-packages\pip\_vendor\distlib\wheel.py,
int,E:\football_v\.venv\Lib\site-packages\pip\_vendor\distlib\wheel.py,
str,E:\football_v\.venv\Lib\site-packages\pip\_vendor\distlib\wheel.py,
str,E:\football_v\.venv\Lib\site-packages\pip\_vendor\distlib\wheel.py,
str,E:\football_v\.venv\Lib\site-packages\pip\_vendor\distlib\wheel.py,
LinuxDistribution,E:\football_v\.venv\Lib\site-packages\pip\_vendor\distro\distro.py,
ValueError,E:\football_v\.venv\Lib\site-packages\pip\_vendor\distro\distro.py,
normalize,E:\football_v\.venv\Lib\site-packages\pip\_vendor\distro\distro.py,
normalize,E:\football_v\.venv\Lib\site-packages\pip\_vendor\distro\distro.py,
normalize,E:\football_v\.venv\Lib\site-packages\pip\_vendor\distro\distro.py,
normalize,E:\football_v\.venv\Lib\site-packages\pip\_vendor\distro\distro.py,
InfoDict,E:\football_v\.venv\Lib\site-packages\pip\_vendor\distro\distro.py,
VersionDict,E:\football_v\.venv\Lib\site-packages\pip\_vendor\distro\distro.py,
open,E:\football_v\.venv\Lib\site-packages\pip\_vendor\distro\distro.py,
list,E:\football_v\.venv\Lib\site-packages\pip\_vendor\distro\distro.py,
len,E:\football_v\.venv\Lib\site-packages\pip\_vendor\distro\distro.py,
open,E:\football_v\.venv\Lib\site-packages\pip\_vendor\distro\distro.py,
open,E:\football_v\.venv\Lib\site-packages\pip\_vendor\distro\distro.py,
Codec,E:\football_v\.venv\Lib\site-packages\pip\_vendor\idna\codec.py,
Codec,E:\football_v\.venv\Lib\site-packages\pip\_vendor\idna\codec.py,
IDNAError,E:\football_v\.venv\Lib\site-packages\pip\_vendor\idna\codec.py,
encode,E:\football_v\.venv\Lib\site-packages\pip\_vendor\idna\codec.py,
len,E:\football_v\.venv\Lib\site-packages\pip\_vendor\idna\codec.py,
IDNAError,E:\football_v\.venv\Lib\site-packages\pip\_vendor\idna\codec.py,
decode,E:\football_v\.venv\Lib\site-packages\pip\_vendor\idna\codec.py,
len,E:\football_v\.venv\Lib\site-packages\pip\_vendor\idna\codec.py,
len,E:\football_v\.venv\Lib\site-packages\pip\_vendor\idna\codec.py,
IDNAError,E:\football_v\.venv\Lib\site-packages\pip\_vendor\idna\codec.py,
len,E:\football_v\.venv\Lib\site-packages\pip\_vendor\idna\codec.py,
alabel,E:\football_v\.venv\Lib\site-packages\pip\_vendor\idna\codec.py,
len,E:\football_v\.venv\Lib\site-packages\pip\_vendor\idna\codec.py,
IDNAError,E:\football_v\.venv\Lib\site-packages\pip\_vendor\idna\codec.py,
isinstance,E:\football_v\.venv\Lib\site-packages\pip\_vendor\idna\codec.py,
str,E:\football_v\.venv\Lib\site-packages\pip\_vendor\idna\codec.py,
len,E:\football_v\.venv\Lib\site-packages\pip\_vendor\idna\codec.py,
ulabel,E:\football_v\.venv\Lib\site-packages\pip\_vendor\idna\codec.py,
encode,E:\football_v\.venv\Lib\site-packages\pip\_vendor\idna\compat.py,
decode,E:\football_v\.venv\Lib\site-packages\pip\_vendor\idna\compat.py,
NotImplementedError,E:\football_v\.venv\Lib\site-packages\pip\_vendor\idna\compat.py,
chr,E:\football_v\.venv\Lib\site-packages\pip\_vendor\idna\core.py,
ValueError,E:\football_v\.venv\Lib\site-packages\pip\_vendor\idna\core.py,
chr,E:\football_v\.venv\Lib\site-packages\pip\_vendor\idna\core.py,
intranges_contain,E:\football_v\.venv\Lib\site-packages\pip\_vendor\idna\core.py,
ord,E:\football_v\.venv\Lib\site-packages\pip\_vendor\idna\core.py,
len,E:\football_v\.venv\Lib\site-packages\pip\_vendor\idna\core.py,
len,E:\football_v\.venv\Lib\site-packages\pip\_vendor\idna\core.py,
enumerate,E:\football_v\.venv\Lib\site-packages\pip\_vendor\idna\core.py,
enumerate,E:\football_v\.venv\Lib\site-packages\pip\_vendor\idna\core.py,
IDNABidiError,E:\football_v\.venv\Lib\site-packages\pip\_vendor\idna\core.py,
IDNABidiError,E:\football_v\.venv\Lib\site-packages\pip\_vendor\idna\core.py,
IDNABidiError,E:\football_v\.venv\Lib\site-packages\pip\_vendor\idna\core.py,
IDNABidiError,E:\football_v\.venv\Lib\site-packages\pip\_vendor\idna\core.py,
IDNABidiError,E:\football_v\.venv\Lib\site-packages\pip\_vendor\idna\core.py,
repr,E:\football_v\.venv\Lib\site-packages\pip\_vendor\idna\core.py,
repr,E:\football_v\.venv\Lib\site-packages\pip\_vendor\idna\core.py,
IDNABidiError,E:\football_v\.venv\Lib\site-packages\pip\_vendor\idna\core.py,
IDNAError,E:\football_v\.venv\Lib\site-packages\pip\_vendor\idna\core.py,
IDNAError,E:\football_v\.venv\Lib\site-packages\pip\_vendor\idna\core.py,
IDNAError,E:\football_v\.venv\Lib\site-packages\pip\_vendor\idna\core.py,
IDNAError,E:\football_v\.venv\Lib\site-packages\pip\_vendor\idna\core.py,
ord,E:\football_v\.venv\Lib\site-packages\pip\_vendor\idna\core.py,
range,E:\football_v\.venv\Lib\site-packages\pip\_vendor\idna\core.py,
range,E:\football_v\.venv\Lib\site-packages\pip\_vendor\idna\core.py,
len,E:\football_v\.venv\Lib\site-packages\pip\_vendor\idna\core.py,
_combining_class,E:\football_v\.venv\Lib\site-packages\pip\_vendor\idna\core.py,
ord,E:\football_v\.venv\Lib\site-packages\pip\_vendor\idna\core.py,
ord,E:\football_v\.venv\Lib\site-packages\pip\_vendor\idna\core.py,
ord,E:\football_v\.venv\Lib\site-packages\pip\_vendor\idna\core.py,
ord,E:\football_v\.venv\Lib\site-packages\pip\_vendor\idna\core.py,
_combining_class,E:\football_v\.venv\Lib\site-packages\pip\_vendor\idna\core.py,
ord,E:\football_v\.venv\Lib\site-packages\pip\_vendor\idna\core.py,
ord,E:\football_v\.venv\Lib\site-packages\pip\_vendor\idna\core.py,
ord,E:\football_v\.venv\Lib\site-packages\pip\_vendor\idna\core.py,
ord,E:\football_v\.venv\Lib\site-packages\pip\_vendor\idna\core.py,
ord,E:\football_v\.venv\Lib\site-packages\pip\_vendor\idna\core.py,
ord,E:\football_v\.venv\Lib\site-packages\pip\_vendor\idna\core.py,
ord,E:\football_v\.venv\Lib\site-packages\pip\_vendor\idna\core.py,
len,E:\football_v\.venv\Lib\site-packages\pip\_vendor\idna\core.py,
_is_script,E:\football_v\.venv\Lib\site-packages\pip\_vendor\idna\core.py,
ord,E:\football_v\.venv\Lib\site-packages\pip\_vendor\idna\core.py,
ord,E:\football_v\.venv\Lib\site-packages\pip\_vendor\idna\core.py,
len,E:\football_v\.venv\Lib\site-packages\pip\_vendor\idna\core.py,
_is_script,E:\football_v\.venv\Lib\site-packages\pip\_vendor\idna\core.py,
len,E:\football_v\.venv\Lib\site-packages\pip\_vendor\idna\core.py,
_is_script,E:\football_v\.venv\Lib\site-packages\pip\_vendor\idna\core.py,
_is_script,E:\football_v\.venv\Lib\site-packages\pip\_vendor\idna\core.py,
_is_script,E:\football_v\.venv\Lib\site-packages\pip\_vendor\idna\core.py,
ord,E:\football_v\.venv\Lib\site-packages\pip\_vendor\idna\core.py,
ord,E:\football_v\.venv\Lib\site-packages\pip\_vendor\idna\core.py,
isinstance,E:\football_v\.venv\Lib\site-packages\pip\_vendor\idna\core.py,
check_nfc,E:\football_v\.venv\Lib\site-packages\pip\_vendor\idna\core.py,
check_hyphen_ok,E:\football_v\.venv\Lib\site-packages\pip\_vendor\idna\core.py,
check_initial_combiner,E:\football_v\.venv\Lib\site-packages\pip\_vendor\idna\core.py,
enumerate,E:\football_v\.venv\Lib\site-packages\pip\_vendor\idna\core.py,
check_bidi,E:\football_v\.venv\Lib\site-packages\pip\_vendor\idna\core.py,
len,E:\football_v\.venv\Lib\site-packages\pip\_vendor\idna\core.py,
IDNAError,E:\football_v\.venv\Lib\site-packages\pip\_vendor\idna\core.py,
ord,E:\football_v\.venv\Lib\site-packages\pip\_vendor\idna\core.py,
intranges_contain,E:\football_v\.venv\Lib\site-packages\pip\_vendor\idna\core.py,
intranges_contain,E:\football_v\.venv\Lib\site-packages\pip\_vendor\idna\core.py,
intranges_contain,E:\football_v\.venv\Lib\site-packages\pip\_vendor\idna\core.py,
InvalidCodepoint,E:\football_v\.venv\Lib\site-packages\pip\_vendor\idna\core.py,
valid_contextj,E:\football_v\.venv\Lib\site-packages\pip\_vendor\idna\core.py,
InvalidCodepointContext,E:\football_v\.venv\Lib\site-packages\pip\_vendor\idna\core.py,
IDNAError,E:\football_v\.venv\Lib\site-packages\pip\_vendor\idna\core.py,
valid_contexto,E:\football_v\.venv\Lib\site-packages\pip\_vendor\idna\core.py,
InvalidCodepointContext,E:\football_v\.venv\Lib\site-packages\pip\_vendor\idna\core.py,
_unot,E:\football_v\.venv\Lib\site-packages\pip\_vendor\idna\core.py,
repr,E:\football_v\.venv\Lib\site-packages\pip\_vendor\idna\core.py,
_unot,E:\football_v\.venv\Lib\site-packages\pip\_vendor\idna\core.py,
repr,E:\football_v\.venv\Lib\site-packages\pip\_vendor\idna\core.py,
_unot,E:\football_v\.venv\Lib\site-packages\pip\_vendor\idna\core.py,
repr,E:\football_v\.venv\Lib\site-packages\pip\_vendor\idna\core.py,
_unot,E:\football_v\.venv\Lib\site-packages\pip\_vendor\idna\core.py,
repr,E:\football_v\.venv\Lib\site-packages\pip\_vendor\idna\core.py,
check_label,E:\football_v\.venv\Lib\site-packages\pip\_vendor\idna\core.py,
ulabel,E:\football_v\.venv\Lib\site-packages\pip\_vendor\idna\core.py,
_punycode,E:\football_v\.venv\Lib\site-packages\pip\_vendor\idna\core.py,
valid_label_length,E:\football_v\.venv\Lib\site-packages\pip\_vendor\idna\core.py,
IDNAError,E:\football_v\.venv\Lib\site-packages\pip\_vendor\idna\core.py,
valid_label_length,E:\football_v\.venv\Lib\site-packages\pip\_vendor\idna\core.py,
IDNAError,E:\football_v\.venv\Lib\site-packages\pip\_vendor\idna\core.py,
check_label,E:\football_v\.venv\Lib\site-packages\pip\_vendor\idna\core.py,
isinstance,E:\football_v\.venv\Lib\site-packages\pip\_vendor\idna\core.py,
check_label,E:\football_v\.venv\Lib\site-packages\pip\_vendor\idna\core.py,
IDNAError,E:\football_v\.venv\Lib\site-packages\pip\_vendor\idna\core.py,
IDNAError,E:\football_v\.venv\Lib\site-packages\pip\_vendor\idna\core.py,
IDNAError,E:\football_v\.venv\Lib\site-packages\pip\_vendor\idna\core.py,
check_label,E:\football_v\.venv\Lib\site-packages\pip\_vendor\idna\core.py,
len,E:\football_v\.venv\Lib\site-packages\pip\_vendor\idna\core.py,
enumerate,E:\football_v\.venv\Lib\site-packages\pip\_vendor\idna\core.py,
ord,E:\football_v\.venv\Lib\site-packages\pip\_vendor\idna\core.py,
len,E:\football_v\.venv\Lib\site-packages\pip\_vendor\idna\core.py,
InvalidCodepoint,E:\football_v\.venv\Lib\site-packages\pip\_vendor\idna\core.py,
IndexError,E:\football_v\.venv\Lib\site-packages\pip\_vendor\idna\core.py,
_unot,E:\football_v\.venv\Lib\site-packages\pip\_vendor\idna\core.py,
repr,E:\football_v\.venv\Lib\site-packages\pip\_vendor\idna\core.py,
isinstance,E:\football_v\.venv\Lib\site-packages\pip\_vendor\idna\core.py,
uts46_remap,E:\football_v\.venv\Lib\site-packages\pip\_vendor\idna\core.py,
IDNAError,E:\football_v\.venv\Lib\site-packages\pip\_vendor\idna\core.py,
alabel,E:\football_v\.venv\Lib\site-packages\pip\_vendor\idna\core.py,
valid_string_length,E:\football_v\.venv\Lib\site-packages\pip\_vendor\idna\core.py,
IDNAError,E:\football_v\.venv\Lib\site-packages\pip\_vendor\idna\core.py,
str,E:\football_v\.venv\Lib\site-packages\pip\_vendor\idna\core.py,
IDNAError,E:\football_v\.venv\Lib\site-packages\pip\_vendor\idna\core.py,
IDNAError,E:\football_v\.venv\Lib\site-packages\pip\_vendor\idna\core.py,
uts46_remap,E:\football_v\.venv\Lib\site-packages\pip\_vendor\idna\core.py,
IDNAError,E:\football_v\.venv\Lib\site-packages\pip\_vendor\idna\core.py,
ulabel,E:\football_v\.venv\Lib\site-packages\pip\_vendor\idna\core.py,
isinstance,E:\football_v\.venv\Lib\site-packages\pip\_vendor\idna\core.py,
str,E:\football_v\.venv\Lib\site-packages\pip\_vendor\idna\core.py,
IDNAError,E:\football_v\.venv\Lib\site-packages\pip\_vendor\idna\core.py,
IDNAError,E:\football_v\.venv\Lib\site-packages\pip\_vendor\idna\core.py,
sorted,E:\football_v\.venv\Lib\site-packages\pip\_vendor\idna\intranges.py,
range,E:\football_v\.venv\Lib\site-packages\pip\_vendor\idna\intranges.py,
tuple,E:\football_v\.venv\Lib\site-packages\pip\_vendor\idna\intranges.py,
len,E:\football_v\.venv\Lib\site-packages\pip\_vendor\idna\intranges.py,
len,E:\football_v\.venv\Lib\site-packages\pip\_vendor\idna\intranges.py,
_encode_range,E:\football_v\.venv\Lib\site-packages\pip\_vendor\idna\intranges.py,
_encode_range,E:\football_v\.venv\Lib\site-packages\pip\_vendor\idna\intranges.py,
_decode_range,E:\football_v\.venv\Lib\site-packages\pip\_vendor\idna\intranges.py,
len,E:\football_v\.venv\Lib\site-packages\pip\_vendor\idna\intranges.py,
_decode_range,E:\football_v\.venv\Lib\site-packages\pip\_vendor\idna\intranges.py,
isinstance,E:\football_v\.venv\Lib\site-packages\pip\_vendor\msgpack\ext.py,
TypeError,E:\football_v\.venv\Lib\site-packages\pip\_vendor\msgpack\ext.py,
isinstance,E:\football_v\.venv\Lib\site-packages\pip\_vendor\msgpack\ext.py,
TypeError,E:\football_v\.venv\Lib\site-packages\pip\_vendor\msgpack\ext.py,
ValueError,E:\football_v\.venv\Lib\site-packages\pip\_vendor\msgpack\ext.py,
super,E:\football_v\.venv\Lib\site-packages\pip\_vendor\msgpack\ext.py,
isinstance,E:\football_v\.venv\Lib\site-packages\pip\_vendor\msgpack\ext.py,
TypeError,E:\football_v\.venv\Lib\site-packages\pip\_vendor\msgpack\ext.py,
isinstance,E:\football_v\.venv\Lib\site-packages\pip\_vendor\msgpack\ext.py,
TypeError,E:\football_v\.venv\Lib\site-packages\pip\_vendor\msgpack\ext.py,
ValueError,E:\football_v\.venv\Lib\site-packages\pip\_vendor\msgpack\ext.py,
type,E:\football_v\.venv\Lib\site-packages\pip\_vendor\msgpack\ext.py,
hash,E:\football_v\.venv\Lib\site-packages\pip\_vendor\msgpack\ext.py,
Timestamp,E:\football_v\.venv\Lib\site-packages\pip\_vendor\msgpack\ext.py,
len,E:\football_v\.venv\Lib\site-packages\pip\_vendor\msgpack\ext.py,
len,E:\football_v\.venv\Lib\site-packages\pip\_vendor\msgpack\ext.py,
len,E:\football_v\.venv\Lib\site-packages\pip\_vendor\msgpack\ext.py,
ValueError,E:\football_v\.venv\Lib\site-packages\pip\_vendor\msgpack\ext.py,
int,E:\football_v\.venv\Lib\site-packages\pip\_vendor\msgpack\ext.py,
int,E:\football_v\.venv\Lib\site-packages\pip\_vendor\msgpack\ext.py,
Timestamp,E:\football_v\.venv\Lib\site-packages\pip\_vendor\msgpack\ext.py,
Timestamp,E:\football_v\.venv\Lib\site-packages\pip\_vendor\msgpack\ext.py,
divmod,E:\football_v\.venv\Lib\site-packages\pip\_vendor\msgpack\ext.py,
Timestamp,E:\football_v\.venv\Lib\site-packages\pip\_vendor\msgpack\ext.py,
int,E:\football_v\.venv\Lib\site-packages\pip\_vendor\msgpack\ext.py,
type,E:\football_v\.venv\Lib\site-packages\pip\_vendor\msgpack\fallback.py,
type,E:\football_v\.venv\Lib\site-packages\pip\_vendor\msgpack\fallback.py,
type,E:\football_v\.venv\Lib\site-packages\pip\_vendor\msgpack\fallback.py,
memoryview,E:\football_v\.venv\Lib\site-packages\pip\_vendor\msgpack\fallback.py,
ValueError,E:\football_v\.venv\Lib\site-packages\pip\_vendor\msgpack\fallback.py,
Unpacker,E:\football_v\.venv\Lib\site-packages\pip\_vendor\msgpack\fallback.py,
ExtraData,E:\football_v\.venv\Lib\site-packages\pip\_vendor\msgpack\fallback.py,
len,E:\football_v\.venv\Lib\site-packages\pip\_vendor\msgpack\fallback.py,
ValueError,E:\football_v\.venv\Lib\site-packages\pip\_vendor\msgpack\fallback.py,
bytearray,E:\football_v\.venv\Lib\site-packages\pip\_vendor\msgpack\fallback.py,
bool,E:\football_v\.venv\Lib\site-packages\pip\_vendor\msgpack\fallback.py,
bool,E:\football_v\.venv\Lib\site-packages\pip\_vendor\msgpack\fallback.py,
ValueError,E:\football_v\.venv\Lib\site-packages\pip\_vendor\msgpack\fallback.py,
min,E:\football_v\.venv\Lib\site-packages\pip\_vendor\msgpack\fallback.py,
ValueError,E:\football_v\.venv\Lib\site-packages\pip\_vendor\msgpack\fallback.py,
TypeError,E:\football_v\.venv\Lib\site-packages\pip\_vendor\msgpack\fallback.py,
TypeError,E:\football_v\.venv\Lib\site-packages\pip\_vendor\msgpack\fallback.py,
TypeError,E:\football_v\.venv\Lib\site-packages\pip\_vendor\msgpack\fallback.py,
TypeError,E:\football_v\.venv\Lib\site-packages\pip\_vendor\msgpack\fallback.py,
callable,E:\football_v\.venv\Lib\site-packages\pip\_vendor\msgpack\fallback.py,
TypeError,E:\football_v\.venv\Lib\site-packages\pip\_vendor\msgpack\fallback.py,
callable,E:\football_v\.venv\Lib\site-packages\pip\_vendor\msgpack\fallback.py,
TypeError,E:\football_v\.venv\Lib\site-packages\pip\_vendor\msgpack\fallback.py,
callable,E:\football_v\.venv\Lib\site-packages\pip\_vendor\msgpack\fallback.py,
callable,E:\football_v\.venv\Lib\site-packages\pip\_vendor\msgpack\fallback.py,
callable,E:\football_v\.venv\Lib\site-packages\pip\_vendor\msgpack\fallback.py,
_get_data_from_buffer,E:\football_v\.venv\Lib\site-packages\pip\_vendor\msgpack\fallback.py,
len,E:\football_v\.venv\Lib\site-packages\pip\_vendor\msgpack\fallback.py,
len,E:\football_v\.venv\Lib\site-packages\pip\_vendor\msgpack\fallback.py,
len,E:\football_v\.venv\Lib\site-packages\pip\_vendor\msgpack\fallback.py,
len,E:\football_v\.venv\Lib\site-packages\pip\_vendor\msgpack\fallback.py,
max,E:\football_v\.venv\Lib\site-packages\pip\_vendor\msgpack\fallback.py,
isinstance,E:\football_v\.venv\Lib\site-packages\pip\_vendor\msgpack\fallback.py,
len,E:\football_v\.venv\Lib\site-packages\pip\_vendor\msgpack\fallback.py,
len,E:\football_v\.venv\Lib\site-packages\pip\_vendor\msgpack\fallback.py,
len,E:\football_v\.venv\Lib\site-packages\pip\_vendor\msgpack\fallback.py,
len,E:\football_v\.venv\Lib\site-packages\pip\_vendor\msgpack\fallback.py,
ValueError,E:\football_v\.venv\Lib\site-packages\pip\_vendor\msgpack\fallback.py,
ValueError,E:\football_v\.venv\Lib\site-packages\pip\_vendor\msgpack\fallback.py,
ValueError,E:\football_v\.venv\Lib\site-packages\pip\_vendor\msgpack\fallback.py,
len,E:\football_v\.venv\Lib\site-packages\pip\_vendor\msgpack\fallback.py,
ValueError,E:\football_v\.venv\Lib\site-packages\pip\_vendor\msgpack\fallback.py,
ValueError,E:\football_v\.venv\Lib\site-packages\pip\_vendor\msgpack\fallback.py,
len,E:\football_v\.venv\Lib\site-packages\pip\_vendor\msgpack\fallback.py,
ValueError,E:\football_v\.venv\Lib\site-packages\pip\_vendor\msgpack\fallback.py,
len,E:\football_v\.venv\Lib\site-packages\pip\_vendor\msgpack\fallback.py,
ValueError,E:\football_v\.venv\Lib\site-packages\pip\_vendor\msgpack\fallback.py,
ValueError,E:\football_v\.venv\Lib\site-packages\pip\_vendor\msgpack\fallback.py,
FormatError,E:\football_v\.venv\Lib\site-packages\pip\_vendor\msgpack\fallback.py,
ValueError,E:\football_v\.venv\Lib\site-packages\pip\_vendor\msgpack\fallback.py,
newlist_hint,E:\football_v\.venv\Lib\site-packages\pip\_vendor\msgpack\fallback.py,
range,E:\football_v\.venv\Lib\site-packages\pip\_vendor\msgpack\fallback.py,
bytes,E:\football_v\.venv\Lib\site-packages\pip\_vendor\msgpack\fallback.py,
ValueError,E:\football_v\.venv\Lib\site-packages\pip\_vendor\msgpack\fallback.py,
ValueError,E:\football_v\.venv\Lib\site-packages\pip\_vendor\msgpack\fallback.py,
range,E:\football_v\.venv\Lib\site-packages\pip\_vendor\msgpack\fallback.py,
tuple,E:\football_v\.venv\Lib\site-packages\pip\_vendor\msgpack\fallback.py,
range,E:\football_v\.venv\Lib\site-packages\pip\_vendor\msgpack\fallback.py,
range,E:\football_v\.venv\Lib\site-packages\pip\_vendor\msgpack\fallback.py,
bytes,E:\football_v\.venv\Lib\site-packages\pip\_vendor\msgpack\fallback.py,
isinstance,E:\football_v\.venv\Lib\site-packages\pip\_vendor\msgpack\fallback.py,
bytes,E:\football_v\.venv\Lib\site-packages\pip\_vendor\msgpack\fallback.py,
bytes,E:\football_v\.venv\Lib\site-packages\pip\_vendor\msgpack\fallback.py,
ValueError,E:\football_v\.venv\Lib\site-packages\pip\_vendor\msgpack\fallback.py,
range,E:\football_v\.venv\Lib\site-packages\pip\_vendor\msgpack\fallback.py,
type,E:\football_v\.venv\Lib\site-packages\pip\_vendor\msgpack\fallback.py,
str,E:\football_v\.venv\Lib\site-packages\pip\_vendor\msgpack\fallback.py,
type,E:\football_v\.venv\Lib\site-packages\pip\_vendor\msgpack\fallback.py,
BytesIO,E:\football_v\.venv\Lib\site-packages\pip\_vendor\msgpack\fallback.py,
bool,E:\football_v\.venv\Lib\site-packages\pip\_vendor\msgpack\fallback.py,
TypeError,E:\football_v\.venv\Lib\site-packages\pip\_vendor\msgpack\fallback.py,
callable,E:\football_v\.venv\Lib\site-packages\pip\_vendor\msgpack\fallback.py,
check,E:\football_v\.venv\Lib\site-packages\pip\_vendor\msgpack\fallback.py,
check,E:\football_v\.venv\Lib\site-packages\pip\_vendor\msgpack\fallback.py,
check,E:\football_v\.venv\Lib\site-packages\pip\_vendor\msgpack\fallback.py,
check,E:\football_v\.venv\Lib\site-packages\pip\_vendor\msgpack\fallback.py,
check,E:\football_v\.venv\Lib\site-packages\pip\_vendor\msgpack\fallback.py,
check,E:\football_v\.venv\Lib\site-packages\pip\_vendor\msgpack\fallback.py,
check,E:\football_v\.venv\Lib\site-packages\pip\_vendor\msgpack\fallback.py,
check,E:\football_v\.venv\Lib\site-packages\pip\_vendor\msgpack\fallback.py,
check,E:\football_v\.venv\Lib\site-packages\pip\_vendor\msgpack\fallback.py,
TypeError,E:\football_v\.venv\Lib\site-packages\pip\_vendor\msgpack\fallback.py,
ValueError,E:\football_v\.venv\Lib\site-packages\pip\_vendor\msgpack\fallback.py,
OverflowError,E:\football_v\.venv\Lib\site-packages\pip\_vendor\msgpack\fallback.py,
len,E:\football_v\.venv\Lib\site-packages\pip\_vendor\msgpack\fallback.py,
len,E:\football_v\.venv\Lib\site-packages\pip\_vendor\msgpack\fallback.py,
check,E:\football_v\.venv\Lib\site-packages\pip\_vendor\msgpack\fallback.py,
isinstance,E:\football_v\.venv\Lib\site-packages\pip\_vendor\msgpack\fallback.py,
isinstance,E:\football_v\.venv\Lib\site-packages\pip\_vendor\msgpack\fallback.py,
len,E:\football_v\.venv\Lib\site-packages\pip\_vendor\msgpack\fallback.py,
len,E:\football_v\.venv\Lib\site-packages\pip\_vendor\msgpack\fallback.py,
range,E:\football_v\.venv\Lib\site-packages\pip\_vendor\msgpack\fallback.py,
check,E:\football_v\.venv\Lib\site-packages\pip\_vendor\msgpack\fallback.py,
check,E:\football_v\.venv\Lib\site-packages\pip\_vendor\msgpack\fallback.py,
ValueError,E:\football_v\.venv\Lib\site-packages\pip\_vendor\msgpack\fallback.py,
ValueError,E:\football_v\.venv\Lib\site-packages\pip\_vendor\msgpack\fallback.py,
ValueError,E:\football_v\.venv\Lib\site-packages\pip\_vendor\msgpack\fallback.py,
ValueError,E:\football_v\.venv\Lib\site-packages\pip\_vendor\msgpack\fallback.py,
len,E:\football_v\.venv\Lib\site-packages\pip\_vendor\msgpack\fallback.py,
type,E:\football_v\.venv\Lib\site-packages\pip\_vendor\msgpack\fallback.py,
BytesIO,E:\football_v\.venv\Lib\site-packages\pip\_vendor\msgpack\fallback.py,
BytesIO,E:\football_v\.venv\Lib\site-packages\pip\_vendor\msgpack\fallback.py,
len,E:\football_v\.venv\Lib\site-packages\pip\_vendor\msgpack\fallback.py,
BytesIO,E:\football_v\.venv\Lib\site-packages\pip\_vendor\msgpack\fallback.py,
BytesIO,E:\football_v\.venv\Lib\site-packages\pip\_vendor\msgpack\fallback.py,
BytesIO,E:\football_v\.venv\Lib\site-packages\pip\_vendor\msgpack\fallback.py,
len,E:\football_v\.venv\Lib\site-packages\pip\_vendor\msgpack\fallback.py,
isinstance,E:\football_v\.venv\Lib\site-packages\pip\_vendor\msgpack\fallback.py,
TypeError,E:\football_v\.venv\Lib\site-packages\pip\_vendor\msgpack\fallback.py,
ValueError,E:\football_v\.venv\Lib\site-packages\pip\_vendor\msgpack\fallback.py,
isinstance,E:\football_v\.venv\Lib\site-packages\pip\_vendor\msgpack\fallback.py,
TypeError,E:\football_v\.venv\Lib\site-packages\pip\_vendor\msgpack\fallback.py,
ValueError,E:\football_v\.venv\Lib\site-packages\pip\_vendor\msgpack\fallback.py,
ValueError,E:\football_v\.venv\Lib\site-packages\pip\_vendor\msgpack\fallback.py,
ValueError,E:\football_v\.venv\Lib\site-packages\pip\_vendor\msgpack\fallback.py,
ValueError,E:\football_v\.venv\Lib\site-packages\pip\_vendor\msgpack\fallback.py,
ValueError,E:\football_v\.venv\Lib\site-packages\pip\_vendor\msgpack\fallback.py,
BytesIO,E:\football_v\.venv\Lib\site-packages\pip\_vendor\msgpack\fallback.py,
memoryview,E:\football_v\.venv\Lib\site-packages\pip\_vendor\msgpack\fallback.py,
BytesBuilder,E:\football_v\.venv\Lib\site-packages\pip\_vendor\msgpack\fallback.py,
BytesBuilder,E:\football_v\.venv\Lib\site-packages\pip\_vendor\msgpack\fallback.py,
len,E:\football_v\.venv\Lib\site-packages\pip\_vendor\msgpack\fallback.py,
isinstance,E:\football_v\.venv\Lib\site-packages\pip\_vendor\msgpack\fallback.py,
isinstance,E:\football_v\.venv\Lib\site-packages\pip\_vendor\msgpack\fallback.py,
bytes,E:\football_v\.venv\Lib\site-packages\pip\_vendor\msgpack\fallback.py,
Packer,E:\football_v\.venv\Lib\site-packages\pip\_vendor\msgpack\__init__.py,
Packer,E:\football_v\.venv\Lib\site-packages\pip\_vendor\msgpack\__init__.py,
unpackb,E:\football_v\.venv\Lib\site-packages\pip\_vendor\msgpack\__init__.py,
isinstance,E:\football_v\.venv\Lib\site-packages\pip\_vendor\packaging\markers.py,
isinstance,E:\football_v\.venv\Lib\site-packages\pip\_vendor\packaging\markers.py,
canonicalize_name,E:\football_v\.venv\Lib\site-packages\pip\_vendor\packaging\markers.py,
Value,E:\football_v\.venv\Lib\site-packages\pip\_vendor\packaging\markers.py,
isinstance,E:\football_v\.venv\Lib\site-packages\pip\_vendor\packaging\markers.py,
canonicalize_name,E:\football_v\.venv\Lib\site-packages\pip\_vendor\packaging\markers.py,
Value,E:\football_v\.venv\Lib\site-packages\pip\_vendor\packaging\markers.py,
isinstance,E:\football_v\.venv\Lib\site-packages\pip\_vendor\packaging\markers.py,
isinstance,E:\football_v\.venv\Lib\site-packages\pip\_vendor\packaging\markers.py,
isinstance,E:\football_v\.venv\Lib\site-packages\pip\_vendor\packaging\markers.py,
isinstance,E:\football_v\.venv\Lib\site-packages\pip\_vendor\packaging\markers.py,
_format_marker,E:\football_v\.venv\Lib\site-packages\pip\_vendor\packaging\markers.py,
isinstance,E:\football_v\.venv\Lib\site-packages\pip\_vendor\packaging\markers.py,
len,E:\football_v\.venv\Lib\site-packages\pip\_vendor\packaging\markers.py,
_format_marker,E:\football_v\.venv\Lib\site-packages\pip\_vendor\packaging\markers.py,
oper,E:\football_v\.venv\Lib\site-packages\pip\_vendor\packaging\markers.py,
Specifier,E:\football_v\.venv\Lib\site-packages\pip\_vendor\packaging\markers.py,
UndefinedComparison,E:\football_v\.venv\Lib\site-packages\pip\_vendor\packaging\markers.py,
tuple,E:\football_v\.venv\Lib\site-packages\pip\_vendor\packaging\markers.py,
canonicalize_name,E:\football_v\.venv\Lib\site-packages\pip\_vendor\packaging\markers.py,
any,E:\football_v\.venv\Lib\site-packages\pip\_vendor\packaging\markers.py,
isinstance,E:\football_v\.venv\Lib\site-packages\pip\_vendor\packaging\markers.py,
isinstance,E:\football_v\.venv\Lib\site-packages\pip\_vendor\packaging\markers.py,
isinstance,E:\football_v\.venv\Lib\site-packages\pip\_vendor\packaging\markers.py,
all,E:\football_v\.venv\Lib\site-packages\pip\_vendor\packaging\markers.py,
_evaluate_markers,E:\football_v\.venv\Lib\site-packages\pip\_vendor\packaging\markers.py,
isinstance,E:\football_v\.venv\Lib\site-packages\pip\_vendor\packaging\markers.py,
_normalize,E:\football_v\.venv\Lib\site-packages\pip\_vendor\packaging\markers.py,
_eval_op,E:\football_v\.venv\Lib\site-packages\pip\_vendor\packaging\markers.py,
str,E:\football_v\.venv\Lib\site-packages\pip\_vendor\packaging\markers.py,
format_full_version,E:\football_v\.venv\Lib\site-packages\pip\_vendor\packaging\markers.py,
_normalize_extra_values,E:\football_v\.venv\Lib\site-packages\pip\_vendor\packaging\markers.py,
_parse_marker,E:\football_v\.venv\Lib\site-packages\pip\_vendor\packaging\markers.py,
InvalidMarker,E:\football_v\.venv\Lib\site-packages\pip\_vendor\packaging\markers.py,
str,E:\football_v\.venv\Lib\site-packages\pip\_vendor\packaging\markers.py,
_format_marker,E:\football_v\.venv\Lib\site-packages\pip\_vendor\packaging\markers.py,
hash,E:\football_v\.venv\Lib\site-packages\pip\_vendor\packaging\markers.py,
str,E:\football_v\.venv\Lib\site-packages\pip\_vendor\packaging\markers.py,
isinstance,E:\football_v\.venv\Lib\site-packages\pip\_vendor\packaging\markers.py,
str,E:\football_v\.venv\Lib\site-packages\pip\_vendor\packaging\markers.py,
str,E:\football_v\.venv\Lib\site-packages\pip\_vendor\packaging\markers.py,
cast,E:\football_v\.venv\Lib\site-packages\pip\_vendor\packaging\markers.py,
_evaluate_markers,E:\football_v\.venv\Lib\site-packages\pip\_vendor\packaging\markers.py,
default_environment,E:\football_v\.venv\Lib\site-packages\pip\_vendor\packaging\markers.py,
_repair_python_full_version,E:\football_v\.venv\Lib\site-packages\pip\_vendor\packaging\markers.py,
KeyError,E:\football_v\.venv\Lib\site-packages\pip\_vendor\packaging\metadata.py,
max,E:\football_v\.venv\Lib\site-packages\pip\_vendor\packaging\metadata.py,
len,E:\football_v\.venv\Lib\site-packages\pip\_vendor\packaging\metadata.py,
isinstance,E:\football_v\.venv\Lib\site-packages\pip\_vendor\packaging\metadata.py,
isinstance,E:\football_v\.venv\Lib\site-packages\pip\_vendor\packaging\metadata.py,
isinstance,E:\football_v\.venv\Lib\site-packages\pip\_vendor\packaging\metadata.py,
ValueError,E:\football_v\.venv\Lib\site-packages\pip\_vendor\packaging\metadata.py,
isinstance,E:\football_v\.venv\Lib\site-packages\pip\_vendor\packaging\metadata.py,
frozenset,E:\football_v\.venv\Lib\site-packages\pip\_vendor\packaging\metadata.py,
_get_payload,E:\football_v\.venv\Lib\site-packages\pip\_vendor\packaging\metadata.py,
cast,E:\football_v\.venv\Lib\site-packages\pip\_vendor\packaging\metadata.py,
isinstance,E:\football_v\.venv\Lib\site-packages\pip\_vendor\packaging\metadata.py,
isinstance,E:\football_v\.venv\Lib\site-packages\pip\_vendor\packaging\metadata.py,
len,E:\football_v\.venv\Lib\site-packages\pip\_vendor\packaging\metadata.py,
cast,E:\football_v\.venv\Lib\site-packages\pip\_vendor\packaging\metadata.py,
str,E:\football_v\.venv\Lib\site-packages\pip\_vendor\packaging\metadata.py,
_parse_keywords,E:\football_v\.venv\Lib\site-packages\pip\_vendor\packaging\metadata.py,
len,E:\football_v\.venv\Lib\site-packages\pip\_vendor\packaging\metadata.py,
isinstance,E:\football_v\.venv\Lib\site-packages\pip\_vendor\packaging\metadata.py,
_parse_project_urls,E:\football_v\.venv\Lib\site-packages\pip\_vendor\packaging\metadata.py,
super,E:\football_v\.venv\Lib\site-packages\pip\_vendor\packaging\metadata.py,
cast,E:\football_v\.venv\Lib\site-packages\pip\_vendor\packaging\metadata.py,
getattr,E:\football_v\.venv\Lib\site-packages\pip\_vendor\packaging\metadata.py,
converter,E:\football_v\.venv\Lib\site-packages\pip\_vendor\packaging\metadata.py,
InvalidMetadata,E:\football_v\.venv\Lib\site-packages\pip\_vendor\packaging\metadata.py,
repr,E:\football_v\.venv\Lib\site-packages\pip\_vendor\packaging\metadata.py,
cast,E:\football_v\.venv\Lib\site-packages\pip\_vendor\packaging\metadata.py,
list,E:\football_v\.venv\Lib\site-packages\pip\_vendor\packaging\metadata.py,
list,E:\football_v\.venv\Lib\site-packages\pip\_vendor\packaging\metadata.py,
list,E:\football_v\.venv\Lib\site-packages\pip\_vendor\packaging\metadata.py,
map,E:\football_v\.venv\Lib\site-packages\pip\_vendor\packaging\metadata.py,
list,E:\football_v\.venv\Lib\site-packages\pip\_vendor\packaging\metadata.py,
map,E:\football_v\.venv\Lib\site-packages\pip\_vendor\packaging\metadata.py,
cls,E:\football_v\.venv\Lib\site-packages\pip\_vendor\packaging\metadata.py,
frozenset,E:\football_v\.venv\Lib\site-packages\pip\_vendor\packaging\metadata.py,
ExceptionGroup,E:\football_v\.venv\Lib\site-packages\pip\_vendor\packaging\metadata.py,
getattr,E:\football_v\.venv\Lib\site-packages\pip\_vendor\packaging\metadata.py,
InvalidMetadata,E:\football_v\.venv\Lib\site-packages\pip\_vendor\packaging\metadata.py,
InvalidMetadata,E:\football_v\.venv\Lib\site-packages\pip\_vendor\packaging\metadata.py,
parse_email,E:\football_v\.venv\Lib\site-packages\pip\_vendor\packaging\metadata.py,
ExceptionGroup,E:\football_v\.venv\Lib\site-packages\pip\_vendor\packaging\metadata.py,
ExceptionGroup,E:\football_v\.venv\Lib\site-packages\pip\_vendor\packaging\metadata.py,
InvalidMetadata,E:\football_v\.venv\Lib\site-packages\pip\_vendor\packaging\metadata.py,
set,E:\football_v\.venv\Lib\site-packages\pip\_vendor\packaging\requirements.py,
SpecifierSet,E:\football_v\.venv\Lib\site-packages\pip\_vendor\packaging\requirements.py,
_parse_requirement,E:\football_v\.venv\Lib\site-packages\pip\_vendor\packaging\requirements.py,
_normalize_extra_values,E:\football_v\.venv\Lib\site-packages\pip\_vendor\packaging\requirements.py,
InvalidRequirement,E:\football_v\.venv\Lib\site-packages\pip\_vendor\packaging\requirements.py,
str,E:\football_v\.venv\Lib\site-packages\pip\_vendor\packaging\requirements.py,
sorted,E:\football_v\.venv\Lib\site-packages\pip\_vendor\packaging\requirements.py,
str,E:\football_v\.venv\Lib\site-packages\pip\_vendor\packaging\requirements.py,
hash,E:\football_v\.venv\Lib\site-packages\pip\_vendor\packaging\requirements.py,
canonicalize_name,E:\football_v\.venv\Lib\site-packages\pip\_vendor\packaging\requirements.py,
isinstance,E:\football_v\.venv\Lib\site-packages\pip\_vendor\packaging\requirements.py,
canonicalize_name,E:\football_v\.venv\Lib\site-packages\pip\_vendor\packaging\requirements.py,
canonicalize_name,E:\football_v\.venv\Lib\site-packages\pip\_vendor\packaging\requirements.py,
isinstance,E:\football_v\.venv\Lib\site-packages\pip\_vendor\packaging\specifiers.py,
Version,E:\football_v\.venv\Lib\site-packages\pip\_vendor\packaging\specifiers.py,
any,E:\football_v\.venv\Lib\site-packages\pip\_vendor\packaging\specifiers.py,
list,E:\football_v\.venv\Lib\site-packages\pip\_vendor\packaging\specifiers.py,
list,E:\football_v\.venv\Lib\site-packages\pip\_vendor\packaging\specifiers.py,
list,E:\football_v\.venv\Lib\site-packages\pip\_vendor\packaging\specifiers.py,
list,E:\football_v\.venv\Lib\site-packages\pip\_vendor\packaging\specifiers.py,
max,E:\football_v\.venv\Lib\site-packages\pip\_vendor\packaging\specifiers.py,
max,E:\football_v\.venv\Lib\site-packages\pip\_vendor\packaging\specifiers.py,
len,E:\football_v\.venv\Lib\site-packages\pip\_vendor\packaging\specifiers.py,
len,E:\football_v\.venv\Lib\site-packages\pip\_vendor\packaging\specifiers.py,
len,E:\football_v\.venv\Lib\site-packages\pip\_vendor\packaging\specifiers.py,
len,E:\football_v\.venv\Lib\site-packages\pip\_vendor\packaging\specifiers.py,
len,E:\football_v\.venv\Lib\site-packages\pip\_vendor\packaging\specifiers.py,
len,E:\football_v\.venv\Lib\site-packages\pip\_vendor\packaging\specifiers.py,
InvalidSpecifier,E:\football_v\.venv\Lib\site-packages\pip\_vendor\packaging\specifiers.py,
Version,E:\football_v\.venv\Lib\site-packages\pip\_vendor\packaging\specifiers.py,
str,E:\football_v\.venv\Lib\site-packages\pip\_vendor\packaging\specifiers.py,
canonicalize_version,E:\football_v\.venv\Lib\site-packages\pip\_vendor\packaging\specifiers.py,
hash,E:\football_v\.venv\Lib\site-packages\pip\_vendor\packaging\specifiers.py,
isinstance,E:\football_v\.venv\Lib\site-packages\pip\_vendor\packaging\specifiers.py,
isinstance,E:\football_v\.venv\Lib\site-packages\pip\_vendor\packaging\specifiers.py,
str,E:\football_v\.venv\Lib\site-packages\pip\_vendor\packaging\specifiers.py,
getattr,E:\football_v\.venv\Lib\site-packages\pip\_vendor\packaging\specifiers.py,
_version_join,E:\football_v\.venv\Lib\site-packages\pip\_vendor\packaging\specifiers.py,
list,E:\football_v\.venv\Lib\site-packages\pip\_vendor\packaging\specifiers.py,
_version_split,E:\football_v\.venv\Lib\site-packages\pip\_vendor\packaging\specifiers.py,
canonicalize_version,E:\football_v\.venv\Lib\site-packages\pip\_vendor\packaging\specifiers.py,
canonicalize_version,E:\football_v\.venv\Lib\site-packages\pip\_vendor\packaging\specifiers.py,
_version_split,E:\football_v\.venv\Lib\site-packages\pip\_vendor\packaging\specifiers.py,
_version_split,E:\football_v\.venv\Lib\site-packages\pip\_vendor\packaging\specifiers.py,
_pad_version,E:\football_v\.venv\Lib\site-packages\pip\_vendor\packaging\specifiers.py,
Version,E:\football_v\.venv\Lib\site-packages\pip\_vendor\packaging\specifiers.py,
Version,E:\football_v\.venv\Lib\site-packages\pip\_vendor\packaging\specifiers.py,
len,E:\football_v\.venv\Lib\site-packages\pip\_vendor\packaging\specifiers.py,
Version,E:\football_v\.venv\Lib\site-packages\pip\_vendor\packaging\specifiers.py,
Version,E:\football_v\.venv\Lib\site-packages\pip\_vendor\packaging\specifiers.py,
Version,E:\football_v\.venv\Lib\site-packages\pip\_vendor\packaging\specifiers.py,
Version,E:\football_v\.venv\Lib\site-packages\pip\_vendor\packaging\specifiers.py,
Version,E:\football_v\.venv\Lib\site-packages\pip\_vendor\packaging\specifiers.py,
Version,E:\football_v\.venv\Lib\site-packages\pip\_vendor\packaging\specifiers.py,
Version,E:\football_v\.venv\Lib\site-packages\pip\_vendor\packaging\specifiers.py,
Version,E:\football_v\.venv\Lib\site-packages\pip\_vendor\packaging\specifiers.py,
Version,E:\football_v\.venv\Lib\site-packages\pip\_vendor\packaging\specifiers.py,
Version,E:\football_v\.venv\Lib\site-packages\pip\_vendor\packaging\specifiers.py,
Version,E:\football_v\.venv\Lib\site-packages\pip\_vendor\packaging\specifiers.py,
Version,E:\football_v\.venv\Lib\site-packages\pip\_vendor\packaging\specifiers.py,
str,E:\football_v\.venv\Lib\site-packages\pip\_vendor\packaging\specifiers.py,
str,E:\football_v\.venv\Lib\site-packages\pip\_vendor\packaging\specifiers.py,
_coerce_version,E:\football_v\.venv\Lib\site-packages\pip\_vendor\packaging\specifiers.py,
operator_callable,E:\football_v\.venv\Lib\site-packages\pip\_vendor\packaging\specifiers.py,
_coerce_version,E:\football_v\.venv\Lib\site-packages\pip\_vendor\packaging\specifiers.py,
isinstance,E:\football_v\.venv\Lib\site-packages\pip\_vendor\packaging\specifiers.py,
frozenset,E:\football_v\.venv\Lib\site-packages\pip\_vendor\packaging\specifiers.py,
frozenset,E:\football_v\.venv\Lib\site-packages\pip\_vendor\packaging\specifiers.py,
map,E:\football_v\.venv\Lib\site-packages\pip\_vendor\packaging\specifiers.py,
any,E:\football_v\.venv\Lib\site-packages\pip\_vendor\packaging\specifiers.py,
str,E:\football_v\.venv\Lib\site-packages\pip\_vendor\packaging\specifiers.py,
sorted,E:\football_v\.venv\Lib\site-packages\pip\_vendor\packaging\specifiers.py,
str,E:\football_v\.venv\Lib\site-packages\pip\_vendor\packaging\specifiers.py,
hash,E:\football_v\.venv\Lib\site-packages\pip\_vendor\packaging\specifiers.py,
isinstance,E:\football_v\.venv\Lib\site-packages\pip\_vendor\packaging\specifiers.py,
SpecifierSet,E:\football_v\.venv\Lib\site-packages\pip\_vendor\packaging\specifiers.py,
frozenset,E:\football_v\.venv\Lib\site-packages\pip\_vendor\packaging\specifiers.py,
SpecifierSet,E:\football_v\.venv\Lib\site-packages\pip\_vendor\packaging\specifiers.py,
isinstance,E:\football_v\.venv\Lib\site-packages\pip\_vendor\packaging\specifiers.py,
ValueError,E:\football_v\.venv\Lib\site-packages\pip\_vendor\packaging\specifiers.py,
isinstance,E:\football_v\.venv\Lib\site-packages\pip\_vendor\packaging\specifiers.py,
SpecifierSet,E:\football_v\.venv\Lib\site-packages\pip\_vendor\packaging\specifiers.py,
str,E:\football_v\.venv\Lib\site-packages\pip\_vendor\packaging\specifiers.py,
isinstance,E:\football_v\.venv\Lib\site-packages\pip\_vendor\packaging\specifiers.py,
len,E:\football_v\.venv\Lib\site-packages\pip\_vendor\packaging\specifiers.py,
iter,E:\football_v\.venv\Lib\site-packages\pip\_vendor\packaging\specifiers.py,
all,E:\football_v\.venv\Lib\site-packages\pip\_vendor\packaging\specifiers.py,
isinstance,E:\football_v\.venv\Lib\site-packages\pip\_vendor\packaging\specifiers.py,
Version,E:\football_v\.venv\Lib\site-packages\pip\_vendor\packaging\specifiers.py,
Version,E:\football_v\.venv\Lib\site-packages\pip\_vendor\packaging\specifiers.py,
iter,E:\football_v\.venv\Lib\site-packages\pip\_vendor\packaging\specifiers.py,
iter,E:\football_v\.venv\Lib\site-packages\pip\_vendor\packaging\specifiers.py,
_coerce_version,E:\football_v\.venv\Lib\site-packages\pip\_vendor\packaging\specifiers.py,
iter,E:\football_v\.venv\Lib\site-packages\pip\_vendor\packaging\specifiers.py,
bool,E:\football_v\.venv\Lib\site-packages\pip\_vendor\packaging\specifiers.py,
set,E:\football_v\.venv\Lib\site-packages\pip\_vendor\packaging\tags.py,
frozenset,E:\football_v\.venv\Lib\site-packages\pip\_vendor\packaging\tags.py,
Tag,E:\football_v\.venv\Lib\site-packages\pip\_vendor\packaging\tags.py,
len,E:\football_v\.venv\Lib\site-packages\pip\_vendor\packaging\tags.py,
len,E:\football_v\.venv\Lib\site-packages\pip\_vendor\packaging\tags.py,
tuple,E:\football_v\.venv\Lib\site-packages\pip\_vendor\packaging\tags.py,
tuple,E:\football_v\.venv\Lib\site-packages\pip\_vendor\packaging\tags.py,
_version_nodot,E:\football_v\.venv\Lib\site-packages\pip\_vendor\packaging\tags.py,
_get_config_var,E:\football_v\.venv\Lib\site-packages\pip\_vendor\packaging\tags.py,
hasattr,E:\football_v\.venv\Lib\site-packages\pip\_vendor\packaging\tags.py,
_get_config_var,E:\football_v\.venv\Lib\site-packages\pip\_vendor\packaging\tags.py,
_get_config_var,E:\football_v\.venv\Lib\site-packages\pip\_vendor\packaging\tags.py,
_get_config_var,E:\football_v\.venv\Lib\site-packages\pip\_vendor\packaging\tags.py,
list,E:\football_v\.venv\Lib\site-packages\pip\_vendor\packaging\tags.py,
list,E:\football_v\.venv\Lib\site-packages\pip\_vendor\packaging\tags.py,
_is_threaded_cpython,E:\football_v\.venv\Lib\site-packages\pip\_vendor\packaging\tags.py,
_abi3_applies,E:\football_v\.venv\Lib\site-packages\pip\_vendor\packaging\tags.py,
range,E:\football_v\.venv\Lib\site-packages\pip\_vendor\packaging\tags.py,
_version_nodot,E:\football_v\.venv\Lib\site-packages\pip\_vendor\packaging\tags.py,
len,E:\football_v\.venv\Lib\site-packages\pip\_vendor\packaging\tags.py,
_cpython_abis,E:\football_v\.venv\Lib\site-packages\pip\_vendor\packaging\tags.py,
platform_tags,E:\football_v\.venv\Lib\site-packages\pip\_vendor\packaging\tags.py,
Tag,E:\football_v\.venv\Lib\site-packages\pip\_vendor\packaging\tags.py,
Tag,E:\football_v\.venv\Lib\site-packages\pip\_vendor\packaging\tags.py,
Tag,E:\football_v\.venv\Lib\site-packages\pip\_vendor\packaging\tags.py,
_version_nodot,E:\football_v\.venv\Lib\site-packages\pip\_vendor\packaging\tags.py,
Tag,E:\football_v\.venv\Lib\site-packages\pip\_vendor\packaging\tags.py,
_get_config_var,E:\football_v\.venv\Lib\site-packages\pip\_vendor\packaging\tags.py,
SystemError,E:\football_v\.venv\Lib\site-packages\pip\_vendor\packaging\tags.py,
len,E:\football_v\.venv\Lib\site-packages\pip\_vendor\packaging\tags.py,
_cpython_abis,E:\football_v\.venv\Lib\site-packages\pip\_vendor\packaging\tags.py,
_normalize_string,E:\football_v\.venv\Lib\site-packages\pip\_vendor\packaging\tags.py,
isinstance,E:\football_v\.venv\Lib\site-packages\pip\_vendor\packaging\tags.py,
list,E:\football_v\.venv\Lib\site-packages\pip\_vendor\packaging\tags.py,
interpreter_name,E:\football_v\.venv\Lib\site-packages\pip\_vendor\packaging\tags.py,
interpreter_version,E:\football_v\.venv\Lib\site-packages\pip\_vendor\packaging\tags.py,
_generic_abi,E:\football_v\.venv\Lib\site-packages\pip\_vendor\packaging\tags.py,
list,E:\football_v\.venv\Lib\site-packages\pip\_vendor\packaging\tags.py,
platform_tags,E:\football_v\.venv\Lib\site-packages\pip\_vendor\packaging\tags.py,
Tag,E:\football_v\.venv\Lib\site-packages\pip\_vendor\packaging\tags.py,
len,E:\football_v\.venv\Lib\site-packages\pip\_vendor\packaging\tags.py,
len,E:\football_v\.venv\Lib\site-packages\pip\_vendor\packaging\tags.py,
range,E:\football_v\.venv\Lib\site-packages\pip\_vendor\packaging\tags.py,
_version_nodot,E:\football_v\.venv\Lib\site-packages\pip\_vendor\packaging\tags.py,
_version_nodot,E:\football_v\.venv\Lib\site-packages\pip\_vendor\packaging\tags.py,
list,E:\football_v\.venv\Lib\site-packages\pip\_vendor\packaging\tags.py,
_py_interpreter_range,E:\football_v\.venv\Lib\site-packages\pip\_vendor\packaging\tags.py,
_py_interpreter_range,E:\football_v\.venv\Lib\site-packages\pip\_vendor\packaging\tags.py,
platform_tags,E:\football_v\.venv\Lib\site-packages\pip\_vendor\packaging\tags.py,
Tag,E:\football_v\.venv\Lib\site-packages\pip\_vendor\packaging\tags.py,
Tag,E:\football_v\.venv\Lib\site-packages\pip\_vendor\packaging\tags.py,
Tag,E:\football_v\.venv\Lib\site-packages\pip\_vendor\packaging\tags.py,
cast,E:\football_v\.venv\Lib\site-packages\pip\_vendor\packaging\tags.py,
_mac_arch,E:\football_v\.venv\Lib\site-packages\pip\_vendor\packaging\tags.py,
range,E:\football_v\.venv\Lib\site-packages\pip\_vendor\packaging\tags.py,
range,E:\football_v\.venv\Lib\site-packages\pip\_vendor\packaging\tags.py,
tuple,E:\football_v\.venv\Lib\site-packages\pip\_vendor\packaging\tags.py,
cast,E:\football_v\.venv\Lib\site-packages\pip\_vendor\packaging\tags.py,
_mac_binary_formats,E:\football_v\.venv\Lib\site-packages\pip\_vendor\packaging\tags.py,
_mac_binary_formats,E:\football_v\.venv\Lib\site-packages\pip\_vendor\packaging\tags.py,
range,E:\football_v\.venv\Lib\site-packages\pip\_vendor\packaging\tags.py,
range,E:\football_v\.venv\Lib\site-packages\pip\_vendor\packaging\tags.py,
map,E:\football_v\.venv\Lib\site-packages\pip\_vendor\packaging\tags.py,
tuple,E:\football_v\.venv\Lib\site-packages\pip\_vendor\packaging\tags.py,
_mac_binary_formats,E:\football_v\.venv\Lib\site-packages\pip\_vendor\packaging\tags.py,
map,E:\football_v\.venv\Lib\site-packages\pip\_vendor\packaging\tags.py,
range,E:\football_v\.venv\Lib\site-packages\pip\_vendor\packaging\tags.py,
range,E:\football_v\.venv\Lib\site-packages\pip\_vendor\packaging\tags.py,
cast,E:\football_v\.venv\Lib\site-packages\pip\_vendor\packaging\tags.py,
range,E:\football_v\.venv\Lib\site-packages\pip\_vendor\packaging\tags.py,
tuple,E:\football_v\.venv\Lib\site-packages\pip\_vendor\packaging\tags.py,
map,E:\football_v\.venv\Lib\site-packages\pip\_vendor\packaging\tags.py,
_normalize_string,E:\football_v\.venv\Lib\site-packages\pip\_vendor\packaging\tags.py,
_normalize_string,E:\football_v\.venv\Lib\site-packages\pip\_vendor\packaging\tags.py,
mac_platforms,E:\football_v\.venv\Lib\site-packages\pip\_vendor\packaging\tags.py,
ios_platforms,E:\football_v\.venv\Lib\site-packages\pip\_vendor\packaging\tags.py,
_linux_platforms,E:\football_v\.venv\Lib\site-packages\pip\_vendor\packaging\tags.py,
_generic_platforms,E:\football_v\.venv\Lib\site-packages\pip\_vendor\packaging\tags.py,
_get_config_var,E:\football_v\.venv\Lib\site-packages\pip\_vendor\packaging\tags.py,
str,E:\football_v\.venv\Lib\site-packages\pip\_vendor\packaging\tags.py,
_version_nodot,E:\football_v\.venv\Lib\site-packages\pip\_vendor\packaging\tags.py,
map,E:\football_v\.venv\Lib\site-packages\pip\_vendor\packaging\tags.py,
interpreter_name,E:\football_v\.venv\Lib\site-packages\pip\_vendor\packaging\tags.py,
compatible_tags,E:\football_v\.venv\Lib\site-packages\pip\_vendor\packaging\tags.py,
cpython_tags,E:\football_v\.venv\Lib\site-packages\pip\_vendor\packaging\tags.py,
generic_tags,E:\football_v\.venv\Lib\site-packages\pip\_vendor\packaging\tags.py,
interpreter_version,E:\football_v\.venv\Lib\site-packages\pip\_vendor\packaging\tags.py,
hash,E:\football_v\.venv\Lib\site-packages\pip\_vendor\packaging\tags.py,
isinstance,E:\football_v\.venv\Lib\site-packages\pip\_vendor\packaging\tags.py,
id,E:\football_v\.venv\Lib\site-packages\pip\_vendor\packaging\tags.py,
cast,E:\football_v\.venv\Lib\site-packages\pip\_vendor\packaging\utils.py,
InvalidName,E:\football_v\.venv\Lib\site-packages\pip\_vendor\packaging\utils.py,
str,E:\football_v\.venv\Lib\site-packages\pip\_vendor\packaging\utils.py,
_TrimmedRelease,E:\football_v\.venv\Lib\site-packages\pip\_vendor\packaging\utils.py,
str,E:\football_v\.venv\Lib\site-packages\pip\_vendor\packaging\utils.py,
canonicalize_version,E:\football_v\.venv\Lib\site-packages\pip\_vendor\packaging\utils.py,
Version,E:\football_v\.venv\Lib\site-packages\pip\_vendor\packaging\utils.py,
canonicalize_name,E:\football_v\.venv\Lib\site-packages\pip\_vendor\packaging\utils.py,
parse_tag,E:\football_v\.venv\Lib\site-packages\pip\_vendor\packaging\utils.py,
InvalidWheelFilename,E:\football_v\.venv\Lib\site-packages\pip\_vendor\packaging\utils.py,
InvalidWheelFilename,E:\football_v\.venv\Lib\site-packages\pip\_vendor\packaging\utils.py,
InvalidWheelFilename,E:\football_v\.venv\Lib\site-packages\pip\_vendor\packaging\utils.py,
Version,E:\football_v\.venv\Lib\site-packages\pip\_vendor\packaging\utils.py,
cast,E:\football_v\.venv\Lib\site-packages\pip\_vendor\packaging\utils.py,
InvalidWheelFilename,E:\football_v\.venv\Lib\site-packages\pip\_vendor\packaging\utils.py,
InvalidWheelFilename,E:\football_v\.venv\Lib\site-packages\pip\_vendor\packaging\utils.py,
int,E:\football_v\.venv\Lib\site-packages\pip\_vendor\packaging\utils.py,
canonicalize_name,E:\football_v\.venv\Lib\site-packages\pip\_vendor\packaging\utils.py,
InvalidSdistFilename,E:\football_v\.venv\Lib\site-packages\pip\_vendor\packaging\utils.py,
Version,E:\football_v\.venv\Lib\site-packages\pip\_vendor\packaging\utils.py,
InvalidSdistFilename,E:\football_v\.venv\Lib\site-packages\pip\_vendor\packaging\utils.py,
InvalidSdistFilename,E:\football_v\.venv\Lib\site-packages\pip\_vendor\packaging\utils.py,
len,E:\football_v\.venv\Lib\site-packages\pip\_vendor\packaging\utils.py,
len,E:\football_v\.venv\Lib\site-packages\pip\_vendor\packaging\utils.py,
Version,E:\football_v\.venv\Lib\site-packages\pip\_vendor\packaging\version.py,
int,E:\football_v\.venv\Lib\site-packages\pip\_vendor\packaging\version.py,
int,E:\football_v\.venv\Lib\site-packages\pip\_vendor\packaging\version.py,
tuple,E:\football_v\.venv\Lib\site-packages\pip\_vendor\packaging\version.py,
int,E:\football_v\.venv\Lib\site-packages\pip\_vendor\packaging\version.py,
tuple,E:\football_v\.venv\Lib\site-packages\pip\_vendor\packaging\version.py,
reversed,E:\football_v\.venv\Lib\site-packages\pip\_vendor\packaging\version.py,
tuple,E:\football_v\.venv\Lib\site-packages\pip\_vendor\packaging\version.py,
list,E:\football_v\.venv\Lib\site-packages\pip\_vendor\packaging\version.py,
reversed,E:\football_v\.venv\Lib\site-packages\pip\_vendor\packaging\version.py,
isinstance,E:\football_v\.venv\Lib\site-packages\pip\_vendor\packaging\version.py,
hash,E:\football_v\.venv\Lib\site-packages\pip\_vendor\packaging\version.py,
isinstance,E:\football_v\.venv\Lib\site-packages\pip\_vendor\packaging\version.py,
isinstance,E:\football_v\.venv\Lib\site-packages\pip\_vendor\packaging\version.py,
isinstance,E:\football_v\.venv\Lib\site-packages\pip\_vendor\packaging\version.py,
isinstance,E:\football_v\.venv\Lib\site-packages\pip\_vendor\packaging\version.py,
isinstance,E:\football_v\.venv\Lib\site-packages\pip\_vendor\packaging\version.py,
isinstance,E:\football_v\.venv\Lib\site-packages\pip\_vendor\packaging\version.py,
_Version,E:\football_v\.venv\Lib\site-packages\pip\_vendor\packaging\version.py,
_cmpkey,E:\football_v\.venv\Lib\site-packages\pip\_vendor\packaging\version.py,
InvalidVersion,E:\football_v\.venv\Lib\site-packages\pip\_vendor\packaging\version.py,
tuple,E:\football_v\.venv\Lib\site-packages\pip\_vendor\packaging\version.py,
_parse_letter_version,E:\football_v\.venv\Lib\site-packages\pip\_vendor\packaging\version.py,
_parse_letter_version,E:\football_v\.venv\Lib\site-packages\pip\_vendor\packaging\version.py,
_parse_letter_version,E:\football_v\.venv\Lib\site-packages\pip\_vendor\packaging\version.py,
_parse_local_version,E:\football_v\.venv\Lib\site-packages\pip\_vendor\packaging\version.py,
int,E:\football_v\.venv\Lib\site-packages\pip\_vendor\packaging\version.py,
int,E:\football_v\.venv\Lib\site-packages\pip\_vendor\packaging\version.py,
str,E:\football_v\.venv\Lib\site-packages\pip\_vendor\packaging\version.py,
str,E:\football_v\.venv\Lib\site-packages\pip\_vendor\packaging\version.py,
str,E:\football_v\.venv\Lib\site-packages\pip\_vendor\packaging\version.py,
str,E:\football_v\.venv\Lib\site-packages\pip\_vendor\packaging\version.py,
str,E:\football_v\.venv\Lib\site-packages\pip\_vendor\packaging\version.py,
len,E:\football_v\.venv\Lib\site-packages\pip\_vendor\packaging\version.py,
len,E:\football_v\.venv\Lib\site-packages\pip\_vendor\packaging\version.py,
len,E:\football_v\.venv\Lib\site-packages\pip\_vendor\packaging\version.py,
max,E:\football_v\.venv\Lib\site-packages\pip\_vendor\packaging\version.py,
super,E:\football_v\.venv\Lib\site-packages\pip\_vendor\packaging\version.py,
enumerate,E:\football_v\.venv\Lib\site-packages\pip\_vendor\packaging\version.py,
bytes,E:\football_v\.venv\Lib\site-packages\pip\_vendor\packaging\_elffile.py,
ELFInvalid,E:\football_v\.venv\Lib\site-packages\pip\_vendor\packaging\_elffile.py,
ELFInvalid,E:\football_v\.venv\Lib\site-packages\pip\_vendor\packaging\_elffile.py,
ELFInvalid,E:\football_v\.venv\Lib\site-packages\pip\_vendor\packaging\_elffile.py,
ELFInvalid,E:\football_v\.venv\Lib\site-packages\pip\_vendor\packaging\_elffile.py,
range,E:\football_v\.venv\Lib\site-packages\pip\_vendor\packaging\_elffile.py,
open,E:\football_v\.venv\Lib\site-packages\pip\_vendor\packaging\_manylinux.py,
ELFFile,E:\football_v\.venv\Lib\site-packages\pip\_vendor\packaging\_manylinux.py,
_parse_elf,E:\football_v\.venv\Lib\site-packages\pip\_vendor\packaging\_manylinux.py,
_parse_elf,E:\football_v\.venv\Lib\site-packages\pip\_vendor\packaging\_manylinux.py,
any,E:\football_v\.venv\Lib\site-packages\pip\_vendor\packaging\_manylinux.py,
_is_linux_armhf,E:\football_v\.venv\Lib\site-packages\pip\_vendor\packaging\_manylinux.py,
_is_linux_i686,E:\football_v\.venv\Lib\site-packages\pip\_vendor\packaging\_manylinux.py,
gnu_get_libc_version,E:\football_v\.venv\Lib\site-packages\pip\_vendor\packaging\_manylinux.py,
isinstance,E:\football_v\.venv\Lib\site-packages\pip\_vendor\packaging\_manylinux.py,
_glibc_version_string_confstr,E:\football_v\.venv\Lib\site-packages\pip\_vendor\packaging\_manylinux.py,
_glibc_version_string_ctypes,E:\football_v\.venv\Lib\site-packages\pip\_vendor\packaging\_manylinux.py,
int,E:\football_v\.venv\Lib\site-packages\pip\_vendor\packaging\_manylinux.py,
int,E:\football_v\.venv\Lib\site-packages\pip\_vendor\packaging\_manylinux.py,
_glibc_version_string,E:\football_v\.venv\Lib\site-packages\pip\_vendor\packaging\_manylinux.py,
_parse_glibc_version,E:\football_v\.venv\Lib\site-packages\pip\_vendor\packaging\_manylinux.py,
_get_glibc_version,E:\football_v\.venv\Lib\site-packages\pip\_vendor\packaging\_manylinux.py,
hasattr,E:\football_v\.venv\Lib\site-packages\pip\_vendor\packaging\_manylinux.py,
_GLibCVersion,E:\football_v\.venv\Lib\site-packages\pip\_vendor\packaging\_manylinux.py,
hasattr,E:\football_v\.venv\Lib\site-packages\pip\_vendor\packaging\_manylinux.py,
_GLibCVersion,E:\football_v\.venv\Lib\site-packages\pip\_vendor\packaging\_manylinux.py,
hasattr,E:\football_v\.venv\Lib\site-packages\pip\_vendor\packaging\_manylinux.py,
_GLibCVersion,E:\football_v\.venv\Lib\site-packages\pip\_vendor\packaging\_manylinux.py,
hasattr,E:\football_v\.venv\Lib\site-packages\pip\_vendor\packaging\_manylinux.py,
bool,E:\football_v\.venv\Lib\site-packages\pip\_vendor\packaging\_manylinux.py,
bool,E:\football_v\.venv\Lib\site-packages\pip\_vendor\packaging\_manylinux.py,
bool,E:\football_v\.venv\Lib\site-packages\pip\_vendor\packaging\_manylinux.py,
bool,E:\football_v\.venv\Lib\site-packages\pip\_vendor\packaging\_manylinux.py,
_GLibCVersion,E:\football_v\.venv\Lib\site-packages\pip\_vendor\packaging\_manylinux.py,
_GLibCVersion,E:\football_v\.venv\Lib\site-packages\pip\_vendor\packaging\_manylinux.py,
range,E:\football_v\.venv\Lib\site-packages\pip\_vendor\packaging\_manylinux.py,
_have_compatible_abi,E:\football_v\.venv\Lib\site-packages\pip\_vendor\packaging\_manylinux.py,
set,E:\football_v\.venv\Lib\site-packages\pip\_vendor\packaging\_manylinux.py,
_GLibCVersion,E:\football_v\.venv\Lib\site-packages\pip\_vendor\packaging\_manylinux.py,
_get_glibc_version,E:\football_v\.venv\Lib\site-packages\pip\_vendor\packaging\_manylinux.py,
_GLibCVersion,E:\football_v\.venv\Lib\site-packages\pip\_vendor\packaging\_manylinux.py,
range,E:\football_v\.venv\Lib\site-packages\pip\_vendor\packaging\_manylinux.py,
_GLibCVersion,E:\football_v\.venv\Lib\site-packages\pip\_vendor\packaging\_manylinux.py,
_is_compatible,E:\football_v\.venv\Lib\site-packages\pip\_vendor\packaging\_manylinux.py,
_is_compatible,E:\football_v\.venv\Lib\site-packages\pip\_vendor\packaging\_manylinux.py,
_MuslVersion,E:\football_v\.venv\Lib\site-packages\pip\_vendor\packaging\_musllinux.py,
len,E:\football_v\.venv\Lib\site-packages\pip\_vendor\packaging\_musllinux.py,
int,E:\football_v\.venv\Lib\site-packages\pip\_vendor\packaging\_musllinux.py,
int,E:\football_v\.venv\Lib\site-packages\pip\_vendor\packaging\_musllinux.py,
_parse_musl_version,E:\football_v\.venv\Lib\site-packages\pip\_vendor\packaging\_musllinux.py,
open,E:\football_v\.venv\Lib\site-packages\pip\_vendor\packaging\_musllinux.py,
ELFFile,E:\football_v\.venv\Lib\site-packages\pip\_vendor\packaging\_musllinux.py,
_get_musl_version,E:\football_v\.venv\Lib\site-packages\pip\_vendor\packaging\_musllinux.py,
range,E:\football_v\.venv\Lib\site-packages\pip\_vendor\packaging\_musllinux.py,
_parse_requirement,E:\football_v\.venv\Lib\site-packages\pip\_vendor\packaging\_parser.py,
Tokenizer,E:\football_v\.venv\Lib\site-packages\pip\_vendor\packaging\_parser.py,
_parse_extras,E:\football_v\.venv\Lib\site-packages\pip\_vendor\packaging\_parser.py,
_parse_requirement_details,E:\football_v\.venv\Lib\site-packages\pip\_vendor\packaging\_parser.py,
ParsedRequirement,E:\football_v\.venv\Lib\site-packages\pip\_vendor\packaging\_parser.py,
_parse_requirement_marker,E:\football_v\.venv\Lib\site-packages\pip\_vendor\packaging\_parser.py,
_parse_specifier,E:\football_v\.venv\Lib\site-packages\pip\_vendor\packaging\_parser.py,
_parse_requirement_marker,E:\football_v\.venv\Lib\site-packages\pip\_vendor\packaging\_parser.py,
_parse_marker,E:\football_v\.venv\Lib\site-packages\pip\_vendor\packaging\_parser.py,
_parse_extras_list,E:\football_v\.venv\Lib\site-packages\pip\_vendor\packaging\_parser.py,
_parse_version_many,E:\football_v\.venv\Lib\site-packages\pip\_vendor\packaging\_parser.py,
_parse_full_marker,E:\football_v\.venv\Lib\site-packages\pip\_vendor\packaging\_parser.py,
Tokenizer,E:\football_v\.venv\Lib\site-packages\pip\_vendor\packaging\_parser.py,
_parse_marker,E:\football_v\.venv\Lib\site-packages\pip\_vendor\packaging\_parser.py,
_parse_marker_atom,E:\football_v\.venv\Lib\site-packages\pip\_vendor\packaging\_parser.py,
_parse_marker_atom,E:\football_v\.venv\Lib\site-packages\pip\_vendor\packaging\_parser.py,
_parse_marker_item,E:\football_v\.venv\Lib\site-packages\pip\_vendor\packaging\_parser.py,
_parse_marker,E:\football_v\.venv\Lib\site-packages\pip\_vendor\packaging\_parser.py,
_parse_marker_var,E:\football_v\.venv\Lib\site-packages\pip\_vendor\packaging\_parser.py,
_parse_marker_op,E:\football_v\.venv\Lib\site-packages\pip\_vendor\packaging\_parser.py,
_parse_marker_var,E:\football_v\.venv\Lib\site-packages\pip\_vendor\packaging\_parser.py,
process_env_var,E:\football_v\.venv\Lib\site-packages\pip\_vendor\packaging\_parser.py,
process_python_str,E:\football_v\.venv\Lib\site-packages\pip\_vendor\packaging\_parser.py,
Variable,E:\football_v\.venv\Lib\site-packages\pip\_vendor\packaging\_parser.py,
Variable,E:\football_v\.venv\Lib\site-packages\pip\_vendor\packaging\_parser.py,
Value,E:\football_v\.venv\Lib\site-packages\pip\_vendor\packaging\_parser.py,
str,E:\football_v\.venv\Lib\site-packages\pip\_vendor\packaging\_parser.py,
Op,E:\football_v\.venv\Lib\site-packages\pip\_vendor\packaging\_parser.py,
Op,E:\football_v\.venv\Lib\site-packages\pip\_vendor\packaging\_parser.py,
Op,E:\football_v\.venv\Lib\site-packages\pip\_vendor\packaging\_parser.py,
str,E:\football_v\.venv\Lib\site-packages\pip\_vendor\packaging\_parser.py,
str,E:\football_v\.venv\Lib\site-packages\pip\_vendor\packaging\_parser.py,
hash,E:\football_v\.venv\Lib\site-packages\pip\_vendor\packaging\_structures.py,
repr,E:\football_v\.venv\Lib\site-packages\pip\_vendor\packaging\_structures.py,
isinstance,E:\football_v\.venv\Lib\site-packages\pip\_vendor\packaging\_structures.py,
hash,E:\football_v\.venv\Lib\site-packages\pip\_vendor\packaging\_structures.py,
repr,E:\football_v\.venv\Lib\site-packages\pip\_vendor\packaging\_structures.py,
isinstance,E:\football_v\.venv\Lib\site-packages\pip\_vendor\packaging\_structures.py,
super,E:\football_v\.venv\Lib\site-packages\pip\_vendor\packaging\_tokenizer.py,
Token,E:\football_v\.venv\Lib\site-packages\pip\_vendor\packaging\_tokenizer.py,
len,E:\football_v\.venv\Lib\site-packages\pip\_vendor\packaging\_tokenizer.py,
ParserSyntaxError,E:\football_v\.venv\Lib\site-packages\pip\_vendor\packaging\_tokenizer.py,
cast,E:\football_v\.venv\Lib\site-packages\pip\_vendor\packaging\licenses\__init__.py,
InvalidLicenseExpression,E:\football_v\.venv\Lib\site-packages\pip\_vendor\packaging\licenses\__init__.py,
eval,E:\football_v\.venv\Lib\site-packages\pip\_vendor\packaging\licenses\__init__.py,
InvalidLicenseExpression,E:\football_v\.venv\Lib\site-packages\pip\_vendor\packaging\licenses\__init__.py,
globals,E:\football_v\.venv\Lib\site-packages\pip\_vendor\packaging\licenses\__init__.py,
locals,E:\football_v\.venv\Lib\site-packages\pip\_vendor\packaging\licenses\__init__.py,
InvalidLicenseExpression,E:\football_v\.venv\Lib\site-packages\pip\_vendor\packaging\licenses\__init__.py,
len,E:\football_v\.venv\Lib\site-packages\pip\_vendor\packaging\licenses\__init__.py,
InvalidLicenseExpression,E:\football_v\.venv\Lib\site-packages\pip\_vendor\packaging\licenses\__init__.py,
InvalidLicenseExpression,E:\football_v\.venv\Lib\site-packages\pip\_vendor\packaging\licenses\__init__.py,
InvalidLicenseExpression,E:\football_v\.venv\Lib\site-packages\pip\_vendor\packaging\licenses\__init__.py,
globals,E:\football_v\.venv\Lib\site-packages\pip\_vendor\pkg_resources\__init__.py,
globals,E:\football_v\.venv\Lib\site-packages\pip\_vendor\pkg_resources\__init__.py,
get_build_platform,E:\football_v\.venv\Lib\site-packages\pip\_vendor\pkg_resources\__init__.py,
_macos_vers,E:\football_v\.venv\Lib\site-packages\pip\_vendor\pkg_resources\__init__.py,
isinstance,E:\football_v\.venv\Lib\site-packages\pip\_vendor\pkg_resources\__init__.py,
getattr,E:\football_v\.venv\Lib\site-packages\pip\_vendor\pkg_resources\__init__.py,
_find_adapter,E:\football_v\.venv\Lib\site-packages\pip\_vendor\pkg_resources\__init__.py,
__import__,E:\football_v\.venv\Lib\site-packages\pip\_vendor\pkg_resources\__init__.py,
require,E:\football_v\.venv\Lib\site-packages\pip\_vendor\pkg_resources\__init__.py,
str,E:\football_v\.venv\Lib\site-packages\pip\_vendor\pkg_resources\__init__.py,
open,E:\football_v\.venv\Lib\site-packages\pip\_vendor\pkg_resources\__init__.py,
get_platform,E:\football_v\.venv\Lib\site-packages\pip\_vendor\pkg_resources\__init__.py,
_macos_vers,E:\football_v\.venv\Lib\site-packages\pip\_vendor\pkg_resources\__init__.py,
int,E:\football_v\.venv\Lib\site-packages\pip\_vendor\pkg_resources\__init__.py,
int,E:\football_v\.venv\Lib\site-packages\pip\_vendor\pkg_resources\__init__.py,
_macos_arch,E:\football_v\.venv\Lib\site-packages\pip\_vendor\pkg_resources\__init__.py,
int,E:\football_v\.venv\Lib\site-packages\pip\_vendor\pkg_resources\__init__.py,
int,E:\football_v\.venv\Lib\site-packages\pip\_vendor\pkg_resources\__init__.py,
int,E:\football_v\.venv\Lib\site-packages\pip\_vendor\pkg_resources\__init__.py,
isinstance,E:\football_v\.venv\Lib\site-packages\pip\_vendor\pkg_resources\__init__.py,
isinstance,E:\football_v\.venv\Lib\site-packages\pip\_vendor\pkg_resources\__init__.py,
get_provider,E:\football_v\.venv\Lib\site-packages\pip\_vendor\pkg_resources\__init__.py,
isinstance,E:\football_v\.venv\Lib\site-packages\pip\_vendor\pkg_resources\__init__.py,
TypeError,E:\football_v\.venv\Lib\site-packages\pip\_vendor\pkg_resources\__init__.py,
get_distribution,E:\football_v\.venv\Lib\site-packages\pip\_vendor\pkg_resources\__init__.py,
get_distribution,E:\football_v\.venv\Lib\site-packages\pip\_vendor\pkg_resources\__init__.py,
get_distribution,E:\football_v\.venv\Lib\site-packages\pip\_vendor\pkg_resources\__init__.py,
_user_cache_dir,E:\football_v\.venv\Lib\site-packages\pip\_vendor\pkg_resources\__init__.py,
str,E:\football_v\.venv\Lib\site-packages\pip\_vendor\pkg_resources\__init__.py,
len,E:\football_v\.venv\Lib\site-packages\pip\_vendor\pkg_resources\__init__.py,
_safe_segment,E:\football_v\.venv\Lib\site-packages\pip\_vendor\pkg_resources\__init__.py,
evaluate_marker,E:\football_v\.venv\Lib\site-packages\pip\_vendor\pkg_resources\__init__.py,
SyntaxError,E:\football_v\.venv\Lib\site-packages\pip\_vendor\pkg_resources\__init__.py,
get_importer,E:\football_v\.venv\Lib\site-packages\pip\_vendor\pkg_resources\__init__.py,
_find_adapter,E:\football_v\.venv\Lib\site-packages\pip\_vendor\pkg_resources\__init__.py,
finder,E:\football_v\.venv\Lib\site-packages\pip\_vendor\pkg_resources\__init__.py,
EggMetadata,E:\football_v\.venv\Lib\site-packages\pip\_vendor\pkg_resources\__init__.py,
_is_egg_path,E:\football_v\.venv\Lib\site-packages\pip\_vendor\pkg_resources\__init__.py,
find_eggs_in_zip,E:\football_v\.venv\Lib\site-packages\pip\_vendor\pkg_resources\__init__.py,
EggMetadata,E:\football_v\.venv\Lib\site-packages\pip\_vendor\pkg_resources\__init__.py,
_normalize_cached,E:\football_v\.venv\Lib\site-packages\pip\_vendor\pkg_resources\__init__.py,
_is_unpacked_egg,E:\football_v\.venv\Lib\site-packages\pip\_vendor\pkg_resources\__init__.py,
sorted,E:\football_v\.venv\Lib\site-packages\pip\_vendor\pkg_resources\__init__.py,
dist_factory,E:\football_v\.venv\Lib\site-packages\pip\_vendor\pkg_resources\__init__.py,
safe_listdir,E:\football_v\.venv\Lib\site-packages\pip\_vendor\pkg_resources\__init__.py,
factory,E:\football_v\.venv\Lib\site-packages\pip\_vendor\pkg_resources\__init__.py,
PathMetadata,E:\football_v\.venv\Lib\site-packages\pip\_vendor\pkg_resources\__init__.py,
_is_egg_path,E:\football_v\.venv\Lib\site-packages\pip\_vendor\pkg_resources\__init__.py,
NoDists,E:\football_v\.venv\Lib\site-packages\pip\_vendor\pkg_resources\__init__.py,
PathMetadata,E:\football_v\.venv\Lib\site-packages\pip\_vendor\pkg_resources\__init__.py,
FileMetadata,E:\football_v\.venv\Lib\site-packages\pip\_vendor\pkg_resources\__init__.py,
len,E:\football_v\.venv\Lib\site-packages\pip\_vendor\pkg_resources\__init__.py,
_read_utf8_with_fallback,E:\football_v\.venv\Lib\site-packages\pip\_vendor\pkg_resources\__init__.py,
non_empty_lines,E:\football_v\.venv\Lib\site-packages\pip\_vendor\pkg_resources\__init__.py,
map,E:\football_v\.venv\Lib\site-packages\pip\_vendor\pkg_resources\__init__.py,
next,E:\football_v\.venv\Lib\site-packages\pip\_vendor\pkg_resources\__init__.py,
get_importer,E:\football_v\.venv\Lib\site-packages\pip\_vendor\pkg_resources\__init__.py,
_find_adapter,E:\football_v\.venv\Lib\site-packages\pip\_vendor\pkg_resources\__init__.py,
handler,E:\football_v\.venv\Lib\site-packages\pip\_vendor\pkg_resources\__init__.py,
_set_parent_ns,E:\football_v\.venv\Lib\site-packages\pip\_vendor\pkg_resources\__init__.py,
_rebuild_mod_path,E:\football_v\.venv\Lib\site-packages\pip\_vendor\pkg_resources\__init__.py,
hasattr,E:\football_v\.venv\Lib\site-packages\pip\_vendor\pkg_resources\__init__.py,
TypeError,E:\football_v\.venv\Lib\site-packages\pip\_vendor\pkg_resources\__init__.py,
sorted,E:\football_v\.venv\Lib\site-packages\pip\_vendor\pkg_resources\__init__.py,
isinstance,E:\football_v\.venv\Lib\site-packages\pip\_vendor\pkg_resources\__init__.py,
_normalize_cached,E:\football_v\.venv\Lib\site-packages\pip\_vendor\pkg_resources\__init__.py,
safe_sys_path_index,E:\football_v\.venv\Lib\site-packages\pip\_vendor\pkg_resources\__init__.py,
_normalize_cached,E:\football_v\.venv\Lib\site-packages\pip\_vendor\pkg_resources\__init__.py,
_normalize_cached,E:\football_v\.venv\Lib\site-packages\pip\_vendor\pkg_resources\__init__.py,
float,E:\football_v\.venv\Lib\site-packages\pip\_vendor\pkg_resources\__init__.py,
declare_namespace,E:\football_v\.venv\Lib\site-packages\pip\_vendor\pkg_resources\__init__.py,
_handle_ns,E:\football_v\.venv\Lib\site-packages\pip\_vendor\pkg_resources\__init__.py,
__import__,E:\football_v\.venv\Lib\site-packages\pip\_vendor\pkg_resources\__init__.py,
TypeError,E:\football_v\.venv\Lib\site-packages\pip\_vendor\pkg_resources\__init__.py,
_handle_ns,E:\football_v\.venv\Lib\site-packages\pip\_vendor\pkg_resources\__init__.py,
fixup_namespace_packages,E:\football_v\.venv\Lib\site-packages\pip\_vendor\pkg_resources\__init__.py,
_normalize_cached,E:\football_v\.venv\Lib\site-packages\pip\_vendor\pkg_resources\__init__.py,
_normalize_cached,E:\football_v\.venv\Lib\site-packages\pip\_vendor\pkg_resources\__init__.py,
_cygwin_patch,E:\football_v\.venv\Lib\site-packages\pip\_vendor\pkg_resources\__init__.py,
_is_zip_egg,E:\football_v\.venv\Lib\site-packages\pip\_vendor\pkg_resources\__init__.py,
_is_unpacked_egg,E:\football_v\.venv\Lib\site-packages\pip\_vendor\pkg_resources\__init__.py,
setattr,E:\football_v\.venv\Lib\site-packages\pip\_vendor\pkg_resources\__init__.py,
filter,E:\football_v\.venv\Lib\site-packages\pip\_vendor\pkg_resources\__init__.py,
next,E:\football_v\.venv\Lib\site-packages\pip\_vendor\pkg_resources\__init__.py,
iter,E:\football_v\.venv\Lib\site-packages\pip\_vendor\pkg_resources\__init__.py,
safe_version,E:\football_v\.venv\Lib\site-packages\pip\_vendor\pkg_resources\__init__.py,
globals,E:\football_v\.venv\Lib\site-packages\pip\_vendor\pkg_resources\__init__.py,
map,E:\football_v\.venv\Lib\site-packages\pip\_vendor\pkg_resources\__init__.py,
join_continuation,E:\football_v\.venv\Lib\site-packages\pip\_vendor\pkg_resources\__init__.py,
map,E:\football_v\.venv\Lib\site-packages\pip\_vendor\pkg_resources\__init__.py,
yield_lines,E:\football_v\.venv\Lib\site-packages\pip\_vendor\pkg_resources\__init__.py,
_always_object,E:\football_v\.venv\Lib\site-packages\pip\_vendor\pkg_resources\__init__.py,
TypeError,E:\football_v\.venv\Lib\site-packages\pip\_vendor\pkg_resources\__init__.py,
getattr,E:\football_v\.venv\Lib\site-packages\pip\_vendor\pkg_resources\__init__.py,
type,E:\football_v\.venv\Lib\site-packages\pip\_vendor\pkg_resources\__init__.py,
split,E:\football_v\.venv\Lib\site-packages\pip\_vendor\pkg_resources\__init__.py,
OSError,E:\football_v\.venv\Lib\site-packages\pip\_vendor\pkg_resources\__init__.py,
_bypass_ensure_directory,E:\football_v\.venv\Lib\site-packages\pip\_vendor\pkg_resources\__init__.py,
isdir,E:\football_v\.venv\Lib\site-packages\pip\_vendor\pkg_resources\__init__.py,
mkdir,E:\football_v\.venv\Lib\site-packages\pip\_vendor\pkg_resources\__init__.py,
yield_lines,E:\football_v\.venv\Lib\site-packages\pip\_vendor\pkg_resources\__init__.py,
ValueError,E:\football_v\.venv\Lib\site-packages\pip\_vendor\pkg_resources\__init__.py,
open,E:\football_v\.venv\Lib\site-packages\pip\_vendor\pkg_resources\__init__.py,
open,E:\football_v\.venv\Lib\site-packages\pip\_vendor\pkg_resources\__init__.py,
f,E:\football_v\.venv\Lib\site-packages\pip\_vendor\pkg_resources\__init__.py,
globals,E:\football_v\.venv\Lib\site-packages\pip\_vendor\pkg_resources\__init__.py,
ResourceManager,E:\football_v\.venv\Lib\site-packages\pip\_vendor\pkg_resources\__init__.py,
getattr,E:\football_v\.venv\Lib\site-packages\pip\_vendor\pkg_resources\__init__.py,
dir,E:\football_v\.venv\Lib\site-packages\pip\_vendor\pkg_resources\__init__.py,
_declare_state,E:\football_v\.venv\Lib\site-packages\pip\_vendor\pkg_resources\__init__.py,
tuple,E:\football_v\.venv\Lib\site-packages\pip\_vendor\pkg_resources\__init__.py,
add_activation_listener,E:\football_v\.venv\Lib\site-packages\pip\_vendor\pkg_resources\__init__.py,
list,E:\football_v\.venv\Lib\site-packages\pip\_vendor\pkg_resources\__init__.py,
map,E:\football_v\.venv\Lib\site-packages\pip\_vendor\pkg_resources\__init__.py,
locals,E:\football_v\.venv\Lib\site-packages\pip\_vendor\pkg_resources\__init__.py,
globals,E:\football_v\.venv\Lib\site-packages\pip\_vendor\pkg_resources\__init__.py,
repr,E:\football_v\.venv\Lib\site-packages\pip\_vendor\pkg_resources\__init__.py,
locals,E:\football_v\.venv\Lib\site-packages\pip\_vendor\pkg_resources\__init__.py,
ContextualVersionConflict,E:\football_v\.venv\Lib\site-packages\pip\_vendor\pkg_resources\__init__.py,
locals,E:\football_v\.venv\Lib\site-packages\pip\_vendor\pkg_resources\__init__.py,
cls,E:\football_v\.venv\Lib\site-packages\pip\_vendor\pkg_resources\__init__.py,
cls,E:\football_v\.venv\Lib\site-packages\pip\_vendor\pkg_resources\__init__.py,
parse_requirements,E:\football_v\.venv\Lib\site-packages\pip\_vendor\pkg_resources\__init__.py,
Environment,E:\football_v\.venv\Lib\site-packages\pip\_vendor\pkg_resources\__init__.py,
find_distributions,E:\football_v\.venv\Lib\site-packages\pip\_vendor\pkg_resources\__init__.py,
VersionConflict,E:\football_v\.venv\Lib\site-packages\pip\_vendor\pkg_resources\__init__.py,
set,E:\football_v\.venv\Lib\site-packages\pip\_vendor\pkg_resources\__init__.py,
set,E:\football_v\.venv\Lib\site-packages\pip\_vendor\pkg_resources\__init__.py,
_ReqExtras,E:\football_v\.venv\Lib\site-packages\pip\_vendor\pkg_resources\__init__.py,
list,E:\football_v\.venv\Lib\site-packages\pip\_vendor\pkg_resources\__init__.py,
DistributionNotFound,E:\football_v\.venv\Lib\site-packages\pip\_vendor\pkg_resources\__init__.py,
VersionConflict,E:\football_v\.venv\Lib\site-packages\pip\_vendor\pkg_resources\__init__.py,
Environment,E:\football_v\.venv\Lib\site-packages\pip\_vendor\pkg_resources\__init__.py,
Environment,E:\football_v\.venv\Lib\site-packages\pip\_vendor\pkg_resources\__init__.py,
WorkingSet,E:\football_v\.venv\Lib\site-packages\pip\_vendor\pkg_resources\__init__.py,
list,E:\football_v\.venv\Lib\site-packages\pip\_vendor\pkg_resources\__init__.py,
list,E:\football_v\.venv\Lib\site-packages\pip\_vendor\pkg_resources\__init__.py,
list,E:\football_v\.venv\Lib\site-packages\pip\_vendor\pkg_resources\__init__.py,
Environment,E:\football_v\.venv\Lib\site-packages\pip\_vendor\pkg_resources\__init__.py,
map,E:\football_v\.venv\Lib\site-packages\pip\_vendor\pkg_resources\__init__.py,
list,E:\football_v\.venv\Lib\site-packages\pip\_vendor\pkg_resources\__init__.py,
map,E:\football_v\.venv\Lib\site-packages\pip\_vendor\pkg_resources\__init__.py,
parse_requirements,E:\football_v\.venv\Lib\site-packages\pip\_vendor\pkg_resources\__init__.py,
callback,E:\football_v\.venv\Lib\site-packages\pip\_vendor\pkg_resources\__init__.py,
callback,E:\football_v\.venv\Lib\site-packages\pip\_vendor\pkg_resources\__init__.py,
any,E:\football_v\.venv\Lib\site-packages\pip\_vendor\pkg_resources\__init__.py,
get_supported_platform,E:\football_v\.venv\Lib\site-packages\pip\_vendor\pkg_resources\__init__.py,
compatible_platforms,E:\football_v\.venv\Lib\site-packages\pip\_vendor\pkg_resources\__init__.py,
find_distributions,E:\football_v\.venv\Lib\site-packages\pip\_vendor\pkg_resources\__init__.py,
installer,E:\football_v\.venv\Lib\site-packages\pip\_vendor\pkg_resources\__init__.py,
isinstance,E:\football_v\.venv\Lib\site-packages\pip\_vendor\pkg_resources\__init__.py,
isinstance,E:\football_v\.venv\Lib\site-packages\pip\_vendor\pkg_resources\__init__.py,
TypeError,E:\football_v\.venv\Lib\site-packages\pip\_vendor\pkg_resources\__init__.py,
get_provider,E:\football_v\.venv\Lib\site-packages\pip\_vendor\pkg_resources\__init__.py,
get_provider,E:\football_v\.venv\Lib\site-packages\pip\_vendor\pkg_resources\__init__.py,
get_provider,E:\football_v\.venv\Lib\site-packages\pip\_vendor\pkg_resources\__init__.py,
get_provider,E:\football_v\.venv\Lib\site-packages\pip\_vendor\pkg_resources\__init__.py,
get_provider,E:\football_v\.venv\Lib\site-packages\pip\_vendor\pkg_resources\__init__.py,
get_provider,E:\football_v\.venv\Lib\site-packages\pip\_vendor\pkg_resources\__init__.py,
ExtractionError,E:\football_v\.venv\Lib\site-packages\pip\_vendor\pkg_resources\__init__.py,
get_default_cache,E:\football_v\.venv\Lib\site-packages\pip\_vendor\pkg_resources\__init__.py,
locals,E:\football_v\.venv\Lib\site-packages\pip\_vendor\pkg_resources\__init__.py,
get_default_cache,E:\football_v\.venv\Lib\site-packages\pip\_vendor\pkg_resources\__init__.py,
_bypass_ensure_directory,E:\football_v\.venv\Lib\site-packages\pip\_vendor\pkg_resources\__init__.py,
locals,E:\football_v\.venv\Lib\site-packages\pip\_vendor\pkg_resources\__init__.py,
ValueError,E:\football_v\.venv\Lib\site-packages\pip\_vendor\pkg_resources\__init__.py,
getattr,E:\football_v\.venv\Lib\site-packages\pip\_vendor\pkg_resources\__init__.py,
getattr,E:\football_v\.venv\Lib\site-packages\pip\_vendor\pkg_resources\__init__.py,
yield_lines,E:\football_v\.venv\Lib\site-packages\pip\_vendor\pkg_resources\__init__.py,
bool,E:\football_v\.venv\Lib\site-packages\pip\_vendor\pkg_resources\__init__.py,
ResolutionError,E:\football_v\.venv\Lib\site-packages\pip\_vendor\pkg_resources\__init__.py,
_read_utf8_with_fallback,E:\football_v\.venv\Lib\site-packages\pip\_vendor\pkg_resources\__init__.py,
compile,E:\football_v\.venv\Lib\site-packages\pip\_vendor\pkg_resources\__init__.py,
exec,E:\football_v\.venv\Lib\site-packages\pip\_vendor\pkg_resources\__init__.py,
compile,E:\football_v\.venv\Lib\site-packages\pip\_vendor\pkg_resources\__init__.py,
exec,E:\football_v\.venv\Lib\site-packages\pip\_vendor\pkg_resources\__init__.py,
len,E:\football_v\.venv\Lib\site-packages\pip\_vendor\pkg_resources\__init__.py,
locals,E:\football_v\.venv\Lib\site-packages\pip\_vendor\pkg_resources\__init__.py,
NotImplementedError,E:\football_v\.venv\Lib\site-packages\pip\_vendor\pkg_resources\__init__.py,
NotImplementedError,E:\football_v\.venv\Lib\site-packages\pip\_vendor\pkg_resources\__init__.py,
NotImplementedError,E:\football_v\.venv\Lib\site-packages\pip\_vendor\pkg_resources\__init__.py,
TypeError,E:\football_v\.venv\Lib\site-packages\pip\_vendor\pkg_resources\__init__.py,
issue_warning,E:\football_v\.venv\Lib\site-packages\pip\_vendor\pkg_resources\__init__.py,
ValueError,E:\football_v\.venv\Lib\site-packages\pip\_vendor\pkg_resources\__init__.py,
NotImplementedError,E:\football_v\.venv\Lib\site-packages\pip\_vendor\pkg_resources\__init__.py,
hasattr,E:\football_v\.venv\Lib\site-packages\pip\_vendor\pkg_resources\__init__.py,
super,E:\football_v\.venv\Lib\site-packages\pip\_vendor\pkg_resources\__init__.py,
filter,E:\football_v\.venv\Lib\site-packages\pip\_vendor\pkg_resources\__init__.py,
next,E:\football_v\.venv\Lib\site-packages\pip\_vendor\pkg_resources\__init__.py,
_parents,E:\football_v\.venv\Lib\site-packages\pip\_vendor\pkg_resources\__init__.py,
open,E:\football_v\.venv\Lib\site-packages\pip\_vendor\pkg_resources\__init__.py,
open,E:\football_v\.venv\Lib\site-packages\pip\_vendor\pkg_resources\__init__.py,
getattr,E:\football_v\.venv\Lib\site-packages\pip\_vendor\pkg_resources\__init__.py,
register_loader_type,E:\football_v\.venv\Lib\site-packages\pip\_vendor\pkg_resources\__init__.py,
type,E:\football_v\.venv\Lib\site-packages\pip\_vendor\pkg_resources\__init__.py,
dict,E:\football_v\.venv\Lib\site-packages\pip\_vendor\pkg_resources\__init__.py,
super,E:\football_v\.venv\Lib\site-packages\pip\_vendor\pkg_resources\__init__.py,
AssertionError,E:\football_v\.venv\Lib\site-packages\pip\_vendor\pkg_resources\__init__.py,
len,E:\football_v\.venv\Lib\site-packages\pip\_vendor\pkg_resources\__init__.py,
AssertionError,E:\football_v\.venv\Lib\site-packages\pip\_vendor\pkg_resources\__init__.py,
len,E:\football_v\.venv\Lib\site-packages\pip\_vendor\pkg_resources\__init__.py,
NotImplementedError,E:\football_v\.venv\Lib\site-packages\pip\_vendor\pkg_resources\__init__.py,
OSError,E:\football_v\.venv\Lib\site-packages\pip\_vendor\pkg_resources\__init__.py,
_mkstemp,E:\football_v\.venv\Lib\site-packages\pip\_vendor\pkg_resources\__init__.py,
utime,E:\football_v\.venv\Lib\site-packages\pip\_vendor\pkg_resources\__init__.py,
OSError,E:\football_v\.venv\Lib\site-packages\pip\_vendor\pkg_resources\__init__.py,
rename,E:\football_v\.venv\Lib\site-packages\pip\_vendor\pkg_resources\__init__.py,
unlink,E:\football_v\.venv\Lib\site-packages\pip\_vendor\pkg_resources\__init__.py,
rename,E:\football_v\.venv\Lib\site-packages\pip\_vendor\pkg_resources\__init__.py,
open,E:\football_v\.venv\Lib\site-packages\pip\_vendor\pkg_resources\__init__.py,
list,E:\football_v\.venv\Lib\site-packages\pip\_vendor\pkg_resources\__init__.py,
KeyError,E:\football_v\.venv\Lib\site-packages\pip\_vendor\pkg_resources\__init__.py,
open,E:\football_v\.venv\Lib\site-packages\pip\_vendor\pkg_resources\__init__.py,
locals,E:\football_v\.venv\Lib\site-packages\pip\_vendor\pkg_resources\__init__.py,
yield_lines,E:\football_v\.venv\Lib\site-packages\pip\_vendor\pkg_resources\__init__.py,
iter,E:\football_v\.venv\Lib\site-packages\pip\_vendor\pkg_resources\__init__.py,
float,E:\football_v\.venv\Lib\site-packages\pip\_vendor\pkg_resources\__init__.py,
safe_sys_path_index,E:\football_v\.venv\Lib\site-packages\pip\_vendor\pkg_resources\__init__.py,
_normalize_cached,E:\football_v\.venv\Lib\site-packages\pip\_vendor\pkg_resources\__init__.py,
normalize_path,E:\football_v\.venv\Lib\site-packages\pip\_vendor\pkg_resources\__init__.py,
tuple,E:\football_v\.venv\Lib\site-packages\pip\_vendor\pkg_resources\__init__.py,
tuple,E:\football_v\.venv\Lib\site-packages\pip\_vendor\pkg_resources\__init__.py,
MODULE,E:\football_v\.venv\Lib\site-packages\pip\_vendor\pkg_resources\__init__.py,
ValueError,E:\football_v\.venv\Lib\site-packages\pip\_vendor\pkg_resources\__init__.py,
str,E:\football_v\.venv\Lib\site-packages\pip\_vendor\pkg_resources\__init__.py,
__import__,E:\football_v\.venv\Lib\site-packages\pip\_vendor\pkg_resources\__init__.py,
ImportError,E:\football_v\.venv\Lib\site-packages\pip\_vendor\pkg_resources\__init__.py,
str,E:\football_v\.venv\Lib\site-packages\pip\_vendor\pkg_resources\__init__.py,
list,E:\football_v\.venv\Lib\site-packages\pip\_vendor\pkg_resources\__init__.py,
error_cls,E:\football_v\.venv\Lib\site-packages\pip\_vendor\pkg_resources\__init__.py,
map,E:\football_v\.venv\Lib\site-packages\pip\_vendor\pkg_resources\__init__.py,
cls,E:\football_v\.venv\Lib\site-packages\pip\_vendor\pkg_resources\__init__.py,
ValueError,E:\football_v\.venv\Lib\site-packages\pip\_vendor\pkg_resources\__init__.py,
yield_lines,E:\football_v\.venv\Lib\site-packages\pip\_vendor\pkg_resources\__init__.py,
MODULE,E:\football_v\.venv\Lib\site-packages\pip\_vendor\pkg_resources\__init__.py,
ValueError,E:\football_v\.venv\Lib\site-packages\pip\_vendor\pkg_resources\__init__.py,
ValueError,E:\football_v\.venv\Lib\site-packages\pip\_vendor\pkg_resources\__init__.py,
isinstance,E:\football_v\.venv\Lib\site-packages\pip\_vendor\pkg_resources\__init__.py,
split_sections,E:\football_v\.venv\Lib\site-packages\pip\_vendor\pkg_resources\__init__.py,
ValueError,E:\football_v\.venv\Lib\site-packages\pip\_vendor\pkg_resources\__init__.py,
ValueError,E:\football_v\.venv\Lib\site-packages\pip\_vendor\pkg_resources\__init__.py,
safe_name,E:\football_v\.venv\Lib\site-packages\pip\_vendor\pkg_resources\__init__.py,
safe_version,E:\football_v\.venv\Lib\site-packages\pip\_vendor\pkg_resources\__init__.py,
EGG_NAME,E:\football_v\.venv\Lib\site-packages\pip\_vendor\pkg_resources\__init__.py,
cls,E:\football_v\.venv\Lib\site-packages\pip\_vendor\pkg_resources\__init__.py,
hash,E:\football_v\.venv\Lib\site-packages\pip\_vendor\pkg_resources\__init__.py,
isinstance,E:\football_v\.venv\Lib\site-packages\pip\_vendor\pkg_resources\__init__.py,
hasattr,E:\football_v\.venv\Lib\site-packages\pip\_vendor\pkg_resources\__init__.py,
parse_version,E:\football_v\.venv\Lib\site-packages\pip\_vendor\pkg_resources\__init__.py,
hasattr,E:\football_v\.venv\Lib\site-packages\pip\_vendor\pkg_resources\__init__.py,
str,E:\football_v\.venv\Lib\site-packages\pip\_vendor\pkg_resources\__init__.py,
parse_version,E:\football_v\.venv\Lib\site-packages\pip\_vendor\pkg_resources\__init__.py,
_forgiving_version,E:\football_v\.venv\Lib\site-packages\pip\_vendor\pkg_resources\__init__.py,
getattr,E:\football_v\.venv\Lib\site-packages\pip\_vendor\pkg_resources\__init__.py,
str,E:\football_v\.venv\Lib\site-packages\pip\_vendor\pkg_resources\__init__.py,
ValueError,E:\football_v\.venv\Lib\site-packages\pip\_vendor\pkg_resources\__init__.py,
list,E:\football_v\.venv\Lib\site-packages\pip\_vendor\pkg_resources\__init__.py,
filter,E:\football_v\.venv\Lib\site-packages\pip\_vendor\pkg_resources\__init__.py,
safe_extra,E:\football_v\.venv\Lib\site-packages\pip\_vendor\pkg_resources\__init__.py,
invalid_marker,E:\football_v\.venv\Lib\site-packages\pip\_vendor\pkg_resources\__init__.py,
evaluate_marker,E:\football_v\.venv\Lib\site-packages\pip\_vendor\pkg_resources\__init__.py,
split_sections,E:\football_v\.venv\Lib\site-packages\pip\_vendor\pkg_resources\__init__.py,
parse_requirements,E:\football_v\.venv\Lib\site-packages\pip\_vendor\pkg_resources\__init__.py,
UnknownExtra,E:\football_v\.venv\Lib\site-packages\pip\_vendor\pkg_resources\__init__.py,
safe_extra,E:\football_v\.venv\Lib\site-packages\pip\_vendor\pkg_resources\__init__.py,
_version_from_file,E:\football_v\.venv\Lib\site-packages\pip\_vendor\pkg_resources\__init__.py,
fixup_namespace_packages,E:\football_v\.venv\Lib\site-packages\pip\_vendor\pkg_resources\__init__.py,
declare_namespace,E:\football_v\.venv\Lib\site-packages\pip\_vendor\pkg_resources\__init__.py,
to_filename,E:\football_v\.venv\Lib\site-packages\pip\_vendor\pkg_resources\__init__.py,
to_filename,E:\football_v\.venv\Lib\site-packages\pip\_vendor\pkg_resources\__init__.py,
str,E:\football_v\.venv\Lib\site-packages\pip\_vendor\pkg_resources\__init__.py,
getattr,E:\football_v\.venv\Lib\site-packages\pip\_vendor\pkg_resources\__init__.py,
getattr,E:\football_v\.venv\Lib\site-packages\pip\_vendor\pkg_resources\__init__.py,
AttributeError,E:\football_v\.venv\Lib\site-packages\pip\_vendor\pkg_resources\__init__.py,
list,E:\football_v\.venv\Lib\site-packages\pip\_vendor\pkg_resources\__init__.py,
set,E:\football_v\.venv\Lib\site-packages\pip\_vendor\pkg_resources\__init__.py,
set,E:\football_v\.venv\Lib\site-packages\pip\_vendor\pkg_resources\__init__.py,
super,E:\football_v\.venv\Lib\site-packages\pip\_vendor\pkg_resources\__init__.py,
_normalize_cached,E:\football_v\.venv\Lib\site-packages\pip\_vendor\pkg_resources\__init__.py,
isinstance,E:\football_v\.venv\Lib\site-packages\pip\_vendor\pkg_resources\__init__.py,
ImportError,E:\football_v\.venv\Lib\site-packages\pip\_vendor\pkg_resources\__init__.py,
hasattr,E:\football_v\.venv\Lib\site-packages\pip\_vendor\pkg_resources\__init__.py,
_normalize_cached,E:\football_v\.venv\Lib\site-packages\pip\_vendor\pkg_resources\__init__.py,
enumerate,E:\football_v\.venv\Lib\site-packages\pip\_vendor\pkg_resources\__init__.py,
_normalize_cached,E:\football_v\.venv\Lib\site-packages\pip\_vendor\pkg_resources\__init__.py,
normalize_path,E:\football_v\.venv\Lib\site-packages\pip\_vendor\pkg_resources\__init__.py,
getattr,E:\football_v\.venv\Lib\site-packages\pip\_vendor\pkg_resources\__init__.py,
issue_warning,E:\football_v\.venv\Lib\site-packages\pip\_vendor\pkg_resources\__init__.py,
normalize_path,E:\football_v\.venv\Lib\site-packages\pip\_vendor\pkg_resources\__init__.py,
issue_warning,E:\football_v\.venv\Lib\site-packages\pip\_vendor\pkg_resources\__init__.py,
repr,E:\football_v\.venv\Lib\site-packages\pip\_vendor\pkg_resources\__init__.py,
getattr,E:\football_v\.venv\Lib\site-packages\pip\_vendor\pkg_resources\__init__.py,
safe_extra,E:\football_v\.venv\Lib\site-packages\pip\_vendor\pkg_resources\__init__.py,
parse_requirements,E:\football_v\.venv\Lib\site-packages\pip\_vendor\pkg_resources\__init__.py,
reqs_for_extra,E:\football_v\.venv\Lib\site-packages\pip\_vendor\pkg_resources\__init__.py,
reqs_for_extra,E:\football_v\.venv\Lib\site-packages\pip\_vendor\pkg_resources\__init__.py,
safe_name,E:\football_v\.venv\Lib\site-packages\pip\_vendor\pkg_resources\__init__.py,
tuple,E:\football_v\.venv\Lib\site-packages\pip\_vendor\pkg_resources\__init__.py,
hash,E:\football_v\.venv\Lib\site-packages\pip\_vendor\pkg_resources\__init__.py,
map,E:\football_v\.venv\Lib\site-packages\pip\_vendor\pkg_resources\__init__.py,
frozenset,E:\football_v\.venv\Lib\site-packages\pip\_vendor\pkg_resources\__init__.py,
super,E:\football_v\.venv\Lib\site-packages\pip\_vendor\pkg_resources\__init__.py,
str,E:\football_v\.venv\Lib\site-packages\pip\_vendor\pkg_resources\__init__.py,
isinstance,E:\football_v\.venv\Lib\site-packages\pip\_vendor\pkg_resources\__init__.py,
isinstance,E:\football_v\.venv\Lib\site-packages\pip\_vendor\pkg_resources\__init__.py,
str,E:\football_v\.venv\Lib\site-packages\pip\_vendor\pkg_resources\__init__.py,
parse_requirements,E:\football_v\.venv\Lib\site-packages\pip\_vendor\pkg_resources\__init__.py,
lru_cache,E:\football_v\.venv\Lib\site-packages\pip\_vendor\platformdirs\android.py,
cast,E:\football_v\.venv\Lib\site-packages\pip\_vendor\platformdirs\android.py,
autoclass,E:\football_v\.venv\Lib\site-packages\pip\_vendor\platformdirs\android.py,
lru_cache,E:\football_v\.venv\Lib\site-packages\pip\_vendor\platformdirs\android.py,
autoclass,E:\football_v\.venv\Lib\site-packages\pip\_vendor\platformdirs\android.py,
autoclass,E:\football_v\.venv\Lib\site-packages\pip\_vendor\platformdirs\android.py,
lru_cache,E:\football_v\.venv\Lib\site-packages\pip\_vendor\platformdirs\android.py,
autoclass,E:\football_v\.venv\Lib\site-packages\pip\_vendor\platformdirs\android.py,
autoclass,E:\football_v\.venv\Lib\site-packages\pip\_vendor\platformdirs\android.py,
lru_cache,E:\football_v\.venv\Lib\site-packages\pip\_vendor\platformdirs\android.py,
autoclass,E:\football_v\.venv\Lib\site-packages\pip\_vendor\platformdirs\android.py,
autoclass,E:\football_v\.venv\Lib\site-packages\pip\_vendor\platformdirs\android.py,
lru_cache,E:\football_v\.venv\Lib\site-packages\pip\_vendor\platformdirs\android.py,
autoclass,E:\football_v\.venv\Lib\site-packages\pip\_vendor\platformdirs\android.py,
autoclass,E:\football_v\.venv\Lib\site-packages\pip\_vendor\platformdirs\android.py,
lru_cache,E:\football_v\.venv\Lib\site-packages\pip\_vendor\platformdirs\android.py,
autoclass,E:\football_v\.venv\Lib\site-packages\pip\_vendor\platformdirs\android.py,
autoclass,E:\football_v\.venv\Lib\site-packages\pip\_vendor\platformdirs\android.py,
cast,E:\football_v\.venv\Lib\site-packages\pip\_vendor\platformdirs\android.py,
_android_folder,E:\football_v\.venv\Lib\site-packages\pip\_vendor\platformdirs\android.py,
cast,E:\football_v\.venv\Lib\site-packages\pip\_vendor\platformdirs\android.py,
_android_folder,E:\football_v\.venv\Lib\site-packages\pip\_vendor\platformdirs\android.py,
cast,E:\football_v\.venv\Lib\site-packages\pip\_vendor\platformdirs\android.py,
_android_folder,E:\football_v\.venv\Lib\site-packages\pip\_vendor\platformdirs\android.py,
_android_documents_folder,E:\football_v\.venv\Lib\site-packages\pip\_vendor\platformdirs\android.py,
_android_downloads_folder,E:\football_v\.venv\Lib\site-packages\pip\_vendor\platformdirs\android.py,
_android_pictures_folder,E:\football_v\.venv\Lib\site-packages\pip\_vendor\platformdirs\android.py,
_android_videos_folder,E:\football_v\.venv\Lib\site-packages\pip\_vendor\platformdirs\android.py,
_android_music_folder,E:\football_v\.venv\Lib\site-packages\pip\_vendor\platformdirs\android.py,
list,E:\football_v\.venv\Lib\site-packages\pip\_vendor\platformdirs\api.py,
Path,E:\football_v\.venv\Lib\site-packages\pip\_vendor\platformdirs\api.py,
Path,E:\football_v\.venv\Lib\site-packages\pip\_vendor\platformdirs\api.py,
Path,E:\football_v\.venv\Lib\site-packages\pip\_vendor\platformdirs\api.py,
Path,E:\football_v\.venv\Lib\site-packages\pip\_vendor\platformdirs\api.py,
Path,E:\football_v\.venv\Lib\site-packages\pip\_vendor\platformdirs\api.py,
Path,E:\football_v\.venv\Lib\site-packages\pip\_vendor\platformdirs\api.py,
Path,E:\football_v\.venv\Lib\site-packages\pip\_vendor\platformdirs\api.py,
Path,E:\football_v\.venv\Lib\site-packages\pip\_vendor\platformdirs\api.py,
Path,E:\football_v\.venv\Lib\site-packages\pip\_vendor\platformdirs\api.py,
Path,E:\football_v\.venv\Lib\site-packages\pip\_vendor\platformdirs\api.py,
Path,E:\football_v\.venv\Lib\site-packages\pip\_vendor\platformdirs\api.py,
Path,E:\football_v\.venv\Lib\site-packages\pip\_vendor\platformdirs\api.py,
Path,E:\football_v\.venv\Lib\site-packages\pip\_vendor\platformdirs\api.py,
Path,E:\football_v\.venv\Lib\site-packages\pip\_vendor\platformdirs\api.py,
Path,E:\football_v\.venv\Lib\site-packages\pip\_vendor\platformdirs\api.py,
Path,E:\football_v\.venv\Lib\site-packages\pip\_vendor\platformdirs\api.py,
Path,E:\football_v\.venv\Lib\site-packages\pip\_vendor\platformdirs\api.py,
Path,E:\football_v\.venv\Lib\site-packages\pip\_vendor\platformdirs\api.py,
Path,E:\football_v\.venv\Lib\site-packages\pip\_vendor\platformdirs\api.py,
Path,E:\football_v\.venv\Lib\site-packages\pip\_vendor\platformdirs\api.py,
Path,E:\football_v\.venv\Lib\site-packages\pip\_vendor\platformdirs\api.py,
Path,E:\football_v\.venv\Lib\site-packages\pip\_vendor\platformdirs\api.py,
_get_user_dirs_folder,E:\football_v\.venv\Lib\site-packages\pip\_vendor\platformdirs\unix.py,
Path,E:\football_v\.venv\Lib\site-packages\pip\_vendor\platformdirs\unix.py,
ConfigParser,E:\football_v\.venv\Lib\site-packages\pip\_vendor\platformdirs\unix.py,
Unix,E:\football_v\.venv\Lib\site-packages\pip\_vendor\platformdirs\unix.py,
RuntimeError,E:\football_v\.venv\Lib\site-packages\pip\_vendor\platformdirs\unix.py,
_get_user_media_dir,E:\football_v\.venv\Lib\site-packages\pip\_vendor\platformdirs\unix.py,
_get_user_media_dir,E:\football_v\.venv\Lib\site-packages\pip\_vendor\platformdirs\unix.py,
_get_user_media_dir,E:\football_v\.venv\Lib\site-packages\pip\_vendor\platformdirs\unix.py,
_get_user_media_dir,E:\football_v\.venv\Lib\site-packages\pip\_vendor\platformdirs\unix.py,
_get_user_media_dir,E:\football_v\.venv\Lib\site-packages\pip\_vendor\platformdirs\unix.py,
_get_user_media_dir,E:\football_v\.venv\Lib\site-packages\pip\_vendor\platformdirs\unix.py,
getuid,E:\football_v\.venv\Lib\site-packages\pip\_vendor\platformdirs\unix.py,
getuid,E:\football_v\.venv\Lib\site-packages\pip\_vendor\platformdirs\unix.py,
Path,E:\football_v\.venv\Lib\site-packages\pip\_vendor\platformdirs\unix.py,
getuid,E:\football_v\.venv\Lib\site-packages\pip\_vendor\platformdirs\unix.py,
get_win_folder_if_csidl_name_not_env_var,E:\football_v\.venv\Lib\site-packages\pip\_vendor\platformdirs\windows.py,
ValueError,E:\football_v\.venv\Lib\site-packages\pip\_vendor\platformdirs\windows.py,
ValueError,E:\football_v\.venv\Lib\site-packages\pip\_vendor\platformdirs\windows.py,
str,E:\football_v\.venv\Lib\site-packages\pip\_vendor\platformdirs\windows.py,
ValueError,E:\football_v\.venv\Lib\site-packages\pip\_vendor\platformdirs\windows.py,
getattr,E:\football_v\.venv\Lib\site-packages\pip\_vendor\platformdirs\windows.py,
any,E:\football_v\.venv\Lib\site-packages\pip\_vendor\platformdirs\windows.py,
ValueError,E:\football_v\.venv\Lib\site-packages\pip\_vendor\platformdirs\windows.py,
ord,E:\football_v\.venv\Lib\site-packages\pip\_vendor\platformdirs\windows.py,
hasattr,E:\football_v\.venv\Lib\site-packages\pip\_vendor\platformdirs\windows.py,
get_win_folder,E:\football_v\.venv\Lib\site-packages\pip\_vendor\platformdirs\windows.py,
get_win_folder,E:\football_v\.venv\Lib\site-packages\pip\_vendor\platformdirs\windows.py,
get_win_folder,E:\football_v\.venv\Lib\site-packages\pip\_vendor\platformdirs\windows.py,
get_win_folder,E:\football_v\.venv\Lib\site-packages\pip\_vendor\platformdirs\windows.py,
get_win_folder,E:\football_v\.venv\Lib\site-packages\pip\_vendor\platformdirs\windows.py,
get_win_folder,E:\football_v\.venv\Lib\site-packages\pip\_vendor\platformdirs\windows.py,
get_win_folder,E:\football_v\.venv\Lib\site-packages\pip\_vendor\platformdirs\windows.py,
get_win_folder,E:\football_v\.venv\Lib\site-packages\pip\_vendor\platformdirs\windows.py,
get_win_folder,E:\football_v\.venv\Lib\site-packages\pip\_vendor\platformdirs\windows.py,
get_win_folder,E:\football_v\.venv\Lib\site-packages\pip\_vendor\platformdirs\windows.py,
get_win_folder,E:\football_v\.venv\Lib\site-packages\pip\_vendor\platformdirs\windows.py,
_android_folder,E:\football_v\.venv\Lib\site-packages\pip\_vendor\platformdirs\__init__.py,
PlatformDirs,E:\football_v\.venv\Lib\site-packages\pip\_vendor\platformdirs\__init__.py,
PlatformDirs,E:\football_v\.venv\Lib\site-packages\pip\_vendor\platformdirs\__init__.py,
PlatformDirs,E:\football_v\.venv\Lib\site-packages\pip\_vendor\platformdirs\__init__.py,
PlatformDirs,E:\football_v\.venv\Lib\site-packages\pip\_vendor\platformdirs\__init__.py,
PlatformDirs,E:\football_v\.venv\Lib\site-packages\pip\_vendor\platformdirs\__init__.py,
PlatformDirs,E:\football_v\.venv\Lib\site-packages\pip\_vendor\platformdirs\__init__.py,
PlatformDirs,E:\football_v\.venv\Lib\site-packages\pip\_vendor\platformdirs\__init__.py,
PlatformDirs,E:\football_v\.venv\Lib\site-packages\pip\_vendor\platformdirs\__init__.py,
PlatformDirs,E:\football_v\.venv\Lib\site-packages\pip\_vendor\platformdirs\__init__.py,
PlatformDirs,E:\football_v\.venv\Lib\site-packages\pip\_vendor\platformdirs\__init__.py,
PlatformDirs,E:\football_v\.venv\Lib\site-packages\pip\_vendor\platformdirs\__init__.py,
PlatformDirs,E:\football_v\.venv\Lib\site-packages\pip\_vendor\platformdirs\__init__.py,
PlatformDirs,E:\football_v\.venv\Lib\site-packages\pip\_vendor\platformdirs\__init__.py,
PlatformDirs,E:\football_v\.venv\Lib\site-packages\pip\_vendor\platformdirs\__init__.py,
PlatformDirs,E:\football_v\.venv\Lib\site-packages\pip\_vendor\platformdirs\__init__.py,
PlatformDirs,E:\football_v\.venv\Lib\site-packages\pip\_vendor\platformdirs\__init__.py,
PlatformDirs,E:\football_v\.venv\Lib\site-packages\pip\_vendor\platformdirs\__init__.py,
PlatformDirs,E:\football_v\.venv\Lib\site-packages\pip\_vendor\platformdirs\__init__.py,
PlatformDirs,E:\football_v\.venv\Lib\site-packages\pip\_vendor\platformdirs\__init__.py,
PlatformDirs,E:\football_v\.venv\Lib\site-packages\pip\_vendor\platformdirs\__init__.py,
PlatformDirs,E:\football_v\.venv\Lib\site-packages\pip\_vendor\platformdirs\__init__.py,
PlatformDirs,E:\football_v\.venv\Lib\site-packages\pip\_vendor\platformdirs\__init__.py,
PlatformDirs,E:\football_v\.venv\Lib\site-packages\pip\_vendor\platformdirs\__init__.py,
PlatformDirs,E:\football_v\.venv\Lib\site-packages\pip\_vendor\platformdirs\__init__.py,
PlatformDirs,E:\football_v\.venv\Lib\site-packages\pip\_vendor\platformdirs\__init__.py,
PlatformDirs,E:\football_v\.venv\Lib\site-packages\pip\_vendor\platformdirs\__init__.py,
PlatformDirs,E:\football_v\.venv\Lib\site-packages\pip\_vendor\platformdirs\__init__.py,
PlatformDirs,E:\football_v\.venv\Lib\site-packages\pip\_vendor\platformdirs\__init__.py,
PlatformDirs,E:\football_v\.venv\Lib\site-packages\pip\_vendor\platformdirs\__init__.py,
PlatformDirs,E:\football_v\.venv\Lib\site-packages\pip\_vendor\platformdirs\__init__.py,
PlatformDirs,E:\football_v\.venv\Lib\site-packages\pip\_vendor\platformdirs\__init__.py,
PlatformDirs,E:\football_v\.venv\Lib\site-packages\pip\_vendor\platformdirs\__init__.py,
print,E:\football_v\.venv\Lib\site-packages\pip\_vendor\platformdirs\__main__.py,
print,E:\football_v\.venv\Lib\site-packages\pip\_vendor\platformdirs\__main__.py,
PlatformDirs,E:\football_v\.venv\Lib\site-packages\pip\_vendor\platformdirs\__main__.py,
print,E:\football_v\.venv\Lib\site-packages\pip\_vendor\platformdirs\__main__.py,
PlatformDirs,E:\football_v\.venv\Lib\site-packages\pip\_vendor\platformdirs\__main__.py,
print,E:\football_v\.venv\Lib\site-packages\pip\_vendor\platformdirs\__main__.py,
PlatformDirs,E:\football_v\.venv\Lib\site-packages\pip\_vendor\platformdirs\__main__.py,
print,E:\football_v\.venv\Lib\site-packages\pip\_vendor\platformdirs\__main__.py,
PlatformDirs,E:\football_v\.venv\Lib\site-packages\pip\_vendor\platformdirs\__main__.py,
print,E:\football_v\.venv\Lib\site-packages\pip\_vendor\platformdirs\__main__.py,
print,E:\football_v\.venv\Lib\site-packages\pip\_vendor\platformdirs\__main__.py,
print,E:\football_v\.venv\Lib\site-packages\pip\_vendor\platformdirs\__main__.py,
print,E:\football_v\.venv\Lib\site-packages\pip\_vendor\platformdirs\__main__.py,
getattr,E:\football_v\.venv\Lib\site-packages\pip\_vendor\platformdirs\__main__.py,
getattr,E:\football_v\.venv\Lib\site-packages\pip\_vendor\platformdirs\__main__.py,
getattr,E:\football_v\.venv\Lib\site-packages\pip\_vendor\platformdirs\__main__.py,
getattr,E:\football_v\.venv\Lib\site-packages\pip\_vendor\platformdirs\__main__.py,
_parse_options,E:\football_v\.venv\Lib\site-packages\pip\_vendor\pygments\cmdline.py,
get_lexer_by_name,E:\football_v\.venv\Lib\site-packages\pip\_vendor\pygments\cmdline.py,
print,E:\football_v\.venv\Lib\site-packages\pip\_vendor\pygments\cmdline.py,
print,E:\football_v\.venv\Lib\site-packages\pip\_vendor\pygments\cmdline.py,
print,E:\football_v\.venv\Lib\site-packages\pip\_vendor\pygments\cmdline.py,
dedent,E:\football_v\.venv\Lib\site-packages\pip\_vendor\pygments\cmdline.py,
find_formatter_class,E:\football_v\.venv\Lib\site-packages\pip\_vendor\pygments\cmdline.py,
print,E:\football_v\.venv\Lib\site-packages\pip\_vendor\pygments\cmdline.py,
print,E:\football_v\.venv\Lib\site-packages\pip\_vendor\pygments\cmdline.py,
dedent,E:\football_v\.venv\Lib\site-packages\pip\_vendor\pygments\cmdline.py,
find_filter_class,E:\football_v\.venv\Lib\site-packages\pip\_vendor\pygments\cmdline.py,
print,E:\football_v\.venv\Lib\site-packages\pip\_vendor\pygments\cmdline.py,
print,E:\football_v\.venv\Lib\site-packages\pip\_vendor\pygments\cmdline.py,
dedent,E:\football_v\.venv\Lib\site-packages\pip\_vendor\pygments\cmdline.py,
print,E:\football_v\.venv\Lib\site-packages\pip\_vendor\pygments\cmdline.py,
print,E:\football_v\.venv\Lib\site-packages\pip\_vendor\pygments\cmdline.py,
print,E:\football_v\.venv\Lib\site-packages\pip\_vendor\pygments\cmdline.py,
get_all_lexers,E:\football_v\.venv\Lib\site-packages\pip\_vendor\pygments\cmdline.py,
print,E:\football_v\.venv\Lib\site-packages\pip\_vendor\pygments\cmdline.py,
print,E:\football_v\.venv\Lib\site-packages\pip\_vendor\pygments\cmdline.py,
print,E:\football_v\.venv\Lib\site-packages\pip\_vendor\pygments\cmdline.py,
print,E:\football_v\.venv\Lib\site-packages\pip\_vendor\pygments\cmdline.py,
get_all_formatters,E:\football_v\.venv\Lib\site-packages\pip\_vendor\pygments\cmdline.py,
docstring_headline,E:\football_v\.venv\Lib\site-packages\pip\_vendor\pygments\cmdline.py,
print,E:\football_v\.venv\Lib\site-packages\pip\_vendor\pygments\cmdline.py,
print,E:\football_v\.venv\Lib\site-packages\pip\_vendor\pygments\cmdline.py,
print,E:\football_v\.venv\Lib\site-packages\pip\_vendor\pygments\cmdline.py,
print,E:\football_v\.venv\Lib\site-packages\pip\_vendor\pygments\cmdline.py,
get_all_filters,E:\football_v\.venv\Lib\site-packages\pip\_vendor\pygments\cmdline.py,
find_filter_class,E:\football_v\.venv\Lib\site-packages\pip\_vendor\pygments\cmdline.py,
print,E:\football_v\.venv\Lib\site-packages\pip\_vendor\pygments\cmdline.py,
print,E:\football_v\.venv\Lib\site-packages\pip\_vendor\pygments\cmdline.py,
print,E:\football_v\.venv\Lib\site-packages\pip\_vendor\pygments\cmdline.py,
print,E:\football_v\.venv\Lib\site-packages\pip\_vendor\pygments\cmdline.py,
print,E:\football_v\.venv\Lib\site-packages\pip\_vendor\pygments\cmdline.py,
get_all_styles,E:\football_v\.venv\Lib\site-packages\pip\_vendor\pygments\cmdline.py,
get_style_by_name,E:\football_v\.venv\Lib\site-packages\pip\_vendor\pygments\cmdline.py,
print,E:\football_v\.venv\Lib\site-packages\pip\_vendor\pygments\cmdline.py,
print,E:\football_v\.venv\Lib\site-packages\pip\_vendor\pygments\cmdline.py,
docstring_headline,E:\football_v\.venv\Lib\site-packages\pip\_vendor\pygments\cmdline.py,
docstring_headline,E:\football_v\.venv\Lib\site-packages\pip\_vendor\pygments\cmdline.py,
get_all_lexers,E:\football_v\.venv\Lib\site-packages\pip\_vendor\pygments\cmdline.py,
get_all_formatters,E:\football_v\.venv\Lib\site-packages\pip\_vendor\pygments\cmdline.py,
get_all_filters,E:\football_v\.venv\Lib\site-packages\pip\_vendor\pygments\cmdline.py,
get_all_styles,E:\football_v\.venv\Lib\site-packages\pip\_vendor\pygments\cmdline.py,
docstring_headline,E:\football_v\.venv\Lib\site-packages\pip\_vendor\pygments\cmdline.py,
find_filter_class,E:\football_v\.venv\Lib\site-packages\pip\_vendor\pygments\cmdline.py,
get_style_by_name,E:\football_v\.venv\Lib\site-packages\pip\_vendor\pygments\cmdline.py,
docstring_headline,E:\football_v\.venv\Lib\site-packages\pip\_vendor\pygments\cmdline.py,
docstring_headline,E:\football_v\.venv\Lib\site-packages\pip\_vendor\pygments\cmdline.py,
_parse_options,E:\football_v\.venv\Lib\site-packages\pip\_vendor\pygments\cmdline.py,
_parse_filters,E:\football_v\.venv\Lib\site-packages\pip\_vendor\pygments\cmdline.py,
bool,E:\football_v\.venv\Lib\site-packages\pip\_vendor\pygments\cmdline.py,
print,E:\football_v\.venv\Lib\site-packages\pip\_vendor\pygments\cmdline.py,
set,E:\football_v\.venv\Lib\site-packages\pip\_vendor\pygments\cmdline.py,
any,E:\football_v\.venv\Lib\site-packages\pip\_vendor\pygments\cmdline.py,
_print_help,E:\football_v\.venv\Lib\site-packages\pip\_vendor\pygments\cmdline.py,
find_lexer_class_for_filename,E:\football_v\.venv\Lib\site-packages\pip\_vendor\pygments\cmdline.py,
print,E:\football_v\.venv\Lib\site-packages\pip\_vendor\pygments\cmdline.py,
print,E:\football_v\.venv\Lib\site-packages\pip\_vendor\pygments\cmdline.py,
print,E:\football_v\.venv\Lib\site-packages\pip\_vendor\pygments\cmdline.py,
UnclosingTextIOWrapper,E:\football_v\.venv\Lib\site-packages\pip\_vendor\pygments\cmdline.py,
isinstance,E:\football_v\.venv\Lib\site-packages\pip\_vendor\pygments\cmdline.py,
LatexEmbeddedLexer,E:\football_v\.venv\Lib\site-packages\pip\_vendor\pygments\cmdline.py,
any,E:\football_v\.venv\Lib\site-packages\pip\_vendor\pygments\cmdline.py,
main,E:\football_v\.venv\Lib\site-packages\pip\_vendor\pygments\cmdline.py,
_print_list_as_json,E:\football_v\.venv\Lib\site-packages\pip\_vendor\pygments\cmdline.py,
is_only_option,E:\football_v\.venv\Lib\site-packages\pip\_vendor\pygments\cmdline.py,
guess_lexer,E:\football_v\.venv\Lib\site-packages\pip\_vendor\pygments\cmdline.py,
get_formatter_by_name,E:\football_v\.venv\Lib\site-packages\pip\_vendor\pygments\cmdline.py,
print,E:\football_v\.venv\Lib\site-packages\pip\_vendor\pygments\cmdline.py,
guess_decode,E:\football_v\.venv\Lib\site-packages\pip\_vendor\pygments\cmdline.py,
open,E:\football_v\.venv\Lib\site-packages\pip\_vendor\pygments\cmdline.py,
terminal_encoding,E:\football_v\.venv\Lib\site-packages\pip\_vendor\pygments\cmdline.py,
len,E:\football_v\.venv\Lib\site-packages\pip\_vendor\pygments\cmdline.py,
highlight,E:\football_v\.venv\Lib\site-packages\pip\_vendor\pygments\cmdline.py,
vars,E:\football_v\.venv\Lib\site-packages\pip\_vendor\pygments\cmdline.py,
_print_list,E:\football_v\.venv\Lib\site-packages\pip\_vendor\pygments\cmdline.py,
print,E:\football_v\.venv\Lib\site-packages\pip\_vendor\pygments\cmdline.py,
get_lexer_by_name,E:\football_v\.venv\Lib\site-packages\pip\_vendor\pygments\cmdline.py,
open,E:\football_v\.venv\Lib\site-packages\pip\_vendor\pygments\cmdline.py,
print,E:\football_v\.venv\Lib\site-packages\pip\_vendor\pygments\cmdline.py,
get_lexer_for_filename,E:\football_v\.venv\Lib\site-packages\pip\_vendor\pygments\cmdline.py,
guess_decode_from_terminal,E:\football_v\.venv\Lib\site-packages\pip\_vendor\pygments\cmdline.py,
print,E:\football_v\.venv\Lib\site-packages\pip\_vendor\pygments\cmdline.py,
print,E:\football_v\.venv\Lib\site-packages\pip\_vendor\pygments\cmdline.py,
get_formatter_by_name,E:\football_v\.venv\Lib\site-packages\pip\_vendor\pygments\cmdline.py,
get_formatter_for_filename,E:\football_v\.venv\Lib\site-packages\pip\_vendor\pygments\cmdline.py,
print,E:\football_v\.venv\Lib\site-packages\pip\_vendor\pygments\cmdline.py,
TerminalTrueColorFormatter,E:\football_v\.venv\Lib\site-packages\pip\_vendor\pygments\cmdline.py,
highlight,E:\football_v\.venv\Lib\site-packages\pip\_vendor\pygments\cmdline.py,
hasattr,E:\football_v\.venv\Lib\site-packages\pip\_vendor\pygments\cmdline.py,
load_lexer_from_file,E:\football_v\.venv\Lib\site-packages\pip\_vendor\pygments\cmdline.py,
load_lexer_from_file,E:\football_v\.venv\Lib\site-packages\pip\_vendor\pygments\cmdline.py,
print,E:\football_v\.venv\Lib\site-packages\pip\_vendor\pygments\cmdline.py,
print,E:\football_v\.venv\Lib\site-packages\pip\_vendor\pygments\cmdline.py,
print,E:\football_v\.venv\Lib\site-packages\pip\_vendor\pygments\cmdline.py,
guess_lexer,E:\football_v\.venv\Lib\site-packages\pip\_vendor\pygments\cmdline.py,
load_formatter_from_file,E:\football_v\.venv\Lib\site-packages\pip\_vendor\pygments\cmdline.py,
load_formatter_from_file,E:\football_v\.venv\Lib\site-packages\pip\_vendor\pygments\cmdline.py,
print,E:\football_v\.venv\Lib\site-packages\pip\_vendor\pygments\cmdline.py,
print,E:\football_v\.venv\Lib\site-packages\pip\_vendor\pygments\cmdline.py,
print,E:\football_v\.venv\Lib\site-packages\pip\_vendor\pygments\cmdline.py,
Terminal256Formatter,E:\football_v\.venv\Lib\site-packages\pip\_vendor\pygments\cmdline.py,
TerminalFormatter,E:\football_v\.venv\Lib\site-packages\pip\_vendor\pygments\cmdline.py,
print,E:\football_v\.venv\Lib\site-packages\pip\_vendor\pygments\cmdline.py,
TextLexer,E:\football_v\.venv\Lib\site-packages\pip\_vendor\pygments\cmdline.py,
guess_decode_from_terminal,E:\football_v\.venv\Lib\site-packages\pip\_vendor\pygments\cmdline.py,
guess_lexer,E:\football_v\.venv\Lib\site-packages\pip\_vendor\pygments\cmdline.py,
vars,E:\football_v\.venv\Lib\site-packages\pip\_vendor\pygments\cmdline.py,
TextLexer,E:\football_v\.venv\Lib\site-packages\pip\_vendor\pygments\cmdline.py,
main_inner,E:\football_v\.venv\Lib\site-packages\pip\_vendor\pygments\cmdline.py,
print,E:\football_v\.venv\Lib\site-packages\pip\_vendor\pygments\cmdline.py,
print,E:\football_v\.venv\Lib\site-packages\pip\_vendor\pygments\cmdline.py,
print,E:\football_v\.venv\Lib\site-packages\pip\_vendor\pygments\cmdline.py,
print,E:\football_v\.venv\Lib\site-packages\pip\_vendor\pygments\cmdline.py,
print,E:\football_v\.venv\Lib\site-packages\pip\_vendor\pygments\cmdline.py,
print,E:\football_v\.venv\Lib\site-packages\pip\_vendor\pygments\cmdline.py,
print,E:\football_v\.venv\Lib\site-packages\pip\_vendor\pygments\cmdline.py,
print,E:\football_v\.venv\Lib\site-packages\pip\_vendor\pygments\cmdline.py,
print,E:\football_v\.venv\Lib\site-packages\pip\_vendor\pygments\cmdline.py,
print,E:\football_v\.venv\Lib\site-packages\pip\_vendor\pygments\cmdline.py,
print,E:\football_v\.venv\Lib\site-packages\pip\_vendor\pygments\cmdline.py,
len,E:\football_v\.venv\Lib\site-packages\pip\_vendor\pygments\cmdline.py,
any,E:\football_v\.venv\Lib\site-packages\pip\_vendor\pygments\cmdline.py,
vars,E:\football_v\.venv\Lib\site-packages\pip\_vendor\pygments\cmdline.py,
_apply,E:\football_v\.venv\Lib\site-packages\pip\_vendor\pygments\filter.py,
type,E:\football_v\.venv\Lib\site-packages\pip\_vendor\pygments\filter.py,
getattr,E:\football_v\.venv\Lib\site-packages\pip\_vendor\pygments\filter.py,
NotImplementedError,E:\football_v\.venv\Lib\site-packages\pip\_vendor\pygments\filter.py,
hasattr,E:\football_v\.venv\Lib\site-packages\pip\_vendor\pygments\filter.py,
TypeError,E:\football_v\.venv\Lib\site-packages\pip\_vendor\pygments\filter.py,
isinstance,E:\football_v\.venv\Lib\site-packages\pip\_vendor\pygments\formatter.py,
get_style_by_name,E:\football_v\.venv\Lib\site-packages\pip\_vendor\pygments\formatter.py,
_lookup_style,E:\football_v\.venv\Lib\site-packages\pip\_vendor\pygments\formatter.py,
get_bool_opt,E:\football_v\.venv\Lib\site-packages\pip\_vendor\pygments\formatter.py,
enumerate,E:\football_v\.venv\Lib\site-packages\pip\_vendor\pygments\lexer.py,
type,E:\football_v\.venv\Lib\site-packages\pip\_vendor\pygments\lexer.py,
action,E:\football_v\.venv\Lib\site-packages\pip\_vendor\pygments\lexer.py,
_PseudoMatch,E:\football_v\.venv\Lib\site-packages\pip\_vendor\pygments\lexer.py,
isinstance,E:\football_v\.venv\Lib\site-packages\pip\_vendor\pygments\lexer.py,
_other,E:\football_v\.venv\Lib\site-packages\pip\_vendor\pygments\lexer.py,
iter,E:\football_v\.venv\Lib\site-packages\pip\_vendor\pygments\lexer.py,
next,E:\football_v\.venv\Lib\site-packages\pip\_vendor\pygments\lexer.py,
len,E:\football_v\.venv\Lib\site-packages\pip\_vendor\pygments\lexer.py,
len,E:\football_v\.venv\Lib\site-packages\pip\_vendor\pygments\lexer.py,
next,E:\football_v\.venv\Lib\site-packages\pip\_vendor\pygments\lexer.py,
len,E:\football_v\.venv\Lib\site-packages\pip\_vendor\pygments\lexer.py,
len,E:\football_v\.venv\Lib\site-packages\pip\_vendor\pygments\lexer.py,
next,E:\football_v\.venv\Lib\site-packages\pip\_vendor\pygments\lexer.py,
len,E:\football_v\.venv\Lib\site-packages\pip\_vendor\pygments\lexer.py,
len,E:\football_v\.venv\Lib\site-packages\pip\_vendor\pygments\lexer.py,
make_analysator,E:\football_v\.venv\Lib\site-packages\pip\_vendor\pygments\lexer.py,
get_bool_opt,E:\football_v\.venv\Lib\site-packages\pip\_vendor\pygments\lexer.py,
get_bool_opt,E:\football_v\.venv\Lib\site-packages\pip\_vendor\pygments\lexer.py,
get_bool_opt,E:\football_v\.venv\Lib\site-packages\pip\_vendor\pygments\lexer.py,
get_int_opt,E:\football_v\.venv\Lib\site-packages\pip\_vendor\pygments\lexer.py,
get_list_opt,E:\football_v\.venv\Lib\site-packages\pip\_vendor\pygments\lexer.py,
isinstance,E:\football_v\.venv\Lib\site-packages\pip\_vendor\pygments\lexer.py,
get_filter_by_name,E:\football_v\.venv\Lib\site-packages\pip\_vendor\pygments\lexer.py,
isinstance,E:\football_v\.venv\Lib\site-packages\pip\_vendor\pygments\lexer.py,
guess_decode,E:\football_v\.venv\Lib\site-packages\pip\_vendor\pygments\lexer.py,
ImportError,E:\football_v\.venv\Lib\site-packages\pip\_vendor\pygments\lexer.py,
len,E:\football_v\.venv\Lib\site-packages\pip\_vendor\pygments\lexer.py,
ImportError,E:\football_v\.venv\Lib\site-packages\pip\_vendor\pygments\lexer.py,
len,E:\football_v\.venv\Lib\site-packages\pip\_vendor\pygments\lexer.py,
len,E:\football_v\.venv\Lib\site-packages\pip\_vendor\pygments\lexer.py,
streamer,E:\football_v\.venv\Lib\site-packages\pip\_vendor\pygments\lexer.py,
apply_filters,E:\football_v\.venv\Lib\site-packages\pip\_vendor\pygments\lexer.py,
_root_lexer,E:\football_v\.venv\Lib\site-packages\pip\_vendor\pygments\lexer.py,
_language_lexer,E:\football_v\.venv\Lib\site-packages\pip\_vendor\pygments\lexer.py,
do_insertions,E:\football_v\.venv\Lib\site-packages\pip\_vendor\pygments\lexer.py,
len,E:\football_v\.venv\Lib\site-packages\pip\_vendor\pygments\lexer.py,
len,E:\football_v\.venv\Lib\site-packages\pip\_vendor\pygments\lexer.py,
len,E:\football_v\.venv\Lib\site-packages\pip\_vendor\pygments\lexer.py,
IndexError,E:\football_v\.venv\Lib\site-packages\pip\_vendor\pygments\lexer.py,
enumerate,E:\football_v\.venv\Lib\site-packages\pip\_vendor\pygments\lexer.py,
type,E:\football_v\.venv\Lib\site-packages\pip\_vendor\pygments\lexer.py,
action,E:\football_v\.venv\Lib\site-packages\pip\_vendor\pygments\lexer.py,
_PseudoMatch,E:\football_v\.venv\Lib\site-packages\pip\_vendor\pygments\lexer.py,
regex_opt,E:\football_v\.venv\Lib\site-packages\pip\_vendor\pygments\lexer.py,
isinstance,E:\football_v\.venv\Lib\site-packages\pip\_vendor\pygments\lexer.py,
callable,E:\football_v\.venv\Lib\site-packages\pip\_vendor\pygments\lexer.py,
type,E:\football_v\.venv\Lib\site-packages\pip\_vendor\pygments\lexer.py,
isinstance,E:\football_v\.venv\Lib\site-packages\pip\_vendor\pygments\lexer.py,
isinstance,E:\football_v\.venv\Lib\site-packages\pip\_vendor\pygments\lexer.py,
isinstance,E:\football_v\.venv\Lib\site-packages\pip\_vendor\pygments\lexer.py,
int,E:\football_v\.venv\Lib\site-packages\pip\_vendor\pygments\lexer.py,
isinstance,E:\football_v\.venv\Lib\site-packages\pip\_vendor\pygments\lexer.py,
isinstance,E:\football_v\.venv\Lib\site-packages\pip\_vendor\pygments\lexer.py,
isinstance,E:\football_v\.venv\Lib\site-packages\pip\_vendor\pygments\lexer.py,
isinstance,E:\football_v\.venv\Lib\site-packages\pip\_vendor\pygments\lexer.py,
type,E:\football_v\.venv\Lib\site-packages\pip\_vendor\pygments\lexer.py,
len,E:\football_v\.venv\Lib\site-packages\pip\_vendor\pygments\lexer.py,
ValueError,E:\football_v\.venv\Lib\site-packages\pip\_vendor\pygments\lexer.py,
str,E:\football_v\.venv\Lib\site-packages\pip\_vendor\pygments\lexer.py,
list,E:\football_v\.venv\Lib\site-packages\pip\_vendor\pygments\lexer.py,
hasattr,E:\football_v\.venv\Lib\site-packages\pip\_vendor\pygments\lexer.py,
list,E:\football_v\.venv\Lib\site-packages\pip\_vendor\pygments\lexer.py,
rexmatch,E:\football_v\.venv\Lib\site-packages\pip\_vendor\pygments\lexer.py,
isinstance,E:\football_v\.venv\Lib\site-packages\pip\_vendor\pygments\lexer.py,
type,E:\football_v\.venv\Lib\site-packages\pip\_vendor\pygments\lexer.py,
isinstance,E:\football_v\.venv\Lib\site-packages\pip\_vendor\pygments\lexer.py,
action,E:\football_v\.venv\Lib\site-packages\pip\_vendor\pygments\lexer.py,
abs,E:\football_v\.venv\Lib\site-packages\pip\_vendor\pygments\lexer.py,
len,E:\football_v\.venv\Lib\site-packages\pip\_vendor\pygments\lexer.py,
len,E:\football_v\.venv\Lib\site-packages\pip\_vendor\pygments\lexer.py,
len,E:\football_v\.venv\Lib\site-packages\pip\_vendor\pygments\lexer.py,
LexerContext,E:\football_v\.venv\Lib\site-packages\pip\_vendor\pygments\lexer.py,
rexmatch,E:\football_v\.venv\Lib\site-packages\pip\_vendor\pygments\lexer.py,
isinstance,E:\football_v\.venv\Lib\site-packages\pip\_vendor\pygments\lexer.py,
type,E:\football_v\.venv\Lib\site-packages\pip\_vendor\pygments\lexer.py,
isinstance,E:\football_v\.venv\Lib\site-packages\pip\_vendor\pygments\lexer.py,
action,E:\football_v\.venv\Lib\site-packages\pip\_vendor\pygments\lexer.py,
abs,E:\football_v\.venv\Lib\site-packages\pip\_vendor\pygments\lexer.py,
len,E:\football_v\.venv\Lib\site-packages\pip\_vendor\pygments\lexer.py,
len,E:\football_v\.venv\Lib\site-packages\pip\_vendor\pygments\lexer.py,
isinstance,E:\football_v\.venv\Lib\site-packages\pip\_vendor\pygments\lexer.py,
regex_opt,E:\football_v\.venv\Lib\site-packages\pip\_vendor\pygments\lexer.py,
sorted,E:\football_v\.venv\Lib\site-packages\pip\_vendor\pygments\lexer.py,
sum,E:\football_v\.venv\Lib\site-packages\pip\_vendor\pygments\lexer.py,
print,E:\football_v\.venv\Lib\site-packages\pip\_vendor\pygments\lexer.py,
print,E:\football_v\.venv\Lib\site-packages\pip\_vendor\pygments\lexer.py,
print,E:\football_v\.venv\Lib\site-packages\pip\_vendor\pygments\lexer.py,
print,E:\football_v\.venv\Lib\site-packages\pip\_vendor\pygments\lexer.py,
print,E:\football_v\.venv\Lib\site-packages\pip\_vendor\pygments\lexer.py,
print,E:\football_v\.venv\Lib\site-packages\pip\_vendor\pygments\lexer.py,
print,E:\football_v\.venv\Lib\site-packages\pip\_vendor\pygments\lexer.py,
len,E:\football_v\.venv\Lib\site-packages\pip\_vendor\pygments\lexer.py,
repr,E:\football_v\.venv\Lib\site-packages\pip\_vendor\pygments\lexer.py,
_other,E:\football_v\.venv\Lib\site-packages\pip\_vendor\pygments\lexer.py,
range,E:\football_v\.venv\Lib\site-packages\pip\_vendor\pygments\modeline.py,
get_filetype_from_line,E:\football_v\.venv\Lib\site-packages\pip\_vendor\pygments\modeline.py,
len,E:\football_v\.venv\Lib\site-packages\pip\_vendor\pygments\modeline.py,
get_filetype_from_line,E:\football_v\.venv\Lib\site-packages\pip\_vendor\pygments\modeline.py,
entry_points,E:\football_v\.venv\Lib\site-packages\pip\_vendor\pygments\plugin.py,
hasattr,E:\football_v\.venv\Lib\site-packages\pip\_vendor\pygments\plugin.py,
iter_entry_points,E:\football_v\.venv\Lib\site-packages\pip\_vendor\pygments\plugin.py,
iter_entry_points,E:\football_v\.venv\Lib\site-packages\pip\_vendor\pygments\plugin.py,
iter_entry_points,E:\football_v\.venv\Lib\site-packages\pip\_vendor\pygments\plugin.py,
iter_entry_points,E:\football_v\.venv\Lib\site-packages\pip\_vendor\pygments\plugin.py,
commonprefix,E:\football_v\.venv\Lib\site-packages\pip\_vendor\pygments\regexopt.py,
commonprefix,E:\football_v\.venv\Lib\site-packages\pip\_vendor\pygments\regexopt.py,
len,E:\football_v\.venv\Lib\site-packages\pip\_vendor\pygments\regexopt.py,
len,E:\football_v\.venv\Lib\site-packages\pip\_vendor\pygments\regexopt.py,
len,E:\football_v\.venv\Lib\site-packages\pip\_vendor\pygments\regexopt.py,
len,E:\football_v\.venv\Lib\site-packages\pip\_vendor\pygments\regexopt.py,
len,E:\football_v\.venv\Lib\site-packages\pip\_vendor\pygments\regexopt.py,
escape,E:\football_v\.venv\Lib\site-packages\pip\_vendor\pygments\regexopt.py,
len,E:\football_v\.venv\Lib\site-packages\pip\_vendor\pygments\regexopt.py,
regex_opt_inner,E:\football_v\.venv\Lib\site-packages\pip\_vendor\pygments\regexopt.py,
escape,E:\football_v\.venv\Lib\site-packages\pip\_vendor\pygments\regexopt.py,
regex_opt_inner,E:\football_v\.venv\Lib\site-packages\pip\_vendor\pygments\regexopt.py,
make_charset,E:\football_v\.venv\Lib\site-packages\pip\_vendor\pygments\regexopt.py,
escape,E:\football_v\.venv\Lib\site-packages\pip\_vendor\pygments\regexopt.py,
regex_opt_inner,E:\football_v\.venv\Lib\site-packages\pip\_vendor\pygments\regexopt.py,
regex_opt_inner,E:\football_v\.venv\Lib\site-packages\pip\_vendor\pygments\regexopt.py,
make_charset,E:\football_v\.venv\Lib\site-packages\pip\_vendor\pygments\regexopt.py,
sorted,E:\football_v\.venv\Lib\site-packages\pip\_vendor\pygments\regexopt.py,
list,E:\football_v\.venv\Lib\site-packages\pip\_vendor\pygments\regexopt.py,
groupby,E:\football_v\.venv\Lib\site-packages\pip\_vendor\pygments\regexopt.py,
regex_opt_inner,E:\football_v\.venv\Lib\site-packages\pip\_vendor\pygments\regexopt.py,
sorted,E:\football_v\.venv\Lib\site-packages\pip\_vendor\pygments\regexopt.py,
regex_opt_inner,E:\football_v\.venv\Lib\site-packages\pip\_vendor\pygments\regexopt.py,
len,E:\football_v\.venv\Lib\site-packages\pip\_vendor\pygments\scanner.py,
EndOfText,E:\football_v\.venv\Lib\site-packages\pip\_vendor\pygments\scanner.py,
EndOfText,E:\football_v\.venv\Lib\site-packages\pip\_vendor\pygments\scanner.py,
set,E:\football_v\.venv\Lib\site-packages\pip\_vendor\pygments\sphinxext.py,
ViewList,E:\football_v\.venv\Lib\site-packages\pip\_vendor\pygments\sphinxext.py,
nested_parse_with_titles,E:\football_v\.venv\Lib\site-packages\pip\_vendor\pygments\sphinxext.py,
Exception,E:\football_v\.venv\Lib\site-packages\pip\_vendor\pygments\sphinxext.py,
sorted,E:\football_v\.venv\Lib\site-packages\pip\_vendor\pygments\sphinxext.py,
find_lexer_class,E:\football_v\.venv\Lib\site-packages\pip\_vendor\pygments\sphinxext.py,
max,E:\football_v\.venv\Lib\site-packages\pip\_vendor\pygments\sphinxext.py,
zip,E:\football_v\.venv\Lib\site-packages\pip\_vendor\pygments\sphinxext.py,
write_row,E:\football_v\.venv\Lib\site-packages\pip\_vendor\pygments\sphinxext.py,
write_seperator,E:\football_v\.venv\Lib\site-packages\pip\_vendor\pygments\sphinxext.py,
write_row,E:\football_v\.venv\Lib\site-packages\pip\_vendor\pygments\sphinxext.py,
write_seperator,E:\football_v\.venv\Lib\site-packages\pip\_vendor\pygments\sphinxext.py,
write_seperator,E:\football_v\.venv\Lib\site-packages\pip\_vendor\pygments\sphinxext.py,
write_row,E:\football_v\.venv\Lib\site-packages\pip\_vendor\pygments\sphinxext.py,
format_link,E:\football_v\.venv\Lib\site-packages\pip\_vendor\pygments\sphinxext.py,
len,E:\football_v\.venv\Lib\site-packages\pip\_vendor\pygments\sphinxext.py,
sorted,E:\football_v\.venv\Lib\site-packages\pip\_vendor\pygments\sphinxext.py,
sorted,E:\football_v\.venv\Lib\site-packages\pip\_vendor\pygments\sphinxext.py,
__import__,E:\football_v\.venv\Lib\site-packages\pip\_vendor\pygments\sphinxext.py,
getattr,E:\football_v\.venv\Lib\site-packages\pip\_vendor\pygments\sphinxext.py,
isinstance,E:\football_v\.venv\Lib\site-packages\pip\_vendor\pygments\sphinxext.py,
getattr,E:\football_v\.venv\Lib\site-packages\pip\_vendor\pygments\sphinxext.py,
print,E:\football_v\.venv\Lib\site-packages\pip\_vendor\pygments\sphinxext.py,
isinstance,E:\football_v\.venv\Lib\site-packages\pip\_vendor\pygments\sphinxext.py,
Exception,E:\football_v\.venv\Lib\site-packages\pip\_vendor\pygments\sphinxext.py,
Exception,E:\football_v\.venv\Lib\site-packages\pip\_vendor\pygments\sphinxext.py,
len,E:\football_v\.venv\Lib\site-packages\pip\_vendor\pygments\sphinxext.py,
sorted,E:\football_v\.venv\Lib\site-packages\pip\_vendor\pygments\sphinxext.py,
__import__,E:\football_v\.venv\Lib\site-packages\pip\_vendor\pygments\sphinxext.py,
getattr,E:\football_v\.venv\Lib\site-packages\pip\_vendor\pygments\sphinxext.py,
isinstance,E:\football_v\.venv\Lib\site-packages\pip\_vendor\pygments\sphinxext.py,
isinstance,E:\football_v\.venv\Lib\site-packages\pip\_vendor\pygments\sphinxext.py,
zip,E:\football_v\.venv\Lib\site-packages\pip\_vendor\pygments\sphinxext.py,
write_row,E:\football_v\.venv\Lib\site-packages\pip\_vendor\pygments\sphinxext.py,
len,E:\football_v\.venv\Lib\site-packages\pip\_vendor\pygments\style.py,
len,E:\football_v\.venv\Lib\site-packages\pip\_vendor\pygments\style.py,
colorformat,E:\football_v\.venv\Lib\site-packages\pip\_vendor\pygments\style.py,
colorformat,E:\football_v\.venv\Lib\site-packages\pip\_vendor\pygments\style.py,
colorformat,E:\football_v\.venv\Lib\site-packages\pip\_vendor\pygments\style.py,
bool,E:\football_v\.venv\Lib\site-packages\pip\_vendor\pygments\style.py,
bool,E:\football_v\.venv\Lib\site-packages\pip\_vendor\pygments\style.py,
bool,E:\football_v\.venv\Lib\site-packages\pip\_vendor\pygments\style.py,
bool,E:\football_v\.venv\Lib\site-packages\pip\_vendor\pygments\style.py,
bool,E:\football_v\.venv\Lib\site-packages\pip\_vendor\pygments\style.py,
bool,E:\football_v\.venv\Lib\site-packages\pip\_vendor\pygments\style.py,
list,E:\football_v\.venv\Lib\site-packages\pip\_vendor\pygments\style.py,
len,E:\football_v\.venv\Lib\site-packages\pip\_vendor\pygments\style.py,
len,E:\football_v\.venv\Lib\site-packages\pip\_vendor\pygments\style.py,
len,E:\football_v\.venv\Lib\site-packages\pip\_vendor\pygments\style.py,
isinstance,E:\football_v\.venv\Lib\site-packages\pip\_vendor\pygments\token.py,
getattr,E:\football_v\.venv\Lib\site-packages\pip\_vendor\pygments\token.py,
set,E:\football_v\.venv\Lib\site-packages\pip\_vendor\pygments\token.py,
type,E:\football_v\.venv\Lib\site-packages\pip\_vendor\pygments\token.py,
len,E:\football_v\.venv\Lib\site-packages\pip\_vendor\pygments\token.py,
_TokenType,E:\football_v\.venv\Lib\site-packages\pip\_vendor\pygments\token.py,
setattr,E:\football_v\.venv\Lib\site-packages\pip\_vendor\pygments\token.py,
globals,E:\football_v\.venv\Lib\site-packages\pip\_vendor\pygments\unistring.py,
globals,E:\football_v\.venv\Lib\site-packages\pip\_vendor\pygments\unistring.py,
len,E:\football_v\.venv\Lib\site-packages\pip\_vendor\pygments\unistring.py,
chr,E:\football_v\.venv\Lib\site-packages\pip\_vendor\pygments\unistring.py,
ord,E:\football_v\.venv\Lib\site-packages\pip\_vendor\pygments\unistring.py,
OptionError,E:\football_v\.venv\Lib\site-packages\pip\_vendor\pygments\util.py,
map,E:\football_v\.venv\Lib\site-packages\pip\_vendor\pygments\util.py,
isinstance,E:\football_v\.venv\Lib\site-packages\pip\_vendor\pygments\util.py,
isinstance,E:\football_v\.venv\Lib\site-packages\pip\_vendor\pygments\util.py,
bool,E:\football_v\.venv\Lib\site-packages\pip\_vendor\pygments\util.py,
isinstance,E:\football_v\.venv\Lib\site-packages\pip\_vendor\pygments\util.py,
OptionError,E:\football_v\.venv\Lib\site-packages\pip\_vendor\pygments\util.py,
OptionError,E:\football_v\.venv\Lib\site-packages\pip\_vendor\pygments\util.py,
int,E:\football_v\.venv\Lib\site-packages\pip\_vendor\pygments\util.py,
OptionError,E:\football_v\.venv\Lib\site-packages\pip\_vendor\pygments\util.py,
OptionError,E:\football_v\.venv\Lib\site-packages\pip\_vendor\pygments\util.py,
isinstance,E:\football_v\.venv\Lib\site-packages\pip\_vendor\pygments\util.py,
isinstance,E:\football_v\.venv\Lib\site-packages\pip\_vendor\pygments\util.py,
list,E:\football_v\.venv\Lib\site-packages\pip\_vendor\pygments\util.py,
OptionError,E:\football_v\.venv\Lib\site-packages\pip\_vendor\pygments\util.py,
staticmethod,E:\football_v\.venv\Lib\site-packages\pip\_vendor\pygments\util.py,
f,E:\football_v\.venv\Lib\site-packages\pip\_vendor\pygments\util.py,
min,E:\football_v\.venv\Lib\site-packages\pip\_vendor\pygments\util.py,
max,E:\football_v\.venv\Lib\site-packages\pip\_vendor\pygments\util.py,
float,E:\football_v\.venv\Lib\site-packages\pip\_vendor\pygments\util.py,
doctype_matches,E:\football_v\.venv\Lib\site-packages\pip\_vendor\pygments\util.py,
hash,E:\football_v\.venv\Lib\site-packages\pip\_vendor\pygments\util.py,
repr,E:\football_v\.venv\Lib\site-packages\pip\_vendor\pygments\util.py,
set,E:\football_v\.venv\Lib\site-packages\pip\_vendor\pygments\util.py,
getattr,E:\football_v\.venv\Lib\site-packages\pip\_vendor\pygments\util.py,
guess_decode,E:\football_v\.venv\Lib\site-packages\pip\_vendor\pygments\util.py,
getattr,E:\football_v\.venv\Lib\site-packages\pip\_vendor\pygments\util.py,
f,E:\football_v\.venv\Lib\site-packages\pip\_vendor\pygments\util.py,
min,E:\football_v\.venv\Lib\site-packages\pip\_vendor\pygments\util.py,
max,E:\football_v\.venv\Lib\site-packages\pip\_vendor\pygments\util.py,
float,E:\football_v\.venv\Lib\site-packages\pip\_vendor\pygments\util.py,
isinstance,E:\football_v\.venv\Lib\site-packages\pip\_vendor\pygments\__init__.py,
issubclass,E:\football_v\.venv\Lib\site-packages\pip\_vendor\pygments\__init__.py,
TypeError,E:\football_v\.venv\Lib\site-packages\pip\_vendor\pygments\__init__.py,
StringIO,E:\football_v\.venv\Lib\site-packages\pip\_vendor\pygments\__init__.py,
isinstance,E:\football_v\.venv\Lib\site-packages\pip\_vendor\pygments\__init__.py,
issubclass,E:\football_v\.venv\Lib\site-packages\pip\_vendor\pygments\__init__.py,
TypeError,E:\football_v\.venv\Lib\site-packages\pip\_vendor\pygments\__init__.py,
getattr,E:\football_v\.venv\Lib\site-packages\pip\_vendor\pygments\__init__.py,
BytesIO,E:\football_v\.venv\Lib\site-packages\pip\_vendor\pygments\__init__.py,
format,E:\football_v\.venv\Lib\site-packages\pip\_vendor\pygments\__init__.py,
lex,E:\football_v\.venv\Lib\site-packages\pip\_vendor\pygments\__init__.py,
find_plugin_filters,E:\football_v\.venv\Lib\site-packages\pip\_vendor\pygments\filters\__init__.py,
find_filter_class,E:\football_v\.venv\Lib\site-packages\pip\_vendor\pygments\filters\__init__.py,
cls,E:\football_v\.venv\Lib\site-packages\pip\_vendor\pygments\filters\__init__.py,
ClassNotFound,E:\football_v\.venv\Lib\site-packages\pip\_vendor\pygments\filters\__init__.py,
find_plugin_filters,E:\football_v\.venv\Lib\site-packages\pip\_vendor\pygments\filters\__init__.py,
len,E:\football_v\.venv\Lib\site-packages\pip\_vendor\pygments\filters\__init__.py,
replacefunc,E:\football_v\.venv\Lib\site-packages\pip\_vendor\pygments\filters\__init__.py,
get_list_opt,E:\football_v\.venv\Lib\site-packages\pip\_vendor\pygments\filters\__init__.py,
_replace_special,E:\football_v\.venv\Lib\site-packages\pip\_vendor\pygments\filters\__init__.py,
get_choice_opt,E:\football_v\.venv\Lib\site-packages\pip\_vendor\pygments\filters\__init__.py,
get_choice_opt,E:\football_v\.venv\Lib\site-packages\pip\_vendor\pygments\filters\__init__.py,
getattr,E:\football_v\.venv\Lib\site-packages\pip\_vendor\pygments\filters\__init__.py,
set,E:\football_v\.venv\Lib\site-packages\pip\_vendor\pygments\filters\__init__.py,
get_list_opt,E:\football_v\.venv\Lib\site-packages\pip\_vendor\pygments\filters\__init__.py,
string_to_tokentype,E:\football_v\.venv\Lib\site-packages\pip\_vendor\pygments\filters\__init__.py,
issubclass,E:\football_v\.venv\Lib\site-packages\pip\_vendor\pygments\filters\__init__.py,
OptionError,E:\football_v\.venv\Lib\site-packages\pip\_vendor\pygments\filters\__init__.py,
get_int_opt,E:\football_v\.venv\Lib\site-packages\pip\_vendor\pygments\filters\__init__.py,
get_bool_opt,E:\football_v\.venv\Lib\site-packages\pip\_vendor\pygments\filters\__init__.py,
isinstance,E:\football_v\.venv\Lib\site-packages\pip\_vendor\pygments\filters\__init__.py,
setattr,E:\football_v\.venv\Lib\site-packages\pip\_vendor\pygments\filters\__init__.py,
setattr,E:\football_v\.venv\Lib\site-packages\pip\_vendor\pygments\filters\__init__.py,
len,E:\football_v\.venv\Lib\site-packages\pip\_vendor\pygments\filters\__init__.py,
_replace_special,E:\football_v\.venv\Lib\site-packages\pip\_vendor\pygments\filters\__init__.py,
get_int_opt,E:\football_v\.venv\Lib\site-packages\pip\_vendor\pygments\filters\__init__.py,
len,E:\football_v\.venv\Lib\site-packages\pip\_vendor\pygments\filters\__init__.py,
len,E:\football_v\.venv\Lib\site-packages\pip\_vendor\pygments\filters\__init__.py,
range,E:\football_v\.venv\Lib\site-packages\pip\_vendor\pygments\filters\__init__.py,
len,E:\football_v\.venv\Lib\site-packages\pip\_vendor\pygments\filters\__init__.py,
get_bool_opt,E:\football_v\.venv\Lib\site-packages\pip\_vendor\pygments\formatters\bbcode.py,
get_bool_opt,E:\football_v\.venv\Lib\site-packages\pip\_vendor\pygments\formatters\bbcode.py,
get_bool_opt,E:\football_v\.venv\Lib\site-packages\pip\_vendor\pygments\formatters\groff.py,
get_bool_opt,E:\football_v\.venv\Lib\site-packages\pip\_vendor\pygments\formatters\groff.py,
get_int_opt,E:\football_v\.venv\Lib\site-packages\pip\_vendor\pygments\formatters\groff.py,
set,E:\football_v\.venv\Lib\site-packages\pip\_vendor\pygments\formatters\groff.py,
sorted,E:\football_v\.venv\Lib\site-packages\pip\_vendor\pygments\formatters\groff.py,
len,E:\football_v\.venv\Lib\site-packages\pip\_vendor\pygments\formatters\groff.py,
range,E:\football_v\.venv\Lib\site-packages\pip\_vendor\pygments\formatters\groff.py,
len,E:\football_v\.venv\Lib\site-packages\pip\_vendor\pygments\formatters\groff.py,
len,E:\football_v\.venv\Lib\site-packages\pip\_vendor\pygments\formatters\groff.py,
get_bool_opt,E:\football_v\.venv\Lib\site-packages\pip\_vendor\pygments\formatters\html.py,
get_bool_opt,E:\football_v\.venv\Lib\site-packages\pip\_vendor\pygments\formatters\html.py,
get_bool_opt,E:\football_v\.venv\Lib\site-packages\pip\_vendor\pygments\formatters\html.py,
get_bool_opt,E:\football_v\.venv\Lib\site-packages\pip\_vendor\pygments\formatters\html.py,
get_bool_opt,E:\football_v\.venv\Lib\site-packages\pip\_vendor\pygments\formatters\html.py,
abs,E:\football_v\.venv\Lib\site-packages\pip\_vendor\pygments\formatters\html.py,
abs,E:\football_v\.venv\Lib\site-packages\pip\_vendor\pygments\formatters\html.py,
abs,E:\football_v\.venv\Lib\site-packages\pip\_vendor\pygments\formatters\html.py,
get_bool_opt,E:\football_v\.venv\Lib\site-packages\pip\_vendor\pygments\formatters\html.py,
get_bool_opt,E:\football_v\.venv\Lib\site-packages\pip\_vendor\pygments\formatters\html.py,
set,E:\football_v\.venv\Lib\site-packages\pip\_vendor\pygments\formatters\html.py,
get_list_opt,E:\football_v\.venv\Lib\site-packages\pip\_vendor\pygments\formatters\html.py,
get_int_opt,E:\football_v\.venv\Lib\site-packages\pip\_vendor\pygments\formatters\html.py,
get_int_opt,E:\football_v\.venv\Lib\site-packages\pip\_vendor\pygments\formatters\html.py,
get_int_opt,E:\football_v\.venv\Lib\site-packages\pip\_vendor\pygments\formatters\html.py,
RuntimeError,E:\football_v\.venv\Lib\site-packages\pip\_vendor\pygments\formatters\html.py,
int,E:\football_v\.venv\Lib\site-packages\pip\_vendor\pygments\formatters\html.py,
_get_ttype_class,E:\football_v\.venv\Lib\site-packages\pip\_vendor\pygments\formatters\html.py,
webify,E:\football_v\.venv\Lib\site-packages\pip\_vendor\pygments\formatters\html.py,
webify,E:\football_v\.venv\Lib\site-packages\pip\_vendor\pygments\formatters\html.py,
webify,E:\football_v\.venv\Lib\site-packages\pip\_vendor\pygments\formatters\html.py,
len,E:\football_v\.venv\Lib\site-packages\pip\_vendor\pygments\formatters\html.py,
prefix,E:\football_v\.venv\Lib\site-packages\pip\_vendor\pygments\formatters\html.py,
repr,E:\football_v\.venv\Lib\site-packages\pip\_vendor\pygments\formatters\html.py,
prefix,E:\football_v\.venv\Lib\site-packages\pip\_vendor\pygments\formatters\html.py,
prefix,E:\football_v\.venv\Lib\site-packages\pip\_vendor\pygments\formatters\html.py,
isinstance,E:\football_v\.venv\Lib\site-packages\pip\_vendor\pygments\formatters\html.py,
list,E:\football_v\.venv\Lib\site-packages\pip\_vendor\pygments\formatters\html.py,
isinstance,E:\football_v\.venv\Lib\site-packages\pip\_vendor\pygments\formatters\html.py,
print,E:\football_v\.venv\Lib\site-packages\pip\_vendor\pygments\formatters\html.py,
open,E:\football_v\.venv\Lib\site-packages\pip\_vendor\pygments\formatters\html.py,
dict,E:\football_v\.venv\Lib\site-packages\pip\_vendor\pygments\formatters\html.py,
dict,E:\football_v\.venv\Lib\site-packages\pip\_vendor\pygments\formatters\html.py,
StringIO,E:\football_v\.venv\Lib\site-packages\pip\_vendor\pygments\formatters\html.py,
len,E:\football_v\.venv\Lib\site-packages\pip\_vendor\pygments\formatters\html.py,
range,E:\football_v\.venv\Lib\site-packages\pip\_vendor\pygments\formatters\html.py,
str,E:\football_v\.venv\Lib\site-packages\pip\_vendor\pygments\formatters\html.py,
list,E:\football_v\.venv\Lib\site-packages\pip\_vendor\pygments\formatters\html.py,
len,E:\football_v\.venv\Lib\site-packages\pip\_vendor\pygments\formatters\html.py,
str,E:\football_v\.venv\Lib\site-packages\pip\_vendor\pygments\formatters\html.py,
len,E:\football_v\.venv\Lib\site-packages\pip\_vendor\pygments\formatters\html.py,
enumerate,E:\football_v\.venv\Lib\site-packages\pip\_vendor\pygments\formatters\html.py,
hasattr,E:\football_v\.venv\Lib\site-packages\pip\_vendor\pygments\formatters\img.py,
FontNotFound,E:\football_v\.venv\Lib\site-packages\pip\_vendor\pygments\formatters\img.py,
FontNotFound,E:\football_v\.venv\Lib\site-packages\pip\_vendor\pygments\formatters\img.py,
FontNotFound,E:\football_v\.venv\Lib\site-packages\pip\_vendor\pygments\formatters\img.py,
FontNotFound,E:\football_v\.venv\Lib\site-packages\pip\_vendor\pygments\formatters\img.py,
hasattr,E:\football_v\.venv\Lib\site-packages\pip\_vendor\pygments\formatters\img.py,
dict,E:\football_v\.venv\Lib\site-packages\pip\_vendor\pygments\formatters\img.py,
get_choice_opt,E:\football_v\.venv\Lib\site-packages\pip\_vendor\pygments\formatters\img.py,
get_int_opt,E:\football_v\.venv\Lib\site-packages\pip\_vendor\pygments\formatters\img.py,
get_int_opt,E:\football_v\.venv\Lib\site-packages\pip\_vendor\pygments\formatters\img.py,
get_int_opt,E:\football_v\.venv\Lib\site-packages\pip\_vendor\pygments\formatters\img.py,
FontManager,E:\football_v\.venv\Lib\site-packages\pip\_vendor\pygments\formatters\img.py,
get_int_opt,E:\football_v\.venv\Lib\site-packages\pip\_vendor\pygments\formatters\img.py,
get_bool_opt,E:\football_v\.venv\Lib\site-packages\pip\_vendor\pygments\formatters\img.py,
get_bool_opt,E:\football_v\.venv\Lib\site-packages\pip\_vendor\pygments\formatters\img.py,
get_int_opt,E:\football_v\.venv\Lib\site-packages\pip\_vendor\pygments\formatters\img.py,
get_bool_opt,E:\football_v\.venv\Lib\site-packages\pip\_vendor\pygments\formatters\img.py,
get_bool_opt,E:\football_v\.venv\Lib\site-packages\pip\_vendor\pygments\formatters\img.py,
get_int_opt,E:\football_v\.venv\Lib\site-packages\pip\_vendor\pygments\formatters\img.py,
get_int_opt,E:\football_v\.venv\Lib\site-packages\pip\_vendor\pygments\formatters\img.py,
get_list_opt,E:\football_v\.venv\Lib\site-packages\pip\_vendor\pygments\formatters\img.py,
PilNotAvailable,E:\football_v\.venv\Lib\site-packages\pip\_vendor\pygments\formatters\img.py,
int,E:\football_v\.venv\Lib\site-packages\pip\_vendor\pygments\formatters\img.py,
NotImplementedError,E:\football_v\.venv\Lib\site-packages\pip\_vendor\pygments\formatters\img.py,
str,E:\football_v\.venv\Lib\site-packages\pip\_vendor\pygments\formatters\img.py,
enumerate,E:\football_v\.venv\Lib\site-packages\pip\_vendor\pygments\formatters\img.py,
max,E:\football_v\.venv\Lib\site-packages\pip\_vendor\pygments\formatters\img.py,
len,E:\football_v\.venv\Lib\site-packages\pip\_vendor\pygments\formatters\img.py,
max,E:\football_v\.venv\Lib\site-packages\pip\_vendor\pygments\formatters\img.py,
range,E:\football_v\.venv\Lib\site-packages\pip\_vendor\pygments\formatters\img.py,
hasattr,E:\football_v\.venv\Lib\site-packages\pip\_vendor\pygments\formatters\img.py,
len,E:\football_v\.venv\Lib\site-packages\pip\_vendor\pygments\formatters\irc.py,
len,E:\football_v\.venv\Lib\site-packages\pip\_vendor\pygments\formatters\irc.py,
str,E:\football_v\.venv\Lib\site-packages\pip\_vendor\pygments\formatters\irc.py,
get_choice_opt,E:\football_v\.venv\Lib\site-packages\pip\_vendor\pygments\formatters\irc.py,
ircformat,E:\football_v\.venv\Lib\site-packages\pip\_vendor\pygments\formatters\irc.py,
ircformat,E:\football_v\.venv\Lib\site-packages\pip\_vendor\pygments\formatters\irc.py,
get_bool_opt,E:\football_v\.venv\Lib\site-packages\pip\_vendor\pygments\formatters\latex.py,
get_bool_opt,E:\football_v\.venv\Lib\site-packages\pip\_vendor\pygments\formatters\latex.py,
abs,E:\football_v\.venv\Lib\site-packages\pip\_vendor\pygments\formatters\latex.py,
abs,E:\football_v\.venv\Lib\site-packages\pip\_vendor\pygments\formatters\latex.py,
get_bool_opt,E:\football_v\.venv\Lib\site-packages\pip\_vendor\pygments\formatters\latex.py,
get_bool_opt,E:\football_v\.venv\Lib\site-packages\pip\_vendor\pygments\formatters\latex.py,
get_bool_opt,E:\football_v\.venv\Lib\site-packages\pip\_vendor\pygments\formatters\latex.py,
get_int_opt,E:\football_v\.venv\Lib\site-packages\pip\_vendor\pygments\formatters\latex.py,
get_int_opt,E:\football_v\.venv\Lib\site-packages\pip\_vendor\pygments\formatters\latex.py,
len,E:\football_v\.venv\Lib\site-packages\pip\_vendor\pygments\formatters\latex.py,
_get_ttype_name,E:\football_v\.venv\Lib\site-packages\pip\_vendor\pygments\formatters\latex.py,
rgbcolor,E:\football_v\.venv\Lib\site-packages\pip\_vendor\pygments\formatters\latex.py,
rgbcolor,E:\football_v\.venv\Lib\site-packages\pip\_vendor\pygments\formatters\latex.py,
rgbcolor,E:\football_v\.venv\Lib\site-packages\pip\_vendor\pygments\formatters\latex.py,
rgbcolor,E:\football_v\.venv\Lib\site-packages\pip\_vendor\pygments\formatters\latex.py,
int,E:\football_v\.venv\Lib\site-packages\pip\_vendor\pygments\formatters\latex.py,
StringIO,E:\football_v\.venv\Lib\site-packages\pip\_vendor\pygments\formatters\latex.py,
reversed,E:\football_v\.venv\Lib\site-packages\pip\_vendor\pygments\formatters\latex.py,
range,E:\football_v\.venv\Lib\site-packages\pip\_vendor\pygments\formatters\latex.py,
escape_tex,E:\football_v\.venv\Lib\site-packages\pip\_vendor\pygments\formatters\latex.py,
escape_tex,E:\football_v\.venv\Lib\site-packages\pip\_vendor\pygments\formatters\latex.py,
dict,E:\football_v\.venv\Lib\site-packages\pip\_vendor\pygments\formatters\latex.py,
len,E:\football_v\.venv\Lib\site-packages\pip\_vendor\pygments\formatters\latex.py,
enumerate,E:\football_v\.venv\Lib\site-packages\pip\_vendor\pygments\formatters\latex.py,
len,E:\football_v\.venv\Lib\site-packages\pip\_vendor\pygments\formatters\latex.py,
escape_tex,E:\football_v\.venv\Lib\site-packages\pip\_vendor\pygments\formatters\latex.py,
_get_ttype_name,E:\football_v\.venv\Lib\site-packages\pip\_vendor\pygments\formatters\latex.py,
escape_tex,E:\football_v\.venv\Lib\site-packages\pip\_vendor\pygments\formatters\latex.py,
escape_tex,E:\football_v\.venv\Lib\site-packages\pip\_vendor\pygments\formatters\latex.py,
escape_tex,E:\football_v\.venv\Lib\site-packages\pip\_vendor\pygments\formatters\latex.py,
escape_tex,E:\football_v\.venv\Lib\site-packages\pip\_vendor\pygments\formatters\latex.py,
do_insertions,E:\football_v\.venv\Lib\site-packages\pip\_vendor\pygments\formatters\latex.py,
len,E:\football_v\.venv\Lib\site-packages\pip\_vendor\pygments\formatters\latex.py,
len,E:\football_v\.venv\Lib\site-packages\pip\_vendor\pygments\formatters\latex.py,
pred,E:\football_v\.venv\Lib\site-packages\pip\_vendor\pygments\formatters\latex.py,
len,E:\football_v\.venv\Lib\site-packages\pip\_vendor\pygments\formatters\latex.py,
len,E:\football_v\.venv\Lib\site-packages\pip\_vendor\pygments\formatters\latex.py,
len,E:\football_v\.venv\Lib\site-packages\pip\_vendor\pygments\formatters\latex.py,
len,E:\football_v\.venv\Lib\site-packages\pip\_vendor\pygments\formatters\latex.py,
len,E:\football_v\.venv\Lib\site-packages\pip\_vendor\pygments\formatters\latex.py,
len,E:\football_v\.venv\Lib\site-packages\pip\_vendor\pygments\formatters\latex.py,
int,E:\football_v\.venv\Lib\site-packages\pip\_vendor\pygments\formatters\latex.py,
get_choice_opt,E:\football_v\.venv\Lib\site-packages\pip\_vendor\pygments\formatters\other.py,
colorize,E:\football_v\.venv\Lib\site-packages\pip\_vendor\pygments\formatters\other.py,
ValueError,E:\football_v\.venv\Lib\site-packages\pip\_vendor\pygments\formatters\other.py,
flush,E:\football_v\.venv\Lib\site-packages\pip\_vendor\pygments\formatters\other.py,
TypeError,E:\football_v\.venv\Lib\site-packages\pip\_vendor\pygments\formatters\other.py,
write,E:\football_v\.venv\Lib\site-packages\pip\_vendor\pygments\formatters\other.py,
write,E:\football_v\.venv\Lib\site-packages\pip\_vendor\pygments\formatters\other.py,
write,E:\football_v\.venv\Lib\site-packages\pip\_vendor\pygments\formatters\other.py,
colorize,E:\football_v\.venv\Lib\site-packages\pip\_vendor\pygments\formatters\other.py,
ValueError,E:\football_v\.venv\Lib\site-packages\pip\_vendor\pygments\formatters\other.py,
escape_special_chars,E:\football_v\.venv\Lib\site-packages\pip\_vendor\pygments\formatters\pangomarkup.py,
escape_special_chars,E:\football_v\.venv\Lib\site-packages\pip\_vendor\pygments\formatters\pangomarkup.py,
get_int_opt,E:\football_v\.venv\Lib\site-packages\pip\_vendor\pygments\formatters\rtf.py,
get_bool_opt,E:\football_v\.venv\Lib\site-packages\pip\_vendor\pygments\formatters\rtf.py,
get_int_opt,E:\football_v\.venv\Lib\site-packages\pip\_vendor\pygments\formatters\rtf.py,
get_int_opt,E:\football_v\.venv\Lib\site-packages\pip\_vendor\pygments\formatters\rtf.py,
abs,E:\football_v\.venv\Lib\site-packages\pip\_vendor\pygments\formatters\rtf.py,
abs,E:\football_v\.venv\Lib\site-packages\pip\_vendor\pygments\formatters\rtf.py,
get_bool_opt,E:\football_v\.venv\Lib\site-packages\pip\_vendor\pygments\formatters\rtf.py,
get_list_opt,E:\football_v\.venv\Lib\site-packages\pip\_vendor\pygments\formatters\rtf.py,
get_int_opt,E:\football_v\.venv\Lib\site-packages\pip\_vendor\pygments\formatters\rtf.py,
get_int_opt,E:\football_v\.venv\Lib\site-packages\pip\_vendor\pygments\formatters\rtf.py,
int,E:\football_v\.venv\Lib\site-packages\pip\_vendor\pygments\formatters\rtf.py,
ord,E:\football_v\.venv\Lib\site-packages\pip\_vendor\pygments\formatters\rtf.py,
str,E:\football_v\.venv\Lib\site-packages\pip\_vendor\pygments\formatters\rtf.py,
surrogatepair,E:\football_v\.venv\Lib\site-packages\pip\_vendor\pygments\formatters\rtf.py,
int,E:\football_v\.venv\Lib\site-packages\pip\_vendor\pygments\formatters\rtf.py,
int,E:\football_v\.venv\Lib\site-packages\pip\_vendor\pygments\formatters\rtf.py,
int,E:\football_v\.venv\Lib\site-packages\pip\_vendor\pygments\formatters\rtf.py,
OrderedDict,E:\football_v\.venv\Lib\site-packages\pip\_vendor\pygments\formatters\rtf.py,
len,E:\football_v\.venv\Lib\site-packages\pip\_vendor\pygments\formatters\rtf.py,
str,E:\football_v\.venv\Lib\site-packages\pip\_vendor\pygments\formatters\rtf.py,
str,E:\football_v\.venv\Lib\site-packages\pip\_vendor\pygments\formatters\rtf.py,
get_bool_opt,E:\football_v\.venv\Lib\site-packages\pip\_vendor\pygments\formatters\svg.py,
get_int_opt,E:\football_v\.venv\Lib\site-packages\pip\_vendor\pygments\formatters\svg.py,
get_int_opt,E:\football_v\.venv\Lib\site-packages\pip\_vendor\pygments\formatters\svg.py,
get_int_opt,E:\football_v\.venv\Lib\site-packages\pip\_vendor\pygments\formatters\svg.py,
get_bool_opt,E:\football_v\.venv\Lib\site-packages\pip\_vendor\pygments\formatters\svg.py,
get_bool_opt,E:\football_v\.venv\Lib\site-packages\pip\_vendor\pygments\formatters\svg.py,
get_int_opt,E:\football_v\.venv\Lib\site-packages\pip\_vendor\pygments\formatters\svg.py,
get_int_opt,E:\football_v\.venv\Lib\site-packages\pip\_vendor\pygments\formatters\svg.py,
get_int_opt,E:\football_v\.venv\Lib\site-packages\pip\_vendor\pygments\formatters\svg.py,
int,E:\football_v\.venv\Lib\site-packages\pip\_vendor\pygments\formatters\svg.py,
escape_html,E:\football_v\.venv\Lib\site-packages\pip\_vendor\pygments\formatters\svg.py,
get_choice_opt,E:\football_v\.venv\Lib\site-packages\pip\_vendor\pygments\formatters\terminal.py,
ansiformat,E:\football_v\.venv\Lib\site-packages\pip\_vendor\pygments\formatters\terminal.py,
len,E:\football_v\.venv\Lib\site-packages\pip\_vendor\pygments\formatters\terminal256.py,
str,E:\football_v\.venv\Lib\site-packages\pip\_vendor\pygments\formatters\terminal256.py,
int,E:\football_v\.venv\Lib\site-packages\pip\_vendor\pygments\formatters\terminal256.py,
str,E:\football_v\.venv\Lib\site-packages\pip\_vendor\pygments\formatters\terminal256.py,
str,E:\football_v\.venv\Lib\site-packages\pip\_vendor\pygments\formatters\terminal256.py,
str,E:\football_v\.venv\Lib\site-packages\pip\_vendor\pygments\formatters\terminal256.py,
str,E:\football_v\.venv\Lib\site-packages\pip\_vendor\pygments\formatters\terminal256.py,
str,E:\football_v\.venv\Lib\site-packages\pip\_vendor\pygments\formatters\terminal256.py,
str,E:\football_v\.venv\Lib\site-packages\pip\_vendor\pygments\formatters\terminal256.py,
range,E:\football_v\.venv\Lib\site-packages\pip\_vendor\pygments\formatters\terminal256.py,
range,E:\football_v\.venv\Lib\site-packages\pip\_vendor\pygments\formatters\terminal256.py,
range,E:\football_v\.venv\Lib\site-packages\pip\_vendor\pygments\formatters\terminal256.py,
int,E:\football_v\.venv\Lib\site-packages\pip\_vendor\pygments\formatters\terminal256.py,
str,E:\football_v\.venv\Lib\site-packages\pip\_vendor\pygments\formatters\terminal256.py,
EscapeSequence,E:\football_v\.venv\Lib\site-packages\pip\_vendor\pygments\formatters\terminal256.py,
str,E:\football_v\.venv\Lib\site-packages\pip\_vendor\pygments\formatters\terminal256.py,
str,E:\football_v\.venv\Lib\site-packages\pip\_vendor\pygments\formatters\terminal256.py,
int,E:\football_v\.venv\Lib\site-packages\pip\_vendor\pygments\formatters\terminal256.py,
str,E:\football_v\.venv\Lib\site-packages\pip\_vendor\pygments\formatters\terminal256.py,
EscapeSequence,E:\football_v\.venv\Lib\site-packages\pip\_vendor\pygments\formatters\terminal256.py,
str,E:\football_v\.venv\Lib\site-packages\pip\_vendor\pygments\formatters\terminal256.py,
__import__,E:\football_v\.venv\Lib\site-packages\pip\_vendor\pygments\formatters\__init__.py,
getattr,E:\football_v\.venv\Lib\site-packages\pip\_vendor\pygments\formatters\__init__.py,
find_plugin_formatters,E:\football_v\.venv\Lib\site-packages\pip\_vendor\pygments\formatters\__init__.py,
_load_formatters,E:\football_v\.venv\Lib\site-packages\pip\_vendor\pygments\formatters\__init__.py,
find_plugin_formatters,E:\football_v\.venv\Lib\site-packages\pip\_vendor\pygments\formatters\__init__.py,
_load_formatters,E:\football_v\.venv\Lib\site-packages\pip\_vendor\pygments\formatters\__init__.py,
find_formatter_class,E:\football_v\.venv\Lib\site-packages\pip\_vendor\pygments\formatters\__init__.py,
cls,E:\football_v\.venv\Lib\site-packages\pip\_vendor\pygments\formatters\__init__.py,
ClassNotFound,E:\football_v\.venv\Lib\site-packages\pip\_vendor\pygments\formatters\__init__.py,
formatter_class,E:\football_v\.venv\Lib\site-packages\pip\_vendor\pygments\formatters\__init__.py,
open,E:\football_v\.venv\Lib\site-packages\pip\_vendor\pygments\formatters\__init__.py,
exec,E:\football_v\.venv\Lib\site-packages\pip\_vendor\pygments\formatters\__init__.py,
ClassNotFound,E:\football_v\.venv\Lib\site-packages\pip\_vendor\pygments\formatters\__init__.py,
ClassNotFound,E:\football_v\.venv\Lib\site-packages\pip\_vendor\pygments\formatters\__init__.py,
ClassNotFound,E:\football_v\.venv\Lib\site-packages\pip\_vendor\pygments\formatters\__init__.py,
basename,E:\football_v\.venv\Lib\site-packages\pip\_vendor\pygments\formatters\__init__.py,
find_plugin_formatters,E:\football_v\.venv\Lib\site-packages\pip\_vendor\pygments\formatters\__init__.py,
ClassNotFound,E:\football_v\.venv\Lib\site-packages\pip\_vendor\pygments\formatters\__init__.py,
_fn_matches,E:\football_v\.venv\Lib\site-packages\pip\_vendor\pygments\formatters\__init__.py,
_fn_matches,E:\football_v\.venv\Lib\site-packages\pip\_vendor\pygments\formatters\__init__.py,
cls,E:\football_v\.venv\Lib\site-packages\pip\_vendor\pygments\formatters\__init__.py,
_load_formatters,E:\football_v\.venv\Lib\site-packages\pip\_vendor\pygments\formatters\__init__.py,
AttributeError,E:\football_v\.venv\Lib\site-packages\pip\_vendor\pygments\formatters\__init__.py,
_load_formatters,E:\football_v\.venv\Lib\site-packages\pip\_vendor\pygments\formatters\__init__.py,
setattr,E:\football_v\.venv\Lib\site-packages\pip\_vendor\pygments\formatters\__init__.py,
shebang_matches,E:\football_v\.venv\Lib\site-packages\pip\_vendor\pygments\lexers\python.py,
shebang_matches,E:\football_v\.venv\Lib\site-packages\pip\_vendor\pygments\lexers\python.py,
get_bool_opt,E:\football_v\.venv\Lib\site-packages\pip\_vendor\pygments\lexers\python.py,
super,E:\football_v\.venv\Lib\site-packages\pip\_vendor\pygments\lexers\python.py,
super,E:\football_v\.venv\Lib\site-packages\pip\_vendor\pygments\lexers\python.py,
shebang_matches,E:\football_v\.venv\Lib\site-packages\pip\_vendor\pygments\lexers\python.py,
super,E:\football_v\.venv\Lib\site-packages\pip\_vendor\pygments\lexers\python.py,
__import__,E:\football_v\.venv\Lib\site-packages\pip\_vendor\pygments\lexers\__init__.py,
getattr,E:\football_v\.venv\Lib\site-packages\pip\_vendor\pygments\lexers\__init__.py,
find_plugin_lexers,E:\football_v\.venv\Lib\site-packages\pip\_vendor\pygments\lexers\__init__.py,
find_plugin_lexers,E:\football_v\.venv\Lib\site-packages\pip\_vendor\pygments\lexers\__init__.py,
_load_lexers,E:\football_v\.venv\Lib\site-packages\pip\_vendor\pygments\lexers\__init__.py,
find_plugin_lexers,E:\football_v\.venv\Lib\site-packages\pip\_vendor\pygments\lexers\__init__.py,
ClassNotFound,E:\football_v\.venv\Lib\site-packages\pip\_vendor\pygments\lexers\__init__.py,
ClassNotFound,E:\football_v\.venv\Lib\site-packages\pip\_vendor\pygments\lexers\__init__.py,
_load_lexers,E:\football_v\.venv\Lib\site-packages\pip\_vendor\pygments\lexers\__init__.py,
find_plugin_lexers,E:\football_v\.venv\Lib\site-packages\pip\_vendor\pygments\lexers\__init__.py,
ClassNotFound,E:\football_v\.venv\Lib\site-packages\pip\_vendor\pygments\lexers\__init__.py,
ClassNotFound,E:\football_v\.venv\Lib\site-packages\pip\_vendor\pygments\lexers\__init__.py,
cls,E:\football_v\.venv\Lib\site-packages\pip\_vendor\pygments\lexers\__init__.py,
_load_lexers,E:\football_v\.venv\Lib\site-packages\pip\_vendor\pygments\lexers\__init__.py,
lexer_class,E:\football_v\.venv\Lib\site-packages\pip\_vendor\pygments\lexers\__init__.py,
open,E:\football_v\.venv\Lib\site-packages\pip\_vendor\pygments\lexers\__init__.py,
exec,E:\football_v\.venv\Lib\site-packages\pip\_vendor\pygments\lexers\__init__.py,
ClassNotFound,E:\football_v\.venv\Lib\site-packages\pip\_vendor\pygments\lexers\__init__.py,
ClassNotFound,E:\football_v\.venv\Lib\site-packages\pip\_vendor\pygments\lexers\__init__.py,
ClassNotFound,E:\football_v\.venv\Lib\site-packages\pip\_vendor\pygments\lexers\__init__.py,
basename,E:\football_v\.venv\Lib\site-packages\pip\_vendor\pygments\lexers\__init__.py,
find_plugin_lexers,E:\football_v\.venv\Lib\site-packages\pip\_vendor\pygments\lexers\__init__.py,
isinstance,E:\football_v\.venv\Lib\site-packages\pip\_vendor\pygments\lexers\__init__.py,
guess_decode,E:\football_v\.venv\Lib\site-packages\pip\_vendor\pygments\lexers\__init__.py,
_fn_matches,E:\football_v\.venv\Lib\site-packages\pip\_vendor\pygments\lexers\__init__.py,
_fn_matches,E:\football_v\.venv\Lib\site-packages\pip\_vendor\pygments\lexers\__init__.py,
_load_lexers,E:\football_v\.venv\Lib\site-packages\pip\_vendor\pygments\lexers\__init__.py,
find_lexer_class_for_filename,E:\football_v\.venv\Lib\site-packages\pip\_vendor\pygments\lexers\__init__.py,
res,E:\football_v\.venv\Lib\site-packages\pip\_vendor\pygments\lexers\__init__.py,
ClassNotFound,E:\football_v\.venv\Lib\site-packages\pip\_vendor\pygments\lexers\__init__.py,
find_plugin_lexers,E:\football_v\.venv\Lib\site-packages\pip\_vendor\pygments\lexers\__init__.py,
ClassNotFound,E:\football_v\.venv\Lib\site-packages\pip\_vendor\pygments\lexers\__init__.py,
cls,E:\football_v\.venv\Lib\site-packages\pip\_vendor\pygments\lexers\__init__.py,
_load_lexers,E:\football_v\.venv\Lib\site-packages\pip\_vendor\pygments\lexers\__init__.py,
sorted,E:\football_v\.venv\Lib\site-packages\pip\_vendor\pygments\lexers\__init__.py,
_load_lexers,E:\football_v\.venv\Lib\site-packages\pip\_vendor\pygments\lexers\__init__.py,
find_plugin_lexers,E:\football_v\.venv\Lib\site-packages\pip\_vendor\pygments\lexers\__init__.py,
basename,E:\football_v\.venv\Lib\site-packages\pip\_vendor\pygments\lexers\__init__.py,
set,E:\football_v\.venv\Lib\site-packages\pip\_vendor\pygments\lexers\__init__.py,
_iter_lexerclasses,E:\football_v\.venv\Lib\site-packages\pip\_vendor\pygments\lexers\__init__.py,
ClassNotFound,E:\football_v\.venv\Lib\site-packages\pip\_vendor\pygments\lexers\__init__.py,
len,E:\football_v\.venv\Lib\site-packages\pip\_vendor\pygments\lexers\__init__.py,
_fn_matches,E:\football_v\.venv\Lib\site-packages\pip\_vendor\pygments\lexers\__init__.py,
_fn_matches,E:\football_v\.venv\Lib\site-packages\pip\_vendor\pygments\lexers\__init__.py,
lexer,E:\football_v\.venv\Lib\site-packages\pip\_vendor\pygments\lexers\__init__.py,
get_filetype_from_buffer,E:\football_v\.venv\Lib\site-packages\pip\_vendor\pygments\lexers\__init__.py,
_iter_lexerclasses,E:\football_v\.venv\Lib\site-packages\pip\_vendor\pygments\lexers\__init__.py,
isinstance,E:\football_v\.venv\Lib\site-packages\pip\_vendor\pygments\lexers\__init__.py,
ClassNotFound,E:\football_v\.venv\Lib\site-packages\pip\_vendor\pygments\lexers\__init__.py,
guess_decode,E:\football_v\.venv\Lib\site-packages\pip\_vendor\pygments\lexers\__init__.py,
get_lexer_by_name,E:\football_v\.venv\Lib\site-packages\pip\_vendor\pygments\lexers\__init__.py,
lexer,E:\football_v\.venv\Lib\site-packages\pip\_vendor\pygments\lexers\__init__.py,
AttributeError,E:\football_v\.venv\Lib\site-packages\pip\_vendor\pygments\lexers\__init__.py,
_load_lexers,E:\football_v\.venv\Lib\site-packages\pip\_vendor\pygments\lexers\__init__.py,
setattr,E:\football_v\.venv\Lib\site-packages\pip\_vendor\pygments\lexers\__init__.py,
getattr,E:\football_v\.venv\Lib\site-packages\pip\_vendor\pygments\lexers\__init__.py,
find_plugin_styles,E:\football_v\.venv\Lib\site-packages\pip\_vendor\pygments\styles\__init__.py,
__import__,E:\football_v\.venv\Lib\site-packages\pip\_vendor\pygments\styles\__init__.py,
getattr,E:\football_v\.venv\Lib\site-packages\pip\_vendor\pygments\styles\__init__.py,
ClassNotFound,E:\football_v\.venv\Lib\site-packages\pip\_vendor\pygments\styles\__init__.py,
ClassNotFound,E:\football_v\.venv\Lib\site-packages\pip\_vendor\pygments\styles\__init__.py,
find_plugin_styles,E:\football_v\.venv\Lib\site-packages\pip\_vendor\pygments\styles\__init__.py,
open,E:\football_v\.venv\Lib\site-packages\pip\_vendor\pyproject_hooks\_impl.py,
open,E:\football_v\.venv\Lib\site-packages\pip\_vendor\pyproject_hooks\_impl.py,
check_call,E:\football_v\.venv\Lib\site-packages\pip\_vendor\pyproject_hooks\_impl.py,
check_output,E:\football_v\.venv\Lib\site-packages\pip\_vendor\pyproject_hooks\_impl.py,
ValueError,E:\football_v\.venv\Lib\site-packages\pip\_vendor\pyproject_hooks\_impl.py,
ValueError,E:\football_v\.venv\Lib\site-packages\pip\_vendor\pyproject_hooks\_impl.py,
super,E:\football_v\.venv\Lib\site-packages\pip\_vendor\pyproject_hooks\_impl.py,
super,E:\football_v\.venv\Lib\site-packages\pip\_vendor\pyproject_hooks\_impl.py,
abspath,E:\football_v\.venv\Lib\site-packages\pip\_vendor\pyproject_hooks\_impl.py,
norm_and_check,E:\football_v\.venv\Lib\site-packages\pip\_vendor\pyproject_hooks\_impl.py,
abspath,E:\football_v\.venv\Lib\site-packages\pip\_vendor\pyproject_hooks\_impl.py,
abspath,E:\football_v\.venv\Lib\site-packages\pip\_vendor\pyproject_hooks\_impl.py,
abspath,E:\football_v\.venv\Lib\site-packages\pip\_vendor\pyproject_hooks\_impl.py,
abspath,E:\football_v\.venv\Lib\site-packages\pip\_vendor\pyproject_hooks\_impl.py,
abspath,E:\football_v\.venv\Lib\site-packages\pip\_vendor\pyproject_hooks\_impl.py,
abspath,E:\football_v\.venv\Lib\site-packages\pip\_vendor\pyproject_hooks\_impl.py,
abspath,E:\football_v\.venv\Lib\site-packages\pip\_vendor\pyproject_hooks\_impl.py,
write_json,E:\football_v\.venv\Lib\site-packages\pip\_vendor\pyproject_hooks\_impl.py,
read_json,E:\football_v\.venv\Lib\site-packages\pip\_vendor\pyproject_hooks\_impl.py,
pjoin,E:\football_v\.venv\Lib\site-packages\pip\_vendor\pyproject_hooks\_impl.py,
_in_proc_script_path,E:\football_v\.venv\Lib\site-packages\pip\_vendor\pyproject_hooks\_impl.py,
pjoin,E:\football_v\.venv\Lib\site-packages\pip\_vendor\pyproject_hooks\_impl.py,
UnsupportedOperation,E:\football_v\.venv\Lib\site-packages\pip\_vendor\pyproject_hooks\_impl.py,
BackendUnavailable,E:\football_v\.venv\Lib\site-packages\pip\_vendor\pyproject_hooks\_impl.py,
HookMissing,E:\football_v\.venv\Lib\site-packages\pip\_vendor\pyproject_hooks\_impl.py,
abspath,E:\football_v\.venv\Lib\site-packages\pip\_vendor\pyproject_hooks\_impl.py,
str,E:\football_v\.venv\Lib\site-packages\pip\_vendor\pyproject_hooks\_impl.py,
open,E:\football_v\.venv\Lib\site-packages\pip\_vendor\pyproject_hooks\_in_process\_in_process.py,
open,E:\football_v\.venv\Lib\site-packages\pip\_vendor\pyproject_hooks\_in_process\_in_process.py,
import_module,E:\football_v\.venv\Lib\site-packages\pip\_vendor\pyproject_hooks\_in_process\_in_process.py,
_BackendPathFinder,E:\football_v\.venv\Lib\site-packages\pip\_vendor\pyproject_hooks\_in_process\_in_process.py,
BackendUnavailable,E:\football_v\.venv\Lib\site-packages\pip\_vendor\pyproject_hooks\_in_process\_in_process.py,
getattr,E:\football_v\.venv\Lib\site-packages\pip\_vendor\pyproject_hooks\_in_process\_in_process.py,
_build_backend,E:\football_v\.venv\Lib\site-packages\pip\_vendor\pyproject_hooks\_in_process\_in_process.py,
hasattr,E:\football_v\.venv\Lib\site-packages\pip\_vendor\pyproject_hooks\_in_process\_in_process.py,
_build_backend,E:\football_v\.venv\Lib\site-packages\pip\_vendor\pyproject_hooks\_in_process\_in_process.py,
hook,E:\football_v\.venv\Lib\site-packages\pip\_vendor\pyproject_hooks\_in_process\_in_process.py,
_build_backend,E:\football_v\.venv\Lib\site-packages\pip\_vendor\pyproject_hooks\_in_process\_in_process.py,
hook,E:\football_v\.venv\Lib\site-packages\pip\_vendor\pyproject_hooks\_in_process\_in_process.py,
_build_backend,E:\football_v\.venv\Lib\site-packages\pip\_vendor\pyproject_hooks\_in_process\_in_process.py,
_get_wheel_metadata_from_wheel,E:\football_v\.venv\Lib\site-packages\pip\_vendor\pyproject_hooks\_in_process\_in_process.py,
hook,E:\football_v\.venv\Lib\site-packages\pip\_vendor\pyproject_hooks\_in_process\_in_process.py,
HookMissing,E:\football_v\.venv\Lib\site-packages\pip\_vendor\pyproject_hooks\_in_process\_in_process.py,
_build_backend,E:\football_v\.venv\Lib\site-packages\pip\_vendor\pyproject_hooks\_in_process\_in_process.py,
hook,E:\football_v\.venv\Lib\site-packages\pip\_vendor\pyproject_hooks\_in_process\_in_process.py,
HookMissing,E:\football_v\.venv\Lib\site-packages\pip\_vendor\pyproject_hooks\_in_process\_in_process.py,
build_hook,E:\football_v\.venv\Lib\site-packages\pip\_vendor\pyproject_hooks\_in_process\_in_process.py,
_get_wheel_metadata_from_wheel,E:\football_v\.venv\Lib\site-packages\pip\_vendor\pyproject_hooks\_in_process\_in_process.py,
HookMissing,E:\football_v\.venv\Lib\site-packages\pip\_vendor\pyproject_hooks\_in_process\_in_process.py,
Exception,E:\football_v\.venv\Lib\site-packages\pip\_vendor\pyproject_hooks\_in_process\_in_process.py,
open,E:\football_v\.venv\Lib\site-packages\pip\_vendor\pyproject_hooks\_in_process\_in_process.py,
ZipFile,E:\football_v\.venv\Lib\site-packages\pip\_vendor\pyproject_hooks\_in_process\_in_process.py,
_dist_info_files,E:\football_v\.venv\Lib\site-packages\pip\_vendor\pyproject_hooks\_in_process\_in_process.py,
glob,E:\football_v\.venv\Lib\site-packages\pip\_vendor\pyproject_hooks\_in_process\_in_process.py,
print,E:\football_v\.venv\Lib\site-packages\pip\_vendor\pyproject_hooks\_in_process\_in_process.py,
len,E:\football_v\.venv\Lib\site-packages\pip\_vendor\pyproject_hooks\_in_process\_in_process.py,
print,E:\football_v\.venv\Lib\site-packages\pip\_vendor\pyproject_hooks\_in_process\_in_process.py,
pjoin,E:\football_v\.venv\Lib\site-packages\pip\_vendor\pyproject_hooks\_in_process\_in_process.py,
_find_already_built_wheel,E:\football_v\.venv\Lib\site-packages\pip\_vendor\pyproject_hooks\_in_process\_in_process.py,
_build_backend,E:\football_v\.venv\Lib\site-packages\pip\_vendor\pyproject_hooks\_in_process\_in_process.py,
_build_backend,E:\football_v\.venv\Lib\site-packages\pip\_vendor\pyproject_hooks\_in_process\_in_process.py,
_find_already_built_wheel,E:\football_v\.venv\Lib\site-packages\pip\_vendor\pyproject_hooks\_in_process\_in_process.py,
hook,E:\football_v\.venv\Lib\site-packages\pip\_vendor\pyproject_hooks\_in_process\_in_process.py,
HookMissing,E:\football_v\.venv\Lib\site-packages\pip\_vendor\pyproject_hooks\_in_process\_in_process.py,
_build_backend,E:\football_v\.venv\Lib\site-packages\pip\_vendor\pyproject_hooks\_in_process\_in_process.py,
hook,E:\football_v\.venv\Lib\site-packages\pip\_vendor\pyproject_hooks\_in_process\_in_process.py,
_build_backend,E:\football_v\.venv\Lib\site-packages\pip\_vendor\pyproject_hooks\_in_process\_in_process.py,
getattr,E:\football_v\.venv\Lib\site-packages\pip\_vendor\pyproject_hooks\_in_process\_in_process.py,
GotUnsupportedOperation,E:\football_v\.venv\Lib\site-packages\pip\_vendor\pyproject_hooks\_in_process\_in_process.py,
read_json,E:\football_v\.venv\Lib\site-packages\pip\_vendor\pyproject_hooks\_in_process\_in_process.py,
write_json,E:\football_v\.venv\Lib\site-packages\pip\_vendor\pyproject_hooks\_in_process\_in_process.py,
len,E:\football_v\.venv\Lib\site-packages\pip\_vendor\pyproject_hooks\_in_process\_in_process.py,
globals,E:\football_v\.venv\Lib\site-packages\pip\_vendor\pyproject_hooks\_in_process\_in_process.py,
pjoin,E:\football_v\.venv\Lib\site-packages\pip\_vendor\pyproject_hooks\_in_process\_in_process.py,
hook,E:\football_v\.venv\Lib\site-packages\pip\_vendor\pyproject_hooks\_in_process\_in_process.py,
pjoin,E:\football_v\.venv\Lib\site-packages\pip\_vendor\pyproject_hooks\_in_process\_in_process.py,
super,E:\football_v\.venv\Lib\site-packages\pip\_vendor\pyproject_hooks\_in_process\_in_process.py,
super,E:\football_v\.venv\Lib\site-packages\pip\_vendor\pyproject_hooks\_in_process\_in_process.py,
BackendUnavailable,E:\football_v\.venv\Lib\site-packages\pip\_vendor\pyproject_hooks\_in_process\_in_process.py,
urlparse,E:\football_v\.venv\Lib\site-packages\pip\_vendor\requests\adapters.py,
getattr,E:\football_v\.venv\Lib\site-packages\pip\_vendor\requests\adapters.py,
isinstance,E:\football_v\.venv\Lib\site-packages\pip\_vendor\requests\adapters.py,
isinstance,E:\football_v\.venv\Lib\site-packages\pip\_vendor\requests\adapters.py,
len,E:\football_v\.venv\Lib\site-packages\pip\_vendor\requests\adapters.py,
super,E:\football_v\.venv\Lib\site-packages\pip\_vendor\requests\adapters.py,
Retry,E:\football_v\.venv\Lib\site-packages\pip\_vendor\requests\adapters.py,
super,E:\football_v\.venv\Lib\site-packages\pip\_vendor\requests\adapters.py,
getattr,E:\football_v\.venv\Lib\site-packages\pip\_vendor\requests\adapters.py,
setattr,E:\football_v\.venv\Lib\site-packages\pip\_vendor\requests\adapters.py,
PoolManager,E:\football_v\.venv\Lib\site-packages\pip\_vendor\requests\adapters.py,
get_auth_from_url,E:\football_v\.venv\Lib\site-packages\pip\_vendor\requests\adapters.py,
SOCKSProxyManager,E:\football_v\.venv\Lib\site-packages\pip\_vendor\requests\adapters.py,
proxy_from_url,E:\football_v\.venv\Lib\site-packages\pip\_vendor\requests\adapters.py,
isinstance,E:\football_v\.venv\Lib\site-packages\pip\_vendor\requests\adapters.py,
OSError,E:\football_v\.venv\Lib\site-packages\pip\_vendor\requests\adapters.py,
OSError,E:\football_v\.venv\Lib\site-packages\pip\_vendor\requests\adapters.py,
OSError,E:\football_v\.venv\Lib\site-packages\pip\_vendor\requests\adapters.py,
Response,E:\football_v\.venv\Lib\site-packages\pip\_vendor\requests\adapters.py,
getattr,E:\football_v\.venv\Lib\site-packages\pip\_vendor\requests\adapters.py,
CaseInsensitiveDict,E:\football_v\.venv\Lib\site-packages\pip\_vendor\requests\adapters.py,
get_encoding_from_headers,E:\football_v\.venv\Lib\site-packages\pip\_vendor\requests\adapters.py,
isinstance,E:\football_v\.venv\Lib\site-packages\pip\_vendor\requests\adapters.py,
extract_cookies_to_jar,E:\football_v\.venv\Lib\site-packages\pip\_vendor\requests\adapters.py,
getattr,E:\football_v\.venv\Lib\site-packages\pip\_vendor\requests\adapters.py,
_urllib3_request_context,E:\football_v\.venv\Lib\site-packages\pip\_vendor\requests\adapters.py,
select_proxy,E:\football_v\.venv\Lib\site-packages\pip\_vendor\requests\adapters.py,
prepend_scheme_if_needed,E:\football_v\.venv\Lib\site-packages\pip\_vendor\requests\adapters.py,
parse_url,E:\football_v\.venv\Lib\site-packages\pip\_vendor\requests\adapters.py,
InvalidURL,E:\football_v\.venv\Lib\site-packages\pip\_vendor\requests\adapters.py,
InvalidProxyURL,E:\football_v\.venv\Lib\site-packages\pip\_vendor\requests\adapters.py,
select_proxy,E:\football_v\.venv\Lib\site-packages\pip\_vendor\requests\adapters.py,
prepend_scheme_if_needed,E:\football_v\.venv\Lib\site-packages\pip\_vendor\requests\adapters.py,
parse_url,E:\football_v\.venv\Lib\site-packages\pip\_vendor\requests\adapters.py,
urlparse,E:\football_v\.venv\Lib\site-packages\pip\_vendor\requests\adapters.py,
InvalidProxyURL,E:\football_v\.venv\Lib\site-packages\pip\_vendor\requests\adapters.py,
select_proxy,E:\football_v\.venv\Lib\site-packages\pip\_vendor\requests\adapters.py,
urlparse,E:\football_v\.venv\Lib\site-packages\pip\_vendor\requests\adapters.py,
urldefragauth,E:\football_v\.venv\Lib\site-packages\pip\_vendor\requests\adapters.py,
urlparse,E:\football_v\.venv\Lib\site-packages\pip\_vendor\requests\adapters.py,
get_auth_from_url,E:\football_v\.venv\Lib\site-packages\pip\_vendor\requests\adapters.py,
_basic_auth_str,E:\football_v\.venv\Lib\site-packages\pip\_vendor\requests\adapters.py,
isinstance,E:\football_v\.venv\Lib\site-packages\pip\_vendor\requests\adapters.py,
isinstance,E:\football_v\.venv\Lib\site-packages\pip\_vendor\requests\adapters.py,
InvalidURL,E:\football_v\.venv\Lib\site-packages\pip\_vendor\requests\adapters.py,
TimeoutSauce,E:\football_v\.venv\Lib\site-packages\pip\_vendor\requests\adapters.py,
TimeoutSauce,E:\football_v\.venv\Lib\site-packages\pip\_vendor\requests\adapters.py,
ConnectionError,E:\football_v\.venv\Lib\site-packages\pip\_vendor\requests\adapters.py,
isinstance,E:\football_v\.venv\Lib\site-packages\pip\_vendor\requests\adapters.py,
isinstance,E:\football_v\.venv\Lib\site-packages\pip\_vendor\requests\adapters.py,
isinstance,E:\football_v\.venv\Lib\site-packages\pip\_vendor\requests\adapters.py,
isinstance,E:\football_v\.venv\Lib\site-packages\pip\_vendor\requests\adapters.py,
ConnectionError,E:\football_v\.venv\Lib\site-packages\pip\_vendor\requests\adapters.py,
ConnectionError,E:\football_v\.venv\Lib\site-packages\pip\_vendor\requests\adapters.py,
ProxyError,E:\football_v\.venv\Lib\site-packages\pip\_vendor\requests\adapters.py,
isinstance,E:\football_v\.venv\Lib\site-packages\pip\_vendor\requests\adapters.py,
ValueError,E:\football_v\.venv\Lib\site-packages\pip\_vendor\requests\adapters.py,
RetryError,E:\football_v\.venv\Lib\site-packages\pip\_vendor\requests\adapters.py,
ProxyError,E:\football_v\.venv\Lib\site-packages\pip\_vendor\requests\adapters.py,
SSLError,E:\football_v\.venv\Lib\site-packages\pip\_vendor\requests\adapters.py,
SSLError,E:\football_v\.venv\Lib\site-packages\pip\_vendor\requests\adapters.py,
isinstance,E:\football_v\.venv\Lib\site-packages\pip\_vendor\requests\adapters.py,
isinstance,E:\football_v\.venv\Lib\site-packages\pip\_vendor\requests\adapters.py,
ConnectTimeout,E:\football_v\.venv\Lib\site-packages\pip\_vendor\requests\adapters.py,
ReadTimeout,E:\football_v\.venv\Lib\site-packages\pip\_vendor\requests\adapters.py,
isinstance,E:\football_v\.venv\Lib\site-packages\pip\_vendor\requests\adapters.py,
InvalidHeader,E:\football_v\.venv\Lib\site-packages\pip\_vendor\requests\adapters.py,
InvalidSchema,E:\football_v\.venv\Lib\site-packages\pip\_vendor\requests\adapters.py,
request,E:\football_v\.venv\Lib\site-packages\pip\_vendor\requests\api.py,
request,E:\football_v\.venv\Lib\site-packages\pip\_vendor\requests\api.py,
request,E:\football_v\.venv\Lib\site-packages\pip\_vendor\requests\api.py,
request,E:\football_v\.venv\Lib\site-packages\pip\_vendor\requests\api.py,
request,E:\football_v\.venv\Lib\site-packages\pip\_vendor\requests\api.py,
request,E:\football_v\.venv\Lib\site-packages\pip\_vendor\requests\api.py,
request,E:\football_v\.venv\Lib\site-packages\pip\_vendor\requests\api.py,
isinstance,E:\football_v\.venv\Lib\site-packages\pip\_vendor\requests\auth.py,
isinstance,E:\football_v\.venv\Lib\site-packages\pip\_vendor\requests\auth.py,
isinstance,E:\football_v\.venv\Lib\site-packages\pip\_vendor\requests\auth.py,
str,E:\football_v\.venv\Lib\site-packages\pip\_vendor\requests\auth.py,
isinstance,E:\football_v\.venv\Lib\site-packages\pip\_vendor\requests\auth.py,
str,E:\football_v\.venv\Lib\site-packages\pip\_vendor\requests\auth.py,
to_native_string,E:\football_v\.venv\Lib\site-packages\pip\_vendor\requests\auth.py,
type,E:\football_v\.venv\Lib\site-packages\pip\_vendor\requests\auth.py,
b64encode,E:\football_v\.venv\Lib\site-packages\pip\_vendor\requests\auth.py,
NotImplementedError,E:\football_v\.venv\Lib\site-packages\pip\_vendor\requests\auth.py,
all,E:\football_v\.venv\Lib\site-packages\pip\_vendor\requests\auth.py,
getattr,E:\football_v\.venv\Lib\site-packages\pip\_vendor\requests\auth.py,
getattr,E:\football_v\.venv\Lib\site-packages\pip\_vendor\requests\auth.py,
_basic_auth_str,E:\football_v\.venv\Lib\site-packages\pip\_vendor\requests\auth.py,
_basic_auth_str,E:\football_v\.venv\Lib\site-packages\pip\_vendor\requests\auth.py,
hasattr,E:\football_v\.venv\Lib\site-packages\pip\_vendor\requests\auth.py,
urlparse,E:\football_v\.venv\Lib\site-packages\pip\_vendor\requests\auth.py,
hash_utf8,E:\football_v\.venv\Lib\site-packages\pip\_vendor\requests\auth.py,
hash_utf8,E:\football_v\.venv\Lib\site-packages\pip\_vendor\requests\auth.py,
hash_utf8,E:\football_v\.venv\Lib\site-packages\pip\_vendor\requests\auth.py,
hash_utf8,E:\football_v\.venv\Lib\site-packages\pip\_vendor\requests\auth.py,
KD,E:\football_v\.venv\Lib\site-packages\pip\_vendor\requests\auth.py,
isinstance,E:\football_v\.venv\Lib\site-packages\pip\_vendor\requests\auth.py,
str,E:\football_v\.venv\Lib\site-packages\pip\_vendor\requests\auth.py,
KD,E:\football_v\.venv\Lib\site-packages\pip\_vendor\requests\auth.py,
isinstance,E:\football_v\.venv\Lib\site-packages\pip\_vendor\requests\auth.py,
isinstance,E:\football_v\.venv\Lib\site-packages\pip\_vendor\requests\auth.py,
isinstance,E:\football_v\.venv\Lib\site-packages\pip\_vendor\requests\auth.py,
parse_dict_header,E:\football_v\.venv\Lib\site-packages\pip\_vendor\requests\auth.py,
extract_cookies_to_jar,E:\football_v\.venv\Lib\site-packages\pip\_vendor\requests\auth.py,
all,E:\football_v\.venv\Lib\site-packages\pip\_vendor\requests\auth.py,
getattr,E:\football_v\.venv\Lib\site-packages\pip\_vendor\requests\auth.py,
getattr,E:\football_v\.venv\Lib\site-packages\pip\_vendor\requests\auth.py,
isinstance,E:\football_v\.venv\Lib\site-packages\pip\_vendor\requests\auth.py,
isinstance,E:\football_v\.venv\Lib\site-packages\pip\_vendor\requests\auth.py,
isinstance,E:\football_v\.venv\Lib\site-packages\pip\_vendor\requests\auth.py,
isinstance,E:\football_v\.venv\Lib\site-packages\pip\_vendor\requests\auth.py,
MockRequest,E:\football_v\.venv\Lib\site-packages\pip\_vendor\requests\cookies.py,
MockResponse,E:\football_v\.venv\Lib\site-packages\pip\_vendor\requests\cookies.py,
hasattr,E:\football_v\.venv\Lib\site-packages\pip\_vendor\requests\cookies.py,
MockRequest,E:\football_v\.venv\Lib\site-packages\pip\_vendor\requests\cookies.py,
hasattr,E:\football_v\.venv\Lib\site-packages\pip\_vendor\requests\cookies.py,
bool,E:\football_v\.venv\Lib\site-packages\pip\_vendor\requests\cookies.py,
bool,E:\football_v\.venv\Lib\site-packages\pip\_vendor\requests\cookies.py,
bool,E:\football_v\.venv\Lib\site-packages\pip\_vendor\requests\cookies.py,
set,E:\football_v\.venv\Lib\site-packages\pip\_vendor\requests\cookies.py,
set,E:\football_v\.venv\Lib\site-packages\pip\_vendor\requests\cookies.py,
TypeError,E:\football_v\.venv\Lib\site-packages\pip\_vendor\requests\cookies.py,
list,E:\football_v\.venv\Lib\site-packages\pip\_vendor\requests\cookies.py,
create_cookie,E:\football_v\.venv\Lib\site-packages\pip\_vendor\requests\cookies.py,
int,E:\football_v\.venv\Lib\site-packages\pip\_vendor\requests\cookies.py,
bool,E:\football_v\.venv\Lib\site-packages\pip\_vendor\requests\cookies.py,
bool,E:\football_v\.venv\Lib\site-packages\pip\_vendor\requests\cookies.py,
TypeError,E:\football_v\.venv\Lib\site-packages\pip\_vendor\requests\cookies.py,
int,E:\football_v\.venv\Lib\site-packages\pip\_vendor\requests\cookies.py,
RequestsCookieJar,E:\football_v\.venv\Lib\site-packages\pip\_vendor\requests\cookies.py,
create_cookie,E:\football_v\.venv\Lib\site-packages\pip\_vendor\requests\cookies.py,
isinstance,E:\football_v\.venv\Lib\site-packages\pip\_vendor\requests\cookies.py,
isinstance,E:\football_v\.venv\Lib\site-packages\pip\_vendor\requests\cookies.py,
ValueError,E:\football_v\.venv\Lib\site-packages\pip\_vendor\requests\cookies.py,
cookiejar_from_dict,E:\football_v\.venv\Lib\site-packages\pip\_vendor\requests\cookies.py,
isinstance,E:\football_v\.venv\Lib\site-packages\pip\_vendor\requests\cookies.py,
urlparse,E:\football_v\.venv\Lib\site-packages\pip\_vendor\requests\cookies.py,
urlparse,E:\football_v\.venv\Lib\site-packages\pip\_vendor\requests\cookies.py,
to_native_string,E:\football_v\.venv\Lib\site-packages\pip\_vendor\requests\cookies.py,
urlparse,E:\football_v\.venv\Lib\site-packages\pip\_vendor\requests\cookies.py,
urlunparse,E:\football_v\.venv\Lib\site-packages\pip\_vendor\requests\cookies.py,
NotImplementedError,E:\football_v\.venv\Lib\site-packages\pip\_vendor\requests\cookies.py,
isinstance,E:\football_v\.venv\Lib\site-packages\pip\_vendor\requests\cookies.py,
remove_cookie_by_name,E:\football_v\.venv\Lib\site-packages\pip\_vendor\requests\cookies.py,
morsel_to_cookie,E:\football_v\.venv\Lib\site-packages\pip\_vendor\requests\cookies.py,
create_cookie,E:\football_v\.venv\Lib\site-packages\pip\_vendor\requests\cookies.py,
iter,E:\football_v\.venv\Lib\site-packages\pip\_vendor\requests\cookies.py,
list,E:\football_v\.venv\Lib\site-packages\pip\_vendor\requests\cookies.py,
iter,E:\football_v\.venv\Lib\site-packages\pip\_vendor\requests\cookies.py,
list,E:\football_v\.venv\Lib\site-packages\pip\_vendor\requests\cookies.py,
iter,E:\football_v\.venv\Lib\site-packages\pip\_vendor\requests\cookies.py,
list,E:\football_v\.venv\Lib\site-packages\pip\_vendor\requests\cookies.py,
iter,E:\football_v\.venv\Lib\site-packages\pip\_vendor\requests\cookies.py,
iter,E:\football_v\.venv\Lib\site-packages\pip\_vendor\requests\cookies.py,
iter,E:\football_v\.venv\Lib\site-packages\pip\_vendor\requests\cookies.py,
iter,E:\football_v\.venv\Lib\site-packages\pip\_vendor\requests\cookies.py,
super,E:\football_v\.venv\Lib\site-packages\pip\_vendor\requests\cookies.py,
remove_cookie_by_name,E:\football_v\.venv\Lib\site-packages\pip\_vendor\requests\cookies.py,
hasattr,E:\football_v\.venv\Lib\site-packages\pip\_vendor\requests\cookies.py,
super,E:\football_v\.venv\Lib\site-packages\pip\_vendor\requests\cookies.py,
isinstance,E:\football_v\.venv\Lib\site-packages\pip\_vendor\requests\cookies.py,
super,E:\football_v\.venv\Lib\site-packages\pip\_vendor\requests\cookies.py,
iter,E:\football_v\.venv\Lib\site-packages\pip\_vendor\requests\cookies.py,
KeyError,E:\football_v\.venv\Lib\site-packages\pip\_vendor\requests\cookies.py,
iter,E:\football_v\.venv\Lib\site-packages\pip\_vendor\requests\cookies.py,
KeyError,E:\football_v\.venv\Lib\site-packages\pip\_vendor\requests\cookies.py,
CookieConflictError,E:\football_v\.venv\Lib\site-packages\pip\_vendor\requests\cookies.py,
RequestsCookieJar,E:\football_v\.venv\Lib\site-packages\pip\_vendor\requests\cookies.py,
hasattr,E:\football_v\.venv\Lib\site-packages\pip\_vendor\requests\exceptions.py,
super,E:\football_v\.venv\Lib\site-packages\pip\_vendor\requests\exceptions.py,
_implementation,E:\football_v\.venv\Lib\site-packages\pip\_vendor\requests\help.py,
getattr,E:\football_v\.venv\Lib\site-packages\pip\_vendor\requests\help.py,
getattr,E:\football_v\.venv\Lib\site-packages\pip\_vendor\requests\help.py,
print,E:\football_v\.venv\Lib\site-packages\pip\_vendor\requests\help.py,
info,E:\football_v\.venv\Lib\site-packages\pip\_vendor\requests\help.py,
hasattr,E:\football_v\.venv\Lib\site-packages\pip\_vendor\requests\hooks.py,
hook,E:\football_v\.venv\Lib\site-packages\pip\_vendor\requests\hooks.py,
urlsplit,E:\football_v\.venv\Lib\site-packages\pip\_vendor\requests\models.py,
isinstance,E:\football_v\.venv\Lib\site-packages\pip\_vendor\requests\models.py,
hasattr,E:\football_v\.venv\Lib\site-packages\pip\_vendor\requests\models.py,
hasattr,E:\football_v\.venv\Lib\site-packages\pip\_vendor\requests\models.py,
to_key_val_list,E:\football_v\.venv\Lib\site-packages\pip\_vendor\requests\models.py,
urlencode,E:\football_v\.venv\Lib\site-packages\pip\_vendor\requests\models.py,
isinstance,E:\football_v\.venv\Lib\site-packages\pip\_vendor\requests\models.py,
hasattr,E:\football_v\.venv\Lib\site-packages\pip\_vendor\requests\models.py,
isinstance,E:\football_v\.venv\Lib\site-packages\pip\_vendor\requests\models.py,
isinstance,E:\football_v\.venv\Lib\site-packages\pip\_vendor\requests\models.py,
to_key_val_list,E:\football_v\.venv\Lib\site-packages\pip\_vendor\requests\models.py,
to_key_val_list,E:\football_v\.venv\Lib\site-packages\pip\_vendor\requests\models.py,
encode_multipart_formdata,E:\football_v\.venv\Lib\site-packages\pip\_vendor\requests\models.py,
ValueError,E:\football_v\.venv\Lib\site-packages\pip\_vendor\requests\models.py,
isinstance,E:\football_v\.venv\Lib\site-packages\pip\_vendor\requests\models.py,
isinstance,E:\football_v\.venv\Lib\site-packages\pip\_vendor\requests\models.py,
isinstance,E:\football_v\.venv\Lib\site-packages\pip\_vendor\requests\models.py,
RequestField,E:\football_v\.venv\Lib\site-packages\pip\_vendor\requests\models.py,
ValueError,E:\football_v\.venv\Lib\site-packages\pip\_vendor\requests\models.py,
isinstance,E:\football_v\.venv\Lib\site-packages\pip\_vendor\requests\models.py,
hasattr,E:\football_v\.venv\Lib\site-packages\pip\_vendor\requests\models.py,
hasattr,E:\football_v\.venv\Lib\site-packages\pip\_vendor\requests\models.py,
len,E:\football_v\.venv\Lib\site-packages\pip\_vendor\requests\models.py,
guess_filename,E:\football_v\.venv\Lib\site-packages\pip\_vendor\requests\models.py,
isinstance,E:\football_v\.venv\Lib\site-packages\pip\_vendor\requests\models.py,
str,E:\football_v\.venv\Lib\site-packages\pip\_vendor\requests\models.py,
len,E:\football_v\.venv\Lib\site-packages\pip\_vendor\requests\models.py,
isinstance,E:\football_v\.venv\Lib\site-packages\pip\_vendor\requests\models.py,
isinstance,E:\football_v\.venv\Lib\site-packages\pip\_vendor\requests\models.py,
isinstance,E:\football_v\.venv\Lib\site-packages\pip\_vendor\requests\models.py,
ValueError,E:\football_v\.venv\Lib\site-packages\pip\_vendor\requests\models.py,
hasattr,E:\football_v\.venv\Lib\site-packages\pip\_vendor\requests\models.py,
isinstance,E:\football_v\.venv\Lib\site-packages\pip\_vendor\requests\models.py,
default_hooks,E:\football_v\.venv\Lib\site-packages\pip\_vendor\requests\models.py,
list,E:\football_v\.venv\Lib\site-packages\pip\_vendor\requests\models.py,
PreparedRequest,E:\football_v\.venv\Lib\site-packages\pip\_vendor\requests\models.py,
default_hooks,E:\football_v\.venv\Lib\site-packages\pip\_vendor\requests\models.py,
PreparedRequest,E:\football_v\.venv\Lib\site-packages\pip\_vendor\requests\models.py,
_copy_cookie_jar,E:\football_v\.venv\Lib\site-packages\pip\_vendor\requests\models.py,
to_native_string,E:\football_v\.venv\Lib\site-packages\pip\_vendor\requests\models.py,
isinstance,E:\football_v\.venv\Lib\site-packages\pip\_vendor\requests\models.py,
isinstance,E:\football_v\.venv\Lib\site-packages\pip\_vendor\requests\models.py,
requote_uri,E:\football_v\.venv\Lib\site-packages\pip\_vendor\requests\models.py,
str,E:\football_v\.venv\Lib\site-packages\pip\_vendor\requests\models.py,
parse_url,E:\football_v\.venv\Lib\site-packages\pip\_vendor\requests\models.py,
MissingSchema,E:\football_v\.venv\Lib\site-packages\pip\_vendor\requests\models.py,
InvalidURL,E:\football_v\.venv\Lib\site-packages\pip\_vendor\requests\models.py,
unicode_is_ascii,E:\football_v\.venv\Lib\site-packages\pip\_vendor\requests\models.py,
to_native_string,E:\football_v\.venv\Lib\site-packages\pip\_vendor\requests\models.py,
urlunparse,E:\football_v\.venv\Lib\site-packages\pip\_vendor\requests\models.py,
InvalidURL,E:\football_v\.venv\Lib\site-packages\pip\_vendor\requests\models.py,
InvalidURL,E:\football_v\.venv\Lib\site-packages\pip\_vendor\requests\models.py,
InvalidURL,E:\football_v\.venv\Lib\site-packages\pip\_vendor\requests\models.py,
CaseInsensitiveDict,E:\football_v\.venv\Lib\site-packages\pip\_vendor\requests\models.py,
check_header_validity,E:\football_v\.venv\Lib\site-packages\pip\_vendor\requests\models.py,
to_native_string,E:\football_v\.venv\Lib\site-packages\pip\_vendor\requests\models.py,
all,E:\football_v\.venv\Lib\site-packages\pip\_vendor\requests\models.py,
isinstance,E:\football_v\.venv\Lib\site-packages\pip\_vendor\requests\models.py,
hasattr,E:\football_v\.venv\Lib\site-packages\pip\_vendor\requests\models.py,
super_len,E:\football_v\.venv\Lib\site-packages\pip\_vendor\requests\models.py,
getattr,E:\football_v\.venv\Lib\site-packages\pip\_vendor\requests\models.py,
NotImplementedError,E:\football_v\.venv\Lib\site-packages\pip\_vendor\requests\models.py,
builtin_str,E:\football_v\.venv\Lib\site-packages\pip\_vendor\requests\models.py,
InvalidJSONError,E:\football_v\.venv\Lib\site-packages\pip\_vendor\requests\models.py,
isinstance,E:\football_v\.venv\Lib\site-packages\pip\_vendor\requests\models.py,
object,E:\football_v\.venv\Lib\site-packages\pip\_vendor\requests\models.py,
isinstance,E:\football_v\.venv\Lib\site-packages\pip\_vendor\requests\models.py,
hasattr,E:\football_v\.venv\Lib\site-packages\pip\_vendor\requests\models.py,
super_len,E:\football_v\.venv\Lib\site-packages\pip\_vendor\requests\models.py,
builtin_str,E:\football_v\.venv\Lib\site-packages\pip\_vendor\requests\models.py,
get_auth_from_url,E:\football_v\.venv\Lib\site-packages\pip\_vendor\requests\models.py,
auth,E:\football_v\.venv\Lib\site-packages\pip\_vendor\requests\models.py,
any,E:\football_v\.venv\Lib\site-packages\pip\_vendor\requests\models.py,
isinstance,E:\football_v\.venv\Lib\site-packages\pip\_vendor\requests\models.py,
HTTPBasicAuth,E:\football_v\.venv\Lib\site-packages\pip\_vendor\requests\models.py,
len,E:\football_v\.venv\Lib\site-packages\pip\_vendor\requests\models.py,
isinstance,E:\football_v\.venv\Lib\site-packages\pip\_vendor\requests\models.py,
get_cookie_header,E:\football_v\.venv\Lib\site-packages\pip\_vendor\requests\models.py,
cookiejar_from_dict,E:\football_v\.venv\Lib\site-packages\pip\_vendor\requests\models.py,
CaseInsensitiveDict,E:\football_v\.venv\Lib\site-packages\pip\_vendor\requests\models.py,
cookiejar_from_dict,E:\football_v\.venv\Lib\site-packages\pip\_vendor\requests\models.py,
getattr,E:\football_v\.venv\Lib\site-packages\pip\_vendor\requests\models.py,
setattr,E:\football_v\.venv\Lib\site-packages\pip\_vendor\requests\models.py,
setattr,E:\football_v\.venv\Lib\site-packages\pip\_vendor\requests\models.py,
setattr,E:\football_v\.venv\Lib\site-packages\pip\_vendor\requests\models.py,
iter_slices,E:\football_v\.venv\Lib\site-packages\pip\_vendor\requests\models.py,
generate,E:\football_v\.venv\Lib\site-packages\pip\_vendor\requests\models.py,
hasattr,E:\football_v\.venv\Lib\site-packages\pip\_vendor\requests\models.py,
isinstance,E:\football_v\.venv\Lib\site-packages\pip\_vendor\requests\models.py,
StreamConsumedError,E:\football_v\.venv\Lib\site-packages\pip\_vendor\requests\models.py,
stream_decode_response_unicode,E:\football_v\.venv\Lib\site-packages\pip\_vendor\requests\models.py,
TypeError,E:\football_v\.venv\Lib\site-packages\pip\_vendor\requests\models.py,
isinstance,E:\football_v\.venv\Lib\site-packages\pip\_vendor\requests\models.py,
ChunkedEncodingError,E:\football_v\.venv\Lib\site-packages\pip\_vendor\requests\models.py,
ContentDecodingError,E:\football_v\.venv\Lib\site-packages\pip\_vendor\requests\models.py,
ConnectionError,E:\football_v\.venv\Lib\site-packages\pip\_vendor\requests\models.py,
RequestsSSLError,E:\football_v\.venv\Lib\site-packages\pip\_vendor\requests\models.py,
type,E:\football_v\.venv\Lib\site-packages\pip\_vendor\requests\models.py,
RuntimeError,E:\football_v\.venv\Lib\site-packages\pip\_vendor\requests\models.py,
str,E:\football_v\.venv\Lib\site-packages\pip\_vendor\requests\models.py,
str,E:\football_v\.venv\Lib\site-packages\pip\_vendor\requests\models.py,
guess_json_utf,E:\football_v\.venv\Lib\site-packages\pip\_vendor\requests\models.py,
len,E:\football_v\.venv\Lib\site-packages\pip\_vendor\requests\models.py,
RequestsJSONDecodeError,E:\football_v\.venv\Lib\site-packages\pip\_vendor\requests\models.py,
RequestsJSONDecodeError,E:\football_v\.venv\Lib\site-packages\pip\_vendor\requests\models.py,
parse_header_links,E:\football_v\.venv\Lib\site-packages\pip\_vendor\requests\models.py,
isinstance,E:\football_v\.venv\Lib\site-packages\pip\_vendor\requests\models.py,
HTTPError,E:\football_v\.venv\Lib\site-packages\pip\_vendor\requests\models.py,
getattr,E:\football_v\.venv\Lib\site-packages\pip\_vendor\requests\models.py,
release_conn,E:\football_v\.venv\Lib\site-packages\pip\_vendor\requests\models.py,
hasattr,E:\football_v\.venv\Lib\site-packages\pip\_vendor\requests\models.py,
ChunkedEncodingError,E:\football_v\.venv\Lib\site-packages\pip\_vendor\requests\models.py,
ContentDecodingError,E:\football_v\.venv\Lib\site-packages\pip\_vendor\requests\models.py,
ConnectionError,E:\football_v\.venv\Lib\site-packages\pip\_vendor\requests\models.py,
RequestsSSLError,E:\football_v\.venv\Lib\site-packages\pip\_vendor\requests\models.py,
dict_class,E:\football_v\.venv\Lib\site-packages\pip\_vendor\requests\sessions.py,
to_key_val_list,E:\football_v\.venv\Lib\site-packages\pip\_vendor\requests\sessions.py,
to_key_val_list,E:\football_v\.venv\Lib\site-packages\pip\_vendor\requests\sessions.py,
isinstance,E:\football_v\.venv\Lib\site-packages\pip\_vendor\requests\sessions.py,
isinstance,E:\football_v\.venv\Lib\site-packages\pip\_vendor\requests\sessions.py,
merge_setting,E:\football_v\.venv\Lib\site-packages\pip\_vendor\requests\sessions.py,
Session,E:\football_v\.venv\Lib\site-packages\pip\_vendor\requests\sessions.py,
to_native_string,E:\football_v\.venv\Lib\site-packages\pip\_vendor\requests\sessions.py,
urlparse,E:\football_v\.venv\Lib\site-packages\pip\_vendor\requests\sessions.py,
urlparse,E:\football_v\.venv\Lib\site-packages\pip\_vendor\requests\sessions.py,
urlparse,E:\football_v\.venv\Lib\site-packages\pip\_vendor\requests\sessions.py,
urlparse,E:\football_v\.venv\Lib\site-packages\pip\_vendor\requests\sessions.py,
to_native_string,E:\football_v\.venv\Lib\site-packages\pip\_vendor\requests\sessions.py,
extract_cookies_to_jar,E:\football_v\.venv\Lib\site-packages\pip\_vendor\requests\sessions.py,
merge_cookies,E:\football_v\.venv\Lib\site-packages\pip\_vendor\requests\sessions.py,
len,E:\football_v\.venv\Lib\site-packages\pip\_vendor\requests\sessions.py,
TooManyRedirects,E:\football_v\.venv\Lib\site-packages\pip\_vendor\requests\sessions.py,
urlparse,E:\football_v\.venv\Lib\site-packages\pip\_vendor\requests\sessions.py,
urljoin,E:\football_v\.venv\Lib\site-packages\pip\_vendor\requests\sessions.py,
requote_uri,E:\football_v\.venv\Lib\site-packages\pip\_vendor\requests\sessions.py,
rewind_body,E:\football_v\.venv\Lib\site-packages\pip\_vendor\requests\sessions.py,
extract_cookies_to_jar,E:\football_v\.venv\Lib\site-packages\pip\_vendor\requests\sessions.py,
requote_uri,E:\football_v\.venv\Lib\site-packages\pip\_vendor\requests\sessions.py,
to_native_string,E:\football_v\.venv\Lib\site-packages\pip\_vendor\requests\sessions.py,
get_netrc_auth,E:\football_v\.venv\Lib\site-packages\pip\_vendor\requests\sessions.py,
resolve_proxies,E:\football_v\.venv\Lib\site-packages\pip\_vendor\requests\sessions.py,
urlparse,E:\football_v\.venv\Lib\site-packages\pip\_vendor\requests\sessions.py,
get_auth_from_url,E:\football_v\.venv\Lib\site-packages\pip\_vendor\requests\sessions.py,
_basic_auth_str,E:\football_v\.venv\Lib\site-packages\pip\_vendor\requests\sessions.py,
default_headers,E:\football_v\.venv\Lib\site-packages\pip\_vendor\requests\sessions.py,
default_hooks,E:\football_v\.venv\Lib\site-packages\pip\_vendor\requests\sessions.py,
cookiejar_from_dict,E:\football_v\.venv\Lib\site-packages\pip\_vendor\requests\sessions.py,
OrderedDict,E:\football_v\.venv\Lib\site-packages\pip\_vendor\requests\sessions.py,
HTTPAdapter,E:\football_v\.venv\Lib\site-packages\pip\_vendor\requests\sessions.py,
HTTPAdapter,E:\football_v\.venv\Lib\site-packages\pip\_vendor\requests\sessions.py,
merge_cookies,E:\football_v\.venv\Lib\site-packages\pip\_vendor\requests\sessions.py,
PreparedRequest,E:\football_v\.venv\Lib\site-packages\pip\_vendor\requests\sessions.py,
isinstance,E:\football_v\.venv\Lib\site-packages\pip\_vendor\requests\sessions.py,
cookiejar_from_dict,E:\football_v\.venv\Lib\site-packages\pip\_vendor\requests\sessions.py,
merge_cookies,E:\football_v\.venv\Lib\site-packages\pip\_vendor\requests\sessions.py,
get_netrc_auth,E:\football_v\.venv\Lib\site-packages\pip\_vendor\requests\sessions.py,
RequestsCookieJar,E:\football_v\.venv\Lib\site-packages\pip\_vendor\requests\sessions.py,
merge_setting,E:\football_v\.venv\Lib\site-packages\pip\_vendor\requests\sessions.py,
merge_setting,E:\football_v\.venv\Lib\site-packages\pip\_vendor\requests\sessions.py,
merge_setting,E:\football_v\.venv\Lib\site-packages\pip\_vendor\requests\sessions.py,
merge_hooks,E:\football_v\.venv\Lib\site-packages\pip\_vendor\requests\sessions.py,
Request,E:\football_v\.venv\Lib\site-packages\pip\_vendor\requests\sessions.py,
isinstance,E:\football_v\.venv\Lib\site-packages\pip\_vendor\requests\sessions.py,
preferred_clock,E:\football_v\.venv\Lib\site-packages\pip\_vendor\requests\sessions.py,
timedelta,E:\football_v\.venv\Lib\site-packages\pip\_vendor\requests\sessions.py,
dispatch_hook,E:\football_v\.venv\Lib\site-packages\pip\_vendor\requests\sessions.py,
extract_cookies_to_jar,E:\football_v\.venv\Lib\site-packages\pip\_vendor\requests\sessions.py,
resolve_proxies,E:\football_v\.venv\Lib\site-packages\pip\_vendor\requests\sessions.py,
ValueError,E:\football_v\.venv\Lib\site-packages\pip\_vendor\requests\sessions.py,
preferred_clock,E:\football_v\.venv\Lib\site-packages\pip\_vendor\requests\sessions.py,
extract_cookies_to_jar,E:\football_v\.venv\Lib\site-packages\pip\_vendor\requests\sessions.py,
next,E:\football_v\.venv\Lib\site-packages\pip\_vendor\requests\sessions.py,
merge_setting,E:\football_v\.venv\Lib\site-packages\pip\_vendor\requests\sessions.py,
merge_setting,E:\football_v\.venv\Lib\site-packages\pip\_vendor\requests\sessions.py,
merge_setting,E:\football_v\.venv\Lib\site-packages\pip\_vendor\requests\sessions.py,
merge_setting,E:\football_v\.venv\Lib\site-packages\pip\_vendor\requests\sessions.py,
get_environ_proxies,E:\football_v\.venv\Lib\site-packages\pip\_vendor\requests\sessions.py,
InvalidSchema,E:\football_v\.venv\Lib\site-packages\pip\_vendor\requests\sessions.py,
len,E:\football_v\.venv\Lib\site-packages\pip\_vendor\requests\sessions.py,
len,E:\football_v\.venv\Lib\site-packages\pip\_vendor\requests\sessions.py,
getattr,E:\football_v\.venv\Lib\site-packages\pip\_vendor\requests\sessions.py,
setattr,E:\football_v\.venv\Lib\site-packages\pip\_vendor\requests\sessions.py,
setattr,E:\football_v\.venv\Lib\site-packages\pip\_vendor\requests\status_codes.py,
setattr,E:\football_v\.venv\Lib\site-packages\pip\_vendor\requests\status_codes.py,
doc,E:\football_v\.venv\Lib\site-packages\pip\_vendor\requests\status_codes.py,
sorted,E:\football_v\.venv\Lib\site-packages\pip\_vendor\requests\status_codes.py,
OrderedDict,E:\football_v\.venv\Lib\site-packages\pip\_vendor\requests\structures.py,
len,E:\football_v\.venv\Lib\site-packages\pip\_vendor\requests\structures.py,
isinstance,E:\football_v\.venv\Lib\site-packages\pip\_vendor\requests\structures.py,
CaseInsensitiveDict,E:\football_v\.venv\Lib\site-packages\pip\_vendor\requests\structures.py,
dict,E:\football_v\.venv\Lib\site-packages\pip\_vendor\requests\structures.py,
dict,E:\football_v\.venv\Lib\site-packages\pip\_vendor\requests\structures.py,
CaseInsensitiveDict,E:\football_v\.venv\Lib\site-packages\pip\_vendor\requests\structures.py,
str,E:\football_v\.venv\Lib\site-packages\pip\_vendor\requests\structures.py,
dict,E:\football_v\.venv\Lib\site-packages\pip\_vendor\requests\structures.py,
super,E:\football_v\.venv\Lib\site-packages\pip\_vendor\requests\structures.py,
hasattr,E:\football_v\.venv\Lib\site-packages\pip\_vendor\requests\utils.py,
isinstance,E:\football_v\.venv\Lib\site-packages\pip\_vendor\requests\utils.py,
hasattr,E:\football_v\.venv\Lib\site-packages\pip\_vendor\requests\utils.py,
hasattr,E:\football_v\.venv\Lib\site-packages\pip\_vendor\requests\utils.py,
max,E:\football_v\.venv\Lib\site-packages\pip\_vendor\requests\utils.py,
len,E:\football_v\.venv\Lib\site-packages\pip\_vendor\requests\utils.py,
hasattr,E:\football_v\.venv\Lib\site-packages\pip\_vendor\requests\utils.py,
hasattr,E:\football_v\.venv\Lib\site-packages\pip\_vendor\requests\utils.py,
hasattr,E:\football_v\.venv\Lib\site-packages\pip\_vendor\requests\utils.py,
urlparse,E:\football_v\.venv\Lib\site-packages\pip\_vendor\requests\utils.py,
isinstance,E:\football_v\.venv\Lib\site-packages\pip\_vendor\requests\utils.py,
netrc,E:\football_v\.venv\Lib\site-packages\pip\_vendor\requests\utils.py,
getattr,E:\football_v\.venv\Lib\site-packages\pip\_vendor\requests\utils.py,
isinstance,E:\football_v\.venv\Lib\site-packages\pip\_vendor\requests\utils.py,
atomic_open,E:\football_v\.venv\Lib\site-packages\pip\_vendor\requests\utils.py,
isinstance,E:\football_v\.venv\Lib\site-packages\pip\_vendor\requests\utils.py,
OrderedDict,E:\football_v\.venv\Lib\site-packages\pip\_vendor\requests\utils.py,
ValueError,E:\football_v\.venv\Lib\site-packages\pip\_vendor\requests\utils.py,
isinstance,E:\football_v\.venv\Lib\site-packages\pip\_vendor\requests\utils.py,
isinstance,E:\football_v\.venv\Lib\site-packages\pip\_vendor\requests\utils.py,
list,E:\football_v\.venv\Lib\site-packages\pip\_vendor\requests\utils.py,
ValueError,E:\football_v\.venv\Lib\site-packages\pip\_vendor\requests\utils.py,
_parse_list_header,E:\football_v\.venv\Lib\site-packages\pip\_vendor\requests\utils.py,
unquote_header_value,E:\football_v\.venv\Lib\site-packages\pip\_vendor\requests\utils.py,
_parse_list_header,E:\football_v\.venv\Lib\site-packages\pip\_vendor\requests\utils.py,
unquote_header_value,E:\football_v\.venv\Lib\site-packages\pip\_vendor\requests\utils.py,
cookiejar_from_dict,E:\football_v\.venv\Lib\site-packages\pip\_vendor\requests\utils.py,
_parse_content_type_header,E:\football_v\.venv\Lib\site-packages\pip\_vendor\requests\utils.py,
len,E:\football_v\.venv\Lib\site-packages\pip\_vendor\requests\utils.py,
len,E:\football_v\.venv\Lib\site-packages\pip\_vendor\requests\utils.py,
get_encoding_from_headers,E:\football_v\.venv\Lib\site-packages\pip\_vendor\requests\utils.py,
str,E:\football_v\.venv\Lib\site-packages\pip\_vendor\requests\utils.py,
str,E:\football_v\.venv\Lib\site-packages\pip\_vendor\requests\utils.py,
range,E:\football_v\.venv\Lib\site-packages\pip\_vendor\requests\utils.py,
len,E:\football_v\.venv\Lib\site-packages\pip\_vendor\requests\utils.py,
len,E:\football_v\.venv\Lib\site-packages\pip\_vendor\requests\utils.py,
chr,E:\football_v\.venv\Lib\site-packages\pip\_vendor\requests\utils.py,
int,E:\football_v\.venv\Lib\site-packages\pip\_vendor\requests\utils.py,
InvalidURL,E:\football_v\.venv\Lib\site-packages\pip\_vendor\requests\utils.py,
quote,E:\football_v\.venv\Lib\site-packages\pip\_vendor\requests\utils.py,
unquote_unreserved,E:\football_v\.venv\Lib\site-packages\pip\_vendor\requests\utils.py,
quote,E:\football_v\.venv\Lib\site-packages\pip\_vendor\requests\utils.py,
dotted_netmask,E:\football_v\.venv\Lib\site-packages\pip\_vendor\requests\utils.py,
int,E:\football_v\.venv\Lib\site-packages\pip\_vendor\requests\utils.py,
int,E:\football_v\.venv\Lib\site-packages\pip\_vendor\requests\utils.py,
urlparse,E:\football_v\.venv\Lib\site-packages\pip\_vendor\requests\utils.py,
get_proxy,E:\football_v\.venv\Lib\site-packages\pip\_vendor\requests\utils.py,
is_ipv4_address,E:\football_v\.venv\Lib\site-packages\pip\_vendor\requests\utils.py,
set_environ,E:\football_v\.venv\Lib\site-packages\pip\_vendor\requests\utils.py,
proxy_bypass,E:\football_v\.venv\Lib\site-packages\pip\_vendor\requests\utils.py,
is_valid_cidr,E:\football_v\.venv\Lib\site-packages\pip\_vendor\requests\utils.py,
address_in_network,E:\football_v\.venv\Lib\site-packages\pip\_vendor\requests\utils.py,
should_bypass_proxies,E:\football_v\.venv\Lib\site-packages\pip\_vendor\requests\utils.py,
getproxies,E:\football_v\.venv\Lib\site-packages\pip\_vendor\requests\utils.py,
urlparse,E:\football_v\.venv\Lib\site-packages\pip\_vendor\requests\utils.py,
urlparse,E:\football_v\.venv\Lib\site-packages\pip\_vendor\requests\utils.py,
get_environ_proxies,E:\football_v\.venv\Lib\site-packages\pip\_vendor\requests\utils.py,
should_bypass_proxies,E:\football_v\.venv\Lib\site-packages\pip\_vendor\requests\utils.py,
CaseInsensitiveDict,E:\football_v\.venv\Lib\site-packages\pip\_vendor\requests\utils.py,
default_user_agent,E:\football_v\.venv\Lib\site-packages\pip\_vendor\requests\utils.py,
parse_url,E:\football_v\.venv\Lib\site-packages\pip\_vendor\requests\utils.py,
urlunparse,E:\football_v\.venv\Lib\site-packages\pip\_vendor\requests\utils.py,
urlparse,E:\football_v\.venv\Lib\site-packages\pip\_vendor\requests\utils.py,
unquote,E:\football_v\.venv\Lib\site-packages\pip\_vendor\requests\utils.py,
unquote,E:\football_v\.venv\Lib\site-packages\pip\_vendor\requests\utils.py,
_validate_header_part,E:\football_v\.venv\Lib\site-packages\pip\_vendor\requests\utils.py,
_validate_header_part,E:\football_v\.venv\Lib\site-packages\pip\_vendor\requests\utils.py,
isinstance,E:\football_v\.venv\Lib\site-packages\pip\_vendor\requests\utils.py,
isinstance,E:\football_v\.venv\Lib\site-packages\pip\_vendor\requests\utils.py,
InvalidHeader,E:\football_v\.venv\Lib\site-packages\pip\_vendor\requests\utils.py,
InvalidHeader,E:\football_v\.venv\Lib\site-packages\pip\_vendor\requests\utils.py,
type,E:\football_v\.venv\Lib\site-packages\pip\_vendor\requests\utils.py,
urlparse,E:\football_v\.venv\Lib\site-packages\pip\_vendor\requests\utils.py,
urlunparse,E:\football_v\.venv\Lib\site-packages\pip\_vendor\requests\utils.py,
getattr,E:\football_v\.venv\Lib\site-packages\pip\_vendor\requests\utils.py,
isinstance,E:\football_v\.venv\Lib\site-packages\pip\_vendor\requests\utils.py,
UnrewindableBodyError,E:\football_v\.venv\Lib\site-packages\pip\_vendor\requests\utils.py,
body_seek,E:\football_v\.venv\Lib\site-packages\pip\_vendor\requests\utils.py,
UnrewindableBodyError,E:\football_v\.venv\Lib\site-packages\pip\_vendor\requests\utils.py,
filter,E:\football_v\.venv\Lib\site-packages\pip\_vendor\requests\utils.py,
int,E:\football_v\.venv\Lib\site-packages\pip\_vendor\requests\utils.py,
getproxies_environment,E:\football_v\.venv\Lib\site-packages\pip\_vendor\requests\utils.py,
proxy_bypass_environment,E:\football_v\.venv\Lib\site-packages\pip\_vendor\requests\utils.py,
proxy_bypass_registry,E:\football_v\.venv\Lib\site-packages\pip\_vendor\requests\utils.py,
isinstance,E:\football_v\.venv\Lib\site-packages\pip\_vendor\requests\_internal_utils.py,
isinstance,E:\football_v\.venv\Lib\site-packages\pip\_vendor\requests\_internal_utils.py,
len,E:\football_v\.venv\Lib\site-packages\pip\_vendor\requests\__init__.py,
int,E:\football_v\.venv\Lib\site-packages\pip\_vendor\requests\__init__.py,
int,E:\football_v\.venv\Lib\site-packages\pip\_vendor\requests\__init__.py,
int,E:\football_v\.venv\Lib\site-packages\pip\_vendor\requests\__init__.py,
int,E:\football_v\.venv\Lib\site-packages\pip\_vendor\requests\__init__.py,
int,E:\football_v\.venv\Lib\site-packages\pip\_vendor\requests\__init__.py,
int,E:\football_v\.venv\Lib\site-packages\pip\_vendor\requests\__init__.py,
int,E:\football_v\.venv\Lib\site-packages\pip\_vendor\requests\__init__.py,
int,E:\football_v\.venv\Lib\site-packages\pip\_vendor\requests\__init__.py,
int,E:\football_v\.venv\Lib\site-packages\pip\_vendor\requests\__init__.py,
list,E:\football_v\.venv\Lib\site-packages\pip\_vendor\requests\__init__.py,
map,E:\football_v\.venv\Lib\site-packages\pip\_vendor\requests\__init__.py,
_has_route_to_root,E:\football_v\.venv\Lib\site-packages\pip\_vendor\resolvelib\resolvers.py,
id,E:\football_v\.venv\Lib\site-packages\pip\_vendor\resolvelib\resolvers.py,
DirectedGraph,E:\football_v\.venv\Lib\site-packages\pip\_vendor\resolvelib\resolvers.py,
Result,E:\football_v\.venv\Lib\site-packages\pip\_vendor\resolvelib\resolvers.py,
id,E:\football_v\.venv\Lib\site-packages\pip\_vendor\resolvelib\resolvers.py,
id,E:\football_v\.venv\Lib\site-packages\pip\_vendor\resolvelib\resolvers.py,
_has_route_to_root,E:\football_v\.venv\Lib\site-packages\pip\_vendor\resolvelib\resolvers.py,
id,E:\football_v\.venv\Lib\site-packages\pip\_vendor\resolvelib\resolvers.py,
super,E:\football_v\.venv\Lib\site-packages\pip\_vendor\resolvelib\resolvers.py,
repr,E:\football_v\.venv\Lib\site-packages\pip\_vendor\resolvelib\resolvers.py,
super,E:\football_v\.venv\Lib\site-packages\pip\_vendor\resolvelib\resolvers.py,
repr,E:\football_v\.venv\Lib\site-packages\pip\_vendor\resolvelib\resolvers.py,
super,E:\football_v\.venv\Lib\site-packages\pip\_vendor\resolvelib\resolvers.py,
super,E:\football_v\.venv\Lib\site-packages\pip\_vendor\resolvelib\resolvers.py,
AttributeError,E:\football_v\.venv\Lib\site-packages\pip\_vendor\resolvelib\resolvers.py,
State,E:\football_v\.venv\Lib\site-packages\pip\_vendor\resolvelib\resolvers.py,
Criterion,E:\football_v\.venv\Lib\site-packages\pip\_vendor\resolvelib\resolvers.py,
list,E:\football_v\.venv\Lib\site-packages\pip\_vendor\resolvelib\resolvers.py,
list,E:\football_v\.venv\Lib\site-packages\pip\_vendor\resolvelib\resolvers.py,
RequirementsConflicted,E:\football_v\.venv\Lib\site-packages\pip\_vendor\resolvelib\resolvers.py,
IteratorMapping,E:\football_v\.venv\Lib\site-packages\pip\_vendor\resolvelib\resolvers.py,
IteratorMapping,E:\football_v\.venv\Lib\site-packages\pip\_vendor\resolvelib\resolvers.py,
RequirementInformation,E:\football_v\.venv\Lib\site-packages\pip\_vendor\resolvelib\resolvers.py,
RequirementInformation,E:\football_v\.venv\Lib\site-packages\pip\_vendor\resolvelib\resolvers.py,
build_iter_view,E:\football_v\.venv\Lib\site-packages\pip\_vendor\resolvelib\resolvers.py,
Criterion,E:\football_v\.venv\Lib\site-packages\pip\_vendor\resolvelib\resolvers.py,
IteratorMapping,E:\football_v\.venv\Lib\site-packages\pip\_vendor\resolvelib\resolvers.py,
IteratorMapping,E:\football_v\.venv\Lib\site-packages\pip\_vendor\resolvelib\resolvers.py,
all,E:\football_v\.venv\Lib\site-packages\pip\_vendor\resolvelib\resolvers.py,
all,E:\football_v\.venv\Lib\site-packages\pip\_vendor\resolvelib\resolvers.py,
InconsistentCandidate,E:\football_v\.venv\Lib\site-packages\pip\_vendor\resolvelib\resolvers.py,
len,E:\football_v\.venv\Lib\site-packages\pip\_vendor\resolvelib\resolvers.py,
_patch_criteria,E:\football_v\.venv\Lib\site-packages\pip\_vendor\resolvelib\resolvers.py,
list,E:\football_v\.venv\Lib\site-packages\pip\_vendor\resolvelib\resolvers.py,
build_iter_view,E:\football_v\.venv\Lib\site-packages\pip\_vendor\resolvelib\resolvers.py,
Criterion,E:\football_v\.venv\Lib\site-packages\pip\_vendor\resolvelib\resolvers.py,
ResolutionImpossible,E:\football_v\.venv\Lib\site-packages\pip\_vendor\resolvelib\resolvers.py,
IteratorMapping,E:\football_v\.venv\Lib\site-packages\pip\_vendor\resolvelib\resolvers.py,
IteratorMapping,E:\football_v\.venv\Lib\site-packages\pip\_vendor\resolvelib\resolvers.py,
list,E:\football_v\.venv\Lib\site-packages\pip\_vendor\resolvelib\resolvers.py,
range,E:\football_v\.venv\Lib\site-packages\pip\_vendor\resolvelib\resolvers.py,
ResolutionTooDeep,E:\football_v\.venv\Lib\site-packages\pip\_vendor\resolvelib\resolvers.py,
RuntimeError,E:\football_v\.venv\Lib\site-packages\pip\_vendor\resolvelib\resolvers.py,
State,E:\football_v\.venv\Lib\site-packages\pip\_vendor\resolvelib\resolvers.py,
min,E:\football_v\.venv\Lib\site-packages\pip\_vendor\resolvelib\resolvers.py,
set,E:\football_v\.venv\Lib\site-packages\pip\_vendor\resolvelib\resolvers.py,
set,E:\football_v\.venv\Lib\site-packages\pip\_vendor\resolvelib\resolvers.py,
ResolutionImpossible,E:\football_v\.venv\Lib\site-packages\pip\_vendor\resolvelib\resolvers.py,
ResolutionImpossible,E:\football_v\.venv\Lib\site-packages\pip\_vendor\resolvelib\resolvers.py,
Resolution,E:\football_v\.venv\Lib\site-packages\pip\_vendor\resolvelib\resolvers.py,
_build_result,E:\football_v\.venv\Lib\site-packages\pip\_vendor\resolvelib\resolvers.py,
build_iter_view,E:\football_v\.venv\Lib\site-packages\pip\_vendor\resolvelib\resolvers.py,
Criterion,E:\football_v\.venv\Lib\site-packages\pip\_vendor\resolvelib\resolvers.py,
IteratorMapping,E:\football_v\.venv\Lib\site-packages\pip\_vendor\resolvelib\resolvers.py,
IteratorMapping,E:\football_v\.venv\Lib\site-packages\pip\_vendor\resolvelib\resolvers.py,
list,E:\football_v\.venv\Lib\site-packages\pip\_vendor\resolvelib\resolvers.py,
callable,E:\football_v\.venv\Lib\site-packages\pip\_vendor\resolvelib\structs.py,
_SequenceIterableView,E:\football_v\.venv\Lib\site-packages\pip\_vendor\resolvelib\structs.py,
_FactoryIterableView,E:\football_v\.venv\Lib\site-packages\pip\_vendor\resolvelib\structs.py,
isinstance,E:\football_v\.venv\Lib\site-packages\pip\_vendor\resolvelib\structs.py,
list,E:\football_v\.venv\Lib\site-packages\pip\_vendor\resolvelib\structs.py,
set,E:\football_v\.venv\Lib\site-packages\pip\_vendor\resolvelib\structs.py,
iter,E:\football_v\.venv\Lib\site-packages\pip\_vendor\resolvelib\structs.py,
len,E:\football_v\.venv\Lib\site-packages\pip\_vendor\resolvelib\structs.py,
DirectedGraph,E:\football_v\.venv\Lib\site-packages\pip\_vendor\resolvelib\structs.py,
set,E:\football_v\.venv\Lib\site-packages\pip\_vendor\resolvelib\structs.py,
set,E:\football_v\.venv\Lib\site-packages\pip\_vendor\resolvelib\structs.py,
set,E:\football_v\.venv\Lib\site-packages\pip\_vendor\resolvelib\structs.py,
set,E:\football_v\.venv\Lib\site-packages\pip\_vendor\resolvelib\structs.py,
set,E:\football_v\.venv\Lib\site-packages\pip\_vendor\resolvelib\structs.py,
ValueError,E:\football_v\.venv\Lib\site-packages\pip\_vendor\resolvelib\structs.py,
KeyError,E:\football_v\.venv\Lib\site-packages\pip\_vendor\resolvelib\structs.py,
iter,E:\football_v\.venv\Lib\site-packages\pip\_vendor\resolvelib\structs.py,
iter,E:\football_v\.venv\Lib\site-packages\pip\_vendor\resolvelib\structs.py,
bool,E:\football_v\.venv\Lib\site-packages\pip\_vendor\resolvelib\structs.py,
iter,E:\football_v\.venv\Lib\site-packages\pip\_vendor\resolvelib\structs.py,
sum,E:\football_v\.venv\Lib\site-packages\pip\_vendor\resolvelib\structs.py,
len,E:\football_v\.venv\Lib\site-packages\pip\_vendor\resolvelib\structs.py,
list,E:\football_v\.venv\Lib\site-packages\pip\_vendor\resolvelib\structs.py,
type,E:\football_v\.venv\Lib\site-packages\pip\_vendor\resolvelib\structs.py,
next,E:\football_v\.venv\Lib\site-packages\pip\_vendor\resolvelib\structs.py,
iter,E:\football_v\.venv\Lib\site-packages\pip\_vendor\resolvelib\structs.py,
type,E:\football_v\.venv\Lib\site-packages\pip\_vendor\resolvelib\structs.py,
bool,E:\football_v\.venv\Lib\site-packages\pip\_vendor\resolvelib\structs.py,
iter,E:\football_v\.venv\Lib\site-packages\pip\_vendor\resolvelib\structs.py,
hasattr,E:\football_v\.venv\Lib\site-packages\pip\_vendor\rich\abc.py,
hasattr,E:\football_v\.venv\Lib\site-packages\pip\_vendor\rich\abc.py,
ValueError,E:\football_v\.venv\Lib\site-packages\pip\_vendor\rich\align.py,
ValueError,E:\football_v\.venv\Lib\site-packages\pip\_vendor\rich\align.py,
cls,E:\football_v\.venv\Lib\site-packages\pip\_vendor\rich\align.py,
cls,E:\football_v\.venv\Lib\site-packages\pip\_vendor\rich\align.py,
cls,E:\football_v\.venv\Lib\site-packages\pip\_vendor\rich\align.py,
list,E:\football_v\.venv\Lib\site-packages\pip\_vendor\rich\align.py,
Constrain,E:\football_v\.venv\Lib\site-packages\pip\_vendor\rich\align.py,
Segment,E:\football_v\.venv\Lib\site-packages\pip\_vendor\rich\align.py,
Segment,E:\football_v\.venv\Lib\site-packages\pip\_vendor\rich\align.py,
generate_segments,E:\football_v\.venv\Lib\site-packages\pip\_vendor\rich\align.py,
range,E:\football_v\.venv\Lib\site-packages\pip\_vendor\rich\align.py,
chain,E:\football_v\.venv\Lib\site-packages\pip\_vendor\rich\align.py,
min,E:\football_v\.venv\Lib\site-packages\pip\_vendor\rich\align.py,
generate_segments,E:\football_v\.venv\Lib\site-packages\pip\_vendor\rich\align.py,
blank_lines,E:\football_v\.venv\Lib\site-packages\pip\_vendor\rich\align.py,
chain,E:\football_v\.venv\Lib\site-packages\pip\_vendor\rich\align.py,
chain,E:\football_v\.venv\Lib\site-packages\pip\_vendor\rich\align.py,
Segment,E:\football_v\.venv\Lib\site-packages\pip\_vendor\rich\align.py,
Segment,E:\football_v\.venv\Lib\site-packages\pip\_vendor\rich\align.py,
blank_lines,E:\football_v\.venv\Lib\site-packages\pip\_vendor\rich\align.py,
generate_segments,E:\football_v\.venv\Lib\site-packages\pip\_vendor\rich\align.py,
blank_lines,E:\football_v\.venv\Lib\site-packages\pip\_vendor\rich\align.py,
blank_lines,E:\football_v\.venv\Lib\site-packages\pip\_vendor\rich\align.py,
generate_segments,E:\football_v\.venv\Lib\site-packages\pip\_vendor\rich\align.py,
Segment,E:\football_v\.venv\Lib\site-packages\pip\_vendor\rich\align.py,
Segment,E:\football_v\.venv\Lib\site-packages\pip\_vendor\rich\align.py,
Segment,E:\football_v\.venv\Lib\site-packages\pip\_vendor\rich\align.py,
len,E:\football_v\.venv\Lib\site-packages\pip\_vendor\rich\align.py,
range,E:\football_v\.venv\Lib\site-packages\pip\_vendor\rich\align.py,
len,E:\football_v\.venv\Lib\site-packages\pip\_vendor\rich\align.py,
blank_lines,E:\football_v\.venv\Lib\site-packages\pip\_vendor\rich\align.py,
blank_lines,E:\football_v\.venv\Lib\site-packages\pip\_vendor\rich\align.py,
Segment,E:\football_v\.venv\Lib\site-packages\pip\_vendor\rich\align.py,
Segment,E:\football_v\.venv\Lib\site-packages\pip\_vendor\rich\align.py,
Segment,E:\football_v\.venv\Lib\site-packages\pip\_vendor\rich\align.py,
Segment,E:\football_v\.venv\Lib\site-packages\pip\_vendor\rich\align.py,
range,E:\football_v\.venv\Lib\site-packages\pip\_vendor\rich\align.py,
range,E:\football_v\.venv\Lib\site-packages\pip\_vendor\rich\align.py,
len,E:\football_v\.venv\Lib\site-packages\pip\_vendor\rich\ansi.py,
_AnsiToken,E:\football_v\.venv\Lib\site-packages\pip\_vendor\rich\ansi.py,
_AnsiToken,E:\football_v\.venv\Lib\site-packages\pip\_vendor\rich\ansi.py,
_AnsiToken,E:\football_v\.venv\Lib\site-packages\pip\_vendor\rich\ansi.py,
_AnsiToken,E:\football_v\.venv\Lib\site-packages\pip\_vendor\rich\ansi.py,
Text,E:\football_v\.venv\Lib\site-packages\pip\_vendor\rich\ansi.py,
_ansi_tokenize,E:\football_v\.venv\Lib\site-packages\pip\_vendor\rich\ansi.py,
append,E:\football_v\.venv\Lib\site-packages\pip\_vendor\rich\ansi.py,
iter,E:\football_v\.venv\Lib\site-packages\pip\_vendor\rich\ansi.py,
min,E:\football_v\.venv\Lib\site-packages\pip\_vendor\rich\ansi.py,
int,E:\football_v\.venv\Lib\site-packages\pip\_vendor\rich\ansi.py,
suppress,E:\football_v\.venv\Lib\site-packages\pip\_vendor\rich\ansi.py,
next,E:\football_v\.venv\Lib\site-packages\pip\_vendor\rich\ansi.py,
suppress,E:\football_v\.venv\Lib\site-packages\pip\_vendor\rich\ansi.py,
next,E:\football_v\.venv\Lib\site-packages\pip\_vendor\rich\ansi.py,
from_ansi,E:\football_v\.venv\Lib\site-packages\pip\_vendor\rich\ansi.py,
next,E:\football_v\.venv\Lib\site-packages\pip\_vendor\rich\ansi.py,
from_rgb,E:\football_v\.venv\Lib\site-packages\pip\_vendor\rich\ansi.py,
from_ansi,E:\football_v\.venv\Lib\site-packages\pip\_vendor\rich\ansi.py,
next,E:\football_v\.venv\Lib\site-packages\pip\_vendor\rich\ansi.py,
next,E:\football_v\.venv\Lib\site-packages\pip\_vendor\rich\ansi.py,
next,E:\football_v\.venv\Lib\site-packages\pip\_vendor\rich\ansi.py,
next,E:\football_v\.venv\Lib\site-packages\pip\_vendor\rich\ansi.py,
from_rgb,E:\football_v\.venv\Lib\site-packages\pip\_vendor\rich\ansi.py,
next,E:\football_v\.venv\Lib\site-packages\pip\_vendor\rich\ansi.py,
next,E:\football_v\.venv\Lib\site-packages\pip\_vendor\rich\ansi.py,
next,E:\football_v\.venv\Lib\site-packages\pip\_vendor\rich\ansi.py,
max,E:\football_v\.venv\Lib\site-packages\pip\_vendor\rich\bar.py,
min,E:\football_v\.venv\Lib\site-packages\pip\_vendor\rich\bar.py,
Style,E:\football_v\.venv\Lib\site-packages\pip\_vendor\rich\bar.py,
min,E:\football_v\.venv\Lib\site-packages\pip\_vendor\rich\bar.py,
int,E:\football_v\.venv\Lib\site-packages\pip\_vendor\rich\bar.py,
int,E:\football_v\.venv\Lib\site-packages\pip\_vendor\rich\bar.py,
Segment,E:\football_v\.venv\Lib\site-packages\pip\_vendor\rich\bar.py,
Segment,E:\football_v\.venv\Lib\site-packages\pip\_vendor\rich\bar.py,
len,E:\football_v\.venv\Lib\site-packages\pip\_vendor\rich\bar.py,
len,E:\football_v\.venv\Lib\site-packages\pip\_vendor\rich\bar.py,
Measurement,E:\football_v\.venv\Lib\site-packages\pip\_vendor\rich\bar.py,
Measurement,E:\football_v\.venv\Lib\site-packages\pip\_vendor\rich\bar.py,
iter,E:\football_v\.venv\Lib\site-packages\pip\_vendor\rich\box.py,
iter,E:\football_v\.venv\Lib\site-packages\pip\_vendor\rich\box.py,
iter,E:\football_v\.venv\Lib\site-packages\pip\_vendor\rich\box.py,
iter,E:\football_v\.venv\Lib\site-packages\pip\_vendor\rich\box.py,
iter,E:\football_v\.venv\Lib\site-packages\pip\_vendor\rich\box.py,
iter,E:\football_v\.venv\Lib\site-packages\pip\_vendor\rich\box.py,
iter,E:\football_v\.venv\Lib\site-packages\pip\_vendor\rich\box.py,
iter,E:\football_v\.venv\Lib\site-packages\pip\_vendor\rich\box.py,
append,E:\football_v\.venv\Lib\site-packages\pip\_vendor\rich\box.py,
loop_last,E:\football_v\.venv\Lib\site-packages\pip\_vendor\rich\box.py,
append,E:\football_v\.venv\Lib\site-packages\pip\_vendor\rich\box.py,
append,E:\football_v\.venv\Lib\site-packages\pip\_vendor\rich\box.py,
append,E:\football_v\.venv\Lib\site-packages\pip\_vendor\rich\box.py,
loop_last,E:\football_v\.venv\Lib\site-packages\pip\_vendor\rich\box.py,
append,E:\football_v\.venv\Lib\site-packages\pip\_vendor\rich\box.py,
append,E:\football_v\.venv\Lib\site-packages\pip\_vendor\rich\box.py,
append,E:\football_v\.venv\Lib\site-packages\pip\_vendor\rich\box.py,
append,E:\football_v\.venv\Lib\site-packages\pip\_vendor\rich\box.py,
ValueError,E:\football_v\.venv\Lib\site-packages\pip\_vendor\rich\box.py,
append,E:\football_v\.venv\Lib\site-packages\pip\_vendor\rich\box.py,
loop_last,E:\football_v\.venv\Lib\site-packages\pip\_vendor\rich\box.py,
append,E:\football_v\.venv\Lib\site-packages\pip\_vendor\rich\box.py,
append,E:\football_v\.venv\Lib\site-packages\pip\_vendor\rich\box.py,
append,E:\football_v\.venv\Lib\site-packages\pip\_vendor\rich\box.py,
lru_cache,E:\football_v\.venv\Lib\site-packages\pip\_vendor\rich\cells.py,
_is_single_cell_widths,E:\football_v\.venv\Lib\site-packages\pip\_vendor\rich\cells.py,
sum,E:\football_v\.venv\Lib\site-packages\pip\_vendor\rich\cells.py,
len,E:\football_v\.venv\Lib\site-packages\pip\_vendor\rich\cells.py,
map,E:\football_v\.venv\Lib\site-packages\pip\_vendor\rich\cells.py,
_is_single_cell_widths,E:\football_v\.venv\Lib\site-packages\pip\_vendor\rich\cells.py,
sum,E:\football_v\.venv\Lib\site-packages\pip\_vendor\rich\cells.py,
len,E:\football_v\.venv\Lib\site-packages\pip\_vendor\rich\cells.py,
_cell_len,E:\football_v\.venv\Lib\site-packages\pip\_vendor\rich\cells.py,
len,E:\football_v\.venv\Lib\site-packages\pip\_vendor\rich\cells.py,
map,E:\football_v\.venv\Lib\site-packages\pip\_vendor\rich\cells.py,
lru_cache,E:\football_v\.venv\Lib\site-packages\pip\_vendor\rich\cells.py,
ord,E:\football_v\.venv\Lib\site-packages\pip\_vendor\rich\cells.py,
len,E:\football_v\.venv\Lib\site-packages\pip\_vendor\rich\cells.py,
_is_single_cell_widths,E:\football_v\.venv\Lib\site-packages\pip\_vendor\rich\cells.py,
cell_len,E:\football_v\.venv\Lib\site-packages\pip\_vendor\rich\cells.py,
len,E:\football_v\.venv\Lib\site-packages\pip\_vendor\rich\cells.py,
len,E:\football_v\.venv\Lib\site-packages\pip\_vendor\rich\cells.py,
cell_len,E:\football_v\.venv\Lib\site-packages\pip\_vendor\rich\cells.py,
cell_len,E:\football_v\.venv\Lib\site-packages\pip\_vendor\rich\cells.py,
_get_character_cell_size,E:\football_v\.venv\Lib\site-packages\pip\_vendor\rich\cells.py,
append_new_line,E:\football_v\.venv\Lib\site-packages\pip\_vendor\rich\cells.py,
append_to_last_line,E:\football_v\.venv\Lib\site-packages\pip\_vendor\rich\cells.py,
ColorTriplet,E:\football_v\.venv\Lib\site-packages\pip\_vendor\rich\color.py,
len,E:\football_v\.venv\Lib\site-packages\pip\_vendor\rich\color.py,
int,E:\football_v\.venv\Lib\site-packages\pip\_vendor\rich\color.py,
int,E:\football_v\.venv\Lib\site-packages\pip\_vendor\rich\color.py,
int,E:\football_v\.venv\Lib\site-packages\pip\_vendor\rich\color.py,
ColorTriplet,E:\football_v\.venv\Lib\site-packages\pip\_vendor\rich\color.py,
int,E:\football_v\.venv\Lib\site-packages\pip\_vendor\rich\color.py,
int,E:\football_v\.venv\Lib\site-packages\pip\_vendor\rich\color.py,
int,E:\football_v\.venv\Lib\site-packages\pip\_vendor\rich\color.py,
repr,E:\football_v\.venv\Lib\site-packages\pip\_vendor\rich\color.py,
Style,E:\football_v\.venv\Lib\site-packages\pip\_vendor\rich\color.py,
ColorSystem,E:\football_v\.venv\Lib\site-packages\pip\_vendor\rich\color.py,
int,E:\football_v\.venv\Lib\site-packages\pip\_vendor\rich\color.py,
cls,E:\football_v\.venv\Lib\site-packages\pip\_vendor\rich\color.py,
cls,E:\football_v\.venv\Lib\site-packages\pip\_vendor\rich\color.py,
ColorTriplet,E:\football_v\.venv\Lib\site-packages\pip\_vendor\rich\color.py,
int,E:\football_v\.venv\Lib\site-packages\pip\_vendor\rich\color.py,
int,E:\football_v\.venv\Lib\site-packages\pip\_vendor\rich\color.py,
int,E:\football_v\.venv\Lib\site-packages\pip\_vendor\rich\color.py,
cls,E:\football_v\.venv\Lib\site-packages\pip\_vendor\rich\color.py,
lru_cache,E:\football_v\.venv\Lib\site-packages\pip\_vendor\rich\color.py,
cls,E:\football_v\.venv\Lib\site-packages\pip\_vendor\rich\color.py,
cls,E:\football_v\.venv\Lib\site-packages\pip\_vendor\rich\color.py,
ColorParseError,E:\football_v\.venv\Lib\site-packages\pip\_vendor\rich\color.py,
ColorTriplet,E:\football_v\.venv\Lib\site-packages\pip\_vendor\rich\color.py,
cls,E:\football_v\.venv\Lib\site-packages\pip\_vendor\rich\color.py,
int,E:\football_v\.venv\Lib\site-packages\pip\_vendor\rich\color.py,
int,E:\football_v\.venv\Lib\site-packages\pip\_vendor\rich\color.py,
int,E:\football_v\.venv\Lib\site-packages\pip\_vendor\rich\color.py,
int,E:\football_v\.venv\Lib\site-packages\pip\_vendor\rich\color.py,
cls,E:\football_v\.venv\Lib\site-packages\pip\_vendor\rich\color.py,
ColorTriplet,E:\football_v\.venv\Lib\site-packages\pip\_vendor\rich\color.py,
cls,E:\football_v\.venv\Lib\site-packages\pip\_vendor\rich\color.py,
ColorParseError,E:\football_v\.venv\Lib\site-packages\pip\_vendor\rich\color.py,
len,E:\football_v\.venv\Lib\site-packages\pip\_vendor\rich\color.py,
ColorParseError,E:\football_v\.venv\Lib\site-packages\pip\_vendor\rich\color.py,
int,E:\football_v\.venv\Lib\site-packages\pip\_vendor\rich\color.py,
int,E:\football_v\.venv\Lib\site-packages\pip\_vendor\rich\color.py,
int,E:\football_v\.venv\Lib\site-packages\pip\_vendor\rich\color.py,
all,E:\football_v\.venv\Lib\site-packages\pip\_vendor\rich\color.py,
ColorParseError,E:\football_v\.venv\Lib\site-packages\pip\_vendor\rich\color.py,
lru_cache,E:\football_v\.venv\Lib\site-packages\pip\_vendor\rich\color.py,
str,E:\football_v\.venv\Lib\site-packages\pip\_vendor\rich\color.py,
str,E:\football_v\.venv\Lib\site-packages\pip\_vendor\rich\color.py,
str,E:\football_v\.venv\Lib\site-packages\pip\_vendor\rich\color.py,
str,E:\football_v\.venv\Lib\site-packages\pip\_vendor\rich\color.py,
str,E:\football_v\.venv\Lib\site-packages\pip\_vendor\rich\color.py,
str,E:\football_v\.venv\Lib\site-packages\pip\_vendor\rich\color.py,
lru_cache,E:\football_v\.venv\Lib\site-packages\pip\_vendor\rich\color.py,
rgb_to_hls,E:\football_v\.venv\Lib\site-packages\pip\_vendor\rich\color.py,
Color,E:\football_v\.venv\Lib\site-packages\pip\_vendor\rich\color.py,
round,E:\football_v\.venv\Lib\site-packages\pip\_vendor\rich\color.py,
Color,E:\football_v\.venv\Lib\site-packages\pip\_vendor\rich\color.py,
round,E:\football_v\.venv\Lib\site-packages\pip\_vendor\rich\color.py,
Color,E:\football_v\.venv\Lib\site-packages\pip\_vendor\rich\color.py,
ColorTriplet,E:\football_v\.venv\Lib\site-packages\pip\_vendor\rich\color.py,
Color,E:\football_v\.venv\Lib\site-packages\pip\_vendor\rich\color.py,
round,E:\football_v\.venv\Lib\site-packages\pip\_vendor\rich\color.py,
ColorTriplet,E:\football_v\.venv\Lib\site-packages\pip\_vendor\rich\color.py,
round,E:\football_v\.venv\Lib\site-packages\pip\_vendor\rich\color.py,
Color,E:\football_v\.venv\Lib\site-packages\pip\_vendor\rich\color.py,
list,E:\football_v\.venv\Lib\site-packages\pip\_vendor\rich\columns.py,
max,E:\football_v\.venv\Lib\site-packages\pip\_vendor\rich\columns.py,
defaultdict,E:\football_v\.venv\Lib\site-packages\pip\_vendor\rich\columns.py,
len,E:\football_v\.venv\Lib\site-packages\pip\_vendor\rich\columns.py,
itemgetter,E:\football_v\.venv\Lib\site-packages\pip\_vendor\rich\columns.py,
range,E:\football_v\.venv\Lib\site-packages\pip\_vendor\rich\columns.py,
len,E:\football_v\.venv\Lib\site-packages\pip\_vendor\rich\columns.py,
range,E:\football_v\.venv\Lib\site-packages\pip\_vendor\rich\columns.py,
get_renderable,E:\football_v\.venv\Lib\site-packages\pip\_vendor\rich\columns.py,
len,E:\football_v\.venv\Lib\site-packages\pip\_vendor\rich\columns.py,
add_row,E:\football_v\.venv\Lib\site-packages\pip\_vendor\rich\columns.py,
isinstance,E:\football_v\.venv\Lib\site-packages\pip\_vendor\rich\columns.py,
render_str,E:\football_v\.venv\Lib\site-packages\pip\_vendor\rich\columns.py,
get_measurement,E:\football_v\.venv\Lib\site-packages\pip\_vendor\rich\columns.py,
len,E:\football_v\.venv\Lib\site-packages\pip\_vendor\rich\columns.py,
list,E:\football_v\.venv\Lib\site-packages\pip\_vendor\rich\columns.py,
range,E:\football_v\.venv\Lib\site-packages\pip\_vendor\rich\columns.py,
range,E:\football_v\.venv\Lib\site-packages\pip\_vendor\rich\columns.py,
range,E:\football_v\.venv\Lib\site-packages\pip\_vendor\rich\columns.py,
iter_renderables,E:\football_v\.venv\Lib\site-packages\pip\_vendor\rich\columns.py,
iter_renderables,E:\football_v\.venv\Lib\site-packages\pip\_vendor\rich\columns.py,
max,E:\football_v\.venv\Lib\site-packages\pip\_vendor\rich\columns.py,
zip,E:\football_v\.venv\Lib\site-packages\pip\_vendor\rich\columns.py,
zip,E:\football_v\.venv\Lib\site-packages\pip\_vendor\rich\columns.py,
max,E:\football_v\.venv\Lib\site-packages\pip\_vendor\rich\columns.py,
Constrain,E:\football_v\.venv\Lib\site-packages\pip\_vendor\rich\columns.py,
_Align,E:\football_v\.venv\Lib\site-packages\pip\_vendor\rich\columns.py,
range,E:\football_v\.venv\Lib\site-packages\pip\_vendor\rich\columns.py,
sum,E:\football_v\.venv\Lib\site-packages\pip\_vendor\rich\columns.py,
len,E:\football_v\.venv\Lib\site-packages\pip\_vendor\rich\columns.py,
len,E:\football_v\.venv\Lib\site-packages\pip\_vendor\rich\columns.py,
len,E:\football_v\.venv\Lib\site-packages\pip\_vendor\rich\columns.py,
list,E:\football_v\.venv\Lib\site-packages\pip\_vendor\rich\columns.py,
range,E:\football_v\.venv\Lib\site-packages\pip\_vendor\rich\columns.py,
range,E:\football_v\.venv\Lib\site-packages\pip\_vendor\rich\columns.py,
range,E:\football_v\.venv\Lib\site-packages\pip\_vendor\rich\columns.py,
zip,E:\football_v\.venv\Lib\site-packages\pip\_vendor\rich\columns.py,
zip,E:\football_v\.venv\Lib\site-packages\pip\_vendor\rich\columns.py,
range,E:\football_v\.venv\Lib\site-packages\pip\_vendor\rich\columns.py,
wraps,E:\football_v\.venv\Lib\site-packages\pip\_vendor\rich\console.py,
method,E:\football_v\.venv\Lib\site-packages\pip\_vendor\rich\console.py,
Group,E:\football_v\.venv\Lib\site-packages\pip\_vendor\rich\console.py,
get_ipython,E:\football_v\.venv\Lib\site-packages\pip\_vendor\rich\console.py,
str,E:\football_v\.venv\Lib\site-packages\pip\_vendor\rich\console.py,
get_windows_console_features,E:\football_v\.venv\Lib\site-packages\pip\_vendor\rich\console.py,
get_windows_console_features,E:\football_v\.venv\Lib\site-packages\pip\_vendor\rich\console.py,
str,E:\football_v\.venv\Lib\site-packages\pip\_vendor\rich\console.py,
isinstance,E:\football_v\.venv\Lib\site-packages\pip\_vendor\rich\console.py,
max,E:\football_v\.venv\Lib\site-packages\pip\_vendor\rich\console.py,
isinstance,E:\football_v\.venv\Lib\site-packages\pip\_vendor\rich\console.py,
isinstance,E:\football_v\.venv\Lib\site-packages\pip\_vendor\rich\console.py,
isinstance,E:\football_v\.venv\Lib\site-packages\pip\_vendor\rich\console.py,
isinstance,E:\football_v\.venv\Lib\site-packages\pip\_vendor\rich\console.py,
isinstance,E:\football_v\.venv\Lib\site-packages\pip\_vendor\rich\console.py,
isinstance,E:\football_v\.venv\Lib\site-packages\pip\_vendor\rich\console.py,
isinstance,E:\football_v\.venv\Lib\site-packages\pip\_vendor\rich\console.py,
isinstance,E:\football_v\.venv\Lib\site-packages\pip\_vendor\rich\console.py,
max,E:\football_v\.venv\Lib\site-packages\pip\_vendor\rich\console.py,
max,E:\football_v\.venv\Lib\site-packages\pip\_vendor\rich\console.py,
max,E:\football_v\.venv\Lib\site-packages\pip\_vendor\rich\console.py,
Segment,E:\football_v\.venv\Lib\site-packages\pip\_vendor\rich\console.py,
enumerate,E:\football_v\.venv\Lib\site-packages\pip\_vendor\rich\console.py,
move_to,E:\football_v\.venv\Lib\site-packages\pip\_vendor\rich\console.py,
CaptureError,E:\football_v\.venv\Lib\site-packages\pip\_vendor\rich\console.py,
SystemPager,E:\football_v\.venv\Lib\site-packages\pip\_vendor\rich\console.py,
Screen,E:\football_v\.venv\Lib\site-packages\pip\_vendor\rich\console.py,
Group,E:\football_v\.venv\Lib\site-packages\pip\_vendor\rich\console.py,
len,E:\football_v\.venv\Lib\site-packages\pip\_vendor\rich\console.py,
list,E:\football_v\.venv\Lib\site-packages\pip\_vendor\rich\console.py,
measure_renderables,E:\football_v\.venv\Lib\site-packages\pip\_vendor\rich\console.py,
Measurement,E:\football_v\.venv\Lib\site-packages\pip\_vendor\rich\console.py,
wraps,E:\football_v\.venv\Lib\site-packages\pip\_vendor\rich\console.py,
method,E:\football_v\.venv\Lib\site-packages\pip\_vendor\rich\console.py,
Group,E:\football_v\.venv\Lib\site-packages\pip\_vendor\rich\console.py,
ReprHighlighter,E:\football_v\.venv\Lib\site-packages\pip\_vendor\rich\console.py,
LogRender,E:\football_v\.venv\Lib\site-packages\pip\_vendor\rich\console.py,
ConsoleThreadLocals,E:\football_v\.venv\Lib\site-packages\pip\_vendor\rich\console.py,
_is_jupyter,E:\football_v\.venv\Lib\site-packages\pip\_vendor\rich\console.py,
detect_legacy_windows,E:\football_v\.venv\Lib\site-packages\pip\_vendor\rich\console.py,
int,E:\football_v\.venv\Lib\site-packages\pip\_vendor\rich\console.py,
ThemeStack,E:\football_v\.venv\Lib\site-packages\pip\_vendor\rich\console.py,
int,E:\football_v\.venv\Lib\site-packages\pip\_vendor\rich\console.py,
int,E:\football_v\.venv\Lib\site-packages\pip\_vendor\rich\console.py,
int,E:\football_v\.venv\Lib\site-packages\pip\_vendor\rich\console.py,
getattr,E:\football_v\.venv\Lib\site-packages\pip\_vendor\rich\console.py,
get_windows_console_features,E:\football_v\.venv\Lib\site-packages\pip\_vendor\rich\console.py,
ThemeContext,E:\football_v\.venv\Lib\site-packages\pip\_vendor\rich\console.py,
getattr,E:\football_v\.venv\Lib\site-packages\pip\_vendor\rich\console.py,
getattr,E:\football_v\.venv\Lib\site-packages\pip\_vendor\rich\console.py,
hasattr,E:\football_v\.venv\Lib\site-packages\pip\_vendor\rich\console.py,
isatty,E:\football_v\.venv\Lib\site-packages\pip\_vendor\rich\console.py,
ConsoleOptions,E:\football_v\.venv\Lib\site-packages\pip\_vendor\rich\console.py,
ConsoleDimensions,E:\football_v\.venv\Lib\site-packages\pip\_vendor\rich\console.py,
ConsoleDimensions,E:\football_v\.venv\Lib\site-packages\pip\_vendor\rich\console.py,
ConsoleDimensions,E:\football_v\.venv\Lib\site-packages\pip\_vendor\rich\console.py,
int,E:\football_v\.venv\Lib\site-packages\pip\_vendor\rich\console.py,
int,E:\football_v\.venv\Lib\site-packages\pip\_vendor\rich\console.py,
Capture,E:\football_v\.venv\Lib\site-packages\pip\_vendor\rich\console.py,
PagerContext,E:\football_v\.venv\Lib\site-packages\pip\_vendor\rich\console.py,
NewLine,E:\football_v\.venv\Lib\site-packages\pip\_vendor\rich\console.py,
Status,E:\football_v\.venv\Lib\site-packages\pip\_vendor\rich\console.py,
ScreenContext,E:\football_v\.venv\Lib\site-packages\pip\_vendor\rich\console.py,
rich_cast,E:\football_v\.venv\Lib\site-packages\pip\_vendor\rich\console.py,
hasattr,E:\football_v\.venv\Lib\site-packages\pip\_vendor\rich\console.py,
isinstance,E:\football_v\.venv\Lib\site-packages\pip\_vendor\rich\console.py,
iter,E:\football_v\.venv\Lib\site-packages\pip\_vendor\rich\console.py,
isinstance,E:\football_v\.venv\Lib\site-packages\pip\_vendor\rich\console.py,
isclass,E:\football_v\.venv\Lib\site-packages\pip\_vendor\rich\console.py,
list,E:\football_v\.venv\Lib\site-packages\pip\_vendor\rich\console.py,
max,E:\football_v\.venv\Lib\site-packages\pip\_vendor\rich\console.py,
islice,E:\football_v\.venv\Lib\site-packages\pip\_vendor\rich\console.py,
len,E:\football_v\.venv\Lib\site-packages\pip\_vendor\rich\console.py,
Segment,E:\football_v\.venv\Lib\site-packages\pip\_vendor\rich\console.py,
Segment,E:\football_v\.venv\Lib\site-packages\pip\_vendor\rich\console.py,
Segment,E:\football_v\.venv\Lib\site-packages\pip\_vendor\rich\console.py,
render_markup,E:\football_v\.venv\Lib\site-packages\pip\_vendor\rich\console.py,
Text,E:\football_v\.venv\Lib\site-packages\pip\_vendor\rich\console.py,
_highlighter,E:\football_v\.venv\Lib\site-packages\pip\_vendor\rich\console.py,
str,E:\football_v\.venv\Lib\site-packages\pip\_vendor\rich\console.py,
_emoji_replace,E:\football_v\.venv\Lib\site-packages\pip\_vendor\rich\console.py,
isinstance,E:\football_v\.venv\Lib\site-packages\pip\_vendor\rich\console.py,
check_text,E:\football_v\.venv\Lib\site-packages\pip\_vendor\rich\console.py,
rich_cast,E:\football_v\.venv\Lib\site-packages\pip\_vendor\rich\console.py,
isinstance,E:\football_v\.venv\Lib\site-packages\pip\_vendor\rich\console.py,
_append,E:\football_v\.venv\Lib\site-packages\pip\_vendor\rich\console.py,
Text,E:\football_v\.venv\Lib\site-packages\pip\_vendor\rich\console.py,
append,E:\football_v\.venv\Lib\site-packages\pip\_vendor\rich\console.py,
append_text,E:\football_v\.venv\Lib\site-packages\pip\_vendor\rich\console.py,
isinstance,E:\football_v\.venv\Lib\site-packages\pip\_vendor\rich\console.py,
Styled,E:\football_v\.venv\Lib\site-packages\pip\_vendor\rich\console.py,
Align,E:\football_v\.venv\Lib\site-packages\pip\_vendor\rich\console.py,
append_text,E:\football_v\.venv\Lib\site-packages\pip\_vendor\rich\console.py,
isinstance,E:\football_v\.venv\Lib\site-packages\pip\_vendor\rich\console.py,
cast,E:\football_v\.venv\Lib\site-packages\pip\_vendor\rich\console.py,
check_text,E:\football_v\.venv\Lib\site-packages\pip\_vendor\rich\console.py,
append,E:\football_v\.venv\Lib\site-packages\pip\_vendor\rich\console.py,
is_expandable,E:\football_v\.venv\Lib\site-packages\pip\_vendor\rich\console.py,
check_text,E:\football_v\.venv\Lib\site-packages\pip\_vendor\rich\console.py,
append,E:\football_v\.venv\Lib\site-packages\pip\_vendor\rich\console.py,
append_text,E:\football_v\.venv\Lib\site-packages\pip\_vendor\rich\console.py,
Pretty,E:\football_v\.venv\Lib\site-packages\pip\_vendor\rich\console.py,
_highlighter,E:\football_v\.venv\Lib\site-packages\pip\_vendor\rich\console.py,
str,E:\football_v\.venv\Lib\site-packages\pip\_vendor\rich\console.py,
Rule,E:\football_v\.venv\Lib\site-packages\pip\_vendor\rich\console.py,
str,E:\football_v\.venv\Lib\site-packages\pip\_vendor\rich\console.py,
NewLine,E:\football_v\.venv\Lib\site-packages\pip\_vendor\rich\console.py,
extend,E:\football_v\.venv\Lib\site-packages\pip\_vendor\rich\console.py,
extend,E:\football_v\.venv\Lib\site-packages\pip\_vendor\rich\console.py,
len,E:\football_v\.venv\Lib\site-packages\pip\_vendor\rich\console.py,
buffer_extend,E:\football_v\.venv\Lib\site-packages\pip\_vendor\rich\console.py,
min,E:\football_v\.venv\Lib\site-packages\pip\_vendor\rich\console.py,
render,E:\football_v\.venv\Lib\site-packages\pip\_vendor\rich\console.py,
render,E:\football_v\.venv\Lib\site-packages\pip\_vendor\rich\console.py,
JSON,E:\football_v\.venv\Lib\site-packages\pip\_vendor\rich\console.py,
isinstance,E:\football_v\.venv\Lib\site-packages\pip\_vendor\rich\console.py,
TypeError,E:\football_v\.venv\Lib\site-packages\pip\_vendor\rich\console.py,
ScreenUpdate,E:\football_v\.venv\Lib\site-packages\pip\_vendor\rich\console.py,
Traceback,E:\football_v\.venv\Lib\site-packages\pip\_vendor\rich\console.py,
currentframe,E:\football_v\.venv\Lib\site-packages\pip\_vendor\rich\console.py,
NewLine,E:\football_v\.venv\Lib\site-packages\pip\_vendor\rich\console.py,
extend,E:\football_v\.venv\Lib\site-packages\pip\_vendor\rich\console.py,
buffer_extend,E:\football_v\.venv\Lib\site-packages\pip\_vendor\rich\console.py,
Styled,E:\football_v\.venv\Lib\site-packages\pip\_vendor\rich\console.py,
render_scope,E:\football_v\.venv\Lib\site-packages\pip\_vendor\rich\console.py,
render,E:\football_v\.venv\Lib\site-packages\pip\_vendor\rich\console.py,
SystemExit,E:\football_v\.venv\Lib\site-packages\pip\_vendor\rich\console.py,
display,E:\football_v\.venv\Lib\site-packages\pip\_vendor\rich\console.py,
get_fileno,E:\football_v\.venv\Lib\site-packages\pip\_vendor\rich\console.py,
legacy_windows_render,E:\football_v\.venv\Lib\site-packages\pip\_vendor\rich\console.py,
list,E:\football_v\.venv\Lib\site-packages\pip\_vendor\rich\console.py,
LegacyWindowsTerm,E:\football_v\.venv\Lib\site-packages\pip\_vendor\rich\console.py,
len,E:\football_v\.venv\Lib\site-packages\pip\_vendor\rich\console.py,
write,E:\football_v\.venv\Lib\site-packages\pip\_vendor\rich\console.py,
batch_append,E:\football_v\.venv\Lib\site-packages\pip\_vendor\rich\console.py,
len,E:\football_v\.venv\Lib\site-packages\pip\_vendor\rich\console.py,
write,E:\football_v\.venv\Lib\site-packages\pip\_vendor\rich\console.py,
write,E:\football_v\.venv\Lib\site-packages\pip\_vendor\rich\console.py,
len,E:\football_v\.venv\Lib\site-packages\pip\_vendor\rich\console.py,
append,E:\football_v\.venv\Lib\site-packages\pip\_vendor\rich\console.py,
append,E:\football_v\.venv\Lib\site-packages\pip\_vendor\rich\console.py,
getpass,E:\football_v\.venv\Lib\site-packages\pip\_vendor\rich\console.py,
input,E:\football_v\.venv\Lib\site-packages\pip\_vendor\rich\console.py,
open,E:\football_v\.venv\Lib\site-packages\pip\_vendor\rich\console.py,
escape,E:\football_v\.venv\Lib\site-packages\pip\_vendor\rich\console.py,
append,E:\football_v\.venv\Lib\site-packages\pip\_vendor\rich\console.py,
escape,E:\football_v\.venv\Lib\site-packages\pip\_vendor\rich\console.py,
append,E:\football_v\.venv\Lib\site-packages\pip\_vendor\rich\console.py,
stylesheet_append,E:\football_v\.venv\Lib\site-packages\pip\_vendor\rich\console.py,
len,E:\football_v\.venv\Lib\site-packages\pip\_vendor\rich\console.py,
open,E:\football_v\.venv\Lib\site-packages\pip\_vendor\rich\console.py,
enumerate,E:\football_v\.venv\Lib\site-packages\pip\_vendor\rich\console.py,
ceil,E:\football_v\.venv\Lib\site-packages\pip\_vendor\rich\console.py,
make_tag,E:\football_v\.venv\Lib\site-packages\pip\_vendor\rich\console.py,
list,E:\football_v\.venv\Lib\site-packages\pip\_vendor\rich\console.py,
make_tag,E:\football_v\.venv\Lib\site-packages\pip\_vendor\rich\console.py,
blend_rgb,E:\football_v\.venv\Lib\site-packages\pip\_vendor\rich\console.py,
isinstance,E:\football_v\.venv\Lib\site-packages\pip\_vendor\rich\console.py,
str,E:\football_v\.venv\Lib\site-packages\pip\_vendor\rich\console.py,
str,E:\football_v\.venv\Lib\site-packages\pip\_vendor\rich\console.py,
get_svg_style,E:\football_v\.venv\Lib\site-packages\pip\_vendor\rich\console.py,
cell_len,E:\football_v\.venv\Lib\site-packages\pip\_vendor\rich\console.py,
cell_len,E:\football_v\.venv\Lib\site-packages\pip\_vendor\rich\console.py,
range,E:\football_v\.venv\Lib\site-packages\pip\_vendor\rich\console.py,
escape_text,E:\football_v\.venv\Lib\site-packages\pip\_vendor\rich\console.py,
escape,E:\football_v\.venv\Lib\site-packages\pip\_vendor\rich\console.py,
format,E:\football_v\.venv\Lib\site-packages\pip\_vendor\rich\console.py,
Style,E:\football_v\.venv\Lib\site-packages\pip\_vendor\rich\console.py,
enumerate,E:\football_v\.venv\Lib\site-packages\pip\_vendor\rich\console.py,
make_tag,E:\football_v\.venv\Lib\site-packages\pip\_vendor\rich\console.py,
len,E:\football_v\.venv\Lib\site-packages\pip\_vendor\rich\console.py,
make_tag,E:\football_v\.venv\Lib\site-packages\pip\_vendor\rich\console.py,
make_tag,E:\football_v\.venv\Lib\site-packages\pip\_vendor\rich\console.py,
stringify,E:\football_v\.venv\Lib\site-packages\pip\_vendor\rich\console.py,
escape_text,E:\football_v\.venv\Lib\site-packages\pip\_vendor\rich\console.py,
len,E:\football_v\.venv\Lib\site-packages\pip\_vendor\rich\console.py,
repr,E:\football_v\.venv\Lib\site-packages\pip\_vendor\rich\console.py,
open,E:\football_v\.venv\Lib\site-packages\pip\_vendor\rich\console.py,
wraps,E:\football_v\.venv\Lib\site-packages\pip\_vendor\rich\console.py,
method,E:\football_v\.venv\Lib\site-packages\pip\_vendor\rich\console.py,
Group,E:\football_v\.venv\Lib\site-packages\pip\_vendor\rich\console.py,
Text,E:\football_v\.venv\Lib\site-packages\pip\_vendor\rich\console.py,
append,E:\football_v\.venv\Lib\site-packages\pip\_vendor\rich\console.py,
blend_rgb,E:\football_v\.venv\Lib\site-packages\pip\_vendor\rich\console.py,
escape,E:\football_v\.venv\Lib\site-packages\pip\_vendor\rich\console.py,
isinstance,E:\football_v\.venv\Lib\site-packages\pip\_vendor\rich\console.py,
str,E:\football_v\.venv\Lib\site-packages\pip\_vendor\rich\console.py,
format,E:\football_v\.venv\Lib\site-packages\pip\_vendor\rich\console.py,
stringify,E:\football_v\.venv\Lib\site-packages\pip\_vendor\rich\console.py,
_append,E:\football_v\.venv\Lib\site-packages\pip\_vendor\rich\console.py,
Align,E:\football_v\.venv\Lib\site-packages\pip\_vendor\rich\console.py,
cast,E:\football_v\.venv\Lib\site-packages\pip\_vendor\rich\console.py,
isinstance,E:\football_v\.venv\Lib\site-packages\pip\_vendor\rich\console.py,
str,E:\football_v\.venv\Lib\site-packages\pip\_vendor\rich\console.py,
format,E:\football_v\.venv\Lib\site-packages\pip\_vendor\rich\console.py,
min,E:\football_v\.venv\Lib\site-packages\pip\_vendor\rich\constrain.py,
list,E:\football_v\.venv\Lib\site-packages\pip\_vendor\rich\containers.py,
max,E:\football_v\.venv\Lib\site-packages\pip\_vendor\rich\containers.py,
max,E:\football_v\.venv\Lib\site-packages\pip\_vendor\rich\containers.py,
Measurement,E:\football_v\.venv\Lib\site-packages\pip\_vendor\rich\containers.py,
Measurement,E:\football_v\.venv\Lib\site-packages\pip\_vendor\rich\containers.py,
iter,E:\football_v\.venv\Lib\site-packages\pip\_vendor\rich\containers.py,
list,E:\football_v\.venv\Lib\site-packages\pip\_vendor\rich\containers.py,
iter,E:\football_v\.venv\Lib\site-packages\pip\_vendor\rich\containers.py,
enumerate,E:\football_v\.venv\Lib\site-packages\pip\_vendor\rich\containers.py,
cell_len,E:\football_v\.venv\Lib\site-packages\pip\_vendor\rich\containers.py,
sum,E:\football_v\.venv\Lib\site-packages\pip\_vendor\rich\containers.py,
enumerate,E:\football_v\.venv\Lib\site-packages\pip\_vendor\rich\containers.py,
cell_len,E:\football_v\.venv\Lib\site-packages\pip\_vendor\rich\containers.py,
cell_len,E:\football_v\.venv\Lib\site-packages\pip\_vendor\rich\containers.py,
len,E:\football_v\.venv\Lib\site-packages\pip\_vendor\rich\containers.py,
zip_longest,E:\football_v\.venv\Lib\site-packages\pip\_vendor\rich\containers.py,
len,E:\football_v\.venv\Lib\site-packages\pip\_vendor\rich\containers.py,
cell_len,E:\football_v\.venv\Lib\site-packages\pip\_vendor\rich\containers.py,
range,E:\football_v\.venv\Lib\site-packages\pip\_vendor\rich\containers.py,
len,E:\football_v\.venv\Lib\site-packages\pip\_vendor\rich\containers.py,
Text,E:\football_v\.venv\Lib\site-packages\pip\_vendor\rich\containers.py,
len,E:\football_v\.venv\Lib\site-packages\pip\_vendor\rich\containers.py,
Text,E:\football_v\.venv\Lib\site-packages\pip\_vendor\rich\containers.py,
len,E:\football_v\.venv\Lib\site-packages\pip\_vendor\rich\containers.py,
Segment,E:\football_v\.venv\Lib\site-packages\pip\_vendor\rich\control.py,
isinstance,E:\football_v\.venv\Lib\site-packages\pip\_vendor\rich\control.py,
cls,E:\football_v\.venv\Lib\site-packages\pip\_vendor\rich\control.py,
cls,E:\football_v\.venv\Lib\site-packages\pip\_vendor\rich\control.py,
cls,E:\football_v\.venv\Lib\site-packages\pip\_vendor\rich\control.py,
get_codes,E:\football_v\.venv\Lib\site-packages\pip\_vendor\rich\control.py,
abs,E:\football_v\.venv\Lib\site-packages\pip\_vendor\rich\control.py,
abs,E:\football_v\.venv\Lib\site-packages\pip\_vendor\rich\control.py,
cls,E:\football_v\.venv\Lib\site-packages\pip\_vendor\rich\control.py,
cls,E:\football_v\.venv\Lib\site-packages\pip\_vendor\rich\control.py,
abs,E:\football_v\.venv\Lib\site-packages\pip\_vendor\rich\control.py,
cls,E:\football_v\.venv\Lib\site-packages\pip\_vendor\rich\control.py,
cls,E:\football_v\.venv\Lib\site-packages\pip\_vendor\rich\control.py,
cls,E:\football_v\.venv\Lib\site-packages\pip\_vendor\rich\control.py,
cls,E:\football_v\.venv\Lib\site-packages\pip\_vendor\rich\control.py,
cls,E:\football_v\.venv\Lib\site-packages\pip\_vendor\rich\control.py,
cls,E:\football_v\.venv\Lib\site-packages\pip\_vendor\rich\control.py,
abs,E:\football_v\.venv\Lib\site-packages\pip\_vendor\rich\control.py,
abs,E:\football_v\.venv\Lib\site-packages\pip\_vendor\rich\control.py,
Console,E:\football_v\.venv\Lib\site-packages\pip\_vendor\rich\diagnose.py,
inspect,E:\football_v\.venv\Lib\site-packages\pip\_vendor\rich\diagnose.py,
get_windows_console_features,E:\football_v\.venv\Lib\site-packages\pip\_vendor\rich\diagnose.py,
inspect,E:\football_v\.venv\Lib\site-packages\pip\_vendor\rich\diagnose.py,
Pretty,E:\football_v\.venv\Lib\site-packages\pip\_vendor\rich\diagnose.py,
NoEmoji,E:\football_v\.venv\Lib\site-packages\pip\_vendor\rich\emoji.py,
_emoji_replace,E:\football_v\.venv\Lib\site-packages\pip\_vendor\rich\emoji.py,
Segment,E:\football_v\.venv\Lib\site-packages\pip\_vendor\rich\emoji.py,
enumerate,E:\football_v\.venv\Lib\site-packages\pip\_vendor\rich\filesize.py,
enumerate,E:\football_v\.venv\Lib\site-packages\pip\_vendor\rich\filesize.py,
_to_str,E:\football_v\.venv\Lib\site-packages\pip\_vendor\rich\filesize.py,
AnsiDecoder,E:\football_v\.venv\Lib\site-packages\pip\_vendor\rich\file_proxy.py,
getattr,E:\football_v\.venv\Lib\site-packages\pip\_vendor\rich\file_proxy.py,
len,E:\football_v\.venv\Lib\site-packages\pip\_vendor\rich\file_proxy.py,
isinstance,E:\football_v\.venv\Lib\site-packages\pip\_vendor\rich\file_proxy.py,
TypeError,E:\football_v\.venv\Lib\site-packages\pip\_vendor\rich\file_proxy.py,
Text,E:\football_v\.venv\Lib\site-packages\pip\_vendor\rich\file_proxy.py,
type,E:\football_v\.venv\Lib\site-packages\pip\_vendor\rich\file_proxy.py,
isinstance,E:\football_v\.venv\Lib\site-packages\pip\_vendor\rich\highlighter.py,
Text,E:\football_v\.venv\Lib\site-packages\pip\_vendor\rich\highlighter.py,
isinstance,E:\football_v\.venv\Lib\site-packages\pip\_vendor\rich\highlighter.py,
TypeError,E:\football_v\.venv\Lib\site-packages\pip\_vendor\rich\highlighter.py,
highlight_regex,E:\football_v\.venv\Lib\site-packages\pip\_vendor\rich\highlighter.py,
super,E:\football_v\.venv\Lib\site-packages\pip\_vendor\rich\highlighter.py,
len,E:\football_v\.venv\Lib\site-packages\pip\_vendor\rich\highlighter.py,
append,E:\football_v\.venv\Lib\site-packages\pip\_vendor\rich\highlighter.py,
Span,E:\football_v\.venv\Lib\site-packages\pip\_vendor\rich\highlighter.py,
loads,E:\football_v\.venv\Lib\site-packages\pip\_vendor\rich\json.py,
dumps,E:\football_v\.venv\Lib\site-packages\pip\_vendor\rich\json.py,
highlighter,E:\football_v\.venv\Lib\site-packages\pip\_vendor\rich\json.py,
JSONHighlighter,E:\football_v\.venv\Lib\site-packages\pip\_vendor\rich\json.py,
NullHighlighter,E:\football_v\.venv\Lib\site-packages\pip\_vendor\rich\json.py,
dumps,E:\football_v\.venv\Lib\site-packages\pip\_vendor\rich\json.py,
highlighter,E:\football_v\.venv\Lib\site-packages\pip\_vendor\rich\json.py,
JSONHighlighter,E:\football_v\.venv\Lib\site-packages\pip\_vendor\rich\json.py,
NullHighlighter,E:\football_v\.venv\Lib\site-packages\pip\_vendor\rich\json.py,
escape,E:\football_v\.venv\Lib\site-packages\pip\_vendor\rich\jupyter.py,
append_fragment,E:\football_v\.venv\Lib\site-packages\pip\_vendor\rich\jupyter.py,
_render_segments,E:\football_v\.venv\Lib\site-packages\pip\_vendor\rich\jupyter.py,
JupyterRenderable,E:\football_v\.venv\Lib\site-packages\pip\_vendor\rich\jupyter.py,
ipython_display,E:\football_v\.venv\Lib\site-packages\pip\_vendor\rich\jupyter.py,
get_console,E:\football_v\.venv\Lib\site-packages\pip\_vendor\rich\jupyter.py,
get_console,E:\football_v\.venv\Lib\site-packages\pip\_vendor\rich\jupyter.py,
list,E:\football_v\.venv\Lib\site-packages\pip\_vendor\rich\jupyter.py,
_render_segments,E:\football_v\.venv\Lib\site-packages\pip\_vendor\rich\jupyter.py,
Panel,E:\football_v\.venv\Lib\site-packages\pip\_vendor\rich\layout.py,
Pretty,E:\football_v\.venv\Lib\site-packages\pip\_vendor\rich\layout.py,
ratio_resolve,E:\football_v\.venv\Lib\site-packages\pip\_vendor\rich\layout.py,
zip,E:\football_v\.venv\Lib\site-packages\pip\_vendor\rich\layout.py,
_Region,E:\football_v\.venv\Lib\site-packages\pip\_vendor\rich\layout.py,
ratio_resolve,E:\football_v\.venv\Lib\site-packages\pip\_vendor\rich\layout.py,
zip,E:\football_v\.venv\Lib\site-packages\pip\_vendor\rich\layout.py,
_Region,E:\football_v\.venv\Lib\site-packages\pip\_vendor\rich\layout.py,
RLock,E:\football_v\.venv\Lib\site-packages\pip\_vendor\rich\layout.py,
_Placeholder,E:\football_v\.venv\Lib\site-packages\pip\_vendor\rich\layout.py,
KeyError,E:\football_v\.venv\Lib\site-packages\pip\_vendor\rich\layout.py,
Tree,E:\football_v\.venv\Lib\site-packages\pip\_vendor\rich\layout.py,
recurse,E:\football_v\.venv\Lib\site-packages\pip\_vendor\rich\layout.py,
summary,E:\football_v\.venv\Lib\site-packages\pip\_vendor\rich\layout.py,
Pretty,E:\football_v\.venv\Lib\site-packages\pip\_vendor\rich\layout.py,
Styled,E:\football_v\.venv\Lib\site-packages\pip\_vendor\rich\layout.py,
recurse,E:\football_v\.venv\Lib\site-packages\pip\_vendor\rich\layout.py,
Pretty,E:\football_v\.venv\Lib\site-packages\pip\_vendor\rich\layout.py,
summary,E:\football_v\.venv\Lib\site-packages\pip\_vendor\rich\layout.py,
isinstance,E:\football_v\.venv\Lib\site-packages\pip\_vendor\rich\layout.py,
Layout,E:\football_v\.venv\Lib\site-packages\pip\_vendor\rich\layout.py,
isinstance,E:\football_v\.venv\Lib\site-packages\pip\_vendor\rich\layout.py,
NoSplitter,E:\football_v\.venv\Lib\site-packages\pip\_vendor\rich\layout.py,
isinstance,E:\football_v\.venv\Lib\site-packages\pip\_vendor\rich\layout.py,
Layout,E:\football_v\.venv\Lib\site-packages\pip\_vendor\rich\layout.py,
LayoutRender,E:\football_v\.venv\Lib\site-packages\pip\_vendor\rich\layout.py,
append_layout_region,E:\football_v\.venv\Lib\site-packages\pip\_vendor\rich\layout.py,
Region,E:\football_v\.venv\Lib\site-packages\pip\_vendor\rich\layout.py,
pop,E:\football_v\.venv\Lib\site-packages\pip\_vendor\rich\layout.py,
sorted,E:\football_v\.venv\Lib\site-packages\pip\_vendor\rich\layout.py,
push,E:\football_v\.venv\Lib\site-packages\pip\_vendor\rich\layout.py,
itemgetter,E:\football_v\.venv\Lib\site-packages\pip\_vendor\rich\layout.py,
render_lines,E:\football_v\.venv\Lib\site-packages\pip\_vendor\rich\layout.py,
LayoutRender,E:\football_v\.venv\Lib\site-packages\pip\_vendor\rich\layout.py,
update_dimensions,E:\football_v\.venv\Lib\site-packages\pip\_vendor\rich\layout.py,
zip,E:\football_v\.venv\Lib\site-packages\pip\_vendor\rich\layout.py,
range,E:\football_v\.venv\Lib\site-packages\pip\_vendor\rich\layout.py,
_islice,E:\football_v\.venv\Lib\site-packages\pip\_vendor\rich\layout.py,
Pretty,E:\football_v\.venv\Lib\site-packages\pip\_vendor\rich\layout.py,
Styled,E:\football_v\.venv\Lib\site-packages\pip\_vendor\rich\layout.py,
Pretty,E:\football_v\.venv\Lib\site-packages\pip\_vendor\rich\layout.py,
recurse,E:\football_v\.venv\Lib\site-packages\pip\_vendor\rich\layout.py,
summary,E:\football_v\.venv\Lib\site-packages\pip\_vendor\rich\layout.py,
Event,E:\football_v\.venv\Lib\site-packages\pip\_vendor\rich\live.py,
super,E:\football_v\.venv\Lib\site-packages\pip\_vendor\rich\live.py,
RLock,E:\football_v\.venv\Lib\site-packages\pip\_vendor\rich\live.py,
LiveRender,E:\football_v\.venv\Lib\site-packages\pip\_vendor\rich\live.py,
get_console,E:\football_v\.venv\Lib\site-packages\pip\_vendor\rich\live.py,
_RefreshThread,E:\football_v\.venv\Lib\site-packages\pip\_vendor\rich\live.py,
cast,E:\football_v\.venv\Lib\site-packages\pip\_vendor\rich\live.py,
cast,E:\football_v\.venv\Lib\site-packages\pip\_vendor\rich\live.py,
isinstance,E:\football_v\.venv\Lib\site-packages\pip\_vendor\rich\live.py,
FileProxy,E:\football_v\.venv\Lib\site-packages\pip\_vendor\rich\live.py,
isinstance,E:\football_v\.venv\Lib\site-packages\pip\_vendor\rich\live.py,
FileProxy,E:\football_v\.venv\Lib\site-packages\pip\_vendor\rich\live.py,
cast,E:\football_v\.venv\Lib\site-packages\pip\_vendor\rich\live.py,
cast,E:\football_v\.venv\Lib\site-packages\pip\_vendor\rich\live.py,
Screen,E:\football_v\.venv\Lib\site-packages\pip\_vendor\rich\live.py,
isinstance,E:\football_v\.venv\Lib\site-packages\pip\_vendor\rich\live.py,
Output,E:\football_v\.venv\Lib\site-packages\pip\_vendor\rich\live.py,
display,E:\football_v\.venv\Lib\site-packages\pip\_vendor\rich\live.py,
Control,E:\football_v\.venv\Lib\site-packages\pip\_vendor\rich\live.py,
Control,E:\football_v\.venv\Lib\site-packages\pip\_vendor\rich\live.py,
Control,E:\football_v\.venv\Lib\site-packages\pip\_vendor\rich\live_render.py,
Control,E:\football_v\.venv\Lib\site-packages\pip\_vendor\rich\live_render.py,
Control,E:\football_v\.venv\Lib\site-packages\pip\_vendor\rich\live_render.py,
Control,E:\football_v\.venv\Lib\site-packages\pip\_vendor\rich\live_render.py,
loop_last,E:\football_v\.venv\Lib\site-packages\pip\_vendor\rich\live_render.py,
Text,E:\football_v\.venv\Lib\site-packages\pip\_vendor\rich\live_render.py,
list,E:\football_v\.venv\Lib\site-packages\pip\_vendor\rich\live_render.py,
LogRender,E:\football_v\.venv\Lib\site-packages\pip\_vendor\rich\logging.py,
get_console,E:\football_v\.venv\Lib\site-packages\pip\_vendor\rich\logging.py,
super,E:\football_v\.venv\Lib\site-packages\pip\_vendor\rich\logging.py,
isinstance,E:\football_v\.venv\Lib\site-packages\pip\_vendor\rich\logging.py,
hasattr,E:\football_v\.venv\Lib\site-packages\pip\_vendor\rich\logging.py,
getattr,E:\football_v\.venv\Lib\site-packages\pip\_vendor\rich\logging.py,
getattr,E:\football_v\.venv\Lib\site-packages\pip\_vendor\rich\logging.py,
Text,E:\football_v\.venv\Lib\site-packages\pip\_vendor\rich\logging.py,
highlighter,E:\football_v\.venv\Lib\site-packages\pip\_vendor\rich\logging.py,
Path,E:\football_v\.venv\Lib\site-packages\pip\_vendor\rich\logging.py,
_escape,E:\football_v\.venv\Lib\site-packages\pip\_vendor\rich\markup.py,
len,E:\football_v\.venv\Lib\site-packages\pip\_vendor\rich\markup.py,
_divmod,E:\football_v\.venv\Lib\site-packages\pip\_vendor\rich\markup.py,
len,E:\football_v\.venv\Lib\site-packages\pip\_vendor\rich\markup.py,
_Tag,E:\football_v\.venv\Lib\site-packages\pip\_vendor\rich\markup.py,
len,E:\football_v\.venv\Lib\site-packages\pip\_vendor\rich\markup.py,
Text,E:\football_v\.venv\Lib\site-packages\pip\_vendor\rich\markup.py,
_parse,E:\football_v\.venv\Lib\site-packages\pip\_vendor\rich\markup.py,
len,E:\football_v\.venv\Lib\site-packages\pip\_vendor\rich\markup.py,
sorted,E:\football_v\.venv\Lib\site-packages\pip\_vendor\rich\markup.py,
Text,E:\football_v\.venv\Lib\site-packages\pip\_vendor\rich\markup.py,
enumerate,E:\football_v\.venv\Lib\site-packages\pip\_vendor\rich\markup.py,
KeyError,E:\football_v\.venv\Lib\site-packages\pip\_vendor\rich\markup.py,
str,E:\football_v\.venv\Lib\site-packages\pip\_vendor\rich\markup.py,
reversed,E:\football_v\.venv\Lib\site-packages\pip\_vendor\rich\markup.py,
append,E:\football_v\.venv\Lib\site-packages\pip\_vendor\rich\markup.py,
append_span,E:\football_v\.venv\Lib\site-packages\pip\_vendor\rich\markup.py,
attrgetter,E:\football_v\.venv\Lib\site-packages\pip\_vendor\rich\markup.py,
emoji_replace,E:\football_v\.venv\Lib\site-packages\pip\_vendor\rich\markup.py,
pop,E:\football_v\.venv\Lib\site-packages\pip\_vendor\rich\markup.py,
_Span,E:\football_v\.venv\Lib\site-packages\pip\_vendor\rich\markup.py,
emoji_replace,E:\football_v\.venv\Lib\site-packages\pip\_vendor\rich\markup.py,
_Tag,E:\football_v\.venv\Lib\site-packages\pip\_vendor\rich\markup.py,
normalize,E:\football_v\.venv\Lib\site-packages\pip\_vendor\rich\markup.py,
append_span,E:\football_v\.venv\Lib\site-packages\pip\_vendor\rich\markup.py,
append_span,E:\football_v\.venv\Lib\site-packages\pip\_vendor\rich\markup.py,
normalize,E:\football_v\.venv\Lib\site-packages\pip\_vendor\rich\markup.py,
pop_style,E:\football_v\.venv\Lib\site-packages\pip\_vendor\rich\markup.py,
pop,E:\football_v\.venv\Lib\site-packages\pip\_vendor\rich\markup.py,
_Span,E:\football_v\.venv\Lib\site-packages\pip\_vendor\rich\markup.py,
_Span,E:\football_v\.venv\Lib\site-packages\pip\_vendor\rich\markup.py,
len,E:\football_v\.venv\Lib\site-packages\pip\_vendor\rich\markup.py,
MarkupError,E:\football_v\.venv\Lib\site-packages\pip\_vendor\rich\markup.py,
MarkupError,E:\football_v\.venv\Lib\site-packages\pip\_vendor\rich\markup.py,
literal_eval,E:\football_v\.venv\Lib\site-packages\pip\_vendor\rich\markup.py,
len,E:\football_v\.venv\Lib\site-packages\pip\_vendor\rich\markup.py,
Style,E:\football_v\.venv\Lib\site-packages\pip\_vendor\rich\markup.py,
len,E:\football_v\.venv\Lib\site-packages\pip\_vendor\rich\markup.py,
str,E:\football_v\.venv\Lib\site-packages\pip\_vendor\rich\markup.py,
MarkupError,E:\football_v\.venv\Lib\site-packages\pip\_vendor\rich\markup.py,
MarkupError,E:\football_v\.venv\Lib\site-packages\pip\_vendor\rich\markup.py,
isinstance,E:\football_v\.venv\Lib\site-packages\pip\_vendor\rich\markup.py,
enumerate,E:\football_v\.venv\Lib\site-packages\pip\_vendor\rich\markup.py,
KeyError,E:\football_v\.venv\Lib\site-packages\pip\_vendor\rich\markup.py,
reversed,E:\football_v\.venv\Lib\site-packages\pip\_vendor\rich\markup.py,
pop,E:\football_v\.venv\Lib\site-packages\pip\_vendor\rich\markup.py,
Measurement,E:\football_v\.venv\Lib\site-packages\pip\_vendor\rich\measure.py,
Measurement,E:\football_v\.venv\Lib\site-packages\pip\_vendor\rich\measure.py,
get_measurement,E:\football_v\.venv\Lib\site-packages\pip\_vendor\rich\measure.py,
max,E:\football_v\.venv\Lib\site-packages\pip\_vendor\rich\measure.py,
max,E:\football_v\.venv\Lib\site-packages\pip\_vendor\rich\measure.py,
itemgetter,E:\football_v\.venv\Lib\site-packages\pip\_vendor\rich\measure.py,
itemgetter,E:\football_v\.venv\Lib\site-packages\pip\_vendor\rich\measure.py,
min,E:\football_v\.venv\Lib\site-packages\pip\_vendor\rich\measure.py,
Measurement,E:\football_v\.venv\Lib\site-packages\pip\_vendor\rich\measure.py,
max,E:\football_v\.venv\Lib\site-packages\pip\_vendor\rich\measure.py,
max,E:\football_v\.venv\Lib\site-packages\pip\_vendor\rich\measure.py,
max,E:\football_v\.venv\Lib\site-packages\pip\_vendor\rich\measure.py,
max,E:\football_v\.venv\Lib\site-packages\pip\_vendor\rich\measure.py,
Measurement,E:\football_v\.venv\Lib\site-packages\pip\_vendor\rich\measure.py,
min,E:\football_v\.venv\Lib\site-packages\pip\_vendor\rich\measure.py,
min,E:\football_v\.venv\Lib\site-packages\pip\_vendor\rich\measure.py,
max,E:\football_v\.venv\Lib\site-packages\pip\_vendor\rich\measure.py,
Measurement,E:\football_v\.venv\Lib\site-packages\pip\_vendor\rich\measure.py,
max,E:\football_v\.venv\Lib\site-packages\pip\_vendor\rich\measure.py,
max,E:\football_v\.venv\Lib\site-packages\pip\_vendor\rich\measure.py,
isinstance,E:\football_v\.venv\Lib\site-packages\pip\_vendor\rich\measure.py,
rich_cast,E:\football_v\.venv\Lib\site-packages\pip\_vendor\rich\measure.py,
is_renderable,E:\football_v\.venv\Lib\site-packages\pip\_vendor\rich\measure.py,
Measurement,E:\football_v\.venv\Lib\site-packages\pip\_vendor\rich\measure.py,
getattr,E:\football_v\.venv\Lib\site-packages\pip\_vendor\rich\measure.py,
Measurement,E:\football_v\.venv\Lib\site-packages\pip\_vendor\rich\measure.py,
Measurement,E:\football_v\.venv\Lib\site-packages\pip\_vendor\rich\measure.py,
get_console_width,E:\football_v\.venv\Lib\site-packages\pip\_vendor\rich\measure.py,
Padding,E:\football_v\.venv\Lib\site-packages\pip\_vendor\rich\padding.py,
isinstance,E:\football_v\.venv\Lib\site-packages\pip\_vendor\rich\padding.py,
ValueError,E:\football_v\.venv\Lib\site-packages\pip\_vendor\rich\padding.py,
len,E:\football_v\.venv\Lib\site-packages\pip\_vendor\rich\padding.py,
len,E:\football_v\.venv\Lib\site-packages\pip\_vendor\rich\padding.py,
len,E:\football_v\.venv\Lib\site-packages\pip\_vendor\rich\padding.py,
len,E:\football_v\.venv\Lib\site-packages\pip\_vendor\rich\padding.py,
min,E:\football_v\.venv\Lib\site-packages\pip\_vendor\rich\padding.py,
_Segment,E:\football_v\.venv\Lib\site-packages\pip\_vendor\rich\padding.py,
_Segment,E:\football_v\.venv\Lib\site-packages\pip\_vendor\rich\padding.py,
_Segment,E:\football_v\.venv\Lib\site-packages\pip\_vendor\rich\padding.py,
_Segment,E:\football_v\.venv\Lib\site-packages\pip\_vendor\rich\padding.py,
Measurement,E:\football_v\.venv\Lib\site-packages\pip\_vendor\rich\padding.py,
Measurement,E:\football_v\.venv\Lib\site-packages\pip\_vendor\rich\padding.py,
__import__,E:\football_v\.venv\Lib\site-packages\pip\_vendor\rich\pager.py,
ColorTriplet,E:\football_v\.venv\Lib\site-packages\pip\_vendor\rich\palette.py,
Table,E:\football_v\.venv\Lib\site-packages\pip\_vendor\rich\palette.py,
enumerate,E:\football_v\.venv\Lib\site-packages\pip\_vendor\rich\palette.py,
str,E:\football_v\.venv\Lib\site-packages\pip\_vendor\rich\palette.py,
repr,E:\football_v\.venv\Lib\site-packages\pip\_vendor\rich\palette.py,
Text,E:\football_v\.venv\Lib\site-packages\pip\_vendor\rich\palette.py,
len,E:\football_v\.venv\Lib\site-packages\pip\_vendor\rich\palette.py,
Style,E:\football_v\.venv\Lib\site-packages\pip\_vendor\rich\palette.py,
lru_cache,E:\football_v\.venv\Lib\site-packages\pip\_vendor\rich\palette.py,
min,E:\football_v\.venv\Lib\site-packages\pip\_vendor\rich\palette.py,
get_color,E:\football_v\.venv\Lib\site-packages\pip\_vendor\rich\palette.py,
_sqrt,E:\football_v\.venv\Lib\site-packages\pip\_vendor\rich\palette.py,
range,E:\football_v\.venv\Lib\site-packages\pip\_vendor\rich\palette.py,
len,E:\football_v\.venv\Lib\site-packages\pip\_vendor\rich\palette.py,
get_color,E:\football_v\.venv\Lib\site-packages\pip\_vendor\rich\palette.py,
_sqrt,E:\football_v\.venv\Lib\site-packages\pip\_vendor\rich\palette.py,
range,E:\football_v\.venv\Lib\site-packages\pip\_vendor\rich\palette.py,
range,E:\football_v\.venv\Lib\site-packages\pip\_vendor\rich\palette.py,
Segment,E:\football_v\.venv\Lib\site-packages\pip\_vendor\rich\palette.py,
Style,E:\football_v\.venv\Lib\site-packages\pip\_vendor\rich\palette.py,
cls,E:\football_v\.venv\Lib\site-packages\pip\_vendor\rich\panel.py,
isinstance,E:\football_v\.venv\Lib\site-packages\pip\_vendor\rich\panel.py,
isinstance,E:\football_v\.venv\Lib\site-packages\pip\_vendor\rich\panel.py,
Segment,E:\football_v\.venv\Lib\site-packages\pip\_vendor\rich\panel.py,
Segment,E:\football_v\.venv\Lib\site-packages\pip\_vendor\rich\panel.py,
any,E:\football_v\.venv\Lib\site-packages\pip\_vendor\rich\panel.py,
Padding,E:\football_v\.venv\Lib\site-packages\pip\_vendor\rich\panel.py,
min,E:\football_v\.venv\Lib\site-packages\pip\_vendor\rich\panel.py,
min,E:\football_v\.venv\Lib\site-packages\pip\_vendor\rich\panel.py,
align_text,E:\football_v\.venv\Lib\site-packages\pip\_vendor\rich\panel.py,
align_text,E:\football_v\.venv\Lib\site-packages\pip\_vendor\rich\panel.py,
cell_len,E:\football_v\.venv\Lib\site-packages\pip\_vendor\rich\panel.py,
max,E:\football_v\.venv\Lib\site-packages\pip\_vendor\rich\panel.py,
Segment,E:\football_v\.venv\Lib\site-packages\pip\_vendor\rich\panel.py,
Segment,E:\football_v\.venv\Lib\site-packages\pip\_vendor\rich\panel.py,
Segment,E:\football_v\.venv\Lib\site-packages\pip\_vendor\rich\panel.py,
Segment,E:\football_v\.venv\Lib\site-packages\pip\_vendor\rich\panel.py,
Segment,E:\football_v\.venv\Lib\site-packages\pip\_vendor\rich\panel.py,
Segment,E:\football_v\.venv\Lib\site-packages\pip\_vendor\rich\panel.py,
Measurement,E:\football_v\.venv\Lib\site-packages\pip\_vendor\rich\panel.py,
measure_renderables,E:\football_v\.venv\Lib\site-packages\pip\_vendor\rich\panel.py,
cell_len,E:\football_v\.venv\Lib\site-packages\pip\_vendor\rich\panel.py,
type,E:\football_v\.venv\Lib\site-packages\pip\_vendor\rich\pretty.py,
type,E:\football_v\.venv\Lib\site-packages\pip\_vendor\rich\pretty.py,
_safe_isinstance,E:\football_v\.venv\Lib\site-packages\pip\_vendor\rich\pretty.py,
get_console,E:\football_v\.venv\Lib\site-packages\pip\_vendor\rich\pretty.py,
_safe_isinstance,E:\football_v\.venv\Lib\site-packages\pip\_vendor\rich\pretty.py,
_safe_isinstance,E:\football_v\.venv\Lib\site-packages\pip\_vendor\rich\pretty.py,
Pretty,E:\football_v\.venv\Lib\site-packages\pip\_vendor\rich\pretty.py,
isinstance,E:\football_v\.venv\Lib\site-packages\pip\_vendor\rich\pretty.py,
get_console,E:\football_v\.venv\Lib\site-packages\pip\_vendor\rich\pretty.py,
get_ipython,E:\football_v\.venv\Lib\site-packages\pip\_vendor\rich\pretty.py,
RichFormatter,E:\football_v\.venv\Lib\site-packages\pip\_vendor\rich\pretty.py,
_safe_isinstance,E:\football_v\.venv\Lib\site-packages\pip\_vendor\rich\pretty.py,
Pretty,E:\football_v\.venv\Lib\site-packages\pip\_vendor\rich\pretty.py,
_ipy_display_hook,E:\football_v\.venv\Lib\site-packages\pip\_vendor\rich\pretty.py,
repr,E:\football_v\.venv\Lib\site-packages\pip\_vendor\rich\pretty.py,
get_console,E:\football_v\.venv\Lib\site-packages\pip\_vendor\rich\pretty.py,
_safe_isinstance,E:\football_v\.venv\Lib\site-packages\pip\_vendor\rich\pretty.py,
is_dataclass,E:\football_v\.venv\Lib\site-packages\pip\_vendor\rich\pretty.py,
hasattr,E:\football_v\.venv\Lib\site-packages\pip\_vendor\rich\pretty.py,
_is_attr_object,E:\football_v\.venv\Lib\site-packages\pip\_vendor\rich\pretty.py,
isclass,E:\football_v\.venv\Lib\site-packages\pip\_vendor\rich\pretty.py,
getattr,E:\football_v\.venv\Lib\site-packages\pip\_vendor\rich\pretty.py,
isinstance,E:\football_v\.venv\Lib\site-packages\pip\_vendor\rich\pretty.py,
isinstance,E:\football_v\.venv\Lib\site-packages\pip\_vendor\rich\pretty.py,
set,E:\football_v\.venv\Lib\site-packages\pip\_vendor\rich\pretty.py,
_traverse,E:\football_v\.venv\Lib\site-packages\pip\_vendor\rich\pretty.py,
id,E:\football_v\.venv\Lib\site-packages\pip\_vendor\rich\pretty.py,
type,E:\football_v\.venv\Lib\site-packages\pip\_vendor\rich\pretty.py,
_is_namedtuple,E:\football_v\.venv\Lib\site-packages\pip\_vendor\rich\pretty.py,
_safe_isinstance,E:\football_v\.venv\Lib\site-packages\pip\_vendor\rich\pretty.py,
Node,E:\football_v\.venv\Lib\site-packages\pip\_vendor\rich\pretty.py,
hasattr,E:\football_v\.venv\Lib\site-packages\pip\_vendor\rich\pretty.py,
push_visited,E:\football_v\.venv\Lib\site-packages\pip\_vendor\rich\pretty.py,
getattr,E:\football_v\.venv\Lib\site-packages\pip\_vendor\rich\pretty.py,
list,E:\football_v\.venv\Lib\site-packages\pip\_vendor\rich\pretty.py,
pop_visited,E:\football_v\.venv\Lib\site-packages\pip\_vendor\rich\pretty.py,
type,E:\football_v\.venv\Lib\site-packages\pip\_vendor\rich\pretty.py,
len,E:\football_v\.venv\Lib\site-packages\pip\_vendor\rich\pretty.py,
len,E:\football_v\.venv\Lib\site-packages\pip\_vendor\rich\pretty.py,
repr,E:\football_v\.venv\Lib\site-packages\pip\_vendor\rich\pretty.py,
_safe_isinstance,E:\football_v\.venv\Lib\site-packages\pip\_vendor\rich\pretty.py,
iter_rich_args,E:\football_v\.venv\Lib\site-packages\pip\_vendor\rich\pretty.py,
Node,E:\football_v\.venv\Lib\site-packages\pip\_vendor\rich\pretty.py,
_is_attr_object,E:\football_v\.venv\Lib\site-packages\pip\_vendor\rich\pretty.py,
push_visited,E:\football_v\.venv\Lib\site-packages\pip\_vendor\rich\pretty.py,
_get_attr_fields,E:\football_v\.venv\Lib\site-packages\pip\_vendor\rich\pretty.py,
pop_visited,E:\football_v\.venv\Lib\site-packages\pip\_vendor\rich\pretty.py,
hasattr,E:\football_v\.venv\Lib\site-packages\pip\_vendor\rich\pretty.py,
loop_last,E:\football_v\.venv\Lib\site-packages\pip\_vendor\rich\pretty.py,
Node,E:\football_v\.venv\Lib\site-packages\pip\_vendor\rich\pretty.py,
is_dataclass,E:\football_v\.venv\Lib\site-packages\pip\_vendor\rich\pretty.py,
_is_dataclass_repr,E:\football_v\.venv\Lib\site-packages\pip\_vendor\rich\pretty.py,
push_visited,E:\football_v\.venv\Lib\site-packages\pip\_vendor\rich\pretty.py,
pop_visited,E:\football_v\.venv\Lib\site-packages\pip\_vendor\rich\pretty.py,
len,E:\football_v\.venv\Lib\site-packages\pip\_vendor\rich\pretty.py,
isclass,E:\football_v\.venv\Lib\site-packages\pip\_vendor\rich\pretty.py,
Node,E:\football_v\.venv\Lib\site-packages\pip\_vendor\rich\pretty.py,
Node,E:\football_v\.venv\Lib\site-packages\pip\_vendor\rich\pretty.py,
Node,E:\football_v\.venv\Lib\site-packages\pip\_vendor\rich\pretty.py,
Node,E:\football_v\.venv\Lib\site-packages\pip\_vendor\rich\pretty.py,
_safe_isinstance,E:\football_v\.venv\Lib\site-packages\pip\_vendor\rich\pretty.py,
Node,E:\football_v\.venv\Lib\site-packages\pip\_vendor\rich\pretty.py,
Node,E:\football_v\.venv\Lib\site-packages\pip\_vendor\rich\pretty.py,
loop_last,E:\football_v\.venv\Lib\site-packages\pip\_vendor\rich\pretty.py,
_safe_isinstance,E:\football_v\.venv\Lib\site-packages\pip\_vendor\rich\pretty.py,
Node,E:\football_v\.venv\Lib\site-packages\pip\_vendor\rich\pretty.py,
Node,E:\football_v\.venv\Lib\site-packages\pip\_vendor\rich\pretty.py,
loop_last,E:\football_v\.venv\Lib\site-packages\pip\_vendor\rich\pretty.py,
_is_namedtuple,E:\football_v\.venv\Lib\site-packages\pip\_vendor\rich\pretty.py,
_has_default_namedtuple_repr,E:\football_v\.venv\Lib\site-packages\pip\_vendor\rich\pretty.py,
push_visited,E:\football_v\.venv\Lib\site-packages\pip\_vendor\rich\pretty.py,
pop_visited,E:\football_v\.venv\Lib\site-packages\pip\_vendor\rich\pretty.py,
_safe_isinstance,E:\football_v\.venv\Lib\site-packages\pip\_vendor\rich\pretty.py,
str,E:\football_v\.venv\Lib\site-packages\pip\_vendor\rich\pretty.py,
len,E:\football_v\.venv\Lib\site-packages\pip\_vendor\rich\pretty.py,
_traverse,E:\football_v\.venv\Lib\site-packages\pip\_vendor\rich\pretty.py,
append,E:\football_v\.venv\Lib\site-packages\pip\_vendor\rich\pretty.py,
_traverse,E:\football_v\.venv\Lib\site-packages\pip\_vendor\rich\pretty.py,
append,E:\football_v\.venv\Lib\site-packages\pip\_vendor\rich\pretty.py,
iter_attrs,E:\football_v\.venv\Lib\site-packages\pip\_vendor\rich\pretty.py,
append,E:\football_v\.venv\Lib\site-packages\pip\_vendor\rich\pretty.py,
_traverse,E:\football_v\.venv\Lib\site-packages\pip\_vendor\rich\pretty.py,
append,E:\football_v\.venv\Lib\site-packages\pip\_vendor\rich\pretty.py,
Node,E:\football_v\.venv\Lib\site-packages\pip\_vendor\rich\pretty.py,
Node,E:\football_v\.venv\Lib\site-packages\pip\_vendor\rich\pretty.py,
loop_last,E:\football_v\.venv\Lib\site-packages\pip\_vendor\rich\pretty.py,
push_visited,E:\football_v\.venv\Lib\site-packages\pip\_vendor\rich\pretty.py,
pop_visited,E:\football_v\.venv\Lib\site-packages\pip\_vendor\rich\pretty.py,
Node,E:\football_v\.venv\Lib\site-packages\pip\_vendor\rich\pretty.py,
len,E:\football_v\.venv\Lib\site-packages\pip\_vendor\rich\pretty.py,
Node,E:\football_v\.venv\Lib\site-packages\pip\_vendor\rich\pretty.py,
_traverse,E:\football_v\.venv\Lib\site-packages\pip\_vendor\rich\pretty.py,
getattr,E:\football_v\.venv\Lib\site-packages\pip\_vendor\rich\pretty.py,
_traverse,E:\football_v\.venv\Lib\site-packages\pip\_vendor\rich\pretty.py,
append,E:\football_v\.venv\Lib\site-packages\pip\_vendor\rich\pretty.py,
_safe_isinstance,E:\football_v\.venv\Lib\site-packages\pip\_vendor\rich\pretty.py,
Node,E:\football_v\.venv\Lib\site-packages\pip\_vendor\rich\pretty.py,
fields,E:\football_v\.venv\Lib\site-packages\pip\_vendor\rich\pretty.py,
Node,E:\football_v\.venv\Lib\site-packages\pip\_vendor\rich\pretty.py,
to_repr,E:\football_v\.venv\Lib\site-packages\pip\_vendor\rich\pretty.py,
getattr,E:\football_v\.venv\Lib\site-packages\pip\_vendor\rich\pretty.py,
str,E:\football_v\.venv\Lib\site-packages\pip\_vendor\rich\pretty.py,
hasattr,E:\football_v\.venv\Lib\site-packages\pip\_vendor\rich\pretty.py,
type,E:\football_v\.venv\Lib\site-packages\pip\_vendor\rich\pretty.py,
Node,E:\football_v\.venv\Lib\site-packages\pip\_vendor\rich\pretty.py,
len,E:\football_v\.venv\Lib\site-packages\pip\_vendor\rich\pretty.py,
_safe_isinstance,E:\football_v\.venv\Lib\site-packages\pip\_vendor\rich\pretty.py,
Node,E:\football_v\.venv\Lib\site-packages\pip\_vendor\rich\pretty.py,
repr_callable,E:\football_v\.venv\Lib\site-packages\pip\_vendor\rich\pretty.py,
to_repr,E:\football_v\.venv\Lib\site-packages\pip\_vendor\rich\pretty.py,
iter,E:\football_v\.venv\Lib\site-packages\pip\_vendor\rich\pretty.py,
enumerate,E:\football_v\.venv\Lib\site-packages\pip\_vendor\rich\pretty.py,
iter,E:\football_v\.venv\Lib\site-packages\pip\_vendor\rich\pretty.py,
enumerate,E:\football_v\.venv\Lib\site-packages\pip\_vendor\rich\pretty.py,
append,E:\football_v\.venv\Lib\site-packages\pip\_vendor\rich\pretty.py,
islice,E:\football_v\.venv\Lib\site-packages\pip\_vendor\rich\pretty.py,
_traverse,E:\football_v\.venv\Lib\site-packages\pip\_vendor\rich\pretty.py,
to_repr,E:\football_v\.venv\Lib\site-packages\pip\_vendor\rich\pretty.py,
append,E:\football_v\.venv\Lib\site-packages\pip\_vendor\rich\pretty.py,
islice,E:\football_v\.venv\Lib\site-packages\pip\_vendor\rich\pretty.py,
_traverse,E:\football_v\.venv\Lib\site-packages\pip\_vendor\rich\pretty.py,
append,E:\football_v\.venv\Lib\site-packages\pip\_vendor\rich\pretty.py,
Node,E:\football_v\.venv\Lib\site-packages\pip\_vendor\rich\pretty.py,
callable,E:\football_v\.venv\Lib\site-packages\pip\_vendor\rich\pretty.py,
_safe_isinstance,E:\football_v\.venv\Lib\site-packages\pip\_vendor\rich\pretty.py,
traverse,E:\football_v\.venv\Lib\site-packages\pip\_vendor\rich\pretty.py,
get_console,E:\football_v\.venv\Lib\site-packages\pip\_vendor\rich\pretty.py,
Pretty,E:\football_v\.venv\Lib\site-packages\pip\_vendor\rich\pretty.py,
_safe_isinstance,E:\football_v\.venv\Lib\site-packages\pip\_vendor\rich\pretty.py,
Pretty,E:\football_v\.venv\Lib\site-packages\pip\_vendor\rich\pretty.py,
ReprHighlighter,E:\football_v\.venv\Lib\site-packages\pip\_vendor\rich\pretty.py,
pretty_repr,E:\football_v\.venv\Lib\site-packages\pip\_vendor\rich\pretty.py,
Text,E:\football_v\.venv\Lib\site-packages\pip\_vendor\rich\pretty.py,
pick_bool,E:\football_v\.venv\Lib\site-packages\pip\_vendor\rich\pretty.py,
type,E:\football_v\.venv\Lib\site-packages\pip\_vendor\rich\pretty.py,
pretty_repr,E:\football_v\.venv\Lib\site-packages\pip\_vendor\rich\pretty.py,
Measurement,E:\football_v\.venv\Lib\site-packages\pip\_vendor\rich\pretty.py,
max,E:\football_v\.venv\Lib\site-packages\pip\_vendor\rich\pretty.py,
cell_len,E:\football_v\.venv\Lib\site-packages\pip\_vendor\rich\pretty.py,
len,E:\football_v\.venv\Lib\site-packages\pip\_vendor\rich\pretty.py,
cell_len,E:\football_v\.venv\Lib\site-packages\pip\_vendor\rich\pretty.py,
_Line,E:\football_v\.venv\Lib\site-packages\pip\_vendor\rich\pretty.py,
len,E:\football_v\.venv\Lib\site-packages\pip\_vendor\rich\pretty.py,
str,E:\football_v\.venv\Lib\site-packages\pip\_vendor\rich\pretty.py,
bool,E:\football_v\.venv\Lib\site-packages\pip\_vendor\rich\pretty.py,
cell_len,E:\football_v\.venv\Lib\site-packages\pip\_vendor\rich\pretty.py,
len,E:\football_v\.venv\Lib\site-packages\pip\_vendor\rich\pretty.py,
cell_len,E:\football_v\.venv\Lib\site-packages\pip\_vendor\rich\pretty.py,
loop_last,E:\football_v\.venv\Lib\site-packages\pip\_vendor\rich\pretty.py,
_Line,E:\football_v\.venv\Lib\site-packages\pip\_vendor\rich\pretty.py,
_Line,E:\football_v\.venv\Lib\site-packages\pip\_vendor\rich\pretty.py,
_Line,E:\football_v\.venv\Lib\site-packages\pip\_vendor\rich\pretty.py,
_Line,E:\football_v\.venv\Lib\site-packages\pip\_vendor\rich\pretty.py,
len,E:\football_v\.venv\Lib\site-packages\pip\_vendor\rich\pretty.py,
_safe_isinstance,E:\football_v\.venv\Lib\site-packages\pip\_vendor\rich\pretty.py,
len,E:\football_v\.venv\Lib\site-packages\pip\_vendor\rich\pretty.py,
len,E:\football_v\.venv\Lib\site-packages\pip\_vendor\rich\pretty.py,
repr,E:\football_v\.venv\Lib\site-packages\pip\_vendor\rich\pretty.py,
str,E:\football_v\.venv\Lib\site-packages\pip\_vendor\rich\pretty.py,
id,E:\football_v\.venv\Lib\site-packages\pip\_vendor\rich\pretty.py,
type,E:\football_v\.venv\Lib\site-packages\pip\_vendor\rich\pretty.py,
_is_namedtuple,E:\football_v\.venv\Lib\site-packages\pip\_vendor\rich\pretty.py,
Node,E:\football_v\.venv\Lib\site-packages\pip\_vendor\rich\pretty.py,
hasattr,E:\football_v\.venv\Lib\site-packages\pip\_vendor\rich\pretty.py,
push_visited,E:\football_v\.venv\Lib\site-packages\pip\_vendor\rich\pretty.py,
getattr,E:\football_v\.venv\Lib\site-packages\pip\_vendor\rich\pretty.py,
list,E:\football_v\.venv\Lib\site-packages\pip\_vendor\rich\pretty.py,
pop_visited,E:\football_v\.venv\Lib\site-packages\pip\_vendor\rich\pretty.py,
type,E:\football_v\.venv\Lib\site-packages\pip\_vendor\rich\pretty.py,
_safe_isinstance,E:\football_v\.venv\Lib\site-packages\pip\_vendor\rich\pretty.py,
iter_rich_args,E:\football_v\.venv\Lib\site-packages\pip\_vendor\rich\pretty.py,
Node,E:\football_v\.venv\Lib\site-packages\pip\_vendor\rich\pretty.py,
_is_attr_object,E:\football_v\.venv\Lib\site-packages\pip\_vendor\rich\pretty.py,
push_visited,E:\football_v\.venv\Lib\site-packages\pip\_vendor\rich\pretty.py,
_get_attr_fields,E:\football_v\.venv\Lib\site-packages\pip\_vendor\rich\pretty.py,
pop_visited,E:\football_v\.venv\Lib\site-packages\pip\_vendor\rich\pretty.py,
hasattr,E:\football_v\.venv\Lib\site-packages\pip\_vendor\rich\pretty.py,
loop_last,E:\football_v\.venv\Lib\site-packages\pip\_vendor\rich\pretty.py,
Node,E:\football_v\.venv\Lib\site-packages\pip\_vendor\rich\pretty.py,
is_dataclass,E:\football_v\.venv\Lib\site-packages\pip\_vendor\rich\pretty.py,
_is_dataclass_repr,E:\football_v\.venv\Lib\site-packages\pip\_vendor\rich\pretty.py,
push_visited,E:\football_v\.venv\Lib\site-packages\pip\_vendor\rich\pretty.py,
pop_visited,E:\football_v\.venv\Lib\site-packages\pip\_vendor\rich\pretty.py,
len,E:\football_v\.venv\Lib\site-packages\pip\_vendor\rich\pretty.py,
isclass,E:\football_v\.venv\Lib\site-packages\pip\_vendor\rich\pretty.py,
Node,E:\football_v\.venv\Lib\site-packages\pip\_vendor\rich\pretty.py,
Node,E:\football_v\.venv\Lib\site-packages\pip\_vendor\rich\pretty.py,
Node,E:\football_v\.venv\Lib\site-packages\pip\_vendor\rich\pretty.py,
Node,E:\football_v\.venv\Lib\site-packages\pip\_vendor\rich\pretty.py,
_safe_isinstance,E:\football_v\.venv\Lib\site-packages\pip\_vendor\rich\pretty.py,
Node,E:\football_v\.venv\Lib\site-packages\pip\_vendor\rich\pretty.py,
Node,E:\football_v\.venv\Lib\site-packages\pip\_vendor\rich\pretty.py,
loop_last,E:\football_v\.venv\Lib\site-packages\pip\_vendor\rich\pretty.py,
_safe_isinstance,E:\football_v\.venv\Lib\site-packages\pip\_vendor\rich\pretty.py,
Node,E:\football_v\.venv\Lib\site-packages\pip\_vendor\rich\pretty.py,
Node,E:\football_v\.venv\Lib\site-packages\pip\_vendor\rich\pretty.py,
loop_last,E:\football_v\.venv\Lib\site-packages\pip\_vendor\rich\pretty.py,
_is_namedtuple,E:\football_v\.venv\Lib\site-packages\pip\_vendor\rich\pretty.py,
_has_default_namedtuple_repr,E:\football_v\.venv\Lib\site-packages\pip\_vendor\rich\pretty.py,
push_visited,E:\football_v\.venv\Lib\site-packages\pip\_vendor\rich\pretty.py,
pop_visited,E:\football_v\.venv\Lib\site-packages\pip\_vendor\rich\pretty.py,
_safe_isinstance,E:\football_v\.venv\Lib\site-packages\pip\_vendor\rich\pretty.py,
len,E:\football_v\.venv\Lib\site-packages\pip\_vendor\rich\pretty.py,
_traverse,E:\football_v\.venv\Lib\site-packages\pip\_vendor\rich\pretty.py,
append,E:\football_v\.venv\Lib\site-packages\pip\_vendor\rich\pretty.py,
_traverse,E:\football_v\.venv\Lib\site-packages\pip\_vendor\rich\pretty.py,
append,E:\football_v\.venv\Lib\site-packages\pip\_vendor\rich\pretty.py,
iter_attrs,E:\football_v\.venv\Lib\site-packages\pip\_vendor\rich\pretty.py,
append,E:\football_v\.venv\Lib\site-packages\pip\_vendor\rich\pretty.py,
_traverse,E:\football_v\.venv\Lib\site-packages\pip\_vendor\rich\pretty.py,
append,E:\football_v\.venv\Lib\site-packages\pip\_vendor\rich\pretty.py,
Node,E:\football_v\.venv\Lib\site-packages\pip\_vendor\rich\pretty.py,
Node,E:\football_v\.venv\Lib\site-packages\pip\_vendor\rich\pretty.py,
loop_last,E:\football_v\.venv\Lib\site-packages\pip\_vendor\rich\pretty.py,
push_visited,E:\football_v\.venv\Lib\site-packages\pip\_vendor\rich\pretty.py,
pop_visited,E:\football_v\.venv\Lib\site-packages\pip\_vendor\rich\pretty.py,
Node,E:\football_v\.venv\Lib\site-packages\pip\_vendor\rich\pretty.py,
len,E:\football_v\.venv\Lib\site-packages\pip\_vendor\rich\pretty.py,
Node,E:\football_v\.venv\Lib\site-packages\pip\_vendor\rich\pretty.py,
_traverse,E:\football_v\.venv\Lib\site-packages\pip\_vendor\rich\pretty.py,
getattr,E:\football_v\.venv\Lib\site-packages\pip\_vendor\rich\pretty.py,
_traverse,E:\football_v\.venv\Lib\site-packages\pip\_vendor\rich\pretty.py,
append,E:\football_v\.venv\Lib\site-packages\pip\_vendor\rich\pretty.py,
_safe_isinstance,E:\football_v\.venv\Lib\site-packages\pip\_vendor\rich\pretty.py,
Node,E:\football_v\.venv\Lib\site-packages\pip\_vendor\rich\pretty.py,
fields,E:\football_v\.venv\Lib\site-packages\pip\_vendor\rich\pretty.py,
Node,E:\football_v\.venv\Lib\site-packages\pip\_vendor\rich\pretty.py,
to_repr,E:\football_v\.venv\Lib\site-packages\pip\_vendor\rich\pretty.py,
getattr,E:\football_v\.venv\Lib\site-packages\pip\_vendor\rich\pretty.py,
str,E:\football_v\.venv\Lib\site-packages\pip\_vendor\rich\pretty.py,
hasattr,E:\football_v\.venv\Lib\site-packages\pip\_vendor\rich\pretty.py,
type,E:\football_v\.venv\Lib\site-packages\pip\_vendor\rich\pretty.py,
Node,E:\football_v\.venv\Lib\site-packages\pip\_vendor\rich\pretty.py,
len,E:\football_v\.venv\Lib\site-packages\pip\_vendor\rich\pretty.py,
_safe_isinstance,E:\football_v\.venv\Lib\site-packages\pip\_vendor\rich\pretty.py,
Node,E:\football_v\.venv\Lib\site-packages\pip\_vendor\rich\pretty.py,
repr_callable,E:\football_v\.venv\Lib\site-packages\pip\_vendor\rich\pretty.py,
to_repr,E:\football_v\.venv\Lib\site-packages\pip\_vendor\rich\pretty.py,
iter,E:\football_v\.venv\Lib\site-packages\pip\_vendor\rich\pretty.py,
enumerate,E:\football_v\.venv\Lib\site-packages\pip\_vendor\rich\pretty.py,
iter,E:\football_v\.venv\Lib\site-packages\pip\_vendor\rich\pretty.py,
enumerate,E:\football_v\.venv\Lib\site-packages\pip\_vendor\rich\pretty.py,
append,E:\football_v\.venv\Lib\site-packages\pip\_vendor\rich\pretty.py,
islice,E:\football_v\.venv\Lib\site-packages\pip\_vendor\rich\pretty.py,
_traverse,E:\football_v\.venv\Lib\site-packages\pip\_vendor\rich\pretty.py,
to_repr,E:\football_v\.venv\Lib\site-packages\pip\_vendor\rich\pretty.py,
append,E:\football_v\.venv\Lib\site-packages\pip\_vendor\rich\pretty.py,
islice,E:\football_v\.venv\Lib\site-packages\pip\_vendor\rich\pretty.py,
_traverse,E:\football_v\.venv\Lib\site-packages\pip\_vendor\rich\pretty.py,
append,E:\football_v\.venv\Lib\site-packages\pip\_vendor\rich\pretty.py,
Node,E:\football_v\.venv\Lib\site-packages\pip\_vendor\rich\pretty.py,
callable,E:\football_v\.venv\Lib\site-packages\pip\_vendor\rich\pretty.py,
_safe_isinstance,E:\football_v\.venv\Lib\site-packages\pip\_vendor\rich\pretty.py,
len,E:\football_v\.venv\Lib\site-packages\pip\_vendor\rich\pretty.py,
len,E:\football_v\.venv\Lib\site-packages\pip\_vendor\rich\pretty.py,
len,E:\football_v\.venv\Lib\site-packages\pip\_vendor\rich\pretty.py,
_ipy_display_hook,E:\football_v\.venv\Lib\site-packages\pip\_vendor\rich\pretty.py,
repr,E:\football_v\.venv\Lib\site-packages\pip\_vendor\rich\pretty.py,
get_console,E:\football_v\.venv\Lib\site-packages\pip\_vendor\rich\pretty.py,
getattr,E:\football_v\.venv\Lib\site-packages\pip\_vendor\rich\pretty.py,
callable,E:\football_v\.venv\Lib\site-packages\pip\_vendor\rich\pretty.py,
Progress,E:\football_v\.venv\Lib\site-packages\pip\_vendor\rich\progress.py,
TextColumn,E:\football_v\.venv\Lib\site-packages\pip\_vendor\rich\progress.py,
BarColumn,E:\football_v\.venv\Lib\site-packages\pip\_vendor\rich\progress.py,
TaskProgressColumn,E:\football_v\.venv\Lib\site-packages\pip\_vendor\rich\progress.py,
TimeRemainingColumn,E:\football_v\.venv\Lib\site-packages\pip\_vendor\rich\progress.py,
Progress,E:\football_v\.venv\Lib\site-packages\pip\_vendor\rich\progress.py,
_ReadContext,E:\football_v\.venv\Lib\site-packages\pip\_vendor\rich\progress.py,
TextColumn,E:\football_v\.venv\Lib\site-packages\pip\_vendor\rich\progress.py,
BarColumn,E:\football_v\.venv\Lib\site-packages\pip\_vendor\rich\progress.py,
DownloadColumn,E:\football_v\.venv\Lib\site-packages\pip\_vendor\rich\progress.py,
TimeRemainingColumn,E:\football_v\.venv\Lib\site-packages\pip\_vendor\rich\progress.py,
Progress,E:\football_v\.venv\Lib\site-packages\pip\_vendor\rich\progress.py,
_ReadContext,E:\football_v\.venv\Lib\site-packages\pip\_vendor\rich\progress.py,
TextColumn,E:\football_v\.venv\Lib\site-packages\pip\_vendor\rich\progress.py,
BarColumn,E:\football_v\.venv\Lib\site-packages\pip\_vendor\rich\progress.py,
DownloadColumn,E:\football_v\.venv\Lib\site-packages\pip\_vendor\rich\progress.py,
TimeRemainingColumn,E:\football_v\.venv\Lib\site-packages\pip\_vendor\rich\progress.py,
Event,E:\football_v\.venv\Lib\site-packages\pip\_vendor\rich\progress.py,
super,E:\football_v\.venv\Lib\site-packages\pip\_vendor\rich\progress.py,
wait,E:\football_v\.venv\Lib\site-packages\pip\_vendor\rich\progress.py,
advance,E:\football_v\.venv\Lib\site-packages\pip\_vendor\rich\progress.py,
next,E:\football_v\.venv\Lib\site-packages\pip\_vendor\rich\progress.py,
len,E:\football_v\.venv\Lib\site-packages\pip\_vendor\rich\progress.py,
len,E:\football_v\.venv\Lib\site-packages\pip\_vendor\rich\progress.py,
len,E:\football_v\.venv\Lib\site-packages\pip\_vendor\rich\progress.py,
sum,E:\football_v\.venv\Lib\site-packages\pip\_vendor\rich\progress.py,
map,E:\football_v\.venv\Lib\site-packages\pip\_vendor\rich\progress.py,
UnsupportedOperation,E:\football_v\.venv\Lib\site-packages\pip\_vendor\rich\progress.py,
UnsupportedOperation,E:\football_v\.venv\Lib\site-packages\pip\_vendor\rich\progress.py,
Column,E:\football_v\.venv\Lib\site-packages\pip\_vendor\rich\progress.py,
super,E:\football_v\.venv\Lib\site-packages\pip\_vendor\rich\progress.py,
Spinner,E:\football_v\.venv\Lib\site-packages\pip\_vendor\rich\progress.py,
isinstance,E:\football_v\.venv\Lib\site-packages\pip\_vendor\rich\progress.py,
super,E:\football_v\.venv\Lib\site-packages\pip\_vendor\rich\progress.py,
Spinner,E:\football_v\.venv\Lib\site-packages\pip\_vendor\rich\progress.py,
super,E:\football_v\.venv\Lib\site-packages\pip\_vendor\rich\progress.py,
Column,E:\football_v\.venv\Lib\site-packages\pip\_vendor\rich\progress.py,
Text,E:\football_v\.venv\Lib\site-packages\pip\_vendor\rich\progress.py,
super,E:\football_v\.venv\Lib\site-packages\pip\_vendor\rich\progress.py,
ProgressBar,E:\football_v\.venv\Lib\site-packages\pip\_vendor\rich\progress.py,
max,E:\football_v\.venv\Lib\site-packages\pip\_vendor\rich\progress.py,
max,E:\football_v\.venv\Lib\site-packages\pip\_vendor\rich\progress.py,
max,E:\football_v\.venv\Lib\site-packages\pip\_vendor\rich\progress.py,
timedelta,E:\football_v\.venv\Lib\site-packages\pip\_vendor\rich\progress.py,
Text,E:\football_v\.venv\Lib\site-packages\pip\_vendor\rich\progress.py,
Text,E:\football_v\.venv\Lib\site-packages\pip\_vendor\rich\progress.py,
str,E:\football_v\.venv\Lib\site-packages\pip\_vendor\rich\progress.py,
max,E:\football_v\.venv\Lib\site-packages\pip\_vendor\rich\progress.py,
int,E:\football_v\.venv\Lib\site-packages\pip\_vendor\rich\progress.py,
super,E:\football_v\.venv\Lib\site-packages\pip\_vendor\rich\progress.py,
Text,E:\football_v\.venv\Lib\site-packages\pip\_vendor\rich\progress.py,
Text,E:\football_v\.venv\Lib\site-packages\pip\_vendor\rich\progress.py,
int,E:\football_v\.venv\Lib\site-packages\pip\_vendor\rich\progress.py,
Text,E:\football_v\.venv\Lib\site-packages\pip\_vendor\rich\progress.py,
super,E:\football_v\.venv\Lib\site-packages\pip\_vendor\rich\progress.py,
divmod,E:\football_v\.venv\Lib\site-packages\pip\_vendor\rich\progress.py,
divmod,E:\football_v\.venv\Lib\site-packages\pip\_vendor\rich\progress.py,
Text,E:\football_v\.venv\Lib\site-packages\pip\_vendor\rich\progress.py,
Text,E:\football_v\.venv\Lib\site-packages\pip\_vendor\rich\progress.py,
Text,E:\football_v\.venv\Lib\site-packages\pip\_vendor\rich\progress.py,
int,E:\football_v\.venv\Lib\site-packages\pip\_vendor\rich\progress.py,
Text,E:\football_v\.venv\Lib\site-packages\pip\_vendor\rich\progress.py,
int,E:\football_v\.venv\Lib\site-packages\pip\_vendor\rich\progress.py,
Text,E:\football_v\.venv\Lib\site-packages\pip\_vendor\rich\progress.py,
int,E:\football_v\.venv\Lib\site-packages\pip\_vendor\rich\progress.py,
super,E:\football_v\.venv\Lib\site-packages\pip\_vendor\rich\progress.py,
int,E:\football_v\.venv\Lib\site-packages\pip\_vendor\rich\progress.py,
len,E:\football_v\.venv\Lib\site-packages\pip\_vendor\rich\progress.py,
Text,E:\football_v\.venv\Lib\site-packages\pip\_vendor\rich\progress.py,
int,E:\football_v\.venv\Lib\site-packages\pip\_vendor\rich\progress.py,
str,E:\football_v\.venv\Lib\site-packages\pip\_vendor\rich\progress.py,
super,E:\football_v\.venv\Lib\site-packages\pip\_vendor\rich\progress.py,
int,E:\football_v\.venv\Lib\site-packages\pip\_vendor\rich\progress.py,
Text,E:\football_v\.venv\Lib\site-packages\pip\_vendor\rich\progress.py,
int,E:\football_v\.venv\Lib\site-packages\pip\_vendor\rich\progress.py,
int,E:\football_v\.venv\Lib\site-packages\pip\_vendor\rich\progress.py,
Text,E:\football_v\.venv\Lib\site-packages\pip\_vendor\rich\progress.py,
Text,E:\football_v\.venv\Lib\site-packages\pip\_vendor\rich\progress.py,
int,E:\football_v\.venv\Lib\site-packages\pip\_vendor\rich\progress.py,
min,E:\football_v\.venv\Lib\site-packages\pip\_vendor\rich\progress.py,
max,E:\football_v\.venv\Lib\site-packages\pip\_vendor\rich\progress.py,
iter,E:\football_v\.venv\Lib\site-packages\pip\_vendor\rich\progress.py,
next,E:\football_v\.venv\Lib\site-packages\pip\_vendor\rich\progress.py,
sum,E:\football_v\.venv\Lib\site-packages\pip\_vendor\rich\progress.py,
ceil,E:\football_v\.venv\Lib\site-packages\pip\_vendor\rich\progress.py,
RLock,E:\football_v\.venv\Lib\site-packages\pip\_vendor\rich\progress.py,
TaskID,E:\football_v\.venv\Lib\site-packages\pip\_vendor\rich\progress.py,
Live,E:\football_v\.venv\Lib\site-packages\pip\_vendor\rich\progress.py,
get_console,E:\football_v\.venv\Lib\site-packages\pip\_vendor\rich\progress.py,
TextColumn,E:\football_v\.venv\Lib\site-packages\pip\_vendor\rich\progress.py,
BarColumn,E:\football_v\.venv\Lib\site-packages\pip\_vendor\rich\progress.py,
TaskProgressColumn,E:\football_v\.venv\Lib\site-packages\pip\_vendor\rich\progress.py,
TimeRemainingColumn,E:\football_v\.venv\Lib\site-packages\pip\_vendor\rich\progress.py,
list,E:\football_v\.venv\Lib\site-packages\pip\_vendor\rich\progress.py,
list,E:\football_v\.venv\Lib\site-packages\pip\_vendor\rich\progress.py,
all,E:\football_v\.venv\Lib\site-packages\pip\_vendor\rich\progress.py,
float,E:\football_v\.venv\Lib\site-packages\pip\_vendor\rich\progress.py,
_TrackThread,E:\football_v\.venv\Lib\site-packages\pip\_vendor\rich\progress.py,
advance,E:\football_v\.venv\Lib\site-packages\pip\_vendor\rich\progress.py,
refresh,E:\football_v\.venv\Lib\site-packages\pip\_vendor\rich\progress.py,
length_hint,E:\football_v\.venv\Lib\site-packages\pip\_vendor\rich\progress.py,
_Reader,E:\football_v\.venv\Lib\site-packages\pip\_vendor\rich\progress.py,
ValueError,E:\football_v\.venv\Lib\site-packages\pip\_vendor\rich\progress.py,
_Reader,E:\football_v\.venv\Lib\site-packages\pip\_vendor\rich\progress.py,
sorted,E:\football_v\.venv\Lib\site-packages\pip\_vendor\rich\progress.py,
ValueError,E:\football_v\.venv\Lib\site-packages\pip\_vendor\rich\progress.py,
stat,E:\football_v\.venv\Lib\site-packages\pip\_vendor\rich\progress.py,
ValueError,E:\football_v\.venv\Lib\site-packages\pip\_vendor\rich\progress.py,
popleft,E:\football_v\.venv\Lib\site-packages\pip\_vendor\rich\progress.py,
ProgressSample,E:\football_v\.venv\Lib\site-packages\pip\_vendor\rich\progress.py,
popleft,E:\football_v\.venv\Lib\site-packages\pip\_vendor\rich\progress.py,
len,E:\football_v\.venv\Lib\site-packages\pip\_vendor\rich\progress.py,
popleft,E:\football_v\.venv\Lib\site-packages\pip\_vendor\rich\progress.py,
ProgressSample,E:\football_v\.venv\Lib\site-packages\pip\_vendor\rich\progress.py,
Group,E:\football_v\.venv\Lib\site-packages\pip\_vendor\rich\progress.py,
isinstance,E:\football_v\.venv\Lib\site-packages\pip\_vendor\rich\progress.py,
Column,E:\football_v\.venv\Lib\site-packages\pip\_vendor\rich\progress.py,
isinstance,E:\football_v\.venv\Lib\site-packages\pip\_vendor\rich\progress.py,
column,E:\football_v\.venv\Lib\site-packages\pip\_vendor\rich\progress.py,
Task,E:\football_v\.venv\Lib\site-packages\pip\_vendor\rich\progress.py,
TaskID,E:\football_v\.venv\Lib\site-packages\pip\_vendor\rich\progress.py,
int,E:\football_v\.venv\Lib\site-packages\pip\_vendor\rich\progress.py,
min,E:\football_v\.venv\Lib\site-packages\pip\_vendor\rich\progress_bar.py,
max,E:\football_v\.venv\Lib\site-packages\pip\_vendor\rich\progress_bar.py,
lru_cache,E:\football_v\.venv\Lib\site-packages\pip\_vendor\rich\progress_bar.py,
range,E:\football_v\.venv\Lib\site-packages\pip\_vendor\rich\progress_bar.py,
ColorTriplet,E:\football_v\.venv\Lib\site-packages\pip\_vendor\rich\progress_bar.py,
ColorTriplet,E:\football_v\.venv\Lib\site-packages\pip\_vendor\rich\progress_bar.py,
blend_rgb,E:\football_v\.venv\Lib\site-packages\pip\_vendor\rich\progress_bar.py,
append,E:\football_v\.venv\Lib\site-packages\pip\_vendor\rich\progress_bar.py,
_Segment,E:\football_v\.venv\Lib\site-packages\pip\_vendor\rich\progress_bar.py,
Segment,E:\football_v\.venv\Lib\site-packages\pip\_vendor\rich\progress_bar.py,
Segment,E:\football_v\.venv\Lib\site-packages\pip\_vendor\rich\progress_bar.py,
cos,E:\football_v\.venv\Lib\site-packages\pip\_vendor\rich\progress_bar.py,
_Style,E:\football_v\.venv\Lib\site-packages\pip\_vendor\rich\progress_bar.py,
from_triplet,E:\football_v\.venv\Lib\site-packages\pip\_vendor\rich\progress_bar.py,
len,E:\football_v\.venv\Lib\site-packages\pip\_vendor\rich\progress_bar.py,
monotonic,E:\football_v\.venv\Lib\site-packages\pip\_vendor\rich\progress_bar.py,
int,E:\football_v\.venv\Lib\site-packages\pip\_vendor\rich\progress_bar.py,
int,E:\football_v\.venv\Lib\site-packages\pip\_vendor\rich\progress_bar.py,
min,E:\football_v\.venv\Lib\site-packages\pip\_vendor\rich\progress_bar.py,
min,E:\football_v\.venv\Lib\site-packages\pip\_vendor\rich\progress_bar.py,
int,E:\football_v\.venv\Lib\site-packages\pip\_vendor\rich\progress_bar.py,
max,E:\football_v\.venv\Lib\site-packages\pip\_vendor\rich\progress_bar.py,
_Segment,E:\football_v\.venv\Lib\site-packages\pip\_vendor\rich\progress_bar.py,
_Segment,E:\football_v\.venv\Lib\site-packages\pip\_vendor\rich\progress_bar.py,
_Segment,E:\football_v\.venv\Lib\site-packages\pip\_vendor\rich\progress_bar.py,
_Segment,E:\football_v\.venv\Lib\site-packages\pip\_vendor\rich\progress_bar.py,
Measurement,E:\football_v\.venv\Lib\site-packages\pip\_vendor\rich\progress_bar.py,
Measurement,E:\football_v\.venv\Lib\site-packages\pip\_vendor\rich\progress_bar.py,
get_console,E:\football_v\.venv\Lib\site-packages\pip\_vendor\rich\prompt.py,
isinstance,E:\football_v\.venv\Lib\site-packages\pip\_vendor\rich\prompt.py,
cls,E:\football_v\.venv\Lib\site-packages\pip\_vendor\rich\prompt.py,
_prompt,E:\football_v\.venv\Lib\site-packages\pip\_vendor\rich\prompt.py,
Text,E:\football_v\.venv\Lib\site-packages\pip\_vendor\rich\prompt.py,
isinstance,E:\football_v\.venv\Lib\site-packages\pip\_vendor\rich\prompt.py,
InvalidResponse,E:\football_v\.venv\Lib\site-packages\pip\_vendor\rich\prompt.py,
InvalidResponse,E:\football_v\.venv\Lib\site-packages\pip\_vendor\rich\prompt.py,
Text,E:\football_v\.venv\Lib\site-packages\pip\_vendor\rich\prompt.py,
InvalidResponse,E:\football_v\.venv\Lib\site-packages\pip\_vendor\rich\prompt.py,
isinstance,E:\football_v\.venv\Lib\site-packages\pip\_vendor\rich\protocol.py,
hasattr,E:\football_v\.venv\Lib\site-packages\pip\_vendor\rich\protocol.py,
hasattr,E:\football_v\.venv\Lib\site-packages\pip\_vendor\rich\protocol.py,
set,E:\football_v\.venv\Lib\site-packages\pip\_vendor\rich\protocol.py,
cast,E:\football_v\.venv\Lib\site-packages\pip\_vendor\rich\protocol.py,
hasattr,E:\football_v\.venv\Lib\site-packages\pip\_vendor\rich\protocol.py,
hasattr,E:\football_v\.venv\Lib\site-packages\pip\_vendor\rich\protocol.py,
getattr,E:\football_v\.venv\Lib\site-packages\pip\_vendor\rich\protocol.py,
cast_method,E:\football_v\.venv\Lib\site-packages\pip\_vendor\rich\protocol.py,
type,E:\football_v\.venv\Lib\site-packages\pip\_vendor\rich\protocol.py,
isclass,E:\football_v\.venv\Lib\site-packages\pip\_vendor\rich\protocol.py,
repr,E:\football_v\.venv\Lib\site-packages\pip\_vendor\rich\protocol.py,
partial,E:\football_v\.venv\Lib\site-packages\pip\_vendor\rich\repr.py,
do_replace,E:\football_v\.venv\Lib\site-packages\pip\_vendor\rich\repr.py,
getattr,E:\football_v\.venv\Lib\site-packages\pip\_vendor\rich\repr.py,
hasattr,E:\football_v\.venv\Lib\site-packages\pip\_vendor\rich\repr.py,
isinstance,E:\football_v\.venv\Lib\site-packages\pip\_vendor\rich\repr.py,
append,E:\football_v\.venv\Lib\site-packages\pip\_vendor\rich\repr.py,
ReprError,E:\football_v\.venv\Lib\site-packages\pip\_vendor\rich\repr.py,
len,E:\football_v\.venv\Lib\site-packages\pip\_vendor\rich\repr.py,
append,E:\football_v\.venv\Lib\site-packages\pip\_vendor\rich\repr.py,
repr,E:\football_v\.venv\Lib\site-packages\pip\_vendor\rich\repr.py,
repr,E:\football_v\.venv\Lib\site-packages\pip\_vendor\rich\repr.py,
append,E:\football_v\.venv\Lib\site-packages\pip\_vendor\rich\repr.py,
append,E:\football_v\.venv\Lib\site-packages\pip\_vendor\rich\repr.py,
getattr,E:\football_v\.venv\Lib\site-packages\pip\_vendor\rich\repr.py,
repr,E:\football_v\.venv\Lib\site-packages\pip\_vendor\rich\repr.py,
getattr,E:\football_v\.venv\Lib\site-packages\pip\_vendor\rich\repr.py,
getattr,E:\football_v\.venv\Lib\site-packages\pip\_vendor\rich\repr.py,
auto,E:\football_v\.venv\Lib\site-packages\pip\_vendor\rich\repr.py,
auto,E:\football_v\.venv\Lib\site-packages\pip\_vendor\rich\repr.py,
getattr,E:\football_v\.venv\Lib\site-packages\pip\_vendor\rich\repr.py,
hasattr,E:\football_v\.venv\Lib\site-packages\pip\_vendor\rich\repr.py,
isinstance,E:\football_v\.venv\Lib\site-packages\pip\_vendor\rich\repr.py,
append,E:\football_v\.venv\Lib\site-packages\pip\_vendor\rich\repr.py,
ReprError,E:\football_v\.venv\Lib\site-packages\pip\_vendor\rich\repr.py,
len,E:\football_v\.venv\Lib\site-packages\pip\_vendor\rich\repr.py,
append,E:\football_v\.venv\Lib\site-packages\pip\_vendor\rich\repr.py,
repr,E:\football_v\.venv\Lib\site-packages\pip\_vendor\rich\repr.py,
repr,E:\football_v\.venv\Lib\site-packages\pip\_vendor\rich\repr.py,
append,E:\football_v\.venv\Lib\site-packages\pip\_vendor\rich\repr.py,
append,E:\football_v\.venv\Lib\site-packages\pip\_vendor\rich\repr.py,
getattr,E:\football_v\.venv\Lib\site-packages\pip\_vendor\rich\repr.py,
repr,E:\football_v\.venv\Lib\site-packages\pip\_vendor\rich\repr.py,
getattr,E:\football_v\.venv\Lib\site-packages\pip\_vendor\rich\repr.py,
getattr,E:\football_v\.venv\Lib\site-packages\pip\_vendor\rich\repr.py,
getattr,E:\football_v\.venv\Lib\site-packages\pip\_vendor\rich\repr.py,
isinstance,E:\football_v\.venv\Lib\site-packages\pip\_vendor\rich\repr.py,
append,E:\football_v\.venv\Lib\site-packages\pip\_vendor\rich\repr.py,
len,E:\football_v\.venv\Lib\site-packages\pip\_vendor\rich\repr.py,
append,E:\football_v\.venv\Lib\site-packages\pip\_vendor\rich\repr.py,
repr,E:\football_v\.venv\Lib\site-packages\pip\_vendor\rich\repr.py,
repr,E:\football_v\.venv\Lib\site-packages\pip\_vendor\rich\repr.py,
append,E:\football_v\.venv\Lib\site-packages\pip\_vendor\rich\repr.py,
append,E:\football_v\.venv\Lib\site-packages\pip\_vendor\rich\repr.py,
repr,E:\football_v\.venv\Lib\site-packages\pip\_vendor\rich\repr.py,
ReprError,E:\football_v\.venv\Lib\site-packages\pip\_vendor\rich\repr.py,
getattr,E:\football_v\.venv\Lib\site-packages\pip\_vendor\rich\repr.py,
getattr,E:\football_v\.venv\Lib\site-packages\pip\_vendor\rich\repr.py,
getattr,E:\football_v\.venv\Lib\site-packages\pip\_vendor\rich\repr.py,
cell_len,E:\football_v\.venv\Lib\site-packages\pip\_vendor\rich\rule.py,
ValueError,E:\football_v\.venv\Lib\site-packages\pip\_vendor\rich\rule.py,
ValueError,E:\football_v\.venv\Lib\site-packages\pip\_vendor\rich\rule.py,
cell_len,E:\football_v\.venv\Lib\site-packages\pip\_vendor\rich\rule.py,
isinstance,E:\football_v\.venv\Lib\site-packages\pip\_vendor\rich\rule.py,
max,E:\football_v\.venv\Lib\site-packages\pip\_vendor\rich\rule.py,
Text,E:\football_v\.venv\Lib\site-packages\pip\_vendor\rich\rule.py,
set_cell_size,E:\football_v\.venv\Lib\site-packages\pip\_vendor\rich\rule.py,
Text,E:\football_v\.venv\Lib\site-packages\pip\_vendor\rich\rule.py,
Text,E:\football_v\.venv\Lib\site-packages\pip\_vendor\rich\rule.py,
cell_len,E:\football_v\.venv\Lib\site-packages\pip\_vendor\rich\rule.py,
cell_len,E:\football_v\.venv\Lib\site-packages\pip\_vendor\rich\rule.py,
cell_len,E:\football_v\.venv\Lib\site-packages\pip\_vendor\rich\rule.py,
Text,E:\football_v\.venv\Lib\site-packages\pip\_vendor\rich\rule.py,
set_cell_size,E:\football_v\.venv\Lib\site-packages\pip\_vendor\rich\rule.py,
Measurement,E:\football_v\.venv\Lib\site-packages\pip\_vendor\rich\rule.py,
ReprHighlighter,E:\football_v\.venv\Lib\site-packages\pip\_vendor\rich\scope.py,
sorted,E:\football_v\.venv\Lib\site-packages\pip\_vendor\rich\scope.py,
Pretty,E:\football_v\.venv\Lib\site-packages\pip\_vendor\rich\scope.py,
print,E:\football_v\.venv\Lib\site-packages\pip\_vendor\rich\scope.py,
render_scope,E:\football_v\.venv\Lib\site-packages\pip\_vendor\rich\scope.py,
locals,E:\football_v\.venv\Lib\site-packages\pip\_vendor\rich\scope.py,
Group,E:\football_v\.venv\Lib\site-packages\pip\_vendor\rich\screen.py,
loop_last,E:\football_v\.venv\Lib\site-packages\pip\_vendor\rich\screen.py,
Segment,E:\football_v\.venv\Lib\site-packages\pip\_vendor\rich\screen.py,
cell_len,E:\football_v\.venv\Lib\site-packages\pip\_vendor\rich\segment.py,
bool,E:\football_v\.venv\Lib\site-packages\pip\_vendor\rich\segment.py,
lru_cache,E:\football_v\.venv\Lib\site-packages\pip\_vendor\rich\segment.py,
int,E:\football_v\.venv\Lib\site-packages\pip\_vendor\rich\segment.py,
cell_len,E:\football_v\.venv\Lib\site-packages\pip\_vendor\rich\segment.py,
_Segment,E:\football_v\.venv\Lib\site-packages\pip\_vendor\rich\segment.py,
len,E:\football_v\.venv\Lib\site-packages\pip\_vendor\rich\segment.py,
_Segment,E:\football_v\.venv\Lib\site-packages\pip\_vendor\rich\segment.py,
_Segment,E:\football_v\.venv\Lib\site-packages\pip\_vendor\rich\segment.py,
cell_size,E:\football_v\.venv\Lib\site-packages\pip\_vendor\rich\segment.py,
_Segment,E:\football_v\.venv\Lib\site-packages\pip\_vendor\rich\segment.py,
_Segment,E:\football_v\.venv\Lib\site-packages\pip\_vendor\rich\segment.py,
cell_size,E:\football_v\.venv\Lib\site-packages\pip\_vendor\rich\segment.py,
_Segment,E:\football_v\.venv\Lib\site-packages\pip\_vendor\rich\segment.py,
_Segment,E:\football_v\.venv\Lib\site-packages\pip\_vendor\rich\segment.py,
_is_single_cell_widths,E:\football_v\.venv\Lib\site-packages\pip\_vendor\rich\segment.py,
len,E:\football_v\.venv\Lib\site-packages\pip\_vendor\rich\segment.py,
Segment,E:\football_v\.venv\Lib\site-packages\pip\_vendor\rich\segment.py,
Segment,E:\football_v\.venv\Lib\site-packages\pip\_vendor\rich\segment.py,
Segment,E:\football_v\.venv\Lib\site-packages\pip\_vendor\rich\segment.py,
cls,E:\football_v\.venv\Lib\site-packages\pip\_vendor\rich\segment.py,
cls,E:\football_v\.venv\Lib\site-packages\pip\_vendor\rich\segment.py,
cls,E:\football_v\.venv\Lib\site-packages\pip\_vendor\rich\segment.py,
apply,E:\football_v\.venv\Lib\site-packages\pip\_vendor\rich\segment.py,
filter,E:\football_v\.venv\Lib\site-packages\pip\_vendor\rich\segment.py,
filterfalse,E:\football_v\.venv\Lib\site-packages\pip\_vendor\rich\segment.py,
attrgetter,E:\football_v\.venv\Lib\site-packages\pip\_vendor\rich\segment.py,
attrgetter,E:\football_v\.venv\Lib\site-packages\pip\_vendor\rich\segment.py,
append,E:\football_v\.venv\Lib\site-packages\pip\_vendor\rich\segment.py,
append,E:\football_v\.venv\Lib\site-packages\pip\_vendor\rich\segment.py,
cls,E:\football_v\.venv\Lib\site-packages\pip\_vendor\rich\segment.py,
cls,E:\football_v\.venv\Lib\site-packages\pip\_vendor\rich\segment.py,
append,E:\football_v\.venv\Lib\site-packages\pip\_vendor\rich\segment.py,
adjust_line_length,E:\football_v\.venv\Lib\site-packages\pip\_vendor\rich\segment.py,
append,E:\football_v\.venv\Lib\site-packages\pip\_vendor\rich\segment.py,
adjust_line_length,E:\football_v\.venv\Lib\site-packages\pip\_vendor\rich\segment.py,
cls,E:\football_v\.venv\Lib\site-packages\pip\_vendor\rich\segment.py,
sum,E:\football_v\.venv\Lib\site-packages\pip\_vendor\rich\segment.py,
cls,E:\football_v\.venv\Lib\site-packages\pip\_vendor\rich\segment.py,
append,E:\football_v\.venv\Lib\site-packages\pip\_vendor\rich\segment.py,
set_cell_size,E:\football_v\.venv\Lib\site-packages\pip\_vendor\rich\segment.py,
append,E:\football_v\.venv\Lib\site-packages\pip\_vendor\rich\segment.py,
cls,E:\football_v\.venv\Lib\site-packages\pip\_vendor\rich\segment.py,
sum,E:\football_v\.venv\Lib\site-packages\pip\_vendor\rich\segment.py,
_cell_len,E:\football_v\.venv\Lib\site-packages\pip\_vendor\rich\segment.py,
max,E:\football_v\.venv\Lib\site-packages\pip\_vendor\rich\segment.py,
len,E:\football_v\.venv\Lib\site-packages\pip\_vendor\rich\segment.py,
get_line_length,E:\football_v\.venv\Lib\site-packages\pip\_vendor\rich\segment.py,
len,E:\football_v\.venv\Lib\site-packages\pip\_vendor\rich\segment.py,
adjust_line_length,E:\football_v\.venv\Lib\site-packages\pip\_vendor\rich\segment.py,
len,E:\football_v\.venv\Lib\site-packages\pip\_vendor\rich\segment.py,
cls,E:\football_v\.venv\Lib\site-packages\pip\_vendor\rich\segment.py,
cls,E:\football_v\.venv\Lib\site-packages\pip\_vendor\rich\segment.py,
len,E:\football_v\.venv\Lib\site-packages\pip\_vendor\rich\segment.py,
len,E:\football_v\.venv\Lib\site-packages\pip\_vendor\rich\segment.py,
cls,E:\football_v\.venv\Lib\site-packages\pip\_vendor\rich\segment.py,
cls,E:\football_v\.venv\Lib\site-packages\pip\_vendor\rich\segment.py,
len,E:\football_v\.venv\Lib\site-packages\pip\_vendor\rich\segment.py,
cls,E:\football_v\.venv\Lib\site-packages\pip\_vendor\rich\segment.py,
cls,E:\football_v\.venv\Lib\site-packages\pip\_vendor\rich\segment.py,
len,E:\football_v\.venv\Lib\site-packages\pip\_vendor\rich\segment.py,
cls,E:\football_v\.venv\Lib\site-packages\pip\_vendor\rich\segment.py,
cls,E:\football_v\.venv\Lib\site-packages\pip\_vendor\rich\segment.py,
iter,E:\football_v\.venv\Lib\site-packages\pip\_vendor\rich\segment.py,
next,E:\football_v\.venv\Lib\site-packages\pip\_vendor\rich\segment.py,
_Segment,E:\football_v\.venv\Lib\site-packages\pip\_vendor\rich\segment.py,
cls,E:\football_v\.venv\Lib\site-packages\pip\_vendor\rich\segment.py,
cls,E:\football_v\.venv\Lib\site-packages\pip\_vendor\rich\segment.py,
cls,E:\football_v\.venv\Lib\site-packages\pip\_vendor\rich\segment.py,
cls,E:\football_v\.venv\Lib\site-packages\pip\_vendor\rich\segment.py,
iter,E:\football_v\.venv\Lib\site-packages\pip\_vendor\rich\segment.py,
next,E:\football_v\.venv\Lib\site-packages\pip\_vendor\rich\segment.py,
segments_copy,E:\football_v\.venv\Lib\site-packages\pip\_vendor\rich\segment.py,
next,E:\football_v\.venv\Lib\site-packages\pip\_vendor\rich\segment.py,
add_segment,E:\football_v\.venv\Lib\site-packages\pip\_vendor\rich\segment.py,
add_segment,E:\football_v\.venv\Lib\site-packages\pip\_vendor\rich\segment.py,
segments_clear,E:\football_v\.venv\Lib\site-packages\pip\_vendor\rich\segment.py,
next,E:\football_v\.venv\Lib\site-packages\pip\_vendor\rich\segment.py,
add_segment,E:\football_v\.venv\Lib\site-packages\pip\_vendor\rich\segment.py,
segments_clear,E:\football_v\.venv\Lib\site-packages\pip\_vendor\rich\segment.py,
_cell_len,E:\football_v\.venv\Lib\site-packages\pip\_vendor\rich\segment.py,
segments_copy,E:\football_v\.venv\Lib\site-packages\pip\_vendor\rich\segment.py,
segments_copy,E:\football_v\.venv\Lib\site-packages\pip\_vendor\rich\segment.py,
segments_copy,E:\football_v\.venv\Lib\site-packages\pip\_vendor\rich\segment.py,
segments_copy,E:\football_v\.venv\Lib\site-packages\pip\_vendor\rich\segment.py,
list,E:\football_v\.venv\Lib\site-packages\pip\_vendor\rich\segment.py,
list,E:\football_v\.venv\Lib\site-packages\pip\_vendor\rich\segment.py,
cast,E:\football_v\.venv\Lib\site-packages\pip\_vendor\rich\spinner.py,
isinstance,E:\football_v\.venv\Lib\site-packages\pip\_vendor\rich\spinner.py,
cast,E:\football_v\.venv\Lib\site-packages\pip\_vendor\rich\spinner.py,
KeyError,E:\football_v\.venv\Lib\site-packages\pip\_vendor\rich\spinner.py,
Text,E:\football_v\.venv\Lib\site-packages\pip\_vendor\rich\spinner.py,
isinstance,E:\football_v\.venv\Lib\site-packages\pip\_vendor\rich\spinner.py,
int,E:\football_v\.venv\Lib\site-packages\pip\_vendor\rich\spinner.py,
len,E:\football_v\.venv\Lib\site-packages\pip\_vendor\rich\spinner.py,
isinstance,E:\football_v\.venv\Lib\site-packages\pip\_vendor\rich\spinner.py,
Spinner,E:\football_v\.venv\Lib\site-packages\pip\_vendor\rich\status.py,
Live,E:\football_v\.venv\Lib\site-packages\pip\_vendor\rich\status.py,
Spinner,E:\football_v\.venv\Lib\site-packages\pip\_vendor\rich\status.py,
sum,E:\football_v\.venv\Lib\site-packages\pip\_vendor\rich\style.py,
_make_color,E:\football_v\.venv\Lib\site-packages\pip\_vendor\rich\style.py,
_make_color,E:\football_v\.venv\Lib\site-packages\pip\_vendor\rich\style.py,
sum,E:\football_v\.venv\Lib\site-packages\pip\_vendor\rich\style.py,
dumps,E:\football_v\.venv\Lib\site-packages\pip\_vendor\rich\style.py,
isinstance,E:\football_v\.venv\Lib\site-packages\pip\_vendor\rich\style.py,
randint,E:\football_v\.venv\Lib\site-packages\pip\_vendor\rich\style.py,
hash,E:\football_v\.venv\Lib\site-packages\pip\_vendor\rich\style.py,
dumps,E:\football_v\.venv\Lib\site-packages\pip\_vendor\rich\style.py,
randint,E:\football_v\.venv\Lib\site-packages\pip\_vendor\rich\style.py,
hash,E:\football_v\.venv\Lib\site-packages\pip\_vendor\rich\style.py,
append,E:\football_v\.venv\Lib\site-packages\pip\_vendor\rich\style.py,
append,E:\football_v\.venv\Lib\site-packages\pip\_vendor\rich\style.py,
append,E:\football_v\.venv\Lib\site-packages\pip\_vendor\rich\style.py,
append,E:\football_v\.venv\Lib\site-packages\pip\_vendor\rich\style.py,
append,E:\football_v\.venv\Lib\site-packages\pip\_vendor\rich\style.py,
append,E:\football_v\.venv\Lib\site-packages\pip\_vendor\rich\style.py,
append,E:\football_v\.venv\Lib\site-packages\pip\_vendor\rich\style.py,
append,E:\football_v\.venv\Lib\site-packages\pip\_vendor\rich\style.py,
append,E:\football_v\.venv\Lib\site-packages\pip\_vendor\rich\style.py,
append,E:\football_v\.venv\Lib\site-packages\pip\_vendor\rich\style.py,
append,E:\football_v\.venv\Lib\site-packages\pip\_vendor\rich\style.py,
append,E:\football_v\.venv\Lib\site-packages\pip\_vendor\rich\style.py,
append,E:\football_v\.venv\Lib\site-packages\pip\_vendor\rich\style.py,
append,E:\football_v\.venv\Lib\site-packages\pip\_vendor\rich\style.py,
append,E:\football_v\.venv\Lib\site-packages\pip\_vendor\rich\style.py,
append,E:\football_v\.venv\Lib\site-packages\pip\_vendor\rich\style.py,
append,E:\football_v\.venv\Lib\site-packages\pip\_vendor\rich\style.py,
append,E:\football_v\.venv\Lib\site-packages\pip\_vendor\rich\style.py,
append,E:\football_v\.venv\Lib\site-packages\pip\_vendor\rich\style.py,
append,E:\football_v\.venv\Lib\site-packages\pip\_vendor\rich\style.py,
append,E:\football_v\.venv\Lib\site-packages\pip\_vendor\rich\style.py,
append,E:\football_v\.venv\Lib\site-packages\pip\_vendor\rich\style.py,
range,E:\football_v\.venv\Lib\site-packages\pip\_vendor\rich\style.py,
range,E:\football_v\.venv\Lib\site-packages\pip\_vendor\rich\style.py,
append,E:\football_v\.venv\Lib\site-packages\pip\_vendor\rich\style.py,
append,E:\football_v\.venv\Lib\site-packages\pip\_vendor\rich\style.py,
lru_cache,E:\football_v\.venv\Lib\site-packages\pip\_vendor\rich\style.py,
str,E:\football_v\.venv\Lib\site-packages\pip\_vendor\rich\style.py,
ValueError,E:\football_v\.venv\Lib\site-packages\pip\_vendor\rich\style.py,
isinstance,E:\football_v\.venv\Lib\site-packages\pip\_vendor\rich\style.py,
isinstance,E:\football_v\.venv\Lib\site-packages\pip\_vendor\rich\style.py,
hash,E:\football_v\.venv\Lib\site-packages\pip\_vendor\rich\style.py,
Style,E:\football_v\.venv\Lib\site-packages\pip\_vendor\rich\style.py,
cast,E:\football_v\.venv\Lib\site-packages\pip\_vendor\rich\style.py,
loads,E:\football_v\.venv\Lib\site-packages\pip\_vendor\rich\style.py,
randint,E:\football_v\.venv\Lib\site-packages\pip\_vendor\rich\style.py,
lru_cache,E:\football_v\.venv\Lib\site-packages\pip\_vendor\rich\style.py,
iter,E:\football_v\.venv\Lib\site-packages\pip\_vendor\rich\style.py,
Style,E:\football_v\.venv\Lib\site-packages\pip\_vendor\rich\style.py,
next,E:\football_v\.venv\Lib\site-packages\pip\_vendor\rich\style.py,
next,E:\football_v\.venv\Lib\site-packages\pip\_vendor\rich\style.py,
next,E:\football_v\.venv\Lib\site-packages\pip\_vendor\rich\style.py,
lru_cache,E:\football_v\.venv\Lib\site-packages\pip\_vendor\rich\style.py,
append,E:\football_v\.venv\Lib\site-packages\pip\_vendor\rich\style.py,
append,E:\football_v\.venv\Lib\site-packages\pip\_vendor\rich\style.py,
append,E:\football_v\.venv\Lib\site-packages\pip\_vendor\rich\style.py,
append,E:\football_v\.venv\Lib\site-packages\pip\_vendor\rich\style.py,
append,E:\football_v\.venv\Lib\site-packages\pip\_vendor\rich\style.py,
append,E:\football_v\.venv\Lib\site-packages\pip\_vendor\rich\style.py,
append,E:\football_v\.venv\Lib\site-packages\pip\_vendor\rich\style.py,
append,E:\football_v\.venv\Lib\site-packages\pip\_vendor\rich\style.py,
blend_rgb,E:\football_v\.venv\Lib\site-packages\pip\_vendor\rich\style.py,
iter,E:\football_v\.venv\Lib\site-packages\pip\_vendor\rich\style.py,
sum,E:\football_v\.venv\Lib\site-packages\pip\_vendor\rich\style.py,
next,E:\football_v\.venv\Lib\site-packages\pip\_vendor\rich\style.py,
iter,E:\football_v\.venv\Lib\site-packages\pip\_vendor\rich\style.py,
sum,E:\football_v\.venv\Lib\site-packages\pip\_vendor\rich\style.py,
next,E:\football_v\.venv\Lib\site-packages\pip\_vendor\rich\style.py,
randint,E:\football_v\.venv\Lib\site-packages\pip\_vendor\rich\style.py,
lru_cache,E:\football_v\.venv\Lib\site-packages\pip\_vendor\rich\style.py,
randint,E:\football_v\.venv\Lib\site-packages\pip\_vendor\rich\style.py,
str,E:\football_v\.venv\Lib\site-packages\pip\_vendor\rich\style.py,
lru_cache,E:\football_v\.venv\Lib\site-packages\pip\_vendor\rich\style.py,
dumps,E:\football_v\.venv\Lib\site-packages\pip\_vendor\rich\style.py,
isinstance,E:\football_v\.venv\Lib\site-packages\pip\_vendor\rich\style.py,
len,E:\football_v\.venv\Lib\site-packages\pip\_vendor\rich\syntax.py,
min,E:\football_v\.venv\Lib\site-packages\pip\_vendor\rich\syntax.py,
len,E:\football_v\.venv\Lib\site-packages\pip\_vendor\rich\syntax.py,
isinstance,E:\football_v\.venv\Lib\site-packages\pip\_vendor\rich\syntax.py,
Style,E:\football_v\.venv\Lib\site-packages\pip\_vendor\rich\syntax.py,
get_style_by_name,E:\football_v\.venv\Lib\site-packages\pip\_vendor\rich\syntax.py,
get_style_by_name,E:\football_v\.venv\Lib\site-packages\pip\_vendor\rich\syntax.py,
Style,E:\football_v\.venv\Lib\site-packages\pip\_vendor\rich\syntax.py,
tuple,E:\football_v\.venv\Lib\site-packages\pip\_vendor\rich\syntax.py,
get_style,E:\football_v\.venv\Lib\site-packages\pip\_vendor\rich\syntax.py,
isinstance,E:\football_v\.venv\Lib\site-packages\pip\_vendor\rich\syntax.py,
ANSISyntaxTheme,E:\football_v\.venv\Lib\site-packages\pip\_vendor\rich\syntax.py,
PygmentsSyntaxTheme,E:\football_v\.venv\Lib\site-packages\pip\_vendor\rich\syntax.py,
set,E:\football_v\.venv\Lib\site-packages\pip\_vendor\rich\syntax.py,
Style,E:\football_v\.venv\Lib\site-packages\pip\_vendor\rich\syntax.py,
Style,E:\football_v\.venv\Lib\site-packages\pip\_vendor\rich\syntax.py,
cls,E:\football_v\.venv\Lib\site-packages\pip\_vendor\rich\syntax.py,
Path,E:\football_v\.venv\Lib\site-packages\pip\_vendor\rich\syntax.py,
guess_lexer_for_filename,E:\football_v\.venv\Lib\site-packages\pip\_vendor\rich\syntax.py,
get_lexer_by_name,E:\football_v\.venv\Lib\site-packages\pip\_vendor\rich\syntax.py,
isinstance,E:\football_v\.venv\Lib\site-packages\pip\_vendor\rich\syntax.py,
get_lexer_by_name,E:\football_v\.venv\Lib\site-packages\pip\_vendor\rich\syntax.py,
get_lexer_by_name,E:\football_v\.venv\Lib\site-packages\pip\_vendor\rich\syntax.py,
Text,E:\football_v\.venv\Lib\site-packages\pip\_vendor\rich\syntax.py,
iter,E:\football_v\.venv\Lib\site-packages\pip\_vendor\rich\syntax.py,
tokens_to_spans,E:\football_v\.venv\Lib\site-packages\pip\_vendor\rich\syntax.py,
line_tokenize,E:\football_v\.venv\Lib\site-packages\pip\_vendor\rich\syntax.py,
next,E:\football_v\.venv\Lib\site-packages\pip\_vendor\rich\syntax.py,
_get_theme_style,E:\football_v\.venv\Lib\site-packages\pip\_vendor\rich\syntax.py,
_get_theme_style,E:\football_v\.venv\Lib\site-packages\pip\_vendor\rich\syntax.py,
_SyntaxHighlightRange,E:\football_v\.venv\Lib\site-packages\pip\_vendor\rich\syntax.py,
blend_rgb,E:\football_v\.venv\Lib\site-packages\pip\_vendor\rich\syntax.py,
len,E:\football_v\.venv\Lib\site-packages\pip\_vendor\rich\syntax.py,
str,E:\football_v\.venv\Lib\site-packages\pip\_vendor\rich\syntax.py,
Style,E:\football_v\.venv\Lib\site-packages\pip\_vendor\rich\syntax.py,
Style,E:\football_v\.venv\Lib\site-packages\pip\_vendor\rich\syntax.py,
Style,E:\football_v\.venv\Lib\site-packages\pip\_vendor\rich\syntax.py,
Style,E:\football_v\.venv\Lib\site-packages\pip\_vendor\rich\syntax.py,
Style,E:\football_v\.venv\Lib\site-packages\pip\_vendor\rich\syntax.py,
Measurement,E:\football_v\.venv\Lib\site-packages\pip\_vendor\rich\syntax.py,
Measurement,E:\football_v\.venv\Lib\site-packages\pip\_vendor\rich\syntax.py,
max,E:\football_v\.venv\Lib\site-packages\pip\_vendor\rich\syntax.py,
cell_len,E:\football_v\.venv\Lib\site-packages\pip\_vendor\rich\syntax.py,
Segments,E:\football_v\.venv\Lib\site-packages\pip\_vendor\rich\syntax.py,
Padding,E:\football_v\.venv\Lib\site-packages\pip\_vendor\rich\syntax.py,
_Segment,E:\football_v\.venv\Lib\site-packages\pip\_vendor\rich\syntax.py,
enumerate,E:\football_v\.venv\Lib\site-packages\pip\_vendor\rich\syntax.py,
max,E:\football_v\.venv\Lib\site-packages\pip\_vendor\rich\syntax.py,
len,E:\football_v\.venv\Lib\site-packages\pip\_vendor\rich\syntax.py,
list,E:\football_v\.venv\Lib\site-packages\pip\_vendor\rich\syntax.py,
_Segment,E:\football_v\.venv\Lib\site-packages\pip\_vendor\rich\syntax.py,
loop_first,E:\football_v\.venv\Lib\site-packages\pip\_vendor\rich\syntax.py,
Style,E:\football_v\.venv\Lib\site-packages\pip\_vendor\rich\syntax.py,
Style,E:\football_v\.venv\Lib\site-packages\pip\_vendor\rich\syntax.py,
highlight_line,E:\football_v\.venv\Lib\site-packages\pip\_vendor\rich\syntax.py,
Style,E:\football_v\.venv\Lib\site-packages\pip\_vendor\rich\syntax.py,
_Segment,E:\football_v\.venv\Lib\site-packages\pip\_vendor\rich\syntax.py,
_Segment,E:\football_v\.venv\Lib\site-packages\pip\_vendor\rich\syntax.py,
_Segment,E:\football_v\.venv\Lib\site-packages\pip\_vendor\rich\syntax.py,
_Segment,E:\football_v\.venv\Lib\site-packages\pip\_vendor\rich\syntax.py,
Text,E:\football_v\.venv\Lib\site-packages\pip\_vendor\rich\syntax.py,
str,E:\football_v\.venv\Lib\site-packages\pip\_vendor\rich\syntax.py,
Style,E:\football_v\.venv\Lib\site-packages\pip\_vendor\rich\syntax.py,
_get_code_index_for_syntax_position,E:\football_v\.venv\Lib\site-packages\pip\_vendor\rich\syntax.py,
_get_code_index_for_syntax_position,E:\football_v\.venv\Lib\site-packages\pip\_vendor\rich\syntax.py,
len,E:\football_v\.venv\Lib\site-packages\pip\_vendor\rich\syntax.py,
iter,E:\football_v\.venv\Lib\site-packages\pip\_vendor\rich\syntax.py,
line_tokenize,E:\football_v\.venv\Lib\site-packages\pip\_vendor\rich\syntax.py,
next,E:\football_v\.venv\Lib\site-packages\pip\_vendor\rich\syntax.py,
_get_theme_style,E:\football_v\.venv\Lib\site-packages\pip\_vendor\rich\syntax.py,
replace,E:\football_v\.venv\Lib\site-packages\pip\_vendor\rich\table.py,
list,E:\football_v\.venv\Lib\site-packages\pip\_vendor\rich\table.py,
isinstance,E:\football_v\.venv\Lib\site-packages\pip\_vendor\rich\table.py,
len,E:\football_v\.venv\Lib\site-packages\pip\_vendor\rich\table.py,
append_column,E:\football_v\.venv\Lib\site-packages\pip\_vendor\rich\table.py,
cls,E:\football_v\.venv\Lib\site-packages\pip\_vendor\rich\table.py,
len,E:\football_v\.venv\Lib\site-packages\pip\_vendor\rich\table.py,
len,E:\football_v\.venv\Lib\site-packages\pip\_vendor\rich\table.py,
len,E:\football_v\.venv\Lib\site-packages\pip\_vendor\rich\table.py,
sum,E:\football_v\.venv\Lib\site-packages\pip\_vendor\rich\table.py,
Measurement,E:\football_v\.venv\Lib\site-packages\pip\_vendor\rich\table.py,
Measurement,E:\football_v\.venv\Lib\site-packages\pip\_vendor\rich\table.py,
_measure_column,E:\football_v\.venv\Lib\site-packages\pip\_vendor\rich\table.py,
sum,E:\football_v\.venv\Lib\site-packages\pip\_vendor\rich\table.py,
sum,E:\football_v\.venv\Lib\site-packages\pip\_vendor\rich\table.py,
Column,E:\football_v\.venv\Lib\site-packages\pip\_vendor\rich\table.py,
len,E:\football_v\.venv\Lib\site-packages\pip\_vendor\rich\table.py,
list,E:\football_v\.venv\Lib\site-packages\pip\_vendor\rich\table.py,
enumerate,E:\football_v\.venv\Lib\site-packages\pip\_vendor\rich\table.py,
len,E:\football_v\.venv\Lib\site-packages\pip\_vendor\rich\table.py,
len,E:\football_v\.venv\Lib\site-packages\pip\_vendor\rich\table.py,
Row,E:\football_v\.venv\Lib\site-packages\pip\_vendor\rich\table.py,
len,E:\football_v\.venv\Lib\site-packages\pip\_vendor\rich\table.py,
Column,E:\football_v\.venv\Lib\site-packages\pip\_vendor\rich\table.py,
add_cell,E:\football_v\.venv\Lib\site-packages\pip\_vendor\rich\table.py,
is_renderable,E:\football_v\.venv\Lib\site-packages\pip\_vendor\rich\table.py,
add_cell,E:\football_v\.venv\Lib\site-packages\pip\_vendor\rich\table.py,
add_cell,E:\football_v\.venv\Lib\site-packages\pip\_vendor\rich\table.py,
Text,E:\football_v\.venv\Lib\site-packages\pip\_vendor\rich\table.py,
len,E:\football_v\.venv\Lib\site-packages\pip\_vendor\rich\table.py,
len,E:\football_v\.venv\Lib\site-packages\pip\_vendor\rich\table.py,
type,E:\football_v\.venv\Lib\site-packages\pip\_vendor\rich\table.py,
sum,E:\football_v\.venv\Lib\site-packages\pip\_vendor\rich\table.py,
Segment,E:\football_v\.venv\Lib\site-packages\pip\_vendor\rich\table.py,
isinstance,E:\football_v\.venv\Lib\site-packages\pip\_vendor\rich\table.py,
render_annotation,E:\football_v\.venv\Lib\site-packages\pip\_vendor\rich\table.py,
render_annotation,E:\football_v\.venv\Lib\site-packages\pip\_vendor\rich\table.py,
sum,E:\football_v\.venv\Lib\site-packages\pip\_vendor\rich\table.py,
any,E:\football_v\.venv\Lib\site-packages\pip\_vendor\rich\table.py,
sum,E:\football_v\.venv\Lib\site-packages\pip\_vendor\rich\table.py,
ratio_distribute,E:\football_v\.venv\Lib\site-packages\pip\_vendor\rich\table.py,
ratio_distribute,E:\football_v\.venv\Lib\site-packages\pip\_vendor\rich\table.py,
iter,E:\football_v\.venv\Lib\site-packages\pip\_vendor\rich\table.py,
enumerate,E:\football_v\.venv\Lib\site-packages\pip\_vendor\rich\table.py,
ratio_reduce,E:\football_v\.venv\Lib\site-packages\pip\_vendor\rich\table.py,
sum,E:\football_v\.venv\Lib\site-packages\pip\_vendor\rich\table.py,
min,E:\football_v\.venv\Lib\site-packages\pip\_vendor\rich\table.py,
sum,E:\football_v\.venv\Lib\site-packages\pip\_vendor\rich\table.py,
zip,E:\football_v\.venv\Lib\site-packages\pip\_vendor\rich\table.py,
zip,E:\football_v\.venv\Lib\site-packages\pip\_vendor\rich\table.py,
zip,E:\football_v\.venv\Lib\site-packages\pip\_vendor\rich\table.py,
get_padding_width,E:\football_v\.venv\Lib\site-packages\pip\_vendor\rich\table.py,
len,E:\football_v\.venv\Lib\site-packages\pip\_vendor\rich\table.py,
next,E:\football_v\.venv\Lib\site-packages\pip\_vendor\rich\table.py,
sum,E:\football_v\.venv\Lib\site-packages\pip\_vendor\rich\table.py,
any,E:\football_v\.venv\Lib\site-packages\pip\_vendor\rich\table.py,
max,E:\football_v\.venv\Lib\site-packages\pip\_vendor\rich\table.py,
max,E:\football_v\.venv\Lib\site-packages\pip\_vendor\rich\table.py,
ratio_reduce,E:\football_v\.venv\Lib\site-packages\pip\_vendor\rich\table.py,
sum,E:\football_v\.venv\Lib\site-packages\pip\_vendor\rich\table.py,
len,E:\football_v\.venv\Lib\site-packages\pip\_vendor\rich\table.py,
zip,E:\football_v\.venv\Lib\site-packages\pip\_vendor\rich\table.py,
any,E:\football_v\.venv\Lib\site-packages\pip\_vendor\rich\table.py,
min,E:\football_v\.venv\Lib\site-packages\pip\_vendor\rich\table.py,
zip,E:\football_v\.venv\Lib\site-packages\pip\_vendor\rich\table.py,
zip,E:\football_v\.venv\Lib\site-packages\pip\_vendor\rich\table.py,
any,E:\football_v\.venv\Lib\site-packages\pip\_vendor\rich\table.py,
get_style,E:\football_v\.venv\Lib\site-packages\pip\_vendor\rich\table.py,
_append,E:\football_v\.venv\Lib\site-packages\pip\_vendor\rich\table.py,
_append,E:\football_v\.venv\Lib\site-packages\pip\_vendor\rich\table.py,
_append,E:\football_v\.venv\Lib\site-packages\pip\_vendor\rich\table.py,
loop_first_last,E:\football_v\.venv\Lib\site-packages\pip\_vendor\rich\table.py,
len,E:\football_v\.venv\Lib\site-packages\pip\_vendor\rich\table.py,
get_style,E:\football_v\.venv\Lib\site-packages\pip\_vendor\rich\table.py,
get_style,E:\football_v\.venv\Lib\site-packages\pip\_vendor\rich\table.py,
get_style,E:\football_v\.venv\Lib\site-packages\pip\_vendor\rich\table.py,
get_style,E:\football_v\.venv\Lib\site-packages\pip\_vendor\rich\table.py,
max,E:\football_v\.venv\Lib\site-packages\pip\_vendor\rich\table.py,
max,E:\football_v\.venv\Lib\site-packages\pip\_vendor\rich\table.py,
_Cell,E:\football_v\.venv\Lib\site-packages\pip\_vendor\rich\table.py,
_Cell,E:\football_v\.venv\Lib\site-packages\pip\_vendor\rich\table.py,
_Padding,E:\football_v\.venv\Lib\site-packages\pip\_vendor\rich\table.py,
get_padding,E:\football_v\.venv\Lib\site-packages\pip\_vendor\rich\table.py,
getattr,E:\football_v\.venv\Lib\site-packages\pip\_vendor\rich\table.py,
getattr,E:\football_v\.venv\Lib\site-packages\pip\_vendor\rich\table.py,
max,E:\football_v\.venv\Lib\site-packages\pip\_vendor\rich\table.py,
Measurement,E:\football_v\.venv\Lib\site-packages\pip\_vendor\rich\table.py,
get_render_width,E:\football_v\.venv\Lib\site-packages\pip\_vendor\rich\table.py,
append_min,E:\football_v\.venv\Lib\site-packages\pip\_vendor\rich\table.py,
append_max,E:\football_v\.venv\Lib\site-packages\pip\_vendor\rich\table.py,
Measurement,E:\football_v\.venv\Lib\site-packages\pip\_vendor\rich\table.py,
Measurement,E:\football_v\.venv\Lib\site-packages\pip\_vendor\rich\table.py,
max,E:\football_v\.venv\Lib\site-packages\pip\_vendor\rich\table.py,
max,E:\football_v\.venv\Lib\site-packages\pip\_vendor\rich\table.py,
list,E:\football_v\.venv\Lib\site-packages\pip\_vendor\rich\table.py,
enumerate,E:\football_v\.venv\Lib\site-packages\pip\_vendor\rich\table.py,
zip,E:\football_v\.venv\Lib\site-packages\pip\_vendor\rich\table.py,
loop_first_last,E:\football_v\.venv\Lib\site-packages\pip\_vendor\rich\table.py,
zip,E:\football_v\.venv\Lib\site-packages\pip\_vendor\rich\table.py,
max,E:\football_v\.venv\Lib\site-packages\pip\_vendor\rich\table.py,
enumerate,E:\football_v\.venv\Lib\site-packages\pip\_vendor\rich\table.py,
get_style,E:\football_v\.venv\Lib\site-packages\pip\_vendor\rich\table.py,
max,E:\football_v\.venv\Lib\site-packages\pip\_vendor\rich\table.py,
range,E:\football_v\.venv\Lib\site-packages\pip\_vendor\rich\table.py,
range,E:\football_v\.venv\Lib\site-packages\pip\_vendor\rich\table.py,
_Segment,E:\football_v\.venv\Lib\site-packages\pip\_vendor\rich\table.py,
pick_bool,E:\football_v\.venv\Lib\site-packages\pip\_vendor\rich\table.py,
_Segment,E:\football_v\.venv\Lib\site-packages\pip\_vendor\rich\table.py,
_Segment,E:\football_v\.venv\Lib\site-packages\pip\_vendor\rich\table.py,
_Segment,E:\football_v\.venv\Lib\site-packages\pip\_vendor\rich\table.py,
_Segment,E:\football_v\.venv\Lib\site-packages\pip\_vendor\rich\table.py,
_Segment,E:\football_v\.venv\Lib\site-packages\pip\_vendor\rich\table.py,
_Segment,E:\football_v\.venv\Lib\site-packages\pip\_vendor\rich\table.py,
_Segment,E:\football_v\.venv\Lib\site-packages\pip\_vendor\rich\table.py,
_Segment,E:\football_v\.venv\Lib\site-packages\pip\_vendor\rich\table.py,
_Segment,E:\football_v\.venv\Lib\site-packages\pip\_vendor\rich\table.py,
_Segment,E:\football_v\.venv\Lib\site-packages\pip\_vendor\rich\table.py,
get_row_style,E:\football_v\.venv\Lib\site-packages\pip\_vendor\rich\table.py,
len,E:\football_v\.venv\Lib\site-packages\pip\_vendor\rich\table.py,
len,E:\football_v\.venv\Lib\site-packages\pip\_vendor\rich\table.py,
align_cell,E:\football_v\.venv\Lib\site-packages\pip\_vendor\rich\table.py,
zip,E:\football_v\.venv\Lib\site-packages\pip\_vendor\rich\table.py,
_Segment,E:\football_v\.venv\Lib\site-packages\pip\_vendor\rich\table.py,
loop_last,E:\football_v\.venv\Lib\site-packages\pip\_vendor\rich\table.py,
_Segment,E:\football_v\.venv\Lib\site-packages\pip\_vendor\rich\table.py,
_Segment,E:\football_v\.venv\Lib\site-packages\pip\_vendor\rich\table.py,
get_style,E:\football_v\.venv\Lib\site-packages\pip\_vendor\rich\table.py,
get_style,E:\football_v\.venv\Lib\site-packages\pip\_vendor\rich\table.py,
_Segment,E:\football_v\.venv\Lib\site-packages\pip\_vendor\rich\table.py,
_Segment,E:\football_v\.venv\Lib\site-packages\pip\_vendor\rich\table.py,
len,E:\football_v\.venv\Lib\site-packages\pip\_vendor\rich\table.py,
isinstance,E:\football_v\.venv\Lib\site-packages\pip\_vendor\rich\table.py,
max,E:\football_v\.venv\Lib\site-packages\pip\_vendor\rich\table.py,
max,E:\football_v\.venv\Lib\site-packages\pip\_vendor\rich\table.py,
highlight,E:\football_v\.venv\Lib\site-packages\pip\_vendor\rich\table.py,
ColorTriplet,E:\football_v\.venv\Lib\site-packages\pip\_vendor\rich\terminal_theme.py,
ColorTriplet,E:\football_v\.venv\Lib\site-packages\pip\_vendor\rich\terminal_theme.py,
Palette,E:\football_v\.venv\Lib\site-packages\pip\_vendor\rich\terminal_theme.py,
Span,E:\football_v\.venv\Lib\site-packages\pip\_vendor\rich\text.py,
Span,E:\football_v\.venv\Lib\site-packages\pip\_vendor\rich\text.py,
min,E:\football_v\.venv\Lib\site-packages\pip\_vendor\rich\text.py,
Span,E:\football_v\.venv\Lib\site-packages\pip\_vendor\rich\text.py,
Span,E:\football_v\.venv\Lib\site-packages\pip\_vendor\rich\text.py,
min,E:\football_v\.venv\Lib\site-packages\pip\_vendor\rich\text.py,
Span,E:\football_v\.venv\Lib\site-packages\pip\_vendor\rich\text.py,
strip_control_codes,E:\football_v\.venv\Lib\site-packages\pip\_vendor\rich\text.py,
len,E:\football_v\.venv\Lib\site-packages\pip\_vendor\rich\text.py,
bool,E:\football_v\.venv\Lib\site-packages\pip\_vendor\rich\text.py,
isinstance,E:\football_v\.venv\Lib\site-packages\pip\_vendor\rich\text.py,
isinstance,E:\football_v\.venv\Lib\site-packages\pip\_vendor\rich\text.py,
isinstance,E:\football_v\.venv\Lib\site-packages\pip\_vendor\rich\text.py,
isinstance,E:\football_v\.venv\Lib\site-packages\pip\_vendor\rich\text.py,
isinstance,E:\football_v\.venv\Lib\site-packages\pip\_vendor\rich\text.py,
Text,E:\football_v\.venv\Lib\site-packages\pip\_vendor\rich\text.py,
get_text_at,E:\football_v\.venv\Lib\site-packages\pip\_vendor\rich\text.py,
len,E:\football_v\.venv\Lib\site-packages\pip\_vendor\rich\text.py,
TypeError,E:\football_v\.venv\Lib\site-packages\pip\_vendor\rich\text.py,
_Span,E:\football_v\.venv\Lib\site-packages\pip\_vendor\rich\text.py,
cell_len,E:\football_v\.venv\Lib\site-packages\pip\_vendor\rich\text.py,
len,E:\football_v\.venv\Lib\site-packages\pip\_vendor\rich\text.py,
itemgetter,E:\football_v\.venv\Lib\site-packages\pip\_vendor\rich\text.py,
append,E:\football_v\.venv\Lib\site-packages\pip\_vendor\rich\text.py,
append,E:\football_v\.venv\Lib\site-packages\pip\_vendor\rich\text.py,
escape,E:\football_v\.venv\Lib\site-packages\pip\_vendor\rich\text.py,
render,E:\football_v\.venv\Lib\site-packages\pip\_vendor\rich\text.py,
Text,E:\football_v\.venv\Lib\site-packages\pip\_vendor\rich\text.py,
AnsiDecoder,E:\football_v\.venv\Lib\site-packages\pip\_vendor\rich\text.py,
cls,E:\football_v\.venv\Lib\site-packages\pip\_vendor\rich\text.py,
cls,E:\football_v\.venv\Lib\site-packages\pip\_vendor\rich\text.py,
isinstance,E:\football_v\.venv\Lib\site-packages\pip\_vendor\rich\text.py,
append,E:\football_v\.venv\Lib\site-packages\pip\_vendor\rich\text.py,
append,E:\football_v\.venv\Lib\site-packages\pip\_vendor\rich\text.py,
len,E:\football_v\.venv\Lib\site-packages\pip\_vendor\rich\text.py,
strip_control_codes,E:\football_v\.venv\Lib\site-packages\pip\_vendor\rich\text.py,
len,E:\football_v\.venv\Lib\site-packages\pip\_vendor\rich\text.py,
Text,E:\football_v\.venv\Lib\site-packages\pip\_vendor\rich\text.py,
Text,E:\football_v\.venv\Lib\site-packages\pip\_vendor\rich\text.py,
len,E:\football_v\.venv\Lib\site-packages\pip\_vendor\rich\text.py,
Span,E:\football_v\.venv\Lib\site-packages\pip\_vendor\rich\text.py,
min,E:\football_v\.venv\Lib\site-packages\pip\_vendor\rich\text.py,
len,E:\football_v\.venv\Lib\site-packages\pip\_vendor\rich\text.py,
Span,E:\football_v\.venv\Lib\site-packages\pip\_vendor\rich\text.py,
min,E:\football_v\.venv\Lib\site-packages\pip\_vendor\rich\text.py,
len,E:\football_v\.venv\Lib\site-packages\pip\_vendor\rich\text.py,
len,E:\football_v\.venv\Lib\site-packages\pip\_vendor\rich\text.py,
get_style,E:\football_v\.venv\Lib\site-packages\pip\_vendor\rich\text.py,
get_style,E:\football_v\.venv\Lib\site-packages\pip\_vendor\rich\text.py,
len,E:\football_v\.venv\Lib\site-packages\pip\_vendor\rich\text.py,
isinstance,E:\football_v\.venv\Lib\site-packages\pip\_vendor\rich\text.py,
get_span,E:\football_v\.venv\Lib\site-packages\pip\_vendor\rich\text.py,
get_span,E:\football_v\.venv\Lib\site-packages\pip\_vendor\rich\text.py,
callable,E:\football_v\.venv\Lib\site-packages\pip\_vendor\rich\text.py,
style,E:\football_v\.venv\Lib\site-packages\pip\_vendor\rich\text.py,
append_span,E:\football_v\.venv\Lib\site-packages\pip\_vendor\rich\text.py,
append_span,E:\football_v\.venv\Lib\site-packages\pip\_vendor\rich\text.py,
_Span,E:\football_v\.venv\Lib\site-packages\pip\_vendor\rich\text.py,
_Span,E:\football_v\.venv\Lib\site-packages\pip\_vendor\rich\text.py,
add_span,E:\football_v\.venv\Lib\site-packages\pip\_vendor\rich\text.py,
_Span,E:\football_v\.venv\Lib\site-packages\pip\_vendor\rich\text.py,
len,E:\football_v\.venv\Lib\site-packages\pip\_vendor\rich\text.py,
len,E:\football_v\.venv\Lib\site-packages\pip\_vendor\rich\text.py,
min,E:\football_v\.venv\Lib\site-packages\pip\_vendor\rich\text.py,
len,E:\football_v\.venv\Lib\site-packages\pip\_vendor\rich\text.py,
pick_bool,E:\football_v\.venv\Lib\site-packages\pip\_vendor\rich\text.py,
Text,E:\football_v\.venv\Lib\site-packages\pip\_vendor\rich\text.py,
Measurement,E:\football_v\.venv\Lib\site-packages\pip\_vendor\rich\text.py,
max,E:\football_v\.venv\Lib\site-packages\pip\_vendor\rich\text.py,
max,E:\football_v\.venv\Lib\site-packages\pip\_vendor\rich\text.py,
cell_len,E:\football_v\.venv\Lib\site-packages\pip\_vendor\rich\text.py,
cell_len,E:\football_v\.venv\Lib\site-packages\pip\_vendor\rich\text.py,
partial,E:\football_v\.venv\Lib\site-packages\pip\_vendor\rich\text.py,
list,E:\football_v\.venv\Lib\site-packages\pip\_vendor\rich\text.py,
get_style,E:\football_v\.venv\Lib\site-packages\pip\_vendor\rich\text.py,
zip,E:\football_v\.venv\Lib\site-packages\pip\_vendor\rich\text.py,
enumerate,E:\football_v\.venv\Lib\site-packages\pip\_vendor\rich\text.py,
get_style,E:\football_v\.venv\Lib\site-packages\pip\_vendor\rich\text.py,
tuple,E:\football_v\.venv\Lib\site-packages\pip\_vendor\rich\text.py,
style_cache_get,E:\football_v\.venv\Lib\site-packages\pip\_vendor\rich\text.py,
combine,E:\football_v\.venv\Lib\site-packages\pip\_vendor\rich\text.py,
Segment,E:\football_v\.venv\Lib\site-packages\pip\_vendor\rich\text.py,
len,E:\football_v\.venv\Lib\site-packages\pip\_vendor\rich\text.py,
itemgetter,E:\football_v\.venv\Lib\site-packages\pip\_vendor\rich\text.py,
stack_pop,E:\football_v\.venv\Lib\site-packages\pip\_vendor\rich\text.py,
stack_append,E:\football_v\.venv\Lib\site-packages\pip\_vendor\rich\text.py,
_Segment,E:\football_v\.venv\Lib\site-packages\pip\_vendor\rich\text.py,
_Segment,E:\football_v\.venv\Lib\site-packages\pip\_vendor\rich\text.py,
_Segment,E:\football_v\.venv\Lib\site-packages\pip\_vendor\rich\text.py,
sorted,E:\football_v\.venv\Lib\site-packages\pip\_vendor\rich\text.py,
get_current_style,E:\football_v\.venv\Lib\site-packages\pip\_vendor\rich\text.py,
iter_text,E:\football_v\.venv\Lib\site-packages\pip\_vendor\rich\text.py,
extend_text,E:\football_v\.venv\Lib\site-packages\pip\_vendor\rich\text.py,
extend_spans,E:\football_v\.venv\Lib\site-packages\pip\_vendor\rich\text.py,
len,E:\football_v\.venv\Lib\site-packages\pip\_vendor\rich\text.py,
loop_last,E:\football_v\.venv\Lib\site-packages\pip\_vendor\rich\text.py,
append_span,E:\football_v\.venv\Lib\site-packages\pip\_vendor\rich\text.py,
_Span,E:\football_v\.venv\Lib\site-packages\pip\_vendor\rich\text.py,
_Span,E:\football_v\.venv\Lib\site-packages\pip\_vendor\rich\text.py,
len,E:\football_v\.venv\Lib\site-packages\pip\_vendor\rich\text.py,
len,E:\football_v\.venv\Lib\site-packages\pip\_vendor\rich\text.py,
append,E:\football_v\.venv\Lib\site-packages\pip\_vendor\rich\text.py,
Text,E:\football_v\.venv\Lib\site-packages\pip\_vendor\rich\text.py,
append,E:\football_v\.venv\Lib\site-packages\pip\_vendor\rich\text.py,
cell_len,E:\football_v\.venv\Lib\site-packages\pip\_vendor\rich\text.py,
len,E:\football_v\.venv\Lib\site-packages\pip\_vendor\rich\text.py,
set_cell_size,E:\football_v\.venv\Lib\site-packages\pip\_vendor\rich\text.py,
set_cell_size,E:\football_v\.venv\Lib\site-packages\pip\_vendor\rich\text.py,
len,E:\football_v\.venv\Lib\site-packages\pip\_vendor\rich\text.py,
_Span,E:\football_v\.venv\Lib\site-packages\pip\_vendor\rich\text.py,
min,E:\football_v\.venv\Lib\site-packages\pip\_vendor\rich\text.py,
len,E:\football_v\.venv\Lib\site-packages\pip\_vendor\rich\text.py,
_Span,E:\football_v\.venv\Lib\site-packages\pip\_vendor\rich\text.py,
len,E:\football_v\.venv\Lib\site-packages\pip\_vendor\rich\text.py,
_Span,E:\football_v\.venv\Lib\site-packages\pip\_vendor\rich\text.py,
len,E:\football_v\.venv\Lib\site-packages\pip\_vendor\rich\text.py,
cell_len,E:\football_v\.venv\Lib\site-packages\pip\_vendor\rich\text.py,
len,E:\football_v\.venv\Lib\site-packages\pip\_vendor\rich\text.py,
isinstance,E:\football_v\.venv\Lib\site-packages\pip\_vendor\rich\text.py,
TypeError,E:\football_v\.venv\Lib\site-packages\pip\_vendor\rich\text.py,
isinstance,E:\football_v\.venv\Lib\site-packages\pip\_vendor\rich\text.py,
strip_control_codes,E:\football_v\.venv\Lib\site-packages\pip\_vendor\rich\text.py,
len,E:\football_v\.venv\Lib\site-packages\pip\_vendor\rich\text.py,
len,E:\football_v\.venv\Lib\site-packages\pip\_vendor\rich\text.py,
isinstance,E:\football_v\.venv\Lib\site-packages\pip\_vendor\rich\text.py,
len,E:\football_v\.venv\Lib\site-packages\pip\_vendor\rich\text.py,
Span,E:\football_v\.venv\Lib\site-packages\pip\_vendor\rich\text.py,
ValueError,E:\football_v\.venv\Lib\site-packages\pip\_vendor\rich\text.py,
_Span,E:\football_v\.venv\Lib\site-packages\pip\_vendor\rich\text.py,
_Span,E:\football_v\.venv\Lib\site-packages\pip\_vendor\rich\text.py,
len,E:\football_v\.venv\Lib\site-packages\pip\_vendor\rich\text.py,
len,E:\football_v\.venv\Lib\site-packages\pip\_vendor\rich\text.py,
_Span,E:\football_v\.venv\Lib\site-packages\pip\_vendor\rich\text.py,
_Span,E:\football_v\.venv\Lib\site-packages\pip\_vendor\rich\text.py,
len,E:\football_v\.venv\Lib\site-packages\pip\_vendor\rich\text.py,
len,E:\football_v\.venv\Lib\site-packages\pip\_vendor\rich\text.py,
strip_control_codes,E:\football_v\.venv\Lib\site-packages\pip\_vendor\rich\text.py,
append_text,E:\football_v\.venv\Lib\site-packages\pip\_vendor\rich\text.py,
len,E:\football_v\.venv\Lib\site-packages\pip\_vendor\rich\text.py,
append_span,E:\football_v\.venv\Lib\site-packages\pip\_vendor\rich\text.py,
_Span,E:\football_v\.venv\Lib\site-packages\pip\_vendor\rich\text.py,
len,E:\football_v\.venv\Lib\site-packages\pip\_vendor\rich\text.py,
Lines,E:\football_v\.venv\Lib\site-packages\pip\_vendor\rich\text.py,
Lines,E:\football_v\.venv\Lib\site-packages\pip\_vendor\rich\text.py,
flatten_spans,E:\football_v\.venv\Lib\site-packages\pip\_vendor\rich\text.py,
list,E:\football_v\.venv\Lib\site-packages\pip\_vendor\rich\text.py,
len,E:\football_v\.venv\Lib\site-packages\pip\_vendor\rich\text.py,
list,E:\football_v\.venv\Lib\site-packages\pip\_vendor\rich\text.py,
Lines,E:\football_v\.venv\Lib\site-packages\pip\_vendor\rich\text.py,
len,E:\football_v\.venv\Lib\site-packages\pip\_vendor\rich\text.py,
Lines,E:\football_v\.venv\Lib\site-packages\pip\_vendor\rich\text.py,
zip,E:\football_v\.venv\Lib\site-packages\pip\_vendor\rich\text.py,
range,E:\football_v\.venv\Lib\site-packages\pip\_vendor\rich\text.py,
_Text,E:\football_v\.venv\Lib\site-packages\pip\_vendor\rich\text.py,
max,E:\football_v\.venv\Lib\site-packages\pip\_vendor\rich\text.py,
min,E:\football_v\.venv\Lib\site-packages\pip\_vendor\rich\text.py,
_Span,E:\football_v\.venv\Lib\site-packages\pip\_vendor\rich\text.py,
len,E:\football_v\.venv\Lib\site-packages\pip\_vendor\rich\text.py,
_Span,E:\football_v\.venv\Lib\site-packages\pip\_vendor\rich\text.py,
min,E:\football_v\.venv\Lib\site-packages\pip\_vendor\rich\text.py,
Lines,E:\football_v\.venv\Lib\site-packages\pip\_vendor\rich\text.py,
pick_bool,E:\football_v\.venv\Lib\site-packages\pip\_vendor\rich\text.py,
Lines,E:\football_v\.venv\Lib\site-packages\pip\_vendor\rich\text.py,
divide_line,E:\football_v\.venv\Lib\site-packages\pip\_vendor\rich\text.py,
str,E:\football_v\.venv\Lib\site-packages\pip\_vendor\rich\text.py,
Lines,E:\football_v\.venv\Lib\site-packages\pip\_vendor\rich\text.py,
append,E:\football_v\.venv\Lib\site-packages\pip\_vendor\rich\text.py,
len,E:\football_v\.venv\Lib\site-packages\pip\_vendor\rich\text.py,
reduce,E:\football_v\.venv\Lib\site-packages\pip\_vendor\rich\text.py,
divmod,E:\football_v\.venv\Lib\site-packages\pip\_vendor\rich\text.py,
add_line,E:\football_v\.venv\Lib\site-packages\pip\_vendor\rich\text.py,
len,E:\football_v\.venv\Lib\site-packages\pip\_vendor\rich\text.py,
len,E:\football_v\.venv\Lib\site-packages\pip\_vendor\rich\text.py,
len,E:\football_v\.venv\Lib\site-packages\pip\_vendor\rich\text.py,
Text,E:\football_v\.venv\Lib\site-packages\pip\_vendor\rich\text.py,
Text,E:\football_v\.venv\Lib\site-packages\pip\_vendor\rich\text.py,
Text,E:\football_v\.venv\Lib\site-packages\pip\_vendor\rich\text.py,
_Span,E:\football_v\.venv\Lib\site-packages\pip\_vendor\rich\text.py,
tuple,E:\football_v\.venv\Lib\site-packages\pip\_vendor\rich\text.py,
style_cache_get,E:\football_v\.venv\Lib\site-packages\pip\_vendor\rich\text.py,
combine,E:\football_v\.venv\Lib\site-packages\pip\_vendor\rich\text.py,
sorted,E:\football_v\.venv\Lib\site-packages\pip\_vendor\rich\text.py,
loop_last,E:\football_v\.venv\Lib\site-packages\pip\_vendor\rich\text.py,
isinstance,E:\football_v\.venv\Lib\site-packages\pip\_vendor\rich\theme.py,
sorted,E:\football_v\.venv\Lib\site-packages\pip\_vendor\rich\theme.py,
Theme,E:\football_v\.venv\Lib\site-packages\pip\_vendor\rich\theme.py,
open,E:\football_v\.venv\Lib\site-packages\pip\_vendor\rich\theme.py,
len,E:\football_v\.venv\Lib\site-packages\pip\_vendor\rich\theme.py,
ThemeStackError,E:\football_v\.venv\Lib\site-packages\pip\_vendor\rich\theme.py,
Console,E:\football_v\.venv\Lib\site-packages\pip\_vendor\rich\traceback.py,
get_ipython,E:\football_v\.venv\Lib\site-packages\pip\_vendor\rich\traceback.py,
ipy_excepthook_closure,E:\football_v\.venv\Lib\site-packages\pip\_vendor\rich\traceback.py,
default_showtraceback,E:\football_v\.venv\Lib\site-packages\pip\_vendor\rich\traceback.py,
range,E:\football_v\.venv\Lib\site-packages\pip\_vendor\rich\traceback.py,
excepthook,E:\football_v\.venv\Lib\site-packages\pip\_vendor\rich\traceback.py,
ipy_display_traceback,E:\football_v\.venv\Lib\site-packages\pip\_vendor\rich\traceback.py,
bool,E:\football_v\.venv\Lib\site-packages\pip\_vendor\rich\traceback.py,
bool,E:\football_v\.venv\Lib\site-packages\pip\_vendor\rich\traceback.py,
default_showtraceback,E:\football_v\.venv\Lib\site-packages\pip\_vendor\rich\traceback.py,
range,E:\football_v\.venv\Lib\site-packages\pip\_vendor\rich\traceback.py,
excepthook,E:\football_v\.venv\Lib\site-packages\pip\_vendor\rich\traceback.py,
ipy_display_traceback,E:\football_v\.venv\Lib\site-packages\pip\_vendor\rich\traceback.py,
max,E:\football_v\.venv\Lib\site-packages\pip\_vendor\rich\traceback.py,
ValueError,E:\football_v\.venv\Lib\site-packages\pip\_vendor\rich\traceback.py,
isinstance,E:\football_v\.venv\Lib\site-packages\pip\_vendor\rich\traceback.py,
cls,E:\football_v\.venv\Lib\site-packages\pip\_vendor\rich\traceback.py,
Trace,E:\football_v\.venv\Lib\site-packages\pip\_vendor\rich\traceback.py,
Stack,E:\football_v\.venv\Lib\site-packages\pip\_vendor\rich\traceback.py,
isinstance,E:\football_v\.venv\Lib\site-packages\pip\_vendor\rich\traceback.py,
walk_tb,E:\football_v\.venv\Lib\site-packages\pip\_vendor\rich\traceback.py,
getattr,E:\football_v\.venv\Lib\site-packages\pip\_vendor\rich\traceback.py,
str,E:\football_v\.venv\Lib\site-packages\pip\_vendor\rich\traceback.py,
_SyntaxError,E:\football_v\.venv\Lib\site-packages\pip\_vendor\rich\traceback.py,
Frame,E:\football_v\.venv\Lib\site-packages\pip\_vendor\rich\traceback.py,
append,E:\football_v\.venv\Lib\site-packages\pip\_vendor\rich\traceback.py,
safe_str,E:\football_v\.venv\Lib\site-packages\pip\_vendor\rich\traceback.py,
safe_str,E:\football_v\.venv\Lib\site-packages\pip\_vendor\rich\traceback.py,
next,E:\football_v\.venv\Lib\site-packages\pip\_vendor\rich\traceback.py,
getattr,E:\football_v\.venv\Lib\site-packages\pip\_vendor\rich\traceback.py,
islice,E:\football_v\.venv\Lib\site-packages\pip\_vendor\rich\traceback.py,
get_locals,E:\football_v\.venv\Lib\site-packages\pip\_vendor\rich\traceback.py,
Theme,E:\football_v\.venv\Lib\site-packages\pip\_vendor\rich\traceback.py,
ReprHighlighter,E:\football_v\.venv\Lib\site-packages\pip\_vendor\rich\traceback.py,
loop_last,E:\football_v\.venv\Lib\site-packages\pip\_vendor\rich\traceback.py,
reversed,E:\football_v\.venv\Lib\site-packages\pip\_vendor\rich\traceback.py,
token_style,E:\football_v\.venv\Lib\site-packages\pip\_vendor\rich\traceback.py,
token_style,E:\football_v\.venv\Lib\site-packages\pip\_vendor\rich\traceback.py,
token_style,E:\football_v\.venv\Lib\site-packages\pip\_vendor\rich\traceback.py,
token_style,E:\football_v\.venv\Lib\site-packages\pip\_vendor\rich\traceback.py,
token_style,E:\football_v\.venv\Lib\site-packages\pip\_vendor\rich\traceback.py,
token_style,E:\football_v\.venv\Lib\site-packages\pip\_vendor\rich\traceback.py,
token_style,E:\football_v\.venv\Lib\site-packages\pip\_vendor\rich\traceback.py,
token_style,E:\football_v\.venv\Lib\site-packages\pip\_vendor\rich\traceback.py,
token_style,E:\football_v\.venv\Lib\site-packages\pip\_vendor\rich\traceback.py,
token_style,E:\football_v\.venv\Lib\site-packages\pip\_vendor\rich\traceback.py,
token_style,E:\football_v\.venv\Lib\site-packages\pip\_vendor\rich\traceback.py,
token_style,E:\football_v\.venv\Lib\site-packages\pip\_vendor\rich\traceback.py,
token_style,E:\football_v\.venv\Lib\site-packages\pip\_vendor\rich\traceback.py,
Panel,E:\football_v\.venv\Lib\site-packages\pip\_vendor\rich\traceback.py,
Constrain,E:\football_v\.venv\Lib\site-packages\pip\_vendor\rich\traceback.py,
token_style,E:\football_v\.venv\Lib\site-packages\pip\_vendor\rich\traceback.py,
Style,E:\football_v\.venv\Lib\site-packages\pip\_vendor\rich\traceback.py,
token_style,E:\football_v\.venv\Lib\site-packages\pip\_vendor\rich\traceback.py,
Style,E:\football_v\.venv\Lib\site-packages\pip\_vendor\rich\traceback.py,
token_style,E:\football_v\.venv\Lib\site-packages\pip\_vendor\rich\traceback.py,
Style,E:\football_v\.venv\Lib\site-packages\pip\_vendor\rich\traceback.py,
Constrain,E:\football_v\.venv\Lib\site-packages\pip\_vendor\rich\traceback.py,
highlighter,E:\football_v\.venv\Lib\site-packages\pip\_vendor\rich\traceback.py,
Panel,E:\football_v\.venv\Lib\site-packages\pip\_vendor\rich\traceback.py,
highlighter,E:\football_v\.venv\Lib\site-packages\pip\_vendor\rich\traceback.py,
group,E:\football_v\.venv\Lib\site-packages\pip\_vendor\rich\traceback.py,
ReprHighlighter,E:\football_v\.venv\Lib\site-packages\pip\_vendor\rich\traceback.py,
PathHighlighter,E:\football_v\.venv\Lib\site-packages\pip\_vendor\rich\traceback.py,
highlighter,E:\football_v\.venv\Lib\site-packages\pip\_vendor\rich\traceback.py,
min,E:\football_v\.venv\Lib\site-packages\pip\_vendor\rich\traceback.py,
len,E:\football_v\.venv\Lib\site-packages\pip\_vendor\rich\traceback.py,
path_highlighter,E:\football_v\.venv\Lib\site-packages\pip\_vendor\rich\traceback.py,
str,E:\football_v\.venv\Lib\site-packages\pip\_vendor\rich\traceback.py,
guess_lexer_for_filename,E:\football_v\.venv\Lib\site-packages\pip\_vendor\rich\traceback.py,
group,E:\football_v\.venv\Lib\site-packages\pip\_vendor\rich\traceback.py,
PathHighlighter,E:\football_v\.venv\Lib\site-packages\pip\_vendor\rich\traceback.py,
enumerate,E:\football_v\.venv\Lib\site-packages\pip\_vendor\rich\traceback.py,
range,E:\football_v\.venv\Lib\site-packages\pip\_vendor\rich\traceback.py,
any,E:\football_v\.venv\Lib\site-packages\pip\_vendor\rich\traceback.py,
render_scope,E:\football_v\.venv\Lib\site-packages\pip\_vendor\rich\traceback.py,
len,E:\football_v\.venv\Lib\site-packages\pip\_vendor\rich\traceback.py,
Text,E:\football_v\.venv\Lib\site-packages\pip\_vendor\rich\traceback.py,
path_highlighter,E:\football_v\.venv\Lib\site-packages\pip\_vendor\rich\traceback.py,
render_locals,E:\football_v\.venv\Lib\site-packages\pip\_vendor\rich\traceback.py,
read_code,E:\football_v\.venv\Lib\site-packages\pip\_vendor\rich\traceback.py,
Syntax,E:\football_v\.venv\Lib\site-packages\pip\_vendor\rich\traceback.py,
Text,E:\football_v\.venv\Lib\site-packages\pip\_vendor\rich\traceback.py,
str,E:\football_v\.venv\Lib\site-packages\pip\_vendor\rich\traceback.py,
str,E:\football_v\.venv\Lib\site-packages\pip\_vendor\rich\traceback.py,
Columns,E:\football_v\.venv\Lib\site-packages\pip\_vendor\rich\traceback.py,
len,E:\football_v\.venv\Lib\site-packages\pip\_vendor\rich\traceback.py,
render_locals,E:\football_v\.venv\Lib\site-packages\pip\_vendor\rich\traceback.py,
print,E:\football_v\.venv\Lib\site-packages\pip\_vendor\rich\traceback.py,
bar,E:\football_v\.venv\Lib\site-packages\pip\_vendor\rich\traceback.py,
foo,E:\football_v\.venv\Lib\site-packages\pip\_vendor\rich\traceback.py,
default_showtraceback,E:\football_v\.venv\Lib\site-packages\pip\_vendor\rich\traceback.py,
range,E:\football_v\.venv\Lib\site-packages\pip\_vendor\rich\traceback.py,
excepthook,E:\football_v\.venv\Lib\site-packages\pip\_vendor\rich\traceback.py,
str,E:\football_v\.venv\Lib\site-packages\pip\_vendor\rich\traceback.py,
render_scope,E:\football_v\.venv\Lib\site-packages\pip\_vendor\rich\traceback.py,
Tree,E:\football_v\.venv\Lib\site-packages\pip\_vendor\rich\tree.py,
range,E:\football_v\.venv\Lib\site-packages\pip\_vendor\rich\tree.py,
push,E:\football_v\.venv\Lib\site-packages\pip\_vendor\rich\tree.py,
StyleStack,E:\football_v\.venv\Lib\site-packages\pip\_vendor\rich\tree.py,
StyleStack,E:\football_v\.venv\Lib\site-packages\pip\_vendor\rich\tree.py,
Style,E:\football_v\.venv\Lib\site-packages\pip\_vendor\rich\tree.py,
get_style,E:\football_v\.venv\Lib\site-packages\pip\_vendor\rich\tree.py,
_Segment,E:\football_v\.venv\Lib\site-packages\pip\_vendor\rich\tree.py,
make_guide,E:\football_v\.venv\Lib\site-packages\pip\_vendor\rich\tree.py,
iter,E:\football_v\.venv\Lib\site-packages\pip\_vendor\rich\tree.py,
get_style,E:\football_v\.venv\Lib\site-packages\pip\_vendor\rich\tree.py,
get_style,E:\football_v\.venv\Lib\site-packages\pip\_vendor\rich\tree.py,
pop,E:\football_v\.venv\Lib\site-packages\pip\_vendor\rich\tree.py,
push,E:\football_v\.venv\Lib\site-packages\pip\_vendor\rich\tree.py,
loop_last,E:\football_v\.venv\Lib\site-packages\pip\_vendor\rich\tree.py,
next,E:\football_v\.venv\Lib\site-packages\pip\_vendor\rich\tree.py,
make_guide,E:\football_v\.venv\Lib\site-packages\pip\_vendor\rich\tree.py,
get_style,E:\football_v\.venv\Lib\site-packages\pip\_vendor\rich\tree.py,
get_style,E:\football_v\.venv\Lib\site-packages\pip\_vendor\rich\tree.py,
Styled,E:\football_v\.venv\Lib\site-packages\pip\_vendor\rich\tree.py,
loop_first,E:\football_v\.venv\Lib\site-packages\pip\_vendor\rich\tree.py,
make_guide,E:\football_v\.venv\Lib\site-packages\pip\_vendor\rich\tree.py,
push,E:\football_v\.venv\Lib\site-packages\pip\_vendor\rich\tree.py,
make_guide,E:\football_v\.venv\Lib\site-packages\pip\_vendor\rich\tree.py,
get_style,E:\football_v\.venv\Lib\site-packages\pip\_vendor\rich\tree.py,
get_style,E:\football_v\.venv\Lib\site-packages\pip\_vendor\rich\tree.py,
iter,E:\football_v\.venv\Lib\site-packages\pip\_vendor\rich\tree.py,
make_guide,E:\football_v\.venv\Lib\site-packages\pip\_vendor\rich\tree.py,
make_guide,E:\football_v\.venv\Lib\site-packages\pip\_vendor\rich\tree.py,
loop_last,E:\football_v\.venv\Lib\site-packages\pip\_vendor\rich\tree.py,
sum,E:\football_v\.venv\Lib\site-packages\pip\_vendor\rich\tree.py,
len,E:\football_v\.venv\Lib\site-packages\pip\_vendor\rich\tree.py,
Measurement,E:\football_v\.venv\Lib\site-packages\pip\_vendor\rich\tree.py,
iter,E:\football_v\.venv\Lib\site-packages\pip\_vendor\rich\tree.py,
pop,E:\football_v\.venv\Lib\site-packages\pip\_vendor\rich\tree.py,
push,E:\football_v\.venv\Lib\site-packages\pip\_vendor\rich\tree.py,
measure,E:\football_v\.venv\Lib\site-packages\pip\_vendor\rich\tree.py,
max,E:\football_v\.venv\Lib\site-packages\pip\_vendor\rich\tree.py,
max,E:\football_v\.venv\Lib\site-packages\pip\_vendor\rich\tree.py,
next,E:\football_v\.venv\Lib\site-packages\pip\_vendor\rich\tree.py,
push,E:\football_v\.venv\Lib\site-packages\pip\_vendor\rich\tree.py,
iter,E:\football_v\.venv\Lib\site-packages\pip\_vendor\rich\tree.py,
_Segment,E:\football_v\.venv\Lib\site-packages\pip\_vendor\rich\tree.py,
_emoji_sub,E:\football_v\.venv\Lib\site-packages\pip\_vendor\rich\_emoji_replace.py,
get_emoji,E:\football_v\.venv\Lib\site-packages\pip\_vendor\rich\_emoji_replace.py,
get_variant,E:\football_v\.venv\Lib\site-packages\pip\_vendor\rich\_emoji_replace.py,
get_emoji,E:\football_v\.venv\Lib\site-packages\pip\_vendor\rich\_emoji_replace.py,
get_variant,E:\football_v\.venv\Lib\site-packages\pip\_vendor\rich\_emoji_replace.py,
install,E:\football_v\.venv\Lib\site-packages\pip\_vendor\rich\_extension.py,
tr_install,E:\football_v\.venv\Lib\site-packages\pip\_vendor\rich\_extension.py,
getattr,E:\football_v\.venv\Lib\site-packages\pip\_vendor\rich\_fileno.py,
fileno,E:\football_v\.venv\Lib\site-packages\pip\_vendor\rich\_fileno.py,
getattr,E:\football_v\.venv\Lib\site-packages\pip\_vendor\rich\_inspect.py,
hasattr,E:\football_v\.venv\Lib\site-packages\pip\_vendor\rich\_inspect.py,
type,E:\football_v\.venv\Lib\site-packages\pip\_vendor\rich\_inspect.py,
get_object_types_mro,E:\football_v\.venv\Lib\site-packages\pip\_vendor\rich\_inspect.py,
getattr,E:\football_v\.venv\Lib\site-packages\pip\_vendor\rich\_inspect.py,
getattr,E:\football_v\.venv\Lib\site-packages\pip\_vendor\rich\_inspect.py,
get_object_types_mro_as_strings,E:\football_v\.venv\Lib\site-packages\pip\_vendor\rich\_inspect.py,
ReprHighlighter,E:\football_v\.venv\Lib\site-packages\pip\_vendor\rich\_inspect.py,
str,E:\football_v\.venv\Lib\site-packages\pip\_vendor\rich\_inspect.py,
str,E:\football_v\.venv\Lib\site-packages\pip\_vendor\rich\_inspect.py,
isclass,E:\football_v\.venv\Lib\site-packages\pip\_vendor\rich\_inspect.py,
callable,E:\football_v\.venv\Lib\site-packages\pip\_vendor\rich\_inspect.py,
ismodule,E:\football_v\.venv\Lib\site-packages\pip\_vendor\rich\_inspect.py,
type,E:\football_v\.venv\Lib\site-packages\pip\_vendor\rich\_inspect.py,
Group,E:\football_v\.venv\Lib\site-packages\pip\_vendor\rich\_inspect.py,
Text,E:\football_v\.venv\Lib\site-packages\pip\_vendor\rich\_inspect.py,
getfile,E:\football_v\.venv\Lib\site-packages\pip\_vendor\rich\_inspect.py,
getattr,E:\football_v\.venv\Lib\site-packages\pip\_vendor\rich\_inspect.py,
str,E:\football_v\.venv\Lib\site-packages\pip\_vendor\rich\_inspect.py,
signature,E:\football_v\.venv\Lib\site-packages\pip\_vendor\rich\_inspect.py,
dir,E:\football_v\.venv\Lib\site-packages\pip\_vendor\rich\_inspect.py,
len,E:\football_v\.venv\Lib\site-packages\pip\_vendor\rich\_inspect.py,
callable,E:\football_v\.venv\Lib\site-packages\pip\_vendor\rich\_inspect.py,
len,E:\football_v\.venv\Lib\site-packages\pip\_vendor\rich\_inspect.py,
callable,E:\football_v\.venv\Lib\site-packages\pip\_vendor\rich\_inspect.py,
callable,E:\football_v\.venv\Lib\site-packages\pip\_vendor\rich\_inspect.py,
safe_getattr,E:\football_v\.venv\Lib\site-packages\pip\_vendor\rich\_inspect.py,
Text,E:\football_v\.venv\Lib\site-packages\pip\_vendor\rich\_inspect.py,
highlighter,E:\football_v\.venv\Lib\site-packages\pip\_vendor\rich\_inspect.py,
Panel,E:\football_v\.venv\Lib\site-packages\pip\_vendor\rich\_inspect.py,
add_row,E:\football_v\.venv\Lib\site-packages\pip\_vendor\rich\_inspect.py,
add_row,E:\football_v\.venv\Lib\site-packages\pip\_vendor\rich\_inspect.py,
getattr,E:\football_v\.venv\Lib\site-packages\pip\_vendor\rich\_inspect.py,
isclass,E:\football_v\.venv\Lib\site-packages\pip\_vendor\rich\_inspect.py,
callable,E:\football_v\.venv\Lib\site-packages\pip\_vendor\rich\_inspect.py,
ismodule,E:\football_v\.venv\Lib\site-packages\pip\_vendor\rich\_inspect.py,
Pretty,E:\football_v\.venv\Lib\site-packages\pip\_vendor\rich\_inspect.py,
highlighter,E:\football_v\.venv\Lib\site-packages\pip\_vendor\rich\_inspect.py,
add_row,E:\football_v\.venv\Lib\site-packages\pip\_vendor\rich\_inspect.py,
add_row,E:\football_v\.venv\Lib\site-packages\pip\_vendor\rich\_inspect.py,
Pretty,E:\football_v\.venv\Lib\site-packages\pip\_vendor\rich\_inspect.py,
repr,E:\football_v\.venv\Lib\site-packages\pip\_vendor\rich\_inspect.py,
Pretty,E:\football_v\.venv\Lib\site-packages\pip\_vendor\rich\_inspect.py,
highlighter,E:\football_v\.venv\Lib\site-packages\pip\_vendor\rich\_inspect.py,
getdoc,E:\football_v\.venv\Lib\site-packages\pip\_vendor\rich\_inspect.py,
escape_control_codes,E:\football_v\.venv\Lib\site-packages\pip\_vendor\rich\_inspect.py,
_first_paragraph,E:\football_v\.venv\Lib\site-packages\pip\_vendor\rich\_inspect.py,
cleandoc,E:\football_v\.venv\Lib\site-packages\pip\_vendor\rich\_inspect.py,
callable,E:\football_v\.venv\Lib\site-packages\pip\_vendor\rich\_inspect.py,
getattr,E:\football_v\.venv\Lib\site-packages\pip\_vendor\rich\_inspect.py,
callable,E:\football_v\.venv\Lib\site-packages\pip\_vendor\rich\_log_render.py,
Renderables,E:\football_v\.venv\Lib\site-packages\pip\_vendor\rich\_log_render.py,
Text,E:\football_v\.venv\Lib\site-packages\pip\_vendor\rich\_log_render.py,
time_format,E:\football_v\.venv\Lib\site-packages\pip\_vendor\rich\_log_render.py,
Text,E:\football_v\.venv\Lib\site-packages\pip\_vendor\rich\_log_render.py,
Text,E:\football_v\.venv\Lib\site-packages\pip\_vendor\rich\_log_render.py,
len,E:\football_v\.venv\Lib\site-packages\pip\_vendor\rich\_log_render.py,
iter,E:\football_v\.venv\Lib\site-packages\pip\_vendor\rich\_loop.py,
next,E:\football_v\.venv\Lib\site-packages\pip\_vendor\rich\_loop.py,
iter,E:\football_v\.venv\Lib\site-packages\pip\_vendor\rich\_loop.py,
next,E:\football_v\.venv\Lib\site-packages\pip\_vendor\rich\_loop.py,
iter,E:\football_v\.venv\Lib\site-packages\pip\_vendor\rich\_loop.py,
next,E:\football_v\.venv\Lib\site-packages\pip\_vendor\rich\_loop.py,
iter,E:\football_v\.venv\Lib\site-packages\pip\_vendor\rich\_null_file.py,
bool,E:\football_v\.venv\Lib\site-packages\pip\_vendor\rich\_pick.py,
cast,E:\football_v\.venv\Lib\site-packages\pip\_vendor\rich\_ratio.py,
_Fraction,E:\football_v\.venv\Lib\site-packages\pip\_vendor\rich\_ratio.py,
sum,E:\football_v\.venv\Lib\site-packages\pip\_vendor\rich\_ratio.py,
sum,E:\football_v\.venv\Lib\site-packages\pip\_vendor\rich\_ratio.py,
_Fraction,E:\football_v\.venv\Lib\site-packages\pip\_vendor\rich\_ratio.py,
enumerate,E:\football_v\.venv\Lib\site-packages\pip\_vendor\rich\_ratio.py,
divmod,E:\football_v\.venv\Lib\site-packages\pip\_vendor\rich\_ratio.py,
zip,E:\football_v\.venv\Lib\site-packages\pip\_vendor\rich\_ratio.py,
zip,E:\football_v\.venv\Lib\site-packages\pip\_vendor\rich\_ratio.py,
sum,E:\football_v\.venv\Lib\site-packages\pip\_vendor\rich\_ratio.py,
zip,E:\football_v\.venv\Lib\site-packages\pip\_vendor\rich\_ratio.py,
zip,E:\football_v\.venv\Lib\site-packages\pip\_vendor\rich\_ratio.py,
min,E:\football_v\.venv\Lib\site-packages\pip\_vendor\rich\_ratio.py,
append,E:\football_v\.venv\Lib\site-packages\pip\_vendor\rich\_ratio.py,
append,E:\football_v\.venv\Lib\site-packages\pip\_vendor\rich\_ratio.py,
round,E:\football_v\.venv\Lib\site-packages\pip\_vendor\rich\_ratio.py,
sum,E:\football_v\.venv\Lib\site-packages\pip\_vendor\rich\_ratio.py,
zip,E:\football_v\.venv\Lib\site-packages\pip\_vendor\rich\_ratio.py,
append,E:\football_v\.venv\Lib\site-packages\pip\_vendor\rich\_ratio.py,
len,E:\football_v\.venv\Lib\site-packages\pip\_vendor\rich\_ratio.py,
max,E:\football_v\.venv\Lib\site-packages\pip\_vendor\rich\_ratio.py,
zip,E:\football_v\.venv\Lib\site-packages\pip\_vendor\rich\_ratio.py,
ceil,E:\football_v\.venv\Lib\site-packages\pip\_vendor\rich\_ratio.py,
time,E:\football_v\.venv\Lib\site-packages\pip\_vendor\rich\_timer.py,
print,E:\football_v\.venv\Lib\site-packages\pip\_vendor\rich\_timer.py,
time,E:\football_v\.venv\Lib\site-packages\pip\_vendor\rich\_timer.py,
cast,E:\football_v\.venv\Lib\site-packages\pip\_vendor\rich\_win32_console.py,
_GetStdHandle,E:\football_v\.venv\Lib\site-packages\pip\_vendor\rich\_win32_console.py,
bool,E:\football_v\.venv\Lib\site-packages\pip\_vendor\rich\_win32_console.py,
_GetConsoleMode,E:\football_v\.venv\Lib\site-packages\pip\_vendor\rich\_win32_console.py,
LegacyWindowsError,E:\football_v\.venv\Lib\site-packages\pip\_vendor\rich\_win32_console.py,
_FillConsoleOutputCharacterW,E:\football_v\.venv\Lib\site-packages\pip\_vendor\rich\_win32_console.py,
byref,E:\football_v\.venv\Lib\site-packages\pip\_vendor\rich\_win32_console.py,
_FillConsoleOutputAttribute,E:\football_v\.venv\Lib\site-packages\pip\_vendor\rich\_win32_console.py,
byref,E:\football_v\.venv\Lib\site-packages\pip\_vendor\rich\_win32_console.py,
bool,E:\football_v\.venv\Lib\site-packages\pip\_vendor\rich\_win32_console.py,
_SetConsoleTextAttribute,E:\football_v\.venv\Lib\site-packages\pip\_vendor\rich\_win32_console.py,
CONSOLE_SCREEN_BUFFER_INFO,E:\football_v\.venv\Lib\site-packages\pip\_vendor\rich\_win32_console.py,
_GetConsoleScreenBufferInfo,E:\football_v\.venv\Lib\site-packages\pip\_vendor\rich\_win32_console.py,
byref,E:\football_v\.venv\Lib\site-packages\pip\_vendor\rich\_win32_console.py,
bool,E:\football_v\.venv\Lib\site-packages\pip\_vendor\rich\_win32_console.py,
_SetConsoleCursorPosition,E:\football_v\.venv\Lib\site-packages\pip\_vendor\rich\_win32_console.py,
bool,E:\football_v\.venv\Lib\site-packages\pip\_vendor\rich\_win32_console.py,
_GetConsoleCursorInfo,E:\football_v\.venv\Lib\site-packages\pip\_vendor\rich\_win32_console.py,
byref,E:\football_v\.venv\Lib\site-packages\pip\_vendor\rich\_win32_console.py,
bool,E:\football_v\.venv\Lib\site-packages\pip\_vendor\rich\_win32_console.py,
_SetConsoleCursorInfo,E:\football_v\.venv\Lib\site-packages\pip\_vendor\rich\_win32_console.py,
byref,E:\football_v\.venv\Lib\site-packages\pip\_vendor\rich\_win32_console.py,
bool,E:\football_v\.venv\Lib\site-packages\pip\_vendor\rich\_win32_console.py,
_SetConsoleTitle,E:\football_v\.venv\Lib\site-packages\pip\_vendor\rich\_win32_console.py,
COORD,E:\football_v\.venv\Lib\site-packages\pip\_vendor\rich\_win32_console.py,
GetStdHandle,E:\football_v\.venv\Lib\site-packages\pip\_vendor\rich\_win32_console.py,
GetConsoleScreenBufferInfo,E:\football_v\.venv\Lib\site-packages\pip\_vendor\rich\_win32_console.py,
WindowsCoordinates,E:\football_v\.venv\Lib\site-packages\pip\_vendor\rich\_win32_console.py,
GetConsoleScreenBufferInfo,E:\football_v\.venv\Lib\site-packages\pip\_vendor\rich\_win32_console.py,
WindowsCoordinates,E:\football_v\.venv\Lib\site-packages\pip\_vendor\rich\_win32_console.py,
GetConsoleScreenBufferInfo,E:\football_v\.venv\Lib\site-packages\pip\_vendor\rich\_win32_console.py,
SetConsoleTextAttribute,E:\football_v\.venv\Lib\site-packages\pip\_vendor\rich\_win32_console.py,
SetConsoleTextAttribute,E:\football_v\.venv\Lib\site-packages\pip\_vendor\rich\_win32_console.py,
SetConsoleCursorPosition,E:\football_v\.venv\Lib\site-packages\pip\_vendor\rich\_win32_console.py,
WindowsCoordinates,E:\football_v\.venv\Lib\site-packages\pip\_vendor\rich\_win32_console.py,
FillConsoleOutputCharacter,E:\football_v\.venv\Lib\site-packages\pip\_vendor\rich\_win32_console.py,
FillConsoleOutputAttribute,E:\football_v\.venv\Lib\site-packages\pip\_vendor\rich\_win32_console.py,
FillConsoleOutputCharacter,E:\football_v\.venv\Lib\site-packages\pip\_vendor\rich\_win32_console.py,
FillConsoleOutputAttribute,E:\football_v\.venv\Lib\site-packages\pip\_vendor\rich\_win32_console.py,
WindowsCoordinates,E:\football_v\.venv\Lib\site-packages\pip\_vendor\rich\_win32_console.py,
FillConsoleOutputCharacter,E:\football_v\.venv\Lib\site-packages\pip\_vendor\rich\_win32_console.py,
FillConsoleOutputAttribute,E:\football_v\.venv\Lib\site-packages\pip\_vendor\rich\_win32_console.py,
SetConsoleCursorPosition,E:\football_v\.venv\Lib\site-packages\pip\_vendor\rich\_win32_console.py,
WindowsCoordinates,E:\football_v\.venv\Lib\site-packages\pip\_vendor\rich\_win32_console.py,
SetConsoleCursorPosition,E:\football_v\.venv\Lib\site-packages\pip\_vendor\rich\_win32_console.py,
WindowsCoordinates,E:\football_v\.venv\Lib\site-packages\pip\_vendor\rich\_win32_console.py,
SetConsoleCursorPosition,E:\football_v\.venv\Lib\site-packages\pip\_vendor\rich\_win32_console.py,
WindowsCoordinates,E:\football_v\.venv\Lib\site-packages\pip\_vendor\rich\_win32_console.py,
SetConsoleCursorPosition,E:\football_v\.venv\Lib\site-packages\pip\_vendor\rich\_win32_console.py,
WindowsCoordinates,E:\football_v\.venv\Lib\site-packages\pip\_vendor\rich\_win32_console.py,
SetConsoleCursorPosition,E:\football_v\.venv\Lib\site-packages\pip\_vendor\rich\_win32_console.py,
WindowsCoordinates,E:\football_v\.venv\Lib\site-packages\pip\_vendor\rich\_win32_console.py,
CONSOLE_CURSOR_INFO,E:\football_v\.venv\Lib\site-packages\pip\_vendor\rich\_win32_console.py,
SetConsoleCursorInfo,E:\football_v\.venv\Lib\site-packages\pip\_vendor\rich\_win32_console.py,
CONSOLE_CURSOR_INFO,E:\football_v\.venv\Lib\site-packages\pip\_vendor\rich\_win32_console.py,
SetConsoleCursorInfo,E:\football_v\.venv\Lib\site-packages\pip\_vendor\rich\_win32_console.py,
SetConsoleTitle,E:\football_v\.venv\Lib\site-packages\pip\_vendor\rich\_win32_console.py,
len,E:\football_v\.venv\Lib\site-packages\pip\_vendor\rich\_win32_console.py,
CONSOLE_CURSOR_INFO,E:\football_v\.venv\Lib\site-packages\pip\_vendor\rich\_win32_console.py,
GetConsoleCursorInfo,E:\football_v\.venv\Lib\site-packages\pip\_vendor\rich\_win32_console.py,
int,E:\football_v\.venv\Lib\site-packages\pip\_vendor\rich\_win32_console.py,
GetStdHandle,E:\football_v\.venv\Lib\site-packages\pip\_vendor\rich\_windows.py,
bool,E:\football_v\.venv\Lib\site-packages\pip\_vendor\rich\_windows.py,
WindowsConsoleFeatures,E:\football_v\.venv\Lib\site-packages\pip\_vendor\rich\_windows.py,
GetConsoleMode,E:\football_v\.venv\Lib\site-packages\pip\_vendor\rich\_windows.py,
WindowsConsoleFeatures,E:\football_v\.venv\Lib\site-packages\pip\_vendor\rich\_windows.py,
cast,E:\football_v\.venv\Lib\site-packages\pip\_vendor\rich\_windows_renderer.py,
WindowsCoordinates,E:\football_v\.venv\Lib\site-packages\pip\_vendor\rich\_windows_renderer.py,
WindowsCoordinates,E:\football_v\.venv\Lib\site-packages\pip\_vendor\rich\_windows_renderer.py,
cast,E:\football_v\.venv\Lib\site-packages\pip\_vendor\rich\_windows_renderer.py,
cast,E:\football_v\.venv\Lib\site-packages\pip\_vendor\rich\_windows_renderer.py,
cast,E:\football_v\.venv\Lib\site-packages\pip\_vendor\rich\_windows_renderer.py,
words,E:\football_v\.venv\Lib\site-packages\pip\_vendor\rich\_wrap.py,
_cell_len,E:\football_v\.venv\Lib\site-packages\pip\_vendor\rich\_wrap.py,
_cell_len,E:\football_v\.venv\Lib\site-packages\pip\_vendor\rich\_wrap.py,
chop_cells,E:\football_v\.venv\Lib\site-packages\pip\_vendor\rich\_wrap.py,
loop_last,E:\football_v\.venv\Lib\site-packages\pip\_vendor\rich\_wrap.py,
_cell_len,E:\football_v\.venv\Lib\site-packages\pip\_vendor\rich\_wrap.py,
append,E:\football_v\.venv\Lib\site-packages\pip\_vendor\rich\_wrap.py,
_cell_len,E:\football_v\.venv\Lib\site-packages\pip\_vendor\rich\_wrap.py,
append,E:\football_v\.venv\Lib\site-packages\pip\_vendor\rich\_wrap.py,
append,E:\football_v\.venv\Lib\site-packages\pip\_vendor\rich\_wrap.py,
_cell_len,E:\football_v\.venv\Lib\site-packages\pip\_vendor\rich\_wrap.py,
len,E:\football_v\.venv\Lib\site-packages\pip\_vendor\rich\_wrap.py,
Console,E:\football_v\.venv\Lib\site-packages\pip\_vendor\rich\__init__.py,
Console,E:\football_v\.venv\Lib\site-packages\pip\_vendor\rich\__init__.py,
get_console,E:\football_v\.venv\Lib\site-packages\pip\_vendor\rich\__init__.py,
get_console,E:\football_v\.venv\Lib\site-packages\pip\_vendor\rich\__init__.py,
Console,E:\football_v\.venv\Lib\site-packages\pip\_vendor\rich\__init__.py,
get_console,E:\football_v\.venv\Lib\site-packages\pip\_vendor\rich\__init__.py,
Inspect,E:\football_v\.venv\Lib\site-packages\pip\_vendor\rich\__init__.py,
get_console,E:\football_v\.venv\Lib\site-packages\pip\_vendor\rich\__init__.py,
Table,E:\football_v\.venv\Lib\site-packages\pip\_vendor\rich\__main__.py,
Table,E:\football_v\.venv\Lib\site-packages\pip\_vendor\rich\__main__.py,
ColorBox,E:\football_v\.venv\Lib\site-packages\pip\_vendor\rich\__main__.py,
Text,E:\football_v\.venv\Lib\site-packages\pip\_vendor\rich\__main__.py,
Text,E:\football_v\.venv\Lib\site-packages\pip\_vendor\rich\__main__.py,
Text,E:\football_v\.venv\Lib\site-packages\pip\_vendor\rich\__main__.py,
Text,E:\football_v\.venv\Lib\site-packages\pip\_vendor\rich\__main__.py,
Group,E:\football_v\.venv\Lib\site-packages\pip\_vendor\rich\__main__.py,
Table,E:\football_v\.venv\Lib\site-packages\pip\_vendor\rich\__main__.py,
comparison,E:\football_v\.venv\Lib\site-packages\pip\_vendor\rich\__main__.py,
comparison,E:\football_v\.venv\Lib\site-packages\pip\_vendor\rich\__main__.py,
Syntax,E:\football_v\.venv\Lib\site-packages\pip\_vendor\rich\__main__.py,
Pretty,E:\football_v\.venv\Lib\site-packages\pip\_vendor\rich\__main__.py,
Markdown,E:\football_v\.venv\Lib\site-packages\pip\_vendor\rich\__main__.py,
range,E:\football_v\.venv\Lib\site-packages\pip\_vendor\rich\__main__.py,
range,E:\football_v\.venv\Lib\site-packages\pip\_vendor\rich\__main__.py,
Segment,E:\football_v\.venv\Lib\site-packages\pip\_vendor\rich\__main__.py,
Style,E:\football_v\.venv\Lib\site-packages\pip\_vendor\rich\__main__.py,
Measurement,E:\football_v\.venv\Lib\site-packages\pip\_vendor\rich\__main__.py,
Table,E:\football_v\.venv\Lib\site-packages\pip\_vendor\rich\__main__.py,
loads,E:\football_v\.venv\Lib\site-packages\pip\_vendor\tomli\_parser.py,
TypeError,E:\football_v\.venv\Lib\site-packages\pip\_vendor\tomli\_parser.py,
Output,E:\football_v\.venv\Lib\site-packages\pip\_vendor\tomli\_parser.py,
make_safe_parse_float,E:\football_v\.venv\Lib\site-packages\pip\_vendor\tomli\_parser.py,
NestedDict,E:\football_v\.venv\Lib\site-packages\pip\_vendor\tomli\_parser.py,
Flags,E:\football_v\.venv\Lib\site-packages\pip\_vendor\tomli\_parser.py,
skip_chars,E:\football_v\.venv\Lib\site-packages\pip\_vendor\tomli\_parser.py,
skip_comment,E:\football_v\.venv\Lib\site-packages\pip\_vendor\tomli\_parser.py,
TypeError,E:\football_v\.venv\Lib\site-packages\pip\_vendor\tomli\_parser.py,
key_value_rule,E:\football_v\.venv\Lib\site-packages\pip\_vendor\tomli\_parser.py,
skip_chars,E:\football_v\.venv\Lib\site-packages\pip\_vendor\tomli\_parser.py,
TOMLDecodeError,E:\football_v\.venv\Lib\site-packages\pip\_vendor\tomli\_parser.py,
skip_chars,E:\football_v\.venv\Lib\site-packages\pip\_vendor\tomli\_parser.py,
create_list_rule,E:\football_v\.venv\Lib\site-packages\pip\_vendor\tomli\_parser.py,
create_dict_rule,E:\football_v\.venv\Lib\site-packages\pip\_vendor\tomli\_parser.py,
TOMLDecodeError,E:\football_v\.venv\Lib\site-packages\pip\_vendor\tomli\_parser.py,
type,E:\football_v\.venv\Lib\site-packages\pip\_vendor\tomli\_parser.py,
TOMLDecodeError,E:\football_v\.venv\Lib\site-packages\pip\_vendor\tomli\_parser.py,
len,E:\football_v\.venv\Lib\site-packages\pip\_vendor\tomli\_parser.py,
TOMLDecodeError,E:\football_v\.venv\Lib\site-packages\pip\_vendor\tomli\_parser.py,
skip_until,E:\football_v\.venv\Lib\site-packages\pip\_vendor\tomli\_parser.py,
skip_chars,E:\football_v\.venv\Lib\site-packages\pip\_vendor\tomli\_parser.py,
skip_comment,E:\football_v\.venv\Lib\site-packages\pip\_vendor\tomli\_parser.py,
skip_chars,E:\football_v\.venv\Lib\site-packages\pip\_vendor\tomli\_parser.py,
parse_key,E:\football_v\.venv\Lib\site-packages\pip\_vendor\tomli\_parser.py,
TOMLDecodeError,E:\football_v\.venv\Lib\site-packages\pip\_vendor\tomli\_parser.py,
TOMLDecodeError,E:\football_v\.venv\Lib\site-packages\pip\_vendor\tomli\_parser.py,
TOMLDecodeError,E:\football_v\.venv\Lib\site-packages\pip\_vendor\tomli\_parser.py,
skip_chars,E:\football_v\.venv\Lib\site-packages\pip\_vendor\tomli\_parser.py,
parse_key,E:\football_v\.venv\Lib\site-packages\pip\_vendor\tomli\_parser.py,
TOMLDecodeError,E:\football_v\.venv\Lib\site-packages\pip\_vendor\tomli\_parser.py,
TOMLDecodeError,E:\football_v\.venv\Lib\site-packages\pip\_vendor\tomli\_parser.py,
TOMLDecodeError,E:\football_v\.venv\Lib\site-packages\pip\_vendor\tomli\_parser.py,
parse_key_value_pair,E:\football_v\.venv\Lib\site-packages\pip\_vendor\tomli\_parser.py,
isinstance,E:\football_v\.venv\Lib\site-packages\pip\_vendor\tomli\_parser.py,
TOMLDecodeError,E:\football_v\.venv\Lib\site-packages\pip\_vendor\tomli\_parser.py,
TOMLDecodeError,E:\football_v\.venv\Lib\site-packages\pip\_vendor\tomli\_parser.py,
range,E:\football_v\.venv\Lib\site-packages\pip\_vendor\tomli\_parser.py,
TOMLDecodeError,E:\football_v\.venv\Lib\site-packages\pip\_vendor\tomli\_parser.py,
TOMLDecodeError,E:\football_v\.venv\Lib\site-packages\pip\_vendor\tomli\_parser.py,
len,E:\football_v\.venv\Lib\site-packages\pip\_vendor\tomli\_parser.py,
parse_key,E:\football_v\.venv\Lib\site-packages\pip\_vendor\tomli\_parser.py,
skip_chars,E:\football_v\.venv\Lib\site-packages\pip\_vendor\tomli\_parser.py,
parse_value,E:\football_v\.venv\Lib\site-packages\pip\_vendor\tomli\_parser.py,
TOMLDecodeError,E:\football_v\.venv\Lib\site-packages\pip\_vendor\tomli\_parser.py,
parse_key_part,E:\football_v\.venv\Lib\site-packages\pip\_vendor\tomli\_parser.py,
skip_chars,E:\football_v\.venv\Lib\site-packages\pip\_vendor\tomli\_parser.py,
skip_chars,E:\football_v\.venv\Lib\site-packages\pip\_vendor\tomli\_parser.py,
parse_key_part,E:\football_v\.venv\Lib\site-packages\pip\_vendor\tomli\_parser.py,
skip_chars,E:\football_v\.venv\Lib\site-packages\pip\_vendor\tomli\_parser.py,
TOMLDecodeError,E:\football_v\.venv\Lib\site-packages\pip\_vendor\tomli\_parser.py,
skip_chars,E:\football_v\.venv\Lib\site-packages\pip\_vendor\tomli\_parser.py,
parse_literal_str,E:\football_v\.venv\Lib\site-packages\pip\_vendor\tomli\_parser.py,
parse_one_line_basic_str,E:\football_v\.venv\Lib\site-packages\pip\_vendor\tomli\_parser.py,
parse_basic_str,E:\football_v\.venv\Lib\site-packages\pip\_vendor\tomli\_parser.py,
skip_comments_and_array_ws,E:\football_v\.venv\Lib\site-packages\pip\_vendor\tomli\_parser.py,
parse_value,E:\football_v\.venv\Lib\site-packages\pip\_vendor\tomli\_parser.py,
skip_comments_and_array_ws,E:\football_v\.venv\Lib\site-packages\pip\_vendor\tomli\_parser.py,
skip_comments_and_array_ws,E:\football_v\.venv\Lib\site-packages\pip\_vendor\tomli\_parser.py,
TOMLDecodeError,E:\football_v\.venv\Lib\site-packages\pip\_vendor\tomli\_parser.py,
NestedDict,E:\football_v\.venv\Lib\site-packages\pip\_vendor\tomli\_parser.py,
Flags,E:\football_v\.venv\Lib\site-packages\pip\_vendor\tomli\_parser.py,
skip_chars,E:\football_v\.venv\Lib\site-packages\pip\_vendor\tomli\_parser.py,
parse_key_value_pair,E:\football_v\.venv\Lib\site-packages\pip\_vendor\tomli\_parser.py,
skip_chars,E:\football_v\.venv\Lib\site-packages\pip\_vendor\tomli\_parser.py,
isinstance,E:\football_v\.venv\Lib\site-packages\pip\_vendor\tomli\_parser.py,
skip_chars,E:\football_v\.venv\Lib\site-packages\pip\_vendor\tomli\_parser.py,
TOMLDecodeError,E:\football_v\.venv\Lib\site-packages\pip\_vendor\tomli\_parser.py,
TOMLDecodeError,E:\football_v\.venv\Lib\site-packages\pip\_vendor\tomli\_parser.py,
TOMLDecodeError,E:\football_v\.venv\Lib\site-packages\pip\_vendor\tomli\_parser.py,
TOMLDecodeError,E:\football_v\.venv\Lib\site-packages\pip\_vendor\tomli\_parser.py,
skip_chars,E:\football_v\.venv\Lib\site-packages\pip\_vendor\tomli\_parser.py,
parse_hex_char,E:\football_v\.venv\Lib\site-packages\pip\_vendor\tomli\_parser.py,
parse_hex_char,E:\football_v\.venv\Lib\site-packages\pip\_vendor\tomli\_parser.py,
skip_chars,E:\football_v\.venv\Lib\site-packages\pip\_vendor\tomli\_parser.py,
TOMLDecodeError,E:\football_v\.venv\Lib\site-packages\pip\_vendor\tomli\_parser.py,
TOMLDecodeError,E:\football_v\.venv\Lib\site-packages\pip\_vendor\tomli\_parser.py,
parse_basic_str_escape,E:\football_v\.venv\Lib\site-packages\pip\_vendor\tomli\_parser.py,
int,E:\football_v\.venv\Lib\site-packages\pip\_vendor\tomli\_parser.py,
TOMLDecodeError,E:\football_v\.venv\Lib\site-packages\pip\_vendor\tomli\_parser.py,
is_unicode_scalar_value,E:\football_v\.venv\Lib\site-packages\pip\_vendor\tomli\_parser.py,
TOMLDecodeError,E:\football_v\.venv\Lib\site-packages\pip\_vendor\tomli\_parser.py,
chr,E:\football_v\.venv\Lib\site-packages\pip\_vendor\tomli\_parser.py,
len,E:\football_v\.venv\Lib\site-packages\pip\_vendor\tomli\_parser.py,
skip_until,E:\football_v\.venv\Lib\site-packages\pip\_vendor\tomli\_parser.py,
skip_until,E:\football_v\.venv\Lib\site-packages\pip\_vendor\tomli\_parser.py,
parse_basic_str,E:\football_v\.venv\Lib\site-packages\pip\_vendor\tomli\_parser.py,
parse_escapes,E:\football_v\.venv\Lib\site-packages\pip\_vendor\tomli\_parser.py,
TOMLDecodeError,E:\football_v\.venv\Lib\site-packages\pip\_vendor\tomli\_parser.py,
TOMLDecodeError,E:\football_v\.venv\Lib\site-packages\pip\_vendor\tomli\_parser.py,
TOMLDecodeError,E:\football_v\.venv\Lib\site-packages\pip\_vendor\tomli\_parser.py,
RecursionError,E:\football_v\.venv\Lib\site-packages\pip\_vendor\tomli\_parser.py,
parse_one_line_basic_str,E:\football_v\.venv\Lib\site-packages\pip\_vendor\tomli\_parser.py,
parse_literal_str,E:\football_v\.venv\Lib\site-packages\pip\_vendor\tomli\_parser.py,
parse_array,E:\football_v\.venv\Lib\site-packages\pip\_vendor\tomli\_parser.py,
parse_inline_table,E:\football_v\.venv\Lib\site-packages\pip\_vendor\tomli\_parser.py,
parse_multiline_str,E:\football_v\.venv\Lib\site-packages\pip\_vendor\tomli\_parser.py,
parse_multiline_str,E:\football_v\.venv\Lib\site-packages\pip\_vendor\tomli\_parser.py,
match_to_datetime,E:\football_v\.venv\Lib\site-packages\pip\_vendor\tomli\_parser.py,
match_to_localtime,E:\football_v\.venv\Lib\site-packages\pip\_vendor\tomli\_parser.py,
match_to_number,E:\football_v\.venv\Lib\site-packages\pip\_vendor\tomli\_parser.py,
parse_float,E:\football_v\.venv\Lib\site-packages\pip\_vendor\tomli\_parser.py,
parse_float,E:\football_v\.venv\Lib\site-packages\pip\_vendor\tomli\_parser.py,
TOMLDecodeError,E:\football_v\.venv\Lib\site-packages\pip\_vendor\tomli\_parser.py,
parse_float,E:\football_v\.venv\Lib\site-packages\pip\_vendor\tomli\_parser.py,
isinstance,E:\football_v\.venv\Lib\site-packages\pip\_vendor\tomli\_parser.py,
ValueError,E:\football_v\.venv\Lib\site-packages\pip\_vendor\tomli\_parser.py,
len,E:\football_v\.venv\Lib\site-packages\pip\_vendor\tomli\_parser.py,
isinstance,E:\football_v\.venv\Lib\site-packages\pip\_vendor\tomli\_parser.py,
isinstance,E:\football_v\.venv\Lib\site-packages\pip\_vendor\tomli\_parser.py,
isinstance,E:\football_v\.venv\Lib\site-packages\pip\_vendor\tomli\_parser.py,
set,E:\football_v\.venv\Lib\site-packages\pip\_vendor\tomli\_parser.py,
set,E:\football_v\.venv\Lib\site-packages\pip\_vendor\tomli\_parser.py,
set,E:\football_v\.venv\Lib\site-packages\pip\_vendor\tomli\_parser.py,
set,E:\football_v\.venv\Lib\site-packages\pip\_vendor\tomli\_parser.py,
set,E:\football_v\.venv\Lib\site-packages\pip\_vendor\tomli\_parser.py,
isinstance,E:\football_v\.venv\Lib\site-packages\pip\_vendor\tomli\_parser.py,
isinstance,E:\football_v\.venv\Lib\site-packages\pip\_vendor\tomli\_parser.py,
KeyError,E:\football_v\.venv\Lib\site-packages\pip\_vendor\tomli\_parser.py,
isinstance,E:\football_v\.venv\Lib\site-packages\pip\_vendor\tomli\_parser.py,
KeyError,E:\football_v\.venv\Lib\site-packages\pip\_vendor\tomli\_parser.py,
parse_float,E:\football_v\.venv\Lib\site-packages\pip\_vendor\tomli\_parser.py,
isinstance,E:\football_v\.venv\Lib\site-packages\pip\_vendor\tomli\_parser.py,
ValueError,E:\football_v\.venv\Lib\site-packages\pip\_vendor\tomli\_parser.py,
datetime,E:\football_v\.venv\Lib\site-packages\pip\_vendor\tomli\_re.py,
int,E:\football_v\.venv\Lib\site-packages\pip\_vendor\tomli\_re.py,
int,E:\football_v\.venv\Lib\site-packages\pip\_vendor\tomli\_re.py,
int,E:\football_v\.venv\Lib\site-packages\pip\_vendor\tomli\_re.py,
date,E:\football_v\.venv\Lib\site-packages\pip\_vendor\tomli\_re.py,
int,E:\football_v\.venv\Lib\site-packages\pip\_vendor\tomli\_re.py,
int,E:\football_v\.venv\Lib\site-packages\pip\_vendor\tomli\_re.py,
int,E:\football_v\.venv\Lib\site-packages\pip\_vendor\tomli\_re.py,
int,E:\football_v\.venv\Lib\site-packages\pip\_vendor\tomli\_re.py,
cached_tz,E:\football_v\.venv\Lib\site-packages\pip\_vendor\tomli\_re.py,
lru_cache,E:\football_v\.venv\Lib\site-packages\pip\_vendor\tomli\_re.py,
timezone,E:\football_v\.venv\Lib\site-packages\pip\_vendor\tomli\_re.py,
timedelta,E:\football_v\.venv\Lib\site-packages\pip\_vendor\tomli\_re.py,
int,E:\football_v\.venv\Lib\site-packages\pip\_vendor\tomli\_re.py,
int,E:\football_v\.venv\Lib\site-packages\pip\_vendor\tomli\_re.py,
time,E:\football_v\.venv\Lib\site-packages\pip\_vendor\tomli\_re.py,
int,E:\football_v\.venv\Lib\site-packages\pip\_vendor\tomli\_re.py,
int,E:\football_v\.venv\Lib\site-packages\pip\_vendor\tomli\_re.py,
int,E:\football_v\.venv\Lib\site-packages\pip\_vendor\tomli\_re.py,
int,E:\football_v\.venv\Lib\site-packages\pip\_vendor\tomli\_re.py,
int,E:\football_v\.venv\Lib\site-packages\pip\_vendor\tomli\_re.py,
parse_float,E:\football_v\.venv\Lib\site-packages\pip\_vendor\tomli\_re.py,
setattr,E:\football_v\.venv\Lib\site-packages\pip\_vendor\truststore\_api.py,
setattr,E:\football_v\.venv\Lib\site-packages\pip\_vendor\truststore\_api.py,
setattr,E:\football_v\.venv\Lib\site-packages\pip\_vendor\truststore\_api.py,
_get_unverified_chain_bytes,E:\football_v\.venv\Lib\site-packages\pip\_vendor\truststore\_api.py,
_verify_peercerts_impl,E:\football_v\.venv\Lib\site-packages\pip\_vendor\truststore\_api.py,
hasattr,E:\football_v\.venv\Lib\site-packages\pip\_vendor\truststore\_api.py,
_original_SSLContext,E:\football_v\.venv\Lib\site-packages\pip\_vendor\truststore\_api.py,
_verify_peercerts,E:\football_v\.venv\Lib\site-packages\pip\_vendor\truststore\_api.py,
super,E:\football_v\.venv\Lib\site-packages\pip\_vendor\truststore\_api.py,
_configure_context,E:\football_v\.venv\Lib\site-packages\pip\_vendor\truststore\_api.py,
_verify_peercerts,E:\football_v\.venv\Lib\site-packages\pip\_vendor\truststore\_api.py,
_configure_context,E:\football_v\.venv\Lib\site-packages\pip\_vendor\truststore\_api.py,
NotImplementedError,E:\football_v\.venv\Lib\site-packages\pip\_vendor\truststore\_api.py,
NotImplementedError,E:\football_v\.venv\Lib\site-packages\pip\_vendor\truststore\_api.py,
isinstance,E:\football_v\.venv\Lib\site-packages\pip\_vendor\truststore\_api.py,
_verify_peercerts,E:\football_v\.venv\Lib\site-packages\pip\_vendor\truststore\_api.py,
super,E:\football_v\.venv\Lib\site-packages\pip\_vendor\truststore\_api.py,
CDLL,E:\football_v\.venv\Lib\site-packages\pip\_vendor\truststore\_macos.py,
find_library,E:\football_v\.venv\Lib\site-packages\pip\_vendor\truststore\_macos.py,
ImportError,E:\football_v\.venv\Lib\site-packages\pip\_vendor\truststore\_macos.py,
int,E:\football_v\.venv\Lib\site-packages\pip\_vendor\truststore\_macos.py,
OSError,E:\football_v\.venv\Lib\site-packages\pip\_vendor\truststore\_macos.py,
len,E:\football_v\.venv\Lib\site-packages\pip\_vendor\truststore\_macos.py,
OSError,E:\football_v\.venv\Lib\site-packages\pip\_vendor\truststore\_macos.py,
MemoryError,E:\football_v\.venv\Lib\site-packages\pip\_vendor\truststore\_macos.py,
_bytes_to_cf_data_ref,E:\football_v\.venv\Lib\site-packages\pip\_vendor\truststore\_macos.py,
_set_ssl_context_verify_mode,E:\football_v\.venv\Lib\site-packages\pip\_vendor\truststore\_macos.py,
_set_ssl_context_verify_mode,E:\football_v\.venv\Lib\site-packages\pip\_vendor\truststore\_macos.py,
_der_certs_to_cf_cert_array,E:\football_v\.venv\Lib\site-packages\pip\_vendor\truststore\_macos.py,
_verify_peercerts_impl_macos_10_14,E:\football_v\.venv\Lib\site-packages\pip\_vendor\truststore\_macos.py,
_verify_peercerts_impl_macos_10_13,E:\football_v\.venv\Lib\site-packages\pip\_vendor\truststore\_macos.py,
_bytes_to_cf_string,E:\football_v\.venv\Lib\site-packages\pip\_vendor\truststore\_macos.py,
NotImplementedError,E:\football_v\.venv\Lib\site-packages\pip\_vendor\truststore\_macos.py,
_der_certs_to_cf_cert_array,E:\football_v\.venv\Lib\site-packages\pip\_vendor\truststore\_macos.py,
int,E:\football_v\.venv\Lib\site-packages\pip\_vendor\truststore\_macos.py,
_cf_string_ref_to_str,E:\football_v\.venv\Lib\site-packages\pip\_vendor\truststore\_macos.py,
_capath_contains_certs,E:\football_v\.venv\Lib\site-packages\pip\_vendor\truststore\_openssl.py,
WinError,E:\football_v\.venv\Lib\site-packages\pip\_vendor\truststore\_windows.py,
CertOpenStore,E:\football_v\.venv\Lib\site-packages\pip\_vendor\truststore\_windows.py,
CertCreateCertificateContext,E:\football_v\.venv\Lib\site-packages\pip\_vendor\truststore\_windows.py,
CERT_ENHKEY_USAGE,E:\football_v\.venv\Lib\site-packages\pip\_vendor\truststore\_windows.py,
CERT_USAGE_MATCH,E:\football_v\.venv\Lib\site-packages\pip\_vendor\truststore\_windows.py,
CERT_CHAIN_PARA,E:\football_v\.venv\Lib\site-packages\pip\_vendor\truststore\_windows.py,
sizeof,E:\football_v\.venv\Lib\site-packages\pip\_vendor\truststore\_windows.py,
pointer,E:\football_v\.venv\Lib\site-packages\pip\_vendor\truststore\_windows.py,
CertCloseStore,E:\football_v\.venv\Lib\site-packages\pip\_vendor\truststore\_windows.py,
CertAddEncodedCertificateToStore,E:\football_v\.venv\Lib\site-packages\pip\_vendor\truststore\_windows.py,
len,E:\football_v\.venv\Lib\site-packages\pip\_vendor\truststore\_windows.py,
_get_and_verify_cert_chain,E:\football_v\.venv\Lib\site-packages\pip\_vendor\truststore\_windows.py,
CertFreeCertificateContext,E:\football_v\.venv\Lib\site-packages\pip\_vendor\truststore\_windows.py,
len,E:\football_v\.venv\Lib\site-packages\pip\_vendor\truststore\_windows.py,
_verify_using_custom_ca_certs,E:\football_v\.venv\Lib\site-packages\pip\_vendor\truststore\_windows.py,
pointer,E:\football_v\.venv\Lib\site-packages\pip\_vendor\truststore\_windows.py,
CertGetCertificateChain,E:\football_v\.venv\Lib\site-packages\pip\_vendor\truststore\_windows.py,
SSL_EXTRA_CERT_CHAIN_POLICY_PARA,E:\football_v\.venv\Lib\site-packages\pip\_vendor\truststore\_windows.py,
sizeof,E:\football_v\.venv\Lib\site-packages\pip\_vendor\truststore\_windows.py,
CERT_CHAIN_POLICY_PARA,E:\football_v\.venv\Lib\site-packages\pip\_vendor\truststore\_windows.py,
cast,E:\football_v\.venv\Lib\site-packages\pip\_vendor\truststore\_windows.py,
sizeof,E:\football_v\.venv\Lib\site-packages\pip\_vendor\truststore\_windows.py,
pointer,E:\football_v\.venv\Lib\site-packages\pip\_vendor\truststore\_windows.py,
CERT_CHAIN_POLICY_STATUS,E:\football_v\.venv\Lib\site-packages\pip\_vendor\truststore\_windows.py,
sizeof,E:\football_v\.venv\Lib\site-packages\pip\_vendor\truststore\_windows.py,
pointer,E:\football_v\.venv\Lib\site-packages\pip\_vendor\truststore\_windows.py,
CertVerifyCertificateChainPolicy,E:\football_v\.venv\Lib\site-packages\pip\_vendor\truststore\_windows.py,
PCERT_CHAIN_CONTEXT,E:\football_v\.venv\Lib\site-packages\pip\_vendor\truststore\_windows.py,
c_wchar_p,E:\football_v\.venv\Lib\site-packages\pip\_vendor\truststore\_windows.py,
pointer,E:\football_v\.venv\Lib\site-packages\pip\_vendor\truststore\_windows.py,
create_unicode_buffer,E:\football_v\.venv\Lib\site-packages\pip\_vendor\truststore\_windows.py,
FormatMessageW,E:\football_v\.venv\Lib\site-packages\pip\_vendor\truststore\_windows.py,
CertFreeCertificateChain,E:\football_v\.venv\Lib\site-packages\pip\_vendor\truststore\_windows.py,
sizeof,E:\football_v\.venv\Lib\site-packages\pip\_vendor\truststore\_windows.py,
CertOpenStore,E:\football_v\.venv\Lib\site-packages\pip\_vendor\truststore\_windows.py,
CERT_CHAIN_ENGINE_CONFIG,E:\football_v\.venv\Lib\site-packages\pip\_vendor\truststore\_windows.py,
sizeof,E:\football_v\.venv\Lib\site-packages\pip\_vendor\truststore\_windows.py,
pointer,E:\football_v\.venv\Lib\site-packages\pip\_vendor\truststore\_windows.py,
pointer,E:\football_v\.venv\Lib\site-packages\pip\_vendor\truststore\_windows.py,
CertCreateCertificateChainEngine,E:\football_v\.venv\Lib\site-packages\pip\_vendor\truststore\_windows.py,
_get_and_verify_cert_chain,E:\football_v\.venv\Lib\site-packages\pip\_vendor\truststore\_windows.py,
CertCloseStore,E:\football_v\.venv\Lib\site-packages\pip\_vendor\truststore\_windows.py,
CertAddEncodedCertificateToStore,E:\football_v\.venv\Lib\site-packages\pip\_vendor\truststore\_windows.py,
HCERTCHAINENGINE,E:\football_v\.venv\Lib\site-packages\pip\_vendor\truststore\_windows.py,
CertFreeCertificateChainEngine,E:\football_v\.venv\Lib\site-packages\pip\_vendor\truststore\_windows.py,
len,E:\football_v\.venv\Lib\site-packages\pip\_vendor\truststore\_windows.py,
_set_ssl_context_verify_mode,E:\football_v\.venv\Lib\site-packages\pip\_vendor\truststore\_windows.py,
_set_ssl_context_verify_mode,E:\football_v\.venv\Lib\site-packages\pip\_vendor\truststore\_windows.py,
is_ipaddress,E:\football_v\.venv\Lib\site-packages\pip\_vendor\urllib3\connection.py,
match_hostname,E:\football_v\.venv\Lib\site-packages\pip\_vendor\urllib3\connection.py,
ConnectTimeoutError,E:\football_v\.venv\Lib\site-packages\pip\_vendor\urllib3\connection.py,
NewConnectionError,E:\football_v\.venv\Lib\site-packages\pip\_vendor\urllib3\connection.py,
getattr,E:\football_v\.venv\Lib\site-packages\pip\_vendor\urllib3\connection.py,
ValueError,E:\football_v\.venv\Lib\site-packages\pip\_vendor\urllib3\connection.py,
any,E:\football_v\.venv\Lib\site-packages\pip\_vendor\urllib3\connection.py,
ValueError,E:\football_v\.venv\Lib\site-packages\pip\_vendor\urllib3\connection.py,
isinstance,E:\football_v\.venv\Lib\site-packages\pip\_vendor\urllib3\connection.py,
map,E:\football_v\.venv\Lib\site-packages\pip\_vendor\urllib3\connection.py,
sorted,E:\football_v\.venv\Lib\site-packages\pip\_vendor\urllib3\connection.py,
getattr,E:\football_v\.venv\Lib\site-packages\pip\_vendor\urllib3\connection.py,
_get_default_user_agent,E:\football_v\.venv\Lib\site-packages\pip\_vendor\urllib3\connection.py,
super,E:\football_v\.venv\Lib\site-packages\pip\_vendor\urllib3\connection.py,
set,E:\football_v\.venv\Lib\site-packages\pip\_vendor\urllib3\connection.py,
isinstance,E:\football_v\.venv\Lib\site-packages\pip\_vendor\urllib3\connection.py,
_get_default_user_agent,E:\football_v\.venv\Lib\site-packages\pip\_vendor\urllib3\connection.py,
bytearray,E:\football_v\.venv\Lib\site-packages\pip\_vendor\urllib3\connection.py,
isinstance,E:\football_v\.venv\Lib\site-packages\pip\_vendor\urllib3\connection.py,
hex,E:\football_v\.venv\Lib\site-packages\pip\_vendor\urllib3\connection.py,
len,E:\football_v\.venv\Lib\site-packages\pip\_vendor\urllib3\connection.py,
resolve_cert_reqs,E:\football_v\.venv\Lib\site-packages\pip\_vendor\urllib3\connection.py,
resolve_cert_reqs,E:\football_v\.venv\Lib\site-packages\pip\_vendor\urllib3\connection.py,
ssl_wrap_socket,E:\football_v\.venv\Lib\site-packages\pip\_vendor\urllib3\connection.py,
create_urllib3_context,E:\football_v\.venv\Lib\site-packages\pip\_vendor\urllib3\connection.py,
hasattr,E:\football_v\.venv\Lib\site-packages\pip\_vendor\urllib3\connection.py,
hasattr,E:\football_v\.venv\Lib\site-packages\pip\_vendor\urllib3\connection.py,
assert_fingerprint,E:\football_v\.venv\Lib\site-packages\pip\_vendor\urllib3\connection.py,
_match_hostname,E:\football_v\.venv\Lib\site-packages\pip\_vendor\urllib3\connection.py,
resolve_ssl_version,E:\football_v\.venv\Lib\site-packages\pip\_vendor\urllib3\connection.py,
resolve_cert_reqs,E:\football_v\.venv\Lib\site-packages\pip\_vendor\urllib3\connection.py,
getattr,E:\football_v\.venv\Lib\site-packages\pip\_vendor\urllib3\connection.py,
create_proxy_ssl_context,E:\football_v\.venv\Lib\site-packages\pip\_vendor\urllib3\connection.py,
ssl_wrap_socket,E:\football_v\.venv\Lib\site-packages\pip\_vendor\urllib3\connection.py,
ssl_wrap_socket,E:\football_v\.venv\Lib\site-packages\pip\_vendor\urllib3\connection.py,
_match_hostname,E:\football_v\.venv\Lib\site-packages\pip\_vendor\urllib3\connection.py,
getattr,E:\football_v\.venv\Lib\site-packages\pip\_vendor\urllib3\connection.py,
get_host,E:\football_v\.venv\Lib\site-packages\pip\_vendor\urllib3\connectionpool.py,
HTTPSConnectionPool,E:\football_v\.venv\Lib\site-packages\pip\_vendor\urllib3\connectionpool.py,
HTTPConnectionPool,E:\football_v\.venv\Lib\site-packages\pip\_vendor\urllib3\connectionpool.py,
normalize_host,E:\football_v\.venv\Lib\site-packages\pip\_vendor\urllib3\connectionpool.py,
_normalize_host,E:\football_v\.venv\Lib\site-packages\pip\_vendor\urllib3\connectionpool.py,
LocationValueError,E:\football_v\.venv\Lib\site-packages\pip\_vendor\urllib3\connectionpool.py,
type,E:\football_v\.venv\Lib\site-packages\pip\_vendor\urllib3\connectionpool.py,
xrange,E:\football_v\.venv\Lib\site-packages\pip\_vendor\urllib3\connectionpool.py,
weakref_finalize,E:\football_v\.venv\Lib\site-packages\pip\_vendor\urllib3\connectionpool.py,
isinstance,E:\football_v\.venv\Lib\site-packages\pip\_vendor\urllib3\connectionpool.py,
is_connection_dropped,E:\football_v\.venv\Lib\site-packages\pip\_vendor\urllib3\connectionpool.py,
ClosedPoolError,E:\football_v\.venv\Lib\site-packages\pip\_vendor\urllib3\connectionpool.py,
getattr,E:\football_v\.venv\Lib\site-packages\pip\_vendor\urllib3\connectionpool.py,
EmptyPoolError,E:\football_v\.venv\Lib\site-packages\pip\_vendor\urllib3\connectionpool.py,
isinstance,E:\football_v\.venv\Lib\site-packages\pip\_vendor\urllib3\connectionpool.py,
isinstance,E:\football_v\.venv\Lib\site-packages\pip\_vendor\urllib3\connectionpool.py,
ReadTimeoutError,E:\football_v\.venv\Lib\site-packages\pip\_vendor\urllib3\connectionpool.py,
hasattr,E:\football_v\.venv\Lib\site-packages\pip\_vendor\urllib3\connectionpool.py,
ReadTimeoutError,E:\football_v\.venv\Lib\site-packages\pip\_vendor\urllib3\connectionpool.py,
ReadTimeoutError,E:\football_v\.venv\Lib\site-packages\pip\_vendor\urllib3\connectionpool.py,
str,E:\football_v\.venv\Lib\site-packages\pip\_vendor\urllib3\connectionpool.py,
str,E:\football_v\.venv\Lib\site-packages\pip\_vendor\urllib3\connectionpool.py,
getattr,E:\football_v\.venv\Lib\site-packages\pip\_vendor\urllib3\connectionpool.py,
getattr,E:\football_v\.venv\Lib\site-packages\pip\_vendor\urllib3\connectionpool.py,
assert_header_parsing,E:\football_v\.venv\Lib\site-packages\pip\_vendor\urllib3\connectionpool.py,
ReadTimeoutError,E:\football_v\.venv\Lib\site-packages\pip\_vendor\urllib3\connectionpool.py,
Url,E:\football_v\.venv\Lib\site-packages\pip\_vendor\urllib3\connectionpool.py,
_close_pool_connections,E:\football_v\.venv\Lib\site-packages\pip\_vendor\urllib3\connectionpool.py,
get_host,E:\football_v\.venv\Lib\site-packages\pip\_vendor\urllib3\connectionpool.py,
_normalize_host,E:\football_v\.venv\Lib\site-packages\pip\_vendor\urllib3\connectionpool.py,
parse_url,E:\football_v\.venv\Lib\site-packages\pip\_vendor\urllib3\connectionpool.py,
connection_requires_http_tunnel,E:\football_v\.venv\Lib\site-packages\pip\_vendor\urllib3\connectionpool.py,
set_file_position,E:\football_v\.venv\Lib\site-packages\pip\_vendor\urllib3\connectionpool.py,
bool,E:\football_v\.venv\Lib\site-packages\pip\_vendor\urllib3\connectionpool.py,
isinstance,E:\football_v\.venv\Lib\site-packages\pip\_vendor\urllib3\connectionpool.py,
HostChangedError,E:\football_v\.venv\Lib\site-packages\pip\_vendor\urllib3\connectionpool.py,
_encode_target,E:\football_v\.venv\Lib\site-packages\pip\_vendor\urllib3\connectionpool.py,
getattr,E:\football_v\.venv\Lib\site-packages\pip\_vendor\urllib3\connectionpool.py,
isinstance,E:\football_v\.venv\Lib\site-packages\pip\_vendor\urllib3\connectionpool.py,
_is_ssl_error_message_from_http_proxy,E:\football_v\.venv\Lib\site-packages\pip\_vendor\urllib3\connectionpool.py,
ProxyError,E:\football_v\.venv\Lib\site-packages\pip\_vendor\urllib3\connectionpool.py,
isinstance,E:\football_v\.venv\Lib\site-packages\pip\_vendor\urllib3\connectionpool.py,
SSLError,E:\football_v\.venv\Lib\site-packages\pip\_vendor\urllib3\connectionpool.py,
SSLError,E:\football_v\.venv\Lib\site-packages\pip\_vendor\urllib3\connectionpool.py,
HTTPHeaderDict,E:\football_v\.venv\Lib\site-packages\pip\_vendor\urllib3\connectionpool.py,
isinstance,E:\football_v\.venv\Lib\site-packages\pip\_vendor\urllib3\connectionpool.py,
ProxyError,E:\football_v\.venv\Lib\site-packages\pip\_vendor\urllib3\connectionpool.py,
isinstance,E:\football_v\.venv\Lib\site-packages\pip\_vendor\urllib3\connectionpool.py,
ProtocolError,E:\football_v\.venv\Lib\site-packages\pip\_vendor\urllib3\connectionpool.py,
str,E:\football_v\.venv\Lib\site-packages\pip\_vendor\urllib3\connectionpool.py,
isinstance,E:\football_v\.venv\Lib\site-packages\pip\_vendor\urllib3\connectionpool.py,
SSLError,E:\football_v\.venv\Lib\site-packages\pip\_vendor\urllib3\connectionpool.py,
getattr,E:\football_v\.venv\Lib\site-packages\pip\_vendor\urllib3\connectionpool.py,
getattr,E:\football_v\.venv\Lib\site-packages\pip\_vendor\urllib3\connectionpool.py,
super,E:\football_v\.venv\Lib\site-packages\pip\_vendor\urllib3\connectionpool.py,
str,E:\football_v\.venv\Lib\site-packages\pip\_vendor\urllib3\connectionpool.py,
super,E:\football_v\.venv\Lib\site-packages\pip\_vendor\urllib3\exceptions.py,
super,E:\football_v\.venv\Lib\site-packages\pip\_vendor\urllib3\exceptions.py,
super,E:\football_v\.venv\Lib\site-packages\pip\_vendor\urllib3\exceptions.py,
super,E:\football_v\.venv\Lib\site-packages\pip\_vendor\urllib3\exceptions.py,
super,E:\football_v\.venv\Lib\site-packages\pip\_vendor\urllib3\exceptions.py,
super,E:\football_v\.venv\Lib\site-packages\pip\_vendor\urllib3\exceptions.py,
isinstance,E:\football_v\.venv\Lib\site-packages\pip\_vendor\urllib3\fields.py,
any,E:\football_v\.venv\Lib\site-packages\pip\_vendor\urllib3\fields.py,
isinstance,E:\football_v\.venv\Lib\site-packages\pip\_vendor\urllib3\fields.py,
_replace_multiple,E:\football_v\.venv\Lib\site-packages\pip\_vendor\urllib3\fields.py,
dict,E:\football_v\.venv\Lib\site-packages\pip\_vendor\urllib3\fields.py,
isinstance,E:\football_v\.venv\Lib\site-packages\pip\_vendor\urllib3\fields.py,
cls,E:\football_v\.venv\Lib\site-packages\pip\_vendor\urllib3\fields.py,
len,E:\football_v\.venv\Lib\site-packages\pip\_vendor\urllib3\fields.py,
guess_content_type,E:\football_v\.venv\Lib\site-packages\pip\_vendor\urllib3\fields.py,
isinstance,E:\football_v\.venv\Lib\site-packages\pip\_vendor\urllib3\fields.py,
isinstance,E:\football_v\.venv\Lib\site-packages\pip\_vendor\urllib3\filepost.py,
iter,E:\football_v\.venv\Lib\site-packages\pip\_vendor\urllib3\filepost.py,
isinstance,E:\football_v\.venv\Lib\site-packages\pip\_vendor\urllib3\filepost.py,
isinstance,E:\football_v\.venv\Lib\site-packages\pip\_vendor\urllib3\filepost.py,
BytesIO,E:\football_v\.venv\Lib\site-packages\pip\_vendor\urllib3\filepost.py,
iter_field_objects,E:\football_v\.venv\Lib\site-packages\pip\_vendor\urllib3\filepost.py,
str,E:\football_v\.venv\Lib\site-packages\pip\_vendor\urllib3\filepost.py,
choose_boundary,E:\football_v\.venv\Lib\site-packages\pip\_vendor\urllib3\filepost.py,
isinstance,E:\football_v\.venv\Lib\site-packages\pip\_vendor\urllib3\filepost.py,
isinstance,E:\football_v\.venv\Lib\site-packages\pip\_vendor\urllib3\filepost.py,
b,E:\football_v\.venv\Lib\site-packages\pip\_vendor\urllib3\filepost.py,
b,E:\football_v\.venv\Lib\site-packages\pip\_vendor\urllib3\filepost.py,
str,E:\football_v\.venv\Lib\site-packages\pip\_vendor\urllib3\filepost.py,
writer,E:\football_v\.venv\Lib\site-packages\pip\_vendor\urllib3\filepost.py,
writer,E:\football_v\.venv\Lib\site-packages\pip\_vendor\urllib3\filepost.py,
list,E:\football_v\.venv\Lib\site-packages\pip\_vendor\urllib3\poolmanager.py,
key_class,E:\football_v\.venv\Lib\site-packages\pip\_vendor\urllib3\poolmanager.py,
tuple,E:\football_v\.venv\Lib\site-packages\pip\_vendor\urllib3\poolmanager.py,
frozenset,E:\football_v\.venv\Lib\site-packages\pip\_vendor\urllib3\poolmanager.py,
ProxyManager,E:\football_v\.venv\Lib\site-packages\pip\_vendor\urllib3\poolmanager.py,
RecentlyUsedContainer,E:\football_v\.venv\Lib\site-packages\pip\_vendor\urllib3\poolmanager.py,
pool_cls,E:\football_v\.venv\Lib\site-packages\pip\_vendor\urllib3\poolmanager.py,
LocationValueError,E:\football_v\.venv\Lib\site-packages\pip\_vendor\urllib3\poolmanager.py,
pool_key_constructor,E:\football_v\.venv\Lib\site-packages\pip\_vendor\urllib3\poolmanager.py,
URLSchemeUnknown,E:\football_v\.venv\Lib\site-packages\pip\_vendor\urllib3\poolmanager.py,
parse_url,E:\football_v\.venv\Lib\site-packages\pip\_vendor\urllib3\poolmanager.py,
connection_requires_http_tunnel,E:\football_v\.venv\Lib\site-packages\pip\_vendor\urllib3\poolmanager.py,
ProxySchemeUnsupported,E:\football_v\.venv\Lib\site-packages\pip\_vendor\urllib3\poolmanager.py,
parse_url,E:\football_v\.venv\Lib\site-packages\pip\_vendor\urllib3\poolmanager.py,
urljoin,E:\football_v\.venv\Lib\site-packages\pip\_vendor\urllib3\poolmanager.py,
isinstance,E:\football_v\.venv\Lib\site-packages\pip\_vendor\urllib3\poolmanager.py,
list,E:\football_v\.venv\Lib\site-packages\pip\_vendor\urllib3\poolmanager.py,
HTTPHeaderDict,E:\football_v\.venv\Lib\site-packages\pip\_vendor\urllib3\poolmanager.py,
isinstance,E:\football_v\.venv\Lib\site-packages\pip\_vendor\urllib3\poolmanager.py,
parse_url,E:\football_v\.venv\Lib\site-packages\pip\_vendor\urllib3\poolmanager.py,
ProxyConfig,E:\football_v\.venv\Lib\site-packages\pip\_vendor\urllib3\poolmanager.py,
ProxySchemeUnknown,E:\football_v\.venv\Lib\site-packages\pip\_vendor\urllib3\poolmanager.py,
super,E:\football_v\.venv\Lib\site-packages\pip\_vendor\urllib3\poolmanager.py,
super,E:\football_v\.venv\Lib\site-packages\pip\_vendor\urllib3\poolmanager.py,
super,E:\football_v\.venv\Lib\site-packages\pip\_vendor\urllib3\poolmanager.py,
parse_url,E:\football_v\.venv\Lib\site-packages\pip\_vendor\urllib3\poolmanager.py,
parse_url,E:\football_v\.venv\Lib\site-packages\pip\_vendor\urllib3\poolmanager.py,
connection_requires_http_tunnel,E:\football_v\.venv\Lib\site-packages\pip\_vendor\urllib3\poolmanager.py,
super,E:\football_v\.venv\Lib\site-packages\pip\_vendor\urllib3\poolmanager.py,
NotImplementedError,E:\football_v\.venv\Lib\site-packages\pip\_vendor\urllib3\request.py,
urlencode,E:\football_v\.venv\Lib\site-packages\pip\_vendor\urllib3\request.py,
TypeError,E:\football_v\.venv\Lib\site-packages\pip\_vendor\urllib3\request.py,
encode_multipart_formdata,E:\football_v\.venv\Lib\site-packages\pip\_vendor\urllib3\request.py,
urlencode,E:\football_v\.venv\Lib\site-packages\pip\_vendor\urllib3\request.py,
TypeError,E:\football_v\.venv\Lib\site-packages\pip\_vendor\urllib3\request.py,
DeflateDecoder,E:\football_v\.venv\Lib\site-packages\pip\_vendor\urllib3\response.py,
MultiDecoder,E:\football_v\.venv\Lib\site-packages\pip\_vendor\urllib3\response.py,
GzipDecoder,E:\football_v\.venv\Lib\site-packages\pip\_vendor\urllib3\response.py,
BrotliDecoder,E:\football_v\.venv\Lib\site-packages\pip\_vendor\urllib3\response.py,
getattr,E:\football_v\.venv\Lib\site-packages\pip\_vendor\urllib3\response.py,
getattr,E:\football_v\.venv\Lib\site-packages\pip\_vendor\urllib3\response.py,
bytearray,E:\football_v\.venv\Lib\site-packages\pip\_vendor\urllib3\response.py,
bytes,E:\football_v\.venv\Lib\site-packages\pip\_vendor\urllib3\response.py,
bytes,E:\football_v\.venv\Lib\site-packages\pip\_vendor\urllib3\response.py,
bytes,E:\football_v\.venv\Lib\site-packages\pip\_vendor\urllib3\response.py,
_get_decoder,E:\football_v\.venv\Lib\site-packages\pip\_vendor\urllib3\response.py,
reversed,E:\football_v\.venv\Lib\site-packages\pip\_vendor\urllib3\response.py,
isinstance,E:\football_v\.venv\Lib\site-packages\pip\_vendor\urllib3\response.py,
hasattr,E:\football_v\.venv\Lib\site-packages\pip\_vendor\urllib3\response.py,
HTTPHeaderDict,E:\football_v\.venv\Lib\site-packages\pip\_vendor\urllib3\response.py,
isinstance,E:\football_v\.venv\Lib\site-packages\pip\_vendor\urllib3\response.py,
is_fp_closed,E:\football_v\.venv\Lib\site-packages\pip\_vendor\urllib3\response.py,
int,E:\football_v\.venv\Lib\site-packages\pip\_vendor\urllib3\response.py,
set,E:\football_v\.venv\Lib\site-packages\pip\_vendor\urllib3\response.py,
len,E:\football_v\.venv\Lib\site-packages\pip\_vendor\urllib3\response.py,
InvalidHeader,E:\football_v\.venv\Lib\site-packages\pip\_vendor\urllib3\response.py,
int,E:\football_v\.venv\Lib\site-packages\pip\_vendor\urllib3\response.py,
_get_decoder,E:\football_v\.venv\Lib\site-packages\pip\_vendor\urllib3\response.py,
len,E:\football_v\.venv\Lib\site-packages\pip\_vendor\urllib3\response.py,
_get_decoder,E:\football_v\.venv\Lib\site-packages\pip\_vendor\urllib3\response.py,
DecodeError,E:\football_v\.venv\Lib\site-packages\pip\_vendor\urllib3\response.py,
ReadTimeoutError,E:\football_v\.venv\Lib\site-packages\pip\_vendor\urllib3\response.py,
ReadTimeoutError,E:\football_v\.venv\Lib\site-packages\pip\_vendor\urllib3\response.py,
ProtocolError,E:\football_v\.venv\Lib\site-packages\pip\_vendor\urllib3\response.py,
str,E:\football_v\.venv\Lib\site-packages\pip\_vendor\urllib3\response.py,
SSLError,E:\football_v\.venv\Lib\site-packages\pip\_vendor\urllib3\response.py,
min,E:\football_v\.venv\Lib\site-packages\pip\_vendor\urllib3\response.py,
getattr,E:\football_v\.venv\Lib\site-packages\pip\_vendor\urllib3\response.py,
len,E:\football_v\.venv\Lib\site-packages\pip\_vendor\urllib3\response.py,
len,E:\football_v\.venv\Lib\site-packages\pip\_vendor\urllib3\response.py,
IncompleteRead,E:\football_v\.venv\Lib\site-packages\pip\_vendor\urllib3\response.py,
is_fp_closed,E:\football_v\.venv\Lib\site-packages\pip\_vendor\urllib3\response.py,
getattr,E:\football_v\.venv\Lib\site-packages\pip\_vendor\urllib3\response.py,
ResponseCls,E:\football_v\.venv\Lib\site-packages\pip\_vendor\urllib3\response.py,
isinstance,E:\football_v\.venv\Lib\site-packages\pip\_vendor\urllib3\response.py,
HTTPHeaderDict,E:\football_v\.venv\Lib\site-packages\pip\_vendor\urllib3\response.py,
hasattr,E:\football_v\.venv\Lib\site-packages\pip\_vendor\urllib3\response.py,
hasattr,E:\football_v\.venv\Lib\site-packages\pip\_vendor\urllib3\response.py,
IOError,E:\football_v\.venv\Lib\site-packages\pip\_vendor\urllib3\response.py,
hasattr,E:\football_v\.venv\Lib\site-packages\pip\_vendor\urllib3\response.py,
IOError,E:\football_v\.venv\Lib\site-packages\pip\_vendor\urllib3\response.py,
hasattr,E:\football_v\.venv\Lib\site-packages\pip\_vendor\urllib3\response.py,
getattr,E:\football_v\.venv\Lib\site-packages\pip\_vendor\urllib3\response.py,
len,E:\football_v\.venv\Lib\site-packages\pip\_vendor\urllib3\response.py,
len,E:\football_v\.venv\Lib\site-packages\pip\_vendor\urllib3\response.py,
len,E:\football_v\.venv\Lib\site-packages\pip\_vendor\urllib3\response.py,
len,E:\football_v\.venv\Lib\site-packages\pip\_vendor\urllib3\response.py,
hasattr,E:\football_v\.venv\Lib\site-packages\pip\_vendor\urllib3\response.py,
int,E:\football_v\.venv\Lib\site-packages\pip\_vendor\urllib3\response.py,
InvalidChunkLength,E:\football_v\.venv\Lib\site-packages\pip\_vendor\urllib3\response.py,
ResponseNotChunked,E:\football_v\.venv\Lib\site-packages\pip\_vendor\urllib3\response.py,
BodyNotHttplibCompatible,E:\football_v\.venv\Lib\site-packages\pip\_vendor\urllib3\response.py,
is_response_to_head,E:\football_v\.venv\Lib\site-packages\pip\_vendor\urllib3\response.py,
len,E:\football_v\.venv\Lib\site-packages\pip\_vendor\urllib3\response.py,
hasattr,E:\football_v\.venv\Lib\site-packages\pip\_vendor\urllib3\response.py,
hasattr,E:\football_v\.venv\Lib\site-packages\pip\_vendor\urllib3\response.py,
RLock,E:\football_v\.venv\Lib\site-packages\pip\_vendor\urllib3\_collections.py,
len,E:\football_v\.venv\Lib\site-packages\pip\_vendor\urllib3\_collections.py,
len,E:\football_v\.venv\Lib\site-packages\pip\_vendor\urllib3\_collections.py,
NotImplementedError,E:\football_v\.venv\Lib\site-packages\pip\_vendor\urllib3\_collections.py,
list,E:\football_v\.venv\Lib\site-packages\pip\_vendor\urllib3\_collections.py,
itervalues,E:\football_v\.venv\Lib\site-packages\pip\_vendor\urllib3\_collections.py,
list,E:\football_v\.venv\Lib\site-packages\pip\_vendor\urllib3\_collections.py,
iterkeys,E:\football_v\.venv\Lib\site-packages\pip\_vendor\urllib3\_collections.py,
OrderedDict,E:\football_v\.venv\Lib\site-packages\pip\_vendor\urllib3\_collections.py,
isinstance,E:\football_v\.venv\Lib\site-packages\pip\_vendor\urllib3\_collections.py,
super,E:\football_v\.venv\Lib\site-packages\pip\_vendor\urllib3\_collections.py,
isinstance,E:\football_v\.venv\Lib\site-packages\pip\_vendor\urllib3\_collections.py,
dict,E:\football_v\.venv\Lib\site-packages\pip\_vendor\urllib3\_collections.py,
dict,E:\football_v\.venv\Lib\site-packages\pip\_vendor\urllib3\_collections.py,
isinstance,E:\football_v\.venv\Lib\site-packages\pip\_vendor\urllib3\_collections.py,
hasattr,E:\football_v\.venv\Lib\site-packages\pip\_vendor\urllib3\_collections.py,
type,E:\football_v\.venv\Lib\site-packages\pip\_vendor\urllib3\_collections.py,
type,E:\football_v\.venv\Lib\site-packages\pip\_vendor\urllib3\_collections.py,
len,E:\football_v\.venv\Lib\site-packages\pip\_vendor\urllib3\_collections.py,
isinstance,E:\football_v\.venv\Lib\site-packages\pip\_vendor\urllib3\_collections.py,
len,E:\football_v\.venv\Lib\site-packages\pip\_vendor\urllib3\_collections.py,
TypeError,E:\football_v\.venv\Lib\site-packages\pip\_vendor\urllib3\_collections.py,
isinstance,E:\football_v\.venv\Lib\site-packages\pip\_vendor\urllib3\_collections.py,
len,E:\football_v\.venv\Lib\site-packages\pip\_vendor\urllib3\_collections.py,
hasattr,E:\football_v\.venv\Lib\site-packages\pip\_vendor\urllib3\_collections.py,
len,E:\football_v\.venv\Lib\site-packages\pip\_vendor\urllib3\_collections.py,
dict,E:\football_v\.venv\Lib\site-packages\pip\_vendor\urllib3\_collections.py,
type,E:\football_v\.venv\Lib\site-packages\pip\_vendor\urllib3\_collections.py,
isinstance,E:\football_v\.venv\Lib\site-packages\pip\_vendor\urllib3\_collections.py,
list,E:\football_v\.venv\Lib\site-packages\pip\_vendor\urllib3\_collections.py,
type,E:\football_v\.venv\Lib\site-packages\pip\_vendor\urllib3\_collections.py,
list,E:\football_v\.venv\Lib\site-packages\pip\_vendor\urllib3\_collections.py,
cls,E:\football_v\.venv\Lib\site-packages\pip\_vendor\urllib3\_collections.py,
InvalidHeader,E:\football_v\.venv\Lib\site-packages\pip\_vendor\urllib3\_collections.py,
AppEnginePlatformError,E:\football_v\.venv\Lib\site-packages\pip\_vendor\urllib3\contrib\appengine.py,
bool,E:\football_v\.venv\Lib\site-packages\pip\_vendor\urllib3\contrib\appengine.py,
TimeoutError,E:\football_v\.venv\Lib\site-packages\pip\_vendor\urllib3\contrib\appengine.py,
ProtocolError,E:\football_v\.venv\Lib\site-packages\pip\_vendor\urllib3\contrib\appengine.py,
ProtocolError,E:\football_v\.venv\Lib\site-packages\pip\_vendor\urllib3\contrib\appengine.py,
AppEnginePlatformError,E:\football_v\.venv\Lib\site-packages\pip\_vendor\urllib3\contrib\appengine.py,
SSLError,E:\football_v\.venv\Lib\site-packages\pip\_vendor\urllib3\contrib\appengine.py,
AppEnginePlatformError,E:\football_v\.venv\Lib\site-packages\pip\_vendor\urllib3\contrib\appengine.py,
MaxRetryError,E:\football_v\.venv\Lib\site-packages\pip\_vendor\urllib3\contrib\appengine.py,
urljoin,E:\football_v\.venv\Lib\site-packages\pip\_vendor\urllib3\contrib\appengine.py,
str,E:\football_v\.venv\Lib\site-packages\pip\_vendor\urllib3\contrib\appengine.py,
AppEnginePlatformError,E:\football_v\.venv\Lib\site-packages\pip\_vendor\urllib3\contrib\appengine.py,
str,E:\football_v\.venv\Lib\site-packages\pip\_vendor\urllib3\contrib\appengine.py,
MaxRetryError,E:\football_v\.venv\Lib\site-packages\pip\_vendor\urllib3\contrib\appengine.py,
MaxRetryError,E:\football_v\.venv\Lib\site-packages\pip\_vendor\urllib3\contrib\appengine.py,
is_prod_appengine,E:\football_v\.venv\Lib\site-packages\pip\_vendor\urllib3\contrib\appengine.py,
HTTPResponse,E:\football_v\.venv\Lib\site-packages\pip\_vendor\urllib3\contrib\appengine.py,
HTTPResponse,E:\football_v\.venv\Lib\site-packages\pip\_vendor\urllib3\contrib\appengine.py,
isinstance,E:\football_v\.venv\Lib\site-packages\pip\_vendor\urllib3\contrib\appengine.py,
isinstance,E:\football_v\.venv\Lib\site-packages\pip\_vendor\urllib3\contrib\appengine.py,
super,E:\football_v\.venv\Lib\site-packages\pip\_vendor\urllib3\contrib\ntlmpool.py,
HTTPSConnection,E:\football_v\.venv\Lib\site-packages\pip\_vendor\urllib3\contrib\ntlmpool.py,
dict,E:\football_v\.venv\Lib\site-packages\pip\_vendor\urllib3\contrib\ntlmpool.py,
Exception,E:\football_v\.venv\Lib\site-packages\pip\_vendor\urllib3\contrib\ntlmpool.py,
dict,E:\football_v\.venv\Lib\site-packages\pip\_vendor\urllib3\contrib\ntlmpool.py,
Exception,E:\football_v\.venv\Lib\site-packages\pip\_vendor\urllib3\contrib\ntlmpool.py,
Exception,E:\football_v\.venv\Lib\site-packages\pip\_vendor\urllib3\contrib\ntlmpool.py,
super,E:\football_v\.venv\Lib\site-packages\pip\_vendor\urllib3\contrib\ntlmpool.py,
_validate_dependencies_met,E:\football_v\.venv\Lib\site-packages\pip\_vendor\urllib3\contrib\pyopenssl.py,
X509,E:\football_v\.venv\Lib\site-packages\pip\_vendor\urllib3\contrib\pyopenssl.py,
getattr,E:\football_v\.venv\Lib\site-packages\pip\_vendor\urllib3\contrib\pyopenssl.py,
ImportError,E:\football_v\.venv\Lib\site-packages\pip\_vendor\urllib3\contrib\pyopenssl.py,
getattr,E:\football_v\.venv\Lib\site-packages\pip\_vendor\urllib3\contrib\pyopenssl.py,
ImportError,E:\football_v\.venv\Lib\site-packages\pip\_vendor\urllib3\contrib\pyopenssl.py,
idna_encode,E:\football_v\.venv\Lib\site-packages\pip\_vendor\urllib3\contrib\pyopenssl.py,
len,E:\football_v\.venv\Lib\site-packages\pip\_vendor\urllib3\contrib\pyopenssl.py,
hasattr,E:\football_v\.venv\Lib\site-packages\pip\_vendor\urllib3\contrib\pyopenssl.py,
map,E:\football_v\.venv\Lib\site-packages\pip\_vendor\urllib3\contrib\pyopenssl.py,
str,E:\football_v\.venv\Lib\site-packages\pip\_vendor\urllib3\contrib\pyopenssl.py,
len,E:\football_v\.venv\Lib\site-packages\pip\_vendor\urllib3\contrib\pyopenssl.py,
SocketError,E:\football_v\.venv\Lib\site-packages\pip\_vendor\urllib3\contrib\pyopenssl.py,
timeout,E:\football_v\.venv\Lib\site-packages\pip\_vendor\urllib3\contrib\pyopenssl.py,
str,E:\football_v\.venv\Lib\site-packages\pip\_vendor\urllib3\contrib\pyopenssl.py,
SocketError,E:\football_v\.venv\Lib\site-packages\pip\_vendor\urllib3\contrib\pyopenssl.py,
timeout,E:\football_v\.venv\Lib\site-packages\pip\_vendor\urllib3\contrib\pyopenssl.py,
str,E:\football_v\.venv\Lib\site-packages\pip\_vendor\urllib3\contrib\pyopenssl.py,
SocketError,E:\football_v\.venv\Lib\site-packages\pip\_vendor\urllib3\contrib\pyopenssl.py,
timeout,E:\football_v\.venv\Lib\site-packages\pip\_vendor\urllib3\contrib\pyopenssl.py,
str,E:\football_v\.venv\Lib\site-packages\pip\_vendor\urllib3\contrib\pyopenssl.py,
len,E:\football_v\.venv\Lib\site-packages\pip\_vendor\urllib3\contrib\pyopenssl.py,
get_subj_alt_name,E:\football_v\.venv\Lib\site-packages\pip\_vendor\urllib3\contrib\pyopenssl.py,
_fileobject,E:\football_v\.venv\Lib\site-packages\pip\_vendor\urllib3\contrib\pyopenssl.py,
isinstance,E:\football_v\.venv\Lib\site-packages\pip\_vendor\urllib3\contrib\pyopenssl.py,
BytesIO,E:\football_v\.venv\Lib\site-packages\pip\_vendor\urllib3\contrib\pyopenssl.py,
isinstance,E:\football_v\.venv\Lib\site-packages\pip\_vendor\urllib3\contrib\pyopenssl.py,
isinstance,E:\football_v\.venv\Lib\site-packages\pip\_vendor\urllib3\contrib\pyopenssl.py,
WrappedSocket,E:\football_v\.venv\Lib\site-packages\pip\_vendor\urllib3\contrib\pyopenssl.py,
timeout,E:\football_v\.venv\Lib\site-packages\pip\_vendor\urllib3\contrib\pyopenssl.py,
_assert_no_error,E:\football_v\.venv\Lib\site-packages\pip\_vendor\urllib3\contrib\securetransport.py,
len,E:\football_v\.venv\Lib\site-packages\pip\_vendor\urllib3\contrib\securetransport.py,
len,E:\football_v\.venv\Lib\site-packages\pip\_vendor\urllib3\contrib\securetransport.py,
_create_cfstring_array,E:\football_v\.venv\Lib\site-packages\pip\_vendor\urllib3\contrib\securetransport.py,
_assert_no_error,E:\football_v\.venv\Lib\site-packages\pip\_vendor\urllib3\contrib\securetransport.py,
_build_tls_unknown_ca_alert,E:\football_v\.venv\Lib\site-packages\pip\_vendor\urllib3\contrib\securetransport.py,
_cert_array_from_pem,E:\football_v\.venv\Lib\site-packages\pip\_vendor\urllib3\contrib\securetransport.py,
_assert_no_error,E:\football_v\.venv\Lib\site-packages\pip\_vendor\urllib3\contrib\securetransport.py,
_assert_no_error,E:\football_v\.venv\Lib\site-packages\pip\_vendor\urllib3\contrib\securetransport.py,
_assert_no_error,E:\football_v\.venv\Lib\site-packages\pip\_vendor\urllib3\contrib\securetransport.py,
_assert_no_error,E:\football_v\.venv\Lib\site-packages\pip\_vendor\urllib3\contrib\securetransport.py,
open,E:\football_v\.venv\Lib\site-packages\pip\_vendor\urllib3\contrib\securetransport.py,
_assert_no_error,E:\football_v\.venv\Lib\site-packages\pip\_vendor\urllib3\contrib\securetransport.py,
_assert_no_error,E:\football_v\.venv\Lib\site-packages\pip\_vendor\urllib3\contrib\securetransport.py,
_assert_no_error,E:\football_v\.venv\Lib\site-packages\pip\_vendor\urllib3\contrib\securetransport.py,
_assert_no_error,E:\football_v\.venv\Lib\site-packages\pip\_vendor\urllib3\contrib\securetransport.py,
_assert_no_error,E:\football_v\.venv\Lib\site-packages\pip\_vendor\urllib3\contrib\securetransport.py,
_assert_no_error,E:\football_v\.venv\Lib\site-packages\pip\_vendor\urllib3\contrib\securetransport.py,
_temporary_keychain,E:\football_v\.venv\Lib\site-packages\pip\_vendor\urllib3\contrib\securetransport.py,
_load_client_cert_chain,E:\football_v\.venv\Lib\site-packages\pip\_vendor\urllib3\contrib\securetransport.py,
_assert_no_error,E:\football_v\.venv\Lib\site-packages\pip\_vendor\urllib3\contrib\securetransport.py,
id,E:\football_v\.venv\Lib\site-packages\pip\_vendor\urllib3\contrib\securetransport.py,
isinstance,E:\football_v\.venv\Lib\site-packages\pip\_vendor\urllib3\contrib\securetransport.py,
len,E:\football_v\.venv\Lib\site-packages\pip\_vendor\urllib3\contrib\securetransport.py,
_assert_no_error,E:\football_v\.venv\Lib\site-packages\pip\_vendor\urllib3\contrib\securetransport.py,
len,E:\football_v\.venv\Lib\site-packages\pip\_vendor\urllib3\contrib\securetransport.py,
_assert_no_error,E:\football_v\.venv\Lib\site-packages\pip\_vendor\urllib3\contrib\securetransport.py,
_assert_no_error,E:\football_v\.venv\Lib\site-packages\pip\_vendor\urllib3\contrib\securetransport.py,
len,E:\football_v\.venv\Lib\site-packages\pip\_vendor\urllib3\contrib\securetransport.py,
len,E:\football_v\.venv\Lib\site-packages\pip\_vendor\urllib3\contrib\securetransport.py,
ValueError,E:\football_v\.venv\Lib\site-packages\pip\_vendor\urllib3\contrib\securetransport.py,
_assert_no_error,E:\football_v\.venv\Lib\site-packages\pip\_vendor\urllib3\contrib\securetransport.py,
_assert_no_error,E:\football_v\.venv\Lib\site-packages\pip\_vendor\urllib3\contrib\securetransport.py,
_fileobject,E:\football_v\.venv\Lib\site-packages\pip\_vendor\urllib3\contrib\securetransport.py,
backport_makefile,E:\football_v\.venv\Lib\site-packages\pip\_vendor\urllib3\contrib\securetransport.py,
ValueError,E:\football_v\.venv\Lib\site-packages\pip\_vendor\urllib3\contrib\securetransport.py,
ValueError,E:\football_v\.venv\Lib\site-packages\pip\_vendor\urllib3\contrib\securetransport.py,
open,E:\football_v\.venv\Lib\site-packages\pip\_vendor\urllib3\contrib\securetransport.py,
hasattr,E:\football_v\.venv\Lib\site-packages\pip\_vendor\urllib3\contrib\securetransport.py,
NotImplementedError,E:\football_v\.venv\Lib\site-packages\pip\_vendor\urllib3\contrib\securetransport.py,
WrappedSocket,E:\football_v\.venv\Lib\site-packages\pip\_vendor\urllib3\contrib\securetransport.py,
super,E:\football_v\.venv\Lib\site-packages\pip\_vendor\urllib3\contrib\socks.py,
ConnectTimeoutError,E:\football_v\.venv\Lib\site-packages\pip\_vendor\urllib3\contrib\socks.py,
NewConnectionError,E:\football_v\.venv\Lib\site-packages\pip\_vendor\urllib3\contrib\socks.py,
isinstance,E:\football_v\.venv\Lib\site-packages\pip\_vendor\urllib3\contrib\socks.py,
NewConnectionError,E:\football_v\.venv\Lib\site-packages\pip\_vendor\urllib3\contrib\socks.py,
ConnectTimeoutError,E:\football_v\.venv\Lib\site-packages\pip\_vendor\urllib3\contrib\socks.py,
NewConnectionError,E:\football_v\.venv\Lib\site-packages\pip\_vendor\urllib3\contrib\socks.py,
parse_url,E:\football_v\.venv\Lib\site-packages\pip\_vendor\urllib3\contrib\socks.py,
len,E:\football_v\.venv\Lib\site-packages\pip\_vendor\urllib3\contrib\socks.py,
super,E:\football_v\.venv\Lib\site-packages\pip\_vendor\urllib3\contrib\socks.py,
ValueError,E:\football_v\.venv\Lib\site-packages\pip\_vendor\urllib3\contrib\socks.py,
is_local_appengine,E:\football_v\.venv\Lib\site-packages\pip\_vendor\urllib3\contrib\_appengine_environ.py,
is_prod_appengine,E:\football_v\.venv\Lib\site-packages\pip\_vendor\urllib3\contrib\_appengine_environ.py,
is_appengine,E:\football_v\.venv\Lib\site-packages\pip\_vendor\urllib3\contrib\_appengine_environ.py,
CDLL,E:\football_v\.venv\Lib\site-packages\pip\_vendor\urllib3\contrib\_securetransport\bindings.py,
find_library,E:\football_v\.venv\Lib\site-packages\pip\_vendor\urllib3\contrib\_securetransport\bindings.py,
raise_from,E:\football_v\.venv\Lib\site-packages\pip\_vendor\urllib3\contrib\_securetransport\bindings.py,
ImportError,E:\football_v\.venv\Lib\site-packages\pip\_vendor\urllib3\contrib\_securetransport\bindings.py,
len,E:\football_v\.venv\Lib\site-packages\pip\_vendor\urllib3\contrib\_securetransport\low_level.py,
len,E:\football_v\.venv\Lib\site-packages\pip\_vendor\urllib3\contrib\_securetransport\low_level.py,
MemoryError,E:\football_v\.venv\Lib\site-packages\pip\_vendor\urllib3\contrib\_securetransport\low_level.py,
_cfstr,E:\football_v\.venv\Lib\site-packages\pip\_vendor\urllib3\contrib\_securetransport\low_level.py,
MemoryError,E:\football_v\.venv\Lib\site-packages\pip\_vendor\urllib3\contrib\_securetransport\low_level.py,
OSError,E:\football_v\.venv\Lib\site-packages\pip\_vendor\urllib3\contrib\_securetransport\low_level.py,
_cf_string_to_unicode,E:\football_v\.venv\Lib\site-packages\pip\_vendor\urllib3\contrib\_securetransport\low_level.py,
exception_class,E:\football_v\.venv\Lib\site-packages\pip\_vendor\urllib3\contrib\_securetransport\low_level.py,
_cf_data_from_bytes,E:\football_v\.venv\Lib\site-packages\pip\_vendor\urllib3\contrib\_securetransport\low_level.py,
_assert_no_error,E:\football_v\.venv\Lib\site-packages\pip\_vendor\urllib3\contrib\_securetransport\low_level.py,
len,E:\football_v\.venv\Lib\site-packages\pip\_vendor\urllib3\contrib\_securetransport\low_level.py,
open,E:\football_v\.venv\Lib\site-packages\pip\_vendor\urllib3\contrib\_securetransport\low_level.py,
_assert_no_error,E:\football_v\.venv\Lib\site-packages\pip\_vendor\urllib3\contrib\_securetransport\low_level.py,
range,E:\football_v\.venv\Lib\site-packages\pip\_vendor\urllib3\contrib\_securetransport\low_level.py,
len,E:\football_v\.venv\Lib\site-packages\pip\_vendor\urllib3\contrib\_securetransport\low_level.py,
_is_cert,E:\football_v\.venv\Lib\site-packages\pip\_vendor\urllib3\contrib\_securetransport\low_level.py,
_is_identity,E:\football_v\.venv\Lib\site-packages\pip\_vendor\urllib3\contrib\_securetransport\low_level.py,
_load_items_from_file,E:\football_v\.venv\Lib\site-packages\pip\_vendor\urllib3\contrib\_securetransport\low_level.py,
_assert_no_error,E:\football_v\.venv\Lib\site-packages\pip\_vendor\urllib3\contrib\_securetransport\low_level.py,
len,E:\football_v\.venv\Lib\site-packages\pip\_vendor\urllib3\contrib\_securetransport\low_level.py,
__import__,E:\football_v\.venv\Lib\site-packages\pip\_vendor\urllib3\packages\six.py,
setattr,E:\football_v\.venv\Lib\site-packages\pip\_vendor\urllib3\packages\six.py,
delattr,E:\football_v\.venv\Lib\site-packages\pip\_vendor\urllib3\packages\six.py,
AttributeError,E:\football_v\.venv\Lib\site-packages\pip\_vendor\urllib3\packages\six.py,
getattr,E:\football_v\.venv\Lib\site-packages\pip\_vendor\urllib3\packages\six.py,
getattr,E:\football_v\.venv\Lib\site-packages\pip\_vendor\urllib3\packages\six.py,
getattr,E:\football_v\.venv\Lib\site-packages\pip\_vendor\urllib3\packages\six.py,
getattr,E:\football_v\.venv\Lib\site-packages\pip\_vendor\urllib3\packages\six.py,
meta,E:\football_v\.venv\Lib\site-packages\pip\_vendor\urllib3\packages\six.py,
hasattr,E:\football_v\.venv\Lib\site-packages\pip\_vendor\urllib3\packages\six.py,
metaclass,E:\football_v\.venv\Lib\site-packages\pip\_vendor\urllib3\packages\six.py,
isinstance,E:\football_v\.venv\Lib\site-packages\pip\_vendor\urllib3\packages\six.py,
isinstance,E:\football_v\.venv\Lib\site-packages\pip\_vendor\urllib3\packages\six.py,
isinstance,E:\football_v\.venv\Lib\site-packages\pip\_vendor\urllib3\packages\six.py,
TypeError,E:\football_v\.venv\Lib\site-packages\pip\_vendor\urllib3\packages\six.py,
type,E:\football_v\.venv\Lib\site-packages\pip\_vendor\urllib3\packages\six.py,
type,E:\football_v\.venv\Lib\site-packages\pip\_vendor\urllib3\packages\six.py,
isinstance,E:\football_v\.venv\Lib\site-packages\pip\_vendor\urllib3\packages\six.py,
isinstance,E:\football_v\.venv\Lib\site-packages\pip\_vendor\urllib3\packages\six.py,
isinstance,E:\football_v\.venv\Lib\site-packages\pip\_vendor\urllib3\packages\six.py,
TypeError,E:\football_v\.venv\Lib\site-packages\pip\_vendor\urllib3\packages\six.py,
type,E:\football_v\.venv\Lib\site-packages\pip\_vendor\urllib3\packages\six.py,
isinstance,E:\football_v\.venv\Lib\site-packages\pip\_vendor\urllib3\packages\six.py,
isinstance,E:\football_v\.venv\Lib\site-packages\pip\_vendor\urllib3\packages\six.py,
TypeError,E:\football_v\.venv\Lib\site-packages\pip\_vendor\urllib3\packages\six.py,
type,E:\football_v\.venv\Lib\site-packages\pip\_vendor\urllib3\packages\six.py,
ValueError,E:\football_v\.venv\Lib\site-packages\pip\_vendor\urllib3\packages\six.py,
setattr,E:\football_v\.venv\Lib\site-packages\pip\_vendor\urllib3\packages\six.py,
delattr,E:\football_v\.venv\Lib\site-packages\pip\_vendor\urllib3\packages\six.py,
super,E:\football_v\.venv\Lib\site-packages\pip\_vendor\urllib3\packages\six.py,
_import_module,E:\football_v\.venv\Lib\site-packages\pip\_vendor\urllib3\packages\six.py,
getattr,E:\football_v\.venv\Lib\site-packages\pip\_vendor\urllib3\packages\six.py,
setattr,E:\football_v\.venv\Lib\site-packages\pip\_vendor\urllib3\packages\six.py,
super,E:\football_v\.venv\Lib\site-packages\pip\_vendor\urllib3\packages\six.py,
super,E:\football_v\.venv\Lib\site-packages\pip\_vendor\urllib3\packages\six.py,
_import_module,E:\football_v\.venv\Lib\site-packages\pip\_vendor\urllib3\packages\six.py,
getattr,E:\football_v\.venv\Lib\site-packages\pip\_vendor\urllib3\packages\six.py,
spec_from_loader,E:\football_v\.venv\Lib\site-packages\pip\_vendor\urllib3\packages\six.py,
ImportError,E:\football_v\.venv\Lib\site-packages\pip\_vendor\urllib3\packages\six.py,
isinstance,E:\football_v\.venv\Lib\site-packages\pip\_vendor\urllib3\packages\six.py,
hasattr,E:\football_v\.venv\Lib\site-packages\pip\_vendor\urllib3\packages\six.py,
iter,E:\football_v\.venv\Lib\site-packages\pip\_vendor\urllib3\packages\six.py,
iter,E:\football_v\.venv\Lib\site-packages\pip\_vendor\urllib3\packages\six.py,
iter,E:\football_v\.venv\Lib\site-packages\pip\_vendor\urllib3\packages\six.py,
iter,E:\football_v\.venv\Lib\site-packages\pip\_vendor\urllib3\packages\six.py,
unicode,E:\football_v\.venv\Lib\site-packages\pip\_vendor\urllib3\packages\six.py,
ord,E:\football_v\.venv\Lib\site-packages\pip\_vendor\urllib3\packages\six.py,
ord,E:\football_v\.venv\Lib\site-packages\pip\_vendor\urllib3\packages\six.py,
tp,E:\football_v\.venv\Lib\site-packages\pip\_vendor\urllib3\packages\six.py,
exec,E:\football_v\.venv\Lib\site-packages\pip\_vendor\urllib3\packages\six.py,
enumerate,E:\football_v\.venv\Lib\site-packages\pip\_vendor\urllib3\packages\six.py,
write,E:\football_v\.venv\Lib\site-packages\pip\_vendor\urllib3\packages\six.py,
isinstance,E:\football_v\.venv\Lib\site-packages\pip\_vendor\urllib3\packages\six.py,
isinstance,E:\football_v\.venv\Lib\site-packages\pip\_vendor\urllib3\packages\six.py,
TypeError,E:\football_v\.venv\Lib\site-packages\pip\_vendor\urllib3\packages\six.py,
unicode,E:\football_v\.venv\Lib\site-packages\pip\_vendor\urllib3\packages\six.py,
unicode,E:\football_v\.venv\Lib\site-packages\pip\_vendor\urllib3\packages\six.py,
write,E:\football_v\.venv\Lib\site-packages\pip\_vendor\urllib3\packages\six.py,
isinstance,E:\football_v\.venv\Lib\site-packages\pip\_vendor\urllib3\packages\six.py,
str,E:\football_v\.venv\Lib\site-packages\pip\_vendor\urllib3\packages\six.py,
isinstance,E:\football_v\.venv\Lib\site-packages\pip\_vendor\urllib3\packages\six.py,
isinstance,E:\football_v\.venv\Lib\site-packages\pip\_vendor\urllib3\packages\six.py,
getattr,E:\football_v\.venv\Lib\site-packages\pip\_vendor\urllib3\packages\six.py,
isinstance,E:\football_v\.venv\Lib\site-packages\pip\_vendor\urllib3\packages\six.py,
write,E:\football_v\.venv\Lib\site-packages\pip\_vendor\urllib3\packages\six.py,
isinstance,E:\football_v\.venv\Lib\site-packages\pip\_vendor\urllib3\packages\six.py,
TypeError,E:\football_v\.venv\Lib\site-packages\pip\_vendor\urllib3\packages\six.py,
isinstance,E:\football_v\.venv\Lib\site-packages\pip\_vendor\urllib3\packages\six.py,
TypeError,E:\football_v\.venv\Lib\site-packages\pip\_vendor\urllib3\packages\six.py,
_print,E:\football_v\.venv\Lib\site-packages\pip\_vendor\urllib3\packages\six.py,
getattr,E:\football_v\.venv\Lib\site-packages\pip\_vendor\urllib3\packages\six.py,
setattr,E:\football_v\.venv\Lib\site-packages\pip\_vendor\urllib3\packages\six.py,
getattr,E:\football_v\.venv\Lib\site-packages\pip\_vendor\urllib3\packages\six.py,
getattr,E:\football_v\.venv\Lib\site-packages\pip\_vendor\urllib3\packages\six.py,
hasattr,E:\football_v\.venv\Lib\site-packages\pip\_vendor\urllib3\packages\six.py,
metaclass,E:\football_v\.venv\Lib\site-packages\pip\_vendor\urllib3\packages\six.py,
isinstance,E:\football_v\.venv\Lib\site-packages\pip\_vendor\urllib3\packages\six.py,
any,E:\football_v\.venv\Lib\site-packages\pip\_vendor\urllib3\packages\six.py,
type,E:\football_v\.venv\Lib\site-packages\pip\_vendor\urllib3\packages\six.py,
type,E:\football_v\.venv\Lib\site-packages\pip\_vendor\urllib3\packages\six.py,
isinstance,E:\football_v\.venv\Lib\site-packages\pip\_vendor\urllib3\packages\six.py,
str,E:\football_v\.venv\Lib\site-packages\pip\_vendor\urllib3\packages\six.py,
isinstance,E:\football_v\.venv\Lib\site-packages\pip\_vendor\urllib3\packages\six.py,
isinstance,E:\football_v\.venv\Lib\site-packages\pip\_vendor\urllib3\packages\six.py,
getattr,E:\football_v\.venv\Lib\site-packages\pip\_vendor\urllib3\packages\six.py,
meta,E:\football_v\.venv\Lib\site-packages\pip\_vendor\urllib3\packages\six.py,
SocketIO,E:\football_v\.venv\Lib\site-packages\pip\_vendor\urllib3\packages\backports\makefile.py,
ValueError,E:\football_v\.venv\Lib\site-packages\pip\_vendor\urllib3\packages\backports\makefile.py,
set,E:\football_v\.venv\Lib\site-packages\pip\_vendor\urllib3\packages\backports\makefile.py,
ValueError,E:\football_v\.venv\Lib\site-packages\pip\_vendor\urllib3\packages\backports\makefile.py,
ref,E:\football_v\.venv\Lib\site-packages\pip\_vendor\urllib3\packages\backports\weakref_finalize.py,
next,E:\football_v\.venv\Lib\site-packages\pip\_vendor\urllib3\packages\backports\weakref_finalize.py,
bool,E:\football_v\.venv\Lib\site-packages\pip\_vendor\urllib3\packages\backports\weakref_finalize.py,
bool,E:\football_v\.venv\Lib\site-packages\pip\_vendor\urllib3\packages\backports\weakref_finalize.py,
id,E:\football_v\.venv\Lib\site-packages\pip\_vendor\urllib3\packages\backports\weakref_finalize.py,
id,E:\football_v\.venv\Lib\site-packages\pip\_vendor\urllib3\packages\backports\weakref_finalize.py,
id,E:\football_v\.venv\Lib\site-packages\pip\_vendor\urllib3\packages\backports\weakref_finalize.py,
type,E:\football_v\.venv\Lib\site-packages\pip\_vendor\urllib3\packages\backports\weakref_finalize.py,
type,E:\football_v\.venv\Lib\site-packages\pip\_vendor\urllib3\packages\backports\weakref_finalize.py,
type,E:\football_v\.venv\Lib\site-packages\pip\_vendor\urllib3\packages\backports\weakref_finalize.py,
f,E:\football_v\.venv\Lib\site-packages\pip\_vendor\urllib3\packages\backports\weakref_finalize.py,
getattr,E:\football_v\.venv\Lib\site-packages\pip\_vendor\urllib3\util\connection.py,
wait_for_read,E:\football_v\.venv\Lib\site-packages\pip\_vendor\urllib3\util\connection.py,
allowed_gai_family,E:\football_v\.venv\Lib\site-packages\pip\_vendor\urllib3\util\connection.py,
_set_socket_options,E:\football_v\.venv\Lib\site-packages\pip\_vendor\urllib3\util\connection.py,
LocationParseError,E:\football_v\.venv\Lib\site-packages\pip\_vendor\urllib3\util\connection.py,
create_urllib3_context,E:\football_v\.venv\Lib\site-packages\pip\_vendor\urllib3\util\proxy.py,
hasattr,E:\football_v\.venv\Lib\site-packages\pip\_vendor\urllib3\util\proxy.py,
resolve_ssl_version,E:\football_v\.venv\Lib\site-packages\pip\_vendor\urllib3\util\proxy.py,
resolve_cert_reqs,E:\football_v\.venv\Lib\site-packages\pip\_vendor\urllib3\util\proxy.py,
len,E:\football_v\.venv\Lib\site-packages\pip\_vendor\urllib3\util\queue.py,
isinstance,E:\football_v\.venv\Lib\site-packages\pip\_vendor\urllib3\util\request.py,
isinstance,E:\football_v\.venv\Lib\site-packages\pip\_vendor\urllib3\util\request.py,
b64encode,E:\football_v\.venv\Lib\site-packages\pip\_vendor\urllib3\util\request.py,
b64encode,E:\football_v\.venv\Lib\site-packages\pip\_vendor\urllib3\util\request.py,
b,E:\football_v\.venv\Lib\site-packages\pip\_vendor\urllib3\util\request.py,
b,E:\football_v\.venv\Lib\site-packages\pip\_vendor\urllib3\util\request.py,
rewind_body,E:\football_v\.venv\Lib\site-packages\pip\_vendor\urllib3\util\request.py,
getattr,E:\football_v\.venv\Lib\site-packages\pip\_vendor\urllib3\util\request.py,
getattr,E:\football_v\.venv\Lib\site-packages\pip\_vendor\urllib3\util\request.py,
isinstance,E:\football_v\.venv\Lib\site-packages\pip\_vendor\urllib3\util\request.py,
body_seek,E:\football_v\.venv\Lib\site-packages\pip\_vendor\urllib3\util\request.py,
UnrewindableBodyError,E:\football_v\.venv\Lib\site-packages\pip\_vendor\urllib3\util\request.py,
ValueError,E:\football_v\.venv\Lib\site-packages\pip\_vendor\urllib3\util\request.py,
UnrewindableBodyError,E:\football_v\.venv\Lib\site-packages\pip\_vendor\urllib3\util\request.py,
type,E:\football_v\.venv\Lib\site-packages\pip\_vendor\urllib3\util\request.py,
ValueError,E:\football_v\.venv\Lib\site-packages\pip\_vendor\urllib3\util\response.py,
getattr,E:\football_v\.venv\Lib\site-packages\pip\_vendor\urllib3\util\response.py,
getattr,E:\football_v\.venv\Lib\site-packages\pip\_vendor\urllib3\util\response.py,
isinstance,E:\football_v\.venv\Lib\site-packages\pip\_vendor\urllib3\util\response.py,
TypeError,E:\football_v\.venv\Lib\site-packages\pip\_vendor\urllib3\util\response.py,
HeaderParsingError,E:\football_v\.venv\Lib\site-packages\pip\_vendor\urllib3\util\response.py,
get_payload,E:\football_v\.venv\Lib\site-packages\pip\_vendor\urllib3\util\response.py,
isinstance,E:\football_v\.venv\Lib\site-packages\pip\_vendor\urllib3\util\response.py,
type,E:\football_v\.venv\Lib\site-packages\pip\_vendor\urllib3\util\response.py,
isinstance,E:\football_v\.venv\Lib\site-packages\pip\_vendor\urllib3\util\response.py,
isinstance,E:\football_v\.venv\Lib\site-packages\pip\_vendor\urllib3\util\response.py,
frozenset,E:\football_v\.venv\Lib\site-packages\pip\_vendor\urllib3\util\retry.py,
set,E:\football_v\.venv\Lib\site-packages\pip\_vendor\urllib3\util\retry.py,
tuple,E:\football_v\.venv\Lib\site-packages\pip\_vendor\urllib3\util\retry.py,
ValueError,E:\football_v\.venv\Lib\site-packages\pip\_vendor\urllib3\util\retry.py,
dict,E:\football_v\.venv\Lib\site-packages\pip\_vendor\urllib3\util\retry.py,
type,E:\football_v\.venv\Lib\site-packages\pip\_vendor\urllib3\util\retry.py,
isinstance,E:\football_v\.venv\Lib\site-packages\pip\_vendor\urllib3\util\retry.py,
cls,E:\football_v\.venv\Lib\site-packages\pip\_vendor\urllib3\util\retry.py,
bool,E:\football_v\.venv\Lib\site-packages\pip\_vendor\urllib3\util\retry.py,
len,E:\football_v\.venv\Lib\site-packages\pip\_vendor\urllib3\util\retry.py,
min,E:\football_v\.venv\Lib\site-packages\pip\_vendor\urllib3\util\retry.py,
list,E:\football_v\.venv\Lib\site-packages\pip\_vendor\urllib3\util\retry.py,
takewhile,E:\football_v\.venv\Lib\site-packages\pip\_vendor\urllib3\util\retry.py,
reversed,E:\football_v\.venv\Lib\site-packages\pip\_vendor\urllib3\util\retry.py,
int,E:\football_v\.venv\Lib\site-packages\pip\_vendor\urllib3\util\retry.py,
InvalidHeader,E:\football_v\.venv\Lib\site-packages\pip\_vendor\urllib3\util\retry.py,
isinstance,E:\football_v\.venv\Lib\site-packages\pip\_vendor\urllib3\util\retry.py,
isinstance,E:\football_v\.venv\Lib\site-packages\pip\_vendor\urllib3\util\retry.py,
isinstance,E:\football_v\.venv\Lib\site-packages\pip\_vendor\urllib3\util\retry.py,
list,E:\football_v\.venv\Lib\site-packages\pip\_vendor\urllib3\util\retry.py,
filter,E:\football_v\.venv\Lib\site-packages\pip\_vendor\urllib3\util\retry.py,
min,E:\football_v\.venv\Lib\site-packages\pip\_vendor\urllib3\util\retry.py,
MaxRetryError,E:\football_v\.venv\Lib\site-packages\pip\_vendor\urllib3\util\retry.py,
type,E:\football_v\.venv\Lib\site-packages\pip\_vendor\urllib3\util\retry.py,
RequestHistory,E:\football_v\.venv\Lib\site-packages\pip\_vendor\urllib3\util\retry.py,
type,E:\football_v\.venv\Lib\site-packages\pip\_vendor\urllib3\util\retry.py,
ResponseError,E:\football_v\.venv\Lib\site-packages\pip\_vendor\urllib3\util\retry.py,
type,E:\football_v\.venv\Lib\site-packages\pip\_vendor\urllib3\util\retry.py,
type,E:\football_v\.venv\Lib\site-packages\pip\_vendor\urllib3\util\retry.py,
getattr,E:\football_v\.venv\Lib\site-packages\pip\_vendor\urllib3\util\retry.py,
super,E:\football_v\.venv\Lib\site-packages\pip\_vendor\urllib3\util\retry.py,
getattr,E:\football_v\.venv\Lib\site-packages\pip\_vendor\urllib3\util\retry.py,
hasattr,E:\football_v\.venv\Lib\site-packages\pip\_vendor\urllib3\util\ssltransport.py,
ProxySchemeUnsupported,E:\football_v\.venv\Lib\site-packages\pip\_vendor\urllib3\util\ssltransport.py,
ProxySchemeUnsupported,E:\football_v\.venv\Lib\site-packages\pip\_vendor\urllib3\util\ssltransport.py,
ValueError,E:\football_v\.venv\Lib\site-packages\pip\_vendor\urllib3\util\ssltransport.py,
ValueError,E:\football_v\.venv\Lib\site-packages\pip\_vendor\urllib3\util\ssltransport.py,
len,E:\football_v\.venv\Lib\site-packages\pip\_vendor\urllib3\util\ssltransport.py,
ValueError,E:\football_v\.venv\Lib\site-packages\pip\_vendor\urllib3\util\ssltransport.py,
memoryview,E:\football_v\.venv\Lib\site-packages\pip\_vendor\urllib3\util\ssltransport.py,
len,E:\football_v\.venv\Lib\site-packages\pip\_vendor\urllib3\util\ssltransport.py,
ValueError,E:\football_v\.venv\Lib\site-packages\pip\_vendor\urllib3\util\ssltransport.py,
ValueError,E:\football_v\.venv\Lib\site-packages\pip\_vendor\urllib3\util\ssltransport.py,
set,E:\football_v\.venv\Lib\site-packages\pip\_vendor\urllib3\util\ssltransport.py,
ValueError,E:\football_v\.venv\Lib\site-packages\pip\_vendor\urllib3\util\ssltransport.py,
func,E:\football_v\.venv\Lib\site-packages\pip\_vendor\urllib3\util\ssltransport.py,
abs,E:\football_v\.venv\Lib\site-packages\pip\_vendor\urllib3\util\ssl_.py,
zip,E:\football_v\.venv\Lib\site-packages\pip\_vendor\urllib3\util\ssl_.py,
bytearray,E:\football_v\.venv\Lib\site-packages\pip\_vendor\urllib3\util\ssl_.py,
bytearray,E:\football_v\.venv\Lib\site-packages\pip\_vendor\urllib3\util\ssl_.py,
len,E:\football_v\.venv\Lib\site-packages\pip\_vendor\urllib3\util\ssl_.py,
len,E:\football_v\.venv\Lib\site-packages\pip\_vendor\urllib3\util\ssl_.py,
len,E:\football_v\.venv\Lib\site-packages\pip\_vendor\urllib3\util\ssl_.py,
unhexlify,E:\football_v\.venv\Lib\site-packages\pip\_vendor\urllib3\util\ssl_.py,
SSLError,E:\football_v\.venv\Lib\site-packages\pip\_vendor\urllib3\util\ssl_.py,
SSLError,E:\football_v\.venv\Lib\site-packages\pip\_vendor\urllib3\util\ssl_.py,
_const_compare_digest,E:\football_v\.venv\Lib\site-packages\pip\_vendor\urllib3\util\ssl_.py,
SSLError,E:\football_v\.venv\Lib\site-packages\pip\_vendor\urllib3\util\ssl_.py,
hashfunc,E:\football_v\.venv\Lib\site-packages\pip\_vendor\urllib3\util\ssl_.py,
hexlify,E:\football_v\.venv\Lib\site-packages\pip\_vendor\urllib3\util\ssl_.py,
isinstance,E:\football_v\.venv\Lib\site-packages\pip\_vendor\urllib3\util\ssl_.py,
getattr,E:\football_v\.venv\Lib\site-packages\pip\_vendor\urllib3\util\ssl_.py,
getattr,E:\football_v\.venv\Lib\site-packages\pip\_vendor\urllib3\util\ssl_.py,
isinstance,E:\football_v\.venv\Lib\site-packages\pip\_vendor\urllib3\util\ssl_.py,
getattr,E:\football_v\.venv\Lib\site-packages\pip\_vendor\urllib3\util\ssl_.py,
getattr,E:\football_v\.venv\Lib\site-packages\pip\_vendor\urllib3\util\ssl_.py,
SSLContext,E:\football_v\.venv\Lib\site-packages\pip\_vendor\urllib3\util\ssl_.py,
hasattr,E:\football_v\.venv\Lib\site-packages\pip\_vendor\urllib3\util\ssl_.py,
disable_check_hostname,E:\football_v\.venv\Lib\site-packages\pip\_vendor\urllib3\util\ssl_.py,
disable_check_hostname,E:\football_v\.venv\Lib\site-packages\pip\_vendor\urllib3\util\ssl_.py,
getattr,E:\football_v\.venv\Lib\site-packages\pip\_vendor\urllib3\util\ssl_.py,
getattr,E:\football_v\.venv\Lib\site-packages\pip\_vendor\urllib3\util\ssl_.py,
create_urllib3_context,E:\football_v\.venv\Lib\site-packages\pip\_vendor\urllib3\util\ssl_.py,
_is_key_file_encrypted,E:\football_v\.venv\Lib\site-packages\pip\_vendor\urllib3\util\ssl_.py,
SSLError,E:\football_v\.venv\Lib\site-packages\pip\_vendor\urllib3\util\ssl_.py,
hasattr,E:\football_v\.venv\Lib\site-packages\pip\_vendor\urllib3\util\ssl_.py,
_ssl_wrap_socket_impl,E:\football_v\.venv\Lib\site-packages\pip\_vendor\urllib3\util\ssl_.py,
_ssl_wrap_socket_impl,E:\football_v\.venv\Lib\site-packages\pip\_vendor\urllib3\util\ssl_.py,
hasattr,E:\football_v\.venv\Lib\site-packages\pip\_vendor\urllib3\util\ssl_.py,
is_ipaddress,E:\football_v\.venv\Lib\site-packages\pip\_vendor\urllib3\util\ssl_.py,
SSLError,E:\football_v\.venv\Lib\site-packages\pip\_vendor\urllib3\util\ssl_.py,
bool,E:\football_v\.venv\Lib\site-packages\pip\_vendor\urllib3\util\ssl_.py,
isinstance,E:\football_v\.venv\Lib\site-packages\pip\_vendor\urllib3\util\ssl_.py,
open,E:\football_v\.venv\Lib\site-packages\pip\_vendor\urllib3\util\ssl_.py,
SSLTransport,E:\football_v\.venv\Lib\site-packages\pip\_vendor\urllib3\util\ssl_.py,
ProxySchemeUnsupported,E:\football_v\.venv\Lib\site-packages\pip\_vendor\urllib3\util\ssl_.py,
getattr,E:\football_v\.venv\Lib\site-packages\pip\_vendor\urllib3\util\ssl_.py,
SSLError,E:\football_v\.venv\Lib\site-packages\pip\_vendor\urllib3\util\ssl_.py,
SSLError,E:\football_v\.venv\Lib\site-packages\pip\_vendor\urllib3\util\ssl_.py,
wrap_socket,E:\football_v\.venv\Lib\site-packages\pip\_vendor\urllib3\util\ssl_.py,
CertificateError,E:\football_v\.venv\Lib\site-packages\pip\_vendor\urllib3\util\ssl_match_hostname.py,
repr,E:\football_v\.venv\Lib\site-packages\pip\_vendor\urllib3\util\ssl_match_hostname.py,
isinstance,E:\football_v\.venv\Lib\site-packages\pip\_vendor\urllib3\util\ssl_match_hostname.py,
unicode,E:\football_v\.venv\Lib\site-packages\pip\_vendor\urllib3\util\ssl_match_hostname.py,
_to_unicode,E:\football_v\.venv\Lib\site-packages\pip\_vendor\urllib3\util\ssl_match_hostname.py,
ValueError,E:\football_v\.venv\Lib\site-packages\pip\_vendor\urllib3\util\ssl_match_hostname.py,
len,E:\football_v\.venv\Lib\site-packages\pip\_vendor\urllib3\util\ssl_match_hostname.py,
CertificateError,E:\football_v\.venv\Lib\site-packages\pip\_vendor\urllib3\util\ssl_match_hostname.py,
_to_unicode,E:\football_v\.venv\Lib\site-packages\pip\_vendor\urllib3\util\ssl_match_hostname.py,
len,E:\football_v\.venv\Lib\site-packages\pip\_vendor\urllib3\util\ssl_match_hostname.py,
CertificateError,E:\football_v\.venv\Lib\site-packages\pip\_vendor\urllib3\util\ssl_match_hostname.py,
CertificateError,E:\football_v\.venv\Lib\site-packages\pip\_vendor\urllib3\util\ssl_match_hostname.py,
_dnsname_match,E:\football_v\.venv\Lib\site-packages\pip\_vendor\urllib3\util\ssl_match_hostname.py,
_ipaddress_match,E:\football_v\.venv\Lib\site-packages\pip\_vendor\urllib3\util\ssl_match_hostname.py,
_dnsname_match,E:\football_v\.venv\Lib\site-packages\pip\_vendor\urllib3\util\ssl_match_hostname.py,
map,E:\football_v\.venv\Lib\site-packages\pip\_vendor\urllib3\util\ssl_match_hostname.py,
type,E:\football_v\.venv\Lib\site-packages\pip\_vendor\urllib3\util\timeout.py,
getdefaulttimeout,E:\football_v\.venv\Lib\site-packages\pip\_vendor\urllib3\util\timeout.py,
isinstance,E:\football_v\.venv\Lib\site-packages\pip\_vendor\urllib3\util\timeout.py,
ValueError,E:\football_v\.venv\Lib\site-packages\pip\_vendor\urllib3\util\timeout.py,
float,E:\football_v\.venv\Lib\site-packages\pip\_vendor\urllib3\util\timeout.py,
ValueError,E:\football_v\.venv\Lib\site-packages\pip\_vendor\urllib3\util\timeout.py,
ValueError,E:\football_v\.venv\Lib\site-packages\pip\_vendor\urllib3\util\timeout.py,
ValueError,E:\football_v\.venv\Lib\site-packages\pip\_vendor\urllib3\util\timeout.py,
Timeout,E:\football_v\.venv\Lib\site-packages\pip\_vendor\urllib3\util\timeout.py,
Timeout,E:\football_v\.venv\Lib\site-packages\pip\_vendor\urllib3\util\timeout.py,
current_time,E:\football_v\.venv\Lib\site-packages\pip\_vendor\urllib3\util\timeout.py,
TimeoutStateError,E:\football_v\.venv\Lib\site-packages\pip\_vendor\urllib3\util\timeout.py,
TimeoutStateError,E:\football_v\.venv\Lib\site-packages\pip\_vendor\urllib3\util\timeout.py,
current_time,E:\football_v\.venv\Lib\site-packages\pip\_vendor\urllib3\util\timeout.py,
min,E:\football_v\.venv\Lib\site-packages\pip\_vendor\urllib3\util\timeout.py,
max,E:\football_v\.venv\Lib\site-packages\pip\_vendor\urllib3\util\timeout.py,
min,E:\football_v\.venv\Lib\site-packages\pip\_vendor\urllib3\util\timeout.py,
max,E:\football_v\.venv\Lib\site-packages\pip\_vendor\urllib3\util\timeout.py,
bytearray,E:\football_v\.venv\Lib\site-packages\pip\_vendor\urllib3\util\url.py,
range,E:\football_v\.venv\Lib\site-packages\pip\_vendor\urllib3\util\url.py,
len,E:\football_v\.venv\Lib\site-packages\pip\_vendor\urllib3\util\url.py,
ord,E:\football_v\.venv\Lib\site-packages\pip\_vendor\urllib3\util\url.py,
hex,E:\football_v\.venv\Lib\site-packages\pip\_vendor\urllib3\util\url.py,
isinstance,E:\football_v\.venv\Lib\site-packages\pip\_vendor\urllib3\util\url.py,
_encode_invalid_chars,E:\football_v\.venv\Lib\site-packages\pip\_vendor\urllib3\util\url.py,
_idna_encode,E:\football_v\.venv\Lib\site-packages\pip\_vendor\urllib3\util\url.py,
any,E:\football_v\.venv\Lib\site-packages\pip\_vendor\urllib3\util\url.py,
ord,E:\football_v\.venv\Lib\site-packages\pip\_vendor\urllib3\util\url.py,
LocationParseError,E:\football_v\.venv\Lib\site-packages\pip\_vendor\urllib3\util\url.py,
LocationParseError,E:\football_v\.venv\Lib\site-packages\pip\_vendor\urllib3\util\url.py,
_encode_invalid_chars,E:\football_v\.venv\Lib\site-packages\pip\_vendor\urllib3\util\url.py,
_encode_invalid_chars,E:\football_v\.venv\Lib\site-packages\pip\_vendor\urllib3\util\url.py,
isinstance,E:\football_v\.venv\Lib\site-packages\pip\_vendor\urllib3\util\url.py,
Url,E:\football_v\.venv\Lib\site-packages\pip\_vendor\urllib3\util\url.py,
Url,E:\football_v\.venv\Lib\site-packages\pip\_vendor\urllib3\util\url.py,
_normalize_host,E:\football_v\.venv\Lib\site-packages\pip\_vendor\urllib3\util\url.py,
int,E:\football_v\.venv\Lib\site-packages\pip\_vendor\urllib3\util\url.py,
_remove_path_dot_segments,E:\football_v\.venv\Lib\site-packages\pip\_vendor\urllib3\util\url.py,
_encode_invalid_chars,E:\football_v\.venv\Lib\site-packages\pip\_vendor\urllib3\util\url.py,
_encode_invalid_chars,E:\football_v\.venv\Lib\site-packages\pip\_vendor\urllib3\util\url.py,
_encode_invalid_chars,E:\football_v\.venv\Lib\site-packages\pip\_vendor\urllib3\util\url.py,
ensure_func,E:\football_v\.venv\Lib\site-packages\pip\_vendor\urllib3\util\url.py,
ensure_type,E:\football_v\.venv\Lib\site-packages\pip\_vendor\urllib3\util\url.py,
ensure_type,E:\football_v\.venv\Lib\site-packages\pip\_vendor\urllib3\util\url.py,
ensure_type,E:\football_v\.venv\Lib\site-packages\pip\_vendor\urllib3\util\url.py,
ensure_type,E:\football_v\.venv\Lib\site-packages\pip\_vendor\urllib3\util\url.py,
ensure_type,E:\football_v\.venv\Lib\site-packages\pip\_vendor\urllib3\util\url.py,
ensure_type,E:\football_v\.venv\Lib\site-packages\pip\_vendor\urllib3\util\url.py,
_encode_invalid_chars,E:\football_v\.venv\Lib\site-packages\pip\_vendor\urllib3\util\url.py,
LocationParseError,E:\football_v\.venv\Lib\site-packages\pip\_vendor\urllib3\util\url.py,
LocationParseError,E:\football_v\.venv\Lib\site-packages\pip\_vendor\urllib3\util\url.py,
parse_url,E:\football_v\.venv\Lib\site-packages\pip\_vendor\urllib3\util\url.py,
super,E:\football_v\.venv\Lib\site-packages\pip\_vendor\urllib3\util\url.py,
str,E:\football_v\.venv\Lib\site-packages\pip\_vendor\urllib3\util\url.py,
ensure_func,E:\football_v\.venv\Lib\site-packages\pip\_vendor\urllib3\util\url.py,
partial,E:\football_v\.venv\Lib\site-packages\pip\_vendor\urllib3\util\wait.py,
_retry_on_intr,E:\football_v\.venv\Lib\site-packages\pip\_vendor\urllib3\util\wait.py,
bool,E:\football_v\.venv\Lib\site-packages\pip\_vendor\urllib3\util\wait.py,
RuntimeError,E:\football_v\.venv\Lib\site-packages\pip\_vendor\urllib3\util\wait.py,
bool,E:\football_v\.venv\Lib\site-packages\pip\_vendor\urllib3\util\wait.py,
RuntimeError,E:\football_v\.venv\Lib\site-packages\pip\_vendor\urllib3\util\wait.py,
_retry_on_intr,E:\football_v\.venv\Lib\site-packages\pip\_vendor\urllib3\util\wait.py,
NoWayToWaitForSocketError,E:\football_v\.venv\Lib\site-packages\pip\_vendor\urllib3\util\wait.py,
_retry_on_intr,E:\football_v\.venv\Lib\site-packages\pip\_vendor\urllib3\util\wait.py,
_have_working_poll,E:\football_v\.venv\Lib\site-packages\pip\_vendor\urllib3\util\wait.py,
wait_for_socket,E:\football_v\.venv\Lib\site-packages\pip\_vendor\urllib3\util\wait.py,
hasattr,E:\football_v\.venv\Lib\site-packages\pip\_vendor\urllib3\util\wait.py,
wait_for_socket,E:\football_v\.venv\Lib\site-packages\pip\_vendor\urllib3\util\wait.py,
wait_for_socket,E:\football_v\.venv\Lib\site-packages\pip\_vendor\urllib3\util\wait.py,
fn,E:\football_v\.venv\Lib\site-packages\pip\_vendor\urllib3\util\wait.py,
float,E:\football_v\.venv\Lib\site-packages\pip\_vendor\urllib3\util\wait.py,
monotonic,E:\football_v\.venv\Lib\site-packages\pip\_vendor\urllib3\util\wait.py,
fn,E:\football_v\.venv\Lib\site-packages\pip\_vendor\urllib3\util\wait.py,
monotonic,E:\football_v\.venv\Lib\site-packages\pip\_vendor\urllib3\util\wait.py,
float,E:\football_v\.venv\Lib\site-packages\pip\_vendor\urllib3\util\wait.py,
,E:\football_v\00_System_OS\deploy_architecture_cleanup_engine_V1.0.py,"invalid non-printable character U+FEFF (<unknown>, line 1)"
,E:\football_v\00_System_OS\deploy_release_validation_engine_V1.0.py,"invalid non-printable character U+FEFF (<unknown>, line 1)"
,E:\football_v\00_System_OS\deploy_system_quality_batch_01_V1.0.py,"invalid non-printable character U+FEFF (<unknown>, line 1)"
print,E:\football_v\00_System_OS\01_DATA_LAYER\main.py,
print,E:\football_v\00_System_OS\01_DATA_LAYER\main.py,
print,E:\football_v\00_System_OS\01_DATA_LAYER\main.py,
print,E:\football_v\00_System_OS\01_DATA_LAYER\main.py,
print,E:\football_v\00_System_OS\01_DATA_LAYER\main.py,
print,E:\football_v\00_System_OS\01_DATA_LAYER\main.py,
test_connection,E:\football_v\00_System_OS\01_DATA_LAYER\main.py,
print,E:\football_v\00_System_OS\01_DATA_LAYER\main.py,
print,E:\football_v\00_System_OS\01_DATA_LAYER\main.py,
print,E:\football_v\00_System_OS\01_DATA_LAYER\main.py,
write_log,E:\football_v\00_System_OS\01_DATA_LAYER\main.py,
print,E:\football_v\00_System_OS\01_DATA_LAYER\main.py,
print,E:\football_v\00_System_OS\01_DATA_LAYER\main.py,
print,E:\football_v\00_System_OS\01_DATA_LAYER\main.py,
print,E:\football_v\00_System_OS\01_DATA_LAYER\main.py,
print,E:\football_v\00_System_OS\01_DATA_LAYER\main.py,
print,E:\football_v\00_System_OS\01_DATA_LAYER\main.py,
import_file,E:\football_v\00_System_OS\01_DATA_LAYER\main.py,
print,E:\football_v\00_System_OS\01_DATA_LAYER\main.py,
print,E:\football_v\00_System_OS\01_DATA_LAYER\main.py,
print,E:\football_v\00_System_OS\01_DATA_LAYER\main.py,
startup_check,E:\football_v\00_System_OS\01_DATA_LAYER\main.py,
import_test,E:\football_v\00_System_OS\01_DATA_LAYER\main.py,
print,E:\football_v\00_System_OS\01_DATA_LAYER\main.py,
print,E:\football_v\00_System_OS\01_DATA_LAYER\main.py,
print,E:\football_v\00_System_OS\01_DATA_LAYER\main.py,
print,E:\football_v\00_System_OS\01_DATA_LAYER\main.py,
print,E:\football_v\00_System_OS\01_DATA_LAYER\main.py,
system_status,E:\football_v\00_System_OS\01_DATA_LAYER\main.py,
,E:\football_v\00_System_OS\01_DATA_LAYER\config\database_config.py,"invalid non-printable character U+FEFF (<unknown>, line 1)"
,E:\football_v\00_System_OS\01_DATA_LAYER\core\database\db_connection.py,"invalid non-printable character U+FEFF (<unknown>, line 1)"
,E:\football_v\00_System_OS\01_DATA_LAYER\core\exception\base_exception.py,"invalid non-printable character U+FEFF (<unknown>, line 1)"
,E:\football_v\00_System_OS\01_DATA_LAYER\core\exception\database_exception.py,"invalid non-printable character U+FEFF (<unknown>, line 1)"
,E:\football_v\00_System_OS\01_DATA_LAYER\core\exception\error_codes.py,"invalid non-printable character U+FEFF (<unknown>, line 1)"
,E:\football_v\00_System_OS\01_DATA_LAYER\core\exception\exception_handler.py,"invalid non-printable character U+FEFF (<unknown>, line 1)"
,E:\football_v\00_System_OS\01_DATA_LAYER\core\exception\file_exception.py,"invalid non-printable character U+FEFF (<unknown>, line 1)"
,E:\football_v\00_System_OS\01_DATA_LAYER\core\exception\validation_exception.py,"invalid non-printable character U+FEFF (<unknown>, line 1)"
,E:\football_v\00_System_OS\01_DATA_LAYER\core\exception\__init__.py,"invalid non-printable character U+FEFF (<unknown>, line 1)"
,E:\football_v\00_System_OS\01_DATA_LAYER\core\file_service\file_service.py,"invalid non-printable character U+FEFF (<unknown>, line 1)"
,E:\football_v\00_System_OS\01_DATA_LAYER\core\hash_service\hash_service.py,"invalid non-printable character U+FEFF (<unknown>, line 1)"
get_logger,E:\football_v\00_System_OS\01_DATA_LAYER\core\logger\compatibility.py,
str,E:\football_v\00_System_OS\01_DATA_LAYER\core\logger\compatibility.py,
super,E:\football_v\00_System_OS\01_DATA_LAYER\core\logger\formatter.py,
FootballFormatter,E:\football_v\00_System_OS\01_DATA_LAYER\core\logger\handlers.py,
FootballFormatter,E:\football_v\00_System_OS\01_DATA_LAYER\core\logger\handlers.py,
open,E:\football_v\00_System_OS\01_DATA_LAYER\core\logger\logger.py,
load_config,E:\football_v\00_System_OS\01_DATA_LAYER\core\logger\logger.py,
getattr,E:\football_v\00_System_OS\01_DATA_LAYER\core\logger\logger.py,
create_file_handler,E:\football_v\00_System_OS\01_DATA_LAYER\core\logger\logger.py,
create_console_handler,E:\football_v\00_System_OS\01_DATA_LAYER\core\logger\logger.py,
get_logger,E:\football_v\00_System_OS\01_DATA_LAYER\core\logger\logger.py,
str,E:\football_v\00_System_OS\01_DATA_LAYER\core\logger\logger.py,
ValidationResult,E:\football_v\00_System_OS\01_DATA_LAYER\core\validator\data_validator.py,
ValidationResult,E:\football_v\00_System_OS\01_DATA_LAYER\core\validator\data_validator.py,
ValidationResult,E:\football_v\00_System_OS\01_DATA_LAYER\core\validator\data_validator.py,
validate_exists,E:\football_v\00_System_OS\01_DATA_LAYER\core\validator\data_validator.py,
validate_size,E:\football_v\00_System_OS\01_DATA_LAYER\core\validator\data_validator.py,
,E:\football_v\00_System_OS\01_DATA_LAYER\core\validator\schema_validator.py,"invalid non-printable character U+FEFF (<unknown>, line 1)"
,E:\football_v\00_System_OS\01_DATA_LAYER\core\validator\validation_result.py,"invalid non-printable character U+FEFF (<unknown>, line 1)"
,E:\football_v\00_System_OS\01_DATA_LAYER\core\validator\__init__.py,"invalid non-printable character U+FEFF (<unknown>, line 1)"
,E:\football_v\00_System_OS\01_DATA_LAYER\core\version_service\version_service.py,"invalid non-printable character U+FEFF (<unknown>, line 1)"
get_connection,E:\football_v\00_System_OS\01_DATA_LAYER\import_pipeline\duplicate_checker.py,
print,E:\football_v\00_System_OS\01_DATA_LAYER\import_pipeline\importer.py,
calculate_hash,E:\football_v\00_System_OS\01_DATA_LAYER\import_pipeline\importer.py,
print,E:\football_v\00_System_OS\01_DATA_LAYER\import_pipeline\importer.py,
check_duplicate,E:\football_v\00_System_OS\01_DATA_LAYER\import_pipeline\importer.py,
validate_file,E:\football_v\00_System_OS\01_DATA_LAYER\import_pipeline\importer.py,
register_data,E:\football_v\00_System_OS\01_DATA_LAYER\import_pipeline\importer.py,
print,E:\football_v\00_System_OS\01_DATA_LAYER\import_pipeline\importer.py,
enumerate,E:\football_v\00_System_OS\01_DATA_LAYER\market\bookmaker_manager.py,
print,E:\football_v\00_System_OS\01_DATA_LAYER\market\bookmaker_manager.py,
str,E:\football_v\00_System_OS\01_DATA_LAYER\market\bookmaker_manager.py,
print,E:\football_v\00_System_OS\01_DATA_LAYER\market\market_type_manager.py,
print,E:\football_v\00_System_OS\01_DATA_LAYER\market\odds_manager.py,
get_connection,E:\football_v\00_System_OS\01_DATA_LAYER\quality\quality_checker.py,
check_required_fields,E:\football_v\00_System_OS\01_DATA_LAYER\quality\quality_checker.py,
get_connection,E:\football_v\00_System_OS\01_DATA_LAYER\quality\quality_engine.py,
get_connection,E:\football_v\00_System_OS\01_DATA_LAYER\quality\quality_engine.py,
len,E:\football_v\00_System_OS\01_DATA_LAYER\quality\quality_engine.py,
run_basic_check,E:\football_v\00_System_OS\01_DATA_LAYER\quality\quality_engine.py,
calculate_level,E:\football_v\00_System_OS\01_DATA_LAYER\quality\quality_engine.py,
save_quality_score,E:\football_v\00_System_OS\01_DATA_LAYER\quality\quality_engine.py,
round,E:\football_v\00_System_OS\01_DATA_LAYER\quality\quality_engine.py,
save_alert,E:\football_v\00_System_OS\01_DATA_LAYER\quality\quality_engine.py,
len,E:\football_v\00_System_OS\01_DATA_LAYER\quality\quality_engine.py,
get_connection,E:\football_v\00_System_OS\01_DATA_LAYER\quality\quality_report.py,
get_connection,E:\football_v\00_System_OS\01_DATA_LAYER\registry\data_lineage.py,
get_connection,E:\football_v\00_System_OS\01_DATA_LAYER\registry\import_tracker.py,
get_connection,E:\football_v\00_System_OS\01_DATA_LAYER\registry\quality_score.py,
create_data_id,E:\football_v\00_System_OS\01_DATA_LAYER\registry\registry_manager.py,
get_connection,E:\football_v\00_System_OS\01_DATA_LAYER\registry\registry_manager.py,
,E:\football_v\00_System_OS\01_DATA_LAYER\scripts\create_data_layer.py,"invalid non-printable character U+FEFF (<unknown>, line 1)"
,E:\football_v\00_System_OS\01_DATA_LAYER\scripts\database_alert_final_upgrade.py,"invalid non-printable character U+FEFF (<unknown>, line 1)"
,E:\football_v\00_System_OS\01_DATA_LAYER\scripts\database_init.py,"invalid non-printable character U+FEFF (<unknown>, line 1)"
,E:\football_v\00_System_OS\01_DATA_LAYER\scripts\database_market_init.py,"invalid non-printable character U+FEFF (<unknown>, line 1)"
print,E:\football_v\00_System_OS\01_DATA_LAYER\scripts\database_quality_alert_upgrade.py,
print,E:\football_v\00_System_OS\01_DATA_LAYER\scripts\database_quality_alert_upgrade.py,
print,E:\football_v\00_System_OS\01_DATA_LAYER\scripts\database_quality_alert_upgrade.py,
print,E:\football_v\00_System_OS\01_DATA_LAYER\scripts\database_quality_alert_upgrade.py,
print,E:\football_v\00_System_OS\01_DATA_LAYER\scripts\database_quality_init.py,
print,E:\football_v\00_System_OS\01_DATA_LAYER\scripts\database_quality_init.py,
print,E:\football_v\00_System_OS\01_DATA_LAYER\scripts\database_quality_init.py,
create_quality_rules,E:\football_v\00_System_OS\01_DATA_LAYER\scripts\database_quality_init.py,
create_quality_scores,E:\football_v\00_System_OS\01_DATA_LAYER\scripts\database_quality_init.py,
create_quality_alerts,E:\football_v\00_System_OS\01_DATA_LAYER\scripts\database_quality_init.py,
print,E:\football_v\00_System_OS\01_DATA_LAYER\scripts\database_quality_init.py,
print,E:\football_v\00_System_OS\01_DATA_LAYER\scripts\database_quality_init.py,
print,E:\football_v\00_System_OS\01_DATA_LAYER\scripts\database_quality_init.py,
print,E:\football_v\00_System_OS\01_DATA_LAYER\scripts\database_quality_init.py,
,E:\football_v\00_System_OS\01_DATA_LAYER\scripts\database_task_reliability_init.py,"invalid non-printable character U+FEFF (<unknown>, line 1)"
print,E:\football_v\00_System_OS\01_DATA_LAYER\scripts\database_task_table_upgrade.py,
print,E:\football_v\00_System_OS\01_DATA_LAYER\scripts\database_task_table_upgrade.py,
print,E:\football_v\00_System_OS\01_DATA_LAYER\scripts\database_task_table_upgrade.py,
print,E:\football_v\00_System_OS\01_DATA_LAYER\scripts\database_task_table_upgrade.py,
print,E:\football_v\00_System_OS\01_DATA_LAYER\scripts\database_task_table_upgrade.py,
print,E:\football_v\00_System_OS\01_DATA_LAYER\scripts\database_task_table_upgrade.py,
print,E:\football_v\00_System_OS\01_DATA_LAYER\scripts\database_task_table_upgrade.py,
print,E:\football_v\00_System_OS\01_DATA_LAYER\scripts\database_task_table_upgrade.py,
print,E:\football_v\00_System_OS\01_DATA_LAYER\scripts\database_task_table_upgrade.py,
print,E:\football_v\00_System_OS\01_DATA_LAYER\scripts\quality_rule_init.py,
print,E:\football_v\00_System_OS\01_DATA_LAYER\scripts\quality_rule_init.py,
print,E:\football_v\00_System_OS\01_DATA_LAYER\scripts\quality_rule_init.py,
get_connection,E:\football_v\00_System_OS\01_DATA_LAYER\scripts\quality_rule_init.py,
print,E:\football_v\00_System_OS\01_DATA_LAYER\scripts\quality_rule_init.py,
print,E:\football_v\00_System_OS\01_DATA_LAYER\scripts\quality_rule_init.py,
print,E:\football_v\00_System_OS\01_DATA_LAYER\scripts\quality_rule_init.py,
get_connection,E:\football_v\00_System_OS\01_DATA_LAYER\scripts\registry_init.py,
print,E:\football_v\00_System_OS\01_DATA_LAYER\scripts\registry_init.py,
,E:\football_v\00_System_OS\01_DATA_LAYER\scripts\registry_manager.py,"invalid non-printable character U+FEFF (<unknown>, line 1)"
,E:\football_v\00_System_OS\01_DATA_LAYER\scripts\retry_policy_init.py,"invalid non-printable character U+FEFF (<unknown>, line 1)"
get_connection,E:\football_v\00_System_OS\01_DATA_LAYER\scripts\task_queue_init.py,
print,E:\football_v\00_System_OS\01_DATA_LAYER\scripts\task_queue_init.py,
,E:\football_v\00_System_OS\01_DATA_LAYER\scripts\test_quality_engine.py,"invalid non-printable character U+FEFF (<unknown>, line 1)"
print,E:\football_v\00_System_OS\01_DATA_LAYER\scripts\test_registry_flow.py,
print,E:\football_v\00_System_OS\01_DATA_LAYER\scripts\test_registry_flow.py,
print,E:\football_v\00_System_OS\01_DATA_LAYER\scripts\test_registry_flow.py,
calculate_hash,E:\football_v\00_System_OS\01_DATA_LAYER\scripts\test_registry_flow.py,
print,E:\football_v\00_System_OS\01_DATA_LAYER\scripts\test_registry_flow.py,
print,E:\football_v\00_System_OS\01_DATA_LAYER\scripts\test_registry_flow.py,
print,E:\football_v\00_System_OS\01_DATA_LAYER\scripts\test_registry_flow.py,
register_data,E:\football_v\00_System_OS\01_DATA_LAYER\scripts\test_registry_flow.py,
print,E:\football_v\00_System_OS\01_DATA_LAYER\scripts\test_registry_flow.py,
print,E:\football_v\00_System_OS\01_DATA_LAYER\scripts\test_registry_flow.py,
print,E:\football_v\00_System_OS\01_DATA_LAYER\scripts\test_registry_flow.py,
add_lineage,E:\football_v\00_System_OS\01_DATA_LAYER\scripts\test_registry_flow.py,
record_import,E:\football_v\00_System_OS\01_DATA_LAYER\scripts\test_registry_flow.py,
save_quality,E:\football_v\00_System_OS\01_DATA_LAYER\scripts\test_registry_flow.py,
print,E:\football_v\00_System_OS\01_DATA_LAYER\scripts\test_registry_flow.py,
print,E:\football_v\00_System_OS\01_DATA_LAYER\scripts\test_registry_flow.py,
print,E:\football_v\00_System_OS\01_DATA_LAYER\scripts\test_retry_logger.py,
print,E:\football_v\00_System_OS\01_DATA_LAYER\scripts\test_retry_logger.py,
print,E:\football_v\00_System_OS\01_DATA_LAYER\scripts\test_retry_logger.py,
add_retry_record,E:\football_v\00_System_OS\01_DATA_LAYER\scripts\test_retry_logger.py,
add_retry_record,E:\football_v\00_System_OS\01_DATA_LAYER\scripts\test_retry_logger.py,
add_retry_record,E:\football_v\00_System_OS\01_DATA_LAYER\scripts\test_retry_logger.py,
print,E:\football_v\00_System_OS\01_DATA_LAYER\scripts\test_retry_logger.py,
print,E:\football_v\00_System_OS\01_DATA_LAYER\scripts\test_retry_logger.py,
get_retry_records,E:\football_v\00_System_OS\01_DATA_LAYER\scripts\test_retry_logger.py,
print,E:\football_v\00_System_OS\01_DATA_LAYER\scripts\test_retry_logger.py,
print,E:\football_v\00_System_OS\01_DATA_LAYER\scripts\test_retry_logger.py,
print,E:\football_v\00_System_OS\01_DATA_LAYER\scripts\test_retry_logger.py,
print,E:\football_v\00_System_OS\01_DATA_LAYER\scripts\test_retry_logger.py,
get_failed_retry_count,E:\football_v\00_System_OS\01_DATA_LAYER\scripts\test_retry_logger.py,
,E:\football_v\00_System_OS\01_DATA_LAYER\scripts\test_scheduler.py,"invalid non-printable character U+FEFF (<unknown>, line 1)"
print,E:\football_v\00_System_OS\01_DATA_LAYER\scripts\test_scheduler_reliability.py,
print,E:\football_v\00_System_OS\01_DATA_LAYER\scripts\test_scheduler_reliability.py,
print,E:\football_v\00_System_OS\01_DATA_LAYER\scripts\test_scheduler_reliability.py,
create_task,E:\football_v\00_System_OS\01_DATA_LAYER\scripts\test_scheduler_reliability.py,
print,E:\football_v\00_System_OS\01_DATA_LAYER\scripts\test_scheduler_reliability.py,
print,E:\football_v\00_System_OS\01_DATA_LAYER\scripts\test_scheduler_reliability.py,
print,E:\football_v\00_System_OS\01_DATA_LAYER\scripts\test_scheduler_reliability.py,
print,E:\football_v\00_System_OS\01_DATA_LAYER\scripts\test_scheduler_reliability.py,
print,E:\football_v\00_System_OS\01_DATA_LAYER\scripts\test_scheduler_reliability.py,
process_queue,E:\football_v\00_System_OS\01_DATA_LAYER\scripts\test_scheduler_reliability.py,
print,E:\football_v\00_System_OS\01_DATA_LAYER\scripts\test_scheduler_reliability.py,
print,E:\football_v\00_System_OS\01_DATA_LAYER\scripts\test_scheduler_reliability.py,
print,E:\football_v\00_System_OS\01_DATA_LAYER\scripts\test_scheduler_reliability.py,
print,E:\football_v\00_System_OS\01_DATA_LAYER\scripts\test_scheduler_reliability.py,
print,E:\football_v\00_System_OS\01_DATA_LAYER\scripts\test_scheduler_reliability.py,
get_history,E:\football_v\00_System_OS\01_DATA_LAYER\scripts\test_scheduler_reliability.py,
get_task,E:\football_v\00_System_OS\01_DATA_LAYER\scripts\test_scheduler_reliability.py,
print,E:\football_v\00_System_OS\01_DATA_LAYER\scripts\test_scheduler_reliability.py,
print,E:\football_v\00_System_OS\01_DATA_LAYER\scripts\test_task_history.py,
print,E:\football_v\00_System_OS\01_DATA_LAYER\scripts\test_task_history.py,
print,E:\football_v\00_System_OS\01_DATA_LAYER\scripts\test_task_history.py,
add_history,E:\football_v\00_System_OS\01_DATA_LAYER\scripts\test_task_history.py,
add_history,E:\football_v\00_System_OS\01_DATA_LAYER\scripts\test_task_history.py,
add_history,E:\football_v\00_System_OS\01_DATA_LAYER\scripts\test_task_history.py,
add_history,E:\football_v\00_System_OS\01_DATA_LAYER\scripts\test_task_history.py,
add_history,E:\football_v\00_System_OS\01_DATA_LAYER\scripts\test_task_history.py,
print,E:\football_v\00_System_OS\01_DATA_LAYER\scripts\test_task_history.py,
print,E:\football_v\00_System_OS\01_DATA_LAYER\scripts\test_task_history.py,
get_history,E:\football_v\00_System_OS\01_DATA_LAYER\scripts\test_task_history.py,
print,E:\football_v\00_System_OS\01_DATA_LAYER\scripts\test_task_history.py,
,E:\football_v\00_System_OS\01_DATA_LAYER\scripts\test_task_manager_reliability.py,"invalid non-printable character U+FEFF (<unknown>, line 1)"
create_task,E:\football_v\00_System_OS\01_DATA_LAYER\scripts\test_task_queue.py,
print,E:\football_v\00_System_OS\01_DATA_LAYER\scripts\test_task_queue.py,
print,E:\football_v\00_System_OS\01_DATA_LAYER\scripts\test_task_queue.py,
update_task_status,E:\football_v\00_System_OS\01_DATA_LAYER\scripts\test_task_queue.py,
print,E:\football_v\00_System_OS\01_DATA_LAYER\scripts\test_task_queue.py,
update_task_status,E:\football_v\00_System_OS\01_DATA_LAYER\scripts\test_task_queue.py,
print,E:\football_v\00_System_OS\01_DATA_LAYER\scripts\test_task_queue.py,
update_task_status,E:\football_v\00_System_OS\01_DATA_LAYER\scripts\test_task_queue.py,
print,E:\football_v\00_System_OS\01_DATA_LAYER\scripts\test_task_queue.py,
get_task,E:\football_v\00_System_OS\01_DATA_LAYER\scripts\test_task_queue.py,
get_task,E:\football_v\00_System_OS\01_DATA_LAYER\scripts\test_task_queue.py,
get_task,E:\football_v\00_System_OS\01_DATA_LAYER\scripts\test_task_queue.py,
print,E:\football_v\00_System_OS\01_DATA_LAYER\scripts\test_task_reliability_full.py,
print,E:\football_v\00_System_OS\01_DATA_LAYER\scripts\test_task_reliability_full.py,
print,E:\football_v\00_System_OS\01_DATA_LAYER\scripts\test_task_reliability_full.py,
create_task,E:\football_v\00_System_OS\01_DATA_LAYER\scripts\test_task_reliability_full.py,
print,E:\football_v\00_System_OS\01_DATA_LAYER\scripts\test_task_reliability_full.py,
print,E:\football_v\00_System_OS\01_DATA_LAYER\scripts\test_task_reliability_full.py,
print,E:\football_v\00_System_OS\01_DATA_LAYER\scripts\test_task_reliability_full.py,
print,E:\football_v\00_System_OS\01_DATA_LAYER\scripts\test_task_reliability_full.py,
print,E:\football_v\00_System_OS\01_DATA_LAYER\scripts\test_task_reliability_full.py,
start_task,E:\football_v\00_System_OS\01_DATA_LAYER\scripts\test_task_reliability_full.py,
print,E:\football_v\00_System_OS\01_DATA_LAYER\scripts\test_task_reliability_full.py,
print,E:\football_v\00_System_OS\01_DATA_LAYER\scripts\test_task_reliability_full.py,
print,E:\football_v\00_System_OS\01_DATA_LAYER\scripts\test_task_reliability_full.py,
finish_task,E:\football_v\00_System_OS\01_DATA_LAYER\scripts\test_task_reliability_full.py,
print,E:\football_v\00_System_OS\01_DATA_LAYER\scripts\test_task_reliability_full.py,
print,E:\football_v\00_System_OS\01_DATA_LAYER\scripts\test_task_reliability_full.py,
print,E:\football_v\00_System_OS\01_DATA_LAYER\scripts\test_task_reliability_full.py,
retry_task,E:\football_v\00_System_OS\01_DATA_LAYER\scripts\test_task_reliability_full.py,
print,E:\football_v\00_System_OS\01_DATA_LAYER\scripts\test_task_reliability_full.py,
print,E:\football_v\00_System_OS\01_DATA_LAYER\scripts\test_task_reliability_full.py,
print,E:\football_v\00_System_OS\01_DATA_LAYER\scripts\test_task_reliability_full.py,
print,E:\football_v\00_System_OS\01_DATA_LAYER\scripts\test_task_reliability_full.py,
print,E:\football_v\00_System_OS\01_DATA_LAYER\scripts\test_task_reliability_full.py,
print,E:\football_v\00_System_OS\01_DATA_LAYER\scripts\test_task_reliability_full.py,
get_history,E:\football_v\00_System_OS\01_DATA_LAYER\scripts\test_task_reliability_full.py,
print,E:\football_v\00_System_OS\01_DATA_LAYER\scripts\test_task_reliability_full.py,
print,E:\football_v\00_System_OS\01_DATA_LAYER\scripts\test_task_reliability_full.py,
get_retry_records,E:\football_v\00_System_OS\01_DATA_LAYER\scripts\test_task_reliability_full.py,
get_task,E:\football_v\00_System_OS\01_DATA_LAYER\scripts\test_task_reliability_full.py,
get_task,E:\football_v\00_System_OS\01_DATA_LAYER\scripts\test_task_reliability_full.py,
get_task,E:\football_v\00_System_OS\01_DATA_LAYER\scripts\test_task_reliability_full.py,
print,E:\football_v\00_System_OS\01_DATA_LAYER\scripts\test_task_reliability_full.py,
print,E:\football_v\00_System_OS\01_DATA_LAYER\scripts\test_task_reliability_full.py,
get_connection,E:\football_v\00_System_OS\01_DATA_LAYER\task_queue\manual_task.py,
get_connection,E:\football_v\00_System_OS\01_DATA_LAYER\task_queue\retry_engine.py,
get_connection,E:\football_v\00_System_OS\01_DATA_LAYER\task_queue\retry_engine.py,
get_connection,E:\football_v\00_System_OS\01_DATA_LAYER\task_queue\retry_engine.py,
get_task_info,E:\football_v\00_System_OS\01_DATA_LAYER\task_queue\retry_engine.py,
add_history,E:\football_v\00_System_OS\01_DATA_LAYER\task_queue\retry_engine.py,
get_task_info,E:\football_v\00_System_OS\01_DATA_LAYER\task_queue\retry_engine.py,
get_retry_policy,E:\football_v\00_System_OS\01_DATA_LAYER\task_queue\retry_engine.py,
update_task_status,E:\football_v\00_System_OS\01_DATA_LAYER\task_queue\retry_engine.py,
get_connection,E:\football_v\00_System_OS\01_DATA_LAYER\task_queue\retry_engine.py,
add_retry_record,E:\football_v\00_System_OS\01_DATA_LAYER\task_queue\retry_engine.py,
add_history,E:\football_v\00_System_OS\01_DATA_LAYER\task_queue\retry_engine.py,
update_task_status,E:\football_v\00_System_OS\01_DATA_LAYER\task_queue\retry_engine.py,
get_connection,E:\football_v\00_System_OS\01_DATA_LAYER\task_queue\retry_logger.py,
get_connection,E:\football_v\00_System_OS\01_DATA_LAYER\task_queue\retry_logger.py,
get_connection,E:\football_v\00_System_OS\01_DATA_LAYER\task_queue\retry_logger.py,
get_connection,E:\football_v\00_System_OS\01_DATA_LAYER\task_queue\scheduler.py,
get_connection,E:\football_v\00_System_OS\01_DATA_LAYER\task_queue\scheduler.py,
add_history,E:\football_v\00_System_OS\01_DATA_LAYER\task_queue\scheduler.py,
get_connection,E:\football_v\00_System_OS\01_DATA_LAYER\task_queue\scheduler.py,
add_history,E:\football_v\00_System_OS\01_DATA_LAYER\task_queue\scheduler.py,
get_pending_tasks,E:\football_v\00_System_OS\01_DATA_LAYER\task_queue\scheduler.py,
len,E:\football_v\00_System_OS\01_DATA_LAYER\task_queue\scheduler.py,
print,E:\football_v\00_System_OS\01_DATA_LAYER\task_queue\scheduler.py,
start_task,E:\football_v\00_System_OS\01_DATA_LAYER\task_queue\scheduler.py,
finish_task,E:\football_v\00_System_OS\01_DATA_LAYER\task_queue\scheduler.py,
get_connection,E:\football_v\00_System_OS\01_DATA_LAYER\task_queue\task_history.py,
get_connection,E:\football_v\00_System_OS\01_DATA_LAYER\task_queue\task_history.py,
get_connection,E:\football_v\00_System_OS\01_DATA_LAYER\task_queue\task_history.py,
generate_task_id,E:\football_v\00_System_OS\01_DATA_LAYER\task_queue\task_manager.py,
get_connection,E:\football_v\00_System_OS\01_DATA_LAYER\task_queue\task_manager.py,
add_history,E:\football_v\00_System_OS\01_DATA_LAYER\task_queue\task_manager.py,
get_connection,E:\football_v\00_System_OS\01_DATA_LAYER\task_queue\task_manager.py,
get_connection,E:\football_v\00_System_OS\01_DATA_LAYER\task_queue\task_manager.py,
get_connection,E:\football_v\00_System_OS\01_DATA_LAYER\task_queue\task_query.py,
print,E:\football_v\00_System_OS\ARCHITECTURE_CLEANUP\architecture_classifier\architecture_classifier_V1.0.py,
print,E:\football_v\00_System_OS\ARCHITECTURE_CLEANUP\architecture_scanner\architecture_scanner_V1.0.py,
len,E:\football_v\00_System_OS\ARCHITECTURE_CLEANUP\architecture_scanner\architecture_scanner_V1.0.py,
,E:\football_v\00_System_OS\ARCHITECTURE_CLEANUP\registry_manager\registry_manager_V1.0.py,source code string cannot contain null bytes
,E:\football_v\00_System_OS\ARCHITECTURE_CLEANUP\registry_manager\registry_manager_V1.1.py,"invalid non-printable character U+FEFF (<unknown>, line 1)"
,E:\football_v\00_System_OS\ARCHITECTURE_CLEANUP\tests\test_architecture_cleanup_V1.1.py,"invalid non-printable character U+FEFF (<unknown>, line 1)"
open,E:\football_v\00_System_OS\Automation\scheduler\scheduler_manager.py,
open,E:\football_v\00_System_OS\Automation\scheduler\scheduler_manager.py,
load_config,E:\football_v\00_System_OS\Automation\scheduler\scheduler_manager.py,
print,E:\football_v\00_System_OS\Automation\scheduler\scheduler_manager.py,
write_log,E:\football_v\00_System_OS\Automation\scheduler\scheduler_manager.py,
print,E:\football_v\00_System_OS\Automation\scheduler\scheduler_manager.py,
print,E:\football_v\00_System_OS\Automation\scheduler\scheduler_manager.py,
,E:\football_v\00_System_OS\Automation\task_manager\task_manager.py,"invalid non-printable character U+FEFF (<unknown>, line 1)"
,E:\football_v\00_System_OS\Automation\workflow\workflow_runner.py,"invalid non-printable character U+FEFF (<unknown>, line 1)"
print,E:\football_v\00_System_OS\Bootstrap\bootstrap.py,
print,E:\football_v\00_System_OS\Bootstrap\bootstrap.py,
print,E:\football_v\00_System_OS\Bootstrap\bootstrap.py,
print,E:\football_v\00_System_OS\Bootstrap\bootstrap.py,
print,E:\football_v\00_System_OS\Bootstrap\bootstrap.py,
print,E:\football_v\00_System_OS\Bootstrap\bootstrap.py,
print,E:\football_v\00_System_OS\Bootstrap\bootstrap.py,
print,E:\football_v\00_System_OS\Bootstrap\bootstrap.py,
print,E:\football_v\00_System_OS\Bootstrap\bootstrap.py,
print,E:\football_v\00_System_OS\Bootstrap\bootstrap.py,
open,E:\football_v\00_System_OS\Bootstrap\bootstrap.py,
print,E:\football_v\00_System_OS\Bootstrap\bootstrap.py,
print,E:\football_v\00_System_OS\Bootstrap\bootstrap.py,
print,E:\football_v\00_System_OS\Bootstrap\bootstrap.py,
check_environment,E:\football_v\00_System_OS\Bootstrap\bootstrap.py,
build_structure,E:\football_v\00_System_OS\Bootstrap\bootstrap.py,
initialize_modules,E:\football_v\00_System_OS\Bootstrap\bootstrap.py,
generate_report,E:\football_v\00_System_OS\Bootstrap\bootstrap.py,
print,E:\football_v\00_System_OS\Bootstrap\bootstrap.py,
print,E:\football_v\00_System_OS\Bootstrap\bootstrap.py,
print,E:\football_v\00_System_OS\Bootstrap\bootstrap.py,
print,E:\football_v\00_System_OS\Bootstrap\bootstrap.py,
print,E:\football_v\00_System_OS\Bootstrap\bootstrap.py,
print,E:\football_v\00_System_OS\Bootstrap\bootstrap.py,
print,E:\football_v\00_System_OS\Bootstrap\config_generator.py,
print,E:\football_v\00_System_OS\Bootstrap\config_generator.py,
print,E:\football_v\00_System_OS\Bootstrap\config_generator.py,
print,E:\football_v\00_System_OS\Bootstrap\config_generator.py,
open,E:\football_v\00_System_OS\Bootstrap\config_generator.py,
open,E:\football_v\00_System_OS\Bootstrap\config_generator.py,
open,E:\football_v\00_System_OS\Bootstrap\deploy_system.py,
print,E:\football_v\00_System_OS\Bootstrap\deploy_system.py,
print,E:\football_v\00_System_OS\Bootstrap\deploy_system.py,
print,E:\football_v\00_System_OS\Bootstrap\deploy_system.py,
print,E:\football_v\00_System_OS\Bootstrap\deploy_system.py,
write_log,E:\football_v\00_System_OS\Bootstrap\deploy_system.py,
print,E:\football_v\00_System_OS\Bootstrap\deploy_system.py,
print,E:\football_v\00_System_OS\Bootstrap\deploy_system.py,
print,E:\football_v\00_System_OS\Bootstrap\deploy_system.py,
write_log,E:\football_v\00_System_OS\Bootstrap\deploy_system.py,
print,E:\football_v\00_System_OS\Bootstrap\deploy_system.py,
print,E:\football_v\00_System_OS\Bootstrap\deploy_system.py,
print,E:\football_v\00_System_OS\Bootstrap\deploy_system.py,
write_log,E:\football_v\00_System_OS\Bootstrap\deploy_system.py,
print,E:\football_v\00_System_OS\Bootstrap\setup_system.py,
print,E:\football_v\00_System_OS\Bootstrap\setup_system.py,
print,E:\football_v\00_System_OS\Bootstrap\setup_system.py,
print,E:\football_v\00_System_OS\Bootstrap\setup_system.py,
open,E:\football_v\00_System_OS\Bootstrap\setup_system.py,
print,E:\football_v\00_System_OS\Bootstrap\system_check.py,
print,E:\football_v\00_System_OS\Bootstrap\system_check.py,
print,E:\football_v\00_System_OS\Bootstrap\system_check.py,
check_python,E:\football_v\00_System_OS\Bootstrap\system_check.py,
check_path,E:\football_v\00_System_OS\Bootstrap\system_check.py,
check_path,E:\football_v\00_System_OS\Bootstrap\system_check.py,
check_path,E:\football_v\00_System_OS\Bootstrap\system_check.py,
check_path,E:\football_v\00_System_OS\Bootstrap\system_check.py,
check_scheduler,E:\football_v\00_System_OS\Bootstrap\system_check.py,
print,E:\football_v\00_System_OS\Bootstrap\system_check.py,
open,E:\football_v\00_System_OS\Bootstrap\system_check.py,
,E:\football_v\00_System_OS\deployment_controller\deploy_alpha_integration_sprint_V1.0.py,"invalid non-printable character U+FEFF (<unknown>, line 1)"
,E:\football_v\00_System_OS\deployment_controller\deploy_alpha_product_sprint_V1.0.py,"invalid non-printable character U+FEFF (<unknown>, line 1)"
print,E:\football_v\00_System_OS\DEPLOYMENT_QUALITY_CHECKER\deployment_quality_checker_V1.0.py,
str,E:\football_v\00_System_OS\DEPLOYMENT_QUALITY_CHECKER\deployment_quality_checker_V1.0.py,
open,E:\football_v\00_System_OS\DEPLOYMENT_QUALITY_CHECKER\deployment_quality_checker_V1.0.py,
open,E:\football_v\00_System_OS\File_Manager\archive\archive_manager.py,
open,E:\football_v\00_System_OS\File_Manager\archive\archive_manager.py,
load_index,E:\football_v\00_System_OS\File_Manager\archive\archive_manager.py,
save_index,E:\football_v\00_System_OS\File_Manager\archive\archive_manager.py,
print,E:\football_v\00_System_OS\File_Manager\archive\archive_manager.py,
create_archive_record,E:\football_v\00_System_OS\File_Manager\archive\archive_manager.py,
len,E:\football_v\00_System_OS\File_Manager\archive\archive_manager.py,
open,E:\football_v\00_System_OS\File_Manager\archive\archive_manager_v11.py,
open,E:\football_v\00_System_OS\File_Manager\archive\archive_manager_v11.py,
load_json,E:\football_v\00_System_OS\File_Manager\archive\archive_manager_v11.py,
save_json,E:\football_v\00_System_OS\File_Manager\archive\archive_manager_v11.py,
print,E:\football_v\00_System_OS\File_Manager\archive\archive_manager_v11.py,
get_target_folder,E:\football_v\00_System_OS\File_Manager\archive\archive_manager_v11.py,
len,E:\football_v\00_System_OS\File_Manager\archive\archive_manager_v11.py,
open,E:\football_v\00_System_OS\File_Manager\duplicate\duplicate_detector_v11.py,
open,E:\football_v\00_System_OS\File_Manager\duplicate\duplicate_detector_v11.py,
load_json,E:\football_v\00_System_OS\File_Manager\duplicate\duplicate_detector_v11.py,
set,E:\football_v\00_System_OS\File_Manager\duplicate\duplicate_detector_v11.py,
enumerate,E:\football_v\00_System_OS\File_Manager\duplicate\duplicate_detector_v11.py,
save_json,E:\football_v\00_System_OS\File_Manager\duplicate\duplicate_detector_v11.py,
print,E:\football_v\00_System_OS\File_Manager\duplicate\duplicate_detector_v11.py,
enumerate,E:\football_v\00_System_OS\File_Manager\duplicate\duplicate_detector_v11.py,
len,E:\football_v\00_System_OS\File_Manager\duplicate\duplicate_detector_v11.py,
compare_assets,E:\football_v\00_System_OS\File_Manager\duplicate\duplicate_detector_v11.py,
open,E:\football_v\00_System_OS\File_Manager\hash\duplicate_detector.py,
defaultdict,E:\football_v\00_System_OS\File_Manager\hash\duplicate_detector.py,
len,E:\football_v\00_System_OS\File_Manager\hash\duplicate_detector.py,
print,E:\football_v\00_System_OS\File_Manager\hash\duplicate_detector.py,
open,E:\football_v\00_System_OS\File_Manager\hash\duplicate_detector.py,
open,E:\football_v\00_System_OS\File_Manager\lifecycle\lifecycle_engine.py,
open,E:\football_v\00_System_OS\File_Manager\lifecycle\lifecycle_engine.py,
load_json,E:\football_v\00_System_OS\File_Manager\lifecycle\lifecycle_engine.py,
save_json,E:\football_v\00_System_OS\File_Manager\lifecycle\lifecycle_engine.py,
save_json,E:\football_v\00_System_OS\File_Manager\lifecycle\lifecycle_engine.py,
print,E:\football_v\00_System_OS\File_Manager\lifecycle\lifecycle_engine.py,
process_asset,E:\football_v\00_System_OS\File_Manager\lifecycle\lifecycle_engine.py,
len,E:\football_v\00_System_OS\File_Manager\lifecycle\lifecycle_engine.py,
open,E:\football_v\00_System_OS\File_Manager\lifecycle\lifecycle_manager.py,
open,E:\football_v\00_System_OS\File_Manager\lifecycle\lifecycle_manager.py,
open,E:\football_v\00_System_OS\File_Manager\registry\file_registry_v11.py,
load_registry,E:\football_v\00_System_OS\File_Manager\registry\file_registry_v11.py,
enumerate,E:\football_v\00_System_OS\File_Manager\registry\file_registry_v11.py,
print,E:\football_v\00_System_OS\File_Manager\registry\file_registry_v11.py,
open,E:\football_v\00_System_OS\File_Manager\registry\file_registry_v11.py,
len,E:\football_v\00_System_OS\File_Manager\registry\file_registry_v11.py,
upgrade_asset,E:\football_v\00_System_OS\File_Manager\registry\file_registry_v11.py,
open,E:\football_v\00_System_OS\File_Manager\scanner\file_scanner.py,
classify_file,E:\football_v\00_System_OS\File_Manager\scanner\file_scanner.py,
calculate_hash,E:\football_v\00_System_OS\File_Manager\scanner\file_scanner.py,
open,E:\football_v\00_System_OS\File_Manager\scanner\file_scanner.py,
open,E:\football_v\00_System_OS\File_Manager\scanner\file_scanner.py,
open,E:\football_v\00_System_OS\File_Manager\version\version_manager.py,
open,E:\football_v\00_System_OS\File_Manager\version\version_manager.py,
load_json,E:\football_v\00_System_OS\File_Manager\version\version_manager.py,
load_json,E:\football_v\00_System_OS\File_Manager\version\version_manager.py,
enumerate,E:\football_v\00_System_OS\File_Manager\version\version_manager.py,
save_json,E:\football_v\00_System_OS\File_Manager\version\version_manager.py,
print,E:\football_v\00_System_OS\File_Manager\version\version_manager.py,
print,E:\football_v\00_System_OS\File_Manager\version\version_manager.py,
len,E:\football_v\00_System_OS\File_Manager\version\version_manager.py,
create_version,E:\football_v\00_System_OS\File_Manager\version\version_manager.py,
,E:\football_v\00_System_OS\integration_test\deploy_alpha_integration_test_V1.0.py,"invalid non-printable character U+FEFF (<unknown>, line 1)"
open,E:\football_v\00_System_OS\Monitor\monitor_service.py,
open,E:\football_v\00_System_OS\Monitor\monitor_service.py,
print,E:\football_v\00_System_OS\Monitor\monitor_service.py,
load_json,E:\football_v\00_System_OS\Monitor\monitor_service.py,
load_json,E:\football_v\00_System_OS\Monitor\monitor_service.py,
load_json,E:\football_v\00_System_OS\Monitor\monitor_service.py,
save_json,E:\football_v\00_System_OS\Monitor\monitor_service.py,
save_json,E:\football_v\00_System_OS\Monitor\monitor_service.py,
print,E:\football_v\00_System_OS\Monitor\monitor_service.py,
print,E:\football_v\00_System_OS\Monitor\monitor_service.py,
print,E:\football_v\00_System_OS\Monitor\monitor_service.py,
print,E:\football_v\00_System_OS\Monitor\monitor_service.py,
print,E:\football_v\00_System_OS\Monitor\monitor_service.py,
,E:\football_v\00_System_OS\QUALITY_TESTS\test_system_quality_batch_01_V1.0.py,"invalid non-printable character U+FEFF (<unknown>, line 1)"
open,E:\football_v\00_System_OS\Recovery\recovery_controller.py,
open,E:\football_v\00_System_OS\Recovery\recovery_controller.py,
print,E:\football_v\00_System_OS\Recovery\recovery_controller.py,
load_json,E:\football_v\00_System_OS\Recovery\recovery_controller.py,
load_json,E:\football_v\00_System_OS\Recovery\recovery_controller.py,
save_json,E:\football_v\00_System_OS\Recovery\recovery_controller.py,
print,E:\football_v\00_System_OS\Recovery\recovery_controller.py,
print,E:\football_v\00_System_OS\Recovery\recovery_controller.py,
open,E:\football_v\00_System_OS\Recovery\recovery_service.py,
open,E:\football_v\00_System_OS\Recovery\recovery_service.py,
print,E:\football_v\00_System_OS\Recovery\recovery_service.py,
load_json,E:\football_v\00_System_OS\Recovery\recovery_service.py,
load_json,E:\football_v\00_System_OS\Recovery\recovery_service.py,
save_json,E:\football_v\00_System_OS\Recovery\recovery_service.py,
print,E:\football_v\00_System_OS\Recovery\recovery_service.py,
print,E:\football_v\00_System_OS\Recovery\recovery_service.py,
print,E:\football_v\00_System_OS\Recovery\recovery_service.py,
open,E:\football_v\00_System_OS\registry\dependency_engine.py,
print,E:\football_v\00_System_OS\registry\dependency_engine.py,
load,E:\football_v\00_System_OS\registry\dependency_engine.py,
print,E:\football_v\00_System_OS\registry\dependency_engine.py,
print,E:\football_v\00_System_OS\registry\dependency_engine.py,
enumerate,E:\football_v\00_System_OS\registry\dependency_engine.py,
visit,E:\football_v\00_System_OS\registry\dependency_engine.py,
print,E:\football_v\00_System_OS\registry\dependency_engine.py,
visit,E:\football_v\00_System_OS\registry\dependency_engine.py,
str,E:\football_v\00_System_OS\registry\dependency_engine.py,
visit,E:\football_v\00_System_OS\registry\dependency_engine.py,
open,E:\football_v\00_System_OS\registry\registry_api.py,
load_modules,E:\football_v\00_System_OS\registry\registry_api.py,
load_modules,E:\football_v\00_System_OS\registry\registry_api.py,
open,E:\football_v\00_System_OS\registry\registry_manager.py,
open,E:\football_v\00_System_OS\registry\registry_manager.py,
print,E:\football_v\00_System_OS\registry\registry_manager.py,
load,E:\football_v\00_System_OS\registry\registry_manager.py,
save,E:\football_v\00_System_OS\registry\registry_manager.py,
save,E:\football_v\00_System_OS\registry\registry_manager.py,
print,E:\football_v\00_System_OS\registry\registry_manager.py,
print,E:\football_v\00_System_OS\registry\registry_manager.py,
len,E:\football_v\00_System_OS\registry\registry_manager.py,
print,E:\football_v\00_System_OS\registry\registry_manager.py,
open,E:\football_v\00_System_OS\registry\registry_scanner.py,
open,E:\football_v\00_System_OS\registry\registry_scanner.py,
print,E:\football_v\00_System_OS\registry\registry_scanner.py,
load,E:\football_v\00_System_OS\registry\registry_scanner.py,
save,E:\football_v\00_System_OS\registry\registry_scanner.py,
save,E:\football_v\00_System_OS\registry\registry_scanner.py,
print,E:\football_v\00_System_OS\registry\registry_scanner.py,
print,E:\football_v\00_System_OS\registry\registry_scanner.py,
len,E:\football_v\00_System_OS\registry\registry_scanner.py,
print,E:\football_v\00_System_OS\registry\registry_scanner.py,
print,E:\football_v\00_System_OS\RELEASE_VALIDATION\dependency_checker\dependency_checker_V1.0.py,
print,E:\football_v\00_System_OS\RELEASE_VALIDATION\integrity_checker\integrity_checker_V1.0.py,
print,E:\football_v\00_System_OS\RELEASE_VALIDATION\module_scanner\module_scanner_V1.0.py,
len,E:\football_v\00_System_OS\RELEASE_VALIDATION\module_scanner\module_scanner_V1.0.py,
,E:\football_v\00_System_OS\RELEASE_VALIDATION\release_validation_engine\release_validation_engine_V1.0.py,"invalid non-printable character U+FEFF (<unknown>, line 1)"
,E:\football_v\00_System_OS\RELEASE_VALIDATION\release_validation_engine\release_validation_engine_V1.1.py,"invalid non-printable character U+FEFF (<unknown>, line 1)"
,E:\football_v\00_System_OS\RELEASE_VALIDATION\tests\test_release_validation_V1.0.py,"invalid non-printable character U+FEFF (<unknown>, line 1)"
,E:\football_v\00_System_OS\RELEASE_VALIDATION\tests\test_release_validation_V1.1.py,"invalid non-printable character U+FEFF (<unknown>, line 1)"
print,E:\football_v\00_System_OS\scripts\framework_initializer.py,
print,E:\football_v\00_System_OS\scripts\framework_initializer.py,
print,E:\football_v\00_System_OS\scripts\framework_initializer.py,
print,E:\football_v\00_System_OS\scripts\framework_initializer.py,
open,E:\football_v\00_System_OS\scripts\framework_initializer.py,
open,E:\football_v\00_System_OS\scripts\framework_initializer.py,
print,E:\football_v\00_System_OS\scripts\framework_initializer.py,
print,E:\football_v\00_System_OS\scripts\framework_initializer.py,
print,E:\football_v\00_System_OS\scripts\framework_initializer.py,
save_report,E:\football_v\00_System_OS\scripts\framework_initializer.py,
print,E:\football_v\00_System_OS\scripts\framework_initializer.py,
print,E:\football_v\00_System_OS\scripts\framework_initializer.py,
print,E:\football_v\00_System_OS\scripts\framework_initializer.py,
print,E:\football_v\00_System_OS\scripts\framework_initializer.py,
create_directory,E:\football_v\00_System_OS\scripts\framework_initializer.py,
create_file,E:\football_v\00_System_OS\scripts\framework_initializer.py,
,E:\football_v\00_System_OS\scripts\project_structure_scanner.py,"invalid non-printable character U+FEFF (<unknown>, line 1)"
,E:\football_v\00_SYSTEM_TOOLS\check_database_location_V4.0.py,"invalid non-printable character U+FEFF (<unknown>, line 1)"
,E:\football_v\00_SYSTEM_TOOLS\database_location_discovery_V4.0.py,"invalid non-printable character U+FEFF (<unknown>, line 1)"
,E:\football_v\00_SYSTEM_TOOLS\data_schema_validation_V4.0.py,"invalid non-printable character U+FEFF (<unknown>, line 1)"
,E:\football_v\00_SYSTEM_TOOLS\deploy_training_engine_V4.0.py,"invalid non-printable character U+FEFF (<unknown>, line 1)"
,E:\football_v\00_SYSTEM_TOOLS\deploy_training_system_V4.0.py,"invalid non-printable character U+FEFF (<unknown>, line 1)"
,E:\football_v\00_SYSTEM_TOOLS\final_system_completion_V4.0.py,"invalid non-printable character U+FEFF (<unknown>, line 1)"
,E:\football_v\00_SYSTEM_TOOLS\model_data_snapshot_V4.0.py,"invalid non-printable character U+FEFF (<unknown>, line 1)"
,E:\football_v\00_SYSTEM_TOOLS\schema_check_V4.0.py,"invalid non-printable character U+FEFF (<unknown>, line 1)"
,E:\football_v\00_SYSTEM_TOOLS\training_preflight_check_V4.0.py,"invalid non-printable character U+FEFF (<unknown>, line 1)"
,E:\football_v\00_SYSTEM_TOOLS\Architecture_Duplicate_Cleanup_V2.0\duplicate_cleanup_engine_V2.0.py,"invalid non-printable character U+FEFF (<unknown>, line 1)"
,E:\football_v\00_SYSTEM_TOOLS\Architecture_Migration_Tool\architecture_cleanup_engine_V3.0.py,"invalid non-printable character U+FEFF (<unknown>, line 1)"
,E:\football_v\00_SYSTEM_TOOLS\Architecture_Migration_Tool\architecture_cleanup_engine_V4.0.py,"invalid non-printable character U+FEFF (<unknown>, line 1)"
,E:\football_v\00_SYSTEM_TOOLS\Architecture_Migration_Tool\consolidation_architecture_V1.4.py,"invalid non-printable character U+FEFF (<unknown>, line 1)"
,E:\football_v\00_SYSTEM_TOOLS\Architecture_Migration_Tool\consolidation_architecture_V1.6.py,"invalid non-printable character U+FEFF (<unknown>, line 1)"
,E:\football_v\00_SYSTEM_TOOLS\Architecture_Migration_Tool\consolidation_engine_V1.6.py,"invalid non-printable character U+FEFF (<unknown>, line 1)"
,E:\football_v\00_SYSTEM_TOOLS\Architecture_Migration_Tool\create_architecture_merge_tool_V1.0.py,"invalid non-printable character U+FEFF (<unknown>, line 1)"
,E:\football_v\00_SYSTEM_TOOLS\Architecture_Migration_Tool\deprecated_archive_engine_V1.7.py,"invalid non-printable character U+FEFF (<unknown>, line 1)"
,E:\football_v\00_SYSTEM_TOOLS\Architecture_Migration_Tool\final_architecture_validator_V1.8.py,"invalid non-printable character U+FEFF (<unknown>, line 1)"
,E:\football_v\00_SYSTEM_TOOLS\Architecture_Migration_Tool\final_cleanup_engine_V2.1.py,"invalid non-printable character U+FEFF (<unknown>, line 1)"
,E:\football_v\00_SYSTEM_TOOLS\Architecture_Migration_Tool\final_delete_engine_V1.9.py,"invalid non-printable character U+FEFF (<unknown>, line 1)"
,E:\football_v\00_SYSTEM_TOOLS\Architecture_Migration_Tool\merge_architecture_cleanup_V1.3.py,"invalid non-printable character U+FEFF (<unknown>, line 1)"
,E:\football_v\00_SYSTEM_TOOLS\Architecture_Migration_Tool\merge_architecture_V1.0.py,"invalid non-printable character U+FEFF (<unknown>, line 1)"
,E:\football_v\00_SYSTEM_TOOLS\Architecture_Migration_Tool\merge_architecture_V1.1.py,"invalid non-printable character U+FEFF (<unknown>, line 1)"
,E:\football_v\00_SYSTEM_TOOLS\Architecture_Migration_Tool\migration_executor_V1.2.py,"invalid non-printable character U+FEFF (<unknown>, line 1)"
,E:\football_v\00_SYSTEM_TOOLS\Architecture_Migration_Tool\validate_architecture_V1.1.py,"invalid non-printable character U+FEFF (<unknown>, line 1)"
,E:\football_v\00_SYSTEM_TOOLS\Architecture_Migration_Tool\cleanup_engine\cleanup_planner_V1.2.py,"invalid non-printable character U+FEFF (<unknown>, line 1)"
,E:\football_v\00_SYSTEM_TOOLS\Architecture_Migration_Tool\dependency_migration\dependency_migration_engine_V1.5.py,"invalid non-printable character U+FEFF (<unknown>, line 1)"
open,E:\football_v\00_SYSTEM_TOOLS\deploy_scripts\deploy_phase3_2_memory_bridge.py,
write_file,E:\football_v\00_SYSTEM_TOOLS\deploy_scripts\deploy_phase3_2_memory_bridge.py,
write_file,E:\football_v\00_SYSTEM_TOOLS\deploy_scripts\deploy_phase3_2_memory_bridge.py,
write_file,E:\football_v\00_SYSTEM_TOOLS\deploy_scripts\deploy_phase3_2_memory_bridge.py,
write_file,E:\football_v\00_SYSTEM_TOOLS\deploy_scripts\deploy_phase3_2_memory_bridge.py,
write_file,E:\football_v\00_SYSTEM_TOOLS\deploy_scripts\deploy_phase3_2_memory_bridge.py,
print,E:\football_v\00_SYSTEM_TOOLS\deploy_scripts\deploy_phase3_2_memory_bridge.py,
open,E:\football_v\00_SYSTEM_TOOLS\deploy_scripts\deploy_phase3_2_memory_bridge.py,
print,E:\football_v\00_SYSTEM_TOOLS\deploy_scripts\deploy_v15_phase1.py,
print,E:\football_v\00_SYSTEM_TOOLS\deploy_scripts\deploy_v15_phase1.py,
print,E:\football_v\00_SYSTEM_TOOLS\deploy_scripts\deploy_v15_phase1.py,
print,E:\football_v\00_SYSTEM_TOOLS\deploy_scripts\deploy_v15_phase1.py,
print,E:\football_v\00_SYSTEM_TOOLS\deploy_scripts\deploy_v15_phase1.py,
print,E:\football_v\00_SYSTEM_TOOLS\deploy_scripts\deploy_v15_phase1.py,
print,E:\football_v\00_SYSTEM_TOOLS\deploy_scripts\deploy_v15_phase2.py,
print,E:\football_v\00_SYSTEM_TOOLS\deploy_scripts\deploy_v15_phase2.py,
print,E:\football_v\00_SYSTEM_TOOLS\deploy_scripts\deploy_v15_phase2.py,
print,E:\football_v\00_SYSTEM_TOOLS\deploy_scripts\deploy_v15_phase2.py,
print,E:\football_v\00_SYSTEM_TOOLS\deploy_scripts\deploy_v15_phase2.py,
print,E:\football_v\00_SYSTEM_TOOLS\deploy_scripts\deploy_v15_phase2.py,
,E:\football_v\00_SYSTEM_TOOLS\FINAL_DEPLOYMENT_V4.0\deploy_final_V4.0.py,"invalid non-printable character U+FEFF (<unknown>, line 1)"
,E:\football_v\00_SYSTEM_TOOLS\FIRST_REAL_PREDICTION_TEST_V4.0\first_real_prediction_test_V4.0.py,"invalid non-printable character U+FEFF (<unknown>, line 1)"
open,E:\football_v\00_SYSTEM_TOOLS\Module_Deployment_Tool\core\encoding_validator.py,
open,E:\football_v\00_SYSTEM_TOOLS\Module_Deployment_Tool\core\json_validator.py,
open,E:\football_v\00_SYSTEM_TOOLS\Module_Deployment_Tool\core\syntax_validator.py,
open,E:\football_v\00_SYSTEM_TOOLS\Module_Deployment_Tool\modules\deploy_ai_autonomous_engine_HIL_V1.0_V1.4.py,
open,E:\football_v\00_SYSTEM_TOOLS\Module_Deployment_Tool\modules\deploy_ai_autonomous_engine_HIL_V1.0_V1.4.py,
print,E:\football_v\00_SYSTEM_TOOLS\Module_Deployment_Tool\modules\deploy_ai_autonomous_engine_HIL_V1.0_V1.4.py,
print,E:\football_v\00_SYSTEM_TOOLS\Module_Deployment_Tool\modules\deploy_ai_autonomous_engine_HIL_V1.0_V1.4.py,
print,E:\football_v\00_SYSTEM_TOOLS\Module_Deployment_Tool\modules\deploy_ai_autonomous_engine_HIL_V1.0_V1.4.py,
print,E:\football_v\00_SYSTEM_TOOLS\Module_Deployment_Tool\modules\deploy_ai_autonomous_engine_HIL_V1.0_V1.4.py,
print,E:\football_v\00_SYSTEM_TOOLS\Module_Deployment_Tool\modules\deploy_ai_autonomous_engine_HIL_V1.0_V1.4.py,
write_file,E:\football_v\00_SYSTEM_TOOLS\Module_Deployment_Tool\modules\deploy_ai_autonomous_engine_HIL_V1.0_V1.4.py,
write_file,E:\football_v\00_SYSTEM_TOOLS\Module_Deployment_Tool\modules\deploy_ai_autonomous_engine_HIL_V1.0_V1.4.py,
write_file,E:\football_v\00_SYSTEM_TOOLS\Module_Deployment_Tool\modules\deploy_ai_autonomous_engine_HIL_V1.0_V1.4.py,
write_file,E:\football_v\00_SYSTEM_TOOLS\Module_Deployment_Tool\modules\deploy_ai_autonomous_engine_HIL_V1.0_V1.4.py,
write_json,E:\football_v\00_SYSTEM_TOOLS\Module_Deployment_Tool\modules\deploy_ai_autonomous_engine_HIL_V1.0_V1.4.py,
write_json,E:\football_v\00_SYSTEM_TOOLS\Module_Deployment_Tool\modules\deploy_ai_autonomous_engine_HIL_V1.0_V1.4.py,
print,E:\football_v\00_SYSTEM_TOOLS\Module_Deployment_Tool\modules\deploy_ai_autonomous_engine_HIL_V1.0_V1.4.py,
print,E:\football_v\00_SYSTEM_TOOLS\Module_Deployment_Tool\modules\deploy_ai_autonomous_engine_HIL_V1.0_V1.4.py,
print,E:\football_v\00_SYSTEM_TOOLS\Module_Deployment_Tool\modules\deploy_ai_autonomous_engine_HIL_V1.0_V1.4.py,
print,E:\football_v\00_SYSTEM_TOOLS\Module_Deployment_Tool\modules\deploy_ai_autonomous_engine_HIL_V1.0_V1.4.py,
create_dir,E:\football_v\00_SYSTEM_TOOLS\Module_Deployment_Tool\modules\deploy_ai_autonomous_engine_HIL_V1.0_V1.4.py,
open,E:\football_v\00_SYSTEM_TOOLS\Module_Deployment_Tool\modules\deploy_ai_autonomous_engine_HIL_V1.2.py,
open,E:\football_v\00_SYSTEM_TOOLS\Module_Deployment_Tool\modules\deploy_ai_autonomous_engine_HIL_V1.2.py,
print,E:\football_v\00_SYSTEM_TOOLS\Module_Deployment_Tool\modules\deploy_ai_autonomous_engine_HIL_V1.2.py,
print,E:\football_v\00_SYSTEM_TOOLS\Module_Deployment_Tool\modules\deploy_ai_autonomous_engine_HIL_V1.2.py,
print,E:\football_v\00_SYSTEM_TOOLS\Module_Deployment_Tool\modules\deploy_ai_autonomous_engine_HIL_V1.2.py,
print,E:\football_v\00_SYSTEM_TOOLS\Module_Deployment_Tool\modules\deploy_ai_autonomous_engine_HIL_V1.2.py,
print,E:\football_v\00_SYSTEM_TOOLS\Module_Deployment_Tool\modules\deploy_ai_autonomous_engine_HIL_V1.2.py,
create_file,E:\football_v\00_SYSTEM_TOOLS\Module_Deployment_Tool\modules\deploy_ai_autonomous_engine_HIL_V1.2.py,
create_file,E:\football_v\00_SYSTEM_TOOLS\Module_Deployment_Tool\modules\deploy_ai_autonomous_engine_HIL_V1.2.py,
create_file,E:\football_v\00_SYSTEM_TOOLS\Module_Deployment_Tool\modules\deploy_ai_autonomous_engine_HIL_V1.2.py,
create_json,E:\football_v\00_SYSTEM_TOOLS\Module_Deployment_Tool\modules\deploy_ai_autonomous_engine_HIL_V1.2.py,
create_file,E:\football_v\00_SYSTEM_TOOLS\Module_Deployment_Tool\modules\deploy_ai_autonomous_engine_HIL_V1.2.py,
create_json,E:\football_v\00_SYSTEM_TOOLS\Module_Deployment_Tool\modules\deploy_ai_autonomous_engine_HIL_V1.2.py,
print,E:\football_v\00_SYSTEM_TOOLS\Module_Deployment_Tool\modules\deploy_ai_autonomous_engine_HIL_V1.2.py,
print,E:\football_v\00_SYSTEM_TOOLS\Module_Deployment_Tool\modules\deploy_ai_autonomous_engine_HIL_V1.2.py,
print,E:\football_v\00_SYSTEM_TOOLS\Module_Deployment_Tool\modules\deploy_ai_autonomous_engine_HIL_V1.2.py,
print,E:\football_v\00_SYSTEM_TOOLS\Module_Deployment_Tool\modules\deploy_ai_autonomous_engine_HIL_V1.2.py,
print,E:\football_v\00_SYSTEM_TOOLS\Module_Deployment_Tool\modules\deploy_ai_autonomous_engine_HIL_V1.2.py,
create_folder,E:\football_v\00_SYSTEM_TOOLS\Module_Deployment_Tool\modules\deploy_ai_autonomous_engine_HIL_V1.2.py,
open,E:\football_v\00_SYSTEM_TOOLS\Module_Deployment_Tool\modules\deploy_ai_autonomous_engine_HIL_V1.3_V1.4.py,
open,E:\football_v\00_SYSTEM_TOOLS\Module_Deployment_Tool\modules\deploy_ai_autonomous_engine_HIL_V1.3_V1.4.py,
print,E:\football_v\00_SYSTEM_TOOLS\Module_Deployment_Tool\modules\deploy_ai_autonomous_engine_HIL_V1.3_V1.4.py,
print,E:\football_v\00_SYSTEM_TOOLS\Module_Deployment_Tool\modules\deploy_ai_autonomous_engine_HIL_V1.3_V1.4.py,
print,E:\football_v\00_SYSTEM_TOOLS\Module_Deployment_Tool\modules\deploy_ai_autonomous_engine_HIL_V1.3_V1.4.py,
print,E:\football_v\00_SYSTEM_TOOLS\Module_Deployment_Tool\modules\deploy_ai_autonomous_engine_HIL_V1.3_V1.4.py,
print,E:\football_v\00_SYSTEM_TOOLS\Module_Deployment_Tool\modules\deploy_ai_autonomous_engine_HIL_V1.3_V1.4.py,
create_folder,E:\football_v\00_SYSTEM_TOOLS\Module_Deployment_Tool\modules\deploy_ai_autonomous_engine_HIL_V1.3_V1.4.py,
create_file,E:\football_v\00_SYSTEM_TOOLS\Module_Deployment_Tool\modules\deploy_ai_autonomous_engine_HIL_V1.3_V1.4.py,
create_file,E:\football_v\00_SYSTEM_TOOLS\Module_Deployment_Tool\modules\deploy_ai_autonomous_engine_HIL_V1.3_V1.4.py,
create_file,E:\football_v\00_SYSTEM_TOOLS\Module_Deployment_Tool\modules\deploy_ai_autonomous_engine_HIL_V1.3_V1.4.py,
create_file,E:\football_v\00_SYSTEM_TOOLS\Module_Deployment_Tool\modules\deploy_ai_autonomous_engine_HIL_V1.3_V1.4.py,
create_file,E:\football_v\00_SYSTEM_TOOLS\Module_Deployment_Tool\modules\deploy_ai_autonomous_engine_HIL_V1.3_V1.4.py,
create_file,E:\football_v\00_SYSTEM_TOOLS\Module_Deployment_Tool\modules\deploy_ai_autonomous_engine_HIL_V1.3_V1.4.py,
create_file,E:\football_v\00_SYSTEM_TOOLS\Module_Deployment_Tool\modules\deploy_ai_autonomous_engine_HIL_V1.3_V1.4.py,
create_file,E:\football_v\00_SYSTEM_TOOLS\Module_Deployment_Tool\modules\deploy_ai_autonomous_engine_HIL_V1.3_V1.4.py,
create_json,E:\football_v\00_SYSTEM_TOOLS\Module_Deployment_Tool\modules\deploy_ai_autonomous_engine_HIL_V1.3_V1.4.py,
create_file,E:\football_v\00_SYSTEM_TOOLS\Module_Deployment_Tool\modules\deploy_ai_autonomous_engine_HIL_V1.3_V1.4.py,
create_json,E:\football_v\00_SYSTEM_TOOLS\Module_Deployment_Tool\modules\deploy_ai_autonomous_engine_HIL_V1.3_V1.4.py,
deploy_start,E:\football_v\00_SYSTEM_TOOLS\Module_Deployment_Tool\modules\deploy_ai_autonomous_engine_HIL_V1.3_V1.4.py,
create_auto_upgrade_manager,E:\football_v\00_SYSTEM_TOOLS\Module_Deployment_Tool\modules\deploy_ai_autonomous_engine_HIL_V1.3_V1.4.py,
create_optimization_history,E:\football_v\00_SYSTEM_TOOLS\Module_Deployment_Tool\modules\deploy_ai_autonomous_engine_HIL_V1.3_V1.4.py,
create_rollback_manager,E:\football_v\00_SYSTEM_TOOLS\Module_Deployment_Tool\modules\deploy_ai_autonomous_engine_HIL_V1.3_V1.4.py,
create_release_validator,E:\football_v\00_SYSTEM_TOOLS\Module_Deployment_Tool\modules\deploy_ai_autonomous_engine_HIL_V1.3_V1.4.py,
create_evolution_memory,E:\football_v\00_SYSTEM_TOOLS\Module_Deployment_Tool\modules\deploy_ai_autonomous_engine_HIL_V1.3_V1.4.py,
create_upgrade_history_repository,E:\football_v\00_SYSTEM_TOOLS\Module_Deployment_Tool\modules\deploy_ai_autonomous_engine_HIL_V1.3_V1.4.py,
create_model_change_tracker,E:\football_v\00_SYSTEM_TOOLS\Module_Deployment_Tool\modules\deploy_ai_autonomous_engine_HIL_V1.3_V1.4.py,
create_knowledge_snapshot,E:\football_v\00_SYSTEM_TOOLS\Module_Deployment_Tool\modules\deploy_ai_autonomous_engine_HIL_V1.3_V1.4.py,
create_upgrade_config,E:\football_v\00_SYSTEM_TOOLS\Module_Deployment_Tool\modules\deploy_ai_autonomous_engine_HIL_V1.3_V1.4.py,
create_autonomous_test,E:\football_v\00_SYSTEM_TOOLS\Module_Deployment_Tool\modules\deploy_ai_autonomous_engine_HIL_V1.3_V1.4.py,
create_checkpoint,E:\football_v\00_SYSTEM_TOOLS\Module_Deployment_Tool\modules\deploy_ai_autonomous_engine_HIL_V1.3_V1.4.py,
print,E:\football_v\00_SYSTEM_TOOLS\Module_Deployment_Tool\modules\deploy_ai_autonomous_engine_HIL_V1.3_V1.4.py,
print,E:\football_v\00_SYSTEM_TOOLS\Module_Deployment_Tool\modules\deploy_ai_autonomous_engine_HIL_V1.3_V1.4.py,
print,E:\football_v\00_SYSTEM_TOOLS\Module_Deployment_Tool\modules\deploy_ai_autonomous_engine_HIL_V1.3_V1.4.py,
print,E:\football_v\00_SYSTEM_TOOLS\Module_Deployment_Tool\modules\deploy_ai_autonomous_engine_HIL_V1.3_V1.4.py,
print,E:\football_v\00_SYSTEM_TOOLS\Module_Deployment_Tool\modules\deploy_ai_autonomous_engine_HIL_V1.3_V1.4.py,
open,E:\football_v\00_SYSTEM_TOOLS\Module_Deployment_Tool\modules\deploy_ai_autonomous_engine_HIL_V1.5_V1.6.py,
open,E:\football_v\00_SYSTEM_TOOLS\Module_Deployment_Tool\modules\deploy_ai_autonomous_engine_HIL_V1.5_V1.6.py,
print,E:\football_v\00_SYSTEM_TOOLS\Module_Deployment_Tool\modules\deploy_ai_autonomous_engine_HIL_V1.5_V1.6.py,
print,E:\football_v\00_SYSTEM_TOOLS\Module_Deployment_Tool\modules\deploy_ai_autonomous_engine_HIL_V1.5_V1.6.py,
print,E:\football_v\00_SYSTEM_TOOLS\Module_Deployment_Tool\modules\deploy_ai_autonomous_engine_HIL_V1.5_V1.6.py,
print,E:\football_v\00_SYSTEM_TOOLS\Module_Deployment_Tool\modules\deploy_ai_autonomous_engine_HIL_V1.5_V1.6.py,
print,E:\football_v\00_SYSTEM_TOOLS\Module_Deployment_Tool\modules\deploy_ai_autonomous_engine_HIL_V1.5_V1.6.py,
create_folder,E:\football_v\00_SYSTEM_TOOLS\Module_Deployment_Tool\modules\deploy_ai_autonomous_engine_HIL_V1.5_V1.6.py,
create_file,E:\football_v\00_SYSTEM_TOOLS\Module_Deployment_Tool\modules\deploy_ai_autonomous_engine_HIL_V1.5_V1.6.py,
create_file,E:\football_v\00_SYSTEM_TOOLS\Module_Deployment_Tool\modules\deploy_ai_autonomous_engine_HIL_V1.5_V1.6.py,
create_file,E:\football_v\00_SYSTEM_TOOLS\Module_Deployment_Tool\modules\deploy_ai_autonomous_engine_HIL_V1.5_V1.6.py,
create_file,E:\football_v\00_SYSTEM_TOOLS\Module_Deployment_Tool\modules\deploy_ai_autonomous_engine_HIL_V1.5_V1.6.py,
create_file,E:\football_v\00_SYSTEM_TOOLS\Module_Deployment_Tool\modules\deploy_ai_autonomous_engine_HIL_V1.5_V1.6.py,
create_file,E:\football_v\00_SYSTEM_TOOLS\Module_Deployment_Tool\modules\deploy_ai_autonomous_engine_HIL_V1.5_V1.6.py,
create_file,E:\football_v\00_SYSTEM_TOOLS\Module_Deployment_Tool\modules\deploy_ai_autonomous_engine_HIL_V1.5_V1.6.py,
create_file,E:\football_v\00_SYSTEM_TOOLS\Module_Deployment_Tool\modules\deploy_ai_autonomous_engine_HIL_V1.5_V1.6.py,
create_json,E:\football_v\00_SYSTEM_TOOLS\Module_Deployment_Tool\modules\deploy_ai_autonomous_engine_HIL_V1.5_V1.6.py,
create_file,E:\football_v\00_SYSTEM_TOOLS\Module_Deployment_Tool\modules\deploy_ai_autonomous_engine_HIL_V1.5_V1.6.py,
create_json,E:\football_v\00_SYSTEM_TOOLS\Module_Deployment_Tool\modules\deploy_ai_autonomous_engine_HIL_V1.5_V1.6.py,
deploy_start,E:\football_v\00_SYSTEM_TOOLS\Module_Deployment_Tool\modules\deploy_ai_autonomous_engine_HIL_V1.5_V1.6.py,
create_adaptive_parameter_learning,E:\football_v\00_SYSTEM_TOOLS\Module_Deployment_Tool\modules\deploy_ai_autonomous_engine_HIL_V1.5_V1.6.py,
create_parameter_effect_analyzer,E:\football_v\00_SYSTEM_TOOLS\Module_Deployment_Tool\modules\deploy_ai_autonomous_engine_HIL_V1.5_V1.6.py,
create_dynamic_weight_adjuster,E:\football_v\00_SYSTEM_TOOLS\Module_Deployment_Tool\modules\deploy_ai_autonomous_engine_HIL_V1.5_V1.6.py,
create_learning_cycle_manager,E:\football_v\00_SYSTEM_TOOLS\Module_Deployment_Tool\modules\deploy_ai_autonomous_engine_HIL_V1.5_V1.6.py,
create_evolution_controller,E:\football_v\00_SYSTEM_TOOLS\Module_Deployment_Tool\modules\deploy_ai_autonomous_engine_HIL_V1.5_V1.6.py,
create_upgrade_policy_manager,E:\football_v\00_SYSTEM_TOOLS\Module_Deployment_Tool\modules\deploy_ai_autonomous_engine_HIL_V1.5_V1.6.py,
create_risk_gate,E:\football_v\00_SYSTEM_TOOLS\Module_Deployment_Tool\modules\deploy_ai_autonomous_engine_HIL_V1.5_V1.6.py,
create_human_dashboard_api,E:\football_v\00_SYSTEM_TOOLS\Module_Deployment_Tool\modules\deploy_ai_autonomous_engine_HIL_V1.5_V1.6.py,
create_evolution_upgrade_config,E:\football_v\00_SYSTEM_TOOLS\Module_Deployment_Tool\modules\deploy_ai_autonomous_engine_HIL_V1.5_V1.6.py,
create_evolution_full_test,E:\football_v\00_SYSTEM_TOOLS\Module_Deployment_Tool\modules\deploy_ai_autonomous_engine_HIL_V1.5_V1.6.py,
create_v16_checkpoint,E:\football_v\00_SYSTEM_TOOLS\Module_Deployment_Tool\modules\deploy_ai_autonomous_engine_HIL_V1.5_V1.6.py,
print,E:\football_v\00_SYSTEM_TOOLS\Module_Deployment_Tool\modules\deploy_ai_autonomous_engine_HIL_V1.5_V1.6.py,
print,E:\football_v\00_SYSTEM_TOOLS\Module_Deployment_Tool\modules\deploy_ai_autonomous_engine_HIL_V1.5_V1.6.py,
print,E:\football_v\00_SYSTEM_TOOLS\Module_Deployment_Tool\modules\deploy_ai_autonomous_engine_HIL_V1.5_V1.6.py,
print,E:\football_v\00_SYSTEM_TOOLS\Module_Deployment_Tool\modules\deploy_ai_autonomous_engine_HIL_V1.5_V1.6.py,
print,E:\football_v\00_SYSTEM_TOOLS\Module_Deployment_Tool\modules\deploy_ai_autonomous_engine_HIL_V1.5_V1.6.py,
open,E:\football_v\00_SYSTEM_TOOLS\Module_Deployment_Tool\modules\deploy_ai_autonomous_engine_HIL_V1.7_V1.8.py,
open,E:\football_v\00_SYSTEM_TOOLS\Module_Deployment_Tool\modules\deploy_ai_autonomous_engine_HIL_V1.7_V1.8.py,
print,E:\football_v\00_SYSTEM_TOOLS\Module_Deployment_Tool\modules\deploy_ai_autonomous_engine_HIL_V1.7_V1.8.py,
print,E:\football_v\00_SYSTEM_TOOLS\Module_Deployment_Tool\modules\deploy_ai_autonomous_engine_HIL_V1.7_V1.8.py,
print,E:\football_v\00_SYSTEM_TOOLS\Module_Deployment_Tool\modules\deploy_ai_autonomous_engine_HIL_V1.7_V1.8.py,
print,E:\football_v\00_SYSTEM_TOOLS\Module_Deployment_Tool\modules\deploy_ai_autonomous_engine_HIL_V1.7_V1.8.py,
print,E:\football_v\00_SYSTEM_TOOLS\Module_Deployment_Tool\modules\deploy_ai_autonomous_engine_HIL_V1.7_V1.8.py,
create_folder,E:\football_v\00_SYSTEM_TOOLS\Module_Deployment_Tool\modules\deploy_ai_autonomous_engine_HIL_V1.7_V1.8.py,
create_file,E:\football_v\00_SYSTEM_TOOLS\Module_Deployment_Tool\modules\deploy_ai_autonomous_engine_HIL_V1.7_V1.8.py,
create_file,E:\football_v\00_SYSTEM_TOOLS\Module_Deployment_Tool\modules\deploy_ai_autonomous_engine_HIL_V1.7_V1.8.py,
create_file,E:\football_v\00_SYSTEM_TOOLS\Module_Deployment_Tool\modules\deploy_ai_autonomous_engine_HIL_V1.7_V1.8.py,
create_file,E:\football_v\00_SYSTEM_TOOLS\Module_Deployment_Tool\modules\deploy_ai_autonomous_engine_HIL_V1.7_V1.8.py,
create_file,E:\football_v\00_SYSTEM_TOOLS\Module_Deployment_Tool\modules\deploy_ai_autonomous_engine_HIL_V1.7_V1.8.py,
create_file,E:\football_v\00_SYSTEM_TOOLS\Module_Deployment_Tool\modules\deploy_ai_autonomous_engine_HIL_V1.7_V1.8.py,
create_file,E:\football_v\00_SYSTEM_TOOLS\Module_Deployment_Tool\modules\deploy_ai_autonomous_engine_HIL_V1.7_V1.8.py,
create_file,E:\football_v\00_SYSTEM_TOOLS\Module_Deployment_Tool\modules\deploy_ai_autonomous_engine_HIL_V1.7_V1.8.py,
create_json,E:\football_v\00_SYSTEM_TOOLS\Module_Deployment_Tool\modules\deploy_ai_autonomous_engine_HIL_V1.7_V1.8.py,
create_file,E:\football_v\00_SYSTEM_TOOLS\Module_Deployment_Tool\modules\deploy_ai_autonomous_engine_HIL_V1.7_V1.8.py,
create_json,E:\football_v\00_SYSTEM_TOOLS\Module_Deployment_Tool\modules\deploy_ai_autonomous_engine_HIL_V1.7_V1.8.py,
deploy_start,E:\football_v\00_SYSTEM_TOOLS\Module_Deployment_Tool\modules\deploy_ai_autonomous_engine_HIL_V1.7_V1.8.py,
create_multi_cycle_learning_engine,E:\football_v\00_SYSTEM_TOOLS\Module_Deployment_Tool\modules\deploy_ai_autonomous_engine_HIL_V1.7_V1.8.py,
create_weekly_evolution_analyzer,E:\football_v\00_SYSTEM_TOOLS\Module_Deployment_Tool\modules\deploy_ai_autonomous_engine_HIL_V1.7_V1.8.py,
create_monthly_performance_analyzer,E:\football_v\00_SYSTEM_TOOLS\Module_Deployment_Tool\modules\deploy_ai_autonomous_engine_HIL_V1.7_V1.8.py,
create_learning_effect_tracker,E:\football_v\00_SYSTEM_TOOLS\Module_Deployment_Tool\modules\deploy_ai_autonomous_engine_HIL_V1.7_V1.8.py,
create_evolution_intelligence_engine,E:\football_v\00_SYSTEM_TOOLS\Module_Deployment_Tool\modules\deploy_ai_autonomous_engine_HIL_V1.7_V1.8.py,
create_strategy_evolution_manager,E:\football_v\00_SYSTEM_TOOLS\Module_Deployment_Tool\modules\deploy_ai_autonomous_engine_HIL_V1.7_V1.8.py,
create_knowledge_graph_builder,E:\football_v\00_SYSTEM_TOOLS\Module_Deployment_Tool\modules\deploy_ai_autonomous_engine_HIL_V1.7_V1.8.py,
create_evolution_report_generator,E:\football_v\00_SYSTEM_TOOLS\Module_Deployment_Tool\modules\deploy_ai_autonomous_engine_HIL_V1.7_V1.8.py,
create_evolution_intelligence_config,E:\football_v\00_SYSTEM_TOOLS\Module_Deployment_Tool\modules\deploy_ai_autonomous_engine_HIL_V1.7_V1.8.py,
create_v18_full_test,E:\football_v\00_SYSTEM_TOOLS\Module_Deployment_Tool\modules\deploy_ai_autonomous_engine_HIL_V1.7_V1.8.py,
create_v18_checkpoint,E:\football_v\00_SYSTEM_TOOLS\Module_Deployment_Tool\modules\deploy_ai_autonomous_engine_HIL_V1.7_V1.8.py,
print,E:\football_v\00_SYSTEM_TOOLS\Module_Deployment_Tool\modules\deploy_ai_autonomous_engine_HIL_V1.7_V1.8.py,
print,E:\football_v\00_SYSTEM_TOOLS\Module_Deployment_Tool\modules\deploy_ai_autonomous_engine_HIL_V1.7_V1.8.py,
print,E:\football_v\00_SYSTEM_TOOLS\Module_Deployment_Tool\modules\deploy_ai_autonomous_engine_HIL_V1.7_V1.8.py,
print,E:\football_v\00_SYSTEM_TOOLS\Module_Deployment_Tool\modules\deploy_ai_autonomous_engine_HIL_V1.7_V1.8.py,
print,E:\football_v\00_SYSTEM_TOOLS\Module_Deployment_Tool\modules\deploy_ai_autonomous_engine_HIL_V1.7_V1.8.py,
create_file,E:\football_v\00_SYSTEM_TOOLS\Module_Deployment_Tool\modules\deploy_ai_autonomous_engine_HIL_V1.9_V2.0.py,
create_file,E:\football_v\00_SYSTEM_TOOLS\Module_Deployment_Tool\modules\deploy_ai_autonomous_engine_HIL_V1.9_V2.0.py,
create_file,E:\football_v\00_SYSTEM_TOOLS\Module_Deployment_Tool\modules\deploy_ai_autonomous_engine_HIL_V1.9_V2.0.py,
create_file,E:\football_v\00_SYSTEM_TOOLS\Module_Deployment_Tool\modules\deploy_ai_autonomous_engine_HIL_V1.9_V2.0.py,
create_file,E:\football_v\00_SYSTEM_TOOLS\Module_Deployment_Tool\modules\deploy_ai_autonomous_engine_HIL_V1.9_V2.0.py,
create_file,E:\football_v\00_SYSTEM_TOOLS\Module_Deployment_Tool\modules\deploy_ai_autonomous_engine_HIL_V1.9_V2.0.py,
create_file,E:\football_v\00_SYSTEM_TOOLS\Module_Deployment_Tool\modules\deploy_ai_autonomous_engine_HIL_V1.9_V2.0.py,
create_json,E:\football_v\00_SYSTEM_TOOLS\Module_Deployment_Tool\modules\deploy_ai_autonomous_engine_HIL_V1.9_V2.0.py,
create_file,E:\football_v\00_SYSTEM_TOOLS\Module_Deployment_Tool\modules\deploy_ai_autonomous_engine_HIL_V1.9_V2.0.py,
create_json,E:\football_v\00_SYSTEM_TOOLS\Module_Deployment_Tool\modules\deploy_ai_autonomous_engine_HIL_V1.9_V2.0.py,
create_json,E:\football_v\00_SYSTEM_TOOLS\Module_Deployment_Tool\modules\deploy_ai_autonomous_engine_HIL_V1.9_V2.0.py,
deploy_start,E:\football_v\00_SYSTEM_TOOLS\Module_Deployment_Tool\modules\deploy_ai_autonomous_engine_HIL_V1.9_V2.0.py,
create_evolution_governance_manager,E:\football_v\00_SYSTEM_TOOLS\Module_Deployment_Tool\modules\deploy_ai_autonomous_engine_HIL_V1.9_V2.0.py,
create_model_evolution_audit,E:\football_v\00_SYSTEM_TOOLS\Module_Deployment_Tool\modules\deploy_ai_autonomous_engine_HIL_V1.9_V2.0.py,
create_change_approval_center,E:\football_v\00_SYSTEM_TOOLS\Module_Deployment_Tool\modules\deploy_ai_autonomous_engine_HIL_V1.9_V2.0.py,
create_evolution_compliance_checker,E:\football_v\00_SYSTEM_TOOLS\Module_Deployment_Tool\modules\deploy_ai_autonomous_engine_HIL_V1.9_V2.0.py,
create_ai_evolution_supervisor,E:\football_v\00_SYSTEM_TOOLS\Module_Deployment_Tool\modules\deploy_ai_autonomous_engine_HIL_V1.9_V2.0.py,
create_global_learning_controller,E:\football_v\00_SYSTEM_TOOLS\Module_Deployment_Tool\modules\deploy_ai_autonomous_engine_HIL_V1.9_V2.0.py,
create_system_evolution_dashboard,E:\football_v\00_SYSTEM_TOOLS\Module_Deployment_Tool\modules\deploy_ai_autonomous_engine_HIL_V1.9_V2.0.py,
create_evolution_strategy_optimizer,E:\football_v\00_SYSTEM_TOOLS\Module_Deployment_Tool\modules\deploy_ai_autonomous_engine_HIL_V1.9_V2.0.py,
create_evolution_supervisor_config,E:\football_v\00_SYSTEM_TOOLS\Module_Deployment_Tool\modules\deploy_ai_autonomous_engine_HIL_V1.9_V2.0.py,
create_v20_full_test,E:\football_v\00_SYSTEM_TOOLS\Module_Deployment_Tool\modules\deploy_ai_autonomous_engine_HIL_V1.9_V2.0.py,
create_evolution_supervisor_report,E:\football_v\00_SYSTEM_TOOLS\Module_Deployment_Tool\modules\deploy_ai_autonomous_engine_HIL_V1.9_V2.0.py,
create_v20_checkpoint,E:\football_v\00_SYSTEM_TOOLS\Module_Deployment_Tool\modules\deploy_ai_autonomous_engine_HIL_V1.9_V2.0.py,
print,E:\football_v\00_SYSTEM_TOOLS\Module_Deployment_Tool\modules\deploy_ai_autonomous_engine_HIL_V1.9_V2.0.py,
print,E:\football_v\00_SYSTEM_TOOLS\Module_Deployment_Tool\modules\deploy_ai_autonomous_engine_HIL_V1.9_V2.0.py,
print,E:\football_v\00_SYSTEM_TOOLS\Module_Deployment_Tool\modules\deploy_ai_autonomous_engine_HIL_V1.9_V2.0.py,
print,E:\football_v\00_SYSTEM_TOOLS\Module_Deployment_Tool\modules\deploy_ai_autonomous_engine_HIL_V1.9_V2.0.py,
print,E:\football_v\00_SYSTEM_TOOLS\Module_Deployment_Tool\modules\deploy_ai_autonomous_engine_HIL_V1.9_V2.0.py,
print,E:\football_v\00_SYSTEM_TOOLS\Module_Deployment_Tool\modules\deploy_ai_autonomous_engine_HIL_V1.9_V2.0.py,
open,E:\football_v\00_SYSTEM_TOOLS\Module_Deployment_Tool\modules\deploy_ai_autonomous_engine_HIL_V2.1_V2.2_BATCH.py,
open,E:\football_v\00_SYSTEM_TOOLS\Module_Deployment_Tool\modules\deploy_ai_autonomous_engine_HIL_V2.1_V2.2_BATCH.py,
print,E:\football_v\00_SYSTEM_TOOLS\Module_Deployment_Tool\modules\deploy_ai_autonomous_engine_HIL_V2.1_V2.2_BATCH.py,
print,E:\football_v\00_SYSTEM_TOOLS\Module_Deployment_Tool\modules\deploy_ai_autonomous_engine_HIL_V2.1_V2.2_BATCH.py,
print,E:\football_v\00_SYSTEM_TOOLS\Module_Deployment_Tool\modules\deploy_ai_autonomous_engine_HIL_V2.1_V2.2_BATCH.py,
print,E:\football_v\00_SYSTEM_TOOLS\Module_Deployment_Tool\modules\deploy_ai_autonomous_engine_HIL_V2.1_V2.2_BATCH.py,
print,E:\football_v\00_SYSTEM_TOOLS\Module_Deployment_Tool\modules\deploy_ai_autonomous_engine_HIL_V2.1_V2.2_BATCH.py,
create_folder,E:\football_v\00_SYSTEM_TOOLS\Module_Deployment_Tool\modules\deploy_ai_autonomous_engine_HIL_V2.1_V2.2_BATCH.py,
create_file,E:\football_v\00_SYSTEM_TOOLS\Module_Deployment_Tool\modules\deploy_ai_autonomous_engine_HIL_V2.1_V2.2_BATCH.py,
create_file,E:\football_v\00_SYSTEM_TOOLS\Module_Deployment_Tool\modules\deploy_ai_autonomous_engine_HIL_V2.1_V2.2_BATCH.py,
create_json,E:\football_v\00_SYSTEM_TOOLS\Module_Deployment_Tool\modules\deploy_ai_autonomous_engine_HIL_V2.1_V2.2_BATCH.py,
create_json,E:\football_v\00_SYSTEM_TOOLS\Module_Deployment_Tool\modules\deploy_ai_autonomous_engine_HIL_V2.1_V2.2_BATCH.py,
create_file,E:\football_v\00_SYSTEM_TOOLS\Module_Deployment_Tool\modules\deploy_ai_autonomous_engine_HIL_V2.1_V2.2_BATCH.py,
create_json,E:\football_v\00_SYSTEM_TOOLS\Module_Deployment_Tool\modules\deploy_ai_autonomous_engine_HIL_V2.1_V2.2_BATCH.py,
create_json,E:\football_v\00_SYSTEM_TOOLS\Module_Deployment_Tool\modules\deploy_ai_autonomous_engine_HIL_V2.1_V2.2_BATCH.py,
deploy_start,E:\football_v\00_SYSTEM_TOOLS\Module_Deployment_Tool\modules\deploy_ai_autonomous_engine_HIL_V2.1_V2.2_BATCH.py,
create_v21_modules,E:\football_v\00_SYSTEM_TOOLS\Module_Deployment_Tool\modules\deploy_ai_autonomous_engine_HIL_V2.1_V2.2_BATCH.py,
create_v22_modules,E:\football_v\00_SYSTEM_TOOLS\Module_Deployment_Tool\modules\deploy_ai_autonomous_engine_HIL_V2.1_V2.2_BATCH.py,
create_v21_v22_config,E:\football_v\00_SYSTEM_TOOLS\Module_Deployment_Tool\modules\deploy_ai_autonomous_engine_HIL_V2.1_V2.2_BATCH.py,
create_batch_test,E:\football_v\00_SYSTEM_TOOLS\Module_Deployment_Tool\modules\deploy_ai_autonomous_engine_HIL_V2.1_V2.2_BATCH.py,
create_report,E:\football_v\00_SYSTEM_TOOLS\Module_Deployment_Tool\modules\deploy_ai_autonomous_engine_HIL_V2.1_V2.2_BATCH.py,
create_checkpoint,E:\football_v\00_SYSTEM_TOOLS\Module_Deployment_Tool\modules\deploy_ai_autonomous_engine_HIL_V2.1_V2.2_BATCH.py,
print,E:\football_v\00_SYSTEM_TOOLS\Module_Deployment_Tool\modules\deploy_ai_autonomous_engine_HIL_V2.1_V2.2_BATCH.py,
print,E:\football_v\00_SYSTEM_TOOLS\Module_Deployment_Tool\modules\deploy_ai_autonomous_engine_HIL_V2.1_V2.2_BATCH.py,
print,E:\football_v\00_SYSTEM_TOOLS\Module_Deployment_Tool\modules\deploy_ai_autonomous_engine_HIL_V2.1_V2.2_BATCH.py,
print,E:\football_v\00_SYSTEM_TOOLS\Module_Deployment_Tool\modules\deploy_ai_autonomous_engine_HIL_V2.1_V2.2_BATCH.py,
print,E:\football_v\00_SYSTEM_TOOLS\Module_Deployment_Tool\modules\deploy_ai_autonomous_engine_HIL_V2.1_V2.2_BATCH.py,
open,E:\football_v\00_SYSTEM_TOOLS\Module_Deployment_Tool\modules\deploy_ai_autonomous_engine_HIL_V2.3_V2.4_BATCH.py,
open,E:\football_v\00_SYSTEM_TOOLS\Module_Deployment_Tool\modules\deploy_ai_autonomous_engine_HIL_V2.3_V2.4_BATCH.py,
print,E:\football_v\00_SYSTEM_TOOLS\Module_Deployment_Tool\modules\deploy_ai_autonomous_engine_HIL_V2.3_V2.4_BATCH.py,
print,E:\football_v\00_SYSTEM_TOOLS\Module_Deployment_Tool\modules\deploy_ai_autonomous_engine_HIL_V2.3_V2.4_BATCH.py,
print,E:\football_v\00_SYSTEM_TOOLS\Module_Deployment_Tool\modules\deploy_ai_autonomous_engine_HIL_V2.3_V2.4_BATCH.py,
print,E:\football_v\00_SYSTEM_TOOLS\Module_Deployment_Tool\modules\deploy_ai_autonomous_engine_HIL_V2.3_V2.4_BATCH.py,
print,E:\football_v\00_SYSTEM_TOOLS\Module_Deployment_Tool\modules\deploy_ai_autonomous_engine_HIL_V2.3_V2.4_BATCH.py,
create_folder,E:\football_v\00_SYSTEM_TOOLS\Module_Deployment_Tool\modules\deploy_ai_autonomous_engine_HIL_V2.3_V2.4_BATCH.py,
create_file,E:\football_v\00_SYSTEM_TOOLS\Module_Deployment_Tool\modules\deploy_ai_autonomous_engine_HIL_V2.3_V2.4_BATCH.py,
create_file,E:\football_v\00_SYSTEM_TOOLS\Module_Deployment_Tool\modules\deploy_ai_autonomous_engine_HIL_V2.3_V2.4_BATCH.py,
create_json,E:\football_v\00_SYSTEM_TOOLS\Module_Deployment_Tool\modules\deploy_ai_autonomous_engine_HIL_V2.3_V2.4_BATCH.py,
create_json,E:\football_v\00_SYSTEM_TOOLS\Module_Deployment_Tool\modules\deploy_ai_autonomous_engine_HIL_V2.3_V2.4_BATCH.py,
create_json,E:\football_v\00_SYSTEM_TOOLS\Module_Deployment_Tool\modules\deploy_ai_autonomous_engine_HIL_V2.3_V2.4_BATCH.py,
str,E:\football_v\00_SYSTEM_TOOLS\Module_Deployment_Tool\modules\deploy_ai_autonomous_engine_HIL_V2.3_V2.4_BATCH.py,
create_json,E:\football_v\00_SYSTEM_TOOLS\Module_Deployment_Tool\modules\deploy_ai_autonomous_engine_HIL_V2.3_V2.4_BATCH.py,
create_file,E:\football_v\00_SYSTEM_TOOLS\Module_Deployment_Tool\modules\deploy_ai_autonomous_engine_HIL_V2.3_V2.4_BATCH.py,
deploy_start,E:\football_v\00_SYSTEM_TOOLS\Module_Deployment_Tool\modules\deploy_ai_autonomous_engine_HIL_V2.3_V2.4_BATCH.py,
create_v23_modules,E:\football_v\00_SYSTEM_TOOLS\Module_Deployment_Tool\modules\deploy_ai_autonomous_engine_HIL_V2.3_V2.4_BATCH.py,
create_v24_modules,E:\football_v\00_SYSTEM_TOOLS\Module_Deployment_Tool\modules\deploy_ai_autonomous_engine_HIL_V2.3_V2.4_BATCH.py,
create_config,E:\football_v\00_SYSTEM_TOOLS\Module_Deployment_Tool\modules\deploy_ai_autonomous_engine_HIL_V2.3_V2.4_BATCH.py,
create_report,E:\football_v\00_SYSTEM_TOOLS\Module_Deployment_Tool\modules\deploy_ai_autonomous_engine_HIL_V2.3_V2.4_BATCH.py,
create_checkpoint,E:\football_v\00_SYSTEM_TOOLS\Module_Deployment_Tool\modules\deploy_ai_autonomous_engine_HIL_V2.3_V2.4_BATCH.py,
create_test,E:\football_v\00_SYSTEM_TOOLS\Module_Deployment_Tool\modules\deploy_ai_autonomous_engine_HIL_V2.3_V2.4_BATCH.py,
print,E:\football_v\00_SYSTEM_TOOLS\Module_Deployment_Tool\modules\deploy_ai_autonomous_engine_HIL_V2.3_V2.4_BATCH.py,
print,E:\football_v\00_SYSTEM_TOOLS\Module_Deployment_Tool\modules\deploy_ai_autonomous_engine_HIL_V2.3_V2.4_BATCH.py,
print,E:\football_v\00_SYSTEM_TOOLS\Module_Deployment_Tool\modules\deploy_ai_autonomous_engine_HIL_V2.3_V2.4_BATCH.py,
print,E:\football_v\00_SYSTEM_TOOLS\Module_Deployment_Tool\modules\deploy_ai_autonomous_engine_HIL_V2.3_V2.4_BATCH.py,
print,E:\football_v\00_SYSTEM_TOOLS\Module_Deployment_Tool\modules\deploy_ai_autonomous_engine_HIL_V2.3_V2.4_BATCH.py,
open,E:\football_v\00_SYSTEM_TOOLS\Module_Deployment_Tool\modules\deploy_ai_autonomous_engine_HIL_V2.5_V2.6_BATCH.py,
open,E:\football_v\00_SYSTEM_TOOLS\Module_Deployment_Tool\modules\deploy_ai_autonomous_engine_HIL_V2.5_V2.6_BATCH.py,
print,E:\football_v\00_SYSTEM_TOOLS\Module_Deployment_Tool\modules\deploy_ai_autonomous_engine_HIL_V2.5_V2.6_BATCH.py,
print,E:\football_v\00_SYSTEM_TOOLS\Module_Deployment_Tool\modules\deploy_ai_autonomous_engine_HIL_V2.5_V2.6_BATCH.py,
print,E:\football_v\00_SYSTEM_TOOLS\Module_Deployment_Tool\modules\deploy_ai_autonomous_engine_HIL_V2.5_V2.6_BATCH.py,
print,E:\football_v\00_SYSTEM_TOOLS\Module_Deployment_Tool\modules\deploy_ai_autonomous_engine_HIL_V2.5_V2.6_BATCH.py,
print,E:\football_v\00_SYSTEM_TOOLS\Module_Deployment_Tool\modules\deploy_ai_autonomous_engine_HIL_V2.5_V2.6_BATCH.py,
create_folder,E:\football_v\00_SYSTEM_TOOLS\Module_Deployment_Tool\modules\deploy_ai_autonomous_engine_HIL_V2.5_V2.6_BATCH.py,
create_file,E:\football_v\00_SYSTEM_TOOLS\Module_Deployment_Tool\modules\deploy_ai_autonomous_engine_HIL_V2.5_V2.6_BATCH.py,
create_file,E:\football_v\00_SYSTEM_TOOLS\Module_Deployment_Tool\modules\deploy_ai_autonomous_engine_HIL_V2.5_V2.6_BATCH.py,
create_json,E:\football_v\00_SYSTEM_TOOLS\Module_Deployment_Tool\modules\deploy_ai_autonomous_engine_HIL_V2.5_V2.6_BATCH.py,
create_json,E:\football_v\00_SYSTEM_TOOLS\Module_Deployment_Tool\modules\deploy_ai_autonomous_engine_HIL_V2.5_V2.6_BATCH.py,
create_json,E:\football_v\00_SYSTEM_TOOLS\Module_Deployment_Tool\modules\deploy_ai_autonomous_engine_HIL_V2.5_V2.6_BATCH.py,
str,E:\football_v\00_SYSTEM_TOOLS\Module_Deployment_Tool\modules\deploy_ai_autonomous_engine_HIL_V2.5_V2.6_BATCH.py,
create_json,E:\football_v\00_SYSTEM_TOOLS\Module_Deployment_Tool\modules\deploy_ai_autonomous_engine_HIL_V2.5_V2.6_BATCH.py,
create_file,E:\football_v\00_SYSTEM_TOOLS\Module_Deployment_Tool\modules\deploy_ai_autonomous_engine_HIL_V2.5_V2.6_BATCH.py,
deploy_start,E:\football_v\00_SYSTEM_TOOLS\Module_Deployment_Tool\modules\deploy_ai_autonomous_engine_HIL_V2.5_V2.6_BATCH.py,
create_v25_modules,E:\football_v\00_SYSTEM_TOOLS\Module_Deployment_Tool\modules\deploy_ai_autonomous_engine_HIL_V2.5_V2.6_BATCH.py,
create_v26_modules,E:\football_v\00_SYSTEM_TOOLS\Module_Deployment_Tool\modules\deploy_ai_autonomous_engine_HIL_V2.5_V2.6_BATCH.py,
create_config,E:\football_v\00_SYSTEM_TOOLS\Module_Deployment_Tool\modules\deploy_ai_autonomous_engine_HIL_V2.5_V2.6_BATCH.py,
create_report,E:\football_v\00_SYSTEM_TOOLS\Module_Deployment_Tool\modules\deploy_ai_autonomous_engine_HIL_V2.5_V2.6_BATCH.py,
create_checkpoint,E:\football_v\00_SYSTEM_TOOLS\Module_Deployment_Tool\modules\deploy_ai_autonomous_engine_HIL_V2.5_V2.6_BATCH.py,
create_test,E:\football_v\00_SYSTEM_TOOLS\Module_Deployment_Tool\modules\deploy_ai_autonomous_engine_HIL_V2.5_V2.6_BATCH.py,
print,E:\football_v\00_SYSTEM_TOOLS\Module_Deployment_Tool\modules\deploy_ai_autonomous_engine_HIL_V2.5_V2.6_BATCH.py,
print,E:\football_v\00_SYSTEM_TOOLS\Module_Deployment_Tool\modules\deploy_ai_autonomous_engine_HIL_V2.5_V2.6_BATCH.py,
print,E:\football_v\00_SYSTEM_TOOLS\Module_Deployment_Tool\modules\deploy_ai_autonomous_engine_HIL_V2.5_V2.6_BATCH.py,
print,E:\football_v\00_SYSTEM_TOOLS\Module_Deployment_Tool\modules\deploy_ai_autonomous_engine_HIL_V2.5_V2.6_BATCH.py,
print,E:\football_v\00_SYSTEM_TOOLS\Module_Deployment_Tool\modules\deploy_ai_autonomous_engine_HIL_V2.5_V2.6_BATCH.py,
open,E:\football_v\00_SYSTEM_TOOLS\Module_Deployment_Tool\modules\deploy_ai_autonomous_engine_HIL_V2.7_V2.8_BATCH.py,
open,E:\football_v\00_SYSTEM_TOOLS\Module_Deployment_Tool\modules\deploy_ai_autonomous_engine_HIL_V2.7_V2.8_BATCH.py,
print,E:\football_v\00_SYSTEM_TOOLS\Module_Deployment_Tool\modules\deploy_ai_autonomous_engine_HIL_V2.7_V2.8_BATCH.py,
print,E:\football_v\00_SYSTEM_TOOLS\Module_Deployment_Tool\modules\deploy_ai_autonomous_engine_HIL_V2.7_V2.8_BATCH.py,
print,E:\football_v\00_SYSTEM_TOOLS\Module_Deployment_Tool\modules\deploy_ai_autonomous_engine_HIL_V2.7_V2.8_BATCH.py,
print,E:\football_v\00_SYSTEM_TOOLS\Module_Deployment_Tool\modules\deploy_ai_autonomous_engine_HIL_V2.7_V2.8_BATCH.py,
print,E:\football_v\00_SYSTEM_TOOLS\Module_Deployment_Tool\modules\deploy_ai_autonomous_engine_HIL_V2.7_V2.8_BATCH.py,
ensure_dir,E:\football_v\00_SYSTEM_TOOLS\Module_Deployment_Tool\modules\deploy_ai_autonomous_engine_HIL_V2.7_V2.8_BATCH.py,
write_file,E:\football_v\00_SYSTEM_TOOLS\Module_Deployment_Tool\modules\deploy_ai_autonomous_engine_HIL_V2.7_V2.8_BATCH.py,
write_file,E:\football_v\00_SYSTEM_TOOLS\Module_Deployment_Tool\modules\deploy_ai_autonomous_engine_HIL_V2.7_V2.8_BATCH.py,
write_file,E:\football_v\00_SYSTEM_TOOLS\Module_Deployment_Tool\modules\deploy_ai_autonomous_engine_HIL_V2.7_V2.8_BATCH.py,
write_json,E:\football_v\00_SYSTEM_TOOLS\Module_Deployment_Tool\modules\deploy_ai_autonomous_engine_HIL_V2.7_V2.8_BATCH.py,
write_json,E:\football_v\00_SYSTEM_TOOLS\Module_Deployment_Tool\modules\deploy_ai_autonomous_engine_HIL_V2.7_V2.8_BATCH.py,
write_json,E:\football_v\00_SYSTEM_TOOLS\Module_Deployment_Tool\modules\deploy_ai_autonomous_engine_HIL_V2.7_V2.8_BATCH.py,
write_file,E:\football_v\00_SYSTEM_TOOLS\Module_Deployment_Tool\modules\deploy_ai_autonomous_engine_HIL_V2.7_V2.8_BATCH.py,
write_json,E:\football_v\00_SYSTEM_TOOLS\Module_Deployment_Tool\modules\deploy_ai_autonomous_engine_HIL_V2.7_V2.8_BATCH.py,
write_json,E:\football_v\00_SYSTEM_TOOLS\Module_Deployment_Tool\modules\deploy_ai_autonomous_engine_HIL_V2.7_V2.8_BATCH.py,
write_json,E:\football_v\00_SYSTEM_TOOLS\Module_Deployment_Tool\modules\deploy_ai_autonomous_engine_HIL_V2.7_V2.8_BATCH.py,
str,E:\football_v\00_SYSTEM_TOOLS\Module_Deployment_Tool\modules\deploy_ai_autonomous_engine_HIL_V2.7_V2.8_BATCH.py,
print,E:\football_v\00_SYSTEM_TOOLS\Module_Deployment_Tool\modules\deploy_ai_autonomous_engine_HIL_V2.7_V2.8_BATCH.py,
print,E:\football_v\00_SYSTEM_TOOLS\Module_Deployment_Tool\modules\deploy_ai_autonomous_engine_HIL_V2.7_V2.8_BATCH.py,
print,E:\football_v\00_SYSTEM_TOOLS\Module_Deployment_Tool\modules\deploy_ai_autonomous_engine_HIL_V2.7_V2.8_BATCH.py,
print,E:\football_v\00_SYSTEM_TOOLS\Module_Deployment_Tool\modules\deploy_ai_autonomous_engine_HIL_V2.7_V2.8_BATCH.py,
deploy_start,E:\football_v\00_SYSTEM_TOOLS\Module_Deployment_Tool\modules\deploy_ai_autonomous_engine_HIL_V2.7_V2.8_BATCH.py,
print,E:\football_v\00_SYSTEM_TOOLS\Module_Deployment_Tool\modules\deploy_ai_autonomous_engine_HIL_V2.7_V2.8_BATCH.py,
deploy_v27,E:\football_v\00_SYSTEM_TOOLS\Module_Deployment_Tool\modules\deploy_ai_autonomous_engine_HIL_V2.7_V2.8_BATCH.py,
deploy_v28,E:\football_v\00_SYSTEM_TOOLS\Module_Deployment_Tool\modules\deploy_ai_autonomous_engine_HIL_V2.7_V2.8_BATCH.py,
deploy_human_approval_gate,E:\football_v\00_SYSTEM_TOOLS\Module_Deployment_Tool\modules\deploy_ai_autonomous_engine_HIL_V2.7_V2.8_BATCH.py,
create_configs,E:\football_v\00_SYSTEM_TOOLS\Module_Deployment_Tool\modules\deploy_ai_autonomous_engine_HIL_V2.7_V2.8_BATCH.py,
create_test_file,E:\football_v\00_SYSTEM_TOOLS\Module_Deployment_Tool\modules\deploy_ai_autonomous_engine_HIL_V2.7_V2.8_BATCH.py,
create_checkpoint,E:\football_v\00_SYSTEM_TOOLS\Module_Deployment_Tool\modules\deploy_ai_autonomous_engine_HIL_V2.7_V2.8_BATCH.py,
create_report,E:\football_v\00_SYSTEM_TOOLS\Module_Deployment_Tool\modules\deploy_ai_autonomous_engine_HIL_V2.7_V2.8_BATCH.py,
print,E:\football_v\00_SYSTEM_TOOLS\Module_Deployment_Tool\modules\deploy_ai_autonomous_engine_HIL_V2.7_V2.8_BATCH.py,
print,E:\football_v\00_SYSTEM_TOOLS\Module_Deployment_Tool\modules\deploy_ai_autonomous_engine_HIL_V2.7_V2.8_BATCH.py,
print,E:\football_v\00_SYSTEM_TOOLS\Module_Deployment_Tool\modules\deploy_ai_autonomous_engine_HIL_V2.7_V2.8_BATCH.py,
show_tree,E:\football_v\00_SYSTEM_TOOLS\Module_Deployment_Tool\modules\deploy_ai_autonomous_engine_HIL_V2.7_V2.8_BATCH.py,
print,E:\football_v\00_SYSTEM_TOOLS\Module_Deployment_Tool\modules\deploy_ai_autonomous_engine_HIL_V2.7_V2.8_BATCH.py,
print,E:\football_v\00_SYSTEM_TOOLS\Module_Deployment_Tool\modules\deploy_ai_autonomous_engine_HIL_V2.7_V2.8_BATCH.py,
print,E:\football_v\00_SYSTEM_TOOLS\Module_Deployment_Tool\modules\deploy_ai_autonomous_engine_HIL_V2.7_V2.8_BATCH.py,
print,E:\football_v\00_SYSTEM_TOOLS\Module_Deployment_Tool\modules\deploy_ai_autonomous_engine_HIL_V2.7_V2.8_BATCH.py,
print,E:\football_v\00_SYSTEM_TOOLS\Module_Deployment_Tool\modules\deploy_ai_autonomous_engine_HIL_V2.7_V2.8_BATCH.py,
run_test,E:\football_v\00_SYSTEM_TOOLS\Module_Deployment_Tool\modules\deploy_ai_autonomous_engine_HIL_V2.7_V2.8_BATCH.py,
open,E:\football_v\00_SYSTEM_TOOLS\Module_Deployment_Tool\modules\deploy_ai_autonomous_engine_HIL_V2.9_V3.0_BATCH.py,
open,E:\football_v\00_SYSTEM_TOOLS\Module_Deployment_Tool\modules\deploy_ai_autonomous_engine_HIL_V2.9_V3.0_BATCH.py,
print,E:\football_v\00_SYSTEM_TOOLS\Module_Deployment_Tool\modules\deploy_ai_autonomous_engine_HIL_V2.9_V3.0_BATCH.py,
print,E:\football_v\00_SYSTEM_TOOLS\Module_Deployment_Tool\modules\deploy_ai_autonomous_engine_HIL_V2.9_V3.0_BATCH.py,
all,E:\football_v\00_SYSTEM_TOOLS\Module_Deployment_Tool\modules\deploy_ai_autonomous_engine_HIL_V2.9_V3.0_BATCH.py,
Exception,E:\football_v\00_SYSTEM_TOOLS\Module_Deployment_Tool\modules\deploy_ai_autonomous_engine_HIL_V2.9_V3.0_BATCH.py,
print,E:\football_v\00_SYSTEM_TOOLS\Module_Deployment_Tool\modules\deploy_ai_autonomous_engine_HIL_V2.9_V3.0_BATCH.py,
print,E:\football_v\00_SYSTEM_TOOLS\Module_Deployment_Tool\modules\deploy_ai_autonomous_engine_HIL_V2.9_V3.0_BATCH.py,
print,E:\football_v\00_SYSTEM_TOOLS\Module_Deployment_Tool\modules\deploy_ai_autonomous_engine_HIL_V2.9_V3.0_BATCH.py,
print,E:\football_v\00_SYSTEM_TOOLS\Module_Deployment_Tool\modules\deploy_ai_autonomous_engine_HIL_V2.9_V3.0_BATCH.py,
print,E:\football_v\00_SYSTEM_TOOLS\Module_Deployment_Tool\modules\deploy_ai_autonomous_engine_HIL_V2.9_V3.0_BATCH.py,
ensure_dir,E:\football_v\00_SYSTEM_TOOLS\Module_Deployment_Tool\modules\deploy_ai_autonomous_engine_HIL_V2.9_V3.0_BATCH.py,
print,E:\football_v\00_SYSTEM_TOOLS\Module_Deployment_Tool\modules\deploy_ai_autonomous_engine_HIL_V2.9_V3.0_BATCH.py,
write_file,E:\football_v\00_SYSTEM_TOOLS\Module_Deployment_Tool\modules\deploy_ai_autonomous_engine_HIL_V2.9_V3.0_BATCH.py,
print,E:\football_v\00_SYSTEM_TOOLS\Module_Deployment_Tool\modules\deploy_ai_autonomous_engine_HIL_V2.9_V3.0_BATCH.py,
write_file,E:\football_v\00_SYSTEM_TOOLS\Module_Deployment_Tool\modules\deploy_ai_autonomous_engine_HIL_V2.9_V3.0_BATCH.py,
write_json,E:\football_v\00_SYSTEM_TOOLS\Module_Deployment_Tool\modules\deploy_ai_autonomous_engine_HIL_V2.9_V3.0_BATCH.py,
write_json,E:\football_v\00_SYSTEM_TOOLS\Module_Deployment_Tool\modules\deploy_ai_autonomous_engine_HIL_V2.9_V3.0_BATCH.py,
write_file,E:\football_v\00_SYSTEM_TOOLS\Module_Deployment_Tool\modules\deploy_ai_autonomous_engine_HIL_V2.9_V3.0_BATCH.py,
print,E:\football_v\00_SYSTEM_TOOLS\Module_Deployment_Tool\modules\deploy_ai_autonomous_engine_HIL_V2.9_V3.0_BATCH.py,
print,E:\football_v\00_SYSTEM_TOOLS\Module_Deployment_Tool\modules\deploy_ai_autonomous_engine_HIL_V2.9_V3.0_BATCH.py,
len,E:\football_v\00_SYSTEM_TOOLS\Module_Deployment_Tool\modules\deploy_ai_autonomous_engine_HIL_V2.9_V3.0_BATCH.py,
Exception,E:\football_v\00_SYSTEM_TOOLS\Module_Deployment_Tool\modules\deploy_ai_autonomous_engine_HIL_V2.9_V3.0_BATCH.py,
open,E:\football_v\00_SYSTEM_TOOLS\Module_Deployment_Tool\modules\deploy_ai_autonomous_engine_HIL_V2.9_V3.0_BATCH.py,
write_json,E:\football_v\00_SYSTEM_TOOLS\Module_Deployment_Tool\modules\deploy_ai_autonomous_engine_HIL_V2.9_V3.0_BATCH.py,
write_json,E:\football_v\00_SYSTEM_TOOLS\Module_Deployment_Tool\modules\deploy_ai_autonomous_engine_HIL_V2.9_V3.0_BATCH.py,
write_json,E:\football_v\00_SYSTEM_TOOLS\Module_Deployment_Tool\modules\deploy_ai_autonomous_engine_HIL_V2.9_V3.0_BATCH.py,
str,E:\football_v\00_SYSTEM_TOOLS\Module_Deployment_Tool\modules\deploy_ai_autonomous_engine_HIL_V2.9_V3.0_BATCH.py,
print,E:\football_v\00_SYSTEM_TOOLS\Module_Deployment_Tool\modules\deploy_ai_autonomous_engine_HIL_V2.9_V3.0_BATCH.py,
print,E:\football_v\00_SYSTEM_TOOLS\Module_Deployment_Tool\modules\deploy_ai_autonomous_engine_HIL_V2.9_V3.0_BATCH.py,
print,E:\football_v\00_SYSTEM_TOOLS\Module_Deployment_Tool\modules\deploy_ai_autonomous_engine_HIL_V2.9_V3.0_BATCH.py,
print,E:\football_v\00_SYSTEM_TOOLS\Module_Deployment_Tool\modules\deploy_ai_autonomous_engine_HIL_V2.9_V3.0_BATCH.py,
print,E:\football_v\00_SYSTEM_TOOLS\Module_Deployment_Tool\modules\deploy_ai_autonomous_engine_HIL_V2.9_V3.0_BATCH.py,
print,E:\football_v\00_SYSTEM_TOOLS\Module_Deployment_Tool\modules\deploy_ai_autonomous_engine_HIL_V2.9_V3.0_BATCH.py,
print,E:\football_v\00_SYSTEM_TOOLS\Module_Deployment_Tool\modules\deploy_ai_autonomous_engine_HIL_V2.9_V3.0_BATCH.py,
deploy_start,E:\football_v\00_SYSTEM_TOOLS\Module_Deployment_Tool\modules\deploy_ai_autonomous_engine_HIL_V2.9_V3.0_BATCH.py,
self_validation,E:\football_v\00_SYSTEM_TOOLS\Module_Deployment_Tool\modules\deploy_ai_autonomous_engine_HIL_V2.9_V3.0_BATCH.py,
deploy_v29,E:\football_v\00_SYSTEM_TOOLS\Module_Deployment_Tool\modules\deploy_ai_autonomous_engine_HIL_V2.9_V3.0_BATCH.py,
deploy_v30,E:\football_v\00_SYSTEM_TOOLS\Module_Deployment_Tool\modules\deploy_ai_autonomous_engine_HIL_V2.9_V3.0_BATCH.py,
create_configs,E:\football_v\00_SYSTEM_TOOLS\Module_Deployment_Tool\modules\deploy_ai_autonomous_engine_HIL_V2.9_V3.0_BATCH.py,
create_test,E:\football_v\00_SYSTEM_TOOLS\Module_Deployment_Tool\modules\deploy_ai_autonomous_engine_HIL_V2.9_V3.0_BATCH.py,
compile_check,E:\football_v\00_SYSTEM_TOOLS\Module_Deployment_Tool\modules\deploy_ai_autonomous_engine_HIL_V2.9_V3.0_BATCH.py,
create_checkpoint,E:\football_v\00_SYSTEM_TOOLS\Module_Deployment_Tool\modules\deploy_ai_autonomous_engine_HIL_V2.9_V3.0_BATCH.py,
create_report,E:\football_v\00_SYSTEM_TOOLS\Module_Deployment_Tool\modules\deploy_ai_autonomous_engine_HIL_V2.9_V3.0_BATCH.py,
print,E:\football_v\00_SYSTEM_TOOLS\Module_Deployment_Tool\modules\deploy_ai_autonomous_engine_HIL_V2.9_V3.0_BATCH.py,
print,E:\football_v\00_SYSTEM_TOOLS\Module_Deployment_Tool\modules\deploy_ai_autonomous_engine_HIL_V2.9_V3.0_BATCH.py,
print,E:\football_v\00_SYSTEM_TOOLS\Module_Deployment_Tool\modules\deploy_ai_autonomous_engine_HIL_V2.9_V3.0_BATCH.py,
show_tree,E:\football_v\00_SYSTEM_TOOLS\Module_Deployment_Tool\modules\deploy_ai_autonomous_engine_HIL_V2.9_V3.0_BATCH.py,
run_test,E:\football_v\00_SYSTEM_TOOLS\Module_Deployment_Tool\modules\deploy_ai_autonomous_engine_HIL_V2.9_V3.0_BATCH.py,
human_gate,E:\football_v\00_SYSTEM_TOOLS\Module_Deployment_Tool\modules\deploy_ai_autonomous_engine_HIL_V2.9_V3.0_BATCH.py,
open,E:\football_v\00_SYSTEM_TOOLS\Module_Deployment_Tool\modules\deploy_ai_autonomous_engine_V1.0_V1.3.py,
open,E:\football_v\00_SYSTEM_TOOLS\Module_Deployment_Tool\modules\deploy_ai_autonomous_engine_V1.0_V1.3.py,
print,E:\football_v\00_SYSTEM_TOOLS\Module_Deployment_Tool\modules\deploy_ai_autonomous_engine_V1.0_V1.3.py,
print,E:\football_v\00_SYSTEM_TOOLS\Module_Deployment_Tool\modules\deploy_ai_autonomous_engine_V1.0_V1.3.py,
print,E:\football_v\00_SYSTEM_TOOLS\Module_Deployment_Tool\modules\deploy_ai_autonomous_engine_V1.0_V1.3.py,
print,E:\football_v\00_SYSTEM_TOOLS\Module_Deployment_Tool\modules\deploy_ai_autonomous_engine_V1.0_V1.3.py,
print,E:\football_v\00_SYSTEM_TOOLS\Module_Deployment_Tool\modules\deploy_ai_autonomous_engine_V1.0_V1.3.py,
write_file,E:\football_v\00_SYSTEM_TOOLS\Module_Deployment_Tool\modules\deploy_ai_autonomous_engine_V1.0_V1.3.py,
write_file,E:\football_v\00_SYSTEM_TOOLS\Module_Deployment_Tool\modules\deploy_ai_autonomous_engine_V1.0_V1.3.py,
create_dir,E:\football_v\00_SYSTEM_TOOLS\Module_Deployment_Tool\modules\deploy_ai_autonomous_engine_V1.0_V1.3.py,
,E:\football_v\00_SYSTEM_TOOLS\Module_Deployment_Tool\modules\deploy_ai_orchestration_layer_test_V1.0.py,"invalid non-printable character U+FEFF (<unknown>, line 1)"
,E:\football_v\00_SYSTEM_TOOLS\Module_Deployment_Tool\modules\deploy_ai_orchestration_layer_V1.0.py,"invalid non-printable character U+FEFF (<unknown>, line 1)"
open,E:\football_v\00_SYSTEM_TOOLS\Module_Deployment_Tool\modules\deploy_ai_orchestration_layer_V1.0_V1.3.py,
open,E:\football_v\00_SYSTEM_TOOLS\Module_Deployment_Tool\modules\deploy_ai_orchestration_layer_V1.0_V1.3.py,
print,E:\football_v\00_SYSTEM_TOOLS\Module_Deployment_Tool\modules\deploy_ai_orchestration_layer_V1.0_V1.3.py,
print,E:\football_v\00_SYSTEM_TOOLS\Module_Deployment_Tool\modules\deploy_ai_orchestration_layer_V1.0_V1.3.py,
print,E:\football_v\00_SYSTEM_TOOLS\Module_Deployment_Tool\modules\deploy_ai_orchestration_layer_V1.0_V1.3.py,
print,E:\football_v\00_SYSTEM_TOOLS\Module_Deployment_Tool\modules\deploy_ai_orchestration_layer_V1.0_V1.3.py,
print,E:\football_v\00_SYSTEM_TOOLS\Module_Deployment_Tool\modules\deploy_ai_orchestration_layer_V1.0_V1.3.py,
write_file,E:\football_v\00_SYSTEM_TOOLS\Module_Deployment_Tool\modules\deploy_ai_orchestration_layer_V1.0_V1.3.py,
write_file,E:\football_v\00_SYSTEM_TOOLS\Module_Deployment_Tool\modules\deploy_ai_orchestration_layer_V1.0_V1.3.py,
write_file,E:\football_v\00_SYSTEM_TOOLS\Module_Deployment_Tool\modules\deploy_ai_orchestration_layer_V1.0_V1.3.py,
write_file,E:\football_v\00_SYSTEM_TOOLS\Module_Deployment_Tool\modules\deploy_ai_orchestration_layer_V1.0_V1.3.py,
write_file,E:\football_v\00_SYSTEM_TOOLS\Module_Deployment_Tool\modules\deploy_ai_orchestration_layer_V1.0_V1.3.py,
write_file,E:\football_v\00_SYSTEM_TOOLS\Module_Deployment_Tool\modules\deploy_ai_orchestration_layer_V1.0_V1.3.py,
write_file,E:\football_v\00_SYSTEM_TOOLS\Module_Deployment_Tool\modules\deploy_ai_orchestration_layer_V1.0_V1.3.py,
write_json,E:\football_v\00_SYSTEM_TOOLS\Module_Deployment_Tool\modules\deploy_ai_orchestration_layer_V1.0_V1.3.py,
write_json,E:\football_v\00_SYSTEM_TOOLS\Module_Deployment_Tool\modules\deploy_ai_orchestration_layer_V1.0_V1.3.py,
write_file,E:\football_v\00_SYSTEM_TOOLS\Module_Deployment_Tool\modules\deploy_ai_orchestration_layer_V1.0_V1.3.py,
write_json,E:\football_v\00_SYSTEM_TOOLS\Module_Deployment_Tool\modules\deploy_ai_orchestration_layer_V1.0_V1.3.py,
print,E:\football_v\00_SYSTEM_TOOLS\Module_Deployment_Tool\modules\deploy_ai_orchestration_layer_V1.0_V1.3.py,
print,E:\football_v\00_SYSTEM_TOOLS\Module_Deployment_Tool\modules\deploy_ai_orchestration_layer_V1.0_V1.3.py,
print,E:\football_v\00_SYSTEM_TOOLS\Module_Deployment_Tool\modules\deploy_ai_orchestration_layer_V1.0_V1.3.py,
print,E:\football_v\00_SYSTEM_TOOLS\Module_Deployment_Tool\modules\deploy_ai_orchestration_layer_V1.0_V1.3.py,
print,E:\football_v\00_SYSTEM_TOOLS\Module_Deployment_Tool\modules\deploy_ai_orchestration_layer_V1.0_V1.3.py,
create_dir,E:\football_v\00_SYSTEM_TOOLS\Module_Deployment_Tool\modules\deploy_ai_orchestration_layer_V1.0_V1.3.py,
,E:\football_v\00_SYSTEM_TOOLS\Module_Deployment_Tool\modules\deploy_api_integration_layer_test_V1.0.py,"invalid non-printable character U+FEFF (<unknown>, line 1)"
,E:\football_v\00_SYSTEM_TOOLS\Module_Deployment_Tool\modules\deploy_api_integration_layer_V1.0.py,"invalid non-printable character U+FEFF (<unknown>, line 1)"
,E:\football_v\00_SYSTEM_TOOLS\Module_Deployment_Tool\modules\deploy_autonomous_learning_engine_test_V1.0.py,"invalid non-printable character U+FEFF (<unknown>, line 1)"
,E:\football_v\00_SYSTEM_TOOLS\Module_Deployment_Tool\modules\deploy_autonomous_learning_engine_V1.0.py,"invalid non-printable character U+FEFF (<unknown>, line 1)"
,E:\football_v\00_SYSTEM_TOOLS\Module_Deployment_Tool\modules\deploy_backtest_system_test_V1.0.py,"invalid non-printable character U+FEFF (<unknown>, line 1)"
,E:\football_v\00_SYSTEM_TOOLS\Module_Deployment_Tool\modules\deploy_backtest_system_V1.0.py,"invalid non-printable character U+FEFF (<unknown>, line 1)"
open,E:\football_v\00_SYSTEM_TOOLS\Module_Deployment_Tool\modules\deploy_backtest_system_V1.0_V1.3.py,
open,E:\football_v\00_SYSTEM_TOOLS\Module_Deployment_Tool\modules\deploy_backtest_system_V1.0_V1.3.py,
print,E:\football_v\00_SYSTEM_TOOLS\Module_Deployment_Tool\modules\deploy_backtest_system_V1.0_V1.3.py,
print,E:\football_v\00_SYSTEM_TOOLS\Module_Deployment_Tool\modules\deploy_backtest_system_V1.0_V1.3.py,
print,E:\football_v\00_SYSTEM_TOOLS\Module_Deployment_Tool\modules\deploy_backtest_system_V1.0_V1.3.py,
print,E:\football_v\00_SYSTEM_TOOLS\Module_Deployment_Tool\modules\deploy_backtest_system_V1.0_V1.3.py,
print,E:\football_v\00_SYSTEM_TOOLS\Module_Deployment_Tool\modules\deploy_backtest_system_V1.0_V1.3.py,
write_file,E:\football_v\00_SYSTEM_TOOLS\Module_Deployment_Tool\modules\deploy_backtest_system_V1.0_V1.3.py,
write_file,E:\football_v\00_SYSTEM_TOOLS\Module_Deployment_Tool\modules\deploy_backtest_system_V1.0_V1.3.py,
write_file,E:\football_v\00_SYSTEM_TOOLS\Module_Deployment_Tool\modules\deploy_backtest_system_V1.0_V1.3.py,
write_file,E:\football_v\00_SYSTEM_TOOLS\Module_Deployment_Tool\modules\deploy_backtest_system_V1.0_V1.3.py,
write_file,E:\football_v\00_SYSTEM_TOOLS\Module_Deployment_Tool\modules\deploy_backtest_system_V1.0_V1.3.py,
write_file,E:\football_v\00_SYSTEM_TOOLS\Module_Deployment_Tool\modules\deploy_backtest_system_V1.0_V1.3.py,
write_file,E:\football_v\00_SYSTEM_TOOLS\Module_Deployment_Tool\modules\deploy_backtest_system_V1.0_V1.3.py,
write_file,E:\football_v\00_SYSTEM_TOOLS\Module_Deployment_Tool\modules\deploy_backtest_system_V1.0_V1.3.py,
write_file,E:\football_v\00_SYSTEM_TOOLS\Module_Deployment_Tool\modules\deploy_backtest_system_V1.0_V1.3.py,
write_file,E:\football_v\00_SYSTEM_TOOLS\Module_Deployment_Tool\modules\deploy_backtest_system_V1.0_V1.3.py,
write_file,E:\football_v\00_SYSTEM_TOOLS\Module_Deployment_Tool\modules\deploy_backtest_system_V1.0_V1.3.py,
write_file,E:\football_v\00_SYSTEM_TOOLS\Module_Deployment_Tool\modules\deploy_backtest_system_V1.0_V1.3.py,
write_file,E:\football_v\00_SYSTEM_TOOLS\Module_Deployment_Tool\modules\deploy_backtest_system_V1.0_V1.3.py,
write_json,E:\football_v\00_SYSTEM_TOOLS\Module_Deployment_Tool\modules\deploy_backtest_system_V1.0_V1.3.py,
write_json,E:\football_v\00_SYSTEM_TOOLS\Module_Deployment_Tool\modules\deploy_backtest_system_V1.0_V1.3.py,
write_json,E:\football_v\00_SYSTEM_TOOLS\Module_Deployment_Tool\modules\deploy_backtest_system_V1.0_V1.3.py,
write_file,E:\football_v\00_SYSTEM_TOOLS\Module_Deployment_Tool\modules\deploy_backtest_system_V1.0_V1.3.py,
print,E:\football_v\00_SYSTEM_TOOLS\Module_Deployment_Tool\modules\deploy_backtest_system_V1.0_V1.3.py,
print,E:\football_v\00_SYSTEM_TOOLS\Module_Deployment_Tool\modules\deploy_backtest_system_V1.0_V1.3.py,
print,E:\football_v\00_SYSTEM_TOOLS\Module_Deployment_Tool\modules\deploy_backtest_system_V1.0_V1.3.py,
print,E:\football_v\00_SYSTEM_TOOLS\Module_Deployment_Tool\modules\deploy_backtest_system_V1.0_V1.3.py,
print,E:\football_v\00_SYSTEM_TOOLS\Module_Deployment_Tool\modules\deploy_backtest_system_V1.0_V1.3.py,
create_dir,E:\football_v\00_SYSTEM_TOOLS\Module_Deployment_Tool\modules\deploy_backtest_system_V1.0_V1.3.py,
open,E:\football_v\00_SYSTEM_TOOLS\Module_Deployment_Tool\modules\deploy_decision_engine_V1.0_V1.3.py,
open,E:\football_v\00_SYSTEM_TOOLS\Module_Deployment_Tool\modules\deploy_decision_engine_V1.0_V1.3.py,
print,E:\football_v\00_SYSTEM_TOOLS\Module_Deployment_Tool\modules\deploy_decision_engine_V1.0_V1.3.py,
print,E:\football_v\00_SYSTEM_TOOLS\Module_Deployment_Tool\modules\deploy_decision_engine_V1.0_V1.3.py,
print,E:\football_v\00_SYSTEM_TOOLS\Module_Deployment_Tool\modules\deploy_decision_engine_V1.0_V1.3.py,
print,E:\football_v\00_SYSTEM_TOOLS\Module_Deployment_Tool\modules\deploy_decision_engine_V1.0_V1.3.py,
print,E:\football_v\00_SYSTEM_TOOLS\Module_Deployment_Tool\modules\deploy_decision_engine_V1.0_V1.3.py,
write_file,E:\football_v\00_SYSTEM_TOOLS\Module_Deployment_Tool\modules\deploy_decision_engine_V1.0_V1.3.py,
write_file,E:\football_v\00_SYSTEM_TOOLS\Module_Deployment_Tool\modules\deploy_decision_engine_V1.0_V1.3.py,
write_file,E:\football_v\00_SYSTEM_TOOLS\Module_Deployment_Tool\modules\deploy_decision_engine_V1.0_V1.3.py,
write_file,E:\football_v\00_SYSTEM_TOOLS\Module_Deployment_Tool\modules\deploy_decision_engine_V1.0_V1.3.py,
write_file,E:\football_v\00_SYSTEM_TOOLS\Module_Deployment_Tool\modules\deploy_decision_engine_V1.0_V1.3.py,
write_file,E:\football_v\00_SYSTEM_TOOLS\Module_Deployment_Tool\modules\deploy_decision_engine_V1.0_V1.3.py,
write_file,E:\football_v\00_SYSTEM_TOOLS\Module_Deployment_Tool\modules\deploy_decision_engine_V1.0_V1.3.py,
write_file,E:\football_v\00_SYSTEM_TOOLS\Module_Deployment_Tool\modules\deploy_decision_engine_V1.0_V1.3.py,
write_file,E:\football_v\00_SYSTEM_TOOLS\Module_Deployment_Tool\modules\deploy_decision_engine_V1.0_V1.3.py,
write_file,E:\football_v\00_SYSTEM_TOOLS\Module_Deployment_Tool\modules\deploy_decision_engine_V1.0_V1.3.py,
write_file,E:\football_v\00_SYSTEM_TOOLS\Module_Deployment_Tool\modules\deploy_decision_engine_V1.0_V1.3.py,
write_json,E:\football_v\00_SYSTEM_TOOLS\Module_Deployment_Tool\modules\deploy_decision_engine_V1.0_V1.3.py,
write_json,E:\football_v\00_SYSTEM_TOOLS\Module_Deployment_Tool\modules\deploy_decision_engine_V1.0_V1.3.py,
write_json,E:\football_v\00_SYSTEM_TOOLS\Module_Deployment_Tool\modules\deploy_decision_engine_V1.0_V1.3.py,
write_file,E:\football_v\00_SYSTEM_TOOLS\Module_Deployment_Tool\modules\deploy_decision_engine_V1.0_V1.3.py,
print,E:\football_v\00_SYSTEM_TOOLS\Module_Deployment_Tool\modules\deploy_decision_engine_V1.0_V1.3.py,
print,E:\football_v\00_SYSTEM_TOOLS\Module_Deployment_Tool\modules\deploy_decision_engine_V1.0_V1.3.py,
print,E:\football_v\00_SYSTEM_TOOLS\Module_Deployment_Tool\modules\deploy_decision_engine_V1.0_V1.3.py,
print,E:\football_v\00_SYSTEM_TOOLS\Module_Deployment_Tool\modules\deploy_decision_engine_V1.0_V1.3.py,
print,E:\football_v\00_SYSTEM_TOOLS\Module_Deployment_Tool\modules\deploy_decision_engine_V1.0_V1.3.py,
create_dir,E:\football_v\00_SYSTEM_TOOLS\Module_Deployment_Tool\modules\deploy_decision_engine_V1.0_V1.3.py,
,E:\football_v\00_SYSTEM_TOOLS\Module_Deployment_Tool\modules\deploy_decision_intelligence_layer_test_V1.0.py,"invalid non-printable character U+FEFF (<unknown>, line 1)"
,E:\football_v\00_SYSTEM_TOOLS\Module_Deployment_Tool\modules\deploy_decision_intelligence_layer_V1.0.py,"invalid non-printable character U+FEFF (<unknown>, line 1)"
,E:\football_v\00_SYSTEM_TOOLS\Module_Deployment_Tool\modules\deploy_feature_store_test_V1.0.py,"invalid non-printable character U+FEFF (<unknown>, line 1)"
open,E:\football_v\00_SYSTEM_TOOLS\Module_Deployment_Tool\modules\deploy_feature_store_V1.0.py,
open,E:\football_v\00_SYSTEM_TOOLS\Module_Deployment_Tool\modules\deploy_feature_store_V1.0.py,
print,E:\football_v\00_SYSTEM_TOOLS\Module_Deployment_Tool\modules\deploy_feature_store_V1.0.py,
print,E:\football_v\00_SYSTEM_TOOLS\Module_Deployment_Tool\modules\deploy_feature_store_V1.0.py,
print,E:\football_v\00_SYSTEM_TOOLS\Module_Deployment_Tool\modules\deploy_feature_store_V1.0.py,
print,E:\football_v\00_SYSTEM_TOOLS\Module_Deployment_Tool\modules\deploy_feature_store_V1.0.py,
print,E:\football_v\00_SYSTEM_TOOLS\Module_Deployment_Tool\modules\deploy_feature_store_V1.0.py,
write_file,E:\football_v\00_SYSTEM_TOOLS\Module_Deployment_Tool\modules\deploy_feature_store_V1.0.py,
write_file,E:\football_v\00_SYSTEM_TOOLS\Module_Deployment_Tool\modules\deploy_feature_store_V1.0.py,
write_file,E:\football_v\00_SYSTEM_TOOLS\Module_Deployment_Tool\modules\deploy_feature_store_V1.0.py,
write_file,E:\football_v\00_SYSTEM_TOOLS\Module_Deployment_Tool\modules\deploy_feature_store_V1.0.py,
write_file,E:\football_v\00_SYSTEM_TOOLS\Module_Deployment_Tool\modules\deploy_feature_store_V1.0.py,
write_json,E:\football_v\00_SYSTEM_TOOLS\Module_Deployment_Tool\modules\deploy_feature_store_V1.0.py,
write_json,E:\football_v\00_SYSTEM_TOOLS\Module_Deployment_Tool\modules\deploy_feature_store_V1.0.py,
write_json,E:\football_v\00_SYSTEM_TOOLS\Module_Deployment_Tool\modules\deploy_feature_store_V1.0.py,
write_file,E:\football_v\00_SYSTEM_TOOLS\Module_Deployment_Tool\modules\deploy_feature_store_V1.0.py,
print,E:\football_v\00_SYSTEM_TOOLS\Module_Deployment_Tool\modules\deploy_feature_store_V1.0.py,
print,E:\football_v\00_SYSTEM_TOOLS\Module_Deployment_Tool\modules\deploy_feature_store_V1.0.py,
print,E:\football_v\00_SYSTEM_TOOLS\Module_Deployment_Tool\modules\deploy_feature_store_V1.0.py,
print,E:\football_v\00_SYSTEM_TOOLS\Module_Deployment_Tool\modules\deploy_feature_store_V1.0.py,
print,E:\football_v\00_SYSTEM_TOOLS\Module_Deployment_Tool\modules\deploy_feature_store_V1.0.py,
create_dir,E:\football_v\00_SYSTEM_TOOLS\Module_Deployment_Tool\modules\deploy_feature_store_V1.0.py,
write_file,E:\football_v\00_SYSTEM_TOOLS\Module_Deployment_Tool\modules\deploy_feature_store_V1.0.py,
str,E:\football_v\00_SYSTEM_TOOLS\Module_Deployment_Tool\modules\deploy_feature_store_V1.0.py,
str,E:\football_v\00_SYSTEM_TOOLS\Module_Deployment_Tool\modules\deploy_feature_store_V1.0.py,
open,E:\football_v\00_SYSTEM_TOOLS\Module_Deployment_Tool\modules\deploy_feature_store_V1.1.py,
open,E:\football_v\00_SYSTEM_TOOLS\Module_Deployment_Tool\modules\deploy_feature_store_V1.1.py,
print,E:\football_v\00_SYSTEM_TOOLS\Module_Deployment_Tool\modules\deploy_feature_store_V1.1.py,
print,E:\football_v\00_SYSTEM_TOOLS\Module_Deployment_Tool\modules\deploy_feature_store_V1.1.py,
print,E:\football_v\00_SYSTEM_TOOLS\Module_Deployment_Tool\modules\deploy_feature_store_V1.1.py,
print,E:\football_v\00_SYSTEM_TOOLS\Module_Deployment_Tool\modules\deploy_feature_store_V1.1.py,
print,E:\football_v\00_SYSTEM_TOOLS\Module_Deployment_Tool\modules\deploy_feature_store_V1.1.py,
write_file,E:\football_v\00_SYSTEM_TOOLS\Module_Deployment_Tool\modules\deploy_feature_store_V1.1.py,
write_file,E:\football_v\00_SYSTEM_TOOLS\Module_Deployment_Tool\modules\deploy_feature_store_V1.1.py,
write_file,E:\football_v\00_SYSTEM_TOOLS\Module_Deployment_Tool\modules\deploy_feature_store_V1.1.py,
write_file,E:\football_v\00_SYSTEM_TOOLS\Module_Deployment_Tool\modules\deploy_feature_store_V1.1.py,
write_json,E:\football_v\00_SYSTEM_TOOLS\Module_Deployment_Tool\modules\deploy_feature_store_V1.1.py,
write_json,E:\football_v\00_SYSTEM_TOOLS\Module_Deployment_Tool\modules\deploy_feature_store_V1.1.py,
write_file,E:\football_v\00_SYSTEM_TOOLS\Module_Deployment_Tool\modules\deploy_feature_store_V1.1.py,
print,E:\football_v\00_SYSTEM_TOOLS\Module_Deployment_Tool\modules\deploy_feature_store_V1.1.py,
print,E:\football_v\00_SYSTEM_TOOLS\Module_Deployment_Tool\modules\deploy_feature_store_V1.1.py,
print,E:\football_v\00_SYSTEM_TOOLS\Module_Deployment_Tool\modules\deploy_feature_store_V1.1.py,
print,E:\football_v\00_SYSTEM_TOOLS\Module_Deployment_Tool\modules\deploy_feature_store_V1.1.py,
create_dir,E:\football_v\00_SYSTEM_TOOLS\Module_Deployment_Tool\modules\deploy_feature_store_V1.1.py,
open,E:\football_v\00_SYSTEM_TOOLS\Module_Deployment_Tool\modules\deploy_feature_store_V1.2.py,
open,E:\football_v\00_SYSTEM_TOOLS\Module_Deployment_Tool\modules\deploy_feature_store_V1.2.py,
print,E:\football_v\00_SYSTEM_TOOLS\Module_Deployment_Tool\modules\deploy_feature_store_V1.2.py,
print,E:\football_v\00_SYSTEM_TOOLS\Module_Deployment_Tool\modules\deploy_feature_store_V1.2.py,
print,E:\football_v\00_SYSTEM_TOOLS\Module_Deployment_Tool\modules\deploy_feature_store_V1.2.py,
print,E:\football_v\00_SYSTEM_TOOLS\Module_Deployment_Tool\modules\deploy_feature_store_V1.2.py,
print,E:\football_v\00_SYSTEM_TOOLS\Module_Deployment_Tool\modules\deploy_feature_store_V1.2.py,
write_file,E:\football_v\00_SYSTEM_TOOLS\Module_Deployment_Tool\modules\deploy_feature_store_V1.2.py,
write_file,E:\football_v\00_SYSTEM_TOOLS\Module_Deployment_Tool\modules\deploy_feature_store_V1.2.py,
write_file,E:\football_v\00_SYSTEM_TOOLS\Module_Deployment_Tool\modules\deploy_feature_store_V1.2.py,
write_file,E:\football_v\00_SYSTEM_TOOLS\Module_Deployment_Tool\modules\deploy_feature_store_V1.2.py,
write_json,E:\football_v\00_SYSTEM_TOOLS\Module_Deployment_Tool\modules\deploy_feature_store_V1.2.py,
write_json,E:\football_v\00_SYSTEM_TOOLS\Module_Deployment_Tool\modules\deploy_feature_store_V1.2.py,
write_file,E:\football_v\00_SYSTEM_TOOLS\Module_Deployment_Tool\modules\deploy_feature_store_V1.2.py,
print,E:\football_v\00_SYSTEM_TOOLS\Module_Deployment_Tool\modules\deploy_feature_store_V1.2.py,
print,E:\football_v\00_SYSTEM_TOOLS\Module_Deployment_Tool\modules\deploy_feature_store_V1.2.py,
print,E:\football_v\00_SYSTEM_TOOLS\Module_Deployment_Tool\modules\deploy_feature_store_V1.2.py,
print,E:\football_v\00_SYSTEM_TOOLS\Module_Deployment_Tool\modules\deploy_feature_store_V1.2.py,
print,E:\football_v\00_SYSTEM_TOOLS\Module_Deployment_Tool\modules\deploy_feature_store_V1.2.py,
create_dir,E:\football_v\00_SYSTEM_TOOLS\Module_Deployment_Tool\modules\deploy_feature_store_V1.2.py,
open,E:\football_v\00_SYSTEM_TOOLS\Module_Deployment_Tool\modules\deploy_feature_store_V1.3.py,
open,E:\football_v\00_SYSTEM_TOOLS\Module_Deployment_Tool\modules\deploy_feature_store_V1.3.py,
print,E:\football_v\00_SYSTEM_TOOLS\Module_Deployment_Tool\modules\deploy_feature_store_V1.3.py,
print,E:\football_v\00_SYSTEM_TOOLS\Module_Deployment_Tool\modules\deploy_feature_store_V1.3.py,
print,E:\football_v\00_SYSTEM_TOOLS\Module_Deployment_Tool\modules\deploy_feature_store_V1.3.py,
print,E:\football_v\00_SYSTEM_TOOLS\Module_Deployment_Tool\modules\deploy_feature_store_V1.3.py,
print,E:\football_v\00_SYSTEM_TOOLS\Module_Deployment_Tool\modules\deploy_feature_store_V1.3.py,
write_file,E:\football_v\00_SYSTEM_TOOLS\Module_Deployment_Tool\modules\deploy_feature_store_V1.3.py,
write_file,E:\football_v\00_SYSTEM_TOOLS\Module_Deployment_Tool\modules\deploy_feature_store_V1.3.py,
write_file,E:\football_v\00_SYSTEM_TOOLS\Module_Deployment_Tool\modules\deploy_feature_store_V1.3.py,
write_file,E:\football_v\00_SYSTEM_TOOLS\Module_Deployment_Tool\modules\deploy_feature_store_V1.3.py,
write_json,E:\football_v\00_SYSTEM_TOOLS\Module_Deployment_Tool\modules\deploy_feature_store_V1.3.py,
write_json,E:\football_v\00_SYSTEM_TOOLS\Module_Deployment_Tool\modules\deploy_feature_store_V1.3.py,
write_file,E:\football_v\00_SYSTEM_TOOLS\Module_Deployment_Tool\modules\deploy_feature_store_V1.3.py,
print,E:\football_v\00_SYSTEM_TOOLS\Module_Deployment_Tool\modules\deploy_feature_store_V1.3.py,
print,E:\football_v\00_SYSTEM_TOOLS\Module_Deployment_Tool\modules\deploy_feature_store_V1.3.py,
print,E:\football_v\00_SYSTEM_TOOLS\Module_Deployment_Tool\modules\deploy_feature_store_V1.3.py,
print,E:\football_v\00_SYSTEM_TOOLS\Module_Deployment_Tool\modules\deploy_feature_store_V1.3.py,
print,E:\football_v\00_SYSTEM_TOOLS\Module_Deployment_Tool\modules\deploy_feature_store_V1.3.py,
create_dir,E:\football_v\00_SYSTEM_TOOLS\Module_Deployment_Tool\modules\deploy_feature_store_V1.3.py,
open,E:\football_v\00_SYSTEM_TOOLS\Module_Deployment_Tool\modules\deploy_feature_store_V1.4.py,
open,E:\football_v\00_SYSTEM_TOOLS\Module_Deployment_Tool\modules\deploy_feature_store_V1.4.py,
print,E:\football_v\00_SYSTEM_TOOLS\Module_Deployment_Tool\modules\deploy_feature_store_V1.4.py,
print,E:\football_v\00_SYSTEM_TOOLS\Module_Deployment_Tool\modules\deploy_feature_store_V1.4.py,
print,E:\football_v\00_SYSTEM_TOOLS\Module_Deployment_Tool\modules\deploy_feature_store_V1.4.py,
print,E:\football_v\00_SYSTEM_TOOLS\Module_Deployment_Tool\modules\deploy_feature_store_V1.4.py,
print,E:\football_v\00_SYSTEM_TOOLS\Module_Deployment_Tool\modules\deploy_feature_store_V1.4.py,
write_file,E:\football_v\00_SYSTEM_TOOLS\Module_Deployment_Tool\modules\deploy_feature_store_V1.4.py,
write_file,E:\football_v\00_SYSTEM_TOOLS\Module_Deployment_Tool\modules\deploy_feature_store_V1.4.py,
write_file,E:\football_v\00_SYSTEM_TOOLS\Module_Deployment_Tool\modules\deploy_feature_store_V1.4.py,
write_file,E:\football_v\00_SYSTEM_TOOLS\Module_Deployment_Tool\modules\deploy_feature_store_V1.4.py,
write_json,E:\football_v\00_SYSTEM_TOOLS\Module_Deployment_Tool\modules\deploy_feature_store_V1.4.py,
write_json,E:\football_v\00_SYSTEM_TOOLS\Module_Deployment_Tool\modules\deploy_feature_store_V1.4.py,
write_json,E:\football_v\00_SYSTEM_TOOLS\Module_Deployment_Tool\modules\deploy_feature_store_V1.4.py,
write_file,E:\football_v\00_SYSTEM_TOOLS\Module_Deployment_Tool\modules\deploy_feature_store_V1.4.py,
print,E:\football_v\00_SYSTEM_TOOLS\Module_Deployment_Tool\modules\deploy_feature_store_V1.4.py,
print,E:\football_v\00_SYSTEM_TOOLS\Module_Deployment_Tool\modules\deploy_feature_store_V1.4.py,
print,E:\football_v\00_SYSTEM_TOOLS\Module_Deployment_Tool\modules\deploy_feature_store_V1.4.py,
print,E:\football_v\00_SYSTEM_TOOLS\Module_Deployment_Tool\modules\deploy_feature_store_V1.4.py,
print,E:\football_v\00_SYSTEM_TOOLS\Module_Deployment_Tool\modules\deploy_feature_store_V1.4.py,
create_dir,E:\football_v\00_SYSTEM_TOOLS\Module_Deployment_Tool\modules\deploy_feature_store_V1.4.py,
create_dir,E:\football_v\00_SYSTEM_TOOLS\Module_Deployment_Tool\modules\deploy_feature_store_V1.4.py,
open,E:\football_v\00_SYSTEM_TOOLS\Module_Deployment_Tool\modules\deploy_feature_store_V1.5.py,
open,E:\football_v\00_SYSTEM_TOOLS\Module_Deployment_Tool\modules\deploy_feature_store_V1.5.py,
print,E:\football_v\00_SYSTEM_TOOLS\Module_Deployment_Tool\modules\deploy_feature_store_V1.5.py,
print,E:\football_v\00_SYSTEM_TOOLS\Module_Deployment_Tool\modules\deploy_feature_store_V1.5.py,
print,E:\football_v\00_SYSTEM_TOOLS\Module_Deployment_Tool\modules\deploy_feature_store_V1.5.py,
print,E:\football_v\00_SYSTEM_TOOLS\Module_Deployment_Tool\modules\deploy_feature_store_V1.5.py,
print,E:\football_v\00_SYSTEM_TOOLS\Module_Deployment_Tool\modules\deploy_feature_store_V1.5.py,
write_file,E:\football_v\00_SYSTEM_TOOLS\Module_Deployment_Tool\modules\deploy_feature_store_V1.5.py,
write_file,E:\football_v\00_SYSTEM_TOOLS\Module_Deployment_Tool\modules\deploy_feature_store_V1.5.py,
write_file,E:\football_v\00_SYSTEM_TOOLS\Module_Deployment_Tool\modules\deploy_feature_store_V1.5.py,
write_file,E:\football_v\00_SYSTEM_TOOLS\Module_Deployment_Tool\modules\deploy_feature_store_V1.5.py,
write_json,E:\football_v\00_SYSTEM_TOOLS\Module_Deployment_Tool\modules\deploy_feature_store_V1.5.py,
write_json,E:\football_v\00_SYSTEM_TOOLS\Module_Deployment_Tool\modules\deploy_feature_store_V1.5.py,
write_file,E:\football_v\00_SYSTEM_TOOLS\Module_Deployment_Tool\modules\deploy_feature_store_V1.5.py,
print,E:\football_v\00_SYSTEM_TOOLS\Module_Deployment_Tool\modules\deploy_feature_store_V1.5.py,
print,E:\football_v\00_SYSTEM_TOOLS\Module_Deployment_Tool\modules\deploy_feature_store_V1.5.py,
print,E:\football_v\00_SYSTEM_TOOLS\Module_Deployment_Tool\modules\deploy_feature_store_V1.5.py,
print,E:\football_v\00_SYSTEM_TOOLS\Module_Deployment_Tool\modules\deploy_feature_store_V1.5.py,
print,E:\football_v\00_SYSTEM_TOOLS\Module_Deployment_Tool\modules\deploy_feature_store_V1.5.py,
create_dir,E:\football_v\00_SYSTEM_TOOLS\Module_Deployment_Tool\modules\deploy_feature_store_V1.5.py,
open,E:\football_v\00_SYSTEM_TOOLS\Module_Deployment_Tool\modules\deploy_feature_store_V1.6.py,
open,E:\football_v\00_SYSTEM_TOOLS\Module_Deployment_Tool\modules\deploy_feature_store_V1.6.py,
print,E:\football_v\00_SYSTEM_TOOLS\Module_Deployment_Tool\modules\deploy_feature_store_V1.6.py,
print,E:\football_v\00_SYSTEM_TOOLS\Module_Deployment_Tool\modules\deploy_feature_store_V1.6.py,
print,E:\football_v\00_SYSTEM_TOOLS\Module_Deployment_Tool\modules\deploy_feature_store_V1.6.py,
print,E:\football_v\00_SYSTEM_TOOLS\Module_Deployment_Tool\modules\deploy_feature_store_V1.6.py,
print,E:\football_v\00_SYSTEM_TOOLS\Module_Deployment_Tool\modules\deploy_feature_store_V1.6.py,
write_file,E:\football_v\00_SYSTEM_TOOLS\Module_Deployment_Tool\modules\deploy_feature_store_V1.6.py,
write_file,E:\football_v\00_SYSTEM_TOOLS\Module_Deployment_Tool\modules\deploy_feature_store_V1.6.py,
write_file,E:\football_v\00_SYSTEM_TOOLS\Module_Deployment_Tool\modules\deploy_feature_store_V1.6.py,
write_file,E:\football_v\00_SYSTEM_TOOLS\Module_Deployment_Tool\modules\deploy_feature_store_V1.6.py,
write_file,E:\football_v\00_SYSTEM_TOOLS\Module_Deployment_Tool\modules\deploy_feature_store_V1.6.py,
write_file,E:\football_v\00_SYSTEM_TOOLS\Module_Deployment_Tool\modules\deploy_feature_store_V1.6.py,
write_file,E:\football_v\00_SYSTEM_TOOLS\Module_Deployment_Tool\modules\deploy_feature_store_V1.6.py,
write_json,E:\football_v\00_SYSTEM_TOOLS\Module_Deployment_Tool\modules\deploy_feature_store_V1.6.py,
write_file,E:\football_v\00_SYSTEM_TOOLS\Module_Deployment_Tool\modules\deploy_feature_store_V1.6.py,
print,E:\football_v\00_SYSTEM_TOOLS\Module_Deployment_Tool\modules\deploy_feature_store_V1.6.py,
print,E:\football_v\00_SYSTEM_TOOLS\Module_Deployment_Tool\modules\deploy_feature_store_V1.6.py,
print,E:\football_v\00_SYSTEM_TOOLS\Module_Deployment_Tool\modules\deploy_feature_store_V1.6.py,
print,E:\football_v\00_SYSTEM_TOOLS\Module_Deployment_Tool\modules\deploy_feature_store_V1.6.py,
print,E:\football_v\00_SYSTEM_TOOLS\Module_Deployment_Tool\modules\deploy_feature_store_V1.6.py,
create_dir,E:\football_v\00_SYSTEM_TOOLS\Module_Deployment_Tool\modules\deploy_feature_store_V1.6.py,
open,E:\football_v\00_SYSTEM_TOOLS\Module_Deployment_Tool\modules\deploy_feature_store_V1.7.py,
open,E:\football_v\00_SYSTEM_TOOLS\Module_Deployment_Tool\modules\deploy_feature_store_V1.7.py,
print,E:\football_v\00_SYSTEM_TOOLS\Module_Deployment_Tool\modules\deploy_feature_store_V1.7.py,
print,E:\football_v\00_SYSTEM_TOOLS\Module_Deployment_Tool\modules\deploy_feature_store_V1.7.py,
print,E:\football_v\00_SYSTEM_TOOLS\Module_Deployment_Tool\modules\deploy_feature_store_V1.7.py,
print,E:\football_v\00_SYSTEM_TOOLS\Module_Deployment_Tool\modules\deploy_feature_store_V1.7.py,
print,E:\football_v\00_SYSTEM_TOOLS\Module_Deployment_Tool\modules\deploy_feature_store_V1.7.py,
write_file,E:\football_v\00_SYSTEM_TOOLS\Module_Deployment_Tool\modules\deploy_feature_store_V1.7.py,
write_file,E:\football_v\00_SYSTEM_TOOLS\Module_Deployment_Tool\modules\deploy_feature_store_V1.7.py,
write_file,E:\football_v\00_SYSTEM_TOOLS\Module_Deployment_Tool\modules\deploy_feature_store_V1.7.py,
write_file,E:\football_v\00_SYSTEM_TOOLS\Module_Deployment_Tool\modules\deploy_feature_store_V1.7.py,
write_json,E:\football_v\00_SYSTEM_TOOLS\Module_Deployment_Tool\modules\deploy_feature_store_V1.7.py,
write_json,E:\football_v\00_SYSTEM_TOOLS\Module_Deployment_Tool\modules\deploy_feature_store_V1.7.py,
write_file,E:\football_v\00_SYSTEM_TOOLS\Module_Deployment_Tool\modules\deploy_feature_store_V1.7.py,
print,E:\football_v\00_SYSTEM_TOOLS\Module_Deployment_Tool\modules\deploy_feature_store_V1.7.py,
print,E:\football_v\00_SYSTEM_TOOLS\Module_Deployment_Tool\modules\deploy_feature_store_V1.7.py,
print,E:\football_v\00_SYSTEM_TOOLS\Module_Deployment_Tool\modules\deploy_feature_store_V1.7.py,
print,E:\football_v\00_SYSTEM_TOOLS\Module_Deployment_Tool\modules\deploy_feature_store_V1.7.py,
print,E:\football_v\00_SYSTEM_TOOLS\Module_Deployment_Tool\modules\deploy_feature_store_V1.7.py,
create_dir,E:\football_v\00_SYSTEM_TOOLS\Module_Deployment_Tool\modules\deploy_feature_store_V1.7.py,
open,E:\football_v\00_SYSTEM_TOOLS\Module_Deployment_Tool\modules\deploy_feature_store_V1.8.py,
open,E:\football_v\00_SYSTEM_TOOLS\Module_Deployment_Tool\modules\deploy_feature_store_V1.8.py,
print,E:\football_v\00_SYSTEM_TOOLS\Module_Deployment_Tool\modules\deploy_feature_store_V1.8.py,
print,E:\football_v\00_SYSTEM_TOOLS\Module_Deployment_Tool\modules\deploy_feature_store_V1.8.py,
print,E:\football_v\00_SYSTEM_TOOLS\Module_Deployment_Tool\modules\deploy_feature_store_V1.8.py,
print,E:\football_v\00_SYSTEM_TOOLS\Module_Deployment_Tool\modules\deploy_feature_store_V1.8.py,
print,E:\football_v\00_SYSTEM_TOOLS\Module_Deployment_Tool\modules\deploy_feature_store_V1.8.py,
write_file,E:\football_v\00_SYSTEM_TOOLS\Module_Deployment_Tool\modules\deploy_feature_store_V1.8.py,
write_file,E:\football_v\00_SYSTEM_TOOLS\Module_Deployment_Tool\modules\deploy_feature_store_V1.8.py,
write_file,E:\football_v\00_SYSTEM_TOOLS\Module_Deployment_Tool\modules\deploy_feature_store_V1.8.py,
write_file,E:\football_v\00_SYSTEM_TOOLS\Module_Deployment_Tool\modules\deploy_feature_store_V1.8.py,
write_json,E:\football_v\00_SYSTEM_TOOLS\Module_Deployment_Tool\modules\deploy_feature_store_V1.8.py,
write_json,E:\football_v\00_SYSTEM_TOOLS\Module_Deployment_Tool\modules\deploy_feature_store_V1.8.py,
write_file,E:\football_v\00_SYSTEM_TOOLS\Module_Deployment_Tool\modules\deploy_feature_store_V1.8.py,
print,E:\football_v\00_SYSTEM_TOOLS\Module_Deployment_Tool\modules\deploy_feature_store_V1.8.py,
print,E:\football_v\00_SYSTEM_TOOLS\Module_Deployment_Tool\modules\deploy_feature_store_V1.8.py,
print,E:\football_v\00_SYSTEM_TOOLS\Module_Deployment_Tool\modules\deploy_feature_store_V1.8.py,
print,E:\football_v\00_SYSTEM_TOOLS\Module_Deployment_Tool\modules\deploy_feature_store_V1.8.py,
print,E:\football_v\00_SYSTEM_TOOLS\Module_Deployment_Tool\modules\deploy_feature_store_V1.8.py,
create_dir,E:\football_v\00_SYSTEM_TOOLS\Module_Deployment_Tool\modules\deploy_feature_store_V1.8.py,
open,E:\football_v\00_SYSTEM_TOOLS\Module_Deployment_Tool\modules\deploy_feature_store_V1.9.py,
open,E:\football_v\00_SYSTEM_TOOLS\Module_Deployment_Tool\modules\deploy_feature_store_V1.9.py,
print,E:\football_v\00_SYSTEM_TOOLS\Module_Deployment_Tool\modules\deploy_feature_store_V1.9.py,
print,E:\football_v\00_SYSTEM_TOOLS\Module_Deployment_Tool\modules\deploy_feature_store_V1.9.py,
print,E:\football_v\00_SYSTEM_TOOLS\Module_Deployment_Tool\modules\deploy_feature_store_V1.9.py,
print,E:\football_v\00_SYSTEM_TOOLS\Module_Deployment_Tool\modules\deploy_feature_store_V1.9.py,
print,E:\football_v\00_SYSTEM_TOOLS\Module_Deployment_Tool\modules\deploy_feature_store_V1.9.py,
write_file,E:\football_v\00_SYSTEM_TOOLS\Module_Deployment_Tool\modules\deploy_feature_store_V1.9.py,
write_file,E:\football_v\00_SYSTEM_TOOLS\Module_Deployment_Tool\modules\deploy_feature_store_V1.9.py,
write_file,E:\football_v\00_SYSTEM_TOOLS\Module_Deployment_Tool\modules\deploy_feature_store_V1.9.py,
write_file,E:\football_v\00_SYSTEM_TOOLS\Module_Deployment_Tool\modules\deploy_feature_store_V1.9.py,
write_file,E:\football_v\00_SYSTEM_TOOLS\Module_Deployment_Tool\modules\deploy_feature_store_V1.9.py,
write_file,E:\football_v\00_SYSTEM_TOOLS\Module_Deployment_Tool\modules\deploy_feature_store_V1.9.py,
write_json,E:\football_v\00_SYSTEM_TOOLS\Module_Deployment_Tool\modules\deploy_feature_store_V1.9.py,
write_json,E:\football_v\00_SYSTEM_TOOLS\Module_Deployment_Tool\modules\deploy_feature_store_V1.9.py,
write_file,E:\football_v\00_SYSTEM_TOOLS\Module_Deployment_Tool\modules\deploy_feature_store_V1.9.py,
print,E:\football_v\00_SYSTEM_TOOLS\Module_Deployment_Tool\modules\deploy_feature_store_V1.9.py,
print,E:\football_v\00_SYSTEM_TOOLS\Module_Deployment_Tool\modules\deploy_feature_store_V1.9.py,
print,E:\football_v\00_SYSTEM_TOOLS\Module_Deployment_Tool\modules\deploy_feature_store_V1.9.py,
print,E:\football_v\00_SYSTEM_TOOLS\Module_Deployment_Tool\modules\deploy_feature_store_V1.9.py,
print,E:\football_v\00_SYSTEM_TOOLS\Module_Deployment_Tool\modules\deploy_feature_store_V1.9.py,
create_dir,E:\football_v\00_SYSTEM_TOOLS\Module_Deployment_Tool\modules\deploy_feature_store_V1.9.py,
open,E:\football_v\00_SYSTEM_TOOLS\Module_Deployment_Tool\modules\deploy_feature_store_V2.0.py,
open,E:\football_v\00_SYSTEM_TOOLS\Module_Deployment_Tool\modules\deploy_feature_store_V2.0.py,
print,E:\football_v\00_SYSTEM_TOOLS\Module_Deployment_Tool\modules\deploy_feature_store_V2.0.py,
print,E:\football_v\00_SYSTEM_TOOLS\Module_Deployment_Tool\modules\deploy_feature_store_V2.0.py,
print,E:\football_v\00_SYSTEM_TOOLS\Module_Deployment_Tool\modules\deploy_feature_store_V2.0.py,
print,E:\football_v\00_SYSTEM_TOOLS\Module_Deployment_Tool\modules\deploy_feature_store_V2.0.py,
print,E:\football_v\00_SYSTEM_TOOLS\Module_Deployment_Tool\modules\deploy_feature_store_V2.0.py,
write_file,E:\football_v\00_SYSTEM_TOOLS\Module_Deployment_Tool\modules\deploy_feature_store_V2.0.py,
write_file,E:\football_v\00_SYSTEM_TOOLS\Module_Deployment_Tool\modules\deploy_feature_store_V2.0.py,
write_file,E:\football_v\00_SYSTEM_TOOLS\Module_Deployment_Tool\modules\deploy_feature_store_V2.0.py,
write_file,E:\football_v\00_SYSTEM_TOOLS\Module_Deployment_Tool\modules\deploy_feature_store_V2.0.py,
write_json,E:\football_v\00_SYSTEM_TOOLS\Module_Deployment_Tool\modules\deploy_feature_store_V2.0.py,
write_json,E:\football_v\00_SYSTEM_TOOLS\Module_Deployment_Tool\modules\deploy_feature_store_V2.0.py,
write_json,E:\football_v\00_SYSTEM_TOOLS\Module_Deployment_Tool\modules\deploy_feature_store_V2.0.py,
write_file,E:\football_v\00_SYSTEM_TOOLS\Module_Deployment_Tool\modules\deploy_feature_store_V2.0.py,
print,E:\football_v\00_SYSTEM_TOOLS\Module_Deployment_Tool\modules\deploy_feature_store_V2.0.py,
print,E:\football_v\00_SYSTEM_TOOLS\Module_Deployment_Tool\modules\deploy_feature_store_V2.0.py,
print,E:\football_v\00_SYSTEM_TOOLS\Module_Deployment_Tool\modules\deploy_feature_store_V2.0.py,
print,E:\football_v\00_SYSTEM_TOOLS\Module_Deployment_Tool\modules\deploy_feature_store_V2.0.py,
print,E:\football_v\00_SYSTEM_TOOLS\Module_Deployment_Tool\modules\deploy_feature_store_V2.0.py,
create_dir,E:\football_v\00_SYSTEM_TOOLS\Module_Deployment_Tool\modules\deploy_feature_store_V2.0.py,
open,E:\football_v\00_SYSTEM_TOOLS\Module_Deployment_Tool\modules\deploy_feature_store_V2.1.py,
open,E:\football_v\00_SYSTEM_TOOLS\Module_Deployment_Tool\modules\deploy_feature_store_V2.1.py,
print,E:\football_v\00_SYSTEM_TOOLS\Module_Deployment_Tool\modules\deploy_feature_store_V2.1.py,
print,E:\football_v\00_SYSTEM_TOOLS\Module_Deployment_Tool\modules\deploy_feature_store_V2.1.py,
print,E:\football_v\00_SYSTEM_TOOLS\Module_Deployment_Tool\modules\deploy_feature_store_V2.1.py,
print,E:\football_v\00_SYSTEM_TOOLS\Module_Deployment_Tool\modules\deploy_feature_store_V2.1.py,
print,E:\football_v\00_SYSTEM_TOOLS\Module_Deployment_Tool\modules\deploy_feature_store_V2.1.py,
write_file,E:\football_v\00_SYSTEM_TOOLS\Module_Deployment_Tool\modules\deploy_feature_store_V2.1.py,
write_file,E:\football_v\00_SYSTEM_TOOLS\Module_Deployment_Tool\modules\deploy_feature_store_V2.1.py,
write_file,E:\football_v\00_SYSTEM_TOOLS\Module_Deployment_Tool\modules\deploy_feature_store_V2.1.py,
write_file,E:\football_v\00_SYSTEM_TOOLS\Module_Deployment_Tool\modules\deploy_feature_store_V2.1.py,
write_file,E:\football_v\00_SYSTEM_TOOLS\Module_Deployment_Tool\modules\deploy_feature_store_V2.1.py,
write_json,E:\football_v\00_SYSTEM_TOOLS\Module_Deployment_Tool\modules\deploy_feature_store_V2.1.py,
write_json,E:\football_v\00_SYSTEM_TOOLS\Module_Deployment_Tool\modules\deploy_feature_store_V2.1.py,
write_file,E:\football_v\00_SYSTEM_TOOLS\Module_Deployment_Tool\modules\deploy_feature_store_V2.1.py,
print,E:\football_v\00_SYSTEM_TOOLS\Module_Deployment_Tool\modules\deploy_feature_store_V2.1.py,
print,E:\football_v\00_SYSTEM_TOOLS\Module_Deployment_Tool\modules\deploy_feature_store_V2.1.py,
print,E:\football_v\00_SYSTEM_TOOLS\Module_Deployment_Tool\modules\deploy_feature_store_V2.1.py,
print,E:\football_v\00_SYSTEM_TOOLS\Module_Deployment_Tool\modules\deploy_feature_store_V2.1.py,
print,E:\football_v\00_SYSTEM_TOOLS\Module_Deployment_Tool\modules\deploy_feature_store_V2.1.py,
create_dir,E:\football_v\00_SYSTEM_TOOLS\Module_Deployment_Tool\modules\deploy_feature_store_V2.1.py,
open,E:\football_v\00_SYSTEM_TOOLS\Module_Deployment_Tool\modules\deploy_feature_store_V2.2.py,
open,E:\football_v\00_SYSTEM_TOOLS\Module_Deployment_Tool\modules\deploy_feature_store_V2.2.py,
print,E:\football_v\00_SYSTEM_TOOLS\Module_Deployment_Tool\modules\deploy_feature_store_V2.2.py,
print,E:\football_v\00_SYSTEM_TOOLS\Module_Deployment_Tool\modules\deploy_feature_store_V2.2.py,
print,E:\football_v\00_SYSTEM_TOOLS\Module_Deployment_Tool\modules\deploy_feature_store_V2.2.py,
print,E:\football_v\00_SYSTEM_TOOLS\Module_Deployment_Tool\modules\deploy_feature_store_V2.2.py,
print,E:\football_v\00_SYSTEM_TOOLS\Module_Deployment_Tool\modules\deploy_feature_store_V2.2.py,
write_file,E:\football_v\00_SYSTEM_TOOLS\Module_Deployment_Tool\modules\deploy_feature_store_V2.2.py,
write_file,E:\football_v\00_SYSTEM_TOOLS\Module_Deployment_Tool\modules\deploy_feature_store_V2.2.py,
write_file,E:\football_v\00_SYSTEM_TOOLS\Module_Deployment_Tool\modules\deploy_feature_store_V2.2.py,
write_file,E:\football_v\00_SYSTEM_TOOLS\Module_Deployment_Tool\modules\deploy_feature_store_V2.2.py,
write_file,E:\football_v\00_SYSTEM_TOOLS\Module_Deployment_Tool\modules\deploy_feature_store_V2.2.py,
write_json,E:\football_v\00_SYSTEM_TOOLS\Module_Deployment_Tool\modules\deploy_feature_store_V2.2.py,
write_json,E:\football_v\00_SYSTEM_TOOLS\Module_Deployment_Tool\modules\deploy_feature_store_V2.2.py,
write_json,E:\football_v\00_SYSTEM_TOOLS\Module_Deployment_Tool\modules\deploy_feature_store_V2.2.py,
write_file,E:\football_v\00_SYSTEM_TOOLS\Module_Deployment_Tool\modules\deploy_feature_store_V2.2.py,
print,E:\football_v\00_SYSTEM_TOOLS\Module_Deployment_Tool\modules\deploy_feature_store_V2.2.py,
print,E:\football_v\00_SYSTEM_TOOLS\Module_Deployment_Tool\modules\deploy_feature_store_V2.2.py,
print,E:\football_v\00_SYSTEM_TOOLS\Module_Deployment_Tool\modules\deploy_feature_store_V2.2.py,
print,E:\football_v\00_SYSTEM_TOOLS\Module_Deployment_Tool\modules\deploy_feature_store_V2.2.py,
print,E:\football_v\00_SYSTEM_TOOLS\Module_Deployment_Tool\modules\deploy_feature_store_V2.2.py,
create_dir,E:\football_v\00_SYSTEM_TOOLS\Module_Deployment_Tool\modules\deploy_feature_store_V2.2.py,
open,E:\football_v\00_SYSTEM_TOOLS\Module_Deployment_Tool\modules\deploy_feature_store_V2.3.py,
open,E:\football_v\00_SYSTEM_TOOLS\Module_Deployment_Tool\modules\deploy_feature_store_V2.3.py,
print,E:\football_v\00_SYSTEM_TOOLS\Module_Deployment_Tool\modules\deploy_feature_store_V2.3.py,
print,E:\football_v\00_SYSTEM_TOOLS\Module_Deployment_Tool\modules\deploy_feature_store_V2.3.py,
print,E:\football_v\00_SYSTEM_TOOLS\Module_Deployment_Tool\modules\deploy_feature_store_V2.3.py,
print,E:\football_v\00_SYSTEM_TOOLS\Module_Deployment_Tool\modules\deploy_feature_store_V2.3.py,
print,E:\football_v\00_SYSTEM_TOOLS\Module_Deployment_Tool\modules\deploy_feature_store_V2.3.py,
write_file,E:\football_v\00_SYSTEM_TOOLS\Module_Deployment_Tool\modules\deploy_feature_store_V2.3.py,
write_file,E:\football_v\00_SYSTEM_TOOLS\Module_Deployment_Tool\modules\deploy_feature_store_V2.3.py,
write_file,E:\football_v\00_SYSTEM_TOOLS\Module_Deployment_Tool\modules\deploy_feature_store_V2.3.py,
write_file,E:\football_v\00_SYSTEM_TOOLS\Module_Deployment_Tool\modules\deploy_feature_store_V2.3.py,
write_file,E:\football_v\00_SYSTEM_TOOLS\Module_Deployment_Tool\modules\deploy_feature_store_V2.3.py,
write_json,E:\football_v\00_SYSTEM_TOOLS\Module_Deployment_Tool\modules\deploy_feature_store_V2.3.py,
write_json,E:\football_v\00_SYSTEM_TOOLS\Module_Deployment_Tool\modules\deploy_feature_store_V2.3.py,
write_json,E:\football_v\00_SYSTEM_TOOLS\Module_Deployment_Tool\modules\deploy_feature_store_V2.3.py,
write_file,E:\football_v\00_SYSTEM_TOOLS\Module_Deployment_Tool\modules\deploy_feature_store_V2.3.py,
print,E:\football_v\00_SYSTEM_TOOLS\Module_Deployment_Tool\modules\deploy_feature_store_V2.3.py,
print,E:\football_v\00_SYSTEM_TOOLS\Module_Deployment_Tool\modules\deploy_feature_store_V2.3.py,
print,E:\football_v\00_SYSTEM_TOOLS\Module_Deployment_Tool\modules\deploy_feature_store_V2.3.py,
print,E:\football_v\00_SYSTEM_TOOLS\Module_Deployment_Tool\modules\deploy_feature_store_V2.3.py,
print,E:\football_v\00_SYSTEM_TOOLS\Module_Deployment_Tool\modules\deploy_feature_store_V2.3.py,
create_dir,E:\football_v\00_SYSTEM_TOOLS\Module_Deployment_Tool\modules\deploy_feature_store_V2.3.py,
open,E:\football_v\00_SYSTEM_TOOLS\Module_Deployment_Tool\modules\deploy_feature_store_V2.4_V2.6.py,
open,E:\football_v\00_SYSTEM_TOOLS\Module_Deployment_Tool\modules\deploy_feature_store_V2.4_V2.6.py,
print,E:\football_v\00_SYSTEM_TOOLS\Module_Deployment_Tool\modules\deploy_feature_store_V2.4_V2.6.py,
print,E:\football_v\00_SYSTEM_TOOLS\Module_Deployment_Tool\modules\deploy_feature_store_V2.4_V2.6.py,
print,E:\football_v\00_SYSTEM_TOOLS\Module_Deployment_Tool\modules\deploy_feature_store_V2.4_V2.6.py,
print,E:\football_v\00_SYSTEM_TOOLS\Module_Deployment_Tool\modules\deploy_feature_store_V2.4_V2.6.py,
print,E:\football_v\00_SYSTEM_TOOLS\Module_Deployment_Tool\modules\deploy_feature_store_V2.4_V2.6.py,
write_file,E:\football_v\00_SYSTEM_TOOLS\Module_Deployment_Tool\modules\deploy_feature_store_V2.4_V2.6.py,
write_file,E:\football_v\00_SYSTEM_TOOLS\Module_Deployment_Tool\modules\deploy_feature_store_V2.4_V2.6.py,
write_file,E:\football_v\00_SYSTEM_TOOLS\Module_Deployment_Tool\modules\deploy_feature_store_V2.4_V2.6.py,
write_file,E:\football_v\00_SYSTEM_TOOLS\Module_Deployment_Tool\modules\deploy_feature_store_V2.4_V2.6.py,
write_file,E:\football_v\00_SYSTEM_TOOLS\Module_Deployment_Tool\modules\deploy_feature_store_V2.4_V2.6.py,
write_file,E:\football_v\00_SYSTEM_TOOLS\Module_Deployment_Tool\modules\deploy_feature_store_V2.4_V2.6.py,
write_file,E:\football_v\00_SYSTEM_TOOLS\Module_Deployment_Tool\modules\deploy_feature_store_V2.4_V2.6.py,
write_file,E:\football_v\00_SYSTEM_TOOLS\Module_Deployment_Tool\modules\deploy_feature_store_V2.4_V2.6.py,
write_file,E:\football_v\00_SYSTEM_TOOLS\Module_Deployment_Tool\modules\deploy_feature_store_V2.4_V2.6.py,
write_file,E:\football_v\00_SYSTEM_TOOLS\Module_Deployment_Tool\modules\deploy_feature_store_V2.4_V2.6.py,
write_file,E:\football_v\00_SYSTEM_TOOLS\Module_Deployment_Tool\modules\deploy_feature_store_V2.4_V2.6.py,
write_file,E:\football_v\00_SYSTEM_TOOLS\Module_Deployment_Tool\modules\deploy_feature_store_V2.4_V2.6.py,
write_file,E:\football_v\00_SYSTEM_TOOLS\Module_Deployment_Tool\modules\deploy_feature_store_V2.4_V2.6.py,
write_file,E:\football_v\00_SYSTEM_TOOLS\Module_Deployment_Tool\modules\deploy_feature_store_V2.4_V2.6.py,
write_file,E:\football_v\00_SYSTEM_TOOLS\Module_Deployment_Tool\modules\deploy_feature_store_V2.4_V2.6.py,
write_json,E:\football_v\00_SYSTEM_TOOLS\Module_Deployment_Tool\modules\deploy_feature_store_V2.4_V2.6.py,
write_json,E:\football_v\00_SYSTEM_TOOLS\Module_Deployment_Tool\modules\deploy_feature_store_V2.4_V2.6.py,
write_json,E:\football_v\00_SYSTEM_TOOLS\Module_Deployment_Tool\modules\deploy_feature_store_V2.4_V2.6.py,
write_file,E:\football_v\00_SYSTEM_TOOLS\Module_Deployment_Tool\modules\deploy_feature_store_V2.4_V2.6.py,
print,E:\football_v\00_SYSTEM_TOOLS\Module_Deployment_Tool\modules\deploy_feature_store_V2.4_V2.6.py,
print,E:\football_v\00_SYSTEM_TOOLS\Module_Deployment_Tool\modules\deploy_feature_store_V2.4_V2.6.py,
print,E:\football_v\00_SYSTEM_TOOLS\Module_Deployment_Tool\modules\deploy_feature_store_V2.4_V2.6.py,
print,E:\football_v\00_SYSTEM_TOOLS\Module_Deployment_Tool\modules\deploy_feature_store_V2.4_V2.6.py,
print,E:\football_v\00_SYSTEM_TOOLS\Module_Deployment_Tool\modules\deploy_feature_store_V2.4_V2.6.py,
create_dir,E:\football_v\00_SYSTEM_TOOLS\Module_Deployment_Tool\modules\deploy_feature_store_V2.4_V2.6.py,
open,E:\football_v\00_SYSTEM_TOOLS\Module_Deployment_Tool\modules\deploy_feature_store_V2.7_V3.0.py,
open,E:\football_v\00_SYSTEM_TOOLS\Module_Deployment_Tool\modules\deploy_feature_store_V2.7_V3.0.py,
print,E:\football_v\00_SYSTEM_TOOLS\Module_Deployment_Tool\modules\deploy_feature_store_V2.7_V3.0.py,
print,E:\football_v\00_SYSTEM_TOOLS\Module_Deployment_Tool\modules\deploy_feature_store_V2.7_V3.0.py,
print,E:\football_v\00_SYSTEM_TOOLS\Module_Deployment_Tool\modules\deploy_feature_store_V2.7_V3.0.py,
print,E:\football_v\00_SYSTEM_TOOLS\Module_Deployment_Tool\modules\deploy_feature_store_V2.7_V3.0.py,
print,E:\football_v\00_SYSTEM_TOOLS\Module_Deployment_Tool\modules\deploy_feature_store_V2.7_V3.0.py,
write_file,E:\football_v\00_SYSTEM_TOOLS\Module_Deployment_Tool\modules\deploy_feature_store_V2.7_V3.0.py,
write_file,E:\football_v\00_SYSTEM_TOOLS\Module_Deployment_Tool\modules\deploy_feature_store_V2.7_V3.0.py,
write_file,E:\football_v\00_SYSTEM_TOOLS\Module_Deployment_Tool\modules\deploy_feature_store_V2.7_V3.0.py,
write_file,E:\football_v\00_SYSTEM_TOOLS\Module_Deployment_Tool\modules\deploy_feature_store_V2.7_V3.0.py,
write_file,E:\football_v\00_SYSTEM_TOOLS\Module_Deployment_Tool\modules\deploy_feature_store_V2.7_V3.0.py,
write_file,E:\football_v\00_SYSTEM_TOOLS\Module_Deployment_Tool\modules\deploy_feature_store_V2.7_V3.0.py,
write_file,E:\football_v\00_SYSTEM_TOOLS\Module_Deployment_Tool\modules\deploy_feature_store_V2.7_V3.0.py,
write_file,E:\football_v\00_SYSTEM_TOOLS\Module_Deployment_Tool\modules\deploy_feature_store_V2.7_V3.0.py,
write_file,E:\football_v\00_SYSTEM_TOOLS\Module_Deployment_Tool\modules\deploy_feature_store_V2.7_V3.0.py,
write_file,E:\football_v\00_SYSTEM_TOOLS\Module_Deployment_Tool\modules\deploy_feature_store_V2.7_V3.0.py,
write_file,E:\football_v\00_SYSTEM_TOOLS\Module_Deployment_Tool\modules\deploy_feature_store_V2.7_V3.0.py,
write_file,E:\football_v\00_SYSTEM_TOOLS\Module_Deployment_Tool\modules\deploy_feature_store_V2.7_V3.0.py,
write_json,E:\football_v\00_SYSTEM_TOOLS\Module_Deployment_Tool\modules\deploy_feature_store_V2.7_V3.0.py,
write_json,E:\football_v\00_SYSTEM_TOOLS\Module_Deployment_Tool\modules\deploy_feature_store_V2.7_V3.0.py,
write_json,E:\football_v\00_SYSTEM_TOOLS\Module_Deployment_Tool\modules\deploy_feature_store_V2.7_V3.0.py,
write_file,E:\football_v\00_SYSTEM_TOOLS\Module_Deployment_Tool\modules\deploy_feature_store_V2.7_V3.0.py,
print,E:\football_v\00_SYSTEM_TOOLS\Module_Deployment_Tool\modules\deploy_feature_store_V2.7_V3.0.py,
print,E:\football_v\00_SYSTEM_TOOLS\Module_Deployment_Tool\modules\deploy_feature_store_V2.7_V3.0.py,
print,E:\football_v\00_SYSTEM_TOOLS\Module_Deployment_Tool\modules\deploy_feature_store_V2.7_V3.0.py,
print,E:\football_v\00_SYSTEM_TOOLS\Module_Deployment_Tool\modules\deploy_feature_store_V2.7_V3.0.py,
print,E:\football_v\00_SYSTEM_TOOLS\Module_Deployment_Tool\modules\deploy_feature_store_V2.7_V3.0.py,
create_dir,E:\football_v\00_SYSTEM_TOOLS\Module_Deployment_Tool\modules\deploy_feature_store_V2.7_V3.0.py,
,E:\football_v\00_SYSTEM_TOOLS\Module_Deployment_Tool\modules\deploy_market_intelligence_layer_test_V1.0.py,"invalid non-printable character U+FEFF (<unknown>, line 1)"
,E:\football_v\00_SYSTEM_TOOLS\Module_Deployment_Tool\modules\deploy_market_intelligence_layer_V1.0.py,"invalid non-printable character U+FEFF (<unknown>, line 1)"
,E:\football_v\00_SYSTEM_TOOLS\Module_Deployment_Tool\modules\deploy_model_explanation_engine_test_V1.0.py,"invalid non-printable character U+FEFF (<unknown>, line 1)"
,E:\football_v\00_SYSTEM_TOOLS\Module_Deployment_Tool\modules\deploy_model_explanation_engine_V1.0.py,"invalid non-printable character U+FEFF (<unknown>, line 1)"
open,E:\football_v\00_SYSTEM_TOOLS\Module_Deployment_Tool\modules\deploy_model_layer_V1.0_V1.3.py,
open,E:\football_v\00_SYSTEM_TOOLS\Module_Deployment_Tool\modules\deploy_model_layer_V1.0_V1.3.py,
print,E:\football_v\00_SYSTEM_TOOLS\Module_Deployment_Tool\modules\deploy_model_layer_V1.0_V1.3.py,
print,E:\football_v\00_SYSTEM_TOOLS\Module_Deployment_Tool\modules\deploy_model_layer_V1.0_V1.3.py,
print,E:\football_v\00_SYSTEM_TOOLS\Module_Deployment_Tool\modules\deploy_model_layer_V1.0_V1.3.py,
print,E:\football_v\00_SYSTEM_TOOLS\Module_Deployment_Tool\modules\deploy_model_layer_V1.0_V1.3.py,
print,E:\football_v\00_SYSTEM_TOOLS\Module_Deployment_Tool\modules\deploy_model_layer_V1.0_V1.3.py,
write_file,E:\football_v\00_SYSTEM_TOOLS\Module_Deployment_Tool\modules\deploy_model_layer_V1.0_V1.3.py,
write_file,E:\football_v\00_SYSTEM_TOOLS\Module_Deployment_Tool\modules\deploy_model_layer_V1.0_V1.3.py,
write_file,E:\football_v\00_SYSTEM_TOOLS\Module_Deployment_Tool\modules\deploy_model_layer_V1.0_V1.3.py,
write_file,E:\football_v\00_SYSTEM_TOOLS\Module_Deployment_Tool\modules\deploy_model_layer_V1.0_V1.3.py,
write_file,E:\football_v\00_SYSTEM_TOOLS\Module_Deployment_Tool\modules\deploy_model_layer_V1.0_V1.3.py,
write_file,E:\football_v\00_SYSTEM_TOOLS\Module_Deployment_Tool\modules\deploy_model_layer_V1.0_V1.3.py,
write_file,E:\football_v\00_SYSTEM_TOOLS\Module_Deployment_Tool\modules\deploy_model_layer_V1.0_V1.3.py,
write_file,E:\football_v\00_SYSTEM_TOOLS\Module_Deployment_Tool\modules\deploy_model_layer_V1.0_V1.3.py,
write_file,E:\football_v\00_SYSTEM_TOOLS\Module_Deployment_Tool\modules\deploy_model_layer_V1.0_V1.3.py,
write_file,E:\football_v\00_SYSTEM_TOOLS\Module_Deployment_Tool\modules\deploy_model_layer_V1.0_V1.3.py,
write_file,E:\football_v\00_SYSTEM_TOOLS\Module_Deployment_Tool\modules\deploy_model_layer_V1.0_V1.3.py,
write_file,E:\football_v\00_SYSTEM_TOOLS\Module_Deployment_Tool\modules\deploy_model_layer_V1.0_V1.3.py,
write_file,E:\football_v\00_SYSTEM_TOOLS\Module_Deployment_Tool\modules\deploy_model_layer_V1.0_V1.3.py,
write_file,E:\football_v\00_SYSTEM_TOOLS\Module_Deployment_Tool\modules\deploy_model_layer_V1.0_V1.3.py,
write_file,E:\football_v\00_SYSTEM_TOOLS\Module_Deployment_Tool\modules\deploy_model_layer_V1.0_V1.3.py,
write_json,E:\football_v\00_SYSTEM_TOOLS\Module_Deployment_Tool\modules\deploy_model_layer_V1.0_V1.3.py,
write_json,E:\football_v\00_SYSTEM_TOOLS\Module_Deployment_Tool\modules\deploy_model_layer_V1.0_V1.3.py,
write_json,E:\football_v\00_SYSTEM_TOOLS\Module_Deployment_Tool\modules\deploy_model_layer_V1.0_V1.3.py,
write_file,E:\football_v\00_SYSTEM_TOOLS\Module_Deployment_Tool\modules\deploy_model_layer_V1.0_V1.3.py,
print,E:\football_v\00_SYSTEM_TOOLS\Module_Deployment_Tool\modules\deploy_model_layer_V1.0_V1.3.py,
print,E:\football_v\00_SYSTEM_TOOLS\Module_Deployment_Tool\modules\deploy_model_layer_V1.0_V1.3.py,
print,E:\football_v\00_SYSTEM_TOOLS\Module_Deployment_Tool\modules\deploy_model_layer_V1.0_V1.3.py,
print,E:\football_v\00_SYSTEM_TOOLS\Module_Deployment_Tool\modules\deploy_model_layer_V1.0_V1.3.py,
print,E:\football_v\00_SYSTEM_TOOLS\Module_Deployment_Tool\modules\deploy_model_layer_V1.0_V1.3.py,
create_dir,E:\football_v\00_SYSTEM_TOOLS\Module_Deployment_Tool\modules\deploy_model_layer_V1.0_V1.3.py,
open,E:\football_v\00_SYSTEM_TOOLS\Module_Deployment_Tool\modules\deploy_prediction_engine_V1.0_V1.3.py,
open,E:\football_v\00_SYSTEM_TOOLS\Module_Deployment_Tool\modules\deploy_prediction_engine_V1.0_V1.3.py,
print,E:\football_v\00_SYSTEM_TOOLS\Module_Deployment_Tool\modules\deploy_prediction_engine_V1.0_V1.3.py,
print,E:\football_v\00_SYSTEM_TOOLS\Module_Deployment_Tool\modules\deploy_prediction_engine_V1.0_V1.3.py,
print,E:\football_v\00_SYSTEM_TOOLS\Module_Deployment_Tool\modules\deploy_prediction_engine_V1.0_V1.3.py,
print,E:\football_v\00_SYSTEM_TOOLS\Module_Deployment_Tool\modules\deploy_prediction_engine_V1.0_V1.3.py,
print,E:\football_v\00_SYSTEM_TOOLS\Module_Deployment_Tool\modules\deploy_prediction_engine_V1.0_V1.3.py,
write_file,E:\football_v\00_SYSTEM_TOOLS\Module_Deployment_Tool\modules\deploy_prediction_engine_V1.0_V1.3.py,
write_file,E:\football_v\00_SYSTEM_TOOLS\Module_Deployment_Tool\modules\deploy_prediction_engine_V1.0_V1.3.py,
write_file,E:\football_v\00_SYSTEM_TOOLS\Module_Deployment_Tool\modules\deploy_prediction_engine_V1.0_V1.3.py,
write_file,E:\football_v\00_SYSTEM_TOOLS\Module_Deployment_Tool\modules\deploy_prediction_engine_V1.0_V1.3.py,
write_file,E:\football_v\00_SYSTEM_TOOLS\Module_Deployment_Tool\modules\deploy_prediction_engine_V1.0_V1.3.py,
write_file,E:\football_v\00_SYSTEM_TOOLS\Module_Deployment_Tool\modules\deploy_prediction_engine_V1.0_V1.3.py,
write_file,E:\football_v\00_SYSTEM_TOOLS\Module_Deployment_Tool\modules\deploy_prediction_engine_V1.0_V1.3.py,
write_file,E:\football_v\00_SYSTEM_TOOLS\Module_Deployment_Tool\modules\deploy_prediction_engine_V1.0_V1.3.py,
write_file,E:\football_v\00_SYSTEM_TOOLS\Module_Deployment_Tool\modules\deploy_prediction_engine_V1.0_V1.3.py,
write_file,E:\football_v\00_SYSTEM_TOOLS\Module_Deployment_Tool\modules\deploy_prediction_engine_V1.0_V1.3.py,
write_file,E:\football_v\00_SYSTEM_TOOLS\Module_Deployment_Tool\modules\deploy_prediction_engine_V1.0_V1.3.py,
write_file,E:\football_v\00_SYSTEM_TOOLS\Module_Deployment_Tool\modules\deploy_prediction_engine_V1.0_V1.3.py,
write_file,E:\football_v\00_SYSTEM_TOOLS\Module_Deployment_Tool\modules\deploy_prediction_engine_V1.0_V1.3.py,
write_json,E:\football_v\00_SYSTEM_TOOLS\Module_Deployment_Tool\modules\deploy_prediction_engine_V1.0_V1.3.py,
write_json,E:\football_v\00_SYSTEM_TOOLS\Module_Deployment_Tool\modules\deploy_prediction_engine_V1.0_V1.3.py,
write_json,E:\football_v\00_SYSTEM_TOOLS\Module_Deployment_Tool\modules\deploy_prediction_engine_V1.0_V1.3.py,
write_file,E:\football_v\00_SYSTEM_TOOLS\Module_Deployment_Tool\modules\deploy_prediction_engine_V1.0_V1.3.py,
print,E:\football_v\00_SYSTEM_TOOLS\Module_Deployment_Tool\modules\deploy_prediction_engine_V1.0_V1.3.py,
print,E:\football_v\00_SYSTEM_TOOLS\Module_Deployment_Tool\modules\deploy_prediction_engine_V1.0_V1.3.py,
print,E:\football_v\00_SYSTEM_TOOLS\Module_Deployment_Tool\modules\deploy_prediction_engine_V1.0_V1.3.py,
print,E:\football_v\00_SYSTEM_TOOLS\Module_Deployment_Tool\modules\deploy_prediction_engine_V1.0_V1.3.py,
print,E:\football_v\00_SYSTEM_TOOLS\Module_Deployment_Tool\modules\deploy_prediction_engine_V1.0_V1.3.py,
create_dir,E:\football_v\00_SYSTEM_TOOLS\Module_Deployment_Tool\modules\deploy_prediction_engine_V1.0_V1.3.py,
,E:\football_v\00_SYSTEM_TOOLS\Module_Deployment_Tool\modules\deploy_report_intelligence_layer_test_V1.0.py,"invalid non-printable character U+FEFF (<unknown>, line 1)"
,E:\football_v\00_SYSTEM_TOOLS\Module_Deployment_Tool\modules\deploy_report_intelligence_layer_V1.0.py,"invalid non-printable character U+FEFF (<unknown>, line 1)"
,E:\football_v\00_SYSTEM_TOOLS\Module_Deployment_Tool\modules\deploy_system_monitoring_layer_test_V1.0.py,"invalid non-printable character U+FEFF (<unknown>, line 1)"
,E:\football_v\00_SYSTEM_TOOLS\Module_Deployment_Tool\modules\deploy_system_monitoring_layer_V1.0.py,"invalid non-printable character U+FEFF (<unknown>, line 1)"
,E:\football_v\00_SYSTEM_TOOLS\RUNTIME_VALIDATION_V4.0\runtime_validation_V4.0.py,"invalid non-printable character U+FEFF (<unknown>, line 1)"
check_files,E:\football_v\01_Data_Source\acceptance\acceptance_check.py,
all,E:\football_v\01_Data_Source\acceptance\acceptance_check.py,
str,E:\football_v\01_Data_Source\acceptance\acceptance_check.py,
open,E:\football_v\01_Data_Source\acceptance\acceptance_check.py,
open,E:\football_v\01_Data_Source\download\data_downloader.py,
open,E:\football_v\01_Data_Source\download\data_downloader.py,
iter,E:\football_v\01_Data_Source\download\data_downloader.py,
str,E:\football_v\01_Data_Source\download\data_downloader.py,
open,E:\football_v\01_Data_Source\download\data_downloader.py,
str,E:\football_v\01_Data_Source\monitor\source_monitor.py,
open,E:\football_v\01_Data_Source\monitor\source_monitor.py,
len,E:\football_v\01_Data_Source\monitor\source_monitor.py,
open,E:\football_v\01_Data_Source\monitor\source_monitor.py,
len,E:\football_v\01_Data_Source\pipeline\source_validator.py,
open,E:\football_v\01_Data_Source\registry\source_registry.py,
load_registry,E:\football_v\01_Data_Source\registry\source_registry.py,
load_registry,E:\football_v\01_Data_Source\registry\source_registry.py,
load_registry,E:\football_v\01_Data_Source\registry\source_registry.py,
len,E:\football_v\01_Data_Source\registry\source_registry.py,
str,E:\football_v\01_Data_Source\registry\source_registry.py,
str,E:\football_v\02_Data_Platform\data_loader\data_loader.py,
scan_raw,E:\football_v\02_Data_Platform\data_loader\data_loader.py,
len,E:\football_v\02_Data_Platform\data_loader\data_loader.py,
scan_raw,E:\football_v\02_Data_Platform\data_loader\data_loader.py,
len,E:\football_v\02_Data_Platform\data_loader\engine\loader_engine.py,
str,E:\football_v\02_Data_Platform\data_loader\engine\loader_engine.py,
open,E:\football_v\02_Data_Platform\data_loader\formats\csv_loader.py,
DatasetRegistry,E:\football_v\02_Data_Platform\data_manager\dataset_manager.py,
str,E:\football_v\02_Data_Platform\data_manager\dataset_registry.py,
open,E:\football_v\02_Data_Platform\data_manager\dataset_registry.py,
open,E:\football_v\02_Data_Platform\data_manager\dataset_registry.py,
DatasetManager,E:\football_v\02_Data_Platform\data_manager\data_manager.py,
len,E:\football_v\02_Data_Platform\data_manager\data_manager.py,
all,E:\football_v\02_Data_Platform\integration\platform_bootstrap.py,
len,E:\football_v\02_Data_Platform\integration\platform_bootstrap.py,
str,E:\football_v\02_Data_Platform\integration\platform_bootstrap.py,
open,E:\football_v\02_Data_Platform\metadata\metadata_manager.py,
len,E:\football_v\02_Data_Platform\metadata\metadata_manager.py,
open,E:\football_v\02_Data_Platform\metadata\lineage\data_lineage.py,
open,E:\football_v\02_Data_Platform\metadata\lineage\data_lineage.py,
str,E:\football_v\02_Data_Platform\metadata\lineage\data_lineage.py,
open,E:\football_v\02_Data_Platform\metadata\lineage\data_lineage.py,
len,E:\football_v\02_Data_Platform\metadata\lineage\data_lineage.py,
str,E:\football_v\02_Data_Platform\pipeline\data_pipeline.py,
RawScanner,E:\football_v\02_Data_Platform\raw\raw_manager.py,
RawRegistry,E:\football_v\02_Data_Platform\raw\raw_manager.py,
open,E:\football_v\02_Data_Platform\raw\raw_registry.py,
open,E:\football_v\02_Data_Platform\raw\raw_registry.py,
open,E:\football_v\02_Data_Platform\registry\data_platform_registry.py,
open,E:\football_v\02_Data_Platform\registry\data_platform_registry.py,
str,E:\football_v\02_Data_Platform\storage_engine\storage_manager.py,
open,E:\football_v\02_Data_Platform\storage_engine\storage_manager.py,
scan_folder,E:\football_v\02_Data_Platform\storage_engine\storage_manager.py,
scan_folder,E:\football_v\02_Data_Platform\storage_engine\storage_manager.py,
,E:\football_v\03_Data_Governance\audit\audit_engine.py,"invalid non-printable character U+FEFF (<unknown>, line 1)"
,E:\football_v\03_Data_Governance\controller\governance_controller.py,"invalid non-printable character U+FEFF (<unknown>, line 1)"
,E:\football_v\03_Data_Governance\lineage\lineage_engine.py,"invalid non-printable character U+FEFF (<unknown>, line 1)"
,E:\football_v\03_Data_Governance\quality\quality_engine.py,"invalid non-printable character U+FEFF (<unknown>, line 1)"
,E:\football_v\03_Data_Governance\validation\validation_engine.py,"invalid non-printable character U+FEFF (<unknown>, line 1)"
,E:\football_v\03_MODEL_LAYER\analysis\accuracy_tracker_V2.11.py,"invalid non-printable character U+FEFF (<unknown>, line 1)"
,E:\football_v\03_MODEL_LAYER\analysis\roi_analyzer_V2.11.py,"invalid non-printable character U+FEFF (<unknown>, line 1)"
,E:\football_v\04_Data_Processing_AI\cleaning\cleaning_engine.py,"invalid non-printable character U+FEFF (<unknown>, line 1)"
,E:\football_v\04_Data_Processing_AI\controller\processing_controller.py,"invalid non-printable character U+FEFF (<unknown>, line 1)"
,E:\football_v\04_Data_Processing_AI\feature_engine\feature_engine.py,"invalid non-printable character U+FEFF (<unknown>, line 1)"
len,E:\football_v\04_Data_Processing_AI\feature_store\dataset_split_manager.py,
int,E:\football_v\04_Data_Processing_AI\feature_store\dataset_split_manager.py,
open,E:\football_v\04_Data_Processing_AI\feature_store\feature_dataset_exporter.py,
open,E:\football_v\04_Data_Processing_AI\feature_store\feature_dataset_generator.py,
len,E:\football_v\04_Data_Processing_AI\feature_store\feature_dataset_reporter.py,
open,E:\football_v\04_Data_Processing_AI\feature_store\feature_dataset_reporter.py,
len,E:\football_v\04_Data_Processing_AI\feature_store\feature_data_ingestion.py,
open,E:\football_v\04_Data_Processing_AI\feature_store\feature_match_reader.py,
FeatureDatasetBuilder,E:\football_v\04_Data_Processing_AI\feature_store\feature_pipeline.py,
FeatureValidator,E:\football_v\04_Data_Processing_AI\feature_store\feature_pipeline.py,
FeatureDataLoader,E:\football_v\04_Data_Processing_AI\feature_store\feature_pipeline_runner.py,
FeatureDatasetExporter,E:\football_v\04_Data_Processing_AI\feature_store\feature_pipeline_runner.py,
open,E:\football_v\04_Data_Processing_AI\feature_store\feature_schema.py,
len,E:\football_v\04_Data_Processing_AI\feature_store\historical_feature_builder.py,
open,E:\football_v\04_Data_Processing_AI\feature_store\model_training_exporter.py,
print,E:\football_v\04_Data_Processing_AI\feature_store\tests\ai_feature_dataset_test.py,
print,E:\football_v\04_Data_Processing_AI\feature_store\tests\environment_flow_test.py,
print,E:\football_v\04_Data_Processing_AI\feature_store\tests\feature_database_health_test.py,
print,E:\football_v\04_Data_Processing_AI\feature_store\tests\feature_database_integration_test.py,
print,E:\football_v\04_Data_Processing_AI\feature_store\tests\feature_dataset_generation_test.py,
print,E:\football_v\04_Data_Processing_AI\feature_store\tests\feature_ingestion_test.py,
print,E:\football_v\04_Data_Processing_AI\feature_store\tests\feature_store_data_test.py,
print,E:\football_v\04_Data_Processing_AI\feature_store\tests\feature_store_pipeline_test.py,
print,E:\football_v\04_Data_Processing_AI\feature_store\tests\feature_store_test.py,
print,E:\football_v\04_Data_Processing_AI\feature_store\tests\feature_store_v2.6_full_test.py,
print,E:\football_v\04_Data_Processing_AI\feature_store\tests\historical_feature_database_test.py,
print,E:\football_v\04_Data_Processing_AI\feature_store\tests\historical_feature_store_test.py,
print,E:\football_v\04_Data_Processing_AI\feature_store\tests\model_feature_adapter_test.py,
print,E:\football_v\04_Data_Processing_AI\feature_store\tests\postgres_runtime_test.py,
print,E:\football_v\04_Data_Processing_AI\feature_store\tests\training_dataset_pipeline_test.py,
,E:\football_v\04_Data_Processing_AI\pipeline\processing_pipeline.py,"invalid non-printable character U+FEFF (<unknown>, line 1)"
,E:\football_v\04_Data_Processing_AI\transformation\transformation_engine.py,"invalid non-printable character U+FEFF (<unknown>, line 1)"
,E:\football_v\04_PREDICTION_LAYER\engine\match_simulation_engine_V2.7.py,"invalid non-printable character U+FEFF (<unknown>, line 1)"
,E:\football_v\04_PREDICTION_LAYER\engine\prediction_intelligence_engine_V1.6.py,"invalid non-printable character U+FEFF (<unknown>, line 1)"
,E:\football_v\04_PREDICTION_LAYER\engine\prediction_pipeline_V1.6.py,"invalid non-printable character U+FEFF (<unknown>, line 1)"
,E:\football_v\04_PREDICTION_LAYER\monitor\prediction_monitor.py,"invalid non-printable character U+FEFF (<unknown>, line 1)"
,E:\football_v\04_PREDICTION_LAYER\monitor\prediction_monitor_V1.6.py,"invalid non-printable character U+FEFF (<unknown>, line 1)"
,E:\football_v\04_PREDICTION_LAYER\service\prediction_service_api.py,"invalid non-printable character U+FEFF (<unknown>, line 1)"
,E:\football_v\04_PREDICTION_LAYER\service\prediction_service_V1.6.py,"invalid non-printable character U+FEFF (<unknown>, line 1)"
,E:\football_v\05_AI_Intelligence_Layer\controller\model_controller.py,"invalid non-printable character U+FEFF (<unknown>, line 1)"
abs,E:\football_v\05_AI_Intelligence_Layer\MODEL_EVALUATION_ENGINE\evaluator.py,
list,E:\football_v\05_MODEL_AI\MODEL_LAYER\model_registry.py,
len,E:\football_v\05_MODEL_AI\MODEL_LAYER\backtest\backtest_engine.py,
round,E:\football_v\05_MODEL_AI\MODEL_LAYER\fusion\fusion_engine.py,
round,E:\football_v\05_MODEL_AI\MODEL_LAYER\fusion\fusion_engine.py,
round,E:\football_v\05_MODEL_AI\MODEL_LAYER\fusion\fusion_engine.py,
sum,E:\football_v\05_MODEL_AI\MODEL_LAYER\fusion\probability_calculator.py,
max,E:\football_v\06_PREDICTION_ENGINE\confidence_calculator.py,
round,E:\football_v\06_PREDICTION_ENGINE\confidence_calculator.py,
sorted,E:\football_v\06_PREDICTION_ENGINE\correct_score_calculator.py,
range,E:\football_v\06_PREDICTION_ENGINE\goal_distribution.py,
range,E:\football_v\06_PREDICTION_ENGINE\goal_distribution.py,
round,E:\football_v\06_PREDICTION_ENGINE\goal_distribution.py,
round,E:\football_v\06_PREDICTION_ENGINE\market_probability_compare.py,
list,E:\football_v\06_PREDICTION_ENGINE\prediction_registry.py,
sum,E:\football_v\06_PREDICTION_ENGINE\probability_calibrator.py,
round,E:\football_v\06_PREDICTION_ENGINE\probability_calibrator.py,
len,E:\football_v\06_PREDICTION_ENGINE\probability_engine.py,
round,E:\football_v\06_PREDICTION_ENGINE\probability_engine.py,
round,E:\football_v\06_PREDICTION_ENGINE\probability_engine.py,
round,E:\football_v\06_PREDICTION_ENGINE\probability_engine.py,
round,E:\football_v\06_PREDICTION_ENGINE\probability_engine.py,
round,E:\football_v\06_PREDICTION_ENGINE\probability_engine.py,
round,E:\football_v\06_PREDICTION_ENGINE\probability_engine.py,
max,E:\football_v\06_PREDICTION_ENGINE\risk_engine.py,
GoalDistribution,E:\football_v\06_PREDICTION_ENGINE\score_prediction_engine.py,
CorrectScoreCalculator,E:\football_v\06_PREDICTION_ENGINE\score_prediction_engine.py,
round,E:\football_v\06_PREDICTION_ENGINE\value_analyzer.py,
,E:\football_v\07_AI_ORCHESTRATION_LAYER\learning_hook\feedback_receiver.py,"invalid non-printable character U+FEFF (<unknown>, line 1)"
len,E:\football_v\07_BACKTEST_AI\accuracy_evaluator.py,
zip,E:\football_v\07_BACKTEST_AI\accuracy_evaluator.py,
round,E:\football_v\07_BACKTEST_AI\accuracy_evaluator.py,
len,E:\football_v\07_BACKTEST_AI\backtest_engine.py,
len,E:\football_v\07_BACKTEST_AI\betting_result_analyzer.py,
len,E:\football_v\07_BACKTEST_AI\betting_result_analyzer.py,
round,E:\football_v\07_BACKTEST_AI\betting_result_analyzer.py,
len,E:\football_v\07_BACKTEST_AI\betting_result_analyzer.py,
len,E:\football_v\07_BACKTEST_AI\betting_result_analyzer.py,
set,E:\football_v\07_BACKTEST_AI\confidence_evaluator.py,
len,E:\football_v\07_BACKTEST_AI\feature_feedback.py,
len,E:\football_v\07_BACKTEST_AI\historical_match_loader.py,
zip,E:\football_v\07_BACKTEST_AI\model_feedback.py,
len,E:\football_v\07_BACKTEST_AI\model_feedback.py,
len,E:\football_v\07_BACKTEST_AI\model_feedback.py,
len,E:\football_v\07_BACKTEST_AI\probability_evaluator.py,
abs,E:\football_v\07_BACKTEST_AI\probability_evaluator.py,
round,E:\football_v\07_BACKTEST_AI\probability_evaluator.py,
sum,E:\football_v\07_BACKTEST_AI\roi_tracker.py,
sum,E:\football_v\07_BACKTEST_AI\roi_tracker.py,
round,E:\football_v\07_BACKTEST_AI\roi_tracker.py,
len,E:\football_v\07_BACKTEST_AI\strategy_performance.py,
sorted,E:\football_v\07_BACKTEST_AI\strategy_performance.py,
ValueFilterEngine,E:\football_v\08_DECISION_ENGINE\bet_selection_engine.py,
RiskControlEngine,E:\football_v\08_DECISION_ENGINE\bet_selection_engine.py,
max,E:\football_v\08_DECISION_ENGINE\decision_engine.py,
list,E:\football_v\08_DECISION_ENGINE\decision_registry.py,
len,E:\football_v\08_DECISION_ENGINE\portfolio_strategy.py,
round,E:\football_v\08_DECISION_ENGINE\portfolio_strategy.py,
round,E:\football_v\08_DECISION_ENGINE\stake_calculator.py,
round,E:\football_v\08_DECISION_ENGINE\stake_calculator.py,
round,E:\football_v\08_DECISION_ENGINE\value_filter_engine.py,
max,E:\football_v\08_DECISION_ENGINE\value_filter_engine.py,
,E:\football_v\08_DECISION_INTELLIGENCE_LAYER\feedback_interface\feedback_connector.py,"invalid non-printable character U+FEFF (<unknown>, line 1)"
str,E:\football_v\09_AI_ORCHESTRATION_LAYER\auto_report_generator.py,
open,E:\football_v\09_AI_ORCHESTRATION_LAYER\auto_report_generator.py,
len,E:\football_v\09_AI_ORCHESTRATION_LAYER\auto_report_generator.py,
module,E:\football_v\09_AI_ORCHESTRATION_LAYER\pipeline_controller.py,
ModelResultAdapter,E:\football_v\09_Prediction_System\tests\test_phase2_adapter.py,
PredictionPipeline,E:\football_v\09_Prediction_System\tests\test_prediction_system.py,
round,E:\football_v\10_AI_AUTONOMOUS_ENGINE\adaptive_parameter_learning.py,
EvolutionController,E:\football_v\10_AI_AUTONOMOUS_ENGINE\autonomous_engine_v2.py,
FootballReasoningCore,E:\football_v\10_AI_AUTONOMOUS_ENGINE\autonomous_engine_v2.py,
,E:\football_v\10_AI_AUTONOMOUS_ENGINE\autonomous_engine_v3.py,"invalid non-printable character U+FEFF (<unknown>, line 1)"
str,E:\football_v\10_AI_AUTONOMOUS_ENGINE\decision_logger.py,
round,E:\football_v\10_AI_AUTONOMOUS_ENGINE\dynamic_weight_adjuster.py,
abs,E:\football_v\10_AI_AUTONOMOUS_ENGINE\error_analysis_engine.py,
round,E:\football_v\10_AI_AUTONOMOUS_ENGINE\error_rate_calculator.py,
len,E:\football_v\10_AI_AUTONOMOUS_ENGINE\evolution_intelligence_engine.py,
str,E:\football_v\10_AI_AUTONOMOUS_ENGINE\evolution_memory_index.py,
max,E:\football_v\10_AI_AUTONOMOUS_ENGINE\evolution_pattern_analyzer.py,
len,E:\football_v\10_AI_AUTONOMOUS_ENGINE\experience_pattern_miner.py,
HumanApprovalManager,E:\football_v\10_AI_AUTONOMOUS_ENGINE\human_approval_v1.py,
len,E:\football_v\10_AI_AUTONOMOUS_ENGINE\intelligent_task_allocator.py,
str,E:\football_v\10_AI_AUTONOMOUS_ENGINE\knowledge_retrieval_engine.py,
str,E:\football_v\10_AI_AUTONOMOUS_ENGINE\knowledge_snapshot.py,
len,E:\football_v\10_AI_AUTONOMOUS_ENGINE\multi_cycle_learning_engine.py,
sorted,E:\football_v\10_AI_AUTONOMOUS_ENGINE\optimization_priority_engine.py,
OptimizationSuggestionEngine,E:\football_v\10_AI_AUTONOMOUS_ENGINE\optimization_suggestion_v1.py,
max,E:\football_v\10_AI_AUTONOMOUS_ENGINE\strategy_selection_engine.py,
,E:\football_v\10_AI_AUTONOMOUS_ENGINE\system_brain.py,"invalid non-printable character U+FEFF (<unknown>, line 1)"
len,E:\football_v\10_AI_AUTONOMOUS_ENGINE\time_window_analyzer.py,
str,E:\football_v\10_AI_AUTONOMOUS_ENGINE\time_window_analyzer.py,
len,E:\football_v\10_AI_AUTONOMOUS_ENGINE\weekly_evolution_analyzer.py,
round,E:\football_v\10_AI_AUTONOMOUS_ENGINE\weekly_evolution_analyzer.py,
len,E:\football_v\10_AI_AUTONOMOUS_ENGINE\weekly_evolution_analyzer.py,
len,E:\football_v\10_AI_AUTONOMOUS_ENGINE\weekly_evolution_analyzer.py,
print,E:\football_v\10_AI_AUTONOMOUS_ENGINE\tests\autonomous_engine_hil_v1_0_full_test.py,
check_file,E:\football_v\10_AI_AUTONOMOUS_ENGINE\tests\autonomous_engine_hil_v1_0_full_test.py,
check_file,E:\football_v\10_AI_AUTONOMOUS_ENGINE\tests\autonomous_engine_hil_v1_0_full_test.py,
check_file,E:\football_v\10_AI_AUTONOMOUS_ENGINE\tests\autonomous_engine_hil_v1_0_full_test.py,
check_file,E:\football_v\10_AI_AUTONOMOUS_ENGINE\tests\autonomous_engine_hil_v1_0_full_test.py,
check_file,E:\football_v\10_AI_AUTONOMOUS_ENGINE\tests\autonomous_engine_hil_v1_0_full_test.py,
print,E:\football_v\10_AI_AUTONOMOUS_ENGINE\tests\optimization_suggestion_v1_1_full_test.py,
check,E:\football_v\10_AI_AUTONOMOUS_ENGINE\tests\optimization_suggestion_v1_1_full_test.py,
check,E:\football_v\10_AI_AUTONOMOUS_ENGINE\tests\optimization_suggestion_v1_1_full_test.py,
check,E:\football_v\10_AI_AUTONOMOUS_ENGINE\tests\optimization_suggestion_v1_1_full_test.py,
check,E:\football_v\10_AI_AUTONOMOUS_ENGINE\tests\optimization_suggestion_v1_1_full_test.py,
AutonomousEngine,E:\football_v\10_AI_AUTONOMOUS_ENGINE\tests\test_autonomous_compatibility.py,
AutonomousEngineV3,E:\football_v\10_AI_AUTONOMOUS_ENGINE\tests\test_autonomous_compatibility.py,
HumanApproval,E:\football_v\10_AI_AUTONOMOUS_ENGINE\tests\test_autonomous_compatibility.py,
OptimizationSuggestion,E:\football_v\10_AI_AUTONOMOUS_ENGINE\tests\test_autonomous_compatibility.py,
IntelligenceConnector,E:\football_v\10_AI_AUTONOMOUS_ENGINE\tests\test_phase2_connection.py,
,E:\football_v\10_AI_AUTONOMOUS_ENGINE\tests\test_phase2_full_system.py,"invalid non-printable character U+FEFF (<unknown>, line 1)"
,E:\football_v\11_SIMULATION_LAYER\engine\match_simulation_engine_V2.7.1.py,"invalid non-printable character U+FEFF (<unknown>, line 1)"
,E:\football_v\11_SIMULATION_LAYER\engine\match_simulation_engine_V2.7.py,"invalid non-printable character U+FEFF (<unknown>, line 1)"
round,E:\football_v\11_System_Intelligence\confidence_engine.py,
IntelligenceFusionEngine,E:\football_v\11_System_Intelligence\decision_fusion.py,
ReasoningEngine,E:\football_v\11_System_Intelligence\decision_reasoner.py,
round,E:\football_v\11_System_Intelligence\elo_engine.py,
round,E:\football_v\11_System_Intelligence\elo_engine.py,
EvolutionMemory,E:\football_v\11_System_Intelligence\evolution_engine.py,
PerformanceTracker,E:\football_v\11_System_Intelligence\evolution_engine.py,
RuleOptimizer,E:\football_v\11_System_Intelligence\evolution_engine.py,
StrategyMutator,E:\football_v\11_System_Intelligence\evolution_engine.py,
round,E:\football_v\11_System_Intelligence\evolution_engine.py,
abs,E:\football_v\11_System_Intelligence\evolution_engine.py,
len,E:\football_v\11_System_Intelligence\evolution_memory.py,
len,E:\football_v\11_System_Intelligence\feedback_memory.py,
len,E:\football_v\11_System_Intelligence\historical_match_loader.py,
,E:\football_v\11_System_Intelligence\intelligence_controller.py,"invalid non-printable character U+FEFF (<unknown>, line 1)"
len,E:\football_v\11_System_Intelligence\intelligence_feedback_loop.py,
round,E:\football_v\11_System_Intelligence\intelligence_fusion_engine.py,
open,E:\football_v\11_System_Intelligence\intelligence_report.py,
len,E:\football_v\11_System_Intelligence\intelligence_scheduler.py,
len,E:\football_v\11_System_Intelligence\knowledge_embedding.py,
len,E:\football_v\11_System_Intelligence\knowledge_memory_bridge.py,
len,E:\football_v\11_System_Intelligence\learning_scheduler.py,
list,E:\football_v\11_System_Intelligence\model_conflict_detector.py,
max,E:\football_v\11_System_Intelligence\model_conflict_detector.py,
min,E:\football_v\11_System_Intelligence\model_conflict_detector.py,
sum,E:\football_v\11_System_Intelligence\model_fusion_core.py,
round,E:\football_v\11_System_Intelligence\model_fusion_core.py,
len,E:\football_v\11_System_Intelligence\model_fusion_core.py,
sum,E:\football_v\11_System_Intelligence\model_optimizer.py,
round,E:\football_v\11_System_Intelligence\model_optimizer.py,
round,E:\football_v\11_System_Intelligence\performance_tracker.py,
sum,E:\football_v\11_System_Intelligence\performance_tracker.py,
len,E:\football_v\11_System_Intelligence\performance_tracker.py,
round,E:\football_v\11_System_Intelligence\poisson_model.py,
sum,E:\football_v\11_System_Intelligence\probability_fusion_engine.py,
round,E:\football_v\11_System_Intelligence\probability_fusion_engine.py,
round,E:\football_v\11_System_Intelligence\probability_fusion_engine.py,
round,E:\football_v\11_System_Intelligence\probability_fusion_engine.py,
ReasoningRules,E:\football_v\11_System_Intelligence\reasoning_engine.py,
,E:\football_v\11_System_Intelligence\self_learning_engine.py,"invalid non-printable character U+FEFF (<unknown>, line 1)"
SystemBrain,E:\football_v\11_System_Intelligence\tests\test_intelligence.py,
SystemAnalyzer,E:\football_v\11_System_Intelligence\tests\test_phase2_intelligence.py,
ConfidenceEngine,E:\football_v\11_System_Intelligence\tests\test_phase3_10_confidence.py,
KnowledgeNode,E:\football_v\11_System_Intelligence\tests\test_phase3_11_knowledge_graph.py,
KnowledgeRelation,E:\football_v\11_System_Intelligence\tests\test_phase3_11_knowledge_graph.py,
len,E:\football_v\11_System_Intelligence\tests\test_phase3_11_knowledge_graph.py,
KnowledgeEmbedding,E:\football_v\11_System_Intelligence\tests\test_phase3_11_knowledge_graph.py,
KnowledgeQueryEngine,E:\football_v\11_System_Intelligence\tests\test_phase3_11_knowledge_graph.py,
ProbabilityFusionEngine,E:\football_v\11_System_Intelligence\tests\test_phase3_12_probability.py,
LESEngine,E:\football_v\11_System_Intelligence\tests\test_phase3_13_market.py,
MatchPredictionEngine,E:\football_v\11_System_Intelligence\tests\test_phase3_14_prediction.py,
FootballAIRuntime,E:\football_v\11_System_Intelligence\tests\test_phase3_15_runtime.py,
KnowledgeMemoryBridge,E:\football_v\11_System_Intelligence\tests\test_phase3_2_memory_bridge.py,
MemoryAdapter,E:\football_v\11_System_Intelligence\tests\test_phase3_2_memory_bridge.py,
FeedbackMemory,E:\football_v\11_System_Intelligence\tests\test_phase3_2_memory_bridge.py,
ReasoningEngine,E:\football_v\11_System_Intelligence\tests\test_phase3_3_reasoning.py,
DecisionReasoner,E:\football_v\11_System_Intelligence\tests\test_phase3_3_reasoning.py,
DecisionFusion,E:\football_v\11_System_Intelligence\tests\test_phase3_4_decision_fusion.py,
IntelligenceScheduler,E:\football_v\11_System_Intelligence\tests\test_phase3_5_controller_upgrade.py,
IntelligenceRouter,E:\football_v\11_System_Intelligence\tests\test_phase3_5_controller_upgrade.py,
IntelligenceWeightManager,E:\football_v\11_System_Intelligence\tests\test_phase3_5_controller_upgrade.py,
IntelligenceFeedbackLoop,E:\football_v\11_System_Intelligence\tests\test_phase3_5_controller_upgrade.py,
SelfLearningEngine,E:\football_v\11_System_Intelligence\tests\test_phase3_6_self_learning.py,
ModelOptimizer,E:\football_v\11_System_Intelligence\tests\test_phase3_6_self_learning.py,
EvolutionEngine,E:\football_v\11_System_Intelligence\tests\test_phase3_7_evolution.py,
EvolutionEngine,E:\football_v\11_System_Intelligence\tests\test_phase3_7_evolution.py,
KnowledgeReasoner,E:\football_v\11_System_Intelligence\tests\test_phase3_8_knowledge.py,
RiskEngine,E:\football_v\11_System_Intelligence\tests\test_phase3_9_risk.py,
IntelligenceController,E:\football_v\11_System_Intelligence\tests\test_phase3_system_intelligence.py,
IntelligenceController,E:\football_v\11_System_Intelligence\tests\test_phase3_system_intelligence.py,
LESAdvanced,E:\football_v\11_System_Intelligence\tests\test_phase4_market_core.py,
EloEngine,E:\football_v\11_System_Intelligence\tests\test_phase4_prediction_core.py,
ModelFusionCore,E:\football_v\11_System_Intelligence\tests\test_phase4_prediction_core.py,
AgentManager,E:\football_v\11_System_Intelligence\tests\test_phase5_1_agents.py,
DynamicWeightEngine,E:\football_v\11_System_Intelligence\tests\test_phase5_2_weight.py,
MonteCarloEngine,E:\football_v\11_System_Intelligence\tests\test_phase5_3_simulation.py,
SingleStrategy,E:\football_v\11_System_Intelligence\tests\test_phase5_4_strategy.py,
BacktestEngine,E:\football_v\11_System_Intelligence\tests\test_phase6_backtest.py,
ModelAdjustmentEngine,E:\football_v\11_System_Intelligence\tests\test_phase6_feedback.py,
EloTrainer,E:\football_v\11_System_Intelligence\tests\test_phase6_training.py,
,E:\football_v\12_API_LAYER\api\decision_api.py,"invalid non-printable character U+FEFF (<unknown>, line 1)"
,E:\football_v\12_API_LAYER\api\prediction_api.py,"invalid non-printable character U+FEFF (<unknown>, line 1)"
,E:\football_v\12_API_LAYER\service\football_prediction_service.py,"invalid non-printable character U+FEFF (<unknown>, line 1)"
,E:\football_v\12_API_LAYER\test\api_integration_test.py,"invalid non-printable character U+FEFF (<unknown>, line 1)"
abs,E:\football_v\12_AUTONOMOUS_LEARNING_ENGINE\error_analysis\error_analyzer.py,
,E:\football_v\13_TEST_LAYER\engine\end_to_end_test_engine_V2.9.py,"invalid non-printable character U+FEFF (<unknown>, line 1)"
,E:\football_v\13_TEST_LAYER\validation\database_validation.py,"invalid non-printable character U+FEFF (<unknown>, line 1)"
,E:\football_v\16_DATABASE_GOVERNANCE_LAYER\deploy_governance_batch_01_V1.0.py,"invalid non-printable character U+FEFF (<unknown>, line 1)"
print,E:\football_v\16_DATABASE_GOVERNANCE_LAYER\backup_engine\backup_engine_V1.0.py,
,E:\football_v\16_DATABASE_GOVERNANCE_LAYER\batch_modules\create_backup_engine.py,"invalid non-printable character U+FEFF (<unknown>, line 1)"
,E:\football_v\16_DATABASE_GOVERNANCE_LAYER\batch_modules\create_database_initializer.py,"invalid non-printable character U+FEFF (<unknown>, line 1)"
,E:\football_v\16_DATABASE_GOVERNANCE_LAYER\batch_modules\create_restore_engine.py,"invalid non-printable character U+FEFF (<unknown>, line 1)"
,E:\football_v\16_DATABASE_GOVERNANCE_LAYER\batch_modules\create_version_control_engine.py,"invalid non-printable character U+FEFF (<unknown>, line 1)"
print,E:\football_v\16_DATABASE_GOVERNANCE_LAYER\database_initializer\database_initializer_V1.0.py,
str,E:\football_v\16_DATABASE_GOVERNANCE_LAYER\database_initializer\database_initializer_V1.0.py,
open,E:\football_v\16_DATABASE_GOVERNANCE_LAYER\database_initializer\database_initializer_V1.0.py,
,E:\football_v\16_DATABASE_GOVERNANCE_LAYER\migration_engine\deploy_migration_engine_V1.0.py,"invalid non-printable character U+FEFF (<unknown>, line 1)"
,E:\football_v\16_DATABASE_GOVERNANCE_LAYER\migration_engine\migration_engine_V1.0.py,"invalid non-printable character U+FEFF (<unknown>, line 1)"
,E:\football_v\16_DATABASE_GOVERNANCE_LAYER\migration_engine\tests\test_migration_engine_V1.0.py,"invalid non-printable character U+FEFF (<unknown>, line 1)"
print,E:\football_v\16_DATABASE_GOVERNANCE_LAYER\restore_engine\restore_engine_V1.0.py,
print,E:\football_v\16_DATABASE_GOVERNANCE_LAYER\restore_engine\restore_engine_V1.0.py,
len,E:\football_v\16_DATABASE_GOVERNANCE_LAYER\restore_engine\restore_engine_V1.0.py,
print,E:\football_v\16_DATABASE_GOVERNANCE_LAYER\restore_engine\restore_engine_V1.0.py,
sorted,E:\football_v\16_DATABASE_GOVERNANCE_LAYER\restore_engine\restore_engine_V1.0.py,
str,E:\football_v\16_DATABASE_GOVERNANCE_LAYER\restore_engine\restore_engine_V1.0.py,
open,E:\football_v\16_DATABASE_GOVERNANCE_LAYER\restore_engine\restore_engine_V1.0.py,
,E:\football_v\16_DATABASE_GOVERNANCE_LAYER\validation_engine\deploy_validation_engine_V1.0.py,"invalid non-printable character U+FEFF (<unknown>, line 1)"
,E:\football_v\16_DATABASE_GOVERNANCE_LAYER\validation_engine\validation_engine_V1.0.py,"invalid non-printable character U+FEFF (<unknown>, line 1)"
,E:\football_v\16_DATABASE_GOVERNANCE_LAYER\validation_engine\tests\test_validation_engine_V1.0.py,"invalid non-printable character U+FEFF (<unknown>, line 1)"
print,E:\football_v\16_DATABASE_GOVERNANCE_LAYER\version_control_engine\version_control_engine_V1.0.py,
str,E:\football_v\16_DATABASE_GOVERNANCE_LAYER\version_control_engine\version_control_engine_V1.0.py,
open,E:\football_v\16_DATABASE_GOVERNANCE_LAYER\version_control_engine\version_control_engine_V1.0.py,
,E:\football_v\17_MODEL_STORE_LAYER\deploy_model_store_batch_01_V1.0.py,"invalid non-printable character U+FEFF (<unknown>, line 1)"
,E:\football_v\17_MODEL_STORE_LAYER\deploy_model_store_batch_02_V1.0.py,"invalid non-printable character U+FEFF (<unknown>, line 1)"
print,E:\football_v\17_MODEL_STORE_LAYER\model_deployment_manager\model_deployment_manager_V1.0.py,
print,E:\football_v\17_MODEL_STORE_LAYER\model_loader\model_loader_V1.0.py,
print,E:\football_v\17_MODEL_STORE_LAYER\model_registry\model_registry_V1.0.py,
str,E:\football_v\17_MODEL_STORE_LAYER\model_registry\model_registry_V1.0.py,
open,E:\football_v\17_MODEL_STORE_LAYER\model_registry\model_registry_V1.0.py,
print,E:\football_v\17_MODEL_STORE_LAYER\model_validator\model_validator_V1.0.py,
,E:\football_v\18_MODEL_EXECUTION_ENGINE\deploy_execution_engine_batch_01_V1.0.py,"invalid non-printable character U+FEFF (<unknown>, line 1)"
print,E:\football_v\18_MODEL_EXECUTION_ENGINE\feature_loader\feature_loader_V1.0.py,
print,E:\football_v\18_MODEL_EXECUTION_ENGINE\fusion_engine\fusion_engine_V1.0.py,
print,E:\football_v\18_MODEL_EXECUTION_ENGINE\model_loader\model_loader_V1.0.py,
print,E:\football_v\18_MODEL_EXECUTION_ENGINE\prediction_pipeline\prediction_pipeline_V1.0.py,
,E:\football_v\40_MODEL_TRAINING_PIPELINE\trainer\elo_trainer_V4.0.py,"invalid non-printable character U+FEFF (<unknown>, line 1)"
,E:\football_v\40_MODEL_TRAINING_PIPELINE\trainer\train_all_models_V4.0.py,"invalid non-printable character U+FEFF (<unknown>, line 1)"
,E:\football_v\41_MATCH_INPUT_SERVICE\lineup_input.py,"invalid decimal literal (<unknown>, line 3)"
,E:\football_v\42_REAL_FEATURE_GENERATOR\feature_builder.py,"invalid decimal literal (<unknown>, line 3)"
,E:\football_v\43_AI_PREDICTION_REPORT_ENGINE\module.py,"invalid decimal literal (<unknown>, line 3)"
,E:\football_v\44_PRODUCTION_PREDICTION_RUNTIME\module.py,"invalid decimal literal (<unknown>, line 3)"
print,E:\football_v\97_TESTS\integration_test\run_integration_test_V1.5.py,
len,E:\football_v\97_TESTS\integration_test\run_integration_test_V1.5.py,
str,E:\football_v\97_TESTS\integration_test\run_integration_test_V1.5.py,
open,E:\football_v\97_TESTS\integration_test\run_integration_test_V1.5.py,
,E:\football_v\99_DOCUMENTATION\architecture_cleanup\FINAL_CLEANUP_V3.0\DEPRECATED_ARCHIVE\base_exception.py,"invalid non-printable character U+FEFF (<unknown>, line 1)"
get_logger,E:\football_v\99_DOCUMENTATION\architecture_cleanup\FINAL_CLEANUP_V3.0\DEPRECATED_ARCHIVE\compatibility.py,
str,E:\football_v\99_DOCUMENTATION\architecture_cleanup\FINAL_CLEANUP_V3.0\DEPRECATED_ARCHIVE\compatibility.py,
,E:\football_v\99_DOCUMENTATION\architecture_cleanup\FINAL_CLEANUP_V3.0\DEPRECATED_ARCHIVE\database_exception.py,"invalid non-printable character U+FEFF (<unknown>, line 1)"
ValidationResult,E:\football_v\99_DOCUMENTATION\architecture_cleanup\FINAL_CLEANUP_V3.0\DEPRECATED_ARCHIVE\data_validator.py,
ValidationResult,E:\football_v\99_DOCUMENTATION\architecture_cleanup\FINAL_CLEANUP_V3.0\DEPRECATED_ARCHIVE\data_validator.py,
ValidationResult,E:\football_v\99_DOCUMENTATION\architecture_cleanup\FINAL_CLEANUP_V3.0\DEPRECATED_ARCHIVE\data_validator.py,
validate_exists,E:\football_v\99_DOCUMENTATION\architecture_cleanup\FINAL_CLEANUP_V3.0\DEPRECATED_ARCHIVE\data_validator.py,
validate_size,E:\football_v\99_DOCUMENTATION\architecture_cleanup\FINAL_CLEANUP_V3.0\DEPRECATED_ARCHIVE\data_validator.py,
,E:\football_v\99_DOCUMENTATION\architecture_cleanup\FINAL_CLEANUP_V3.0\DEPRECATED_ARCHIVE\db_connection.py,"invalid non-printable character U+FEFF (<unknown>, line 1)"
,E:\football_v\99_DOCUMENTATION\architecture_cleanup\FINAL_CLEANUP_V3.0\DEPRECATED_ARCHIVE\error_codes.py,"invalid non-printable character U+FEFF (<unknown>, line 1)"
,E:\football_v\99_DOCUMENTATION\architecture_cleanup\FINAL_CLEANUP_V3.0\DEPRECATED_ARCHIVE\exception_handler.py,"invalid non-printable character U+FEFF (<unknown>, line 1)"
,E:\football_v\99_DOCUMENTATION\architecture_cleanup\FINAL_CLEANUP_V3.0\DEPRECATED_ARCHIVE\file_exception.py,"invalid non-printable character U+FEFF (<unknown>, line 1)"
,E:\football_v\99_DOCUMENTATION\architecture_cleanup\FINAL_CLEANUP_V3.0\DEPRECATED_ARCHIVE\file_service.py,"invalid non-printable character U+FEFF (<unknown>, line 1)"
super,E:\football_v\99_DOCUMENTATION\architecture_cleanup\FINAL_CLEANUP_V3.0\DEPRECATED_ARCHIVE\formatter.py,
FootballFormatter,E:\football_v\99_DOCUMENTATION\architecture_cleanup\FINAL_CLEANUP_V3.0\DEPRECATED_ARCHIVE\handlers.py,
FootballFormatter,E:\football_v\99_DOCUMENTATION\architecture_cleanup\FINAL_CLEANUP_V3.0\DEPRECATED_ARCHIVE\handlers.py,
,E:\football_v\99_DOCUMENTATION\architecture_cleanup\FINAL_CLEANUP_V3.0\DEPRECATED_ARCHIVE\hash_service.py,"invalid non-printable character U+FEFF (<unknown>, line 1)"
open,E:\football_v\99_DOCUMENTATION\architecture_cleanup\FINAL_CLEANUP_V3.0\DEPRECATED_ARCHIVE\logger.py,
,E:\football_v\99_DOCUMENTATION\architecture_cleanup\FINAL_CLEANUP_V3.0\DEPRECATED_ARCHIVE\odds_input.py,"invalid decimal literal (<unknown>, line 3)"
,E:\football_v\99_DOCUMENTATION\architecture_cleanup\FINAL_CLEANUP_V3.0\DEPRECATED_ARCHIVE\prediction_report.py,"invalid decimal literal (<unknown>, line 3)"
,E:\football_v\99_DOCUMENTATION\architecture_cleanup\FINAL_CLEANUP_V3.0\DEPRECATED_ARCHIVE\runtime_engine.py,"invalid decimal literal (<unknown>, line 3)"
,E:\football_v\99_DOCUMENTATION\architecture_cleanup\FINAL_CLEANUP_V3.0\DEPRECATED_ARCHIVE\schema_validator.py,"invalid non-printable character U+FEFF (<unknown>, line 1)"
,E:\football_v\99_DOCUMENTATION\architecture_cleanup\FINAL_CLEANUP_V3.0\DEPRECATED_ARCHIVE\validation_exception.py,"invalid non-printable character U+FEFF (<unknown>, line 1)"
,E:\football_v\99_DOCUMENTATION\architecture_cleanup\FINAL_CLEANUP_V3.0\DEPRECATED_ARCHIVE\validation_result.py,"invalid non-printable character U+FEFF (<unknown>, line 1)"
,E:\football_v\99_DOCUMENTATION\architecture_cleanup\FINAL_CLEANUP_V3.0\DEPRECATED_ARCHIVE\version_service.py,"invalid non-printable character U+FEFF (<unknown>, line 1)"
,E:\football_v\99_DOCUMENTATION\architecture_cleanup\FINAL_CLEANUP_V3.0\DEPRECATED_ARCHIVE\__init__.py,"invalid non-printable character U+FEFF (<unknown>, line 1)"
,E:\football_v\99_DOCUMENTATION\architecture_cleanup\tools\code_reference_impact_scan.py,"invalid non-printable character U+FEFF (<unknown>, line 1)"
,E:\football_v\99_DOCUMENTATION\architecture_cleanup\tools\code_reference_impact_scan_v1_1.py,"invalid non-printable character U+FEFF (<unknown>, line 1)"
,E:\football_v\99_DOCUMENTATION\architecture_cleanup\tools\duplicate_scanner_V1.0.py,"invalid non-printable character U+FEFF (<unknown>, line 1)"
,E:\football_v\99_DOCUMENTATION\architecture_cleanup\tools\merge_planner_V1.0.py,"invalid non-printable character U+FEFF (<unknown>, line 1)"
open,E:\football_v\99_DOCUMENTATION\backup\Core_Backup_V1.2\core\logger.py,
,E:\football_v\99_DOCUMENTATION\backup\Core_Cleanup_Patch_V12\framework_initializer_backup.py,"invalid non-printable character U+FEFF (<unknown>, line 1)"
,E:\football_v\99_DOCUMENTATION\backup\logger_cleanup_v13\logger.py,"invalid non-printable character U+FEFF (<unknown>, line 1)"
open,E:\football_v\99_DOCUMENTATION\backup\Storage_Merge_V1.0\storage_manager.py,
iter,E:\football_v\99_DOCUMENTATION\backup\Storage_Merge_V1.0\storage_manager.py,
str,E:\football_v\99_DOCUMENTATION\backup\Storage_Merge_V1.0\storage_manager.py,
,E:\football_v\99_DOCUMENTATION\checkpoints\database_backup_v11\db_connection_backup.py,"invalid non-printable character U+FEFF (<unknown>, line 1)"
,E:\football_v\99_DOCUMENTATION\checkpoints\exception_backup_v10\exception\base_exception.py,"invalid non-printable character U+FEFF (<unknown>, line 1)"
,E:\football_v\99_DOCUMENTATION\checkpoints\exception_backup_v10\exception\__init__.py,"invalid non-printable character U+FEFF (<unknown>, line 1)"
ensure_folder,E:\football_v\99_DOCUMENTATION\checkpoints\file_service_backup_v11\file_service_backup.py,
open,E:\football_v\99_DOCUMENTATION\checkpoints\hash_service_backup_v11\hash_service_backup.py,
,E:\football_v\99_DOCUMENTATION\tools\architecture_cleanup_scanner_V1.0.py,"invalid non-printable character U+FEFF (<unknown>, line 1)"
print,E:\football_v\99_DOCUMENTATION\tools\save_checkpoint.py,
print,E:\football_v\99_DOCUMENTATION\tools\save_checkpoint.py,
print,E:\football_v\99_DOCUMENTATION\tools\save_checkpoint.py,
print,E:\football_v\99_DOCUMENTATION\tools\save_checkpoint.py,
open,E:\football_v\99_DOCUMENTATION\tools\save_checkpoint.py,
,E:\football_v\AI_RUNTIME\ai_report.py,"invalid non-printable character U+FEFF (<unknown>, line 1)"
,E:\football_v\AI_RUNTIME\console.py,"invalid non-printable character U+FEFF (<unknown>, line 1)"
,E:\football_v\AI_RUNTIME\engine.py,"invalid non-printable character U+FEFF (<unknown>, line 1)"
,E:\football_v\AI_RUNTIME\final_decision.py,"invalid non-printable character U+FEFF (<unknown>, line 1)"
,E:\football_v\AI_RUNTIME\model_connector.py,"invalid non-printable character U+FEFF (<unknown>, line 1)"
,E:\football_v\AI_RUNTIME\model_fusion.py,"invalid non-printable character U+FEFF (<unknown>, line 1)"
,E:\football_v\AI_RUNTIME\model_outputs.py,"invalid non-printable character U+FEFF (<unknown>, line 1)"
,E:\football_v\AI_RUNTIME\model_runtime_connector.py,"invalid non-printable character U+FEFF (<unknown>, line 1)"
,E:\football_v\AI_RUNTIME\prediction_executor.py,"invalid non-printable character U+FEFF (<unknown>, line 1)"
,E:\football_v\AI_RUNTIME\router.py,"invalid non-printable character U+FEFF (<unknown>, line 1)"
print,E:\football_v\AI_RUNTIME\runtime.py,
print,E:\football_v\AI_RUNTIME\runtime.py,
print,E:\football_v\AI_RUNTIME\runtime.py,
print,E:\football_v\AI_RUNTIME\runtime.py,
print,E:\football_v\AI_RUNTIME\runtime.py,
print,E:\football_v\AI_RUNTIME\runtime.py,
,E:\football_v\archive\common_service_migration\common_service_migration_check.py,"invalid non-printable character U+FEFF (<unknown>, line 1)"
,E:\football_v\archive\common_service_migration\core_service_compare.py,"invalid non-printable character U+FEFF (<unknown>, line 1)"
,E:\football_v\archive\common_service_migration\core_service_compare_v2.py,"invalid non-printable character U+FEFF (<unknown>, line 1)"
,E:\football_v\archive\logger_migration\logger_core_merge_v1.py,"invalid non-printable character U+FEFF (<unknown>, line 1)"
,E:\football_v\archive\logger_migration\logger_upgrade_v1.py,"invalid non-printable character U+FEFF (<unknown>, line 1)"
,E:\football_v\deploy\deploy_v15_phase2.py,"invalid syntax (<unknown>, line 1)"
,E:\football_v\deploy\deploy_v15_phase2_patch2.py,"invalid non-printable character U+FEFF (<unknown>, line 1)"
open,E:\football_v\deploy\deploy_v15_phase3_11_knowledge_graph.py,
,E:\football_v\deploy\deploy_v15_phase3_12_15_core_intelligence.py,"invalid non-printable character U+FEFF (<unknown>, line 1)"
open,E:\football_v\deploy\deploy_v15_phase3_6.py,
open,E:\football_v\deploy\deploy_v15_phase3_7_real.py,
,E:\football_v\deploy\deploy_v15_phase3_8_10.py,"invalid non-printable character U+FEFF (<unknown>, line 1)"
,E:\football_v\deploy\deploy_v15_phase4_core_prediction.py,"invalid non-printable character U+FEFF (<unknown>, line 1)"
open,E:\football_v\deploy\deploy_v15_phase5_core.py,
open,E:\football_v\deploy\deploy_v15_phase6_training.py,
,E:\football_v\deployment_scripts\application_layer_db_test_tmp.py,"invalid non-printable character U+FEFF (<unknown>, line 1)"
,E:\football_v\deployment_scripts\application_layer_V2.5_initializer.py,"invalid non-printable character U+FEFF (<unknown>, line 1)"
,E:\football_v\deployment_scripts\audit_feedback_flow_v4.py,"invalid non-printable character U+FEFF (<unknown>, line 1)"
,E:\football_v\deployment_scripts\audit_feedback_pipeline.py,"invalid non-printable character U+FEFF (<unknown>, line 1)"
,E:\football_v\deployment_scripts\audit_learning_database_schema_v4.py,"invalid non-printable character U+FEFF (<unknown>, line 1)"
,E:\football_v\deployment_scripts\audit_learning_pipeline_final.py,"invalid non-printable character U+FEFF (<unknown>, line 1)"
,E:\football_v\deployment_scripts\audit_self_learning_engine_v4.py,"invalid non-printable character U+FEFF (<unknown>, line 1)"
,E:\football_v\deployment_scripts\check_database_migration_V1.0.py,"invalid non-printable character U+FEFF (<unknown>, line 1)"
,E:\football_v\deployment_scripts\check_feedback_tables.py,"invalid non-printable character U+FEFF (<unknown>, line 1)"
,E:\football_v\deployment_scripts\check_learning_feedback_db.py,"invalid non-printable character U+FEFF (<unknown>, line 1)"
,E:\football_v\deployment_scripts\check_prediction_feedback_count.py,"invalid non-printable character U+FEFF (<unknown>, line 1)"
,E:\football_v\deployment_scripts\check_prediction_feedback_table.py,"invalid non-printable character U+FEFF (<unknown>, line 1)"
,E:\football_v\deployment_scripts\check_prediction_result_schema.py,"invalid non-printable character U+FEFF (<unknown>, line 1)"
,E:\football_v\deployment_scripts\create_prediction_feedback_table.py,"invalid non-printable character U+FEFF (<unknown>, line 1)"
,E:\football_v\deployment_scripts\database_four_check_engine_V1.0.py,"invalid non-printable character U+FEFF (<unknown>, line 1)"
,E:\football_v\deployment_scripts\database_init_system_db_V2.2.3.py,"invalid non-printable character U+FEFF (<unknown>, line 1)"
,E:\football_v\deployment_scripts\database_system_db_migration_V2.2.2.py,"invalid non-printable character U+FEFF (<unknown>, line 1)"
,E:\football_v\deployment_scripts\database_system_db_validation_V2.2.4.py,"invalid non-printable character U+FEFF (<unknown>, line 1)"
,E:\football_v\deployment_scripts\database_unified_migration_engine_V2.2.py,"invalid non-printable character U+FEFF (<unknown>, line 1)"
,E:\football_v\deployment_scripts\database_unified_validation_V2.2.1.py,"invalid non-printable character U+FEFF (<unknown>, line 1)"
,E:\football_v\deployment_scripts\db_check_tmp.py,"invalid non-printable character U+FEFF (<unknown>, line 1)"
,E:\football_v\deployment_scripts\decision_layer_db_test_tmp.py,"invalid non-printable character U+FEFF (<unknown>, line 1)"
,E:\football_v\deployment_scripts\decision_layer_V2.4_initializer.py,"invalid non-printable character U+FEFF (<unknown>, line 1)"
,E:\football_v\deployment_scripts\deploy_ai_intelligence_batch_02_06_V2.0.py,"invalid non-printable character U+FEFF (<unknown>, line 1)"
,E:\football_v\deployment_scripts\deploy_feature_engine_history_V1.0.1.py,"invalid non-printable character U+FEFF (<unknown>, line 1)"
,E:\football_v\deployment_scripts\deploy_feature_engine_history_V1.0.py,"invalid non-printable character U+FEFF (<unknown>, line 1)"
,E:\football_v\deployment_scripts\deploy_feature_model_layer_V1.0.py,"invalid non-printable character U+FEFF (<unknown>, line 1)"
,E:\football_v\deployment_scripts\deploy_football_ai_os_unified_V2.1.py,"invalid non-printable character U+FEFF (<unknown>, line 1)"
,E:\football_v\deployment_scripts\deploy_full_prediction_ai_V2.1.py,"invalid non-printable character U+FEFF (<unknown>, line 1)"
,E:\football_v\deployment_scripts\deploy_phase10_batch02_real_model_V1.0.py,"invalid non-printable character U+FEFF (<unknown>, line 1)"
,E:\football_v\deployment_scripts\deploy_prediction_engine_V1.0.py,"invalid non-printable character U+FEFF (<unknown>, line 1)"
,E:\football_v\deployment_scripts\deploy_prediction_engine_V1.1_REAL_FIX.py,"invalid non-printable character U+FEFF (<unknown>, line 1)"
,E:\football_v\deployment_scripts\deploy_prediction_intelligence_batch_01_V2.0.py,"invalid non-printable character U+FEFF (<unknown>, line 1)"
,E:\football_v\deployment_scripts\deploy_prediction_intelligence_V1.4_REAL.py,"invalid non-printable character U+FEFF (<unknown>, line 1)"
,E:\football_v\deployment_scripts\deploy_prediction_patch_V2.1.1.py,"invalid non-printable character U+FEFF (<unknown>, line 1)"
,E:\football_v\deployment_scripts\deploy_prediction_phase_V1.2_batch.py,"invalid non-printable character U+FEFF (<unknown>, line 1)"
open,E:\football_v\deployment_scripts\deploy_remaining_batch_V1.5.py,
str,E:\football_v\deployment_scripts\deploy_remaining_batch_V1.5.py,
open,E:\football_v\deployment_scripts\deploy_remaining_batch_V1.5.py,
open,E:\football_v\deployment_scripts\deploy_remaining_batch_V1.5.py,
,E:\football_v\deployment_scripts\deploy_training_engine_batch_01_V2.0.py,"invalid non-printable character U+FEFF (<unknown>, line 1)"
,E:\football_v\deployment_scripts\football_ai_os_V2.0_real_engine.py,"invalid non-printable character U+FEFF (<unknown>, line 1)"
,E:\football_v\deployment_scripts\global_audit.py,"invalid non-printable character U+FEFF (<unknown>, line 1)"
,E:\football_v\deployment_scripts\integration_layer_V2.6_initializer.py,"invalid non-printable character U+FEFF (<unknown>, line 1)"
,E:\football_v\deployment_scripts\model_layer_V2.3_initializer.py,"invalid non-printable character U+FEFF (<unknown>, line 1)"
,E:\football_v\deployment_scripts\model_migration_engine_V1.0.py,"invalid non-printable character U+FEFF (<unknown>, line 1)"
,E:\football_v\deployment_scripts\model_migration_engine_V1.1.py,"invalid non-printable character U+FEFF (<unknown>, line 1)"
,E:\football_v\deployment_scripts\prediction_database_test_V1.3.py,"invalid non-printable character U+FEFF (<unknown>, line 1)"
,E:\football_v\deployment_scripts\prediction_database_test_V1.4.py,"invalid non-printable character U+FEFF (<unknown>, line 1)"
,E:\football_v\deployment_scripts\prediction_intelligence_init_V1.3_FIX.py,"invalid non-printable character U+FEFF (<unknown>, line 1)"
,E:\football_v\deployment_scripts\test_feedback_connector.py,"invalid non-printable character U+FEFF (<unknown>, line 1)"
,E:\football_v\deployment_scripts\upgrade_model_registry_schema_V1.0.py,"invalid non-printable character U+FEFF (<unknown>, line 1)"
,E:\football_v\tools\code_logic_duplicate_impact_scan.py,"invalid non-printable character U+FEFF (<unknown>, line 1)"
,E:\football_v\tools\code_logic_duplicate_scanner.py,"invalid non-printable character U+FEFF (<unknown>, line 1)"
,E:\football_v\tools\code_logic_duplicate_scanner_v2.py,"invalid non-printable character U+FEFF (<unknown>, line 1)"
route,E:\football_v\USER_INTERFACE_LAYER\chat_runtime.py,
call_system,E:\football_v\USER_INTERFACE_LAYER\chat_runtime.py,
