file,class
E:\football_v\.venv\Lib\site-packages\pip\__pip-runner__.py,PipImportRedirectingFinder
E:\football_v\.venv\Lib\site-packages\pip\_internal\build_env.py,_Prefix
E:\football_v\.venv\Lib\site-packages\pip\_internal\build_env.py,BuildEnvironment
E:\football_v\.venv\Lib\site-packages\pip\_internal\build_env.py,NoOpBuildEnvironment
E:\football_v\.venv\Lib\site-packages\pip\_internal\cache.py,Cache
E:\football_v\.venv\Lib\site-packages\pip\_internal\cache.py,SimpleWheelCache
E:\football_v\.venv\Lib\site-packages\pip\_internal\cache.py,EphemWheelCache
E:\football_v\.venv\Lib\site-packages\pip\_internal\cache.py,CacheEntry
E:\football_v\.venv\Lib\site-packages\pip\_internal\cache.py,WheelCache
E:\football_v\.venv\Lib\site-packages\pip\_internal\configuration.py,Configuration
E:\football_v\.venv\Lib\site-packages\pip\_internal\exceptions.py,PipError
E:\football_v\.venv\Lib\site-packages\pip\_internal\exceptions.py,DiagnosticPipError
E:\football_v\.venv\Lib\site-packages\pip\_internal\exceptions.py,ConfigurationError
E:\football_v\.venv\Lib\site-packages\pip\_internal\exceptions.py,InstallationError
E:\football_v\.venv\Lib\site-packages\pip\_internal\exceptions.py,MissingPyProjectBuildRequires
E:\football_v\.venv\Lib\site-packages\pip\_internal\exceptions.py,InvalidPyProjectBuildRequires
E:\football_v\.venv\Lib\site-packages\pip\_internal\exceptions.py,NoneMetadataError
E:\football_v\.venv\Lib\site-packages\pip\_internal\exceptions.py,UserInstallationInvalid
E:\football_v\.venv\Lib\site-packages\pip\_internal\exceptions.py,InvalidSchemeCombination
E:\football_v\.venv\Lib\site-packages\pip\_internal\exceptions.py,DistributionNotFound
E:\football_v\.venv\Lib\site-packages\pip\_internal\exceptions.py,RequirementsFileParseError
E:\football_v\.venv\Lib\site-packages\pip\_internal\exceptions.py,BestVersionAlreadyInstalled
E:\football_v\.venv\Lib\site-packages\pip\_internal\exceptions.py,BadCommand
E:\football_v\.venv\Lib\site-packages\pip\_internal\exceptions.py,CommandError
E:\football_v\.venv\Lib\site-packages\pip\_internal\exceptions.py,PreviousBuildDirError
E:\football_v\.venv\Lib\site-packages\pip\_internal\exceptions.py,NetworkConnectionError
E:\football_v\.venv\Lib\site-packages\pip\_internal\exceptions.py,InvalidWheelFilename
E:\football_v\.venv\Lib\site-packages\pip\_internal\exceptions.py,UnsupportedWheel
E:\football_v\.venv\Lib\site-packages\pip\_internal\exceptions.py,InvalidWheel
E:\football_v\.venv\Lib\site-packages\pip\_internal\exceptions.py,MetadataInconsistent
E:\football_v\.venv\Lib\site-packages\pip\_internal\exceptions.py,MetadataInvalid
E:\football_v\.venv\Lib\site-packages\pip\_internal\exceptions.py,InstallationSubprocessError
E:\football_v\.venv\Lib\site-packages\pip\_internal\exceptions.py,MetadataGenerationFailed
E:\football_v\.venv\Lib\site-packages\pip\_internal\exceptions.py,HashErrors
E:\football_v\.venv\Lib\site-packages\pip\_internal\exceptions.py,HashError
E:\football_v\.venv\Lib\site-packages\pip\_internal\exceptions.py,VcsHashUnsupported
E:\football_v\.venv\Lib\site-packages\pip\_internal\exceptions.py,DirectoryUrlHashUnsupported
E:\football_v\.venv\Lib\site-packages\pip\_internal\exceptions.py,HashMissing
E:\football_v\.venv\Lib\site-packages\pip\_internal\exceptions.py,HashUnpinned
E:\football_v\.venv\Lib\site-packages\pip\_internal\exceptions.py,HashMismatch
E:\football_v\.venv\Lib\site-packages\pip\_internal\exceptions.py,UnsupportedPythonVersion
E:\football_v\.venv\Lib\site-packages\pip\_internal\exceptions.py,ConfigurationFileCouldNotBeLoaded
E:\football_v\.venv\Lib\site-packages\pip\_internal\exceptions.py,ExternallyManagedEnvironment
E:\football_v\.venv\Lib\site-packages\pip\_internal\exceptions.py,UninstallMissingRecord
E:\football_v\.venv\Lib\site-packages\pip\_internal\exceptions.py,LegacyDistutilsInstall
E:\football_v\.venv\Lib\site-packages\pip\_internal\exceptions.py,InvalidInstalledPackage
E:\football_v\.venv\Lib\site-packages\pip\_internal\self_outdated_check.py,SelfCheckState
E:\football_v\.venv\Lib\site-packages\pip\_internal\self_outdated_check.py,UpgradePrompt
E:\football_v\.venv\Lib\site-packages\pip\_internal\cli\base_command.py,Command
E:\football_v\.venv\Lib\site-packages\pip\_internal\cli\cmdoptions.py,PipOption
E:\football_v\.venv\Lib\site-packages\pip\_internal\cli\command_context.py,CommandContextMixIn
E:\football_v\.venv\Lib\site-packages\pip\_internal\cli\index_command.py,SessionCommandMixin
E:\football_v\.venv\Lib\site-packages\pip\_internal\cli\index_command.py,IndexGroupCommand
E:\football_v\.venv\Lib\site-packages\pip\_internal\cli\parser.py,PrettyHelpFormatter
E:\football_v\.venv\Lib\site-packages\pip\_internal\cli\parser.py,UpdatingDefaultsHelpFormatter
E:\football_v\.venv\Lib\site-packages\pip\_internal\cli\parser.py,CustomOptionParser
E:\football_v\.venv\Lib\site-packages\pip\_internal\cli\parser.py,ConfigOptionParser
E:\football_v\.venv\Lib\site-packages\pip\_internal\cli\req_command.py,RequirementCommand
E:\football_v\.venv\Lib\site-packages\pip\_internal\cli\spinners.py,SpinnerInterface
E:\football_v\.venv\Lib\site-packages\pip\_internal\cli\spinners.py,InteractiveSpinner
E:\football_v\.venv\Lib\site-packages\pip\_internal\cli\spinners.py,NonInteractiveSpinner
E:\football_v\.venv\Lib\site-packages\pip\_internal\cli\spinners.py,RateLimiter
E:\football_v\.venv\Lib\site-packages\pip\_internal\commands\cache.py,CacheCommand
E:\football_v\.venv\Lib\site-packages\pip\_internal\commands\check.py,CheckCommand
E:\football_v\.venv\Lib\site-packages\pip\_internal\commands\completion.py,CompletionCommand
E:\football_v\.venv\Lib\site-packages\pip\_internal\commands\configuration.py,ConfigurationCommand
E:\football_v\.venv\Lib\site-packages\pip\_internal\commands\debug.py,DebugCommand
E:\football_v\.venv\Lib\site-packages\pip\_internal\commands\download.py,DownloadCommand
E:\football_v\.venv\Lib\site-packages\pip\_internal\commands\freeze.py,FreezeCommand
E:\football_v\.venv\Lib\site-packages\pip\_internal\commands\hash.py,HashCommand
E:\football_v\.venv\Lib\site-packages\pip\_internal\commands\help.py,HelpCommand
E:\football_v\.venv\Lib\site-packages\pip\_internal\commands\index.py,IndexCommand
E:\football_v\.venv\Lib\site-packages\pip\_internal\commands\inspect.py,InspectCommand
E:\football_v\.venv\Lib\site-packages\pip\_internal\commands\install.py,InstallCommand
E:\football_v\.venv\Lib\site-packages\pip\_internal\commands\list.py,ListCommand
E:\football_v\.venv\Lib\site-packages\pip\_internal\commands\list.py,_DistWithLatestInfo
E:\football_v\.venv\Lib\site-packages\pip\_internal\commands\search.py,SearchCommand
E:\football_v\.venv\Lib\site-packages\pip\_internal\commands\search.py,TransformedHit
E:\football_v\.venv\Lib\site-packages\pip\_internal\commands\show.py,ShowCommand
E:\football_v\.venv\Lib\site-packages\pip\_internal\commands\show.py,_PackageInfo
E:\football_v\.venv\Lib\site-packages\pip\_internal\commands\uninstall.py,UninstallCommand
E:\football_v\.venv\Lib\site-packages\pip\_internal\commands\wheel.py,WheelCommand
E:\football_v\.venv\Lib\site-packages\pip\_internal\distributions\base.py,AbstractDistribution
E:\football_v\.venv\Lib\site-packages\pip\_internal\distributions\installed.py,InstalledDistribution
E:\football_v\.venv\Lib\site-packages\pip\_internal\distributions\sdist.py,SourceDistribution
E:\football_v\.venv\Lib\site-packages\pip\_internal\distributions\wheel.py,WheelDistribution
E:\football_v\.venv\Lib\site-packages\pip\_internal\index\collector.py,_NotAPIContent
E:\football_v\.venv\Lib\site-packages\pip\_internal\index\collector.py,_NotHTTP
E:\football_v\.venv\Lib\site-packages\pip\_internal\index\collector.py,CacheablePageContent
E:\football_v\.venv\Lib\site-packages\pip\_internal\index\collector.py,ParseLinks
E:\football_v\.venv\Lib\site-packages\pip\_internal\index\collector.py,IndexContent
E:\football_v\.venv\Lib\site-packages\pip\_internal\index\collector.py,HTMLLinkParser
E:\football_v\.venv\Lib\site-packages\pip\_internal\index\collector.py,CollectedSources
E:\football_v\.venv\Lib\site-packages\pip\_internal\index\collector.py,LinkCollector
E:\football_v\.venv\Lib\site-packages\pip\_internal\index\package_finder.py,LinkType
E:\football_v\.venv\Lib\site-packages\pip\_internal\index\package_finder.py,LinkEvaluator
E:\football_v\.venv\Lib\site-packages\pip\_internal\index\package_finder.py,CandidatePreferences
E:\football_v\.venv\Lib\site-packages\pip\_internal\index\package_finder.py,BestCandidateResult
E:\football_v\.venv\Lib\site-packages\pip\_internal\index\package_finder.py,CandidateEvaluator
E:\football_v\.venv\Lib\site-packages\pip\_internal\index\package_finder.py,PackageFinder
E:\football_v\.venv\Lib\site-packages\pip\_internal\index\sources.py,LinkSource
E:\football_v\.venv\Lib\site-packages\pip\_internal\index\sources.py,_FlatDirectoryToUrls
E:\football_v\.venv\Lib\site-packages\pip\_internal\index\sources.py,_FlatDirectorySource
E:\football_v\.venv\Lib\site-packages\pip\_internal\index\sources.py,_LocalFileSource
E:\football_v\.venv\Lib\site-packages\pip\_internal\index\sources.py,_RemoteFileSource
E:\football_v\.venv\Lib\site-packages\pip\_internal\index\sources.py,_IndexDirectorySource
E:\football_v\.venv\Lib\site-packages\pip\_internal\metadata\base.py,BaseEntryPoint
E:\football_v\.venv\Lib\site-packages\pip\_internal\metadata\base.py,RequiresEntry
E:\football_v\.venv\Lib\site-packages\pip\_internal\metadata\base.py,BaseDistribution
E:\football_v\.venv\Lib\site-packages\pip\_internal\metadata\base.py,BaseEnvironment
E:\football_v\.venv\Lib\site-packages\pip\_internal\metadata\base.py,Wheel
E:\football_v\.venv\Lib\site-packages\pip\_internal\metadata\base.py,FilesystemWheel
E:\football_v\.venv\Lib\site-packages\pip\_internal\metadata\base.py,MemoryWheel
E:\football_v\.venv\Lib\site-packages\pip\_internal\metadata\pkg_resources.py,EntryPoint
E:\football_v\.venv\Lib\site-packages\pip\_internal\metadata\pkg_resources.py,InMemoryMetadata
E:\football_v\.venv\Lib\site-packages\pip\_internal\metadata\pkg_resources.py,Distribution
E:\football_v\.venv\Lib\site-packages\pip\_internal\metadata\pkg_resources.py,Environment
E:\football_v\.venv\Lib\site-packages\pip\_internal\metadata\__init__.py,Backend
E:\football_v\.venv\Lib\site-packages\pip\_internal\metadata\importlib\_compat.py,BadMetadata
E:\football_v\.venv\Lib\site-packages\pip\_internal\metadata\importlib\_compat.py,BasePath
E:\football_v\.venv\Lib\site-packages\pip\_internal\metadata\importlib\_dists.py,WheelDistribution
E:\football_v\.venv\Lib\site-packages\pip\_internal\metadata\importlib\_dists.py,Distribution
E:\football_v\.venv\Lib\site-packages\pip\_internal\metadata\importlib\_envs.py,_DistributionFinder
E:\football_v\.venv\Lib\site-packages\pip\_internal\metadata\importlib\_envs.py,Environment
E:\football_v\.venv\Lib\site-packages\pip\_internal\models\candidate.py,InstallationCandidate
E:\football_v\.venv\Lib\site-packages\pip\_internal\models\direct_url.py,DirectUrlValidationError
E:\football_v\.venv\Lib\site-packages\pip\_internal\models\direct_url.py,VcsInfo
E:\football_v\.venv\Lib\site-packages\pip\_internal\models\direct_url.py,ArchiveInfo
E:\football_v\.venv\Lib\site-packages\pip\_internal\models\direct_url.py,DirInfo
E:\football_v\.venv\Lib\site-packages\pip\_internal\models\direct_url.py,DirectUrl
E:\football_v\.venv\Lib\site-packages\pip\_internal\models\format_control.py,FormatControl
E:\football_v\.venv\Lib\site-packages\pip\_internal\models\index.py,PackageIndex
E:\football_v\.venv\Lib\site-packages\pip\_internal\models\installation_report.py,InstallationReport
E:\football_v\.venv\Lib\site-packages\pip\_internal\models\link.py,LinkHash
E:\football_v\.venv\Lib\site-packages\pip\_internal\models\link.py,MetadataFile
E:\football_v\.venv\Lib\site-packages\pip\_internal\models\link.py,Link
E:\football_v\.venv\Lib\site-packages\pip\_internal\models\link.py,_CleanResult
E:\football_v\.venv\Lib\site-packages\pip\_internal\models\scheme.py,Scheme
E:\football_v\.venv\Lib\site-packages\pip\_internal\models\search_scope.py,SearchScope
E:\football_v\.venv\Lib\site-packages\pip\_internal\models\selection_prefs.py,SelectionPreferences
E:\football_v\.venv\Lib\site-packages\pip\_internal\models\target_python.py,TargetPython
E:\football_v\.venv\Lib\site-packages\pip\_internal\models\wheel.py,Wheel
E:\football_v\.venv\Lib\site-packages\pip\_internal\network\auth.py,Credentials
E:\football_v\.venv\Lib\site-packages\pip\_internal\network\auth.py,KeyRingBaseProvider
E:\football_v\.venv\Lib\site-packages\pip\_internal\network\auth.py,KeyRingNullProvider
E:\football_v\.venv\Lib\site-packages\pip\_internal\network\auth.py,KeyRingPythonProvider
E:\football_v\.venv\Lib\site-packages\pip\_internal\network\auth.py,KeyRingCliProvider
E:\football_v\.venv\Lib\site-packages\pip\_internal\network\auth.py,MultiDomainBasicAuth
E:\football_v\.venv\Lib\site-packages\pip\_internal\network\cache.py,SafeFileCache
E:\football_v\.venv\Lib\site-packages\pip\_internal\network\download.py,Downloader
E:\football_v\.venv\Lib\site-packages\pip\_internal\network\download.py,BatchDownloader
E:\football_v\.venv\Lib\site-packages\pip\_internal\network\lazy_wheel.py,HTTPRangeRequestUnsupported
E:\football_v\.venv\Lib\site-packages\pip\_internal\network\lazy_wheel.py,LazyZipOverHTTP
E:\football_v\.venv\Lib\site-packages\pip\_internal\network\session.py,LocalFSAdapter
E:\football_v\.venv\Lib\site-packages\pip\_internal\network\session.py,_SSLContextAdapterMixin
E:\football_v\.venv\Lib\site-packages\pip\_internal\network\session.py,HTTPAdapter
E:\football_v\.venv\Lib\site-packages\pip\_internal\network\session.py,CacheControlAdapter
E:\football_v\.venv\Lib\site-packages\pip\_internal\network\session.py,InsecureHTTPAdapter
E:\football_v\.venv\Lib\site-packages\pip\_internal\network\session.py,InsecureCacheControlAdapter
E:\football_v\.venv\Lib\site-packages\pip\_internal\network\session.py,PipSession
E:\football_v\.venv\Lib\site-packages\pip\_internal\network\xmlrpc.py,PipXmlrpcTransport
E:\football_v\.venv\Lib\site-packages\pip\_internal\operations\check.py,PackageDetails
E:\football_v\.venv\Lib\site-packages\pip\_internal\operations\freeze.py,_EditableInfo
E:\football_v\.venv\Lib\site-packages\pip\_internal\operations\freeze.py,FrozenRequirement
E:\football_v\.venv\Lib\site-packages\pip\_internal\operations\prepare.py,File
E:\football_v\.venv\Lib\site-packages\pip\_internal\operations\prepare.py,RequirementPreparer
E:\football_v\.venv\Lib\site-packages\pip\_internal\operations\build\build_tracker.py,TrackerId
E:\football_v\.venv\Lib\site-packages\pip\_internal\operations\build\build_tracker.py,BuildTracker
E:\football_v\.venv\Lib\site-packages\pip\_internal\operations\install\wheel.py,ZipBackedFile
E:\football_v\.venv\Lib\site-packages\pip\_internal\operations\install\wheel.py,ScriptFile
E:\football_v\.venv\Lib\site-packages\pip\_internal\operations\install\wheel.py,MissingCallableSuffix
E:\football_v\.venv\Lib\site-packages\pip\_internal\operations\install\wheel.py,PipScriptMaker
E:\football_v\.venv\Lib\site-packages\pip\_internal\operations\install\wheel.py,File
E:\football_v\.venv\Lib\site-packages\pip\_internal\req\constructors.py,RequirementParts
E:\football_v\.venv\Lib\site-packages\pip\_internal\req\req_file.py,ParsedRequirement
E:\football_v\.venv\Lib\site-packages\pip\_internal\req\req_file.py,ParsedLine
E:\football_v\.venv\Lib\site-packages\pip\_internal\req\req_file.py,RequirementsFileParser
E:\football_v\.venv\Lib\site-packages\pip\_internal\req\req_file.py,OptionParsingError
E:\football_v\.venv\Lib\site-packages\pip\_internal\req\req_install.py,InstallRequirement
E:\football_v\.venv\Lib\site-packages\pip\_internal\req\req_set.py,RequirementSet
E:\football_v\.venv\Lib\site-packages\pip\_internal\req\req_uninstall.py,StashedUninstallPathSet
E:\football_v\.venv\Lib\site-packages\pip\_internal\req\req_uninstall.py,UninstallPathSet
E:\football_v\.venv\Lib\site-packages\pip\_internal\req\req_uninstall.py,UninstallPthEntries
E:\football_v\.venv\Lib\site-packages\pip\_internal\req\__init__.py,InstallationResult
E:\football_v\.venv\Lib\site-packages\pip\_internal\resolution\base.py,BaseResolver
E:\football_v\.venv\Lib\site-packages\pip\_internal\resolution\legacy\resolver.py,Resolver
E:\football_v\.venv\Lib\site-packages\pip\_internal\resolution\resolvelib\base.py,Constraint
E:\football_v\.venv\Lib\site-packages\pip\_internal\resolution\resolvelib\base.py,Requirement
E:\football_v\.venv\Lib\site-packages\pip\_internal\resolution\resolvelib\base.py,Candidate
E:\football_v\.venv\Lib\site-packages\pip\_internal\resolution\resolvelib\candidates.py,_InstallRequirementBackedCandidate
E:\football_v\.venv\Lib\site-packages\pip\_internal\resolution\resolvelib\candidates.py,LinkCandidate
E:\football_v\.venv\Lib\site-packages\pip\_internal\resolution\resolvelib\candidates.py,EditableCandidate
E:\football_v\.venv\Lib\site-packages\pip\_internal\resolution\resolvelib\candidates.py,AlreadyInstalledCandidate
E:\football_v\.venv\Lib\site-packages\pip\_internal\resolution\resolvelib\candidates.py,ExtrasCandidate
E:\football_v\.venv\Lib\site-packages\pip\_internal\resolution\resolvelib\candidates.py,RequiresPythonCandidate
E:\football_v\.venv\Lib\site-packages\pip\_internal\resolution\resolvelib\factory.py,CollectedRootRequirements
E:\football_v\.venv\Lib\site-packages\pip\_internal\resolution\resolvelib\factory.py,Factory
E:\football_v\.venv\Lib\site-packages\pip\_internal\resolution\resolvelib\factory.py,ConflictCause
E:\football_v\.venv\Lib\site-packages\pip\_internal\resolution\resolvelib\found_candidates.py,FoundCandidates
E:\football_v\.venv\Lib\site-packages\pip\_internal\resolution\resolvelib\provider.py,PipProvider
E:\football_v\.venv\Lib\site-packages\pip\_internal\resolution\resolvelib\reporter.py,PipReporter
E:\football_v\.venv\Lib\site-packages\pip\_internal\resolution\resolvelib\reporter.py,PipDebuggingReporter
E:\football_v\.venv\Lib\site-packages\pip\_internal\resolution\resolvelib\requirements.py,ExplicitRequirement
E:\football_v\.venv\Lib\site-packages\pip\_internal\resolution\resolvelib\requirements.py,SpecifierRequirement
E:\football_v\.venv\Lib\site-packages\pip\_internal\resolution\resolvelib\requirements.py,SpecifierWithoutExtrasRequirement
E:\football_v\.venv\Lib\site-packages\pip\_internal\resolution\resolvelib\requirements.py,RequiresPythonRequirement
E:\football_v\.venv\Lib\site-packages\pip\_internal\resolution\resolvelib\requirements.py,UnsatisfiableRequirement
E:\football_v\.venv\Lib\site-packages\pip\_internal\resolution\resolvelib\resolver.py,Resolver
E:\football_v\.venv\Lib\site-packages\pip\_internal\utils\deprecation.py,PipDeprecationWarning
E:\football_v\.venv\Lib\site-packages\pip\_internal\utils\hashes.py,Hashes
E:\football_v\.venv\Lib\site-packages\pip\_internal\utils\hashes.py,MissingHashes
E:\football_v\.venv\Lib\site-packages\pip\_internal\utils\logging.py,BrokenStdoutLoggingError
E:\football_v\.venv\Lib\site-packages\pip\_internal\utils\logging.py,IndentingFormatter
E:\football_v\.venv\Lib\site-packages\pip\_internal\utils\logging.py,IndentedRenderable
E:\football_v\.venv\Lib\site-packages\pip\_internal\utils\logging.py,PipConsole
E:\football_v\.venv\Lib\site-packages\pip\_internal\utils\logging.py,RichPipStreamHandler
E:\football_v\.venv\Lib\site-packages\pip\_internal\utils\logging.py,BetterRotatingFileHandler
E:\football_v\.venv\Lib\site-packages\pip\_internal\utils\logging.py,MaxLevelFilter
E:\football_v\.venv\Lib\site-packages\pip\_internal\utils\logging.py,ExcludeLoggerFilter
E:\football_v\.venv\Lib\site-packages\pip\_internal\utils\misc.py,StreamWrapper
E:\football_v\.venv\Lib\site-packages\pip\_internal\utils\misc.py,HiddenText
E:\football_v\.venv\Lib\site-packages\pip\_internal\utils\misc.py,ConfiguredBuildBackendHookCaller
E:\football_v\.venv\Lib\site-packages\pip\_internal\utils\temp_dir.py,TempDirectoryTypeRegistry
E:\football_v\.venv\Lib\site-packages\pip\_internal\utils\temp_dir.py,_Default
E:\football_v\.venv\Lib\site-packages\pip\_internal\utils\temp_dir.py,TempDirectory
E:\football_v\.venv\Lib\site-packages\pip\_internal\utils\temp_dir.py,AdjacentTempDirectory
E:\football_v\.venv\Lib\site-packages\pip\_internal\utils\_log.py,VerboseLogger
E:\football_v\.venv\Lib\site-packages\pip\_internal\vcs\bazaar.py,Bazaar
E:\football_v\.venv\Lib\site-packages\pip\_internal\vcs\git.py,Git
E:\football_v\.venv\Lib\site-packages\pip\_internal\vcs\mercurial.py,Mercurial
E:\football_v\.venv\Lib\site-packages\pip\_internal\vcs\subversion.py,Subversion
E:\football_v\.venv\Lib\site-packages\pip\_internal\vcs\versioncontrol.py,RemoteNotFoundError
E:\football_v\.venv\Lib\site-packages\pip\_internal\vcs\versioncontrol.py,RemoteNotValidError
E:\football_v\.venv\Lib\site-packages\pip\_internal\vcs\versioncontrol.py,RevOptions
E:\football_v\.venv\Lib\site-packages\pip\_internal\vcs\versioncontrol.py,VcsSupport
E:\football_v\.venv\Lib\site-packages\pip\_internal\vcs\versioncontrol.py,VersionControl
E:\football_v\.venv\Lib\site-packages\pip\_vendor\typing_extensions.py,_Sentinel
E:\football_v\.venv\Lib\site-packages\pip\_vendor\typing_extensions.py,_ExtensionsSpecialForm
E:\football_v\.venv\Lib\site-packages\pip\_vendor\typing_extensions.py,_DefaultMixin
E:\football_v\.venv\Lib\site-packages\pip\_vendor\typing_extensions.py,_TypeVarLikeMeta
E:\football_v\.venv\Lib\site-packages\pip\_vendor\typing_extensions.py,_SpecialForm
E:\football_v\.venv\Lib\site-packages\pip\_vendor\typing_extensions.py,_AnyMeta
E:\football_v\.venv\Lib\site-packages\pip\_vendor\typing_extensions.py,Any
E:\football_v\.venv\Lib\site-packages\pip\_vendor\typing_extensions.py,_LiteralGenericAlias
E:\football_v\.venv\Lib\site-packages\pip\_vendor\typing_extensions.py,_LiteralForm
E:\football_v\.venv\Lib\site-packages\pip\_vendor\typing_extensions.py,_SpecialGenericAlias
E:\football_v\.venv\Lib\site-packages\pip\_vendor\typing_extensions.py,_ProtocolMeta
E:\football_v\.venv\Lib\site-packages\pip\_vendor\typing_extensions.py,Protocol
E:\football_v\.venv\Lib\site-packages\pip\_vendor\typing_extensions.py,SupportsInt
E:\football_v\.venv\Lib\site-packages\pip\_vendor\typing_extensions.py,SupportsFloat
E:\football_v\.venv\Lib\site-packages\pip\_vendor\typing_extensions.py,SupportsComplex
E:\football_v\.venv\Lib\site-packages\pip\_vendor\typing_extensions.py,SupportsBytes
E:\football_v\.venv\Lib\site-packages\pip\_vendor\typing_extensions.py,SupportsIndex
E:\football_v\.venv\Lib\site-packages\pip\_vendor\typing_extensions.py,SupportsAbs
E:\football_v\.venv\Lib\site-packages\pip\_vendor\typing_extensions.py,SupportsRound
E:\football_v\.venv\Lib\site-packages\pip\_vendor\typing_extensions.py,_TypedDictMeta
E:\football_v\.venv\Lib\site-packages\pip\_vendor\typing_extensions.py,_AnnotatedAlias
E:\football_v\.venv\Lib\site-packages\pip\_vendor\typing_extensions.py,Annotated
E:\football_v\.venv\Lib\site-packages\pip\_vendor\typing_extensions.py,NoDefaultTypeMeta
E:\football_v\.venv\Lib\site-packages\pip\_vendor\typing_extensions.py,NoDefaultType
E:\football_v\.venv\Lib\site-packages\pip\_vendor\typing_extensions.py,TypeVar
E:\football_v\.venv\Lib\site-packages\pip\_vendor\typing_extensions.py,_Immutable
E:\football_v\.venv\Lib\site-packages\pip\_vendor\typing_extensions.py,ParamSpecArgs
E:\football_v\.venv\Lib\site-packages\pip\_vendor\typing_extensions.py,ParamSpecKwargs
E:\football_v\.venv\Lib\site-packages\pip\_vendor\typing_extensions.py,_ConcatenateGenericAlias
E:\football_v\.venv\Lib\site-packages\pip\_vendor\typing_extensions.py,deprecated
E:\football_v\.venv\Lib\site-packages\pip\_vendor\typing_extensions.py,_NamedTupleMeta
E:\football_v\.venv\Lib\site-packages\pip\_vendor\typing_extensions.py,Buffer
E:\football_v\.venv\Lib\site-packages\pip\_vendor\typing_extensions.py,NewType
E:\football_v\.venv\Lib\site-packages\pip\_vendor\typing_extensions.py,TypeAliasType
E:\football_v\.venv\Lib\site-packages\pip\_vendor\typing_extensions.py,Doc
E:\football_v\.venv\Lib\site-packages\pip\_vendor\typing_extensions.py,ParamSpec
E:\football_v\.venv\Lib\site-packages\pip\_vendor\typing_extensions.py,ParamSpec
E:\football_v\.venv\Lib\site-packages\pip\_vendor\typing_extensions.py,_ConcatenateForm
E:\football_v\.venv\Lib\site-packages\pip\_vendor\typing_extensions.py,_TypeGuardForm
E:\football_v\.venv\Lib\site-packages\pip\_vendor\typing_extensions.py,_TypeIsForm
E:\football_v\.venv\Lib\site-packages\pip\_vendor\typing_extensions.py,_RequiredForm
E:\football_v\.venv\Lib\site-packages\pip\_vendor\typing_extensions.py,_ReadOnlyForm
E:\football_v\.venv\Lib\site-packages\pip\_vendor\typing_extensions.py,_UnpackSpecialForm
E:\football_v\.venv\Lib\site-packages\pip\_vendor\typing_extensions.py,_UnpackAlias
E:\football_v\.venv\Lib\site-packages\pip\_vendor\typing_extensions.py,_UnpackAlias
E:\football_v\.venv\Lib\site-packages\pip\_vendor\typing_extensions.py,_UnpackForm
E:\football_v\.venv\Lib\site-packages\pip\_vendor\typing_extensions.py,TypeVarTuple
E:\football_v\.venv\Lib\site-packages\pip\_vendor\typing_extensions.py,TypeVarTuple
E:\football_v\.venv\Lib\site-packages\pip\_vendor\typing_extensions.py,Dummy
E:\football_v\.venv\Lib\site-packages\pip\_vendor\cachecontrol\adapter.py,CacheControlAdapter
E:\football_v\.venv\Lib\site-packages\pip\_vendor\cachecontrol\cache.py,BaseCache
E:\football_v\.venv\Lib\site-packages\pip\_vendor\cachecontrol\cache.py,DictCache
E:\football_v\.venv\Lib\site-packages\pip\_vendor\cachecontrol\cache.py,SeparateBodyBaseCache
E:\football_v\.venv\Lib\site-packages\pip\_vendor\cachecontrol\controller.py,CacheController
E:\football_v\.venv\Lib\site-packages\pip\_vendor\cachecontrol\filewrapper.py,CallbackFileWrapper
E:\football_v\.venv\Lib\site-packages\pip\_vendor\cachecontrol\heuristics.py,BaseHeuristic
E:\football_v\.venv\Lib\site-packages\pip\_vendor\cachecontrol\heuristics.py,OneDayCache
E:\football_v\.venv\Lib\site-packages\pip\_vendor\cachecontrol\heuristics.py,ExpiresAfter
E:\football_v\.venv\Lib\site-packages\pip\_vendor\cachecontrol\heuristics.py,LastModified
E:\football_v\.venv\Lib\site-packages\pip\_vendor\cachecontrol\serialize.py,Serializer
E:\football_v\.venv\Lib\site-packages\pip\_vendor\cachecontrol\caches\file_cache.py,_FileCacheMixin
E:\football_v\.venv\Lib\site-packages\pip\_vendor\cachecontrol\caches\file_cache.py,FileCache
E:\football_v\.venv\Lib\site-packages\pip\_vendor\cachecontrol\caches\file_cache.py,SeparateBodyFileCache
E:\football_v\.venv\Lib\site-packages\pip\_vendor\cachecontrol\caches\redis_cache.py,RedisCache
E:\football_v\.venv\Lib\site-packages\pip\_vendor\distlib\compat.py,ZipExtFile
E:\football_v\.venv\Lib\site-packages\pip\_vendor\distlib\compat.py,ZipFile
E:\football_v\.venv\Lib\site-packages\pip\_vendor\distlib\compat.py,CertificateError
E:\football_v\.venv\Lib\site-packages\pip\_vendor\distlib\compat.py,Container
E:\football_v\.venv\Lib\site-packages\pip\_vendor\distlib\compat.py,ChainMap
E:\football_v\.venv\Lib\site-packages\pip\_vendor\distlib\compat.py,OrderedDict
E:\football_v\.venv\Lib\site-packages\pip\_vendor\distlib\compat.py,ConvertingDict
E:\football_v\.venv\Lib\site-packages\pip\_vendor\distlib\compat.py,ConvertingList
E:\football_v\.venv\Lib\site-packages\pip\_vendor\distlib\compat.py,ConvertingTuple
E:\football_v\.venv\Lib\site-packages\pip\_vendor\distlib\compat.py,BaseConfigurator
E:\football_v\.venv\Lib\site-packages\pip\_vendor\distlib\database.py,_Cache
E:\football_v\.venv\Lib\site-packages\pip\_vendor\distlib\database.py,DistributionPath
E:\football_v\.venv\Lib\site-packages\pip\_vendor\distlib\database.py,Distribution
E:\football_v\.venv\Lib\site-packages\pip\_vendor\distlib\database.py,BaseInstalledDistribution
E:\football_v\.venv\Lib\site-packages\pip\_vendor\distlib\database.py,InstalledDistribution
E:\football_v\.venv\Lib\site-packages\pip\_vendor\distlib\database.py,EggInfoDistribution
E:\football_v\.venv\Lib\site-packages\pip\_vendor\distlib\database.py,DependencyGraph
E:\football_v\.venv\Lib\site-packages\pip\_vendor\distlib\index.py,PackageIndex
E:\football_v\.venv\Lib\site-packages\pip\_vendor\distlib\locators.py,RedirectHandler
E:\football_v\.venv\Lib\site-packages\pip\_vendor\distlib\locators.py,Locator
E:\football_v\.venv\Lib\site-packages\pip\_vendor\distlib\locators.py,PyPIRPCLocator
E:\football_v\.venv\Lib\site-packages\pip\_vendor\distlib\locators.py,PyPIJSONLocator
E:\football_v\.venv\Lib\site-packages\pip\_vendor\distlib\locators.py,Page
E:\football_v\.venv\Lib\site-packages\pip\_vendor\distlib\locators.py,SimpleScrapingLocator
E:\football_v\.venv\Lib\site-packages\pip\_vendor\distlib\locators.py,DirectoryLocator
E:\football_v\.venv\Lib\site-packages\pip\_vendor\distlib\locators.py,JSONLocator
E:\football_v\.venv\Lib\site-packages\pip\_vendor\distlib\locators.py,DistPathLocator
E:\football_v\.venv\Lib\site-packages\pip\_vendor\distlib\locators.py,AggregatingLocator
E:\football_v\.venv\Lib\site-packages\pip\_vendor\distlib\locators.py,DependencyFinder
E:\football_v\.venv\Lib\site-packages\pip\_vendor\distlib\manifest.py,Manifest
E:\football_v\.venv\Lib\site-packages\pip\_vendor\distlib\markers.py,Evaluator
E:\football_v\.venv\Lib\site-packages\pip\_vendor\distlib\metadata.py,MetadataMissingError
E:\football_v\.venv\Lib\site-packages\pip\_vendor\distlib\metadata.py,MetadataConflictError
E:\football_v\.venv\Lib\site-packages\pip\_vendor\distlib\metadata.py,MetadataUnrecognizedVersionError
E:\football_v\.venv\Lib\site-packages\pip\_vendor\distlib\metadata.py,MetadataInvalidError
E:\football_v\.venv\Lib\site-packages\pip\_vendor\distlib\metadata.py,LegacyMetadata
E:\football_v\.venv\Lib\site-packages\pip\_vendor\distlib\metadata.py,Metadata
E:\football_v\.venv\Lib\site-packages\pip\_vendor\distlib\resources.py,ResourceCache
E:\football_v\.venv\Lib\site-packages\pip\_vendor\distlib\resources.py,ResourceBase
E:\football_v\.venv\Lib\site-packages\pip\_vendor\distlib\resources.py,Resource
E:\football_v\.venv\Lib\site-packages\pip\_vendor\distlib\resources.py,ResourceContainer
E:\football_v\.venv\Lib\site-packages\pip\_vendor\distlib\resources.py,ResourceFinder
E:\football_v\.venv\Lib\site-packages\pip\_vendor\distlib\resources.py,ZipResourceFinder
E:\football_v\.venv\Lib\site-packages\pip\_vendor\distlib\scripts.py,ScriptMaker
E:\football_v\.venv\Lib\site-packages\pip\_vendor\distlib\util.py,cached_property
E:\football_v\.venv\Lib\site-packages\pip\_vendor\distlib\util.py,FileOperator
E:\football_v\.venv\Lib\site-packages\pip\_vendor\distlib\util.py,ExportEntry
E:\football_v\.venv\Lib\site-packages\pip\_vendor\distlib\util.py,Cache
E:\football_v\.venv\Lib\site-packages\pip\_vendor\distlib\util.py,EventMixin
E:\football_v\.venv\Lib\site-packages\pip\_vendor\distlib\util.py,Sequencer
E:\football_v\.venv\Lib\site-packages\pip\_vendor\distlib\util.py,Progress
E:\football_v\.venv\Lib\site-packages\pip\_vendor\distlib\util.py,Transport
E:\football_v\.venv\Lib\site-packages\pip\_vendor\distlib\util.py,ServerProxy
E:\football_v\.venv\Lib\site-packages\pip\_vendor\distlib\util.py,CSVBase
E:\football_v\.venv\Lib\site-packages\pip\_vendor\distlib\util.py,CSVReader
E:\football_v\.venv\Lib\site-packages\pip\_vendor\distlib\util.py,CSVWriter
E:\football_v\.venv\Lib\site-packages\pip\_vendor\distlib\util.py,Configurator
E:\football_v\.venv\Lib\site-packages\pip\_vendor\distlib\util.py,SubprocessMixin
E:\football_v\.venv\Lib\site-packages\pip\_vendor\distlib\util.py,PyPIRCFile
E:\football_v\.venv\Lib\site-packages\pip\_vendor\distlib\util.py,HTTPSConnection
E:\football_v\.venv\Lib\site-packages\pip\_vendor\distlib\util.py,HTTPSHandler
E:\football_v\.venv\Lib\site-packages\pip\_vendor\distlib\util.py,HTTPSOnlyHandler
E:\football_v\.venv\Lib\site-packages\pip\_vendor\distlib\util.py,SafeTransport
E:\football_v\.venv\Lib\site-packages\pip\_vendor\distlib\version.py,UnsupportedVersionError
E:\football_v\.venv\Lib\site-packages\pip\_vendor\distlib\version.py,Version
E:\football_v\.venv\Lib\site-packages\pip\_vendor\distlib\version.py,Matcher
E:\football_v\.venv\Lib\site-packages\pip\_vendor\distlib\version.py,NormalizedVersion
E:\football_v\.venv\Lib\site-packages\pip\_vendor\distlib\version.py,NormalizedMatcher
E:\football_v\.venv\Lib\site-packages\pip\_vendor\distlib\version.py,LegacyVersion
E:\football_v\.venv\Lib\site-packages\pip\_vendor\distlib\version.py,LegacyMatcher
E:\football_v\.venv\Lib\site-packages\pip\_vendor\distlib\version.py,SemanticVersion
E:\football_v\.venv\Lib\site-packages\pip\_vendor\distlib\version.py,SemanticMatcher
E:\football_v\.venv\Lib\site-packages\pip\_vendor\distlib\version.py,VersionScheme
E:\football_v\.venv\Lib\site-packages\pip\_vendor\distlib\wheel.py,Mounter
E:\football_v\.venv\Lib\site-packages\pip\_vendor\distlib\wheel.py,Wheel
E:\football_v\.venv\Lib\site-packages\pip\_vendor\distlib\wheel.py,_Version
E:\football_v\.venv\Lib\site-packages\pip\_vendor\distlib\__init__.py,DistlibException
E:\football_v\.venv\Lib\site-packages\pip\_vendor\distlib\__init__.py,NullHandler
E:\football_v\.venv\Lib\site-packages\pip\_vendor\distro\distro.py,VersionDict
E:\football_v\.venv\Lib\site-packages\pip\_vendor\distro\distro.py,InfoDict
E:\football_v\.venv\Lib\site-packages\pip\_vendor\distro\distro.py,LinuxDistribution
E:\football_v\.venv\Lib\site-packages\pip\_vendor\distro\distro.py,cached_property
E:\football_v\.venv\Lib\site-packages\pip\_vendor\idna\codec.py,Codec
E:\football_v\.venv\Lib\site-packages\pip\_vendor\idna\codec.py,IncrementalEncoder
E:\football_v\.venv\Lib\site-packages\pip\_vendor\idna\codec.py,IncrementalDecoder
E:\football_v\.venv\Lib\site-packages\pip\_vendor\idna\codec.py,StreamWriter
E:\football_v\.venv\Lib\site-packages\pip\_vendor\idna\codec.py,StreamReader
E:\football_v\.venv\Lib\site-packages\pip\_vendor\idna\core.py,IDNAError
E:\football_v\.venv\Lib\site-packages\pip\_vendor\idna\core.py,IDNABidiError
E:\football_v\.venv\Lib\site-packages\pip\_vendor\idna\core.py,InvalidCodepoint
E:\football_v\.venv\Lib\site-packages\pip\_vendor\idna\core.py,InvalidCodepointContext
E:\football_v\.venv\Lib\site-packages\pip\_vendor\msgpack\exceptions.py,UnpackException
E:\football_v\.venv\Lib\site-packages\pip\_vendor\msgpack\exceptions.py,BufferFull
E:\football_v\.venv\Lib\site-packages\pip\_vendor\msgpack\exceptions.py,OutOfData
E:\football_v\.venv\Lib\site-packages\pip\_vendor\msgpack\exceptions.py,FormatError
E:\football_v\.venv\Lib\site-packages\pip\_vendor\msgpack\exceptions.py,StackError
E:\football_v\.venv\Lib\site-packages\pip\_vendor\msgpack\exceptions.py,ExtraData
E:\football_v\.venv\Lib\site-packages\pip\_vendor\msgpack\ext.py,ExtType
E:\football_v\.venv\Lib\site-packages\pip\_vendor\msgpack\ext.py,Timestamp
E:\football_v\.venv\Lib\site-packages\pip\_vendor\msgpack\fallback.py,Unpacker
E:\football_v\.venv\Lib\site-packages\pip\_vendor\msgpack\fallback.py,Packer
E:\football_v\.venv\Lib\site-packages\pip\_vendor\msgpack\fallback.py,BytesIO
E:\football_v\.venv\Lib\site-packages\pip\_vendor\packaging\markers.py,InvalidMarker
E:\football_v\.venv\Lib\site-packages\pip\_vendor\packaging\markers.py,UndefinedComparison
E:\football_v\.venv\Lib\site-packages\pip\_vendor\packaging\markers.py,UndefinedEnvironmentName
E:\football_v\.venv\Lib\site-packages\pip\_vendor\packaging\markers.py,Environment
E:\football_v\.venv\Lib\site-packages\pip\_vendor\packaging\markers.py,Marker
E:\football_v\.venv\Lib\site-packages\pip\_vendor\packaging\metadata.py,InvalidMetadata
E:\football_v\.venv\Lib\site-packages\pip\_vendor\packaging\metadata.py,RawMetadata
E:\football_v\.venv\Lib\site-packages\pip\_vendor\packaging\metadata.py,_Validator
E:\football_v\.venv\Lib\site-packages\pip\_vendor\packaging\metadata.py,Metadata
E:\football_v\.venv\Lib\site-packages\pip\_vendor\packaging\metadata.py,ExceptionGroup
E:\football_v\.venv\Lib\site-packages\pip\_vendor\packaging\requirements.py,InvalidRequirement
E:\football_v\.venv\Lib\site-packages\pip\_vendor\packaging\requirements.py,Requirement
E:\football_v\.venv\Lib\site-packages\pip\_vendor\packaging\specifiers.py,InvalidSpecifier
E:\football_v\.venv\Lib\site-packages\pip\_vendor\packaging\specifiers.py,BaseSpecifier
E:\football_v\.venv\Lib\site-packages\pip\_vendor\packaging\specifiers.py,Specifier
E:\football_v\.venv\Lib\site-packages\pip\_vendor\packaging\specifiers.py,SpecifierSet
E:\football_v\.venv\Lib\site-packages\pip\_vendor\packaging\tags.py,Tag
E:\football_v\.venv\Lib\site-packages\pip\_vendor\packaging\utils.py,InvalidName
E:\football_v\.venv\Lib\site-packages\pip\_vendor\packaging\utils.py,InvalidWheelFilename
E:\football_v\.venv\Lib\site-packages\pip\_vendor\packaging\utils.py,InvalidSdistFilename
E:\football_v\.venv\Lib\site-packages\pip\_vendor\packaging\version.py,_Version
E:\football_v\.venv\Lib\site-packages\pip\_vendor\packaging\version.py,InvalidVersion
E:\football_v\.venv\Lib\site-packages\pip\_vendor\packaging\version.py,_BaseVersion
E:\football_v\.venv\Lib\site-packages\pip\_vendor\packaging\version.py,Version
E:\football_v\.venv\Lib\site-packages\pip\_vendor\packaging\version.py,_TrimmedRelease
E:\football_v\.venv\Lib\site-packages\pip\_vendor\packaging\_elffile.py,ELFInvalid
E:\football_v\.venv\Lib\site-packages\pip\_vendor\packaging\_elffile.py,EIClass
E:\football_v\.venv\Lib\site-packages\pip\_vendor\packaging\_elffile.py,EIData
E:\football_v\.venv\Lib\site-packages\pip\_vendor\packaging\_elffile.py,EMachine
E:\football_v\.venv\Lib\site-packages\pip\_vendor\packaging\_elffile.py,ELFFile
E:\football_v\.venv\Lib\site-packages\pip\_vendor\packaging\_manylinux.py,_GLibCVersion
E:\football_v\.venv\Lib\site-packages\pip\_vendor\packaging\_musllinux.py,_MuslVersion
E:\football_v\.venv\Lib\site-packages\pip\_vendor\packaging\_parser.py,Node
E:\football_v\.venv\Lib\site-packages\pip\_vendor\packaging\_parser.py,Variable
E:\football_v\.venv\Lib\site-packages\pip\_vendor\packaging\_parser.py,Value
E:\football_v\.venv\Lib\site-packages\pip\_vendor\packaging\_parser.py,Op
E:\football_v\.venv\Lib\site-packages\pip\_vendor\packaging\_parser.py,ParsedRequirement
E:\football_v\.venv\Lib\site-packages\pip\_vendor\packaging\_structures.py,InfinityType
E:\football_v\.venv\Lib\site-packages\pip\_vendor\packaging\_structures.py,NegativeInfinityType
E:\football_v\.venv\Lib\site-packages\pip\_vendor\packaging\_tokenizer.py,Token
E:\football_v\.venv\Lib\site-packages\pip\_vendor\packaging\_tokenizer.py,ParserSyntaxError
E:\football_v\.venv\Lib\site-packages\pip\_vendor\packaging\_tokenizer.py,Tokenizer
E:\football_v\.venv\Lib\site-packages\pip\_vendor\packaging\licenses\_spdx.py,SPDXLicense
E:\football_v\.venv\Lib\site-packages\pip\_vendor\packaging\licenses\_spdx.py,SPDXException
E:\football_v\.venv\Lib\site-packages\pip\_vendor\packaging\licenses\__init__.py,InvalidLicenseExpression
E:\football_v\.venv\Lib\site-packages\pip\_vendor\pkg_resources\__init__.py,_LoaderProtocol
E:\football_v\.venv\Lib\site-packages\pip\_vendor\pkg_resources\__init__.py,_ZipLoaderModule
E:\football_v\.venv\Lib\site-packages\pip\_vendor\pkg_resources\__init__.py,PEP440Warning
E:\football_v\.venv\Lib\site-packages\pip\_vendor\pkg_resources\__init__.py,ResolutionError
E:\football_v\.venv\Lib\site-packages\pip\_vendor\pkg_resources\__init__.py,VersionConflict
E:\football_v\.venv\Lib\site-packages\pip\_vendor\pkg_resources\__init__.py,ContextualVersionConflict
E:\football_v\.venv\Lib\site-packages\pip\_vendor\pkg_resources\__init__.py,DistributionNotFound
E:\football_v\.venv\Lib\site-packages\pip\_vendor\pkg_resources\__init__.py,UnknownExtra
E:\football_v\.venv\Lib\site-packages\pip\_vendor\pkg_resources\__init__.py,IMetadataProvider
E:\football_v\.venv\Lib\site-packages\pip\_vendor\pkg_resources\__init__.py,IResourceProvider
E:\football_v\.venv\Lib\site-packages\pip\_vendor\pkg_resources\__init__.py,WorkingSet
E:\football_v\.venv\Lib\site-packages\pip\_vendor\pkg_resources\__init__.py,_ReqExtras
E:\football_v\.venv\Lib\site-packages\pip\_vendor\pkg_resources\__init__.py,Environment
E:\football_v\.venv\Lib\site-packages\pip\_vendor\pkg_resources\__init__.py,ExtractionError
E:\football_v\.venv\Lib\site-packages\pip\_vendor\pkg_resources\__init__.py,ResourceManager
E:\football_v\.venv\Lib\site-packages\pip\_vendor\pkg_resources\__init__.py,NullProvider
E:\football_v\.venv\Lib\site-packages\pip\_vendor\pkg_resources\__init__.py,EggProvider
E:\football_v\.venv\Lib\site-packages\pip\_vendor\pkg_resources\__init__.py,DefaultProvider
E:\football_v\.venv\Lib\site-packages\pip\_vendor\pkg_resources\__init__.py,EmptyProvider
E:\football_v\.venv\Lib\site-packages\pip\_vendor\pkg_resources\__init__.py,ZipManifests
E:\football_v\.venv\Lib\site-packages\pip\_vendor\pkg_resources\__init__.py,MemoizedZipManifests
E:\football_v\.venv\Lib\site-packages\pip\_vendor\pkg_resources\__init__.py,ZipProvider
E:\football_v\.venv\Lib\site-packages\pip\_vendor\pkg_resources\__init__.py,FileMetadata
E:\football_v\.venv\Lib\site-packages\pip\_vendor\pkg_resources\__init__.py,PathMetadata
E:\football_v\.venv\Lib\site-packages\pip\_vendor\pkg_resources\__init__.py,EggMetadata
E:\football_v\.venv\Lib\site-packages\pip\_vendor\pkg_resources\__init__.py,NoDists
E:\football_v\.venv\Lib\site-packages\pip\_vendor\pkg_resources\__init__.py,EntryPoint
E:\football_v\.venv\Lib\site-packages\pip\_vendor\pkg_resources\__init__.py,Distribution
E:\football_v\.venv\Lib\site-packages\pip\_vendor\pkg_resources\__init__.py,EggInfoDistribution
E:\football_v\.venv\Lib\site-packages\pip\_vendor\pkg_resources\__init__.py,DistInfoDistribution
E:\football_v\.venv\Lib\site-packages\pip\_vendor\pkg_resources\__init__.py,RequirementParseError
E:\football_v\.venv\Lib\site-packages\pip\_vendor\pkg_resources\__init__.py,Requirement
E:\football_v\.venv\Lib\site-packages\pip\_vendor\pkg_resources\__init__.py,PkgResourcesDeprecationWarning
E:\football_v\.venv\Lib\site-packages\pip\_vendor\pkg_resources\__init__.py,manifest_mod
E:\football_v\.venv\Lib\site-packages\pip\_vendor\platformdirs\android.py,Android
E:\football_v\.venv\Lib\site-packages\pip\_vendor\platformdirs\api.py,PlatformDirsABC
E:\football_v\.venv\Lib\site-packages\pip\_vendor\platformdirs\macos.py,MacOS
E:\football_v\.venv\Lib\site-packages\pip\_vendor\platformdirs\unix.py,Unix
E:\football_v\.venv\Lib\site-packages\pip\_vendor\platformdirs\windows.py,Windows
E:\football_v\.venv\Lib\site-packages\pip\_vendor\pygments\cmdline.py,HelpFormatter
E:\football_v\.venv\Lib\site-packages\pip\_vendor\pygments\filter.py,Filter
E:\football_v\.venv\Lib\site-packages\pip\_vendor\pygments\filter.py,FunctionFilter
E:\football_v\.venv\Lib\site-packages\pip\_vendor\pygments\formatter.py,Formatter
E:\football_v\.venv\Lib\site-packages\pip\_vendor\pygments\lexer.py,LexerMeta
E:\football_v\.venv\Lib\site-packages\pip\_vendor\pygments\lexer.py,Lexer
E:\football_v\.venv\Lib\site-packages\pip\_vendor\pygments\lexer.py,DelegatingLexer
E:\football_v\.venv\Lib\site-packages\pip\_vendor\pygments\lexer.py,include
E:\football_v\.venv\Lib\site-packages\pip\_vendor\pygments\lexer.py,_inherit
E:\football_v\.venv\Lib\site-packages\pip\_vendor\pygments\lexer.py,combined
E:\football_v\.venv\Lib\site-packages\pip\_vendor\pygments\lexer.py,_PseudoMatch
E:\football_v\.venv\Lib\site-packages\pip\_vendor\pygments\lexer.py,_This
E:\football_v\.venv\Lib\site-packages\pip\_vendor\pygments\lexer.py,default
E:\football_v\.venv\Lib\site-packages\pip\_vendor\pygments\lexer.py,words
E:\football_v\.venv\Lib\site-packages\pip\_vendor\pygments\lexer.py,RegexLexerMeta
E:\football_v\.venv\Lib\site-packages\pip\_vendor\pygments\lexer.py,RegexLexer
E:\football_v\.venv\Lib\site-packages\pip\_vendor\pygments\lexer.py,LexerContext
E:\football_v\.venv\Lib\site-packages\pip\_vendor\pygments\lexer.py,ExtendedRegexLexer
E:\football_v\.venv\Lib\site-packages\pip\_vendor\pygments\lexer.py,ProfilingRegexLexerMeta
E:\football_v\.venv\Lib\site-packages\pip\_vendor\pygments\lexer.py,ProfilingRegexLexer
E:\football_v\.venv\Lib\site-packages\pip\_vendor\pygments\scanner.py,EndOfText
E:\football_v\.venv\Lib\site-packages\pip\_vendor\pygments\scanner.py,Scanner
E:\football_v\.venv\Lib\site-packages\pip\_vendor\pygments\sphinxext.py,PygmentsDoc
E:\football_v\.venv\Lib\site-packages\pip\_vendor\pygments\style.py,StyleMeta
E:\football_v\.venv\Lib\site-packages\pip\_vendor\pygments\style.py,Style
E:\football_v\.venv\Lib\site-packages\pip\_vendor\pygments\token.py,_TokenType
E:\football_v\.venv\Lib\site-packages\pip\_vendor\pygments\util.py,ClassNotFound
E:\football_v\.venv\Lib\site-packages\pip\_vendor\pygments\util.py,OptionError
E:\football_v\.venv\Lib\site-packages\pip\_vendor\pygments\util.py,Future
E:\football_v\.venv\Lib\site-packages\pip\_vendor\pygments\util.py,UnclosingTextIOWrapper
E:\football_v\.venv\Lib\site-packages\pip\_vendor\pygments\filters\__init__.py,CodeTagFilter
E:\football_v\.venv\Lib\site-packages\pip\_vendor\pygments\filters\__init__.py,SymbolFilter
E:\football_v\.venv\Lib\site-packages\pip\_vendor\pygments\filters\__init__.py,KeywordCaseFilter
E:\football_v\.venv\Lib\site-packages\pip\_vendor\pygments\filters\__init__.py,NameHighlightFilter
E:\football_v\.venv\Lib\site-packages\pip\_vendor\pygments\filters\__init__.py,ErrorToken
E:\football_v\.venv\Lib\site-packages\pip\_vendor\pygments\filters\__init__.py,RaiseOnErrorTokenFilter
E:\football_v\.venv\Lib\site-packages\pip\_vendor\pygments\filters\__init__.py,VisibleWhitespaceFilter
E:\football_v\.venv\Lib\site-packages\pip\_vendor\pygments\filters\__init__.py,GobbleFilter
E:\football_v\.venv\Lib\site-packages\pip\_vendor\pygments\filters\__init__.py,TokenMergeFilter
E:\football_v\.venv\Lib\site-packages\pip\_vendor\pygments\formatters\bbcode.py,BBCodeFormatter
E:\football_v\.venv\Lib\site-packages\pip\_vendor\pygments\formatters\groff.py,GroffFormatter
E:\football_v\.venv\Lib\site-packages\pip\_vendor\pygments\formatters\html.py,HtmlFormatter
E:\football_v\.venv\Lib\site-packages\pip\_vendor\pygments\formatters\img.py,PilNotAvailable
E:\football_v\.venv\Lib\site-packages\pip\_vendor\pygments\formatters\img.py,FontNotFound
E:\football_v\.venv\Lib\site-packages\pip\_vendor\pygments\formatters\img.py,FontManager
E:\football_v\.venv\Lib\site-packages\pip\_vendor\pygments\formatters\img.py,ImageFormatter
E:\football_v\.venv\Lib\site-packages\pip\_vendor\pygments\formatters\img.py,GifImageFormatter
E:\football_v\.venv\Lib\site-packages\pip\_vendor\pygments\formatters\img.py,JpgImageFormatter
E:\football_v\.venv\Lib\site-packages\pip\_vendor\pygments\formatters\img.py,BmpImageFormatter
E:\football_v\.venv\Lib\site-packages\pip\_vendor\pygments\formatters\irc.py,IRCFormatter
E:\football_v\.venv\Lib\site-packages\pip\_vendor\pygments\formatters\latex.py,LatexFormatter
E:\football_v\.venv\Lib\site-packages\pip\_vendor\pygments\formatters\latex.py,LatexEmbeddedLexer
E:\football_v\.venv\Lib\site-packages\pip\_vendor\pygments\formatters\other.py,NullFormatter
E:\football_v\.venv\Lib\site-packages\pip\_vendor\pygments\formatters\other.py,RawTokenFormatter
E:\football_v\.venv\Lib\site-packages\pip\_vendor\pygments\formatters\other.py,TestcaseFormatter
E:\football_v\.venv\Lib\site-packages\pip\_vendor\pygments\formatters\pangomarkup.py,PangoMarkupFormatter
E:\football_v\.venv\Lib\site-packages\pip\_vendor\pygments\formatters\rtf.py,RtfFormatter
E:\football_v\.venv\Lib\site-packages\pip\_vendor\pygments\formatters\svg.py,SvgFormatter
E:\football_v\.venv\Lib\site-packages\pip\_vendor\pygments\formatters\terminal.py,TerminalFormatter
E:\football_v\.venv\Lib\site-packages\pip\_vendor\pygments\formatters\terminal256.py,EscapeSequence
E:\football_v\.venv\Lib\site-packages\pip\_vendor\pygments\formatters\terminal256.py,Terminal256Formatter
E:\football_v\.venv\Lib\site-packages\pip\_vendor\pygments\formatters\terminal256.py,TerminalTrueColorFormatter
E:\football_v\.venv\Lib\site-packages\pip\_vendor\pygments\formatters\__init__.py,_automodule
E:\football_v\.venv\Lib\site-packages\pip\_vendor\pygments\lexers\python.py,PythonLexer
E:\football_v\.venv\Lib\site-packages\pip\_vendor\pygments\lexers\python.py,Python2Lexer
E:\football_v\.venv\Lib\site-packages\pip\_vendor\pygments\lexers\python.py,_PythonConsoleLexerBase
E:\football_v\.venv\Lib\site-packages\pip\_vendor\pygments\lexers\python.py,PythonConsoleLexer
E:\football_v\.venv\Lib\site-packages\pip\_vendor\pygments\lexers\python.py,PythonTracebackLexer
E:\football_v\.venv\Lib\site-packages\pip\_vendor\pygments\lexers\python.py,Python2TracebackLexer
E:\football_v\.venv\Lib\site-packages\pip\_vendor\pygments\lexers\python.py,CythonLexer
E:\football_v\.venv\Lib\site-packages\pip\_vendor\pygments\lexers\python.py,DgLexer
E:\football_v\.venv\Lib\site-packages\pip\_vendor\pygments\lexers\python.py,NumPyLexer
E:\football_v\.venv\Lib\site-packages\pip\_vendor\pygments\lexers\python.py,_ReplaceInnerCode
E:\football_v\.venv\Lib\site-packages\pip\_vendor\pygments\lexers\__init__.py,_automodule
E:\football_v\.venv\Lib\site-packages\pip\_vendor\pyproject_hooks\_impl.py,BackendUnavailable
E:\football_v\.venv\Lib\site-packages\pip\_vendor\pyproject_hooks\_impl.py,HookMissing
E:\football_v\.venv\Lib\site-packages\pip\_vendor\pyproject_hooks\_impl.py,UnsupportedOperation
E:\football_v\.venv\Lib\site-packages\pip\_vendor\pyproject_hooks\_impl.py,BuildBackendHookCaller
E:\football_v\.venv\Lib\site-packages\pip\_vendor\pyproject_hooks\_impl.py,SubprocessRunner
E:\football_v\.venv\Lib\site-packages\pip\_vendor\pyproject_hooks\_in_process\_in_process.py,BackendUnavailable
E:\football_v\.venv\Lib\site-packages\pip\_vendor\pyproject_hooks\_in_process\_in_process.py,HookMissing
E:\football_v\.venv\Lib\site-packages\pip\_vendor\pyproject_hooks\_in_process\_in_process.py,_BackendPathFinder
E:\football_v\.venv\Lib\site-packages\pip\_vendor\pyproject_hooks\_in_process\_in_process.py,_DummyException
E:\football_v\.venv\Lib\site-packages\pip\_vendor\pyproject_hooks\_in_process\_in_process.py,GotUnsupportedOperation
E:\football_v\.venv\Lib\site-packages\pip\_vendor\requests\adapters.py,BaseAdapter
E:\football_v\.venv\Lib\site-packages\pip\_vendor\requests\adapters.py,HTTPAdapter
E:\football_v\.venv\Lib\site-packages\pip\_vendor\requests\auth.py,AuthBase
E:\football_v\.venv\Lib\site-packages\pip\_vendor\requests\auth.py,HTTPBasicAuth
E:\football_v\.venv\Lib\site-packages\pip\_vendor\requests\auth.py,HTTPProxyAuth
E:\football_v\.venv\Lib\site-packages\pip\_vendor\requests\auth.py,HTTPDigestAuth
E:\football_v\.venv\Lib\site-packages\pip\_vendor\requests\cookies.py,MockRequest
E:\football_v\.venv\Lib\site-packages\pip\_vendor\requests\cookies.py,MockResponse
E:\football_v\.venv\Lib\site-packages\pip\_vendor\requests\cookies.py,CookieConflictError
E:\football_v\.venv\Lib\site-packages\pip\_vendor\requests\cookies.py,RequestsCookieJar
E:\football_v\.venv\Lib\site-packages\pip\_vendor\requests\exceptions.py,RequestException
E:\football_v\.venv\Lib\site-packages\pip\_vendor\requests\exceptions.py,InvalidJSONError
E:\football_v\.venv\Lib\site-packages\pip\_vendor\requests\exceptions.py,JSONDecodeError
E:\football_v\.venv\Lib\site-packages\pip\_vendor\requests\exceptions.py,HTTPError
E:\football_v\.venv\Lib\site-packages\pip\_vendor\requests\exceptions.py,ConnectionError
E:\football_v\.venv\Lib\site-packages\pip\_vendor\requests\exceptions.py,ProxyError
E:\football_v\.venv\Lib\site-packages\pip\_vendor\requests\exceptions.py,SSLError
E:\football_v\.venv\Lib\site-packages\pip\_vendor\requests\exceptions.py,Timeout
E:\football_v\.venv\Lib\site-packages\pip\_vendor\requests\exceptions.py,ConnectTimeout
E:\football_v\.venv\Lib\site-packages\pip\_vendor\requests\exceptions.py,ReadTimeout
E:\football_v\.venv\Lib\site-packages\pip\_vendor\requests\exceptions.py,URLRequired
E:\football_v\.venv\Lib\site-packages\pip\_vendor\requests\exceptions.py,TooManyRedirects
E:\football_v\.venv\Lib\site-packages\pip\_vendor\requests\exceptions.py,MissingSchema
E:\football_v\.venv\Lib\site-packages\pip\_vendor\requests\exceptions.py,InvalidSchema
E:\football_v\.venv\Lib\site-packages\pip\_vendor\requests\exceptions.py,InvalidURL
E:\football_v\.venv\Lib\site-packages\pip\_vendor\requests\exceptions.py,InvalidHeader
E:\football_v\.venv\Lib\site-packages\pip\_vendor\requests\exceptions.py,InvalidProxyURL
E:\football_v\.venv\Lib\site-packages\pip\_vendor\requests\exceptions.py,ChunkedEncodingError
E:\football_v\.venv\Lib\site-packages\pip\_vendor\requests\exceptions.py,ContentDecodingError
E:\football_v\.venv\Lib\site-packages\pip\_vendor\requests\exceptions.py,StreamConsumedError
E:\football_v\.venv\Lib\site-packages\pip\_vendor\requests\exceptions.py,RetryError
E:\football_v\.venv\Lib\site-packages\pip\_vendor\requests\exceptions.py,UnrewindableBodyError
E:\football_v\.venv\Lib\site-packages\pip\_vendor\requests\exceptions.py,RequestsWarning
E:\football_v\.venv\Lib\site-packages\pip\_vendor\requests\exceptions.py,FileModeWarning
E:\football_v\.venv\Lib\site-packages\pip\_vendor\requests\exceptions.py,RequestsDependencyWarning
E:\football_v\.venv\Lib\site-packages\pip\_vendor\requests\models.py,RequestEncodingMixin
E:\football_v\.venv\Lib\site-packages\pip\_vendor\requests\models.py,RequestHooksMixin
E:\football_v\.venv\Lib\site-packages\pip\_vendor\requests\models.py,Request
E:\football_v\.venv\Lib\site-packages\pip\_vendor\requests\models.py,PreparedRequest
E:\football_v\.venv\Lib\site-packages\pip\_vendor\requests\models.py,Response
E:\football_v\.venv\Lib\site-packages\pip\_vendor\requests\sessions.py,SessionRedirectMixin
E:\football_v\.venv\Lib\site-packages\pip\_vendor\requests\sessions.py,Session
E:\football_v\.venv\Lib\site-packages\pip\_vendor\requests\structures.py,CaseInsensitiveDict
E:\football_v\.venv\Lib\site-packages\pip\_vendor\requests\structures.py,LookupDict
E:\football_v\.venv\Lib\site-packages\pip\_vendor\resolvelib\providers.py,AbstractProvider
E:\football_v\.venv\Lib\site-packages\pip\_vendor\resolvelib\providers.py,AbstractResolver
E:\football_v\.venv\Lib\site-packages\pip\_vendor\resolvelib\reporters.py,BaseReporter
E:\football_v\.venv\Lib\site-packages\pip\_vendor\resolvelib\resolvers.py,ResolverException
E:\football_v\.venv\Lib\site-packages\pip\_vendor\resolvelib\resolvers.py,RequirementsConflicted
E:\football_v\.venv\Lib\site-packages\pip\_vendor\resolvelib\resolvers.py,InconsistentCandidate
E:\football_v\.venv\Lib\site-packages\pip\_vendor\resolvelib\resolvers.py,Criterion
E:\football_v\.venv\Lib\site-packages\pip\_vendor\resolvelib\resolvers.py,ResolutionError
E:\football_v\.venv\Lib\site-packages\pip\_vendor\resolvelib\resolvers.py,ResolutionImpossible
E:\football_v\.venv\Lib\site-packages\pip\_vendor\resolvelib\resolvers.py,ResolutionTooDeep
E:\football_v\.venv\Lib\site-packages\pip\_vendor\resolvelib\resolvers.py,Resolution
E:\football_v\.venv\Lib\site-packages\pip\_vendor\resolvelib\resolvers.py,Resolver
E:\football_v\.venv\Lib\site-packages\pip\_vendor\resolvelib\structs.py,DirectedGraph
E:\football_v\.venv\Lib\site-packages\pip\_vendor\resolvelib\structs.py,IteratorMapping
E:\football_v\.venv\Lib\site-packages\pip\_vendor\resolvelib\structs.py,_FactoryIterableView
E:\football_v\.venv\Lib\site-packages\pip\_vendor\resolvelib\structs.py,_SequenceIterableView
E:\football_v\.venv\Lib\site-packages\pip\_vendor\rich\abc.py,RichRenderable
E:\football_v\.venv\Lib\site-packages\pip\_vendor\rich\abc.py,Foo
E:\football_v\.venv\Lib\site-packages\pip\_vendor\rich\align.py,Align
E:\football_v\.venv\Lib\site-packages\pip\_vendor\rich\align.py,VerticalCenter
E:\football_v\.venv\Lib\site-packages\pip\_vendor\rich\ansi.py,_AnsiToken
E:\football_v\.venv\Lib\site-packages\pip\_vendor\rich\ansi.py,AnsiDecoder
E:\football_v\.venv\Lib\site-packages\pip\_vendor\rich\bar.py,Bar
E:\football_v\.venv\Lib\site-packages\pip\_vendor\rich\box.py,Box
E:\football_v\.venv\Lib\site-packages\pip\_vendor\rich\color.py,ColorSystem
E:\football_v\.venv\Lib\site-packages\pip\_vendor\rich\color.py,ColorType
E:\football_v\.venv\Lib\site-packages\pip\_vendor\rich\color.py,ColorParseError
E:\football_v\.venv\Lib\site-packages\pip\_vendor\rich\color.py,Color
E:\football_v\.venv\Lib\site-packages\pip\_vendor\rich\color_triplet.py,ColorTriplet
E:\football_v\.venv\Lib\site-packages\pip\_vendor\rich\columns.py,Columns
E:\football_v\.venv\Lib\site-packages\pip\_vendor\rich\console.py,NoChange
E:\football_v\.venv\Lib\site-packages\pip\_vendor\rich\console.py,ConsoleDimensions
E:\football_v\.venv\Lib\site-packages\pip\_vendor\rich\console.py,ConsoleOptions
E:\football_v\.venv\Lib\site-packages\pip\_vendor\rich\console.py,RichCast
E:\football_v\.venv\Lib\site-packages\pip\_vendor\rich\console.py,ConsoleRenderable
E:\football_v\.venv\Lib\site-packages\pip\_vendor\rich\console.py,CaptureError
E:\football_v\.venv\Lib\site-packages\pip\_vendor\rich\console.py,NewLine
E:\football_v\.venv\Lib\site-packages\pip\_vendor\rich\console.py,ScreenUpdate
E:\football_v\.venv\Lib\site-packages\pip\_vendor\rich\console.py,Capture
E:\football_v\.venv\Lib\site-packages\pip\_vendor\rich\console.py,ThemeContext
E:\football_v\.venv\Lib\site-packages\pip\_vendor\rich\console.py,PagerContext
E:\football_v\.venv\Lib\site-packages\pip\_vendor\rich\console.py,ScreenContext
E:\football_v\.venv\Lib\site-packages\pip\_vendor\rich\console.py,Group
E:\football_v\.venv\Lib\site-packages\pip\_vendor\rich\console.py,ConsoleThreadLocals
E:\football_v\.venv\Lib\site-packages\pip\_vendor\rich\console.py,RenderHook
E:\football_v\.venv\Lib\site-packages\pip\_vendor\rich\console.py,Console
E:\football_v\.venv\Lib\site-packages\pip\_vendor\rich\constrain.py,Constrain
E:\football_v\.venv\Lib\site-packages\pip\_vendor\rich\containers.py,Renderables
E:\football_v\.venv\Lib\site-packages\pip\_vendor\rich\containers.py,Lines
E:\football_v\.venv\Lib\site-packages\pip\_vendor\rich\control.py,Control
E:\football_v\.venv\Lib\site-packages\pip\_vendor\rich\emoji.py,NoEmoji
E:\football_v\.venv\Lib\site-packages\pip\_vendor\rich\emoji.py,Emoji
E:\football_v\.venv\Lib\site-packages\pip\_vendor\rich\errors.py,ConsoleError
E:\football_v\.venv\Lib\site-packages\pip\_vendor\rich\errors.py,StyleError
E:\football_v\.venv\Lib\site-packages\pip\_vendor\rich\errors.py,StyleSyntaxError
E:\football_v\.venv\Lib\site-packages\pip\_vendor\rich\errors.py,MissingStyle
E:\football_v\.venv\Lib\site-packages\pip\_vendor\rich\errors.py,StyleStackError
E:\football_v\.venv\Lib\site-packages\pip\_vendor\rich\errors.py,NotRenderableError
E:\football_v\.venv\Lib\site-packages\pip\_vendor\rich\errors.py,MarkupError
E:\football_v\.venv\Lib\site-packages\pip\_vendor\rich\errors.py,LiveError
E:\football_v\.venv\Lib\site-packages\pip\_vendor\rich\errors.py,NoAltScreen
E:\football_v\.venv\Lib\site-packages\pip\_vendor\rich\file_proxy.py,FileProxy
E:\football_v\.venv\Lib\site-packages\pip\_vendor\rich\highlighter.py,Highlighter
E:\football_v\.venv\Lib\site-packages\pip\_vendor\rich\highlighter.py,NullHighlighter
E:\football_v\.venv\Lib\site-packages\pip\_vendor\rich\highlighter.py,RegexHighlighter
E:\football_v\.venv\Lib\site-packages\pip\_vendor\rich\highlighter.py,ReprHighlighter
E:\football_v\.venv\Lib\site-packages\pip\_vendor\rich\highlighter.py,JSONHighlighter
E:\football_v\.venv\Lib\site-packages\pip\_vendor\rich\highlighter.py,ISO8601Highlighter
E:\football_v\.venv\Lib\site-packages\pip\_vendor\rich\json.py,JSON
E:\football_v\.venv\Lib\site-packages\pip\_vendor\rich\jupyter.py,JupyterRenderable
E:\football_v\.venv\Lib\site-packages\pip\_vendor\rich\jupyter.py,JupyterMixin
E:\football_v\.venv\Lib\site-packages\pip\_vendor\rich\layout.py,LayoutRender
E:\football_v\.venv\Lib\site-packages\pip\_vendor\rich\layout.py,LayoutError
E:\football_v\.venv\Lib\site-packages\pip\_vendor\rich\layout.py,NoSplitter
E:\football_v\.venv\Lib\site-packages\pip\_vendor\rich\layout.py,_Placeholder
E:\football_v\.venv\Lib\site-packages\pip\_vendor\rich\layout.py,Splitter
E:\football_v\.venv\Lib\site-packages\pip\_vendor\rich\layout.py,RowSplitter
E:\football_v\.venv\Lib\site-packages\pip\_vendor\rich\layout.py,ColumnSplitter
E:\football_v\.venv\Lib\site-packages\pip\_vendor\rich\layout.py,Layout
E:\football_v\.venv\Lib\site-packages\pip\_vendor\rich\live.py,_RefreshThread
E:\football_v\.venv\Lib\site-packages\pip\_vendor\rich\live.py,Live
E:\football_v\.venv\Lib\site-packages\pip\_vendor\rich\live_render.py,LiveRender
E:\football_v\.venv\Lib\site-packages\pip\_vendor\rich\logging.py,RichHandler
E:\football_v\.venv\Lib\site-packages\pip\_vendor\rich\markup.py,Tag
E:\football_v\.venv\Lib\site-packages\pip\_vendor\rich\measure.py,Measurement
E:\football_v\.venv\Lib\site-packages\pip\_vendor\rich\padding.py,Padding
E:\football_v\.venv\Lib\site-packages\pip\_vendor\rich\pager.py,Pager
E:\football_v\.venv\Lib\site-packages\pip\_vendor\rich\pager.py,SystemPager
E:\football_v\.venv\Lib\site-packages\pip\_vendor\rich\palette.py,Palette
E:\football_v\.venv\Lib\site-packages\pip\_vendor\rich\palette.py,ColorBox
E:\football_v\.venv\Lib\site-packages\pip\_vendor\rich\panel.py,Panel
E:\football_v\.venv\Lib\site-packages\pip\_vendor\rich\pretty.py,Pretty
E:\football_v\.venv\Lib\site-packages\pip\_vendor\rich\pretty.py,Node
E:\football_v\.venv\Lib\site-packages\pip\_vendor\rich\pretty.py,_Line
E:\football_v\.venv\Lib\site-packages\pip\_vendor\rich\pretty.py,BrokenRepr
E:\football_v\.venv\Lib\site-packages\pip\_vendor\rich\pretty.py,StockKeepingUnit
E:\football_v\.venv\Lib\site-packages\pip\_vendor\rich\pretty.py,Thing
E:\football_v\.venv\Lib\site-packages\pip\_vendor\rich\pretty.py,RichFormatter
E:\football_v\.venv\Lib\site-packages\pip\_vendor\rich\progress.py,_TrackThread
E:\football_v\.venv\Lib\site-packages\pip\_vendor\rich\progress.py,_Reader
E:\football_v\.venv\Lib\site-packages\pip\_vendor\rich\progress.py,_ReadContext
E:\football_v\.venv\Lib\site-packages\pip\_vendor\rich\progress.py,ProgressColumn
E:\football_v\.venv\Lib\site-packages\pip\_vendor\rich\progress.py,RenderableColumn
E:\football_v\.venv\Lib\site-packages\pip\_vendor\rich\progress.py,SpinnerColumn
E:\football_v\.venv\Lib\site-packages\pip\_vendor\rich\progress.py,TextColumn
E:\football_v\.venv\Lib\site-packages\pip\_vendor\rich\progress.py,BarColumn
E:\football_v\.venv\Lib\site-packages\pip\_vendor\rich\progress.py,TimeElapsedColumn
E:\football_v\.venv\Lib\site-packages\pip\_vendor\rich\progress.py,TaskProgressColumn
E:\football_v\.venv\Lib\site-packages\pip\_vendor\rich\progress.py,TimeRemainingColumn
E:\football_v\.venv\Lib\site-packages\pip\_vendor\rich\progress.py,FileSizeColumn
E:\football_v\.venv\Lib\site-packages\pip\_vendor\rich\progress.py,TotalFileSizeColumn
E:\football_v\.venv\Lib\site-packages\pip\_vendor\rich\progress.py,MofNCompleteColumn
E:\football_v\.venv\Lib\site-packages\pip\_vendor\rich\progress.py,DownloadColumn
E:\football_v\.venv\Lib\site-packages\pip\_vendor\rich\progress.py,TransferSpeedColumn
E:\football_v\.venv\Lib\site-packages\pip\_vendor\rich\progress.py,ProgressSample
E:\football_v\.venv\Lib\site-packages\pip\_vendor\rich\progress.py,Task
E:\football_v\.venv\Lib\site-packages\pip\_vendor\rich\progress.py,Progress
E:\football_v\.venv\Lib\site-packages\pip\_vendor\rich\progress_bar.py,ProgressBar
E:\football_v\.venv\Lib\site-packages\pip\_vendor\rich\prompt.py,PromptError
E:\football_v\.venv\Lib\site-packages\pip\_vendor\rich\prompt.py,InvalidResponse
E:\football_v\.venv\Lib\site-packages\pip\_vendor\rich\prompt.py,PromptBase
E:\football_v\.venv\Lib\site-packages\pip\_vendor\rich\prompt.py,Prompt
E:\football_v\.venv\Lib\site-packages\pip\_vendor\rich\prompt.py,IntPrompt
E:\football_v\.venv\Lib\site-packages\pip\_vendor\rich\prompt.py,FloatPrompt
E:\football_v\.venv\Lib\site-packages\pip\_vendor\rich\prompt.py,Confirm
E:\football_v\.venv\Lib\site-packages\pip\_vendor\rich\region.py,Region
E:\football_v\.venv\Lib\site-packages\pip\_vendor\rich\repr.py,ReprError
E:\football_v\.venv\Lib\site-packages\pip\_vendor\rich\repr.py,Foo
E:\football_v\.venv\Lib\site-packages\pip\_vendor\rich\rule.py,Rule
E:\football_v\.venv\Lib\site-packages\pip\_vendor\rich\screen.py,Screen
E:\football_v\.venv\Lib\site-packages\pip\_vendor\rich\segment.py,ControlType
E:\football_v\.venv\Lib\site-packages\pip\_vendor\rich\segment.py,Segment
E:\football_v\.venv\Lib\site-packages\pip\_vendor\rich\segment.py,Segments
E:\football_v\.venv\Lib\site-packages\pip\_vendor\rich\segment.py,SegmentLines
E:\football_v\.venv\Lib\site-packages\pip\_vendor\rich\spinner.py,Spinner
E:\football_v\.venv\Lib\site-packages\pip\_vendor\rich\status.py,Status
E:\football_v\.venv\Lib\site-packages\pip\_vendor\rich\style.py,_Bit
E:\football_v\.venv\Lib\site-packages\pip\_vendor\rich\style.py,Style
E:\football_v\.venv\Lib\site-packages\pip\_vendor\rich\style.py,StyleStack
E:\football_v\.venv\Lib\site-packages\pip\_vendor\rich\styled.py,Styled
E:\football_v\.venv\Lib\site-packages\pip\_vendor\rich\syntax.py,SyntaxTheme
E:\football_v\.venv\Lib\site-packages\pip\_vendor\rich\syntax.py,PygmentsSyntaxTheme
E:\football_v\.venv\Lib\site-packages\pip\_vendor\rich\syntax.py,ANSISyntaxTheme
E:\football_v\.venv\Lib\site-packages\pip\_vendor\rich\syntax.py,_SyntaxHighlightRange
E:\football_v\.venv\Lib\site-packages\pip\_vendor\rich\syntax.py,Syntax
E:\football_v\.venv\Lib\site-packages\pip\_vendor\rich\table.py,Column
E:\football_v\.venv\Lib\site-packages\pip\_vendor\rich\table.py,Row
E:\football_v\.venv\Lib\site-packages\pip\_vendor\rich\table.py,_Cell
E:\football_v\.venv\Lib\site-packages\pip\_vendor\rich\table.py,Table
E:\football_v\.venv\Lib\site-packages\pip\_vendor\rich\terminal_theme.py,TerminalTheme
E:\football_v\.venv\Lib\site-packages\pip\_vendor\rich\text.py,Span
E:\football_v\.venv\Lib\site-packages\pip\_vendor\rich\text.py,Text
E:\football_v\.venv\Lib\site-packages\pip\_vendor\rich\theme.py,Theme
E:\football_v\.venv\Lib\site-packages\pip\_vendor\rich\theme.py,ThemeStackError
E:\football_v\.venv\Lib\site-packages\pip\_vendor\rich\theme.py,ThemeStack
E:\football_v\.venv\Lib\site-packages\pip\_vendor\rich\traceback.py,Frame
E:\football_v\.venv\Lib\site-packages\pip\_vendor\rich\traceback.py,_SyntaxError
E:\football_v\.venv\Lib\site-packages\pip\_vendor\rich\traceback.py,Stack
E:\football_v\.venv\Lib\site-packages\pip\_vendor\rich\traceback.py,Trace
E:\football_v\.venv\Lib\site-packages\pip\_vendor\rich\traceback.py,PathHighlighter
E:\football_v\.venv\Lib\site-packages\pip\_vendor\rich\traceback.py,Traceback
E:\football_v\.venv\Lib\site-packages\pip\_vendor\rich\tree.py,Tree
E:\football_v\.venv\Lib\site-packages\pip\_vendor\rich\_inspect.py,Inspect
E:\football_v\.venv\Lib\site-packages\pip\_vendor\rich\_log_render.py,LogRender
E:\football_v\.venv\Lib\site-packages\pip\_vendor\rich\_null_file.py,NullFile
E:\football_v\.venv\Lib\site-packages\pip\_vendor\rich\_ratio.py,Edge
E:\football_v\.venv\Lib\site-packages\pip\_vendor\rich\_ratio.py,E
E:\football_v\.venv\Lib\site-packages\pip\_vendor\rich\_stack.py,Stack
E:\football_v\.venv\Lib\site-packages\pip\_vendor\rich\_win32_console.py,LegacyWindowsError
E:\football_v\.venv\Lib\site-packages\pip\_vendor\rich\_win32_console.py,WindowsCoordinates
E:\football_v\.venv\Lib\site-packages\pip\_vendor\rich\_win32_console.py,CONSOLE_SCREEN_BUFFER_INFO
E:\football_v\.venv\Lib\site-packages\pip\_vendor\rich\_win32_console.py,CONSOLE_CURSOR_INFO
E:\football_v\.venv\Lib\site-packages\pip\_vendor\rich\_win32_console.py,LegacyWindowsTerm
E:\football_v\.venv\Lib\site-packages\pip\_vendor\rich\_windows.py,WindowsConsoleFeatures
E:\football_v\.venv\Lib\site-packages\pip\_vendor\rich\__main__.py,ColorBox
E:\football_v\.venv\Lib\site-packages\pip\_vendor\tomli\_parser.py,DEPRECATED_DEFAULT
E:\football_v\.venv\Lib\site-packages\pip\_vendor\tomli\_parser.py,TOMLDecodeError
E:\football_v\.venv\Lib\site-packages\pip\_vendor\tomli\_parser.py,Flags
E:\football_v\.venv\Lib\site-packages\pip\_vendor\tomli\_parser.py,NestedDict
E:\football_v\.venv\Lib\site-packages\pip\_vendor\tomli\_parser.py,Output
E:\football_v\.venv\Lib\site-packages\pip\_vendor\truststore\_api.py,SSLContext
E:\football_v\.venv\Lib\site-packages\pip\_vendor\truststore\_api.py,TruststoreSSLObject
E:\football_v\.venv\Lib\site-packages\pip\_vendor\truststore\_macos.py,CFConst
E:\football_v\.venv\Lib\site-packages\pip\_vendor\truststore\_windows.py,CERT_CONTEXT
E:\football_v\.venv\Lib\site-packages\pip\_vendor\truststore\_windows.py,CERT_ENHKEY_USAGE
E:\football_v\.venv\Lib\site-packages\pip\_vendor\truststore\_windows.py,CERT_USAGE_MATCH
E:\football_v\.venv\Lib\site-packages\pip\_vendor\truststore\_windows.py,CERT_CHAIN_PARA
E:\football_v\.venv\Lib\site-packages\pip\_vendor\truststore\_windows.py,CERT_TRUST_STATUS
E:\football_v\.venv\Lib\site-packages\pip\_vendor\truststore\_windows.py,CERT_CHAIN_ELEMENT
E:\football_v\.venv\Lib\site-packages\pip\_vendor\truststore\_windows.py,CERT_SIMPLE_CHAIN
E:\football_v\.venv\Lib\site-packages\pip\_vendor\truststore\_windows.py,CERT_CHAIN_CONTEXT
E:\football_v\.venv\Lib\site-packages\pip\_vendor\truststore\_windows.py,SSL_EXTRA_CERT_CHAIN_POLICY_PARA
E:\football_v\.venv\Lib\site-packages\pip\_vendor\truststore\_windows.py,CERT_CHAIN_POLICY_PARA
E:\football_v\.venv\Lib\site-packages\pip\_vendor\truststore\_windows.py,CERT_CHAIN_POLICY_STATUS
E:\football_v\.venv\Lib\site-packages\pip\_vendor\truststore\_windows.py,CERT_CHAIN_ENGINE_CONFIG
E:\football_v\.venv\Lib\site-packages\pip\_vendor\urllib3\connection.py,HTTPConnection
E:\football_v\.venv\Lib\site-packages\pip\_vendor\urllib3\connection.py,HTTPSConnection
E:\football_v\.venv\Lib\site-packages\pip\_vendor\urllib3\connection.py,DummyConnection
E:\football_v\.venv\Lib\site-packages\pip\_vendor\urllib3\connection.py,BaseSSLError
E:\football_v\.venv\Lib\site-packages\pip\_vendor\urllib3\connection.py,ConnectionError
E:\football_v\.venv\Lib\site-packages\pip\_vendor\urllib3\connection.py,BrokenPipeError
E:\football_v\.venv\Lib\site-packages\pip\_vendor\urllib3\connectionpool.py,ConnectionPool
E:\football_v\.venv\Lib\site-packages\pip\_vendor\urllib3\connectionpool.py,HTTPConnectionPool
E:\football_v\.venv\Lib\site-packages\pip\_vendor\urllib3\connectionpool.py,HTTPSConnectionPool
E:\football_v\.venv\Lib\site-packages\pip\_vendor\urllib3\exceptions.py,HTTPError
E:\football_v\.venv\Lib\site-packages\pip\_vendor\urllib3\exceptions.py,HTTPWarning
E:\football_v\.venv\Lib\site-packages\pip\_vendor\urllib3\exceptions.py,PoolError
E:\football_v\.venv\Lib\site-packages\pip\_vendor\urllib3\exceptions.py,RequestError
E:\football_v\.venv\Lib\site-packages\pip\_vendor\urllib3\exceptions.py,SSLError
E:\football_v\.venv\Lib\site-packages\pip\_vendor\urllib3\exceptions.py,ProxyError
E:\football_v\.venv\Lib\site-packages\pip\_vendor\urllib3\exceptions.py,DecodeError
E:\football_v\.venv\Lib\site-packages\pip\_vendor\urllib3\exceptions.py,ProtocolError
E:\football_v\.venv\Lib\site-packages\pip\_vendor\urllib3\exceptions.py,MaxRetryError
E:\football_v\.venv\Lib\site-packages\pip\_vendor\urllib3\exceptions.py,HostChangedError
E:\football_v\.venv\Lib\site-packages\pip\_vendor\urllib3\exceptions.py,TimeoutStateError
E:\football_v\.venv\Lib\site-packages\pip\_vendor\urllib3\exceptions.py,TimeoutError
E:\football_v\.venv\Lib\site-packages\pip\_vendor\urllib3\exceptions.py,ReadTimeoutError
E:\football_v\.venv\Lib\site-packages\pip\_vendor\urllib3\exceptions.py,ConnectTimeoutError
E:\football_v\.venv\Lib\site-packages\pip\_vendor\urllib3\exceptions.py,NewConnectionError
E:\football_v\.venv\Lib\site-packages\pip\_vendor\urllib3\exceptions.py,EmptyPoolError
E:\football_v\.venv\Lib\site-packages\pip\_vendor\urllib3\exceptions.py,ClosedPoolError
E:\football_v\.venv\Lib\site-packages\pip\_vendor\urllib3\exceptions.py,LocationValueError
E:\football_v\.venv\Lib\site-packages\pip\_vendor\urllib3\exceptions.py,LocationParseError
E:\football_v\.venv\Lib\site-packages\pip\_vendor\urllib3\exceptions.py,URLSchemeUnknown
E:\football_v\.venv\Lib\site-packages\pip\_vendor\urllib3\exceptions.py,ResponseError
E:\football_v\.venv\Lib\site-packages\pip\_vendor\urllib3\exceptions.py,SecurityWarning
E:\football_v\.venv\Lib\site-packages\pip\_vendor\urllib3\exceptions.py,SubjectAltNameWarning
E:\football_v\.venv\Lib\site-packages\pip\_vendor\urllib3\exceptions.py,InsecureRequestWarning
E:\football_v\.venv\Lib\site-packages\pip\_vendor\urllib3\exceptions.py,SystemTimeWarning
E:\football_v\.venv\Lib\site-packages\pip\_vendor\urllib3\exceptions.py,InsecurePlatformWarning
E:\football_v\.venv\Lib\site-packages\pip\_vendor\urllib3\exceptions.py,SNIMissingWarning
E:\football_v\.venv\Lib\site-packages\pip\_vendor\urllib3\exceptions.py,DependencyWarning
E:\football_v\.venv\Lib\site-packages\pip\_vendor\urllib3\exceptions.py,ResponseNotChunked
E:\football_v\.venv\Lib\site-packages\pip\_vendor\urllib3\exceptions.py,BodyNotHttplibCompatible
E:\football_v\.venv\Lib\site-packages\pip\_vendor\urllib3\exceptions.py,IncompleteRead
E:\football_v\.venv\Lib\site-packages\pip\_vendor\urllib3\exceptions.py,InvalidChunkLength
E:\football_v\.venv\Lib\site-packages\pip\_vendor\urllib3\exceptions.py,InvalidHeader
E:\football_v\.venv\Lib\site-packages\pip\_vendor\urllib3\exceptions.py,ProxySchemeUnknown
E:\football_v\.venv\Lib\site-packages\pip\_vendor\urllib3\exceptions.py,ProxySchemeUnsupported
E:\football_v\.venv\Lib\site-packages\pip\_vendor\urllib3\exceptions.py,HeaderParsingError
E:\football_v\.venv\Lib\site-packages\pip\_vendor\urllib3\exceptions.py,UnrewindableBodyError
E:\football_v\.venv\Lib\site-packages\pip\_vendor\urllib3\fields.py,RequestField
E:\football_v\.venv\Lib\site-packages\pip\_vendor\urllib3\poolmanager.py,PoolManager
E:\football_v\.venv\Lib\site-packages\pip\_vendor\urllib3\poolmanager.py,ProxyManager
E:\football_v\.venv\Lib\site-packages\pip\_vendor\urllib3\request.py,RequestMethods
E:\football_v\.venv\Lib\site-packages\pip\_vendor\urllib3\request.py,RequestModule
E:\football_v\.venv\Lib\site-packages\pip\_vendor\urllib3\response.py,DeflateDecoder
E:\football_v\.venv\Lib\site-packages\pip\_vendor\urllib3\response.py,GzipDecoderState
E:\football_v\.venv\Lib\site-packages\pip\_vendor\urllib3\response.py,GzipDecoder
E:\football_v\.venv\Lib\site-packages\pip\_vendor\urllib3\response.py,MultiDecoder
E:\football_v\.venv\Lib\site-packages\pip\_vendor\urllib3\response.py,HTTPResponse
E:\football_v\.venv\Lib\site-packages\pip\_vendor\urllib3\response.py,BrotliDecoder
E:\football_v\.venv\Lib\site-packages\pip\_vendor\urllib3\_collections.py,RecentlyUsedContainer
E:\football_v\.venv\Lib\site-packages\pip\_vendor\urllib3\_collections.py,HTTPHeaderDict
E:\football_v\.venv\Lib\site-packages\pip\_vendor\urllib3\_collections.py,RLock
E:\football_v\.venv\Lib\site-packages\pip\_vendor\urllib3\contrib\appengine.py,AppEnginePlatformWarning
E:\football_v\.venv\Lib\site-packages\pip\_vendor\urllib3\contrib\appengine.py,AppEnginePlatformError
E:\football_v\.venv\Lib\site-packages\pip\_vendor\urllib3\contrib\appengine.py,AppEngineManager
E:\football_v\.venv\Lib\site-packages\pip\_vendor\urllib3\contrib\ntlmpool.py,NTLMConnectionPool
E:\football_v\.venv\Lib\site-packages\pip\_vendor\urllib3\contrib\pyopenssl.py,WrappedSocket
E:\football_v\.venv\Lib\site-packages\pip\_vendor\urllib3\contrib\pyopenssl.py,PyOpenSSLContext
E:\football_v\.venv\Lib\site-packages\pip\_vendor\urllib3\contrib\pyopenssl.py,UnsupportedExtension
E:\football_v\.venv\Lib\site-packages\pip\_vendor\urllib3\contrib\securetransport.py,WrappedSocket
E:\football_v\.venv\Lib\site-packages\pip\_vendor\urllib3\contrib\securetransport.py,SecureTransportContext
E:\football_v\.venv\Lib\site-packages\pip\_vendor\urllib3\contrib\socks.py,SOCKSConnection
E:\football_v\.venv\Lib\site-packages\pip\_vendor\urllib3\contrib\socks.py,SOCKSHTTPSConnection
E:\football_v\.venv\Lib\site-packages\pip\_vendor\urllib3\contrib\socks.py,SOCKSHTTPConnectionPool
E:\football_v\.venv\Lib\site-packages\pip\_vendor\urllib3\contrib\socks.py,SOCKSHTTPSConnectionPool
E:\football_v\.venv\Lib\site-packages\pip\_vendor\urllib3\contrib\socks.py,SOCKSProxyManager
E:\football_v\.venv\Lib\site-packages\pip\_vendor\urllib3\contrib\_securetransport\bindings.py,CFConst
E:\football_v\.venv\Lib\site-packages\pip\_vendor\urllib3\contrib\_securetransport\bindings.py,SecurityConst
E:\football_v\.venv\Lib\site-packages\pip\_vendor\urllib3\packages\six.py,_LazyDescr
E:\football_v\.venv\Lib\site-packages\pip\_vendor\urllib3\packages\six.py,MovedModule
E:\football_v\.venv\Lib\site-packages\pip\_vendor\urllib3\packages\six.py,_LazyModule
E:\football_v\.venv\Lib\site-packages\pip\_vendor\urllib3\packages\six.py,MovedAttribute
E:\football_v\.venv\Lib\site-packages\pip\_vendor\urllib3\packages\six.py,_SixMetaPathImporter
E:\football_v\.venv\Lib\site-packages\pip\_vendor\urllib3\packages\six.py,_MovedItems
E:\football_v\.venv\Lib\site-packages\pip\_vendor\urllib3\packages\six.py,Module_six_moves_urllib_parse
E:\football_v\.venv\Lib\site-packages\pip\_vendor\urllib3\packages\six.py,Module_six_moves_urllib_error
E:\football_v\.venv\Lib\site-packages\pip\_vendor\urllib3\packages\six.py,Module_six_moves_urllib_request
E:\football_v\.venv\Lib\site-packages\pip\_vendor\urllib3\packages\six.py,Module_six_moves_urllib_response
E:\football_v\.venv\Lib\site-packages\pip\_vendor\urllib3\packages\six.py,Module_six_moves_urllib_robotparser
E:\football_v\.venv\Lib\site-packages\pip\_vendor\urllib3\packages\six.py,Module_six_moves_urllib
E:\football_v\.venv\Lib\site-packages\pip\_vendor\urllib3\packages\six.py,Iterator
E:\football_v\.venv\Lib\site-packages\pip\_vendor\urllib3\packages\six.py,metaclass
E:\football_v\.venv\Lib\site-packages\pip\_vendor\urllib3\packages\six.py,X
E:\football_v\.venv\Lib\site-packages\pip\_vendor\urllib3\packages\backports\weakref_finalize.py,weakref_finalize
E:\football_v\.venv\Lib\site-packages\pip\_vendor\urllib3\packages\backports\weakref_finalize.py,_Info
E:\football_v\.venv\Lib\site-packages\pip\_vendor\urllib3\util\queue.py,LifoQueue
E:\football_v\.venv\Lib\site-packages\pip\_vendor\urllib3\util\retry.py,_RetryMeta
E:\football_v\.venv\Lib\site-packages\pip\_vendor\urllib3\util\retry.py,Retry
E:\football_v\.venv\Lib\site-packages\pip\_vendor\urllib3\util\ssltransport.py,SSLTransport
E:\football_v\.venv\Lib\site-packages\pip\_vendor\urllib3\util\ssl_.py,SSLContext
E:\football_v\.venv\Lib\site-packages\pip\_vendor\urllib3\util\ssl_match_hostname.py,CertificateError
E:\football_v\.venv\Lib\site-packages\pip\_vendor\urllib3\util\timeout.py,Timeout
E:\football_v\.venv\Lib\site-packages\pip\_vendor\urllib3\util\url.py,Url
E:\football_v\.venv\Lib\site-packages\pip\_vendor\urllib3\util\wait.py,NoWayToWaitForSocketError
E:\football_v\00_System_OS\01_DATA_LAYER\core\logger\formatter.py,FootballFormatter
E:\football_v\00_SYSTEM_TOOLS\Module_Deployment_Tool\core\deployment_engine.py,DeploymentEngine
E:\football_v\00_SYSTEM_TOOLS\Module_Deployment_Tool\core\encoding_validator.py,EncodingValidator
E:\football_v\00_SYSTEM_TOOLS\Module_Deployment_Tool\core\json_validator.py,JsonValidator
E:\football_v\00_SYSTEM_TOOLS\Module_Deployment_Tool\core\path_validator.py,PathValidator
E:\football_v\00_SYSTEM_TOOLS\Module_Deployment_Tool\core\syntax_validator.py,SyntaxValidator
E:\football_v\01_Data_Source\download\data_downloader.py,DataDownloader
E:\football_v\01_Data_Source\monitor\source_monitor.py,SourceMonitor
E:\football_v\01_Data_Source\pipeline\source_scanner.py,SourceScanner
E:\football_v\01_Data_Source\pipeline\source_validator.py,SourceValidator
E:\football_v\02_Data_Platform\data_loader\engine\loader_engine.py,LoaderEngine
E:\football_v\02_Data_Platform\data_manager\dataset_manager.py,DatasetManager
E:\football_v\02_Data_Platform\data_manager\dataset_registry.py,DatasetRegistry
E:\football_v\02_Data_Platform\data_manager\data_manager.py,DataManager
E:\football_v\02_Data_Platform\integration\platform_bootstrap.py,PlatformBootstrap
E:\football_v\02_Data_Platform\metadata\metadata_manager.py,MetadataManager
E:\football_v\02_Data_Platform\metadata\metadata_schema.py,MetadataSchema
E:\football_v\02_Data_Platform\metadata\lineage\data_lineage.py,DataLineage
E:\football_v\02_Data_Platform\pipeline\data_pipeline.py,DataPipeline
E:\football_v\02_Data_Platform\raw\raw_manager.py,RawManager
E:\football_v\02_Data_Platform\raw\raw_registry.py,RawRegistry
E:\football_v\02_Data_Platform\raw\raw_scanner.py,RawScanner
E:\football_v\02_Data_Platform\registry\data_platform_registry.py,DataRegistry
E:\football_v\03_MODEL_LAYER\confidence_model\confidence_engine_V2.0.py,ConfidenceModel
E:\football_v\03_MODEL_LAYER\fusion_engine\fusion_engine_V2.3.py,FusionEngineV23
E:\football_v\03_MODEL_LAYER\market_model\market_value_model_V1.0.py,MarketValueModel
E:\football_v\03_MODEL_LAYER\risk_model\risk_engine_V2.0.py,RiskModel
E:\football_v\04_Data_Processing_AI\data_intelligence_engine\data_intelligence_engine.py,DataIntelligenceEngine
E:\football_v\04_Data_Processing_AI\data_intelligence_engine\data_router.py,DataRouter
E:\football_v\04_Data_Processing_AI\data_intelligence_engine\feature_selector.py,FeatureSelector
E:\football_v\04_Data_Processing_AI\data_intelligence_engine\intelligence_service.py,IntelligenceService
E:\football_v\04_Data_Processing_AI\data_intelligence_engine\model_interface.py,ModelInterface
E:\football_v\04_Data_Processing_AI\dynamic_feature_weight_engine\feature_weight_manager.py,FeatureWeightManager
E:\football_v\04_Data_Processing_AI\dynamic_feature_weight_engine\model_weight_manager.py,ModelWeightManager
E:\football_v\04_Data_Processing_AI\dynamic_feature_weight_engine\weight_calculator.py,WeightCalculator
E:\football_v\04_Data_Processing_AI\dynamic_feature_weight_engine\weight_engine.py,WeightEngine
E:\football_v\04_Data_Processing_AI\feature_store\backtest_dataset_manager.py,BacktestDatasetManager
E:\football_v\04_Data_Processing_AI\feature_store\database_connection_pool.py,DatabaseConnectionPool
E:\football_v\04_Data_Processing_AI\feature_store\database_connector.py,DatabaseConnector
E:\football_v\04_Data_Processing_AI\feature_store\database_health_monitor.py,DatabaseHealthMonitor
E:\football_v\04_Data_Processing_AI\feature_store\database_migration_manager.py,DatabaseMigrationManager
E:\football_v\04_Data_Processing_AI\feature_store\dataset_split_manager.py,DatasetSplitManager
E:\football_v\04_Data_Processing_AI\feature_store\data_promotion_service.py,DataPromotionService
E:\football_v\04_Data_Processing_AI\feature_store\data_source_registry.py,DataSourceRegistry
E:\football_v\04_Data_Processing_AI\feature_store\elo_history_feature_engine.py,EloHistoryFeatureEngine
E:\football_v\04_Data_Processing_AI\feature_store\environment_manager.py,EnvironmentManager
E:\football_v\04_Data_Processing_AI\feature_store\feature_anomaly_detector.py,FeatureAnomalyDetector
E:\football_v\04_Data_Processing_AI\feature_store\feature_api_service.py,FeatureAPIService
E:\football_v\04_Data_Processing_AI\feature_store\feature_audit_logger.py,FeatureAuditLogger
E:\football_v\04_Data_Processing_AI\feature_store\feature_auto_generator.py,FeatureAutoGenerator
E:\football_v\04_Data_Processing_AI\feature_store\feature_cache_manager.py,FeatureCacheManager
E:\football_v\04_Data_Processing_AI\feature_store\feature_context_builder.py,FeatureContextBuilder
E:\football_v\04_Data_Processing_AI\feature_store\feature_crud_service.py,FeatureCRUDService
E:\football_v\04_Data_Processing_AI\feature_store\feature_database_connector.py,DatabaseConnector
E:\football_v\04_Data_Processing_AI\feature_store\feature_database_health_check.py,FeatureDatabaseHealthCheck
E:\football_v\04_Data_Processing_AI\feature_store\feature_database_reader.py,FeatureDatabaseReader
E:\football_v\04_Data_Processing_AI\feature_store\feature_database_service.py,FeatureDatabaseService
E:\football_v\04_Data_Processing_AI\feature_store\feature_database_session.py,FeatureDatabaseSession
E:\football_v\04_Data_Processing_AI\feature_store\feature_dataset_builder.py,FeatureDatasetBuilder
E:\football_v\04_Data_Processing_AI\feature_store\feature_dataset_builder_v2.py,FeatureDatasetBuilderV2
E:\football_v\04_Data_Processing_AI\feature_store\feature_dataset_exporter.py,FeatureDatasetExporter
E:\football_v\04_Data_Processing_AI\feature_store\feature_dataset_generator.py,FeatureDatasetGenerator
E:\football_v\04_Data_Processing_AI\feature_store\feature_dataset_reporter.py,FeatureDatasetReporter
E:\football_v\04_Data_Processing_AI\feature_store\feature_dataset_schema_validator.py,DatasetSchemaValidator
E:\football_v\04_Data_Processing_AI\feature_store\feature_dataset_version_manager.py,FeatureDatasetVersionManager
E:\football_v\04_Data_Processing_AI\feature_store\feature_data_ingestion.py,FeatureDataIngestion
E:\football_v\04_Data_Processing_AI\feature_store\feature_data_loader.py,FeatureDataLoader
E:\football_v\04_Data_Processing_AI\feature_store\feature_drift_detector.py,FeatureDriftDetector
E:\football_v\04_Data_Processing_AI\feature_store\feature_feature_generator.py,FeatureGenerator
E:\football_v\04_Data_Processing_AI\feature_store\feature_feedback_optimizer.py,FeatureFeedbackOptimizer
E:\football_v\04_Data_Processing_AI\feature_store\feature_importance_analyzer.py,FeatureImportanceAnalyzer
E:\football_v\04_Data_Processing_AI\feature_store\feature_ingestion_scheduler.py,FeatureIngestionScheduler
E:\football_v\04_Data_Processing_AI\feature_store\feature_interaction_engine.py,FeatureInteractionEngine
E:\football_v\04_Data_Processing_AI\feature_store\feature_lineage_tracker.py,FeatureLineageTracker
E:\football_v\04_Data_Processing_AI\feature_store\feature_loader.py,FeatureLoader
E:\football_v\04_Data_Processing_AI\feature_store\feature_loader_service.py,FeatureLoaderService
E:\football_v\04_Data_Processing_AI\feature_store\feature_match_reader.py,FeatureMatchReader
E:\football_v\04_Data_Processing_AI\feature_store\feature_model_adapter.py,FeatureModelAdapter
E:\football_v\04_Data_Processing_AI\feature_store\feature_model_interface.py,FeatureModelInterface
E:\football_v\04_Data_Processing_AI\feature_store\feature_model_registry.py,FeatureModelRegistry
E:\football_v\04_Data_Processing_AI\feature_store\feature_optimizer.py,FeatureOptimizer
E:\football_v\04_Data_Processing_AI\feature_store\feature_pattern_miner.py,FeaturePatternMiner
E:\football_v\04_Data_Processing_AI\feature_store\feature_pipeline.py,FeaturePipeline
E:\football_v\04_Data_Processing_AI\feature_store\feature_pipeline_runner.py,FeaturePipelineRunner
E:\football_v\04_Data_Processing_AI\feature_store\feature_probability_schema.py,ProbabilitySchema
E:\football_v\04_Data_Processing_AI\feature_store\feature_quality_monitor.py,FeatureQualityMonitor
E:\football_v\04_Data_Processing_AI\feature_store\feature_quality_reporter.py,FeatureQualityReporter
E:\football_v\04_Data_Processing_AI\feature_store\feature_quality_rules.py,FeatureQualityRules
E:\football_v\04_Data_Processing_AI\feature_store\feature_query_engine.py,FeatureQueryEngine
E:\football_v\04_Data_Processing_AI\feature_store\feature_query_service.py,FeatureQueryService
E:\football_v\04_Data_Processing_AI\feature_store\feature_reduction_engine.py,FeatureReductionEngine
E:\football_v\04_Data_Processing_AI\feature_store\feature_request_router.py,FeatureRequestRouter
E:\football_v\04_Data_Processing_AI\feature_store\feature_response_formatter.py,FeatureResponseFormatter
E:\football_v\04_Data_Processing_AI\feature_store\feature_schema.py,FeatureSchema
E:\football_v\04_Data_Processing_AI\feature_store\feature_selector_ai.py,FeatureSelectorAI
E:\football_v\04_Data_Processing_AI\feature_store\feature_service.py,FeatureService
E:\football_v\04_Data_Processing_AI\feature_store\feature_service_health.py,FeatureServiceHealth
E:\football_v\04_Data_Processing_AI\feature_store\feature_snapshot_manager.py,FeatureSnapshotManager
E:\football_v\04_Data_Processing_AI\feature_store\feature_store.py,FeatureStore
E:\football_v\04_Data_Processing_AI\feature_store\feature_table_mapper.py,FeatureTableMapper
E:\football_v\04_Data_Processing_AI\feature_store\feature_time_series_manager.py,FeatureTimeSeriesManager
E:\football_v\04_Data_Processing_AI\feature_store\feature_validation_service.py,FeatureValidationService
E:\football_v\04_Data_Processing_AI\feature_store\feature_validator.py,FeatureValidator
E:\football_v\04_Data_Processing_AI\feature_store\feature_version_manager.py,FeatureVersionManager
E:\football_v\04_Data_Processing_AI\feature_store\historical_feature_builder.py,HistoricalFeatureBuilder
E:\football_v\04_Data_Processing_AI\feature_store\historical_feature_database.py,HistoricalFeatureDatabase
E:\football_v\04_Data_Processing_AI\feature_store\historical_feature_registry.py,HistoricalFeatureRegistry
E:\football_v\04_Data_Processing_AI\feature_store\historical_feature_repository.py,HistoricalFeatureRepository
E:\football_v\04_Data_Processing_AI\feature_store\historical_feature_repository_v2.py,HistoricalFeatureRepositoryV2
E:\football_v\04_Data_Processing_AI\feature_store\historical_feature_table_creator.py,HistoricalFeatureTableCreator
E:\football_v\04_Data_Processing_AI\feature_store\home_away_feature_engine.py,HomeAwayFeatureEngine
E:\football_v\04_Data_Processing_AI\feature_store\intelligent_feature_store.py,IntelligentFeatureStore
E:\football_v\04_Data_Processing_AI\feature_store\model_feedback_collector.py,ModelFeedbackCollector
E:\football_v\04_Data_Processing_AI\feature_store\model_training_exporter.py,ModelTrainingExporter
E:\football_v\04_Data_Processing_AI\feature_store\prediction_error_analyzer.py,PredictionErrorAnalyzer
E:\football_v\04_Data_Processing_AI\feature_store\production_release_checker.py,ProductionReleaseChecker
E:\football_v\04_Data_Processing_AI\feature_store\team_form_feature_engine.py,TeamFormFeatureEngine
E:\football_v\04_Data_Processing_AI\feature_store\training_dataset_builder.py,TrainingDatasetBuilder
E:\football_v\04_Data_Processing_AI\feature_store\validation_dataset_checker.py,ValidationDatasetChecker
E:\football_v\04_Data_Processing_AI\feature_store\validation_production_switch.py,ValidationProductionSwitch
E:\football_v\04_Data_Processing_AI\feature_store\adapters\dixon_coles_adapter.py,DixonColesAdapter
E:\football_v\04_Data_Processing_AI\feature_store\adapters\dixon_coles_feature_adapter.py,DixonColesFeatureAdapter
E:\football_v\04_Data_Processing_AI\feature_store\adapters\elo_adapter.py,EloAdapter
E:\football_v\04_Data_Processing_AI\feature_store\adapters\elo_feature_adapter.py,EloFeatureAdapter
E:\football_v\04_Data_Processing_AI\feature_store\adapters\fusion_adapter.py,FusionAdapter
E:\football_v\04_Data_Processing_AI\feature_store\adapters\fusion_feature_adapter.py,FusionFeatureAdapter
E:\football_v\04_Data_Processing_AI\feature_store\adapters\poisson_adapter.py,PoissonAdapter
E:\football_v\04_Data_Processing_AI\feature_store\adapters\poisson_feature_adapter.py,PoissonFeatureAdapter
E:\football_v\04_Data_Processing_AI\feature_store\adapters\xgboost_adapter.py,XGBoostAdapter
E:\football_v\04_Data_Processing_AI\feature_store\adapters\xgboost_feature_adapter.py,XGBoostFeatureAdapter
E:\football_v\05_AI_Intelligence_Layer\FUSION_DECISION_ENGINE\decision_manager.py,DecisionManager
E:\football_v\05_AI_Intelligence_Layer\FUSION_DECISION_ENGINE\fusion_engine.py,FusionEngine
E:\football_v\05_AI_Intelligence_Layer\MODEL_ADAPTER_FRAMEWORK\adapter_base.py,BaseAdapter
E:\football_v\05_AI_Intelligence_Layer\MODEL_ADAPTER_FRAMEWORK\adapter_manager.py,AdapterManager
E:\football_v\05_AI_Intelligence_Layer\MODEL_EVALUATION_ENGINE\error_analyzer.py,ErrorAnalyzer
E:\football_v\05_AI_Intelligence_Layer\MODEL_EVALUATION_ENGINE\evaluator.py,Evaluator
E:\football_v\05_AI_Intelligence_Layer\MODEL_REGISTRY\model_catalog.py,ModelCatalog
E:\football_v\05_AI_Intelligence_Layer\MODEL_REGISTRY\model_registry.py,ModelRegistry
E:\football_v\05_AI_Intelligence_Layer\MODEL_REGISTRY\model_status_manager.py,ModelStatusManager
E:\football_v\05_AI_Intelligence_Layer\MODEL_REGISTRY\model_version_manager.py,ModelVersionManager
E:\football_v\05_AI_Intelligence_Layer\SELF_REFLECTION_ENGINE\experience_manager.py,ExperienceManager
E:\football_v\05_AI_Intelligence_Layer\SELF_REFLECTION_ENGINE\reflection_engine.py,ReflectionEngine
E:\football_v\05_MODEL_AI\MODEL_LAYER\feature_store_connector.py,FeatureStoreConnector
E:\football_v\05_MODEL_AI\MODEL_LAYER\model_interface.py,BaseModelInterface
E:\football_v\05_MODEL_AI\MODEL_LAYER\model_loader.py,ModelLoader
E:\football_v\05_MODEL_AI\MODEL_LAYER\model_registry.py,ModelRegistry
E:\football_v\05_MODEL_AI\MODEL_LAYER\model_runtime.py,ModelRuntime
E:\football_v\05_MODEL_AI\MODEL_LAYER\backtest\backtest_engine.py,BacktestEngine
E:\football_v\05_MODEL_AI\MODEL_LAYER\backtest\model_accuracy_report.py,ModelAccuracyReport
E:\football_v\05_MODEL_AI\MODEL_LAYER\backtest\prediction_tracker.py,PredictionTracker
E:\football_v\05_MODEL_AI\MODEL_LAYER\backtest\roi_analyzer.py,ROIAnalyzer
E:\football_v\05_MODEL_AI\MODEL_LAYER\fusion\fusion_engine.py,FusionEngine
E:\football_v\05_MODEL_AI\MODEL_LAYER\fusion\probability_calculator.py,ProbabilityCalculator
E:\football_v\05_MODEL_AI\MODEL_LAYER\models\dixon_coles_model.py,DixonColesModel
E:\football_v\05_MODEL_AI\MODEL_LAYER\models\elo_model.py,EloModel
E:\football_v\05_MODEL_AI\MODEL_LAYER\models\poisson_model.py,PoissonModel
E:\football_v\05_MODEL_AI\MODEL_LAYER\models\xgboost_model.py,XGBoostModel
E:\football_v\06_PREDICTION_ENGINE\confidence_calculator.py,ConfidenceCalculator
E:\football_v\06_PREDICTION_ENGINE\correct_score_calculator.py,CorrectScoreCalculator
E:\football_v\06_PREDICTION_ENGINE\goal_distribution.py,GoalDistribution
E:\football_v\06_PREDICTION_ENGINE\market_probability_compare.py,MarketProbabilityCompare
E:\football_v\06_PREDICTION_ENGINE\prediction_interface.py,PredictionInterface
E:\football_v\06_PREDICTION_ENGINE\prediction_registry.py,PredictionRegistry
E:\football_v\06_PREDICTION_ENGINE\prediction_runtime.py,PredictionRuntime
E:\football_v\06_PREDICTION_ENGINE\prediction_service.py,PredictionService
E:\football_v\06_PREDICTION_ENGINE\probability_calibrator.py,ProbabilityCalibrator
E:\football_v\06_PREDICTION_ENGINE\probability_engine.py,ProbabilityEngine
E:\football_v\06_PREDICTION_ENGINE\risk_engine.py,RiskEngine
E:\football_v\06_PREDICTION_ENGINE\score_prediction_engine.py,ScorePredictionEngine
E:\football_v\06_PREDICTION_ENGINE\value_analyzer.py,ValueAnalyzer
E:\football_v\06_PREDICTION_INTELLIGENCE_ENGINE\advanced_model_connector\connector_manager.py,ConnectorManager
E:\football_v\06_PREDICTION_INTELLIGENCE_ENGINE\advanced_model_connector\dixon_coles_connector.py,DixonColesConnector
E:\football_v\06_PREDICTION_INTELLIGENCE_ENGINE\advanced_model_connector\elo_connector.py,EloConnector
E:\football_v\06_PREDICTION_INTELLIGENCE_ENGINE\advanced_model_connector\poisson_connector.py,PoissonConnector
E:\football_v\06_PREDICTION_INTELLIGENCE_ENGINE\advanced_model_connector\xgboost_connector.py,XGBoostConnector
E:\football_v\06_PREDICTION_INTELLIGENCE_ENGINE\confidence_calibration\calibration_engine.py,CalibrationEngine
E:\football_v\06_PREDICTION_INTELLIGENCE_ENGINE\confidence_calibration\reliability.py,Reliability
E:\football_v\06_PREDICTION_INTELLIGENCE_ENGINE\confidence_engine\confidence_manager.py,ConfidenceManager
E:\football_v\06_PREDICTION_INTELLIGENCE_ENGINE\knockout_extension\knockout_engine.py,KnockoutExtension
E:\football_v\06_PREDICTION_INTELLIGENCE_ENGINE\model_connector\model_connector.py,ModelConnector
E:\football_v\06_PREDICTION_INTELLIGENCE_ENGINE\prediction_api\api_service.py,PredictionAPI
E:\football_v\06_PREDICTION_INTELLIGENCE_ENGINE\probability_engine\probability_fusion.py,ProbabilityFusion
E:\football_v\06_PREDICTION_INTELLIGENCE_ENGINE\real_probability_engine\fusion_calculator.py,FusionCalculator
E:\football_v\06_PREDICTION_INTELLIGENCE_ENGINE\real_probability_engine\probability_service.py,ProbabilityService
E:\football_v\06_PREDICTION_INTELLIGENCE_ENGINE\regular_time_prediction\prediction_engine.py,RegularTimePrediction
E:\football_v\06_PREDICTION_INTELLIGENCE_ENGINE\risk_engine\risk_manager.py,RiskManager
E:\football_v\06_PREDICTION_INTELLIGENCE_ENGINE\risk_intelligence_engine\model_conflict.py,ModelConflict
E:\football_v\06_PREDICTION_INTELLIGENCE_ENGINE\risk_intelligence_engine\upset_detector.py,UpsetDetector
E:\football_v\06_PREDICTION_INTELLIGENCE_ENGINE\score_prediction\score_predictor.py,ScorePredictor
E:\football_v\06_PREDICTION_INTELLIGENCE_ENGINE\score_probability_engine\score_distribution.py,ScoreDistribution
E:\football_v\06_PREDICTION_INTELLIGENCE_ENGINE\score_probability_engine\score_service.py,ScoreService
E:\football_v\07_AI_ORCHESTRATION_LAYER\data_pipeline\feature_pipeline.py,FeaturePipeline
E:\football_v\07_AI_ORCHESTRATION_LAYER\data_pipeline\input_manager.py,InputManager
E:\football_v\07_AI_ORCHESTRATION_LAYER\data_pipeline\output_pipeline.py,OutputPipeline
E:\football_v\07_AI_ORCHESTRATION_LAYER\decision_interface\decision_service.py,DecisionService
E:\football_v\07_AI_ORCHESTRATION_LAYER\learning_hook\backup_feedback_receiver_V1.0.py,FeedbackReceiver
E:\football_v\07_AI_ORCHESTRATION_LAYER\learning_hook\experience_connector.py,ExperienceConnector
E:\football_v\07_AI_ORCHESTRATION_LAYER\model_router\model_selector.py,ModelSelector
E:\football_v\07_AI_ORCHESTRATION_LAYER\model_router\router.py,ModelRouter
E:\football_v\07_AI_ORCHESTRATION_LAYER\orchestration_core\orchestrator.py,Orchestrator
E:\football_v\07_AI_ORCHESTRATION_LAYER\orchestration_core\pipeline_manager.py,PipelineManager
E:\football_v\07_AI_ORCHESTRATION_LAYER\orchestration_core\task_scheduler.py,TaskScheduler
E:\football_v\07_AI_ORCHESTRATION_LAYER\report_engine\report_generator.py,ReportGenerator
E:\football_v\07_AI_ORCHESTRATION_LAYER\workflow_monitor\monitor.py,WorkflowMonitor
E:\football_v\07_AI_ORCHESTRATION_LAYER\workflow_monitor\status_tracker.py,StatusTracker
E:\football_v\07_BACKTEST_AI\accuracy_evaluator.py,AccuracyEvaluator
E:\football_v\07_BACKTEST_AI\backtest_engine.py,BacktestEngine
E:\football_v\07_BACKTEST_AI\backtest_runner.py,BacktestRunner
E:\football_v\07_BACKTEST_AI\betting_result_analyzer.py,BettingResultAnalyzer
E:\football_v\07_BACKTEST_AI\confidence_evaluator.py,ConfidenceEvaluator
E:\football_v\07_BACKTEST_AI\feature_feedback.py,FeatureFeedback
E:\football_v\07_BACKTEST_AI\historical_match_loader.py,HistoricalMatchLoader
E:\football_v\07_BACKTEST_AI\model_feedback.py,ModelFeedback
E:\football_v\07_BACKTEST_AI\optimization_scheduler.py,OptimizationScheduler
E:\football_v\07_BACKTEST_AI\prediction_result_loader.py,PredictionResultLoader
E:\football_v\07_BACKTEST_AI\probability_evaluator.py,ProbabilityEvaluator
E:\football_v\07_BACKTEST_AI\roi_tracker.py,ROITracker
E:\football_v\07_BACKTEST_AI\strategy_performance.py,StrategyPerformance
E:\football_v\07_BACKTEST_SYSTEM\backtest_engine\backtest_engine.py,BacktestEngine
E:\football_v\07_BACKTEST_SYSTEM\metrics\classification_metrics.py,ClassificationMetrics
E:\football_v\07_BACKTEST_SYSTEM\metrics\probability_metrics.py,ProbabilityMetrics
E:\football_v\07_BACKTEST_SYSTEM\metrics\risk_metrics.py,RiskMetrics
E:\football_v\07_BACKTEST_SYSTEM\model_comparison\comparison_engine.py,ComparisonEngine
E:\football_v\07_BACKTEST_SYSTEM\model_evaluation\calibration.py,Calibration
E:\football_v\07_BACKTEST_SYSTEM\model_evaluation\model_accuracy.py,ModelAccuracy
E:\football_v\07_BACKTEST_SYSTEM\model_evaluation\probability_score.py,ProbabilityScore
E:\football_v\07_BACKTEST_SYSTEM\tests\backtest_system_test.py,BacktestSystemTest
E:\football_v\08_DECISION_ENGINE\bankroll_manager.py,BankrollManager
E:\football_v\08_DECISION_ENGINE\bet_selection_engine.py,BetSelectionEngine
E:\football_v\08_DECISION_ENGINE\decision_engine.py,DecisionEngine
E:\football_v\08_DECISION_ENGINE\decision_interface.py,DecisionInterface
E:\football_v\08_DECISION_ENGINE\decision_registry.py,DecisionRegistry
E:\football_v\08_DECISION_ENGINE\decision_runtime.py,DecisionRuntime
E:\football_v\08_DECISION_ENGINE\final_decision_report.py,FinalDecisionReport
E:\football_v\08_DECISION_ENGINE\portfolio_strategy.py,PortfolioStrategy
E:\football_v\08_DECISION_ENGINE\risk_control_engine.py,RiskControlEngine
E:\football_v\08_DECISION_ENGINE\stake_calculator.py,StakeCalculator
E:\football_v\08_DECISION_ENGINE\value_filter_engine.py,ValueFilterEngine
E:\football_v\08_DECISION_INTELLIGENCE_LAYER\decision_core\decision_engine.py,DecisionEngine
E:\football_v\08_DECISION_INTELLIGENCE_LAYER\explanation_engine\explanation_manager.py,ExplanationManager
E:\football_v\08_DECISION_INTELLIGENCE_LAYER\explanation_engine\fusion_explainer.py,FusionExplainer
E:\football_v\08_DECISION_INTELLIGENCE_LAYER\explanation_engine\model_explainer.py,ModelExplainer
E:\football_v\08_DECISION_INTELLIGENCE_LAYER\feedback_interface\backup\feedback_connector_V0.1_backup.py,FeedbackConnector
E:\football_v\08_DECISION_INTELLIGENCE_LAYER\fusion_analysis\fusion_analyzer.py,FusionAnalyzer
E:\football_v\08_DECISION_INTELLIGENCE_LAYER\handicap_interface\handicap_adapter.py,HandicapAdapter
E:\football_v\08_DECISION_INTELLIGENCE_LAYER\handicap_interface\handicap_connector.py,HandicapConnector
E:\football_v\08_DECISION_INTELLIGENCE_LAYER\market_risk_interface\market_risk_adapter.py,MarketRiskAdapter
E:\football_v\08_DECISION_INTELLIGENCE_LAYER\market_risk_interface\market_risk_connector.py,MarketRiskConnector
E:\football_v\08_DECISION_INTELLIGENCE_LAYER\raw_output_engine\raw_output_manager.py,RawOutputManager
E:\football_v\08_DECISION_INTELLIGENCE_LAYER\recommendation_engine\recommendation.py,RecommendationEngine
E:\football_v\08_DECISION_INTELLIGENCE_LAYER\recommendation_engine\recommendation_manager.py,RecommendationManager
E:\football_v\08_DECISION_INTELLIGENCE_LAYER\report_generator\decision_report.py,DecisionReport
E:\football_v\08_DECISION_LAYER\engine\decision_engine_V2.4.py,DecisionEngineV24
E:\football_v\08_DECISION_LAYER\engine\recommendation_engine.py,RecommendationEngine
E:\football_v\08_DECISION_LAYER\monitor\decision_monitor.py,DecisionMonitor
E:\football_v\08_DECISION_LAYER\service\decision_service.py,DecisionService
E:\football_v\09_AI_ORCHESTRATION_LAYER\auto_report_generator.py,AutoReportGenerator
E:\football_v\09_AI_ORCHESTRATION_LAYER\model_router.py,ModelRouter
E:\football_v\09_AI_ORCHESTRATION_LAYER\orchestration_interface.py,OrchestrationInterface
E:\football_v\09_AI_ORCHESTRATION_LAYER\pipeline_controller.py,PipelineController
E:\football_v\09_AI_ORCHESTRATION_LAYER\system_health_monitor.py,SystemHealthMonitor
E:\football_v\09_AI_ORCHESTRATION_LAYER\task_scheduler.py,TaskScheduler
E:\football_v\09_AI_ORCHESTRATION_LAYER\workflow_engine.py,WorkflowEngine
E:\football_v\09_APPLICATION_LAYER\api\decision_api.py,DecisionAPI
E:\football_v\09_APPLICATION_LAYER\api\prediction_api.py,PredictionAPI
E:\football_v\09_APPLICATION_LAYER\interface\match_analysis.py,MatchAnalysis
E:\football_v\09_APPLICATION_LAYER\service\football_ai_service.py,FootballAIService
E:\football_v\09_MODEL_EXPLANATION_ENGINE\dixon_coles_explainer\dixon_coles_explainer.py,DixonColesExplainer
E:\football_v\09_MODEL_EXPLANATION_ENGINE\elo_explainer\elo_explainer.py,EloExplainer
E:\football_v\09_MODEL_EXPLANATION_ENGINE\explanation_report\report_generator.py,ExplanationReport
E:\football_v\09_MODEL_EXPLANATION_ENGINE\fusion_explainer\fusion_explainer.py,FusionExplainer
E:\football_v\09_MODEL_EXPLANATION_ENGINE\poisson_explainer\poisson_explainer.py,PoissonExplainer
E:\football_v\09_MODEL_EXPLANATION_ENGINE\xgboost_explainer\xgboost_explainer.py,XGBoostExplainer
E:\football_v\09_Prediction_System\model_result_adapter.py,ModelResultAdapter
E:\football_v\09_Prediction_System\prediction_history.py,PredictionHistory
E:\football_v\09_Prediction_System\prediction_monitor.py,PredictionMonitor
E:\football_v\09_Prediction_System\prediction_pipeline.py,PredictionPipeline
E:\football_v\09_Prediction_System\prediction_report_generator.py,PredictionReportGenerator
E:\football_v\09_Prediction_System\prediction_service_adapter.py,PredictionServiceAdapter
E:\football_v\09_Prediction_System\probability_adapter.py,ProbabilityAdapter
E:\football_v\09_Prediction_System\score_adapter.py,ScoreAdapter
E:\football_v\10_AI_AUTONOMOUS_ENGINE\adaptive_parameter_learning.py,AdaptiveParameterLearning
E:\football_v\10_AI_AUTONOMOUS_ENGINE\adaptive_strategy_selector.py,AdaptiveStrategySelector
E:\football_v\10_AI_AUTONOMOUS_ENGINE\ai_strategy_reasoning_engine.py,AIStrategyReasoningEngine
E:\football_v\10_AI_AUTONOMOUS_ENGINE\approval_workflow.py,ApprovalWorkflow
E:\football_v\10_AI_AUTONOMOUS_ENGINE\architecture_health_checker.py,ArchitectureHealthChecker
E:\football_v\10_AI_AUTONOMOUS_ENGINE\autonomous_engine_v2.py,AutonomousEngine
E:\football_v\10_AI_AUTONOMOUS_ENGINE\auto_experiment_engine.py,AutoExperimentEngine
E:\football_v\10_AI_AUTONOMOUS_ENGINE\auto_recovery_manager.py,AutoRecoveryManager
E:\football_v\10_AI_AUTONOMOUS_ENGINE\auto_upgrade_manager.py,AutoUpgradeManager
E:\football_v\10_AI_AUTONOMOUS_ENGINE\change_risk_assessor.py,ChangeRiskAssessor
E:\football_v\10_AI_AUTONOMOUS_ENGINE\continuous_improvement_engine.py,ContinuousImprovementEngine
E:\football_v\10_AI_AUTONOMOUS_ENGINE\decision_logger.py,DecisionLogger
E:\football_v\10_AI_AUTONOMOUS_ENGINE\decision_quality_analyzer.py,DecisionQualityAnalyzer
E:\football_v\10_AI_AUTONOMOUS_ENGINE\dependency_validator.py,DependencyValidator
E:\football_v\10_AI_AUTONOMOUS_ENGINE\dynamic_weight_adjuster.py,DynamicWeightAdjuster
E:\football_v\10_AI_AUTONOMOUS_ENGINE\error_analysis_engine.py,ErrorAnalysisEngine
E:\football_v\10_AI_AUTONOMOUS_ENGINE\error_rate_calculator.py,ErrorRateCalculator
E:\football_v\10_AI_AUTONOMOUS_ENGINE\error_trend_detector.py,ErrorTrendDetector
E:\football_v\10_AI_AUTONOMOUS_ENGINE\evolution_controller.py,EvolutionController
E:\football_v\10_AI_AUTONOMOUS_ENGINE\evolution_decision_brain.py,EvolutionDecisionBrain
E:\football_v\10_AI_AUTONOMOUS_ENGINE\evolution_governance_manager.py,EvolutionGovernanceManager
E:\football_v\10_AI_AUTONOMOUS_ENGINE\evolution_intelligence_engine.py,EvolutionIntelligenceEngine
E:\football_v\10_AI_AUTONOMOUS_ENGINE\evolution_knowledge_reasoner.py,EvolutionKnowledgeReasoner
E:\football_v\10_AI_AUTONOMOUS_ENGINE\evolution_memory.py,EvolutionMemory
E:\football_v\10_AI_AUTONOMOUS_ENGINE\evolution_memory_index.py,EvolutionMemoryIndex
E:\football_v\10_AI_AUTONOMOUS_ENGINE\evolution_pattern_analyzer.py,EvolutionPatternAnalyzer
E:\football_v\10_AI_AUTONOMOUS_ENGINE\evolution_report_generator.py,EvolutionReportGenerator
E:\football_v\10_AI_AUTONOMOUS_ENGINE\experience_pattern_miner.py,ExperiencePatternMiner
E:\football_v\10_AI_AUTONOMOUS_ENGINE\experience_repository.py,ExperienceRepository
E:\football_v\10_AI_AUTONOMOUS_ENGINE\failure_prediction_engine.py,FailurePredictionEngine
E:\football_v\10_AI_AUTONOMOUS_ENGINE\feature_self_optimizer.py,FeatureSelfOptimizer
E:\football_v\10_AI_AUTONOMOUS_ENGINE\football_reasoning_core.py,FootballReasoningCore
E:\football_v\10_AI_AUTONOMOUS_ENGINE\future_risk_simulator.py,FutureRiskSimulator
E:\football_v\10_AI_AUTONOMOUS_ENGINE\historical_case_analyzer.py,HistoricalCaseAnalyzer
E:\football_v\10_AI_AUTONOMOUS_ENGINE\human_approval_gate_v2.py,HumanApprovalGate
E:\football_v\10_AI_AUTONOMOUS_ENGINE\human_approval_manager.py,HumanApprovalManager
E:\football_v\10_AI_AUTONOMOUS_ENGINE\human_approval_v1.py,HumanApproval
E:\football_v\10_AI_AUTONOMOUS_ENGINE\human_dashboard_api.py,HumanDashboardAPI
E:\football_v\10_AI_AUTONOMOUS_ENGINE\intelligence_connector.py,IntelligenceConnector
E:\football_v\10_AI_AUTONOMOUS_ENGINE\intelligent_task_allocator.py,IntelligentTaskAllocator
E:\football_v\10_AI_AUTONOMOUS_ENGINE\knowledge_graph_builder.py,KnowledgeGraphBuilder
E:\football_v\10_AI_AUTONOMOUS_ENGINE\knowledge_relation_engine.py,KnowledgeRelationEngine
E:\football_v\10_AI_AUTONOMOUS_ENGINE\knowledge_retrieval_engine.py,KnowledgeRetrievalEngine
E:\football_v\10_AI_AUTONOMOUS_ENGINE\knowledge_snapshot.py,KnowledgeSnapshot
E:\football_v\10_AI_AUTONOMOUS_ENGINE\learning_cycle_manager.py,LearningCycleManager
E:\football_v\10_AI_AUTONOMOUS_ENGINE\learning_effect_tracker.py,LearningEffectTracker
E:\football_v\10_AI_AUTONOMOUS_ENGINE\market_reasoning_engine.py,MarketReasoningEngine
E:\football_v\10_AI_AUTONOMOUS_ENGINE\model_change_tracker.py,ModelChangeTracker
E:\football_v\10_AI_AUTONOMOUS_ENGINE\model_self_optimizer.py,ModelSelfOptimizer
E:\football_v\10_AI_AUTONOMOUS_ENGINE\module_consistency_checker.py,ModuleConsistencyChecker
E:\football_v\10_AI_AUTONOMOUS_ENGINE\monthly_performance_analyzer.py,MonthlyPerformanceAnalyzer
E:\football_v\10_AI_AUTONOMOUS_ENGINE\multi_cycle_learning_engine.py,MultiCycleLearningEngine
E:\football_v\10_AI_AUTONOMOUS_ENGINE\optimization_history.py,OptimizationHistory
E:\football_v\10_AI_AUTONOMOUS_ENGINE\optimization_priority_engine.py,OptimizationPriorityEngine
E:\football_v\10_AI_AUTONOMOUS_ENGINE\optimization_result_predictor.py,OptimizationResultPredictor
E:\football_v\10_AI_AUTONOMOUS_ENGINE\optimization_strategy_generator.py,OptimizationStrategyGenerator
E:\football_v\10_AI_AUTONOMOUS_ENGINE\optimization_suggestion_engine.py,OptimizationSuggestionEngine
E:\football_v\10_AI_AUTONOMOUS_ENGINE\optimization_suggestion_v1.py,OptimizationSuggestion
E:\football_v\10_AI_AUTONOMOUS_ENGINE\parameter_effect_analyzer.py,ParameterEffectAnalyzer
E:\football_v\10_AI_AUTONOMOUS_ENGINE\parameter_tuner.py,ParameterTuner
E:\football_v\10_AI_AUTONOMOUS_ENGINE\prediction_explanation_engine.py,PredictionExplanationEngine
E:\football_v\10_AI_AUTONOMOUS_ENGINE\release_validator.py,ReleaseValidator
E:\football_v\10_AI_AUTONOMOUS_ENGINE\risk_gate.py,RiskGate
E:\football_v\10_AI_AUTONOMOUS_ENGINE\rollback_manager.py,RollbackManager
E:\football_v\10_AI_AUTONOMOUS_ENGINE\safe_upgrade_executor.py,SafeUpgradeExecutor
E:\football_v\10_AI_AUTONOMOUS_ENGINE\scenario_test_generator.py,ScenarioTestGenerator
E:\football_v\10_AI_AUTONOMOUS_ENGINE\self_audit_engine.py,SelfAuditEngine
E:\football_v\10_AI_AUTONOMOUS_ENGINE\strategy_confidence_evaluator.py,StrategyConfidenceEvaluator
E:\football_v\10_AI_AUTONOMOUS_ENGINE\strategy_evolution_manager.py,StrategyEvolutionManager
E:\football_v\10_AI_AUTONOMOUS_ENGINE\strategy_selection_engine.py,StrategySelectionEngine
E:\football_v\10_AI_AUTONOMOUS_ENGINE\system_restore_manager.py,SystemRestoreManager
E:\football_v\10_AI_AUTONOMOUS_ENGINE\tactical_reasoning_engine.py,TacticalReasoningEngine
E:\football_v\10_AI_AUTONOMOUS_ENGINE\time_window_analyzer.py,TimeWindowAnalyzer
E:\football_v\10_AI_AUTONOMOUS_ENGINE\upgrade_decision_engine.py,UpgradeDecisionEngine
E:\football_v\10_AI_AUTONOMOUS_ENGINE\upgrade_history_repository.py,UpgradeHistoryRepository
E:\football_v\10_AI_AUTONOMOUS_ENGINE\upgrade_policy_manager.py,UpgradePolicyManager
E:\football_v\10_AI_AUTONOMOUS_ENGINE\upgrade_simulation_engine.py,UpgradeSimulationEngine
E:\football_v\10_AI_AUTONOMOUS_ENGINE\version_control_manager.py,VersionControlManager
E:\football_v\10_AI_AUTONOMOUS_ENGINE\virtual_validation_engine.py,VirtualValidationEngine
E:\football_v\10_AI_AUTONOMOUS_ENGINE\weekly_evolution_analyzer.py,WeeklyEvolutionAnalyzer
E:\football_v\10_INTEGRATION_LAYER\service\integration_service.py,IntegrationService
E:\football_v\10_MARKET_INTELLIGENCE_LAYER\handicap_model\handicap_engine.py,HandicapEngine
E:\football_v\10_MARKET_INTELLIGENCE_LAYER\market_report\market_report.py,MarketReport
E:\football_v\10_MARKET_INTELLIGENCE_LAYER\market_risk_model\risk_engine.py,MarketRiskEngine
E:\football_v\10_MARKET_INTELLIGENCE_LAYER\market_sentiment_engine\sentiment.py,SentimentEngine
E:\football_v\10_MARKET_INTELLIGENCE_LAYER\money_flow_engine\money_flow.py,MoneyFlowEngine
E:\football_v\10_MARKET_INTELLIGENCE_LAYER\odds_analysis\odds_analyzer.py,OddsAnalyzer
E:\football_v\10_MARKET_INTELLIGENCE_LAYER\risk_adjustment_engine\risk_adjuster.py,RiskAdjuster
E:\football_v\11_AI_ORCHESTRATION_LAYER\api_gateway\gateway.py,APIGateway
E:\football_v\11_AI_ORCHESTRATION_LAYER\data_router\data_router.py,DataRouter
E:\football_v\11_AI_ORCHESTRATION_LAYER\decision_router\decision_router.py,DecisionRouter
E:\football_v\11_AI_ORCHESTRATION_LAYER\logging_center\logger.py,Logger
E:\football_v\11_AI_ORCHESTRATION_LAYER\model_scheduler\scheduler.py,ModelScheduler
E:\football_v\11_AI_ORCHESTRATION_LAYER\orchestrator_core\orchestrator.py,Orchestrator
E:\football_v\11_AI_ORCHESTRATION_LAYER\pipeline_manager\pipeline.py,PipelineManager
E:\football_v\11_AI_ORCHESTRATION_LAYER\workflow_engine\workflow.py,WorkflowEngine
E:\football_v\11_System_Intelligence\accuracy_report.py,AccuracyReport
E:\football_v\11_System_Intelligence\adaptive_feedback.py,AdaptiveFeedback
E:\football_v\11_System_Intelligence\agent_fusion_engine.py,AgentFusionEngine
E:\football_v\11_System_Intelligence\agent_manager.py,AgentManager
E:\football_v\11_System_Intelligence\ai_prediction_os.py,AIPredictionOS
E:\football_v\11_System_Intelligence\backtest_engine.py,BacktestEngine
E:\football_v\11_System_Intelligence\bankroll_manager.py,BankrollManager
E:\football_v\11_System_Intelligence\beidan_engine.py,BeiDanEngine
E:\football_v\11_System_Intelligence\betting_recommendation_engine.py,BettingRecommendationEngine
E:\football_v\11_System_Intelligence\bet_strategy_engine.py,BetStrategyEngine
E:\football_v\11_System_Intelligence\capital_flow_engine.py,CapitalFlowEngine
E:\football_v\11_System_Intelligence\capital_sentiment.py,CapitalSentiment
E:\football_v\11_System_Intelligence\confidence_calibrator.py,ConfidenceCalibrator
E:\football_v\11_System_Intelligence\confidence_engine.py,ConfidenceEngine
E:\football_v\11_System_Intelligence\confidence_tracker.py,ConfidenceTracker
E:\football_v\11_System_Intelligence\decision_api.py,DecisionAPI
E:\football_v\11_System_Intelligence\decision_context.py,DecisionContext
E:\football_v\11_System_Intelligence\decision_fusion.py,DecisionFusion
E:\football_v\11_System_Intelligence\decision_memory.py,DecisionMemory
E:\football_v\11_System_Intelligence\decision_reasoner.py,DecisionReasoner
E:\football_v\11_System_Intelligence\dixon_coles_model.py,DixonColesModel
E:\football_v\11_System_Intelligence\dixon_coles_trainer.py,DixonColesTrainer
E:\football_v\11_System_Intelligence\dynamic_weight_engine.py,DynamicWeightEngine
E:\football_v\11_System_Intelligence\elo_engine.py,EloEngine
E:\football_v\11_System_Intelligence\elo_trainer.py,EloTrainer
E:\football_v\11_System_Intelligence\error_analysis_engine.py,ErrorAnalysisEngine
E:\football_v\11_System_Intelligence\evolution_engine.py,EvolutionEngine
E:\football_v\11_System_Intelligence\evolution_memory.py,EvolutionMemory
E:\football_v\11_System_Intelligence\fatigue_engine.py,FatigueEngine
E:\football_v\11_System_Intelligence\feature_engineering.py,FeatureEngineering
E:\football_v\11_System_Intelligence\feedback_memory.py,FeedbackMemory
E:\football_v\11_System_Intelligence\football_ai_report.py,FootballAIReport
E:\football_v\11_System_Intelligence\football_ai_runtime.py,FootballAIRuntime
E:\football_v\11_System_Intelligence\form_analysis_engine.py,FormAnalysisEngine
E:\football_v\11_System_Intelligence\handicap_trap_detector.py,HandicapTrapDetector
E:\football_v\11_System_Intelligence\historical_match_loader.py,HistoricalMatchLoader
E:\football_v\11_System_Intelligence\home_away_engine.py,HomeAwayEngine
E:\football_v\11_System_Intelligence\injury_engine.py,InjuryEngine
E:\football_v\11_System_Intelligence\intelligence_feedback_loop.py,IntelligenceFeedbackLoop
E:\football_v\11_System_Intelligence\intelligence_fusion_engine.py,IntelligenceFusionEngine
E:\football_v\11_System_Intelligence\intelligence_memory.py,IntelligenceMemory
E:\football_v\11_System_Intelligence\intelligence_report.py,IntelligenceReport
E:\football_v\11_System_Intelligence\intelligence_router.py,IntelligenceRouter
E:\football_v\11_System_Intelligence\intelligence_scheduler.py,IntelligenceScheduler
E:\football_v\11_System_Intelligence\intelligence_weight_manager.py,IntelligenceWeightManager
E:\football_v\11_System_Intelligence\knowledge_embedding.py,KnowledgeEmbedding
E:\football_v\11_System_Intelligence\knowledge_engine.py,KnowledgeEngine
E:\football_v\11_System_Intelligence\knowledge_graph.py,KnowledgeGraph
E:\football_v\11_System_Intelligence\knowledge_memory_bridge.py,KnowledgeMemoryBridge
E:\football_v\11_System_Intelligence\knowledge_node.py,KnowledgeNode
E:\football_v\11_System_Intelligence\knowledge_optimizer.py,KnowledgeOptimizer
E:\football_v\11_System_Intelligence\knowledge_profile.py,KnowledgeProfile
E:\football_v\11_System_Intelligence\knowledge_query_engine.py,KnowledgeQueryEngine
E:\football_v\11_System_Intelligence\knowledge_reasoner.py,KnowledgeReasoner
E:\football_v\11_System_Intelligence\knowledge_relation.py,KnowledgeRelation
E:\football_v\11_System_Intelligence\knowledge_relation_engine.py,KnowledgeRelationEngine
E:\football_v\11_System_Intelligence\knowledge_update_engine.py,KnowledgeUpdateEngine
E:\football_v\11_System_Intelligence\learning_memory.py,LearningMemory
E:\football_v\11_System_Intelligence\learning_scheduler.py,LearningScheduler
E:\football_v\11_System_Intelligence\les_advanced.py,LESAdvanced
E:\football_v\11_System_Intelligence\les_engine.py,LESEngine
E:\football_v\11_System_Intelligence\lineup_engine.py,LineupEngine
E:\football_v\11_System_Intelligence\market_agent.py,MarketAgent
E:\football_v\11_System_Intelligence\market_engine.py,MarketEngine
E:\football_v\11_System_Intelligence\match_feature_store.py,MatchFeatureStore
E:\football_v\11_System_Intelligence\match_prediction_engine.py,MatchPredictionEngine
E:\football_v\11_System_Intelligence\match_simulator.py,MatchSimulator
E:\football_v\11_System_Intelligence\memory_adapter.py,MemoryAdapter
E:\football_v\11_System_Intelligence\model_accuracy_memory.py,ModelAccuracyMemory
E:\football_v\11_System_Intelligence\model_adjustment_engine.py,ModelAdjustmentEngine
E:\football_v\11_System_Intelligence\model_conflict_detector.py,ModelConflictDetector
E:\football_v\11_System_Intelligence\model_fusion_core.py,ModelFusionCore
E:\football_v\11_System_Intelligence\model_observer.py,ModelObserver
E:\football_v\11_System_Intelligence\model_optimizer.py,ModelOptimizer
E:\football_v\11_System_Intelligence\model_weight_optimizer.py,ModelWeightOptimizer
E:\football_v\11_System_Intelligence\monte_carlo_engine.py,MonteCarloEngine
E:\football_v\11_System_Intelligence\odds_movement.py,OddsMovement
E:\football_v\11_System_Intelligence\parlay_strategy.py,ParlayStrategy
E:\football_v\11_System_Intelligence\performance_tracker.py,PerformanceTracker
E:\football_v\11_System_Intelligence\poisson_model.py,PoissonModel
E:\football_v\11_System_Intelligence\poisson_trainer.py,PoissonTrainer
E:\football_v\11_System_Intelligence\prediction_agent.py,PredictionAgent
E:\football_v\11_System_Intelligence\prediction_evaluator.py,PredictionEvaluator
E:\football_v\11_System_Intelligence\prediction_report.py,PredictionReport
E:\football_v\11_System_Intelligence\prediction_report_generator.py,PredictionReportGenerator
E:\football_v\11_System_Intelligence\probability_fusion_engine.py,ProbabilityFusionEngine
E:\football_v\11_System_Intelligence\probability_memory.py,ProbabilityMemory
E:\football_v\11_System_Intelligence\profit_tracker.py,ProfitTracker
E:\football_v\11_System_Intelligence\reasoning_agent.py,ReasoningAgent
E:\football_v\11_System_Intelligence\reasoning_context.py,ReasoningContext
E:\football_v\11_System_Intelligence\reasoning_engine.py,ReasoningEngine
E:\football_v\11_System_Intelligence\reasoning_memory.py,ReasoningMemory
E:\football_v\11_System_Intelligence\reasoning_rules.py,ReasoningRules
E:\football_v\11_System_Intelligence\result_collector.py,ResultCollector
E:\football_v\11_System_Intelligence\risk_agent.py,RiskAgent
E:\football_v\11_System_Intelligence\risk_detector.py,RiskDetector
E:\football_v\11_System_Intelligence\risk_engine.py,RiskEngine
E:\football_v\11_System_Intelligence\risk_memory.py,RiskMemory
E:\football_v\11_System_Intelligence\risk_report.py,RiskReport
E:\football_v\11_System_Intelligence\rule_optimizer.py,RuleOptimizer
E:\football_v\11_System_Intelligence\score_distribution_engine.py,ScoreDistributionEngine
E:\football_v\11_System_Intelligence\score_prediction_engine.py,ScorePredictionEngine
E:\football_v\11_System_Intelligence\score_probability_table.py,ScoreProbabilityTable
E:\football_v\11_System_Intelligence\single_strategy.py,SingleStrategy
E:\football_v\11_System_Intelligence\sp_probability_engine.py,SPProbabilityEngine
E:\football_v\11_System_Intelligence\strategy_agent.py,StrategyAgent
E:\football_v\11_System_Intelligence\strategy_mutator.py,StrategyMutator
E:\football_v\11_System_Intelligence\system_analyzer.py,SystemAnalyzer
E:\football_v\11_System_Intelligence\system_brain.py,SystemBrain
E:\football_v\11_System_Intelligence\system_exporter.py,SystemExporter
E:\football_v\11_System_Intelligence\team_feature_builder.py,TeamFeatureBuilder
E:\football_v\11_System_Intelligence\team_strength_engine.py,TeamStrengthEngine
E:\football_v\11_System_Intelligence\true_probability_calculator.py,TrueProbabilityCalculator
E:\football_v\11_System_Intelligence\value_detector.py,ValueDetector
E:\football_v\11_System_Intelligence\weight_learning_engine.py,WeightLearningEngine
E:\football_v\11_System_Intelligence\xgboost_predictor.py,XGBoostPredictor
E:\football_v\11_System_Intelligence\xgboost_trainer.py,XGBoostTrainer
E:\football_v\12_AUTONOMOUS_LEARNING_ENGINE\error_analysis\error_analyzer.py,ErrorAnalyzer
E:\football_v\12_AUTONOMOUS_LEARNING_ENGINE\experience_database\experience_manager.py,ExperienceDatabase
E:\football_v\12_AUTONOMOUS_LEARNING_ENGINE\feature_optimizer\feature_optimizer.py,FeatureOptimizer
E:\football_v\12_AUTONOMOUS_LEARNING_ENGINE\feedback_collector\collector.py,FeedbackCollector
E:\football_v\12_AUTONOMOUS_LEARNING_ENGINE\improvement_engine\improvement.py,ImprovementEngine
E:\football_v\12_AUTONOMOUS_LEARNING_ENGINE\model_learning\learning_engine.py,ModelLearningEngine
E:\football_v\12_AUTONOMOUS_LEARNING_ENGINE\self_reflection\reflection_engine.py,SelfReflection
E:\football_v\12_AUTONOMOUS_LEARNING_ENGINE\weight_optimizer\optimizer.py,WeightOptimizer
E:\football_v\13_REPORT_INTELLIGENCE_LAYER\export_engine\exporter.py,ExportEngine
E:\football_v\13_REPORT_INTELLIGENCE_LAYER\market_report\market_report.py,MarketReport
E:\football_v\13_REPORT_INTELLIGENCE_LAYER\match_report_generator\match_report.py,MatchReportGenerator
E:\football_v\13_REPORT_INTELLIGENCE_LAYER\model_report\model_report.py,ModelReport
E:\football_v\13_REPORT_INTELLIGENCE_LAYER\post_match_report\post_match.py,PostMatchReport
E:\football_v\13_REPORT_INTELLIGENCE_LAYER\probability_report\probability_report.py,ProbabilityReport
E:\football_v\13_REPORT_INTELLIGENCE_LAYER\risk_report\risk_report.py,RiskReport
E:\football_v\13_REPORT_INTELLIGENCE_LAYER\visualization_engine\visualizer.py,VisualizationEngine
E:\football_v\14_SYSTEM_MONITORING_LAYER\alert_engine\alert_manager.py,AlertManager
E:\football_v\14_SYSTEM_MONITORING_LAYER\dashboard\system_dashboard.py,SystemDashboard
E:\football_v\14_SYSTEM_MONITORING_LAYER\database_monitor\database_checker.py,DatabaseChecker
E:\football_v\14_SYSTEM_MONITORING_LAYER\error_monitor\error_collector.py,ErrorCollector
E:\football_v\14_SYSTEM_MONITORING_LAYER\health_monitor\health_checker.py,HealthChecker
E:\football_v\14_SYSTEM_MONITORING_LAYER\model_monitor\model_checker.py,ModelChecker
E:\football_v\14_SYSTEM_MONITORING_LAYER\performance_monitor\performance_checker.py,PerformanceChecker
E:\football_v\14_SYSTEM_MONITORING_LAYER\resource_monitor\resource_checker.py,ResourceChecker
E:\football_v\15_API_INTEGRATION_LAYER\api_scheduler\scheduler.py,APIScheduler
E:\football_v\15_API_INTEGRATION_LAYER\data_sync_engine\sync_manager.py,SyncManager
E:\football_v\15_API_INTEGRATION_LAYER\football_data_api\football_data_client.py,FootballDataClient
E:\football_v\15_API_INTEGRATION_LAYER\injury_api\injury_client.py,InjuryClient
E:\football_v\15_API_INTEGRATION_LAYER\news_api\news_client.py,NewsClient
E:\football_v\15_API_INTEGRATION_LAYER\odds_api\odds_client.py,OddsClient
E:\football_v\15_API_INTEGRATION_LAYER\stats_api\stats_client.py,StatsClient
E:\football_v\15_API_INTEGRATION_LAYER\weather_api\weather_client.py,WeatherClient
E:\football_v\16_DATABASE_GOVERNANCE_LAYER\module.py,DatabaseGovernance
E:\football_v\17_MODEL_STORE_LAYER\module.py,ModelStore
E:\football_v\18_MODEL_EXECUTION_ENGINE\module.py,ExecutionEngine
E:\football_v\23_MODEL_TRAINING_ENGINE\backtest_connector\backtest_connector_V2.0.py,BacktestConnector
E:\football_v\23_MODEL_TRAINING_ENGINE\dataset_manager\dataset_manager_V2.0.py,DatasetManager
E:\football_v\23_MODEL_TRAINING_ENGINE\evaluation_engine\evaluation_engine_V2.0.py,EvaluationEngine
E:\football_v\23_MODEL_TRAINING_ENGINE\feature_loader\feature_loader_V2.0.py,FeatureLoader
E:\football_v\23_MODEL_TRAINING_ENGINE\model_trainer\model_trainer_V2.0.py,ModelTrainer
E:\football_v\23_MODEL_TRAINING_ENGINE\training_pipeline\training_pipeline_V2.0.py,TrainingPipeline
E:\football_v\24_PREDICTION_INTELLIGENCE_LAYER\market_intelligence\capital_flow_detector.py,CapitalFlowDetector
E:\football_v\24_PREDICTION_INTELLIGENCE_LAYER\market_intelligence\market_sentiment_engine.py,MarketSentimentEngine
E:\football_v\24_PREDICTION_INTELLIGENCE_LAYER\market_intelligence\odds_tracker.py,OddsTracker
E:\football_v\24_PREDICTION_INTELLIGENCE_LAYER\output_engine\prediction_report.py,PredictionReport
E:\football_v\24_PREDICTION_INTELLIGENCE_LAYER\output_engine\risk_filter.py,RiskFilter
E:\football_v\24_PREDICTION_INTELLIGENCE_LAYER\prediction_core\predictor.py,Predictor
E:\football_v\24_PREDICTION_INTELLIGENCE_LAYER\prediction_models\dixon_coles_predictor.py,DixonColesPredictor
E:\football_v\24_PREDICTION_INTELLIGENCE_LAYER\prediction_models\elo_predictor.py,EloPredictor
E:\football_v\24_PREDICTION_INTELLIGENCE_LAYER\prediction_models\poisson_predictor.py,PoissonPredictor
E:\football_v\24_PREDICTION_INTELLIGENCE_LAYER\prediction_models\xgboost_predictor.py,XGBoostPredictor
E:\football_v\24_PREDICTION_INTELLIGENCE_LAYER\prediction_pipeline\feature_pipeline.py,FeaturePipeline
E:\football_v\24_PREDICTION_INTELLIGENCE_LAYER\prediction_pipeline\prediction_pipeline.py,PredictionPipeline
E:\football_v\25_BACKTEST_ENGINE\backtest_pipeline\backtest_pipeline_V2.0.py,BacktestPipeline
E:\football_v\25_BACKTEST_ENGINE\data_split_engine\data_split_engine_V2.0.py,DataSplitEngine
E:\football_v\25_BACKTEST_ENGINE\historical_runner\historical_runner_V2.0.py,HistoricalRunner
E:\football_v\25_BACKTEST_ENGINE\kelly_analyzer\kelly_analyzer_V2.0.py,KellyAnalyzer
E:\football_v\25_BACKTEST_ENGINE\roi_calculator\roi_calculator_V2.0.py,ROICalculator
E:\football_v\26_AUTOMATION_LAYER\data_refresh\data_refresh_V2.0.py,DataRefresh
E:\football_v\26_AUTOMATION_LAYER\prediction_job\prediction_job_V2.0.py,PredictionJob
E:\football_v\26_AUTOMATION_LAYER\report_generator\report_generator_V2.0.py,ReportGenerator
E:\football_v\26_AUTOMATION_LAYER\scheduler\scheduler_V2.0.py,Scheduler
E:\football_v\27_MODEL_FUSION_ENGINE\confidence_engine.py,ConfidenceEngine
E:\football_v\27_MODEL_FUSION_ENGINE\fusion_engine_V2.1.py,FusionEngine
E:\football_v\27_MODEL_FUSION_ENGINE\model_weight_engine.py,ModelWeightEngine
E:\football_v\28_PROBABILITY_CALIBRATION_ENGINE\calibration_engine.py,CalibrationEngine
E:\football_v\28_PROBABILITY_CALIBRATION_ENGINE\odds_calibrator.py,OddsCalibrator
E:\football_v\29_DECISION_ENGINE\decision_engine.py,DecisionEngine
E:\football_v\29_DECISION_ENGINE\kelly_decision.py,KellyDecision
E:\football_v\30_MARKET_GAME_ENGINE\capital_flow.py,CapitalFlow
E:\football_v\30_MARKET_GAME_ENGINE\market_engine.py,MarketEngine
E:\football_v\31_SELF_LEARNING_ENGINE\feedback_engine.py,FeedbackEngine
E:\football_v\31_SELF_LEARNING_ENGINE\model_update_engine.py,ModelUpdate
E:\football_v\32_PRODUCTION_ORCHESTRATOR\pipeline_controller.py,PipelineController
E:\football_v\32_PRODUCTION_ORCHESTRATOR\production_runner.py,ProductionRunner
E:\football_v\37_MODEL_INTELLIGENCE_CONNECTOR\dixon_coles_loader.py,Engine
E:\football_v\99_DOCUMENTATION\architecture_cleanup\FINAL_CLEANUP_V3.0\DEPRECATED_ARCHIVE\capital_detector.py,Engine
E:\football_v\99_DOCUMENTATION\architecture_cleanup\FINAL_CLEANUP_V3.0\DEPRECATED_ARCHIVE\elo_loader.py,Engine
E:\football_v\99_DOCUMENTATION\architecture_cleanup\FINAL_CLEANUP_V3.0\DEPRECATED_ARCHIVE\formatter.py,FootballFormatter
E:\football_v\99_DOCUMENTATION\architecture_cleanup\FINAL_CLEANUP_V3.0\DEPRECATED_ARCHIVE\handicap_value.py,Engine
E:\football_v\99_DOCUMENTATION\architecture_cleanup\FINAL_CLEANUP_V3.0\DEPRECATED_ARCHIVE\market_sentiment.py,Engine
E:\football_v\99_DOCUMENTATION\architecture_cleanup\FINAL_CLEANUP_V3.0\DEPRECATED_ARCHIVE\match_predictor.py,Engine
E:\football_v\99_DOCUMENTATION\architecture_cleanup\FINAL_CLEANUP_V3.0\DEPRECATED_ARCHIVE\model_connector.py,Engine
E:\football_v\99_DOCUMENTATION\architecture_cleanup\FINAL_CLEANUP_V3.0\DEPRECATED_ARCHIVE\poisson_loader.py,Engine
E:\football_v\99_DOCUMENTATION\architecture_cleanup\FINAL_CLEANUP_V3.0\DEPRECATED_ARCHIVE\risk_detector.py,Engine
E:\football_v\99_DOCUMENTATION\architecture_cleanup\FINAL_CLEANUP_V3.0\DEPRECATED_ARCHIVE\score_predictor.py,Engine
E:\football_v\99_DOCUMENTATION\architecture_cleanup\FINAL_CLEANUP_V3.0\DEPRECATED_ARCHIVE\value_calculator.py,Engine
E:\football_v\99_DOCUMENTATION\architecture_cleanup\FINAL_CLEANUP_V3.0\DEPRECATED_ARCHIVE\xgboost_loader.py,Engine
E:\football_v\99_DOCUMENTATION\backup\Storage_Merge_V1.0\storage_manager.py,StorageManager
